epoch,data_loss,physics_loss,total_loss
0,0.1994850899904005,1.1705175121239937e-05,0.20065560792723008
1,0.10686260774250954,3.0448169542663185e-07,0.10689305610233737
2,0.0705195022446494,1.3766853818937775e-07,0.07053326923520334
3,0.06121295738604761,6.754406124015635e-08,0.06121971205838265
4,0.058968357140979456,2.666243650235027e-08,0.058971023367297266
5,0.05776245062870364,1.105631354212091e-08,0.0577635561987277
6,0.05733713014952598,8.007277292833695e-09,0.057337930726428184
7,0.057118375575350176,9.009307221399541e-09,0.057119276855261095
8,0.05712912015376553,1.0816900866056893e-08,0.05713020132914666
9,0.05702186471992923,1.260669581629629e-08,0.05702312518992732
10,0.056903264695598234,1.3513527014243121e-08,0.05690461601461134
11,0.05680608208621702,1.4559623098551261e-08,0.05680753795369979
12,0.056678931439115156,1.4788341791282002e-08,0.056680410499534296
13,0.05673943976721456,1.5438478653190793e-08,0.056740983599616636
14,0.056631663513760415,1.5938117721660664e-08,0.05663325757749619
15,0.05645983485925582,1.5629964075691122e-08,0.05646139767862136
16,0.05640558177425015,1.6167522460593332e-08,0.056407198670410344
17,0.05624148802411172,1.6475188353355875e-08,0.05624313520327691
18,0.05620903341520217,1.6229781876853804e-08,0.05621065656023641
19,0.056089725105031844,1.6410958384342173e-08,0.0560913662756643
20,0.05597024963748071,1.5583625057047357e-08,0.0559718077701907
21,0.05580236738727939,1.6086723093396372e-08,0.05580397587149374
22,0.055591786460530375,1.5895777683375224e-08,0.05559337619812258
23,0.0556249244799537,1.5759082497738525e-08,0.05562650063826192
24,0.055384588938566945,1.6163368793935395e-08,0.05538620499353255
25,0.05520342518725703,1.593965788034226e-08,0.05520501913082215
26,0.05507228235083242,1.560880061760834e-08,0.05507384288695551
27,0.05485217537610761,1.5814911158429368e-08,0.05485375682192464
28,0.05450376760094396,1.6305795710074504e-08,0.05450539795621749
29,0.054261941102243236,1.67666819209906e-08,0.05426361784338951
30,0.053857350782040625,1.7716092793490692e-08,0.053859122217662876
31,0.052929527817233916,1.977362170776125e-08,0.05293150522535847
32,0.05149137192676144,2.392564936135313e-08,0.05149376440432764
33,0.049751128761037704,2.9244114226996992e-08,0.049754053113921996
34,0.047727227210998535,3.6664180279624437e-08,0.04773089361767615
35,0.04537057924655176,5.0860281262540384e-08,0.045375665349345055
36,0.04227690903409835,6.884221834884702e-08,0.04228379325039925
37,0.038857079802020904,8.506630170161095e-08,0.038865586442332116
38,0.035060846096565644,9.683824850247719e-08,0.035070529988696496
39,0.031019232085635586,1.1974254087201718e-07,0.031031206310276064
40,0.02712698370939301,1.8222765851122302e-07,0.02714520656774121
41,0.023961512612239007,2.7969517649610007e-07,0.023989482031714533
42,0.021777413364860318,3.553239517098137e-07,0.021812945724494995
43,0.020478136777397123,4.169890594825589e-07,0.020519835694182302
44,0.01964166417958275,4.4900987965716454e-07,0.019686565103550113
45,0.019137008235819878,4.605847042541662e-07,0.019183066763704824
46,0.01877315528690815,4.565981139274945e-07,0.01881881514864583
47,0.01841403784290437,4.483264604004944e-07,0.018458870479897145
48,0.018179623470191034,4.352733933574787e-07,0.018223150843574155
49,0.0180288746111816,4.314454300921141e-07,0.01807201912085856
50,0.017872666008770466,4.1730932997369007e-07,0.0179143970712058
51,0.01776107761167711,4.0619078566622545e-07,0.017801696674958352
52,0.017562294469004678,3.9215765190009177e-07,0.01760151014933663
53,0.017493925357778228,3.87287575486264e-07,0.01753265422678763
54,0.017392075890975613,3.7924419779477417e-07,0.017430000247493867
55,0.017357511265623952,3.717610385842084e-07,0.0173946873495175
56,0.017234604745622602,3.6119533686565597e-07,0.017270724319161906
57,0.017161826062346657,3.5332652806397577e-07,0.01719715872839574
58,0.017081866221081828,3.513344064421906e-07,0.01711699976435592
59,0.017035042115997885,3.4075079904669694e-07,0.017069117256229924
60,0.017089027671083327,3.3231564459363714e-07,0.01712225921331875
61,0.01696046640075022,3.2243705420349276e-07,0.01699271011016061
62,0.016998193136626673,3.163426558125314e-07,0.01702982746064663
63,0.016847469002729463,3.080807289279619e-07,0.016878277243625735
64,0.016788666226690816,2.9951510782666446e-07,0.016818617470562458
65,0.016744947481539943,2.945193551978821e-07,0.0167743994463836
66,0.016772362974382216,2.869819086886456e-07,0.016801061048623053
67,0.016734490231160196,2.786290781753656e-07,0.016762353149392912
68,0.01667764800931177,2.747560866707992e-07,0.01670512385786541
69,0.016621700097476284,2.688790180899002e-07,0.016648587920973377
70,0.016579781568819476,2.6322920491346e-07,0.016606104680367054
71,0.01655929136059938,2.547637694210754e-07,0.01658476771967065
72,0.01653537043039837,2.4743368999591643e-07,0.016560113988816738
73,0.016675700283338948,2.4484605242216805e-07,0.01670018478386825
74,0.01650904548624831,2.375836450871629e-07,0.01653280376546806
75,0.016438329111664526,2.3204788135444687e-07,0.016461533944933646
76,0.016421901032088265,2.278531304279069e-07,0.016444686409686844
77,0.01633846747779077,2.2302894178078386e-07,0.016360770400253036
78,0.016329515244691603,2.184190821613048e-07,0.01635135698222345
79,0.016375365667045116,2.1333354214352913e-07,0.016396699082707206
80,0.016372148969000386,2.1013723853464456e-07,0.016393162790806062
81,0.01625110830871328,2.0444205422483074e-07,0.01627155261174325
82,0.016292344838861498,2.027636482228357e-07,0.01631262123344406
83,0.01622980021901669,1.9907169888160898e-07,0.01624970744934774
84,0.0162294338487329,1.9654437217527188e-07,0.01624908827004894
85,0.016198487171242313,1.9353230221264722e-07,0.016217840384812124
86,0.016169376551143585,1.9291135203964644e-07,0.016188667576399543
87,0.01613904469676556,1.9050742964516816e-07,0.01615809547083993
88,0.01618421681585812,1.8910286956402306e-07,0.01620312711043704
89,0.01608892304882888,1.8791343981936205e-07,0.01610771446458755
90,0.01605672031761177,1.8980968217962775e-07,0.016075701302578373
91,0.016031539067626,1.8665302823064262e-07,0.016050204394325134
92,0.01597990104628186,1.826773055405107e-07,0.01599816875832696
93,0.01597663549886596,1.8209922859935639e-07,0.01599484543886877
94,0.015986516380742673,1.8189261102326137e-07,0.016004705711478186
95,0.015951226074849407,1.814820374266351e-07,0.015969374187050328
96,0.015922144776390444,1.7792679742459798e-07,0.01593993736370917
97,0.01589429985371328,1.780425187066172e-07,0.015912104097585523
98,0.01588148638726242,1.7898533648745329e-07,0.015899384874970682
99,0.015864436634846272,1.7661771365847896e-07,0.01588209847649259
100,0.01583588958507584,1.7472813389700136e-07,0.015853362218026194
101,0.015798908928709644,1.7343099137457513e-07,0.015816252107822126
102,0.015828702058042248,1.7475917086211402e-07,0.015846177905557618
103,0.015767525791400862,1.7342719707636617e-07,0.015784868429745396
104,0.0157190365716815,1.715457395059803e-07,0.015736191112908623
105,0.015749336040068056,1.722509169564634e-07,0.015766560911170898
106,0.01568785829529647,1.7213533228201532e-07,0.015705071900400422
107,0.01566808556597079,1.747393627642997e-07,0.01568555949075568
108,0.015671060630871404,1.7473934351088365e-07,0.01568853443548564
109,0.015646770115821593,1.7103158528140827e-07,0.015663873284093795
110,0.015593577867313739,1.7248487163288378e-07,0.015610826381992909
111,0.015606962685142793,1.6958746722329741e-07,0.01562392140828794
112,0.015609145164489746,1.6783381841290272e-07,0.01562592852860689
113,0.015538855666114439,1.667599114567096e-07,0.01555553165775153
114,0.015484262978838335,1.7014502873280435e-07,0.015501277461167305
115,0.015484889879101706,1.7121406182424482e-07,0.015502011283270774
116,0.015497859327062484,1.705082192140781e-07,0.015514910311227845
117,0.015459542042545734,1.6635728172786912e-07,0.015476177777013472
118,0.015494346889036318,1.7318124935539551e-07,0.015511664952481947
119,0.015402344656327078,1.6671538426474018e-07,0.015419016231692607
120,0.015429185793524789,1.667026132904979e-07,0.015445856077055778
121,0.015365652890214998,1.6671153037262436e-07,0.015382324014940569
122,0.015397381998838918,1.6682816527507737e-07,0.015414064870245995
123,0.015362073997816732,1.7006917073191992e-07,0.015379080789223794
124,0.015324888780953424,1.6876024053471478e-07,0.015341764766602747
125,0.015361111520999862,1.670123379521864e-07,0.015377812898687778
126,0.015349162381983573,1.6929529159193818e-07,0.015366091993787596
127,0.015256691573848647,1.6919695568621167e-07,0.015273611241530987
128,0.015231949908118094,1.743950475069904e-07,0.015249389464095715
129,0.015223335264430891,1.7172325233478924e-07,0.01524050762095759
130,0.0152329160801826,1.7396322226475957e-07,0.015250312344681832
131,0.015213089514403574,1.8125520238842703e-07,0.015231215124649386
132,0.015167583801573323,1.736604017863893e-07,0.01518494978306755
133,0.015131091578833519,1.6889686415036141e-07,0.015147981083681506
134,0.015114054504421449,1.7138242148737316e-07,0.015131192702439523
135,0.015134816088022725,1.7087063084883054e-07,0.015151903063299195
136,0.015113977625245047,1.7247022528423377e-07,0.015131224547663042
137,0.015109808094078494,1.790956076774819e-07,0.015127717727614988
138,0.015131012957182622,1.7351879153598166e-07,0.015148364968838231
139,0.01504207853107683,1.7454845001632368e-07,0.015059533348727611
140,0.014991186859626924,1.7927692718169584e-07,0.01500911448871897
141,0.015075114495571583,1.754168648044323e-07,0.015092656166563112
142,0.014991984161878786,1.742598839420621e-07,0.015009410198657744
143,0.014982592524780382,1.767316915895149e-07,0.01500026566246825
144,0.014904995809399312,1.7523946795453442e-07,0.014922519785261924
145,0.014884648844599724,1.7637888328364727e-07,0.014902286652115083
146,0.014900412560710985,1.7526692424267353e-07,0.014917939120242673
147,0.014888223170513106,1.7639666931436003e-07,0.014905862780588289
148,0.014911299541352256,1.8032595368177064e-07,0.0149293321094686
149,0.014908104293769407,1.7869387919187918e-07,0.014925973760264536
150,0.014862850969356875,1.829096122161988e-07,0.014881141994509005
151,0.014856993791557128,1.8011857788781438e-07,0.014875005720363509
152,0.01475952334341503,1.8004334058039074e-07,0.014777527611342168
153,0.014760379589373065,1.7942571987312534e-07,0.014778322209754297
154,0.014753788319085874,1.814527933212899e-07,0.014771933667361736
155,0.014799215049753267,1.8187229225150664e-07,0.014817402277502322
156,0.014674632479586908,1.8703533827089902e-07,0.014693335960468939
157,0.014690456190897573,1.832196339305923e-07,0.014708778129950646
158,0.014633154586678552,1.8955740283525946e-07,0.014652110305764982
159,0.01461884721873268,1.8709421200832543e-07,0.014637556618019458
160,0.014638261959677743,1.9193475964129902e-07,0.014657455346276682
161,0.014633840821202724,1.936987049035569e-07,0.014653210768536214
162,0.01470528080338432,1.9265356346779533e-07,0.014724546172205479
163,0.01460198637458586,1.9084529454968075e-07,0.014621070736358243
164,0.014599841748995165,2.0263528661475462e-07,0.014620105255275004
165,0.014682839804839703,1.948052560266895e-07,0.0147023203091756
166,0.014577665216019076,2.030939662466652e-07,0.014597974627489043
167,0.014498744790832843,1.9796056040289138e-07,0.014518540773180223
168,0.014502957252965819,1.9754912406985948e-07,0.014522712046821271
169,0.014534956204795068,2.0156288280025863e-07,0.014555112548893499
170,0.014496163645338627,2.0345786956274804e-07,0.014516509378389005
171,0.014443017392148894,2.0609890877802817e-07,0.014463627290341162
172,0.014473966232711268,2.0485625892404407e-07,0.014494451784318494
173,0.014426720869396963,2.061494833763009e-07,0.014447335754671404
174,0.014424934712869505,2.135147140382199e-07,0.014446286304343131
175,0.014359021799698952,2.140980485372042e-07,0.014380431673940151
176,0.014316304436614436,2.1387581506543586e-07,0.01433769192907118
177,0.01436933881092456,2.145705039883098e-07,0.0143907958221051
178,0.014365176910594586,2.2301864120318866e-07,0.014387478841648947
179,0.014283872870427946,2.2027190806834223e-07,0.01430590009136546
180,0.014237347870103775,2.2913516543652686e-07,0.014260261319577694
181,0.014254801786474643,2.244207070501239e-07,0.014277243866555153
182,0.014281839522863589,2.2301269464811236e-07,0.014304140762936684
183,0.014229640244476257,2.2677096558988025e-07,0.014252317318272206
184,0.014207051015428959,2.3193721363573023e-07,0.014230244762955173
185,0.0141870106360124,2.33579327406856e-07,0.014210368626781048
186,0.014281156142392466,2.389564035675287e-07,0.014305051716585313
187,0.01425815292543942,2.4618902586788014e-07,0.014282771806803441
188,0.014206529264488527,2.439767588531404e-07,0.014230926911677084
189,0.014193380251526833,2.451895484924652e-07,0.01421789915090607
190,0.01413244420602437,2.42711484860035e-07,0.01415671537359876
191,0.014091869485714743,2.4900290895857324e-07,0.014116769776709618
192,0.014186279367535345,2.5170899996576356e-07,0.014211450372972795
193,0.014089715066215685,2.531208955984297e-07,0.014115027152001858
194,0.014057009781320249,2.559551923527139e-07,0.014082605229510416
195,0.014006982076792948,2.593913788565084e-07,0.014032921152970484
196,0.013987851719702444,2.6228025079387496e-07,0.014014079716176756
197,0.013994295240169572,2.6443363581972423e-07,0.014020738642542593
198,0.013984141480778494,2.677185408988554e-07,0.014010913309551055
199,0.01398632651375186,2.7666728756010404e-07,0.014013993283433298
200,0.013937772612177556,2.8069138537493045e-07,0.013965841683168565
201,0.013973773937792547,2.9535964395402136e-07,0.014003309931966567
202,0.013932760955104906,2.877096671872712e-07,0.013961531912847873
203,0.013914516556166833,2.961967219738243e-07,0.013944136249201914
204,0.013870693863399567,2.87703163658373e-07,0.013899464220289261
205,0.01382909994572401,2.9477314456016757e-07,0.0138585772064905
206,0.01387300141035549,2.9777939494857905e-07,0.013902779278014936
207,0.013781287256748445,3.0388092902226603e-07,0.01381167535099291
208,0.013795334515312025,3.091959298774694e-07,0.013826254244533277
209,0.013772316607496431,3.12884335214896e-07,0.013803605080371904
210,0.013738399461632776,3.309283305307256e-07,0.013771492356975232
211,0.013765941584302534,3.260205797658038e-07,0.013798543672648168
212,0.01382418036941559,3.253162421309929e-07,0.01385671203775752
213,0.0137280001635513,3.4071204375381526e-07,0.013762071458322386
214,0.013800374773000517,3.3193294077518074e-07,0.013833568040882387
215,0.013714768563307101,3.384488707069977e-07,0.013748613456564565
216,0.01366019684581026,3.413543386305983e-07,0.01369433228166834
217,0.01365452995824237,3.4462118217180107e-07,0.013688992108068159
218,0.013695525155673105,3.539378350260156e-07,0.013730918928500145
219,0.013677198319665847,3.6104102715369426e-07,0.013713302421233347
220,0.01365641534568802,3.6026693255881847e-07,0.013692442057353834
221,0.013598715465876364,3.672397139648491e-07,0.013635439377638602
222,0.01373499169224693,3.714749914985488e-07,0.013772139175524634
223,0.013558158981463602,3.752315429268962e-07,0.01359568205812285
224,0.013551413382012998,3.78307104696315e-07,0.013589244155633834
225,0.013489042168423053,3.8340944607009607e-07,0.013527383096516132
226,0.01349854165868413,3.8731438540972086e-07,0.013537273141405275
227,0.013511045895997555,4.0656860186748914e-07,0.013551702662821739
228,0.013488905534388558,4.063300364563357e-07,0.013529538507423094
229,0.013473729212437906,4.0646075064849416e-07,0.013514375284073813
230,0.013577254669320199,4.070861859506089e-07,0.013617963379909915
231,0.013548836382406374,4.1123888466597325e-07,0.013589960252565722
232,0.013397623304157488,4.176163889540828e-07,0.013439384889939138
233,0.01338528763623007,4.229595584738197e-07,0.013427583530785577
234,0.013375602932947298,4.239783566522566e-07,0.01341800076226073
235,0.013434398679002639,4.3368817893180323e-07,0.01347776751724943
236,0.013390847842299169,4.3756189014739875e-07,0.013434603960523683
237,0.013312029231700205,4.571751773138174e-07,0.01335774665518153
238,0.0133550493347068,4.474752302030538e-07,0.013399796830790659
239,0.013293308656542532,4.6527924360640513e-07,0.013339836601047747
240,0.01331897846032535,4.6528250568518425e-07,0.0133655067052572
241,0.01326804833426591,4.7479544803301845e-07,0.013315527910186399
242,0.013260249829580706,4.7216392138051885e-07,0.013307466231767208
243,0.013299073513236738,4.736989962434417e-07,0.013346443463477397
244,0.013295215103895433,4.771908031157621e-07,0.013342934270058908
245,0.013263090093049311,4.955670069575131e-07,0.01331264681873783
246,0.01322750503858251,4.939019009402874e-07,0.013276895297871481
247,0.01329957147038752,4.874069920714969e-07,0.013348312177244694
248,0.013365296586867302,5.07767516234209e-07,0.013416073465299222
249,0.013139067127579642,4.995431160912103e-07,0.013189021497964859
250,0.013124195378153555,5.097654963954541e-07,0.013175171980213734
251,0.01315339982149101,5.125719980931594e-07,0.013204657022030122
252,0.013083847930594798,5.185225276246426e-07,0.01313570024625909
253,0.01306861215421269,5.359165331150683e-07,0.013122203819934399
254,0.01312828310314686,5.244841957157347e-07,0.01318073158542956
255,0.013126039577107276,5.338862007970273e-07,0.013179428244550382
256,0.013128793528003077,5.481088285177389e-07,0.01318360438510295
257,0.013041129666230371,5.392910820994017e-07,0.013095058831236055
258,0.013058992373126169,5.444478822189394e-07,0.013113437100283561
259,0.013015300756500613,5.528989216570828e-07,0.013070590703958464
260,0.013038697352092113,5.601195284505651e-07,0.013094709284843938
261,0.0130110387540152,5.634523827871641e-07,0.013067384100248736
262,0.013016616685255882,5.690048442741705e-07,0.013073517159829217
263,0.01301562332458073,5.631399887768625e-07,0.013071937396401358
264,0.012960420681103584,5.732122346099429e-07,0.013017741963267326
265,0.012908352989583247,5.735910098146926e-07,0.012965712125503247
266,0.012906273856999413,5.726546969379987e-07,0.012963539379979334
267,0.012909309427824712,5.966679956996344e-07,0.012968976320999285
268,0.012877772051480508,5.820297701575328e-07,0.01293597502573844
269,0.01288858677951559,5.846766344480021e-07,0.01294705439959803
270,0.012877514135212667,5.919455214743427e-07,0.012936708727671255
271,0.012862001575769917,5.947235492033454e-07,0.01292147388261172
272,0.012856364580652407,6.155377626958896e-07,0.012917918333363148
273,0.012799160524962409,5.905795741191175e-07,0.012858218513429165
274,0.01279495527306872,5.963070097345002e-07,0.012854585934790873
275,0.012823175849212755,6.025305472048199e-07,0.01288342887475606
276,0.01285298955776999,6.392117685913212e-07,0.012916910732465406
277,0.012897243873486596,6.411912067960657e-07,0.012961362969250448
278,0.012746736407279968,6.131897297593476e-07,0.012808055376573917
279,0.012728449888527393,6.046072619189926e-07,0.012788910629047502
280,0.012754572976020074,6.09298723475149e-07,0.012815502922861807
281,0.012797362531625455,6.337174505871747e-07,0.012860734316129838
282,0.012675179739392573,6.177873116587673e-07,0.012736958511654408
283,0.012712848372757435,6.329873885548412e-07,0.012776147153589034
284,0.01267800344935348,6.105151029597407e-07,0.012739055038940522
285,0.012680283447186793,6.164088019079739e-07,0.012741924383707585
286,0.012614042618341984,6.163361477672058e-07,0.012675676224452833
287,0.012650800628527518,6.169634011418947e-07,0.012712496963720168
288,0.012613602613489474,6.183478336102017e-07,0.012675437475404432
289,0.012663318955850216,6.212437234177243e-07,0.01272544330887256
290,0.012607140646826836,6.143474587544564e-07,0.012668575280376019
291,0.012578736540050275,6.133700829254409e-07,0.01264007359502777
292,0.012558354966102107,6.15585789883851e-07,0.012619913525639041
293,0.012548506229875548,6.214051550599717e-07,0.0126106467158083
294,0.012598922235831138,6.165937722266057e-07,0.012660581588504775
295,0.012536582597080738,6.131444255545155e-07,0.012597897029932468
296,0.012597753395957331,6.182961152673318e-07,0.012659583000406142
297,0.012621636171975443,6.104973082191493e-07,0.012682685898917337
298,0.012503623752103697,6.062921246915897e-07,0.01256425288175383
299,0.012505427243248109,6.050768188141509e-07,0.012565934880366248
300,0.012524189818049631,6.120583311859528e-07,0.012585395646672095
301,0.012408065970145887,6.037065715293377e-07,0.01246843664276023
302,0.012433046414967506,6.064833211982454e-07,0.01249369474187974
303,0.012559419527890222,6.0384816848572e-07,0.012619804320556502
304,0.012490858924725363,6.065638774910645e-07,0.012551515273028804
305,0.012394512552888162,5.924349818175665e-07,0.012453755964675257
306,0.012411224595721691,5.920319528095499e-07,0.01247042790055275
307,0.012329525134015468,5.984161692052317e-07,0.012389366695236775
308,0.012410947572319739,5.928835259011624e-07,0.012470235927931724
309,0.012498471255023633,5.934477995182416e-07,0.012557816030758043
310,0.012334112198122086,5.856910235941599e-07,0.012392681272279832
311,0.012379922783903537,5.871750301462124e-07,0.012438640268819948
312,0.012331342474827844,5.816872885588964e-07,0.01238951120044916
313,0.012400634166213774,5.765183450347972e-07,0.012458286007806178
314,0.012291784758769696,5.801554244323099e-07,0.012349800326891484
315,0.0124251778207479,5.776748766507925e-07,0.0124829453566382
316,0.012396376640085251,5.723711527964277e-07,0.01245361371266265
317,0.012408188544213772,5.696473756929223e-07,0.012465153250002092
318,0.012288470452110614,5.600746954960121e-07,0.012344477818377556
319,0.012282655904850653,5.595231007118268e-07,0.012338608263000365
320,0.01230317065792699,5.590425977912204e-07,0.012359074917772123
321,0.012197390709432864,5.591926396626208e-07,0.012253309930524519
322,0.012178362707697576,5.53867536264959e-07,0.01223374936248987
323,0.012185724992905893,5.491660831026937e-07,0.012240641570139316
324,0.012207307402164705,5.474923029631158e-07,0.012262056641761334
325,0.012250263694553606,5.482897812902182e-07,0.012305092607294359
326,0.012139733850715621,5.379868346080325e-07,0.012193532570475531
327,0.012147176109494702,5.36886092057161e-07,0.012200864662806834
328,0.012236095424140654,5.378500555898133e-07,0.012289880444445917
329,0.012312236963020216,5.33210844137542e-07,0.012365558034470004
330,0.012079723149297698,5.249026760485586e-07,0.012132213360840274
331,0.012043984877246042,5.267368444785989e-07,0.012096658529293152
332,0.012008291158464647,5.200650792308044e-07,0.012060297653079033
333,0.012056447505470245,5.17087277139874e-07,0.0121081561871594
334,0.011981231400803212,5.133575429696183e-07,0.01203256722299322
335,0.012081467155967989,5.108228371623667e-07,0.012132549418076392
336,0.011980485171079636,5.070360606212841e-07,0.012031188745412135
337,0.011955208505593961,5.106751772135824e-07,0.012006276076839816
338,0.011980165457052569,5.028193782201866e-07,0.012030447292472086
339,0.011884110919650524,4.953625210096253e-07,0.011933647156242401
340,0.011836206330166708,4.904582789505742e-07,0.01188525221040172
341,0.011828904580925741,4.971943753624204e-07,0.011878624047723508
342,0.011854181066155434,4.993553778648117e-07,0.011904116659875839
343,0.011839902388953393,4.956430194441406e-07,0.011889466715435828
344,0.011778067196569136,4.925754157533624e-07,0.011827324757412556
345,0.01169513189984906,4.922648352314882e-07,0.011744358456663547
346,0.011681998539115153,4.879036568596465e-07,0.01173078884641009
347,0.01171301656793202,4.901719247270868e-07,0.0117620337574232
348,0.011739456515398717,4.97058876237955e-07,0.011789162432955157
349,0.011570704650254018,4.980626842567407e-07,0.011620510940349871
350,0.011647313773151367,5.083312507556383e-07,0.0116981468313644
351,0.011762478118461947,5.310675272730512e-07,0.011815584865548918
352,0.011574296641253656,5.12720544615912e-07,0.011625568712911299
353,0.01149600017214975,5.193450161392144e-07,0.011547934594413927
354,0.011438777670264244,5.183983421741892e-07,0.011490617578308429
355,0.011430446449066363,5.323252200043733e-07,0.01148367895474357
356,0.011432247837224314,5.448788726880593e-07,0.01148673573568944
357,0.011309619692544784,5.38656213540244e-07,0.011363485317316747
358,0.011403099062942689,5.497165611887472e-07,0.011458070678336004
359,0.011319030917459918,5.542802506580859e-07,0.011374458941000124
360,0.011210977370219847,5.532444773844843e-07,0.01126630186674095
361,0.01118723351147867,5.671972648117169e-07,0.011243953219344538
362,0.01121407594051092,5.771341362091217e-07,0.011271789339521238
363,0.011124607506057909,5.74357582741692e-07,0.011182043160642348
364,0.011127772170209115,5.785406459278508e-07,0.011185626289056193
365,0.011039017459317561,5.918267517347797e-07,0.011098200154881324
366,0.01110114022007873,6.002669560838248e-07,0.011161166934236404
367,0.011107167950080286,5.918173909072544e-07,0.011166349744364139
368,0.010987456076808514,6.163899794016963e-07,0.011049095000470839
369,0.010969318599710542,5.994899468884884e-07,0.011029267623539894
370,0.01093264804371903,6.12568352343876e-07,0.010993904884784453
371,0.010987523282247206,6.234036889861361e-07,0.011049863611978869
372,0.010956354919941194,6.096949945341264e-07,0.011017324402928352
373,0.010939081169424518,6.264198356304053e-07,0.011001723247670358
374,0.01085344155228907,6.181675977982635e-07,0.010915258328520482
375,0.010840605884309738,6.141655570636137e-07,0.010902022432175374
376,0.010871197367387434,6.273317966030933e-07,0.01093393050494694
377,0.01079164111926671,6.24436836460518e-07,0.010854084825804156
378,0.010735966475500215,6.240918335812063e-07,0.0107983757231024
379,0.010851481869336098,6.330298964301971e-07,0.010914784916225941
380,0.010959481069397542,6.607056350056213e-07,0.011025551676509841
381,0.010677689986844216,6.290586758305219e-07,0.010740595809634655
382,0.010719753501396026,6.288076974669821e-07,0.010782634238562277
383,0.010669591175692697,6.32795912415238e-07,0.010732870759262193
384,0.010691223696114556,6.488259747393679e-07,0.010756106326176275
385,0.01066446060975713,6.422943138497959e-07,0.010728689992139417
386,0.010600553975710946,6.365238340138955e-07,0.01066420635869426
387,0.010671117943861792,6.398695532997438e-07,0.010735104821862714
388,0.010529011878515444,6.286923530018201e-07,0.010591881109341499
389,0.010558970963522311,6.361784680701666e-07,0.010622588737357047
390,0.010543024437802454,6.392887987585123e-07,0.010606953303419774
391,0.010619118989955994,6.288046004174835e-07,0.010681999456738272
392,0.010581026634862345,6.311563666830837e-07,0.010644142275616046
393,0.010541017587867475,6.288846432858742e-07,0.010603906015955632
394,0.010481213009165179,6.295003840345852e-07,0.010544163024713915
395,0.010445921651778682,6.293527140006782e-07,0.010508856886336881
396,0.010363106195244097,6.199209770608333e-07,0.01042509833050351
397,0.01033900536957287,6.257270573798685e-07,0.010401578079308233
398,0.010327585792589572,6.206096314130147e-07,0.010389646725548853
399,0.010301915928721428,6.367416781652155e-07,0.010365590092635924
400,0.010316867080907668,6.327251331904629e-07,0.010380139604451196
401,0.010298508189378245,6.255027990905106e-07,0.01036105848728649
402,0.010262343792184707,6.359744680418273e-07,0.010325941197093456
403,0.01023456790754872,6.332502838660965e-07,0.01029789294566839
404,0.010302106188910623,6.401784184339292e-07,0.010366124010855151
405,0.010443116448098613,6.439206645741398e-07,0.010507508421376828
406,0.010257678376811167,6.363218051686295e-07,0.010321310511039149
407,0.010363027994190492,6.446061962056011e-07,0.010427488675040583
408,0.010233910513981696,6.482794344353146e-07,0.010298738406310159
409,0.01019567110004925,6.399788833644584e-07,0.010259669033750411
410,0.010195984114562311,6.452875617645575e-07,0.010260512781960348
411,0.010108517753260752,6.487004259636911e-07,0.01017338779544638
412,0.010149805776534541,6.532869105608223e-07,0.010215134480066838
413,0.01019796365571599,6.553842841904336e-07,0.01026350211712622
414,0.010099718918002421,6.565370155488293e-07,0.01016537259302793
415,0.01002766888949179,6.658689372788133e-07,0.01009425580982239
416,0.010035661529869802,6.631446944260049e-07,0.010101975903155343
417,0.010024247660992606,6.751333473637773e-07,0.01009176091681565
418,0.010046851130262498,6.779128860275265e-07,0.010114642400895395
419,0.010137220454071798,6.754289038033148e-07,0.010204763392046574
420,0.009938690420841017,6.814943899811507e-07,0.010006839890153177
421,0.009965467507079724,6.83762974154712e-07,0.010033843768460135
422,0.009881395245752028,6.90696237465853e-07,0.009950464861767908
423,0.00996268420450149,6.964574096503296e-07,0.01003232991863643
424,0.009900482010937506,6.964386311518601e-07,0.00997012589246996
425,0.009899508147951095,7.111343455606754e-07,0.009970621656506293
426,0.009911923098468011,7.141282792637808e-07,0.009983335877017628
427,0.009965309632881995,7.113098358639681e-07,0.010036440626267464
428,0.00980371525210719,7.09150746784402e-07,0.009874630298826003
429,0.00979029228009524,7.216039241411049e-07,0.00986245265530963
430,0.009828616985149922,7.176147025142376e-07,0.009900378393790415
431,0.009800328091988641,7.274961534119117e-07,0.009873077724008791
432,0.009723167836425765,7.303986517252914e-07,0.009796207650534568
433,0.009741446694299098,7.371907489898384e-07,0.009815165742991431
434,0.009711245345252176,7.407124133263301e-07,0.00978531664417636
435,0.009759393160141284,7.511978787255019e-07,0.009834512917985839
436,0.009779538568710127,7.589990621953245e-07,0.009855438474445574
437,0.009752254332265547,7.593828157833711e-07,0.009828192662567861
438,0.009762806667675894,7.619843318612003e-07,0.00983900501723251
439,0.009734208905889143,7.605994923206679e-07,0.009810268878936768
440,0.009610691678620154,7.726440938518686e-07,0.009687956062055404
441,0.00956588629032335,7.743952433854922e-07,0.009643325852530618
442,0.009667472343050664,7.887248898441612e-07,0.009746344850188302
443,0.009608134627342224,7.836959177380307e-07,0.009686504220289568
444,0.009637551292056037,7.904566649402465e-07,0.009716596905021899
445,0.009649691472370778,7.974728921380443e-07,0.00972943882187528
446,0.009563899448802394,7.955241237082631e-07,0.009643451911547491
447,0.009604505383439602,8.061902356589159e-07,0.009685124450873944
448,0.009468110188120795,8.124159175930535e-07,0.009549351739546946
449,0.009444296435122528,8.097110418431488e-07,0.009525267512447411
450,0.009474971511911961,8.190090408876835e-07,0.009556872499806265
451,0.009458189049074727,8.331327399725025e-07,0.009541502402674767
452,0.009549634471055,8.452508895530744e-07,0.009634159565452606
453,0.009409638332022775,8.414868210409974e-07,0.009493787021886918
454,0.00943472795188427,8.351619418399716e-07,0.0095182441084856
455,0.009439007739626592,8.573141999037151e-07,0.009524739167142299
456,0.009392898169256026,8.647302160346542e-07,0.0094793711999251
457,0.009404924067278062,8.696595709660604e-07,0.00949189002295175
458,0.009443421202201036,8.780232530713669e-07,0.00953122350056806
459,0.009419040724394782,8.76510317803261e-07,0.009506691727907426
460,0.009320966373648374,8.741671917373277e-07,0.009408383089448176
461,0.009353056039300657,8.841434519566857e-07,0.009441470426897849
462,0.009364042941841387,9.026169268068887e-07,0.009454304532658669
463,0.009366206043670255,8.95939321356221e-07,0.009455799936286865
464,0.009244084208002013,9.109792171652624e-07,0.009335182156533964
465,0.009255216246651064,9.183770764080222e-07,0.009347053965733897
466,0.009282889235163889,9.196035098431176e-07,0.009374849588399934
467,0.009226417950084132,9.237564221797173e-07,0.009318793583060465
468,0.009189114094741883,9.27475215825501e-07,0.00928186159580946
469,0.009153276982326661,9.342333940719161e-07,0.009246700248050113
470,0.009094459605553457,9.393209314024012e-07,0.009188391673829286
471,0.009356208656343722,9.660506652982158e-07,0.00945281374057935
472,0.009168579513507505,9.480902334754289e-07,0.009263388557179321
473,0.009090352983724686,9.76008036999584e-07,0.009187953802005898
474,0.009097772019524728,9.758843145479453e-07,0.00919536049027116
475,0.009035006781379062,9.793421492260324e-07,0.009132941013141986
476,0.009009691315793222,9.806853097049291e-07,0.009107759838262874
477,0.008974888662417089,9.88225743244144e-07,0.009073711210681547
478,0.009008164051920176,1.0067799577530335e-06,0.00910884206513724
479,0.009243610990984787,1.0271390461610047e-06,0.009346324890371292
480,0.009226740593270909,1.0447518511389188e-06,0.009331215803901996
481,0.009157658179080295,1.0295461467443778e-06,0.009260612810331007
482,0.008921670877645093,1.0246878130806914e-06,0.009024139643917161
483,0.008985919141841511,1.0402619416767735e-06,0.009089945304778314
484,0.008913730541544576,1.0397946392649535e-06,0.009017710033203325
485,0.009016192908729277,1.0656994596326013e-06,0.009122762919193315
486,0.008957309648394585,1.0658784228854206e-06,0.009063897579307518
487,0.008850349954539729,1.0496077625394982e-06,0.008955310669637496
488,0.009004876738594424,1.082080244017444e-06,0.009113084675083238
489,0.008951007734022794,1.090483547819355e-06,0.009060056053943211
490,0.008793278717465939,1.0873008554587994e-06,0.008902008840513806
491,0.008817346075609807,1.110642811439785e-06,0.00892841040847763
492,0.008783902056635387,1.1073350800606638e-06,0.00889463560475457
493,0.008746907460473238,1.1083153998286787e-06,0.008857738977718738
494,0.009044093470419607,1.1535448573985993e-06,0.009159447925706063
495,0.008691937437341098,1.122596582688622e-06,0.008804197107712108
496,0.008711914907419873,1.132346657443357e-06,0.008825149522313187
497,0.008885056396285373,1.1479232266391328e-06,0.008999848708270057
498,0.008662940814129768,1.1535096768233006e-06,0.00877829182953123
499,0.008900786599805277,1.1957829062134073e-06,0.00902036496347958
500,0.00864024709669813,1.1612371398798366e-06,0.008756370719281896
501,0.008748012474708019,1.2103570307156207e-06,0.008869048177955611
502,0.008721501656597661,1.1948675419702223e-06,0.008840988375126355
503,0.008688351680194177,1.1945558731719258e-06,0.008807807304565944
504,0.008596837610727357,1.191221830624507e-06,0.00871595973148942
505,0.00868165934638631,1.2234735359309145e-06,0.00880400666726693
506,0.008582285395072352,1.2214371406204712e-06,0.008704429116821098
507,0.008607693677467684,1.247427789049623e-06,0.008732436450138208
508,0.008611343455530943,1.234406531400436e-06,0.0087347841190715
509,0.008678205476533021,1.2822749575265804e-06,0.008806433002915113
510,0.008489978544774556,1.2538575828652791e-06,0.008615364320576191
511,0.008472493729524074,1.2687630091492e-06,0.008599370132170377
512,0.00848464799984809,1.2757854524498989e-06,0.00861222660469432
513,0.008577319102421883,1.3081060739838698e-06,0.008708129757113995
514,0.008527916044958176,1.3109754857601552e-06,0.008659013637131261
515,0.008506534711247491,1.3026376747450653e-06,0.008636798439246992
516,0.008471238246608165,1.326532282614461e-06,0.00860389141786483
517,0.0085065352820581,1.3302835668582702e-06,0.00863956365614168
518,0.008588158180035891,1.3498734116153849e-06,0.008723145531069848
519,0.008410082288807439,1.3477668201836246e-06,0.008544858995704882
520,0.00845337173931541,1.3627818552483785e-06,0.008589649828331124
521,0.008363056176852795,1.3752065430502802e-06,0.008500576875503025
522,0.00842782102465149,1.378741954325843e-06,0.008565695160218784
523,0.00840022234666732,1.3845089722141687e-06,0.008538673241292276
524,0.008276568275065191,1.3846023311118422e-06,0.008415028573043885
525,0.008297003460146727,1.402623546885978e-06,0.008437265837264637
526,0.008312237223670367,1.412767812413926e-06,0.008453514036392011
527,0.008248779396977155,1.4277541177145924e-06,0.008391554752785352
528,0.00823298679484475,1.4235368274556447e-06,0.008375340471825293
529,0.008213104590052558,1.4394290884968454e-06,0.008357047508921354
530,0.00830559138088457,1.4756152715504398e-06,0.008453152818425048
531,0.00821937489954214,1.4761011947660835e-06,0.008366985006197807
532,0.00829034876979647,1.4879989147366066e-06,0.008439148595977214
533,0.008532587829376421,1.5787227055390699e-06,0.008690460104375117
534,0.008295538369566202,1.5363399773876506e-06,0.008449172450890463
535,0.008139252136912077,1.5112744904399733e-06,0.008290379533484098
536,0.008176607079803944,1.5161481864960215e-06,0.008328221858509125
537,0.008118787645212105,1.5189283834432343e-06,0.008270680468769805
538,0.008110821457399477,1.527687840602847e-06,0.008263590234902597
539,0.008092810369787677,1.5410315324603992e-06,0.008246913492198913
540,0.008106234994146132,1.559796912935722e-06,0.008262214701502554
541,0.008163551229142373,1.598408813709196e-06,0.008323392169850488
542,0.008125423393662899,1.589440400141851e-06,0.008284367380603667
543,0.008285562252445568,1.6604175537013948e-06,0.008451604044004794
544,0.00809879401218026,1.6066268244685489e-06,0.008259456649783158
545,0.008074540074073499,1.6394372492399154e-06,0.008238483761106767
546,0.008295676295435237,1.7038164844873997e-06,0.00846605796006418
547,0.008036076181357907,1.626288533976373e-06,0.008198705051214464
548,0.007994380058540453,1.6489267959367417e-06,0.008159272778298586
549,0.007998430650801427,1.649142104138117e-06,0.00816334480600011
550,0.008122036203501685,1.683980595742234e-06,0.008290434181089363
551,0.00816369794249054,1.7231378266050372e-06,0.008336011680864518
552,0.00804179412643275,1.6994609803723213e-06,0.00821174023252341
553,0.008022395954016716,1.703306353309956e-06,0.008192726606202702
554,0.00797700103853018,1.7249167909070703e-06,0.00814949271960124
555,0.007917525607251352,1.7128925741593365e-06,0.008088814800665263
556,0.008041520903427754,1.7410067386897995e-06,0.00821562151935312
557,0.008065140881245174,1.7672621087542445e-06,0.008241867060743032
558,0.007912962847659665,1.7690417148368133e-06,0.0080898669698546
559,0.007876079319225203,1.7592331922118789e-06,0.008052002653599746
560,0.007867473327825147,1.7717559184083873e-06,0.008044649050721237
561,0.007887289138330568,1.774531395518176e-06,0.008064742290204572
562,0.007990291897928523,1.805246857921086e-06,0.008170816551653607
563,0.007797029305009111,1.8040180462306918e-06,0.007977431099261008
564,0.007873806111033886,1.8211833871499685e-06,0.008055924498025448
565,0.00785197161378399,1.8317777205318694e-06,0.008035149335140181
566,0.0078003621630130275,1.8236564756080043e-06,0.007982727921297473
567,0.007797358392347251,1.8525484451416677e-06,0.007982613218407477
568,0.007744865762370248,1.8573241321416477e-06,0.007930598176655269
569,0.007733730058516225,1.8654436314224561e-06,0.007920274480936988
570,0.00770680965375035,1.8685044551602914e-06,0.007893660045679539
571,0.007706535349209462,1.8815657415783086e-06,0.007894691906028217
572,0.007813084104488935,1.918339260174112e-06,0.00800491800351489
573,0.007708764379663813,1.9019751584158757e-06,0.007898962005011497
574,0.007711253970140411,1.9209900301575544e-06,0.007903352995673496
575,0.007677629199479857,1.9494840517513843e-06,0.00787257763647264
576,0.007741076105664815,1.951557259593345e-06,0.007936231852058441
577,0.007669287808840314,1.949561234112245e-06,0.007864243951776335
578,0.007721659877607899,1.9661660292425244e-06,0.007918276508609134
579,0.007653126207691046,1.993744615080481e-06,0.007852500665091699
580,0.007683853393480662,1.985746636027245e-06,0.007882428070109698
581,0.007986270447051334,2.0861854658681793e-06,0.008194888987007641
582,0.007715973657585921,2.033441455017554e-06,0.007919317772311548
583,0.007694443642732597,2.026823124417147e-06,0.007897125902555643
584,0.007651795888499868,2.0559407293178317e-06,0.007857390033501771
585,0.0076476644514308825,2.050923791513572e-06,0.00785275686892771
586,0.007568923831586877,2.0739417748465653e-06,0.007776318027848198
587,0.007673463648966243,2.095853302865092e-06,0.00788304896184033
588,0.007571923170959757,2.079196288803125e-06,0.007779842708259821
589,0.007601156455254362,2.1513876177895356e-06,0.007816295169534223
590,0.007546874213843576,2.1520725296443654e-06,0.0077620815155246565
591,0.007490082253371516,2.1054633429406337e-06,0.007700628601014614
592,0.0074998675545136775,2.1242155760832715e-06,0.007712289060075437
593,0.007513709080916258,2.1330486839771413e-06,0.0077270139158973775
594,0.00756238792992888,2.1601341696594084e-06,0.0077784013063196215
595,0.007683977740065706,2.189644305872207e-06,0.007902942222332763
596,0.007529046401501664,2.1610700213709457e-06,0.007745153375811154
597,0.007427714404559905,2.1501263906811214e-06,0.007642727014758895
598,0.007594678430787979,2.195041093405199e-06,0.007814182524359035
599,0.007465121276195972,2.1955986466632418e-06,0.007684681098908186
600,0.00757205621489594,2.296053289976572e-06,0.00780166155328193
601,0.0075706534778639195,2.2283860590182634e-06,0.007793492096806726
602,0.0074964406930150525,2.2393493758676e-06,0.007720375553734841
603,0.007463663140492093,2.209281825754818e-06,0.00768459134645039
604,0.007510718018297226,2.2531706037860263e-06,0.007736035096909731
605,0.007437597179124432,2.2467381548326115e-06,0.007662270969200519
606,0.007467325311154127,2.2850291580036882e-06,0.00769582818893175
607,0.007467373769970671,2.298269031774497e-06,0.0076972007180654235
608,0.007572388291479119,2.3330686608167e-06,0.007805695171437917
609,0.007489303832933787,2.2930684530541427e-06,0.007718610667413281
610,0.007438675830921819,2.300523163050398e-06,0.007668728174100961
611,0.007341526644003968,2.2610972791881068e-06,0.007567636398298125
612,0.007382597143371259,2.288297529899395e-06,0.007611426870308576
613,0.0073406916231878346,2.321170035018792e-06,0.007572808603365575
614,0.007288925439840363,2.2805982318400753e-06,0.007516985248413778
615,0.007302689426127941,2.326451126024157e-06,0.007535334496248153
616,0.007292213113678079,2.3332244484575517e-06,0.007525535585779336
617,0.007370873099012721,2.3503507251124604e-06,0.007605908168179374
618,0.007346109817585637,2.395544514353875e-06,0.007585664234694934
619,0.0072649642224273375,2.3511615103005522e-06,0.0075000803316793135
620,0.007310486623957273,2.376121946942857e-06,0.007548098767837209
621,0.007557746939240924,2.5049371508371665e-06,0.007808240611226328
622,0.0073227907170451455,2.407706922953836e-06,0.007563561471479554
623,0.007321996449102317,2.4176092885623335e-06,0.0075637573796895246
624,0.007264733614940797,2.449880148267238e-06,0.007509721623313042
625,0.0072287624822028225,2.4110690314809026e-06,0.007469869414044004
626,0.007289545069779119,2.4399705433743e-06,0.00753354212088931
627,0.007245554738948422,2.4360392231873477e-06,0.00748915865176147
628,0.007306239913187681,2.4764374449014506e-06,0.00755388364796677
629,0.007303715247901217,2.5032272714592942e-06,0.007554037992151514
630,0.007365500163887778,2.5000335954832884e-06,0.0076155035095589775
631,0.007305491159880354,2.5289906378959365e-06,0.007558390242798674
632,0.0072010600368582435,2.465968427420575e-06,0.0074476568749354734
633,0.0073086541416423935,2.5296367752044687e-06,0.007561617816287664
634,0.007172523937638729,2.4696556803035258e-06,0.007419489534391511
635,0.007158555811451328,2.488782793959892e-06,0.00740743410443106
636,0.00721260319433866,2.518285599205316e-06,0.007464431752000124
637,0.0071753975785067,2.542064206159745e-06,0.007429603952914476
638,0.007136577364778326,2.53486381728679e-06,0.007390063766750598
639,0.0071057781216598325,2.525199240534998e-06,0.007358298081183626
640,0.007185069543700065,2.5460912726679627e-06,0.007439678715121361
641,0.007176848999675243,2.601830198229084e-06,0.007437031986492295
642,0.00706520221466499,2.5423770429986162e-06,0.00731943990854967
643,0.007174113194548314,2.5728297347790605e-06,0.007431396148017337
644,0.007097861399092982,2.5668334142063677e-06,0.007354544685973275
645,0.007108339093505374,2.6090603583842524e-06,0.007369245147152293
646,0.007049003030143438,2.5733378195934254e-06,0.0073063368007781045
647,0.007164266245860246,2.605349451304421e-06,0.007424801197503844
648,0.007191192869457507,2.654678331553793e-06,0.007456660646224214
649,0.00710476475257066,2.719206591908944e-06,0.007376685408094237
650,0.007026718163322057,2.6188291602950137e-06,0.007288601069200424
651,0.0070422433857475555,2.610309894084968e-06,0.007303274356790127
652,0.007025341984004744,2.6440468665837658e-06,0.007289746641031196
653,0.007124579000857568,2.6777471659091045e-06,0.007392353693684263
654,0.006992910282626268,2.678958187443054e-06,0.007260806137515652
655,0.007005066220318118,2.6973905938399597e-06,0.007274805282753321
656,0.007058314498393766,2.6708785665710646e-06,0.007325402355843013
657,0.006993520343976636,2.6731776224844525e-06,0.007260838178016486
658,0.007062610734494463,2.7126373263473074e-06,0.007333874492154968
659,0.007005270059791303,2.7087101355596868e-06,0.007276141069709293
660,0.007027278879597303,2.709579905879969e-06,0.007298236863026696
661,0.006991307326262036,2.727734270944981e-06,0.007264080757815991
662,0.0069676844643489005,2.760705778963447e-06,0.007243755018158305
663,0.0069993281466585976,2.7419388398782524e-06,0.007273522055437488
664,0.006984121151148311,2.721690627309257e-06,0.0072562902294580015
665,0.007276909741302652,2.8564821795659937e-06,0.007562557986426738
666,0.007057351691107596,2.781390240934636e-06,0.007335490727376553
667,0.007237688578184574,2.8331970101604503e-06,0.007521008276530812
668,0.00699374268973066,2.7613295676400735e-06,0.007269875597088567
669,0.0070062496759478125,2.7648338287221003e-06,0.007282733061020413
670,0.007054730243380031,2.8043655660322627e-06,0.00733516673226991
671,0.006984939423179434,2.8099337493087307e-06,0.007265932782883605
672,0.0069154443730029365,2.801017613350151e-06,0.007195546156576564
673,0.007031232253798554,2.779136747771953e-06,0.0073091459700897815
674,0.007132345134572637,2.8468226343736e-06,0.007417027387888201
675,0.0069882375068001205,2.791458024559336e-06,0.007267383317793569
676,0.006961116086571447,2.7911761765520372e-06,0.007240233702525016
677,0.007006590555031453,2.8102644606523457e-06,0.007287616976687024
678,0.006898213313111375,2.797878419040635e-06,0.007178001120806702
679,0.0068648976664389336,2.7897797794608897e-06,0.007143875659112969
680,0.006966012785391462,2.822179552705136e-06,0.007248230744153261
681,0.00696701287562328,2.8427773046249997e-06,0.007251290634514824
682,0.006914375394943261,2.796942644342761e-06,0.00719406969484783
683,0.006885096956525118,2.808541019534929e-06,0.0071659510985257165
684,0.006924325600266457,2.831190100081468e-06,0.007207444613619197
685,0.006960223383841014,2.84260099467628e-06,0.0072444834626249725
686,0.006889090092191773,2.857497483707829e-06,0.007174839806412497
687,0.00687267061983866,2.8249582423849197e-06,0.007155166383111669
688,0.006858753295795572,2.835934075788358e-06,0.0071423466978294235
689,0.0068056766364362935,2.807143742287618e-06,0.00708639100494404
690,0.006810665145636567,2.816788522860377e-06,0.00709234400381965
691,0.006877601687465945,2.9306770410321112e-06,0.007170669388987364
692,0.006854946079153207,2.874513198079395e-06,0.007142397394824413
693,0.006854066114512182,2.8811620224235323e-06,0.0071421823494376676
694,0.006858913152809104,2.873882118775885e-06,0.007146301318801219
695,0.006858624067277678,2.8764319751879216e-06,0.007146267235399254
696,0.006804305684542464,2.857916533391671e-06,0.007090097398407037
697,0.007010978015680467,2.972766204097312e-06,0.007308254619279216
698,0.006790768295045822,2.89390454195053e-06,0.007080158759509364
699,0.006784515154938544,2.8623081239094326e-06,0.007070745987397048
700,0.0067611312223297935,2.8925950969536524e-06,0.007050390715800946
701,0.006854791464584489,2.910007835101081e-06,0.0071457922608862
702,0.0068719351604100195,2.917608937071148e-06,0.007163696006060608
703,0.0067586896850937795,2.882624189183961e-06,0.007046952077578153
704,0.006982134459840674,3.024309718614771e-06,0.0072845654532073005
705,0.00681903017985244,2.954138835775666e-06,0.007114444108259293
706,0.006742887589479646,2.876691247189639e-06,0.0070305566994413255
707,0.006794290707236336,2.930903901283126e-06,0.007087381136032843
708,0.006816905427483782,2.925395788664783e-06,0.007109445024041399
709,0.006712864153087139,2.9170411043225847e-06,0.007004568248146003
710,0.007004976828372286,3.025538526637848e-06,0.007307530711254766
711,0.006832367965891477,2.9262739644764224e-06,0.007124995377155081
712,0.006757975150380404,2.966884061782865e-06,0.007054663593730619
713,0.006733114891234905,2.902656418765189e-06,0.007023380543555944
714,0.006777046984362025,2.9141256530443396e-06,0.007068459515369708
715,0.006684191434854461,2.894562319324318e-06,0.006973647707772832
716,0.0068074599539320315,2.989753650786776e-06,0.007106435304928211
717,0.006711012743894131,2.927064315372263e-06,0.0070037191523419275
718,0.006736538117571223,3.0125131322546945e-06,0.007037789425662448
719,0.006696024729359535,2.910273202184227e-06,0.006987052023290626
720,0.0068822613346480556,3.025075527822933e-06,0.007184768921785777
721,0.006808856787580636,2.9699051904777487e-06,0.007105847324935659
722,0.006641123158436629,2.8737679478522738e-06,0.006928499953280534
723,0.006637640222306213,2.9292012171818867e-06,0.006930560354263552
724,0.0067479663768843295,2.9775989875610495e-06,0.007045726261792644
725,0.00681000350103263,2.988346515790439e-06,0.007108838102149386
726,0.006732194654403194,2.947568653384693e-06,0.007026951534733657
727,0.00662701464288177,2.9627416801480237e-06,0.0069232887978996
728,0.006698420526640069,2.9332068298836314e-06,0.006991741232453815
729,0.006700955406432191,2.910286536550097e-06,0.006991984037261817
730,0.006654344664345826,2.9589100009733586e-06,0.0069502356852735245
731,0.0066000658477987015,2.9739370831755937e-06,0.00689745954267921
732,0.006600828075240697,2.941743757894015e-06,0.006895002428322069
733,0.006712635152883107,2.9582062207707843e-06,0.007008455753807099
734,0.006707049035016567,2.9936407064533635e-06,0.007006413108038325
735,0.006645030627447751,2.959509145277421e-06,0.0069409815384255304
736,0.006722594566282726,3.0315325661391517e-06,0.007025747800305966
737,0.006901000190766588,3.1121617945656555e-06,0.007212216380022226
738,0.006593604106456041,2.9484749428511057e-06,0.006888451595460215
739,0.006631955744758729,2.948516405541018e-06,0.0069268074247144885
740,0.006678856368507108,2.9827353735585815e-06,0.006977129907857987
741,0.006722829229528865,2.975796911825103e-06,0.007020408918540324
742,0.006623970269556007,2.9580589339715397e-06,0.006919776179617451
743,0.006608707469797904,2.9743555094154867e-06,0.006906143029130275
744,0.006616448142355488,2.9812853089453944e-06,0.006914576650747369
745,0.006584190748511783,2.9805285653457113e-06,0.006882243624497806
746,0.006614389573974955,2.9906068228287508e-06,0.006913450261157366
747,0.006674881318523999,3.014578308671668e-06,0.006976339109842816
748,0.006555289660971011,2.9695557831503044e-06,0.006852245243686822
749,0.0068003710870060225,3.0387915514086582e-06,0.007104250271954844
750,0.006626013305879409,2.9603320179434844e-06,0.006922046488691722
751,0.0065356095681988425,2.9314050401984374e-06,0.006828750078115732
752,0.006554999719223668,2.9955209547258547e-06,0.006854551829277507
753,0.006701366329986242,3.04085878885798e-06,0.007005452223482632
754,0.006509916256031682,2.9712164838025686e-06,0.00680703789957108
755,0.0066317963984704785,2.994649519443497e-06,0.006931261354756932
756,0.0065475143191795196,2.9545141783713797e-06,0.0068429657107880034
757,0.006584127493683369,3.012740902000411e-06,0.006885401589135008
758,0.006613010104985968,3.0112165375377967e-06,0.006914131778983339
759,0.006514203088778642,2.9751727270782033e-06,0.006811720319092274
760,0.006526182000074656,3.0516692042452165e-06,0.006831348903717533
761,0.0067751965064915915,3.0499331108829563e-06,0.007080189883708954
762,0.006574344971487599,2.962164671771461e-06,0.006870561414548467
763,0.00655047676616138,2.95474923874398e-06,0.006845951696196871
764,0.006650695246794532,2.97359444571597e-06,0.0069480547230810884
765,0.006529812070150529,2.9423181918138007e-06,0.006824043909868886
766,0.006551560510190264,2.935879094014038e-06,0.00684514838541227
767,0.0065188793946177725,2.961902348561712e-06,0.006815069610433233
768,0.0065758804820718305,2.959701804126868e-06,0.006871850650397039
769,0.006541830697847951,2.9377713197449806e-06,0.006835607811808586
770,0.006566155236214399,2.9977402904947786e-06,0.006865929286446302
771,0.00654978844367208,2.997922519493694e-06,0.0068495806847368515
772,0.006457498642585931,2.9621922353286328e-06,0.006753717924678518
773,0.006471246315707122,2.9480912534411124e-06,0.006766055470272418
774,0.00663999427530554,3.0015803164837227e-06,0.006940152285800826
775,0.006476654731217892,3.0082363214352235e-06,0.006777478366970054
776,0.006513513294198821,2.9804841174594793e-06,0.006811561723870616
777,0.006435253597315281,2.939112178982243e-06,0.0067291648067053286
778,0.006466476126543937,2.9472713292981948e-06,0.006761203234594676
779,0.006636536590033962,2.978409765414507e-06,0.006934377560091596
780,0.006467150133703986,2.9267426623024927e-06,0.00675982442654429
781,0.006534770176175141,2.948803901217029e-06,0.0068296505769173945
782,0.006498777442761968,2.9583916916782336e-06,0.006794616610052124
783,0.006553001161063871,2.983341185045579e-06,0.006851335281446096
784,0.006461732660330111,2.9117945961197913e-06,0.006752912135374161
785,0.006487241150030206,3.007939818827811e-06,0.006788035118651967
786,0.0064233772516731295,2.932071956527051e-06,0.006716584471324759
787,0.006443181420646368,2.9271835471938116e-06,0.006735899816116979
788,0.006462103221565485,2.9366982846934865e-06,0.006755773038152725
789,0.006703707299405529,3.0121637982735975e-06,0.007004923727964202
790,0.0065434668663769,2.963783286289864e-06,0.006839845254416427
791,0.006405681882414126,2.8765058642978058e-06,0.006693332471073636
792,0.006392577422722694,2.886174504437217e-06,0.006681194844385309
793,0.006416324496028885,2.9453784581193992e-06,0.006710862350319663
794,0.006476160228973435,3.0246929972852213e-06,0.0067786295567789385
795,0.006469110372446237,2.93889051165259e-06,0.006762999455414472
796,0.006474794068884465,2.9151281729179075e-06,0.0067663068823035685
797,0.006406149932093198,2.9435047230025146e-06,0.006700500350205168
798,0.006420023934615235,2.928158026758953e-06,0.006712839743422885
799,0.0063680503367175975,2.8913512089216498e-06,0.006657185468582376
800,0.006471668039598773,2.9305002176589632e-06,0.006764718076033938
801,0.006352071890667561,2.9562004182216404e-06,0.0066476918967260466
802,0.006340658517494317,2.900896935252897e-06,0.006630748239976745
803,0.006393049558204028,2.8988535133624193e-06,0.006682934900445323
804,0.006390007618334024,2.9151009247500276e-06,0.006681517757956059
805,0.006584595287999799,2.974727742126091e-06,0.006882068055171159
806,0.006349650977720176,2.892757038353011e-06,0.006638926664187062
807,0.0064728957180294295,2.9554543318461643e-06,0.006768441233303278
808,0.006811011402357009,3.0388790389312613e-06,0.007114899284656971
809,0.006321249454612693,2.8872996960760043e-06,0.006609979416093518
810,0.006463263694557452,2.956909648057791e-06,0.006758954646366258
811,0.006374635883877354,2.922616966961575e-06,0.006666897540731776
812,0.0063691989879214,2.9121464972230306e-06,0.006660413642924639
813,0.0063579032467978615,2.842662018836915e-06,0.006642169394199887
814,0.0063922711377663,2.8607616528578576e-06,0.006678347325613422
815,0.006429480794336527,2.9045433488898844e-06,0.006719935114585584
816,0.006353927520854819,2.8519489132445266e-06,0.006639122377119718
817,0.006356140087929464,2.88779479125233e-06,0.006644919559720063
818,0.006346339840562113,2.862865416787944e-06,0.006632626357097779
819,0.0063343772274111546,2.885018507332725e-06,0.006622879089967859
820,0.006370787704063039,2.865937000434872e-06,0.006657381391813678
821,0.006543267533303269,2.987267341649708e-06,0.006841994236193357
822,0.006381164590317396,2.8424299069874612e-06,0.006665407544783046
823,0.0063000219543614695,2.8199031388090414e-06,0.006582012219775108
824,0.006337130307069709,2.862361101975811e-06,0.006623366366951696
825,0.006332711827370429,2.9142694705613747e-06,0.006624138838942012
826,0.006304170650940749,2.839953462934054e-06,0.006588165978750875
827,0.0063133445988980035,2.800665088802963e-06,0.00659341111238445
828,0.006508514300108918,2.9074698021201673e-06,0.006799261280966382
829,0.006300722429108235,2.8361057429133176e-06,0.006584332970481726
830,0.006498211153572605,2.936692629690139e-06,0.0067918804143705675
831,0.00630690737236892,2.77040340557916e-06,0.006583947703362473
832,0.006346465824472327,2.8126007985138717e-06,0.0066277259179661355
833,0.006302837988421801,2.7875030648447723e-06,0.006581588287747676
834,0.00638419329639404,2.8493126108280134e-06,0.0066691245583276595
835,0.006264597898529422,2.7645352210745314e-06,0.006541051376130312
836,0.006389871915622103,2.8047803322894447e-06,0.006670349983558539
837,0.006432356568233621,2.8186266336565644e-06,0.006714219212411872
838,0.006512928093152661,2.8880703754816015e-06,0.006801735144108534
839,0.00631337772093473,2.8224616427553794e-06,0.006595623904779073
840,0.006427961131257396,2.8409961325979243e-06,0.006712060752174546
841,0.006502335200146321,2.909011784375311e-06,0.006793236389996544
842,0.0062893366351002645,2.754607756346119e-06,0.006564797427985937
843,0.0063521825377979586,2.786010488688912e-06,0.006630783585170584
844,0.0063145051620179605,2.795164215469061e-06,0.006594021519225451
845,0.006292718252347362,2.740493396084921e-06,0.006566767580807209
846,0.00626653462888733,2.7355744379981902e-06,0.006540092068814462
847,0.006276801468864564,2.702463373885445e-06,0.0065470478317189605
848,0.006207344242401661,2.7228025872670603e-06,0.006479624523631026
849,0.006282959809346545,2.7334014351166137e-06,0.006556299935665822
850,0.006222915460145281,2.716807894983269e-06,0.006494596255041899
851,0.006205803249031305,2.7160122998236237e-06,0.00647740446091179
852,0.006169395175792517,2.6781949526916684e-06,0.006437214647209452
853,0.006236075724084531,2.7220343649640845e-06,0.006508279171201491
854,0.006327105325556571,2.7216976905624655e-06,0.006599275139911521
855,0.00626546326243589,2.757282521586955e-06,0.006541191525156459
856,0.0062830167101515875,2.7906439754588064e-06,0.006562081105526417
857,0.00623944565473545,2.8016101271444517e-06,0.006519606682441888
858,0.006206389801997331,2.692454289342183e-06,0.0064756352784893206
859,0.006195093084487223,2.6556028109142415e-06,0.006460653362615454
860,0.0062024328226764356,2.6674848164299377e-06,0.00646918133321789
861,0.006224594229171353,2.6630128676544934e-06,0.006490895479557014
862,0.006257032449807852,2.6813271424250543e-06,0.006525165206121821
863,0.006212214098101662,2.6720724910715477e-06,0.0064794213300751104
864,0.006179396063089371,2.671769607331953e-06,0.006446573012057812
865,0.006150598697845013,2.625949014879053e-06,0.0064131936148530055
866,0.00620846776291728,2.6845631245739624e-06,0.00647692407871927
867,0.006197976879775524,2.6644844667551356e-06,0.006464425339213302
868,0.006332685374805043,2.6910910961422844e-06,0.006601794517689174
869,0.0062499692393166405,2.643167458553498e-06,0.006514285961466451
870,0.0061230519185623816,2.6582226250719678e-06,0.006388874198760717
871,0.006139531821733521,2.6101807605065855e-06,0.006400549904473366
872,0.006236862391233444,2.641443951424369e-06,0.006501006788664287
873,0.006199141844145713,2.705774492032135e-06,0.006469719322218049
874,0.006171259728650893,2.6342347023127068e-06,0.006434683192280992
875,0.0062431455589830875,2.628794515746244e-06,0.006506025025080289
876,0.006143705844278297,2.5881599574331044e-06,0.006402521799769132
877,0.006245137718055517,2.585895572337904e-06,0.006503727302075394
878,0.006196723559931401,2.5964881344055268e-06,0.006456372358145252
879,0.006312807766540396,2.6381053430668544e-06,0.006576618329892235
880,0.006257682467900937,2.6311096198403375e-06,0.006520793397700594
881,0.006185275157012286,2.5736686116180217e-06,0.006442642019641015
882,0.006103780991848438,2.54859935833543e-06,0.006358640914362284
883,0.0060892432267146725,2.5338442810607376e-06,0.006342627648865023
884,0.006289289438075597,2.6165018733726972e-06,0.006550939618459632
885,0.006160392621231656,2.5559923547153894e-06,0.006415991863656429
886,0.00605124078931347,2.5414511993961152e-06,0.0063053859217513
887,0.006136946965970339,2.5641606806593406e-06,0.0063933630233570455
888,0.006076536216442624,2.5557595534102743e-06,0.006332112190824362
889,0.006274035035241996,2.630452949996388e-06,0.006537080336842806
890,0.006375938744073914,2.5987560107868406e-06,0.006635814334356015
891,0.0061253162641679085,2.464493733104093e-06,0.00637176563783038
892,0.006372544133374768,2.624720346214036e-06,0.00663501619090957
893,0.006312435267553214,2.5638285904044037e-06,0.006568818142817867
894,0.006062257223792614,2.448630773928486e-06,0.006307120284726543
895,0.006040237603649017,2.440600676509935e-06,0.006284297684267644
896,0.0060410997680118,2.471216541908366e-06,0.00628822143640249
897,0.006003667104748949,2.5275853438929074e-06,0.006256425633065162
898,0.006110816307726407,2.50397194958491e-06,0.006361213467654682
899,0.006128807026412218,2.5169301000372092e-06,0.006380500061617744
900,0.00603700143795821,2.4434877354172883e-06,0.006281350228574968
901,0.006083934823231351,2.4363166410752923e-06,0.006327566480444324
902,0.006102126977977252,2.462079618776296e-06,0.006348334943815585
903,0.006086876360519278,2.437439272926572e-06,0.006330620347251815
904,0.006166170696697889,2.467143443232823e-06,0.0064128850616755025
905,0.006015773426981703,2.484548876084098e-06,0.006264228358744613
906,0.006175171674018906,2.411210868646571e-06,0.006416292755954688
907,0.006278075382954652,2.4819750134127155e-06,0.00652627287913234
908,0.006365600117151776,2.567435727072617e-06,0.006622343699658109
909,0.00604273870046581,2.3590855415668264e-06,0.006278647275100793
910,0.006092417774902236,2.3794775789874914e-06,0.006330365555420998
911,0.006069176349668733,2.399235625254674e-06,0.0063090999610722065
912,0.006185020500373456,2.4151811284091016e-06,0.0064265386111313294
913,0.006047606543307343,2.3270810317861165e-06,0.006280314642935991
914,0.005972634324984205,2.3072743642255624e-06,0.006203361756859287
915,0.005983446769776845,2.3126482016866044e-06,0.006214711619841475
916,0.006017657147059517,2.320979517882675e-06,0.006249755110231138
917,0.0062630494245358055,2.5281335638283053e-06,0.006515862780713266
918,0.0060647479558904325,2.297692280110148e-06,0.006294517161985559
919,0.005953144822870532,2.306120831558327e-06,0.006183756905938348
920,0.006140135348804535,2.368458324546678e-06,0.0063769812094828775
921,0.006269284944620824,2.3973733248332732e-06,0.0065090222915093745
922,0.005983990151435137,2.3645801657919713e-06,0.006220448161325147
923,0.00593325165250609,2.2317836048328432e-06,0.006156429978868653
924,0.006034931904005427,2.2558925197259787e-06,0.006260521184172361
925,0.006012850200697299,2.2909040903722335e-06,0.006241940607827517
926,0.006033246961211966,2.2877609133560794e-06,0.00626202303195192
927,0.005953985822176741,2.210580917914828e-06,0.006175043902570202
928,0.005938019813789475,2.2520581047325735e-06,0.006163225599354313
929,0.0059664976302414175,2.27322726870273e-06,0.006193820387125015
930,0.005935002343669053,2.3233004970191563e-06,0.0061673323263324075
931,0.006004311099287963,2.246665490606721e-06,0.0062289776340607676
932,0.005997313306696953,2.257252485686613e-06,0.006223038544938449
933,0.006164659535692584,2.2709866184853917e-06,0.006391758174305001
934,0.005988186585807031,2.1864907320113778e-06,0.006206835695211926
935,0.006371394025101777,2.3370649768689724e-06,0.006605100457466418
936,0.005968471027670368,2.2645383010498216e-06,0.006194924845570518
937,0.005950260922432908,2.1621981945387352e-06,0.006166480736987245
938,0.006005174225015986,2.159076570346623e-06,0.006221081941358505
939,0.006053139530723134,2.1927624681167447e-06,0.006272415765711377
940,0.005931270338835255,2.151668871691424e-06,0.0061464372181123305
941,0.006016764879947708,2.1450113191320036e-06,0.006231265983754589
942,0.0060910860437058635,2.276200230851593e-06,0.006318706072746746
943,0.0059032610978089995,2.138250087843898e-06,0.006117086136533368
944,0.005999045266259101,2.1551572532893435e-06,0.006214560985925698
945,0.0060078238527620995,2.23196859532172e-06,0.006231020730469496
946,0.005897834821934661,2.2137037633236164e-06,0.006119205195817256
947,0.005942491048406209,2.147500932522e-06,0.00615724113078848
948,0.005912490985206058,2.142238207441903e-06,0.006126714810248344
949,0.005878855143823932,2.0674846485147304e-06,0.006085603603071744
950,0.005968246323567244,2.1546878256671215e-06,0.006183715101571814
951,0.005963288532990602,2.150402469998235e-06,0.006178328767418861
952,0.005913127619292467,2.0935514414539344e-06,0.006122482775319968
953,0.00591355009425071,2.2208804063167565e-06,0.006135638127283704
954,0.00590056054774792,2.091227741167982e-06,0.006109683293729059
955,0.005879252743456633,2.0666274937661175e-06,0.006085915506006249
956,0.005871295478315123,2.053741127383546e-06,0.006076669560805444
957,0.0059092158241377726,2.089278030237643e-06,0.00611814362327418
958,0.00591202255999369,2.0954967626054104e-06,0.006121572212225968
959,0.005848687893200305,2.104658304438823e-06,0.006059153726504695
960,0.005867262851567038,2.0802151245715645e-06,0.006075284383710354
961,0.006026216482202853,2.1162845879159925e-06,0.006237844996634991
962,0.005935789731841895,2.05788188806412e-06,0.006141577907387287
963,0.005937883375032294,2.1288358531760865e-06,0.006150766981825713
964,0.006016830808573192,2.084664269967752e-06,0.006225297272565865
965,0.005833646943492274,1.976689898788942e-06,0.006031315908917497
966,0.005991953229832072,2.0815907389753133e-06,0.00620011234235379
967,0.005915745597092375,2.0621595020260897e-06,0.006121961565147485
968,0.00586367451075104,2.037899464319766e-06,0.006067464443584604
969,0.005949125925619756,2.073997873800005e-06,0.006156525739859189
970,0.005921874450699937,2.060103567248828e-06,0.006127884806764703
971,0.005893431438673888,2.0040168186413564e-06,0.006093833084789014
972,0.005856226438716534,2.0567790487245564e-06,0.006061904342664826
973,0.0057926489220511525,1.9096877064927663e-06,0.005983617742575945
974,0.005845733918249607,1.975898814429632e-06,0.006043323811383978
975,0.005792805579521002,1.9548765705269854e-06,0.00598829326730582
976,0.005798163373143443,2.0210167708829694e-06,0.006000265088533202
977,0.005957561770393964,2.0682546421319844e-06,0.006164387289074159
978,0.005795832212653852,1.914955114737114e-06,0.00598732769609459
979,0.00575838548942439,1.9117276811049387e-06,0.005949558254571692
980,0.005795989711318285,1.9494738859477013e-06,0.005990937096817839
981,0.005810497794300318,1.942067866923847e-06,0.006004704568054407
982,0.005935528300582401,1.9623275105210094e-06,0.0061317610614482435
983,0.005922941460965141,1.9802073658807318e-06,0.0061209622109609264
984,0.005785614146941131,1.908574008226541e-06,0.005976471584290266
985,0.005799759990505634,1.9125432704787536e-06,0.005991014336506205
986,0.005753224355078513,1.908656255152657e-06,0.005944089949010841
987,0.005878205921861434,1.9668443032529586e-06,0.006074890329111968
988,0.0058600478054535,1.9573232396308617e-06,0.006055780100606142
989,0.005849111179310468,2.0153039156045248e-06,0.006050641528300701
990,0.006053148543522242,1.9531179561689046e-06,0.006248460316489781
991,0.00609648086491131,1.952419189189142e-06,0.006291722803707084
992,0.005733732494615739,1.9813686072490285e-06,0.0059318694045707105
993,0.005717470941524352,1.8324399536962325e-06,0.005900714952017992
994,0.00581554439099085,1.9466335376613817e-06,0.006010207723105146
995,0.0056967364864483954,1.8645562176384227e-06,0.005883192072712606
996,0.005767014373334185,1.9120457328690757e-06,0.005958218923619678
997,0.005839166351624073,1.9048830403511191e-06,0.00602965465476436
998,0.00588965539129511,1.92184474980745e-06,0.006081839813099754
999,0.005734339146123779,1.8323713455233261e-06,0.005917576276847432
1000,0.005698636324415284,1.8420789582441719e-06,0.005882844238752319
1001,0.00577036379986713,1.8411515963722898e-06,0.005954479002543996
1002,0.005756457291182971,1.7933171846145282e-06,0.005935789085924625
1003,0.0056689699000168235,1.8486235500947053e-06,0.00585383226373984
1004,0.005681586722212453,1.8343219329425108e-06,0.005865018949994157
1005,0.0057399441608257835,1.8761807921457089e-06,0.00592756224796176
1006,0.005704982927249324,1.8441648880100053e-06,0.0058893994127790774
1007,0.0056975781166505425,1.8222817670316398e-06,0.005879806264513923
1008,0.0059387290009087134,1.8814574163585465e-06,0.0061268747423685365
1009,0.005780593612261357,1.84683238829518e-06,0.005965276831580746
1010,0.005702271231360013,1.7864482515506097e-06,0.005880916100596228
1011,0.005824154993939784,1.8798065184455481e-06,0.0060121356209199275
1012,0.005753084581585661,1.8327313220593609e-06,0.0059363577184417555
1013,0.005760208237916231,1.783309401968924e-06,0.005938539146295478
1014,0.0057713173690342135,1.963462772613228e-06,0.005967663616062172
1015,0.005782424081717768,1.8150887017914248e-06,0.0059639329481269085
1016,0.0057534436214595076,1.7529350770928431e-06,0.005928737081346973
1017,0.005738370210653351,1.8941972990843726e-06,0.005927789986373917
1018,0.005801108710828328,1.7741608717774544e-06,0.0059785248050766605
1019,0.0056648084953908,1.7423215526392713e-06,0.005839040638097833
1020,0.005592781704880537,1.6936103623177793e-06,0.005762142700053031
1021,0.005614218091772449,1.6963793042680576e-06,0.005783856035240235
1022,0.0055823617524677705,1.7383988139749084e-06,0.005756201658157572
1023,0.005617297179396114,1.7281326908261924e-06,0.005790110437139388
1024,0.005620297540219561,1.7255964658327304e-06,0.005792857207838566
1025,0.005663716474608067,1.734725654592518e-06,0.005837189018606178
1026,0.005738771790938992,1.80363830652148e-06,0.005919135596242643
1027,0.005713167089608407,1.7437601018759925e-06,0.005887543106631887
1028,0.00564650138239226,1.7743140519556735e-06,0.005823932768356415
1029,0.005770315401135913,1.9527742221813947e-06,0.005965592805296183
1030,0.005790124151615366,1.8281284463873524e-06,0.005972937004820955
1031,0.005830156151205301,1.8670506205448727e-06,0.006016861211748854
1032,0.005600734974347776,1.6711018207065682e-06,0.005767845158134738
1033,0.005601748103095639,1.747018513337788e-06,0.005776449947828247
1034,0.0056223331109410335,1.6858063953540911e-06,0.005790913732902658
1035,0.005611995265128151,1.6936549348928009e-06,0.005781360766700198
1036,0.005816618566431345,1.796400375320856e-06,0.0059962586439665285
1037,0.005591758451755008,1.644560080832537e-06,0.005756214441310975
1038,0.005668555581641774,1.7193400077714261e-06,0.005840489595767951
1039,0.00565859881199656,1.6822437872530914e-06,0.0058268232180947255
1040,0.005604678389406012,1.6750749886517541e-06,0.0057721859174630335
1041,0.0058166809199798495,1.768373808332516e-06,0.00599351828737605
1042,0.005684868823136052,1.7695211432334373e-06,0.005861820923464913
1043,0.005533220967458141,1.6523208174593522e-06,0.00569845306416673
1044,0.005575772825508348,1.7352571258895971e-06,0.0057492984999572075
1045,0.005659713469926388,1.6586905222802964e-06,0.005825582471105361
1046,0.005636984933047525,1.7973564889607294e-06,0.005816720621359925
1047,0.005894392803912202,1.7854158980504331e-06,0.006072934386470626
1048,0.005609622856061305,1.6204805081454857e-06,0.005771670941143266
1049,0.005599820866219459,1.6678323962907832e-06,0.005766604110718735
1050,0.0056113670730302415,1.7011388550717159e-06,0.005781480967397651
1051,0.005514141006935988,1.6265872186376064e-06,0.0056767996941362656
1052,0.005566837461364846,1.6876793309957945e-06,0.005735605384313291
1053,0.005643917007311698,1.734145081583495e-06,0.005817331553947541
1054,0.005855199475322039,1.8178684696625082e-06,0.006036986296455707
1055,0.005552543672702966,1.6344103399997918e-06,0.005715984640823257
1056,0.005711262369708669,1.7778197836319563e-06,0.00588904433853684
1057,0.005535912474677447,1.6793245146301717e-06,0.005703844896127139
1058,0.005812778423029569,1.662421174196718e-06,0.005979020509027665
1059,0.005657235400811318,1.7123999984300275e-06,0.005828475399363426
1060,0.005569715638675036,1.6170818548010674e-06,0.005731423836081258
1061,0.005529381409888306,1.6338695463820195e-06,0.005692768361299268
1062,0.005472801535600616,1.6411219671534773e-06,0.0056369137619772264
1063,0.005500738824447317,1.5757770429005294e-06,0.005658316516107128
1064,0.005545778981139583,1.6390865913572563e-06,0.005709687653448313
1065,0.0054690656402418695,1.6157095519848817e-06,0.0056306365727176585
1066,0.005511730804198211,1.5643261452081084e-06,0.005668163479816529
1067,0.005507853693298755,1.5421792597642766e-06,0.005662071593706647
1068,0.005601456659215112,1.6116545625223924e-06,0.005762622150922975
1069,0.005537707268470718,1.6040518065922021e-06,0.0056981124554670625
1070,0.005538700133441917,1.6601769080044769e-06,0.005704717800742195
1071,0.005526102448423062,1.6622756147039435e-06,0.00569232999377193
1072,0.0055549665534448235,1.6615192194994081e-06,0.005721118481409165
1073,0.005434615687737542,1.5703419575724946e-06,0.005591649862547074
1074,0.005460154805933276,1.5338519996211905e-06,0.005613539998810138
1075,0.005599569889806932,1.6133604041838665e-06,0.005760905918695273
1076,0.005582630994819825,1.676520054711399e-06,0.005750282983025236
1077,0.005457898301462974,1.5325496875565507e-06,0.005611153274414039
1078,0.005579823883430612,1.6611254596359832e-06,0.005745936440484178
1079,0.005470677354042569,1.68057131084483e-06,0.005638734467567936
1080,0.0053908988803384765,1.554684976942935e-06,0.005546367441814753
1081,0.005908115451494532,1.7389541008308317e-06,0.006082010906069509
1082,0.005491317955837134,1.596276169655011e-06,0.0056509455786116665
1083,0.0053937463240037046,1.550966991940626e-06,0.005548843032410068
1084,0.005432928491744303,1.4924918992443464e-06,0.005582177681067298
1085,0.005397700914932835,1.549853275337814e-06,0.0055526862551848735
1086,0.005382599264022804,1.5215992649950016e-06,0.0055347591969034365
1087,0.005586068942061355,1.7600393969206057e-06,0.005762072880902598
1088,0.005484980440908863,1.5506738302593153e-06,0.005640047782611462
1089,0.005414668500663773,1.51284370252641e-06,0.00556595285513228
1090,0.005384155338810336,1.5248791852730305e-06,0.005536643277493215
1091,0.005544399557214591,1.7270073011522688e-06,0.005717100260118323
1092,0.005468733278253386,1.5422653353697013e-06,0.00562295981592709
1093,0.005560275647909411,1.5963341426076143e-06,0.005719909068918036
1094,0.0054755966299243515,1.5603253000189134e-06,0.005631629152283553
1095,0.00581803880331497,1.7545363525348346e-06,0.005993492420642606
1096,0.005571373272687197,1.7184978303468538e-06,0.005743223047184367
1097,0.005544501461929852,1.5498122893991568e-06,0.0056994826863369635
1098,0.005376695189625025,1.5663282987764932e-06,0.005533327994447562
1099,0.005527272144512784,1.8502681768950424e-06,0.005712298946755547
1100,0.005427074723786885,1.540961758080577e-06,0.005581170906342806
1101,0.005470328513653048,1.5541051190607944e-06,0.005625739032703061
1102,0.005548225490436438,1.5581157486526682e-06,0.0057040370490041474
1103,0.005365303251892328,1.458912507704583e-06,0.005511194512608552
1104,0.0056704869043202166,1.7669508195232933e-06,0.005847181974639816
1105,0.005540113069958264,1.6353466537933151e-06,0.005703647756167958
1106,0.005481503903865814,1.50492403170046e-06,0.005631996318697929
1107,0.005352333263163605,1.4655926949466624e-06,0.005498892537528469
1108,0.005377145138599219,1.4837959160133557e-06,0.005525524728000164
1109,0.005377896475575624,1.4971731308187666e-06,0.00552761378968435
1110,0.005544218700379133,1.659851635292486e-06,0.005710203876538623
1111,0.005345834464195275,1.5164376771926688e-06,0.0054974782040282605
1112,0.0053349081126432265,1.4555920452332959e-06,0.00548046728175494
1113,0.005346532159995648,1.4512497948031054e-06,0.005491657182574272
1114,0.0054001337848603725,1.490295755590318e-06,0.00554916336231174
1115,0.00555885837022816,1.8641174341199428e-06,0.005745270109224704
1116,0.005503845341022938,1.5485700113194687e-06,0.005658702293951665
1117,0.005460219427702888,1.4609999960802886e-06,0.005606319409825148
1118,0.005490369809370848,1.5625171125711565e-06,0.005646621492961722
1119,0.005377454773312615,1.5395569261595336e-06,0.005531410521437083
1120,0.0054622315200826815,1.5459244929344652e-06,0.005616823977400218
1121,0.00532610313366017,1.4770546312642945e-06,0.0054738085656877485
1122,0.005291655569547607,1.4379447821415998e-06,0.005435450017572411
1123,0.005317356858041978,1.4525532620727092e-06,0.005462612175653058
1124,0.005338891769849485,1.4470694087586091e-06,0.005483598703698766
1125,0.005316449164022361,1.4859374826506433e-06,0.005465042912551473
1126,0.005263267265212151,1.4455134760282817e-06,0.005407818638148808
1127,0.005494486570598618,1.628266886655183e-06,0.00565731325637429
1128,0.005305987302093736,1.4054290373209252e-06,0.005446530217605252
1129,0.005370923963886115,1.4494308934151757e-06,0.0055158670480933885
1130,0.005324461767750401,1.5163700555281285e-06,0.005476098763005388
1131,0.005291647653305723,1.4774177140181211e-06,0.005439389391892379
1132,0.005272791645820102,1.4002887309611505e-06,0.005412820531355758
1133,0.005309613827135294,1.412567470534639e-06,0.005450870556336257
1134,0.005345136858522892,1.5391759175585204e-06,0.0054990544374431335
1135,0.005353726431607238,1.485667120681272e-06,0.0055022931417390225
1136,0.005311997306923713,1.4490627791019506e-06,0.005456903588867957
1137,0.00530968043172071,1.4638151755676634e-06,0.005456061928623145
1138,0.005282786945181508,1.4780148192937391e-06,0.005430588423604926
1139,0.0053767848519548295,1.6238690543632988e-06,0.005539171758197969
1140,0.005276715097528311,1.503321425022272e-06,0.00542704721972827
1141,0.0052427755849015325,1.4351252018734098e-06,0.005386288112570201
1142,0.005299250369951609,1.4711469057440428e-06,0.0054463650730829085
1143,0.00545140947665899,1.5652736993292966e-06,0.0056079368617746135
1144,0.0055105909104308775,1.600717081923757e-06,0.0056706626388815145
1145,0.005347923135324832,1.4388916541417617e-06,0.005491812307868273
1146,0.005424363208153556,1.4751300597943614e-06,0.005571876246962816
1147,0.005402006794728579,1.5392650113661207e-06,0.005555933266277274
1148,0.0052835643591900025,1.558623888476793e-06,0.005439426749944687
1149,0.005260779387167384,1.5369116828233311e-06,0.005414470519510007
1150,0.0052673346513221345,1.4511944146438656e-06,0.005412454100986642
1151,0.005284625556199781,1.4325970853185995e-06,0.005427885229789441
1152,0.005582402655554395,1.6489852933157255e-06,0.005747301173546622
1153,0.005957237069284724,1.6259736397724707e-06,0.006119834409365731
1154,0.005367014737379166,1.4434603797546456e-06,0.005511360768709452
1155,0.005204541143029928,1.3958380122858216e-06,0.005344124886417581
1156,0.005287972954852927,1.3981129885935167e-06,0.005427784286439419
1157,0.0052374004266194756,1.3906738426920774e-06,0.005376467856788828
1158,0.005202629948936163,1.4624093277997154e-06,0.005348870921279153
1159,0.00537791000979562,1.5490452553070012e-06,0.005532814550303643
1160,0.005252591845008635,1.471936255462248e-06,0.005399785455196134
1161,0.0053942290645453235,1.5309970004020744e-06,0.005547328761989071
1162,0.005224238600461713,1.510478451534929e-06,0.005375286519166923
1163,0.00527961544632431,1.4746154728263425e-06,0.005427077007029326
1164,0.005368470604861936,1.6191459236882023e-06,0.005530385210389091
1165,0.005249141430061671,1.4710608154693486e-06,0.005396247480905825
1166,0.005228484590207377,1.4171316009988884e-06,0.005370197757597893
1167,0.005141084668256583,1.4373677260899117e-06,0.0052848214193457555
1168,0.0051515061979091935,1.3749031458862572e-06,0.005288996523426425
1169,0.005276939411076808,1.3825034117079697e-06,0.005415189770921584
1170,0.005158266413115686,1.4147785548395345e-06,0.005299744256321461
1171,0.005167520304601039,1.3766228463399814e-06,0.005305182594325273
1172,0.005160655045220929,1.3979695928179763e-06,0.005300451986371509
1173,0.005285999241976007,1.4029648971172133e-06,0.0054262957325385466
1174,0.005183027441342992,1.4527655080641008e-06,0.005328304014138637
1175,0.005197657061921012,1.4935371653688977e-06,0.005347010754649678
1176,0.005154558983180792,1.3699211209431299e-06,0.005291551081163268
1177,0.0052270415509420055,1.3696894088312664e-06,0.005364010516073435
1178,0.005260934542504049,1.4163365522695277e-06,0.005402568232027754
1179,0.005281027902158037,1.4732303050609077e-06,0.005428350906098081
1180,0.005312151801321776,1.4511562415376126e-06,0.005457267450589326
1181,0.00520658069440434,1.3680224187297543e-06,0.005343382922752249
1182,0.005150888595850237,1.4437898955528058e-06,0.00529526759900393
1183,0.005128454552182267,1.3876869520719347e-06,0.005267223238103812
1184,0.005261896358382317,1.436534548262106e-06,0.005405549801165058
1185,0.005198282159624561,1.3523105310248925e-06,0.0053335132618104256
1186,0.005153608748749379,1.444636440752337e-06,0.005298072382086708
1187,0.005243993424359829,1.4660908413310198e-06,0.005390602494439771
1188,0.005115556410483776,1.3669038759373154e-06,0.00525224678999474
1189,0.005385608577560033,1.4117269177316508e-06,0.005526781292451966
1190,0.0051967307414499024,1.4172828485008663e-06,0.005338459050342921
1191,0.0051487408908865145,1.3982075503712798e-06,0.0052885616258267435
1192,0.005221311138161729,1.4158326481969374e-06,0.005362894371031753
1193,0.005203830468798837,1.3482284254179478e-06,0.005338653261142392
1194,0.005163665049739422,1.403036923229886e-06,0.005303968750541249
1195,0.005179139515084605,1.4006391651374513e-06,0.005319203505472791
1196,0.00513749475020074,1.4397237647802198e-06,0.005281467125901292
1197,0.005198208840503808,1.4485485258598102e-06,0.005343063674386471
1198,0.00508287826913499,1.382938711274971e-06,0.0052211721607994645
1199,0.005189463466165527,1.4591210093649645e-06,0.00533537560653302
1200,0.00509400996229341,1.5207635420489579e-06,0.005246086301462304
1201,0.005146030006149123,1.4441231226761198e-06,0.005290442326616856
1202,0.005162380981229005,1.3838406549703288e-06,0.005300765045948567
1203,0.005480909735084542,1.5311818221943536e-06,0.0056340279237877934
1204,0.005397377745999444,1.4666229067335089e-06,0.005544040036658125
1205,0.0052050317847921,1.4649368502491158e-06,0.005351525461000781
1206,0.005079868835427107,1.3971944979622944e-06,0.0052195882965480125
1207,0.005093856173897943,1.346033561657673e-06,0.005228459519604521
1208,0.005096149330417956,1.4054638951722977e-06,0.005236695700835797
1209,0.005453549025039519,1.4640025571474502e-06,0.005599949268564101
1210,0.005281927785085094,1.5531216619027903e-06,0.005437239884368835
1211,0.005167655376417022,1.3520259435315364e-06,0.005302857968115037
1212,0.005340375607052157,1.3735156127011344e-06,0.005477727150484439
1213,0.005188992051708121,1.444501901548187e-06,0.005333442225932113
1214,0.005059986225058956,1.3844366930565992e-06,0.005198429909444625
1215,0.0051795072523095915,1.3964022583980208e-06,0.0053191474608836635
1216,0.005056668253194901,1.3160599535460219e-06,0.005188274257365734
1217,0.005122305494883368,1.3089330797165824e-06,0.005253198811964643
1218,0.0050732848204431994,1.2992984612801886e-06,0.005203214669299703
1219,0.005111287092609751,1.3877181572752306e-06,0.005250058902968322
1220,0.0052889371741442915,1.4079681925009466e-06,0.00542973396518538
1221,0.005160171553612717,1.3510462637103986e-06,0.005295276176184416
1222,0.005125316062701806,1.3892425694129704e-06,0.005264240271982646
1223,0.005074535857044881,1.3605136414738692e-06,0.005210587199056341
1224,0.005059175013053802,1.2921746863339063e-06,0.005188392490268715
1225,0.0051260160642766185,1.3595002773429093e-06,0.005261966147490086
1226,0.005163927502449482,1.2861553643468201e-06,0.005292543059875888
1227,0.005352143769062335,1.5757804168324876e-06,0.005509721791191447
1228,0.005267386955599631,1.3648621080069607e-06,0.005403873165168108
1229,0.0050686987928084785,1.3168064323244541e-06,0.005200379452998599
1230,0.005150960097389836,1.360001342911874e-06,0.005286960246702356
1231,0.00509835067655771,1.3621992248743248e-06,0.005234570617997839
1232,0.005132434649332877,1.3711389013429476e-06,0.00526954852525265
1233,0.005127697927697051,1.515023911686571e-06,0.005279200316797341
1234,0.00515487635388009,1.421119940635934e-06,0.005296988322609855
1235,0.005005291603024929,1.3205486802983234e-06,0.005137346459612731
1236,0.005010577970214428,1.2881884150638436e-06,0.00513939679630341
1237,0.005057372828765261,1.2562240257348974e-06,0.0051829952356075085
1238,0.005124354900251473,1.3564014235241978e-06,0.005259995078367572
1239,0.005025082538204808,1.2818985770800575e-06,0.005153272406107957
1240,0.005087026980735602,1.3436161064037737e-06,0.005221388618191404
1241,0.005069453719883195,1.304104498998523e-06,0.005199864176252196
1242,0.005184841762867666,1.3542747461953342e-06,0.00532026925394612
1243,0.005055541908668895,1.39251117234967e-06,0.005194792989641428
1244,0.0055061933554468616,1.516592658023705e-06,0.005657852657379643
1245,0.00549406438104568,1.5410400736424977e-06,0.005648168464822154
1246,0.005013158950473993,1.3259653263547432e-06,0.005145755506330921
1247,0.005308319919652516,1.497914574370483e-06,0.005458111394076578
1248,0.005108722034961947,1.3386619897456483e-06,0.005242588246361383
1249,0.005217673166865303,1.3846389749467622e-06,0.005356137084984972
1250,0.0049832572319334556,1.2309188392581775e-06,0.005106349130191149
1251,0.004997614380573073,1.2936229906347675e-06,0.005126976648405675
1252,0.005169958657314701,1.363231215310084e-06,0.0053062817802832975
1253,0.005345033031077155,1.3452119138756027e-06,0.005479554255162516
1254,0.005063945682899606,1.268163549455846e-06,0.00519076204528251
1255,0.004939682751653656,1.2292267096962596e-06,0.005062605404565411
1256,0.004999668337404728,1.26918383014732e-06,0.00512658673969488
1257,0.005212089497475854,1.455875341830946e-06,0.00535767704188343
1258,0.004990796889028241,1.3561177455255434e-06,0.005126408646784483
1259,0.005047190183353039,1.3166371526230867e-06,0.005178853884459504
1260,0.00509508514416314,1.4853159237029633e-06,0.005243616749442393
1261,0.004975234766701056,1.2119567695516444e-06,0.0050964304696648356
1262,0.004985300088000875,1.2540462920139449e-06,0.0051107047305953114
1263,0.005004311431079141,1.2519042412907678e-06,0.005129501869481417
1264,0.004961173981428146,1.201968519038224e-06,0.005081370863462648
1265,0.004995359408278619,1.2170483666024313e-06,0.005117064266796073
1266,0.005210005392831179,1.4329978534254723e-06,0.005353305158355544
1267,0.005204345700481246,1.3316591152503068e-06,0.005337511609879232
1268,0.0050615607760846615,1.4864280633593162e-06,0.005210203539219594
1269,0.00513085188163865,1.2997900725050356e-06,0.005260830850250298
1270,0.005035035837922365,1.2584494785891542e-06,0.005160880770774618
1271,0.004994663815464704,1.230214857353149e-06,0.005117685293718692
1272,0.0049894753272735305,1.3361248662594364e-06,0.005123087805846045
1273,0.004985902616153321,1.1910401370539235e-06,0.005105006643721173
1274,0.005057625036927,1.3517991529595513e-06,0.005192804976456588
1275,0.005043943322473957,1.3025206909890498e-06,0.005174195348855949
1276,0.004993032588953933,1.3150292870118245e-06,0.0051245355167456215
1277,0.005043139200537435,1.3214399190943485e-06,0.005175283238772423
1278,0.005039582629838298,1.2532013751033153e-06,0.005164902799973084
1279,0.005045253843549759,1.4377636716744746e-06,0.005189030250955013
1280,0.005009054957378295,1.215745423759208e-06,0.005130629505841962
1281,0.004961249854175314,1.182996408216798e-06,0.005079549511954669
1282,0.004986893085222091,1.1986533338365976e-06,0.005106758371356034
1283,0.0051266951486468315,1.3338318320811302e-06,0.005260078326588677
1284,0.004968791163616603,1.2445298015365785e-06,0.0050932441147104384
1285,0.004937508308719243,1.245167680046448e-06,0.005062025100473435
1286,0.005103128721877452,1.270121742891206e-06,0.005230140857278339
1287,0.0049734154355622106,1.2168701239774706e-06,0.005095102463758761
1288,0.0049687471811569505,1.1776585361369672e-06,0.005086513040887732
1289,0.005120836363564576,1.4636208150829676e-06,0.005267198467927594
1290,0.004973175214423287,1.2407737901207105e-06,0.005097252587156911
1291,0.004935160271763321,1.1872038443940372e-06,0.005053880654515759
1292,0.005113644855878045,1.243466759924852e-06,0.00523799151602772
1293,0.004979742360451529,1.357519196179994e-06,0.0051154942597232515
1294,0.004906482498852476,1.1829818452996176e-06,0.005024780639477314
1295,0.004959731993656005,1.237126525666099e-06,0.005083444663473676
1296,0.004976998308613416,1.2204457693916347e-06,0.005099042919614623
1297,0.004984931825029273,1.3788124548344997e-06,0.005122813080707865
1298,0.005078466218565741,1.2989390751822465e-06,0.005208360151417794
1299,0.005165743476320659,1.3659303242034624e-06,0.005302336502579912
1300,0.005302418579137133,1.328215243883014e-06,0.005435240109481158
1301,0.004949940879258418,1.2165906927323028e-06,0.005071599937735065
1302,0.005056125186984578,1.2439248188633018e-06,0.005180517647175058
1303,0.00496426394449607,1.2343332327286443e-06,0.005087697277626683
1304,0.004929652332418388,1.3015415612655135e-06,0.005059806494823386
1305,0.004890871699899435,1.145652783135677e-06,0.005005436994495892
1306,0.00509051903481445,1.2470153588735905e-06,0.00521522058895038
1307,0.004978166878103248,1.3544682228565498e-06,0.005113613686614459
1308,0.0048950968851004875,1.151133810781762e-06,0.0050102102480107736
1309,0.004922046145844844,1.1830615177689564e-06,0.00504035230786089
1310,0.004881117673170182,1.2715411340621124e-06,0.005008271820242366
1311,0.0048978493789271,1.1408370636995495e-06,0.005011933104645821
1312,0.005106048763639504,1.3019445774379194e-06,0.005236243183213857
1313,0.004888073691437321,1.1539821996613623e-06,0.005003471933906117
1314,0.004913080153205703,1.1850252085130176e-06,0.005031582659050342
1315,0.005009419525102261,1.327153141104528e-06,0.005142134824587453
1316,0.005023493807041837,1.5837520132047377e-06,0.005181869011252157
1317,0.005064997236214338,1.4284636776093036e-06,0.005207843597858182
1318,0.004968670166788563,1.3120529619329552e-06,0.005099875476932333
1319,0.0049250803046649505,1.1881154074627932e-06,0.00504389182934838
1320,0.004934533694458585,1.2084363832752475e-06,0.005055377334957162
1321,0.004968661244117444,1.2493089321475464e-06,0.005093592143948039
1322,0.004829605064925647,1.1356470248492476e-06,0.004943169788607667
1323,0.0050598929275668435,1.276415713941641e-06,0.005187534471793521
1324,0.004905874194997934,1.2003241672866881e-06,0.0050259066084700245
1325,0.004932228160361128,1.1577455512128982e-06,0.005048002717235396
1326,0.005113459582771024,1.3256068387495508e-06,0.005246020267687498
1327,0.004936775087469047,1.2509959494690843e-06,0.005061874661834971
1328,0.004959232143817409,1.1843215860050892e-06,0.005077664349828997
1329,0.004850667630953174,1.1844571557254136e-06,0.004969113311099429
1330,0.0048824633141198465,1.159476398477695e-06,0.00499841091673701
1331,0.004908991587017813,1.224513026030646e-06,0.005031442840493495
1332,0.004860050270273801,1.131905939414977e-06,0.00497324088768613
1333,0.004871219456676514,1.1936392657081605e-06,0.004990583390838677
1334,0.005158576776363676,1.3642549506144977e-06,0.0052950022847301536
1335,0.004840688862567467,1.2037295318218493e-06,0.0049610618171432325
1336,0.004832324346587542,1.124558773499889e-06,0.004944780210573827
1337,0.004979301153892471,1.2548239906649425e-06,0.005104783546900557
1338,0.0048624206214181835,1.212214567291789e-06,0.0049836420784554174
1339,0.004895226639364997,1.2232445413012042e-06,0.0050175510527145474
1340,0.004910633073098237,1.209863164090606e-06,0.0050316193711853795
1341,0.004898078484280455,1.1780363890114044e-06,0.0050158821527035
1342,0.005286849569529295,1.4127497178701414e-06,0.005428124549648454
1343,0.004842409428449408,1.2201802226099385e-06,0.004964427451693242
1344,0.004853466300353888,1.1553283471702373e-06,0.004968999118934716
1345,0.0048941197775063975,1.1781015737435684e-06,0.005011929935144801
1346,0.004889233037829399,1.1109545957585777e-06,0.005000328509918143
1347,0.00482363665416356,1.1041170402618703e-06,0.0049340483552265555
1348,0.004991968342613789,1.2534428276100492e-06,0.005117312599454195
1349,0.004800644102356126,1.2999985925020038e-06,0.004930643980661707
1350,0.004832996851614406,1.2538688195256268e-06,0.004958383754015931
1351,0.0047903137822305,1.1324652933258368e-06,0.004903560309039969
1352,0.004825501597576564,1.1204088371913156e-06,0.004937542452206535
1353,0.004899563102592383,1.2115473979182782e-06,0.005020717804830882
1354,0.004882987408388046,1.1601486580876817e-06,0.0049990022915505595
1355,0.004929070706449209,1.309765775292157e-06,0.005060047316815584
1356,0.005212802500013382,1.4237042734983393e-06,0.005355172925778935
1357,0.004939585293252622,1.123247705715086e-06,0.0050519100810971955
1358,0.0048777092278244035,1.1109950957776867e-06,0.004988808740651415
1359,0.004835266064131452,1.1202153421935134e-06,0.004947287616349997
1360,0.004843730073902876,1.1397353722303149e-06,0.0049577036181524875
1361,0.004834732521445521,1.162210673277103e-06,0.004950953587408989
1362,0.004917041038072879,1.3800611030444175e-06,0.005055047151061797
1363,0.004835995229622049,1.316255417893239e-06,0.004967620761524285
1364,0.004801793324370538,1.0926700922702307e-06,0.0049110602797760115
1365,0.004794559892146818,1.1097310301656469e-06,0.0049055330154876555
1366,0.004896596720021578,1.2039366894104235e-06,0.005016990411545961
1367,0.0050062990537093534,1.4163103786256302e-06,0.005147930061925323
1368,0.0049354275237889055,1.102636859638639e-06,0.005045691234690528
1369,0.0048677464496464495,1.2052975813686873e-06,0.004988276219416049
1370,0.0048367763989635056,1.1715475752240426e-06,0.004953931175893353
1371,0.00486282809006591,1.0959846650298606e-06,0.004972426521201287
1372,0.005023803096264601,1.3168749891549175e-06,0.0051554906212033765
1373,0.004847423053316532,1.0679052006561242e-06,0.004954213561910776
1374,0.004805109914272062,1.0583903091291206e-06,0.004910948986728345
1375,0.004785700821347775,1.0897882684583883e-06,0.004894679667608392
1376,0.004997209638297077,1.183595284806694e-06,0.00511556911853052
1377,0.004816335385605212,1.1405466561735657e-06,0.004930390045046806
1378,0.004804878495633602,1.2558537587063902e-06,0.00493046385987151
1379,0.004748294370308999,1.061125702460319e-06,0.004854406876068923
1380,0.004835771997609446,1.1424617732993813e-06,0.004950018179032111
1381,0.004755485217056928,1.1185756002598811e-06,0.004867342751353017
1382,0.004823318111800378,1.0993761396005745e-06,0.004933255724608898
1383,0.004895490564165577,1.1379714219254957e-06,0.005009287682872626
1384,0.004880836353667321,1.132984576293717e-06,0.0049941348092209905
1385,0.004966876619765835,1.264305513271416e-06,0.005093307189282871
1386,0.004736224407209984,1.0884450199638752e-06,0.004845068910189213
1387,0.004818679734824165,1.0724916009049564e-06,0.004925928934807739
1388,0.004809357511300233,1.1011643107028043e-06,0.004919473953064411
1389,0.005046876793306681,1.3180648576024162e-06,0.005178683227108371
1390,0.00484319539710639,1.0988440540278397e-06,0.00495307975178284
1391,0.004792404616431844,1.1190344843447337e-06,0.004904308040896731
1392,0.00478609609267404,1.0710825405670134e-06,0.0048932043775435415
1393,0.004772805473617007,1.0546786117424011e-06,0.0048782733389206474
1394,0.00479471908822175,1.1319696095450772e-06,0.004907916059657451
1395,0.004744064288153764,1.1338850530621364e-06,0.00485745282663453
1396,0.004733876730766027,1.0634076393363366e-06,0.0048402174856633905
1397,0.0047468333204667415,1.1500390725462152e-06,0.0048618372229318465
1398,0.004790733898839643,1.1776981761701585e-06,0.004908503679138037
1399,0.004732116125524044,1.2347189134919562e-06,0.004855588018413513
1400,0.004782170553000704,1.1299864435122506e-06,0.0048951691902813415
1401,0.004824836257724992,1.2080606097697455e-06,0.004945642299829952
1402,0.00480153510767606,1.1601101219170115e-06,0.004917546145377621
1403,0.004700319210608159,1.0551933454031138e-06,0.004805838554016044
1404,0.004700590360669359,1.0745114511131936e-06,0.004808041477395642
1405,0.0048661312358754295,1.0454244884825922e-06,0.004970673651945206
1406,0.004879275547160256,1.2439210708649742e-06,0.005003667676881436
1407,0.004863774043417746,1.1663771693571517e-06,0.004980411726020036
1408,0.004922167683440832,1.2330061626046024e-06,0.005045468318125894
1409,0.004737787121426194,1.0414774263359328e-06,0.0048419348444909815
1410,0.004981922346257394,1.1191153266883057e-06,0.005093833852198816
1411,0.004942760592506778,1.2350285047549762e-06,0.005066263444361186
1412,0.004790682691119371,1.1080036448484245e-06,0.0049014830841652805
1413,0.004760376357984158,1.0939649560133412e-06,0.004869772812291499
1414,0.0048662391641447625,1.065102339687714e-06,0.00497274937468671
1415,0.005011629163017196,1.1406640470018066e-06,0.005125695629225623
1416,0.004811473521253755,1.154367220307552e-06,0.004926910263396079
1417,0.004817783081483456,1.0863592203878074e-06,0.004926418990737969
1418,0.004982316310727789,1.157125209814577e-06,0.005098028799458858
1419,0.004765270713476404,1.0708688496525874e-06,0.004872357607969354
1420,0.004769807320929343,1.0557505484323503e-06,0.004875382438542381
1421,0.004717850314092732,1.1508405849223978e-06,0.00483293435536325
1422,0.00476441232697858,1.0452583480048728e-06,0.004868938204561991
1423,0.004676162836051757,1.0465861350894556e-06,0.00478082142710205
1424,0.004688746010464045,1.115489064960134e-06,0.004800294871411977
1425,0.004751543559494519,1.093878401823003e-06,0.004860931391557378
1426,0.0048074195867464425,1.1759854087798768e-06,0.004925018153904426
1427,0.004791934711618289,1.0695209363304104e-06,0.0048988868272112265
1428,0.004792120563046586,1.1494996211665914e-06,0.004907070538930355
1429,0.004696459884965612,1.067618091882093e-06,0.0048032216877946935
1430,0.004773935070261359,1.1008310780785142e-06,0.004884018157158167
1431,0.0046937727940178685,1.0868744858095352e-06,0.00480246021141929
1432,0.004658708566679589,1.0660408868775008e-06,0.00476531264552426
1433,0.004717958550299367,1.1122125186140633e-06,0.0048291798410636765
1434,0.004739811884299401,1.0919595238632493e-06,0.004849007848890558
1435,0.005093560366320514,1.3348536310419853e-06,0.005227045756914924
1436,0.004842575609443649,1.3009467040554287e-06,0.004972670272353196
1437,0.004804501415140206,1.0500015334048752e-06,0.004909501546212743
1438,0.00476108614595667,1.207229500308923e-06,0.004881809105075175
1439,0.0048851567891336255,1.1993605136423514e-06,0.005005092840761908
1440,0.004733778641469056,1.052659249287371e-06,0.004839044575008654
1441,0.004702864462629922,1.077194818046865e-06,0.004810583957981679
1442,0.0047207785575019735,1.0863754464334043e-06,0.004829416141634987
1443,0.004768803745748535,1.4818895179345301e-06,0.004916992691916323
1444,0.004759672638629714,1.160616956176161e-06,0.004875734343283599
1445,0.0047064538023644876,1.0482037135907083e-06,0.004811274188180123
1446,0.004745056627378348,1.0498939288129717e-06,0.004850046003177282
1447,0.004710916640056718,1.0553560441035041e-06,0.004816452236545663
1448,0.004670224783401336,1.1633330630854376e-06,0.004786558133820372
1449,0.004739684458341329,1.1233778588076904e-06,0.004852022239637952
1450,0.004679061337223937,1.0266573183564046e-06,0.0047817271082632
1451,0.004770159420947875,1.0437976591733346e-06,0.004874539201057727
1452,0.004716161548370315,1.1059133968164163e-06,0.004826752889540887
1453,0.004722392922567744,1.2250222110402143e-06,0.004844895128401056
1454,0.004704249962683647,9.995716419736356e-07,0.004804207132227959
1455,0.004705014413282756,9.930910796503021e-07,0.004804323517507122
1456,0.004690436841619592,1.0941230870699772e-06,0.004799849188496028
1457,0.004640040603736716,9.977366575654858e-07,0.004739814257669834
1458,0.004645357118739236,1.056011175507827e-06,0.004750958238277704
1459,0.004621815860211369,1.0461202079216404e-06,0.004726427855090269
1460,0.004609984060328814,1.0114808278118406e-06,0.004711132136083419
1461,0.004684551108267999,1.0694150278727794e-06,0.004791492596268654
1462,0.0046822672649737326,1.0523002629270195e-06,0.0047874973350835424
1463,0.004676559744703193,1.0368648616114965e-06,0.004780246245284234
1464,0.004950270777748477,1.1434874779532097e-06,0.005064619539846335
1465,0.0048593674606132896,1.1211697358615517e-06,0.004971484420821071
1466,0.004691698017620271,1.032795314732803e-06,0.004794977530236205
1467,0.004664057099650945,1.0042512434254957e-06,0.004764482258789001
1468,0.0050834183611216084,1.0937296682670655e-06,0.005192791352108601
1469,0.004951757348833546,1.1645035075866139e-06,0.005068207745470347
1470,0.004970363506506528,1.134776412879634e-06,0.005083841166549152
1471,0.004841238861122439,1.3332569159091134e-06,0.0049745645524273
1472,0.005022635863673302,1.1535365325882242e-06,0.0051379894777651754
1473,0.004802217061120656,1.2290883454801177e-06,0.004925125924449774
1474,0.004696163228682933,1.073711759560073e-06,0.004803534431923781
1475,0.005050113830234735,1.1768371413997937e-06,0.005167797538301637
1476,0.00467590345520406,1.107810179189161e-06,0.004786684478242551
1477,0.004579246322053575,9.677443718065924e-07,0.0046760207943377955
1478,0.004824122023438254,1.1463429997650477e-06,0.0049387563110118915
1479,0.0047981656426864285,1.2338443499879026e-06,0.0049215500363178795
1480,0.004662763064486846,9.93747938361095e-07,0.0047621377893993936
1481,0.004696476115514675,1.0639068162368682e-06,0.004802866778787105
1482,0.004624047894932089,9.540989770856311e-07,0.004719457784367185
1483,0.004719220387238649,9.976679173691551e-07,0.004818987191444443
1484,0.004839165496730035,1.1262672941366843e-06,0.004951792258408761
1485,0.00472609362294597,1.0337189267726986e-06,0.004829465516752774
1486,0.004566688556224108,9.456836939916098e-07,0.004661256958159709
1487,0.004852999437360033,1.0252343753886488e-06,0.00495552288128003
1488,0.004867762161959563,1.1601001651504174e-06,0.004983772148167895
1489,0.004651557083331769,1.120237063714153e-06,0.004763580768579437
1490,0.0045715326653613195,1.0126972898110727e-06,0.0046728024139038975
1491,0.004647127232484279,9.973433304455078e-07,0.004746861560570617
1492,0.004684060271228513,9.993847151412e-07,0.004783998739214674
1493,0.0046575670506084155,9.762439426888324e-07,0.004755191444869964
1494,0.004906325856403959,1.1769629505550022e-06,0.005024022137325617
1495,0.004747891137676854,1.2641224609597561e-06,0.004874303366147702
1496,0.004770738117757344,1.042875094152541e-06,0.004875025621825649
1497,0.004662497855362392,1.1281113423196545e-06,0.004775308958825565
1498,0.0046282307575306585,1.0284200382762543e-06,0.004731072788877833
1499,0.004712036164898065,9.6709288754937e-07,0.0048087454821553926
1500,0.004604700051488415,1.038419195391461e-06,0.004708541977790094
1501,0.0047013711770095175,1.1620208767688442e-06,0.0048175732484988625
1502,0.0046387658409413795,1.1478113422878865e-06,0.004753546969544503
1503,0.004604706525682441,9.833887423654585e-07,0.004703045432125369
1504,0.00459466754428802,1.0423835067652568e-06,0.004698905913579849
1505,0.004660111514010256,9.896617436953097e-07,0.004759077696249851
1506,0.004577704104444673,9.872558533266607e-07,0.004676429720054711
1507,0.004623368442539246,1.0083785450514106e-06,0.004724206312769844
1508,0.004656711345418326,9.97011548245228e-07,0.004756412446318615
1509,0.004621571523227518,9.899730732667517e-07,0.004720568807134705
1510,0.004639770745510055,9.614075591549232e-07,0.004735911475314248
1511,0.004511163487369495,9.495788122553823e-07,0.004606121369907933
1512,0.004714049504048402,1.0412786504011526e-06,0.0048181773914444835
1513,0.004662201935124974,1.0133281307389552e-06,0.004763534743218652
1514,0.004686805074133219,9.835916018581034e-07,0.004785164214310146
1515,0.004593065233841058,9.609699730155566e-07,0.004689162191484244
1516,0.004639426013454795,9.541441070928891e-07,0.004734840394268113
1517,0.0047900752509914095,1.0760001490809606e-06,0.004897675281690974
1518,0.004681071672107904,1.154552340986195e-06,0.004796526905509734
1519,0.004712448906033269,1.1217195950878028e-06,0.004824620836804952
1520,0.0045632118314144115,1.0217978349887304e-06,0.004665391639836373
1521,0.00468997992274742,1.061413154128522e-06,0.004796121269464493
1522,0.004563627283900014,9.839088101392507e-07,0.004662018194193801
1523,0.004586509331279705,9.520562538191077e-07,0.0046817149456229905
1524,0.004873783252532443,1.0537589310667e-06,0.0049791591872851695
1525,0.004654580178940969,1.1261460782964518e-06,0.004767194765830232
1526,0.004579932969664374,9.518935551187173e-07,0.004675122323415933
1527,0.004694124879015069,1.090299351304683e-06,0.0048031547827826395
1528,0.00482189659059288,1.1287597717015277e-06,0.004934772578698974
1529,0.004716231382542079,1.120879865597559e-06,0.004828319314026063
1530,0.00475871101802876,1.1920663643004739e-06,0.004877917633782472
1531,0.004535171653955213,9.835201698508406e-07,0.004633523658999513
1532,0.004906461123497256,1.193322220622635e-06,0.00502579337767055
1533,0.0047612223894365376,9.881047767814909e-07,0.004860032905614184
1534,0.004604109976020071,9.476460204936185e-07,0.0046988745490389484
1535,0.004522120212054541,9.156061687756465e-07,0.004613680885203423
1536,0.0046676532215168395,9.82403486388296e-07,0.00476589358802284
1537,0.004541128588419768,1.0544444205240119e-06,0.004646573005424392
1538,0.0046601744759227,1.0388405866574284e-06,0.004764058552081546
1539,0.0045376799760326264,9.57298188877171e-07,0.0046334098123254315
1540,0.004578630147021144,9.626653041455175e-07,0.004674896650436905
1541,0.004758887413528657,1.1086592566713196e-06,0.0048697533221134254
1542,0.0045544715417969615,1.0423528406576107e-06,0.0046587067716304335
1543,0.004603235982358456,9.806609018743338e-07,0.004701302056351016
1544,0.004868858719184514,1.1207153644106932e-06,0.004980930247374119
1545,0.004667017653944993,1.03110699184629e-06,0.004770128386876275
1546,0.004562025011006382,9.483338423647623e-07,0.004656858426789122
1547,0.004590603695701688,1.0046530897236682e-06,0.004691068999349109
1548,0.004827187021052645,1.4799423099482797e-06,0.004975181215653016
1549,0.004527393458110671,1.027495408555795e-06,0.004630142988096322
1550,0.004509420517171102,9.249261790588912e-07,0.004601913128769205
1551,0.004519777410032768,1.0016116660945924e-06,0.004619938576774251
1552,0.004601012720095534,9.389033541464737e-07,0.004694903044090155
1553,0.004691180728015399,1.1111392543552352e-06,0.004802294638788988
1554,0.004560907213618198,9.393993184770102e-07,0.004654847175603913
1555,0.004548172631691541,9.65636845208909e-07,0.004644736317136596
1556,0.0045062821478612965,9.383301451106813e-07,0.004600115150453583
1557,0.004564339325072304,9.797979124238237e-07,0.004662319101513394
1558,0.004551678971056977,1.0012414760797496e-06,0.0046518031327474505
1559,0.0046369942701271465,1.01771378937091e-06,0.004738765641025478
1560,0.004516628721067982,9.912800960005224e-07,0.004615756698072918
1561,0.004513624214356945,9.613840846565923e-07,0.004609762585812038
1562,0.00451241519993111,9.37022262390993e-07,0.004606117419297656
1563,0.004532746339757596,9.065683053860642e-07,0.004623403179369146
1564,0.0045778163137935824,1.0041418253451645e-06,0.00467823046980606
1565,0.004577508451597345,9.58337138047594e-07,0.0046733421754212145
1566,0.004614201359330646,9.54158218930036e-07,0.004709617159659824
1567,0.004478180630793495,9.353599022776302e-07,0.004571716616591138
1568,0.004563517605645522,1.0347269347866748e-06,0.004666990300099696
1569,0.004511770897454793,9.84265526430165e-07,0.004610197453369056
1570,0.004532903477910065,9.70682611794825e-07,0.0046299717449132475
1571,0.004566413868639258,1.0161056322079188e-06,0.004668024451201481
1572,0.004558609438038642,9.475828509523361e-07,0.004653367717119474
1573,0.004548187930918028,1.10543764673909e-06,0.004658731699530636
1574,0.004588249890554336,1.0052384522491446e-06,0.004688773747353304
1575,0.004468999818087586,1.0102040641134908e-06,0.004570020257585471
1576,0.004671766527838284,1.0234340049552678e-06,0.004774109881010747
1577,0.004553589909788101,9.59034999199972e-07,0.0046494933776557446
1578,0.004664835369875354,1.007243473659694e-06,0.004765559723901172
1579,0.004748374373922425,1.114901428697903e-06,0.0048598645540374906
1580,0.0046812562016589985,9.724108479296715e-07,0.0047784973041064315
1581,0.004458021139726043,8.971929222782144e-07,0.00454774038535693
1582,0.004569211171098774,9.57204344059949e-07,0.004664931611548509
1583,0.004650975021743967,1.0686918457277868e-06,0.004757844227095766
1584,0.004597782330106824,9.945225876377193e-07,0.0046972346251770375
1585,0.004489863802108073,9.337212146977347e-07,0.004583235920196579
1586,0.004705767057115032,1.0007610483391486e-06,0.004805843165564922
1587,0.004586174047642177,9.444587769922368e-07,0.004680619883020559
1588,0.004517567434137867,9.517426780157914e-07,0.0046127417064722506
1589,0.004490158460553615,9.689799075233402e-07,0.00458705643071763
1590,0.004447874192508959,9.513070575585223e-07,0.004543004872938318
1591,0.004510767825488602,1.0342802903734639e-06,0.004614195846501858
1592,0.004568872252298939,1.0390228028207335e-06,0.004672774549333319
1593,0.004536427865405718,9.301002980845947e-07,0.004629437879268681
1594,0.004517045427834795,9.262606498293368e-07,0.004609671481434376
1595,0.004488405313402895,9.900619470353113e-07,0.0045874115199812
1596,0.004469990542518997,9.290750353425063e-07,0.0045628980583240905
1597,0.004434571849302419,9.086242438306433e-07,0.004525434278372315
1598,0.0045888663810347355,1.0878668032062472e-06,0.004697653089439677
1599,0.0047740099591112905,1.1143737842464742e-06,0.004885447346755574
1600,0.0046319972288103835,9.944095645844374e-07,0.004731438160243053
1601,0.004581163434552089,9.721444081562015e-07,0.004678377851603493
1602,0.004581802344370273,9.258803160147151e-07,0.004674390341425615
1603,0.004475068218345123,9.88335396032785e-07,0.004573901769735159
1604,0.0045346429781808004,9.214872328987938e-07,0.004626791713939559
1605,0.004425643440035563,9.750706871889104e-07,0.004523150510184707
1606,0.004431655637979988,9.431913539511668e-07,0.004525974775934892
1607,0.004656458205934013,9.945400385673096e-07,0.004755912198414726
1608,0.004778170575117392,1.0307823004040984e-06,0.004881248794375888
1609,0.004478686459122166,1.0145134517129448e-06,0.004580137823077459
1610,0.004609165187444418,9.620265161409466e-07,0.004705367805135827
1611,0.004511251925460754,9.59399622227084e-07,0.004607191925207453
1612,0.004613823730558637,1.1707085095182382e-06,0.004730894605839445
1613,0.004492816830714864,1.0555264515049555e-06,0.004598369461394126
1614,0.004524053975699409,9.502555844993631e-07,0.004619079536848491
1615,0.004762368006331306,1.2824972483001823e-06,0.004890617764284534
1616,0.0045070816282062765,1.1242494902915262e-06,0.004619506578291616
1617,0.004572048467854338,9.622636742190686e-07,0.004668274849292732
1618,0.004418523869507255,8.998540542668179e-07,0.0045085092931385
1619,0.0045067533369987246,9.174495403385663e-07,0.004598498299357391
1620,0.004462999396867329,9.79985941285122e-07,0.0045609980100585566
1621,0.004477349921099601,9.428894438843276e-07,0.004571638843645492
1622,0.004444962727927392,9.119642696063121e-07,0.004536159163821609
1623,0.004514538592869236,1.042363378694004e-06,0.004618774896727935
1624,0.004782100245656986,1.0272404914934258e-06,0.004884824306974488
1625,0.004609471930551433,1.0696706508937379e-06,0.004716438984858894
1626,0.0045729590685016685,9.425659021461239e-07,0.004667215665141421
1627,0.004699246289448873,1.1012803537919207e-06,0.004809374342702569
1628,0.004554530305247153,9.011071729365804e-07,0.004644641021807347
1629,0.0045451494985290115,9.98738564997057e-07,0.004645023359766891
1630,0.0045152529022626335,1.0195210195213863e-06,0.004617205009825768
1631,0.00444504376050205,8.709736092779137e-07,0.0045321410777227535
1632,0.004587212592483529,9.159240683461136e-07,0.004678804998195941
1633,0.004664720712049353,1.08086307972694e-06,0.0047728070208141885
1634,0.004662205945820578,1.1025523921518704e-06,0.004772461207223034
1635,0.004635606479320315,1.0779633300679111e-06,0.004743402778741813
1636,0.004408620080099472,8.928443182207224e-07,0.004497904518258667
1637,0.004535922938356957,9.346031440086775e-07,0.004629383254195413
1638,0.004438748282770957,9.611243835787455e-07,0.004534860757449942
1639,0.0045731084481362375,9.216368832840676e-07,0.004665272130120185
1640,0.0045784147185904366,9.532604046340097e-07,0.00467374078148315
1641,0.004602862897539331,9.228607385950689e-07,0.004695149003377845
1642,0.00441794382077792,8.516904090943318e-07,0.004503112887182544
1643,0.004394270584828431,8.723858931878039e-07,0.004481509125100509
1644,0.004398946920710225,9.072959506562667e-07,0.0044896765311639155
1645,0.004474087821079358,9.631518343021819e-07,0.004570403016142307
1646,0.004479687751060532,9.354251511878477e-07,0.004573230248605532
1647,0.004516935103663033,9.056552698893938e-07,0.004607500666151604
1648,0.004392631847651735,8.53087600159685e-07,0.004477940574889222
1649,0.004384645681467748,8.912905088671381e-07,0.004473774716438305
1650,0.004377445641664728,8.76748658591227e-07,0.004465120484031016
1651,0.004552874158346845,1.105173337676998e-06,0.004663391481904733
1652,0.004486229758889925,1.140539809292081e-06,0.004600283719839588
1653,0.004530615376068219,9.25388083179578e-07,0.004623154185772423
1654,0.0044202419568694406,9.514572268692005e-07,0.004515387703694643
1655,0.004510773931659998,9.74206293155857e-07,0.004608194539023023
1656,0.00446707716271762,1.1311146460185784e-06,0.004580188587668442
1657,0.004540543800460235,9.296331717040072e-07,0.0046335071430451446
1658,0.004379914006999423,8.911146133252788e-07,0.004469025474522383
1659,0.004370535168075754,8.84831316001979e-07,0.004459018293287485
1660,0.004530874651766593,9.12305861880492e-07,0.004622105253680098
1661,0.00451500398377257,9.318217680189381e-07,0.0046081861270771875
1662,0.004500414530235914,9.165887769496852e-07,0.004592073412852422
1663,0.004523645936241073,9.026963058908399e-07,0.004613915533428231
1664,0.004414509073080075,8.295753908045769e-07,0.004497466631413948
1665,0.004410170649568881,8.859086931572106e-07,0.0044987615152832965
1666,0.00443365553303832,9.657305965095388e-07,0.004530228584283783
1667,0.004413339662395658,8.82179207447705e-07,0.0045015575634616035
1668,0.004477573468560173,9.59585364516017e-07,0.004573532004630373
1669,0.0044562850643189685,1.0896330382497728e-06,0.004565248393543785
1670,0.004439901282650328,9.084854963798388e-07,0.004530749869562926
1671,0.004797256596746945,1.3228141490857994e-06,0.0049295379900403564
1672,0.004496026694053604,1.0852740813554132e-06,0.00460455411173884
1673,0.004576395829057982,1.0222603258801927e-06,0.004678621888160706
1674,0.004603618034912694,1.0064368013680055e-06,0.004704261679322489
1675,0.00460392702370882,9.795785500031226e-07,0.004701884869005411
1676,0.004407254580949102,1.0202479533320236e-06,0.00450927939926905
1677,0.004439377714128744,9.110075178532204e-07,0.00453047850920308
1678,0.004439473707949923,9.446812529653647e-07,0.004533941842495433
1679,0.004458997075656249,8.671300094882158e-07,0.004545710064590939
1680,0.004414808508309145,9.288085717314736e-07,0.004507689346228877
1681,0.004551654125774099,1.03222493869966e-06,0.004654876602393004
1682,0.004760306343556412,1.2149515962465234e-06,0.004881801504281259
1683,0.004615342274548546,9.71343024136126e-07,0.004712476590347867
1684,0.00447625880159678,1.0034929283803296e-06,0.004576608095498335
1685,0.004373249605358127,8.82894191304771e-07,0.004461539030495671
1686,0.00442904164083302,9.433076409168866e-07,0.004523372382766778
1687,0.004344057892599414,8.446228192834467e-07,0.004428520167787229
1688,0.004379696468071592,8.549669701096718e-07,0.004465193194787829
1689,0.004364846109022056,8.443365888319198e-07,0.0044492797685727
1690,0.004447542348756424,9.394906988569757e-07,0.004541491428690572
1691,0.004502677696666891,1.0067701458454747e-06,0.004603354725986719
1692,0.004468763810432245,8.729561096926421e-07,0.004556059461808012
1693,0.004478252905931684,9.243937725958888e-07,0.004570692281929716
1694,0.0045125058236261525,1.211981041691498e-06,0.004633703945024359
1695,0.004473330220207572,1.2940977193642128e-06,0.004602739993002146
1696,0.004398210605065669,9.115100283452193e-07,0.004489361593920377
1697,0.0045138929309623856,9.489572863135583e-07,0.0046087886627403
1698,0.00444959114576059,9.56697034883203e-07,0.004545260859172671
1699,0.004375400855356167,9.33299271500507e-07,0.0044687307935448424
1700,0.004400592087016952,1.0272136632333821e-06,0.004503313452005386
1701,0.0043831690394830316,9.801186945057246e-07,0.0044811809089996164
1702,0.004300051383794316,8.931001209402307e-07,0.004389361418302982
1703,0.004651048889143332,1.0132410979637033e-06,0.004752373022417869
1704,0.004457210851532798,9.84082021204813e-07,0.004555619021336879
1705,0.0044363878381949275,8.698605564595416e-07,0.004523373899921294
1706,0.004333832083390125,8.564294559267094e-07,0.00441947502023991
1707,0.0043889377040848615,8.580307790438266e-07,0.004474740783353487
1708,0.00484715643969755,1.0387235735628741e-06,0.004951028829260218
1709,0.004683686480406792,9.759359870493486e-07,0.004781280080938051
1710,0.004342581911553298,8.997835225859636e-07,0.004432560260137243
1711,0.0044423968666383335,8.367781799367344e-07,0.004526074690323683
1712,0.004757636159117664,1.1060321757242725e-06,0.004868239359629731
1713,0.004329775707916387,9.54233703322966e-07,0.004425199041443486
1714,0.004371745399229469,8.767505857664923e-07,0.0044594204744264005
1715,0.004360186446818614,8.44449577045687e-07,0.004444631394900141
1716,0.00433731631135508,8.671144435597413e-07,0.004424027768113921
1717,0.0043929148570544295,9.130234513665323e-07,0.004484217193338179
1718,0.0043301688236815315,9.587116903364198e-07,0.004426039980664369
1719,0.004443007198372676,9.329097363866646e-07,0.004536298193758534
1720,0.004608181568102971,1.0375806651139893e-06,0.004711939645330271
1721,0.0043692461425258265,8.681858851618487e-07,0.004456064746444745
1722,0.004393881697568202,9.070318506312634e-07,0.0044845848854991694
1723,0.0043906042682788065,9.276185895971374e-07,0.004483366092186301
1724,0.004378223416185187,9.877406323392925e-07,0.004476997453058439
1725,0.004541580520209766,9.314259287865782e-07,0.004634723119858292
1726,0.0043197157041680425,8.714485397098131e-07,0.004406860526350718
1727,0.004370944244005988,9.06112973098061e-07,0.004461555546450038
1728,0.004291741943527614,8.663594052626238e-07,0.00437837787302992
1729,0.004596752392488622,8.999397264673345e-07,0.004686746385789687
1730,0.004730711796230847,1.0840573809805538e-06,0.004839117503574779
1731,0.004445732075480684,9.482124834991532e-07,0.004540553331495293
1732,0.004358753929996202,8.744198295619665e-07,0.004446195956740168
1733,0.0043261963573675,8.844364779472544e-07,0.004414640021540465
1734,0.004595630606936831,9.542037193363461e-07,0.004691050973750891
1735,0.004334547782256719,8.352341421502183e-07,0.00441807119416133
1736,0.004342445089752155,8.891304919562836e-07,0.004431358148013392
1737,0.0045094976967741405,8.742699738069215e-07,0.0045969247247182555
1738,0.004389479102927351,9.218367814179557e-07,0.004481662770793322
1739,0.004397510903917493,8.818172468929861e-07,0.0044856926486376795
1740,0.004325412198781005,8.416387928381512e-07,0.004409576097743646
1741,0.004334266049667231,9.014631942708577e-07,0.004424412374294574
1742,0.004293450131832111,8.209316796813753e-07,0.004375543310156753
1743,0.004335429106328276,8.526047464886599e-07,0.004420689570026532
1744,0.004348008510386271,8.955306813526653e-07,0.004437561537469587
1745,0.004346946667459222,8.699343227142949e-07,0.004433940089638194
1746,0.0043516029047990035,8.739954439313864e-07,0.004439002458727167
1747,0.004306943869338401,8.671286452461631e-07,0.0043936567756557654
1748,0.004355479872995807,9.582811161078185e-07,0.0044513079713309
1749,0.004615417381207789,1.0055744041892467e-06,0.0047159748482367685
1750,0.004308585911208103,9.420318692278787e-07,0.004402789099502468
1751,0.0048479484844832655,1.1307133424833733e-06,0.0049610197799460545
1752,0.004398627589727121,9.76520011003994e-07,0.004496279585685941
1753,0.004497949289338243,8.833649721670935e-07,0.004586285821372463
1754,0.004300267758568929,1.017473625926223e-06,0.004402015132889632
1755,0.004466552362446824,1.0430349910224792e-06,0.004570855871744214
1756,0.004415242376947595,9.1247370399346e-07,0.004506489757688776
1757,0.004387446543982913,8.608943066094305e-07,0.004473535952368571
1758,0.004389353058931809,8.91188088028303e-07,0.00447847189441804
1759,0.004284593794915465,9.021089978535113e-07,0.004374804658695094
1760,0.004316019803105343,8.770058750615722e-07,0.004403720399545085
1761,0.004285470732758122,8.573981906392287e-07,0.00437121057973033
1762,0.004318571281469156,8.345204143493432e-07,0.004402023342047487
1763,0.004469619072493046,9.014671513062738e-07,0.004559765787675015
1764,0.004544476587926188,9.73778234706955e-07,0.004641854392004109
1765,0.004227570190484966,8.34939828931261e-07,0.004311064168089821
1766,0.004283014880192857,8.940274112994244e-07,0.004372417626361693
1767,0.004235467873513699,8.266202023092304e-07,0.0043181298796327846
1768,0.004383822121927815,8.826393200838685e-07,0.00447208609341854
1769,0.004373264198582019,9.098192043482765e-07,0.004464246107325438
1770,0.004437547935653598,8.914946959286622e-07,0.004526697437188799
1771,0.0042846549467574204,8.534933869903456e-07,0.004370004299186891
1772,0.00460405662776001,9.957284125829897e-07,0.004703629506571639
1773,0.004457645854281802,1.1385472567605076e-06,0.004571500549753828
1774,0.004455935562990846,9.311826041143392e-07,0.004549053828081777
1775,0.004280976477950331,8.565489737990109e-07,0.004366631349248271
1776,0.004660570092739597,9.981680386039033e-07,0.004760386917980448
1777,0.004342452450204761,1.0591061786433255e-06,0.004448363091796637
1778,0.00438122886924013,9.963996288411914e-07,0.004480868855851793
1779,0.004321215832005104,9.25042079122631e-07,0.004413720055092727
1780,0.004307781316099628,8.526547448596947e-07,0.004393046766880059
1781,0.004278361857418091,8.507225655399276e-07,0.00436343411133895
1782,0.004266898605912443,9.23029123471004e-07,0.0043592015581746255
1783,0.004412891733790597,8.675438607497199e-07,0.004499646159069192
1784,0.004467344985553815,1.007791220511154e-06,0.004568124114866218
1785,0.004276649020011386,8.930375418370409e-07,0.004365952760582009
1786,0.004307860846541101,8.423506026320542e-07,0.004392095894042042
1787,0.004376377114245007,8.794685043305377e-07,0.004464323947867078
1788,0.004313558400157959,8.816754170619523e-07,0.0044017259422088825
1789,0.004249481356612617,8.38163864793915e-07,0.004333297714530941
1790,0.004272419365964109,8.990183203188222e-07,0.004362321210904948
1791,0.004308689235439224,9.61541242040473e-07,0.0044048433717820915
1792,0.004279079035885872,8.919332777446882e-07,0.004368272369667407
1793,0.004367941675046759,8.928641309026833e-07,0.004457228050957765
1794,0.004474441588465725,9.16360068370728e-07,0.004566077563551164
1795,0.004448093699231263,1.0663818135335825e-06,0.004554731861477898
1796,0.0043728715334568295,9.010478302409484e-07,0.00446297632410161
1797,0.0043992779683321714,9.174619615424167e-07,0.004491024132397386
1798,0.004284709466681365,8.837359121483337e-07,0.00437308304883059
1799,0.004274076001057702,8.62714940804806e-07,0.004360347505538694
1800,0.004323035388463928,1.1113399079564964e-06,0.004434169412800862
1801,0.004250531693199469,8.873544615081271e-07,0.0043392670866582665
1802,0.004311545999840864,8.930117624297582e-07,0.004400847126699744
1803,0.004264774334226404,8.209295343007281e-07,0.0043468672722097364
1804,0.004628684086304518,1.110311601341011e-06,0.004739715244560953
1805,0.004350082806101249,8.053357745548935e-07,0.004430616349582711
1806,0.004353177343164721,8.837230875395752e-07,0.004441549640990073
1807,0.004349156635843458,8.352564962830999e-07,0.004432682278415849
1808,0.0042783664839883,8.433616361828406e-07,0.004362702632563249
1809,0.004315896447928202,8.731676900659353e-07,0.004403213226807213
1810,0.004275299766431412,8.884383664882344e-07,0.004364143591374159
1811,0.004432550338547557,9.008002661498575e-07,0.004522630351505453
1812,0.004242515950013072,8.362054036443888e-07,0.0043261364673174195
1813,0.004324452560995856,8.683174336687032e-07,0.004411284240984147
1814,0.0043061245608353805,8.477180919667702e-07,0.004390896380608601
1815,0.004512852193006585,8.908422343313671e-07,0.004601936389301573
1816,0.004471136144392433,1.12081010038603e-06,0.004583217173574432
1817,0.004317719106292052,9.056317990583804e-07,0.004408282265367527
1818,0.004284925571072006,8.100106855078681e-07,0.004365926661017922
1819,0.004234789622827403,8.053706214043139e-07,0.004315326673789851
1820,0.004318638764802487,9.24259180215637e-07,0.004411064689197848
1821,0.004344566882918438,8.891594839335613e-07,0.004433482855318054
1822,0.004386507830913028,8.859980711819052e-07,0.004475107649341226
1823,0.00433284648874354,8.745860250494462e-07,0.004420305046463205
1824,0.004499835810894447,8.996466252967601e-07,0.004589800467534411
1825,0.004290112519576665,1.0850272580624263e-06,0.004398615272235005
1826,0.00436127879055998,8.511479541818018e-07,0.004446393569871303
1827,0.004803083236179044,1.2553329593027875e-06,0.004928616506438102
1828,0.004236175062795801,8.388694493166235e-07,0.004320061998441815
1829,0.0042589810872150045,8.862679288951416e-07,0.004347607898976534
1830,0.004307637884912472,8.989700382523053e-07,0.004397534862941792
1831,0.0042897004393800614,9.67822302300192e-07,0.00438648265516085
1832,0.004361453789076017,8.482827029770452e-07,0.004446282013950329
1833,0.00425660373612998,8.800420452585498e-07,0.004344607928707715
1834,0.004160586534248245,7.859828825061296e-07,0.004239184819462318
1835,0.004300285438676515,8.14358174700887e-07,0.004381721245966131
1836,0.004260739664577188,8.330857579699847e-07,0.004344048233883035
1837,0.0042512675506934045,9.095713267015526e-07,0.004342224719303269
1838,0.004287589761999345,8.534859001619841e-07,0.004372938348340892
1839,0.004247354786662805,8.766182451190909e-07,0.004335016590513049
1840,0.0043575680033574185,1.0328273615854297e-06,0.004460850753070366
1841,0.004243968640484156,1.0095996627100132e-06,0.004344928596589354
1842,0.004283285639699428,8.813869330439164e-07,0.004371424318261204
1843,0.004246460889736491,8.410393148082104e-07,0.0043305647859890615
1844,0.00435402313427579,8.499315930337968e-07,0.004439016278352468
1845,0.004267423811759199,8.29968554728933e-07,0.004350420688429187
1846,0.0044946265632226584,1.05336993138119e-06,0.004599963540151235
1847,0.004324052655588715,9.527589356601369e-07,0.004419328569765052
1848,0.004204287343928891,9.230225296344161e-07,0.004296589567656478
1849,0.004175748000101697,8.15212833840046e-07,0.004257269301301529
1850,0.004283560860541559,8.517611094717839e-07,0.004368736926886824
1851,0.004411365754241424,9.604390664853488e-07,0.004507409724136514
1852,0.0042023425846691095,8.243426863842732e-07,0.0042847768974400334
1853,0.004279679506115856,8.138290504869092e-07,0.004361062460849362
1854,0.004172194005560971,8.136273975416712e-07,0.004253556734071144
1855,0.004246351196460666,8.474359175682278e-07,0.004331094776130011
1856,0.004407317497797551,9.671511355507744e-07,0.0045040326132889715
1857,0.004493419651783282,8.563581669448233e-07,0.004579055498564436
1858,0.004396044739311741,9.55571175792659e-07,0.004491601890373615
1859,0.0042880772117285,8.856438394984927e-07,0.0043766415798135345
1860,0.0042238596811770435,8.404631755858587e-07,0.00430790597813264
1861,0.004637476507454149,8.983214493421274e-07,0.004727308608351215
1862,0.004406244801958242,9.567920294044128e-07,0.004501924008852051
1863,0.004310402208037915,8.223281941266783e-07,0.0043926350171527555
1864,0.004155979574387593,8.085793663872943e-07,0.004236837503530325
1865,0.004439622441667223,9.16613602854458e-07,0.004531283787782153
1866,0.004278526663960469,9.496100064567262e-07,0.004373487678446596
1867,0.004193773538234734,7.939528230845978e-07,0.0042731688402953645
1868,0.004325161154772486,8.480236711846139e-07,0.004409963512913354
1869,0.0044439931535312244,8.563226251387659e-07,0.0045296254102140665
1870,0.004288030240023809,9.72622068905865e-07,0.004385292447442489
1871,0.004271469702343306,7.804369836835136e-07,0.004349513384964197
1872,0.004234171059403208,8.014097646434581e-07,0.004314312020376805
1873,0.004226264453703357,7.93871744199057e-07,0.004305651674287454
1874,0.0043249169229379585,1.0859397416278362e-06,0.004433510922676613
1875,0.004181860149988244,8.895091498068781e-07,0.004270811039473741
1876,0.004466857588399322,1.0114157402635864e-06,0.004567999167427901
1877,0.004367087945161808,1.0735474637429786e-06,0.004474442670001618
1878,0.004180697431307166,8.160565588725384e-07,0.004262303062263996
1879,0.004179028704041435,8.05077456055686e-07,0.004259536440874781
1880,0.0044791440614649364,1.2368789194008588e-06,0.004602831998659718
1881,0.0041689406554665295,1.3025208835232104e-06,0.004299192756955181
1882,0.004142175961826597,8.521445751754189e-07,0.0042273904226960675
1883,0.004172284050934737,8.987546713738524e-07,0.004262159488374187
1884,0.004198581716346164,8.082257709834413e-07,0.004279404277763059
1885,0.0041793412303612115,8.430617743127391e-07,0.004263647426400454
1886,0.004201749775318369,7.980447442664187e-07,0.004281554220905227
1887,0.004369119843167644,9.786262595415822e-07,0.004466982475752311
1888,0.004308143300154517,8.565179831337797e-07,0.004393795092079428
1889,0.004718512371783295,1.172001488260233e-06,0.0048357124981139935
1890,0.00416904877150251,8.055708367611524e-07,0.004249605875942976
1891,0.0042108889564030595,8.227231843750727e-07,0.004293161264109996
1892,0.004206077022958667,8.141516093840642e-07,0.0042874921533849935
1893,0.004226583762154464,8.155078768551551e-07,0.004308134535207383
1894,0.004174285335466266,7.937094654065027e-07,0.004253656317990634
1895,0.004207466413537341,9.099669825680452e-07,0.004298463125803297
1896,0.004259420941854196,8.679708153361008e-07,0.004346217952608582
1897,0.004267387850690753,8.920882897479216e-07,0.004356596693997422
1898,0.0041968381002305015,8.794164174222745e-07,0.004284779743982419
1899,0.004200497777351449,8.217853999872938e-07,0.0042826763143943205
1900,0.004321618396187982,8.812930533871799e-07,0.004409747708949351
1901,0.004257068466094713,8.805756509343243e-07,0.00434512605950717
1902,0.004552393333025036,1.0789420692221498e-06,0.004660287511444861
1903,0.0042095120185084885,8.357109245773773e-07,0.004293083138163051
1904,0.004137454449289268,9.049362831554449e-07,0.0042279480746196165
1905,0.004355071202641533,8.722162870951926e-07,0.004442292836404616
1906,0.004468944344309068,9.308483446411922e-07,0.004562029134361974
1907,0.004339286899794975,8.144163970310699e-07,0.004420728505318684
1908,0.004144665552303195,8.534180932979178e-07,0.004230007394066741
1909,0.004176838916816538,8.195956209625188e-07,0.0042587985104370505
1910,0.0041376815643161535,8.217851047682474e-07,0.004219860078827027
1911,0.004328148792527856,8.599794282857939e-07,0.004414146728513222
1912,0.004232802473369145,9.087919502528694e-07,0.004323681643713386
1913,0.004149910858682086,9.515942103403616e-07,0.004245070289940604
1914,0.004123391876477868,8.343520441426775e-07,0.004206827075611199
1915,0.004145991793202777,7.996363985013534e-07,0.004225955419843236
1916,0.0045714780928627135,9.334473339373701e-07,0.004664822819552595
1917,0.004195664799021137,8.765952657086018e-07,0.004283324297096941
1918,0.004238737649434517,9.418986392560211e-07,0.004332927551360861
1919,0.0042050785925840176,8.706003167125962e-07,0.004292138656901736
1920,0.004435324185197392,1.214536910670323e-06,0.0045567778570036735
1921,0.004190285021679536,8.787978418372551e-07,0.0042781648000762345
1922,0.004162049086223687,8.407919157464001e-07,0.004246128257364035
1923,0.004183602842291997,8.55318484310931e-07,0.004269134696392763
1924,0.004146696000750507,8.662741878094582e-07,0.004233323428178987
1925,0.004173543431886261,8.180871726571857e-07,0.004255352151249686
1926,0.004137850471682126,7.90352272918338e-07,0.004216885719929011
1927,0.004177968040288937,8.172117326642863e-07,0.004259689230351678
1928,0.004104308400964064,8.046914434001542e-07,0.004184777563017222
1929,0.004204323342550666,9.62197084904361e-07,0.004300543062028385
1930,0.004307821408034333,8.460322958619086e-07,0.004392424635889549
1931,0.0041616077069193125,8.232304990527947e-07,0.0042439307566852335
1932,0.004186403126485886,8.381972062095648e-07,0.004270222886735874
1933,0.0041925135038552745,8.501540378347272e-07,0.004277528894524421
1934,0.004181601234801834,8.563857781771202e-07,0.004267239800444053
1935,0.004201540685889702,8.598602954818137e-07,0.004287526717469577
1936,0.00426934516778396,9.233560244718964e-07,0.00436168076140025
1937,0.004327582300550515,8.993605818784178e-07,0.004417518341553307
1938,0.0043050547115384575,9.362931501938522e-07,0.004398684024870876
1939,0.004239895463650746,8.342711999654468e-07,0.004323322558775544
1940,0.004380603486131276,9.559502938915806e-07,0.004476198520992071
1941,0.0041723538099998425,8.670268533522528e-07,0.004259056486790219
1942,0.00417689889699461,8.850477519034381e-07,0.004265403690477533
1943,0.004199759824381721,9.427217264601495e-07,0.004294032005653266
1944,0.0041129598018503,7.927988320026939e-07,0.0041922396724863396
1945,0.004187893084881287,7.915588166578081e-07,0.0042670489318909184
1946,0.0041964595326252525,8.685540398155647e-07,0.004283314938807199
1947,0.004160744866596595,8.698005701497154e-07,0.004247724927300888
1948,0.004098760039215127,8.476932568937041e-07,0.004183529342915262
1949,0.004135070240966255,8.713388557489745e-07,0.00422220409757668
1950,0.0042011123526120376,8.336406615912453e-07,0.004284476433249731
1951,0.004137768244911586,8.131841013891972e-07,0.004219086660492805
1952,0.004234565181597587,8.674563970646798e-07,0.004321310834418382
1953,0.004356037705175338,8.326477995979076e-07,0.004439302509830844
1954,0.0041831488375582045,8.322783503811684e-07,0.00426637667471603
1955,0.004239073947011944,1.0473460307483977e-06,0.004343808523469394
1956,0.004241615751638047,8.840194232840488e-07,0.0043300176865511365
1957,0.004171907195761319,9.020457824707621e-07,0.0042621117956455675
1958,0.004184265328090518,8.405815144156335e-07,0.004268323476876943
1959,0.004163342077405222,8.562550584839858e-07,0.004248967581999398
1960,0.0041917198517870515,8.273451704377705e-07,0.004274454373385637
1961,0.004311897318750139,8.729534435529316e-07,0.004399192692231267
1962,0.004185007366862508,1.0897572154487621e-06,0.004293983103707433
1963,0.004098904311596867,8.041106026769651e-07,0.004179315408691764
1964,0.004279654277789016,8.486558011745435e-07,0.004364519875736967
1965,0.004261166570828327,8.917224014963252e-07,0.004350338837191943
1966,0.00413513143036154,8.114357885255407e-07,0.0042162750051507065
1967,0.004157074974969991,8.465803122611936e-07,0.0042417330231757895
1968,0.004164334784652437,7.964614588496672e-07,0.004243980905401611
1969,0.004228195919084453,8.360599541711347e-07,0.004311801903250236
1970,0.004257871063366052,8.941205996668413e-07,0.004347283107739302
1971,0.0042107507826820495,8.676756788043994e-07,0.004297518344115346
1972,0.00417738322228674,8.567324221809442e-07,0.00426305650222686
1973,0.0041404900576678975,8.523697888009454e-07,0.004225727043024475
1974,0.004126772614977052,8.382085327191875e-07,0.004210593494316263
1975,0.0044162712630725675,1.2664354966868667e-06,0.004542914820053885
1976,0.004332042704786985,9.186126960465175e-07,0.004423903999850154
1977,0.0043698332512811305,9.41372067494916e-07,0.004463970465886016
1978,0.004307950028188286,1.093902879332628e-06,0.004417340323749569
1979,0.004213591744642585,8.550931019888066e-07,0.0042991010216815815
1980,0.004176215591630147,8.837644292080151e-07,0.0042645920653857534
1981,0.004086623156082726,8.671485276071537e-07,0.004173338015173231
1982,0.004240773535603958,1.0279546025289634e-06,0.004343569038375732
1983,0.004183998984855509,9.190035862341193e-07,0.004275899395466813
1984,0.004100348056864834,8.617994096986818e-07,0.004186527976285546
1985,0.004311411461282161,9.481407929460177e-07,0.00440622552958948
1986,0.00405387167308119,8.436262734698352e-07,0.0041382343117748535
1987,0.0041917732526217735,7.989790281997909e-07,0.00427167113089273
1988,0.004229731084178051,8.287635842686043e-07,0.004312607444702617
1989,0.004290187077957296,9.082325761717643e-07,0.004381010346415062
1990,0.004302837660596255,9.30063014302798e-07,0.004395843956679586
1991,0.004241282105325691,9.150768263562866e-07,0.004332789760683814
1992,0.004140858636087467,8.197007702854593e-07,0.004222828707086944
1993,0.004271365236490965,9.075701944810486e-07,0.004362122245853947
1994,0.0045478867682357945,9.04660334028097e-07,0.0046383527993795375
1995,0.004231313401232323,8.831087715436532e-07,0.00431962426932108
1996,0.004154598791032068,8.898953696658399e-07,0.00424358831538308
1997,0.0043467861870604176,9.222450546897767e-07,0.004439010690417021
1998,0.004294475187517462,8.896651354828669e-07,0.004383441706698748
1999,0.004308064716056951,9.964334635110243e-07,0.004407708082468279
2000,0.004084188956767321,8.205039604593278e-07,0.004166239324296194
2001,0.004118766800891007,8.822887777217059e-07,0.0042069956975718656
2002,0.004530441166172104,9.6199047557973e-07,0.004626640238829197
2003,0.004122462671911044,8.646602362850606e-07,0.004208928710150142
2004,0.0042771267960028305,8.666870910694284e-07,0.004363795479519233
2005,0.004091356745770862,9.007515091657443e-07,0.004181431906838571
2006,0.00414210524890692,8.113995315926008e-07,0.004223245188533779
2007,0.004203345521443313,8.473630754774457e-07,0.004288081830788043
2008,0.004247558528497335,9.413136911374045e-07,0.004341689884782799
2009,0.0040534811109424595,7.871108814763448e-07,0.004132192228890715
2010,0.004085237340581032,7.777484916738515e-07,0.0041630121864258286
2011,0.004258044612323565,8.665084798790743e-07,0.004344695503072393
2012,0.00415400339801225,8.487762413771575e-07,0.004238880982983017
2013,0.0042660171616702314,8.566518530525143e-07,0.004351682345112485
2014,0.004213179303934017,8.681714927749249e-07,0.004299996450783745
2015,0.0040703397169108355,8.493093611333837e-07,0.0041552707027163235
2016,0.004182700225482544,8.367839431259434e-07,0.004266378604957173
2017,0.004252816144857676,8.663925834826518e-07,0.0043394553339889935
2018,0.0041078013713441545,8.29705619077187e-07,0.0041907719306407435
2019,0.004166963607853939,9.053495366442217e-07,0.004257498579400201
2020,0.0045557664557089724,1.043030826783633e-06,0.00466006949183441
2021,0.004244061284548332,9.64224667651222e-07,0.004340483776984676
2022,0.004239140904598659,8.294726289052285e-07,0.004322088150788219
2023,0.004242583313175748,8.677189348124938e-07,0.004329355185731284
2024,0.004121302056216424,8.37997755488393e-07,0.004205101823073721
2025,0.004052173669239686,7.85724485159599e-07,0.004130746117762981
2026,0.004049298165726566,7.731101787143299e-07,0.0041266091979078705
2027,0.004060320548653122,8.341560333651761e-07,0.004143736159969722
2028,0.004170988626297443,9.292328968513175e-07,0.004263911884458315
2029,0.004087610267883827,8.584050764540969e-07,0.004173450780311419
2030,0.004043142378870998,7.920960273065336e-07,0.004122351972205985
2031,0.004107483069322283,7.846363444279574e-07,0.004185946725849663
2032,0.004228424626372514,8.288341947967814e-07,0.004311308009369719
2033,0.004136060176777744,8.480589966189478e-07,0.004220866064931597
2034,0.004144623838064652,8.424569841736229e-07,0.004228869565732537
2035,0.004071162104786885,8.233696242372859e-07,0.004153499056795432
2036,0.0043563857494342715,8.616574075037328e-07,0.004442551503739049
2037,0.00408149364164039,9.088633584225693e-07,0.004172379947117259
2038,0.004225844081731573,8.622738340407874e-07,0.004312071468560926
2039,0.004313782908983769,1.0345441410208878e-06,0.004417237314966417
2040,0.0040728458008098024,8.273402250603296e-07,0.004155579856747101
2041,0.004155091250375394,8.81762664375269e-07,0.0042432675123094555
2042,0.004117604217401916,8.659567833268327e-07,0.004204199882224202
2043,0.004063031388326518,8.340682377879163e-07,0.0041464381670999915
2044,0.004155411520191739,9.88466898698173e-07,0.0042542582377791405
2045,0.0041284289721760055,8.228559907717769e-07,0.004210714491144303
2046,0.00420003543577848,9.16514662299784e-07,0.004291686867814391
2047,0.004210025470163073,8.442388548246527e-07,0.0042944493508266825
2048,0.0043811445695257955,1.0523391163206402e-06,0.004486378477585893
2049,0.004345021653740156,8.931845645894365e-07,0.004434340085173326
2050,0.00423312132366963,8.605508330014521e-07,0.0043191764383546764
2051,0.004250365264353252,9.601089217422639e-07,0.004346376149764945
2052,0.004095271304850617,7.831395948649573e-07,0.004173585251274128
2053,0.004169602082261155,7.827413682090052e-07,0.004247876229665933
2054,0.00429972586402249,9.324304785202971e-07,0.004392968918827753
2055,0.004073964266647254,8.019005250506809e-07,0.004154154309822667
2056,0.004050360669592215,8.091623781623522e-07,0.00413127691905585
2057,0.004086719848395836,8.108571793649566e-07,0.004167805553504055
2058,0.004265105997722956,9.811552892584117e-07,0.00436322154447196
2059,0.00412589487349314,9.309917019099005e-07,0.004218994076513956
2060,0.00411666261272565,8.572654392522847e-07,0.004202389128265842
2061,0.004075053215567623,8.141963579903184e-07,0.004156472829861506
2062,0.004281885801784454,9.498901729990217e-07,0.00437687479350115
2063,0.004117849696006986,8.500655674710757e-07,0.004202856239111674
2064,0.004187969881440362,8.393356772044611e-07,0.004271903458321767
2065,0.004035886970438784,7.87115029212263e-07,0.004114598471431002
2066,0.004047720632966488,9.41372078496868e-07,0.004141857840060707
2067,0.004073710068159046,8.918430158965132e-07,0.00416289437412014
2068,0.00400511173891925,7.762901297551692e-07,0.004082740727631796
2069,0.004065402618218814,8.040816437055436e-07,0.0041458108011753324
2070,0.004084432572727242,8.189488840476007e-07,0.00416632749200348
2071,0.003988069887723654,7.747590100940039e-07,0.004065545801553995
2072,0.004193230584684399,8.324644740711054e-07,0.00427647698820839
2073,0.0040589317889703855,8.138991897648074e-07,0.004140321736133868
2074,0.00413443217985332,8.208887225596446e-07,0.004216521077098385
2075,0.00411334654857074,9.998210690619383e-07,0.004213328676057919
2076,0.004127735790285853,8.246962799544675e-07,0.004210205448250617
2077,0.004083077761254484,9.375076391763521e-07,0.004176828537076231
2078,0.0040984972410144345,9.159216680869107e-07,0.004190089428917535
2079,0.004129037230966553,1.0069779818877578e-06,0.004229735034788328
2080,0.0042581942322994434,8.791735144915302e-07,0.004346111556515098
2081,0.004027033187148552,8.511157789730679e-07,0.00411214476691619
2082,0.004032670835693998,7.947931210090305e-07,0.004112150144552992
2083,0.004295518539185005,8.183067221110715e-07,0.004377349189692928
2084,0.00447211627878489,9.35742539167545e-07,0.00456569050889342
2085,0.004027569681526192,8.295098155031155e-07,0.004110520668027382
2086,0.004093889657768511,8.196409398366203e-07,0.004175853780320575
2087,0.004052664874301803,8.27950032089575e-07,0.004135459901825074
2088,0.004109169168758297,8.671649718581325e-07,0.004195885650152641
2089,0.004007079984031377,8.076818198054341e-07,0.0040878481532056485
2090,0.004070938016558366,8.721230437180155e-07,0.004158150337095703
2091,0.0041886745922027095,8.43487047434117e-07,0.004273023253547088
2092,0.004082964522944343,8.148962783413862e-07,0.004164454151665972
2093,0.004057830875559199,8.239479345115063e-07,0.004140225682227361
2094,0.004049124346385079,8.490962514887572e-07,0.004134033934303349
2095,0.004052245020565968,8.871043981402651e-07,0.004140955448571232
2096,0.004107169326274625,9.332528102570523e-07,0.004200494630382427
2097,0.004217057571476025,8.872130424166361e-07,0.004305778904968212
2098,0.004224503367778755,1.0464528702780832e-06,0.004329148642418366
2099,0.004149571384092973,8.244134509397789e-07,0.004232012779421864
2100,0.004225520642414209,8.389967033948662e-07,0.004309420338681628
2101,0.004131633570537933,7.971172210325735e-07,0.004211345251889959
2102,0.004043967936248068,7.983559583173643e-07,0.004123803543587846
2103,0.004004126196847328,8.157763116492612e-07,0.004085703843062924
2104,0.004033368554026369,8.85863711676305e-07,0.00412195491334123
2105,0.004059540791316859,8.043357906312702e-07,0.0041399743528135365
2106,0.0047347144178685645,1.0897520995410647e-06,0.004843689651498871
2107,0.00439113664681152,9.78716079478017e-07,0.0044890082696632996
2108,0.004438030428343242,9.03226488125872e-07,0.004528353058342491
2109,0.004048673984324259,8.739268907682403e-07,0.004136066658482436
2110,0.00431544846674848,9.111452329541921e-07,0.004406562983809459
2111,0.004138971453592662,9.846393562574738e-07,0.004237435382580565
2112,0.004272596865531898,9.415689639295564e-07,0.004366753728038842
2113,0.004040015290581411,9.968347413750082e-07,0.004139698771459441
2114,0.004120880189622121,8.367321679396545e-07,0.00420455340926926
2115,0.0040227439810311605,8.167368150679977e-07,0.004104417658621265
2116,0.003979684409475134,8.909139468884067e-07,0.004068775831030742
2117,0.004012009391801492,8.306825850834889e-07,0.0040950776498404244
2118,0.003990970642095612,7.766245414219861e-07,0.004068633098335516
2119,0.004199285796212573,8.587804300517629e-07,0.004285163861969786
2120,0.004190575767068132,9.63346865905952e-07,0.0042869104898624845
2121,0.004039583795313393,8.832356002130837e-07,0.00412790737895956
2122,0.003944712585859721,8.149748432808865e-07,0.00402621004820591
2123,0.004066966008394957,8.942130233985916e-07,0.0041563873359512895
2124,0.004051150228347509,8.311485049166696e-07,0.004134265082557836
2125,0.003983986098319292,8.465053211224469e-07,0.00406863666590183
2126,0.004187946801163977,8.424972751556432e-07,0.004272196486952805
2127,0.004016280069106048,8.147046976832386e-07,0.004097750523097573
2128,0.004045610931972342,8.074461066503464e-07,0.004126355525166277
2129,0.004106073152093637,8.567010867878824e-07,0.00419174324000074
2130,0.004119083781035677,9.016899885101603e-07,0.004209252802895442
2131,0.004197240867201359,9.250619266441067e-07,0.004289747080615451
2132,0.004019595126831724,8.055841032816511e-07,0.0041001535681707245
2133,0.0040477563536936234,7.698766151612113e-07,0.004124743984110894
2134,0.0039698834936585155,7.688551297559893e-07,0.004046769024083211
2135,0.004255838737252259,9.950289579812247e-07,0.004355341661721468
2136,0.004401117615822342,9.581668608359083e-07,0.00449693429794523
2137,0.003997735874426942,9.195316267558214e-07,0.004089689054977029
2138,0.003994498289220275,8.517426683665103e-07,0.004079672590559048
2139,0.003998549189418554,7.79862217871508e-07,0.004076535437977122
2140,0.004039191723530812,8.69013805890239e-07,0.004126093125030879
2141,0.0041273031533966146,1.0659173037839214e-06,0.004233894877195839
2142,0.0040102643636806354,9.175406199985094e-07,0.004102018413945071
2143,0.0041178083272590755,9.474830852512593e-07,0.004212556624664895
2144,0.004097544415403278,8.145550876384556e-07,0.004178999945701611
2145,0.00398673270378382,8.201700713852329e-07,0.004068749731466655
2146,0.00413666054936907,8.625077392084237e-07,0.004222911316901445
2147,0.004302591303243271,9.447613380079049e-07,0.004397067429137326
2148,0.004360997801526419,9.165131256938161e-07,0.004452649083349013
2149,0.00416924947151734,1.019170788881198e-06,0.004271166541823937
2150,0.004405679969838069,8.565990858568835e-07,0.00449133988830351
2151,0.004119133959794717,8.621473005904033e-07,0.004205348691151988
2152,0.004095330954559388,8.500341477297151e-07,0.004180334418291046
2153,0.003963633898585554,8.168085459616239e-07,0.0040453147864149466
2154,0.0041902236670496,8.76068770961161e-07,0.0042778305679319365
2155,0.004032837279561547,7.996005394723456e-07,0.004112797323614359
2156,0.003970751824278024,8.981053838397202e-07,0.0040605623470318895
2157,0.003988040618658546,8.632385658764237e-07,0.004074364449949034
2158,0.0039955132430599585,8.304861819030316e-07,0.00407856187572883
2159,0.003956807371709616,7.879931830199982e-07,0.004035606694918486
2160,0.004064682750932632,8.023001379525898e-07,0.004144912743340096
2161,0.004108618794670028,8.598199604919852e-07,0.004194600793022302
2162,0.004344085291508705,1.0011031723743438e-06,0.00444419561104188
2163,0.004121114815314931,7.96855521266773e-07,0.004200800367060208
2164,0.004186277796003607,9.885820616311261e-07,0.004285135989888541
2165,0.004040387834632589,8.415245192296542e-07,0.004124540272319029
2166,0.004031213623802027,8.07030676608725e-07,0.004111916713056064
2167,0.004055410067761137,8.203879247048462e-07,0.004137448853843154
2168,0.004127952916127059,8.953938042337071e-07,0.0042174923188623885
2169,0.003999148097430025,8.559610881592004e-07,0.004084744212788439
2170,0.003992539980719166,8.413157260175437e-07,0.004076671568797
2171,0.003985487232585588,9.408427690833642e-07,0.0040795714969957065
2172,0.004045047827305332,9.644233537367274e-07,0.0041414901403890505
2173,0.004382511232829382,9.766869014481104e-07,0.004480179932509218
2174,0.003960827868732233,8.650405059216287e-07,0.004047331933472906
2175,0.004020977742789734,9.38269531689589e-07,0.0041148046992959516
2176,0.004153145191770407,8.728869422538405e-07,0.004240433858226865
2177,0.0039640211710526094,8.494644923244308e-07,0.0040489676513619
2178,0.004172474175931946,9.400756194707121e-07,0.004266481726400314
2179,0.004247788662811921,1.09361895745737e-06,0.004357150568056011
2180,0.004061506325078588,8.102669081352125e-07,0.004142533003863308
2181,0.004379586955051749,9.099845453508146e-07,0.0044705854248135325
2182,0.003987599044076858,8.379608035988162e-07,0.0040713951156865205
2183,0.004358297529359979,8.541513605656115e-07,0.004443712675222947
2184,0.004118563945315058,8.22722890989685e-07,0.004200836245511328
2185,0.003995203893751868,7.8311011880179e-07,0.004073514956079664
2186,0.004048576638583214,9.384276242393929e-07,0.004142419412551868
2187,0.003983723698183894,8.004309228043336e-07,0.004063766765137834
2188,0.004007575627897055,7.750693128165891e-07,0.004085082560777664
2189,0.003969887203927483,8.071549381560133e-07,0.004050602678269628
2190,0.003996799722494137,8.520647450114343e-07,0.004082006192015064
2191,0.003960409284298939,8.371928453426893e-07,0.004044128596902855
2192,0.003969623534489543,8.543215754329023e-07,0.0040550556769894976
2193,0.003988903902110553,9.168829709808286e-07,0.004080592211516154
2194,0.003959372331718764,1.0129081715604116e-06,0.004060663140168594
2195,0.0040248119152121,8.301170407409495e-07,0.004107823602915291
2196,0.003985182006633089,7.693289049829248e-07,0.004062114906827769
2197,0.003979590390959094,9.675001266376996e-07,0.004076340416025731
2198,0.004056191439890573,8.363706382947238e-07,0.0041398285257239495
2199,0.00407814584492195,8.47931256621157e-07,0.004162938972454398
2200,0.004045851949241853,8.238038437793289e-07,0.004128232335431441
2201,0.004337167457467125,8.994375570358486e-07,0.004427111204413157
2202,0.004229862836279696,9.415149021709024e-07,0.004324014343681836
2203,0.003930605241968747,7.990532730394578e-07,0.004010510548288303
2204,0.003994085931129033,8.635824648932142e-07,0.004080444198822783
2205,0.004029367727437808,8.386487556597257e-07,0.004113232649321999
2206,0.004045678963584285,8.889920672294054e-07,0.004134578157156225
2207,0.003998394206827206,8.584310777340791e-07,0.004084237287902544
2208,0.0040618654025057635,7.945064413111287e-07,0.004141316043152925
2209,0.0040427749270513175,8.753397962884206e-07,0.004130308891856863
2210,0.003994644814801793,7.774974234610366e-07,0.0040723945675117355
2211,0.003947446851300136,9.163432133802065e-07,0.004039081181549738
2212,0.003938302532919953,8.085371408953741e-07,0.004019156248579102
2213,0.0039295301952910035,8.192864734448977e-07,0.004011458875010571
2214,0.003971020931438092,8.287791025219533e-07,0.004053898876713168
2215,0.003984228948191289,8.240906555006551e-07,0.00406663800259271
2216,0.00393220902450623,8.296345831401977e-07,0.004015172493734186
2217,0.0040582533805601055,8.068890411455105e-07,0.00413894226714488
2218,0.004028273145517995,8.908813939459863e-07,0.004117361277401928
2219,0.003957628069685832,8.336537630824634e-07,0.004040993472200728
2220,0.004493279007053183,1.029589331239784e-06,0.004596237949426135
2221,0.004016041425206969,8.090713370092412e-07,0.004096948556722172
2222,0.003996996501941354,8.153911883181859e-07,0.004078535595908761
2223,0.0040563415856130665,8.344165595894259e-07,0.004139783273961755
2224,0.004029773754037676,8.600310366091435e-07,0.004115776827318534
2225,0.004076860439512999,8.889836819082942e-07,0.004165758821933019
2226,0.004294806753375357,8.495973463962605e-07,0.004379766444946008
2227,0.004172616014857927,8.493653280633988e-07,0.004257552498470872
2228,0.003972269384370696,8.222486206749078e-07,0.004054494254711655
2229,0.004197505069896579,9.135985105639255e-07,0.00428886491534931
2230,0.00433457842577369,9.91794420755351e-07,0.004433757865861539
2231,0.004238957178688819,1.099188537981747e-06,0.004348876059896523
2232,0.003956470293022932,7.99395530931736e-07,0.004036409847979103
2233,0.003974749263556254,8.648262282364275e-07,0.004061231900367045
2234,0.0039011594584031453,8.149920099933825e-07,0.003982658648202496
2235,0.003923317853121027,7.885579572258951e-07,0.004002173641516316
2236,0.003978782784073583,7.912719994355059e-07,0.004057909977892714
2237,0.003919421417278147,8.260169506097408e-07,0.004002023112749861
2238,0.004103195192592759,8.894202375314865e-07,0.004192137264556462
2239,0.003972247813738162,8.66544799156409e-07,0.004058902302095967
2240,0.004052054061884841,9.517328826111606e-07,0.004147227380364653
2241,0.004012102238653648,8.433015471881287e-07,0.004096432408738521
2242,0.0040088618369472605,8.195261546373536e-07,0.004090814483201792
2243,0.004011833251664235,9.297532946836708e-07,0.004104808573761294
2244,0.003973117233404229,7.908761803733913e-07,0.004052204868545936
2245,0.00404698284523141,9.706548226976368e-07,0.004144048318266869
2246,0.0039423852257670896,1.0360915178998473e-06,0.004045994366489111
2247,0.0040389842413846525,8.063542014174492e-07,0.004119619652028045
2248,0.004017243199350853,8.397948986825096e-07,0.004101222696443719
2249,0.003949232437016983,8.45485768393466e-07,0.004033781024777601
2250,0.003947106152472477,7.995755870451244e-07,0.004027063718005534
2251,0.003934477065359393,8.166729303998328e-07,0.004016144411458123
2252,0.004178823467584387,8.719132401599763e-07,0.004266014735725137
2253,0.003943280181697299,8.113474171794575e-07,0.004024414871368677
2254,0.004230392616121999,8.575986058648625e-07,0.004316152463997564
2255,0.0038932401221245527,8.964996562744707e-07,0.003982890074351622
2256,0.0039639639397782665,8.333196521356689e-07,0.004047295919829799
2257,0.004088014101369246,9.040490068958118e-07,0.004178418995692364
2258,0.003919768838151809,7.925599117785873e-07,0.0039990248098488775
2259,0.003942449727366047,8.483480637404417e-07,0.004027284546605041
2260,0.004145727680635548,8.763182658948344e-07,0.0042333595094180875
2261,0.003978282115572403,8.161981888347767e-07,0.004059901911645166
2262,0.004014492297785417,8.456319146570158e-07,0.004099055486280591
2263,0.00392855886339901,8.561392024280541e-07,0.004014172771524998
2264,0.004047006909405032,9.748302340261534e-07,0.004144489915380555
2265,0.003978111232901292,9.659908458513288e-07,0.004074710316114848
2266,0.004065213514672172,8.95226305014911e-07,0.004154736146090492
2267,0.004161327333760357,8.249217246209868e-07,0.004243819523722895
2268,0.003944025525162297,8.120263256357923e-07,0.004025228156317626
2269,0.004080232014999755,7.99859492417454e-07,0.004160217955828675
2270,0.004185630474239588,1.000526411541702e-06,0.0042856830893264666
2271,0.003843350208274299,7.852235516140589e-07,0.003921872575677211
2272,0.004036194907741681,8.72504807786402e-07,0.004123445382461914
2273,0.003976946028189794,9.095648172132637e-07,0.004067902498307728
2274,0.003960234353378896,8.466834775654499e-07,0.004044902676175679
2275,0.004224699831778003,8.617454121180814e-07,0.004310874366051247
2276,0.004715195128453835,1.0558302850797424e-06,0.004820778139776761
2277,0.004028607610492937,8.042025423228258e-07,0.00410902785557893
2278,0.0039840692864550695,8.95029916503723e-07,0.004073572284992664
2279,0.003965832067713622,8.367278551744559e-07,0.004049504836720805
2280,0.003930720598286678,8.865326028553095e-07,0.00401937387012426
2281,0.003939599091667802,7.863155962050152e-07,0.004018230649131921
2282,0.0040399657352076426,8.712798907870292e-07,0.004127093703455983
2283,0.004120641846149679,9.719295235299796e-07,0.004217834790207205
2284,0.004041487561358559,9.066999217382897e-07,0.004132157582188806
2285,0.004183933649572634,1.133099482514456e-06,0.004297243581423836
2286,0.003971272523725225,9.264280225256845e-07,0.004063915348641815
2287,0.003932672282380443,9.595446389568912e-07,0.00402862677020171
2288,0.003930030668514871,8.487106734103309e-07,0.004014901726716949
2289,0.004332549321735578,9.375887822399466e-07,0.00442630817903386
2290,0.004016783614192278,9.401572466201962e-07,0.004110799306222508
2291,0.004085473453385695,9.266688589231043e-07,0.004178140327454575
2292,0.004155883190011786,8.38792409981139e-07,0.004239762434735894
2293,0.004082484005559836,9.190971890083963e-07,0.004174393744418217
2294,0.004072409363523606,9.599670552380566e-07,0.0041684060687980345
2295,0.004225617913048594,9.60748203001018e-07,0.004321692721737969
2296,0.004136290581476304,9.499743030925944e-07,0.004231288015181499
2297,0.0040244288637392945,8.45740687289494e-07,0.004109002927678728
2298,0.004004509856684073,8.166916997300089e-07,0.00408617903538529
2299,0.003928373312397349,7.945580478008196e-07,0.004007829120382667
2300,0.003888148664226455,8.654272080328214e-07,0.003974691416407304
2301,0.0039683373479713355,8.545720293700616e-07,0.004053794583606143
2302,0.00422428373337513,9.560376842302737e-07,0.004319887518161728
2303,0.003979434507087835,8.258130716028738e-07,0.004062015811101564
2304,0.003848767846882824,7.723902989886072e-07,0.003926006889331245
2305,0.00399154705566264,8.654717035941788e-07,0.004078094231625719
2306,0.004031448940476102,1.0739890967670362e-06,0.004138847873095543
2307,0.004012405849812973,9.400476415066805e-07,0.004106410628845615
2308,0.004073758346719607,8.152693637032738e-07,0.004155285265897551
2309,0.003906841006790919,7.852950826388898e-07,0.003985370516837124
2310,0.004006777206555971,8.716841373444044e-07,0.004093945642272311
2311,0.004010337149544108,8.453893527867847e-07,0.004094876063567015
2312,0.0039815995241365126,7.967543674860809e-07,0.004061274951504123
2313,0.004070245728437458,8.903150189560678e-07,0.00415927721487899
2314,0.003992940554575574,8.305423908759915e-07,0.004075994767669228
2315,0.003901994967412564,8.042532704900124e-07,0.003982420327262052
2316,0.0038873597438777645,8.214932853250854e-07,0.003969509094472854
2317,0.003956566594781414,8.260449780825565e-07,0.004039171121774181
2318,0.003960178383896428,9.532765720025289e-07,0.004055506039050317
2319,0.0038441565083039385,8.042251990093885e-07,0.003924579014100375
2320,0.004130434192296478,8.937346401874111e-07,0.004219807654378876
2321,0.003942734847265867,8.380473761257412e-07,0.00402653954112001
2322,0.004152177742892696,9.141516282016387e-07,0.004243592874357297
2323,0.0038741706990666927,7.895408349477586e-07,0.003953124757014936
2324,0.003915418637916446,7.721474363983538e-07,0.003992633375849935
2325,0.0038999323132297686,7.759264180564177e-07,0.003977524957829906
2326,0.00405991193087351,8.448318160316699e-07,0.00414439516832992
2327,0.004129709262821463,9.235353764603544e-07,0.004222062814439978
2328,0.004018806056269715,8.5982389185618e-07,0.004104788460197949
2329,0.00394882844580758,8.586966960284636e-07,0.00403469811464029
2330,0.004160868672413691,8.70743032200769e-07,0.004247942984464669
2331,0.004013871984376061,8.097014096341398e-07,0.0040948421003357055
2332,0.004109919326560151,1.0835900840697099e-06,0.004218278317562034
2333,0.003999918075879255,8.848963467068144e-07,0.004088407705327676
2334,0.00409462538007046,8.443474514258982e-07,0.00417906015119966
2335,0.003937684713051685,8.020534613522965e-07,0.004017890055453585
2336,0.004278145032003522,8.770430414892138e-07,0.004365849391286892
2337,0.00415485508499607,8.015039926953426e-07,0.004235005486876734
2338,0.004115550726231548,8.646008055738123e-07,0.004202010816023234
2339,0.0041905231698746645,1.041529071332456e-06,0.004294676060277608
2340,0.003955868853917045,8.440119670687578e-07,0.0040402700824122275
2341,0.004065703412878418,9.16123275190682e-07,0.004157315729366195
2342,0.004022065444939559,9.728457220878607e-07,0.004119349996589364
2343,0.003952516528267053,8.992598480055618e-07,0.004042442527509505
2344,0.003934366838826287,8.441715393811107e-07,0.004018783967401232
2345,0.003887189018930639,8.357031553655801e-07,0.003970759297390619
2346,0.004011874988434776,9.037447699161167e-07,0.004102249449539569
2347,0.0040378682841096195,8.470478108744916e-07,0.004122573048657467
2348,0.00385603956097076,8.06979143465381e-07,0.003936737460354643
2349,0.004098998345134239,9.253706542538918e-07,0.0041915354273852805
2350,0.004186471082991169,8.706312156948937e-07,0.004273534159085924
2351,0.003858656877832067,8.111323125141949e-07,0.003939770102020233
2352,0.0038762703883431613,7.9168543629015e-07,0.003955438928378205
2353,0.003881700036506499,8.294655803212898e-07,0.00396464659922546
2354,0.00385375824877091,7.812151004086885e-07,0.003931879801976104
2355,0.0040893636703971895,8.854841938397928e-07,0.004177912063295802
2356,0.003989328510097919,8.813493173699e-07,0.004077463463369397
2357,0.0042114953750804545,1.0076451842671244e-06,0.004312259911168967
2358,0.004081637808872807,8.158130471671146e-07,0.004163219142825373
2359,0.004125643416397994,8.657327634131023e-07,0.0042122166994358265
2360,0.003909435566334474,8.335818928307779e-07,0.00399279372856742
2361,0.003928910775650893,9.468663616614996e-07,0.004023597372936145
2362,0.004005679297411154,8.938008939425814e-07,0.0040950593538582325
2363,0.004089538961829197,9.5989797764853e-07,0.004185528749780309
2364,0.004020882740376457,9.513264741702099e-07,0.004116015418642952
2365,0.004157035536463222,9.087236996434043e-07,0.004247907917165468
2366,0.0042997973880940865,9.487876013736241e-07,0.004394676115724349
2367,0.00387653133140937,8.825788845276674e-07,0.003964789226771363
2368,0.003926119699533428,1.080537398109065e-06,0.004034173412008151
2369,0.004102478772702236,9.196875629230259e-07,0.004194447545394782
2370,0.003961135791013798,8.705771080947729e-07,0.004048193489471751
2371,0.004020424972799036,9.062522083020726e-07,0.004111050192507044
2372,0.003952803090214729,8.665380824646902e-07,0.004039456880080604
2373,0.0039099227531903214,8.507593138933918e-07,0.00399499865729482
2374,0.0038941777686798767,8.626627255404357e-07,0.0039804440532480515
2375,0.004013185269169269,9.123109154437947e-07,0.004104416374297392
2376,0.0038606973530183877,8.289853084416761e-07,0.003943595885028762
2377,0.003957420287113036,8.586266557681337e-07,0.00404328296351577
2378,0.0038588988564668162,8.031240851426358e-07,0.003939211233368804
2379,0.004230857331065401,8.887307323616809e-07,0.004319730387519925
2380,0.0038344198011703067,7.876671108328259e-07,0.003913186498046402
2381,0.0039043803699314594,1.002857121904761e-06,0.004004666093556631
2382,0.0038720746299311997,8.154349119092419e-07,0.0039536181401701705
2383,0.0038926123581346003,7.95072799798119e-07,0.003972119659245495
2384,0.003939533666256935,8.529967717109801e-07,0.004024833343141983
2385,0.004354933396943154,9.034893651005405e-07,0.004445282351826468
2386,0.004201385455446378,8.774188553352067e-07,0.004289127307974042
2387,0.0040550987957225695,8.985770375235711e-07,0.004144956500479771
2388,0.004028900346208003,8.835908165712036e-07,0.004117259410239996
2389,0.004010667446099462,8.046652642552809e-07,0.004091133964398215
2390,0.00390687815454458,8.376632338020558e-07,0.003990644483917182
2391,0.004252245634674064,1.001287433067069e-06,0.004352374370360086
2392,0.003969427325852936,8.598217483091914e-07,0.00405540952699319
2393,0.00383203353492483,8.91728283873348e-07,0.003921206342056394
2394,0.004168642031389379,8.973446905392555e-07,0.004258376486118763
2395,0.00423677911561343,8.358786988449743e-07,0.004320367006585002
2396,0.003926706477819431,8.380394638885675e-07,0.004010510450649646
2397,0.004031155288459793,8.697922856798311e-07,0.0041181345455228325
2398,0.003804232767452636,8.296699635842919e-07,0.003887199729140247
2399,0.00390272043014486,7.852153643280842e-07,0.003981241963863853
2400,0.003890501275177925,8.228906487543539e-07,0.0039727903542018704
2401,0.0041403219314111814,8.659831440039148e-07,0.004226920277541203
2402,0.004011735898412524,8.506895688521083e-07,0.00409680484012971
2403,0.004106624930676433,1.0211848117221728e-06,0.004208743407000457
2404,0.003851510313970427,1.005771856222465e-06,0.003952087519029456
2405,0.003971275250096956,9.349585822394968e-07,0.004064771076363902
2406,0.0038562454208130796,9.336240069505068e-07,0.003949607812589215
2407,0.004020977412320433,8.376735811379472e-07,0.00410474480069693
2408,0.004377220494432315,9.449930537870856e-07,0.004471719828284075
2409,0.003932681745819507,8.496004911208846e-07,0.004017641827944786
2410,0.0039585550510955435,8.819845939181124e-07,0.0040467535220687426
2411,0.003845317386871865,8.340924109102015e-07,0.003928726591590432
2412,0.00383534720317731,7.856858298011151e-07,0.003913915761175656
2413,0.003949219390990273,8.199587587261059e-07,0.0040312152986805285
2414,0.0039864948485046625,8.927567866903114e-07,0.00407577051420606
2415,0.0039738495984385095,9.255698097560174e-07,0.004066406583954249
2416,0.0038524250905480114,8.614887549136314e-07,0.003938573953365126
2417,0.003930248350145355,8.808660657949428e-07,0.004018334964770944
2418,0.0038914183950832775,8.797951247816531e-07,0.0039793979001021195
2419,0.003905289370806948,8.618570324224786e-07,0.003991475088461753
2420,0.003812668229182882,8.160082731387041e-07,0.0038942690458028547
2421,0.0038933789868268276,7.863997611381027e-07,0.0039720189337047835
2422,0.0039519209925445815,1.0043050631412047e-06,0.004052351484255445
2423,0.00406552808389308,8.373090296235234e-07,0.004149258992965183
2424,0.003809840929123663,9.16343838657814e-07,0.00390147534199059
2425,0.0038774314772097333,8.281200305851422e-07,0.003960243538923321
2426,0.003839796093562918,8.596941696733636e-07,0.0039257655265711
2427,0.004021188206670265,8.340322980779269e-07,0.004104591440409422
2428,0.003887964975869944,9.048555416630998e-07,0.003978450534745089
2429,0.0039816922433073484,9.223339596305338e-07,0.004073925639292405
2430,0.0038676986005157232,8.173662129065047e-07,0.003949435217486274
2431,0.003912233762563237,8.013856061904423e-07,0.0039923723201237375
2432,0.003993697682275406,8.73368941439924e-07,0.004081034589739096
2433,0.0040633812952306,9.130518125652265e-07,0.004154686478056734
2434,0.0038140417347031254,8.221807404644947e-07,0.0038962598078914226
2435,0.0038052663252118135,7.849441001986457e-07,0.0038837607228948226
2436,0.004097402553945299,9.401473283604343e-07,0.004191417299631623
2437,0.003848247154946289,8.564942225846959e-07,0.003933896558479436
2438,0.0038444612836164814,8.455584802944824e-07,0.00392901711165905
2439,0.004286959016275021,8.893218965831986e-07,0.0043758911816703695
2440,0.004661759091240745,1.0857205258998288e-06,0.004770331152324234
2441,0.0038965623149828563,8.042501844424659e-07,0.003976987329341711
2442,0.0038741847515226372,8.054483428608247e-07,0.003954729583534983
2443,0.00390876378233154,9.052985811033596e-07,0.003999293631603641
2444,0.0038405197011607307,1.0065380303287031e-06,0.003941173507501522
2445,0.00397830147055849,8.956814649389989e-07,0.004067869654165641
2446,0.003819646486531823,8.143020134030526e-07,0.0039010766758433273
2447,0.003945275442674756,8.266993375165781e-07,0.0040279453575250606
2448,0.0038882708026757164,9.243107041906877e-07,0.00398070186436657
2449,0.003818149558238445,8.03228064591343e-07,0.003898472374966068
2450,0.003889818503070743,8.843315835028695e-07,0.003978251644800748
2451,0.0038617230170676785,8.2484087494278e-07,0.0039442071405750125
2452,0.004032683701464726,8.687750598637063e-07,0.0041195611965151565
2453,0.003946429035896736,8.416759024223739e-07,0.004030596630107011
2454,0.003797612663718962,8.976823624511927e-07,0.003887380863870344
2455,0.004028174845922378,9.094568990657271e-07,0.004119120530724045
2456,0.00394994450072127,9.237209977278149e-07,0.00404231658115262
2457,0.003811808963937144,8.753402895426036e-07,0.0038993430188706806
2458,0.003977173458664648,8.67082460885168e-07,0.004063881715879806
2459,0.0044480146419617434,1.0333314581921807e-06,0.004551347765711046
2460,0.0042452571553088,9.270438182841556e-07,0.004337961537643305
2461,0.00397302818694903,7.921094588563127e-07,0.004052239109671885
2462,0.0044757648401202695,1.0126223280108646e-06,0.004577027077996923
2463,0.003966509860249296,8.136804746256178e-07,0.0040478779213322744
2464,0.003878212346124553,7.978172807417005e-07,0.003957994056925658
2465,0.003781071368364557,7.935644596786475e-07,0.003860427817750362
2466,0.0038443461225758637,8.380780899085127e-07,0.003928153948377698
2467,0.003784318326882297,8.147490025440939e-07,0.003865793212166717
2468,0.0038420910226000895,8.408894608868239e-07,0.003926179980138137
2469,0.003992196961095737,9.692030106077342e-07,0.004089117260469544
2470,0.0038177195651036117,8.676073970227369e-07,0.0039044802993415824
2471,0.003858942448371841,7.871470375580576e-07,0.0039376571789504055
2472,0.004180558761882205,8.838265957380034e-07,0.004268941401894535
2473,0.003917864298508052,1.0521451885793912e-06,0.004023078814028732
2474,0.004170673095711296,8.904727136019397e-07,0.004259720399615264
2475,0.003946228118072595,1.0148177033619094e-06,0.00404770992275688
2476,0.0039042483774885057,1.00558726363752e-06,0.004004807136352023
2477,0.004009375401261834,8.418974267266505e-07,0.004093565106872589
2478,0.0037735437283352496,8.197955961100712e-07,0.0038555232853057886
2479,0.0037909676771490804,8.275347340713779e-07,0.0038737211331364607
2480,0.0038502056061500505,8.696099191565149e-07,0.003937166612294893
2481,0.0039805082769523705,8.2270989585067e-07,0.004062779277803436
2482,0.0040680703767124685,8.952264682105329e-07,0.004157593000620123
2483,0.004173890657482609,8.686140004541695e-07,0.004260752019622634
2484,0.004119724944053638,9.269119250494706e-07,0.004212416122637449
2485,0.003824037927833776,8.229409955205366e-07,0.0039063320164718935
2486,0.003881481581277424,8.90843827780754e-07,0.003970565995381725
2487,0.003854092676192522,8.521267520131181e-07,0.003939305364544834
2488,0.004152537593918462,8.868347531314347e-07,0.004241221058633058
2489,0.003878168461303557,8.077109914812619e-07,0.003958939559637538
2490,0.003919761710529847,9.328550621860139e-07,0.004013047230640246
2491,0.0039037444418476472,8.587995367751348e-07,0.00398962437025001
2492,0.003922476335578869,8.516853371944424e-07,0.004007644861215545
2493,0.003959251019442754,8.434522170876247e-07,0.004043596248412805
2494,0.004047407197856134,8.610939461974457e-07,0.004133516629677146
2495,0.0038729192268463874,8.814008945210521e-07,0.0039610593099026915
2496,0.003791662916961697,9.181082510446187e-07,0.003883473725328522
2497,0.003975217200575336,9.803094225125894e-07,0.004073248154694034
2498,0.0038784417519045454,8.286529981476985e-07,0.003961307071750203
2499,0.0038455937042712203,8.325254065488068e-07,0.003928846274051935
2500,0.003802360906716316,8.513514242827847e-07,0.003887496062464291
2501,0.0038278715144242008,9.501155699904156e-07,0.003922883090713332
2502,0.0038349537344108666,8.675541109017016e-07,0.003921709098522702
2503,0.003778935425103672,8.092879196033942e-07,0.0038598642324007325
2504,0.004007323307075327,8.736803938664972e-07,0.0040946913462492724
2505,0.004188370703148746,8.798386723414766e-07,0.004276354646971149
2506,0.004094672441903141,9.641692233139287e-07,0.004191089346404037
2507,0.0038717636432979378,9.611810583010083e-07,0.003967881720933703
2508,0.003802188514401355,8.659507597580922e-07,0.003888783585881033
2509,0.003882427865098561,8.035354627985902e-07,0.00396278140796048
2510,0.003906867038759012,9.46381408451294e-07,0.004001505192249052
2511,0.0038886480183610993,8.285516628347978e-07,0.0039715031837864265
2512,0.0037912722421629776,8.191710537997301e-07,0.0038731893479463553
2513,0.003936615314394716,9.179817267625279e-07,0.004028413482310791
2514,0.0038960065707684525,9.135678829631117e-07,0.003987363351869487
2515,0.0038905637338757515,8.68228922964561e-07,0.0039773866414062435
2516,0.0039013164162996316,8.758306703824811e-07,0.003988899515881654
2517,0.003908525641647077,8.919216468477258e-07,0.003997717773722064
2518,0.003838762663485062,8.4663586295069e-07,0.003923426217008983
2519,0.0038214800503825947,9.021600120714508e-07,0.003911696051457717
2520,0.003895656183181751,8.923201870593109e-07,0.003984888159339467
2521,0.0038962716597222514,8.852452846176382e-07,0.003984796206256555
2522,0.0038102339848034806,9.283058246975058e-07,0.003903064598900176
2523,0.003866371112845598,8.181519026419987e-07,0.003948186313913715
2524,0.004034111719398248,8.248161058814261e-07,0.004116593356875162
2525,0.0038049346617152614,8.711256489204384e-07,0.0038920472105664593
2526,0.003981338934071602,8.554133651453031e-07,0.004066880236590101
2527,0.004008285453422896,8.592660580483602e-07,0.004094212030571314
2528,0.003800347011776701,8.288292622549512e-07,0.003883229944133951
2529,0.0038362485506842213,8.074038481525701e-07,0.003916988967947902
2530,0.0038630127786628663,8.750194396153317e-07,0.003950514733010242
2531,0.0038934852777709884,8.910935959295696e-07,0.003982594664839487
2532,0.003990081364228841,9.211233781746658e-07,0.004082193680768532
2533,0.003821985968839257,9.771362230029838e-07,0.003919699574790655
2534,0.003915218846692193,8.933412837288943e-07,0.004004552952885147
2535,0.0042464389060173306,9.516429086473974e-07,0.004341603211698032
2536,0.003960452267840024,8.18305339532432e-07,0.00404228282070929
2537,0.0038336958706138595,8.35615675177612e-07,0.003917257444212033
2538,0.0037738789593981157,8.541005095432939e-07,0.003859289028050919
2539,0.003881472598520979,8.470930747388328e-07,0.003966181959596372
2540,0.003842415896454646,8.303189008896175e-07,0.0039254477653171745
2541,0.003949703768857064,9.503988445841618e-07,0.004044743637824731
2542,0.0038927848330668866,9.009512862781599e-07,0.003982879949973956
2543,0.003812748360477628,7.893886137730255e-07,0.003891687276923368
2544,0.0039188669498769505,8.672659642768614e-07,0.0040055935406276295
2545,0.003874529100533935,8.925170486544365e-07,0.003963780807211033
2546,0.003912203104024933,8.843335033435001e-07,0.004000636433521586
2547,0.004196209074448674,9.106802061127852e-07,0.004287277100487582
2548,0.004630886904534793,1.0355641264933154e-06,0.00473444331287136
2549,0.004179623098142685,8.819866934572929e-07,0.004267821786925197
2550,0.003979164701435835,8.807524431352747e-07,0.004067239959934546
2551,0.00395180449460543,8.641666648790922e-07,0.004038221165237408
2552,0.003994883909340828,8.695940873475328e-07,0.004081843308203163
2553,0.0037972532332904876,9.000316074361176e-07,0.003887256404625312
2554,0.0038290394530180964,7.993249130689242e-07,0.00390897196296963
2555,0.003807636451036219,8.054933390109997e-07,0.0038881857969587847
2556,0.003955082164236134,9.351268240900554e-07,0.004048594859458746
2557,0.003803090793230841,1.1300364638871895e-06,0.00391609444012565
2558,0.0037476475981454696,9.114786196058107e-07,0.0038387954775844853
2559,0.0038691892949563843,8.665492732835711e-07,0.003955844196400816
2560,0.0037453979358918242,7.824215873047398e-07,0.003823640117902429
2561,0.004030261549257463,8.861104396190409e-07,0.004118872618663215
2562,0.003948247368117014,8.69230865235647e-07,0.004035170430377606
2563,0.004055642320083514,8.973906640295031e-07,0.004145381363829778
2564,0.003907635192116422,8.853861389422579e-07,0.00399617379110667
2565,0.003873801677517833,9.557464222193483e-07,0.003969376313409979
2566,0.0038260547744650994,8.766048264049224e-07,0.003913715233906142
2567,0.0038516095223566217,8.413406032647594e-07,0.003935743618996874
2568,0.0039021073720387875,7.980280359685909e-07,0.003981910157768476
2569,0.003887234496012811,8.72860332199179e-07,0.003974520466140201
2570,0.003839137257948037,8.59146554845328e-07,0.003925051908158968
2571,0.003904347736088018,8.283982094414364e-07,0.003987187557222862
2572,0.003877697272166129,9.325119828146502e-07,0.003970948491065252
2573,0.003876233803889444,8.117704073957876e-07,0.003957410831184637
2574,0.0040267412550747395,8.328848256526051e-07,0.004110029770902569
2575,0.0038748147086270393,8.930586399137317e-07,0.003964120574716118
2576,0.003964111269001038,9.423973284033456e-07,0.004058350996685124
2577,0.0037583752099664943,7.942009867820748e-07,0.0038377953122460074
2578,0.004203915731200288,8.753948390544646e-07,0.004291455216345287
2579,0.0039546183130193145,8.456516539926299e-07,0.004039183439266297
2580,0.003947409988951779,8.660685704941693e-07,0.004034016852176959
2581,0.0038450810863005537,1.0586359662151916e-06,0.003950944688591746
2582,0.0038256147621019234,8.550659620067886e-07,0.003911121342811854
2583,0.0038220515970381038,8.016089439831464e-07,0.0039022124838083982
2584,0.0039535696663322946,8.29395191665812e-07,0.004036509161514621
2585,0.003835126735089767,8.490949587593928e-07,0.003920036217858715
2586,0.003840326564386487,8.74931077437542e-07,0.003927819671169404
2587,0.003818518437084652,8.41966773864002e-07,0.0039027150975720535
2588,0.003911002907120893,9.607849935286316e-07,0.004007081433589901
2589,0.003781631866830491,9.366483042075772e-07,0.003875296668059403
2590,0.0038197960914863696,8.542817153606701e-07,0.003905224253333384
2591,0.00385788602814559,8.713043041186006e-07,0.00394501646740302
2592,0.0037741247459404893,8.0487756892375e-07,0.003854612511913142
2593,0.003786761328698166,8.145020087208503e-07,0.0038682115264236927
2594,0.0038919619645082183,8.501883309192284e-07,0.003976980802573023
2595,0.0038052006143956415,8.676009957203097e-07,0.0038919606952056767
2596,0.003917755551576134,8.819917873610863e-07,0.004005954721041264
2597,0.0038376647618509107,8.459601707316676e-07,0.003922260832041502
2598,0.0037865246976575544,8.662806917967711e-07,0.003873152763492638
2599,0.0038935570046305656,8.514619260553915e-07,0.0039787032010574494
2600,0.004026352735837141,8.772033931065028e-07,0.004114073077817598
2601,0.003887752303853631,8.712808241192937e-07,0.00397488038476196
2602,0.003952091905258356,9.516606236238365e-07,0.004047257945902886
2603,0.0038390529807657003,8.834851354872479e-07,0.003927401499822736
2604,0.003842156260244308,8.03118270610984e-07,0.00392246805882502
2605,0.0038534271936382977,8.930662954386912e-07,0.003942733833325967
2606,0.003816897222291558,8.189981342858969e-07,0.0038987970310113123
2607,0.003867617650558391,9.65008223008021e-07,0.00396411847172966
2608,0.0038998988607237416,9.210635330565575e-07,0.003992005221305355
2609,0.0037570764205508657,8.569084002374439e-07,0.003842767275449249
2610,0.0038377033065884344,8.3881436437643e-07,0.003921584714384329
2611,0.0041728574752567275,9.800060253485666e-07,0.004270858063753094
2612,0.003969782790649802,9.140442308131653e-07,0.004061187219415461
2613,0.0039210394325275575,8.252275935569009e-07,0.0040035621833897405
2614,0.0037498532929607937,8.789611474786662e-07,0.003837749399545212
2615,0.003956917034942777,9.889892842165277e-07,0.004055815914105023
2616,0.00401017289879101,9.209977212131273e-07,0.004102272680029273
2617,0.003721956554199419,8.362076315396764e-07,0.0038055773493984053
2618,0.0042301315829278,8.738597568569071e-07,0.0043175175876146365
2619,0.003822906513608271,9.233374458422223e-07,0.003915240259600743
2620,0.004044095737739436,9.784334686687104e-07,0.004141939105466008
2621,0.0037442571258232476,8.450501222649754e-07,0.0038287621442108385
2622,0.003769544599157187,8.376762949527831e-07,0.003853312220364328
2623,0.003805781549383556,8.26820630370475e-07,0.0038884636164913254
2624,0.003889930952760962,9.270207453570742e-07,0.003982632991767699
2625,0.003751120755388852,8.315874241258914e-07,0.0038342794869095087
2626,0.0038566820308445922,8.454936311218555e-07,0.003941231422246464
2627,0.0037622401911404824,8.21804006121848e-07,0.0038444205833178375
2628,0.003870926504474013,8.887242668812001e-07,0.003959798907500601
2629,0.0037948424221887706,8.643128459821568e-07,0.003881273701065971
2630,0.0038356367093060287,9.306198065924916e-07,0.003928698704487855
2631,0.00383561234470577,9.70232851995529e-07,0.0039326356303307315
2632,0.0039442486820682405,8.822120482745372e-07,0.004032469857784529
2633,0.0038068938639856153,9.179634965280017e-07,0.0038986901992992045
2634,0.0037632441043012567,9.178175354639778e-07,0.0038550258614122868
2635,0.0037608007044200938,9.740211082991604e-07,0.003858202797991614
2636,0.003794820926662895,9.152723915547305e-07,0.0038863481923697455
2637,0.003796446993346176,8.879204092555747e-07,0.0038852390247367083
2638,0.003828485383682193,8.726587232617491e-07,0.003915751240246238
2639,0.00385017029850954,8.923323478836298e-07,0.003939403558991129
2640,0.003993935650214553,8.759531587818328e-07,0.004081530992182032
2641,0.003744299087913767,8.342344424436892e-07,0.0038277225178335946
2642,0.00390713878216282,9.214819886349892e-07,0.003999287014706961
2643,0.0038094941541672715,9.221880737465155e-07,0.0039017129644391036
2644,0.003996382572598035,9.397437694250614e-07,0.004090356933433683
2645,0.0038387445402481863,8.471472171784684e-07,0.003923459256428384
2646,0.0041357112312389,8.959471859182691e-07,0.004225305950028762
2647,0.0043059305302918915,9.53722547130324e-07,0.00440130278378004
2648,0.0037773059485780615,8.944940700970502e-07,0.003866755343492954
2649,0.0037823625569862705,8.82875370632152e-07,0.0038706500744146687
2650,0.0037840142425510192,8.084715857641582e-07,0.0038648614089094825
2651,0.0037760129573965267,8.208769559719404e-07,0.0038581006604457096
2652,0.003893003979277226,8.780353497176323e-07,0.003980807516904127
2653,0.0038542499270049794,9.387891538843236e-07,0.003948128849808727
2654,0.0037456756127217123,8.71172799619554e-07,0.0038327929083137743
2655,0.003806724798895659,8.473672598865374e-07,0.003891461491284351
2656,0.0039975347012401585,1.0590294510298155e-06,0.004103437674442126
2657,0.003769072749081158,8.516291997341707e-07,0.003854235716825051
2658,0.003870580458052216,9.995339309493683e-07,0.003970533834710237
2659,0.004015784312580381,9.322863657842155e-07,0.004109012931885738
2660,0.0038594996196127706,8.270311728929594e-07,0.003942202716585129
2661,0.00380410416983068,8.748228072275402e-07,0.0038915864387226683
2662,0.003864184720441699,9.949825132406982e-07,0.003963682958255371
2663,0.0039098184450619645,8.761397390527794e-07,0.003997432398459603
2664,0.0037829890441630157,8.04483266297358e-07,0.0038634373716289
2665,0.0038352133931532023,8.710580272558981e-07,0.003922319204937066
2666,0.0037580801534556575,8.385067534647768e-07,0.00384193079005326
2667,0.0038593884993104203,9.205354980358313e-07,0.003951442007335925
2668,0.0038071818304278196,8.695798233167162e-07,0.0038941398247956268
2669,0.004032031850769154,8.982491316777257e-07,0.004121856816533593
2670,0.004090497442971795,8.247635623921534e-07,0.004172973785429231
2671,0.0038551872806443324,8.235825926901945e-07,0.003937545570454771
2672,0.004082651290621969,8.9420803768066e-07,0.004172072107453019
2673,0.004148709978307447,8.947609022734762e-07,0.004238186066129034
2674,0.0037469524484608444,8.156357947178372e-07,0.0038285160422204963
2675,0.0037123885516437793,1.0076366687562475e-06,0.003813152193963047
2676,0.00378670574225966,8.290860514828256e-07,0.003869614346073039
2677,0.00395157121332182,9.974848632238365e-07,0.0040513196990134255
2678,0.0037682123422141996,8.597267482870055e-07,0.0038541850123193955
2679,0.004435081327814729,9.831463987006095e-07,0.004533395997338718
2680,0.004164774669334292,8.467783602334807e-07,0.004249452500634136
2681,0.0037661876995116472,8.352439852299745e-07,0.003849712102824161
2682,0.0038194640449458555,8.411302221042382e-07,0.00390357707416819
2683,0.004041918200410662,1.0013012936929777e-06,0.004142048280505884
2684,0.0038162578768547503,8.822212367381472e-07,0.0039044799763829478
2685,0.003815860675287343,7.949123564978964e-07,0.003895351926105157
2686,0.0037801989143894563,8.647427839311985e-07,0.0038666732068504055
2687,0.003942438859432455,8.839630071076587e-07,0.004030835123792771
2688,0.0037565485634390387,8.121572195265006e-07,0.003837764278174408
2689,0.0038026029980110544,8.318292176931385e-07,0.0038857859063653214
2690,0.0037525658375553547,7.958340395288683e-07,0.0038321492292227284
2691,0.003778093389325565,9.279345106498964e-07,0.0038708868406472667
2692,0.003750369989223057,8.397903255377793e-07,0.0038343490582079657
2693,0.0038384710994338795,8.25613727233905e-07,0.003921032470140246
2694,0.0037724283794241566,8.359916467182507e-07,0.003856027558926613
2695,0.0038380298177681624,8.161466226855766e-07,0.0039196444840561
2696,0.003759606583644786,8.969774673841453e-07,0.0038493043562817957
2697,0.003827933109395446,8.703362203549101e-07,0.003914966728658446
2698,0.004021006418512233,9.28032112633739e-07,0.00411380962618897
2699,0.0038071136636238906,9.235489932096595e-07,0.0038994685521409394
2700,0.003760607432453863,8.771027820887778e-07,0.003848317687609984
2701,0.0038087786205353276,9.183730350243071e-07,0.003900615919020868
2702,0.004304084235862378,1.0317387074293594e-06,0.0044072580884300895
2703,0.0038030652870093625,8.464814945616508e-07,0.003887713443668139
2704,0.0038217996742816703,8.075113335566599e-07,0.003902550816776291
2705,0.0037577002339305417,8.523518189459507e-07,0.0038429354167272968
2706,0.0037402140141855325,9.520603813847805e-07,0.0038354200566367755
2707,0.003746436405626516,8.776290512962019e-07,0.0038341993030401008
2708,0.003776498574523195,8.621413393660576e-07,0.003862712705027192
2709,0.0038198514300728996,9.468630995827205e-07,0.00391453773444218
2710,0.003929486423129997,9.45124451933929e-07,0.0040239988555831295
2711,0.003888586002792562,8.847870019728303e-07,0.003977064726754061
2712,0.0038140109409728357,8.162340441964672e-07,0.0038956343421652434
2713,0.00389266439953879,8.306165165278447e-07,0.0039757260632130404
2714,0.0037393350484630754,8.232111227815979e-07,0.003821656205541184
2715,0.0037964682335094096,8.439014102863909e-07,0.003880858368751022
2716,0.0038261321793881154,8.540059532665069e-07,0.003911532784601854
2717,0.003985208677007786,8.737778381556939e-07,0.004072586442494104
2718,0.003982790888497426,8.689574208860464e-07,0.004069686611934054
2719,0.0036836033987422143,8.148633073247882e-07,0.003765089730281503
2720,0.003868273526970898,8.848741007597944e-07,0.003956760910730208
2721,0.003703770430518254,8.075874395598799e-07,0.0037845291662961245
2722,0.00368999668787564,8.117009172330596e-07,0.003771166775315519
2723,0.0036953470834921445,8.337987798122706e-07,0.003778726951549611
2724,0.00374751157998558,8.275708461452826e-07,0.003830268663624602
2725,0.0037351479198062614,8.62421960655704e-07,0.003821390102647485
2726,0.0037389388007502402,8.910445510610448e-07,0.003828043268332558
2727,0.0037906439674477424,8.875704775017502e-07,0.003879401029177731
2728,0.003702694790497903,8.830146095034809e-07,0.003790996262743588
2729,0.0039042682957745366,9.506924885177033e-07,0.003999337546467301
2730,0.0038180465494552927,8.360480152195153e-07,0.0039016513995105222
2731,0.003802740878816093,8.549294882927385e-07,0.0038882338426887027
2732,0.0038252292621520257,8.364562829903603e-07,0.003908874880101892
2733,0.003795279227497597,8.793754333172758e-07,0.0038832167403832557
2734,0.0037909231238788172,9.445597309041336e-07,0.003885379098656197
2735,0.0037631396910235764,8.140831130643369e-07,0.0038445479792332455
2736,0.003907578937228649,9.396046130683728e-07,0.004001539448396333
2737,0.0040959763986569255,9.318606434164629e-07,0.004189162447507824
2738,0.003969948348258773,1.0090711087638825e-06,0.004070855459318527
2739,0.0038226921892454547,8.571080599957044e-07,0.003908403015004531
2740,0.003856791709099085,8.8100362136761e-07,0.0039448920532219834
2741,0.0041173643417536255,9.328013158166517e-07,0.004210644461695225
2742,0.003899741241888654,1.0117382734895198e-06,0.004000915056695381
2743,0.0038513445685948093,8.612181233964351e-07,0.003937466393014596
2744,0.0037054008759197688,9.002921978384209e-07,0.003795430086733353
2745,0.0038166558219780845,8.327673266385025e-07,0.003899932561081744
2746,0.003959406212332749,9.836468114870866e-07,0.00405777087284913
2747,0.003721955209790218,8.264576814737314e-07,0.0038046009928709074
2748,0.003815235757839776,9.109949426220414e-07,0.003906335246058241
2749,0.003749736569701664,9.972217772120793e-07,0.0038494587455305362
2750,0.0037553125556798713,8.572237015135713e-07,0.0038410348952898094
2751,0.0038185708465114715,8.81018292470652e-07,0.003906672692767555
2752,0.0037610808672804024,8.213889923207452e-07,0.003843219793071189
2753,0.004280217142114716,9.161827169038823e-07,0.004371835414560572
2754,0.004067673956254317,9.442643468285115e-07,0.004162100399093282
2755,0.0037763776528018135,8.565994104144685e-07,0.0038620376013099185
2756,0.0040196039593748505,9.269080193564972e-07,0.0041122947474040335
2757,0.004325118554275363,9.50986770564463e-07,0.0044202172017145545
2758,0.003735317465578837,8.30337499689537e-07,0.0038183512271291785
2759,0.003772256678090461,8.543578653716981e-07,0.003857692440731391
2760,0.00380133792397476,8.486871163973598e-07,0.0038862066088064065
2761,0.004014035769467873,9.338972477639946e-07,0.0041074255075786385
2762,0.0036801242254554264,8.002188436758813e-07,0.0037601461198421256
2763,0.0038847829996337814,8.737382678015321e-07,0.003972156852063152
2764,0.003925500144701331,9.408202077470524e-07,0.004019582170933005
2765,0.0038978171219388323,8.900130703823966e-07,0.003986818423014014
2766,0.003691749159066427,8.204001698774641e-07,0.0037737891693869906
2767,0.0037063433818759458,8.052535111258499e-07,0.0037868687387315495
2768,0.003925662698043931,9.672928498613116e-07,0.0040223919711406195
2769,0.00385293573321354,8.601915440874197e-07,0.00393895487180881
2770,0.0037197134787997892,8.63382108344658e-07,0.0038060517005261874
2771,0.0038478992533900083,9.977300508932872e-07,0.003947672298959186
2772,0.0037641561394857782,8.715796169663888e-07,0.0038513141128444866
2773,0.00388674353880267,8.91540511724264e-07,0.00397589759180142
2774,0.0038721176435149484,9.288273355606737e-07,0.00396500039665449
2775,0.004042567752842461,9.003842713413648e-07,0.004132606179243134
2776,0.0039434182352476544,9.739821980621209e-07,0.0040408164382942265
2777,0.0037279715461115684,8.624263706048125e-07,0.003814214134528752
2778,0.003735478629448241,8.124197572743146e-07,0.003816720601471682
2779,0.0037290261637779975,8.711672839742659e-07,0.003816142888559449
2780,0.00378874953716032,8.371227940804073e-07,0.0038724618197809304
2781,0.003783118580618212,8.955551588622901e-07,0.0038726740787106174
2782,0.0037148163518718174,8.495987803173428e-07,0.0037997762387197826
2783,0.0036681635876096063,8.043116431802064e-07,0.0037485947456931874
2784,0.003845382444260101,9.001237359488216e-07,0.003935394801139351
2785,0.003745279793116835,8.58187439506207e-07,0.003831098524613246
2786,0.0037793900907760664,8.532318742577298e-07,0.0038647133286201186
2787,0.003775735415758625,8.167123045525166e-07,0.0038574066448716386
2788,0.0038478828801382934,9.10460568643283e-07,0.003938928937479373
2789,0.0040516481479449615,1.0869660715592721e-06,0.004160344735869477
2790,0.0038563350906535504,8.945779856525582e-07,0.00394579287498228
2791,0.003885437847085057,9.241843284349494e-07,0.003977856290857157
2792,0.0038485858033621505,8.57397992604092e-07,0.003934325582738365
2793,0.0037706022811753136,8.740753162695205e-07,0.0038580098189413548
2794,0.0037577322819420406,8.793553767587112e-07,0.003845667796990564
2795,0.003992598894382676,8.7778662675426e-07,0.0040803775491733705
2796,0.004055895940250446,9.106646896930948e-07,0.004146962456645504
2797,0.0039030903154203007,8.619095025654045e-07,0.003989281245477257
2798,0.003723360575555313,8.36303849111221e-07,0.003806990961874685
2799,0.0036773949020331904,8.388465524207746e-07,0.00376127956194743
2800,0.0038433312138001765,8.564297859852705e-07,0.003928974165671294
2801,0.0037457709531149557,8.044152430615683e-07,0.003826212505960176
2802,0.0038064338732510805,8.666613520026365e-07,0.0038931000106517347
2803,0.0037560012311704696,8.116034197677613e-07,0.0038371615547446473
2804,0.003773658025649286,8.479104776010753e-07,0.0038584490877486043
2805,0.003943737461081435,1.0613927895153004e-06,0.004049876742365379
2806,0.0038702312496400647,9.738469492320644e-07,0.0039676159560199705
2807,0.003947940812776646,9.036190066023752e-07,0.004038302738580012
2808,0.003878510632221737,8.737053077868862e-07,0.0039658811799581015
2809,0.0037224147573954635,9.177616693851897e-07,0.003814190949103044
2810,0.0037884324068023314,8.683275096231111e-07,0.0038752651457945185
2811,0.0036714100429127293,8.231813514993842e-07,0.003753728180703136
2812,0.0038067474660854186,9.00140260880782e-07,0.0038967614903325037
2813,0.0037057807278488915,8.386198608663577e-07,0.0037896427280840373
2814,0.004010951799911356,9.041603723216536e-07,0.004101367855084038
2815,0.003691331490934376,8.29553968170301e-07,0.0037742868711751316
2816,0.0037174756984196364,8.314461297231901e-07,0.0038006202798456915
2817,0.003711236986301599,8.6689035580064e-07,0.003797926061275986
2818,0.0037151377783307144,8.835620611358947e-07,0.0038034940033309884
2819,0.003804934211075306,8.971299599403621e-07,0.0038946472003214784
2820,0.003723205585453299,8.607392175925328e-07,0.003809279521867152
2821,0.004014794091363588,8.460318557838271e-07,0.004099397274154809
2822,0.0037305501905540305,8.838364406514185e-07,0.003818933814463596
2823,0.003682785584861713,8.34009423185982e-07,0.003766186550379761
2824,0.0037270867070483583,8.625329410132244e-07,0.003813339960611155
2825,0.003777930820961633,8.461198732337864e-07,0.003862542776210654
2826,0.003805632935836911,9.190088084940198e-07,0.0038975338045988354
2827,0.0038994046363739236,9.388029301619334e-07,0.003993284903586873
2828,0.0038453304404092413,9.085125721838032e-07,0.003936181731161571
2829,0.003818472659575843,8.75119650895466e-07,0.003905984640662228
2830,0.0038250445072809535,8.428391663161869e-07,0.003909328426685064
2831,0.0039045739873883223,9.391775356268608e-07,0.003998491755356231
2832,0.0037705640969497543,8.309523456128156e-07,0.0038536593408113524
2833,0.0037798694440073543,8.393500824269957e-07,0.0038638044704472825
2834,0.0037987580327617544,8.627846418382814e-07,0.0038850365371833886
2835,0.003927544322645952,8.994031612664619e-07,0.004017484659749654
2836,0.004409641065003891,9.92518418878453e-07,0.004508892877868587
2837,0.004050974095720918,9.097952310947866e-07,0.004141953616072574
2838,0.0038803497464546272,9.008975399087977e-07,0.00397043953078889
2839,0.003711212681786668,8.233634264709713e-07,0.0037935490254312754
2840,0.003754046783151646,8.732188601448621e-07,0.00384136866177282
2841,0.003725088028717906,9.255038347169653e-07,0.0038176384198689655
2842,0.003707380995394722,8.826716804921284e-07,0.0037956481664291313
2843,0.0036622733628797915,8.6650602644377e-07,0.0037489239607126482
2844,0.003787418354242559,8.601273642002085e-07,0.003873431116282459
2845,0.004017370768011578,9.626413437276384e-07,0.004113634898056907
2846,0.0038113380226516918,9.150465068101297e-07,0.003902842673743444
2847,0.0038150050151612488,8.78202883775943e-07,0.003902825286551829
2848,0.003907544711124032,9.821730871760424e-07,0.004005762034906975
2849,0.00381853410433377,9.490281407183389e-07,0.003913436918669651
2850,0.0037368454880291418,8.619774121143564e-07,0.003823043245281423
2851,0.003929854310568302,8.98392276242028e-07,0.00401969353908733
2852,0.0038268734145188526,9.08313106793362e-07,0.003917704719389158
2853,0.0036598969431173418,8.60630538476647e-07,0.0037459600115976027
2854,0.0036700658890749176,8.311738589151402e-07,0.003753183274379661
2855,0.003745562502092892,8.622415543135092e-07,0.003831786644314566
2856,0.0036707494573126878,8.952456262763477e-07,0.0037602740264828165
2857,0.003687155245232486,7.890748069287163e-07,0.0037660627220306667
2858,0.003764314869899423,8.988409835212459e-07,0.0038541989821580147
2859,0.003769867948346561,8.572451791576074e-07,0.0038555924435176195
2860,0.0037157289428456177,8.131472925249968e-07,0.0037970436932218653
2861,0.003879730033898546,8.600026240680065e-07,0.003965730298190347
2862,0.0037933508189575325,9.086579538116864e-07,0.003884216605295097
2863,0.0037346520881739354,8.074663520757543e-07,0.003815398761822331
2864,0.0038109758883834847,1.0619422820098173e-06,0.003917170132720663
2865,0.0036547491702461437,8.427914105097091e-07,0.0037390282903347286
2866,0.004011637095602289,1.0208927062282576e-06,0.0041137263929891974
2867,0.004080578181592207,9.84925691227545e-07,0.004179070771281277
2868,0.004051556547863349,9.483628600132614e-07,0.004146392810188474
2869,0.0037999447405097945,8.576768774189751e-07,0.0038857124370312497
2870,0.0037084332772440486,8.301269479987592e-07,0.003791445956355141
2871,0.003972917922862595,9.160104171666805e-07,0.004064518943308822
2872,0.004272436745645058,9.792079474150781e-07,0.004370357563358641
2873,0.0036934277478365167,8.13298527191364e-07,0.003774757609672604
2874,0.003665262840748314,7.990940169351703e-07,0.0037451722328701326
2875,0.003708879838907911,9.068226045054607e-07,0.0037995620795916165
2876,0.003744310391465983,8.30194023233015e-07,0.003827329777601746
2877,0.003701914184456391,8.278805932692898e-07,0.0037847022270603528
2878,0.0038325697889611604,9.105542099243922e-07,0.003923625219613314
2879,0.0038282056113765122,9.089795573726729e-07,0.0039191035358535666
2880,0.003796836083394385,9.37442404935404e-07,0.0038905803249367783
2881,0.00388153363019228,8.595395830789423e-07,0.00396748760624999
2882,0.003737523618544782,9.00637635294838e-07,0.003827587370910952
2883,0.0037569883730142347,9.173022058641964e-07,0.0038487185919356924
2884,0.0037146421569970345,8.363627608970649e-07,0.0037982784391891572
2885,0.003822482544027509,8.889379963024582e-07,0.003911376329919984
2886,0.0037436378038217945,8.573987224002438e-07,0.003829377665815334
2887,0.003639396986052875,8.215265002182869e-07,0.003721549641340971
2888,0.003771093268428118,8.724088946021971e-07,0.0038583341745599626
2889,0.003723365757914801,8.474418787925735e-07,0.0038081099234160876
2890,0.0037709783927928056,8.62885725939944e-07,0.0038572669539961124
2891,0.003724526846781373,8.88943704481907e-07,0.003813421210995124
2892,0.0038248857167819815,9.013917035865175e-07,0.003915024883744698
2893,0.003711998425123672,9.241648898193577e-07,0.0038044149161226325
2894,0.0037319291337964034,8.84114784536993e-07,0.003820340584723219
2895,0.0037954261586550745,8.874090183546228e-07,0.003884167057431994
2896,0.0038906779410617966,9.028607612362389e-07,0.0039809640091393265
2897,0.0037742836866527796,8.825891255113558e-07,0.003862542603465338
2898,0.003735912986279976,8.569762712795637e-07,0.0038216106157990233
2899,0.0036225192278863923,8.68485910227572e-07,0.003709367821894346
2900,0.0037040591480270507,9.221274804956685e-07,0.0037962718821701502
2901,0.003762881241498455,8.695151373397112e-07,0.0038498327391402374
2902,0.003738052286808529,9.349261576531834e-07,0.003831544906021126
2903,0.0036704857052574234,9.768153859113227e-07,0.003768167255686656
2904,0.0037504880568913876,8.520216558662792e-07,0.0038356902152900736
2905,0.003968735548457311,9.194276784793117e-07,0.0040606782891817635
2906,0.003891557973298815,8.975819476349458e-07,0.003981316191775184
2907,0.0037321028104352373,9.423906868916323e-07,0.0038263418846913883
2908,0.003718963523785914,8.627460359885815e-07,0.003805238107639936
2909,0.003770257166076091,8.931897868493369e-07,0.003859576138277208
2910,0.0036818971256575277,8.32617982474227e-07,0.0037651589335573298
2911,0.0037908937496643875,8.512964456947943e-07,0.003876023392583574
2912,0.003681311902079371,8.243014914085272e-07,0.003763742031409375
2913,0.00394109804784098,9.835317329024322e-07,0.004039451209527831
2914,0.003956653110142197,8.8990574634027e-07,0.004045643738561099
2915,0.003679351370421148,8.520743625511738e-07,0.003764558778775315
2916,0.0037410847557288024,8.473381248838832e-07,0.0038258185715324454
2917,0.0036864727059559474,8.537674621185298e-07,0.0037718494497840445
2918,0.0039214629214257,8.911618887131842e-07,0.004010579113157526
2919,0.0037249958728470148,8.410778124720486e-07,0.0038091036370925366
2920,0.0037526279657838805,8.286366749181921e-07,0.0038354916332830344
2921,0.003823779207924681,8.606810264345475e-07,0.003909847308551112
2922,0.003685691949701117,8.417487536814494e-07,0.003769866821746672
2923,0.0036794483105862335,8.172865294352138e-07,0.0037611769737615703
2924,0.003689351536694073,8.82145911873522e-07,0.003777566140577678
2925,0.003761941221572699,9.338291420135647e-07,0.003855324155020137
2926,0.0039970426700047905,9.12134858539972e-07,0.004088256177642653
2927,0.0037101826014658136,8.736670521659928e-07,0.0037975493112518905
2928,0.0038904036590529066,8.637714032492143e-07,0.003976780801050125
2929,0.003689578088421014,8.314465771359063e-07,0.0037727227299323967
2930,0.0036988567876359148,8.201129620858645e-07,0.003780868114723313
2931,0.003689837213906069,8.476809768815714e-07,0.003774605308388991
2932,0.003662245107754584,8.309465164118944e-07,0.0037453397732949063
2933,0.00366114595934989,9.093828522611969e-07,0.0037520842085922916
2934,0.0037210566487403647,9.327221879439387e-07,0.003814328897504076
2935,0.0038673570079188193,8.819444129556124e-07,0.0039555514456644176
2936,0.003853019499670594,9.80526113292604e-07,0.003951072099528486
2937,0.0036829260718678277,8.729841610030205e-07,0.0037702244646366564
2938,0.003771083842542383,1.075161033866372e-06,0.0038785999190182456
2939,0.0037299883101255663,8.56260871181979e-07,0.0038156143705090208
2940,0.0036757317251495778,8.981142495794037e-07,0.0037655431341620223
2941,0.003934340198494254,8.963080847846164e-07,0.0040239710210552134
2942,0.003896467199909591,8.937614629464787e-07,0.003985843343299723
2943,0.0037941587638230093,8.844483692237484e-07,0.003882603592149192
2944,0.0037780130777748363,8.215274903939702e-07,0.0038601658457229214
2945,0.003664899542326889,9.276120232654296e-07,0.0037576607578704434
2946,0.0037596193442661916,8.471140316238058e-07,0.0038443307482427165
2947,0.0038086675903609684,9.25936189428138e-07,0.00390126119037309
2948,0.0038147775321117332,9.570957712962662e-07,0.0039104870896065425
2949,0.0036707807467469284,8.306316497128723e-07,0.00375384392006503
2950,0.0038900720030670207,9.321663509904137e-07,0.003983288635349562
2951,0.00372517455910002,8.437311532449507e-07,0.003809547675172648
2952,0.0036697862519612236,8.475932399813891e-07,0.0037545456040290093
2953,0.003641134661231791,8.639750952228966e-07,0.003727532202197659
2954,0.0036421490442608635,8.470492319599632e-07,0.0037268539590220298
2955,0.0037527353683065984,8.99711793525996e-07,0.003842706544204585
2956,0.003772830778372384,8.892829973481111e-07,0.003861759075774781
2957,0.0039232714146736165,9.030078793388854e-07,0.004013572203656358
2958,0.0037510942427381394,9.271037569188563e-07,0.003843804633605384
2959,0.003785423085754437,9.071291042199581e-07,0.0038761359624444477
2960,0.0036363531985590535,8.823367187277096e-07,0.003724586887044772
2961,0.0036097903240231736,8.29892538574988e-07,0.0036927796149205778
2962,0.0037928248620441845,8.728000396683544e-07,0.003880104876213497
2963,0.0037141244167522075,8.400469680729598e-07,0.003798129097107918
2964,0.003729662039287148,8.988218529603112e-07,0.0038195442213045973
2965,0.003916321930685832,9.274975277842332e-07,0.004009071692463851
2966,0.004076367364295067,9.72024402530693e-07,0.004173569779302324
2967,0.0036683575280251042,8.57389616451274e-07,0.0037540965037600646
2968,0.003948082163509342,8.959727507874871e-07,0.004037679435925618
2969,0.0036774192290801194,8.651437335702799e-07,0.0037639336284971043
2970,0.003704315779971019,8.919016599681908e-07,0.0037935059217195357
2971,0.0038699598592375557,8.904822999694819e-07,0.003959008086953432
2972,0.0037584341311406705,8.425581581245605e-07,0.003842689975675556
2973,0.0037996795464066728,9.792430198045152e-07,0.0038976038716012434
2974,0.0037474054617867352,8.201604465108587e-07,0.0038294215055723344
2975,0.0036839135366702274,8.157414684671582e-07,0.003765487682915503
2976,0.0037317423510455318,8.218314578258404e-07,0.0038139254921266148
2977,0.003626806533805305,8.198285561247171e-07,0.003708789402979516
2978,0.0036547953232882483,8.453755214994148e-07,0.0037393328778806234
2979,0.004114892754343248,9.414406940044089e-07,0.004209036863739452
2980,0.003669140034265095,9.085292474757749e-07,0.003759992962342597
2981,0.00367329393573586,8.244371638137372e-07,0.0037557376743925196
2982,0.003826340810666161,8.867393845438558e-07,0.003915014774388363
2983,0.0036870744304671405,9.073526693863377e-07,0.0037778097189842693
2984,0.0037212628014986556,8.236740390818722e-07,0.0038036302242788578
2985,0.0037031955791697385,8.665503478075534e-07,0.003789850585763493
2986,0.003599229749412306,9.049211353011478e-07,0.003689721820034808
2987,0.003642969111341142,8.358950734169235e-07,0.003726558624616554
2988,0.0038686543703079224,9.053102358378848e-07,0.003959185428797237
2989,0.003873984629829084,8.926296793047626e-07,0.003963247587483737
2990,0.003715039869289725,8.17840252180289e-07,0.003796823901094256
2991,0.003668110847713486,8.436008112855029e-07,0.003752470955312733
2992,0.0036570673297730183,8.603513749456455e-07,0.0037431024961293705
2993,0.004086943816453699,9.756419415445575e-07,0.0041845079826852
2994,0.004426922221037168,1.067778773557943e-06,0.004533700149265989
2995,0.0038080242116965593,8.667843519927579e-07,0.003894702629036
2996,0.003733086211967372,8.521986516033424e-07,0.0038183060805163076
2997,0.0037834948649810205,8.514992758489004e-07,0.003868644756655539
2998,0.0037413517148384163,8.991139621215435e-07,0.0038312631058356455
2999,0.0037056292902918593,8.829033339269142e-07,0.003793919631730645
3000,0.003630398239399637,8.374929510893942e-07,0.0037141475345819227
3001,0.0036675658512620194,8.292439606667623e-07,0.0037504902424951715
3002,0.004112745387359492,9.633824077120093e-07,0.004209083647677495
3003,0.004177547938701126,9.51762178975778e-07,0.004272724133765986
3004,0.003794729949966554,8.847145926254949e-07,0.0038832014111141043
3005,0.0037848138505773197,8.546066176736091e-07,0.003870274511075789
3006,0.003680781934470419,8.958863946322855e-07,0.0037703705320675527
3007,0.003923879748570823,9.29191065596012e-07,0.004016798860844105
3008,0.0036366625253351466,8.291067003131414e-07,0.0037195732096029868
3009,0.003711145476347977,8.388274236934987e-07,0.003795028236063738
3010,0.0036843190675661447,8.396326473948354e-07,0.0037682823416206146
3011,0.0036359184286406925,8.673983636013403e-07,0.003722658238163398
3012,0.003646933849179937,8.509872321654608e-07,0.003732032555666181
3013,0.0037099947221577168,8.066588784752258e-07,0.0037906606185940965
3014,0.0036816232266925998,8.939751080194378e-07,0.003771020715395289
3015,0.0035972644559918872,8.520439238172032e-07,0.0036824688450583527
3016,0.0035790411995783927,8.216011943043287e-07,0.003661201312957752
3017,0.003780090167457538,9.165111801819641e-07,0.0038717412990668127
3018,0.0037233094354310343,8.525369469592284e-07,0.003808563132019293
3019,0.0036428495039862972,8.955464764884739e-07,0.003732404138352121
3020,0.0037660764289959786,8.984747542091364e-07,0.003855923896715526
3021,0.003715262042298432,8.849840194289431e-07,0.0038037604291833215
3022,0.0038362891458335424,9.76388015084423e-07,0.003933927968084332
3023,0.0035897505679918875,8.675703424482743e-07,0.003676507614492889
3024,0.0038766764374750275,9.503559553078019e-07,0.003971712025363118
3025,0.004163610891649319,9.82678430670691e-07,0.00426187873217127
3026,0.003870951394820886,9.053069755927643e-07,0.003961482055244907
3027,0.003803786498704745,9.016501871150056e-07,0.0038939515173795724
3028,0.003713950019089445,9.121641567382481e-07,0.003805166403312356
3029,0.003717650291359713,9.146552517244521e-07,0.0038091158569459956
3030,0.0037464352715159614,9.203636127054896e-07,0.0038384716101591628
3031,0.003694674480826624,8.330825197287683e-07,0.003777982749705834
3032,0.003849120037029347,9.719123054750409e-07,0.003946311246123045
3033,0.003975045709540287,9.740104584095882e-07,0.004072446759129243
3034,0.0038221449095515473,9.614537636861637e-07,0.003918290265925949
3035,0.0037915732020572307,9.181317383785603e-07,0.00388338639881582
3036,0.00394008096848284,9.504964539026391e-07,0.004035130593805543
3037,0.003716258369686623,8.928611713775852e-07,0.0038055444752136546
3038,0.0037582094570802103,8.666967947911255e-07,0.003844879139515181
3039,0.003740556575658341,8.49377100152079e-07,0.003825494298531163
3040,0.003686982176957592,8.430517111939422e-07,0.0037712873590569343
3041,0.003859644605507774,8.898688274565492e-07,0.003948631478593715
3042,0.004074472949028977,9.604054316843112e-07,0.004170513456507075
3043,0.0037659092791258327,8.395712785063698e-07,0.0038498664019449105
3044,0.0036148010572839167,8.197854761478553e-07,0.0036967796228465533
3045,0.0036196202009675963,8.167620352093852e-07,0.003701296402141452
3046,0.0037933602523539337,9.043305835216269e-07,0.0038837933266956
3047,0.0036575594962003732,8.571541215015684e-07,0.003743274910976329
3048,0.003661342047815842,8.179437273728611e-07,0.003743136414296685
3049,0.0036345150982660633,8.610193217904336e-07,0.0037206170344424826
3050,0.0038168529919799295,9.027198280642962e-07,0.003907124955026853
3051,0.003841366010507749,8.90734739758984e-07,0.0039304394740611315
3052,0.003634971911988912,8.51183928731306e-07,0.00372009031144121
3053,0.003757875660554536,9.276097146891604e-07,0.0038506366207354493
3054,0.003817487605697205,9.176440456822972e-07,0.00390925201316995
3055,0.0038123373768382497,9.105634020553195e-07,0.0039033937237916453
3056,0.00371482758782804,8.473446160355853e-07,0.0037995620420382867
3057,0.004009041191649533,9.022765887552411e-07,0.004099268849278169
3058,0.0037060868250386367,8.608946018284769e-07,0.003792176285998956
3059,0.003661667222097035,8.489341450601182e-07,0.0037465606170195725
3060,0.004038767468544745,9.793864724234745e-07,0.004136706109068567
3061,0.003734097605751407,9.036085455796461e-07,0.0038244584500188787
3062,0.003669990331775719,8.354615286612721e-07,0.0037535365009980816
3063,0.0037321975199325432,8.263692936247202e-07,0.0038148344629594395
3064,0.003668367547253447,8.390016762771871e-07,0.003752267709182155
3065,0.0037596644758577306,8.723091710752699e-07,0.0038468953928038957
3066,0.003771601980852504,9.393321974012876e-07,0.003865535205770885
3067,0.0037187965691930823,8.865132889285075e-07,0.0038074479258108523
3068,0.00358290828373884,8.681126341651824e-07,0.003669719519694486
3069,0.003726794985273192,9.13994879723642e-07,0.0038181944494886746
3070,0.003691669177984999,8.719465063956206e-07,0.0037788638259254157
3071,0.003904468056956126,9.716317336941786e-07,0.004001631236244594
3072,0.0040473272843707,9.026289757780286e-07,0.0041375901970651845
3073,0.0038451678420026456,8.836737767905429e-07,0.003933535205320486
3074,0.0037894310549862922,8.935406024266417e-07,0.0038787851019972757
3075,0.003641994339564154,8.670467962239796e-07,0.003728699014191666
3076,0.0036980471303386074,9.425015535623149e-07,0.0037922972753163305
3077,0.0036713845967765776,8.455396064457619e-07,0.003755938584705995
3078,0.0037265236174026804,8.101446122700215e-07,0.003807538076333942
3079,0.0036096661426727812,8.121309578669869e-07,0.003690879251207075
3080,0.003650797688732705,8.045634521911251e-07,0.0037312540300791304
3081,0.00365166213633793,8.309073109558085e-07,0.003734752873799974
3082,0.003872951027005911,9.77667705302015e-07,0.003970717815982718
3083,0.003795176113565122,8.802277857138242e-07,0.003883198887530354
3084,0.003824369125669041,9.007631583992934e-07,0.003914445443379302
3085,0.0037874644171566733,9.048749931143023e-07,0.003877951936315625
3086,0.0036826031357650797,8.594409395769734e-07,0.0037685472127651017
3087,0.003932115997398092,8.778385688034882e-07,0.004019899857080271
3088,0.003589044805736311,8.283982864551005e-07,0.003671884634381821
3089,0.0036994780624105086,8.363177354083511e-07,0.0037831098382030766
3090,0.003727162662412851,9.425887000244045e-07,0.0038214215422950446
3091,0.0036059017894008467,8.362640403814317e-07,0.0036895281875566127
3092,0.003644079600851382,9.336280703381259e-07,0.0037374424132248086
3093,0.003893350235997669,8.870570329030846e-07,0.0039820559097514035
3094,0.003686805405924397,8.346009889787491e-07,0.003770265510425933
3095,0.003742494199785494,9.015934115415158e-07,0.0038326534953328872
3096,0.003663803225443248,8.431741097440188e-07,0.0037481206424173808
3097,0.003814265747824984,8.878095187473293e-07,0.003903046708493944
3098,0.004058035511162973,9.707442172252594e-07,0.004155109936912213
3099,0.0036822234415599415,8.371674510037279e-07,0.003765940193026777
3100,0.003641921305848706,8.510910649214742e-07,0.0037270304070965896
3101,0.003669284854925448,9.194016441934734e-07,0.003761225004470156
3102,0.0037584233308030715,8.547151500968011e-07,0.0038438948592351327
3103,0.003881493418086921,8.783832736152098e-07,0.0039693317601397155
3104,0.00372145586316624,8.630183856439544e-07,0.0038077577182482327
3105,0.0037586779273565737,9.373935434327465e-07,0.003852417286966116
3106,0.0037798809127942206,8.749560151954938e-07,0.0038673765356502226
3107,0.003901576465596595,9.552831116824593e-07,0.003997104745658655
3108,0.0036296537821932187,8.460430154305105e-07,0.0037142580840736628
3109,0.003726365998567593,8.430713716822333e-07,0.00381067308837608
3110,0.0038379908073693514,9.181509716243806e-07,0.003929805926858417
3111,0.003707840956086593,8.09640541334492e-07,0.003788804988406839
3112,0.0037396559641966897,8.73497079341647e-07,0.0038270056698351137
3113,0.003827754505759766,8.333240712530707e-07,0.003911086928940589
3114,0.003830697552691544,8.726523567988367e-07,0.003917962770848986
3115,0.0038926440681661327,9.275498769056867e-07,0.003985399042346304
3116,0.003727534425354773,8.619548764492661e-07,0.003813729891853948
3117,0.003722997870476496,8.718017757165663e-07,0.003810178060385008
3118,0.0037755841058829138,8.374936863865221e-07,0.003859333468661193
3119,0.003568064811969957,8.311958756548261e-07,0.003651184397899816
3120,0.0037020261684853222,8.534207814415324e-07,0.0037873682280581806
3121,0.0036378571192824073,8.603081629453593e-07,0.003723887944473855
3122,0.00377830030817178,9.033775981034494e-07,0.0038686380871841984
3123,0.0036792987281636844,8.236346704301644e-07,0.0037616622153549425
3124,0.0038009880546240075,1.0453714664084058e-06,0.0039055252132276373
3125,0.003969882029078661,9.639968648996494e-07,0.004066281704111926
3126,0.003731932265744094,8.521322163159634e-07,0.0038171454948643523
3127,0.003695489726059379,8.995483100196937e-07,0.0037854445437269825
3128,0.00371642439295688,8.573761262244173e-07,0.003802162031793306
3129,0.004031441595044828,9.389274869282682e-07,0.0041253343600058745
3130,0.0039505679085249865,8.577942902511202e-07,0.0040363472991532855
3131,0.0036201430184225883,8.2391858130347e-07,0.0037025348433563786
3132,0.0036639465439704155,8.943309221502849e-07,0.0037533796182082544
3133,0.0036338518313582865,8.275469700757023e-07,0.003716606496562881
3134,0.003630499648410947,8.337792641830146e-07,0.003713877571205939
3135,0.003734115721477616,8.236675332609007e-07,0.0038164824682978852
3136,0.0037327166196079024,9.314827190293375e-07,0.003825864882298535
3137,0.0036291000057732865,8.702244625261124e-07,0.003716122464186722
3138,0.0037011920113957696,8.944453937939186e-07,0.003790636569441807
3139,0.0036209101202867686,8.061118540852828e-07,0.0037015213165432215
3140,0.0038973110682901835,9.880579708102056e-07,0.003996116845237632
3141,0.003705929213714215,9.169445177341855e-07,0.0037976236368018773
3142,0.003738702004474978,8.564972517888236e-07,0.0038243517309667604
3143,0.0037744431906650143,8.952657433456484e-07,0.003863969787714943
3144,0.0036811933987924168,8.639530051368638e-07,0.003767588709090506
3145,0.0037686640862375498,9.422575816085643e-07,0.0038628898666150146
3146,0.0036834024358540773,9.472153380791555e-07,0.0037781240027998726
3147,0.00370687946316696,9.388486194350867e-07,0.003800764326907454
3148,0.003651317779815966,9.15114319175172e-07,0.0037428291754857184
3149,0.003619625683753721,8.33292253607778e-07,0.003702954892369528
3150,0.003725041289843859,8.540548422740446e-07,0.0038104467769904484
3151,0.003677798487666634,8.888276613927906e-07,0.0037666812629228636
3152,0.003950162310033075,9.249903534451263e-07,0.004042661335739878
3153,0.003799012629315257,8.597114904131881e-07,0.0038849837672446045
3154,0.0035644496130126137,8.17762660913544e-07,0.003646225871277913
3155,0.0037918331762475353,8.948407691106343e-07,0.003881317262928332
3156,0.003857634773838424,9.248144505686322e-07,0.003950116224586964
3157,0.003636322059338131,8.537714393241913e-07,0.0037216991862101903
3158,0.0036067939062993373,8.829097022234853e-07,0.0036950848861447266
3159,0.003643481699269145,8.569328264046259e-07,0.0037291749801126217
3160,0.0037761332332006386,8.476320236959802e-07,0.00386089640819738
3161,0.003692550336821906,8.353758747973423e-07,0.0037760879063317852
3162,0.0037035387940704823,8.522832272759726e-07,0.0037887671046079167
3163,0.003920472497420926,9.026413603087055e-07,0.004010736641864623
3164,0.0035643751222279763,8.251713002356419e-07,0.0036468922325800504
3165,0.0037461866910058644,8.700251676659278e-07,0.0038331891935799393
3166,0.0038101860817762153,9.667966599907584e-07,0.003906865754435139
3167,0.0037574569108865916,8.778351233588417e-07,0.003845240432588804
3168,0.0037043209998838364,9.05927045609602e-07,0.003794913713429724
3169,0.003633852402168897,8.561723568105193e-07,0.00371946963751989
3170,0.0037288704526520543,9.157722799148271e-07,0.0038204476793086335
3171,0.0036271628397967545,8.974762573826968e-07,0.0037169104907661676
3172,0.0036424189851048494,8.494157243383656e-07,0.003727360568459957
3173,0.0036533737269740913,8.240459692387958e-07,0.0037357783425719508
3174,0.0037884647402191356,8.465812841002902e-07,0.0038731228560209274
3175,0.0038710756437672724,8.803551589798806e-07,0.003959111155821911
3176,0.003609534375549805,9.35207506905323e-07,0.003703055114695622
3177,0.0037155674860602423,8.675091569256761e-07,0.0038023183963471845
3178,0.003622935979717201,8.307359665547753e-07,0.0037060095778396053
3179,0.0037043038680548627,8.486405689719474e-07,0.0037891679563589633
3180,0.003872381996423487,1.0363356457145851e-06,0.003976015561831093
3181,0.0038454412452636226,9.161143874470943e-07,0.003937052690514153
3182,0.0036266139377990076,8.172164084939024e-07,0.003708335586012371
3183,0.0037095293237437163,1.016807624593287e-06,0.003811210070947005
3184,0.0036167817550801463,8.40783893489706e-07,0.0037008601526219037
3185,0.0038562914837271937,8.692427748487277e-07,0.003943215747694334
3186,0.0036341157486482014,8.246562915261282e-07,0.003716581365874698
3187,0.0036484922522739055,8.459476211717101e-07,0.00373308700809796
3188,0.0036805569074086606,8.949278220561316e-07,0.0037700497139725956
3189,0.0036333983373497765,8.933570660290922e-07,0.003722734043314572
3190,0.003934496705750784,9.59736925573628e-07,0.004030470420876818
3191,0.003726586466655135,8.428172357584587e-07,0.003810868192944796
3192,0.0036478032688460043,9.146430817318399e-07,0.003739267565129745
3193,0.003568195137045076,8.805712079793598e-07,0.0036562522572855796
3194,0.0036825217952531192,9.036806835454978e-07,0.0037728898572705447
3195,0.003960629895089134,8.801004032794745e-07,0.004048639938475624
3196,0.004041811241017234,9.017976151059679e-07,0.004131991025661269
3197,0.003821350356203414,9.707126636268156e-07,0.0039184216199623
3198,0.0036794180050492287,8.276266297094304e-07,0.0037621806540917005
3199,0.0038385474378423343,9.010132070978861e-07,0.003928648758559457
3200,0.0037032862253967794,9.781137171029836e-07,0.0038010975901758477
3201,0.0037273979190015987,8.631561649229796e-07,0.0038137135486448963
3202,0.0036087690537134486,8.301157333423157e-07,0.003691780613735318
3203,0.0037910905366222705,8.94006709293007e-07,0.0038804912098473116
3204,0.0035952968643076957,8.268775141298266e-07,0.00367798461698957
3205,0.003674336679039463,9.151516689686809e-07,0.0037658518450635094
3206,0.003736449488168282,8.799424390857777e-07,0.0038244436915603375
3207,0.0037835702194922395,8.672468868920283e-07,0.0038702949325764373
3208,0.0036895629694505085,8.976127255957709e-07,0.00377932425978924
3209,0.0038220262034766137,8.931099236794962e-07,0.003911337221882517
3210,0.003990428304419883,8.947278597441899e-07,0.004079901102569795
3211,0.0037309236959704468,8.379452340030243e-07,0.003814718220382929
3212,0.0037748553910322727,9.080676275721822e-07,0.0038656621585570036
3213,0.0037782409288469824,8.796477462994752e-07,0.0038662057204712783
3214,0.0035801662297378625,8.468491559611838e-07,0.0036648511210636745
3215,0.00364529846927091,8.446021924570349e-07,0.003729758694046928
3216,0.004074009999092068,9.362524979810734e-07,0.004167635249154222
3217,0.0036792715620850365,8.422482129654165e-07,0.003763496402590986
3218,0.0035872514239482342,8.555098999397981e-07,0.0036728024077151093
3219,0.003704104565023895,8.819483168149271e-07,0.0037922993858134552
3220,0.0035697650089259107,8.447069438760433e-07,0.0036542357110808934
3221,0.003644642277410434,8.602565087805429e-07,0.0037306679127317283
3222,0.003957677925486238,9.316812950953224e-07,0.004050846068909572
3223,0.0036239512640261844,8.814487420104635e-07,0.0037120961463980137
3224,0.0035698686185623367,8.174798153959273e-07,0.003651616591659765
3225,0.0038260428625489433,8.976452033581858e-07,0.00391580740500602
3226,0.003565951190408199,8.061332052068704e-07,0.0036465645121831086
3227,0.003569209670287467,8.737064721601435e-07,0.0036565803306838197
3228,0.003712695159558808,8.929720948916868e-07,0.0038019923733607413
3229,0.0039792171934799805,9.387488995754769e-07,0.00407309211309879
3230,0.003626980413232119,8.490931287680372e-07,0.0037118897307664156
3231,0.0036969830567437794,8.555030823968522e-07,0.0037825333645507215
3232,0.003722403604056566,8.577922713929213e-07,0.0038081828594928786
3233,0.003684114935176988,8.661040041143649e-07,0.0037707253209044857
3234,0.0036513675680203785,8.609951174959509e-07,0.0037374670482090405
3235,0.00356115520961823,8.261588666227322e-07,0.0036437710927378747
3236,0.0036533353024072223,9.071186285279598e-07,0.0037440471501360016
3237,0.00363306647857591,8.450212146359967e-07,0.0037175685978464543
3238,0.0035663883937823194,8.626347255725e-07,0.003652651884382771
3239,0.0037404156980975984,8.60623620082474e-07,0.0038264780455539303
3240,0.0037085050566782875,9.441063606309106e-07,0.0038029157045868134
3241,0.003680613214871095,8.84727879316239e-07,0.003769086020427846
3242,0.0035990136525323314,8.56902591206768e-07,0.003684703906577441
3243,0.0036579174169849966,8.489748816211959e-07,0.003742814912731128
3244,0.0037972653404839576,9.940132596027745e-07,0.003896666675685875
3245,0.0037434795991547645,9.13895418409905e-07,0.0038348691117378974
3246,0.0037141063911539894,8.70829918283327e-07,0.003801189378024109
3247,0.0036175741378458278,8.455606935205006e-07,0.00370213019871904
3248,0.004090525675565004,9.671082756129534e-07,0.004187236502466183
3249,0.003988884351847153,9.966881642016703e-07,0.004088553156883967
3250,0.003993744285957467,8.735609530078598e-07,0.004081100353129929
3251,0.003656065226682732,8.21348706839701e-07,0.0037382001042245857
3252,0.003925235611536811,9.273749183634092e-07,0.004017973093376044
3253,0.0035965935582475315,8.450296916400417e-07,0.003681096548755323
3254,0.0037631956154420493,9.283095671948573e-07,0.003856026544986713
3255,0.0036516296451971414,8.714981750164307e-07,0.0037387794619726557
3256,0.0035343734742773157,8.193197983576195e-07,0.0036163054511792235
3257,0.0035992312740774886,8.276254488332451e-07,0.0036819938329919694
3258,0.0036187431729969477,8.169570154707124e-07,0.003700438871859543
3259,0.0036407767704898313,8.341581677438714e-07,0.003724192599615743
3260,0.0035500619560480118,8.465226987056902e-07,0.0036347142360623804
3261,0.0035524048406871097,8.198714985771784e-07,0.0036343920134728953
3262,0.003716494242149976,9.29589096050486e-07,0.0038094531459313247
3263,0.003616640659710092,8.504249040602336e-07,0.0037016831638832246
3264,0.003557665649080469,8.748243548354602e-07,0.003645148105739105
3265,0.0038571341353799064,9.48278684078222e-07,0.0039519620158018605
3266,0.004318756990194801,1.0077968810154773e-06,0.004419536667785818
3267,0.003720442351374415,9.062097939433091e-07,0.003811063365109505
3268,0.003674346465437162,8.307229072377067e-07,0.00375741874919303
3269,0.0037158382680988118,8.613502458384544e-07,0.0038019732962692935
3270,0.0038692666548154047,1.043142964179776e-06,0.00397358093440773
3271,0.0038777980653028335,9.430591930023154e-07,0.0039721039995070425
3272,0.0037121626533447734,8.777051646340565e-07,0.0037999331665736053
3273,0.0036749706693714663,8.847803237879435e-07,0.003763448694841035
3274,0.0035846926752598055,8.253957437245258e-07,0.0036672322425029933
3275,0.0036103910496157986,8.364434033718416e-07,0.003694035383241792
3276,0.003661068614512201,8.490894211102005e-07,0.003745977571534534
3277,0.0036475331777886997,9.294323182339506e-07,0.0037404764293422622
3278,0.0036904822974916426,9.176171935846909e-07,0.003782244016145987
3279,0.0037503184810761484,9.016832388125852e-07,0.0038404868044439825
3280,0.003701742956294648,8.600112569330386e-07,0.0037877440993343632
3281,0.0039003232884551246,8.814334346278619e-07,0.0039884666386511055
3282,0.0036874465464103606,9.104566061068908e-07,0.003778492220707478
3283,0.0036170906762802795,8.645069699248838e-07,0.003703541385250226
3284,0.003613662470372454,8.608019562240272e-07,0.003699742670681688
3285,0.003720295735664906,9.316628539900487e-07,0.0038134620314644227
3286,0.0038674985764608266,8.744665988600783e-07,0.003954945229775002
3287,0.003906103219055841,9.333896378672263e-07,0.003999442185064958
3288,0.003664212744502771,8.604228619626684e-07,0.0037502550234597538
3289,0.0036414618033074565,8.356509254319404e-07,0.0037250268768759505
3290,0.0036371360878430068,8.784114881212102e-07,0.0037249772614168543
3291,0.003913621177836772,9.15457178507495e-07,0.004005166919781796
3292,0.003797679313368374,8.660664709549888e-07,0.003884285958784242
3293,0.003553157950180673,8.360348495502436e-07,0.003636761433294704
3294,0.003597886429258412,8.594233291190787e-07,0.0036838287788052712
3295,0.0036483990449097847,8.768978303915871e-07,0.0037360888184799304
3296,0.0036812270315544258,8.437730780168485e-07,0.0037656043385786396
3297,0.003632606149861409,8.393218074102591e-07,0.0037165383297589516
3298,0.0037294141722903134,8.75956941619675e-07,0.003817009882280423
3299,0.003695380062826218,8.913534418664517e-07,0.003784515399245485
3300,0.00391380162909627,9.246881298226541e-07,0.004006270424372727
3301,0.003638440149746114,8.533860721165125e-07,0.003723778754412647
3302,0.003619840939439112,8.515595115363061e-07,0.0037049968847103656
3303,0.003704825701612619,9.687790778908463e-07,0.0038017035957666175
3304,0.003616480171800621,8.127286939211884e-07,0.003697753035193009
3305,0.003898446155231326,8.518014811347858e-07,0.00398362627733619
3306,0.003629577804296728,8.413274669340265e-07,0.003713710541506448
3307,0.0036729265515121723,9.686581077608758e-07,0.0037697923459833666
3308,0.003611538829582353,9.372503988684442e-07,0.0037052638663519774
3309,0.0036230387106057135,8.86089174679411e-07,0.003711647631961011
3310,0.0037021776886596797,8.908805577976313e-07,0.003791265752947619
3311,0.0035581117676150415,9.083042593902651e-07,0.0036489421937374337
3312,0.003648811665874335,8.424545655778333e-07,0.003733057123158247
3313,0.0037300892084115938,8.472068367565601e-07,0.003814809888060535
3314,0.003765798977486068,8.593962954892636e-07,0.0038517385781291994
3315,0.0035989072564388473,8.582224238800278e-07,0.003684729510437577
3316,0.0037129526176760273,8.932740673029207e-07,0.003802280024354977
3317,0.0036930163210678484,8.950762402227772e-07,0.0037825239386649863
3318,0.0036941449939002914,8.739822764284562e-07,0.0037815432109299207
3319,0.0036016419124338898,8.566524214867029e-07,0.003687307178493469
3320,0.003658594503518074,8.39756677901131e-07,0.0037425702002139823
3321,0.0035653324917920173,8.355730957895679e-07,0.0036488897918212798
3322,0.003661520704026184,8.43838046377289e-07,0.003745904500265756
3323,0.003809882838639521,8.443490283723569e-07,0.0038943177299393763
3324,0.003693740439390944,8.403728147201153e-07,0.0037777777310580977
3325,0.0037846215324656616,9.098904053145464e-07,0.003875610561320378
3326,0.0036440761008810613,8.413847706012143e-07,0.003728214598771545
3327,0.0036495463141510563,9.23434358370404e-07,0.003741889748902571
3328,0.0036461753094749103,8.725974753947559e-07,0.0037334350448462272
3329,0.0035965858898576227,8.774165870994282e-07,0.003684327524575976
3330,0.0037242393159577923,8.970072019931854e-07,0.003813940047797176
3331,0.0037393555976450443,9.478759062814437e-07,0.003834143198365646
3332,0.0035788329363229776,8.390329309892672e-07,0.0036627362301993754
3333,0.0037952738348394632,1.027750989402604e-06,0.0038980489386425863
3334,0.0039082251999887725,9.449845822840166e-07,0.004002723677624618
3335,0.0036570032863246817,8.847089321211716e-07,0.0037454741766616223
3336,0.003703877510082337,8.724435122442833e-07,0.003791121841077843
3337,0.0037587653139546035,9.173504402555879e-07,0.00385050036223425
3338,0.0035962971573274944,8.711550681401869e-07,0.0036834126428490683
3339,0.0036819621830457643,9.232318711104697e-07,0.003774285338999283
3340,0.0036256781238461692,8.791031258360524e-07,0.0037135884180785187
3341,0.0037213445776292393,8.459322734486177e-07,0.0038059377712347815
3342,0.003648948660420795,8.834034900011771e-07,0.0037372890078733044
3343,0.0035925997541316093,8.380297693351637e-07,0.0036764027655965857
3344,0.003744641867195887,8.549506725513869e-07,0.0038301369340549554
3345,0.0038303461211222794,8.862410309560684e-07,0.003918970214022744
3346,0.0036960089083520635,8.639791567768571e-07,0.0037824068173405623
3347,0.003670688388088057,8.575718876243392e-07,0.003756445562166552
3348,0.003859616079998593,8.724839059111893e-07,0.003946864511817694
3349,0.003617333068001655,8.630442824053921e-07,0.0037036374917313935
3350,0.0038466735652858213,9.380256440841373e-07,0.0039404761121277845
3351,0.003774972407207374,8.490813640139916e-07,0.0038598805530777863
3352,0.003688172760209249,8.67544874762966e-07,0.003774927238062505
3353,0.003556172971824004,8.254952215411908e-07,0.003638722505720873
3354,0.0035437811766901323,8.45957550433424e-07,0.0036283769464540865
3355,0.003831006917020967,9.517590287501779e-07,0.003926182804148524
3356,0.003675210860467726,8.557259122661039e-07,0.0037607834298884675
3357,0.0035609024907312086,8.402304971358747e-07,0.0036449255647077678
3358,0.003666824082874002,8.838997403824666e-07,0.0037552140683176057
3359,0.003673717792656633,8.697847181704879e-07,0.003760696253589084
3360,0.0036786324494788723,8.227689561628664e-07,0.003760909323670691
3361,0.0036354507394735854,8.390863142942122e-07,0.003719359380944121
3362,0.0036158522125333548,8.773893224286205e-07,0.003703591135901309
3363,0.0037749138765878253,9.656758507961997e-07,0.0038714814300258313
3364,0.003631603603641833,8.481348514109296e-07,0.003716417122632265
3365,0.003982737405045378,9.630174326224323e-07,0.004079039133484325
3366,0.003608519594455438,8.16291762270515e-07,0.003690148733796612
3367,0.0038059617828337415,9.45092608617415e-07,0.00390047105329652
3368,0.003683527826421684,8.516262805495634e-07,0.00376869045618561
3369,0.0035573328064093667,8.70907329851522e-07,0.0036444235292653884
3370,0.003571703947419601,9.269030538088108e-07,0.0036643942322341664
3371,0.003541586943151009,9.093005980004467e-07,0.0036325170282995507
3372,0.0036195503968384957,9.089681226771884e-07,0.003710447224758325
3373,0.003577887313440442,8.291986197887567e-07,0.003660807175742042
3374,0.0037493342683920937,8.568855546840379e-07,0.0038350228175160384
3375,0.0036045055115415205,8.526609242894225e-07,0.0036897716007285543
3376,0.0037996362849709486,8.653817002918767e-07,0.0038861744556455842
3377,0.003694304114868564,8.498097959237649e-07,0.0037792850691344467
3378,0.003584856257563637,8.721768707683593e-07,0.003672073925695112
3379,0.003759452464780019,9.079959571892921e-07,0.003850252052108126
3380,0.0041373477152158175,1.0575138294517537e-06,0.004243099085626102
3381,0.0036638134023955753,8.890407416988784e-07,0.0037527174779003664
3382,0.003655332155645855,8.43826996750126e-07,0.003739714892881532
3383,0.0038011582913778483,8.656815713302715e-07,0.0038877264296095218
3384,0.004034731236677016,9.35226444932097e-07,0.004128253860999981
3385,0.004001054079121639,8.88335795289388e-07,0.0040898876369840674
3386,0.0035875904629187236,8.577867154071423e-07,0.0036733691250124285
3387,0.003774742701000744,8.666855452951671e-07,0.0038614112267931623
3388,0.003791904167061852,9.21030508863858e-07,0.0038840072304611247
3389,0.0036135629014742952,8.237214171546634e-07,0.0036959350559740297
3390,0.00358932354908076,8.633407281693859e-07,0.003675657594876905
3391,0.0035330913059653775,8.067381383713632e-07,0.003613765088600978
3392,0.0035730679744794486,8.624614539962016e-07,0.0036593141004202826
3393,0.0038287409190689366,1.0288457624776658e-06,0.003931625490827906
3394,0.003734926948504102,8.989923740486003e-07,0.0038248261872438653
3395,0.0036219108489251904,8.942509709648279e-07,0.003711335954346484
3396,0.003517621054103778,8.592367616837427e-07,0.003603544702092486
3397,0.0035536422529408047,8.039929771404141e-07,0.0036340415582902007
3398,0.0035472139791255038,8.063178858074318e-07,0.003627845762117255
3399,0.003743874434862406,8.882436796122948e-07,0.0038326987996697426
3400,0.0038455264988325297,9.636916890867137e-07,0.003941895688072809
3401,0.0036819767912909867,9.419730692952139e-07,0.0037761740987339327
3402,0.003706504733511998,8.912224104513429e-07,0.0037956270013725564
3403,0.0036761960795810146,9.139979676048473e-07,0.0037675958742657977
3404,0.0036126080930473344,8.348884663181737e-07,0.0036960969408673626
3405,0.003497042926028371,8.264895449604908e-07,0.0035796918710994143
3406,0.0037486116296701856,8.957502179709404e-07,0.003838186655493994
3407,0.0036897529442343983,8.721755725380189e-07,0.0037769704846845518
3408,0.0037742819892422805,8.590573345152792e-07,0.0038601877468247567
3409,0.0035715967326635316,8.473626280647295e-07,0.003656332981922934
3410,0.0038165709739851374,9.217666091342014e-07,0.003908747664442466
3411,0.003795820866681395,9.497464985073631e-07,0.003890795490494178
3412,0.003723958785074853,8.749447968717328e-07,0.0038114532287563045
3413,0.0036173655140784478,8.394289975953026e-07,0.003701308419206931
3414,0.003615435791171847,8.71958249145762e-07,0.0037026316182868133
3415,0.0037386239986986884,8.638220360661498e-07,0.0038250062179060714
3416,0.0035997750087370796,8.552079238612467e-07,0.0036852958071376045
3417,0.0036064940429623086,8.287915548980011e-07,0.0036893731899439327
3418,0.0036123773353474754,8.583985467955626e-07,0.0036982171868364657
3419,0.0035678224878445746,8.049914464619736e-07,0.003648321624965437
3420,0.0037707205140782942,8.884628788373741e-07,0.0038595668175407955
3421,0.003980671423637579,9.580431163803658e-07,0.004076475720672357
3422,0.003726787241776624,8.376036710673831e-07,0.0038105476001698163
3423,0.0035320144116638167,8.065562119261285e-07,0.00361267001848788
3424,0.003572690405792767,8.755810599283112e-07,0.003660248517389259
3425,0.0035188959971550974,8.132837075619694e-07,0.0036002243869006634
3426,0.0035622603890876616,8.532978401284885e-07,0.0036475901612110675
3427,0.003644226757328837,8.6453962555219e-07,0.003730680710906463
3428,0.0035884761807298466,8.736065230931995e-07,0.0036758368444298546
3429,0.0036465354383953155,9.040891016763541e-07,0.003736944403499365
3430,0.0036379250908090224,8.321388804688468e-07,0.0037211389656388954
3431,0.003789591167362467,8.874611822765503e-07,0.003878337271030872
3432,0.003804590034809324,9.527535318680278e-07,0.003899865385685717
3433,0.0036585351992999356,9.745894343019068e-07,0.0037559941260805053
3434,0.0036284663158679203,8.546555946967631e-07,0.0037139318883419037
3435,0.003517683925888231,8.56140049578361e-07,0.0036032979316528765
3436,0.0037931931325264514,9.726413424921762e-07,0.0038904572701862743
3437,0.003569516691289121,8.338007913358348e-07,0.003652896777155899
3438,0.0035836876580311408,8.71444201273393e-07,0.003670832074637855
3439,0.0035694989736282058,8.998109449514173e-07,0.0036594800636052124
3440,0.003578838419109102,8.412466851011906e-07,0.0036629630748422877
3441,0.003559637499312239,8.231340339373292e-07,0.0036419509279151116
3442,0.003590957667197912,8.971102187710893e-07,0.003680668688649612
3443,0.003750410389095064,9.335805419053236e-07,0.003843768439706295
3444,0.0035525381324752687,9.168055795828789e-07,0.003644218675852303
3445,0.0039372936927623324,9.682804419196232e-07,0.0040341217311159255
3446,0.0037213279790575464,9.279018880284462e-07,0.003814118163239571
3447,0.003966071477700625,9.577295460780255e-07,0.004061844425215837
3448,0.003638344523947566,8.437540519744582e-07,0.0037227199457946325
3449,0.0037504119362922446,8.552446612127589e-07,0.0038359363998977406
3450,0.003592402501512439,8.196540449951557e-07,0.0036743679083883762
3451,0.0036854908441103272,8.913083521996845e-07,0.003774621681640706
3452,0.004053644257627668,8.784886558128018e-07,0.004141493129634088
3453,0.003929268906734163,8.683709599990248e-07,0.004016106024444584
3454,0.003650127707289592,8.255591648864333e-07,0.003732683587699167
3455,0.0036409019582694575,9.028000432966021e-07,0.0037311819577289206
3456,0.0036301220046176066,9.1190706862401e-07,0.0037213127023630567
3457,0.0036728972298724037,9.06524319581818e-07,0.0037635496457017236
3458,0.0038252042215918343,8.970668820820133e-07,0.003914910894367964
3459,0.003869848355891243,8.60935241205645e-07,0.003955941902653825
3460,0.003592936021666373,8.544427802711829e-07,0.0036783802863811295
3461,0.003664357662801781,9.027453947671729e-07,0.0037546322245391147
3462,0.0036874251335018106,8.435100928563184e-07,0.003771776168216621
3463,0.0038606474446433205,9.228686453312665e-07,0.003952934324080425
3464,0.0036821507908884558,8.806157952236507e-07,0.0037702123799751843
3465,0.0037811981784480232,8.951742529461626e-07,0.003870715597464192
3466,0.0037120384569730488,8.971484102139291e-07,0.003801753286332373
3467,0.0036135612491277917,8.610020358901238e-07,0.0036996614653617144
3468,0.0035510950856992313,8.325680079407551e-07,0.003634351861452864
3469,0.0036236250532730935,8.728985713171442e-07,0.0037109149139254323
3470,0.003721949366492129,8.979746861504898e-07,0.0038117468432192843
3471,0.003573055319007366,8.321597144986886e-07,0.0036562712968236976
3472,0.0037791621120226,9.015190053398856e-07,0.0038693139945427256
3473,0.0036852056115505194,9.077128127853118e-07,0.003775976898689424
3474,0.0035297171167668795,8.373932238951496e-07,0.0036134564603168156
3475,0.003591187275765884,8.378761124056895e-07,0.003674974875344384
3476,0.003782572172161552,9.76728631852189e-07,0.0038802450327503103
3477,0.0035646085086609085,8.821259781700886e-07,0.003652821114707378
3478,0.003686187045288182,8.42485026315708e-07,0.003770435529370462
3479,0.0037717777830097946,8.6928423753864e-07,0.0038587062304178553
3480,0.0036065648309886456,8.29080638522423e-07,0.0036894728790127463
3481,0.0035381848292966043,8.296874695236423e-07,0.0036211535559907077
3482,0.003858029804823379,9.06061227250311e-07,0.003948635962461272
3483,0.003602984316286541,8.619589563398134e-07,0.0036891802259150053
3484,0.0037499760623059927,8.891382960075955e-07,0.0038388899016764855
3485,0.003726450027897954,8.619863512003869e-07,0.003812648671408815
3486,0.003612300396085747,8.403435660306235e-07,0.003696334766103856
3487,0.0035456290859128196,8.316368632310309e-07,0.003628792759451655
3488,0.0035912565616590363,8.48167286999195e-07,0.003676073280193152
3489,0.0037576634466888444,9.078055922468446e-07,0.003848444001989499
3490,0.0037118368631889743,1.0387960250843588e-06,0.003815716455480264
3491,0.003778647961876085,8.702667943702358e-07,0.0038656746638157675
3492,0.0036346524533244873,8.54438328147925e-07,0.003720096267399288
3493,0.0035882696674595918,8.348556089884134e-07,0.003671755225607945
3494,0.003526437261532391,8.324837183188778e-07,0.0036096856328508547
3495,0.0035046954459000018,8.073545795776871e-07,0.0035854308986135066
3496,0.0034868011716753244,8.080266356515611e-07,0.003567603844848852
3497,0.003541796423134304,8.563766850637611e-07,0.0036274340799859455
3498,0.0035593286832614293,8.371034673179947e-07,0.0036430390131088996
3499,0.003629149771445701,8.167014841326876e-07,0.0037108199190228216
3500,0.0036167819353361283,8.548426480516472e-07,0.003702266194346932
3501,0.003674537829694248,8.329729054469593e-07,0.003757835125490542
3502,0.004145240831759668,1.0676628753278618e-06,0.004252007133477638
3503,0.003789166003585823,8.733201899567869e-07,0.003876498044137993
3504,0.0035791607092945806,8.216776211978163e-07,0.003661328453510519
3505,0.003752330611009271,9.034067404407382e-07,0.0038426712590960725
3506,0.003629654743558457,8.811161474993916e-07,0.0037177663461695756
3507,0.003904844191105616,9.136776769434707e-07,0.003996211967821564
3508,0.003516382372547542,8.307425017142856e-07,0.0035994566391192137
3509,0.003571979213325727,8.429912829723758e-07,0.0036562783493390007
3510,0.00368040329175851,8.366754950510503e-07,0.003764070855874208
3511,0.003627391088934195,8.857198831573177e-07,0.003715963095366474
3512,0.003638094906965571,8.731543685356766e-07,0.0037254103414353823
3513,0.0035299936369542154,8.862828622113739e-07,0.0036186219208062657
3514,0.0035974459362126164,8.84960636613546e-07,0.0036859419722590717
3515,0.0035161717509430263,9.184957049558673e-07,0.0036080213143460213
3516,0.003522098717850543,8.795650978021102e-07,0.003610055202678327
3517,0.0035323164981579586,8.308855105878461e-07,0.0036154050575268847
3518,0.0037088610021577726,9.095660586001853e-07,0.0037998175999570277
3519,0.0036996086804015984,8.892292803172876e-07,0.0037885316151885255
3520,0.0036554550451617087,8.620539691976099e-07,0.0037416604407612356
3521,0.0036184893425313695,8.725789517748419e-07,0.003705747230278869
3522,0.0038103198918003228,9.356297361533037e-07,0.003903882848399301
3523,0.0036690850186371997,9.42476975201463e-07,0.0037633327076271655
3524,0.0036978574785133523,8.912644324071504e-07,0.003786983914793499
3525,0.0036096196816933733,8.272239307599751e-07,0.0036923420735664905
3526,0.003607531393607778,8.262511564973993e-07,0.0036901565148465096
3527,0.00353699394561831,8.966078421361735e-07,0.0036266547432469744
3528,0.0037211928771989,8.735026151571806e-07,0.0038085431536479344
3529,0.0036576014132268966,8.734404522945096e-07,0.0037449454708445456
3530,0.003704554333742107,8.876612032655695e-07,0.003793320423292537
3531,0.0035948321869176242,8.10786071915279e-07,0.0036759107794252133
3532,0.0035947748880472874,8.737547542266604e-07,0.0036821503402485003
3533,0.003659122135309923,8.591655258779581e-07,0.00374503870825133
3534,0.003631244255830684,8.768015358063783e-07,0.003718924423259112
3535,0.0037906684822613195,9.103417585632292e-07,0.0038817026802609044
3536,0.0035088874865323305,7.871861604995032e-07,0.003587606092614512
3537,0.00373795775005654,8.749803295094969e-07,0.003825455791346969
3538,0.0035943198919055922,8.631106388454481e-07,0.00368063097008534
3539,0.003583946325365574,8.484298045767636e-07,0.0036687893086984275
3540,0.0035478638995799327,8.523543567295541e-07,0.003633099337739329
3541,0.0035299606501094758,8.391943131227304e-07,0.003613880069385613
3542,0.0037905501442090156,8.454066258514837e-07,0.0038750907856850854
3543,0.0034815791183181346,8.005568768185772e-07,0.003561634818212159
3544,0.003765821937591799,8.934520532156673e-07,0.003855167144548989
3545,0.0037099012819629524,9.355938404511224e-07,0.003803460670995616
3546,0.0036496345269223375,8.619566385952508e-07,0.0037358301811881603
3547,0.003655657337437714,8.351415423872353e-07,0.0037391714962019076
3548,0.0038258243171918776,8.814156811445906e-07,0.003913965902381366
3549,0.0037123930204900043,9.048980183662582e-07,0.003802882837912729
3550,0.0035675551682229963,8.113214250677687e-07,0.00364868730426796
3551,0.0036383301560436528,8.736042640257144e-07,0.0037256905869130167
3552,0.0035497807416944734,8.172394539161037e-07,0.0036315046806609436
3553,0.003610005669836556,8.565300871146797e-07,0.003695658655957349
3554,0.0035926990451351287,8.455756781791757e-07,0.003677256608141526
3555,0.0035550082402844583,8.617269325059756e-07,0.0036411809269338846
3556,0.0036717616547379765,8.371984783421325e-07,0.0037554815081098387
3557,0.003860544586073487,9.513581891306169e-07,0.003955680366245008
3558,0.00354342078489642,8.829908397861037e-07,0.0036317198762610076
3559,0.003771720266330146,9.154536615501603e-07,0.003863265662784538
3560,0.0040234060537430545,9.598242847401237e-07,0.004119388466220229
3561,0.0037341050938853333,8.527410221675733e-07,0.0038193791819315765
3562,0.003611501899638003,8.294760395103602e-07,0.003694449483807529
3563,0.0036284876010951495,9.34698538267478e-07,0.0037219574554793297
3564,0.003774889714775547,9.288524548508341e-07,0.003867774976477508
3565,0.00403582343771573,9.212615260190843e-07,0.004127949603923386
3566,0.00386619261435924,9.157616813676976e-07,0.003957768774501259
3567,0.0035526691184889886,8.492035571942969e-07,0.003637589469191528
3568,0.0036383188449807704,8.393651606022632e-07,0.003722255351021886
3569,0.003750534555424125,8.974052342813182e-07,0.003840275078771576
3570,0.0036781139957207825,8.815006052123687e-07,0.0037662640604520996
3571,0.0036154012646405927,8.263093476553847e-07,0.003698032176602752
3572,0.003505743829713714,8.114212182737257e-07,0.0035868859624550225
3573,0.003777943003261762,9.184225713133562e-07,0.003869785243765481
3574,0.0035213217319500062,8.270491500825888e-07,0.0036040266465035176
3575,0.003503768058914331,8.121378469226212e-07,0.0035849818283872257
3576,0.0036473358425522045,9.271964777033117e-07,0.00374005546402787
3577,0.003741801806515263,1.0092735373467393e-06,0.0038427291663303493
3578,0.00369505854623933,8.384392124812181e-07,0.003778902505854926
3579,0.003650627159062893,9.087853234104255e-07,0.0037415056910005307
3580,0.003476956491208365,7.897169083545093e-07,0.0035559281766895327
3581,0.0036057159529938815,9.807049023478495e-07,0.0037037864582793365
3582,0.0034885773915917643,7.90646520125583e-07,0.003567642044095743
3583,0.0036361959702785936,8.834023366298718e-07,0.003724536197560449
3584,0.0036710640715975915,9.111961133150485e-07,0.003762183680890068
3585,0.003626403421343815,8.854751190630205e-07,0.003714950920473183
3586,0.0034730464835921603,8.49266123461876e-07,0.003557973090679415
3587,0.0035929605064372863,8.302772511665206e-07,0.003675988244433557
3588,0.0037072298132003315,8.512962311567296e-07,0.003792359441098186
3589,0.0035729080048059266,8.435710931793907e-07,0.0036572651081388037
3590,0.00362841134530402,8.710295487030488e-07,0.00371551432556683
3591,0.0036773812100892108,8.850309500890181e-07,0.0037658843061616344
3592,0.003628063879366363,8.98806789454313e-07,0.003717944551739962
3593,0.0036222009108431877,8.521012953297618e-07,0.0037074110681010832
3594,0.003676852932380092,8.812130251880585e-07,0.0037649742613035824
3595,0.003573664471567158,8.40721932329489e-07,0.0036577366953415257
3596,0.0036497514604801134,9.429718118319157e-07,0.0037440486597798525
3597,0.0035662135605009334,8.654402361776925e-07,0.0036527576120269876
3598,0.003563188452033266,8.226179699572493e-07,0.0036454502598292403
3599,0.0036435763937451185,8.764891958890075e-07,0.0037312253092926357
3600,0.0036853383775920638,8.439463569277817e-07,0.0037697330117225647
3601,0.0037275757265066906,8.44899511042557e-07,0.0038120656634771056
3602,0.0036840563745147758,8.91758075325807e-07,0.003773232178402043
3603,0.0036358959116642516,8.484971255212816e-07,0.0037207456095324407
3604,0.003554071344795727,9.454422414848758e-07,0.003648615569897717
3605,0.00383368888569455,9.342186569571617e-07,0.003927110739412808
3606,0.003584794932976365,8.548654697674905e-07,0.0036702814677189435
3607,0.00360722076748648,8.59728035515394e-07,0.0036931935577623307
3608,0.003899698063070255,9.15760014571964e-07,0.0039912740054029614
3609,0.003666964299496143,9.062365268531017e-07,0.003757587941964307
3610,0.0036531385755346666,8.76518127355549e-07,0.003740790435263226
3611,0.0036475541475679604,9.443701947754064e-07,0.003741991180445879
3612,0.0035107603762298822,7.946390313361096e-07,0.0035902242732024
3613,0.0035920189993996774,8.222129871859168e-07,0.0036742402721316584
3614,0.0035181529144005428,8.758971496776682e-07,0.0036057426233685784
3615,0.0036773241816028474,8.697885083429649e-07,0.003764303040600592
3616,0.0037259667015243922,8.695932677021061e-07,0.0038129260403013997
3617,0.003640661872322521,8.844707380258994e-07,0.003729108983891145
3618,0.0035714547885882277,8.313041146926304e-07,0.0036545851373023562
3619,0.0035211224965150316,8.191054289894847e-07,0.003603033037976392
3620,0.0035411505208861444,8.883901119265976e-07,0.0036299895239813675
3621,0.0037672459823830475,9.005882053579919e-07,0.0038573048002417047
3622,0.003643660145180841,9.009513192840161e-07,0.0037337552395559125
3623,0.0038388051663435273,9.041220745266107e-07,0.00392921736854459
3624,0.0035540309899877156,8.549223370239141e-07,0.0036395232328363964
3625,0.003548696201535002,8.83798073177346e-07,0.0036370759874942804
3626,0.0035433044747239157,8.220151794229159e-07,0.003625506009425848
3627,0.0039386275569878275,9.06573346113756e-07,0.004029284899813994
3628,0.003566377608466052,8.785757747700113e-07,0.0036542351928449445
3629,0.0037496690337936725,9.375675411378794e-07,0.0038434257956161616
3630,0.0036529145323701442,8.800639684816434e-07,0.0037409209255729954
3631,0.0035711431259950323,8.086673508313975e-07,0.00365200987265956
3632,0.003524388644784208,8.234210400264748e-07,0.0036067307491095798
3633,0.003591601015819657,9.341006023444811e-07,0.003685011062771082
3634,0.0036443016837320982,8.909542305357923e-07,0.0037333971009619773
3635,0.003766232485612554,9.064625252845402e-07,0.003856878757717148
3636,0.003549990754935049,8.42530891620094e-07,0.003634243805502211
3637,0.003692848675493752,8.765644364053338e-07,0.003780505116728525
3638,0.003621874557387444,8.71692689528455e-07,0.003709043834298368
3639,0.0038776212416949773,1.0147039835183316e-06,0.003979091622656391
3640,0.0037603804375976324,9.172325121653557e-07,0.0038521036866211123
3641,0.0035021826099123684,9.499658260885495e-07,0.0035971792024229805
3642,0.0036422104439547947,9.060322939501108e-07,0.0037328136649223105
3643,0.0035481039404628737,8.450267724554343e-07,0.0036326066380546937
3644,0.003578325943841088,8.333954427495971e-07,0.0036616654871332067
3645,0.003676510611248593,8.521905651685946e-07,0.003761729661134943
3646,0.003816472899709498,8.979370961476947e-07,0.0039062665985716925
3647,0.0035350279386846288,8.403244703092036e-07,0.0036190603859722614
3648,0.0036245050930207774,8.348716608364362e-07,0.003707992228408975
3649,0.003529500118606994,8.268712503517999e-07,0.003612187240392931
3650,0.0036511878377848096,8.603013435687547e-07,0.003737217979505658
3651,0.0038364133046519372,9.336106505807331e-07,0.003929774367040203
3652,0.0036163986660540104,8.938821873661871e-07,0.0037057868865949493
3653,0.004000392134091066,9.108159096901927e-07,0.004091473709371301
3654,0.0036524831122087854,8.546633382373388e-07,0.0037379494507706933
3655,0.0036747156296886743,8.104730737144447e-07,0.0037557629703153525
3656,0.0039263213759348275,1.000449768276491e-06,0.004026366352674461
3657,0.0035500165240298356,8.256604928646993e-07,0.0036325825738810725
3658,0.0037002430913308936,8.765340306772193e-07,0.0037878964832353014
3659,0.0036110839385899807,8.779843685055488e-07,0.003698882368964053
3660,0.003502507859300221,8.607587717286209e-07,0.0035885837484872147
3661,0.0035205832757656615,8.906048470459111e-07,0.003609643775909658
3662,0.003541174570038434,8.566676683585683e-07,0.0036268413607631962
3663,0.0035842337885931613,8.72233002727655e-07,0.0036714570897240792
3664,0.0036603066649648452,8.537969601856011e-07,0.003745686375505982
3665,0.0035918111642522198,9.217843021067364e-07,0.003683989589673377
3666,0.00372746545490959,9.112681834355294e-07,0.0038185922519093558
3667,0.0034875187557190657,8.574254681456472e-07,0.0035732612915096744
3668,0.003559588499727749,8.345542361835654e-07,0.003643043925084414
3669,0.0034988169903836905,8.138565920401766e-07,0.0035802026414462635
3670,0.0035484773257086354,8.178942002521052e-07,0.0036302667501712997
3671,0.0035069075773560233,8.343153306287281e-07,0.003590339103773717
3672,0.0036338639385517565,8.37388658085054e-07,0.0037176028164404053
3673,0.0036936589787083286,8.63731616523329e-07,0.003780032132541941
3674,0.0036323207595776166,8.756294171748338e-07,0.003719883693021632
3675,0.003598823129469829,9.707055728687273e-07,0.0036958936797154528
3676,0.0038923929490509534,9.663670979417445e-07,0.003989029683232788
3677,0.003745434497813544,9.246676515225949e-07,0.0038379012576995357
3678,0.0036901035571410773,8.798280939645924e-07,0.0037780863518315938
3679,0.003490315682645286,9.086163976051818e-07,0.003581177315584594
3680,0.003508821272501542,8.113344623809333e-07,0.0035899547078917103
3681,0.0035806184995078273,8.659404527626917e-07,0.0036672125795796035
3682,0.0035726098614113945,8.973804157111802e-07,0.003662347876196427
3683,0.0036490077017656258,8.62189355552067e-07,0.0037352266315851482
3684,0.0035547791724844327,8.940057246182997e-07,0.0036441797630921485
3685,0.0035486577319041373,8.335415083321653e-07,0.0036320118609094814
3686,0.0035827740606281066,8.370875218221749e-07,0.003666482805725067
3687,0.0036415668099277444,8.40828003982742e-07,0.003725649631251731
3688,0.0035754794465197672,8.500436130757847e-07,0.003660483796510004
3689,0.0035012580544477507,8.257533603418485e-07,0.0035838333799714044
3690,0.0035622041341998884,8.488003833272453e-07,0.0036470841451157485
3691,0.003729710558189019,9.188499824807466e-07,0.0038215955268711813
3692,0.0037535641402486834,9.084697214142756e-07,0.003844411097346775
3693,0.0035446822613237365,8.566935999595209e-07,0.0036303516357175766
3694,0.003514409140353241,8.912810306854578e-07,0.003603537236490557
3695,0.0035347187996751838,8.196020020947006e-07,0.0036166789941489697
3696,0.0036355803059714455,8.360065855354591e-07,0.003719180957564423
3697,0.0036342797740813223,8.659600967480547e-07,0.003720875799415573
3698,0.0036589251831173897,8.6200049604339e-07,0.003745125253654776
3699,0.0036552384000031217,9.173343278968288e-07,0.003746971833489595
3700,0.0036602962101178783,8.52631695770176e-07,0.0037455593626345355
3701,0.003627004229553765,8.940653038559005e-07,0.003716410753587561
3702,0.003732938544764634,8.626140785758429e-07,0.003819199954910624
3703,0.0035307332723131103,8.186095801794446e-07,0.003612594228358038
3704,0.004256545047786447,1.0394917078502335e-06,0.00436049418133353
3705,0.00382735971511612,8.717433498502707e-07,0.003914534039194545
3706,0.0035513126997337224,8.721606337208105e-07,0.0036385287530720234
3707,0.0035078388548666433,8.343448727036078e-07,0.0035912733254653793
3708,0.0036519821808342974,8.578683865644346e-07,0.0037377690220431934
3709,0.0035141474462204404,8.260914283240592e-07,0.0035967565847620847
3710,0.003596596810365877,8.978644062505825e-07,0.003686383246414123
3711,0.0035869474597876112,8.487687050400117e-07,0.003671824331245115
3712,0.0037265720386658947,8.851466117771305e-07,0.0038150866936531758
3713,0.0035362298480205,8.338678427325279e-07,0.0036196166258906167
3714,0.0034821911624843076,7.967845531751547e-07,0.0035618696241609513
3715,0.004043136400380923,9.470403942061474e-07,0.004137840437432451
3716,0.00355242264096535,8.436991430654974e-07,0.0036367925574942945
3717,0.003943940842404,9.324636310691037e-07,0.004037187194391605
3718,0.003525365579632982,8.31999186850167e-07,0.0036085654921349016
3719,0.0037252329695489136,8.320647456487002e-07,0.0038084394463728513
3720,0.0035511093784964852,8.257507198733595e-07,0.003633684441146831
3721,0.0035587347923747956,9.011340085312587e-07,0.0036488482202853886
3722,0.00369783625337145,8.642055091044196e-07,0.003784256807017711
3723,0.0038400152247519263,8.502228568783809e-07,0.003925037525233722
3724,0.0036539430354511544,8.610077807427461e-07,0.0037400438149850215
3725,0.0035481979439575826,8.257721975173955e-07,0.0036307751922117124
3726,0.0037818904665689315,8.344015125863558e-07,0.003865330630252438
3727,0.0035944271291936595,9.492154599537306e-07,0.0036893486751303555
3728,0.003700981382280588,8.795710663610906e-07,0.0037889384754723116
3729,0.0035142688035604453,8.428081573143689e-07,0.003598549636080861
3730,0.0035667074844241142,9.08393815279851e-07,0.0036575468557496224
3731,0.0035479770327407506,8.914311358180824e-07,0.0036371201502099154
3732,0.003457315326217682,8.204843861529943e-07,0.003539363748484081
3733,0.004130361842051629,9.980412411066703e-07,0.004230165951735069
3734,0.0035789511016299648,8.366834182901761e-07,0.0036626194318335865
3735,0.003533375704841268,8.213929621917721e-07,0.003615514983633353
3736,0.0036051062897088067,8.620351246874282e-07,0.0036913097851098546
3737,0.003646533921240799,9.19657608274945e-07,0.0037384996521136454
3738,0.0035433792283818604,8.387106764794519e-07,0.0036272502789694455
3739,0.0036753554407867694,8.909566307949952e-07,0.0037644510758259603
3740,0.0036614846903830767,8.870841013724144e-07,0.003750193090508542
3741,0.0038516479919874862,9.201812131763174e-07,0.0039436660947338225
3742,0.0038300474219384695,9.537087213439302e-07,0.003925418315996085
3743,0.003531010273183065,8.528688575156153e-07,0.003616297144382711
3744,0.0035923020088023715,8.488500076319108e-07,0.003677187014311071
3745,0.0036147196942399587,8.87562893489479e-07,0.003703475974860691
3746,0.003515616615092562,8.271732410996206e-07,0.003598333967308844
3747,0.0035931692804179846,8.35364366755511e-07,0.0036767057158173092
3748,0.003564419119708961,9.79624541829957e-07,0.0036623815765544293
3749,0.0038823724964693667,9.544844799840516e-07,0.003977820930641985
3750,0.0035233473660604606,8.488796982331428e-07,0.003608235315750203
3751,0.003777147646272375,9.122914969984483e-07,0.0038683767760953596
3752,0.0035059288399474273,8.001862650622394e-07,0.0035859474747051154
3753,0.0035854561344510123,8.548297665994699e-07,0.0036709391166486085
3754,0.0035196453663370302,8.684217505106062e-07,0.0036064875537469504
3755,0.0035857013652041076,8.217723883453507e-07,0.0036678785803697764
3756,0.0037490190081899207,8.626806183817661e-07,0.0038352870802965855
3757,0.0035034251895042197,8.736721827429597e-07,0.003590792394994247
3758,0.0036916431159742416,8.319773974841566e-07,0.0037748408503830433
3759,0.003501498215501347,7.920140077540934e-07,0.0035806996222104755
3760,0.003511199922931771,8.379139499524055e-07,0.0035949913153965627
3761,0.0036604522667344538,8.299853382067663e-07,0.0037434508107722767
3762,0.0037733617448999037,8.834531088048665e-07,0.0038617070569025892
3763,0.0036018227317160174,8.612855947009643e-07,0.0036879513007138046
3764,0.0037404260703272395,9.284940919344315e-07,0.0038332755061527414
3765,0.0037543342013152377,9.066883183462074e-07,0.0038450030354602685
3766,0.003685050441192523,8.744180582476885e-07,0.003772492242616511
3767,0.003961768204105958,8.655744654935271e-07,0.004048325654660021
3768,0.0036423022768670515,8.935001922568077e-07,0.0037316522681184352
3769,0.003778558059204971,8.880271758654647e-07,0.0038673607857837794
3770,0.003726473416111642,8.920853778979489e-07,0.0038156819514810077
3771,0.0034886367333632324,7.992014564977932e-07,0.0035685568957799867
3772,0.0035616475037269055,8.272990557558049e-07,0.0036443773762232833
3773,0.003593118117761708,8.423949129938856e-07,0.003677357634108874
3774,0.0035905507618501304,9.277019422194328e-07,0.0036833209301074667
3775,0.00372281682587439,9.784935503287876e-07,0.0038206661871123698
3776,0.00354005295723196,8.549941412638873e-07,0.0036255523727665986
3777,0.00355032789370706,8.263372100989199e-07,0.003632961614658275
3778,0.0035746642012870118,8.781416377426086e-07,0.0036624783740168616
3779,0.003508593489025389,8.364371359264975e-07,0.003592237199266111
3780,0.003619820991110417,8.252527440192587e-07,0.003702346250535019
3781,0.00347278711025513,8.304355014109704e-07,0.003555830673224503
3782,0.003496989442576324,8.133079485296255e-07,0.0035783202432456518
3783,0.003548392199821049,8.445136194084977e-07,0.0036328435695219424
3784,0.003927693469449878,8.809404756638903e-07,0.004015787512124065
3785,0.003723622194581455,9.31357140915122e-07,0.0038167579069493278
3786,0.003852101027845375,9.081847836921131e-07,0.00394291948947695
3787,0.003563124325967604,8.130149078697873e-07,0.0036444258125078294
3788,0.0034782672901788065,8.038638894034986e-07,0.0035586537072254767
3789,0.003533837438050297,8.305059487435257e-07,0.0036168880159816435
3790,0.003562146241986944,8.921367845188446e-07,0.003651359937183799
3791,0.0034868026437658455,8.402302129187804e-07,0.003570825680189075
3792,0.003497497606722097,8.37828338262625e-07,0.003581280444538401
3793,0.0037336164950242928,8.755722767032679e-07,0.003821173772936867
3794,0.00350096499577405,8.569434487893182e-07,0.0035866593130894245
3795,0.0035198505502194166,8.470014156427492e-07,0.0036045506806863894
3796,0.003648540147790505,8.903644287226686e-07,0.0037375765837608806
3797,0.0035833598775488716,9.5201649826542e-07,0.003678561533771215
3798,0.003558485573458095,8.533632614026212e-07,0.0036438219324355166
3799,0.0035440403622605146,7.929843872584423e-07,0.0036233387992627196
3800,0.0035620739968914177,8.175350305258866e-07,0.003643827505349632
3801,0.0036087684829028384,8.205117810135679e-07,0.003690819669094297
3802,0.003518039285535774,8.423554233207054e-07,0.003602274828740666
3803,0.003551216991317849,9.046626040975341e-07,0.003641683270313567
3804,0.0035916638200081162,8.775111782157299e-07,0.0036794149106548677
3805,0.0036011618006253437,8.453496504091984e-07,0.0036856967790593062
3806,0.0037410705831022032,1.0019177990773555e-06,0.0038412623407859956
3807,0.003534029951439269,8.742952581263624e-07,0.003621459480435137
3808,0.003742557627359225,9.159863650658677e-07,0.0038341562443923566
3809,0.003551009486639692,9.263539592182262e-07,0.003643644830933021
3810,0.003466375352394196,8.633211978708606e-07,0.003552707490481196
3811,0.0034820115148660635,8.319848183008059e-07,0.0035652100078521235
3812,0.0036174394866271367,9.087316155478953e-07,0.00370831266345997
3813,0.003660751056046255,8.600636995710844e-07,0.00374675739646679
3814,0.0036225668455083524,8.180375758574003e-07,0.003704370577789603
3815,0.0036262142502011792,8.278521917301048e-07,0.0037089994462627556
3816,0.003760869607269283,8.705279605413623e-07,0.0038479224237943847
3817,0.004074580636957,9.687176503253032e-07,0.004171452357343609
3818,0.0037647221733124988,8.585653473904043e-07,0.0038505787285225044
3819,0.0035032207717097573,8.5257295268093e-07,0.0035884780734176595
3820,0.0036099292638321076,9.03038648131417e-07,0.003700233139698544
3821,0.0034651666534163297,7.929856341463399e-07,0.0035444652180998556
3822,0.0034810489779638666,8.011719996243154e-07,0.0035611661751904795
3823,0.003583574795254296,8.259363374735027e-07,0.0036661684543134706
3824,0.003549936805821715,8.597074215245928e-07,0.0036359075607071
3825,0.003548935438776689,8.440041135086616e-07,0.003633335856119952
3826,0.003533141357043097,9.062078337621877e-07,0.0036237621454582097
3827,0.0036381520105585935,9.092451279919318e-07,0.003729076515282354
3828,0.003784036812102122,8.729918568684709e-07,0.003871336008512205
3829,0.0035806873122290256,8.90526768025959e-07,0.00366973998625913
3830,0.0034534528686274444,8.045433791296326e-07,0.0035339072271580656
3831,0.0038571814300432323,9.472445115886418e-07,0.003951905881084742
3832,0.0037009769885410224,8.591758787148254e-07,0.0037868945604009976
3833,0.0036775542708534386,8.58579224519241e-07,0.003763412185493977
3834,0.003762013669456205,8.681669911428828e-07,0.0038488304032193075
3835,0.0035145789039351285,7.904451275598765e-07,0.0035936234203437644
3836,0.0034952514669707706,8.200675038537039e-07,0.003577258220062621
3837,0.003535011865859551,8.070265673796389e-07,0.0036157144969629663
3838,0.003689226769511738,8.830872902322998e-07,0.0037775355120820385
3839,0.003988856975469858,9.159747396698814e-07,0.004080454443371104
3840,0.0035878860977508367,8.670461269385639e-07,0.003674590719803687
3841,0.0035559623577301543,8.219318653074527e-07,0.00363815555559291
3842,0.003645981248888758,8.16780457978072e-07,0.003727659260133101
3843,0.003964937472295376,9.503707547669511e-07,0.004059974554805986
3844,0.0035183060568787397,8.231002267723764e-07,0.0036006160831499484
3845,0.003528334373127549,8.854737859931652e-07,0.0036168817595969285
3846,0.003772320563814813,8.939650173957606e-07,0.0038617170385776027
3847,0.0036051934359655263,1.0033051782351498e-06,0.0037055239832449343
3848,0.0035588272486723237,8.594303025230117e-07,0.003644770289200448
3849,0.0036288027786799976,9.883850753472108e-07,0.003727641302130876
3850,0.0035462869902051263,8.510096504763962e-07,0.00363138796491248
3851,0.0035074772012810554,8.357180043335135e-07,0.003591049004406218
3852,0.0034601582409513575,7.846076073292352e-07,0.0035386189983616914
3853,0.0035464836720136865,7.990149752444151e-07,0.003626385140382955
3854,0.003492842548556866,8.446801797940533e-07,0.0035773105618934478
3855,0.0035516518213215375,8.549337075413448e-07,0.003637145198280773
3856,0.0036566161490496126,8.541968334670415e-07,0.0037420358313547987
3857,0.0036179540723922754,8.572852482669282e-07,0.0037036825782589375
3858,0.0036482442651064166,8.820495421083075e-07,0.003736449210273643
3859,0.0035315166648116803,8.489538660591455e-07,0.0036164120275286897
3860,0.0035210490797556214,8.768133353999386e-07,0.003608730403826602
3861,0.003596668807609427,8.982512642227624e-07,0.0036864939235871836
3862,0.0035219444112191277,8.431280702420589e-07,0.0036062572166443833
3863,0.003648768599715925,8.690538988371226e-07,0.0037356739668476004
3864,0.0036598102174579135,8.641534075268869e-07,0.0037462255812340207
3865,0.0036034770460138398,8.49332899809768e-07,0.0036884103526150986
3866,0.0035810040144790565,8.19282070830424e-07,0.0036629322135160046
3867,0.0036000397672215777,8.87075026595642e-07,0.0036887472810884637
3868,0.0034454464536881253,8.073277293137395e-07,0.0035261791950512316
3869,0.003792786084476017,9.175331074989264e-07,0.0038845393611418623
3870,0.003952415930407662,9.477868601489688e-07,0.004047194615967812
3871,0.0034923637811575207,8.39178998405494e-07,0.003576281698300473
3872,0.003592646140004358,8.319911554251796e-07,0.003675845233843692
3873,0.003611921482989865,8.566372314582564e-07,0.003697585194341598
3874,0.003781811536980733,8.87452903307642e-07,0.003870556821986552
3875,0.0037940667882081,9.018850072783196e-07,0.0038842553152672707
3876,0.0037854243850996418,9.121471110472245e-07,0.003876639094444052
3877,0.0036643450223510306,8.793291297684669e-07,0.0037522779537304757
3878,0.0035851136781275272,8.156923960937532e-07,0.0036666829349292864
3879,0.0035797389254214303,9.13501642043552e-07,0.0036710890971364514
3880,0.0037745397177434735,8.925129742648654e-07,0.0038637910038232803
3881,0.0034948750624373076,8.094247050394188e-07,0.0035758175091036865
3882,0.003714477162688009,8.769228139910059e-07,0.003802169452331239
3883,0.003606717320038907,8.422949364220615e-07,0.003690946794625732
3884,0.0037535608280450106,9.172708704711347e-07,0.0038452879375507755
3885,0.003716686034515019,8.560201869782289e-07,0.00380228805325685
3886,0.0035173902137865943,8.130540784863584e-07,0.003598695635915764
3887,0.0035117522497931796,8.655198077958044e-07,0.003598304217561118
3888,0.00350116960133516,8.410032504094312e-07,0.003585269922510751
3889,0.003614843312290407,8.968145138051993e-07,0.0037045247567396972
3890,0.0035282095759025505,8.798245971775032e-07,0.0036161920551450984
3891,0.003558814067453627,8.531584985722739e-07,0.003644129899781077
3892,0.003449807131302453,7.852746391783454e-07,0.0035283346059581926
3893,0.0037576074772063765,9.337036354120374e-07,0.0038509778453097226
3894,0.003511948270663138,8.265221602473063e-07,0.003594600482873859
3895,0.003639901807952312,8.236997946515922e-07,0.003722271814401592
3896,0.00347396427194678,8.179016008985092e-07,0.0035557544324547052
3897,0.0039382638454797765,9.062213074861163e-07,0.00402888597830409
3898,0.003619178949344543,8.825817395342212e-07,0.003707437100069177
3899,0.003944502061893863,9.121151998853396e-07,0.004035713586715921
3900,0.003545838633492108,8.332993498668422e-07,0.003629168555621178
3901,0.0035685135742589353,9.0355754053e-07,0.0036588693187842446
3902,0.003641707169252538,8.431687224548378e-07,0.003726024067990722
3903,0.0036568348896839926,8.822892654749129e-07,0.0037450638013861834
3904,0.0034733731975598683,8.251980771532427e-07,0.003555892996730343
3905,0.003621782777049849,8.430403223399246e-07,0.003706086832549303
3906,0.0036341607901117495,8.519299545960459e-07,0.003719353808030005
3907,0.0036055225833889937,1.005851578200588e-06,0.0037061077647752337
3908,0.0036736053805197437,8.48900631280553e-07,0.0037584954331959445
3909,0.003537546032138409,8.167361714538035e-07,0.003619219649643187
3910,0.003568619256839156,8.06581369723121e-07,0.003649277409778968
3911,0.0037567320565182354,8.813577246949154e-07,0.003844867805920301
3912,0.0035475224196430174,8.608982856487508e-07,0.003633612233604635
3913,0.00383404239020761,9.298182098680099e-07,0.0039270242240520255
3914,0.0035797475551765773,8.300217675036214e-07,0.0036627497193553755
3915,0.0034758934540854345,8.347053663313883e-07,0.0035593639909019393
3916,0.0035008085636241784,7.9720129061541e-07,0.003580528701986036
3917,0.0034607676263417927,7.951127258820634e-07,0.003540278908105627
3918,0.0034816280803492954,8.482833814307542e-07,0.00356645641037293
3919,0.0034724009643879628,8.080775710221778e-07,0.003553208737303653
3920,0.003624488967621038,8.80612267264364e-07,0.0037125501661531388
3921,0.0037726201267252045,9.029378684170942e-07,0.0038629139157673044
3922,0.003601093063010804,8.490401598699522e-07,0.003685997078014958
3923,0.00352231418383458,8.15798698787999e-07,0.00360389405320729
3924,0.0034983553022386567,9.18430707256888e-07,0.003590198383936959
3925,0.0034138435768263954,7.954733845391245e-07,0.0034933909248079983
3926,0.003544716960600307,8.536880371931117e-07,0.0036300857581438558
3927,0.00379784008668315,8.689025798224564e-07,0.003884730342354986
3928,0.0036006328169136278,9.121904147304445e-07,0.0036918518599122763
3929,0.003617230029175839,8.958041495398286e-07,0.0037068104401471154
3930,0.0036194126812681077,9.128279246749204e-07,0.0037106954823097876
3931,0.003964534254684564,9.157939592613172e-07,0.004056113681966259
3932,0.0036983776071499433,8.633078616713324e-07,0.0037847083632744126
3933,0.003495472145356959,8.391129023449697e-07,0.0035793834230712345
3934,0.0034818619699968447,8.668889200458991e-07,0.0035685508572045836
3935,0.003547379964842431,9.025456910011041e-07,0.0036376345557190717
3936,0.0037616013714502896,9.331204366037949e-07,0.0038549134192327338
3937,0.0034481684166577553,9.204562399733527e-07,0.003540214045994705
3938,0.0034462195415530476,8.237319460227633e-07,0.0035285927250140138
3939,0.0039334122031446424,9.03734974511486e-07,0.0040237857179055295
3940,0.003659263561149278,8.316672506225586e-07,0.003742430284018478
3941,0.00353367812180471,8.084703700484581e-07,0.003614525145460521
3942,0.003708317447754164,8.806406192947649e-07,0.0037963815153606475
3943,0.003861195280126506,9.551751495271145e-07,0.003956712797404297
3944,0.003494293759426763,8.011997758858929e-07,0.003574413735599768
3945,0.003426106556528999,8.714399361833198e-07,0.0035132505825810857
3946,0.003494055986764931,1.0145246590347537e-06,0.0035955084698094477
3947,0.003536969843891359,8.340634482714626e-07,0.003620376179535543
3948,0.003494410647920543,8.357588380785009e-07,0.0035779865368479684
3949,0.00349643089688353,8.195580401280172e-07,0.003578386720149748
3950,0.0036157031633680865,8.341397303059151e-07,0.003699117152380847
3951,0.0035470021032397788,8.941299219875345e-07,0.0036364150939569356
3952,0.0036207502182092396,8.743804920824562e-07,0.0037081882643002655
3953,0.0035913234892030878,8.42857924644411e-07,0.0036756093012950113
3954,0.0035130284696577056,8.179815099098167e-07,0.003594826636535506
3955,0.003541640509220381,8.705657760841742e-07,0.003628697081078445
3956,0.003459164392082922,7.940290776141703e-07,0.003538567324980132
3957,0.003469983746688212,8.3784130589676e-07,0.0035537678913603868
3958,0.0035258539381527133,7.921815014719135e-07,0.003605072086136187
3959,0.003927087366220451,9.016801967728468e-07,0.004017255396672314
3960,0.003574720381068126,8.401754048610465e-07,0.0036587379271945646
3961,0.00346732729925744,8.66263497579395e-07,0.0035539536526606927
3962,0.0035050317885414245,8.360917626481339e-07,0.003588640979761558
3963,0.0036360868252813816,8.550576977071497e-07,0.0037215925798180604
3964,0.0036089821313057217,8.207279143613461e-07,0.0036910549407043764
3965,0.003730031301177317,9.075028607009201e-07,0.003820781580983631
3966,0.003475840496380002,7.978629590129018e-07,0.0035556267736659894
3967,0.003908212461899365,9.57814114416021e-07,0.004003993873935073
3968,0.003609495658066965,8.720074498752741e-07,0.003696696412178778
3969,0.003707886260423449,8.855732289703155e-07,0.003796443568482514
3970,0.0036008983790393797,8.910767757785629e-07,0.0036900060611867137
3971,0.0035210399918498532,8.146526841213222e-07,0.003602505270992556
3972,0.0035832953459072497,8.37585904748501e-07,0.003667053924272618
3973,0.0035791744312812243,8.199522162319608e-07,0.003661169663011547
3974,0.00362632155508524,8.672127239972929e-07,0.0037130428282844442
3975,0.003961278673922343,9.180228703958311e-07,0.004053080942662012
3976,0.003572688498083622,8.623689330805416e-07,0.0036589253783947035
3977,0.003510420909151435,8.472997207366373e-07,0.0035951508794941247
3978,0.0035222626681770046,8.138816141464274e-07,0.003603650805269999
3979,0.0037453212970567328,8.80571396846203e-07,0.0038333784773825637
3980,0.0035837117898007555,8.498249767839181e-07,0.0036686942837531526
3981,0.003754841764607737,8.373364281514144e-07,0.0038385754000515707
3982,0.003642872426538698,8.337210986962506e-07,0.0037262445285675986
3983,0.0034966118663789765,8.159668434546479e-07,0.0035782085446220253
3984,0.0034874152662532944,8.165443212478309e-07,0.003569069701517301
3985,0.003933761471642121,9.311343385507503e-07,0.004026874892353531
3986,0.0034937556577666153,8.383570334004733e-07,0.0035775913556496943
3987,0.0034706493043490955,8.55650204166816e-07,0.0035562143030185853
3988,0.003610381691326057,8.657197719414047e-07,0.0036969536825293497
3989,0.003645836743676374,8.729907566732671e-07,0.003733135819915802
3990,0.003534999661027424,8.278745440293278e-07,0.003617787102778112
3991,0.003486360686140195,8.641463754458762e-07,0.0035727753288923732
3992,0.003514194320286474,8.476584705550199e-07,0.0035989601615696184
3993,0.003564722092461682,8.316262316780452e-07,0.003647884699485956
3994,0.003490637732489455,8.593030502784278e-07,0.0035765680499495038
3995,0.00393430445523512,9.81424160463282e-07,0.004032446867636134
3996,0.0035747755919733355,8.518840287809237e-07,0.003659963975810716
3997,0.003638518778907676,8.369462842628925e-07,0.00372221341897403
3998,0.0034857518865817018,8.068177613319178e-07,0.0035664336380338475
3999,0.0035251028565389496,8.00658054436832e-07,0.003605168650767976
4000,0.003898452869766662,1.0380495573078786e-06,0.004002257791017333
4001,0.0035425160575898425,9.652644621382933e-07,0.0036390425201745765
4002,0.0035101319738333266,8.192100502187274e-07,0.003592052992673651
4003,0.0034913954385105642,8.236180428133182e-07,0.0035737572508233208
4004,0.003799256883681782,9.06331972454345e-07,0.0038898900947383335
4005,0.0037840203186797518,9.198278029719902e-07,0.0038760030987642466
4006,0.0037778321458327192,8.472468636917314e-07,0.0038625568361772646
4007,0.0036050273976739374,8.571586579731252e-07,0.003690743263089849
4008,0.003494508151385573,8.168160896334044e-07,0.0035761897602388936
4009,0.0035722372197215598,8.391845177180996e-07,0.003656155670121793
4010,0.0035129708102754047,8.146892692791645e-07,0.0035944397546230785
4011,0.003526070403055318,8.698455296267169e-07,0.0036130549326058355
4012,0.003575624056881474,8.128324588318308e-07,0.0036569073150355008
4013,0.0037027197409301034,8.666929862820618e-07,0.003789389047831778
4014,0.0034730737473094657,8.191034504717766e-07,0.00355498407847218
4015,0.003485720078911512,8.203495022210137e-07,0.0035677550195325767
4016,0.0034507763451866566,8.831059770478356e-07,0.0035390869278701083
4017,0.003449012089761034,8.279192247902111e-07,0.003531804007868613
4018,0.0037153675070693416,9.133466538778814e-07,0.0038067021617485632
4019,0.0035496430786987466,9.603917745945152e-07,0.003645682219235647
4020,0.003506122404829629,8.522080821098972e-07,0.003591343219722471
4021,0.0037141375453962435,8.691997425469913e-07,0.0038010575357944735
4022,0.003945174101259439,9.078522001829932e-07,0.004035959335704965
4023,0.0035533762176430993,8.449976612903429e-07,0.0036378759635432114
4024,0.0035307149312669233,9.258059299833305e-07,0.0036232955528483273
4025,0.003480858237092053,8.161159694135412e-07,0.0035624698164962955
4026,0.003493394252033003,9.040055491852634e-07,0.003583794797680551
4027,0.0036739824159491446,8.531332124191742e-07,0.0037592957397141764
4028,0.0034796466239758075,7.96978187531016e-07,0.0035593444181065406
4029,0.0034862943369174198,8.187711328431643e-07,0.0035681714559154163
4030,0.0034300202293501745,8.017029629979422e-07,0.0035101905194742065
4031,0.0034542394306270345,8.04869590674864e-07,0.0035347264004690995
4032,0.003627291782909343,8.376002274563953e-07,0.003711051803322569
4033,0.003488327053585841,8.854930687477698e-07,0.003576876370296363
4034,0.003443972215116505,8.599534380077638e-07,0.003529967559922126
4035,0.0036430374358690553,8.62100074711282e-07,0.0037292474430174597
4036,0.0037567590874048973,9.124565684531614e-07,0.0038480047482035815
4037,0.0034853738972977283,7.946143961318388e-07,0.003564835345793155
4038,0.003486444557746572,8.158726429076435e-07,0.0035680318401465493
4039,0.0037990277708177607,8.965441921763188e-07,0.003888682184380389
4040,0.0036518594865957575,8.637062863624212e-07,0.0037382301018242877
4041,0.0035906312386355093,9.222800078914002e-07,0.003682859241962433
4042,0.0035116127316629693,8.16437503295498e-07,0.0035932564942706977
4043,0.0035606997778579114,8.326518464825987e-07,0.003643964958046713
4044,0.0037499124845189434,8.737932628924506e-07,0.003837291819734439
4045,0.003574786497460258,8.551880286646454e-07,0.003660305313044979
4046,0.0035582734346990626,8.698576042690782e-07,0.003645259173466794
4047,0.003537020901398313,8.960139439295745e-07,0.0036266222896595155
4048,0.0035010604938912776,8.157814458935453e-07,0.0035826386283001593
4049,0.0035905326686559184,9.275019212304136e-07,0.0036832828735632282
4050,0.003756515659211624,8.683560835262112e-07,0.0038433513048315242
4051,0.003637005342170596,8.668351883458061e-07,0.003723688836720201
4052,0.003502753668374592,8.467640503611971e-07,0.0035874300726479098
4053,0.0036170114838187735,8.844738515783261e-07,0.0037054588732820365
4054,0.003746197251002154,9.008930327757796e-07,0.0038362865621644642
4055,0.003516481783721716,8.419005402790771e-07,0.0036006718348231045
4056,0.0035680873815210597,8.345410338411203e-07,0.003651541477489856
4057,0.003501723858437711,8.502383164546523e-07,0.003586747698606022
4058,0.0035907951589193073,8.441007784929224e-07,0.003675205234978949
4059,0.003525169378507041,8.066285992695597e-07,0.0036058322331237215
4060,0.0035269029753943605,8.209561315197789e-07,0.0036089985946854276
4061,0.003517945019167758,8.835487817797853e-07,0.0036062999072694973
4062,0.003595943404962459,8.847187715336106e-07,0.0036844152641753035
4063,0.0035650644286145125,9.62118765675123e-07,0.0036612762919356746
4064,0.0035436407347480135,8.565881700868035e-07,0.0036292995191029003
4065,0.0035764246863583403,8.672722372231816e-07,0.0036631519080049567
4066,0.003505252857482241,9.165036475121357e-07,0.0035969032305142572
4067,0.003470432035805237,8.618824230941227e-07,0.0035566202845544585
4068,0.003823160546861829,9.27015420412288e-07,0.003915862097675281
4069,0.0043824638931020616,9.741319694688672e-07,0.004479877094948484
4070,0.003815633417557805,8.86956638257083e-07,0.00390432910212586
4071,0.003693608356819999,8.856800744275284e-07,0.0037821763675780066
4072,0.0035871861262186883,8.292530501128039e-07,0.003670111403710419
4073,0.0035562357159271358,8.28522272953588e-07,0.0036390879521927526
4074,0.0034058426371625355,8.048222969503718e-07,0.003486324860263736
4075,0.0037619586463176436,8.721469582944279e-07,0.003849173347736078
4076,0.0035451718215500157,8.33965906798356e-07,0.0036285683783071655
4077,0.00349125430558718,8.741522254152392e-07,0.003578669534275128
4078,0.0035446288529783487,8.754644172328088e-07,0.0036321753080213264
4079,0.003527684940866405,8.505916734828778e-07,0.0036127441112072237
4080,0.003527920520413787,8.894800184715413e-07,0.00361686852580357
4081,0.0034637859001034692,7.990420308781341e-07,0.003543690094844468
4082,0.003515822542530875,8.046369507317121e-07,0.0035962862443299063
4083,0.003802956457460119,9.414990813638724e-07,0.003897106387622414
4084,0.0034895819732018054,8.684425808731307e-07,0.0035764262410661867
4085,0.00356803968879244,8.53939125576172e-07,0.003653433579470842
4086,0.003519472380679461,8.64348349281382e-07,0.003605907227122976
4087,0.0034443253591176,7.982178728173406e-07,0.003524147146832078
4088,0.0037869504397554745,8.608907089711142e-07,0.0038730395251824973
4089,0.003828940154503911,9.215630675205302e-07,0.003921096453503255
4090,0.0034806182112304433,8.258668454771161e-07,0.0035632049079023062
4091,0.0035771778108732353,8.152298006837466e-07,0.003658700801972901
4092,0.003876142707022448,9.83557011720897e-07,0.003974498399803715
4093,0.003595555764472773,8.245430209289255e-07,0.0036780100556150557
4094,0.003650368161259159,9.097168110143215e-07,0.003741339847986256
4095,0.0035439350927669194,8.47706796629345e-07,0.0036287057558975874
4096,0.0036304049013603117,8.343179986020972e-07,0.003713836690651313
4097,0.0035067449188641003,7.861600065992999e-07,0.003585360914228424
4098,0.0035707007853254197,8.03967082212635e-07,0.003651097461941742
4099,0.0034797113508947433,8.310329807529577e-07,0.003562814638679547
4100,0.003585441195736489,8.291375112798227e-07,0.0036683549368453604
4101,0.003698473202905828,8.872553082490471e-07,0.0037871987273496006
4102,0.0036288371099339376,8.772995208287724e-07,0.0037165670505454463
4103,0.003653986139162894,8.564360332603693e-07,0.0037396297444619478
4104,0.0036730850941591687,8.476568771056332e-07,0.0037578507927396605
4105,0.0036001937133410284,8.694721105389509e-07,0.003687140944924566
4106,0.0037740261233862368,8.372729707257203e-07,0.0038577534273386963
4107,0.0035673039815118236,8.162630306727689e-07,0.0036489303043532755
4108,0.003581877805352692,8.450649785675435e-07,0.0036663843183628014
4109,0.0034783112350851297,8.103555600310726e-07,0.0035593468064983045
4110,0.0034931525362715604,8.305452935576707e-07,0.0035762070723238493
4111,0.0034378832882089962,8.089631951553466e-07,0.0035187796193866
4112,0.0036858484870003114,9.328162032914171e-07,0.003779130116585762
4113,0.003610830033017743,8.010123594665915e-07,0.0036909313001219305
4114,0.003541322237241172,8.093966005529388e-07,0.003622261919982491
4115,0.0036056079946818853,8.373989320745985e-07,0.0036893478714891017
4116,0.003646797410422756,8.522106015569138e-07,0.003732018480678239
4117,0.0036608815538666903,8.91949446946866e-07,0.0037500765024413986
4118,0.003450904612339312,8.168199274810069e-07,0.003532586611747261
4119,0.003501526282859906,8.08509777206998e-07,0.003582377257125993
4120,0.0037386953199823056,8.774539790670866e-07,0.0038264407175442865
4121,0.003582977464482669,9.755152045580608e-07,0.003680528967731422
4122,0.003418998860363518,7.905046334511303e-07,0.0034980493177089
4123,0.003423861633505552,8.077116882715576e-07,0.003504632799435527
4124,0.0036195149389846673,8.531713708561579e-07,0.0037048320706573224
4125,0.003743747602246942,9.125190320358547e-07,0.0038349995269410073
4126,0.00373842493600903,9.895733393433704e-07,0.0038373822631734993
4127,0.0036912023225018093,9.242482094357969e-07,0.0037836271653612775
4128,0.003570157110751156,8.480887348953054e-07,0.003654965965618049
4129,0.0034993627904764107,8.297705030893285e-07,0.003582339838988358
4130,0.003608490520667645,8.103940851997909e-07,0.0036895299375417734
4131,0.003455402592437402,8.116494299311823e-07,0.003536567520049791
4132,0.0034749025118447118,8.101774916036859e-07,0.0035559202379156505
4133,0.0034859197124117807,7.957623709796368e-07,0.003565495953925194
4134,0.0035142376943821866,8.139935938479246e-07,0.00359563703738874
4135,0.003624585644912816,8.545677917848684e-07,0.003710042452439666
4136,0.003780677178574185,8.874999659911414e-07,0.0038694271727675394
4137,0.0035890587079789368,8.18864372553024e-07,0.0036709451552240117
4138,0.003568197675650158,8.630755132799095e-07,0.0036545052163062556
4139,0.003729985178177876,8.887402985589776e-07,0.00381885921101897
4140,0.0034393296171460423,8.128355980554789e-07,0.003520613160705374
4141,0.0034440900424435256,8.038219389603793e-07,0.003524472238495946
4142,0.0036833464137969478,9.376094182346517e-07,0.003777107329017693
4143,0.0036091978526524,8.251207939411547e-07,0.0036917099233476384
4144,0.003687889923551871,8.994335981667738e-07,0.0037778332574112763
4145,0.003762669237931409,8.524129971339144e-07,0.0038479105494315584
4146,0.003721886254366367,8.337978904878143e-07,0.003805266069849172
4147,0.0035826302388863216,8.098394089522058e-07,0.003663614166960601
4148,0.0036742727257191173,8.555888481139611e-07,0.0037598316107065447
4149,0.0034939762310034804,8.528901481264667e-07,0.0035792652427429155
4150,0.003454487673157165,8.604247891379336e-07,0.0035405301473914615
4151,0.0034787329589767804,8.18729569302025e-07,0.003560605917065855
4152,0.0034990444133478787,7.985027390268149e-07,0.003578894696528873
4153,0.0037453711153038085,9.150760122118358e-07,0.0038368787180872695
4154,0.0037156224791561406,8.472561805114486e-07,0.0038003481233552577
4155,0.00352282382758154,8.279045738574144e-07,0.003605614266087932
4156,0.00345671929479126,8.546918204575054e-07,0.003542188502427551
4157,0.003501936350198042,8.29571846342362e-07,0.003584893555530617
4158,0.003425822315377093,8.377548067161819e-07,0.003509597800251457
4159,0.0035468148247849557,8.431196464141155e-07,0.0036311267664836297
4160,0.003713671155574341,8.66029042314157e-07,0.0038002740606785782
4161,0.0036686648644747273,8.653395793185008e-07,0.003755198821665779
4162,0.0036209701380181696,8.709251658494337e-07,0.003708062678455345
4163,0.0035521434319596137,8.320853688077947e-07,0.0036353519667060145
4164,0.003571493092984442,9.277090806526464e-07,0.0036642640047977047
4165,0.0038541981034101017,9.252205399529738e-07,0.003946720164329294
4166,0.003565325476830044,8.55016124997717e-07,0.0036508270779684665
4167,0.0034471360305624622,8.754684732857934e-07,0.003534682876160068
4168,0.0036081476362362025,9.021301546072796e-07,0.003698360655576952
4169,0.003588462939425822,9.018485578112192e-07,0.0036786477937693555
4170,0.003530575796180675,8.404007981851229e-07,0.0036146158592835547
4171,0.003426587659745447,8.658066195171306e-07,0.0035131683107465506
4172,0.0035212800777967897,8.32425506990647e-07,0.003604522643370494
4173,0.003579571445081984,9.397681607527286e-07,0.0036735482543947236
4174,0.003509212713388185,8.044945139596577e-07,0.0035896621524326264
4175,0.0038398212768257626,9.066607419534252e-07,0.003930487369577731
4176,0.0034516366619256234,8.014554429146594e-07,0.0035317821818734367
4177,0.0036196788592684653,8.677865161365433e-07,0.0037064575139553317
4178,0.003418698861834503,9.067382305352845e-07,0.003509372683061707
4179,0.003546138954979758,8.632608118234437e-07,0.003632465024448691
4180,0.003520051573192881,8.245257093573943e-07,0.0036025041443926674
4181,0.003451770073884437,8.387878184998221e-07,0.003535648852947258
4182,0.0034707268144214347,8.310032974863603e-07,0.0035538271580251956
4183,0.003460561691392814,8.521985122452831e-07,0.0035457815674524154
4184,0.003454672886178859,8.020321817433973e-07,0.0035348761030623028
4185,0.0034402911626403372,8.235020584012795e-07,0.0035226413935062384
4186,0.0035433789730192193,8.116255795328236e-07,0.0036245415122398445
4187,0.0037349084422232644,9.814800650489022e-07,0.003833056450070393
4188,0.003505050535163572,8.244491504404821e-07,0.003587495468016113
4189,0.0036533656605188887,8.304221908826637e-07,0.003736407901611059
4190,0.003516545323955436,8.180822694538943e-07,0.003598353547614909
4191,0.0034609964688218408,8.049589045215051e-07,0.0035414923763563556
4192,0.003464923578224355,8.196596614916709e-07,0.003546889533378905
4193,0.0036431313041717776,8.286917030149667e-07,0.003726000461967722
4194,0.003407928634495024,7.790024189870887e-07,0.003485828893439424
4195,0.0034696239782797712,8.163049334407626e-07,0.0035512544620301453
4196,0.00353343699187521,8.426357750625269e-07,0.0036177005874173294
4197,0.003481493369045277,8.191930393672186e-07,0.0035634126829644365
4198,0.0034411678826736826,8.576358768110484e-07,0.0035269314708608773
4199,0.0035202557656673654,8.610282480408533e-07,0.0036063585881023637
4200,0.0034636051183746706,8.169360750886676e-07,0.0035452987367828046
4201,0.003599447363446797,8.441975058215781e-07,0.003683867120754815
4202,0.0037317111742712797,8.985227942327085e-07,0.0038215634262850208
4203,0.003435526140815308,8.704169251740818e-07,0.00352256782653351
4204,0.0036386762925934408,8.900157805299152e-07,0.0037276778715632617
4205,0.0037257752546499814,9.058424497667264e-07,0.0038163594886540405
4206,0.0035333520237116082,9.223602286246821e-07,0.0036255880484297393
4207,0.0034896392420294786,9.309652532172021e-07,0.0035827357562318923
4208,0.0034779873376171435,8.045910927619608e-07,0.0035584464278672974
4209,0.0036093926943478083,8.430495493103667e-07,0.0036936976361058413
4210,0.0037933458544073565,9.109233107459835e-07,0.0038844382074931937
4211,0.003615373723028648,8.371101620058095e-07,0.0036990847213253858
4212,0.0034171121885939954,8.748876692357777e-07,0.003504600954212008
4213,0.0035360827666497036,8.545439908952939e-07,0.003621537155742126
4214,0.003510633243187781,8.264988012694718e-07,0.0035932831120707334
4215,0.0035928200419631695,8.700739319846757e-07,0.0036798274565127587
4216,0.0035025604189403594,8.480739024303001e-07,0.0035873678092273975
4217,0.0035595347458917286,8.544739543022813e-07,0.003644982127532844
4218,0.0034654707527689396,8.230402202923048e-07,0.0035477747855287406
4219,0.003490369278757322,8.163487487147523e-07,0.0035720041562472622
4220,0.0037586713104598947,8.819534822314088e-07,0.003846866626953406
4221,0.0036519833600088475,8.307089714317924e-07,0.0037350542392701872
4222,0.0035465723804889186,8.89246870604937e-07,0.0036354970652610064
4223,0.003645573284537081,9.284561553701473e-07,0.003738418927476291
4224,0.003729370858279928,9.233310207022324e-07,0.0038217039658657967
4225,0.0036075906602725865,8.660405191837908e-07,0.0036941946919767125
4226,0.0036542640938874212,8.570372220938518e-07,0.003739967829577865
4227,0.003570610401971686,8.853812980833613e-07,0.003659148535300647
4228,0.0034996969099607197,8.103768121350919e-07,0.0035807346068923514
4229,0.0034573252703393657,7.869061296479495e-07,0.0035360158991909795
4230,0.003548506639837738,8.069961176437162e-07,0.0036292062516534523
4231,0.003588541583608716,8.71437557928021e-07,0.003675685324255497
4232,0.0034382802344137624,8.594846356631493e-07,0.003524228682621352
4233,0.003434996991868942,7.996670316031434e-07,0.0035149636753504317
4234,0.003990944242104888,9.0998926335458e-07,0.004081943147485295
4235,0.003619110632327295,8.774692589448081e-07,0.0037068575695757906
4236,0.0035341879082543236,8.207554687502241e-07,0.003616263474067373
4237,0.0033972546938926943,8.256602856612693e-07,0.0034798206986799357
4238,0.0036893347954197278,9.214641673063471e-07,0.0037814812028720496
4239,0.003544332692399621,8.298293543644362e-07,0.003627315644294985
4240,0.0036809323205342216,8.850865576219334e-07,0.0037694409820100954
4241,0.0034256020726095284,8.331864349994218e-07,0.0035089207362503775
4242,0.003449246707943178,8.231139223690045e-07,0.0035315581086662507
4243,0.0035073157294743485,8.626617261964589e-07,0.0035935818938718687
4244,0.0034456442320539107,8.390240982554397e-07,0.003529546669714393
4245,0.003621042826242985,8.814126244355829e-07,0.0037091840884738393
4246,0.003654540208498797,9.252928649520102e-07,0.0037470694871679427
4247,0.0034864208766169124,8.302452226504806e-07,0.00356944537751617
4248,0.0034789902443486836,8.172605116523036e-07,0.0035607163163442765
4249,0.0034760284282627607,8.458391877660864e-07,0.003560612368727884
4250,0.0035827265331341376,8.860820399135147e-07,0.003671334748486838
4251,0.0035623781112653595,8.211619945453299e-07,0.0036444942947597273
4252,0.003453519473212861,8.277087409448042e-07,0.0035362903389238544
4253,0.0034759321941002725,8.467141418394373e-07,0.0035606035962700844
4254,0.003890841245470989,8.988947335579254e-07,0.00398073070532372
4255,0.0035525337086930392,8.123062904756338e-07,0.0036337643245896024
4256,0.0035472002796708576,8.947878203827948e-07,0.003636679056310846
4257,0.0037955377521293777,8.623622658976069e-07,0.0038817739865231898
4258,0.003586715515402536,8.552858653567983e-07,0.003672244087342293
4259,0.0034777978960905346,8.087725184909247e-07,0.0035586751501766904
4260,0.003521842266162557,8.69239851996803e-07,0.003608766244724393
4261,0.003524411079143324,8.332107089729341e-07,0.003607732138686603
4262,0.0035821713822623415,8.418888708752826e-07,0.0036663602692105115
4263,0.0035549113902473644,8.352057241081052e-07,0.0036384319556095907
4264,0.003533081812483649,8.38685515015142e-07,0.0036169503469981493
4265,0.0035146297135901067,8.175292856732643e-07,0.003596382621195047
4266,0.003652731467398905,8.665755312757673e-07,0.0037393890125977415
4267,0.0037312006067124104,8.735201394331178e-07,0.0038185525805719436
4268,0.0036037558569542824,8.453937113934502e-07,0.0036882952291278108
4269,0.0034406124539072473,8.275095799417027e-07,0.003523363401332209
4270,0.003686033902809985,8.711805981698901e-07,0.003773151934447308
4271,0.0035632494085979078,8.351984243129282e-07,0.0036467692529362056
4272,0.0036068134114987426,8.363319114235515e-07,0.0036904466068071705
4273,0.0034388150013382394,7.91747923710406e-07,0.0035179897827366667
4274,0.003503323697875584,8.737575780610167e-07,0.0035906994505034338
4275,0.0037301810112811864,9.35676378928967e-07,0.0038237486545357013
4276,0.0035000851888570095,8.089874636278827e-07,0.0035809839459797067
4277,0.0035885581596484107,8.34748138253593e-07,0.0036720329925658242
4278,0.003515173305547045,8.124279592295587e-07,0.003596416073701074
4279,0.003523249396934144,8.864485112685689e-07,0.003611894256825889
4280,0.003748576134263027,8.947675896266563e-07,0.0038380528905338817
4281,0.004102480477623401,9.334959680663521e-07,0.004195830078735467
4282,0.003625824071106411,8.45884438794817e-07,0.003710412510460423
4283,0.003404827315300222,7.883809284829758e-07,0.003483665423587926
4284,0.003501175061589287,7.94737660168809e-07,0.0035806488200661635
4285,0.0035607681174071567,9.204442955207572e-07,0.00365281252250556
4286,0.0036024049134744753,9.230882883017447e-07,0.0036947137240560786
4287,0.0036366192413674245,8.344731151238751e-07,0.0037200665552048913
4288,0.0035607557999150405,8.792642017485172e-07,0.0036486822120364634
4289,0.003572732375393952,8.319089121663814e-07,0.0036559232675860967
4290,0.0035311312700111058,8.656605172613889e-07,0.0036176973352989843
4291,0.003459263728150437,7.902069389655803e-07,0.0035382844132160946
4292,0.0035539379328369133,8.599937711639336e-07,0.00363993730335947
4293,0.003703054048181061,8.459123030720108e-07,0.003787645243949467
4294,0.003516288481712822,8.348202688848101e-07,0.003599770509848191
4295,0.0034485366195440292,7.91392355289821e-07,0.0035276758604713024
4296,0.003483629507583476,8.11708976162927e-07,0.0035648003761326115
4297,0.003425763777246879,7.968863707402864e-07,0.003505452430897182
4298,0.0034188624666703325,8.102087811552807e-07,0.0034998833547316252
4299,0.0034238453128284984,7.865309795863962e-07,0.0035024984033718226
4300,0.003642021663366787,8.370193683966194e-07,0.00372572360380042
4301,0.0037745540480940572,8.848693369145622e-07,0.0038630409511707484
4302,0.0036466723202817864,8.542382008067028e-07,0.0037320961334532305
4303,0.0036251376713475874,9.376894170952343e-07,0.003718906600448874
4304,0.0035094136462336585,8.484404416307254e-07,0.003594257696081073
4305,0.003449550889913113,8.101812872771388e-07,0.0035305690065386796
4306,0.0034570537973195314,8.064994748594707e-07,0.0035377037636334856
4307,0.0034131856875554206,7.984326217528208e-07,0.003493028963285108
4308,0.003496829337710815,8.388717762294795e-07,0.0035807164986768076
4309,0.0035511745034807153,8.78073159759468e-07,0.003638981803951244
4310,0.0035225198634209172,8.332222005118373e-07,0.0036058420645854166
4311,0.0038682084695826615,9.2954908928556e-07,0.0039611633927110704
4312,0.0037643718533217907,8.883260695637869e-07,0.0038532044272869825
4313,0.0034113580796627267,8.232583138212044e-07,0.0034936838933537083
4314,0.0034353332969570354,8.422560848620994e-07,0.0035195588885295775
4315,0.003419281178784947,8.452772502301565e-07,0.003503808886894295
4316,0.003448876732539746,8.71476202284553e-07,0.0035360243637114763
4317,0.003583429028250037,8.881968351341774e-07,0.0036722487064018367
4318,0.003494338650676993,8.143613450967326e-07,0.003575774788435909
4319,0.0036954886670554836,9.15576929254448e-07,0.0037870463359379962
4320,0.003621412809157083,8.563853582692842e-07,0.0037070513147139743
4321,0.003473831618565225,8.706189833578866e-07,0.003560893522996095
4322,0.003498678396065389,8.249304014938272e-07,0.0035811714572651734
4323,0.0034026935050684597,7.743583996817771e-07,0.0034801293494960955
4324,0.003445577477255175,8.268635874922057e-07,0.0035282638554851855
4325,0.0034871206904250767,8.410638931690624e-07,0.003571227080218734
4326,0.003452616931510068,8.034660459822091e-07,0.0035329635495380046
4327,0.003601293725472304,8.330465323436534e-07,0.00368459838923187
4328,0.00358780084418193,8.598973445553002e-07,0.0036737905860307718
4329,0.0036284280640463676,8.929085604523284e-07,0.0037177189313355955
4330,0.0036233616467084614,8.409820643171242e-07,0.0037074598423655954
4331,0.003616518198302196,8.723597763873254e-07,0.003703754177437194
4332,0.003500734838927465,8.256070068748687e-07,0.003583295526163232
4333,0.003601868043563539,8.731383258559471e-07,0.0036891818707508427
4334,0.0036811797969764277,8.730980293729507e-07,0.0037684896360001257
4335,0.0036852283763789363,8.614175906205351e-07,0.0037713701265954204
4336,0.0033860220648949187,8.358022591158758e-07,0.0034696022724552502
4337,0.0036024435182973264,8.751514208656332e-07,0.0036899586538633993
4338,0.0035804412928560087,8.7145991572822e-07,0.0036675873017238993
4339,0.0035174727560051025,8.186495722751011e-07,0.003599337700213636
4340,0.003431182512412629,8.362107029179535e-07,0.003514803577995589
4341,0.003977107845487133,9.067830524878857e-07,0.004067786143071229
4342,0.003858867296648602,9.252277480652171e-07,0.00395139008610239
4343,0.0034575035134630817,8.775920205593021e-07,0.0035452627081183656
4344,0.0036067975189296468,8.475148877462948e-07,0.0036915489772875463
4345,0.003587790900060246,8.520503086167024e-07,0.003672995935043981
4346,0.0034099880365594743,7.900746386586698e-07,0.003488995517874437
4347,0.0035495259799063206,8.241203846087193e-07,0.003631938031063445
4348,0.003435337007226002,7.903703857987092e-07,0.003514374012968713
4349,0.003499821842377705,8.175755012064567e-07,0.0035815793990848525
4350,0.003598820756099397,8.065733052922775e-07,0.003679478090376623
4351,0.0036148933859001245,8.809558252206414e-07,0.0037029889682608265
4352,0.003487571150124554,9.307531080770375e-07,0.0035806464466957314
4353,0.0034446809140424575,8.268997674114813e-07,0.0035273708973921113
4354,0.003459894391257436,8.155841093808234e-07,0.0035414527876362683
4355,0.004038155905061191,9.940838389587542e-07,0.004137564262735748
4356,0.0038892125500546346,9.076579387158657e-07,0.003979978384450078
4357,0.003483394393697381,7.944199256276225e-07,0.0035628363895680634
4358,0.0035569875561181578,8.843707101116325e-07,0.0036454246334371066
4359,0.0035350389042568785,8.187510451124023e-07,0.0036169140254177392
4360,0.003414508030419388,8.418872187488183e-07,0.00349869676715424
4361,0.00351063652534879,8.941297092831284e-07,0.0036000495085552814
4362,0.003553377952606928,8.507397285851062e-07,0.0036384519264702837
4363,0.0034114369792082617,7.963599933470006e-07,0.0034910729680691036
4364,0.003431591746066847,8.380296978224755e-07,0.003515394712467828
4365,0.0034984640041065794,8.133545381291873e-07,0.0035797994613887803
4366,0.0038390510655458895,9.135004281615106e-07,0.003930401124600922
4367,0.00359702322842373,8.84861101953462e-07,0.0036855093278591673
4368,0.003571626227048616,8.426876419317493e-07,0.0036558949824182256
4369,0.0035619359733837265,8.390165380807312e-07,0.003645837637445619
4370,0.003828070772391173,8.189862888508698e-07,0.003909969394425711
4371,0.0034223608747725527,7.868221700846334e-07,0.003501043091678331
4372,0.003586983676218698,8.652831723104042e-07,0.003673511992899641
4373,0.003490025515577966,8.013468114738991e-07,0.0035701602276775146
4374,0.0034252282367238113,7.883516156154304e-07,0.0035040634083411386
4375,0.003596321191458452,8.937814149864989e-07,0.0036856993326857207
4376,0.0035275989888055672,8.649469196502797e-07,0.0036140936727245008
4377,0.003663916966968006,9.083965199263935e-07,0.003754756631209485
4378,0.003490616522368885,8.17065113316799e-07,0.003572323014058413
4379,0.0033840467822888205,8.054214559237036e-07,0.0034645889254827653
4380,0.0034819433255301366,8.572085756631784e-07,0.003567664185538888
4381,0.0034346739506168713,8.209400980083428e-07,0.003516767940093433
4382,0.0035052954805113615,8.138970700553816e-07,0.0035866851873335337
4383,0.003445194928996986,8.199902004713706e-07,0.0035271939461029344
4384,0.0034144868503414817,7.718594823076743e-07,0.003491672814913815
4385,0.003447318742532403,8.779960874181274e-07,0.0035351183671023575
4386,0.0037671664894949044,8.863948345782363e-07,0.003855805964239182
4387,0.003942372427592354,9.100369018069027e-07,0.004033376132288287
4388,0.003573888612370337,8.453330466299151e-07,0.0036584219234364647
4389,0.0034586762588831687,7.981333099803212e-07,0.0035384896121198133
4390,0.0035064374622438225,8.548531237436456e-07,0.003591922780258521
4391,0.00354580627003264,8.058535575899793e-07,0.003626391622087648
4392,0.0036679754153855384,8.187850063046837e-07,0.0037498539163460655
4393,0.003628118083842339,8.319477912312234e-07,0.0037113128515381005
4394,0.003558208264650837,8.546775527593713e-07,0.003643676007707273
4395,0.003466189531008563,8.123954466276289e-07,0.003547429069576244
4396,0.003537384297458395,8.707143647810764e-07,0.003624455740434989
4397,0.0035997840065148568,8.363744468037875e-07,0.0036834214303282
4398,0.0036663680051964138,9.019745961737616e-07,0.003756565454926702
4399,0.0034052947190620244,7.788003681379186e-07,0.0034831747442724244
4400,0.0034843720570807498,8.339281719365259e-07,0.0035677648735262693
4401,0.0035735779036317143,8.466645102001371e-07,0.003658244348762016
4402,0.0034383021580475953,9.065798867742424e-07,0.003528960154301697
4403,0.0036102783070096085,8.342668578617092e-07,0.0036937049815371154
4404,0.003477466668212606,8.123634217789062e-07,0.003558703007236604
4405,0.0035557614098633487,9.335283853180309e-07,0.0036491142480724282
4406,0.00349041890923775,8.911020454287344e-07,0.0035795291074581684
4407,0.0037587621294322515,9.180774565808656e-07,0.003850569911000709
4408,0.0037322835921640356,8.829752518537251e-07,0.003820581121310111
4409,0.0034263462969853034,8.062271673782473e-07,0.003506969007092618
4410,0.0034589595762231657,8.122849100155074e-07,0.0035401880666012723
4411,0.0034812957408928103,8.380248257913814e-07,0.0035650982115898403
4412,0.003557817860236091,8.227080988651705e-07,0.0036400886658098427
4413,0.0035828060034902827,8.610768216590992e-07,0.0036689136552834705
4414,0.0037099932801098593,9.011443577008087e-07,0.0038001077144496865
4415,0.003687225004297591,9.876556184222394e-07,0.0037859905841610125
4416,0.0034055748068156744,8.014931466042922e-07,0.0034857241346711114
4417,0.0033921759365306745,8.316283037123456e-07,0.003475338783896258
4418,0.003449913902929233,7.979520729907475e-07,0.0035297091103970043
4419,0.003463417028767928,8.180697914066249e-07,0.003545223990635526
4420,0.0033783671941848533,8.075264465714422e-07,0.0034591198388126587
4421,0.0036101024597883224,8.549156478370752e-07,0.003695594019166404
4422,0.0033952447645846876,8.142459071149783e-07,0.003476669358450078
4423,0.0034948789229195926,8.098331708454005e-07,0.0035758622651619297
4424,0.0036388582159434598,8.244392266797442e-07,0.003721302142366767
4425,0.0036289068164243815,8.513058835359839e-07,0.003714037383155477
4426,0.0034749740133843115,8.409880053712244e-07,0.0035590728098947194
4427,0.0034278497595580356,8.095987192474798e-07,0.003508809638480025
4428,0.003545573086387688,8.413669254350093e-07,0.003629709796739682
4429,0.003577023053601865,8.92263921242932e-07,0.0036662494418241323
4430,0.0033601098543693943,8.307850811023297e-07,0.003443188379488645
4431,0.0034379054446734727,7.837324882266037e-07,0.0035162786953151226
4432,0.0035252534904547275,8.217477494737626e-07,0.0036074282496326394
4433,0.003515259047309237,8.479672311706612e-07,0.0036000557499186645
4434,0.0035021063841639026,9.127719265727079e-07,0.003593383582248803
4435,0.003470495177973663,8.39626790689034e-07,0.0035544578361535266
4436,0.004018664893303667,9.580103654028086e-07,0.004114465908177437
4437,0.003569806790760448,8.499240071878669e-07,0.0036547991912811995
4438,0.003402254378963863,7.901082074479951e-07,0.0034812651799931644
4439,0.003493852447718382,8.909123736092654e-07,0.003582943696528673
4440,0.003431962314812887,9.169630596906861e-07,0.003523658593035033
4441,0.0034324078775581812,8.782791969825931e-07,0.0035202357948066728
4442,0.003716574328380727,8.842845189857114e-07,0.003805002783455195
4443,0.00350866329315449,8.071055192211192e-07,0.0035893738480104556
4444,0.003539623459801078,8.141129906987537e-07,0.00362103478231978
4445,0.0034364398658996626,8.115077797986985e-07,0.003517590635906785
4446,0.003518539255545024,8.679808362807484e-07,0.0036053373328139705
4447,0.0034622350377180883,8.503051826518194e-07,0.003547265554868406
4448,0.003468906003681402,8.37080519079703e-07,0.0035526140577970973
4449,0.003623678559257138,8.253305058162603e-07,0.0037062115997316377
4450,0.0035805948258888338,8.68943261373774e-07,0.0036674891373202683
4451,0.003471392860275603,8.478977538435439e-07,0.003556182615519051
4452,0.003451137630749614,8.206084826710022e-07,0.003533198490678783
4453,0.003490289004759923,7.795904769908144e-07,0.0035682480421758466
4454,0.003448656136770883,9.117810210931742e-07,0.003539834231618912
4455,0.0034420317669789638,8.468899108588483e-07,0.0035267207441070387
4456,0.0034726789641764855,8.183704710884945e-07,0.0035545159912397785
4457,0.0034805816042447284,8.081426090616479e-07,0.0035613958813971087
4458,0.003473197462998571,8.675647736268846e-07,0.0035599539161569648
4459,0.003391613515334264,7.817235189489316e-07,0.00346978587068377
4460,0.003416083069638379,8.005215312139978e-07,0.0034961352169874216
4461,0.003401361871510744,7.93357600976437e-07,0.003480697644033259
4462,0.0034879620953072463,8.126756315065112e-07,0.0035692296411481595
4463,0.003606053009148567,8.674621492519368e-07,0.003692799247801304
4464,0.003551607485860586,8.292072214815914e-07,0.003634528204378101
4465,0.0034737831221953513,8.019206989634005e-07,0.0035539752007612297
4466,0.003768772555274829,8.481029952588048e-07,0.00385358281463625
4467,0.0034428406807203446,8.567516095852977e-07,0.0035285158383269464
4468,0.0034405725647605233,8.57116034577273e-07,0.003526284171628856
4469,0.0035125735486226696,8.320921753487886e-07,0.0035957827743503356
4470,0.003604760295861671,8.466528811368335e-07,0.003689425584349421
4471,0.003450016303348445,8.560244942424517e-07,0.0035356187351769015
4472,0.003378292680868218,8.232864953213486e-07,0.0034606213486122507
4473,0.0034057343709132364,8.5211032059775e-07,0.003490945421940377
4474,0.003462864529161203,8.326551213969886e-07,0.003546130054840638
4475,0.0036812975266647917,8.638221497529875e-07,0.0037676797533828404
4476,0.0035945317753019834,8.243473805504759e-07,0.0036769665161808652
4477,0.003627511034269006,8.848830746853398e-07,0.003715999334329559
4478,0.003872383829025972,9.076910582588161e-07,0.003963152953093091
4479,0.0035006133088421438,8.670556582963458e-07,0.0035873188772389004
4480,0.003799711692056829,8.731722155355401e-07,0.003887028929086462
4481,0.003420309058480686,7.789009067261261e-07,0.003498199140472758
4482,0.003445675363764167,8.13331520211866e-07,0.0035270085002505973
4483,0.0034639214225594076,8.123831959540351e-07,0.003545159751909875
4484,0.003493005612624749,8.197832482525677e-07,0.0035749839378460763
4485,0.003596924658444139,8.95683415951827e-07,0.003686493007285941
4486,0.0034608456771820784,8.37821286011369e-07,0.003544627839038449
4487,0.0033917588316985676,8.310501272952082e-07,0.0034748638469365334
4488,0.0035618785318107375,8.551154707909576e-07,0.003647390077070844
4489,0.0034985306612666574,8.044545438679052e-07,0.0035789761196581586
4490,0.003487188954867663,8.978616961030639e-07,0.003576975105510604
4491,0.003642021550706798,8.479590108788304e-07,0.003726817442164306
4492,0.003368330263202229,8.039358733420217e-07,0.0034487238679561886
4493,0.0034236480376773305,8.484051015271219e-07,0.003508488565022426
4494,0.0036535408543122393,8.539046142862888e-07,0.0037389312975949817
4495,0.003649325725892859,8.977649907783123e-07,0.0037391022328407534
4496,0.003603836168505011,8.450124644168095e-07,0.0036883374240489738
4497,0.003569025546312332,8.818625309275728e-07,0.003657211789921407
4498,0.003645072969037198,8.597110485014479e-07,0.003731044054391884
4499,0.003631743647518658,8.327886025800845e-07,0.003715022497119442
4500,0.004025459589977418,9.791006618797837e-07,0.004123369652417398
4501,0.0035260433871899884,7.988139090699523e-07,0.003605924772038575
4502,0.003499912150624779,8.648899900494613e-07,0.003586401133948276
4503,0.003601181088015437,8.542999694327591e-07,0.0036866110974862693
4504,0.003438380073695894,8.112465091090275e-07,0.0035195047065855996
4505,0.00361953824458103,9.333242624345604e-07,0.0037128706237361314
4506,0.0034097434066596532,7.711459195360799e-07,0.003486857997373708
4507,0.003485169900100558,8.215962104200556e-07,0.0035673295177759664
4508,0.0036982401469421965,8.455344226926935e-07,0.0037827935715716693
4509,0.0033997972570960562,7.744155438206602e-07,0.003477238832161792
4510,0.0035499036912956545,8.80840354233031e-07,0.003637987714741499
4511,0.003495009886401315,8.398957095690298e-07,0.0035789994477865195
4512,0.0034701167906243955,8.33268163000133e-07,0.0035534436183591043
4513,0.003598389073064731,8.180231999734045e-07,0.003680191378319456
4514,0.003728024015623716,9.01963084464613e-07,0.003818220323732784
4515,0.003554704779338452,8.413939590648243e-07,0.003638844178508847
4516,0.0034622712691705073,8.177140267845619e-07,0.0035440426680349536
4517,0.0034986886781670393,8.096799044852237e-07,0.003579656668608227
4518,0.0036513222035981954,8.595292944201285e-07,0.003737275150694674
4519,0.0034905985042813325,8.356631339313847e-07,0.003574164839641702
4520,0.003478614012560537,8.270980629276892e-07,0.003561323831578897
4521,0.0036597705310991695,8.167909886798307e-07,0.0037414496238794056
4522,0.0034085273922931764,7.965364169825578e-07,0.0034881810387296062
4523,0.0034268262585805307,8.259807505202199e-07,0.003509424333911269
4524,0.0037288886209529254,8.488262030750189e-07,0.0038137712230485294
4525,0.0034715969551114305,8.329876315597615e-07,0.0035548956929555824
4526,0.003424102590689736,8.566035599840454e-07,0.003509762944773801
4527,0.003553397285061017,8.600979211428972e-07,0.003639407080387877
4528,0.0035341004991242962,8.335784070456406e-07,0.0036174583233772747
4529,0.003458341418374931,7.963682301417594e-07,0.00353797824091969
4530,0.0034047341454894312,7.926986115542663e-07,0.003484004004407794
4531,0.0037196142328602654,8.5680577036152e-07,0.0038052948056569984
4532,0.0036333591316736512,8.10019723611467e-07,0.0037143611078781467
4533,0.0034984788001184504,8.864783320595668e-07,0.0035871266417445676
4534,0.003529605050120623,8.971791313313353e-07,0.003619322921299646
4535,0.0037002227224049067,8.724869039431196e-07,0.0037874714170973147
4536,0.003405063337976894,7.966335037083134e-07,0.00348472670321503
4537,0.003650011607415734,8.633705159545277e-07,0.00373634863494625
4538,0.0033888055852824644,8.275703088832914e-07,0.003471562631368156
4539,0.0035524010027368222,8.608081026478988e-07,0.0036384818114099963
4540,0.0034370322696744434,8.025963343390041e-07,0.0035172919066803108
4541,0.0034501981440811388,8.460256635184886e-07,0.003534800688465757
4542,0.0034565565086180166,8.59537712747096e-07,0.003542510244334417
4543,0.003466310693071254,8.959827057204224e-07,0.003555908971916764
4544,0.0033878234906062005,8.143130923687545e-07,0.0034692548065175933
4545,0.0034424743780325498,7.968443286142335e-07,0.0035221588181992692
4546,0.003487742926564909,9.076942836644218e-07,0.0035785123811013274
4547,0.0034398022483313278,8.07356856981759e-07,0.003520537948896808
4548,0.0033719137821707035,7.868943483909759e-07,0.003450603201805103
4549,0.0034718127665861,8.32961890659311e-07,0.0035551089583145032
4550,0.0034968693019641985,8.174791754490505e-07,0.003578617214976299
4551,0.0034850755135618873,8.401465449071932e-07,0.003569090175592611
4552,0.003621582016949692,9.136044021092417e-07,0.003712942433213034
4553,0.0034658313097973023,8.328881610777312e-07,0.0035491201035197702
4554,0.0034193617607196493,8.213665061644391e-07,0.0035014983957573293
4555,0.0036636153311138194,8.449000849777217e-07,0.003748105335680227
4556,0.0035434496108322374,8.205302881305538e-07,0.0036255026596688457
4557,0.0037154490954332776,8.605994652967755e-07,0.003801509001923184
4558,0.003432133122377338,8.096876736970209e-07,0.003513101871395784
4559,0.0034463775359214314,8.063924313671211e-07,0.0035270167770044456
4560,0.003463662432266339,8.790491374237453e-07,0.0035515673563725524
4561,0.003536944840884497,8.617447703375458e-07,0.0036231193000510814
4562,0.0033581537089400716,8.344994336268076e-07,0.0034416036665319435
4563,0.003729573180598597,9.005792314324466e-07,0.0038196311422413393
4564,0.0034114136661012326,8.308677791084788e-07,0.0034945004379316686
4565,0.0036585565145698285,8.478506618215056e-07,0.0037433415756470733
4566,0.0037022818015107224,8.594411504477208e-07,0.003788225931085406
4567,0.003402958451319606,7.744641284408582e-07,0.003480404878275529
4568,0.003411898607267968,8.780319299442072e-07,0.0034997018144255682
4569,0.003406309605305714,7.992187589010311e-07,0.003486231487664965
4570,0.0033943090407598402,8.261603702228439e-07,0.003476925096624801
4571,0.0035284600190577968,8.161892094082554e-07,0.0036100789213613154
4572,0.00350841257961527,8.112887401019238e-07,0.0035895414485205565
4573,0.003781483005431871,8.994226493908377e-07,0.003871425265266049
4574,0.003578191570517036,8.372942613365717e-07,0.0036619209699452885
4575,0.0036147140236871857,8.516917293285764e-07,0.0036998831802198
4576,0.0034175924731478574,8.044929021736842e-07,0.003498041777000312
4577,0.0034535122704842398,8.581027263091763e-07,0.003539322537460154
4578,0.003377045700026135,7.981750183804956e-07,0.0034568632141717018
4579,0.0033723855421187417,7.769428425637026e-07,0.003450079821050167
4580,0.003608647456032134,8.374294001471079e-07,0.003692390404701714
4581,0.003664310818778411,9.10542544187915e-07,0.00375536507776668
4582,0.003598766191111457,8.66331434633227e-07,0.0036853993341567056
4583,0.00392828153957042,9.57998657492182e-07,0.004024081397801638
4584,0.0036290034862054934,9.266469191970828e-07,0.0037216681821812545
4585,0.0034854662859992633,8.878321552636466e-07,0.0035742495148893324
4586,0.0036409603236543554,8.312147421689118e-07,0.003724081764718698
4587,0.003580136232138161,8.442867188169922e-07,0.003664564904606631
4588,0.003974249939464273,9.187314712870565e-07,0.00406612308635827
4589,0.003558614944678641,8.152220773134163e-07,0.0036401371696903823
4590,0.003578245895163667,8.568312215439002e-07,0.0036639289990548166
4591,0.0034544587570933564,8.222865572391921e-07,0.003536687412809941
4592,0.0034074346204438517,7.957021793000392e-07,0.0034870048233818624
4593,0.0033472768451657986,7.9411232755158e-07,0.003426688084859521
4594,0.003572851366874191,9.236968979518767e-07,0.0036652210363817793
4595,0.003465515433720523,7.866169360040071e-07,0.0035441771164656647
4596,0.003376343114782245,7.889455706654483e-07,0.003455237650703038
4597,0.003390085996098576,8.076029083044447e-07,0.003470846271562961
4598,0.0034988800799774546,8.363144384900572e-07,0.003582511532811388
4599,0.003516672141549568,8.830286498279396e-07,0.0036049750032684496
4600,0.003448013231278427,8.616386711794128e-07,0.003534177130448722
4601,0.003407012536040237,8.20940169521031e-07,0.003489106548048796
4602,0.003603545017540455,8.279086225757642e-07,0.0036863358691334724
4603,0.004059782792483607,8.781271756766551e-07,0.004147595493122935
4604,0.00357625542599107,8.664951583488156e-07,0.0036629049798413632
4605,0.0034682516744660753,8.134088914395703e-07,0.0035495925694704056
4606,0.0036084665691540124,8.326833872454318e-07,0.003691734881290505
4607,0.003456812982838,8.297631647873194e-07,0.003539789287794021
4608,0.0034953814916192523,8.744929485352082e-07,0.003582830796198499
4609,0.0034225349569873462,9.81870276782795e-07,0.0035207219902546175
4610,0.0037604057184991335,8.906833001322323e-07,0.00384947405226769
4611,0.0035647380676481033,8.4220179572977e-07,0.003648958244030514
4612,0.0034732158491087538,8.399327073000735e-07,0.003557209113252259
4613,0.00360958406611556,8.311796661121573e-07,0.0036927020447629112
4614,0.003372727187290307,8.157251544059452e-07,0.003454299703721077
4615,0.003637473459445661,8.934731072845499e-07,0.0037268207768999763
4616,0.003442236447646733,7.810300732466379e-07,0.0035203394495070942
4617,0.0035813615822623815,9.068357756757084e-07,0.003672045129801958
4618,0.00369698996655643,8.475397869974146e-07,0.0037817439484980797
4619,0.003434628586194688,8.016224855524459e-07,0.003514790832395515
4620,0.003566553545815329,8.225114646437202e-07,0.0036488047034870233
4621,0.003468626036098407,8.396103115985405e-07,0.0035525870644637653
4622,0.0034465385570881827,8.130753672635511e-07,0.003527846074693145
4623,0.0033871609221903546,8.079237857365966e-07,0.003467953290730234
4624,0.003427267059563629,8.108220959735674e-07,0.0035083492872335256
4625,0.00345043660021357,9.104000927465912e-07,0.0035414766114685806
4626,0.003649625243739255,8.499086191242837e-07,0.0037346160820414943
4627,0.0034843472643725335,7.926232500164676e-07,0.0035636095976036403
4628,0.0035125210941318544,8.037980885620204e-07,0.0035929008942818448
4629,0.0034562811000092377,8.142534177809026e-07,0.0035377064749838845
4630,0.003442027673666035,8.375714848566971e-07,0.0035257848250048775
4631,0.0034469612723877353,8.194115564712716e-07,0.003528902412302071
4632,0.003470257563035815,8.115718111595573e-07,0.0035514147471516363
4633,0.003466910179404001,8.254284341913467e-07,0.0035494530438295296
4634,0.0037322132697989864,9.029980582630331e-07,0.003822513052352494
4635,0.003595711460577384,9.022570034469555e-07,0.0036859371804542117
4636,0.0037305739467903493,8.592394333244291e-07,0.0038164978952056937
4637,0.003534510521398437,9.007275340785958e-07,0.00362458324149972
4638,0.0036135043558334153,9.060298313465131e-07,0.003704107343970287
4639,0.0035040424836258735,8.580540335031166e-07,0.003589847891200935
4640,0.0034503900340848393,8.420675352417381e-07,0.003534596796417909
4641,0.0033842135866683338,8.503962733137145e-07,0.0034692531992350857
4642,0.0035357474304375147,8.175223269386005e-07,0.003617499662082522
4643,0.0034329716581851244,8.208725166842933e-07,0.003515058903083686
4644,0.0035207583268563594,8.178630555595456e-07,0.0036025446268819995
4645,0.003580319605046703,8.722534480218582e-07,0.003667544956589418
4646,0.0036455329071970717,8.156301543837594e-07,0.003727095922635448
4647,0.0037732579625181614,8.45587837169836e-07,0.003857816772295102
4648,0.0033760746910927756,8.181666379230943e-07,0.0034578913492300817
4649,0.0034711345158998045,8.107706948536478e-07,0.003552211583742211
4650,0.0034351756030152883,8.875728905965638e-07,0.003523932882554589
4651,0.0034105085857933566,8.124504857263556e-07,0.0034917536447004924
4652,0.003688026369819718,8.560827440775146e-07,0.0037736346599675954
4653,0.0035922635541928392,8.218265839610878e-07,0.003674446214591303
4654,0.003764714797838561,8.923860007363997e-07,0.0038539534134249534
4655,0.003495742949927526,7.925363364290294e-07,0.0035749965933181585
4656,0.0034274113019027055,8.21928168651568e-07,0.003509604116721499
4657,0.003446604658458983,8.440541448855525e-07,0.0035310100403524213
4658,0.0034656696276919494,8.913219982875284e-07,0.0035548018171421944
4659,0.0034361950031691984,8.360836065343568e-07,0.003519803375726746
4660,0.003315098245718306,7.531450592068722e-07,0.0033904127626409454
4661,0.003449032038089729,8.017276110378237e-07,0.00352920479922285
4662,0.00355658003489577,8.35648651695186e-07,0.003640144920697616
4663,0.0033938528579329293,7.959204616957821e-07,0.00347344487935545
4664,0.0034098453263962463,8.000091061295544e-07,0.0034898462434930187
4665,0.0034291943565251367,8.215033246063197e-07,0.003511344698528128
4666,0.0035328755771080332,8.457124801181283e-07,0.0036174468245477446
4667,0.0034851235217384755,7.92473166887747e-07,0.003564370818616402
4668,0.003564715558182328,8.303228322538123e-07,0.0036477478476421485
4669,0.0034679710834978087,8.269318124304494e-07,0.0035506642588804807
4670,0.0034036071475354894,8.141558726404788e-07,0.003485022751133769
4671,0.0035022542090906252,8.57494298191253e-07,0.0035880036546938844
4672,0.003385552445486669,7.994374373670472e-07,0.003465496183883759
4673,0.0034674372103425766,8.636788749989195e-07,0.0035538050916887097
4674,0.0036255018485169257,8.763074619779335e-07,0.003713132588252906
4675,0.003563061732077791,8.789019734796321e-07,0.0036509519277681266
4676,0.003425859530726748,8.29270440531658e-07,0.0035087865431823076
4677,0.003609260761990182,8.963893837091981e-07,0.003698899666027677
4678,0.0034826988459474616,8.775269421793412e-07,0.0035704515664087186
4679,0.0035011575917803473,8.42970353592283e-07,0.0035854546398284936
4680,0.0034463848588207075,8.211162630980271e-07,0.0035284964908515255
4681,0.0034921239280412274,8.005651594548028e-07,0.0035721804616191694
4682,0.0036218594759702682,8.450994293466905e-07,0.003706369421354705
4683,0.003488822937792828,8.00873342467962e-07,0.00356891026510106
4684,0.0036046561379466328,8.135552999163103e-07,0.0036860116637281834
4685,0.003632410421907421,8.544161592145693e-07,0.003717852057889104
4686,0.0034690849002330534,8.379856661767624e-07,0.0035528834728944685
4687,0.003629697817227533,9.046826331512186e-07,0.0037201660790390544
4688,0.0035751680993745404,7.937756540667902e-07,0.00365454567626359
4689,0.003472335689190415,8.308527999507797e-07,0.0035554209739089974
4690,0.0035725538168222674,8.233074063648547e-07,0.003654884587552759
4691,0.0036281934533748898,8.919950115312296e-07,0.003717392945902482
4692,0.003527039083682241,8.011143879024707e-07,0.0036071505502707534
4693,0.0034667704134218155,8.441863865153854e-07,0.0035511890366192785
4694,0.003355766353648036,7.994455127998428e-07,0.0034357109182183783
4695,0.0037032085125364603,8.546649921974618e-07,0.003788675001311687
4696,0.004087962856095645,9.401421922824915e-07,0.004181977061014022
4697,0.0036263451085335784,8.239381629444383e-07,0.003708738916283173
4698,0.003763013421708057,9.048837671710522e-07,0.0038535017895722583
4699,0.0034309121885246806,8.383637739297551e-07,0.003514748562367693
4700,0.0034584710224261207,8.056570608929295e-07,0.003539036704047072
4701,0.003520653665726704,8.29775125742843e-07,0.003603631172389273
4702,0.003374674462623173,7.674512568384319e-07,0.003451419573637747
4703,0.0034343199278678623,8.129290247985233e-07,0.003515612852248934
4704,0.003470250525541844,7.946962799935371e-07,0.003549720145641796
4705,0.0034198035531106496,8.097340395902246e-07,0.0035007769662526345
4706,0.0034891365156058344,8.00286474508715e-07,0.0035691651320385355
4707,0.0035682355744704125,9.459324848003528e-07,0.0036628288216888905
4708,0.0034213828884305493,8.22047224441884e-07,0.003503587615165499
4709,0.0034175055296791178,8.034750144067784e-07,0.0034978530414763
4710,0.003464026662010339,8.220889475113278e-07,0.0035462355721862086
4711,0.003588499193410239,8.077080649620198e-07,0.003669270028870913
4712,0.003467223396705043,8.518917778224755e-07,0.0035524125841836776
4713,0.003894552062716215,8.995102175944222e-07,0.003984503072476195
4714,0.0036425032022018586,9.001536979315372e-07,0.003732518555836812
4715,0.0034323534702942254,8.087897823873303e-07,0.003513232444322878
4716,0.0034460470891527592,8.348529630189483e-07,0.0035295323694064734
4717,0.003427719381908255,7.958521010667967e-07,0.003507304636220778
4718,0.0036915622486342345,8.539467609308861e-07,0.0037769569054005607
4719,0.003376735517034127,7.80711365032696e-07,0.003454806658649637
4720,0.00365300765711694,8.530107551920199e-07,0.003738308730985849
4721,0.003673070448360616,8.802740030806754e-07,0.0037610978188533936
4722,0.0037302443487269264,9.09134116462214e-07,0.0038211577376651186
4723,0.0034608559667943946,8.066392418244974e-07,0.0035415199029469684
4724,0.0035392277979201846,8.434259205885962e-07,0.0036235703756251642
4725,0.0034678520694855722,8.050317539469219e-07,0.0035483552398340354
4726,0.0034390899367750653,8.002142833667618e-07,0.0035191113504791454
4727,0.0034636688538857044,8.288209081060373e-07,0.0035465509600697024
4728,0.003568004884366547,8.212665552638365e-07,0.0036501315227078814
4729,0.0034063608355579837,8.291651921911492e-07,0.003489277355613247
4730,0.0034460438520557456,9.020853106507744e-07,0.0035362523800182726
4731,0.003442843031558779,8.098873261206468e-07,0.0035238317664592496
4732,0.0034905857136172634,8.337753786602866e-07,0.003573963245857627
4733,0.0034950528999850633,7.931046605981171e-07,0.0035743633615634134
4734,0.0034646328703890885,8.013357820169815e-07,0.0035447664408674163
4735,0.003354476396775534,8.095301074072561e-07,0.0034354294184595346
4736,0.0034526940960917744,9.231203094831501e-07,0.003545006128749059
4737,0.0034219345168000266,8.312218971050536e-07,0.0035050567014202954
4738,0.0034587474299534677,8.19738939724395e-07,0.0035407212938392356
4739,0.0036319844544895233,8.716730565450439e-07,0.0037191517485846435
4740,0.0034991279094209594,8.405095836532118e-07,0.0035831788629894297
4741,0.0035471369121824543,8.119019485680075e-07,0.003628327090653681
4742,0.0036284295661795523,8.86393574854728e-07,0.0037170689282638412
4743,0.003567232397354899,8.824728348783186e-07,0.0036554796801459405
4744,0.003468193264017182,8.587904711666558e-07,0.003554072306160965
4745,0.0034165492716936334,7.938281397958147e-07,0.0034959320985381644
4746,0.0033617018601827084,7.917192452887614e-07,0.0034408737950387502
4747,0.003581327423753758,8.159008335760811e-07,0.0036629175076321246
4748,0.00356265991145084,8.384615097706809e-07,0.0036465060641808857
4749,0.0034582251006917606,8.636882559966903e-07,0.0035445939283818007
4750,0.0034075158407851575,8.070875732036873e-07,0.003488224600591967
4751,0.003417482547041389,7.786826362491646e-07,0.0034953508105489517
4752,0.0036059044932405795,8.132164012867209e-07,0.0036872261158761477
4753,0.0035838511051429858,8.312659067468626e-07,0.0036669776759921543
4754,0.0037604110585826057,8.437569821610176e-07,0.003844786735792314
4755,0.0037025211739443965,8.45492877488141e-07,0.003787070467707611
4756,0.0035921733961590836,8.879464893828797e-07,0.0036809680337506917
4757,0.003400988313519666,8.298631927015865e-07,0.0034839746452146963
4758,0.003459963564490599,8.1510740213367e-07,0.0035414743282261396
4759,0.003509168460544559,9.227834003732207e-07,0.003601446785333176
4760,0.0035071137526463117,8.292830506023517e-07,0.003590042049425744
4761,0.003614400183000872,8.675737823919447e-07,0.0037011575825031725
4762,0.0033886499717951783,8.019403612853503e-07,0.003468843988112865
4763,0.0034560671586903835,8.118571687895559e-07,0.0035372528758260513
4764,0.003499002113277393,8.758074214241671e-07,0.003586582862020981
4765,0.0034884665266520553,8.579685226645632e-07,0.0035742633795786288
4766,0.003690753207211533,9.484172444958418e-07,0.0037855949222801192
4767,0.003465998339496793,9.718372299879951e-07,0.0035631820529458983
4768,0.0034644261843735174,8.554029572986755e-07,0.0035499664729521157
4769,0.003456194321775148,8.113328249237384e-07,0.00353732762197333
4770,0.0033536531451729035,7.661676682625013e-07,0.0034302699064174967
4771,0.003511621706908749,8.706012500448607e-07,0.003598681823801129
4772,0.003601320831465625,8.958728328927405e-07,0.0036909081447388855
4773,0.0034340306470591214,7.868216584938637e-07,0.0035127128339222363
4774,0.0033805880680560104,7.847215435445363e-07,0.0034590602266572176
4775,0.00339348835029429,8.519746041847318e-07,0.0034786858145267733
4776,0.0033985076832675166,8.372424293068639e-07,0.003482231900336281
4777,0.0034131461889633247,7.974329293809264e-07,0.0034928894827082274
4778,0.003447617682057523,8.269063612480691e-07,0.0035303083263457783
4779,0.003522730973218718,8.01659167894198e-07,0.0036028968921351817
4780,0.0035244379673273333,8.073607406708283e-07,0.0036051740133834463
4781,0.00360264161211108,8.941788183297068e-07,0.00369205949978242
4782,0.003926771557739665,9.457155574783693e-07,0.004021343091622957
4783,0.0033864440967238717,8.484928714331603e-07,0.0034712933589734376
4784,0.0034811580929184154,8.326591151055782e-07,0.003564424009152478
4785,0.0036131323675715156,8.464337204185863e-07,0.0036977757174041
4786,0.0036090933492467286,8.53614027061755e-07,0.003694454748784342
4787,0.0034757379607688035,7.906466924894982e-07,0.0035548026282941144
4788,0.003418160181853079,9.309366298053177e-07,0.0035112538495131076
4789,0.0034265491375399214,8.517789839765277e-07,0.0035117270439983376
4790,0.003433132040945272,8.717431316448887e-07,0.0035203063349810338
4791,0.003378414661593495,8.033577189287884e-07,0.0034587504116878392
4792,0.0035987336924600023,8.439654306452975e-07,0.0036831302117676505
4793,0.003510783704358243,8.76048884932853e-07,0.003598388592382112
4794,0.0034760617981514624,8.160744883870423e-07,0.0035576692466894465
4795,0.003472900438693262,7.990909327212825e-07,0.0035528095378991095
4796,0.0034674107953305204,8.239387240439922e-07,0.003549804670676108
4797,0.003492921876210359,8.043760376054823e-07,0.0035733594559133053
4798,0.0035361194262100806,8.147966978398355e-07,0.00361759910329936
4799,0.003377217536551818,8.101973152875988e-07,0.003458237290502556
4800,0.0034842272439310627,8.080125916597852e-07,0.0035650285126100625
4801,0.0033823170008197906,8.183776535295164e-07,0.003464154778949676
4802,0.0035758880042140524,8.613928930718694e-07,0.003662027275910781
4803,0.003609363455325365,8.494139823626263e-07,0.0036943048358924926
4804,0.0035110728124216678,8.135398990171163e-07,0.0035924267834953724
4805,0.003824127447460928,8.919657940139352e-07,0.003913324018339476
4806,0.003578551624330782,8.297221201715846e-07,0.0036615238209525424
4807,0.003537734024106495,8.190954813911841e-07,0.003619643551627955
4808,0.0037852390068432978,8.45859367179782e-07,0.003869824937634891
4809,0.0036224562809952805,8.507280261754556e-07,0.0037075291132374157
4810,0.003454928414054936,8.402604059424888e-07,0.0035389544472338693
4811,0.0036604935753970376,8.422908125237061e-07,0.003744722651918569
4812,0.0035244300060214536,7.973285226897485e-07,0.003604162874962053
4813,0.0034358003852708687,8.544115952381324e-07,0.0035212415480805983
4814,0.0034130760844075874,8.44287756667801e-07,0.003497504854514714
4815,0.003627488682527215,8.964599410612737e-07,0.00371713469916534
4816,0.003570060561140699,8.003200469653577e-07,0.003650092564883732
4817,0.0038049353526965262,1.0102007855317835e-06,0.003905955439193114
4818,0.0034976487363418264,8.512627430483859e-07,0.003582774999461347
4819,0.003879244108834574,8.950872018343239e-07,0.003968752860542267
4820,0.003486682247791079,8.899046186401862e-07,0.0035756727184859975
4821,0.0033306893592159595,7.573662184856198e-07,0.0034064259680528794
4822,0.003387266401982596,8.263412844884912e-07,0.003469900505977773
4823,0.00333041382292586,7.842559996113836e-07,0.0034088394153983363
4824,0.003358286452449618,7.894257600304216e-07,0.003437229004057665
4825,0.0035158856171033075,8.288335291786831e-07,0.003598768955036517
4826,0.0036391655674144147,8.331800960413896e-07,0.0037224835776273283
4827,0.0033458379818306814,7.820150156681672e-07,0.00342403948607464
4828,0.0034406103809634524,8.155396798311783e-07,0.003522164368581387
4829,0.003345728754216144,7.851723503629346e-07,0.003424245991834229
4830,0.0034030588539016825,8.032252077511306e-07,0.0034833813702026682
4831,0.0033796533206177336,8.056751756069594e-07,0.0034602208198198387
4832,0.0036338089830091885,8.761024589383e-07,0.003721419226137861
4833,0.003499618078011178,8.659961153053671e-07,0.0035862176859330747
4834,0.0036582211032509804,8.904502201109989e-07,0.0037472661088911756
4835,0.0034493828237417245,7.795275054846687e-07,0.0035273355897516012
4836,0.0036463482200258203,8.568213399573119e-07,0.003732030332509068
4837,0.0033700612313564745,7.968344818671598e-07,0.0034497446726046263
4838,0.003376770328970686,8.094685551529232e-07,0.003457717184397963
4839,0.00337727110262119,7.979644006780056e-07,0.003457067534327507
4840,0.003401352926307628,8.470117189708324e-07,0.0034860540782251665
4841,0.00334622019961957,8.067457847280293e-07,0.0034268947558537604
4842,0.0033575765292851193,8.19674400440084e-07,0.003439543964040856
4843,0.0035233318790673248,8.372028662873368e-07,0.0036070521755684768
4844,0.003687244179027696,8.497504055530074e-07,0.003772219184846167
4845,0.0036401222234651925,8.456652230668096e-07,0.0037246887542067035
4846,0.003720472078590143,8.509033037743423e-07,0.0038055624181945477
4847,0.003376754045846962,8.063747127233645e-07,0.0034573915294341504
4848,0.0034253569695377544,8.341450185775278e-07,0.0035087714542544656
4849,0.0034238452227005074,1.0742038897103244e-06,0.003531265613292494
4850,0.003458644864299605,8.474617666545401e-07,0.0035433910351486938
4851,0.0034942980329956738,8.454845178382511e-07,0.003578846485564305
4852,0.003654851367877376,8.422806632229514e-07,0.003739079460501671
4853,0.0034315347626444792,8.082817342461391e-07,0.003512362911996822
4854,0.0034809581139275143,7.855379177242632e-07,0.003559511905956653
4855,0.0035675117340419563,8.375519050493876e-07,0.0036512669175863266
4856,0.0034030284957900165,7.788517527549101e-07,0.0034809136432745764
4857,0.0033889678006450976,8.059102323122422e-07,0.0034695588307635437
4858,0.0033382662466817327,8.159037087528803e-07,0.003419856608454739
4859,0.0034152332753423723,7.903043484152623e-07,0.0034942637092524
4860,0.0034291310416113946,8.280987913167337e-07,0.0035119409252318645
4861,0.0037049535556786485,9.291294546646016e-07,0.0037978664791632082
4862,0.0035133199285595647,7.86701014755137e-07,0.003591990045782539
4863,0.0035126708117463896,7.986132279638109e-07,0.0035925321205849607
4864,0.0036265903242653414,8.620057018003624e-07,0.003712790898017345
4865,0.003520426122591861,8.135566384871415e-07,0.0036017817985867302
4866,0.003471647381722446,8.176098859738916e-07,0.0035534083708039215
4867,0.003403082610138001,8.189811582739029e-07,0.0034849807064259246
4868,0.0036566223453490003,8.814711676560334e-07,0.003744769488431273
4869,0.003456693315397828,8.297892449146245e-07,0.003539672264108254
4870,0.0035589454515326407,8.501509462862047e-07,0.00364396054177515
4871,0.0034142134245485067,8.052457950901542e-07,0.0034947380078055204
4872,0.0033539621715223595,7.755917038359199e-07,0.0034315213410844726
4873,0.003586082704245083,8.864315535931617e-07,0.003674725889258327
4874,0.00348378949227833,8.741934057217159e-07,0.0035712088142792063
4875,0.003599210582192867,8.077631664051413e-07,0.0036799868854183342
4876,0.0034912247811594316,8.905430967564414e-07,0.003580279085004041
4877,0.0035202786656877687,8.202610098534581e-07,0.003602304788787038
4878,0.0034727901445641635,8.916157614088837e-07,0.0035619516932075064
4879,0.0035043522910845858,8.351880861453303e-07,0.0035878711214829837
4880,0.003419338980869901,8.360509325704639e-07,0.003502944056245108
4881,0.003480795748351562,8.117806648824039e-07,0.003561973849671983
4882,0.0035515861180160316,8.446125709651237e-07,0.003636047394285279
4883,0.0037035162245193797,8.923859970690824e-07,0.0037927548100631083
4884,0.0034091508752035517,8.146027224234609e-07,0.0034906111747747466
4885,0.0034995147312480595,8.624074674175532e-07,0.00358575546453076
4886,0.0036665317752668934,8.360144170916512e-07,0.0037501332079691273
4887,0.0036487077107472767,8.505258524711545e-07,0.0037337603167660774
4888,0.003537965112275654,8.235277296227005e-07,0.00362031789676797
4889,0.0034955099690705538,8.11353206039888e-07,0.0035766452896378695
4890,0.003426745789305818,8.019525936223574e-07,0.003506941052394048
4891,0.0034328446077603486,8.505853070199654e-07,0.0035179031772478936
4892,0.0034158842773326942,8.360173601138212e-07,0.003499486025482897
4893,0.003567646024748683,8.517296292196871e-07,0.0036528189741675894
4894,0.003554154405250184,8.715818393607004e-07,0.0036413126264608674
4895,0.003835086057323121,9.757871966499923e-07,0.0039326648167785135
4896,0.0036323600553817325,8.430244336875236e-07,0.00371666251862001
4897,0.00346643811151866,8.198265409338356e-07,0.003548420777904891
4898,0.0034878063691599717,8.01331383069825e-07,0.0035679395115303415
4899,0.0034212930383340965,7.900993527102635e-07,0.0035003029906581487
4900,0.0035192317013899165,8.153081620871343e-07,0.003600762511092809
4901,0.003666090959262463,8.41786917619409e-07,0.0037502696617476403
4902,0.0037253317047631546,9.294395355144873e-07,0.0038182756623193143
4903,0.0036939165569962033,9.435091049952813e-07,0.003788267457557301
4904,0.003501076604269685,8.087089528793689e-07,0.0035819475043324693
4905,0.0033982105763448824,7.832824405428959e-07,0.00347653879303365
4906,0.003364275712820311,7.824767639278669e-07,0.0034425233926383718
4907,0.0034029424911545167,7.843775216726147e-07,0.0034813802358844587
4908,0.0035235488622058784,7.891241928577543e-07,0.003602461296043569
4909,0.0036822496087200217,9.20801143835096e-07,0.003774329712013564
4910,0.003410625143817836,9.483055453441216e-07,0.003505455705547525
4911,0.003548509246038814,8.102406593113096e-07,0.0036295332735584627
4912,0.003482478881074536,7.866491937273812e-07,0.003561143815938023
4913,0.003394309904486422,7.861291186189543e-07,0.0034729228129670503
4914,0.0034022535903439404,7.712101452647579e-07,0.003479374587656029
4915,0.00340144126676023,7.772558315962435e-07,0.003479166835125896
4916,0.0035172119781735445,8.55774478549715e-07,0.0036027894370378026
4917,0.0033840061871394994,7.796392504778557e-07,0.003461970091466942
4918,0.003454511391840154,7.926665903728609e-07,0.0035337780587254993
4919,0.0033715474419295788,8.265602215003802e-07,0.003454203454537257
4920,0.003533507592134899,8.609044614111612e-07,0.0036195980369924537
4921,0.0034515578825507435,8.235153304227541e-07,0.0035339094352938474
4922,0.0034951789289592735,8.428006319791752e-07,0.003579459002902431
4923,0.0036647839606889793,8.389841648368606e-07,0.0037486823726325265
4924,0.0034977120662769002,8.304562547598306e-07,0.0035807577097007343
4925,0.0034461671246155618,7.8102151739527e-07,0.0035242693003026708
4926,0.003484850231137487,8.13327893235011e-07,0.0035661829996012874
4927,0.003418138070452598,8.064009102048247e-07,0.0034987781602408615
4928,0.0033906323519805747,8.167073518404411e-07,0.003472303100410969
4929,0.003723989383527829,8.78505518137958e-07,0.003811839922902084
4930,0.0036605200880477505,8.45681080547013e-07,0.003745088158475776
4931,0.003419228318718172,8.432069890776832e-07,0.003503549002831982
4932,0.0033665907479101614,7.690083676944566e-07,0.00344349158507201
4933,0.003369232654691704,7.709559231590257e-07,0.003446328235910304
4934,0.003743846119651871,8.533969457124429e-07,0.003829185828386295
4935,0.003602075165197734,8.906742546939988e-07,0.0036911425976863792
4936,0.003400734595714077,7.815859780455339e-07,0.003478893176502278
4937,0.0033551094182316336,7.72313224813608e-07,0.0034323407472261497
4938,0.0033659387995759326,8.154654716646849e-07,0.0034474853366132704
4939,0.003602748894463143,8.461585542634918e-07,0.0036873647627691107
4940,0.0037878921120277336,8.790695368764816e-07,0.0038757990640137466
4941,0.0034822840694217912,8.043629856230485e-07,0.0035627203798221964
4942,0.003435148053892678,8.005964104995655e-07,0.003515207681864981
4943,0.0034254707636371734,7.790266306162061e-07,0.0035033734259946694
4944,0.0034184643187590183,7.839058038107103e-07,0.003496854881485624
4945,0.003763483431670935,8.795912567767383e-07,0.0038514425302104602
4946,0.003752017694134866,9.587795265390248e-07,0.003847895663291697
4947,0.0034005233432136237,8.001303623102778e-07,0.0034805363900358636
4948,0.00349186803214252,8.300500241837712e-07,0.0035748730503743693
4949,0.0034631329528506723,8.663090236569264e-07,0.0035497638577174757
4950,0.0034923288490503065,8.48209530827702e-07,0.0035771498111106695
4951,0.003460017265751958,8.056967614368571e-07,0.003540586958068513
4952,0.0035270219894065974,8.086892428822936e-07,0.003607890906653577
4953,0.0036634172373000654,8.988206739177844e-07,0.00375329929914686
4954,0.003439407134729047,8.056879507069337e-07,0.003519975940787023
4955,0.0034558880142867565,8.312539934664645e-07,0.003539013390940043
4956,0.0033974554765248493,7.9791980609908e-07,0.003477247461916939
4957,0.0034206383561174716,8.230440526389313e-07,0.0035029427568999028
4958,0.0033610107061723547,7.916346989546699e-07,0.003440174161486568
4959,0.0034147679895883605,8.4559957625266e-07,0.003499327918454524
4960,0.003472292480329352,7.908291598640414e-07,0.003551375406283525
4961,0.003445604695908485,7.679986736313309e-07,0.003522404567188313
4962,0.0034917092867075435,8.527262923874537e-07,0.003576981925195263
4963,0.0033588641954045142,7.734004487159132e-07,0.003436204241288285
4964,0.00371072439086293,8.220284001019477e-07,0.003792927209888735
4965,0.003512423973710787,8.130601405619311e-07,0.0035937299741612325
4966,0.0036616199875190375,8.199265175056596e-07,0.003743612643090948
4967,0.003418180032543117,7.903503787489288e-07,0.0034972150704913564
4968,0.003435085985749479,7.957578968524748e-07,0.003514661769112272
4969,0.003417631228184027,7.770097325984322e-07,0.0034953322216507887
4970,0.0033215369818912397,8.150657542442317e-07,0.0034030435546751944
4971,0.0034846655138197446,8.394184320540292e-07,0.0035686073749656637
4972,0.003409447471400903,8.361911066077159e-07,0.0034930665842107227
4973,0.003663353118745069,8.354111873960656e-07,0.003746894255821263
4974,0.0037147708747896457,8.773621146012316e-07,0.003802507079296535
4975,0.0038620396667430478,8.965621015205773e-07,0.003951695875354832
4976,0.0035237114981658034,7.777587088199769e-07,0.0036014873804824966
4977,0.003396363335571462,8.165588493254965e-07,0.003478019235415324
4978,0.0034410100234972853,8.233394147106494e-07,0.003523343978750129
4979,0.003362848536081372,7.751481124643995e-07,0.0034403633476505356
4980,0.0035182149750330755,7.790205282001426e-07,0.0035961170365372973
4981,0.0035617154377001908,8.413943166282655e-07,0.0036458548819345814
4982,0.0035427480996135744,8.912743341639842e-07,0.003631875542322955
4983,0.003400037110212349,7.771922293115143e-07,0.0034777563245546434
4984,0.003517255682738558,8.522656461566165e-07,0.003602482235780166
4985,0.0034268274753084106,8.404655740114029e-07,0.003510874050158647
4986,0.003373795001196765,7.726179568811447e-07,0.0034510568084736024
4987,0.0034368373528723757,8.315733306253312e-07,0.0035199946798985045
4988,0.0036726596524878858,8.782413631031945e-07,0.003760483784360751
4989,0.003500569408999816,8.164005807444599e-07,0.003582209461338578
4990,0.0035548661084425066,8.590130644939387e-07,0.0036407674422427533
4991,0.00349380383868852,8.104323793275163e-07,0.0035748470634702715
4992,0.003436113549997249,7.769866706733029e-07,0.00351381222266824
4993,0.0033926244359463453,7.75394416831982e-07,0.003470163882499741
4994,0.0034211378003801067,8.033118591253785e-07,0.0035014689915002354
4995,0.0033634820006667606,7.645756968046161e-07,0.003439939558325756
4996,0.0035055925949446618,8.081735685546816e-07,0.0035864099589807373
4997,0.003398922549921178,7.763200458964181e-07,0.0034765545504107593
4998,0.0033962497968346842,8.217041304012509e-07,0.003478420207337026
4999,0.003338059658304818,7.658578954672726e-07,0.0034146454455631393
