concentration,j_0(c)
0.085926031,9.7316015e-06
0.071048654,9.810647e-06
0.060858766,9.902309e-06
0.055140338,1.0007781e-05
0.05943605,9.875188e-06
0.052146544,9.971843e-06
0.047038858,1.0082745e-05
0.044866557,1.0042244e-05
0.040929906,1.0158754e-05
0.039813696,1.0235627e-05
0.142714353,9.414582e-06
0.118839463,9.478552e-06
0.100255479,9.56182e-06
0.083069098,9.666486e-06
0.142714353,9.501038e-06
0.106392402,9.583773e-06
0.083629974,9.687809e-06
0.117339152,9.605874e-06
0.084005939,9.70962e-06
0.051186838,1.533053e-05
0.049878135,1.5884141e-05
0.045736979,1.6431253e-05
0.038518016,1.696715e-05
0.049367395,1.5252969e-05
0.044572773,1.5826596e-05
0.039075126,1.6393324e-05
0.046147235,1.51826225e-05
0.040973559,1.5775806e-05
0.044213316,1.5118708e-05
0.045089931,1.6438777e-05
0.033941618,1.706624e-05
0.021777741,1.7677938e-05
0.020556879,1.8266968e-05
0.046044341,1.6617065e-05
0.03459588,1.7235656e-05
0.024614825,1.7836732e-05
0.042799027,1.679332e-05
0.033254164,1.7402514e-05
0.062107197,1.9315024e-05
0.062107197,1.8967005e-05
0.043272648,1.8616603e-05
0.045175706,1.89265e-05
0.037065682,1.8564946e-05
0.023338567,1.8203707e-05
0.02694625,1.8514915e-05
0.022251595,1.8141915e-05
0.015840899,1.808205e-05
0.022247985,1.9087107e-05
0.02359895,1.9440524e-05
0.028266077,1.9774187e-05
0.034148001,2.0087082e-05
0.030246081,1.916347e-05
0.044227797,1.9522318e-05
0.034148001,1.9859885e-05
0.053418958,1.9239531e-05
0.069103647,1.9603292e-05
0.047701209,1.1189192e-05
0.049828082,1.0832592e-05
0.039921901,1.0515156e-05
0.034526634,1.1040141e-05
0.035383612,1.0691564e-05
0.034815799,1.0382712e-05
0.023215958,1.0893023e-05
0.026503166,1.0552818e-05
0.023879945,1.07483065e-05
0.012801384,1.176677e-05
0.013275033,1.2138516e-05
0.014555353,1.2523585e-05
0.016681132,1.29196305e-05
0.016082812,1.155439e-05
0.016213278,1.1915576e-05
0.014041773,1.229111e-05
0.028328952,1.1362399e-05
0.035658002,1.1712537e-05
0.035163167,1.4379335e-05
0.019543766,1.3641679e-05
0.040306216,1.452059e-05
0.02563207,1.37742345e-05
0.016193622,1.3041533e-05
0.034608244,1.3922662e-05
0.018058422,1.3178072e-05
0.023823567,1.3331883e-05
0.136911263,9.220994e-06
0.104447522,9.240205e-06
0.072432583,9.289371e-06
0.053831215,9.372041e-06
0.140638208,9.262811e-06
0.110485474,9.307039e-06
0.080381705,9.384426e-06
0.142550786,9.325948e-06
0.115376362,9.398912e-06
0.029355866,1.9630268e-05
0.021698106,2.0060283e-05
0.014900884,2.0452708e-05
0.012778473,2.0805779e-05
0.020453386,1.9787807e-05
0.017272177,2.020184e-05
0.013432775,2.0578187e-05
0.017855338,1.9940198e-05
0.015313452,2.0338104e-05
0.0126,2.1874066e-05
0.0126,2.1819247e-05
0.014247568,2.1760115e-05
0.016935096,2.1696922e-05
0.0126,2.1954684e-05
0.012846141,2.1909736e-05
0.014237945,2.1861044e-05
0.012606225,2.2023723e-05
0.012931759,2.1988399e-05
0.0126,2.2080256e-05
0.021976041,9.135384e-06
0.047189885,9.159845e-06
0.092767195,9.1892225e-06
0.04610269,9.122662e-06
0.087130612,9.1574975e-06
0.132350382,9.194345e-06
0.073881001,9.162574e-06
0.130007824,9.202449e-06
0.101169923,9.250004e-06
0.016072831,2.036477e-05
0.0126,2.0791964e-05
0.0126,2.1161202e-05
0.0126,2.1471544e-05
0.015728386,2.0518479e-05
0.0126,2.0925574e-05
0.0126,2.1274504e-05
0.013502213,2.0665644e-05
0.0126,2.105244e-05
0.0126,2.136448e-05
0.0126,2.1249658e-05
0.012665894,2.1127267e-05
0.0126,2.1619044e-05
0.0126,2.1527687e-05
0.0126,2.142946e-05
0.0126,2.1754067e-05
0.0126,2.1678174e-05
0.0126,2.2160097e-05
0.0126,2.2143904e-05
0.0126,2.2117945e-05
0.012606929,2.2128817e-05
0.012651052,2.2095886e-05
0.012685028,2.2051316e-05
0.013071596,2.207029e-05
0.013550226,2.2019e-05
0.015455459,2.198333e-05
0.050704676,9.1015745e-06
0.04215243,9.144687e-06
0.045756462,9.195602e-06
0.048889341,9.250612e-06
0.036965459,9.307352e-06
0.03032044,9.367639e-06
0.046466214,9.494298e-06
0.037402115,9.558119e-06
0.055947031,9.833735e-06
0.0126,2.2148964e-05
0.0126,2.216622e-05
0.0126,2.216956e-05
0.0126,2.2178527e-05
0.0126,2.2173397e-05
0.0126,2.2155053e-05
0.0126,2.2176868e-05
0.0126,2.2148897e-05
0.0126,2.2142083e-05
0.031644324,9.5009445e-06
0.049971369,9.5965215e-06
0.082150269,9.710542e-06
0.073391796,9.988152e-06
0.10675914,1.0116276e-05
0.113526429,1.0254648e-05
0.094534806,1.0680365e-05
0.117731635,1.0831605e-05
0.117734082,1.1611233e-05
0.0126,2.2220478e-05
0.0126,2.2164997e-05
0.0126,2.2066088e-05
0.0126,2.1927504e-05
0.0126,2.219288e-05
0.0126,2.2131555e-05
0.0126,2.2028187e-05
0.0126,2.2169328e-05
0.0126,2.2102004e-05
0.0126,2.2126105e-05
0.0126,2.1941692e-05
0.0126,2.1708256e-05
0.0126,2.1431595e-05
0.0126,2.2054126e-05
0.0126,2.1862597e-05
0.0126,2.1623917e-05
0.0126,2.1988315e-05
0.0126,2.1789705e-05
0.0126,2.1706794e-05
0.0126,2.1436603e-05
0.0126,2.1137534e-05
0.0126,2.0813248e-05
0.0126,2.1609085e-05
0.0126,2.1339196e-05
0.0126,2.1041777e-05
0.0126,2.1517651e-05
0.0126,2.124785e-05
0.037395791,1.09719085e-05
0.065442419,1.1156777e-05
0.106759919,1.1374601e-05
0.048750585,1.2155807e-05
0.080258706,1.2395476e-05
0.091843116,1.2657777e-05
0.044154095,1.3780147e-05
0.070297324,1.4061065e-05
0.035959362,1.5940555e-05
0.0126,2.1062568e-05
0.0126,2.079179e-05
0.0126,2.0509437e-05
0.0126,2.0216969e-05
0.0126,2.0974941e-05
0.0126,2.0707314e-05
0.0126,2.0428446e-05
0.0126,2.0891956e-05
0.0126,2.0627223e-05
0.021111488,2.0493833e-05
0.020468631,2.0254312e-05
0.019345895,2.0008529e-05
0.023368358,1.9757186e-05
0.013220305,2.0398607e-05
0.0126,2.0150823e-05
0.0126,1.9896741e-05
0.0126,2.0306363e-05
0.0126,2.0050476e-05
0.065495419,1.4846733e-05
0.062214144,1.5160866e-05
0.053789897,1.5532489e-05
0.050889412,1.7651488e-05
0.07632054,1.8025145e-05
0.082898669,1.844362e-05
0.033706555,2.1354233e-05
0.068498922,2.1729093e-05
0.016421397,2.5931797e-05
0.027005407,1.9945444e-05
0.040662479,2.0138083e-05
0.053603352,2.0335276e-05
0.023368358,1.9611034e-05
0.036930077,1.9803174e-05
0.051372224,2.0000096e-05
0.034810228,1.9459329e-05
0.042333725,1.9655128e-05
0.034810228,1.9302068e-05
0.057896271,2.502321e-05
0.038761699,2.5242922e-05
0.028892368,2.5554835e-05
0.045069815,3.0959833e-05
0.065941635,3.0992527e-05
0.08166324,3.111208e-05
0.051434493,3.753652e-05
0.08166324,3.7197082e-05
0.064494327,4.4034496e-05
0.025079812,1.8703071e-05
0.025079812,1.8898612e-05
0.03771127,1.9098577e-05
0.03284051,1.9170022e-05
0.043108047,1.9357798e-05
0.0501909,1.9549327e-05
0.044704456,1.9628238e-05
0.058156008,1.9806675e-05
0.057000304,2.0075e-05
0.016223223,4.6907277e-05
0.014054324,4.5860303e-05
0.03150051,4.489836e-05
0.0126,5.4757526e-05
0.01466334,5.306709e-05
0.041602685,5.143842e-05
0.0126,6.155142e-05
0.0126,5.9199916e-05
0.0126,6.7002125e-05
0.014215888,1.9720195e-05
0.015303311,1.9114275e-05
0.015809659,1.8496867e-05
0.014490738,1.787282e-05
0.01551064,1.9358564e-05
0.01408465,1.8765939e-05
0.013186344,1.81635e-05
0.021710783,1.9020352e-05
0.015845973,1.8440265e-05
0.213634442,8.520454e-05
0.219142794,8.6605454e-05
0.21534068,8.789618e-05
0.224320726,8.902602e-05
0.262211924,8.5889675e-05
0.266310272,8.723005e-05
0.278961678,8.848456e-05
0.327014868,8.665023e-05
0.339853927,8.794935e-05
0.400031318,8.7524786e-05
0.0126,7.3932686e-05
0.0126,7.196134e-05
0.0126,6.960341e-05
0.021416687,7.908461e-05
0.012722982,7.698516e-05
0.0126,7.4367505e-05
0.056012189,8.2910774e-05
0.044243069,8.081037e-05
0.088345587,8.5756874e-05
0.102673848,8.6300795e-05
0.100354297,8.6762644e-05
0.109154728,8.657689e-05
0.127804004,8.7566405e-05
0.122105936,8.828711e-05
0.125151836,8.83779e-05
0.151862528,8.838093e-05
0.127482759,8.933439e-05
0.365424919,8.4635736e-05
0.377894549,8.558693e-05
0.39048456,8.655317e-05
0.420779153,8.565672e-05
0.435298244,8.654758e-05
0.454369369,8.74587e-05
0.477800567,8.700232e-05
0.505328979,8.7822955e-05
0.551530953,8.876172e-05
0.551530953,8.9938985e-05
0.598099775,9.1350084e-05
0.601745257,9.291878e-05
0.517637539,8.7995984e-05
0.550144902,8.911318e-05
0.574813137,9.0449124e-05
0.501442615,8.723767e-05
0.530457056,8.8295754e-05
0.486817094,8.6487074e-05
0.027518722,1.9196112e-05
0.023109361,1.830761e-05
0.015643948,1.7416236e-05
0.0126,1.6531198e-05
0.024897901,1.8711018e-05
0.018795564,1.7841321e-05
0.0126,1.6970786e-05
0.019359642,1.8271978e-05
0.015236067,1.7419516e-05
0.601745257,9.472998e-05
0.60878476,9.676157e-05
0.618926494,9.8963355e-05
0.573297754,9.135719e-05
0.579458284,9.3101764e-05
0.586171462,9.508074e-05
0.548673716,8.983133e-05
0.554921904,9.150198e-05
0.525680525,8.8342305e-05
0.026973281,1.8681547e-05
0.016537716,1.7480075e-05
0.014456308,1.6306018e-05
0.0126,1.5173158e-05
0.018953501,1.7866569e-05
0.012688214,1.6716052e-05
0.0126,1.55934e-05
0.013038734,1.7155491e-05
0.0126,1.6051206e-05
0.631637943,0.00010216457
0.640992813,0.00010530409
0.646106624,0.00010827076
0.58393571,9.695377e-05
0.592442769,0.000100060686
0.596508499,0.00010313654
0.547641077,9.494775e-05
0.551484009,9.793889e-05
0.514962081,9.2942e-05
0.0126,1.42138115e-05
0.014570887,1.5109429e-05
0.023228621,1.613931e-05
0.032634273,1.73258e-05
0.0126,1.4144541e-05
0.015877164,1.5138124e-05
0.023986551,1.6287837e-05
0.0126,1.4220607e-05
0.013521165,1.5338048e-05
0.0126,1.4475816e-05
0.022098283,1.7813605e-05
0.014565145,1.653222e-05
0.0126,1.532951e-05
0.02467006,1.679624e-05
0.013111734,1.5589327e-05
0.0126,1.4453489e-05
0.016125792,1.5924245e-05
0.0126,1.4784951e-05
0.5981987,0.00011789227
0.573953022,0.00011295274
0.539641652,0.000107316926
0.506189024,0.000101180856
0.608155659,0.00011511539
0.579862063,0.00010966746
0.544555919,0.00010365993
0.626435516,0.00011189645
0.586956011,0.00010601066
0.012605595,1.5474843e-05
0.012867401,1.6609638e-05
0.013439441,1.790002e-05
0.0126,1.4708142e-05
0.0126,1.5795902e-05
0.0126,1.7034085e-05
0.0126,1.5045036e-05
0.0126,1.6235423e-05
0.0126,1.5500023e-05
0.53033731,0.0001100189
0.56036779,0.00011292107
0.593418463,0.00011551477
0.600068955,0.00011585238
0.646635609,0.00011832557
0.658165197,0.00012055553
0.674765453,0.000120633485
0.699341693,0.00012271166
0.701354967,0.00012443229
0.589790909,0.00011868929
0.637252864,0.00012086221
0.689042155,0.00012274954
0.642586001,0.00012227778
0.6929744,0.0001240692
0.702256706,0.00012564179
0.705427038,0.0001251377
0.71384332,0.00012661333
0.735291036,0.00012738348
0.759078676,0.00012784378
0.758951088,0.00012822007
0.765809379,0.00012851993
0.729631082,0.00012606927
0.74781052,0.00012658972
0.747965019,0.00012701494
0.695606176,0.00012454693
0.717124646,0.00012511946
0.656676354,0.00012275358
0.0126,1.8419129e-05
0.0126,1.7165492e-05
0.0126,1.6207787e-05
0.0126,1.8870225e-05
0.0126,1.76832e-05
0.0126,1.6787844e-05
0.0126,1.9369269e-05
0.0126,1.8251729e-05
0.0126,1.9920135e-05
0.785566078,0.00012896194
0.76369965,0.00012790761
0.734368135,0.0001266247
0.698795287,0.00012506697
0.779968781,0.0001288423
0.759166356,0.00012774409
0.730440871,0.00012641192
0.765809379,0.00012869482
0.754174157,0.0001275475
0.013279502,2.5060255e-05
0.012877477,2.4998226e-05
0.012770421,2.4992778e-05
0.01271372,2.5027755e-05
0.0126,2.2515358e-05
0.0126,2.2434047e-05
0.0126,2.2406442e-05
0.0126,2.0321146e-05
0.0126,2.0220625e-05
0.78787136,0.00012913253
0.793626405,0.00012929068
0.800760492,0.00012943502
0.77013526,0.00012821543
0.775046214,0.00012840997
0.781107376,0.00012858867
0.753989465,0.00012734762
0.759753859,0.0001275654
0.737980219,0.00012632593
0.012658296,3.4575685e-05
0.01280114,3.091731e-05
0.012813244,2.7734337e-05
0.01319202,3.4599707e-05
0.013305428,3.09195e-05
0.013080275,2.776726e-05
0.013788709,3.454439e-05
0.013782016,3.0895677e-05
0.017741346,3.4457807e-05
0.730297738,0.00012694606
0.76736345,0.00012792021
0.786506964,0.00012873928
0.754005858,0.00012792618
0.789662913,0.0001288009
0.806854601,0.00012953342
0.777013484,0.00012873355
0.806854601,0.00012952469
0.799373614,0.00012940669
0.012927764,4.463283e-05
0.012702081,4.5536464e-05
0.012610571,4.628893e-05
0.0126,4.6841065e-05
0.01295793,4.1038904e-05
0.012712335,4.1822033e-05
0.0126,4.2447322e-05
0.012895394,3.7678208e-05
0.012613164,3.8337057e-05
0.774762334,0.0001290506
0.748750764,0.00012851911
0.726707193,0.0001277788
0.730725988,0.00012796231
0.689857372,0.00012740557
0.66606508,0.00012658536
0.663048932,0.00012599179
0.622500656,0.00012513784
0.597496191,0.00012328694
0.0126,5.970733e-05
0.0126,6.1053e-05
0.0126,6.189426e-05
0.0126,6.215756e-05
0.0126,5.547369e-05
0.0126,5.6757624e-05
0.0126,5.7514753e-05
0.0126,5.113848e-05
0.0126,5.231741e-05
0.43112977,0.00011580037
0.570341738,0.00012111191
0.652829055,0.00012504571
0.530078469,0.000118544616
0.650842896,0.0001232361
0.706198987,0.00012662553
0.60762983,0.00012100672
0.678761108,0.00012517642
0.621427471,0.00012328022
0.013559952,7.554673e-05
0.012691491,7.5621414e-05
0.0126,7.485721e-05
0.0126,7.3167364e-05
0.012678082,7.193963e-05
0.0126,7.188508e-05
0.0126,7.087324e-05
0.0126,6.744123e-05
0.0126,6.7244866e-05
0.241516848,0.000102741295
0.385128474,0.0001103286
0.522354049,0.00011747449
0.325338752,0.00010251546
0.448030797,0.00011128956
0.549654974,0.000119335804
0.40539321,0.00010047096
0.429599423,0.00011132426
0.357995447,9.9289435e-05
0.0126,8.207301e-05
0.0126,8.061706e-05
0.0126,7.798338e-05
0.0126,7.400774e-05
0.0126,8.011118e-05
0.0126,7.805311e-05
0.0126,7.466136e-05
0.0126,7.721502e-05
0.0126,7.448271e-05
0.081918792,7.0823924e-05
0.154661635,7.781842e-05
0.396183485,8.7697124e-05
0.03802092,6.37811e-05
0.364243425,7.314549e-05
0.190666659,8.5677595e-05
0.325182202,5.9680133e-05
0.030020901,7.146786e-05
0.074978981,5.8165606e-05
0.0126,8.191442e-05
0.0126,7.8890305e-05
0.0126,7.439353e-05
0.0126,6.8543e-05
0.0126,8.0036334e-05
0.0126,7.617183e-05
0.0126,7.0855815e-05
0.0126,7.744977e-05
0.0126,7.2697134e-05
0.049381529,4.3951663e-05
0.08012194,4.609486e-05
0.334578362,5.0744136e-05
0.110560338,3.997637e-05
0.284429592,4.3226413e-05
0.110456027,4.8937793e-05
0.237630814,3.7338326e-05
0.113515248,4.151569e-05
0.090191121,3.5794383e-05
0.013396238,7.7744444e-05
0.014442516,7.253518e-05
0.014250188,6.602982e-05
0.0126,5.8870122e-05
0.0126,7.5278425e-05
0.0126,6.941352e-05
0.0126,6.257223e-05
0.0126,7.2207455e-05
0.0126,6.5790126e-05
0.076244429,3.173804e-05
0.086849448,3.2172527e-05
0.221802634,3.3463366e-05
0.109634837,2.9750625e-05
0.178327364,3.0696123e-05
0.119582515,3.24971e-05
0.143008997,2.847772e-05
0.146704815,2.9878815e-05
0.160673534,2.7804146e-05
0.033673157,6.726154e-05
0.015959364,5.9775088e-05
0.0126,5.2118747e-05
0.0126,4.5024768e-05
0.027300577,6.4883156e-05
0.015115997,5.7408022e-05
0.0126,5.006749e-05
0.017512987,6.2051484e-05
0.012623947,5.4708555e-05
0.115936287,2.6181633e-05
0.137835475,2.6392621e-05
0.154376843,2.691641e-05
0.124936398,2.5348822e-05
0.151352908,2.5784644e-05
0.160673534,2.653813e-05
0.134067817,2.481372e-05
0.164787591,2.5461966e-05
0.150589426,2.4537674e-05
0.012605893,4.845541e-05
0.0126,4.1688447e-05
0.0126,3.5977857e-05
0.0126,3.1378353e-05
0.0126,4.7632402e-05
0.0126,4.1172876e-05
0.0126,3.5733756e-05
0.0126,4.646195e-05
0.0126,4.0366198e-05
0.081829829,2.3565985e-05
0.101453754,2.3765693e-05
0.126393472,2.4084753e-05
0.093687559,2.3224035e-05
0.116740047,2.3522683e-05
0.141127244,2.3937382e-05
0.111687168,2.3017243e-05
0.133698105,2.3406343e-05
0.124010282,2.2935676e-05
0.0126,3.185699e-05
0.0126,3.223767e-05
0.0126,3.250457e-05
0.0126,2.8357344e-05
0.013365319,2.8655204e-05
0.0126,2.8871405e-05
0.022060133,2.5818643e-05
0.015412704,2.6002086e-05
0.025427125,2.3733617e-05
0.077310771,2.2309683e-05
0.092412132,2.244891e-05
0.110952393,2.2655851e-05
0.089981458,2.2072305e-05
0.107477105,2.2275595e-05
0.124010282,2.2556464e-05
0.103778265,2.1907394e-05
0.124010282,2.2181872e-05
0.105357702,2.1810418e-05
0.0126,2.057854e-05
0.015432178,2.1390286e-05
0.021753927,2.2430855e-05
0.012858156,2.1626132e-05
0.013790533,2.2652493e-05
0.016769419,2.3954353e-05
0.0126,2.286812e-05
0.013145742,2.4160629e-05
0.0126,2.435308e-05
0.105357702,2.1393143e-05
0.0858592,2.099649e-05
0.066027007,2.062566e-05
0.095374738,2.1591051e-05
0.08566709,2.1205602e-05
0.074870497,2.0851307e-05
0.074405003,2.14978e-05
0.065256089,2.1148322e-05
0.055613089,2.1523854e-05
0.0126,2.1457226e-05
0.012651225,2.070239e-05
0.013096397,2.0060419e-05
0.013647402,1.951721e-05
0.0126,2.1154914e-05
0.012617449,2.0383886e-05
0.012968115,1.9727016e-05
0.0126,2.0862328e-05
0.012635671,2.007737e-05
0.035710466,2.0780297e-05
0.050270927,2.0623847e-05
0.064707315,2.0571106e-05
0.036263982,2.0375648e-05
0.050732936,2.0249347e-05
0.066027007,2.023366e-05
0.035245312,2.0005291e-05
0.03604899,1.9910909e-05
0.03604899,1.9665471e-05
0.019174798,2.0906493e-05
0.021017033,2.0368125e-05
0.02696591,1.9957055e-05
0.015438424,2.0412941e-05
0.016770667,1.9893385e-05
0.015735362,1.9500709e-05
0.013523924,1.9951016e-05
0.015735362,1.9449462e-05
0.064230064,9.884401e-06
0.072240913,9.7903585e-06
0.074581485,9.770602e-06
0.050205839,1.6065564e-05
0.050648305,1.6249354e-05
0.051660495,1.569566e-05
0.023496751,1.6897198e-05
0.020899249,1.7371985e-05
0.017435374,1.7829458e-05
0.029373364,1.6740276e-05
0.026864823,1.721734e-05
0.036368617,1.6587426e-05
0.013725144,1.7692846e-05
0.014766422,1.7760194e-05
0.017712895,1.7297245e-05
0.020515391,1.8760778e-05
0.031585976,1.8843804e-05
0.017923536,1.8425255e-05
0.052366592,1.00441985e-05
0.060152885,9.9149565e-06
0.068307115,9.795518e-06
0.047531661,1.0085219e-05
0.054177898,9.949915e-06
0.041882923,1.0131361e-05
0.041213895,1.0221864e-05
0.030666216,1.046857e-05
0.036069428,1.0301827e-05
0.036313336,1.0323671e-05
0.030248084,1.0529571e-05
0.039613692,1.0270129e-05
0.019286682,1.1056579e-05
0.014346644,1.1396445e-05
0.020590925,1.1208477e-05
0.046547049,1.464497e-05
0.04736803,1.4579336e-05
0.03651125,1.39756685e-05
0.0126,1.2239637e-05
0.014266635,1.2762449e-05
0.013872484,1.263534e-05
0.036749387,9.722374e-06
0.039907843,9.847367e-06
0.040937859,9.983756e-06
0.050847018,9.700127e-06
0.05294198,9.819422e-06
0.066118651,9.681669e-06
0.02825183,9.814215e-06
0.026590255,9.918446e-06
0.026492239,1.0035748e-05
0.032755992,9.950495e-06
0.02943772,1.0066288e-05
0.03438144,1.0098242e-05
0.073112578,9.557361e-06
0.089509971,9.467717e-06
0.062658042,9.459094e-06
0.042622586,9.581658e-06
0.057136167,9.567909e-06
0.047563359,9.465258e-06
0.02128149,1.6775546e-05
0.023568959,1.6654161e-05
0.02549737,1.6533364e-05
0.018361162,1.7182201e-05
0.021589909,1.7067337e-05
0.01529985,1.7584789e-05
0.041147263,1.5933303e-05
0.041928114,1.5556048e-05
0.041906792,1.5184238e-05
0.032250896,1.5418662e-05
0.031143683,1.50400465e-05
0.024764318,1.4898679e-05
0.035596893,1.44900705e-05
0.026935186,1.3814552e-05
0.023283643,1.43374455e-05
0.028927627,1.6236585e-05
0.029816371,1.556757e-05
0.026546777,1.6106495e-05
0.026941138,1.5430453e-05
0.02556576,1.5976933e-05
0.036187391,1.6082582e-05
0.021684617,1.8793491e-05
0.018554773,1.845433e-05
0.019549006,1.8106992e-05
0.028844165,1.8487124e-05
0.025620093,1.813583e-05
0.035060363,1.816873e-05
0.030572919,1.763443e-05
0.022106116,1.7607497e-05
0.026407459,1.7087525e-05
0.023334453,1.9268544e-05
0.026287421,1.9449826e-05
0.018010116,1.961467e-05
0.030049539,1.898208e-05
0.037912394,1.8682575e-05
0.036088306,1.917109e-05
0.035513169,1.6867536e-05
0.040089591,1.7315184e-05
0.038565445,1.7749637e-05
0.03402,1.6750038e-05
0.033477283,1.7198527e-05
0.02957907,1.6638685e-05
0.012743038,1.1538725e-05
0.0126,1.1315636e-05
0.02035949,1.1098688e-05
0.0126,1.2003024e-05
0.014736863,1.1770778e-05
0.012988502,1.2520493e-05
0.015597636,1.1177637e-05
0.021203309,1.08486e-05
0.015677533,1.0964596e-05
0.027505712,1.0343411e-05
0.022134932,1.0698255e-05
0.027320528,1.037193e-05
0.021049375,1.0723832e-05
0.029394158,1.0401977e-05
0.025829498,1.0618844e-05
0.033909649,1.2678181e-05
0.020034993,1.28920465e-05
0.017741166,1.3110339e-05
0.038265765,1.2089647e-05
0.017602757,1.2302743e-05
0.029139656,1.1562277e-05
0.021329997,1.3384321e-05
0.019381026,1.412871e-05
0.017872,1.3597639e-05
0.026683055,9.654419e-06
0.032114329,9.519514e-06
0.036046626,9.409304e-06
0.018275002,9.589125e-06
0.024134904,9.460135e-06
0.017089244,9.526699e-06
0.021673696,9.84472e-06
0.020647459,9.743243e-06
0.017552658,9.674945e-06
0.02655565,1.0071124e-05
0.023047639,9.872779e-06
0.019833641,9.696045e-06
0.027729221,1.011171e-05
0.023254304,9.905773e-06
0.027561559,1.0157987e-05
0.028973623,1.0391658e-05
0.035306793,1.0445662e-05
0.030541731,1.0760023e-05
0.04010399,9.275345e-06
0.059126124,9.215719e-06
0.027487015,9.19602e-06
0.019716643,9.34053e-06
0.026835466,9.301238e-06
0.020324452,9.210886e-06
0.026351255,1.6062364e-05
0.023921085,1.5499274e-05
0.024055539,1.4950588e-05
0.025602702,1.558353e-05
0.021796705,1.5017104e-05
0.026515249,1.5099962e-05
0.03151954,1.6281341e-05
0.029502313,1.6168568e-05
0.028786095,1.5690208e-05
0.026365118,1.32985415e-05
0.02466494,1.38754785e-05
0.02419392,1.4477966e-05
0.024324809,1.382613e-05
0.023156835,1.4411691e-05
0.022527631,1.4361164e-05
0.035363478,1.2869322e-05
0.031458805,1.3075848e-05
0.024016376,1.3597773e-05
0.019074489,2.029272e-05
0.029170757,1.9880335e-05
0.023156961,2.012567e-05
0.0126,2.0891843e-05
0.0126,2.103054e-05
0.0126,2.0637095e-05
0.014606603,2.1529513e-05
0.0126,2.1606105e-05
0.013150134,2.1339256e-05
0.045401747,1.9272517e-05
0.045691295,1.8891602e-05
0.032693722,1.8489329e-05
0.036880981,1.9540743e-05
0.032581245,1.9178031e-05
0.024649255,1.9805664e-05
0.047184892,1.826743e-05
0.045359279,1.83742e-05
0.049117213,1.8783481e-05
0.037129396,1.7416058e-05
0.036213005,1.7958611e-05
0.042675524,1.7849654e-05
0.030639742,1.6600277e-05
0.027250832,1.6331489e-05
0.029447071,1.6062197e-05
0.028680704,1.7162782e-05
0.022828926,1.6907376e-05
0.025471775,1.7721279e-05
0.029443252,1.600356e-05
0.030820339,1.5404346e-05
0.02986633,1.5725282e-05
0.035544283,2.1101894e-05
0.027514311,2.1328693e-05
0.021672156,2.1526927e-05
0.023366915,2.1107511e-05
0.018309934,2.1332651e-05
0.015120996,2.1116113e-05
0.017582317,2.1900913e-05
0.014280352,2.1946493e-05
0.017754196,2.1805392e-05
0.030614243,2.1630176e-05
0.025225179,2.1769492e-05
0.019766409,2.1887075e-05
0.026320403,2.1651842e-05
0.021818778,2.1787117e-05
0.021559874,2.1674163e-05
0.033861095,2.1472615e-05
0.026698717,2.149949e-05
0.035228809,2.1296319e-05
0.056273322,1.2202071e-05
0.05978997,1.1642118e-05
0.045514019,1.1148601e-05
0.058145677,1.1745841e-05
0.061031598,1.1218866e-05
0.044556989,1.1313838e-05
0.032437194,1.2584215e-05
0.048900811,1.2384973e-05
0.041304129,1.1919344e-05
0.036047455,1.0479861e-05
0.043833716,1.086459e-05
0.050116371,1.0801796e-05
0.017279329,9.496071e-06
0.020234386,9.3062845e-06
0.026459133,9.175843e-06
0.025878099,9.47436e-06
0.037129455,9.280128e-06
0.051179445,9.463909e-06
0.018023874,9.893779e-06
0.017424368,9.673543e-06
0.025178287,9.661548e-06
0.021464894,1.0182157e-05
0.029610378,9.915154e-06
0.02744894,1.0535328e-05
0.03279241,9.089967e-06
0.04235028,9.116269e-06
0.044884134,9.07745e-06
0.044964991,9.098936e-06
0.051014056,9.055186e-06
0.060246461,9.170705e-06
0.02202769,1.3186377e-05
0.024920882,1.3087729e-05
0.042801144,1.30048265e-05
0.026573035,1.3774937e-05
0.036892216,1.3688642e-05
0.032003702,1.4390681e-05
0.039208097,1.4694983e-05
0.057766563,1.3989304e-05
0.047645914,1.5018663e-05
0.018988988,1.2465277e-05
0.023955614,1.1796551e-05
0.016212268,1.2359819e-05
0.01581132,2.07868e-05
0.0126,2.0516814e-05
0.01446522,2.0229076e-05
0.022897567,2.0395612e-05
0.014230194,2.0091786e-05
0.036366976,1.9954252e-05
0.038548599,2.0762353e-05
0.023713098,2.077304e-05
0.039921508,2.0378944e-05
0.018510625,1.9645777e-05
0.020568586,1.899407e-05
0.017827884,1.9484713e-05
0.070934896,2.0580279e-05
0.061339332,2.0766132e-05
0.04762197,2.0940017e-05
0.069027208,2.0375299e-05
0.052849471,2.0574846e-05
0.052522857,2.016634e-05
0.034311461,1.928818e-05
0.017927839,1.8769504e-05
0.017866544,1.823822e-05
0.026110435,1.8545414e-05
0.02057608,1.7986808e-05
0.029807036,1.7737406e-05
0.03449736,1.6611557e-05
0.035321338,1.717199e-05
0.020939759,1.7445891e-05
0.081164677,1.5223666e-05
0.071309619,1.6080861e-05
0.049264035,1.6924223e-05
0.07170002,1.5497593e-05
0.052929013,1.6344035e-05
0.050327771,1.5777712e-05
0.090299117,1.44332025e-05
0.070564115,1.4722545e-05
0.076137262,1.3690349e-05
0.038763729,2.152047e-05
0.04164872,2.1346726e-05
0.044429815,2.1154317e-05
0.044894027,2.1399754e-05
0.049496789,2.120957e-05
0.04647884,2.126784e-05
0.062653075,2.0828906e-05
0.057843865,2.1058302e-05
0.05537101,2.0997553e-05
0.014466103,2.2045167e-05
0.012769635,2.2098166e-05
0.012786609,2.2114093e-05
0.019083792,2.193735e-05
0.022325799,2.1886633e-05
0.023689134,2.1831334e-05
0.016482458,2.2009617e-05
0.018062114,2.1969854e-05
0.013615547,2.2073047e-05
0.03171987,2.1699043e-05
0.02740641,2.176612e-05
0.025092392,2.182911e-05
0.036037051,2.1597321e-05
0.037139139,2.1484717e-05
0.030648654,2.1672573e-05
0.064261744,9.6916665e-06
0.04091264,1.0012969e-05
0.036569742,1.0441794e-05
0.03147272,1.02552885e-05
0.015913533,1.0696476e-05
0.021609747,1.0989209e-05
0.027290229,1.2038299e-05
0.019123599,1.1469487e-05
0.026739713,1.1174889e-05
0.022606733,9.131169e-06
0.036370485,9.189523e-06
0.067211811,9.302632e-06
0.019099436,9.053928e-06
0.041421532,9.085754e-06
0.036462155,9.050492e-06
0.047912543,9.806347e-06
0.055845545,9.505898e-06
0.03531157,9.3696335e-06
0.048677112,9.1713855e-06
0.054374542,9.388945e-06
0.02975624,9.300262e-06
0.024444643,9.205391e-06
0.023009782,9.080511e-06
0.02752482,9.098007e-06
0.066294094,1.2890697e-05
0.047561681,1.1923629e-05
0.054145909,1.106763e-05
0.050946785,1.2815101e-05
0.056995728,1.1848985e-05
0.038461882,1.2785331e-05
0.070750284,1.43885445e-05
0.075440028,1.3608682e-05
0.042622359,1.3569624e-05
0.063333692,1.939667e-05
0.071500318,1.9582913e-05
0.060389876,1.9769359e-05
0.049391795,1.8860554e-05
0.047197196,1.907463e-05
0.030723508,1.8305049e-05
0.081392743,2.022201e-05
0.077762296,1.999695e-05
0.075534033,1.982703e-05
0.067473597,2.060115e-05
0.059554873,2.062522e-05
0.049048824,2.0652702e-05
0.058928095,2.0851216e-05
0.049229591,2.0876612e-05
0.048497839,2.1081623e-05
0.061365808,2.0269914e-05
0.072221391,2.0244199e-05
0.069945961,1.9850237e-05
0.053149644,1.8631436e-05
0.043871428,1.8042982e-05
0.047695994,1.744471e-05
0.061910827,1.7790648e-05
0.069540144,1.7160854e-05
0.075589462,1.689029e-05
0.085776749,1.5748315e-05
0.087317731,1.6305135e-05
0.069767026,1.6608987e-05
0.078758612,1.4916855e-05
0.058783892,1.409263e-05
0.094534979,1.5485954e-05
0.0126,2.2184735e-05
0.0126,2.221094e-05
0.0126,2.2193082e-05
0.034827573,2.1308198e-05
0.025016905,2.1354535e-05
0.016053045,2.1407312e-05
0.029046453,2.1524007e-05
0.020303601,2.1568874e-05
0.023528749,2.171012e-05
0.035506572,2.0925034e-05
0.024236097,2.1177e-05
0.035516495,2.1126054e-05
0.0126,2.2120767e-05
0.012676632,2.2093314e-05
0.012673983,2.2060081e-05
0.0126,2.2181348e-05
0.012610808,2.2173062e-05
0.0126,2.2225386e-05
0.017822649,2.1909185e-05
0.014538837,2.1985474e-05
0.014152682,2.2032666e-05
0.013543335,2.1896887e-05
0.017120435,2.1803973e-05
0.013402902,2.1679512e-05
0.0126,2.2120219e-05
0.0126,2.2210786e-05
0.0126,2.2179382e-05
0.0126,2.1791055e-05
0.012742095,2.2019507e-05
0.012847986,2.187939e-05
0.027104742,9.29661e-06
0.053720927,9.573154e-06
0.063751451,9.9831395e-06
0.05187242,9.661632e-06
0.065825655,1.0080604e-05
0.061125757,1.0236225e-05
0.045928955,1.0698417e-05
0.042808765,1.1647583e-05
0.058260737,1.0857409e-05
0.053008366,9.399438e-06
0.069475528,9.353197e-06
0.054779254,9.382243e-06
0.039735414,9.175083e-06
0.045679265,9.217181e-06
0.021380997,9.138407e-06
0.053927703,9.550304e-06
0.03252685,9.286705e-06
0.051694801,9.350969e-06
0.081259318,1.0478972e-05
0.050700493,1.0306949e-05
0.059478249,9.832501e-06
0.043446339,9.651117e-06
0.06401702,9.712754e-06
0.031109326,1.0170914e-05
0.083848656,1.4897877e-05
0.08590981,1.55563e-05
0.07858652,1.6224578e-05
0.073012066,1.4113964e-05
0.084533555,1.4791552e-05
0.051961945,1.3409475e-05
0.05385714,1.1954449e-05
0.050611127,1.2163305e-05
0.044166911,1.2444547e-05
0.07994099,1.1145461e-05
0.047208582,1.136038e-05
0.063848262,1.0491828e-05
0.06129249,1.3845458e-05
0.051246349,1.3098915e-05
0.045632371,1.2851473e-05
0.037703407,2.0471733e-05
0.033982294,2.028513e-05
0.035482251,2.0094287e-05
0.028464977,2.0767598e-05
0.027398948,2.0605188e-05
0.018784526,2.1043237e-05
0.055120805,1.9615136e-05
0.051348378,1.887301e-05
0.048173815,1.80512e-05
0.040961142,1.9847583e-05
0.041628539,1.9132704e-05
0.047287546,2.0061656e-05
0.061780446,1.7877072e-05
0.035464287,1.8687468e-05
0.034278417,1.9431163e-05
0.038014934,1.7495015e-05
0.028886437,1.8346382e-05
0.04744164,1.71679e-05
0.079349629,1.5894288e-05
0.070216803,1.6896294e-05
0.060649944,1.6531836e-05
0.0126,2.2257715e-05
0.0126,2.2292103e-05
0.012961058,2.232458e-05
0.0126,2.2270613e-05
0.013023284,2.2329608e-05
0.0126,2.2261242e-05
0.0126,2.2158547e-05
0.0126,2.2246872e-05
0.0126,2.2238077e-05
0.0126,2.1974429e-05
0.0126,2.1864713e-05
0.012932087,2.1730875e-05
0.0126,2.2103812e-05
0.0126,2.2027314e-05
0.0126,2.2223796e-05
0.0126,2.1506412e-05
0.0126,2.1614016e-05
0.012699089,2.1768366e-05
0.01700135,2.1159552e-05
0.024181572,2.0738209e-05
0.013771938,2.128624e-05
0.0126,2.1301466e-05
0.0126,2.1217269e-05
0.0126,2.151664e-05
0.019313388,2.0693316e-05
0.013753695,2.0599922e-05
0.014585635,2.0883062e-05
0.014180418,2.2223505e-05
0.021781547,2.2329996e-05
0.033977936,2.2447612e-05
0.014973298,2.2134795e-05
0.021155256,2.2260707e-05
0.014007232,2.2010963e-05
0.015548233,2.2344653e-05
0.017045496,2.2395809e-05
0.028764893,2.243699e-05
0.0126,2.1774691e-05
0.016198575,2.1851562e-05
0.029169906,2.1938438e-05
0.0126,2.1586424e-05
0.017044621,2.1665308e-05
0.0126,2.137243e-05
0.024655288,2.2171345e-05
0.013818504,2.2086098e-05
0.025805937,2.2342543e-05
0.038980732,9.503479e-06
0.04143447,9.751988e-06
0.039222388,1.0158295e-05
0.049676269,9.605601e-06
0.050746858,1.000964e-05
0.059827806,9.956797e-06
0.053503504,1.1146538e-05
0.069282658,1.0473143e-05
0.036717779,1.0538555e-05
0.028436252,1.0784701e-05
0.030315498,1.0670765e-05
0.036598256,1.065478e-05
0.015457214,1.0071942e-05
0.022352671,1.0063899e-05
0.023341433,9.654709e-06
0.040073156,1.0017232e-05
0.025100674,9.768724e-06
0.033010111,1.0175142e-05
0.038622886,1.1870389e-05
0.040778214,1.342258e-05
0.050763146,1.3115312e-05
0.048463232,1.1539542e-05
0.040223346,1.1664707e-05
0.06303237,1.28985e-05
0.080071833,1.5007415e-05
0.062949214,1.3952932e-05
0.039907386,1.2959414e-05
0.091133505,1.5166735e-05
0.076554414,1.4111925e-05
0.110825182,1.5383383e-05
0.08442398,1.6032063e-05
0.090918538,1.6221536e-05
0.083756513,1.7060795e-05
0.032542388,1.2100573e-05
0.017845109,1.1325425e-05
0.020022141,1.0767759e-05
0.021278188,1.2342779e-05
0.014658128,1.1608505e-05
0.015355539,1.270322e-05
0.082493153,1.439339e-05
0.045336814,1.3166373e-05
0.037541745,1.3481019e-05
0.041531373,1.8656801e-05
0.058346194,1.8346396e-05
0.072620704,1.808848e-05
0.061908387,1.7595858e-05
0.075664679,1.7301745e-05
0.086097967,1.649305e-05
0.014916235,2.1498647e-05
0.020582434,2.0955007e-05
0.030516376,2.0308913e-05
0.018187902,2.1219275e-05
0.028043222,2.0573685e-05
0.027251161,2.0896157e-05
0.056334913,1.8986279e-05
0.036399077,2.0003461e-05
0.037739088,1.9686997e-05
0.033079612,1.9505494e-05
0.03085415,2.025648e-05
0.048993026,1.922259e-05
0.018474865,2.234903e-05
0.028408588,2.2365482e-05
0.036245647,2.2375436e-05
0.029595952,2.2462471e-05
0.040345924,2.2524926e-05
0.042939142,2.2545175e-05
0.016066504,2.1951388e-05
0.02495107,2.2166538e-05
0.018392697,2.2200327e-05
0.028830959,2.20573e-05
0.017990995,2.177911e-05
0.021240473,2.1564876e-05
0.027545388,2.072758e-05
0.022232012,2.0918615e-05
0.017995002,2.1099273e-05
0.034740919,2.095868e-05
0.027771452,2.1140502e-05
0.04226423,2.1186665e-05
0.038264012,2.1466023e-05
0.021798416,2.1416647e-05
0.034642964,2.171738e-05
0.031278816,2.0441275e-05
0.042511422,2.038844e-05
0.029905758,2.019639e-05
0.038799956,2.068121e-05
0.045823,2.0918935e-05
0.050039761,2.063462e-05
0.083113007,2.1906126e-05
0.067200826,2.167075e-05
0.053551033,2.1430687e-05
0.068263075,2.1916116e-05
0.051246309,2.1693828e-05
0.049652837,2.1926908e-05
0.056199099,2.2866447e-05
0.05129358,2.2736633e-05
0.047084924,2.2597182e-05
0.055843702,2.2722008e-05
0.048659214,2.2640612e-05
0.048710521,2.2558042e-05
0.056152572,2.2196671e-05
0.043303578,2.2391241e-05
0.043488835,2.2519172e-05
0.080726947,2.2449458e-05
0.058146648,2.2601575e-05
0.086933359,2.2696096e-05
0.095721052,2.221228e-05
0.07975479,2.2203776e-05
0.100306142,2.2477301e-05
0.047677933,2.2889508e-05
0.058705564,2.283105e-05
0.049950902,2.2707063e-05
0.034994858,1.0442391e-05
0.042101693,1.04214405e-05
0.042021159,1.0742119e-05
0.037869706,1.0867813e-05
0.044747791,1.1001671e-05
0.054244854,1.1479493e-05
0.045659484,1.1556265e-05
0.023761975,1.1981661e-05
0.018223299,1.1085342e-05
0.049146721,1.1481224e-05
0.065478638,1.2708836e-05
0.065273153,1.4545604e-05
0.054479296,1.2648214e-05
0.056504137,1.4353439e-05
0.051521754,1.4305549e-05
0.054068661,1.1852631e-05
0.048548813,1.1572342e-05
0.058682312,1.2753392e-05
0.040570391,1.7221364e-05
0.018477043,2.089674e-05
0.035031043,2.0517798e-05
0.057535896,1.6770071e-05
0.045991914,1.693425e-05
0.061906354,2.0304873e-05
0.031189481,1.3189261e-05
0.052824619,1.2531447e-05
0.070839321,1.220733e-05
0.046321,1.3839801e-05
0.057654399,1.3270156e-05
0.038521525,1.4701134e-05
0.035445028,1.4174085e-05
0.037461813,1.4752155e-05
0.037499289,1.5510457e-05
0.053903756,1.5883046e-05
0.031412145,1.6568296e-05
0.030007472,1.771897e-05
0.087273427,1.6032755e-05
0.069971689,1.5068431e-05
0.052459332,1.6804845e-05
0.038364034,1.829893e-05
0.061102203,1.7177363e-05
0.033609164,1.7979995e-05
0.024488932,1.9527377e-05
0.014032602,2.0387024e-05
0.030229803,2.122282e-05
0.020621272,2.0283698e-05
0.033382696,2.10349e-05
0.034968831,2.0932057e-05
0.024522495,1.9262281e-05
0.02124074,1.9040834e-05
0.016797209,2.0226913e-05
0.069093524,2.2852393e-05
0.064610427,2.2644537e-05
0.048462056,2.2418217e-05
0.076491838,2.2748976e-05
0.065171687,2.2474598e-05
0.074773866,2.2550168e-05
0.060790095,2.205047e-05
0.042199968,2.2047108e-05
0.037371387,2.1496666e-05
0.075968052,2.2238597e-05
0.055219613,2.1608403e-05
0.05714056,2.1796086e-05
0.058315726,2.1198815e-05
0.073080868,2.1215608e-05
0.067606808,2.1237382e-05
0.062416324,2.092391e-05
0.071255497,2.0933216e-05
0.066857886,2.0632478e-05
0.083802004,2.1704112e-05
0.072140334,2.1480762e-05
0.068419158,2.1453094e-05
0.070327547,2.0249603e-05
0.067471048,2.0162812e-05
0.060894168,1.990399e-05
0.070606859,2.055824e-05
0.066251612,2.0871623e-05
0.062719023,2.048313e-05
0.092986466,2.2024651e-05
0.088155626,2.2154061e-05
0.083721676,2.2295315e-05
0.079369274,2.1823587e-05
0.073905677,2.1953841e-05
0.0673433,2.160048e-05
0.105472259,2.2335707e-05
0.109286364,2.2604709e-05
0.103285913,2.2470664e-05
0.059669285,2.3034132e-05
0.065775047,2.322851e-05
0.07156581,2.3452652e-05
0.053028972,2.3051576e-05
0.066130975,2.3239025e-05
0.070907871,2.2985458e-05
0.073004113,2.3040842e-05
0.076422665,2.2958211e-05
0.070069345,2.3259363e-05
0.095057261,2.3173137e-05
0.09624396,2.299209e-05
0.093285207,2.2833836e-05
0.085750187,2.3350241e-05
0.080627636,2.315565e-05
0.079952526,2.3445496e-05
0.098037972,2.290207e-05
0.093103669,2.2608567e-05
0.104374063,2.2743145e-05
0.069418583,1.2345695e-05
0.078794571,1.3021932e-05
0.074873799,1.4370763e-05
0.080734159,1.3566393e-05
0.093982938,1.46784805e-05
0.088205537,1.5296266e-05
0.06809083,1.3132566e-05
0.070304402,1.4431247e-05
0.046584205,1.4292452e-05
0.025718425,3.782504e-05
0.025562901,3.8210288e-05
0.044083624,3.0856387e-05
0.082233935,2.4993049e-05
0.082076668,2.4824798e-05
0.071996378,2.4850597e-05
0.05737981,3.1281546e-05
0.047619641,3.0992323e-05
0.030984884,3.88411e-05
0.087049081,2.0122245e-05
0.108848625,2.0120198e-05
0.079880776,1.6691558e-05
0.098974987,1.7169848e-05
0.0990891,1.6794229e-05
0.092900676,2.0308074e-05
0.085735381,1.928116e-05
0.073674572,1.726413e-05
0.038780642,1.578608e-05
0.097350763,1.7489063e-05
0.06629316,1.5632473e-05
0.085614101,1.6173195e-05
0.047777456,1.644e-05
0.057143111,1.7687544e-05
0.059704821,1.9356547e-05
0.064847906,1.8460354e-05
0.051903048,1.9897077e-05
0.049255991,2.06457e-05
0.037220668,1.9364226e-05
0.020719957,1.8413168e-05
0.038908699,1.7362534e-05
0.020924746,2.2932581e-05
0.015175933,2.1258855e-05
0.016760303,1.9493124e-05
0.019583956,2.2298367e-05
0.020981963,2.0362066e-05
0.034442216,2.1520427e-05
0.029325723,2.1639198e-05
0.015532404,2.0663527e-05
0.02736921,2.2198428e-05
0.06709783,2.3624123e-05
0.067062306,2.3302895e-05
0.075644078,2.2868891e-05
0.064713389,2.3729515e-05
0.073455904,2.3268893e-05
0.071578799,2.3764727e-05
0.081092616,2.2596152e-05
0.061560828,2.2193875e-05
0.078879522,2.3047032e-05
0.075494853,2.3622746e-05
0.058997471,2.2693763e-05
0.050024487,2.3345767e-05
0.056446956,2.124856e-05
0.04348721,2.1265396e-05
0.031592593,2.128825e-05
0.051730832,2.0869693e-05
0.034869049,2.0872723e-05
0.045618639,2.0468422e-05
0.056229951,2.1629541e-05
0.062630567,2.2002234e-05
0.044890153,2.1665219e-05
0.033797843,1.9958065e-05
0.016684009,1.9839752e-05
0.027879761,1.9494253e-05
0.024038082,2.037079e-05
0.021609846,2.0796837e-05
0.015238938,2.0272235e-05
0.074476197,2.2488053e-05
0.052112746,2.271009e-05
0.027627162,2.2965078e-05
0.049885182,2.2189073e-05
0.034625368,2.240422e-05
0.03316225,2.1844624e-05
0.079039544,2.3137547e-05
0.051334023,2.306811e-05
0.081861698,2.2822242e-05
0.069560581,2.3595227e-05
0.0472556,2.406002e-05
0.040747723,2.457722e-05
0.049505386,2.3609764e-05
0.02913078,2.413124e-05
0.024694178,2.358794e-05
0.073835549,2.3735409e-05
0.072163209,2.3786932e-05
0.056179391,2.4160581e-05
0.061795698,2.4054456e-05
0.059783063,2.4266932e-05
0.052381149,2.4534636e-05
0.0126,6.364049e-05
0.0126,6.557556e-05
0.012708215,5.6250254e-05
0.063649433,8.424535e-05
0.026744673,8.007689e-05
0.061025189,8.387124e-05
0.175253157,8.598858e-05
0.136646378,8.659452e-05
0.167568264,8.7297216e-05
0.068685279,2.6361524e-05
0.056044941,2.3997605e-05
0.049458047,2.2123466e-05
0.047017094,2.381709e-05
0.044311366,2.1608477e-05
0.054297148,2.1394399e-05
0.059765595,2.5307161e-05
0.046768144,2.5938321e-05
0.057566544,2.6972151e-05
0.072036832,2.0769365e-05
0.070287105,2.1616104e-05
0.087842785,1.787391e-05
0.083984142,1.8851579e-05
0.073024258,2.2710683e-05
0.082264073,2.0317944e-05
0.023196112,5.034778e-05
0.031230855,4.9172544e-05
0.020729999,4.8017126e-05
0.015244697,5.9427755e-05
0.015915198,5.7904323e-05
0.0126,6.746088e-05
0.044138473,3.947318e-05
0.039943183,4.025076e-05
0.058465139,3.1649317e-05
0.031024214,3.3114564e-05
0.037039279,3.2232772e-05
0.019095835,4.1161667e-05
0.046397816,3.017308e-05
0.057000051,2.5515958e-05
0.069605773,2.1954445e-05
0.06345331,2.854861e-05
0.070267473,2.383721e-05
0.064608706,2.748079e-05
0.046534045,2.4245584e-05
0.031638541,2.7945081e-05
0.044686368,2.6833695e-05
0.310268485,8.4616404e-05
0.256619328,8.483568e-05
0.319145653,8.563622e-05
0.445704501,8.548794e-05
0.404531463,8.489254e-05
0.460666234,8.6241416e-05
0.068580631,2.6628106e-05
0.057729481,2.685039e-05
0.040441382,2.6944728e-05
0.053750028,2.4569432e-05
0.042830305,2.5055479e-05
0.042475443,2.2912458e-05
0.013554831,2.4014791e-05
0.027089731,2.3533548e-05
0.027534834,2.5338275e-05
0.066222643,2.4432416e-05
0.060127163,2.5233774e-05
0.053226863,2.6189278e-05
0.063006905,2.4920866e-05
0.075169131,2.5700187e-05
0.054347496,2.5162115e-05
0.056409033,2.4409805e-05
0.028153902,2.4262545e-05
0.027697197,2.5356727e-05
0.025960441,2.677402e-05
0.027484307,2.6521862e-05
0.018278136,2.5400033e-05
0.021448489,2.1339574e-05
0.014894168,2.140669e-05
0.014786631,2.1491307e-05
0.015388354,2.082313e-05
0.013263543,2.0863465e-05
0.013734016,2.0274432e-05
0.021312836,2.1938551e-05
0.015911668,2.2546374e-05
0.013533684,2.2051852e-05
0.018118849,1.954759e-05
0.023412597,1.9372595e-05
0.021108166,1.8913908e-05
0.017065879,2.0135742e-05
0.017560953,2.0764674e-05
0.023025504,1.9995605e-05
0.012959709,2.3317436e-05
0.0126,2.3728748e-05
0.01850367,2.4207053e-05
0.0126,2.2883209e-05
0.012618969,2.3275988e-05
0.013790003,2.2370186e-05
0.016097443,2.3996889e-05
0.027848053,2.4600267e-05
0.015509226,2.4474119e-05
0.030778314,2.512127e-05
0.02768656,2.5257596e-05
0.039763228,2.5235579e-05
0.040221707,2.6045955e-05
0.038227694,2.6029322e-05
0.038573176,2.6978902e-05
0.042192046,2.696335e-05
0.056950129,2.5979567e-05
0.056440326,2.6703861e-05
0.048544541,3.330912e-05
0.058811242,3.0785955e-05
0.050798298,2.8679986e-05
0.06552607,3.1302512e-05
0.072476602,2.8854027e-05
0.073286683,2.8943752e-05
0.211430844,8.3784624e-05
0.258017062,8.349865e-05
0.31231638,8.338037e-05
0.206344871,8.237819e-05
0.260563212,8.220234e-05
0.218369691,8.102601e-05
0.119251176,8.181205e-05
0.11172713,8.378983e-05
0.105076671,8.534549e-05
0.14310911,8.304422e-05
0.143745725,8.4994754e-05
0.172720124,8.413142e-05
0.16351588,8.105599e-05
0.143793715,8.138465e-05
0.165170723,8.258473e-05
0.059101786,8.408592e-05
0.027208332,8.093105e-05
0.02058658,7.655145e-05
0.032719088,8.096514e-05
0.015769016,7.644373e-05
0.01308305,7.5532065e-05
0.012804336,6.8948924e-05
0.016478537,6.992704e-05
0.013544078,6.0762326e-05
0.069823404,8.1821556e-05
0.02673801,8.0296464e-05
0.059015011,8.326883e-05
0.013978269,3.6740123e-05
0.024561458,3.2712902e-05
0.055003894,2.9253044e-05
0.02176517,3.4520897e-05
0.026489788,3.0326428e-05
0.023200455,3.2241358e-05
0.025178235,3.5411595e-05
0.045820757,3.4308923e-05
0.04807645,3.1934956e-05
0.031007987,4.0734005e-05
0.036235673,3.8005972e-05
0.040790576,3.552432e-05
0.025457398,3.968941e-05
0.034000464,3.6853326e-05
0.019973481,3.8344846e-05
0.022569514,7.004409e-05
0.015325605,6.206404e-05
0.013746748,5.3473548e-05
0.016824088,6.165663e-05
0.014383612,5.249127e-05
0.01366588,5.1443138e-05
0.049928757,3.4453216e-05
0.024417126,4.2277003e-05
0.024854237,4.3702676e-05
0.043258941,3.5834328e-05
0.049298889,3.4883014e-05
0.018622857,4.3841912e-05
0.073322489,4.5119432e-05
0.059386212,3.991051e-05
0.040622429,3.4819583e-05
0.040625676,4.7001606e-05
0.032922932,4.1368952e-05
0.015389715,4.9815986e-05
0.060702397,4.160964e-05
0.0306324,3.886035e-05
0.043866653,3.6793055e-05
0.452811796,8.503501e-05
0.419639786,8.372029e-05
0.386359707,8.252874e-05
0.411815158,8.4258674e-05
0.378454321,8.314087e-05
0.370754976,8.384591e-05
0.325055175,8.169046e-05
0.268493412,8.12672e-05
0.317129231,8.249884e-05
0.50532893,8.6934335e-05
0.547169723,8.898325e-05
0.524434268,8.7557266e-05
0.474087055,8.533321e-05
0.490975344,8.5809326e-05
0.441445101,8.3877814e-05
0.245830486,7.99958e-05
0.292416974,8.037828e-05
0.346189655,8.102521e-05
0.269518811,7.909553e-05
0.314823068,7.964782e-05
0.288177326,7.834229e-05
0.041800483,2.8186862e-05
0.037163234,2.7977812e-05
0.035430719,2.7495233e-05
0.038994354,2.9493549e-05
0.026852589,2.9063134e-05
0.028593156,3.0922634e-05
0.02514347,3.265856e-05
0.020399581,3.1856904e-05
0.026867679,3.0462292e-05
0.020574743,2.9954363e-05
0.027273867,2.8619834e-05
0.023929389,2.8080896e-05
0.01945769,2.1615848e-05
0.02564259,2.1770815e-05
0.030986991,2.1960313e-05
0.02486522,2.0843316e-05
0.028708271,2.094901e-05
0.028066457,2.0031706e-05
0.017414107,2.257643e-05
0.027433017,2.3578059e-05
0.035144034,2.2820972e-05
0.028624571,1.9014742e-05
0.029123491,1.8841283e-05
0.021295463,1.8082788e-05
0.031991583,1.991231e-05
0.031256007,2.0905656e-05
0.03472648,1.9804816e-05
0.042670143,2.4690853e-05
0.060477736,2.5251185e-05
0.056211913,2.5895983e-05
0.054489363,2.400178e-05
0.059428804,2.4494913e-05
0.050904915,2.318513e-05
0.052804577,2.5732714e-05
0.05261733,2.6803857e-05
0.062506148,2.643577e-05
0.088847869,2.9572198e-05
0.074589474,2.8304798e-05
0.062059157,2.707942e-05
0.070112818,2.8621742e-05
0.064032067,2.7516679e-05
0.052530553,2.7758344e-05
0.084311665,3.0274286e-05
0.058561886,2.9179942e-05
0.050738291,3.073728e-05
0.046128879,3.833058e-05
0.045869304,3.54389e-05
0.041218054,3.2980075e-05
0.027771792,3.6935762e-05
0.021306073,3.41694e-05
0.027656546,3.5254983e-05
0.039535639,4.0045597e-05
0.04305063,3.9243016e-05
0.032291585,3.753702e-05
0.197707613,7.944668e-05
0.178649667,7.781631e-05
0.134155233,7.613671e-05
0.159089779,7.947072e-05
0.143590941,7.781317e-05
0.133361817,7.9776546e-05
0.238540699,7.752071e-05
0.188317184,7.678097e-05
0.224331374,7.841076e-05
0.092891486,7.925213e-05
0.07068251,7.624777e-05
0.05675281,7.281037e-05
0.041466858,7.8734476e-05
0.03627861,7.500207e-05
0.01697381,7.639204e-05
0.021501615,7.055164e-05
0.03638532,6.997396e-05
0.017722906,6.3444786e-05
0.099379149,7.531027e-05
0.084515164,7.441004e-05
0.109739574,7.7242505e-05
0.038047244,4.584972e-05
0.054246845,4.315871e-05
0.05611893,4.0638224e-05
0.038522234,4.4289915e-05
0.04819248,4.165911e-05
0.034566244,4.2579453e-05
0.013579985,4.120999e-05
0.029471901,4.3842163e-05
0.050430436,4.7021455e-05
0.01371483,4.5758545e-05
0.019969975,4.8695496e-05
0.013053821,5.00253e-05
0.01916991,4.356696e-05
0.016941645,4.2528824e-05
0.014946718,4.6691857e-05
0.020762455,4.552548e-05
0.014158159,4.8665457e-05
0.022647542,4.729654e-05
0.042430398,6.0648013e-05
0.034499919,5.923979e-05
0.019117347,5.6828594e-05
0.053744144,6.5006796e-05
0.037165728,6.4755644e-05
0.052863419,6.9155525e-05
0.056481695,5.089869e-05
0.034026576,5.346945e-05
0.047084448,5.626855e-05
0.044069437,5.209609e-05
0.037199149,5.663811e-05
0.020266571,5.3096788e-05
0.408062306,8.233064e-05
0.458383961,8.400491e-05
0.496088792,8.6268614e-05
0.424143366,8.233803e-05
0.464249806,8.433058e-05
0.425845567,8.2538296e-05
0.380752753,8.054491e-05
0.332687064,7.922437e-05
0.366784027,8.0690654e-05
0.523686468,8.965235e-05
0.552613511,9.313267e-05
0.518781289,9.120266e-05
0.492291418,8.740572e-05
0.488465495,8.879508e-05
0.460368765,8.528797e-05
0.261426147,7.7024146e-05
0.236655932,7.5730684e-05
0.20450205,7.446101e-05
0.209113996,7.614166e-05
0.175115391,7.477444e-05
0.147449991,7.531601e-05
0.31538708,7.800869e-05
0.311640155,7.794329e-05
0.301724669,7.805872e-05
0.35378281,7.935062e-05
0.346241278,7.9182224e-05
0.393288206,8.085283e-05
0.276239996,7.665574e-05
0.242144826,7.552269e-05
0.271855598,7.6768854e-05
0.119080303,3.1123072e-05
0.097642107,3.1861568e-05
0.062389716,3.2347038e-05
0.138080077,3.289082e-05
0.108432047,3.367877e-05
0.113219455,3.4898483e-05
0.056994457,3.7346555e-05
0.082958776,3.619284e-05
0.074990323,3.464691e-05
0.017108924,1.7538707e-05
0.016802713,1.6369704e-05
0.026923153,1.7357308e-05
0.022712899,1.7371736e-05
0.015063115,1.6281509e-05
0.013810775,1.7547025e-05
0.025229209,1.7119193e-05
0.026903835,1.8357707e-05
0.036718112,1.8059713e-05
0.025876278,1.9950367e-05
0.026932309,2.142587e-05
0.07444383,2.3149734e-05
0.020482171,1.9714525e-05
0.030214454,2.1304808e-05
0.022729097,1.9514871e-05
0.034844167,2.2266842e-05
0.04104516,2.265646e-05
0.031503254,2.1125688e-05
0.042627254,2.364564e-05
0.038043468,2.5137824e-05
0.054833339,2.4206394e-05
0.114468444,2.9653971e-05
0.100565417,2.736834e-05
0.09730599,2.5195914e-05
0.088524302,2.8205222e-05
0.060388278,2.6165224e-05
0.054257721,2.695999e-05
0.10054615,2.9709121e-05
0.109218587,2.9732979e-05
0.079468027,2.830452e-05
0.127452414,3.1344447e-05
0.13008383,3.3200744e-05
0.124442413,3.1442625e-05
0.050158285,4.0473093e-05
0.039343452,4.2495012e-05
0.030554606,4.4384593e-05
0.049475202,3.9151462e-05
0.045390453,4.0871542e-05
0.073202792,3.769007e-05
0.040296643,4.561243e-05
0.034830074,4.511241e-05
0.048129396,4.296488e-05
0.048673429,7.0601935e-05
0.049491509,7.118722e-05
0.058896225,7.208062e-05
0.06921889,7.239782e-05
0.07429953,7.323215e-05
0.086951673,7.42524e-05
0.141197,7.316151e-05
0.083922857,7.1863695e-05
0.104269383,7.356658e-05
0.015037504,6.649803e-05
0.02725648,6.5392516e-05
0.038361841,6.355765e-05
0.024527949,6.832936e-05
0.043368854,6.715553e-05
0.046289149,7.046565e-05
0.022200962,6.796732e-05
0.029125211,6.98681e-05
0.033221123,6.931098e-05
0.026079787,4.8648395e-05
0.017760058,5.0248796e-05
0.012841063,5.1775016e-05
0.01998545,5.1288658e-05
0.015249522,5.2939642e-05
0.015279246,5.3641026e-05
0.029386176,4.8237805e-05
0.022622135,5.0738654e-05
0.028598537,4.760772e-05
0.015003335,6.426541e-05
0.014136981,6.225904e-05
0.012602513,6.0474194e-05
0.020722527,6.2898456e-05
0.015790533,6.0698094e-05
0.026820084,6.080468e-05
0.0126038,5.4641747e-05
0.017681662,5.7619767e-05
0.0126,5.8144265e-05
0.012959901,5.616594e-05
0.012653015,5.56156e-05
0.0126,5.8411253e-05
0.12426969,7.102665e-05
0.100139086,7.0701615e-05
0.072512368,7.054199e-05
0.148428412,7.212599e-05
0.119921855,7.190539e-05
0.175515977,7.327222e-05
0.41982968,8.291166e-05
0.451101822,8.603642e-05
0.480511393,8.987008e-05
0.408959956,8.3481624e-05
0.444154177,8.693501e-05
0.396665363,8.419768e-05
0.343185774,7.9419384e-05
0.383274747,8.1061786e-05
0.370033538,8.146641e-05
0.514172955,9.558785e-05
0.548098105,0.000100797224
0.511967983,9.837083e-05
0.478759722,9.230855e-05
0.475363833,9.492882e-05
0.439466886,8.9111985e-05
0.280569238,7.705371e-05
0.306261385,7.847924e-05
0.333126434,8.0477796e-05
0.256393732,7.618165e-05
0.280573704,7.759906e-05
0.238502436,7.538749e-05
0.247886393,7.568124e-05
0.227176259,7.4805124e-05
0.21810323,7.4505806e-05
0.163973722,7.238197e-05
0.190942508,7.342203e-05
0.202883194,7.3778705e-05
0.0126,1.9080955e-05
0.0126,1.7567556e-05
0.01362276,1.8414803e-05
0.035087853,2.1374104e-05
0.02371813,2.0849242e-05
0.01579196,2.0364958e-05
0.023974354,2.008267e-05
0.017259922,1.9562376e-05
0.016891784,1.8930425e-05
0.033848639,2.1035368e-05
0.022461332,1.9839877e-05
0.016252641,1.8770546e-05
0.029101861,2.0809533e-05
0.019697495,1.969831e-05
0.028534411,2.0685531e-05
0.023806724,1.936241e-05
0.020689181,1.842271e-05
0.032620868,1.8254543e-05
0.075086784,3.6856527e-05
0.111591685,3.409318e-05
0.11786443,3.1707565e-05
0.090391829,3.6309077e-05
0.117533708,3.36996e-05
0.102138339,3.567059e-05
0.063173852,3.863008e-05
0.030404985,4.1968622e-05
0.045024909,3.9440132e-05
0.02656632,1.8849567e-05
0.016702989,1.887396e-05
0.014047267,1.9024212e-05
0.024364175,2.0515034e-05
0.023366481,2.050656e-05
0.043472498,2.2328068e-05
0.037180952,2.1097576e-05
0.030206971,1.987748e-05
0.036532134,2.1654265e-05
0.022767996,2.0854706e-05
0.064751749,2.2787583e-05
0.04646318,2.247922e-05
0.070945682,2.9025467e-05
0.056420951,2.6661546e-05
0.058335654,2.4421493e-05
0.076630529,2.666621e-05
0.063980687,2.452267e-05
0.116132927,2.4735626e-05
0.105796838,2.9512046e-05
0.090483811,2.9283694e-05
0.103847402,2.7044636e-05
0.107036217,3.166132e-05
0.088244193,3.4171167e-05
0.085840612,3.154721e-05
0.025007958,4.6606157e-05
0.02825067,4.3087923e-05
0.04143143,3.979884e-05
0.023461268,4.5923865e-05
0.020820373,4.2567084e-05
0.022615997,4.5226312e-05
0.024732896,5.252713e-05
0.025576982,5.0738916e-05
0.024760719,4.876354e-05
0.025994545,4.9966606e-05
0.025440175,4.8021004e-05
0.028351899,4.720224e-05
0.019930438,5.2973082e-05
0.02397279,5.0414656e-05
0.016942801,5.3355616e-05
0.026746602,6.617562e-05
0.044103121,6.603453e-05
0.057854975,6.6143875e-05
0.022035498,6.4246364e-05
0.039229717,6.431524e-05
0.017603486,6.2511055e-05
0.085870894,6.9383816e-05
0.065678038,6.774517e-05
0.070734134,6.904092e-05
0.055701584,6.739546e-05
0.051231591,6.888002e-05
0.038568439,6.7536064e-05
0.014014592,5.562942e-05
0.013475091,5.7821402e-05
0.012611727,5.9740123e-05
0.01639407,5.721687e-05
0.0146771,5.9098995e-05
0.018637036,5.8518548e-05
0.017109554,5.5263303e-05
0.020098237,5.684224e-05
0.021986322,5.4864406e-05
0.036245281,6.236902e-05
0.026702044,6.171362e-05
0.01556318,6.114007e-05
0.0478956,6.350554e-05
0.034027583,6.294754e-05
0.055083157,6.475754e-05
0.026191811,6.1130144e-05
0.01946325,5.986952e-05
0.018222903,6.044312e-05
0.117141583,7.06866e-05
0.157903303,7.209911e-05
0.19773105,7.3568975e-05
0.112785825,7.0462345e-05
0.152537095,7.1916824e-05
0.116473907,7.0334085e-05
0.080469862,6.906837e-05
0.082994129,6.887606e-05
0.066462818,6.7457826e-05
0.502414798,0.000104320345
0.530425261,0.00011025237
0.507495762,0.00010728692
0.475981037,0.00010223961
0.43104401,9.404438e-05
0.380200512,8.660096e-05
0.466787068,9.929542e-05
0.418407059,9.130431e-05
0.461840662,9.626153e-05
0.378584529,8.4996376e-05
0.423012602,9.023125e-05
0.373370236,8.582325e-05
0.321969059,8.095718e-05
0.319765062,8.149487e-05
0.272715884,7.7822966e-05
0.222302975,7.4929914e-05
0.252940492,7.740217e-05
0.315956033,8.098267e-05
0.209390452,7.454767e-05
0.254090556,7.698015e-05
0.198329539,7.421281e-05
0.171639923,7.280747e-05
0.144025082,7.154103e-05
0.182256973,7.314285e-05
0.573514569,0.000116193216
0.55687429,0.000113304326
0.621739526,0.00011855582
0.622419372,0.00012158181
0.596612641,0.00012023182
0.66539222,0.00012349583
0.0126,2.1309912e-05
0.0126,2.3005081e-05
0.0126,2.0789626e-05
0.014590329,2.1633483e-05
0.017731558,2.3568318e-05
0.019407408,2.5763518e-05
0.012699659,2.3252795e-05
0.01337208,2.5458274e-05
0.01318773,2.5224963e-05
0.033788417,2.259774e-05
0.028088518,2.4047748e-05
0.022376296,2.2094693e-05
0.046685745,2.2726479e-05
0.053510911,2.418923e-05
0.054761076,2.5774172e-05
0.043350359,2.407191e-05
0.04448994,2.5671727e-05
0.030374188,2.5667001e-05
0.047063,2.2337106e-05
0.041646672,2.2068612e-05
0.054246872,2.374152e-05
0.060025545,2.5558682e-05
0.054514123,2.3788403e-05
0.043024728,2.2169215e-05
0.055968171,2.415693e-05
0.049482406,2.2563308e-05
0.048368416,2.3108883e-05
0.058598638,2.5524421e-05
0.058506588,2.5593183e-05
0.052392719,2.3716957e-05
0.073898779,3.8276372e-05
0.073931761,3.4612935e-05
0.075331208,3.1563617e-05
0.061321381,3.766907e-05
0.07054843,3.434834e-05
0.06095984,3.7236437e-05
0.024773099,4.393407e-05
0.045971757,4.112669e-05
0.041631862,4.0396393e-05
0.064390696,3.0339868e-05
0.061634705,2.7140848e-05
0.05433312,2.4513405e-05
0.07004536,2.9641536e-05
0.063416571,2.6796033e-05
0.072919381,2.9241168e-05
0.064453272,2.7055527e-05
0.057573411,2.560512e-05
0.068261891,2.864992e-05
0.069837548,3.550814e-05
0.060335492,3.2848133e-05
0.072832933,3.206256e-05
0.035313369,5.0201674e-05
0.050289859,4.6132376e-05
0.064063268,4.2049884e-05
0.02455445,4.877861e-05
0.031179623,4.4910244e-05
0.02155747,4.7599442e-05
0.019757714,5.316432e-05
0.01841409,5.1874802e-05
0.019752929,5.077053e-05
0.022067997,5.5507324e-05
0.01907449,5.4410004e-05
0.028441709,5.735121e-05
0.024149594,5.419124e-05
0.023841957,5.5767072e-05
0.021861469,5.258553e-05
0.024982059,5.6263918e-05
0.022149084,5.800373e-05
0.028486663,5.7601872e-05
0.093549802,6.8807494e-05
0.07058518,6.735804e-05
0.046160723,6.600283e-05
0.069954046,6.73057e-05
0.055117853,6.582822e-05
0.061389952,6.585643e-05
0.040581627,6.35119e-05
0.051686612,6.462679e-05
0.040466128,6.4732565e-05
0.030209536,6.229442e-05
0.032000945,6.3523374e-05
0.034435685,6.4809865e-05
0.02294166,6.2357074e-05
0.028324922,6.3667336e-05
0.021683665,6.254729e-05
0.023884043,6.0932034e-05
0.032313438,5.924537e-05
0.018567873,6.109391e-05
0.023659962,5.9432423e-05
0.016285557,5.9778427e-05
0.021151609,6.1048726e-05
0.159538505,7.269179e-05
0.125080552,7.1354036e-05
0.094212938,7.013681e-05
0.140563457,7.141231e-05
0.113284323,7.011532e-05
0.120187138,7.017648e-05
0.083565686,6.878386e-05
0.064526692,6.740357e-05
0.093531538,6.874388e-05
0.154646563,7.3784715e-05
0.122439129,7.2514864e-05
0.104710476,7.131554e-05
0.171336385,7.3914285e-05
0.14211524,7.258881e-05
0.18470237,7.4057905e-05
0.688975847,0.00012441038
0.68246041,0.00012364167
0.725114896,0.00012581685
0.499200326,0.000106775144
0.514335915,0.00011017861
0.527100848,0.000113225775
0.465131919,0.00010309822
0.474181479,0.00010653286
0.430610113,9.90047e-05
0.419389793,9.474648e-05
0.407166638,9.0541e-05
0.449104352,9.86144e-05
0.388092224,9.170896e-05
0.346954567,8.532862e-05
0.298869833,8.040958e-05
0.380125529,8.79758e-05
0.340510994,8.242109e-05
0.367353839,8.451492e-05
0.27427807,7.789818e-05
0.233369131,7.586934e-05
0.302151399,7.9386715e-05
0.200895012,7.5426964e-05
0.219813417,7.565201e-05
0.251027012,7.7550794e-05
0.539259645,0.0001167958
0.58039706,0.00011913561
0.620446898,0.00012109797
0.591844935,0.00012012237
0.637426529,0.00012203991
0.649454037,0.00012285411
0.580879192,0.000119257624
0.516522182,0.000114863185
0.476076703,0.00010952257
0.550993817,0.00011780241
0.507412775,0.000113123824
0.545261127,0.00011614957
0.458585556,0.00010624959
0.443352658,0.000102716
0.48962634,0.000109996254
0.517815163,0.00011463054
0.490973146,0.00011220356
0.549825833,0.00011713339
0.729761478,0.00012597285
0.713713226,0.00012555406
0.747665277,0.00012701564
0.015262639,2.7670523e-05
0.017214843,3.079254e-05
0.013322766,2.7698039e-05
0.024956284,3.459657e-05
0.022099866,3.0968076e-05
0.01661854,2.790427e-05
0.031830976,3.4768284e-05
0.025171945,3.1197404e-05
0.035701766,3.4992034e-05
0.014172327,2.8258104e-05
0.024917931,3.1310523e-05
0.015768013,2.8044862e-05
0.016706197,2.837893e-05
0.023167605,3.135865e-05
0.036870044,3.4735775e-05
0.022020343,3.1275296e-05
0.032250068,3.4699813e-05
0.033956856,3.4787132e-05
0.027004865,2.8214621e-05
0.042937835,2.8159626e-05
0.033805688,3.1113395e-05
0.055302111,2.8033806e-05
0.056869067,3.0541414e-05
0.049124545,3.331415e-05
0.05003049,3.072574e-05
0.05160668,3.3569682e-05
0.047233088,3.4038978e-05
0.064071519,2.7680775e-05
0.058895518,3.0236277e-05
0.060061552,2.7796954e-05
0.070570022,2.927113e-05
0.068143406,3.0965028e-05
0.056250757,3.1932846e-05
0.050343787,3.4022618e-05
0.049168623,3.6776375e-05
0.069661645,3.9638708e-05
0.026800618,3.8640803e-05
0.043529692,4.1555362e-05
0.019388961,4.413328e-05
0.030970685,3.672406e-05
0.042001418,3.51568e-05
0.02025143,4.0378207e-05
0.061052071,4.832154e-05
0.045135395,4.6277615e-05
0.074427955,4.3879558e-05
0.022737696,5.6563087e-05
0.024867476,5.2966956e-05
0.024712523,4.872092e-05
0.029357527,5.4255783e-05
0.046720285,5.051512e-05
0.035513085,5.212629e-05
0.021790875,5.913315e-05
0.016561451,5.6572124e-05
0.021204571,5.3585958e-05
0.023073411,5.8326175e-05
0.020102425,5.5936252e-05
0.027774744,5.7736837e-05
0.02065304,5.8436584e-05
0.022184128,5.7592613e-05
0.02010706,5.551222e-05
0.026949492,5.9687092e-05
0.020709637,6.134865e-05
0.018724817,6.293347e-05
0.015111836,6.2067134e-05
0.0126,6.3570384e-05
0.012911074,6.45093e-05
0.023695896,6.1177445e-05
0.022253735,6.0324117e-05
0.017513462,6.2918145e-05
0.064172714,6.9329144e-05
0.052782585,6.867264e-05
0.04573717,6.815854e-05
0.063475943,6.798595e-05
0.052815043,6.73227e-05
0.04883359,6.6597764e-05
0.029512599,6.445616e-05
0.039756772,6.5510685e-05
0.041870493,6.635462e-05
0.019660984,6.4960484e-05
0.027316338,6.6923705e-05
0.013035574,6.5700326e-05
0.122875758,7.301619e-05
0.092174882,7.23558e-05
0.069176093,7.1791495e-05
0.092256365,7.183599e-05
0.066097279,7.123658e-05
0.078920423,7.068344e-05
0.045649838,7.056794e-05
0.041328045,6.937166e-05
0.053040175,6.99442e-05
0.160057377,7.436759e-05
0.203656942,7.6082644e-05
0.247667337,7.836818e-05
0.163971472,7.493725e-05
0.199987502,7.6727534e-05
0.153187269,7.548816e-05
0.128513854,7.3581235e-05
0.134605534,7.413129e-05
0.10229942,7.292977e-05
0.672336521,0.00012378076
0.688936927,0.00012429396
0.703330281,0.00012473219
0.635815497,0.00012225994
0.651663473,0.00012279407
0.592812033,0.00012045353
0.569935083,0.00011938534
0.549079309,0.00011816777
0.612210107,0.000121262114
0.435752541,0.00011127081
0.470661445,0.00011336208
0.507199012,0.000115197334
0.482619259,0.00011477108
0.515539199,0.000116592484
0.536796317,0.00011783102
0.422327418,0.000101978694
0.363784801,9.402159e-05
0.304511561,8.686721e-05
0.409887812,9.856966e-05
0.353533844,9.095005e-05
0.397344137,9.509164e-05
0.296178451,8.243995e-05
0.348611854,8.808942e-05
0.298357644,8.46068e-05
0.193256449,7.792185e-05
0.246749731,7.9926336e-05
0.245795107,8.157205e-05
0.481829665,0.00011243346
0.429411938,0.00010729552
0.384236695,0.00010158851
0.465256128,0.00010995425
0.419182829,0.00010459665
0.452012554,0.00010724612
0.358349029,9.63664e-05
0.331457041,9.1360955e-05
0.391545798,9.929594e-05
0.416425704,0.00010823987
0.400666003,0.00010498847
0.450900826,0.00011045761
0.702095101,0.00012517837
0.661225808,0.00012380054
0.619210631,0.00012214035
0.662841751,0.0001233445
0.619815784,0.00012168349
0.610384971,0.00012112131
0.693589134,0.00012562984
0.656546401,0.00012404351
0.733844712,0.00012678806
0.698393189,0.0001254322
0.737154575,0.00012658146
0.761587416,0.00012776385
0.013932363,4.1038464e-05
0.013373576,3.7689e-05
0.015152395,3.7618785e-05
0.013378693,4.6237703e-05
0.015485041,4.250168e-05
0.020383763,3.895405e-05
0.014890214,4.7818932e-05
0.019591299,4.3974534e-05
0.015125306,4.937567e-05
0.02891601,3.909077e-05
0.037851026,3.9248585e-05
0.02558524,4.4105574e-05
0.044900546,3.9972456e-05
0.050199583,4.5518223e-05
0.058367715,5.13465e-05
0.038002577,4.4795896e-05
0.044623195,5.0707735e-05
0.026386795,5.006044e-05
0.046391165,3.9663642e-05
0.044797095,3.9471914e-05
0.052599192,4.509091e-05
0.046304922,3.9064613e-05
0.042828831,4.37839e-05
0.031365674,4.864858e-05
0.048439215,4.4324705e-05
0.04670588,4.934082e-05
0.053596416,5.0247792e-05
0.049092744,3.8194674e-05
0.039325886,3.756387e-05
0.033134824,4.2743206e-05
0.022795803,4.1324944e-05
0.015918942,4.5175737e-05
0.017702877,4.667272e-05
0.016979296,5.7729634e-05
0.013670877,5.910037e-05
0.015138861,6.0672024e-05
0.016816254,5.401164e-05
0.014055075,5.5279357e-05
0.012663345,4.9592894e-05
0.017995832,5.740048e-05
0.020560488,5.332089e-05
0.013583181,5.123699e-05
0.018448563,5.9712755e-05
0.016084096,6.240702e-05
0.015827028,6.474093e-05
0.013732176,6.104094e-05
0.012618025,6.385827e-05
0.0126706,6.25577e-05
0.021764523,6.035171e-05
0.026515684,6.0862585e-05
0.022583372,6.273507e-05
0.026726473,6.279183e-05
0.017577236,6.444265e-05
0.021870291,6.454467e-05
0.024634873,6.687305e-05
0.042079276,6.785362e-05
0.05275051,6.886987e-05
0.069993372,6.90881e-05
0.084826615,6.983211e-05
0.065084762,7.1116345e-05
0.083265375,7.0946204e-05
0.099417139,7.085674e-05
0.093490122,7.083315e-05
0.061186252,6.873239e-05
0.052091927,6.845281e-05
0.01769698,6.633877e-05
0.015701294,6.699897e-05
0.01642302,6.658237e-05
0.049158473,6.901362e-05
0.070461488,7.204067e-05
0.097973737,7.309484e-05
0.110773961,7.4188654e-05
0.067315603,7.2379575e-05
0.07893121,7.3347415e-05
0.050972372,7.283348e-05
0.041329334,7.092826e-05
0.051066131,7.138656e-05
0.040279031,6.982987e-05
0.032401525,7.2182884e-05
0.04497166,7.162751e-05
0.063305211,7.05844e-05
0.123499188,7.700908e-05
0.123200982,7.652005e-05
0.138346572,7.6015654e-05
0.170678181,7.908394e-05
0.179827509,7.8519646e-05
0.236782899,8.235512e-05
0.078775941,7.5258205e-05
0.06239558,7.397391e-05
0.09590127,7.472628e-05
0.024536562,7.4925236e-05
0.018164792,7.376096e-05
0.030515567,7.249082e-05
0.019961695,7.39886e-05
0.022927322,7.285547e-05
0.027043574,7.32922e-05
0.547920263,0.00011830746
0.566066711,0.00011899056
0.573118715,0.00011955706
0.504510292,0.00011576611
0.520603537,0.00011645317
0.46289053,0.00011280212
0.441418093,0.00011187682
0.491019408,0.00011531477
0.453094587,0.000112388494
0.393669901,0.00010720467
0.362935338,0.00010276002
0.330282418,9.816695e-05
0.37881,0.00010397735
0.342680265,9.947216e-05
0.361271702,0.000100623634
0.401263999,0.00010779101
0.408739998,0.000108283304
0.366717248,0.00010331368
0.321903739,9.4679104e-05
0.256842612,8.8345514e-05
0.198948001,8.33502e-05
0.294431269,8.994484e-05
0.226761061,8.454804e-05
0.266507734,8.577118e-05
0.150232929,7.86032e-05
0.196742228,8.148547e-05
0.175158774,8.0669925e-05
0.283934454,9.247638e-05
0.236945428,8.743933e-05
0.300353833,9.3622024e-05
0.479127203,0.00011523914
0.480222245,0.00011455689
0.477737289,0.00011374332
0.528154683,0.00011790691
0.528133633,0.000117241085
0.575657262,0.000120199584
0.690194065,0.00012598826
0.645636844,0.00012478957
0.655120872,0.00012448743
0.610015186,0.0001230645
0.617528048,0.00012268395
0.520024478,0.00011844093
0.570561192,0.00012074368
0.561891877,0.00012110338
0.710308878,0.00012706911
0.012650954,4.966336e-05
0.012723067,5.139374e-05
0.0126,5.3054264e-05
0.0126,5.4763965e-05
0.0126,5.6561807e-05
0.012600375,5.049883e-05
0.01444466,5.643278e-05
0.015719894,6.309233e-05
0.012917371,6.8831825e-05
0.0126,6.0003495e-05
0.012757101,6.6289394e-05
0.012617013,6.3228545e-05
0.027720588,5.703637e-05
0.048182155,5.753302e-05
0.023291973,6.3520005e-05
0.05081697,5.9015703e-05
0.028822447,6.544928e-05
0.018494629,7.022046e-05
0.030610819,6.466826e-05
0.014274833,7.0173475e-05
0.013777544,6.974579e-05
0.052258839,5.7691286e-05
0.040125018,5.651398e-05
0.033083107,6.394173e-05
0.028730602,6.0498944e-05
0.022484997,6.362781e-05
0.028370649,6.686742e-05
0.017240012,7.195447e-05
0.018888306,7.181159e-05
0.023931191,7.1285234e-05
0.014143068,6.887013e-05
0.023421572,6.8157795e-05
0.015177621,6.51618e-05
0.0126,6.626646e-05
0.014543859,6.696992e-05
0.020230589,6.940362e-05
0.035797062,6.92313e-05
0.074202721,7.1218965e-05
0.043028589,7.162357e-05
0.088872314,7.27018e-05
0.071991008,7.2590025e-05
0.046025462,7.254718e-05
0.060034396,7.43719e-05
0.039143318,7.414174e-05
0.058972163,7.583819e-05
0.032499879,7.516851e-05
0.046246005,7.547864e-05
0.025311897,7.391624e-05
0.060782014,7.658004e-05
0.078328849,7.468867e-05
0.093455303,7.27442e-05
0.062430203,7.634189e-05
0.072566177,7.452924e-05
0.056147317,7.608845e-05
0.053302728,7.53318e-05
0.032353267,7.381555e-05
0.074215962,7.328684e-05
0.102258321,7.661026e-05
0.081736524,7.656249e-05
0.050110732,7.686113e-05
0.056302357,7.52814e-05
0.044580328,7.5580116e-05
0.041725493,7.424837e-05
0.131447115,7.787073e-05
0.147192772,7.94865e-05
0.100380012,7.757786e-05
0.031204498,7.55801e-05
0.026162396,7.47833e-05
0.032497358,7.618195e-05
0.038940952,7.617378e-05
0.048473176,7.6673525e-05
0.046011106,7.712717e-05
0.057636209,7.7398734e-05
0.068989869,7.7746794e-05
0.063638415,7.8543504e-05
0.050527987,7.6532124e-05
0.062527807,7.783659e-05
0.065652003,7.6937504e-05
0.421660212,0.00011079952
0.367954183,0.000105810446
0.318458303,0.00010056324
0.423249216,0.00010998243
0.370142278,0.00010486943
0.416477051,0.00010903117
0.372516067,0.00010418174
0.331361196,9.9917146e-05
0.335155613,9.9110955e-05
0.273939611,9.197941e-05
0.274354378,9.2857576e-05
0.263392898,9.3656614e-05
0.212209527,8.687369e-05
0.212130622,8.772528e-05
0.151876691,8.3272265e-05
0.181942813,8.323945e-05
0.224805666,8.7140885e-05
0.166382836,8.319957e-05
0.126252092,7.9684905e-05
0.105042489,8.000335e-05
0.077757272,7.8065685e-05
0.435890414,0.000113243936
0.476210793,0.00011660384
0.517010796,0.000119447795
0.389797066,0.00011096868
0.43032066,0.0001144483
0.340354305,0.000108469045
0.379148235,0.00010859322
0.333863203,0.00010620141
0.327028772,0.00010355223
0.360219633,0.00011127624
0.461389916,0.000116838935
0.545402776,0.00012134945
0.382319006,0.00011368254
0.494742562,0.00011882315
0.587441427,0.00012338127
0.012630294,6.6214576e-05
0.013406656,6.935572e-05
0.014536712,7.188544e-05
0.01314342,7.153046e-05
0.015025791,7.415667e-05
0.0126,6.709451e-05
0.013859915,7.457983e-05
0.013414937,7.849475e-05
0.012675588,8.100621e-05
0.015793148,7.68114e-05
0.01393512,8.005304e-05
0.015204615,7.831085e-05
0.0126,7.4921365e-05
0.0126,7.47809e-05
0.0126,7.842766e-05
0.012754919,8.131734e-05
0.014550075,7.880869e-05
0.014579179,7.544002e-05
0.025351506,8.1190236e-05
0.028581327,7.87321e-05
0.042030057,8.080874e-05
0.018425933,7.5436714e-05
0.039358516,7.843839e-05
0.015627198,7.557941e-05
0.047876005,7.8117475e-05
0.044767413,7.954149e-05
0.031975676,7.693217e-05
0.042314896,7.846035e-05
0.032097454,7.9951766e-05
0.083700174,8.10697e-05
0.029173367,7.984011e-05
0.028194426,8.1143684e-05
0.024472715,8.107313e-05
0.043351347,7.814486e-05
0.055892537,7.781209e-05
0.044712989,7.959236e-05
0.066628722,7.871581e-05
0.057538775,7.9411206e-05
0.082104493,8.026414e-05
0.025945736,8.122736e-05
0.064008364,8.127798e-05
0.115518322,8.123474e-05
0.032597258,8.04989e-05
0.068775567,8.043932e-05
0.050843016,7.960269e-05
0.080965637,8.1121514e-05
0.053104871,8.034074e-05
0.061518466,8.034949e-05
0.057005373,7.917203e-05
0.052822294,7.923633e-05
0.04359913,7.803464e-05
0.063230322,7.917099e-05
0.062697096,7.8466976e-05
0.055711513,7.968686e-05
0.031430513,8.078496e-05
0.042327172,8.005018e-05
0.051951745,8.043584e-05
0.249595303,9.5813244e-05
0.2519338,9.8569006e-05
0.252939129,0.00010105789
0.179398531,9.1800925e-05
0.179353055,9.421791e-05
0.111211014,8.874402e-05
0.199828354,8.984113e-05
0.130765592,8.699379e-05
0.150748606,8.512134e-05
0.067216433,8.2606864e-05
0.05985083,8.4125626e-05
0.057835548,8.148188e-05
0.249047095,0.00010385819
0.251486364,0.00010658881
0.26773348,0.0001090806
0.176505719,9.958844e-05
0.174103371,0.000102132966
0.116876967,9.605132e-05
0.18112483,9.70853e-05
0.121259914,9.38565e-05
0.115801071,9.140795e-05
0.129160217,9.872332e-05
0.218127515,0.00010506297
0.354565174,0.00011186523
0.178773225,0.00010116143
0.305445799,0.00010774167
0.459755873,0.00011488126
0.0126,8.094452e-05
0.013150152,7.8908204e-05
0.013861139,8.2507526e-05
0.013107196,8.094752e-05
0.014570355,8.2117374e-05
0.012633327,7.845802e-05
0.078058924,8.1908e-05
0.064422086,8.170833e-05
0.037258751,8.14934e-05
0.068355868,8.141188e-05
0.048948407,8.110165e-05
0.064132519,8.088437e-05
0.017521385,8.3387946e-05
0.026901313,8.342994e-05
0.021846606,8.281604e-05
0.026804024,8.4114436e-05
0.036018923,8.385715e-05
0.027839729,8.443549e-05
0.017018193,8.28633e-05
0.018019829,8.259022e-05
0.02280757,8.3807565e-05
0.044035475,8.449949e-05
0.037238634,8.370892e-05
0.018376608,8.245268e-05
0.068356874,8.436448e-05
0.067131939,8.347523e-05
0.08191887,8.408592e-05
0.114136383,8.2292114e-05
0.098661402,8.328666e-05
0.055881326,8.244194e-05
0.055709483,8.305006e-05
0.036848856,8.346146e-05
0.067556703,8.38119e-05
0.044468737,8.264848e-05
0.078950467,8.299781e-05
0.114977543,8.2022765e-05
0.031982655,8.1886676e-05
0.044780236,8.2487815e-05
0.061490239,8.199931e-05
0.058824837,8.2078004e-05
0.090265832,8.222234e-05
0.078415529,8.2625054e-05
0.069582735,8.635971e-05
0.073263069,8.847256e-05
0.072711638,9.046531e-05
0.078756826,8.48635e-05
0.054691951,8.6438034e-05
0.067671161,8.389065e-05
0.077929752,8.316706e-05
0.0917488,8.272482e-05
0.077155139,8.151776e-05
0.067725771,8.204981e-05
0.077507976,8.1768645e-05
0.07563644,8.2633094e-05
0.123685391,9.617626e-05
0.053507963,9.085374e-05
0.029961734,8.6920125e-05
0.095887029,9.528052e-05
0.053278958,9.064019e-05
0.078803175,9.342287e-05
0.04845982,8.879175e-05
0.041390769,8.683619e-05
0.043794669,8.549376e-05
0.026876294,8.449543e-05
0.087235465,8.8804445e-05
0.20065205,9.4978685e-05
0.062313123,7.868698e-05
0.155864737,8.369527e-05
0.275444681,9.127737e-05
0.012876657,8.4395e-05
0.0126,8.364494e-05
0.014401707,8.369802e-05
0.0126,8.2392384e-05
0.012601623,8.248091e-05
0.0126,8.0580685e-05
0.074647855,8.2311904e-05
0.054286973,8.2380495e-05
0.061462494,8.283338e-05
0.049310282,8.26489e-05
0.038568067,8.261213e-05
0.034582225,8.2909035e-05
0.099182802,8.264205e-05
0.073201697,8.3007486e-05
0.09335146,8.306196e-05
0.0126,8.326063e-05
0.0126,8.4393694e-05
0.028007347,8.472165e-05
0.013414742,8.4126186e-05
0.0313634,8.477821e-05
0.022846558,8.4605264e-05
0.070961308,8.464073e-05
0.049004083,8.4880936e-05
0.053104514,8.4786756e-05
0.023629599,8.476705e-05
0.057820521,8.4759195e-05
0.078263062,8.435568e-05
0.04182264,8.468409e-05
0.069565946,8.446735e-05
0.059667167,8.4400446e-05
0.077956877,8.362221e-05
0.079970822,8.410029e-05
0.06333242,8.4029576e-05
0.088592402,8.3564926e-05
0.066765694,8.3409024e-05
0.072051693,8.394884e-05
0.046833442,8.349511e-05
0.035029745,8.174776e-05
0.023521567,8.118583e-05
0.053765056,8.403761e-05
0.03733318,8.2692495e-05
0.056470238,8.351184e-05
0.033259838,8.275946e-05
0.038332785,8.2764585e-05
0.030817701,8.2311846e-05
0.036309817,6.830472e-05
0.042411686,7.584975e-05
0.032894422,8.218063e-05
0.051061447,6.744031e-05
0.045889818,7.655808e-05
0.065084035,6.793234e-05
0.024327343,7.5194395e-05
0.018674009,7.916945e-05
0.038738869,7.9965255e-05
0.047748381,5.999389e-05
0.032783636,5.1082985e-05
0.046772038,5.8371515e-05
0.029713795,5.0273855e-05
0.038534331,5.9037833e-05
0.034953852,5.39527e-05
0.012676072,8.354384e-05
0.014127139,8.1359256e-05
0.0126,8.252745e-05
0.01260348,7.965858e-05
0.0126,8.1012164e-05
0.0126,7.735345e-05
0.053832262,8.2436185e-05
0.046656278,8.350934e-05
0.048894235,8.4106905e-05
0.093417045,8.30982e-05
0.06863179,8.3667284e-05
0.070476645,8.316125e-05
0.079869243,8.262401e-05
0.060791681,8.150455e-05
0.095402574,8.198753e-05
0.018308222,7.962174e-05
0.01685653,8.254395e-05
0.013264196,8.4144e-05
0.022356839,8.096405e-05
0.015112968,8.327686e-05
0.021992338,8.181869e-05
0.035065956,8.433538e-05
0.019353036,8.359065e-05
0.017064062,8.438012e-05
0.023664429,8.254294e-05
0.023752761,8.2365856e-05
0.029874955,8.368177e-05
0.068785651,7.6013464e-05
0.091041212,7.902088e-05
0.07643264,8.106776e-05
0.058384449,7.8310026e-05
0.079238887,8.0548125e-05
0.042286311,7.9957565e-05
0.029769357,6.576234e-05
0.014625118,7.347311e-05
0.021629612,7.8474266e-05
0.022114147,6.644065e-05
0.01577451,7.421507e-05
0.021930877,6.7191526e-05
0.03828534,7.3410716e-05
0.031133914,7.624219e-05
0.02301291,7.003457e-05
0.020016528,4.5097273e-05
0.02345606,5.2471805e-05
0.027553084,6.0370912e-05
0.015160107,4.380555e-05
0.02341538,5.095974e-05
0.023613588,4.3248132e-05
0.041343577,5.9111993e-05
0.026694566,5.9679747e-05
0.033904159,5.192634e-05
0.024584476,3.9226e-05
0.028719797,3.8707418e-05
0.058016968,3.917421e-05
0.048131067,3.4774304e-05
0.048173497,3.512378e-05
0.094661158,3.5691395e-05
0.030828055,7.858466e-05
0.039643962,7.369062e-05
0.028832578,7.714416e-05
0.036482911,7.171292e-05
0.021943626,7.515597e-05
0.026016828,6.9119254e-05
0.052340669,6.92168e-05
0.04198032,7.525209e-05
0.030139478,7.9597296e-05
0.047593925,7.055533e-05
0.033171871,7.621431e-05
0.035848125,7.1252325e-05
0.059183933,8.0455495e-05
0.058384877,7.682966e-05
0.033689229,8.022555e-05
0.089790077,7.484359e-05
0.063303626,7.32796e-05
0.096855847,7.812726e-05
0.053024134,6.292897e-05
0.055213707,6.6390436e-05
0.05050553,6.913908e-05
0.056852589,6.8127214e-05
0.070444898,7.1034076e-05
0.060118556,7.2523195e-05
0.036784494,6.918281e-05
0.037192761,6.500878e-05
0.046884882,6.408179e-05
0.027939521,4.5004454e-05
0.031403738,4.492412e-05
0.032578099,4.474854e-05
0.04612979,5.1905092e-05
0.048469346,5.175793e-05
0.048959361,5.897008e-05
0.053145912,5.7149395e-05
0.050569762,5.8163016e-05
0.046447584,5.0934916e-05
0.053586354,3.224787e-05
0.034625817,3.5883837e-05
0.021389833,4.018826e-05
0.073816629,3.1734868e-05
0.045282821,3.5157722e-05
0.078526441,3.1527776e-05
0.02450927,3.5649897e-05
0.01945114,3.9886167e-05
0.018184952,4.0015224e-05
0.081990011,2.9501703e-05
0.102403538,2.9352075e-05
0.104077359,2.9553008e-05
0.103822746,2.7512708e-05
0.125842035,2.7714726e-05
0.130073736,2.7913595e-05
0.028566006,6.1817176e-05
0.039734651,6.337275e-05
0.033784535,6.428704e-05
0.017262511,5.545271e-05
0.018034325,5.6365054e-05
0.013347887,5.395288e-05
0.014047424,4.5895493e-05
0.014415164,4.725193e-05
0.0126,4.8104343e-05
0.026350922,5.5227647e-05
0.021967704,5.6080313e-05
0.039617564,6.401577e-05
0.042237223,5.7315843e-05
0.024898899,5.1516217e-05
0.040997586,6.100207e-05
0.037805387,5.1394916e-05
0.030482281,4.5401113e-05
0.02065976,4.579583e-05
0.015384146,3.4142802e-05
0.014574205,3.776989e-05
0.013585911,4.174702e-05
0.017589008,3.7280755e-05
0.020093202,4.1399842e-05
0.02311995,4.0832976e-05
0.032276355,3.0324767e-05
0.019849474,3.4200242e-05
0.021057779,3.903642e-05
0.036219418,3.0920175e-05
0.022391023,3.491329e-05
0.045900538,3.1556472e-05
0.022017442,3.2779622e-05
0.015717656,3.5700938e-05
0.027887847,3.1497333e-05
0.060723907,2.5690815e-05
0.064999732,2.743772e-05
0.0638238,2.9600838e-05
0.076346799,2.574075e-05
0.084503243,2.7418973e-05
0.09729532,2.589548e-05
0.042191636,2.843227e-05
0.050411978,2.898807e-05
0.051195403,2.6894886e-05
0.062890852,2.4736071e-05
0.084001677,2.4901317e-05
0.106110347,2.5184348e-05
0.070256239,2.403591e-05
0.093612524,2.4319244e-05
0.111832738,2.450125e-05
0.0126,3.7325794e-05
0.0126,4.2747895e-05
0.0126,3.6262878e-05
0.0126,4.195532e-05
0.0126,4.0742438e-05
0.0126,3.6716443e-05
0.019402165,2.9883964e-05
0.014172838,3.080366e-05
0.0126,3.1686664e-05
0.012611952,3.421801e-05
0.0126,3.528755e-05
0.0126,3.9600127e-05
0.019628778,3.2608972e-05
0.020528545,3.1190593e-05
0.012787372,3.5930978e-05
0.05012515,2.6933954e-05
0.038646211,2.784558e-05
0.027624827,2.883605e-05
0.040205221,2.8933486e-05
0.030065664,3.0028845e-05
0.02806693,3.1324565e-05
0.033422623,3.0159781e-05
0.038030617,2.9091507e-05
0.046045832,2.7964352e-05
0.05164179,2.5046053e-05
0.049354869,2.6487038e-05
0.041816056,2.8230359e-05
0.049814989,2.5237963e-05
0.04634068,2.6681175e-05
0.050062301,2.545099e-05
0.0533775,2.558962e-05
0.055649505,2.6221565e-05
0.049328379,2.7179865e-05
0.046544704,2.3046563e-05
0.051026201,2.3802279e-05
0.052403178,2.467679e-05
0.05125411,2.3161718e-05
0.054210384,2.3890489e-05
0.061850351,2.333168e-05
0.050218117,2.4235802e-05
0.04906006,2.444354e-05
0.047559564,2.3572757e-05
0.062772551,2.2454922e-05
0.048315732,2.2699513e-05
0.076411944,2.2693834e-05
0.061387244,2.2875027e-05
0.077623648,2.3111195e-05
0.093083818,2.2820133e-05
0.017467148,2.7723681e-05
0.012971134,2.5898818e-05
0.0126,2.8507735e-05
0.0126,2.6562817e-05
0.0126,2.927266e-05
0.0126,2.6293797e-05
0.027820432,2.3585404e-05
0.01708002,2.3827375e-05
0.013135695,2.4086377e-05
0.029956361,2.5253566e-05
0.016845139,2.5574524e-05
0.025158645,2.7333454e-05
0.046606485,2.5677411e-05
0.040507415,2.45683e-05
0.036634841,2.6468513e-05
0.049649784,2.4151206e-05
0.045738282,2.3444842e-05
0.043671573,2.2870594e-05
0.045588513,2.3352144e-05
0.040034589,2.273647e-05
0.037548448,2.2635359e-05
0.033833854,2.3212808e-05
0.046609845,2.4131528e-05
0.052710259,2.516705e-05
0.036542222,2.2893095e-05
0.047445107,2.3751993e-05
0.05296876,2.4618532e-05
0.069978636,2.202556e-05
0.062646502,2.1764652e-05
0.055348789,2.2196735e-05
0.048208572,2.1959086e-05
0.042588673,2.2463333e-05
0.037663015,2.2265674e-05
0.035249122,2.1739688e-05
0.03347243,2.2110376e-05
0.082455028,2.1773008e-05
0.013124526,2.2271988e-05
0.0126,2.3234317e-05
0.013962274,2.2099352e-05
0.01406693,2.3010798e-05
0.018296834,2.280545e-05
0.0126,2.194433e-05
0.013456429,2.1238953e-05
0.016007475,2.1845817e-05
0.023127079,2.2512048e-05
0.015629415,2.105396e-05
0.019778002,2.1627226e-05
0.02657437,2.2233195e-05
0.029421381,2.2011212e-05
0.020863208,2.143719e-05
0.028182029,2.1274358e-05
0.029863174,2.1886934e-05
0.041287128,2.101241e-05
0.028686335,2.1500031e-05
0.047797756,2.1259455e-05
0.02949085,2.0779411e-05
0.021684449,2.0823061e-05
0.024056191,2.133441e-05
0.056740841,2.087721e-05
0.012917193,2.0540245e-05
0.028442172,2.0350215e-05
0.106859994,4.330962e-05
0.088638263,4.3697342e-05
0.076574221,4.4135984e-05
0.06995441,4.462305e-05
0.068490558,4.297546e-05
0.059473409,4.342501e-05
0.053369227,4.3924512e-05
0.045212522,4.2738546e-05
0.03966338,4.3248783e-05
0.035830753,4.259511e-05
0.187140167,4.492333e-05
0.165959489,4.5056382e-05
0.142553316,4.5269382e-05
0.121439526,4.5561344e-05
0.187140167,4.4303677e-05
0.141697878,4.449908e-05
0.114378058,4.47756e-05
0.151748715,4.3765125e-05
0.109043571,4.40256e-05
0.082218101,4.0246672e-05
0.066990881,3.809121e-05
0.051703905,3.5816167e-05
0.035988989,3.3480515e-05
0.071660202,3.9776918e-05
0.050524572,3.7600734e-05
0.033729382,3.528904e-05
0.048081159,3.9317252e-05
0.029064646,3.7129532e-05
0.02199478,3.8866445e-05
0.055158953,3.6995432e-05
0.040492134,3.4441146e-05
0.024594505,3.1860105e-05
0.0126,2.9347972e-05
0.05524104,3.5787503e-05
0.040785325,3.3252887e-05
0.026929977,3.0718213e-05
0.048452777,3.4615667e-05
0.034726307,3.2107597e-05
0.0126,2.5919258e-05
0.0126,2.7054695e-05
0.0126,2.8202368e-05
0.0126,2.7827631e-05
0.0126,2.902131e-05
0.0126,3.0210987e-05
0.0126,2.9884419e-05
0.0126,3.1119667e-05
0.013394942,3.2076292e-05
0.014927331,2.8407243e-05
0.012888574,2.6759875e-05
0.012898376,2.5223768e-05
0.0126,2.3799119e-05
0.0126,2.7538596e-05
0.0126,2.588107e-05
0.0126,2.4343457e-05
0.0126,2.6709855e-05
0.0126,2.5046218e-05
0.0126,4.2618678e-05
0.01447254,4.2548185e-05
0.022809797,4.2527157e-05
0.0126,4.343357e-05
0.0153415,4.3384844e-05
0.02464024,4.339484e-05
0.013451871,4.4279204e-05
0.019036514,4.4255557e-05
0.02260543,4.515677e-05
0.020220673,4.5299555e-05
0.021279542,4.4358643e-05
0.019071827,4.3363238e-05
0.013884303,4.2312608e-05
0.012660159,4.442348e-05
0.013594188,4.3545788e-05
0.013461012,4.262537e-05
0.0126,4.352228e-05
0.0126,4.2692838e-05
0.017951208,4.0444356e-05
0.012986644,4.1596024e-05
0.051253904,4.1137515e-05
0.038188767,4.243917e-05
0.028548667,4.3297987e-05
0.072524239,4.327205e-05
0.052636357,4.428305e-05
0.065283418,4.526117e-05
0.234492911,4.7922545e-05
0.201647328,4.7681584e-05
0.16710247,4.756981e-05
0.137198852,4.7590638e-05
0.243409242,4.6833487e-05
0.193751004,4.6667676e-05
0.153946338,4.6638495e-05
0.223996803,4.5830242e-05
0.177051126,4.575094e-05
0.019806227,2.7612105e-05
0.01651284,2.5686799e-05
0.013589546,2.3936716e-05
0.012676756,2.2354174e-05
0.015977521,2.6251415e-05
0.014253373,2.4438985e-05
0.012739062,2.279675e-05
0.013355744,2.498208e-05
0.0126,2.3278018e-05
0.0126,2.015959e-05
0.0126,2.1077703e-05
0.013304426,2.2062311e-05
0.014453493,2.3118595e-05
0.0126,1.9898922e-05
0.012705239,2.0791387e-05
0.013300312,2.1747841e-05
0.012602661,1.9631832e-05
0.012741845,2.0498726e-05
0.0126,1.9358522e-05
0.078105197,5.1361447e-05
0.105901293,5.009855e-05
0.169396233,4.895664e-05
0.089819844,5.1642874e-05
0.131295375,5.049877e-05
0.196976782,4.945858e-05
0.108133202,5.2139054e-05
0.156331256,5.109639e-05
0.126705574,5.282764e-05
0.014093567,2.659853e-05
0.0126,2.4513909e-05
0.0126,2.2660211e-05
0.0126,2.1015134e-05
0.013945431,2.506231e-05
0.0126,2.3115468e-05
0.0126,2.1389542e-05
0.012988016,2.3650631e-05
0.0126,2.1834096e-05
0.0126,2.214254e-05
0.0126,2.3364122e-05
0.012645536,2.468789e-05
0.0126,2.074136e-05
0.0126,2.1832515e-05
0.0126,2.3013768e-05
0.0126,2.0455967e-05
0.0126,2.1510697e-05
0.0126,1.9086894e-05
0.0126,1.9111942e-05
0.0126,1.920193e-05
0.012602963,2.0085688e-05
0.012621827,2.014709e-05
0.012636354,2.0279806e-05
0.012801633,2.1167349e-05
0.013006274,2.1271811e-05
0.013820866,2.2340615e-05
0.095453851,5.6502955e-05
0.084935064,5.512819e-05
0.087908997,5.3909847e-05
0.079006093,5.737341e-05
0.070515793,5.617626e-05
0.075019014,5.5110897e-05
0.066650379,5.8487625e-05
0.05612561,5.744892e-05
0.076991242,5.97714e-05
0.0126,1.9016465e-05
0.0126,1.905546e-05
0.0126,1.9078609e-05
0.0126,2.0077876e-05
0.0126,2.0108786e-05
0.0126,2.012365e-05
0.0126,2.1230084e-05
0.0126,2.125271e-05
0.0126,2.2483511e-05
0.045494789,6.305449e-05
0.068539942,6.173999e-05
0.116881107,6.065947e-05
0.095444043,6.40462e-05
0.140142291,6.303425e-05
0.163433321,6.220373e-05
0.111723903,6.5158034e-05
0.156048052,6.440533e-05
0.135578136,6.625808e-05
0.0126,2.2706285e-05
0.0126,2.1288874e-05
0.0126,1.9992867e-05
0.0126,1.880448e-05
0.0126,2.1358546e-05
0.0126,2.0061607e-05
0.0126,1.8874605e-05
0.0126,2.0132786e-05
0.0126,1.8944264e-05
0.0126,2.3071318e-05
0.0126,2.1481992e-05
0.0126,2.0030086e-05
0.0126,1.8699842e-05
0.0126,2.1495116e-05
0.0126,2.004702e-05
0.0126,1.8723695e-05
0.0126,2.0078971e-05
0.0126,1.8757195e-05
0.01720861,2.2420234e-05
0.014781557,2.1020802e-05
0.01284169,1.972309e-05
0.012636538,1.8518027e-05
0.013173311,2.1062253e-05
0.012640855,1.9789786e-05
0.012636835,1.8608076e-05
0.0126,1.9826286e-05
0.0126,1.8667575e-05
0.083893337,6.862341e-05
0.097148914,6.760457e-05
0.123328928,6.6834196e-05
0.111365525,6.874831e-05
0.114250463,6.81039e-05
0.106007077,6.763943e-05
0.148725265,6.8748486e-05
0.124004013,6.843245e-05
0.166126412,6.853528e-05
0.012767703,2.1326301e-05
0.0126,2.0202144e-05
0.0126,1.9146297e-05
0.0126,1.8154238e-05
0.012798808,2.0320977e-05
0.0126,1.9278275e-05
0.0126,1.8297891e-05
0.012628889,1.9386796e-05
0.0126,1.8418803e-05
0.020701362,2.0412097e-05
0.019793594,1.9611201e-05
0.018702473,1.884301e-05
0.021874083,1.8106057e-05
0.013206281,1.961384e-05
0.0126,1.8815752e-05
0.0126,1.805232e-05
0.0126,1.886227e-05
0.0126,1.8068875e-05
0.151669584,6.960881e-05
0.148156803,6.903098e-05
0.16308599,6.869348e-05
0.123578193,6.802331e-05
0.156144595,6.787283e-05
0.169987434,6.789171e-05
0.087997559,6.6332555e-05
0.137760303,6.653841e-05
0.054053241,6.464706e-05
0.025447676,1.9145527e-05
0.037897059,2.0274776e-05
0.050403649,2.1502581e-05
0.021874083,1.8196637e-05
0.033930111,1.9248084e-05
0.047106176,2.0390642e-05
0.030714953,1.827199e-05
0.03800971,1.9334344e-05
0.030714953,1.8331048e-05
0.088420625,6.4305365e-05
0.072250725,6.420778e-05
0.064134937,6.434166e-05
0.060243357,6.185612e-05
0.07953715,6.2102954e-05
0.090345428,6.2522864e-05
0.038911656,6.0061815e-05
0.090345428,6.054709e-05
0.0126,5.9055223e-05
0.036968022,1.8742152e-05
0.036968022,1.8584835e-05
0.030926067,1.8448247e-05
0.054738987,2.0080917e-05
0.048328837,1.9892248e-05
0.044070918,1.972724e-05
0.072918632,2.1506248e-05
0.066045942,2.1284139e-05
0.089747254,2.302261e-05
0.036581571,5.8124937e-05
0.016290856,5.8245485e-05
0.01265813,5.8569218e-05
0.019952011,5.7387067e-05
0.0126,5.7748428e-05
0.0126,5.8262493e-05
0.033833201,5.770359e-05
0.029644298,5.8259684e-05
0.044500557,5.9066566e-05
0.10281811,2.5174399e-05
0.086442514,2.303582e-05
0.067982962,2.1050255e-05
0.044996918,1.9210795e-05
0.10260994,2.2722343e-05
0.082145122,2.0851947e-05
0.0614915,1.9112515e-05
0.070944698,2.059381e-05
0.051570638,1.8954297e-05
0.176869362,8.529637e-05
0.188039146,8.5909334e-05
0.190360137,8.656399e-05
0.191942614,8.725301e-05
0.19879866,9.521485e-05
0.198647885,9.570299e-05
0.198061815,9.62033e-05
0.246932133,0.00010677144
0.25857492,0.00010705145
0.317148273,0.00011865866
0.061618809,5.765469e-05
0.042198434,5.8006783e-05
0.046580203,5.848377e-05
0.078756233,5.9476813e-05
0.044015452,6.0043163e-05
0.045022364,6.0704315e-05
0.131538612,6.255308e-05
0.098868765,6.329501e-05
0.179189081,6.7107256e-05
0.198828325,6.471811e-05
0.208291322,6.544332e-05
0.225420916,6.624356e-05
0.19557475,6.997445e-05
0.20398101,7.082364e-05
0.217492748,7.173551e-05
0.185745139,7.7310695e-05
0.188418887,7.818818e-05
0.249431347,0.00011788288
0.27568168,0.00011821445
0.299887869,0.00011846988
0.318226378,0.00012573917
0.341138813,0.00012599204
0.371523345,0.00012616164
0.399356895,0.00013084397
0.43635202,0.00013097964
0.501105747,0.0001320969
0.501105747,0.00013039887
0.568043054,0.00012710909
0.584331254,0.00012291806
0.455994723,0.00013217801
0.503841503,0.00013110587
0.543590857,0.00012852366
0.434605842,0.00013212985
0.480204556,0.00013165538
0.412863943,0.00013193578
0.030882985,2.7928418e-05
0.023402244,2.4555151e-05
0.015474408,2.1510285e-05
0.0126,1.877798e-05
0.04002467,2.4497409e-05
0.026029848,2.157368e-05
0.0126,1.8938621e-05
0.045454411,2.1624093e-05
0.028465299,1.9084466e-05
0.584331254,0.00011794416
0.612280593,0.000112533606
0.650480371,0.000106977925
0.549959619,0.00012632915
0.57005501,0.00012218181
0.592310756,0.000117418436
0.513107028,0.00012907035
0.534337124,0.00012586458
0.472768601,0.00013100711
0.042529259,3.2148902e-05
0.019687506,2.6960513e-05
0.01497153,2.2418068e-05
0.0126,1.8491397e-05
0.020733749,2.6575593e-05
0.012734242,2.2321265e-05
0.0126,1.8611654e-05
0.012799035,2.2209315e-05
0.0126,1.871242e-05
0.695595372,9.947756e-05
0.743833703,9.2862865e-05
0.788039091,8.7230364e-05
0.609608346,0.000113368595
0.656600563,0.00010657742
0.705689117,0.00010038726
0.568890679,0.00011936312
0.619083335,0.00011352917
0.530346867,0.00012462221
0.0126,1.7411825e-05
0.018199151,2.1295871e-05
0.042795165,2.6291003e-05
0.072697733,3.265951e-05
0.0126,1.7090391e-05
0.021910193,2.1143003e-05
0.04494839,2.639067e-05
0.0126,1.6841357e-05
0.015216965,2.1082657e-05
0.0126,1.6673923e-05
0.034070128,3.395255e-05
0.018477545,2.7497716e-05
0.0126,2.2002532e-05
0.02925292,2.740891e-05
0.013510878,2.2242331e-05
0.0126,1.7868722e-05
0.017104385,2.236842e-05
0.0126,1.8230867e-05
0.803817321,7.1624956e-05
0.768624352,8.45926e-05
0.703399332,9.899326e-05
0.626699956,0.0001136184
0.802016976,7.5874326e-05
0.759929321,8.96967e-05
0.68927256,0.00010471548
0.794270119,8.1010636e-05
0.751907657,9.578993e-05
0.012615894,2.0088637e-05
0.013359668,2.4319432e-05
0.014530765,2.9500758e-05
0.0126,1.6244345e-05
0.0126,1.9644354e-05
0.0126,2.3851633e-05
0.0126,1.5771475e-05
0.0126,1.9135095e-05
0.0126,1.5256484e-05
0.663248561,0.000103655206
0.721310115,9.202066e-05
0.772851169,8.126855e-05
0.723785065,8.8322566e-05
0.779940898,7.732207e-05
0.802247085,6.763229e-05
0.781018865,7.4265736e-05
0.807699007,6.443199e-05
0.801992817,6.19214e-05
0.698202025,9.104562e-05
0.74357066,8.0119156e-05
0.788117307,7.042616e-05
0.743557359,7.9123325e-05
0.789658384,6.901218e-05
0.797916533,6.0227983e-05
0.793991285,6.8157824e-05
0.803759809,5.89797e-05
0.816634937,5.815502e-05
0.83114194,5.7804886e-05
0.824232695,5.7672496e-05
0.828779558,5.7756864e-05
0.80935818,6.6582645e-05
0.820908562,6.659975e-05
0.818036373,6.690993e-05
0.778180216,7.61397e-05
0.795343237,7.662492e-05
0.741533552,8.6871085e-05
0.0126,1.5455524e-05
0.0126,1.5169917e-05
0.0126,1.5106161e-05
0.0126,1.8887089e-05
0.0126,1.862251e-05
0.0126,1.8607903e-05
0.0126,2.2961629e-05
0.0126,2.2736307e-05
0.0126,2.7742988e-05
0.838592646,5.8543024e-05
0.836118008,6.712203e-05
0.817056058,7.617587e-05
0.789788888,8.5608284e-05
0.841000879,5.8243837e-05
0.83052664,6.650547e-05
0.810477962,7.52328e-05
0.828779558,5.797992e-05
0.824046807,6.5957494e-05
0.014230271,2.8728115e-05
0.012972581,2.3919883e-05
0.012655076,1.9805499e-05
0.012636752,1.63152e-05
0.0126,2.3504488e-05
0.0126,1.9549361e-05
0.0126,1.618051e-05
0.0126,1.9095678e-05
0.0126,1.588165e-05
0.838155368,5.8052683e-05
0.838282281,5.73271e-05
0.844982582,5.634065e-05
0.835409595,6.6235094e-05
0.835943706,6.587457e-05
0.839761442,6.525546e-05
0.831073348,7.490793e-05
0.834803895,7.4714444e-05
0.827471514,8.457012e-05
0.01261884,1.605651e-05
0.012665003,1.6110254e-05
0.012668915,1.6190192e-05
0.012791326,1.9690731e-05
0.012827977,1.9791087e-05
0.012755213,1.9929394e-05
0.012984162,2.3968549e-05
0.013213858,2.4141727e-05
0.022636999,2.8966091e-05
0.807237323,8.369991e-05
0.83837093,7.3545976e-05
0.843436056,6.441799e-05
0.821098314,7.420563e-05
0.844262515,6.422104e-05
0.848834978,5.5450077e-05
0.827399151,6.480242e-05
0.848834978,5.520341e-05
0.836810058,5.56928e-05
0.01280913,2.6335436e-05
0.01263299,2.2897291e-05
0.012603416,1.9834923e-05
0.0126,1.7174953e-05
0.012715674,2.2453594e-05
0.012636304,1.9334038e-05
0.0126,1.6604647e-05
0.012695464,1.9043566e-05
0.012604254,1.6242067e-05
0.8146632,5.8189333e-05
0.793587329,6.1873776e-05
0.771090695,6.698809e-05
0.796308037,7.327171e-05
0.771627039,7.776995e-05
0.748411637,8.368345e-05
0.751072627,9.3656134e-05
0.716018437,9.9836616e-05
0.677601643,0.00011390148
0.01317982,3.164626e-05
0.012935894,2.6801115e-05
0.01312721,2.2568165e-05
0.013463745,1.8914496e-05
0.0126,2.5874055e-05
0.0126,2.1834303e-05
0.0126,1.840697e-05
0.0126,2.1096828e-05
0.0126,1.7818662e-05
0.526612218,0.00013147177
0.653232481,0.000118987744
0.72364787,9.3918316e-05
0.62692185,0.00012487633
0.72260441,0.00010290212
0.755745685,7.437729e-05
0.683616439,0.00011108534
0.726511197,8.291211e-05
0.671571397,9.1646805e-05
0.037897657,4.0871655e-05
0.018406739,3.3447628e-05
0.013560363,2.6803596e-05
0.0126,2.094175e-05
0.019633747,3.1960208e-05
0.01545775,2.5652958e-05
0.013986347,2.0138681e-05
0.01479825,2.4565385e-05
0.014675892,1.9509513e-05
0.435602521,0.00013024866
0.531944664,0.00013138095
0.61421602,0.000119217104
0.492629747,0.00013204121
0.572908164,0.0001237773
0.623710938,0.00010093311
0.546836671,0.00012778078
0.562166737,0.000109217064
0.527090841,0.00011837733
0.065831745,4.987341e-05
0.055723845,4.075916e-05
0.049649817,3.2475044e-05
0.061609914,2.5396504e-05
0.032449897,3.9731283e-05
0.026864785,3.1134656e-05
0.030072457,2.369136e-05
0.016360043,2.9719029e-05
0.021820658,2.2180193e-05
0.389666498,0.00012428922
0.468188344,0.0001311326
0.528360538,0.00013074282
0.49466513,0.00012835098
0.491879451,0.00013217807
0.490410059,0.00012630767
0.461616751,0.00013115116
0.518889363,0.00013079325
0.459289192,0.00013217672
0.080190234,5.2242496e-05
0.035219668,4.4107466e-05
0.022401141,3.6965008e-05
0.022714318,3.1093994e-05
0.070634573,4.3348096e-05
0.02830435,3.5595982e-05
0.021701018,2.9187824e-05
0.061033264,3.4257217e-05
0.041391394,2.7259917e-05
0.379017071,0.00011393179
0.454210228,0.00012291082
0.421261193,0.00012961944
0.43184553,0.000116481955
0.385617098,0.0001257259
0.442928358,0.0001313887
0.371731839,0.00011923982
0.434456968,0.00012837737
0.426454522,0.00012246883
0.035783497,5.342093e-05
0.022954558,4.65596e-05
0.018247649,4.0562252e-05
0.0126,3.5508754e-05
0.028865422,4.589897e-05
0.016240214,3.9602837e-05
0.0126,3.4371522e-05
0.023865933,3.8397182e-05
0.018916611,3.2858577e-05
0.349356259,9.329021e-05
0.404519794,0.00010284553
0.332367506,0.000112982394
0.353573955,9.4732706e-05
0.344209887,0.00010536331
0.390488429,0.00011626717
0.336367537,9.724801e-05
0.334260025,0.000108982334
0.259002321,0.00010119253
0.057403738,5.2690793e-05
0.020403621,4.6316738e-05
0.0126,4.060442e-05
0.0126,3.565475e-05
0.057065751,4.6843685e-05
0.020231768,4.1141004e-05
0.0126,3.620922e-05
0.027551223,4.1068794e-05
0.012672639,3.614799e-05
0.220866976,7.6294324e-05
0.233746537,8.3493695e-05
0.267468007,9.186165e-05
0.193405893,7.802385e-05
0.225973585,8.612815e-05
0.259002321,9.5413954e-05
0.202239471,8.0820384e-05
0.252557712,8.993434e-05
0.270875545,8.489573e-05
0.015398051,4.662919e-05
0.01355892,4.093684e-05
0.016633038,3.599415e-05
0.031567955,3.1915613e-05
0.012776365,4.28436e-05
0.0126,3.773111e-05
0.0126,3.338252e-05
0.0126,3.9166825e-05
0.0126,3.468663e-05
0.153955031,6.727204e-05
0.173187515,7.241589e-05
0.224249445,7.828841e-05
0.178783703,6.975033e-05
0.227774419,7.536538e-05
0.27733192,8.169594e-05
0.237772199,7.3072544e-05
0.284942344,7.917305e-05
0.288552625,7.734592e-05
0.029806873,3.418025e-05
0.02915401,3.6682006e-05
0.042378248,3.943169e-05
0.045415532,3.0846684e-05
0.043381116,3.2995787e-05
0.041734635,3.5410296e-05
0.093411847,3.0073012e-05
0.063151085,3.217338e-05
0.112990718,2.9691515e-05
0.173696406,6.347851e-05
0.208823429,6.7576635e-05
0.249319864,7.219205e-05
0.203981932,6.563843e-05
0.247205043,7.046449e-05
0.288552625,7.590869e-05
0.237917482,6.841845e-05
0.288552625,7.409701e-05
0.241839804,7.188136e-05
0.047189387,3.1460422e-05
0.066705073,3.0352716e-05
0.098187332,2.9794797e-05
0.057067592,3.2285963e-05
0.070922325,3.154914e-05
0.080977411,3.1335e-05
0.064013451,3.3552868e-05
0.070110906,3.3186785e-05
0.068774385,3.5277786e-05
0.241839804,6.886565e-05
0.191993329,6.5481785e-05
0.14527067,6.178413e-05
0.218370377,6.52131e-05
0.193239368,6.214925e-05
0.167533598,5.8856072e-05
0.169446379,5.9702747e-05
0.147752313,5.6696008e-05
0.128589955,5.522008e-05
0.037471157,3.6122558e-05
0.028773968,3.61495e-05
0.02738898,3.6583828e-05
0.029227489,3.7481364e-05
0.042122948,3.4398425e-05
0.033889871,3.442883e-05
0.032160266,3.4869376e-05
0.046357914,3.2851392e-05
0.039913347,3.2893655e-05
0.082619065,4.8276237e-05
0.113110145,5.178539e-05
0.143756612,5.6230943e-05
0.08317325,4.8023197e-05
0.11361911,5.205119e-05
0.14527067,5.7204983e-05
0.081452349,4.805567e-05
0.084029714,5.2695395e-05
0.084029714,4.837794e-05
0.041110385,4.095725e-05
0.04316319,4.256454e-05
0.060711086,4.4974142e-05
0.026442717,3.9579507e-05
0.035171311,4.1412182e-05
0.037899483,4.4143588e-05
0.023963192,3.8428057e-05
0.037899483,4.0515224e-05
0.086770725,4.4919896e-05
0.095434648,4.444659e-05
0.104828806,4.523171e-05
0.066414688,3.8173628e-05
0.064401776,3.697914e-05
0.076020066,3.926287e-05
0.026690483,3.6539444e-05
0.023223765,3.404127e-05
0.017905691,3.1632597e-05
0.034410207,3.6700185e-05
0.031258004,3.4243243e-05
0.043632355,3.685273e-05
0.015354067,3.3561988e-05
0.014664049,3.2573294e-05
0.01905754,3.5057696e-05
0.014854848,2.9589835e-05
0.01301393,2.8688755e-05
0.013505321,3.0816092e-05
0.071057617,4.531009e-05
0.086917731,4.5604644e-05
0.103130647,4.5912046e-05
0.070198176,4.603264e-05
0.085137481,4.6327e-05
0.068575092,4.6790665e-05
0.049015771,4.4788423e-05
0.032161207,4.497664e-05
0.035279825,4.407995e-05
0.051475989,4.6243553e-05
0.036772457,4.5700748e-05
0.051420116,4.550014e-05
0.01780412,4.5295947e-05
0.013270226,4.535546e-05
0.0126,4.439262e-05
0.087823948,4.230712e-05
0.080863733,4.171589e-05
0.082242352,4.3982673e-05
0.036929947,4.5615638e-05
0.052332441,4.562294e-05
0.035954043,4.448594e-05
0.095103316,4.766767e-05
0.087826461,4.7364578e-05
0.078411009,4.7073725e-05
0.102863258,4.692736e-05
0.094347265,4.661969e-05
0.111567742,4.6225738e-05
0.085850086,4.8142574e-05
0.085329381,4.8649952e-05
0.086688731,4.9183644e-05
0.080229818,4.7847985e-05
0.07742082,4.8357655e-05
0.071107198,4.75603e-05
0.126792375,4.6206664e-05
0.147014846,4.593725e-05
0.131798949,4.6882404e-05
0.109420449,4.7582816e-05
0.117597851,4.6875495e-05
0.1232175,4.7554448e-05
0.028291016,3.764995e-05
0.044082547,3.8799753e-05
0.063938362,3.998966e-05
0.024993915,3.6154208e-05
0.041783,3.7292408e-05
0.020241629,3.463649e-05
0.052581112,3.946675e-05
0.060594122,4.0551156e-05
0.069050373,4.152445e-05
0.045463781,4.1903277e-05
0.051860789,4.2864354e-05
0.050985083,4.427037e-05
0.073261321,4.35891e-05
0.065975664,4.525866e-05
0.053854242,4.4933066e-05
0.034185248,3.9302966e-05
0.041200376,4.1910484e-05
0.040435549,4.0441897e-05
0.054524016,4.3057677e-05
0.059448646,4.1616866e-05
0.043173793,3.939159e-05
0.020467393,3.0105708e-05
0.02202742,3.1348798e-05
0.023538113,3.2626573e-05
0.03214187,3.1908025e-05
0.034021491,3.3203465e-05
0.04701589,3.3808617e-05
0.055401854,3.5881007e-05
0.039263559,3.524446e-05
0.061629233,3.7961127e-05
0.017405822,2.8128725e-05
0.018848134,2.7863367e-05
0.014457336,2.649855e-05
0.023852909,2.9819563e-05
0.033141997,3.161894e-05
0.025655169,2.9545427e-05
0.088879276,4.1009935e-05
0.084639092,3.8545288e-05
0.064726712,3.613418e-05
0.094137438,4.0655243e-05
0.077763518,3.8245693e-05
0.081127918,4.031559e-05
0.019659886,4.650282e-05
0.018069305,4.775309e-05
0.040093953,4.9051818e-05
0.03207792,4.692266e-05
0.031508106,4.8283728e-05
0.042927091,4.703432e-05
0.018122063,4.6508558e-05
0.024592575,4.6403722e-05
0.019285368,4.7705904e-05
0.07439553,4.9221766e-05
0.052608255,4.9198494e-05
0.060499098,4.8387166e-05
0.038028104,4.8363418e-05
0.050056599,4.75816e-05
0.035094082,4.6997204e-05
0.079718428,4.991054e-05
0.052359064,4.828353e-05
0.050733013,4.6735604e-05
0.072057787,5.0013463e-05
0.042396315,4.8488648e-05
0.056481492,4.9697148e-05
0.068997241,4.850848e-05
0.059041071,4.6622867e-05
0.053200359,4.684284e-05
0.096318529,4.846264e-05
0.106971197,4.8373033e-05
0.117378915,4.83429e-05
0.094181669,4.9282386e-05
0.101489554,4.9187474e-05
0.091653876,5.012727e-05
0.091877376,4.9483166e-05
0.089266401,4.89555e-05
0.092515781,4.9793667e-05
0.094523157,5.005056e-05
0.094943678,5.035294e-05
0.094312193,5.0659506e-05
0.101031672,5.095225e-05
0.097630731,5.1260962e-05
0.101075481,5.1888503e-05
0.087113196,5.0087714e-05
0.100909684,5.0982166e-05
0.073329364,5.0040424e-05
0.121921284,4.8783684e-05
0.139641535,4.880129e-05
0.094014925,5.0040642e-05
0.091536924,5.039828e-05
0.101946364,4.954211e-05
0.085167221,5.0803064e-05
0.088802223,4.2587173e-05
0.083661455,4.408408e-05
0.076269809,4.5355544e-05
0.105112973,4.517778e-05
0.10310721,4.650767e-05
0.108950037,4.773345e-05
0.097405213,4.339938e-05
0.099101051,4.2986136e-05
0.104106219,4.5659086e-05
0.102024088,5.1798637e-05
0.103260757,5.07649e-05
0.109081828,4.9404563e-05
0.103112819,4.9359805e-05
0.104079011,4.808801e-05
0.075516845,4.6847952e-05
0.097625148,5.0582563e-05
0.110435053,5.12133e-05
0.086499157,4.8959537e-05
0.015384496,2.5359694e-05
0.019726617,2.7244261e-05
0.017140252,2.6906075e-05
0.0126,2.528086e-05
0.0126,2.3918406e-05
0.0126,2.5917248e-05
0.013480321,2.3605095e-05
0.0126,2.2521248e-05
0.012980169,2.412733e-05
0.027701488,3.0053889e-05
0.031207421,3.27443e-05
0.029355541,3.568074e-05
0.023042567,2.9665745e-05
0.021193371,3.2345124e-05
0.017782046,2.9306582e-05
0.053059887,3.439014e-05
0.043349479,3.501311e-05
0.03625698,3.2161384e-05
0.069740642,3.9257025e-05
0.047879819,3.746475e-05
0.064129254,3.6777536e-05
0.079731662,4.3212294e-05
0.070446262,4.5493052e-05
0.067875091,4.784933e-05
0.059680147,4.147721e-05
0.051192063,4.3793803e-05
0.040753078,3.967343e-05
0.088973229,4.5594606e-05
0.100684935,4.7816888e-05
0.083592468,4.7853388e-05
0.02777645,2.7421867e-05
0.020136326,2.5868012e-05
0.016656347,2.4436627e-05
0.01982649,2.6457388e-05
0.015428431,2.4972234e-05
0.014342129,2.5547168e-05
0.014730216,2.2584933e-05
0.013318443,2.1503025e-05
0.014803703,2.2843891e-05
0.020302085,2.5416204e-05
0.017997962,2.4323315e-05
0.015664036,2.3299806e-05
0.018466231,2.4612807e-05
0.016541537,2.356555e-05
0.016430842,2.3847588e-05
0.022874932,2.6049363e-05
0.018766844,2.5223517e-05
0.024679415,2.6717224e-05
0.112747468,5.1741492e-05
0.106602698,5.1532792e-05
0.09110294,5.0934916e-05
0.111917987,5.346971e-05
0.114621409,5.2942232e-05
0.094811253,5.5077024e-05
0.092557089,5.3403364e-05
0.116253762,5.258877e-05
0.092858884,5.4495922e-05
0.10315941,5.3094027e-05
0.101929447,5.4197528e-05
0.113833632,5.204624e-05
0.090146406,5.1801722e-05
0.090148264,5.2029587e-05
0.088601382,5.238957e-05
0.092684162,5.3598596e-05
0.100523398,5.3776675e-05
0.102651957,5.5526183e-05
0.090452069,5.3083764e-05
0.090320777,5.2411237e-05
0.090299037,5.4291948e-05
0.088536318,5.4414337e-05
0.088517208,5.5716348e-05
0.086122506,5.571185e-05
0.083560067,5.3000822e-05
0.087436296,5.334983e-05
0.09263323,5.471973e-05
0.10113049,5.400276e-05
0.109286707,5.5692657e-05
0.114505471,5.538415e-05
0.074442391,5.3846015e-05
0.065712229,5.6046752e-05
0.102993618,5.8414884e-05
0.089840137,5.281479e-05
0.093917061,5.5020402e-05
0.106863255,5.1445597e-05
0.106477395,5.1773997e-05
0.118162737,5.5623572e-05
0.102039435,5.2051633e-05
0.054485199,5.5483255e-05
0.066230043,5.6573073e-05
0.053151075,5.7713725e-05
0.015292012,2.6957843e-05
0.0126,2.7633578e-05
0.013402179,2.835563e-05
0.022009876,2.9516088e-05
0.014512193,3.0278445e-05
0.038035411,3.238021e-05
0.033468487,2.8943461e-05
0.021906081,2.792245e-05
0.037658764,3.059558e-05
0.015141994,3.127236e-05
0.016472525,3.4517747e-05
0.020352039,3.3411972e-05
0.061977247,3.2350355e-05
0.051000809,3.0592226e-05
0.038274459,2.8951114e-05
0.063057879,3.233399e-05
0.046987838,3.058113e-05
0.051726783,3.2344204e-05
0.050986881,3.6163685e-05
0.030663533,3.729597e-05
0.02479865,3.847107e-05
0.064582884,4.0322735e-05
0.049016742,4.148699e-05
0.080225291,4.4731874e-05
0.0634335,4.690465e-05
0.069332769,4.58535e-05
0.042102511,4.2662938e-05
0.133693376,5.6659712e-05
0.10789162,5.2904834e-05
0.093083549,4.8880036e-05
0.10555381,5.3597054e-05
0.083836528,4.9834813e-05
0.086914025,5.0663104e-05
0.136432626,5.768286e-05
0.118971834,5.481275e-05
0.133223124,5.827696e-05
0.023786441,2.6677882e-05
0.027198719,2.7355225e-05
0.031928861,2.8069357e-05
0.027697226,2.8027018e-05
0.03411966,2.8750976e-05
0.030853646,2.9468765e-05
0.050739601,3.134133e-05
0.042125104,3.0381185e-05
0.042375024,2.964772e-05
0.013397862,2.2376806e-05
0.012672528,2.2424594e-05
0.012679786,2.120498e-05
0.015372179,2.352048e-05
0.016758317,2.4794355e-05
0.017341218,2.617014e-05
0.014259966,2.3563989e-05
0.014935356,2.484609e-05
0.013034202,2.3620183e-05
0.020774801,2.5654228e-05
0.018930559,2.5905465e-05
0.017941188,2.4552714e-05
0.022620635,2.6932279e-05
0.023091839,2.8298999e-05
0.020316798,2.7200937e-05
0.103510572,5.7996433e-05
0.108175458,6.0729304e-05
0.145052181,6.357275e-05
0.083321869,5.8180733e-05
0.077014017,6.0649938e-05
0.072153752,5.7809182e-05
0.109518629,6.123721e-05
0.077700106,5.9687824e-05
0.120081487,6.2944724e-05
0.143550797,6.2067695e-05
0.160377796,5.9818598e-05
0.126179804,5.763083e-05
0.13191049,5.9726455e-05
0.127788496,5.7514495e-05
0.112663265,5.789662e-05
0.182784564,6.321311e-05
0.150853147,6.0244496e-05
0.190612144,6.254757e-05
0.087826644,5.8700716e-05
0.078994587,5.9576356e-05
0.050217956,6.0904775e-05
0.054903837,6.231463e-05
0.097133146,6.1956955e-05
0.089696764,6.0104998e-05
0.148391165,6.19839e-05
0.171383592,6.483714e-05
0.199310514,6.642219e-05
0.19039198,6.591358e-05
0.228328112,6.8736976e-05
0.230151906,7.021761e-05
0.169560929,6.1560655e-05
0.165325968,6.2014595e-05
0.1957197,6.615826e-05
0.089236134,4.0724175e-05
0.087500374,3.7696595e-05
0.066948434,3.4919085e-05
0.096949083,4.2041273e-05
0.08014364,3.8985778e-05
0.09296793,4.338759e-05
0.07612109,3.4925775e-05
0.078639029,3.4908724e-05
0.081413635,3.7720984e-05
0.059079707,3.3215936e-05
0.053104774,3.4119792e-05
0.045096629,3.5063855e-05
0.047976807,3.218523e-05
0.041249022,3.306705e-05
0.036029868,3.1203494e-05
0.059950736,3.6850783e-05
0.068513066,3.5867855e-05
0.075593575,3.8741604e-05
0.112850631,4.613465e-05
0.123202378,4.7458074e-05
0.116136997,4.8749687e-05
0.145420625,5.1878058e-05
0.154431967,5.3075655e-05
0.165867905,5.7725745e-05
0.155720818,5.7062884e-05
0.177035962,5.741107e-05
0.134273371,5.300552e-05
0.192917978,6.240317e-05
0.219480387,6.751312e-05
0.212291669,6.318045e-05
0.0126,2.2542747e-05
0.0126,2.2617522e-05
0.0126,2.1287928e-05
0.02266233,3.057479e-05
0.019767665,3.1753043e-05
0.015115588,3.3009048e-05
0.019631768,2.9361709e-05
0.015932682,3.0494548e-05
0.017272645,2.8221515e-05
0.031750509,3.4339548e-05
0.021295,3.3654906e-05
0.027697192,3.2390602e-05
0.0126,2.4073835e-05
0.012632764,2.583328e-05
0.012717167,2.7780798e-05
0.0126,2.4147661e-05
0.012604621,2.5924113e-05
0.0126,2.4239273e-05
0.014832972,2.66744e-05
0.01342896,2.7210763e-05
0.013263858,2.5324824e-05
0.013056123,2.9381812e-05
0.014532736,2.8783474e-05
0.013026474,3.1120777e-05
0.0126,2.1387668e-05
0.0126,2.2816339e-05
0.0126,2.2939072e-05
0.012797843,2.127541e-05
0.013472569,2.2858427e-05
0.014632919,2.2643191e-05
0.153466882,6.4953136e-05
0.197056804,6.838303e-05
0.246112605,7.2282055e-05
0.205462997,6.579596e-05
0.237229906,6.9399546e-05
0.220455471,6.6481356e-05
0.269690542,7.329894e-05
0.264480594,7.283295e-05
0.244982363,6.986205e-05
0.076094405,6.4536405e-05
0.10320679,6.645079e-05
0.118411989,6.889658e-05
0.086085319,6.424633e-05
0.1175657,6.670347e-05
0.105131276,6.440125e-05
0.202254509,7.093362e-05
0.141154989,6.7360794e-05
0.158748487,6.970734e-05
0.106485878,6.6004555e-05
0.084772694,6.711602e-05
0.082500257,6.521805e-05
0.078572748,6.8524394e-05
0.08685611,6.665874e-05
0.065089647,6.8491376e-05
0.260479035,7.64529e-05
0.224131809,7.021852e-05
0.180777687,6.391048e-05
0.268643041,7.447398e-05
0.240640765,6.891434e-05
0.256072404,7.239953e-05
0.288492609,8.42336e-05
0.291116568,7.989114e-05
0.276474989,7.514914e-05
0.312830726,8.033192e-05
0.294044677,7.6759774e-05
0.281210871,7.626932e-05
0.272525387,8.071943e-05
0.281520808,7.797249e-05
0.281179988,8.3356405e-05
0.039748745,3.8041362e-05
0.046949199,4.130466e-05
0.06513133,4.486378e-05
0.032280944,3.727077e-05
0.041336285,4.049486e-05
0.022873813,3.6539135e-05
0.072966248,4.1982323e-05
0.098745983,4.7584534e-05
0.107232447,5.3549775e-05
0.060035596,4.3358043e-05
0.081364117,4.9167305e-05
0.053246265,3.9965355e-05
0.162851175,6.81573e-05
0.091850647,5.9873164e-05
0.0819301,5.2028907e-05
0.090067133,6.4287466e-05
0.060969588,5.6532317e-05
0.105255408,6.082724e-05
0.224626719,7.4247844e-05
0.1899402,7.142941e-05
0.152248632,6.7469446e-05
0.0126,2.4636889e-05
0.0126,2.6813563e-05
0.013341708,2.926999e-05
0.0126,2.4774372e-05
0.013469536,2.6983693e-05
0.0126,2.4927022e-05
0.012653109,2.823921e-05
0.0126,2.8735589e-05
0.0126,2.6352682e-05
0.013302439,3.057035e-05
0.01511421,3.3736713e-05
0.019295162,3.7321242e-05
0.013334253,3.110082e-05
0.014873141,3.435089e-05
0.0126,3.167653e-05
0.014779243,3.4341778e-05
0.016574778,3.5776207e-05
0.014071173,3.2380533e-05
0.026098415,3.8032438e-05
0.046813935,4.215911e-05
0.022912725,3.963961e-05
0.014826925,2.1702386e-05
0.013702943,2.0676438e-05
0.016645494,2.2066119e-05
0.019161613,2.0723639e-05
0.013727613,1.9911256e-05
0.014540744,2.1028223e-05
0.016592722,2.5118918e-05
0.03392119,2.7441582e-05
0.059382453,3.0080182e-05
0.021283491,2.4895242e-05
0.039317001,2.7207143e-05
0.025025537,2.466834e-05
0.018480279,2.7203752e-05
0.021809665,2.9514958e-05
0.04485093,2.9787281e-05
0.022413807,2.3762448e-05
0.031727945,2.5229847e-05
0.048842456,2.6835745e-05
0.020468954,2.338255e-05
0.028441679,2.482152e-05
0.017175149,2.2991082e-05
0.050715125,2.7895114e-05
0.033202591,2.6208745e-05
0.05351443,2.8972934e-05
0.136141007,7.191033e-05
0.185354024,7.564397e-05
0.214896981,8.0119185e-05
0.201549866,7.337873e-05
0.237242602,7.771589e-05
0.249476768,7.507548e-05
0.2786301,8.391838e-05
0.281093775,7.9398356e-05
0.244919492,8.231041e-05
0.077598055,6.989639e-05
0.093986073,7.160609e-05
0.128281252,7.387427e-05
0.059073668,7.027479e-05
0.091253669,7.2624374e-05
0.080327406,7.0921444e-05
0.167039236,7.768636e-05
0.115165378,7.392748e-05
0.127948462,7.558608e-05
0.10136398,6.96248e-05
0.131155535,6.9239686e-05
0.127143078,6.998863e-05
0.13286622,7.239304e-05
0.106788002,7.079758e-05
0.147129395,7.1019225e-05
0.263419795,8.100692e-05
0.270934939,8.504083e-05
0.265106034,8.7249435e-05
0.270200831,8.578585e-05
0.268765676,8.944425e-05
0.280626534,9.070763e-05
0.250183503,7.899177e-05
0.261901224,8.4051506e-05
0.237130222,7.6275166e-05
0.251141447,8.85908e-05
0.234087538,8.756331e-05
0.213526595,8.5332285e-05
0.228791318,9.277459e-05
0.213503737,9.0974194e-05
0.21905372,9.666335e-05
0.268108395,9.51282e-05
0.245499417,9.223756e-05
0.241705239,9.70165e-05
0.220015751,8.2336104e-05
0.218946713,7.722084e-05
0.214614918,7.249525e-05
0.251351663,8.599491e-05
0.248049608,8.097551e-05
0.268375257,8.885952e-05
0.032445589,4.310573e-05
0.051297574,4.575165e-05
0.080753867,4.8564612e-05
0.053475013,4.984831e-05
0.085360714,5.2769527e-05
0.093076311,5.756133e-05
0.162609505,6.4791064e-05
0.127912965,6.120349e-05
0.11094496,5.6326502e-05
0.169329349,7.395054e-05
0.132666453,6.5561086e-05
0.173328044,6.91606e-05
0.026400011,3.2557182e-05
0.051953281,3.6339927e-05
0.074102688,4.0684463e-05
0.049462057,3.2863805e-05
0.076104261,3.6723086e-05
0.073993176,3.3204604e-05
0.027674753,3.834249e-05
0.049402605,3.946217e-05
0.028543353,3.5302717e-05
0.063846511,4.572524e-05
0.041362005,4.435387e-05
0.057399583,5.1377247e-05
0.02706153,2.1561633e-05
0.022179609,2.18851e-05
0.018173881,2.2201391e-05
0.034865464,2.2796656e-05
0.028279587,2.3132616e-05
0.043171625,2.4124049e-05
0.043636556,2.5016187e-05
0.026128901,2.3971605e-05
0.047157421,2.5919313e-05
0.030094345,2.0768028e-05
0.040540373,2.1131571e-05
0.02836469,1.9939762e-05
0.037717452,2.1954776e-05
0.045617177,2.3230452e-05
0.048381573,2.2356862e-05
0.099031555,2.9385707e-05
0.0769842,2.7484033e-05
0.058346097,2.5734378e-05
0.085750544,2.8500084e-05
0.062443852,2.6686115e-05
0.068307495,2.765032e-05
0.089858823,4.266557e-05
0.086334316,3.7848717e-05
0.082172697,3.368078e-05
0.094995286,4.1960117e-05
0.086547972,3.7268903e-05
0.091353539,4.129813e-05
0.082973761,2.9594934e-05
0.073899134,3.0768e-05
0.077087794,3.1964046e-05
0.112059124,3.273303e-05
0.088759782,3.403304e-05
0.115337578,3.6302987e-05
0.120155223,3.1530246e-05
0.106780439,3.0541352e-05
0.130063766,3.383172e-05
0.075368565,4.044362e-05
0.085181395,3.8326925e-05
0.081301342,3.589271e-05
0.179385235,8.2400235e-05
0.144973237,7.946183e-05
0.14941444,7.687038e-05
0.168201585,8.427487e-05
0.160791211,8.074884e-05
0.196714389,8.560876e-05
0.212750169,8.986876e-05
0.213854746,9.380186e-05
0.186938244,8.78344e-05
0.1607115,7.4616255e-05
0.167118527,7.253354e-05
0.15472428,7.053265e-05
0.165793358,7.463719e-05
0.147263726,7.189327e-05
0.128133246,7.3826996e-05
0.172704073,8.135467e-05
0.17332786,7.753869e-05
0.153107754,7.74342e-05
0.114106064,6.8480294e-05
0.071122279,6.6362845e-05
0.090275546,6.663621e-05
0.123212458,7.038545e-05
0.125497927,6.92237e-05
0.113617381,6.717894e-05
0.244167196,9.9990575e-05
0.247244781,9.629062e-05
0.23794623,9.157017e-05
0.270992781,0.00010286101
0.246816363,9.826485e-05
0.252974685,0.000105159554
0.251920818,0.00010163612
0.279179585,0.00010560123
0.294741646,0.00010903006
0.291988101,0.00010515629
0.310461749,0.00010984233
0.315291743,0.00010694602
0.282710471,9.603637e-05
0.275745358,0.0001001605
0.2931474,0.00010150372
0.267564617,9.1713875e-05
0.279272754,9.44186e-05
0.298660913,0.00010021565
0.20391297,8.306476e-05
0.206797433,8.37949e-05
0.227648681,8.454439e-05
0.148805286,7.423309e-05
0.170221471,7.454843e-05
0.131423767,6.553325e-05
0.267534486,9.304632e-05
0.307989522,0.000102181184
0.270859206,9.434876e-05
0.108262863,4.734243e-05
0.107692003,4.6527857e-05
0.092549667,4.577076e-05
0.128413569,5.253398e-05
0.116995365,5.1597966e-05
0.145249071,5.8233712e-05
0.129468684,5.79139e-05
0.09026443,5.1441577e-05
0.100245279,5.7687834e-05
0.172817904,6.6481785e-05
0.152782575,6.595954e-05
0.195913752,7.537417e-05
0.059828409,2.5101628e-05
0.074598934,2.613756e-05
0.077436115,2.723536e-05
0.061579254,2.4149313e-05
0.073286687,2.5121766e-05
0.064218807,2.3218228e-05
0.093742803,2.8675458e-05
0.076266201,2.7959013e-05
0.072766422,2.6813834e-05
0.065170832,2.1998818e-05
0.077819653,2.2505697e-05
0.055022067,2.0833484e-05
0.076190817,2.3788001e-05
0.081837829,2.5775045e-05
0.087894457,2.437142e-05
0.107207174,3.1170723e-05
0.096708754,3.3108492e-05
0.084879988,3.5212943e-05
0.088351324,3.0405843e-05
0.079973847,3.2284042e-05
0.075895574,2.9633547e-05
0.125062002,3.34896e-05
0.131311736,3.597728e-05
0.112285357,3.561724e-05
0.09071299,4.6011177e-05
0.096734539,4.970551e-05
0.103732436,5.3782762e-05
0.07420211,4.3602617e-05
0.077705751,4.7092817e-05
0.087122981,4.1296313e-05
0.117203771,5.110533e-05
0.142878269,5.6730918e-05
0.128436915,5.525383e-05
0.079477765,4.5074612e-05
0.093396471,4.186951e-05
0.107958317,3.8954164e-05
0.079424371,4.7870606e-05
0.082461751,4.4427085e-05
0.077892926,5.0772185e-05
0.084321655,4.149182e-05
0.086676496,3.8211943e-05
0.107200532,3.8604598e-05
0.192322145,8.627728e-05
0.154802103,8.122803e-05
0.129010273,7.655128e-05
0.171919182,8.609821e-05
0.132840502,8.0202975e-05
0.147645799,8.493083e-05
0.212741979,9.234598e-05
0.188464494,9.219012e-05
0.216304268,9.9245124e-05
0.027212826,5.9791888e-05
0.042815787,5.9742895e-05
0.063993963,6.1902305e-05
0.101207904,6.6862274e-05
0.104312497,6.554819e-05
0.099643703,6.4733016e-05
0.082908807,6.2836676e-05
0.075651624,6.219055e-05
0.060430363,5.9924383e-05
0.119753839,6.8196714e-05
0.123519982,6.975481e-05
0.122182073,7.217304e-05
0.104065393,7.810516e-05
0.11794937,7.469128e-05
0.100341802,7.200939e-05
0.229824415,0.00010513734
0.243712122,0.000106330575
0.235447509,0.00010626664
0.204909121,9.773768e-05
0.20653856,9.9067634e-05
0.170445229,9.0852256e-05
0.290598947,0.00011143827
0.290374508,0.00011287967
0.288839715,0.000113229085
0.338524819,0.0001167932
0.332117281,0.00011853417
0.360486836,0.000120975405
0.351925431,0.0001177114
0.337858719,0.0001130233
0.324970474,0.00011391584
0.321331996,0.000113169626
0.325801532,0.0001116299
0.331301819,0.000109575536
0.355225229,0.00011873235
0.354983042,0.00011621131
0.370027729,0.00012111812
0.265800794,9.4441006e-05
0.300247729,0.0001034633
0.289921798,0.000104318
0.14347097,6.21738e-05
0.165908666,6.371443e-05
0.171577674,6.523848e-05
0.177039183,7.167666e-05
0.192994389,7.319153e-05
0.206537506,8.209822e-05
0.200702215,7.4305215e-05
0.230826018,8.383859e-05
0.222424391,8.302517e-05
0.244665045,9.378424e-05
0.256626308,9.420675e-05
0.281966677,0.000104635576
0.077630109,2.8435252e-05
0.08066488,2.9707304e-05
0.084654737,3.105534e-05
0.089558439,2.6869486e-05
0.102616623,2.8027125e-05
0.105072938,2.5364894e-05
0.069091395,3.099862e-05
0.067912426,3.3833796e-05
0.066653112,3.2448337e-05
0.103657097,2.3725033e-05
0.118619656,2.4442814e-05
0.088151613,2.210978e-05
0.122943251,2.6200594e-05
0.108739406,2.9018936e-05
0.116599117,2.7058508e-05
0.065847019,3.8363294e-05
0.068424676,4.1891402e-05
0.070570721,4.584198e-05
0.061335856,3.6821595e-05
0.066886382,4.016584e-05
0.065052794,3.5270517e-05
0.07417569,4.538519e-05
0.070931153,4.5645294e-05
0.071471866,4.1717965e-05
0.078475545,5.1945513e-05
0.086718777,6.0018163e-05
0.106922762,6.940315e-05
0.076979607,5.2380692e-05
0.084316867,6.0611805e-05
0.072429827,5.2757736e-05
0.083044312,5.5160788e-05
0.10100525,5.847305e-05
0.101154863,6.3675674e-05
0.139511995,6.770259e-05
0.176832523,7.804885e-05
0.138705054,7.380193e-05
0.027758341,5.7307556e-05
0.037339565,5.7057103e-05
0.034651237,5.722274e-05
0.172086346,6.1249724e-05
0.103955675,5.899821e-05
0.156689905,6.186103e-05
0.183443884,7.585267e-05
0.190520854,6.927947e-05
0.189396773,7.655663e-05
0.314963537,0.00012323691
0.346706671,0.00012354228
0.364079656,0.0001227539
0.277440597,0.00011841562
0.319809925,0.00011905823
0.25238082,0.00011221951
0.079367536,6.8837064e-05
0.076258397,7.1570874e-05
0.09757765,7.518215e-05
0.087373548,7.512018e-05
0.113126079,7.9210266e-05
0.126547435,8.257688e-05
0.153141597,8.82863e-05
0.132787193,8.452711e-05
0.170019038,9.501097e-05
0.079175466,5.9429243e-05
0.072590727,5.866176e-05
0.0521506,5.8247e-05
0.080005087,5.7526577e-05
0.052138714,5.725089e-05
0.063147374,5.697952e-05
0.073428528,6.0472772e-05
0.073502,6.143591e-05
0.084113224,6.400076e-05
0.067699792,6.8069756e-05
0.067728587,6.570261e-05
0.063274401,6.286251e-05
0.104342016,9.468466e-05
0.148726034,9.943849e-05
0.189906137,0.000102971084
0.11202016,8.722247e-05
0.139961059,9.1573085e-05
0.110157886,8.063217e-05
0.207642633,0.000110209236
0.141740495,0.00010662534
0.230728684,0.00011667996
0.215455094,0.00010608049
0.191281153,9.477831e-05
0.235655246,0.00010644254
0.352660927,0.00012951353
0.295296064,0.0001246243
0.375174316,0.0001302459
0.361621681,0.00012672247
0.383489215,0.000127954
0.391040428,0.00012748464
0.380795091,0.00012590757
0.386234601,0.00012621075
0.378487044,0.0001241002
0.352461151,0.00011969845
0.375116299,0.00012319253
0.37252486,0.0001244455
0.221071563,9.149275e-05
0.246745855,0.0001012383
0.27901258,0.00011052731
0.194526577,8.7369524e-05
0.225859941,9.72385e-05
0.164755401,8.285942e-05
0.26509579,0.00010321372
0.305568226,0.00011293703
0.285585741,0.00011206228
0.376397952,0.0001250107
0.331565329,0.0001196345
0.336583131,0.00011999032
0.08394425,3.3176064e-05
0.074252197,3.5484496e-05
0.055083338,3.7996506e-05
0.09489295,3.0914147e-05
0.069558158,3.29709e-05
0.091140163,2.873914e-05
0.072032519,3.7824204e-05
0.072643822,4.322861e-05
0.067434279,4.0611e-05
0.072634941,2.6084952e-05
0.048100721,2.7003856e-05
0.061313309,2.3768203e-05
0.058954805,2.9897545e-05
0.046515135,3.4435314e-05
0.038176301,3.107809e-05
0.063847103,5.1138784e-05
0.046887911,5.717515e-05
0.043437102,6.4018306e-05
0.055381391,4.815123e-05
0.030959453,5.376614e-05
0.042280963,4.51545e-05
0.068113111,5.9015736e-05
0.094246174,6.789233e-05
0.058759083,6.610507e-05
0.080317367,7.54006e-05
0.104943028,7.747214e-05
0.137487285,7.918085e-05
0.138001426,8.8021654e-05
0.16647388,8.992901e-05
0.196188951,0.00010097072
0.230982024,0.00010485858
0.198960527,9.383981e-05
0.26134644,0.00010804636
0.367631055,0.00012931398
0.382175392,0.00012963518
0.389806563,0.00012906929
0.345912109,0.00012819552
0.367796435,0.00012855684
0.331727733,0.00012624907
0.161146816,8.62274e-05
0.171869581,9.613024e-05
0.187268498,0.0001076776
0.138477501,8.7279266e-05
0.144031942,9.7532415e-05
0.121616183,8.8429115e-05
0.122033526,6.458863e-05
0.142961387,6.452371e-05
0.169936404,6.45747e-05
0.138156246,6.94368e-05
0.165928034,6.929439e-05
0.157932253,7.6209704e-05
0.119415608,7.747273e-05
0.122043018,6.97765e-05
0.136453251,7.677609e-05
0.163025847,6.0897037e-05
0.118392098,5.856479e-05
0.081705771,5.7580623e-05
0.122101151,5.8717218e-05
0.090031021,5.7442758e-05
0.080616285,5.747424e-05
0.083352201,5.7094305e-05
0.074379013,5.7417066e-05
0.083909468,5.8047688e-05
0.11483884,6.079172e-05
0.101493001,5.8601923e-05
0.138137328,6.0797665e-05
0.195566224,0.00011518334
0.222156121,0.000119527205
0.272763324,0.0001220987
0.14337216,0.00010919368
0.170889434,0.000113723705
0.090045895,0.00010214329
0.260181795,0.00012260934
0.326165135,0.0001271088
0.293602024,0.00012515426
0.289251973,0.0001226661
0.324507129,0.00012620921
0.353533976,0.00012827798
0.263322344,0.00012089146
0.29693039,0.00012474741
0.230750524,0.00011842284
0.050878394,5.81506e-05
0.030013101,6.0757622e-05
0.020950281,6.590449e-05
0.06341195,5.9129932e-05
0.042464645,6.3015046e-05
0.072018415,6.0883343e-05
0.080297439,7.193361e-05
0.063506757,6.534361e-05
0.041231467,6.874053e-05
0.066762699,8.293352e-05
0.076496791,7.692781e-05
0.025992332,7.31173e-05
0.128654933,8.6922424e-05
0.110419436,8.994292e-05
0.087470512,9.257656e-05
0.065786662,7.84852e-05
0.052409614,8.078059e-05
0.022837282,7.139862e-05
0.150410045,9.6282376e-05
0.161558317,0.00010613054
0.122155095,9.95831e-05
0.354700548,0.00013013324
0.296076166,0.00012674167
0.23736791,0.00012207997
0.293912357,0.00012580038
0.235141423,0.00012089452
0.23307485,0.00011948391
0.15748495,0.00011099596
0.123583677,9.912709e-05
0.165800342,0.00010939059
0.438241055,0.0001321747
0.505001304,0.00013058507
0.463251243,0.00013182696
0.381503987,0.00013141078
0.405020707,0.00013205141
0.323440684,0.00012894488
0.117165693,9.167443e-05
0.131284493,0.00010280764
0.184345746,0.000114503164
0.123131217,9.504508e-05
0.162443092,0.00010634458
0.15046042,9.838762e-05
0.278831141,0.00011468886
0.301911936,0.00011738295
0.323377018,0.00011929376
0.358649503,0.00012390115
0.364253756,0.0001252221
0.408947176,0.00012844686
0.397570137,0.00013019302
0.41322608,0.00012997296
0.404096581,0.00012975674
0.401010278,0.0001286171
0.401724109,0.00012831425
0.377587545,0.00012540325
0.029054456,4.1245763e-05
0.022909107,4.483516e-05
0.042244114,4.8799717e-05
0.023181172,3.7218466e-05
0.023081362,4.0287232e-05
0.018614797,3.34315e-05
0.017945533,4.9277434e-05
0.038704615,5.8923928e-05
0.043309031,5.3832093e-05
0.016967764,2.9286568e-05
0.032652891,3.069013e-05
0.01496329,2.555637e-05
0.030404458,3.53064e-05
0.046712818,4.283134e-05
0.055538494,3.7272654e-05
0.075603559,7.113607e-05
0.118864486,7.889611e-05
0.173795198,8.7098204e-05
0.077220803,6.5362074e-05
0.116724251,7.245132e-05
0.074825952,5.9572543e-05
0.109955217,8.3642946e-05
0.176067482,9.687538e-05
0.172370094,9.222543e-05
0.351533897,0.00011876421
0.29760328,0.0001100897
0.236038107,9.910453e-05
0.305606881,0.00011398354
0.238395122,0.0001038532
0.242440205,0.000107941785
0.378035697,0.00012349496
0.33270679,0.00011979981
0.40022143,0.00012660217
0.381925327,0.00012893621
0.415901185,0.00013012736
0.421827342,0.00012999111
0.386275094,0.0001294078
0.407710111,0.00013028985
0.379822468,0.0001295385
0.327025785,0.00012580122
0.362177155,0.00012779451
0.356768724,0.0001282563
0.113301763,8.0917736e-05
0.102537022,7.483708e-05
0.082343973,7.011152e-05
0.110212427,7.204058e-05
0.098059806,6.782496e-05
0.108715567,6.6006345e-05
0.1222107,8.655362e-05
0.104708457,7.710284e-05
0.116440814,8.364699e-05
0.09489456,6.134936e-05
0.094105557,5.9659942e-05
0.093953769,5.9549937e-05
0.082106741,5.9009122e-05
0.083887347,5.8637517e-05
0.065374764,5.800421e-05
0.049062828,5.895088e-05
0.072826292,6.000759e-05
0.026162966,6.2171996e-05
0.085508552,6.385215e-05
0.101655458,6.0579838e-05
0.097984702,6.24343e-05
0.274506362,0.00011621979
0.31911844,0.00012260095
0.354221976,0.0001267038
0.280433311,0.00011883792
0.323402867,0.0001244212
0.284237536,0.000120994395
0.181450416,0.000109997556
0.149079335,0.00010028303
0.128394762,9.073009e-05
0.157870016,0.0001034068
0.113746129,9.383783e-05
0.131738565,9.61032e-05
0.237843579,0.00011542573
0.209925363,0.000113045484
0.185577587,0.00010601725
0.235001559,0.000113020695
0.185471876,0.000103259954
0.231621242,0.00011017671
0.069050712,6.989774e-05
0.058130344,6.8669346e-05
0.033720088,6.7282075e-05
0.069940933,6.4453496e-05
0.057408735,6.3262705e-05
0.079487883,6.1018003e-05
0.095424442,8.012903e-05
0.057807292,7.3060466e-05
0.075188996,7.442754e-05
0.093296586,8.3271494e-05
0.078531215,7.7036624e-05
0.082325625,8.576965e-05
0.270652775,0.0001247811
0.344270212,0.00013034411
0.41855928,0.00013217652
0.3034882,0.00012684638
0.368834863,0.00013123894
0.326693717,0.00012835706
0.258818916,0.000120471894
0.197665157,0.00010980824
0.226851941,0.00011776968
0.487449328,0.00012929193
0.54950381,0.00012269017
0.505945204,0.00012709695
0.438429405,0.00013175471
0.461693114,0.00013074838
0.395006529,0.0001320161
0.144995506,9.272981e-05
0.141791573,8.764625e-05
0.136674233,8.320382e-05
0.118254393,8.2127255e-05
0.111300777,7.8332225e-05
0.088645768,7.389972e-05
0.217828179,0.00011107262
0.200929838,0.000107285574
0.174819185,0.000102988306
0.248012175,0.00011762538
0.227024057,0.00011404506
0.285982043,0.00012358376
0.183996937,0.00010102149
0.158782138,9.14788e-05
0.165957328,9.6978365e-05
0.384869042,0.00012444274
0.405341041,0.00012730988
0.420618857,0.00012900657
0.408835372,0.00012743498
0.425204654,0.00012904406
0.404878779,0.00012859209
0.401150935,0.00012940864
0.408060256,0.00012930909
0.432300191,0.00012989285
0.025409537,3.0668714e-05
0.024539612,2.539251e-05
0.053359359,3.171989e-05
0.05132217,3.3208024e-05
0.021430391,2.6939508e-05
0.027379,3.3636337e-05
0.028734476,2.722175e-05
0.044034994,3.281631e-05
0.048948172,3.3415476e-05
0.068994954,4.1245905e-05
0.089080974,5.327369e-05
0.134628468,6.86621e-05
0.069251408,4.252188e-05
0.069337679,5.5355667e-05
0.044694087,4.374926e-05
0.072209019,5.4664724e-05
0.100685788,6.1295876e-05
0.072312906,4.771001e-05
0.110271662,6.70164e-05
0.161619224,8.137857e-05
0.152755937,7.518609e-05
0.351763993,0.00011612118
0.294799351,0.000102707345
0.214148832,8.5736094e-05
0.303401327,0.00010840748
0.225127171,9.23383e-05
0.244615032,9.829932e-05
0.348227284,0.00011818728
0.349359039,0.00011730214
0.304088946,0.000109414046
0.382733339,0.00012377817
0.397245928,0.0001266976
0.382264057,0.00012284757
0.359258718,0.0001271542
0.335298521,0.0001242624
0.317455661,0.00012013352
0.374513888,0.00012803785
0.352458321,0.00012577466
0.38216133,0.0001282391
0.293297268,0.000117957745
0.304168982,0.000119237055
0.328363151,0.00012364426
0.048347374,6.5020955e-05
0.066556205,6.2324194e-05
0.087713212,6.056397e-05
0.058034664,6.601654e-05
0.078740747,6.275784e-05
0.061075413,6.771013e-05
0.097236022,7.479563e-05
0.062640335,6.883683e-05
0.070636025,7.098859e-05
0.042737249,6.3605534e-05
0.052955412,6.469803e-05
0.063743905,6.680847e-05
0.059551157,6.1961844e-05
0.066505045,6.2731415e-05
0.078536426,6.0578583e-05
0.046576167,6.285171e-05
0.063449375,6.155525e-05
0.049259929,6.327763e-05
0.240874351,0.00010862881
0.204275174,0.00010203608
0.160446099,9.53514e-05
0.21577396,0.00010031804
0.183829766,9.3976385e-05
0.19290591,9.233315e-05
0.262175003,0.00011074289
0.236047568,0.00010256332
0.277758038,0.00011250899
0.034548259,6.6185894e-05
0.036799419,6.929401e-05
0.067544611,7.260561e-05
0.052476894,6.827968e-05
0.066498508,7.235327e-05
0.069904642,7.143025e-05
0.111834621,8.596442e-05
0.082888955,7.800878e-05
0.103086405,7.810296e-05
0.154664579,8.3869265e-05
0.14162381,8.509165e-05
0.119424129,7.7432436e-05
0.089459146,7.49552e-05
0.075653907,7.112819e-05
0.057837186,6.7782064e-05
0.106152421,7.7227334e-05
0.086891166,7.274198e-05
0.121470921,7.997101e-05
0.345178816,0.00012945454
0.410748621,0.00013216367
0.476973486,0.0001300811
0.359450516,0.00013015627
0.424796216,0.00013217177
0.369877423,0.00013058782
0.261023969,0.00011948051
0.302279939,0.00012512904
0.314874367,0.00012613453
0.57269273,0.00012087047
0.662835657,0.00010890271
0.606861664,0.00011713485
0.512496725,0.00012790326
0.543676624,0.00012542102
0.455991161,0.00013172657
0.201353018,0.00010793712
0.239993379,0.00011598003
0.290513678,0.00012287627
0.189625041,0.00010455681
0.226418446,0.00011206249
0.182745886,0.00010099606
0.172970315,9.846976e-05
0.164188754,9.578549e-05
0.151512648,8.9635585e-05
0.121292185,8.21184e-05
0.136854388,8.56204e-05
0.151183364,9.104013e-05
0.0126,2.8412715e-05
0.0126,2.331991e-05
0.014415443,2.8996938e-05
0.052516885,4.2387608e-05
0.032335149,3.703826e-05
0.018265863,3.2149597e-05
0.032789957,3.7663314e-05
0.020871557,3.2808428e-05
0.020218098,3.3358672e-05
0.050245434,4.483978e-05
0.030104281,3.9881088e-05
0.020263859,3.536289e-05
0.040479771,4.721607e-05
0.026130813,4.204397e-05
0.033151722,4.9506172e-05
0.039631546,4.316834e-05
0.035054175,3.6526508e-05
0.069146397,3.753502e-05
0.392846559,0.00012450476
0.403086718,0.00012460709
0.382147906,0.00012208226
0.391447226,0.00012629743
0.396160583,0.00012583757
0.391703681,0.00012765004
0.372412072,0.000126657
0.346630788,0.00012310925
0.371502243,0.00012452967
0.076059653,4.239668e-05
0.059506801,4.2664044e-05
0.040012061,4.2774256e-05
0.078943319,5.4156746e-05
0.074168952,5.40685e-05
0.101428247,6.768268e-05
0.042310013,5.5591252e-05
0.062014321,4.8634178e-05
0.067613863,6.167194e-05
0.038983408,5.4920944e-05
0.104665634,6.8870155e-05
0.102593978,6.8561654e-05
0.292616454,0.00011017934
0.222627353,9.8093646e-05
0.150899279,8.325708e-05
0.25305805,9.875569e-05
0.175587265,8.3880885e-05
0.204595551,8.380016e-05
0.345026712,0.00011456782
0.329075793,0.00011258703
0.281597386,0.00010095375
0.375034499,0.00012037462
0.383428382,0.00012269372
0.350949382,0.0001182677
0.279541658,0.00010923762
0.323296167,0.00011698774
0.369305393,0.00012205029
0.300804083,0.00011309221
0.342385592,0.00012023788
0.313822596,0.00011676462
0.231896687,9.485744e-05
0.251589611,0.000100055506
0.268133848,0.00010496032
0.262456891,0.00010398634
0.2822056,0.00010893373
0.28980183,0.00011285915
0.21924649,9.404911e-05
0.249590745,0.00010332922
0.204540077,9.320278e-05
0.032538462,6.435453e-05
0.036215798,6.538328e-05
0.053106955,6.665086e-05
0.029734355,6.6262925e-05
0.04927737,6.654679e-05
0.032161064,6.858077e-05
0.05942876,7.047085e-05
0.044569878,6.780336e-05
0.050154692,6.769056e-05
0.03476733,6.596004e-05
0.042982884,6.535777e-05
0.037190823,6.423278e-05
0.166707515,8.531794e-05
0.138548368,7.853904e-05
0.10672297,7.3659525e-05
0.134673774,7.96564e-05
0.118346602,7.448303e-05
0.110752398,7.5309006e-05
0.173210215,8.607731e-05
0.139304223,8.0270016e-05
0.187460558,8.6864165e-05
0.077359087,6.846385e-05
0.080360807,6.932695e-05
0.067780676,7.0704744e-05
0.080243848,6.765363e-05
0.060300264,6.789179e-05
0.076258714,6.701368e-05
0.093771633,6.985802e-05
0.104254886,7.207124e-05
0.105988596,7.1462884e-05
0.08574873,7.612288e-05
0.120811308,8.3011524e-05
0.153313737,9.1321584e-05
0.087583913,7.70168e-05
0.122742034,8.349122e-05
0.097436223,7.760935e-05
0.057200778,7.159367e-05
0.067508261,7.2512e-05
0.055676421,6.881412e-05
0.644533047,0.0001098165
0.71624913,9.522173e-05
0.659595151,0.00010647944
0.587355436,0.00012078312
0.50270518,0.00013126084
0.399982569,0.00012981561
0.574517979,0.00012312585
0.482332524,0.00013189146
0.553283844,0.0001256476
0.378508895,0.00013061422
0.469240147,0.00013174937
0.391612226,0.00013037454
0.294344464,0.00012276854
0.30245962,0.00012206421
0.230613236,0.00011190699
0.18000055,9.859196e-05
0.214933482,0.000108255124
0.2949167,0.00011806786
0.182472369,9.566762e-05
0.230102315,0.000104073886
0.187220678,9.241554e-05
0.155961616,8.7423e-05
0.124756046,8.2443425e-05
0.152880611,8.9580855e-05
0.688466716,9.469771e-05
0.674970069,9.89064e-05
0.732882461,8.3950035e-05
0.714319761,8.792896e-05
0.697584622,8.93134e-05
0.756497592,7.750139e-05
0.0126,2.8191122e-05
0.0126,2.8527553e-05
0.0126,2.3272567e-05
0.016988201,3.3425746e-05
0.026610633,3.9955354e-05
0.040900759,4.7185717e-05
0.012819725,3.391171e-05
0.01836231,4.0405805e-05
0.014088313,3.422302e-05
0.053774423,4.4118315e-05
0.049162082,4.573526e-05
0.031725763,3.8538998e-05
0.07518638,4.9673017e-05
0.093656594,5.7519046e-05
0.107234343,6.562343e-05
0.076434248,5.153676e-05
0.090954443,5.938535e-05
0.065389591,5.3204978e-05
0.07314751,5.235019e-05
0.059228362,5.4919234e-05
0.089793936,6.0396633e-05
0.116842049,7.905796e-05
0.072540653,6.900981e-05
0.050450694,5.8951227e-05
0.087598023,7.5816264e-05
0.054742093,6.5503635e-05
0.086467816,7.193248e-05
0.107314878,7.471575e-05
0.1088561,7.023032e-05
0.081109627,6.474309e-05
0.348436169,0.00011611071
0.344849406,0.000117854994
0.320631055,0.00011601202
0.353786023,0.00011938352
0.362811313,0.00012049387
0.379730792,0.00012217634
0.294710083,0.00011300178
0.321700776,0.000115364164
0.342625023,0.00011894075
0.273246687,0.000104562656
0.179749073,9.5411866e-05
0.121105169,8.228579e-05
0.260993328,0.00010701709
0.19294366,9.703104e-05
0.268189323,0.00010887002
0.170596919,8.882253e-05
0.131087037,8.600905e-05
0.225002227,9.7463315e-05
0.349832489,0.00011485826
0.3313165,0.00011119265
0.312415035,0.000113895316
0.226987395,9.688396e-05
0.275350809,0.00010501688
0.318802578,0.00011176681
0.239325033,0.00010095083
0.278700197,0.00010910349
0.25915622,0.00010511009
0.196217801,9.0344765e-05
0.222719452,9.401369e-05
0.243095195,9.796057e-05
0.19431716,8.39127e-05
0.205355488,8.696307e-05
0.186251992,7.827338e-05
0.206024836,8.835439e-05
0.191352542,8.280253e-05
0.226509886,9.314095e-05
0.168104539,8.151442e-05
0.138034136,7.619287e-05
0.174125634,7.718131e-05
0.085927504,7.352487e-05
0.067383876,7.0873e-05
0.034195894,6.9275244e-05
0.071810124,7.000317e-05
0.061414318,6.8649475e-05
0.075041113,6.7795496e-05
0.06136536,6.7951754e-05
0.070947304,6.773339e-05
0.039490653,6.8233814e-05
0.07582262,6.85216e-05
0.045684695,6.81056e-05
0.024674674,6.8450696e-05
0.067389932,6.849121e-05
0.033724594,6.815108e-05
0.059342467,6.841113e-05
0.118604157,6.996243e-05
0.172711113,7.318073e-05
0.10157898,6.962984e-05
0.143582992,7.24659e-05
0.108484594,7.1886345e-05
0.094832481,6.976394e-05
0.160944125,8.5681444e-05
0.132401275,8.049462e-05
0.099953669,7.660186e-05
0.130745199,8.162141e-05
0.106642535,7.721883e-05
0.104795933,7.758014e-05
0.080137,7.370758e-05
0.057599263,7.1173905e-05
0.086125837,7.3740586e-05
0.176400829,8.5449465e-05
0.148179077,8.223812e-05
0.122739071,7.933503e-05
0.191064391,8.7764034e-05
0.16239533,8.3968596e-05
0.190026282,9.011311e-05
0.777282679,8.584903e-05
0.765752888,8.625745e-05
0.802518232,7.586871e-05
0.612575582,0.000115247756
0.630993796,0.000111227215
0.645095068,0.00010762256
0.568207091,0.00012541255
0.588222867,0.00012274146
0.512228997,0.00013151493
0.485738203,0.00013216875
0.445859922,0.00013170126
0.536781833,0.00012879836
0.426349219,0.00012978383
0.345695973,0.000119508404
0.287555873,0.0001069871
0.399297662,0.00012749771
0.325090122,0.000116221054
0.361342767,0.00012428657
0.259101918,0.000101807265
0.222937612,9.700228e-05
0.279510964,0.00011007834
0.218692491,9.097764e-05
0.222840005,9.398652e-05
0.250701776,9.810859e-05
0.627809825,0.00011852526
0.671448923,0.00010798214
0.707323129,9.713252e-05
0.700607158,0.00010822848
0.732771828,9.693626e-05
0.750425507,9.698506e-05
0.667121478,0.00010077198
0.592716501,0.00011445983
0.550577919,0.00012579738
0.646020186,0.000101682395
0.602841866,0.00011520483
0.651978721,0.0001029942
0.552248112,0.0001280479
0.536811209,0.0001300455
0.601574251,0.00011895547
0.588834666,0.00012096045
0.549572685,0.00012340391
0.628154641,0.000111165864
0.820703487,8.489369e-05
0.805780249,8.5231506e-05
0.830187091,7.5541466e-05
0.018637487,2.8994027e-05
0.022428686,2.9077608e-05
0.013105633,2.4106103e-05
0.042311698,3.490276e-05
0.035923425,3.501007e-05
0.022612872,3.488251e-05
0.061065432,4.1609066e-05
0.045641344,4.1724616e-05
0.070653055,4.8923135e-05
0.033765336,4.8153048e-05
0.050262008,4.8732272e-05
0.025081467,4.122131e-05
0.055996167,5.62062e-05
0.076166734,6.512166e-05
0.098876254,7.3142655e-05
0.058494679,5.6856057e-05
0.076019046,6.520438e-05
0.069795896,5.702917e-05
0.080732112,6.26005e-05
0.108462638,6.898158e-05
0.104553454,7.151791e-05
0.126409586,7.63022e-05
0.164356634,8.575886e-05
0.198450054,9.319535e-05
0.138320443,7.883963e-05
0.172432668,8.703541e-05
0.138151657,8.032118e-05
0.160757312,8.5301115e-05
0.184585218,9.0109286e-05
0.135730015,8.089887e-05
0.223234059,9.402134e-05
0.273857342,0.000101244084
0.227695893,9.745682e-05
0.314611037,0.000107482774
0.3422065,0.00011094918
0.337099377,0.00011186454
0.293405576,0.00010634759
0.304096127,0.00010699488
0.250120082,0.00010172852
0.226455815,9.954446e-05
0.266522207,0.000103729835
0.242222912,0.00010223549
0.262928956,9.954196e-05
0.26542551,0.000101287005
0.307594977,0.00010666448
0.177082589,8.632837e-05
0.191615939,9.157527e-05
0.220931635,9.7069016e-05
0.188180607,8.904928e-05
0.235322012,9.528429e-05
0.208179172,9.266998e-05
0.136492108,7.863087e-05
0.141934806,8.331316e-05
0.177868695,8.9554516e-05
0.148661645,7.820624e-05
0.167710594,8.353537e-05
0.175600376,7.812857e-05
0.14618481,8.119177e-05
0.16385311,8.378831e-05
0.159267365,8.6207365e-05
0.145654516,7.340484e-05
0.106027372,7.0103786e-05
0.063956742,6.842628e-05
0.07677697,7.091721e-05
0.054399536,6.899655e-05
0.061251878,7.0646696e-05
0.118546369,7.476091e-05
0.121622408,7.38264e-05
0.084560106,7.217463e-05
0.077029403,7.406332e-05
0.079748846,7.212878e-05
0.079669002,7.064418e-05
0.06850932,7.1868046e-05
0.069564531,7.045168e-05
0.043370553,6.998834e-05
0.029451147,6.8200716e-05
0.035328963,6.882964e-05
0.058977747,6.913388e-05
0.039381824,6.830983e-05
0.039178966,6.917795e-05
0.03562518,6.914651e-05
0.138991118,8.2085055e-05
0.104311055,7.934033e-05
0.085120437,7.709915e-05
0.116197295,7.947988e-05
0.091474766,7.7219825e-05
0.096746027,7.70751e-05
0.082348198,7.453209e-05
0.08263107,7.240873e-05
0.07964511,7.443321e-05
0.169006178,8.546667e-05
0.212790545,9.101273e-05
0.247156619,9.8259916e-05
0.154354868,8.5306914e-05
0.191842568,9.0868314e-05
0.128910286,8.500689e-05
0.127214493,8.2036146e-05
0.115172725,8.18242e-05
0.098362866,7.925687e-05
0.773263881,9.5414536e-05
0.787204948,9.53703e-05
0.793229778,9.537773e-05
0.734841349,0.00010572778
0.740088632,0.00010601084
0.677789898,0.00011583485
0.668613649,0.000116653806
0.653054617,0.00011753673
0.71853138,0.00010694356
0.501772802,0.00013203535
0.545771196,0.00012969252
0.590021749,0.00012491977
0.560067865,0.00012942619
0.6090234,0.00012432369
0.618554545,0.00012380104
0.479645033,0.0001321774
0.382226594,0.00012571916
0.276777833,0.00011208317
0.477894182,0.00013189195
0.369399434,0.0001236123
0.448567808,0.00013100803
0.284804769,0.000109037035
0.356595183,0.00012180421
0.278562778,0.000110758214
0.163783793,9.1509515e-05
0.224594369,9.953233e-05
0.209586982,0.00010053252
0.541073597,0.00012828443
0.452260753,0.00013217068
0.369034273,0.00012909711
0.505068667,0.00012959122
0.432354627,0.0001321103
0.498814315,0.00013074005
0.338858147,0.00012451355
0.312550769,0.000118587275
0.408063351,0.000130136
0.455845692,0.00013206202
0.411404081,0.00013106232
0.499216224,0.00013147098
0.783382252,9.4906216e-05
0.730506854,0.00010573504
0.676249184,0.00011619491
0.737932728,0.000105875275
0.678476724,0.00011607578
0.678933002,0.00011594381
0.769766787,9.4964e-05
0.72644217,0.000106049876
0.811182427,8.401638e-05
0.774697491,9.494344e-05
0.820944818,8.4302614e-05
0.832749988,7.414763e-05
0.014414922,2.7308435e-05
0.012850001,2.3260074e-05
0.0166147,2.8189112e-05
0.013981199,3.1634274e-05
0.01848071,3.272405e-05
0.030611852,3.37325e-05
0.018241365,3.7610425e-05
0.02970862,3.881163e-05
0.019091571,4.411007e-05
0.053367066,4.0301788e-05
0.074858826,4.747311e-05
0.045517421,4.5830817e-05
0.082152031,5.6845787e-05
0.081190031,6.4004984e-05
0.090304717,7.0153976e-05
0.065199104,5.49903e-05
0.067268762,6.197579e-05
0.038586688,5.31049e-05
0.082280255,6.4815635e-05
0.087247983,7.244937e-05
0.087398341,7.1303075e-05
0.110312683,8.0995786e-05
0.108102884,8.625239e-05
0.105001406,8.895244e-05
0.095224423,7.934808e-05
0.101451795,8.4020314e-05
0.096451724,7.77268e-05
0.144556412,8.725797e-05
0.176639075,9.294125e-05
0.130760063,9.1241876e-05
0.179249162,9.712332e-05
0.188191866,9.793177e-05
0.130763986,9.370751e-05
0.161485636,8.634215e-05
0.143905477,8.6666325e-05
0.133743935,8.723316e-05
0.170777955,9.061897e-05
0.145336491,8.982133e-05
0.183492904,9.5168834e-05
0.124169719,8.887705e-05
0.112314403,8.975935e-05
0.132219275,9.252168e-05
0.161303578,8.268845e-05
0.146810509,8.067414e-05
0.129475869,8.004257e-05
0.148857263,8.373675e-05
0.141390424,8.271151e-05
0.140113077,8.5155225e-05
0.152505405,8.035107e-05
0.144633031,7.800115e-05
0.140651166,7.8475074e-05
0.123553843,7.514705e-05
0.087697211,7.327512e-05
0.116320582,7.6534e-05
0.061500233,7.124662e-05
0.056330777,7.008222e-05
0.078082051,7.044902e-05
0.082677999,7.2250135e-05
0.100610688,7.105233e-05
0.067037862,7.303042e-05
0.098853326,7.526437e-05
0.140115062,7.817617e-05
0.155677618,8.13921e-05
0.091861896,7.424001e-05
0.106667511,7.678829e-05
0.072939373,7.312269e-05
0.108602371,8.023378e-05
0.088007448,7.646604e-05
0.126202666,8.0847356e-05
0.080775264,7.579615e-05
0.083430991,7.755517e-05
0.090967626,7.966873e-05
0.069052449,7.4526004e-05
0.073512716,7.594789e-05
0.055125255,7.3395204e-05
0.080312232,7.364695e-05
0.072113118,7.2790295e-05
0.085155867,7.1906434e-05
0.036580469,7.196269e-05
0.053262178,7.18672e-05
0.086392504,7.136623e-05
0.108766874,8.3047e-05
0.102111669,8.3793624e-05
0.110927192,8.445244e-05
0.132235035,8.997384e-05
0.144259329,9.081902e-05
0.198692709,9.968526e-05
0.085937367,7.855497e-05
0.071060011,7.548513e-05
0.087175584,7.914485e-05
0.080364134,7.397973e-05
0.043879013,7.371977e-05
0.037153611,7.342936e-05
0.055540767,7.247504e-05
0.035883933,7.219479e-05
0.041918255,7.240223e-05
0.614074063,0.00012467644
0.613934312,0.00012492783
0.612149055,0.00012517956
0.549750899,0.00013052086
0.545571187,0.00013070116
0.483345527,0.00013212966
0.499972202,0.00013214425
0.556818632,0.0001299909
0.49459793,0.00013217921
0.433145732,0.00013056313
0.367959071,0.0001244275
0.303536003,0.00011570034
0.390174558,0.00012844331
0.326319332,0.000121001605
0.346637333,0.0001256058
0.432119004,0.00013002292
0.4238993,0.00012939346
0.36635359,0.00012339707
0.279971505,0.00011750247
0.198516408,0.000103895305
0.149185284,9.275824e-05
0.253621927,0.00011144778
0.174419099,9.8848635e-05
0.227731335,0.00010547051
0.125435641,8.576867e-05
0.150721635,9.407805e-05
0.138812435,8.8988025e-05
0.230940892,0.000107016094
0.175364766,9.9224155e-05
0.252012325,0.00011232921
0.478915226,0.00013217898
0.477738078,0.00013216939
0.48015334,0.00013215192
0.549993476,0.00013029903
0.547858395,0.00013051892
0.617622194,0.0001246874
0.771220978,9.341828e-05
0.730626116,0.000103756596
0.735792784,0.00010499898
0.684971908,0.000114848095
0.685366449,0.00011559907
0.549509005,0.00013017695
0.622584986,0.0001243839
0.620821801,0.00012394886
0.784467246,8.342098e-05
0.012785442,2.8040085e-05
0.013275139,3.363307e-05
0.014223763,3.9859573e-05
0.012760231,2.9795581e-05
0.014476261,3.5707573e-05
0.012600121,2.436116e-05
0.020065559,4.9819686e-05
0.028108592,5.5749577e-05
0.034123025,6.189347e-05
0.019432322,4.551607e-05
0.029642738,5.1594358e-05
0.019137272,4.1161496e-05
0.039694998,5.8685913e-05
0.070989111,6.6983994e-05
0.036544416,6.429377e-05
0.085040645,7.7066965e-05
0.049619217,8.296379e-05
0.057604576,8.795901e-05
0.0471389,7.505679e-05
0.025316807,8.235126e-05
0.032314637,7.3429626e-05
0.103976352,8.253302e-05
0.110070797,8.639085e-05
0.090777624,8.619757e-05
0.119249115,8.77875e-05
0.136875647,8.810058e-05
0.128321758,8.866125e-05
0.176547209,9.119894e-05
0.165242765,9.196813e-05
0.137009831,9.105422e-05
0.167034424,8.883074e-05
0.1613919,8.955588e-05
0.147917179,8.71277e-05
0.146441465,8.558782e-05
0.131037114,8.348931e-05
0.155379142,8.743238e-05
0.137841397,8.4438434e-05
0.16221716,8.54054e-05
0.169956437,8.883763e-05
0.159520375,8.2139806e-05
0.119612559,7.8566256e-05
0.066257087,7.542785e-05
0.146084611,8.2603314e-05
0.096361074,7.87008e-05
0.160610189,8.2852726e-05
0.096000616,7.621866e-05
0.126744356,7.928269e-05
0.060181503,7.584922e-05
0.241071259,9.2923234e-05
0.204963318,8.9180496e-05
0.177812545,8.523037e-05
0.219860732,9.010577e-05
0.181572334,8.606063e-05
0.188466214,8.6644715e-05
0.220910951,9.281442e-05
0.195684299,9.2245515e-05
0.188966834,8.925127e-05
0.111482599,7.946162e-05
0.113811793,7.663134e-05
0.105514643,7.473311e-05
0.08762031,7.602595e-05
0.095756018,7.417583e-05
0.072820167,7.3762276e-05
0.130820621,8.1472666e-05
0.132080119,8.3856066e-05
0.121786981,7.81114e-05
0.106762873,7.318642e-05
0.081492119,7.280088e-05
0.103138002,7.335796e-05
0.124982542,7.556803e-05
0.129893815,7.4258154e-05
0.121186475,7.390144e-05
0.157544539,7.7725024e-05
0.157944273,7.589601e-05
0.18141184,8.049591e-05
0.149697963,7.850341e-05
0.182830561,8.133999e-05
0.181946068,8.2158745e-05
0.391408459,0.00012916718
0.325382803,0.00012176444
0.283036695,0.000112477384
0.396791816,0.00012892977
0.333065921,0.00012139236
0.404988348,0.00012873297
0.353222928,0.00012236657
0.296485447,0.000113400805
0.307677913,0.000114510294
0.229902183,0.00010267343
0.238825476,0.00010163297
0.234002201,0.00010078601
0.176674455,9.2224e-05
0.178583994,9.153861e-05
0.13305063,8.4837186e-05
0.140524552,8.9757115e-05
0.176302761,9.552501e-05
0.135877432,8.7071756e-05
0.118462225,8.1857725e-05
0.105285234,8.019217e-05
0.106656105,7.6935e-05
0.422635857,0.00013112603
0.49241307,0.000132034
0.561388567,0.00012870596
0.384819698,0.00012842487
0.444547709,0.00013182095
0.350043245,0.00012474124
0.347553929,0.00012531193
0.322903444,0.00012075246
0.296020128,0.00011658128
0.399246743,0.00012939725
0.509512888,0.00013179265
0.615489712,0.00012246003
0.456432228,0.0001319548
0.574047626,0.00012846607
0.675995053,0.00011004363
0.016262368,3.4617817e-05
0.035720226,4.4856733e-05
0.061285263,5.5724726e-05
0.02840747,3.7757298e-05
0.063727708,4.8513757e-05
0.015106644,2.9290602e-05
0.082618682,6.856961e-05
0.120986255,7.446384e-05
0.147576115,7.9056656e-05
0.098879406,6.221307e-05
0.102109674,6.7707515e-05
0.073821455,5.4430446e-05
0.073877258,7.936311e-05
0.042678135,8.709926e-05
0.10874437,8.436516e-05
0.204296526,8.881248e-05
0.127563461,9.185326e-05
0.091807803,9.2537186e-05
0.276535941,9.493483e-05
0.215475846,9.588752e-05
0.319528388,9.817147e-05
0.194121913,9.48959e-05
0.2676678,9.7267715e-05
0.150006781,9.466188e-05
0.288776777,9.662316e-05
0.314212853,9.839947e-05
0.249937715,9.5966774e-05
0.272322439,9.490254e-05
0.298590416,9.668241e-05
0.319520289,9.826554e-05
0.306881027,9.836595e-05
0.325227832,9.983991e-05
0.318691108,9.9739016e-05
0.253372846,9.2004484e-05
0.229365953,8.833592e-05
0.281302671,9.379529e-05
0.231970637,8.781759e-05
0.210830815,8.7129745e-05
0.273047824,9.35616e-05
0.259783703,9.283838e-05
0.279927096,9.517493e-05
0.305704327,9.7012045e-05
0.222191409,8.862348e-05
0.242291684,9.12965e-05
0.197476177,8.435132e-05
0.096334404,7.95026e-05
0.105398883,7.751999e-05
0.151451068,7.924823e-05
0.091109977,7.662791e-05
0.115480801,7.622698e-05
0.10206901,7.486262e-05
0.174970569,7.965706e-05
0.14041947,7.572453e-05
0.150868139,7.915557e-05
0.22430433,8.776158e-05
0.190221477,8.344983e-05
0.186402975,8.278754e-05
0.233544848,0.00010232094
0.2500252,0.00010643003
0.266006776,0.000110988236
0.192836464,9.435339e-05
0.206987917,9.807884e-05
0.161879128,8.8851935e-05
0.185233923,9.266456e-05
0.148846672,8.6954446e-05
0.138322551,8.565333e-05
0.092916119,8.062302e-05
0.116796742,8.229699e-05
0.127147455,7.935568e-05
0.285294008,0.00011734911
0.31963025,0.0001238011
0.366917718,0.00012902314
0.241008401,0.00011061498
0.265956795,0.00011791702
0.204408818,0.00010553526
0.222307931,0.000103876984
0.187344478,9.881705e-05
0.175919853,9.3288516e-05
0.242887011,0.00011463706
0.341657379,0.0001259802
0.472500452,0.00013212665
0.341117538,0.00012367846
0.458113673,0.00013129158
0.580674006,0.00012951333
0.039873949,4.7483954e-05
0.033579011,4.4479577e-05
0.079903688,5.9854312e-05
0.05696803,5.759985e-05
0.112564559,7.0282265e-05
0.017483944,3.6754947e-05
0.29381729,9.5317686e-05
0.285053926,9.4573275e-05
0.271846803,9.3739276e-05
0.257989635,8.9862144e-05
0.240988261,8.879788e-05
0.204954371,8.392265e-05
0.119914047,6.086842e-05
0.155410455,7.1278555e-05
0.184303677,8.066496e-05
0.186298892,7.15968e-05
0.219488288,8.1311286e-05
0.238429782,8.141064e-05
0.237418551,9.011273e-05
0.281424696,9.61372e-05
0.258639728,9.0813e-05
0.311895153,8.974765e-05
0.318768309,9.630311e-05
0.316712156,9.928207e-05
0.369359112,9.593321e-05
0.374499106,9.991668e-05
0.401970061,0.0001000625
0.366973101,0.000101344085
0.392139366,0.00010194965
0.351556285,0.00010107377
0.344883265,0.000102400925
0.370921985,0.000102790706
0.395605393,0.000102021004
0.349355977,0.0001015982
0.379113434,0.00010235541
0.342235179,0.00010019113
0.30017815,9.744774e-05
0.331316776,0.00010064947
0.321298032,9.909959e-05
0.307041992,9.809318e-05
0.313286457,9.85972e-05
0.328252774,0.00010098783
0.159824996,8.5819534e-05
0.16431899,8.981272e-05
0.172183977,9.470964e-05
0.194927258,8.690767e-05
0.176269336,9.0445756e-05
0.22508094,9.111694e-05
0.176631774,8.268942e-05
0.230890557,8.689842e-05
0.196107197,8.275308e-05
0.276861915,9.3447285e-05
0.241606044,8.798954e-05
0.259064462,9.188358e-05
0.33980802,0.00012193491
0.266413913,0.0001116993
0.23647751,0.000104002436
0.256474366,0.000112776346
0.216355974,0.00010370224
0.197905246,0.000103781225
0.183394147,9.586165e-05
0.207216801,9.793623e-05
0.201554838,9.395907e-05
0.274431734,0.0001108047
0.328718761,0.00012044625
0.41000371,0.00012924193
0.317328643,0.00011791299
0.391168698,0.00012718007
0.471519168,0.00013211751
0.199633155,7.119494e-05
0.146048392,6.116779e-05
0.156976695,6.1086874e-05
0.124881218,5.163398e-05
0.104452774,5.0887294e-05
0.094421706,4.2155185e-05
0.304426367,9.83722e-05
0.286907682,9.675498e-05
0.272730156,9.531716e-05
0.311368549,0.00010022594
0.294861852,9.885369e-05
0.315630082,0.00010100078
0.325257614,0.00010071931
0.325534906,0.000101726844
0.332307929,0.00010221093
0.110835678,6.112852e-05
0.178518706,7.0608716e-05
0.252940993,8.0747915e-05
0.146282572,7.006645e-05
0.245960627,7.9949044e-05
0.193375012,7.911639e-05
0.376976428,9.587935e-05
0.310948551,8.8742694e-05
0.330936848,8.9364374e-05
0.224608428,8.733152e-05
0.314661185,9.509643e-05
0.397723727,9.9928504e-05
0.238707221,9.3915995e-05
0.311240184,9.938243e-05
0.274483172,9.837929e-05
0.340957359,0.000102738195
0.30949057,0.00010145536
0.356313701,0.00010195687
0.330851008,0.00010238731
0.333477922,0.00010171755
0.315138687,0.0001009547
0.24445897,9.991046e-05
0.2535241,9.8732045e-05
0.272252821,9.832413e-05
0.242748471,9.753797e-05
0.271230149,9.852471e-05
0.260125781,9.61607e-05
0.306788073,0.000100200006
0.287802913,9.8656514e-05
0.291992662,9.926959e-05
0.258867019,0.00010190485
0.283397319,0.0001038082
0.27171615,0.0001045149
0.270040554,0.0001080037
0.28762021,0.00010984295
0.316914987,0.0001159248
0.277613695,9.89156e-05
0.266605542,9.803904e-05
0.271793589,0.00010009571
0.398485483,0.000121641075
0.388815179,0.000118412725
0.310834117,0.00011292663
0.313130414,0.00010891025
0.257687584,0.00010479937
0.480675254,0.00012605233
0.094739659,6.955209e-05
0.063666325,6.1015246e-05
0.082499055,6.107155e-05
0.048778776,5.3090745e-05
0.058686359,5.2681797e-05
0.036162046,4.5049226e-05
0.256212492,9.399586e-05
0.268750103,9.5836476e-05
0.280445735,9.72976e-05
0.308926206,9.8473596e-05
0.317599174,9.9883895e-05
0.324225549,0.00010072042
0.310898119,9.939788e-05
0.290032486,9.785275e-05
0.29490876,9.658157e-05
0.064881261,6.0774208e-05
0.092456462,6.8939e-05
0.138400009,7.812844e-05
0.093288698,6.8215864e-05
0.114304955,7.706487e-05
0.107512977,7.580023e-05
0.222391746,9.2672635e-05
0.142833222,8.4712934e-05
0.172198319,8.615139e-05
0.207477168,8.9454166e-05
0.145675113,8.318974e-05
0.216163545,9.1248214e-05
0.229174325,8.825576e-05
0.255934934,9.041214e-05
0.25777509,9.2324924e-05
0.261411322,9.331945e-05
0.281587554,9.503159e-05
0.27249294,9.6635435e-05
0.226285777,8.911166e-05
0.243201635,9.355991e-05
0.26274107,9.657153e-05
0.236789337,9.33668e-05
0.264139896,9.6354815e-05
0.247796505,9.7479504e-05
0.21638722,8.844729e-05
0.247653852,9.335183e-05
0.215990523,8.8656125e-05
0.20309986,8.793563e-05
0.230319045,9.420407e-05
0.235586074,9.8875375e-05
0.249376735,9.53456e-05
0.265508259,0.00010090108
0.312378574,0.00010425103
0.224833975,8.8034685e-05
0.22575176,9.334541e-05
0.211864717,8.752114e-05
0.227910794,8.85267e-05
0.30009718,9.765007e-05
0.371282667,0.000108083346
0.286755518,9.025313e-05
0.363035563,0.000101031095
0.424380512,0.00011019354
0.096174685,6.7306835e-05
0.08473129,5.965959e-05
0.082099729,6.0408387e-05
0.088761425,5.3362008e-05
0.051196262,5.3555188e-05
0.054664784,4.6918838e-05
0.061426966,5.8688536e-05
0.090124516,6.62887e-05
0.111269914,7.463547e-05
0.083334065,6.46559e-05
0.113729972,7.291844e-05
0.117369994,7.0567105e-05
0.217406107,8.729264e-05
0.168109771,7.9101184e-05
0.154888452,8.143156e-05
0.206527363,8.298413e-05
0.16366425,7.691502e-05
0.227471034,8.528199e-05
0.162981389,7.51154e-05
0.149031682,7.387653e-05
0.139695398,7.239046e-05
0.172776215,7.9796584e-05
0.172817544,7.851127e-05
0.196646253,8.423527e-05
0.191590598,8.447808e-05
0.207560594,8.475704e-05
0.185356118,8.005046e-05
0.166100918,8.079202e-05
0.147226554,7.452986e-05
0.129750329,6.8971414e-05
0.200431443,8.1606e-05
0.18569364,7.610465e-05
0.215052505,8.305e-05
0.172330014,7.297434e-05
0.19365671,7.8012315e-05
0.167402812,7.087733e-05
0.17744638,7.194379e-05
0.16508175,7.7319506e-05
0.174528902,8.273796e-05
0.233847419,7.777205e-05
0.224779393,8.318406e-05
0.293656765,8.4882944e-05
0.117208838,6.997052e-05
0.102113767,6.910026e-05
0.124205329,7.5372576e-05
0.224980878,7.232713e-05
0.270144066,7.913599e-05
0.318409139,8.7347296e-05
0.241032163,7.368581e-05
0.27181897,8.160876e-05
0.297797528,8.892545e-05
0.02750856,5.1195504e-05
0.038085529,5.6565226e-05
0.071022809,6.187918e-05
0.016892852,4.9163093e-05
0.019496464,5.391334e-05
0.013288592,4.4836714e-05
0.096312878,5.607508e-05
0.057064874,5.2943204e-05
0.021441148,4.9806844e-05
0.102015642,6.104303e-05
0.058228265,5.7518002e-05
0.107131156,6.591515e-05
0.146005386,6.848045e-05
0.124189277,6.210146e-05
0.128719058,6.7306464e-05
0.151057113,6.636447e-05
0.127959716,6.430237e-05
0.120295546,6.005602e-05
0.095964608,5.4034674e-05
0.104446341,5.4602355e-05
0.105692673,5.5320852e-05
0.093411913,5.8765087e-05
0.11108681,5.9334423e-05
0.098992838,6.375486e-05
0.110234026,5.864212e-05
0.084180946,6.175978e-05
0.089954361,6.5235174e-05
0.122803932,6.2649095e-05
0.096696453,6.5694614e-05
0.150891828,6.706453e-05
0.098087559,5.5305456e-05
0.078430976,6.013369e-05
0.100759312,5.681161e-05
0.155173671,6.1005958e-05
0.177183945,6.425674e-05
0.186299349,6.79491e-05
0.175359753,6.537467e-05
0.215963001,6.862672e-05
0.19704164,7.044634e-05
0.131298962,5.88812e-05
0.154379427,6.3170606e-05
0.149389919,5.962355e-05
0.146147555,6.227405e-05
0.167469389,6.717793e-05
0.18657763,7.285467e-05
0.141814381,6.431132e-05
0.162033911,6.9831636e-05
0.168371179,7.497321e-05
0.028843645,4.1838935e-05
0.018908725,4.4292843e-05
0.04785047,4.438116e-05
0.031901877,4.712019e-05
0.066583749,4.9973816e-05
0.019064288,3.8801e-05
0.086892506,4.402018e-05
0.070791164,4.2379208e-05
0.056301655,4.0863917e-05
0.085854015,4.770252e-05
0.068105087,4.6004076e-05
0.088368379,5.177634e-05
0.108092955,5.0469105e-05
0.098645797,4.7126407e-05
0.098263707,5.105713e-05
0.128451567,4.778566e-05
0.115243969,4.6312423e-05
0.101040111,4.5080822e-05
0.122718612,4.9619583e-05
0.110686233,4.82755e-05
0.109301308,5.172441e-05
0.113355626,5.3088326e-05
0.11929851,5.4733457e-05
0.125467564,5.1114297e-05
0.130864747,5.2412986e-05
0.135421222,5.41578e-05
0.125818127,5.625882e-05
0.133003048,5.5022752e-05
0.13452804,5.6774184e-05
0.137141371,5.7877118e-05
0.132193637,5.0565875e-05
0.134574648,4.9045037e-05
0.13329026,5.2490723e-05
0.108375966,5.5624012e-05
0.122345867,5.706418e-05
0.133516943,5.8870133e-05
0.114578867,5.9048827e-05
0.127228878,6.0468166e-05
0.128638466,6.291598e-05
0.123624562,5.305393e-05
0.1263934,5.5825938e-05
0.115235966,5.410041e-05
0.140532724,6.025963e-05
0.107471056,5.76674e-05
0.167608585,6.45139e-05
0.136063743,6.148127e-05
0.156202903,6.5779204e-05
0.195018867,6.8540394e-05
0.076834964,4.0657873e-05
0.068464458,3.773963e-05
0.063038456,3.9119815e-05
0.061581907,3.6289515e-05
0.0528219,3.7719932e-05
0.054656302,3.4117817e-05
0.080087398,4.0266998e-05
0.066844774,3.839177e-05
0.068720091,3.6743884e-05
0.093350307,4.1036557e-05
0.076880734,3.929919e-05
0.091253569,4.2328087e-05
0.117003243,4.4973072e-05
0.104551114,4.2464828e-05
0.10655708,4.353023e-05
0.119679043,5.0050858e-05
0.110125236,5.0840914e-05
0.102287041,5.2058498e-05
0.106341635,4.7963422e-05
0.095760411,4.892276e-05
0.089153104,4.615501e-05
0.084376102,4.1903182e-05
0.108914771,4.412484e-05
0.124049566,4.6672336e-05
0.087356896,4.3840515e-05
0.109459378,4.6087505e-05
0.123695133,4.8198315e-05
0.157938166,6.051151e-05
0.142179926,5.776387e-05
0.124659652,5.7510075e-05
0.110245098,5.4967222e-05
0.096076062,5.511102e-05
0.089137142,5.14957e-05
0.085387194,5.1276456e-05
0.082249917,4.8318532e-05
0.187683963,6.255991e-05
0.052531711,3.550733e-05
0.064217491,3.5251032e-05
0.045036642,3.728882e-05
0.05895611,3.684465e-05
0.059472635,3.8666712e-05
0.053650084,3.3811328e-05
0.032008498,3.7495152e-05
0.043505153,3.8634815e-05
0.062559712,3.9995582e-05
0.031701264,3.9091647e-05
0.045563998,4.019763e-05
0.06583292,4.1888194e-05
0.068868579,4.4149292e-05
0.047902457,4.2423206e-05
0.067934478,4.697234e-05
0.072669842,4.629155e-05
0.096337116,5.0401897e-05
0.072266663,4.903522e-05
0.111473126,5.2710475e-05
0.066660335,4.546428e-05
0.047328845,4.3043685e-05
0.056244888,4.4529468e-05
0.128454019,5.4140302e-05
0.022857387,3.7730784e-05
0.062682965,4.5089007e-05
0.136820997,5.7187885e-05
0.123590518,5.7431655e-05
0.115045286,5.7752186e-05
0.110730333,5.814843e-05
0.109957594,5.631695e-05
0.103388934,5.664491e-05
0.100179109,5.7053243e-05
0.089200509,5.5573426e-05
0.088694559,5.5992856e-05
0.078323052,5.496643e-05
0.196586848,6.050464e-05
0.179448261,6.0322796e-05
0.160597116,6.0242608e-05
0.144442297,6.026565e-05
0.196586848,5.9325474e-05
0.160857339,5.9202892e-05
0.139985809,5.918861e-05
0.169470559,5.8216236e-05
0.137457351,5.8163536e-05
0.212936772,5.071851e-05
0.19386367,4.696701e-05
0.168013746,4.2810774e-05
0.138433027,3.8434388e-05
0.201120912,5.002578e-05
0.171860015,4.6239755e-05
0.145045066,4.200662e-05
0.182711497,4.9339615e-05
0.154109461,4.5534704e-05
0.165626213,4.865839e-05
0.169860914,4.4692282e-05
0.113252372,3.9875937e-05
0.055305421,3.5009467e-05
0.0126,3.0402782e-05
0.166046933,4.256035e-05
0.110995642,3.7755177e-05
0.067420042,3.3001077e-05
0.150555614,4.047154e-05
0.109364385,3.5709643e-05
0.0126,2.436197e-05
0.0126,2.6288768e-05
0.0126,2.8311493e-05
0.0126,2.7503092e-05
0.0126,2.963649e-05
0.0126,3.1835196e-05
0.0126,3.1042367e-05
0.0126,3.335021e-05
0.013697795,3.4950768e-05
0.018638862,2.8284314e-05
0.013620618,2.5542777e-05
0.013655286,2.3090099e-05
0.0126,2.0912516e-05
0.0126,2.6897533e-05
0.0126,2.4187695e-05
0.0126,2.1784617e-05
0.0126,2.5591167e-05
0.0126,2.2921648e-05
0.039534913,5.388144e-05
0.048561453,5.4051336e-05
0.061173793,5.4403674e-05
0.0505266,5.5119555e-05
0.063475915,5.5357777e-05
0.078728263,5.578591e-05
0.063503876,5.6413443e-05
0.077644238,5.672521e-05
0.070477028,5.776617e-05
0.061852702,5.7603414e-05
0.066418847,5.630929e-05
0.070897214,5.4977605e-05
0.083763579,5.357711e-05
0.042603197,5.6339395e-05
0.034212365,5.5077442e-05
0.041171364,5.380757e-05
0.040716758,5.5089025e-05
0.029179313,5.3835058e-05
0.15421151,5.121142e-05
0.12696627,5.279867e-05
0.181966657,5.2291252e-05
0.156693179,5.4134834e-05
0.11969154,5.5112963e-05
0.188970905,5.544767e-05
0.1522131,5.6654022e-05
0.166421195,5.818667e-05
0.261273751,6.542285e-05
0.221136156,6.477227e-05
0.180668012,6.425298e-05
0.155973025,6.3873e-05
0.259953729,6.3757325e-05
0.207504944,6.313368e-05
0.16844547,6.265613e-05
0.235819074,6.2112005e-05
0.189834869,6.153561e-05
0.038086724,2.6704609e-05
0.026438791,2.3605598e-05
0.016099789,2.0931015e-05
0.012871468,1.863629e-05
0.024545494,2.4582054e-05
0.01844759,2.1753242e-05
0.01309183,1.932387e-05
0.015272888,2.2655802e-05
0.0126,2.008073e-05
0.0126,1.5338626e-05
0.0126,1.6485545e-05
0.016276002,1.7753326e-05
0.02227233,1.915476e-05
0.0126,1.4970874e-05
0.013149182,1.607151e-05
0.016254532,1.7287039e-05
0.012613889,1.4600439e-05
0.01334021,1.5655605e-05
0.0126,1.4227952e-05
0.133159049,6.9600894e-05
0.156185405,6.8031935e-05
0.210071973,6.664561e-05
0.153506467,7.021274e-05
0.200153609,6.883842e-05
0.255359079,6.762075e-05
0.184941774,7.1020535e-05
0.246105394,6.9820184e-05
0.215806218,7.199836e-05
0.029178556,2.4752106e-05
0.019057581,2.155353e-05
0.013859198,1.886699e-05
0.012911435,1.6613903e-05
0.018720274,2.2465703e-05
0.012897468,1.958676e-05
0.012698183,1.7179786e-05
0.013972322,2.0435347e-05
0.0126,1.7849448e-05
0.014956862,1.809036e-05
0.019400819,1.9747364e-05
0.02649882,2.1605629e-05
0.012987169,1.6197766e-05
0.013429089,1.760564e-05
0.016289844,1.9183231e-05
0.0126,1.57721e-05
0.0126,1.7112423e-05
0.0126,1.3791745e-05
0.0126,1.385748e-05
0.0126,1.400185e-05
0.01261546,1.5015397e-05
0.012713905,1.5130832e-05
0.012789713,1.5336367e-05
0.013652211,1.6391257e-05
0.014720116,1.6569165e-05
0.01897101,1.7940714e-05
0.139123204,7.627431e-05
0.140328478,7.4622156e-05
0.156186231,7.3207026e-05
0.13064117,7.7182325e-05
0.133595892,7.582467e-05
0.145614252,7.466543e-05
0.127563885,7.829529e-05
0.119250878,7.719679e-05
0.139178414,7.9541416e-05
0.0126,1.3586937e-05
0.0126,1.3669691e-05
0.0126,1.3737921e-05
0.0126,1.4872327e-05
0.0126,1.4952464e-05
0.0126,1.5016988e-05
0.0126,1.6324702e-05
0.0126,1.6402013e-05
0.0126,1.79686e-05
0.154016117,8.3288e-05
0.164314412,8.170754e-05
0.18251065,8.048016e-05
0.189835347,8.38245e-05
0.217357885,8.2692815e-05
0.234272808,8.183044e-05
0.220484968,8.451423e-05
0.235515047,8.374501e-05
0.240653503,8.519737e-05
0.0126,1.811127e-05
0.0126,1.6269196e-05
0.0126,1.4658587e-05
0.0126,1.3247616e-05
0.0126,1.6393888e-05
0.0126,1.4768834e-05
0.0126,1.3347677e-05
0.0126,1.4895595e-05
0.0126,1.3460277e-05
0.019616925,1.8562887e-05
0.013816125,1.6515909e-05
0.0126,1.4735109e-05
0.0126,1.3183662e-05
0.01526183,1.6508024e-05
0.012687009,1.4720962e-05
0.0126,1.3168695e-05
0.012855144,1.4751218e-05
0.01261222,1.3189556e-05
0.033858573,1.79156e-05
0.029037629,1.6159756e-05
0.02396215,1.4599434e-05
0.017934875,1.3212757e-05
0.015257482,1.6111415e-05
0.01444779,1.45776075e-05
0.01466787,1.3214307e-05
0.0126,1.4544866e-05
0.0126,1.3203823e-05
0.179002532,8.795718e-05
0.209654596,8.6711e-05
0.248964525,8.5816355e-05
0.21628274,8.7357985e-05
0.258693157,8.660386e-05
0.262314617,8.6096814e-05
0.248261563,8.6730906e-05
0.258627754,8.637252e-05
0.243008294,8.599848e-05
0.053123,1.6892589e-05
0.039946901,1.5506219e-05
0.029095856,1.4247998e-05
0.018511485,1.3106716e-05
0.040044545,1.5524794e-05
0.03034332,1.4282302e-05
0.021939919,1.3154423e-05
0.028325731,1.4303537e-05
0.020831528,1.3189369e-05
0.04835843,1.6098571e-05
0.037512184,1.5141971e-05
0.028216374,1.4246721e-05
0.034802928,1.3409167e-05
0.029617918,1.5007318e-05
0.019468463,1.4078098e-05
0.0126,1.3212672e-05
0.023561307,1.4012958e-05
0.018511485,1.3113392e-05
0.207045896,8.7359505e-05
0.214751711,8.66496e-05
0.229747614,8.621782e-05
0.185129135,8.5215164e-05
0.203947833,8.503414e-05
0.215243915,8.502705e-05
0.147971127,8.334952e-05
0.184817573,8.360683e-05
0.122003152,8.195992e-05
0.044582306,1.4758953e-05
0.072220224,1.628902e-05
0.101352268,1.8022274e-05
0.034802928,1.3678765e-05
0.061704041,1.5071268e-05
0.089915958,1.6649934e-05
0.061253182,1.3948067e-05
0.074465615,1.5383399e-05
0.061253182,1.4215721e-05
0.152630201,8.083223e-05
0.156374361,8.1065125e-05
0.145645838,8.145701e-05
0.153148617,7.8717414e-05
0.196568301,7.948213e-05
0.228528282,8.032201e-05
0.163933619,7.768509e-05
0.228528282,7.888464e-05
0.16886672,7.775391e-05
0.068109921,1.573917e-05
0.068109921,1.5161153e-05
0.073687886,1.4655453e-05
0.087714772,1.7381231e-05
0.092185332,1.6733553e-05
0.092656894,1.6166929e-05
0.112116781,1.9184545e-05
0.118969759,1.8463734e-05
0.136136066,2.1159502e-05
0.100440988,7.3385e-05
0.084543576,7.476852e-05
0.119136202,7.624145e-05
0.07216325,7.326555e-05
0.067264319,7.510123e-05
0.129781563,7.697271e-05
0.109356429,7.436876e-05
0.095592216,7.657783e-05
0.130888167,7.664599e-05
0.104963686,2.6423395e-05
0.093389862,2.3453691e-05
0.077422493,2.0755891e-05
0.050562782,1.8320137e-05
0.102459,2.215669e-05
0.084150105,1.9687903e-05
0.062999132,1.745742e-05
0.086302818,1.8628009e-05
0.065252722,1.6592125e-05
0.277713045,9.7549e-05
0.314486813,9.91186e-05
0.341219681,0.0001007042
0.359593218,0.00010228992
0.323626944,0.0001090262
0.365335437,0.000110218294
0.392011406,0.000111381494
0.386614804,0.00012067108
0.419872315,0.000121344674
0.447512632,0.00012952868
0.127402918,6.988111e-05
0.139308382,7.2052106e-05
0.155634801,7.432438e-05
0.156489408,7.2351e-05
0.170959186,7.481848e-05
0.171300335,7.735129e-05
0.195185506,7.6334196e-05
0.204211204,7.900338e-05
0.227675336,8.20679e-05
0.232834586,7.493096e-05
0.226741987,7.723109e-05
0.229492289,7.962109e-05
0.264386936,8.15376e-05
0.260836256,8.392132e-05
0.262619661,8.635622e-05
0.299792716,9.058896e-05
0.281643277,9.285064e-05
0.355433023,0.00012857729
0.385351047,0.00012896176
0.419065861,0.00012927497
0.416916373,0.00013203213
0.442470674,0.0001321014
0.471342889,0.00013214079
0.4881316,0.00013081197
0.526133622,0.00013055318
0.577916884,0.00012507862
0.577916884,0.00011874999
0.630282144,0.00011182576
0.672793031,0.000104922816
0.534290979,0.00012647
0.570815343,0.0001209068
0.605120355,0.00011471208
0.509997075,0.00012777989
0.545689039,0.00012299523
0.48733481,0.00012897844
0.095900258,3.460502e-05
0.070110837,2.963611e-05
0.035649631,2.515869e-05
0.021420621,2.1181191e-05
0.083721672,2.8062028e-05
0.049193666,2.3867311e-05
0.017221227,2.0154224e-05
0.067263923,2.265782e-05
0.036900072,1.9198806e-05
0.672793031,9.790007e-05
0.727993661,9.10641e-05
0.793567491,8.461655e-05
0.625796961,0.00011066886
0.665478334,0.000104071616
0.70354173,9.747214e-05
0.589659566,0.0001161298
0.624580991,0.00011012476
0.550038181,0.00012111093
0.138113923,4.6377874e-05
0.112044863,3.8917526e-05
0.063698738,3.2103762e-05
0.030748937,2.6007967e-05
0.09047504,3.643498e-05
0.060824222,3.0058662e-05
0.029282218,2.4394223e-05
0.035066673,2.7966888e-05
0.023561058,2.2773376e-05
0.790624698,7.6548466e-05
0.790464001,6.990678e-05
0.792644341,6.454224e-05
0.721495163,9.245733e-05
0.725380837,8.460236e-05
0.726138063,7.801115e-05
0.651774893,0.0001005653
0.655840934,9.315024e-05
0.597041625,0.000108661385
0.014713476,2.886568e-05
0.021875685,3.5798785e-05
0.051672741,4.3442615e-05
0.088876847,5.1743747e-05
0.0126,2.9274466e-05
0.024463062,3.6216526e-05
0.054603371,4.3835236e-05
0.0126,2.9632854e-05
0.020695424,3.6556343e-05
0.016071408,2.9927005e-05
0.087885546,5.2503157e-05
0.052786539,4.390021e-05
0.027256678,3.6000114e-05
0.085345129,4.2637323e-05
0.058522558,3.5071604e-05
0.023468234,2.8244183e-05
0.063499579,3.372735e-05
0.041156404,2.7275926e-05
0.799807584,5.092727e-05
0.766497145,6.31992e-05
0.712900776,7.787759e-05
0.663531812,9.457011e-05
0.783478268,5.4459157e-05
0.741855234,6.776832e-05
0.687719887,8.360191e-05
0.77696334,5.8904145e-05
0.719328779,7.353415e-05
0.028918148,3.5317837e-05
0.051323498,4.1101193e-05
0.064793863,4.7274523e-05
0.018973474,2.9514673e-05
0.035271663,3.4738277e-05
0.058397352,4.033473e-05
0.020929864,2.893316e-05
0.035219634,3.3973698e-05
0.015410168,2.8189732e-05
0.705326389,8.4959414e-05
0.752248998,7.181005e-05
0.792239407,6.0481063e-05
0.780689473,6.8770234e-05
0.83804966,5.7264435e-05
0.850960358,4.7725884e-05
0.850040563,5.489156e-05
0.888617851,4.5229215e-05
0.871581297,4.329195e-05
0.76394925,7.346609e-05
0.805983542,6.1584724e-05
0.850714273,5.1594325e-05
0.811855181,6.1045575e-05
0.852281541,5.056568e-05
0.860048158,4.196819e-05
0.848151428,4.9953152e-05
0.858843758,4.094559e-05
0.863097117,4.018996e-05
0.86436456,3.978469e-05
0.849399593,3.950468e-05
0.849602959,3.934859e-05
0.852156583,4.844026e-05
0.850946245,4.841271e-05
0.842417585,4.857426e-05
0.821104936,5.832986e-05
0.824043454,5.8840193e-05
0.787536608,7.001483e-05
0.019674181,2.8027098e-05
0.0126,2.7869233e-05
0.0126,2.7920663e-05
0.021704061,3.2924945e-05
0.024232681,3.2899345e-05
0.029798743,3.310666e-05
0.047825678,3.825652e-05
0.05138398,3.8382546e-05
0.079992251,4.4023225e-05
0.85415532,3.9277897e-05
0.855689236,4.792639e-05
0.83957533,5.760763e-05
0.815837714,6.818217e-05
0.860122396,3.9310144e-05
0.851720806,4.7632584e-05
0.834300294,5.6914676e-05
0.849602959,3.933233e-05
0.845977313,4.7346864e-05
0.080247422,4.331556e-05
0.06940713,3.7659313e-05
0.05351161,3.2420998e-05
0.03427762,2.7606067e-05
0.056879099,3.7868307e-05
0.044093368,3.2769254e-05
0.032447075,2.8063534e-05
0.029917085,3.27728e-05
0.029132564,2.8201524e-05
0.852714088,3.8466813e-05
0.85171872,3.7414105e-05
0.862632301,3.6113393e-05
0.85287278,4.6627316e-05
0.852671909,4.5839326e-05
0.857860218,4.476143e-05
0.84999287,5.5354027e-05
0.854948828,5.4626013e-05
0.848313638,6.5567176e-05
0.016397751,2.5338115e-05
0.024536831,2.6071302e-05
0.030238995,2.6820035e-05
0.047662679,3.0214216e-05
0.056168729,3.1055875e-05
0.056939595,3.1914566e-05
0.080848427,3.5584686e-05
0.084884921,3.6528807e-05
0.107934329,4.1418487e-05
0.854123405,6.271638e-05
0.868177723,5.2323463e-05
0.865144254,4.3490734e-05
0.866906473,5.216508e-05
0.877072383,4.263854e-05
0.880826846,3.478816e-05
0.876474209,4.2480817e-05
0.880826846,3.402543e-05
0.887347472,3.3875334e-05
0.053312842,3.642804e-05
0.037095599,3.2185817e-05
0.023798054,2.825015e-05
0.014595173,2.4726558e-05
0.046156491,3.2518394e-05
0.027257269,2.8449127e-05
0.0126,2.4739531e-05
0.033955861,2.8814393e-05
0.013917981,2.4951323e-05
0.872805288,3.527108e-05
0.852003052,3.7590336e-05
0.815689123,4.1050826e-05
0.854209162,4.9925206e-05
0.828618213,5.3204283e-05
0.799991503,5.7814337e-05
0.824513607,7.113915e-05
0.783366332,7.6652475e-05
0.767969458,9.5638105e-05
0.024620393,3.8328933e-05
0.019177822,3.2886008e-05
0.0188957,2.8221157e-05
0.022914457,2.4272003e-05
0.024478266,3.3364002e-05
0.015606948,2.8491964e-05
0.0126,2.4441892e-05
0.020952875,2.8829612e-05
0.014660948,2.4591232e-05
0.585398981,0.00012225247
0.692748171,9.747222e-05
0.760176579,6.6708235e-05
0.654110576,0.00010541531
0.731513288,7.4756004e-05
0.771306438,4.6170535e-05
0.694586578,8.303366e-05
0.731854107,5.2442236e-05
0.693465976,5.9473266e-05
0.108528333,4.2579653e-05
0.058437964,3.59349e-05
0.02406823,2.9673247e-05
0.0126,2.3664914e-05
0.080503068,3.518652e-05
0.046725969,2.9258914e-05
0.029155137,2.3672208e-05
0.038850514,2.912657e-05
0.037389367,2.3960305e-05
0.468006797,0.00013124644
0.578945909,0.000119734075
0.655881681,9.3403345e-05
0.547127124,0.00012262116
0.635372909,0.000100233825
0.66795275,6.802681e-05
0.628235281,0.000106365136
0.630501021,7.62904e-05
0.618524561,8.531863e-05
0.133263681,5.3136253e-05
0.097124294,4.412685e-05
0.05518742,3.553651e-05
0.050059899,2.7851049e-05
0.072822731,4.205906e-05
0.05702079,3.3522247e-05
0.059248204,2.5680913e-05
0.026523591,3.206035e-05
0.046744465,2.4274306e-05
0.416286496,0.00013212049
0.550280916,0.00012683957
0.638951444,0.000111151996
0.585031782,0.0001292985
0.630823095,0.00011703835
0.601702745,9.4284645e-05
0.622994427,0.00012154613
0.620564425,0.00010195536
0.619405872,0.00010806292
0.120322439,6.195495e-05
0.067231124,5.2778556e-05
0.055067162,4.4326855e-05
0.082247225,3.70533e-05
0.071404271,5.0232982e-05
0.024571161,4.143819e-05
0.041447778,3.3845005e-05
0.045126919,3.8584618e-05
0.032654633,3.0669235e-05
0.533163192,0.00013204159
0.619422609,0.00013035687
0.609244577,0.00012239929
0.609345193,0.0001317279
0.601210016,0.00012555969
0.620877854,0.000112434725
0.599438097,0.00012868525
0.613133262,0.00011697393
0.619547814,0.000121825855
0.135989512,6.667519e-05
0.112613522,5.8232494e-05
0.093835347,5.0519015e-05
0.082418636,4.3778564e-05
0.11280712,5.708486e-05
0.090436802,4.9134345e-05
0.083033839,4.223329e-05
0.090889131,4.705741e-05
0.083302233,3.993616e-05
0.479458152,0.00012809546
0.577553292,0.00013205137
0.588881394,0.00013013689
0.531023849,0.00013085772
0.592572357,0.00013167315
0.60847529,0.00012532868
0.58386069,0.00013217512
0.590198958,0.00012839696
0.569544104,0.00013070415
0.130133659,6.5238804e-05
0.067116262,5.7372694e-05
0.064825675,5.02515e-05
0.049222723,4.3982658e-05
0.128781056,5.826369e-05
0.092707481,5.0972183e-05
0.07977431,4.4549022e-05
0.100983779,5.1060244e-05
0.089919424,4.452519e-05
0.392892527,0.000121365745
0.470913384,0.00012845597
0.553107312,0.0001320177
0.425506841,0.00012591139
0.51333523,0.00013120193
0.569544104,0.00013175604
0.466471863,0.00012979885
0.560841173,0.00013216895
0.528189943,0.00013201249
0.072188184,5.8330683e-05
0.033363474,5.1874136e-05
0.013420313,4.609626e-05
0.013969392,4.106064e-05
0.065221276,5.3472515e-05
0.029392736,4.742419e-05
0.014792189,4.2100608e-05
0.042734845,4.8677513e-05
0.018141728,4.3129814e-05
0.316218015,0.00011829513
0.377317147,0.0001247745
0.453782799,0.00012959639
0.359328709,0.00012351679
0.43110651,0.00012868633
0.505739646,0.00013167776
0.420262082,0.00012809958
0.489123436,0.00013138236
0.46726736,0.00013127143
0.013427755,4.4642795e-05
0.015586106,4.8520298e-05
0.023997422,5.2696883e-05
0.0148903,4.0448183e-05
0.016080701,4.4092827e-05
0.015451149,4.8121306e-05
0.044948816,4.0341718e-05
0.022441215,4.4178825e-05
0.055227666,4.1017804e-05
0.312832217,0.00011836926
0.363094797,0.00012394383
0.421886877,0.00012839663
0.351300926,0.00012297396
0.410714782,0.00012797538
0.46726736,0.0001312051
0.393668682,0.000127166
0.46726736,0.0001309503
0.39580154,0.00013042057
0.037246954,4.974215e-05
0.039055243,4.52057e-05
0.050391288,4.247886e-05
0.027583277,4.9364175e-05
0.021698179,4.6035235e-05
0.026478761,4.4165325e-05
0.018629714,5.0073213e-05
0.014900245,4.7681206e-05
0.014129779,5.1604748e-05
0.39580154,0.0001292979
0.320638791,0.00012742178
0.25301207,0.00012448255
0.363159869,0.000124616
0.32484445,0.00012209734
0.285759905,0.00011857785
0.295661378,0.0001162483
0.261035079,0.00011249462
0.237680612,0.00010680029
0.032881312,5.9140613e-05
0.040602112,6.19236e-05
0.052721341,6.6192115e-05
0.065579211,7.225606e-05
0.033564975,5.570942e-05
0.041184418,5.8450645e-05
0.052523024,6.279604e-05
0.034240832,5.2582152e-05
0.042363832,5.5320477e-05
0.163316828,9.495843e-05
0.2070932,0.00010504396
0.251406012,0.00011533406
0.163889147,9.724694e-05
0.207999875,0.000108425724
0.25301207,0.000119337456
0.162521296,0.00010017391
0.167359191,0.00011238431
0.167359191,0.000103723265
0.079365196,7.416543e-05
0.098912118,8.196467e-05
0.129643245,9.194567e-05
0.064676244,7.302967e-05
0.087938419,8.185471e-05
0.097343525,9.315498e-05
0.061168111,7.238263e-05
0.097343525,8.240612e-05
0.121404158,5.8830392e-05
0.127420676,5.8458027e-05
0.133342882,5.953641e-05
0.19572874,4.6937286e-05
0.190023394,4.486162e-05
0.208016128,4.8958787e-05
0.082987577,4.3464363e-05
0.058025025,3.888305e-05
0.031430142,3.448427e-05
0.109622456,4.389496e-05
0.084829306,3.9383685e-05
0.138237653,4.4305543e-05
0.016403298,3.775693e-05
0.021425449,3.607957e-05
0.046921212,4.0619176e-05
0.01700743,3.0375495e-05
0.013409087,2.8898898e-05
0.014369581,3.2604414e-05
0.110623905,5.8994017e-05
0.120996699,5.966957e-05
0.131698669,6.0367456e-05
0.108578761,5.9893082e-05
0.118616347,6.0564413e-05
0.105436729,6.0845894e-05
0.09627041,5.7950365e-05
0.083814637,5.7829773e-05
0.08863208,5.6849778e-05
0.092100671,5.9782615e-05
0.081026912,5.875609e-05
0.096091986,5.8841615e-05
0.059113901,5.773718e-05
0.048160173,5.769845e-05
0.052644918,5.638372e-05
0.216708373,5.4080232e-05
0.210453953,5.3179538e-05
0.19921718,5.6534303e-05
0.102525063,5.81813e-05
0.137864638,5.84304e-05
0.112437795,5.6688583e-05
0.130378847,6.289394e-05
0.12340856,6.219209e-05
0.114874103,6.150925e-05
0.133563519,6.196199e-05
0.127054075,6.1252395e-05
0.137967771,6.108645e-05
0.125452779,6.3321735e-05
0.123032521,6.379814e-05
0.121278393,6.431748e-05
0.117357763,6.263388e-05
0.113425063,6.311957e-05
0.107924874,6.196277e-05
0.148076186,6.144348e-05
0.162433421,6.143727e-05
0.151095936,6.2647334e-05
0.139333378,6.315509e-05
0.14280282,6.227108e-05
0.146909894,6.348032e-05
0.079399051,4.538818e-05
0.091399595,4.7362024e-05
0.10263895,4.9382812e-05
0.051067371,4.2528707e-05
0.066390422,4.450064e-05
0.023152901,3.962194e-05
0.17687769,4.9093505e-05
0.189105738,5.106339e-05
0.197031566,5.275823e-05
0.169736513,5.3232812e-05
0.176244507,5.485724e-05
0.160850674,5.701911e-05
0.198359012,5.6026354e-05
0.17995256,5.8389694e-05
0.174620217,5.803086e-05
0.129213821,4.856893e-05
0.157860459,5.3161348e-05
0.126005266,5.048265e-05
0.15221213,5.499801e-05
0.127284992,5.2428284e-05
0.158099532,4.8847807e-05
0.030324081,3.116327e-05
0.02842945,3.3431985e-05
0.029267492,3.581727e-05
0.049691174,3.4301065e-05
0.048008376,3.6725327e-05
0.071178969,3.767708e-05
0.075152946,4.160088e-05
0.05039425,4.0589715e-05
0.081730737,4.5563764e-05
0.027483886,2.772923e-05
0.033776007,2.7202395e-05
0.018765717,2.5048348e-05
0.042838572,3.0563042e-05
0.060624598,3.3664575e-05
0.051240019,2.9989935e-05
0.120599578,5.0700546e-05
0.115768485,4.6277873e-05
0.092946656,4.1895422e-05
0.121174996,5.024214e-05
0.101597005,4.5910372e-05
0.11173567,4.980373e-05
0.06284843,5.932846e-05
0.05944102,6.11433e-05
0.07745077,6.305599e-05
0.092895975,6.0003847e-05
0.086778893,6.191348e-05
0.120829928,6.037896e-05
0.055245548,5.9404072e-05
0.062890752,5.9434347e-05
0.054372643,6.120208e-05
0.105254177,6.3904045e-05
0.081799334,6.349826e-05
0.09371415,6.269772e-05
0.070007667,6.229652e-05
0.084966054,6.153336e-05
0.071716267,6.0468275e-05
0.142532059,6.463683e-05
0.136288189,6.239652e-05
0.145836034,6.0251336e-05
0.127764289,6.4502536e-05
0.11128913,6.239059e-05
0.103072795,6.391778e-05
0.150402684,6.2981184e-05
0.158325047,6.049931e-05
0.159595929,6.0645638e-05
0.134619491,6.413165e-05
0.141631312,6.437639e-05
0.146320507,6.46838e-05
0.139331036,6.540059e-05
0.14472425,6.562511e-05
0.151468544,6.669941e-05
0.131030322,6.509286e-05
0.13170172,6.4587424e-05
0.139542368,6.588671e-05
0.126975729,6.546451e-05
0.135910005,6.6239954e-05
0.14515476,6.702646e-05
0.131999849,6.666249e-05
0.137852648,6.744223e-05
0.131236547,6.791117e-05
0.114478909,6.506214e-05
0.126985422,6.626384e-05
0.102764938,6.464424e-05
0.151749991,6.576285e-05
0.169933557,6.613427e-05
0.140777394,6.7676934e-05
0.15434464,6.757844e-05
0.146802138,6.660181e-05
0.14677003,6.854353e-05
0.125030831,5.387871e-05
0.141084918,5.653238e-05
0.151113182,5.863786e-05
0.135256857,5.8156995e-05
0.141745233,6.0344853e-05
0.136691405,6.214997e-05
0.127515861,5.4984168e-05
0.128846307,5.44226e-05
0.132578575,5.883771e-05
0.137914971,6.767633e-05
0.138003905,6.644495e-05
0.138698835,6.462282e-05
0.146215137,6.440326e-05
0.144444579,6.269664e-05
0.152925824,6.087121e-05
0.147928216,6.5708315e-05
0.145292339,6.672475e-05
0.151198849,6.373358e-05
0.022448105,2.3009175e-05
0.03820861,2.5996005e-05
0.030363909,2.534542e-05
0.030541322,2.2564038e-05
0.021306809,2.06105e-05
0.030496407,2.3610539e-05
0.01711429,1.9902773e-05
0.0126,1.8438068e-05
0.01930556,2.0717504e-05
0.063525989,3.070787e-05
0.07112034,3.528948e-05
0.060364393,4.042326e-05
0.052906237,2.9905044e-05
0.053122856,3.4406676e-05
0.043788298,2.916285e-05
0.090959169,3.852851e-05
0.083315729,3.9442006e-05
0.0765421,3.4446817e-05
0.105113837,4.7334524e-05
0.082919037,4.3862405e-05
0.100003068,4.2846055e-05
0.114477488,5.4440694e-05
0.108731479,5.8210902e-05
0.110817504,6.198601e-05
0.095612595,5.1177165e-05
0.089553326,5.51111e-05
0.071496998,4.7712816e-05
0.121777965,5.8571848e-05
0.130308209,6.220008e-05
0.118193827,6.214259e-05
0.065698326,2.5486417e-05
0.046328928,2.3121036e-05
0.03313661,2.101972e-05
0.046352106,2.4095267e-05
0.029861386,2.1873384e-05
0.032649512,2.280403e-05
0.023716389,1.8319242e-05
0.016349148,1.6916694e-05
0.024099879,1.872329e-05
0.052792815,2.2292896e-05
0.040768904,2.070375e-05
0.028589468,1.9257499e-05
0.043212533,2.1176507e-05
0.033168649,1.9680181e-05
0.03259099,2.013194e-05
0.059394793,2.3281818e-05
0.044287481,2.2113672e-05
0.062081501,2.4344392e-05
0.150489765,6.703198e-05
0.142947769,6.655988e-05
0.124171052,6.5728476e-05
0.145994493,6.935159e-05
0.144836666,6.858237e-05
0.1323719,7.162136e-05
0.135110203,6.958999e-05
0.147662533,6.832887e-05
0.134508568,7.0861744e-05
0.131822077,6.922667e-05
0.134004524,7.05057e-05
0.140253206,6.747028e-05
0.161397862,6.904965e-05
0.173130478,6.983772e-05
0.160802566,7.069351e-05
0.160825503,7.156759e-05
0.172061704,7.225148e-05
0.162143884,7.426098e-05
0.130664676,7.001964e-05
0.147155591,6.949771e-05
0.143624847,7.214697e-05
0.122578619,7.145763e-05
0.134277903,7.3706535e-05
0.124540314,7.29112e-05
0.137384183,7.186985e-05
0.147004294,7.244099e-05
0.142455447,7.41032e-05
0.159610702,7.3014904e-05
0.152604721,7.529623e-05
0.170949234,7.4658354e-05
0.125824711,7.053096e-05
0.129152822,7.358629e-05
0.181337113,7.686411e-05
0.131318643,6.9335416e-05
0.144854784,7.242082e-05
0.137442101,6.7558154e-05
0.139413798,6.8069916e-05
0.177206704,7.3383824e-05
0.147489133,6.8480316e-05
0.117390802,7.24833e-05
0.122706999,7.378685e-05
0.133205822,7.5586584e-05
0.045600909,2.5015788e-05
0.047710173,2.61734e-05
0.043868793,2.7433274e-05
0.070550677,2.9071636e-05
0.062029388,3.0453408e-05
0.08867862,3.38387e-05
0.078003373,2.7956268e-05
0.058630138,2.6433394e-05
0.088196677,3.0734358e-05
0.047393822,3.2332835e-05
0.042353836,3.8064678e-05
0.055674981,3.585922e-05
0.119119034,3.3310334e-05
0.107703024,3.0449724e-05
0.086692343,2.784625e-05
0.120055669,3.3440625e-05
0.099019984,3.0570533e-05
0.105174389,3.3617227e-05
0.082959973,4.048182e-05
0.048796189,4.28061e-05
0.044515051,4.5239827e-05
0.079266152,4.7992922e-05
0.066148198,5.0424627e-05
0.098080812,5.5920864e-05
0.108920242,6.021945e-05
0.10328104,5.8171558e-05
0.071695036,5.283286e-05
0.207166894,7.508829e-05
0.167651528,6.956026e-05
0.131653015,6.3089334e-05
0.17428573,7.068745e-05
0.136885629,6.486651e-05
0.14168707,6.632575e-05
0.224311548,7.640486e-05
0.185931818,7.241933e-05
0.217495727,7.698052e-05
0.07097569,2.4138686e-05
0.076231284,2.5227208e-05
0.080761016,2.639618e-05
0.083275541,2.6167116e-05
0.089547977,2.736339e-05
0.084163314,2.8392327e-05
0.10823492,3.1555726e-05
0.102687738,2.9918061e-05
0.098128717,2.8850856e-05
0.016763591,1.793247e-05
0.012978484,1.7941707e-05
0.013016356,1.638908e-05
0.027066433,1.95089e-05
0.034299898,2.125654e-05
0.037341728,2.320271e-05
0.021262419,1.9507315e-05
0.024786897,2.1262995e-05
0.014865856,1.9525945e-05
0.055259654,2.2575661e-05
0.045635597,2.287858e-05
0.040472632,2.09708e-05
0.064892013,2.4448786e-05
0.067350957,2.6506501e-05
0.05286959,2.4781173e-05
0.167803386,7.731291e-05
0.17664752,8.070572e-05
0.214228709,8.425754e-05
0.141957087,7.674452e-05
0.153079131,7.9855316e-05
0.12479313,7.561492e-05
0.201571738,8.0438855e-05
0.153363437,7.8187055e-05
0.206073046,8.287486e-05
0.186893062,8.358596e-05
0.178629575,8.061021e-05
0.177660575,7.747541e-05
0.141701696,8.047081e-05
0.153667201,7.762647e-05
0.134597791,7.805802e-05
0.228538788,8.4516854e-05
0.19632317,8.078039e-05
0.218131705,8.4142535e-05
0.135405982,7.878566e-05
0.144178798,7.9535865e-05
0.139588087,8.114022e-05
0.158239966,8.3020466e-05
0.166062054,8.312411e-05
0.139338144,8.062914e-05
0.245529847,8.1776285e-05
0.259364049,8.5463886e-05
0.273110571,8.784165e-05
0.275471409,8.715888e-05
0.305920277,9.087103e-05
0.314908633,9.298551e-05
0.248672317,8.1770944e-05
0.260094009,8.21181e-05
0.275205979,8.7757886e-05
0.11710116,4.7879097e-05
0.1294574,4.2728716e-05
0.115305243,3.8046157e-05
0.11432045,5.0534316e-05
0.107471988,4.530306e-05
0.101921782,5.3243504e-05
0.131344013,3.7682632e-05
0.133177025,3.7839905e-05
0.125456899,4.25557e-05
0.112128691,3.4655808e-05
0.097936075,3.6070494e-05
0.079954941,3.7557726e-05
0.100328359,3.2848417e-05
0.082405185,3.4210185e-05
0.084786512,3.1158666e-05
0.098300702,4.0758252e-05
0.116306924,3.9184288e-05
0.114282813,4.4210443e-05
0.11611669,5.744805e-05
0.119837114,6.0061848e-05
0.133798684,6.2549974e-05
0.145717501,6.722322e-05
0.170205483,6.940369e-05
0.201230675,7.642771e-05
0.21596462,7.565962e-05
0.219270545,7.609658e-05
0.173989586,6.953479e-05
0.261098688,8.3062994e-05
0.300430497,8.975909e-05
0.280027062,8.4224e-05
0.0126,1.7987644e-05
0.0126,1.8035169e-05
0.0126,1.6347289e-05
0.061794745,3.0033576e-05
0.038986662,3.1806838e-05
0.020810955,3.3723052e-05
0.04929481,2.8051658e-05
0.030049748,2.9725334e-05
0.036983882,2.6234635e-05
0.056831075,3.618689e-05
0.03802758,3.4909666e-05
0.059266094,3.2963744e-05
0.0126,2.0087062e-05
0.012770979,2.2529048e-05
0.017838558,2.5339463e-05
0.0126,2.0124799e-05
0.01545952,2.2589858e-05
0.0126,2.0196943e-05
0.02425261,2.3858538e-05
0.016925871,2.456921e-05
0.016064295,2.1870575e-05
0.017528961,2.7818145e-05
0.022685852,2.6994621e-05
0.014950138,3.0601568e-05
0.014233603,1.6373675e-05
0.015841004,1.8225343e-05
0.018781805,1.837586e-05
0.01361366,1.6303378e-05
0.017913287,1.8320494e-05
0.019308775,1.810628e-05
0.22545327,8.7394415e-05
0.275867462,9.183208e-05
0.325250104,9.6722935e-05
0.259122643,8.829104e-05
0.303259159,9.280307e-05
0.276859668,8.859454e-05
0.344021854,9.7557866e-05
0.344122677,9.647466e-05
0.315212828,9.277067e-05
0.18767929,8.523409e-05
0.222010119,8.781022e-05
0.224704024,9.112334e-05
0.193362254,8.5618696e-05
0.224407298,8.8949026e-05
0.200825992,8.6413995e-05
0.294358345,9.503219e-05
0.239573537,9.037384e-05
0.259346225,9.299352e-05
0.203043225,8.5497864e-05
0.180121939,8.686673e-05
0.180183874,8.527766e-05
0.189253611,8.965303e-05
0.198892573,8.715972e-05
0.168052418,8.8645946e-05
0.381101502,0.00010152734
0.329840251,9.3688424e-05
0.259508954,8.527365e-05
0.37587213,9.887711e-05
0.332018161,9.1820315e-05
0.350449614,9.602635e-05
0.427301233,0.00011058963
0.408740296,0.000105463594
0.370259775,9.945855e-05
0.413603022,0.000106266474
0.38035671,0.00010173725
0.368594214,0.00010155045
0.408163556,0.00010652327
0.400010861,0.00010309354
0.429866443,0.000109521934
0.059131511,4.253328e-05
0.067684494,4.8064514e-05
0.097115905,5.412339e-05
0.047705576,4.103357e-05
0.063008255,4.645738e-05
0.032486094,3.962738e-05
0.095701441,4.976497e-05
0.111062878,5.961039e-05
0.130679212,6.966355e-05
0.080808787,5.1839546e-05
0.112987276,6.1974606e-05
0.076848255,4.6042805e-05
0.237827056,9.0941074e-05
0.169180795,7.894181e-05
0.136604585,6.6364024e-05
0.185737634,8.5681095e-05
0.129895198,7.407973e-05
0.18069748,8.084755e-05
0.334374786,9.8919445e-05
0.280347489,9.536336e-05
0.253899904,9.012326e-05
0.018077795,2.070026e-05
0.031770553,2.3763081e-05
0.049499463,2.737675e-05
0.02410344,2.0863155e-05
0.036973532,2.3987146e-05
0.027067767,2.107174e-05
0.027494578,2.5940373e-05
0.040331714,2.6617387e-05
0.022069505,2.3142835e-05
0.029735103,2.9557537e-05
0.047200384,3.4547174e-05
0.062837503,4.039135e-05
0.046364911,3.0285148e-05
0.06529985,3.541978e-05
0.062698207,3.110571e-05
0.027146921,3.5754354e-05
0.04509839,3.7971142e-05
0.029086247,3.2484662e-05
0.047651958,4.196611e-05
0.078244571,4.9102764e-05
0.056018676,4.4505865e-05
0.050819276,1.7222701e-05
0.036578652,1.5837557e-05
0.043374005,1.7562528e-05
0.052056307,1.6361044e-05
0.036767363,1.5255777e-05
0.05199379,1.6625398e-05
0.030798788,2.1371045e-05
0.05482559,2.4724644e-05
0.082968246,2.8716682e-05
0.035581754,2.1124933e-05
0.066911183,2.4481606e-05
0.049431399,2.0912874e-05
0.040935501,2.4318413e-05
0.055954757,2.7731183e-05
0.06723474,2.8177597e-05
0.056573324,1.9804977e-05
0.081170517,2.1965237e-05
0.107955769,2.4432678e-05
0.064801418,1.9432082e-05
0.087699606,2.1572805e-05
0.069587491,1.9072533e-05
0.101618683,2.5761667e-05
0.07466568,2.317938e-05
0.090938715,2.7182636e-05
0.230311233,9.518498e-05
0.271121851,0.000100043915
0.312808664,0.00010553595
0.298454707,9.779296e-05
0.33360605,0.000103179955
0.344554238,0.00010021495
0.402066953,0.000110359506
0.38248354,0.00010533708
0.360830182,0.00010848683
0.171374268,8.962143e-05
0.174607295,9.1880254e-05
0.185437917,9.486592e-05
0.155733619,9.104289e-05
0.169439208,9.4201256e-05
0.175438839,9.2919494e-05
0.25365626,0.00010177549
0.198765623,9.6937256e-05
0.202395901,9.809959e-05
0.195361162,8.8475594e-05
0.220108897,8.735126e-05
0.205092487,8.8297995e-05
0.18950387,9.20404e-05
0.188496557,8.998427e-05
0.199775959,8.959039e-05
0.391950651,0.00010702702
0.416832647,0.00011146405
0.425110733,0.00011377961
0.395824461,0.000112387184
0.409598809,0.00011604993
0.399127398,0.00011735624
0.358063222,0.00010476416
0.365642702,0.000110583336
0.31758748,0.000101505866
0.403759401,0.00011515832
0.380077929,0.00011405161
0.351071523,0.00011141337
0.392560257,0.00011896722
0.377891011,0.00011706037
0.391562886,0.00012195132
0.407249181,0.00012116717
0.402619213,0.000118613665
0.403425257,0.00012250314
0.315689701,0.00010854162
0.297978372,0.00010256429
0.282219174,9.665339e-05
0.340730617,0.0001126621
0.331059722,0.0001071204
0.373820314,0.00011561723
0.084767623,5.0090563e-05
0.100608288,5.4897268e-05
0.128706153,6.0061735e-05
0.116755103,6.148466e-05
0.148927901,6.672654e-05
0.16947051,7.4144766e-05
0.232223275,8.597711e-05
0.207311995,8.027063e-05
0.175758117,7.2991075e-05
0.266770174,9.822204e-05
0.223329287,8.653743e-05
0.254034251,9.197509e-05
0.075780409,3.2428485e-05
0.103481806,3.8466176e-05
0.126839439,4.5590943e-05
0.085761892,3.289986e-05
0.11499026,3.9077317e-05
0.096374072,3.3487253e-05
0.083782256,4.1919815e-05
0.106389833,4.364728e-05
0.088113997,3.6850914e-05
0.123534166,5.4104738e-05
0.099506125,5.1980303e-05
0.123804288,6.3761174e-05
0.069564334,1.7607006e-05
0.068203031,1.7886701e-05
0.068514425,1.8168792e-05
0.089278678,1.9281311e-05
0.086794698,1.9579133e-05
0.109248683,2.1136957e-05
0.109572553,2.2188502e-05
0.088546921,2.0553882e-05
0.109209804,2.3285105e-05
0.064203236,1.6703723e-05
0.081751141,1.7344375e-05
0.052977158,1.5699266e-05
0.086241576,1.829043e-05
0.104724815,2.0051266e-05
0.102813447,1.901393e-05
0.167438835,2.8992083e-05
0.147696812,2.608169e-05
0.128316646,2.347097e-05
0.14949332,2.7353834e-05
0.128751092,2.4628684e-05
0.129116577,2.5836041e-05
0.126719679,4.898571e-05
0.11218746,4.1067495e-05
0.104106874,3.4341796e-05
0.135201185,4.771552e-05
0.117243763,4.0012674e-05
0.137703681,4.6584104e-05
0.139070912,2.8622602e-05
0.120837281,3.0150084e-05
0.108525069,3.178614e-05
0.161860787,3.3560835e-05
0.12849443,3.530746e-05
0.161243622,3.93237e-05
0.180465241,3.212637e-05
0.164012433,3.0308995e-05
0.182854004,3.556301e-05
0.107193172,4.5513072e-05
0.122347649,4.2302774e-05
0.108730296,3.8067505e-05
0.29802983,0.00010750264
0.242111121,0.00010305478
0.209722156,9.8772616e-05
0.287213936,0.00010877967
0.23849271,0.00010361654
0.278934384,0.000109264205
0.333541178,0.00011471912
0.37144458,0.00011911933
0.347030998,0.00011344364
0.194744858,9.4914925e-05
0.197841938,9.1497415e-05
0.191679044,8.847811e-05
0.192014506,9.410072e-05
0.179421045,9.008714e-05
0.173081043,9.2323884e-05
0.232915074,0.00010322681
0.211912891,9.8604396e-05
0.200731807,9.747568e-05
0.170522376,8.572343e-05
0.143025013,8.3301646e-05
0.149979102,8.3466155e-05
0.163352551,8.772994e-05
0.162286108,8.651671e-05
0.153159078,8.3860265e-05
0.38810384,0.00012405714
0.360203793,0.000120631055
0.319820733,0.00011552464
0.384233746,0.00012549869
0.344858883,0.000121468955
0.374183392,0.00012631476
0.41014593,0.00012561154
0.411617519,0.00012766605
0.414649306,0.00012901158
0.431566303,0.00012779927
0.438448576,0.00012976781
0.457145424,0.00012879197
0.406164038,0.00012200451
0.419220643,0.00012489263
0.436266998,0.00012587501
0.384061985,0.00011825715
0.398682744,0.00012070468
0.444742296,0.0001250578
0.317801935,0.0001091901
0.331477631,0.00010977296
0.339426224,0.000110322144
0.258677634,9.833347e-05
0.27103778,9.844646e-05
0.218997188,8.6158216e-05
0.398282418,0.000119332035
0.454274647,0.000126267
0.407943111,0.00012028659
0.153623896,5.6629684e-05
0.1581504,5.5254324e-05
0.147033371,5.4032596e-05
0.17842636,6.5106746e-05
0.172259535,6.3644846e-05
0.198732147,7.426099e-05
0.190539383,7.399546e-05
0.151297684,6.357691e-05
0.170332866,7.396277e-05
0.232023308,8.68418e-05
0.227500275,8.641639e-05
0.278248449,9.9171164e-05
0.130834675,2.2790155e-05
0.153508179,2.461144e-05
0.15064042,2.661289e-05
0.131377324,2.1612843e-05
0.147085299,2.3334263e-05
0.131070446,2.0485593e-05
0.168636186,2.8186425e-05
0.155482769,2.7394606e-05
0.149949887,2.5340389e-05
0.129290147,1.8992749e-05
0.13731291,2.003749e-05
0.111330755,1.7523646e-05
0.143258333,2.1633532e-05
0.147855622,2.4683322e-05
0.144083727,2.2867185e-05
0.177758762,3.2032734e-05
0.170628076,3.5406567e-05
0.163813692,3.9127364e-05
0.163326618,3.1161268e-05
0.155691655,3.4464832e-05
0.150667905,3.0301995e-05
0.189519423,3.5475634e-05
0.190496348,3.9232582e-05
0.185160999,3.917334e-05
0.130386348,5.460797e-05
0.138531641,6.0771632e-05
0.147982531,6.74365e-05
0.112179027,5.0886934e-05
0.124692181,5.6812532e-05
0.133862618,4.7419693e-05
0.16000257,6.2830324e-05
0.185349502,7.1793605e-05
0.164510646,6.9522284e-05
0.16661418,5.4726977e-05
0.166598281,4.9099082e-05
0.166020595,4.3958924e-05
0.151782007,5.8739904e-05
0.141924229,5.2836687e-05
0.134907077,6.297179e-05
0.173584982,4.908329e-05
0.171330812,4.388339e-05
0.181905161,4.3910353e-05
0.263627837,0.00010884857
0.221190789,0.00010193152
0.188849756,9.544238e-05
0.24217354,0.0001073333
0.198350858,9.950763e-05
0.20924757,0.000104555285
0.291447055,0.00011511419
0.262004219,0.00011354845
0.321795628,0.00012118394
0.124886521,7.658974e-05
0.124177896,7.560358e-05
0.140734535,7.814775e-05
0.170694955,8.198211e-05
0.164615398,8.1213075e-05
0.149398165,8.0866994e-05
0.159933552,7.7594166e-05
0.149786888,7.7741264e-05
0.138326294,7.476753e-05
0.165644065,8.470054e-05
0.181030074,8.604142e-05
0.174933064,8.959691e-05
0.1638534,9.5724106e-05
0.176835557,9.2215225e-05
0.165463368,8.805848e-05
0.314783067,0.00012276976
0.34504811,0.00012507707
0.36209746,0.00012614662
0.278079979,0.00011691682
0.299752694,0.000119719494
0.232604026,0.00011058215
0.41731289,0.00012954566
0.407116969,0.0001295578
0.385643836,0.00012891799
0.458791662,0.00013135126
0.435376419,0.00013144236
0.457995419,0.00013207902
0.465631077,0.00013180339
0.466488018,0.00013091708
0.447375118,0.00013089029
0.477256413,0.00013096679
0.481989533,0.00013057783
0.47313376,0.00012990042
0.48920719,0.00013203293
0.481408781,0.00013167644
0.474023017,0.00013215629
0.397060549,0.000119990975
0.450961081,0.00012687959
0.447706479,0.0001271345
0.180849065,8.0158796e-05
0.192386146,8.2393984e-05
0.216884169,8.474793e-05
0.229606347,9.347715e-05
0.241634626,9.5645155e-05
0.291394351,0.0001064569
0.258596,9.741182e-05
0.320626774,0.0001091542
0.302495222,0.00010785224
0.36135126,0.00011867501
0.376411796,0.00011942336
0.427673027,0.00012707681
0.141216495,2.8921382e-05
0.131700832,3.145033e-05
0.123478702,3.42025e-05
0.139727504,2.6815473e-05
0.132632756,2.915478e-05
0.139104666,2.482734e-05
0.138674609,3.2945252e-05
0.142262198,3.746152e-05
0.128026145,3.582323e-05
0.12347835,2.2772909e-05
0.116504564,2.4528366e-05
0.105583048,2.060776e-05
0.129958035,2.677774e-05
0.12300134,3.1477663e-05
0.117006419,2.888495e-05
0.151907905,4.4844313e-05
0.146917987,5.1211646e-05
0.141544307,5.8153415e-05
0.133213235,4.298444e-05
0.129928631,4.913978e-05
0.119828581,4.1142375e-05
0.169181235,5.5883636e-05
0.156869958,5.703739e-05
0.164356611,5.014819e-05
0.167237688,6.579135e-05
0.186439035,7.7958764e-05
0.223937115,9.081755e-05
0.170026936,6.705767e-05
0.186361686,7.925149e-05
0.160331516,6.8285284e-05
0.164249505,7.027844e-05
0.167185676,7.4948024e-05
0.198922339,8.281578e-05
0.21306968,8.8116e-05
0.265072779,0.00010145476
0.246029553,9.6199066e-05
0.117937309,7.234839e-05
0.111698041,7.0420065e-05
0.102101174,7.163522e-05
0.19194589,7.184514e-05
0.151845172,7.0312235e-05
0.188838008,7.404139e-05
0.275337105,8.6869484e-05
0.261275266,7.962559e-05
0.295437133,8.8708155e-05
0.396048849,0.00013178997
0.421943559,0.00013207836
0.444554079,0.0001321278
0.361774933,0.00013031687
0.409147489,0.00013116637
0.340017246,0.00012734058
0.159100431,8.337905e-05
0.159128059,8.550286e-05
0.178517885,8.8501416e-05
0.159419024,9.0916335e-05
0.181022525,9.472503e-05
0.184840229,0.00010024601
0.214929582,0.00010593656
0.202861773,9.981725e-05
0.244239911,0.00011225402
0.14275587,7.0543596e-05
0.15074932,7.119684e-05
0.125539256,7.217722e-05
0.12697711,6.874476e-05
0.116387772,7.0079004e-05
0.116038354,6.857398e-05
0.158685602,7.420189e-05
0.167189989,7.398664e-05
0.166716131,7.78841e-05
0.15527849,8.013172e-05
0.155041474,7.868235e-05
0.14331231,7.4243035e-05
0.212197243,0.000107455824
0.239035919,0.00011413895
0.270956459,0.00011929506
0.213748002,0.00010020939
0.221361603,0.00010677246
0.198241512,9.3751296e-05
0.290002427,0.00012462708
0.236815902,0.00012010936
0.31811771,0.0001285287
0.322620163,0.00011932975
0.295714252,0.00010802311
0.353074852,0.00012002859
0.439221187,0.00013183696
0.393128457,0.0001317358
0.462567338,0.00013139789
0.455215301,0.00013212909
0.501886991,0.00013173996
0.517285643,0.00013163048
0.464747563,0.00013209968
0.500026621,0.00013192279
0.470204315,0.00013215517
0.496362313,0.00013211183
0.494974869,0.00013215453
0.50678168,0.00013205515
0.340772378,0.00011616491
0.391830879,0.00012423149
0.432829593,0.00012958093
0.316971089,0.00011178796
0.370461542,0.000120883305
0.290417057,0.000106861524
0.407005387,0.00012588895
0.460023083,0.00013078944
0.452940192,0.0001303531
0.50652578,0.00013198634
0.477818335,0.00013207602
0.488066906,0.00013212138
0.113805667,3.860343e-05
0.101066093,4.3425145e-05
0.10152426,4.8586386e-05
0.10774195,3.553525e-05
0.087648607,3.999534e-05
0.099026482,3.2599542e-05
0.114642548,4.6274352e-05
0.122940642,5.495833e-05
0.110339689,5.177314e-05
0.093242085,2.8998027e-05
0.090713011,3.1742264e-05
0.089213865,2.5680742e-05
0.085299331,3.574595e-05
0.092196296,4.3687818e-05
0.095040869,3.9020866e-05
0.144713682,6.6950095e-05
0.15828606,7.615621e-05
0.173910754,8.5575535e-05
0.132907701,6.336251e-05
0.146223755,7.2163544e-05
0.123017219,5.9762042e-05
0.171373767,7.7809076e-05
0.210862987,8.930707e-05
0.186615732,8.758393e-05
0.207159389,9.90314e-05
0.237583336,0.00010108839
0.262606233,0.000102819926
0.25394251,0.000112313115
0.288319506,0.00011411397
0.30380175,0.00012350627
0.354523847,0.00012624677
0.336023705,0.00011779447
0.402989924,0.00012822943
0.484458133,0.00013188129
0.524007727,0.00013146341
0.523778281,0.00013136842
0.469535628,0.00013210108
0.499051999,0.00013182999
0.433999113,0.00013216694
0.252847128,9.779113e-05
0.272228863,0.00010881171
0.297156834,0.000120327095
0.226264511,9.820244e-05
0.247898849,0.00010967689
0.2113284,9.876777e-05
0.164397563,7.070384e-05
0.187855418,7.192596e-05
0.210991888,7.335006e-05
0.202181053,7.717074e-05
0.236472725,7.830027e-05
0.238689653,8.6058964e-05
0.187504678,8.57093e-05
0.17913205,7.659028e-05
0.209799346,8.578674e-05
0.171281753,6.966652e-05
0.124324732,6.629244e-05
0.107621124,6.463565e-05
0.147008191,6.819848e-05
0.120539746,6.6135755e-05
0.125687781,6.7907116e-05
0.121802019,6.7015506e-05
0.116675793,6.5730026e-05
0.121661569,6.774606e-05
0.129788737,6.680609e-05
0.101186503,6.497828e-05
0.147775613,6.8146706e-05
0.324252837,0.0001253587
0.341191087,0.00012913016
0.369908118,0.00013102675
0.255879344,0.00012058162
0.275271892,0.00012547782
0.194896178,0.000114410745
0.375572793,0.00013056758
0.431933364,0.00013214439
0.40559825,0.0001318582
0.408435897,0.00013026525
0.429875844,0.00013188705
0.453443701,0.00013216842
0.381404155,0.00012924187
0.403774828,0.00013144067
0.353757608,0.00012765473
0.107248555,6.472647e-05
0.101736464,6.730255e-05
0.108397139,7.289519e-05
0.112625515,6.714187e-05
0.115974454,7.1154085e-05
0.12116781,7.043727e-05
0.175829544,8.301061e-05
0.141892882,7.5423755e-05
0.135670663,7.768075e-05
0.170618604,9.342287e-05
0.179113293,8.761106e-05
0.117759177,8.158684e-05
0.203592615,9.564795e-05
0.192495494,9.982208e-05
0.187648277,0.00010382487
0.146135069,8.625786e-05
0.140905216,8.981554e-05
0.109275949,7.8572186e-05
0.240831719,0.00010630773
0.275394156,0.00011685664
0.217495745,0.000110650646
0.439426581,0.00013159956
0.392184509,0.00013209978
0.344359747,0.00013045289
0.391153212,0.0001319714
0.342893012,0.00012998354
0.342537226,0.00012935969
0.274623608,0.00012261057
0.233448782,0.000110920344
0.281175431,0.00012152531
0.508117307,0.00012667713
0.565387449,0.000119649114
0.529644183,0.00012401726
0.461292963,0.0001304035
0.482408632,0.00012872115
0.414168487,0.00013209332
0.212084459,0.000101952755
0.240407635,0.00011433015
0.292336442,0.00012521156
0.218202909,0.000105305284
0.259376467,0.000117500254
0.233736805,0.00010862778
0.386600824,0.00013090906
0.428901424,0.00013166807
0.459177461,0.0001320133
0.464813968,0.00013213676
0.484520791,0.00013198826
0.510941435,0.00013137906
0.518671671,0.0001312182
0.526348281,0.00013098051
0.531443577,0.00013107412
0.516966211,0.00013128742
0.522927983,0.00013138342
0.500644059,0.00013194165
0.115162209,5.4960205e-05
0.136086471,6.145611e-05
0.164946615,6.7921e-05
0.109143811,4.9514452e-05
0.131222722,5.5490418e-05
0.106531543,4.429258e-05
0.136450006,6.681891e-05
0.165927841,7.974801e-05
0.165321965,7.3850126e-05
0.09613954,3.857168e-05
0.114608911,4.2539294e-05
0.066324547,3.301303e-05
0.128559891,4.8864393e-05
0.159960645,6.0455055e-05
0.15045746,5.3258016e-05
0.1963997,9.4501935e-05
0.226213135,0.00010327222
0.265278279,0.00011160654
0.197032172,8.815595e-05
0.226288295,9.651261e-05
0.197097395,8.1670914e-05
0.219719645,0.00010804632
0.276320117,0.00012029582
0.265306231,0.00011632199
0.433835263,0.00013175339
0.374515042,0.0001288355
0.314050063,0.000121964644
0.39104558,0.00013055546
0.324849698,0.00012539934
0.339052546,0.00012792542
0.467042739,0.00013217439
0.427375082,0.00013199629
0.491605473,0.00013184338
0.498594466,0.0001321033
0.52259519,0.00013143613
0.525162618,0.00013106171
0.499207348,0.00013196834
0.52003272,0.00013125471
0.486840471,0.0001318763
0.445714458,0.00013172059
0.482464594,0.00013216384
0.465996803,0.0001321777
0.186424943,8.890621e-05
0.161260579,8.064186e-05
0.128725505,7.413872e-05
0.165927974,7.8222605e-05
0.141014756,7.231933e-05
0.149225201,7.121523e-05
0.195491484,9.456179e-05
0.162567516,8.278921e-05
0.191593759,9.158003e-05
0.11075687,6.5782304e-05
0.117050993,6.297254e-05
0.134887184,6.230608e-05
0.083638133,6.37267e-05
0.106269775,6.253542e-05
0.076092523,6.335965e-05
0.099199811,6.4019136e-05
0.128374801,6.386342e-05
0.102179931,6.745404e-05
0.120406302,6.6658475e-05
0.134791571,6.3075684e-05
0.125454707,6.595885e-05
0.39139826,0.00012578354
0.441227389,0.00013020713
0.478025584,0.00013198367
0.403520543,0.00012772855
0.447133064,0.00013114994
0.41039809,0.00012921091
0.313457326,0.00012028686
0.263070066,0.00011033399
0.220296283,9.967664e-05
0.280138777,0.000113596485
0.220579663,0.000103212544
0.240854669,0.00010603119
0.362435887,0.00012502451
0.337430395,0.00012299081
0.306288348,0.00011635944
0.358502825,0.00012300372
0.303057217,0.00011377363
0.350400305,0.00012056507
0.136789693,7.4733354e-05
0.140877939,7.380321e-05
0.118232579,7.316198e-05
0.148937439,6.809478e-05
0.135495457,6.7528934e-05
0.144563047,6.396296e-05
0.174784317,8.740562e-05
0.141085995,7.9420075e-05
0.153433624,8.040942e-05
0.179059653,9.093646e-05
0.148238504,8.348483e-05
0.170137706,9.408982e-05
0.367375118,0.00013151411
0.432033932,0.00013162021
0.496044688,0.00012707413
0.385557183,0.00013203722
0.446581162,0.00013088308
0.398295885,0.00013217941
0.333836788,0.00012910922
0.279392279,0.000120538825
0.317759103,0.00012745894
0.569987952,0.00011692281
0.643251839,0.00010518343
0.58102557,0.000112709684
0.514201119,0.00012405633
0.532996515,0.0001208044
0.46632721,0.00012920436
0.212589465,0.000101586884
0.192216568,9.500882e-05
0.171252533,8.917815e-05
0.174839537,8.852408e-05
0.151887749,8.330581e-05
0.134900389,7.820564e-05
0.273809521,0.00012111764
0.263567552,0.000117608535
0.248529225,0.00011338322
0.307013817,0.00012686213
0.295546,0.00012412405
0.348353841,0.00013077015
0.236083532,0.000110700305
0.202809332,9.951097e-05
0.225274772,0.00010631471
0.478695374,0.00013216324
0.499173316,0.00013180677
0.516393592,0.00013134438
0.511496423,0.00013191688
0.523840673,0.00013153677
0.522616356,0.00013186736
0.512704368,0.0001319073
0.521095178,0.00013180065
0.532166886,0.00013135359
0.054459347,4.900599e-05
0.04395875,4.257733e-05
0.070685225,5.0499308e-05
0.072413328,5.2355794e-05
0.033382649,4.383312e-05
0.06399495,5.2606643e-05
0.094817243,4.095423e-05
0.118080221,4.883845e-05
0.105186816,5.0885377e-05
0.134871438,6.010622e-05
0.147993818,7.5471755e-05
0.2178788,9.268029e-05
0.10596516,6.2615196e-05
0.129107765,7.8081684e-05
0.104507884,6.466309e-05
0.191999112,7.630979e-05
0.198360311,8.455553e-05
0.167339845,6.805442e-05
0.21708583,9.07557e-05
0.251658202,0.00010601706
0.245137688,9.965053e-05
0.461182684,0.00013068777
0.385112748,0.00012382324
0.30107154,0.00010989434
0.395667716,0.00012763176
0.311830234,0.000116152754
0.320766816,0.000121236044
0.440039176,0.00013155212
0.455404455,0.00013121293
0.384630645,0.00012835595
0.489011276,0.00013217669
0.516932461,0.00013209214
0.505877199,0.00013210234
0.483003944,0.00013209086
0.456342214,0.00013113815
0.439615383,0.00012882032
0.496073792,0.0001321788
0.482659243,0.00013180093
0.515854985,0.00013214034
0.406856124,0.00012716863
0.42019062,0.00012814072
0.449059411,0.00013079644
0.082806706,6.655358e-05
0.100897629,6.3899715e-05
0.124725741,6.259091e-05
0.093078803,6.797134e-05
0.113987005,6.476929e-05
0.099120233,7.0507034e-05
0.128722732,7.847387e-05
0.095256561,7.104173e-05
0.106077046,7.402611e-05
0.096013548,6.599925e-05
0.110248777,6.777218e-05
0.122982505,7.07049e-05
0.106685928,6.408304e-05
0.132324419,6.55405e-05
0.126489235,6.283834e-05
0.091022534,6.462726e-05
0.099578145,6.325658e-05
0.085858865,6.473632e-05
0.348953448,0.0001193881
0.312058824,0.00011295189
0.263813356,0.000105766005
0.304245048,0.000111682624
0.269095959,0.00010492982
0.258926699,0.00010384373
0.364674302,0.00012140933
0.322666914,0.0001141361
0.384972789,0.00012302307
0.092242939,6.973232e-05
0.080640403,7.43926e-05
0.104979892,7.9463854e-05
0.100757996,7.258632e-05
0.099112262,7.826981e-05
0.114079135,7.661473e-05
0.185471775,9.498934e-05
0.132082437,8.508235e-05
0.139307468,8.603407e-05
0.209367599,9.427238e-05
0.204182004,9.4798546e-05
0.161842511,8.615125e-05
0.112443313,7.881772e-05
0.101798454,7.3807794e-05
0.09028485,6.968118e-05
0.129268912,8.1493316e-05
0.11414854,7.5764074e-05
0.150349131,8.49489e-05
0.409964721,0.00013208333
0.48051121,0.0001282131
0.548783497,0.00011928833
0.427784318,0.00013188834
0.498880006,0.00012740625
0.44634058,0.0001316983
0.319528675,0.00012808162
0.36307526,0.00013138515
0.382261167,0.00013171231
0.614395661,0.00010329281
0.665029954,8.794953e-05
0.63945219,9.857631e-05
0.57380577,0.000114939685
0.602313197,0.00011092219
0.528605656,0.00012459741
0.254250651,0.0001178742
0.302140768,0.00012526942
0.363224002,0.00013016342
0.249125264,0.00011434003
0.297812043,0.00012179973
0.253860054,0.000110646215
0.219738651,0.00010763399
0.217016645,0.0001045548
0.1906164,9.710335e-05
0.156930775,8.797748e-05
0.173568951,9.216906e-05
0.206446688,9.910573e-05
0.084718514,4.5246234e-05
0.057187124,3.9422077e-05
0.079031522,4.633221e-05
0.123803033,5.988586e-05
0.114248622,5.431049e-05
0.102013742,4.9023514e-05
0.096622067,5.5554076e-05
0.095125625,5.026044e-05
0.077204359,5.1347557e-05
0.10437862,6.289291e-05
0.076106314,5.8334877e-05
0.060434741,5.3914486e-05
0.081662419,6.583798e-05
0.057210955,6.105271e-05
0.07476111,6.8707865e-05
0.067165301,6.2913285e-05
0.059619622,5.5714227e-05
0.091015689,5.725003e-05
0.538623471,0.00013179948
0.548612222,0.00013207407
0.50736595,0.00013191641
0.54125739,0.00013215226
0.535854157,0.00013217906
0.531580398,0.00013212522
0.518378467,0.0001321075
0.483022964,0.00013071689
0.517357824,0.0001315528
0.103490871,6.295716e-05
0.096714321,6.3558895e-05
0.09966274,6.37545e-05
0.121927458,7.549384e-05
0.129455633,7.6050695e-05
0.179882963,8.9280235e-05
0.100716942,7.556966e-05
0.101970252,6.918546e-05
0.134175039,8.245976e-05
0.113942038,7.748065e-05
0.18578565,9.251487e-05
0.186859815,9.139479e-05
0.389604837,0.00012668052
0.323383414,0.000118069845
0.255998462,0.00010474639
0.33299259,0.00011977076
0.260797442,0.00010670312
0.286901324,0.00010759794
0.437901192,0.0001298128
0.404720104,0.00012851102
0.363850468,0.00012208415
0.482612063,0.00013139092
0.514395738,0.0001316113
0.45419562,0.00013045773
0.430210602,0.000121227364
0.473630864,0.00012717217
0.514637627,0.00013052153
0.441261005,0.00012398114
0.485935084,0.00012917236
0.442022595,0.00012657877
0.324279379,0.000107766915
0.364665378,0.000112884816
0.401424102,0.00011743125
0.366253761,0.00011596043
0.405400843,0.00012042512
0.403926411,0.00012343399
0.297810066,0.00010651984
0.342563847,0.00011510564
0.272951482,0.000105213236
0.09367271,6.6753266e-05
0.098140353,6.805773e-05
0.110146478,6.9889225e-05
0.086771436,6.994546e-05
0.104042312,7.055449e-05
0.079399473,7.38706e-05
0.095167606,7.3426985e-05
0.094690569,7.0593705e-05
0.09187746,6.980277e-05
0.092853895,6.819411e-05
0.086696394,6.699435e-05
0.090206321,6.606403e-05
0.224308097,9.67377e-05
0.189066037,8.849402e-05
0.147841001,8.183267e-05
0.199194564,9.0810674e-05
0.169945104,8.395862e-05
0.177724857,8.610845e-05
0.24086209,9.8209224e-05
0.213765662,9.231523e-05
0.265995014,9.969141e-05
0.12377191,7.558988e-05
0.124549123,7.6258504e-05
0.110456409,7.75547e-05
0.129889963,7.33805e-05
0.108418371,7.332515e-05
0.129083922,7.141531e-05
0.138705654,7.812663e-05
0.156560109,8.159409e-05
0.148466172,7.964075e-05
0.117098789,8.076078e-05
0.167379776,8.957421e-05
0.218763047,9.987025e-05
0.128843366,8.254504e-05
0.176098428,9.0829584e-05
0.147001537,8.4098334e-05
0.092565356,7.5382246e-05
0.107926788,7.725119e-05
0.101418243,7.245071e-05
0.678499865,9.0584195e-05
0.726547812,7.4492076e-05
0.689120546,8.739889e-05
0.640072533,0.000105741165
0.577195083,0.00012392968
0.488939411,0.0001321025
0.630102188,0.00010843416
0.55851898,0.0001258753
0.613208763,0.00011180742
0.460577784,0.00013172958
0.541903982,0.00012495944
0.476673322,0.00013189664
0.382689627,0.00013006017
0.399014828,0.00012961737
0.320550829,0.00012172445
0.258612065,0.0001084199
0.311758379,0.0001184947
0.390469739,0.00012690999
0.250726443,0.00010581207
0.305321933,0.00011473988
0.24150149,0.00010297369
0.211367659,9.7042575e-05
0.180730009,9.061198e-05
0.215593547,9.8599565e-05
0.746079012,7.669013e-05
0.728704262,8.048527e-05
0.79405912,6.49309e-05
0.777862589,7.095848e-05
0.772060088,7.208855e-05
0.814597887,5.962625e-05
0.07523347,4.3966924e-05
0.075044403,4.373284e-05
0.047919499,3.814451e-05
0.103128366,4.9839346e-05
0.118915874,5.6015982e-05
0.131012258,6.24961e-05
0.095456714,4.9682974e-05
0.110199089,5.572852e-05
0.093132221,4.9328268e-05
0.135376899,6.0921197e-05
0.136008726,6.179643e-05
0.121355183,5.523459e-05
0.14496971,6.674452e-05
0.164807694,7.394813e-05
0.181185647,8.136133e-05
0.155413309,6.7773486e-05
0.169278687,7.490768e-05
0.150572403,6.8605e-05
0.130831406,6.998319e-05
0.114326567,7.3152696e-05
0.156526115,7.7417804e-05
0.199929522,9.6451164e-05
0.149549924,8.7100874e-05
0.113155815,7.7704084e-05
0.185566173,9.4755385e-05
0.135698989,8.506315e-05
0.180674334,9.233284e-05
0.182006212,9.151189e-05
0.180892692,8.646181e-05
0.14943382,8.2270286e-05
0.460592846,0.00012766731
0.468764895,0.0001293421
0.447437225,0.0001291327
0.488276932,0.0001295733
0.496772485,0.00013072709
0.522380781,0.0001309516
0.453643717,0.000124508
0.463143974,0.00012664885
0.492810791,0.0001288409
0.374813977,0.000120493925
0.304817247,0.00011353755
0.236829044,0.000102536455
0.388139497,0.00012314878
0.318415266,0.00011612033
0.394220034,0.0001251808
0.262811319,0.000106057
0.246301477,0.000104721716
0.32465772,0.00011427853
0.453288655,0.00012740513
0.433462857,0.00012537578
0.437645355,0.00012754028
0.343777399,0.00011243229
0.388784339,0.000119019904
0.431565092,0.00012430159
0.369578921,0.00011529026
0.421948182,0.000121831756
0.401410485,0.000118243945
0.318955176,0.00010633143
0.338906702,0.000108964916
0.36577862,0.00011183907
0.299583459,9.979768e-05
0.302501796,0.00010200499
0.261876106,9.330623e-05
0.294117828,0.00010210142
0.270582654,9.7297394e-05
0.33200606,0.00010712631
0.243002255,9.4824514e-05
0.201155262,8.845486e-05
0.230331549,9.0901165e-05
0.136984354,7.973159e-05
0.126549124,7.730155e-05
0.110036214,7.631652e-05
0.117172124,7.499521e-05
0.117865489,7.4362455e-05
0.124406248,7.2223025e-05
0.117348785,7.47611e-05
0.124878434,7.329488e-05
0.10976769,7.499019e-05
0.12286501,7.664486e-05
0.112489534,7.595633e-05
0.106609057,7.631139e-05
0.12288225,7.76405e-05
0.110986679,7.705672e-05
0.120797001,7.859304e-05
0.156076978,8.179724e-05
0.208823436,8.679977e-05
0.141837232,7.992696e-05
0.18250906,8.4560284e-05
0.157300407,8.241002e-05
0.138255802,7.9022684e-05
0.209221656,9.598973e-05
0.181477588,9.055805e-05
0.156533632,8.65092e-05
0.187094523,9.0751324e-05
0.166648902,8.6002896e-05
0.163975608,8.5205655e-05
0.145988685,8.241879e-05
0.127755351,7.88471e-05
0.147627797,8.119118e-05
0.219992679,9.705582e-05
0.18686823,9.35432e-05
0.1679994,9.00876e-05
0.230908478,9.9051824e-05
0.200727006,9.4797564e-05
0.235288053,0.000101042286
0.80496534,6.8771864e-05
0.797381373,6.93671e-05
0.826735326,5.788506e-05
0.667695036,9.931806e-05
0.688635313,9.524659e-05
0.705520363,9.18693e-05
0.638022815,0.00011388929
0.651908487,0.00011077189
0.586596934,0.00012600023
0.571611083,0.00012865826
0.532823619,0.00013088924
0.607459214,0.00011887148
0.513903399,0.0001321728
0.43243627,0.00012771034
0.359769931,0.00011781853
0.487140351,0.00013191943
0.405100789,0.00012549841
0.451854643,0.00013075795
0.322283454,0.00011301875
0.278918541,0.00010810497
0.356301901,0.000120452285
0.265628832,0.000102623446
0.274263164,0.000105379535
0.309988649,0.00010961591
0.69034365,0.00010823401
0.729226969,9.477001e-05
0.758426664,8.175039e-05
0.743205924,9.510675e-05
0.770309531,8.156278e-05
0.782441829,8.14529e-05
0.737064428,8.574667e-05
0.683262385,0.00010209529
0.62384136,0.00011716296
0.72765317,8.633016e-05
0.675504164,0.00010237848
0.722118103,8.723674e-05
0.600965495,0.00012002158
0.591588782,0.00012301606
0.660589942,0.00010640929
0.673462635,0.0001112607
0.647352445,0.00011421658
0.705546062,9.843417e-05
0.840775927,6.6509776e-05
0.828847154,6.737616e-05
0.849967563,5.6514582e-05
0.089797361,4.291924e-05
0.100317499,4.229566e-05
0.07908565,3.7201076e-05
0.118367421,4.782118e-05
0.109770707,4.868123e-05
0.098971946,4.926743e-05
0.127453573,5.4626853e-05
0.11904627,5.548428e-05
0.135922246,6.176392e-05
0.124088245,6.259207e-05
0.12860509,6.235941e-05
0.109195116,5.5753324e-05
0.147259493,7.0498056e-05
0.16440519,7.848527e-05
0.185250747,8.603298e-05
0.143542154,7.029454e-05
0.157846267,7.78189e-05
0.143641409,6.9687194e-05
0.167791921,7.6958175e-05
0.187943639,8.353901e-05
0.189617633,8.511897e-05
0.20090034,9.138517e-05
0.243053996,0.000100646386
0.293692009,0.000108280656
0.215230068,9.302092e-05
0.256306581,0.000101439924
0.220346346,9.391692e-05
0.238068826,0.00010153593
0.268211974,0.00010553404
0.210242473,9.655484e-05
0.303122674,0.00011020323
0.358273837,0.000117068135
0.323222958,0.00011299868
0.409504555,0.00012226767
0.439804277,0.00012466405
0.433679705,0.00012488171
0.409152649,0.00012121118
0.409717134,0.000121504316
0.378350827,0.00011765762
0.351669718,0.00011501702
0.375179261,0.00011895619
0.373125285,0.00011791402
0.358056979,0.00011516033
0.371948124,0.00011702838
0.398370956,0.00012081253
0.289847817,0.00010401024
0.311913651,0.00010910219
0.346397976,0.00011388731
0.302825435,0.00010643499
0.336656457,0.00011202233
0.323710924,0.00010929402
0.256657659,9.527701e-05
0.278843759,0.000100401696
0.309506589,0.000106229105
0.259994838,9.458883e-05
0.291259144,0.00010011419
0.270197108,9.396031e-05
0.269736946,9.830974e-05
0.28024101,0.0001012486
0.289272371,0.00010350868
0.215039283,8.816307e-05
0.151794542,8.314686e-05
0.114652122,7.986535e-05
0.137927027,8.4622865e-05
0.102800645,8.11894e-05
0.101926362,8.3046274e-05
0.211148544,9.0112575e-05
0.205913656,8.9052475e-05
0.148410898,8.594347e-05
0.137816571,8.445892e-05
0.150836113,8.307605e-05
0.158681635,8.2038314e-05
0.139438652,8.124008e-05
0.147598936,8.054864e-05
0.122906522,7.853684e-05
0.111670034,7.819859e-05
0.121260215,7.8000216e-05
0.139831954,7.9573176e-05
0.101654618,7.936808e-05
0.110499483,8.049899e-05
0.086414789,8.067972e-05
0.188693343,9.381983e-05
0.159931555,9.123425e-05
0.147567057,8.917586e-05
0.159241312,9.0936344e-05
0.139666351,8.8865134e-05
0.146288589,8.799133e-05
0.145791882,8.6566164e-05
0.155602077,8.4196734e-05
0.138522598,8.579989e-05
0.225678802,9.730742e-05
0.269563215,0.000102806494
0.31080913,0.00010980647
0.227261291,9.7234835e-05
0.262292087,0.00010268371
0.217183445,9.68753e-05
0.192624942,9.39861e-05
0.198288118,9.382033e-05
0.171919276,9.133636e-05
0.801123455,7.9265876e-05
0.811836168,7.8767014e-05
0.815843,7.8203644e-05
0.765790536,9.146036e-05
0.76830937,9.1311056e-05
0.711780811,0.0001041041
0.705635277,0.000105583465
0.69661745,0.00010693908
0.75403727,9.3342176e-05
0.544783143,0.00012987407
0.596782098,0.0001246533
0.647712842,0.00011712068
0.599958638,0.0001240905
0.650096297,0.00011620341
0.656135575,0.00011520793
0.530331746,0.00013041032
0.421743005,0.0001306443
0.336804645,0.00012115653
0.516583192,0.00013130024
0.429232129,0.00012975029
0.514810088,0.0001319546
0.365495115,0.000119457654
0.440847728,0.00012896318
0.354663123,0.00012056937
0.254446491,0.000103097445
0.302038659,0.000110857836
0.290569295,0.00011138813
0.618590379,0.0001221672
0.543842253,0.00013059891
0.472002836,0.00013176692
0.605656942,0.0001241139
0.529649526,0.0001312731
0.584319319,0.00012595166
0.418199891,0.00012951992
0.36589888,0.00012579306
0.474470756,0.00013215252
0.521117802,0.00013158596
0.496448908,0.00013217704
0.570868558,0.00012818773
0.813905629,7.693833e-05
0.773463246,8.950449e-05
0.732521085,0.000102531754
0.769390683,9.0476635e-05
0.72078664,0.00010319146
0.713748152,0.00010370631
0.822916423,7.556989e-05
0.783088271,8.913067e-05
0.846188879,6.3740605e-05
0.814652909,7.629588e-05
0.84770764,6.4689906e-05
0.857700007,5.350544e-05
0.072004915,3.826505e-05
0.063333699,3.4129273e-05
0.090419783,3.9928385e-05
0.064380011,4.1978816e-05
0.081261548,4.395017e-05
0.10097524,4.5735393e-05
0.064703569,4.7851463e-05
0.084031469,4.995881e-05
0.062919148,5.3926262e-05
0.114784318,5.2472e-05
0.129697302,5.951741e-05
0.094292596,5.6897326e-05
0.142868257,6.8502624e-05
0.142294079,7.455223e-05
0.154499035,7.983697e-05
0.118064819,6.566953e-05
0.121015146,7.116142e-05
0.083943183,6.249112e-05
0.152538732,7.652502e-05
0.171178219,8.458744e-05
0.161685518,8.247256e-05
0.208421907,9.421475e-05
0.229151099,0.00010054256
0.246406456,0.00010450274
0.19422064,9.195031e-05
0.215625842,9.7710064e-05
0.184805459,8.924112e-05
0.24506616,0.000101520076
0.288997226,0.00010802308
0.264968432,0.000106635416
0.321947529,0.00011311027
0.334332528,0.00011455499
0.289927835,0.00011031331
0.285539752,0.00010403011
0.279353714,0.00010411813
0.270839624,0.00010416304
0.305938139,0.00010839929
0.29060712,0.000107558655
0.32897823,0.000112450434
0.267605699,0.00010594485
0.263488438,0.000106372674
0.290873763,0.00010991147
0.272243966,9.984024e-05
0.251964577,9.664591e-05
0.219133889,9.4602394e-05
0.26815325,0.00010062897
0.249653331,9.8342214e-05
0.267360368,0.00010163414
0.263087289,9.706269e-05
0.253270874,9.417448e-05
0.237908088,9.387026e-05
0.207629672,8.977925e-05
0.141593049,8.637456e-05
0.188365024,9.036091e-05
0.093548005,8.285578e-05
0.120216863,8.169302e-05
0.157535029,8.245735e-05
0.143587433,8.3856685e-05
0.18295318,8.301444e-05
0.145984083,8.477676e-05
0.172141452,8.6975895e-05
0.20713962,9.0116126e-05
0.231064622,9.3806e-05
0.142494991,8.586966e-05
0.154971332,8.874473e-05
0.104610899,8.5145024e-05
0.177953765,9.349308e-05
0.13184926,8.903345e-05
0.195781425,9.342948e-05
0.164849657,8.810366e-05
0.177658028,8.969657e-05
0.187861394,9.1588234e-05
0.171688249,8.680906e-05
0.17740672,8.794974e-05
0.151078943,8.545285e-05
0.161403915,8.605351e-05
0.16319185,8.523e-05
0.164761771,8.418995e-05
0.122583448,8.4068226e-05
0.136916317,8.382057e-05
0.1723272,8.367895e-05
0.205433749,9.3754126e-05
0.207023714,9.5038304e-05
0.21159174,9.609366e-05
0.22692609,0.00010075268
0.241739284,0.000102076265
0.276649125,0.000110151435
0.18382361,8.973001e-05
0.169314691,8.7133216e-05
0.187592149,9.0763475e-05
0.146631484,8.5717445e-05
0.124062007,8.549554e-05
0.12187966,8.520895e-05
0.125468859,8.4125764e-05
0.115727466,8.403519e-05
0.122704867,8.420917e-05
0.652397852,0.000116156196
0.655376217,0.00011603696
0.664011887,0.00011580217
0.59143587,0.00012571034
0.594614234,0.00012572872
0.528945695,0.00013117195
0.538198675,0.00013038299
0.595192228,0.00012493273
0.532518999,0.00013081756
0.474851006,0.00013214201
0.403093943,0.00012900443
0.332222612,0.00012232515
0.452233485,0.00013139308
0.38292029,0.00012653551
0.430758306,0.0001298335
0.464599391,0.00013203478
0.457701551,0.00013187013
0.390261902,0.00012835868
0.370932687,0.0001241107
0.278609687,0.000112346475
0.227382361,0.00010172522
0.32835728,0.000119557764
0.252708973,0.00010818807
0.293651847,0.00011491266
0.215307903,9.589183e-05
0.235182544,0.00010419475
0.222099498,9.851139e-05
0.283217411,0.000114768016
0.246604593,0.00010768069
0.327122247,0.00011959645
0.562934953,0.00013006093
0.549229661,0.00013053567
0.53726824,0.00013089813
0.62533522,0.00012395928
0.609769188,0.00012492566
0.685116605,0.00011436678
0.842351812,7.264354e-05
0.817445345,8.379423e-05
0.81619129,8.662342e-05
0.780955028,9.829167e-05
0.76535761,0.00010058302
0.640568256,0.00012293068
0.710674773,0.00011286442
0.719665221,0.00011102149
0.848583636,6.092562e-05
0.043344979,3.7247166e-05
0.050797801,4.284056e-05
0.054325559,4.870376e-05
0.034124877,3.7851594e-05
0.044133175,4.347255e-05
0.031747422,3.285481e-05
0.068101184,5.7297086e-05
0.092650016,6.0471644e-05
0.111790788,6.42447e-05
0.064240612,5.1881616e-05
0.092546927,5.5178745e-05
0.050930483,4.6514786e-05
0.09417692,6.575877e-05
0.132163964,7.4324955e-05
0.109829575,6.898917e-05
0.165875895,8.620132e-05
0.146214822,9.244373e-05
0.154692246,9.842694e-05
0.133190716,8.126522e-05
0.119016046,8.922723e-05
0.120449782,7.695699e-05
0.20182876,9.452582e-05
0.228973014,0.00010092966
0.194628335,9.865805e-05
0.242855779,0.00010311947
0.258233481,0.00010362496
0.229001972,0.00010201949
0.3040901,0.000105238614
0.280066527,0.00010563657
0.235372547,0.00010361241
0.27990909,0.000103265564
0.263898492,0.0001038413
0.270376833,0.00010269795
0.257592126,0.00010058793
0.224887565,9.764165e-05
0.261671409,0.00010148897
0.230099164,9.781866e-05
0.261620056,9.8579374e-05
0.287164064,0.00010265592
0.242895312,9.472673e-05
0.200155775,9.0648464e-05
0.149892623,8.7244414e-05
0.238221797,9.548433e-05
0.186220555,9.0975926e-05
0.244607391,9.6036274e-05
0.167826622,8.826773e-05
0.204397058,9.1815295e-05
0.144933318,8.778603e-05
0.358953598,0.000107598986
0.314981108,0.000103147606
0.274771433,9.834851e-05
0.327691246,0.00010451008
0.280177772,9.9530596e-05
0.287153258,0.00010051353
0.348443675,0.00010720886
0.329994447,0.00010639485
0.307566684,0.00010308321
0.201699384,8.9692236e-05
0.191745639,8.659157e-05
0.170739592,8.480551e-05
0.172865429,8.685727e-05
0.163749279,8.48546e-05
0.15287801,8.516354e-05
0.217267013,9.110348e-05
0.212954157,9.294938e-05
0.200062696,8.750857e-05
0.160853349,8.458555e-05
0.14100895,8.408388e-05
0.158845707,8.41927e-05
0.181462736,8.749997e-05
0.182690756,8.573854e-05
0.177023715,8.475607e-05
0.21457879,9.00597e-05
0.209482773,8.7660985e-05
0.246525406,9.342529e-05
0.211177767,9.100018e-05
0.247057102,9.447998e-05
0.249370207,9.538985e-05
0.476806775,0.00013201154
0.399806787,0.00012791948
0.334096421,0.00012043768
0.466665615,0.00013186678
0.388351683,0.0001273973
0.457333822,0.00013171179
0.385083034,0.00012781365
0.326687621,0.00012082887
0.322119251,0.00012147923
0.259500036,0.000110763875
0.256331821,0.00010995248
0.25827538,0.0001094555
0.216406711,0.0001006565
0.204808483,0.00010013493
0.183321138,9.33394e-05
0.213807692,9.837583e-05
0.232206659,0.00010391263
0.197404913,9.551841e-05
0.194894168,9.061496e-05
0.179341083,8.8910245e-05
0.181189922,8.624446e-05
0.517136889,0.0001319478
0.590749889,0.00012787548
0.657401901,0.00011846822
0.473209844,0.00013200362
0.539293555,0.00013088725
0.428350812,0.00013069919
0.436579367,0.00013050497
0.398015732,0.00012791248
0.367746897,0.00012433039
0.477669933,0.00013216681
0.591329906,0.00012542657
0.692730979,0.00010617486
0.530292348,0.00012966353
0.640394565,0.000115357325
0.732779918,8.710525e-05
0.04087728,3.9178693e-05
0.085814386,4.772477e-05
0.125462625,5.7075646e-05
0.087906418,4.0542152e-05
0.126721302,4.9711412e-05
0.042533215,3.3798195e-05
0.144350781,6.973858e-05
0.175572573,7.699483e-05
0.228819564,8.4321015e-05
0.157984682,6.2718806e-05
0.178523966,6.941721e-05
0.143278273,5.496657e-05
0.142637676,8.325749e-05
0.128075759,9.491558e-05
0.174249592,9.056236e-05
0.279054217,9.860651e-05
0.21003554,0.00010222367
0.198625411,0.000103831466
0.354975689,0.00010770872
0.319021472,0.00010876549
0.436339,0.000112410395
0.333245002,0.00010890397
0.384269709,0.00011130588
0.281284513,0.00010773803
0.417412259,0.000111499394
0.440552972,0.000113046466
0.385985579,0.00011042066
0.402134627,0.000110104695
0.440608059,0.000112240195
0.453413296,0.00011397177
0.473341219,0.00011362792
0.515278894,0.0001153621
0.495471721,0.0001148303
0.364963055,0.000107015156
0.32015111,0.000102820835
0.395107309,0.00010921881
0.313304837,0.00010233885
0.294711835,0.00010153625
0.379446235,0.00010900359
0.347020794,0.00010783796
0.379633184,0.00011059745
0.420357754,0.000112670205
0.30621621,0.000103146434
0.33894341,0.000106384825
0.274460417,9.8109565e-05
0.15967407,8.858601e-05
0.172773709,8.782765e-05
0.214838635,9.1023154e-05
0.168339123,8.618459e-05
0.188710765,8.703757e-05
0.170311391,8.506114e-05
0.239369184,9.2245304e-05
0.2012586,8.7046436e-05
0.22038736,9.1345086e-05
0.303807986,0.00010189898
0.264573865,9.684411e-05
0.258488881,9.5779884e-05
0.271086325,0.00011153553
0.29588754,0.00011593967
0.317877107,0.00012057635
0.220378074,0.00010405815
0.241058806,0.00010834329
0.187105945,9.8946e-05
0.213002973,0.00010171751
0.18140751,9.630734e-05
0.173963948,9.4455645e-05
0.14548432,9.013424e-05
0.155106814,9.244163e-05
0.182364691,9.02036e-05
0.34590629,0.00012636266
0.389232522,0.0001307775
0.440774198,0.0001321252
0.30762369,0.00012147736
0.342498696,0.00012758024
0.281321788,0.000117559
0.273456323,0.000114714574
0.253409232,0.00011049405
0.218756453,0.00010420137
0.322092885,0.00012565298
0.411487413,0.00013192506
0.530355104,0.00012764931
0.39209895,0.00013130512
0.50499943,0.00013020559
0.618075188,0.00011425989
0.095584281,4.9377006e-05
0.080074226,4.5824334e-05
0.16962606,6.28198e-05
0.144524023,5.8909834e-05
0.211159974,7.394154e-05
0.032746488,3.881202e-05
0.396143994,0.0001098123
0.384727109,0.00010928668
0.363231905,0.00010862438
0.343299305,0.00010390546
0.323266008,0.00010291299
0.273830491,9.6967e-05
0.195162018,6.6274595e-05
0.25418891,7.7308745e-05
0.284377584,8.8450135e-05
0.26934317,8.0168254e-05
0.327833944,9.1372654e-05
0.324818194,9.347725e-05
0.332632034,0.00010204394
0.411071017,0.0001103024
0.369342351,0.00010447572
0.389235808,0.00010461848
0.452340716,0.00011159579
0.502974545,0.000114390634
0.476480302,0.00011199087
0.539767715,0.00011566439
0.539267056,0.00011616086
0.508521939,0.00011698415
0.535339813,0.00011767963
0.531864072,0.00011660294
0.475251322,0.00011759315
0.500314377,0.00011825789
0.526197852,0.00011782501
0.463816833,0.00011705504
0.508440117,0.000117938835
0.463951792,0.00011584625
0.397613926,0.00011272318
0.443387416,0.0001158937
0.428156223,0.00011462963
0.414517933,0.000113157315
0.431846747,0.000113412236
0.454628098,0.00011600173
0.184683702,9.692876e-05
0.220553856,0.00010162423
0.251321192,0.00010722
0.232778829,9.925265e-05
0.250809479,0.00010316843
0.293355721,0.00010425329
0.206422518,9.428691e-05
0.264746473,9.9800985e-05
0.245312424,9.514679e-05
0.361585598,0.00010745579
0.30528799,0.00010143707
0.318087139,0.00010540724
0.376807417,0.00013083739
0.332590919,0.00012460221
0.324805653,0.000118067386
0.325726942,0.0001247471
0.310751709,0.00011718802
0.285119436,0.00011665667
0.27829927,0.000109031775
0.320648727,0.00011140875
0.303357764,0.00010710611
0.330384149,0.00012491868
0.369820218,0.00013073764
0.451644975,0.0001315516
0.345148522,0.00013039868
0.419471815,0.000131893
0.538165018,0.00012474196
0.25648328,8.207159e-05
0.184096029,7.152309e-05
0.190229515,6.9064234e-05
0.127335314,5.9230293e-05
0.135332271,5.621652e-05
0.086385016,4.7148365e-05
0.411136289,0.00011277084
0.3744026,0.00011073872
0.365471168,0.0001088949
0.414919843,0.00011445853
0.389134402,0.000112706744
0.412108359,0.00011513407
0.453713806,0.000115355404
0.444253699,0.0001162291
0.473426462,0.00011707715
0.175779736,7.3455165e-05
0.239839958,8.349136e-05
0.321787346,9.442412e-05
0.230059072,8.4477506e-05
0.31628755,9.493065e-05
0.308514206,9.5048475e-05
0.479813608,0.000112318805
0.403964054,0.000105117906
0.402697642,0.00010513543
0.379310724,0.000104026614
0.456650574,0.000111682006
0.528290041,0.00011610015
0.419413082,0.00011050195
0.491334402,0.000115485134
0.446869715,0.00011432291
0.49689384,0.00011797408
0.484442393,0.00011696048
0.506828966,0.00011765387
0.474910181,0.00011730741
0.4364549,0.00011630032
0.447867811,0.00011614839
0.358964606,0.000113864306
0.373729598,0.00011247468
0.376509733,0.00011216912
0.37404312,0.00011087195
0.38808046,0.00011193142
0.371961523,0.00010947835
0.408629398,0.00011403916
0.392619661,0.00011218517
0.397144729,0.0001129665
0.321015726,0.000119629556
0.326190332,0.00011994039
0.332274603,0.000119430966
0.320029682,0.0001253621
0.329483309,0.00012538706
0.356711433,0.00013037988
0.331992441,0.00011461872
0.354973392,0.00011241707
0.348568617,0.000114762406
0.48128608,0.00013217427
0.519638847,0.00013216706
0.391139851,0.00012994118
0.430933123,0.00012916955
0.338743002,0.0001243942
0.620528219,0.00012985765
0.226700574,8.4945925e-05
0.178219528,7.5538344e-05
0.178602983,7.478985e-05
0.140904878,6.572551e-05
0.128698003,6.412285e-05
0.10344466,5.5219472e-05
0.365935163,0.00010931722
0.378762042,0.000111329
0.402395083,0.000113015005
0.425547751,0.000113201444
0.420190602,0.00011482254
0.428446499,0.00011502857
0.425841191,0.000113526454
0.398881368,0.000111990936
0.411948356,0.00011122999
0.17709646,7.5529235e-05
0.222006034,8.476967e-05
0.29115235,9.4591065e-05
0.215773595,8.402741e-05
0.2555507,9.367985e-05
0.244336992,9.223255e-05
0.369750222,0.000109120556
0.285753076,0.000101442434
0.332923888,0.0001029724
0.320255639,0.000105478
0.279878465,9.968589e-05
0.338923224,0.000107494794
0.317147898,0.000103885075
0.359265663,0.00010575537
0.365364749,0.00010758839
0.35532899,0.0001082953
0.389290831,0.00010974039
0.373596992,0.00011098029
0.295281514,0.00010664778
0.307996464,0.00010931951
0.349429048,0.00011112495
0.31395538,0.000110994086
0.328534427,0.000112018424
0.325159387,0.00011523393
0.290013777,0.000104356266
0.327131938,0.00010855956
0.280459376,0.00010516371
0.298238535,0.00011302142
0.332145023,0.00011646064
0.324280306,0.00011861332
0.365963794,0.00012130394
0.376352164,0.00012333013
0.447541127,0.00012841549
0.302202318,0.00010741901
0.317133425,0.00011303864
0.298221952,0.000109422355
0.331709247,0.00011723384
0.432525321,0.00012600016
0.527728192,0.0001314697
0.401222587,0.00012257817
0.515044597,0.00013020234
0.599282008,0.0001321435
0.220837622,8.2753235e-05
0.193110759,7.371806e-05
0.193373373,7.496518e-05
0.183181948,6.641286e-05
0.15203459,6.6902736e-05
0.140579619,5.8617185e-05
0.161170809,7.220108e-05
0.211640392,8.121916e-05
0.245461066,9.0681904e-05
0.197821077,7.9071695e-05
0.241258187,8.85093e-05
0.227253432,8.581735e-05
0.324894892,0.00010310348
0.284898124,9.498689e-05
0.27975431,9.7588905e-05
0.297237689,9.8893666e-05
0.264101947,9.273281e-05
0.333469546,0.00010106253
0.209872085,9.195632e-05
0.21828532,8.998447e-05
0.229240949,8.799505e-05
0.238131539,9.63239e-05
0.254537093,9.4586925e-05
0.273872296,0.0001003381
0.256337026,0.00010107486
0.269364387,0.0001022173
0.237494777,9.73177e-05
0.239330677,0.0001046251
0.19754506,9.667906e-05
0.155869647,8.9345835e-05
0.268080167,0.00010257025
0.226378291,9.596814e-05
0.277872246,0.000101911064
0.195930322,9.060883e-05
0.23573166,9.636839e-05
0.181357843,8.964865e-05
0.231783534,0.00010283911
0.234351483,0.00010641351
0.258382127,0.00010990258
0.302456361,0.0001117777
0.313261905,0.00011458261
0.38797785,0.00012073337
0.167160419,9.628119e-05
0.143304495,9.195556e-05
0.186357814,0.00010054028
0.281038387,0.000107699525
0.359800238,0.000117449505
0.451198124,0.00012604946
0.334953093,0.00011406373
0.42153467,0.0001237339
0.501910761,0.00012974786
0.089431069,6.321548e-05
0.138354257,6.9555696e-05
0.170865118,7.58866e-05
0.094817894,6.0855225e-05
0.111590659,6.66675e-05
0.065459641,5.5557462e-05
0.091162917,7.135827e-05
0.079843058,6.6835135e-05
0.071578246,6.2535226e-05
0.139551047,7.5878466e-05
0.128714536,7.1231196e-05
0.190727797,8.080515e-05
0.173398011,8.500226e-05
0.129496017,7.800847e-05
0.182772027,8.288869e-05
0.152453779,8.365537e-05
0.131069273,8.272933e-05
0.111339702,7.67912e-05
0.078848687,7.352647e-05
0.082787839,7.226733e-05
0.086783204,7.1624294e-05
0.09382031,7.854853e-05
0.103670348,7.73602e-05
0.113846098,8.386594e-05
0.126917997,8.440208e-05
0.108996594,8.520885e-05
0.117314914,8.694221e-05
0.153263115,9.013971e-05
0.13498542,9.057348e-05
0.193378777,9.63187e-05
0.092642932,7.649358e-05
0.09217967,8.157715e-05
0.107383486,8.006129e-05
0.215775893,9.8228134e-05
0.224604842,9.912307e-05
0.231907499,0.000100736324
0.267221422,0.00010597545
0.276049092,0.000106493215
0.329542715,0.00011390527
0.151992385,8.7728404e-05
0.185997375,9.401558e-05
0.179375898,9.228241e-05
0.238509344,0.00010408708
0.301299602,0.00011222883
0.366973048,0.00012000759
0.271197085,0.00011094752
0.34092044,0.00011894685
0.397733145,0.0001251884
0.0274921,5.435598e-05
0.040235219,5.6279085e-05
0.037937996,5.8396407e-05
0.045374113,6.0335205e-05
0.061180597,6.4601365e-05
0.016307297,5.011104e-05
0.049066307,6.140217e-05
0.03554297,5.818195e-05
0.028063873,5.5317145e-05
0.054824513,6.41419e-05
0.046272332,6.114565e-05
0.070787654,6.7496796e-05
0.075117156,6.925245e-05
0.063251807,6.521849e-05
0.068850968,6.809774e-05
0.103394316,7.093905e-05
0.081958545,6.713368e-05
0.063882875,6.4015345e-05
0.098106904,7.131597e-05
0.079684274,6.7989684e-05
0.088177337,7.2213974e-05
0.103798725,7.554953e-05
0.120670973,7.960728e-05
0.112897765,7.512246e-05
0.152136102,8.370046e-05
0.145397097,8.327792e-05
0.135469365,8.355833e-05
0.165316066,8.8240806e-05
0.15694169,8.762564e-05
0.181318121,9.309257e-05
0.135644924,7.8663186e-05
0.12003344,7.445013e-05
0.128545334,7.883679e-05
0.196066216,9.849551e-05
0.199975202,9.782504e-05
0.201262783,9.776282e-05
0.219291187,0.00010514513
0.22236602,0.0001043208
0.25644856,0.0001118565
0.167076418,8.768454e-05
0.181048495,9.2582864e-05
0.180685036,9.261281e-05
0.264535251,0.000111599926
0.215529258,0.000104831604
0.30861336,0.00011808512
0.258228088,0.00011158879
0.308613878,0.00011806604
0.361302142,0.00012361817
0.033318544,5.77788e-05
0.017638119,5.4493426e-05
0.022448916,5.4563552e-05
0.017045712,5.125661e-05
0.020599751,5.173228e-05
0.014196425,4.755692e-05
0.055383254,6.295946e-05
0.028714279,5.860933e-05
0.016455425,5.486609e-05
0.050273516,6.138114e-05
0.025310421,5.7715668e-05
0.049260468,6.099357e-05
0.091282858,6.798511e-05
0.073582879,6.5316046e-05
0.068313762,6.413645e-05
0.146200863,8.175152e-05
0.158458299,8.610123e-05
0.172705162,9.14725e-05
0.138187862,8.0160695e-05
0.148824904,8.494078e-05
0.126279601,7.896837e-05
0.079173802,6.737414e-05
0.097373613,6.960657e-05
0.111061641,7.220051e-05
0.102786851,7.2661875e-05
0.119177091,7.473634e-05
0.129276598,7.654579e-05
0.286652821,0.00011462316
0.260473426,0.000110742025
0.239153957,0.00010750019
0.215053588,0.000103392355
0.195519848,0.000100623154
0.170327813,9.343953e-05
0.175223469,9.6100855e-05
0.145950854,8.667437e-05
0.324625283,0.00011972897
0.026642376,5.5514527e-05
0.017683195,5.312117e-05
0.032141927,6.0076778e-05
0.024818173,5.6923425e-05
0.040604631,6.136325e-05
0.025931346,5.2305302e-05
0.040799856,6.338814e-05
0.046564516,6.407854e-05
0.060336961,6.51633e-05
0.055519535,6.836843e-05
0.065362862,6.8769295e-05
0.083989695,7.053433e-05
0.10761019,7.6945435e-05
0.08888874,7.5335636e-05
0.139195822,8.8182926e-05
0.12867771,8.287536e-05
0.184963832,9.881171e-05
0.152887737,9.206089e-05
0.209384727,0.00010277045
0.13345902,8.73714e-05
0.10111167,8.040645e-05
0.112622595,8.140101e-05
0.230528882,0.000108769666
0.047175214,6.7056535e-05
0.130961831,8.932622e-05
0.165153403,7.8363664e-05
0.146822822,7.852998e-05
0.138862486,7.879354e-05
0.137957723,7.915444e-05
0.141745422,7.7000994e-05
0.135125197,7.728337e-05
0.135858333,7.767132e-05
0.124360887,7.58102e-05
0.129720345,7.6224234e-05
0.115539814,7.481353e-05
0.203126632,8.3324565e-05
0.179402341,8.287607e-05
0.159481917,8.2546394e-05
0.146368803,8.234139e-05
0.203126632,8.1593986e-05
0.166920421,8.1213206e-05
0.14604377,8.0964775e-05
0.189138812,7.993338e-05
0.152512882,7.963926e-05
0.194434217,7.417208e-05
0.183189446,7.0567396e-05
0.167194939,6.6299675e-05
0.155404961,6.142496e-05
0.198544093,7.309421e-05
0.182641348,6.9470145e-05
0.170070358,6.512504e-05
0.202078662,7.201947e-05
0.186795885,6.839333e-05
0.205581541,7.094586e-05
0.15396604,6.8796995e-05
0.105109807,6.357109e-05
0.055082012,5.772271e-05
0.019712476,5.16006e-05
0.151356815,6.634996e-05
0.102167154,6.0948187e-05
0.067369553,5.5016662e-05
0.144688715,6.389095e-05
0.113318234,5.8337864e-05
0.029477309,4.2792995e-05
0.029477309,4.5725104e-05
0.025663606,4.8681213e-05
0.026091752,4.7645055e-05
0.025927902,5.069461e-05
0.023353482,5.3690575e-05
0.024641351,5.2782838e-05
0.025800082,5.585038e-05
0.02713186,5.8080856e-05
0.023043402,4.89863e-05
0.016841408,4.4835626e-05
0.017986447,4.094725e-05
0.018657047,3.73523e-05
0.019672071,4.6845507e-05
0.021638957,4.264202e-05
0.018657047,3.8739458e-05
0.026285021,4.4781078e-05
0.028482924,4.0542152e-05
0.100209637,7.297999e-05
0.104805632,7.3261195e-05
0.105818684,7.3865645e-05
0.112580347,7.4624506e-05
0.121425985,7.5029195e-05
0.130189972,7.5761374e-05
0.127784497,7.633627e-05
0.133849692,7.686901e-05
0.128622984,7.8116835e-05
0.129513707,7.794959e-05
0.123368658,7.646421e-05
0.114913338,7.500158e-05
0.115876773,7.352717e-05
0.111803688,7.624889e-05
0.092416657,7.472766e-05
0.084927354,7.3263036e-05
0.102854374,7.458187e-05
0.087023852,7.300002e-05
0.188084319,7.2692994e-05
0.147887188,7.3464966e-05
0.199613453,7.443714e-05
0.179482748,7.546846e-05
0.151564062,7.571384e-05
0.197679198,7.7439065e-05
0.180876148,7.789906e-05
0.189624103,8.006712e-05
0.250994695,9.0220376e-05
0.211626019,8.916114e-05
0.173652048,8.823064e-05
0.152965031,8.7444234e-05
0.242782563,8.794307e-05
0.198900963,8.688347e-05
0.163280886,8.5976266e-05
0.226988599,8.563596e-05
0.185221154,8.460433e-05
0.039835528,4.683621e-05
0.02935969,4.2010623e-05
0.019968848,3.7643407e-05
0.01577508,3.3743123e-05
0.025500465,4.347282e-05
0.020131771,3.8918497e-05
0.014679946,3.4833833e-05
0.016393713,4.0311068e-05
0.013362739,3.6035442e-05
0.0126,2.861766e-05
0.0126,3.077624e-05
0.017881726,3.310878e-05
0.026420471,3.562507e-05
0.0126,2.8044884e-05
0.013515349,3.0136009e-05
0.018021644,3.239533e-05
0.012623149,2.7465969e-05
0.013833746,2.9490759e-05
0.0126,2.6881718e-05
0.162048978,9.5036965e-05
0.186611287,9.3263065e-05
0.221625172,9.166131e-05
0.197666108,9.6119e-05
0.240534336,9.455926e-05
0.274994508,9.314794e-05
0.235872295,9.7367934e-05
0.298253945,9.6002346e-05
0.272116623,9.87508e-05
0.042111639,4.4127202e-05
0.028261261,3.8992894e-05
0.018569337,3.447876e-05
0.014041573,3.0544383e-05
0.027401576,4.037429e-05
0.019011024,3.558975e-05
0.015441738,3.142016e-05
0.019879245,3.69158e-05
0.016044628,3.2480733e-05
0.017230828,3.323712e-05
0.023421306,3.617387e-05
0.032733203,3.936719e-05
0.013370995,2.9917332e-05
0.014146791,3.250891e-05
0.018042335,3.5334295e-05
0.0126,2.9274224e-05
0.0126,3.176641e-05
0.013938286,2.6426524e-05
0.013938286,2.6421085e-05
0.0126,2.6571632e-05
0.015575868,2.8688057e-05
0.015065932,2.8771532e-05
0.014474018,2.9028472e-05
0.018302389,3.117177e-05
0.01885533,3.1363063e-05
0.026505157,3.389773e-05
0.205334646,0.00010327974
0.197244308,0.000101573045
0.204160751,0.000100069505
0.235218118,0.00010460706
0.225155581,0.00010321738
0.194613835,0.00010199518
0.273890065,0.000106057465
0.26705301,0.00010494501
0.288880814,0.000107553155
0.012969356,2.6593056e-05
0.012806621,2.6555805e-05
0.014275935,2.6500245e-05
0.01492327,2.8975524e-05
0.015639924,2.8924896e-05
0.015978584,2.8855911e-05
0.016939496,3.159736e-05
0.018009536,3.1534346e-05
0.019584797,3.44808e-05
0.185334026,0.00011090484
0.221545463,0.00010952712
0.28999856,0.00010842384
0.228224657,0.00011166987
0.287895921,0.0001107173
0.301324939,0.00010996573
0.273490409,0.00011247197
0.289616519,0.00011185627
0.271743964,0.00011317631
0.020518366,3.55885e-05
0.019149958,3.2381537e-05
0.016324204,2.947772e-05
0.013755624,2.6849855e-05
0.017625931,3.2263346e-05
0.016245431,2.934738e-05
0.014387493,2.6716465e-05
0.015077952,2.9273684e-05
0.013439377,2.6630645e-05
0.031717087,3.7660368e-05
0.016087501,3.414047e-05
0.0126,3.0940748e-05
0.0126,2.803474e-05
0.021831312,3.361787e-05
0.013382729,3.0416753e-05
0.0126,2.7524668e-05
0.015723991,3.0025254e-05
0.012932392,2.7130858e-05
0.042224372,3.8117196e-05
0.033939715,3.5037607e-05
0.025915533,3.2174954e-05
0.018767648,2.9518978e-05
0.016300096,3.4401844e-05
0.014767162,3.160232e-05
0.015015536,2.901171e-05
0.0126,3.104637e-05
0.0126,2.8515578e-05
0.216594632,0.000115046525
0.244140469,0.00011420759
0.275822636,0.00011360015
0.225176068,0.00011456751
0.272860334,0.00011415528
0.282614075,0.000113890244
0.238635262,0.00011404758
0.265474587,0.00011399146
0.227153019,0.00011351479
0.05931159,3.781005e-05
0.044012683,3.5253903e-05
0.031569244,3.283549e-05
0.019436356,3.0553136e-05
0.04433547,3.482346e-05
0.032984457,3.2451993e-05
0.023346741,3.0216359e-05
0.030689693,3.206079e-05
0.022061445,2.9870507e-05
0.052141724,3.7451377e-05
0.039612826,3.569872e-05
0.029300618,3.4005392e-05
0.036911337,3.2371114e-05
0.032091007,3.501037e-05
0.020553954,3.3238644e-05
0.012679878,3.1535663e-05
0.025234958,3.2710683e-05
0.019436356,3.0933796e-05
0.173073122,0.000113374794
0.186187829,0.00011328916
0.216478934,0.000113350514
0.181914739,0.00011162523
0.206905685,0.00011205627
0.211559303,0.00011254514
0.220402718,0.0001103189
0.219711693,0.000111208305
0.246786761,0.000109636225
0.046884997,3.5472043e-05
0.07544657,3.8809525e-05
0.10646607,4.2372085e-05
0.036911337,3.342132e-05
0.065039796,3.660615e-05
0.093755248,4.0019957e-05
0.069147945,3.448507e-05
0.080875787,3.774764e-05
0.069147945,3.5555968e-05
0.180967437,0.00010581673
0.183744613,0.0001070686
0.221056885,0.00010835688
0.182254162,0.000104360945
0.208088083,0.00010617188
0.223709761,0.000107935775
0.192537611,0.00010393176
0.223709761,0.00010618489
0.196619803,0.00010444219
0.095893265,4.0817416e-05
0.095893265,3.893662e-05
0.090321966,3.7178677e-05
0.115334753,4.3682106e-05
0.111407052,4.175196e-05
0.103080743,3.994131e-05
0.138074115,4.6634967e-05
0.13408148,4.466645e-05
0.15982113,4.9671697e-05
0.181239274,9.644832e-05
0.1709573,9.9130186e-05
0.192820484,0.00010181953
0.171403992,9.666273e-05
0.206837856,9.975432e-05
0.214260203,0.00010278352
0.201677104,9.7978525e-05
0.207178738,0.00010134595
0.206030075,0.000100330995
0.161616706,5.924025e-05
0.137572866,5.5459426e-05
0.108816174,5.174349e-05
0.068932071,4.8098802e-05
0.149803309,5.2932715e-05
0.123295724,4.9356153e-05
0.0915243,4.585859e-05
0.121956312,4.673623e-05
0.097103435,4.3405995e-05
0.332749646,0.00011524048
0.365314199,0.000116842915
0.392278251,0.00011837526
0.41375759,0.000119825876
0.375716259,0.0001238475
0.425653143,0.00012487624
0.458869668,0.00012580998
0.434149679,0.00013022534
0.477509909,0.00013063381
0.495092217,0.00013209833
0.178245215,9.027325e-05
0.182705297,9.360388e-05
0.203744077,9.69832e-05
0.205630913,9.305698e-05
0.211234733,9.655589e-05
0.216513632,0.00010003355
0.250133256,9.733546e-05
0.252610964,0.00010082885
0.290489007,0.00010317596
0.278261845,9.420962e-05
0.285781963,9.720388e-05
0.300859214,0.00010020937
0.302762726,0.0001012383
0.313021906,0.000104072686
0.324087972,0.00010685128
0.336814727,0.00011004339
0.325645648,0.000112418355
0.353469865,0.00013216496
0.396928593,0.00013217832
0.450405273,0.00013215178
0.424919639,0.00013065174
0.462583805,0.00013027176
0.508557164,0.00012991439
0.512166897,0.000125558
0.559448074,0.00012483534
0.613552309,0.00011742007
0.613552309,0.000110354085
0.673929299,0.00010312904
0.68976818,9.61325e-05
0.565657343,0.00011934744
0.61125057,0.00011291972
0.651140284,0.00010630219
0.541778172,0.00012125226
0.587861487,0.000115487135
0.518444119,0.00012310657
0.118388517,6.850658e-05
0.077225744,6.3486994e-05
0.031774696,5.8556136e-05
0.013507245,5.371636e-05
0.104534454,6.193188e-05
0.057612982,5.7007244e-05
0.013075316,5.217101e-05
0.087793021,5.5084965e-05
0.046566987,5.028322e-05
0.68976818,8.908697e-05
0.707707345,8.221612e-05
0.727199123,7.569333e-05
0.653485496,0.00010216008
0.66455375,9.541441e-05
0.675642241,8.87001e-05
0.611040311,0.000108101376
0.62169075,0.000101792706
0.564548624,0.00011379096
0.130058555,7.535845e-05
0.093448346,6.906287e-05
0.055545154,6.303262e-05
0.03809604,5.723266e-05
0.077302091,6.829653e-05
0.045829858,6.233375e-05
0.024457773,5.6553105e-05
0.020203847,6.116927e-05
0.0137274,5.5420554e-05
0.741719942,6.746361e-05
0.762201331,6.062811e-05
0.784937619,5.507677e-05
0.67850168,8.357853e-05
0.699704063,7.550893e-05
0.724843155,6.869552e-05
0.629271415,9.193942e-05
0.656626891,8.424869e-05
0.588187008,0.00010053703
0.019819589,5.6522065e-05
0.041280004,6.144962e-05
0.092253527,6.673185e-05
0.151783807,7.2556286e-05
0.0126,5.602506e-05
0.035896654,6.0953207e-05
0.089855432,6.627906e-05
0.0126,5.553942e-05
0.027113694,6.0490653e-05
0.018478475,5.507861e-05
0.118222919,7.5935764e-05
0.089269121,6.899243e-05
0.053189316,6.255614e-05
0.102747852,6.931207e-05
0.083551664,6.303019e-05
0.033657849,5.709079e-05
0.074835731,6.319175e-05
0.052716687,5.7350742e-05
0.826234939,4.1102114e-05
0.795816066,5.3310818e-05
0.737313561,6.837334e-05
0.672858371,8.58426e-05
0.811602882,4.467482e-05
0.772802833,5.8020494e-05
0.711573208,7.4309566e-05
0.796371794,4.923896e-05
0.751465855,6.400367e-05
0.04025472,5.8989575e-05
0.079223937,6.317354e-05
0.111651631,6.7706846e-05
0.023392826,5.4302578e-05
0.050992141,5.8163158e-05
0.087867034,6.229517e-05
0.026705773,5.3444423e-05
0.050189147,5.7257846e-05
0.017358732,5.2505206e-05
0.720389625,7.609583e-05
0.77150582,6.217143e-05
0.814672543,5.0529045e-05
0.781132596,5.908922e-05
0.83137557,4.7287114e-05
0.852516509,3.792778e-05
0.840528608,4.4915752e-05
0.860489808,3.5503384e-05
0.861775994,3.3648383e-05
0.786426756,6.406985e-05
0.835007732,5.168107e-05
0.865254362,4.1629428e-05
0.852467378,5.1048533e-05
0.893185302,4.0571347e-05
0.896890232,3.238235e-05
0.91175483,3.988097e-05
0.920356653,3.138852e-05
0.943391208,3.062105e-05
0.952978,3.0174664e-05
0.914014278,2.9820583e-05
0.886993343,2.9551351e-05
0.929945665,3.830748e-05
0.933476748,3.81473e-05
0.901944864,3.81298e-05
0.885538809,4.799221e-05
0.896842458,4.829279e-05
0.837849308,5.9912203e-05
0.015618863,5.1763796e-05
0.0126,5.1759755e-05
0.0126,5.2009294e-05
0.020718874,5.595113e-05
0.027877738,5.6010027e-05
0.038103819,5.6341883e-05
0.055033601,6.030329e-05
0.064985962,6.04474e-05
0.096773722,6.487443e-05
0.873313467,2.9069426e-05
0.870715415,3.6925885e-05
0.864788762,4.6248322e-05
0.853966885,5.6954854e-05
0.87441544,2.9260276e-05
0.87356721,3.686285e-05
0.868847849,4.583732e-05
0.886993343,2.9418947e-05
0.882624086,3.6776113e-05
0.060549382,6.4865984e-05
0.043676517,6.031116e-05
0.033403135,5.5871842e-05
0.024082449,5.1500243e-05
0.040697481,6.0194165e-05
0.026039599,5.5948643e-05
0.021069616,5.1788535e-05
0.021129745,5.5832126e-05
0.019655169,5.186477e-05
0.873181779,2.8188175e-05
0.876173392,2.709108e-05
0.88488317,2.5782574e-05
0.871898687,3.5494133e-05
0.874098186,3.4528246e-05
0.878511417,3.328852e-05
0.870248137,4.343894e-05
0.874362006,4.2400075e-05
0.869036734,5.308912e-05
0.015984825,5.009345e-05
0.021641157,5.045743e-05
0.024312041,5.093227e-05
0.041832866,5.4899276e-05
0.045036064,5.526551e-05
0.040946596,5.5706187e-05
0.06799791,5.979803e-05
0.064963898,6.0135728e-05
0.094444515,6.473905e-05
0.8468076,4.891947e-05
0.878164693,3.9541057e-05
0.883162052,3.1895772e-05
0.865517551,3.8807564e-05
0.891570571,3.0731895e-05
0.901388846,2.4384606e-05
0.883228545,3.0105793e-05
0.901388846,2.3420745e-05
0.902727103,2.2900136e-05
0.059779279,6.19017e-05
0.04301499,5.8210942e-05
0.027512315,5.4619184e-05
0.016126187,5.1269108e-05
0.047093833,5.788896e-05
0.028950739,5.4144417e-05
0.0126,5.0569655e-05
0.032579886,5.3934586e-05
0.013980898,5.017578e-05
0.882255718,2.3405513e-05
0.873309274,2.4477682e-05
0.890885131,2.6245354e-05
0.840741822,3.5864745e-05
0.800037483,3.7717036e-05
0.801432084,4.0490457e-05
0.781677424,5.4786502e-05
0.744591898,5.8609123e-05
0.720407088,7.904611e-05
0.053850647,6.5596e-05
0.045183763,6.103634e-05
0.041448277,5.683384e-05
0.053705579,5.2944903e-05
0.041810851,6.0713646e-05
0.026247697,5.6442695e-05
0.020626933,5.2630487e-05
0.028443533,5.5921697e-05
0.018889915,5.2030544e-05
0.6684152,0.000105026666
0.772203622,7.511335e-05
0.830852522,4.6444624e-05
0.775234258,8.1436876e-05
0.857654022,5.1443578e-05
0.903035754,2.880161e-05
0.816673125,5.678801e-05
0.843879808,3.199645e-05
0.777481178,3.571013e-05
0.185431218,7.1081515e-05
0.14053357,6.510117e-05
0.087734541,5.9125035e-05
0.075228933,5.275665e-05
0.150280805,6.4155494e-05
0.11150579,5.8537833e-05
0.08994381,5.265136e-05
0.087787429,5.8184207e-05
0.090314352,5.2891635e-05
0.573733743,0.00011926565
0.676388696,9.6072006e-05
0.731370514,6.472014e-05
0.609528344,9.8820805e-05
0.660108463,6.980124e-05
0.717887043,4.0493887e-05
0.653697928,7.422361e-05
0.64608299,4.5251978e-05
0.65297666,5.038279e-05
0.196967406,8.263078e-05
0.152491512,7.493465e-05
0.113139224,6.705974e-05
0.118570648,5.90181e-05
0.141372115,7.193522e-05
0.099998779,6.414727e-05
0.099610408,5.603914e-05
0.088870047,6.1904844e-05
0.090583186,5.3827833e-05
0.540674004,0.00012038268
0.67030163,0.000101910344
0.686515117,7.71436e-05
0.784851094,0.0001062457
0.695168182,8.248268e-05
0.709171208,5.5750632e-05
0.703189635,8.785783e-05
0.837517054,6.112631e-05
0.75445916,6.696403e-05
0.186878732,9.1951566e-05
0.118168532,8.38724e-05
0.093835768,7.5617834e-05
0.11180696,6.7545734e-05
0.13832283,8.1850914e-05
0.080231649,7.34944e-05
0.085635561,6.524473e-05
0.114647254,7.0687725e-05
0.093943768,6.227135e-05
0.616381675,0.00012257296
0.748964033,0.00010762976
0.71477712,8.840899e-05
0.699733812,0.000113034956
0.70717433,9.401194e-05
0.716410532,7.2396426e-05
0.719655584,0.00010051944
0.703877135,7.871656e-05
0.72790108,8.598942e-05
0.166431286,9.285216e-05
0.12426664,8.466825e-05
0.101228963,7.6502925e-05
0.094737886,6.865401e-05
0.136022265,8.541478e-05
0.091829584,7.7210985e-05
0.081213091,6.927104e-05
0.112192354,7.696638e-05
0.096176467,6.891562e-05
0.571334414,0.00012908773
0.68126901,0.00011900666
0.721046453,0.00010383242
0.647967372,0.00012355729
0.733098004,0.000109513516
0.740821439,9.189541e-05
0.730824547,0.0001151836
0.740590197,9.809974e-05
0.731815339,0.00010442081
0.143581622,8.625643e-05
0.091746424,7.7995406e-05
0.109439361,7.016071e-05
0.106277675,6.2881794e-05
0.130987963,8.075498e-05
0.127198669,7.2752075e-05
0.132286469,6.521887e-05
0.120443378,7.492299e-05
0.12746395,6.723083e-05
0.513155919,0.0001316838
0.607736895,0.000126796
0.708100646,0.00011726072
0.561258242,0.00012915762
0.665573385,0.000121067205
0.731815339,0.0001090148
0.614537633,0.00012429134
0.724209855,0.00011321764
0.677876465,0.00011685072
0.090154615,7.581028e-05
0.04268368,6.90107e-05
0.019979448,6.28154e-05
0.033712582,5.7241297e-05
0.091580394,7.1430215e-05
0.051574277,6.483122e-05
0.032044976,5.8806734e-05
0.089049549,6.714922e-05
0.057590663,6.0762977e-05
0.437622601,0.00013203706
0.509039939,0.00012969195
0.593976209,0.00012452512
0.479627025,0.00013035341
0.559459046,0.0001258355
0.642328507,0.000118809076
0.533835475,0.00012647828
0.61066285,0.0001198758
0.551973872,0.000120042
0.041037609,6.1108985e-05
0.053218313,6.522991e-05
0.079922972,6.9665206e-05
0.050891459,5.6579393e-05
0.061804195,6.0720802e-05
0.069571059,6.5234366e-05
0.094234542,5.688283e-05
0.071454241,6.1498766e-05
0.105651224,5.866769e-05
0.404106309,0.00013193731
0.458121193,0.00012995562
0.520501085,0.00012595704
0.436217942,0.00013038948
0.495986925,0.00012633078
0.551973872,0.00012002285
0.470562225,0.00012708467
0.551973872,0.00012055834
0.466312193,0.00012168753
0.02633649,7.528392e-05
0.054833872,6.704689e-05
0.088908073,6.175013e-05
0.044360015,7.253845e-05
0.05782722,6.636055e-05
0.074771472,6.2613704e-05
0.057520208,7.149751e-05
0.06683709,6.6949535e-05
0.071231232,7.1739654e-05
0.466312193,0.00012365844
0.37885253,0.000126078
0.307596896,0.00012865273
0.431899935,0.00012919433
0.386769309,0.00013050922
0.340269968,0.0001316421
0.361508964,0.00013212107
0.3166329,0.00013209927
0.295746893,0.00013083035
0.041075113,8.635143e-05
0.031371874,9.1912356e-05
0.047095022,9.905327e-05
0.072427902,0.000107567226
0.037003672,8.238574e-05
0.027390456,8.8089866e-05
0.039767087,9.565053e-05
0.032763001,7.8700046e-05
0.025870369,8.457091e-05
0.198109111,0.00012547226
0.250292654,0.00013063087
0.303859146,0.00013211045
0.203599494,0.00012727332
0.257454791,0.00013169955
0.307596896,0.00013117868
0.210218704,0.00012911277
0.221126903,0.00013217841
0.221126903,0.00013076015
0.090867646,0.00010645047
0.113873008,0.000115656665
0.166024671,0.00012446352
0.061895445,0.00010628205
0.109573692,0.00011646193
0.138833629,0.0001258853
0.0611463,0.00010664592
0.138833629,0.00011784296
0.139756189,8.0181104e-05
0.142236298,7.9861544e-05
0.143096916,8.124475e-05
0.175561641,7.093197e-05
0.17404491,6.862613e-05
0.186532612,7.272475e-05
0.088869765,6.802551e-05
0.063361475,6.268921e-05
0.03702045,5.7154895e-05
0.108956536,6.832097e-05
0.083484578,6.314364e-05
0.130405155,6.8579444e-05
0.032538778,6.1563886e-05
0.03241735,5.9328097e-05
0.05809432,6.490652e-05
0.024967591,5.1969433e-05
0.023975746,4.9772418e-05
0.02509813,5.501797e-05
0.135829365,8.017773e-05
0.137966469,8.118795e-05
0.14049281,8.22342e-05
0.132518901,8.125718e-05
0.134624218,8.225284e-05
0.129304873,8.2391845e-05
0.134088018,7.867457e-05
0.132027191,7.833302e-05
0.134688515,7.7198536e-05
0.127859878,8.089849e-05
0.128069199,7.947237e-05
0.132113234,7.976047e-05
0.124470056,7.801134e-05
0.120388313,7.7970864e-05
0.120709054,7.6262375e-05
0.202226776,7.70247e-05
0.207630561,7.572673e-05
0.198313499,7.8927325e-05
0.15720892,7.8948804e-05
0.180233052,7.971271e-05
0.155243355,7.734586e-05
0.136226928,8.544522e-05
0.134729784,8.439391e-05
0.132195594,8.337479e-05
0.13940493,8.435472e-05
0.137053818,8.328674e-05
0.142834506,8.3320185e-05
0.133114295,8.581261e-05
0.135840573,8.62387e-05
0.139751395,8.671876e-05
0.132861294,8.4789965e-05
0.134060551,8.524233e-05
0.130389826,8.380006e-05
0.147673315,8.402071e-05
0.158614938,8.425193e-05
0.148946762,8.572475e-05
0.140817486,8.6031265e-05
0.144199776,8.4997635e-05
0.145528223,8.669856e-05
0.090910032,7.0286624e-05
0.109014027,7.256331e-05
0.127418352,7.4854004e-05
0.066858544,6.724342e-05
0.088012203,6.9605085e-05
0.042542687,6.395015e-05
0.165846499,7.340492e-05
0.175989519,7.510227e-05
0.183000303,7.645716e-05
0.16541563,7.752831e-05
0.170368449,7.879095e-05
0.165893749,8.1177735e-05
0.187059931,7.919679e-05
0.185102805,8.101655e-05
0.170948033,8.142329e-05
0.131347335,7.333957e-05
0.159093393,7.773157e-05
0.134930001,7.54662e-05
0.162326335,7.970696e-05
0.144710605,7.760057e-05
0.15276975,7.33947e-05
0.036007093,5.317488e-05
0.038772628,5.6242134e-05
0.043940559,5.9320646e-05
0.059851685,5.751314e-05
0.062929175,6.0605886e-05
0.086819357,6.193889e-05
0.098790412,6.6609886e-05
0.072104592,6.5257234e-05
0.110047006,7.097168e-05
0.028747515,4.8235077e-05
0.034734495,4.7517307e-05
0.019540532,4.4135002e-05
0.045468351,5.240753e-05
0.066984558,5.6753623e-05
0.053225257,5.1666917e-05
0.163648255,7.693947e-05
0.148811263,7.215864e-05
0.116853376,6.711879e-05
0.158929313,7.622422e-05
0.133031457,7.155349e-05
0.143196073,7.553003e-05
0.130204525,8.007188e-05
0.125700384,8.2299804e-05
0.137584177,8.4638414e-05
0.155678232,8.11112e-05
0.15642653,8.3372615e-05
0.178890542,8.194848e-05
0.120909449,8.0120066e-05
0.120618958,8.019909e-05
0.114807978,8.237881e-05
0.138081533,8.593867e-05
0.130033889,8.525515e-05
0.129225743,8.445838e-05
0.120888568,8.378481e-05
0.122783738,8.301294e-05
0.119986777,8.1573184e-05
0.18999147,8.728956e-05
0.179717464,8.479438e-05
0.180874371,8.2389925e-05
0.194269195,8.668262e-05
0.18284554,8.426542e-05
0.170545179,8.5741245e-05
0.177454976,8.6060696e-05
0.169054994,8.4100146e-05
0.172828609,8.350103e-05
0.135965401,8.705423e-05
0.140688684,8.7626424e-05
0.145445597,8.8274646e-05
0.136136572,8.868699e-05
0.14139283,8.924024e-05
0.138693721,9.0340116e-05
0.139359817,8.788735e-05
0.134450825,8.744194e-05
0.137885878,8.909733e-05
0.146913474,8.8046734e-05
0.145653212,8.920403e-05
0.144418987,9.039633e-05
0.154187489,8.941724e-05
0.15112054,9.056671e-05
0.158477002,9.0828406e-05
0.147619233,8.729092e-05
0.160953281,8.867901e-05
0.149701613,8.661183e-05
0.156501684,8.999656e-05
0.17969311,9.076043e-05
0.159004662,9.2535774e-05
0.145902161,9.183024e-05
0.149071679,9.084425e-05
0.153774155,9.340051e-05
0.156728674,7.9481615e-05
0.166583357,8.166377e-05
0.172047849,8.321469e-05
0.174112951,8.370615e-05
0.177025443,8.533133e-05
0.181322695,8.7534594e-05
0.17265851,8.1125705e-05
0.167282613,8.029488e-05
0.177273275,8.465924e-05
0.187246189,9.14546e-05
0.184434568,9.072162e-05
0.183195207,8.944442e-05
0.185463779,8.83069e-05
0.182066506,8.713422e-05
0.174097744,8.49074e-05
0.192932066,8.873712e-05
0.194158804,9.0128415e-05
0.181664037,8.722492e-05
0.028655976,4.115078e-05
0.04280642,4.5850637e-05
0.039540248,4.4946268e-05
0.04010114,4.082599e-05
0.028287888,3.7522863e-05
0.042670325,4.2411615e-05
0.018922153,3.6763384e-05
0.0126,3.4171706e-05
0.022083204,3.8008475e-05
0.065476212,5.2816344e-05
0.08469954,5.9215552e-05
0.095049519,6.589461e-05
0.061921081,5.17729e-05
0.075788452,5.8164766e-05
0.060411543,5.0803206e-05
0.105604103,6.317949e-05
0.104690028,6.449594e-05
0.082243063,5.794565e-05
0.145849561,7.358241e-05
0.119711889,6.985384e-05
0.127633802,6.844824e-05
0.168454528,8.096139e-05
0.172266576,8.4892694e-05
0.17952084,8.8724315e-05
0.150720279,7.789462e-05
0.156892316,8.21465e-05
0.124468089,7.439073e-05
0.175504436,8.4830535e-05
0.181417737,8.804047e-05
0.17916933,8.843506e-05
0.083679322,4.5915047e-05
0.058269914,4.2186726e-05
0.04089016,3.8761187e-05
0.058121148,4.3613512e-05
0.036098171,4.0038372e-05
0.040261516,4.1432493e-05
0.030982716,3.4425764e-05
0.019480487,3.1857773e-05
0.030068143,3.5000787e-05
0.069735198,4.1131836e-05
0.05439807,3.8546623e-05
0.038868683,3.6138612e-05
0.056030225,3.9206163e-05
0.043140789,3.6729234e-05
0.041038052,3.7371505e-05
0.077004249,4.2625838e-05
0.05652497,4.0647956e-05
0.079475383,4.421883e-05
0.207040789,8.974359e-05
0.205422697,8.8910674e-05
0.179046684,8.784319e-05
0.201282109,9.217796e-05
0.197618892,9.117684e-05
0.180695892,9.462676e-05
0.186773768,9.295561e-05
0.202249225,9.136958e-05
0.185803247,9.3959e-05
0.170824921,9.209964e-05
0.179006306,9.3400144e-05
0.183881481,8.993434e-05
0.146496892,9.31182e-05
0.150086868,9.449729e-05
0.160381351,9.5929856e-05
0.15756729,9.6012576e-05
0.165455179,9.7267526e-05
0.177831083,9.9014265e-05
0.153783109,9.354902e-05
0.149681225,9.328668e-05
0.159740697,9.629746e-05
0.159391359,9.485274e-05
0.167531568,9.764635e-05
0.165360468,9.621415e-05
0.173038255,9.792354e-05
0.191154633,9.891668e-05
0.186249475,0.00010068261
0.176732778,9.8862794e-05
0.190160586,0.00010166205
0.185297067,0.00010026374
0.175938556,9.4540526e-05
0.183710411,9.7761804e-05
0.249900488,0.00010111473
0.180985418,9.3840004e-05
0.19985688,9.7090844e-05
0.187171785,9.261549e-05
0.194405996,9.355707e-05
0.23293575,9.8412886e-05
0.206160994,9.43994e-05
0.167247256,9.6077376e-05
0.172382758,9.712852e-05
0.195455693,9.933544e-05
0.058584759,4.4869554e-05
0.063318526,4.6557016e-05
0.062516628,4.8374994e-05
0.091710568,5.1053372e-05
0.086408777,5.2958738e-05
0.120731748,5.78726e-05
0.099494411,4.9589344e-05
0.074591711,4.717033e-05
0.113824087,5.3583633e-05
0.075129964,5.5470446e-05
0.082320175,6.313e-05
0.094364938,6.0429178e-05
0.154264146,5.7566107e-05
0.137719529,5.345267e-05
0.110901591,4.9565897e-05
0.15237969,5.759723e-05
0.12616846,5.348236e-05
0.137052487,5.77008e-05
0.132439303,6.659709e-05
0.104966356,6.923223e-05
0.101244779,7.185777e-05
0.145039534,7.553712e-05
0.132442058,7.793037e-05
0.168574402,8.402999e-05
0.175865968,8.7500106e-05
0.168548361,8.591947e-05
0.138383324,8.0174985e-05
0.257831014,0.00010139896
0.220505636,9.676536e-05
0.194490867,9.097802e-05
0.22807569,9.7269396e-05
0.196432571,9.21886e-05
0.20253296,9.304583e-05
0.275691192,0.00010192478
0.24047042,9.819077e-05
0.276185518,0.00010180917
0.093722886,4.4135773e-05
0.099314067,4.5740002e-05
0.104024604,4.744743e-05
0.109706509,4.733991e-05
0.116871758,4.9056478e-05
0.110031205,5.0746443e-05
0.141953892,5.5176068e-05
0.13432844,5.2901814e-05
0.126608558,5.1194213e-05
0.024950197,3.404939e-05
0.021134695,3.4243392e-05
0.018454529,3.1333937e-05
0.038493168,3.6705213e-05
0.048486508,3.9743645e-05
0.05124117,4.302304e-05
0.031917615,3.6876478e-05
0.036033043,3.993616e-05
0.023173518,3.709498e-05
0.074299998,4.1722968e-05
0.062032122,4.2352687e-05
0.055621422,3.912645e-05
0.086332659,4.4758388e-05
0.088607011,4.7993828e-05
0.070639087,4.5421963e-05
0.198178996,0.00010187546
0.226293263,0.0001049628
0.273962117,0.00010810279
0.187988702,0.00010057182
0.223141868,0.0001035344
0.172836569,9.899818e-05
0.295027801,0.000104143306
0.223115871,0.00010170191
0.289486676,0.00010642697
0.211183055,0.00010975899
0.215291658,0.000106480315
0.201264598,0.00010286343
0.196276632,0.00010706422
0.193181274,0.00010380937
0.198817151,0.00010490511
0.267971381,0.00010906926
0.226130034,0.00010584181
0.245126697,0.000109538865
0.214754925,0.000106136584
0.240814523,0.00010722492
0.191745378,0.00010869326
0.180859063,0.00011029515
0.190412907,0.00010992298
0.192360386,0.00010776586
0.317201069,0.000105903164
0.332634666,0.000108956185
0.327535415,0.00011118298
0.324686443,0.00011083726
0.346555702,0.00011380981
0.346470458,0.000115779745
0.2966794,0.000107015665
0.309481485,0.00010672983
0.318230528,0.000111776026
0.182138889,7.611223e-05
0.18193225,6.976835e-05
0.156670095,6.366384e-05
0.181820526,7.887109e-05
0.166869637,7.2657465e-05
0.176133608,8.1543374e-05
0.175055331,6.349877e-05
0.174070757,6.354677e-05
0.181916951,6.972996e-05
0.151227307,5.953323e-05
0.139092974,6.156802e-05
0.123773501,6.367086e-05
0.1356107,5.7116336e-05
0.116422618,5.9127233e-05
0.113857425,5.4812263e-05
0.153490274,6.770629e-05
0.167135276,6.557108e-05
0.178035163,7.188119e-05
0.188062918,8.659284e-05
0.191916486,8.890636e-05
0.202000859,9.096945e-05
0.211224873,9.612626e-05
0.232558791,9.7717144e-05
0.257126745,0.000104189094
0.267402248,0.00010246145
0.274153638,0.00010338497
0.23250162,9.7301265e-05
0.308675138,0.00010860107
0.337059871,0.00011376785
0.3246316,0.00011003922
0.018085458,3.4775047e-05
0.018419433,3.5143392e-05
0.016564798,3.1897085e-05
0.080676516,5.333834e-05
0.052212476,5.6077042e-05
0.026123516,5.8966707e-05
0.063808285,5.051499e-05
0.037445675,5.3186435e-05
0.048275463,4.787044e-05
0.087991791,6.199517e-05
0.0548607,6.0425493e-05
0.081818023,5.7546462e-05
0.018386799,3.8280712e-05
0.01636271,4.2486176e-05
0.022843348,4.7115245e-05
0.017579294,3.862447e-05
0.021099035,4.2882875e-05
0.01919084,3.9053208e-05
0.032445203,4.4290144e-05
0.02080379,4.565216e-05
0.022583687,4.116461e-05
0.02080259,5.0739185e-05
0.028000622,4.9254133e-05
0.016481211,5.4685617e-05
0.021670475,3.295284e-05
0.028034006,3.617377e-05
0.032423692,3.6863166e-05
0.014363976,3.4234632e-05
0.023964906,3.7727496e-05
0.023635027,3.7881924e-05
0.231656806,0.00011291022
0.286920773,0.00011634339
0.341098807,0.00011982205
0.284703656,0.00011293277
0.328315511,0.00011638992
0.315607029,0.000112422975
0.361699672,0.000119748416
0.367417528,0.00011846806
0.347239943,0.00011567669
0.203710176,0.00011250962
0.227068571,0.000114565395
0.235799082,0.000117082076
0.20011029,0.00011247376
0.22209226,0.00011513928
0.201190684,0.0001126849
0.301451059,0.00011919782
0.235554934,0.000115805466
0.258981851,0.00011816138
0.233008705,0.00011321715
0.215490255,0.00011423621
0.20395694,0.0001128331
0.221868877,0.000116178446
0.219956199,0.0001142991
0.215037365,0.00011553082
0.401481714,0.00012267669
0.35846424,0.00011759826
0.302675682,0.00011142672
0.390919301,0.000120669916
0.361046367,0.000115804585
0.370767093,0.00011836811
0.434435052,0.00012788175
0.411848198,0.00012482319
0.383816391,0.00012070018
0.429433287,0.0001256908
0.394173588,0.00012252833
0.384690468,0.00012295859
0.414493057,0.00012547486
0.404036868,0.00012326922
0.426475826,0.00012714104
0.11593233,7.020637e-05
0.138682157,7.70347e-05
0.177685272,8.4028106e-05
0.089114847,6.848258e-05
0.121109313,7.530928e-05
0.059074175,6.6851986e-05
0.173829275,7.8570316e-05
0.186911874,8.915717e-05
0.197283158,9.875635e-05
0.164537131,8.120858e-05
0.192261594,9.18711e-05
0.150169783,7.436176e-05
0.304408677,0.00011662009
0.236005033,0.00010760892
0.214930232,9.6538744e-05
0.245624619,0.000112497066
0.198740129,0.00010313199
0.235750926,0.00010832081
0.370901865,0.000121335914
0.335370856,0.000119339056
0.298336366,0.000115434625
0.031910422,4.0275198e-05
0.055276775,4.5533267e-05
0.083813796,5.1378003e-05
0.045811538,4.0969495e-05
0.069276711,4.6341484e-05
0.051109035,4.1783755e-05
0.039767269,4.839092e-05
0.064155854,4.9809576e-05
0.034662711,4.4139048e-05
0.042767142,5.3609703e-05
0.076558427,6.079677e-05
0.10747689,6.8629335e-05
0.071534337,5.5017328e-05
0.105858709,6.232247e-05
0.097857135,5.657722e-05
0.042605997,6.200208e-05
0.077152806,6.522328e-05
0.043691941,5.7643487e-05
0.084494993,7.00697e-05
0.137598744,7.864672e-05
0.105062531,7.345551e-05
0.058992954,3.7876373e-05
0.041373655,3.491415e-05
0.052507611,3.7976264e-05
0.056819897,3.756373e-05
0.040189139,3.5128713e-05
0.057511831,3.768248e-05
0.052462966,4.286925e-05
0.089095407,4.8702714e-05
0.128756581,5.5142435e-05
0.052872311,4.3007272e-05
0.100524945,4.8911617e-05
0.068821941,4.3243937e-05
0.076466916,4.7434987e-05
0.097910992,5.244777e-05
0.112578342,5.3704585e-05
0.074196398,4.1945386e-05
0.10739851,4.6107696e-05
0.13726712,5.058477e-05
0.081435731,4.1839383e-05
0.109947993,4.6034413e-05
0.083198535,4.1774387e-05
0.139116169,5.1968178e-05
0.106683448,4.7448066e-05
0.135616734,5.347638e-05
0.25629508,0.000119950855
0.299076513,0.00012306504
0.344880403,0.0001261418
0.309590131,0.00012143709
0.353905344,0.00012469737
0.357680468,0.00012259898
0.432374446,0.0001280829
0.4029495,0.00012558221
0.394718327,0.00012745905
0.197135686,0.00011616215
0.195993331,0.000117654105
0.223742238,0.00011956346
0.209680514,0.00011722626
0.222274017,0.0001193668
0.2249166,0.00011851834
0.29588934,0.00012412615
0.250686124,0.00012120247
0.255889803,0.00012183912
0.190582331,0.00011521747
0.197662105,0.00011426137
0.177800452,0.0001146703
0.193035093,0.00011735522
0.176753171,0.0001161181
0.17749286,0.000115291754
0.418214017,0.0001259414
0.432972796,0.00012812372
0.443886705,0.00012925685
0.440718007,0.00012862409
0.45578828,0.00013012326
0.466910334,0.00013058266
0.402031694,0.00012490201
0.42855891,0.00012790789
0.382431752,0.0001232709
0.447053008,0.0001300106
0.431429726,0.00012978836
0.39943985,0.00012886511
0.458601527,0.00013129401
0.439867768,0.0001308446
0.465703163,0.00013192046
0.480863986,0.00013167458
0.466980602,0.00013108215
0.478487728,0.00013196743
0.391395006,0.00012718544
0.373813393,0.00012410943
0.35339816,0.00012054267
0.43241353,0.00012892715
0.409448136,0.00012637631
0.450995688,0.00013000768
0.133146718,8.043455e-05
0.160007966,8.550587e-05
0.201853312,9.067565e-05
0.151063012,9.265643e-05
0.196525071,9.752349e-05
0.196977795,0.00010437339
0.28995464,0.00011336239
0.247123979,0.00010923402
0.237647993,0.000102925005
0.319481322,0.000121729616
0.259049413,0.00011406927
0.307499407,0.000117714284
0.117005703,5.8925318e-05
0.143552647,6.7204885e-05
0.162618918,7.609687e-05
0.129966843,6.0108272e-05
0.158422925,6.84603e-05
0.146918512,6.148411e-05
0.129071848,7.0917544e-05
0.144881182,7.341133e-05
0.128839389,6.4655964e-05
0.152089401,8.540696e-05
0.134727121,8.283815e-05
0.145694305,9.506484e-05
0.075458502,4.038545e-05
0.074979238,4.049567e-05
0.076116006,4.061326e-05
0.097439113,4.3479147e-05
0.095883103,4.3589418e-05
0.119690952,4.6726058e-05
0.123531391,4.797082e-05
0.102984677,4.4791832e-05
0.130064032,4.9253384e-05
0.068268219,3.9035105e-05
0.086243943,4.067701e-05
0.055435519,3.7224687e-05
0.092503994,4.2064e-05
0.113289964,4.5246397e-05
0.109447237,4.3796357e-05
0.184125548,5.883955e-05
0.163016517,5.46396e-05
0.141630101,5.0596318e-05
0.168304636,5.6015626e-05
0.146676011,5.1904688e-05
0.152426081,5.325608e-05
0.151833539,8.084697e-05
0.150254499,7.177649e-05
0.153890564,6.3156825e-05
0.16800978,7.91607e-05
0.160483963,7.005789e-05
0.173616474,7.756964e-05
0.168105859,5.70211e-05
0.158396431,5.8530164e-05
0.154943366,6.0184466e-05
0.185457173,6.386958e-05
0.157910008,6.552767e-05
0.177014166,7.1051974e-05
0.197702275,6.274214e-05
0.186094344,5.985414e-05
0.199490408,6.680757e-05
0.126464219,7.734912e-05
0.138602166,7.4094016e-05
0.14305555,6.853526e-05
0.348013974,0.00012712307
0.298189073,0.00012469997
0.260770598,0.00012194457
0.350430135,0.00012755879
0.300616367,0.00012465395
0.347645913,0.00012742708
0.400454287,0.00012994166
0.441236783,0.00013136027
0.40818954,0.00012963588
0.225478804,0.000119094104
0.196299146,0.00011631439
0.179133143,0.00011373297
0.218506684,0.00011775828
0.191423844,0.00011439511
0.195056398,0.00011544944
0.289291186,0.00012379923
0.261020796,0.00012125401
0.232264639,0.00011963791
0.171356452,0.000111386915
0.181300733,0.000109516535
0.173859961,0.00010880043
0.187105118,0.000111501424
0.180224781,0.00011131622
0.182657351,0.00010821253
0.467288885,0.00013213589
0.434507076,0.00013160714
0.388132454,0.00012995924
0.46450147,0.0001321785
0.408719245,0.00013163332
0.42693784,0.00013217934
0.492727751,0.0001321773
0.500761268,0.00013200636
0.496426504,0.00013174619
0.521595542,0.00013199935
0.533086439,0.00013142057
0.528434359,0.00013182209
0.485613211,0.00013180624
0.501141863,0.00013216588
0.508311725,0.00013217902
0.457265708,0.00013090008
0.476104992,0.0001315306
0.503621112,0.00013215818
0.3743094,0.00012749813
0.372861751,0.00012772252
0.38560943,0.00012787638
0.297665696,0.00012181648
0.307415831,0.000121829224
0.24876928,0.00011384092
0.453326919,0.00013118396
0.507504115,0.00013217705
0.45384825,0.00013139268
0.178562055,8.862204e-05
0.187136127,8.707791e-05
0.176283135,8.561673e-05
0.205888935,9.660272e-05
0.197285709,9.52218e-05
0.228225079,0.00010450993
0.212548662,0.000104360566
0.174411522,9.504859e-05
0.192496263,0.000104318344
0.270644386,0.000114130904
0.255557318,0.00011397871
0.325220066,0.00012210691
0.142464452,4.999342e-05
0.166472232,5.3373184e-05
0.170443253,5.682701e-05
0.140966603,4.8455575e-05
0.159796813,5.1776908e-05
0.138680844,4.6943787e-05
0.183444865,5.8160604e-05
0.172424021,5.7492463e-05
0.164187444,5.4001994e-05
0.134549459,4.475179e-05
0.150475536,4.7194248e-05
0.118752181,4.2309213e-05
0.155536265,4.946208e-05
0.167903385,5.4397828e-05
0.165756138,5.2014348e-05
0.193424162,6.3261854e-05
0.187993652,6.774311e-05
0.181972352,7.2230774e-05
0.182208952,6.253691e-05
0.177720324,6.695956e-05
0.173616599,6.181853e-05
0.203581367,6.72742e-05
0.203089966,7.144072e-05
0.198104431,7.184644e-05
0.148343852,8.681544e-05
0.159794485,9.271038e-05
0.174389533,9.84355e-05
0.125075781,8.327047e-05
0.139257247,8.9130575e-05
0.145277941,7.9947e-05
0.185172496,9.4555304e-05
0.219444825,0.00010235544
0.198093504,0.000100325655
0.17468764,8.73802e-05
0.176119897,8.2051134e-05
0.177143116,7.6578435e-05
0.163971859,9.090777e-05
0.153294856,8.549814e-05
0.150912474,9.459304e-05
0.181257229,8.222368e-05
0.183805441,7.7173034e-05
0.191869922,7.688464e-05
0.313149083,0.00012663088
0.241049103,0.00012211097
0.202905107,0.000117105905
0.267398483,0.00012493627
0.218511969,0.00011932507
0.259023706,0.000122060956
0.341418529,0.00012932767
0.309841621,0.00012788914
0.361630324,0.00013129158
0.177277526,0.000101692574
0.186441224,9.9466095e-05
0.184343827,0.000102647864
0.206077484,0.00010333352
0.199143652,0.00010388631
0.187297539,0.00010475167
0.201730225,9.9601144e-05
0.198830411,0.00010103568
0.1953431,9.734975e-05
0.193319332,0.000107933396
0.205722421,0.00010800261
0.196666157,0.00011214983
0.214093641,0.000115131465
0.205226144,0.00011333554
0.208407448,0.00010859913
0.376389533,0.00013071418
0.392598626,0.00013183776
0.39120485,0.00013214641
0.344648979,0.000128344
0.347371376,0.00013035032
0.300823626,0.00012527782
0.459905714,0.00013171985
0.444138014,0.00013190608
0.437572132,0.00013215705
0.496005202,0.00013063458
0.487671937,0.00013088452
0.523967896,0.00012932962
0.533009044,0.00012978828
0.546232028,0.00013077898
0.520017365,0.00013082392
0.544278292,0.00013106389
0.539056906,0.00013121359
0.536668542,0.00013148478
0.563445866,0.00012941542
0.55156056,0.0001300362
0.547850661,0.00012874728
0.447688801,0.00013124228
0.499919962,0.0001321642
0.499836675,0.00013216522
0.224092595,0.00010841285
0.24355332,0.00011039067
0.265114787,0.0001123836
0.285624299,0.00011762765
0.305713951,0.000119376564
0.358862335,0.0001252438
0.321869496,0.00012081299
0.383930306,0.00012717496
0.376673979,0.00012629411
0.441435986,0.00013060373
0.445045251,0.00013098294
0.501106367,0.00013217654
0.169987978,6.0526258e-05
0.170711167,6.4192376e-05
0.17190867,6.776645e-05
0.17163369,5.8015332e-05
0.178463384,6.160305e-05
0.175464184,5.5543856e-05
0.168968433,6.557838e-05
0.170547431,7.0746115e-05
0.166578341,6.9264766e-05
0.163965676,5.295936e-05
0.170046807,5.6174336e-05
0.143859226,4.981145e-05
0.183164232,5.8879083e-05
0.1817293,6.490659e-05
0.180251386,6.206727e-05
0.17172555,7.8377234e-05
0.164456455,8.4292056e-05
0.157017301,8.9921916e-05
0.162971949,7.672674e-05
0.156606849,8.244925e-05
0.159449393,7.506727e-05
0.175204166,8.83739e-05
0.166306415,8.923115e-05
0.174476913,8.332929e-05
0.179770078,9.657774e-05
0.206693075,0.00010556708
0.253483097,0.00011422315
0.179351488,9.728514e-05
0.203444011,0.00010603531
0.166692188,9.7855984e-05
0.182684384,0.000100292425
0.194309567,0.000104103456
0.226867925,0.00010936072
0.254011647,0.00011357966
0.317140958,0.00012204428
0.285687341,0.00011831874
0.1745413,9.4798495e-05
0.156549875,9.165774e-05
0.169560135,9.379695e-05
0.248590801,9.127902e-05
0.209468045,9.0124115e-05
0.248479444,9.4290095e-05
0.315731942,0.000105919
0.295011182,9.890152e-05
0.329981816,0.000107999105
0.481649586,0.00013129904
0.514969606,0.00013021912
0.531250209,0.00012949714
0.436421978,0.00013209351
0.47546148,0.00013149275
0.403592209,0.00013198578
0.213047491,0.00010332519
0.224762834,0.00010393411
0.240693273,0.0001053066
0.221835593,0.00010985366
0.255363866,0.00011184849
0.254593707,0.00011761533
0.291449185,0.00012091441
0.276806078,0.00011491624
0.315064967,0.00012448757
0.182501643,8.961447e-05
0.181521759,9.159707e-05
0.182933302,9.3918534e-05
0.167444006,8.827434e-05
0.162497615,9.0922535e-05
0.161764822,8.8528155e-05
0.193384417,9.544697e-05
0.19274933,9.386889e-05
0.202075821,9.8526994e-05
0.20985407,9.796786e-05
0.203699662,9.794279e-05
0.192283655,9.2794275e-05
0.26800621,0.000118384945
0.304991921,0.00012421393
0.340261877,0.00012834843
0.262968605,0.00011328887
0.28869126,0.000119500284
0.25396163,0.000108798136
0.364136957,0.00013074174
0.311736137,0.00012769672
0.394735735,0.00013198385
0.342816628,0.00012934343
0.34005107,0.00012294743
0.38484055,0.00012981867
0.455444325,0.00012817033
0.3959841,0.00013128044
0.480816537,0.00012691139
0.54166817,0.00012886414
0.586434879,0.00012700516
0.618669644,0.00012653306
0.56583826,0.00012813976
0.596976673,0.00012714969
0.561637266,0.00012811158
0.58351607,0.00012929915
0.583545668,0.00012802215
0.603735406,0.0001276319
0.408277241,0.0001294609
0.457180725,0.00013181838
0.505637442,0.00013200076
0.368624628,0.00012719748
0.422338261,0.00013076898
0.33183082,0.0001241774
0.489194797,0.00013212246
0.541009637,0.00013131465
0.530701722,0.0001316635
0.620448206,0.00012757066
0.576796959,0.00012984674
0.581703003,0.00012944886
0.167986844,7.270619e-05
0.162579557,7.724901e-05
0.163150667,8.1361075e-05
0.176616975,6.968926e-05
0.171117019,7.406651e-05
0.172992647,6.6688255e-05
0.155276211,7.986986e-05
0.149290751,8.7105866e-05
0.152072175,8.4258994e-05
0.145072065,6.280361e-05
0.130469835,6.590392e-05
0.122208599,5.8916175e-05
0.156023707,6.997091e-05
0.16750111,7.703243e-05
0.144518295,7.274939e-05
0.161466264,9.6250034e-05
0.182461623,0.000102331964
0.211111129,0.00010833691
0.159034292,9.31223e-05
0.173835686,9.8902834e-05
0.1601776,8.994893e-05
0.187217416,0.000104292034
0.235927349,0.00011248475
0.213090016,0.00011054004
0.26412193,0.00011756653
0.274655792,0.00011956184
0.296794346,0.0001212697
0.329841944,0.00012585986
0.342581182,0.00012724458
0.392846201,0.00013113736
0.431413181,0.00013196292
0.383102936,0.00012933064
0.473445101,0.00013217903
0.528385377,0.00012853212
0.576456477,0.0001269581
0.603931122,0.00012628348
0.512456722,0.00012934046
0.555515976,0.0001277805
0.502934,0.00013033014
0.311310691,0.000115067814
0.314081182,0.00012312851
0.314660127,0.00012957075
0.289460503,0.000114989394
0.288219177,0.00012332287
0.268347051,0.000114994
0.236980844,8.7927474e-05
0.249007837,8.982715e-05
0.259062961,9.194185e-05
0.271736175,9.532999e-05
0.285103238,9.702797e-05
0.298101232,0.00010467473
0.263959645,0.00010350159
0.254811507,9.4300754e-05
0.282080627,0.00010401055
0.221162935,8.809963e-05
0.173520445,8.392013e-05
0.169013523,8.160886e-05
0.202240282,8.691183e-05
0.177013656,8.420616e-05
0.182365933,8.712905e-05
0.172506382,8.57601e-05
0.178174037,8.331534e-05
0.175807101,8.605712e-05
0.192960662,8.3653606e-05
0.158018114,8.175856e-05
0.199169256,8.5773056e-05
0.347170356,0.0001301549
0.389200523,0.00013196372
0.439728101,0.00013206432
0.306040715,0.00012727536
0.344422255,0.00013054775
0.265900841,0.00012318949
0.409492343,0.00013217922
0.469807176,0.0001308992
0.455126484,0.00013156356
0.440757175,0.00013216837
0.46482937,0.00013162057
0.491341272,0.0001301538
0.407806037,0.00013194956
0.435892449,0.00013201385
0.375511266,0.00013132577
0.180560656,8.103963e-05
0.177499519,8.301416e-05
0.15983648,8.785637e-05
0.181432612,8.408856e-05
0.176549741,8.738193e-05
0.183699133,8.804487e-05
0.219043036,9.913431e-05
0.195336542,9.243619e-05
0.180375523,9.319661e-05
0.200587221,0.000106464046
0.217792602,0.0001022375
0.145702891,9.587526e-05
0.216355808,0.00010707785
0.219471703,0.00011096855
0.234517552,0.00011480033
0.159495099,9.905201e-05
0.161266658,0.000102688464
0.132505745,9.253167e-05
0.255367875,0.00011610651
0.295042625,0.0001244184
0.260760913,0.00011986481
0.46232995,0.00012776518
0.408627433,0.00013082658
0.359324561,0.00013213289
0.402343862,0.00013103314
0.356328786,0.00013216259
0.344944722,0.00013217915
0.294551993,0.00013021918
0.270664239,0.0001238268
0.299338051,0.00012992567
0.541873161,0.000120170596
0.611382301,0.00011183696
0.564204606,0.00011704606
0.48624793,0.0001256126
0.503196255,0.0001232054
0.432191485,0.00012953015
0.256777541,0.000117087955
0.269324955,0.00012561855
0.310416949,0.0001310815
0.251841712,0.000119189855
0.281552505,0.00012716108
0.260749061,0.00012116886
0.485664638,0.00013174664
0.522895389,0.0001310222
0.556763843,0.00013024226
0.571067812,0.00012892875
0.593637355,0.00012803274
0.624635251,0.00012661544
0.59527734,0.00012657234
0.630787625,0.00012589215
0.6343115,0.00012589312
0.636525099,0.00012622737
0.641579449,0.00012620747
0.621693189,0.00012764748
0.167819544,8.570767e-05
0.176407757,8.964776e-05
0.19263804,9.337326e-05
0.163483359,8.110938e-05
0.165555021,8.474237e-05
0.137666157,7.6578704e-05
0.170729973,9.431313e-05
0.199745619,0.00010348341
0.198233398,9.8476485e-05
0.103710818,7.136544e-05
0.113404423,7.3595926e-05
0.061733009,6.620951e-05
0.142684327,7.911144e-05
0.175472601,8.7200366e-05
0.156714819,8.118793e-05
0.255336999,0.000113847775
0.301399348,0.00011927973
0.347849058,0.00012426844
0.239728167,0.00010869735
0.275096994,0.00011401634
0.226823744,0.00010326815
0.312894875,0.00012288755
0.37989727,0.00012967883
0.369579148,0.00012741002
0.53676466,0.00013129506
0.482875189,0.00013215754
0.417873737,0.00013001876
0.495042794,0.00013199612
0.433063723,0.00013149992
0.440572593,0.00013211979
0.568592812,0.00012956961
0.530055748,0.00013067784
0.601236151,0.00012786686
0.545587866,0.0001294996
0.574859491,0.00012725868
0.609755402,0.00012620066
0.540997794,0.00012894387
0.586136973,0.00012678036
0.530847322,0.00012861025
0.484252401,0.0001317667
0.525921652,0.00013068423
0.504622428,0.00013032607
0.249289878,0.000105964624
0.226169774,9.74664e-05
0.190522287,9.020168e-05
0.239580292,9.552199e-05
0.212853716,8.873998e-05
0.225417857,8.801039e-05
0.236248606,0.000110109846
0.216569196,9.9181394e-05
0.242198877,0.0001079492
0.187533583,8.173003e-05
0.19313204,7.786863e-05
0.207457748,7.645367e-05
0.153902773,7.9490186e-05
0.179363596,7.74567e-05
0.145802009,7.923023e-05
0.177841355,7.9284415e-05
0.199098184,7.8255696e-05
0.174518809,8.217235e-05
0.188934089,8.1771934e-05
0.211774718,7.751133e-05
0.202768125,8.144522e-05
0.439811012,0.00013093327
0.490369342,0.0001321794
0.525122206,0.00013130235
0.443847899,0.0001316173
0.489385315,0.00013206372
0.4456677,0.00013201131
0.315860646,0.0001268832
0.265079468,0.00011935416
0.227616955,0.00011046529
0.286389372,0.00012213814
0.227992471,0.00011367083
0.257823279,0.00011647343
0.387484615,0.00013014318
0.350881587,0.00012878612
0.324400884,0.00012450297
0.388065342,0.00012915561
0.326557499,0.00012291232
0.385857185,0.0001278982
0.160799686,8.775377e-05
0.162796789,8.722465e-05
0.152360534,8.724275e-05
0.18781395,8.150612e-05
0.181834725,8.1494516e-05
0.202024224,7.7705896e-05
0.186234959,9.966386e-05
0.156676679,9.2632705e-05
0.167089177,9.317438e-05
0.190224386,0.000102801954
0.166317421,9.600476e-05
0.187293814,0.00010588496
0.379254072,0.00013182095
0.441266191,0.00012826054
0.504820152,0.00012117665
0.39276644,0.0001313039
0.44953246,0.00012694464
0.401766317,0.00013067396
0.343092311,0.00013205354
0.296737304,0.00012858876
0.331847933,0.00013171678
0.566049824,0.000109261964
0.623608173,9.6704505e-05
0.571584109,0.000104793566
0.513076073,0.00011758193
0.528374295,0.00011390345
0.465726999,0.0001244271
0.244518548,0.000115471164
0.229485086,0.00010960363
0.213316154,0.0001040069
0.218055579,0.0001042297
0.196739367,9.880579e-05
0.186132424,9.408778e-05
0.289470861,0.00012836706
0.281828628,0.00012651499
0.270442752,0.00012410579
0.315227351,0.00013126964
0.307810223,0.00013020811
0.351807375,0.00013216583
0.261669235,0.000121683195
0.237483395,0.00011309478
0.25353406,0.00011878892
0.575209739,0.00012958505
0.592492243,0.00012795435
0.607470791,0.00012675696
0.600515206,0.00012846982
0.598797114,0.00012737453
0.59609876,0.00012839981
0.564185977,0.0001285991
0.581743064,0.00012821167
0.591786663,0.00012698908
0.107456127,6.939182e-05
0.072286789,6.4758584e-05
0.128897818,7.1014125e-05
0.129704588,7.38494e-05
0.075468174,6.793583e-05
0.111089273,7.498054e-05
0.091689166,6.9343405e-05
0.120375525,7.5836375e-05
0.114261998,7.6010256e-05
0.16255576,8.480322e-05
0.199082109,9.575844e-05
0.257511242,0.000108620276
0.150253294,8.5364416e-05
0.181870879,9.666237e-05
0.144600307,8.568335e-05
0.214932628,9.82646e-05
0.238102792,0.00010336425
0.19153606,9.141688e-05
0.259230879,0.00010896528
0.315371939,0.00011999089
0.296550723,0.00011471496
0.540000847,0.00013212078
0.462441453,0.00013020303
0.352172087,0.000121560835
0.482519905,0.00013185323
0.384903218,0.00012622903
0.412892318,0.00012945189
0.536796789,0.00013160131
0.54066743,0.0001319018
0.485348979,0.00013206844
0.577091751,0.00013019319
0.596514319,0.00012928576
0.580909276,0.00013083765
0.53474202,0.00013094197
0.52002635,0.00013196896
0.511191531,0.00013209798
0.552763555,0.00013012205
0.544334127,0.00013145535
0.575629241,0.00012962052
0.467844381,0.00013160484
0.490169168,0.00013194513
0.505674779,0.00013210453
0.156211854,8.034272e-05
0.171526186,7.763802e-05
0.197130247,7.645146e-05
0.154756147,8.239239e-05
0.181561452,7.9115285e-05
0.153610381,8.571133e-05
0.178620114,9.347003e-05
0.156966803,8.546859e-05
0.156159164,8.916761e-05
0.151201245,7.901511e-05
0.154753026,8.083149e-05
0.156890034,8.378909e-05
0.166583058,7.7335644e-05
0.181865661,7.886994e-05
0.191561872,7.647427e-05
0.157417305,7.774099e-05
0.167904147,7.6672535e-05
0.159250292,7.808934e-05
0.401944576,0.00012760228
0.349704806,0.0001229288
0.292215766,0.000116940064
0.35220622,0.00012258803
0.31240947,0.00011698809
0.301023929,0.00011672831
0.426948339,0.00012904842
0.373505953,0.00012467185
0.451508271,0.0001300414
0.141035125,8.270781e-05
0.135573253,8.755808e-05
0.16244472,9.304446e-05
0.140139369,8.5562984e-05
0.145161878,9.136732e-05
0.144762282,8.950574e-05
0.216732306,0.000107324864
0.164274799,9.7803924e-05
0.186148825,9.930634e-05
0.259034619,0.00010811653
0.249364469,0.00010788809
0.217593207,0.000100062396
0.161224801,9.313147e-05
0.162896384,8.796424e-05
0.160712375,8.363453e-05
0.175922235,9.6016614e-05
0.1701864,9.031191e-05
0.194481555,9.967392e-05
0.410305137,0.0001300329
0.478433931,0.0001232013
0.543347496,0.000112325215
0.43359565,0.0001294854
0.499235649,0.0001222631
0.467905179,0.00012909099
0.332011891,0.00013162427
0.368187534,0.00013206598
0.399401984,0.00013193722
0.619161518,9.490931e-05
0.685711957,7.883667e-05
0.648612538,8.998995e-05
0.574409897,0.00010758698
0.604928616,0.00010330765
0.538669894,0.00011883921
0.277543258,0.00012616711
0.328212318,0.00013032396
0.40059863,0.00013212765
0.263512007,0.000123607
0.323562313,0.00012832411
0.252414183,0.00012083016
0.245960062,0.00011908652
0.228615183,0.00011644917
0.22243639,0.000110679975
0.182443857,0.00010215834
0.201418131,0.00010614399
0.209736165,0.00011193437
0.110375044,6.584914e-05
0.079026873,6.138763e-05
0.114837494,6.6793844e-05
0.14752876,7.725698e-05
0.138766974,7.289968e-05
0.124276619,6.878208e-05
0.134561224,7.3906136e-05
0.127187603,6.976672e-05
0.123431364,7.072096e-05
0.145377624,7.966442e-05
0.132031199,7.617803e-05
0.122202185,7.2869225e-05
0.14338284,8.210461e-05
0.132275255,7.847298e-05
0.149509357,8.4567364e-05
0.149793931,8.030665e-05
0.133439375,7.462039e-05
0.166775905,7.629539e-05
0.583641027,0.00013154959
0.60189298,0.00013106891
0.576506117,0.00013139725
0.593902052,0.00013064856
0.599235954,0.00013019296
0.595883036,0.00012953763
0.572510761,0.00013082173
0.536252109,0.00013208674
0.561006075,0.00013172902
0.172822105,8.127476e-05
0.156620238,8.255574e-05
0.149709528,8.362144e-05
0.184459737,9.130719e-05
0.180374675,9.255622e-05
0.220288922,0.0001025416
0.172731246,9.0415524e-05
0.173744053,8.571576e-05
0.195812459,9.645359e-05
0.163981762,9.490516e-05
0.228422434,0.00010735288
0.219876691,0.000105322804
0.475464333,0.0001309448
0.395234753,0.00012545381
0.288444237,0.000115198396
0.406219072,0.00012719189
0.309392638,0.00011765202
0.324321267,0.00011925518
0.522192891,0.00013215885
0.497158832,0.00013182295
0.43504593,0.00012898138
0.55923733,0.00013196323
0.572745438,0.00013181595
0.533789196,0.0001321792
0.476355388,0.00012925641
0.51660151,0.00013171123
0.554870086,0.00013214356
0.483824101,0.00013058337
0.526336874,0.00013214216
0.494669666,0.00013156896
0.366209883,0.00012055
0.406208136,0.00012427956
0.444370668,0.00012718288
0.410281364,0.00012621783
0.449417368,0.00012886763
0.467636015,0.00013031518
0.332204118,0.00011945643
0.390505182,0.00012554137
0.311509012,0.00011819156
0.155855291,7.972546e-05
0.174141168,8.113036e-05
0.191809933,8.324004e-05
0.150040959,8.29932e-05
0.182105647,8.379639e-05
0.145732717,8.7250555e-05
0.153192794,8.7333174e-05
0.163964642,8.412327e-05
0.162455441,8.3409635e-05
0.172663877,8.143295e-05
0.163812514,8.038707e-05
0.162938983,7.915913e-05
0.263845339,0.00011089406
0.240706877,0.000102943464
0.206801916,9.599828e-05
0.240663511,0.000105612526
0.223037884,9.8652614e-05
0.226925062,0.0001011591
0.278695114,0.00011249091
0.259585645,0.00010725926
0.314269289,0.000113964874
0.223130857,8.997105e-05
0.205671108,9.037021e-05
0.175827528,9.14171e-05
0.227503689,8.732589e-05
0.189246971,8.694389e-05
0.216907627,8.498362e-05
0.222665301,9.2756556e-05
0.220419093,9.648084e-05
0.217810731,9.407014e-05
0.157217232,9.507409e-05
0.186353789,0.000103593666
0.212252878,0.00011247102
0.165177312,9.6962154e-05
0.195227304,0.00010479864
0.187426335,9.8703786e-05
0.144328258,8.945662e-05
0.159780166,9.160892e-05
0.167903305,8.625185e-05
0.696154804,8.175165e-05
0.76015575,6.489499e-05
0.712689453,7.852737e-05
0.651348783,9.827954e-05
0.588003827,0.00011851748
0.518151233,0.00013045345
0.638921273,0.00010097726
0.570475181,0.00012072895
0.619377658,0.00010445934
0.501346335,0.00012925107
0.559422251,0.0001194421
0.51051666,0.00012973344
0.432202605,0.00013209984
0.439796418,0.00013199761
0.349982666,0.00012821326
0.26692941,0.000119098586
0.350079426,0.0001262006
0.43379509,0.00013100811
0.285793258,0.00011717369
0.357213066,0.00012376766
0.298819102,0.000115138755
0.256061352,0.000110355075
0.215917863,0.0001048375
0.234955511,0.000111462854
0.761777305,6.7510024e-05
0.737106575,7.147274e-05
0.802131341,5.5144774e-05
0.811588665,6.1154584e-05
0.794449699,6.251808e-05
0.865522272,4.947806e-05
0.080180408,6.491097e-05
0.066066939,6.491262e-05
0.044065325,6.0267786e-05
0.115948059,6.9485126e-05
0.121613192,7.442589e-05
0.11801716,7.965567e-05
0.096200507,6.954547e-05
0.102367372,7.447195e-05
0.081507368,6.955785e-05
0.14568492,7.809822e-05
0.134194107,7.8902136e-05
0.134613074,7.367409e-05
0.158897566,8.265312e-05
0.169635556,8.837946e-05
0.181820082,9.433778e-05
0.153015724,8.3519415e-05
0.159388849,8.921632e-05
0.136219195,8.431787e-05
0.161285657,8.5249325e-05
0.16283894,8.788147e-05
0.17737513,9.117363e-05
0.241333038,0.00010682391
0.193654331,9.924342e-05
0.171778004,9.169795e-05
0.238859989,0.0001058096
0.197450685,9.8002485e-05
0.231516762,0.00010436913
0.209970052,0.00010265202
0.194351518,9.846762e-05
0.18417504,9.517168e-05
0.539594527,0.00013166065
0.54097756,0.00013203154
0.522955056,0.00013192343
0.548377173,0.00013213677
0.555833733,0.00013216375
0.567858296,0.00013208762
0.504485048,0.00013072102
0.526423572,0.00013144723
0.540337427,0.00013206444
0.444150744,0.0001264656
0.360105765,0.00012117522
0.277368997,0.000112766844
0.465217541,0.00012848931
0.378721611,0.00012357766
0.478663453,0.00012995722
0.31574844,0.000114766255
0.295918381,0.00011402346
0.389854513,0.00012151671
0.530815941,0.00013137147
0.506486787,0.00013005451
0.516743582,0.00013125053
0.435092599,0.00012415812
0.479000925,0.0001279988
0.515110506,0.00013048878
0.450639052,0.00012587412
0.49195877,0.00012946616
0.461691056,0.00012761807
0.388257006,0.00011981679
0.402942617,0.00012161965
0.415577365,0.00012359842
0.342990716,0.000114488204
0.358145559,0.00011618286
0.304613685,0.00010861978
0.355770772,0.00011613772
0.33439558,0.00011210189
0.385779994,0.000120171746
0.31375895,0.00010976357
0.261713536,0.00010369427
0.293238213,0.00010619706
0.197527461,9.4623705e-05
0.199737583,9.236576e-05
0.189936708,9.150265e-05
0.186811822,8.93746e-05
0.198582914,8.887108e-05
0.205046941,8.607409e-05
0.215161914,8.9265115e-05
0.214598143,8.744615e-05
0.197884322,8.976942e-05
0.21652492,9.142534e-05
0.198091553,9.0890375e-05
0.184590646,9.155003e-05
0.197107653,9.27261e-05
0.178238413,9.231716e-05
0.181752418,9.39038e-05
0.213784605,9.72132e-05
0.257081491,0.00010231991
0.211152117,9.510842e-05
0.244006419,9.991229e-05
0.219325402,9.754516e-05
0.216099353,9.397262e-05
0.277268451,0.00010972237
0.25763144,0.0001054378
0.231874501,0.000102192964
0.243813864,0.000105269166
0.23420798,0.000101322505
0.215459448,0.000100144054
0.219290705,9.826598e-05
0.204107962,9.4458395e-05
0.21613767,9.657866e-05
0.307846338,0.00011098902
0.273704636,0.00010813835
0.249633714,0.000105295585
0.317168261,0.00011240432
0.285919323,0.00010895959
0.309127194,0.000113793925
0.858959722,5.7975587e-05
0.86079708,5.894571e-05
0.881983016,4.7088248e-05
0.675338776,9.159288e-05
0.694107963,8.737804e-05
0.712882615,8.381666e-05
0.636231749,0.00010758589
0.651252126,0.00010433822
0.584205475,0.00012153385
0.57366644,0.00012471984
0.554044091,0.00012784949
0.613087681,0.00011289085
0.522479669,0.00013103917
0.46780443,0.00013132056
0.424032651,0.00012597804
0.514726044,0.00013186716
0.459745317,0.00013035732
0.497055019,0.00013217665
0.395380376,0.00012279474
0.346370877,0.00011917317
0.414363134,0.00012755174
0.351340138,0.00011531755
0.352303832,0.000117279924
0.387929671,0.00012047602
0.724369898,0.00010058299
0.768652409,8.6000095e-05
0.802955134,7.21602e-05
0.796423917,8.587122e-05
0.827681102,7.156117e-05
0.832687282,7.095997e-05
0.759847167,7.677254e-05
0.684897034,9.468707e-05
0.622708701,0.000111476365
0.734169832,7.765452e-05
0.677175835,9.5175186e-05
0.731568857,7.87746e-05
0.599221937,0.00011475992
0.590671262,0.00011812759
0.66215396,9.963556e-05
0.689727703,0.000104393635
0.646560344,0.00010799973
0.725226961,9.0395806e-05
0.861519745,5.447827e-05
0.857397472,5.576184e-05
0.867741517,4.4883513e-05
0.068244226,6.494163e-05
0.083214793,6.49138e-05
0.053796338,6.028073e-05
0.116652994,6.9879505e-05
0.102384652,6.998086e-05
0.084209216,6.9937974e-05
0.137363267,7.5132586e-05
0.118077218,7.5215394e-05
0.14882591,8.054243e-05
0.101834602,8.0104175e-05
0.124155007,8.04145e-05
0.094609705,7.4903124e-05
0.116927226,8.612548e-05
0.136675895,9.267926e-05
0.175214049,9.903388e-05
0.125399859,8.639937e-05
0.149907546,9.265034e-05
0.146124296,8.647109e-05
0.13981399,9.107924e-05
0.172521766,9.6232616e-05
0.166215546,9.7814984e-05
0.201476901,0.00010251066
0.250423079,0.000110227666
0.310544386,0.00011680341
0.203058815,0.00010405192
0.252737347,0.000111217174
0.20813961,0.00010519006
0.273932094,0.00011087881
0.295494929,0.00011423404
0.225154531,0.00010673411
0.362800857,0.000118089236
0.428898302,0.00012377194
0.370304745,0.0001205294
0.476713266,0.00012806777
0.512906108,0.0001300412
0.51974752,0.00013053096
0.474454308,0.00012808629
0.492181843,0.00012886054
0.460045319,0.00012679645
0.381853036,0.0001228953
0.430388248,0.00012574905
0.429007708,0.00012602059
0.457924134,0.00012589595
0.466379537,0.00012685405
0.496325434,0.00012881336
0.375678046,0.00011944767
0.412036771,0.00012268288
0.445998159,0.00012522588
0.388102754,0.00012065677
0.433907956,0.00012419272
0.410269522,0.00012227739
0.327631451,0.00011155005
0.338495568,0.00011566494
0.385149413,0.000119992736
0.309992857,0.00011039127
0.340976885,0.00011501699
0.305403186,0.00010945268
0.342936447,0.00011447139
0.358683205,0.00011714035
0.360863741,0.00011833186
0.262884844,0.00010396495
0.209618995,9.885488e-05
0.169264648,9.544468e-05
0.226335163,0.00010079504
0.174907365,9.714527e-05
0.201677531,9.958513e-05
0.299560214,0.00010678669
0.273679126,0.00010521285
0.250869589,0.00010263365
0.211008031,0.00010065703
0.193134952,9.949411e-05
0.176366793,9.8436045e-05
0.207647703,9.740836e-05
0.188939964,9.6800606e-05
0.193407696,9.4372364e-05
0.160955689,9.3804505e-05
0.1751783,9.373498e-05
0.169204959,9.564244e-05
0.14747615,9.521813e-05
0.143106823,9.670214e-05
0.150201368,9.68722e-05
0.273133324,0.00010849841
0.239823746,0.000106498606
0.215884725,0.00010488111
0.241879729,0.00010615331
0.214329626,0.00010456776
0.22472283,0.00010370577
0.192069507,0.000102726306
0.182411071,0.00010060337
0.199364167,0.00010201845
0.311020211,0.00011129696
0.35445456,0.0001155278
0.387842717,0.00012061927
0.311602597,0.0001112815
0.346241869,0.00011542304
0.302609823,0.00011095184
0.2757845,0.000108717555
0.27982635,0.00010860994
0.247832984,0.00010663325
0.83984489,6.816209e-05
0.840795594,6.715033e-05
0.835032926,6.6025015e-05
0.799330994,8.079705e-05
0.789956597,8.003894e-05
0.736339686,9.425933e-05
0.744601061,9.6567055e-05
0.74440924,9.865404e-05
0.799792059,8.342707e-05
0.576856925,0.00012599354
0.627676255,0.00011911309
0.680282444,0.0001103683
0.630217519,0.00011796063
0.690537392,0.000108813074
0.683741578,0.00010707069
0.527400288,0.00012756595
0.431550763,0.00013213359
0.374836674,0.00012763748
0.51546785,0.00012895363
0.449119685,0.00013194868
0.518449054,0.00013023514
0.421209689,0.0001269202
0.464815783,0.00013174344
0.405728765,0.0001274503
0.338973341,0.00011556414
0.378482228,0.00012124108
0.358234326,0.000121385914
0.63424833,0.000116600684
0.540725219,0.00012763885
0.452872024,0.0001320606
0.604229108,0.00011922921
0.519223604,0.00012888959
0.580750737,0.000121633166
0.415152564,0.00013182919
0.37985739,0.00013017355
0.474032874,0.00013159378
0.533064934,0.00012917566
0.494065355,0.00013114454
0.584587905,0.00012397624
0.822748916,6.4113265e-05
0.766197027,7.668394e-05
0.708297991,9.022827e-05
0.776144855,7.8463825e-05
0.712184517,9.179563e-05
0.721786315,9.312843e-05
0.807969936,6.155164e-05
0.762474985,7.5597876e-05
0.850202861,5.0404127e-05
0.812699112,6.289373e-05
0.861484862,5.1793526e-05
0.871788539,4.100423e-05
0.071750145,6.300678e-05
0.057969135,5.8913756e-05
0.083295825,6.394921e-05
0.077867367,6.684245e-05
0.090263117,6.7944784e-05
0.105232966,6.88793e-05
0.093780679,7.17742e-05
0.108885117,7.2896626e-05
0.108183543,7.666318e-05
0.132547283,7.414071e-05
0.156845289,7.948907e-05
0.133009574,7.8201294e-05
0.167192529,8.633664e-05
0.173557184,9.171212e-05
0.190809925,9.6668824e-05
0.155911667,8.487869e-05
0.164763269,8.9851164e-05
0.135536529,8.3205894e-05
0.170487515,9.2385366e-05
0.184972182,9.860753e-05
0.188825084,9.779715e-05
0.220411115,0.00010620617
0.262703085,0.00011226662
0.301706574,0.00011677125
0.220963292,0.000105255145
0.252657445,0.0001109818
0.217352571,0.000104048
0.256893018,0.00011201745
0.305977874,0.000117285344
0.30385199,0.00011720879
0.366475137,0.00012235665
0.410252726,0.00012464394
0.35561974,0.0001214241
0.3816122,0.00011997295
0.390246159,0.00012042095
0.387769397,0.000120593584
0.416545115,0.00012248749
0.403495597,0.0001220852
0.438930013,0.0001243549
0.37355561,0.00012091761
0.346329585,0.000119821896
0.387000836,0.00012260673
0.347390343,0.00011672739
0.326726568,0.00011454004
0.318857622,0.00011309875
0.352249685,0.00011798048
0.338727878,0.0001166033
0.371012957,0.00011916458
0.340751434,0.000114119764
0.338079916,0.000111213354
0.327828245,0.000111698115
0.308911264,0.00010708274
0.252486231,0.00010358926
0.300360953,0.00010833793
0.182169562,9.9588135e-05
0.162932603,9.811273e-05
0.171951086,9.884006e-05
0.2030084,0.00010077354
0.199304287,9.9601726e-05
0.203778179,0.000102155485
0.240450738,0.00010487052
0.282487512,0.0001085807
0.319930286,0.00011260535
0.226769017,0.000103314436
0.259144809,0.00010685764
0.21544708,0.00010239118
0.30130266,0.00011225558
0.258508524,0.000107144275
0.307723003,0.000112212394
0.217488958,0.00010401382
0.243929149,0.00010531961
0.263667919,0.00010679184
0.216069451,0.000102949794
0.234721065,0.000103896404
0.196532391,0.00010196604
0.1883641,0.00010225621
0.190289495,0.000101553414
0.177507675,0.00010055169
0.156995647,0.000100939506
0.177842689,0.00010093023
0.184897302,0.00010015365
0.272212366,0.00010795235
0.291060187,0.000109161236
0.29800622,0.000110195026
0.291240659,0.000113337665
0.321044326,0.00011458317
0.329322055,0.00012031437
0.256172377,0.000105092746
0.228384429,0.000103263395
0.261666365,0.00010602604
0.21969766,0.00010509682
0.200656081,0.00010419508
0.194208024,0.00010320132
0.181556281,0.00010229007
0.168616877,0.00010166712
0.169679143,0.0001014072
0.664932679,0.0001076197
0.649489506,0.00010680184
0.642753271,0.00010577265
0.598408007,0.00011917486
0.584411747,0.00011864186
0.537991674,0.00012742468
0.564349843,0.00012654955
0.613707866,0.00011861102
0.55270073,0.00012703068
0.506469717,0.00013140483
0.446951717,0.0001317964
0.388194235,0.00012851636
0.468984582,0.00013214712
0.40973025,0.00013068036
0.428810866,0.00013196691
0.502596742,0.0001316104
0.492975225,0.00013176442
0.444588638,0.00013163396
0.368098358,0.00012923662
0.298675616,0.00012156528
0.264093686,0.000113734
0.341718844,0.0001264459
0.28218575,0.00011857524
0.323628261,0.00012346348
0.266093879,0.00010939566
0.278715598,0.000115734205
0.261453467,0.000111286216
0.324020341,0.00012347812
0.27906738,0.00011827578
0.343106318,0.00012655502
0.539254781,0.00012407021
0.533194917,0.00012542971
0.532244928,0.00012653395
0.595462202,0.000115004805
0.588342292,0.00011696945
0.653316591,0.0001033095
0.810922713,5.773035e-05
0.769100036,6.787342e-05
0.775226663,7.1922455e-05
0.72868991,8.324119e-05
0.721319522,8.6968175e-05
0.603679381,0.00011262809
0.665785708,0.000100408935
0.672136008,9.697997e-05
0.825942779,4.609706e-05
0.058256262,6.330946e-05
0.074681727,6.824083e-05
0.090989773,7.31331e-05
0.056157731,6.452858e-05
0.073915113,6.943939e-05
0.04304592,5.9541184e-05
0.117450394,8.016388e-05
0.134683834,8.357495e-05
0.155094133,8.7551634e-05
0.103268002,7.653126e-05
0.126843446,8.004334e-05
0.086074542,7.277619e-05
0.146071022,8.665074e-05
0.178808535,9.330643e-05
0.159088417,9.017721e-05
0.208862014,0.00010303156
0.202512526,0.00010935692
0.23214664,0.000115119685
0.187285622,0.00010001693
0.186989174,0.00010746933
0.179891412,9.764254e-05
0.240294433,0.000109841785
0.290027656,0.000115400086
0.260286642,0.00011465708
0.334295344,0.00011852788
0.361980057,0.00012000662
0.3141896,0.000118267206
0.401784284,0.00012177358
0.377866606,0.00012169272
0.32745338,0.00011973135
0.375254149,0.00012058894
0.357182653,0.000120488156
0.376030125,0.00012008675
0.361181244,0.000118769625
0.336761699,0.00011636019
0.367235565,0.00011946291
0.346516532,0.00011651186
0.366598829,0.00011709328
0.391182099,0.000120201825
0.332793388,0.000113767266
0.285430114,0.00010959785
0.231643248,0.00010572508
0.341255225,0.000114961236
0.283591566,0.00011059475
0.341851877,0.00011600626
0.25068831,0.00010824862
0.294306263,0.00011208489
0.234543319,0.00010702755
0.480035584,0.0001235516
0.425668805,0.00012072403
0.37042442,0.000116972726
0.442457112,0.000121929435
0.386421463,0.0001182471
0.393977914,0.000119418946
0.460003636,0.00012308455
0.431995696,0.00012248801
0.410650745,0.00012050256
0.258273383,0.0001048528
0.236613491,0.00010294408
0.203613507,0.000102624086
0.235064009,0.00010303838
0.212814549,0.00010212697
0.207828882,0.00010202195
0.264790136,0.00010578907
0.260122304,0.00010715003
0.244193541,0.00010357874
0.220068661,0.00010378391
0.19013054,0.00010198877
0.198372305,0.00010287786
0.253393651,0.00010791788
0.234520992,0.00010595219
0.212287362,0.00010441652
0.278788615,0.00011129806
0.254490882,0.00010882493
0.306305527,0.00011494969
0.289682895,0.00011181696
0.319768335,0.000115566036
0.332390862,0.00011594179
0.466839274,0.00013112981
0.410410563,0.00013179443
0.368820132,0.00012821172
0.468412022,0.00013153639
0.415446147,0.00013152558
0.475120414,0.00013180784
0.43259539,0.00013154549
0.382465795,0.0001281266
0.391871239,0.0001282388
0.325643625,0.00012095568
0.333791901,0.000120736906
0.326131589,0.00012082776
0.287106835,0.00011368671
0.286450286,0.00011380657
0.2588622,0.00010862331
0.260105685,0.00011135469
0.28366105,0.00011571263
0.25963103,0.000109581815
0.249453469,0.00010575679
0.242603441,0.0001052017
0.229340444,0.00010338539
0.495884816,0.00012814856
0.557932648,0.00011911691
0.622557266,0.00010499468
0.463225565,0.00013067381
0.519508348,0.0001241917
0.435948148,0.00013189405
0.430952993,0.00013211953
0.405974724,0.00013198993
0.377544972,0.00013054896
0.500985761,0.00012818936
0.59846442,0.00011313103
0.681856587,8.859034e-05
0.58186521,0.00011930576
0.677524469,9.751487e-05
0.747448333,6.6768145e-05
0.085429626,6.713263e-05
0.130925724,7.463579e-05
0.170363262,8.259012e-05
0.150784126,6.8891735e-05
0.186389515,7.7031604e-05
0.090188684,6.2515326e-05
0.202584457,9.3246475e-05
0.244475429,0.00010010758
0.305954401,0.00010662243
0.217826026,8.828638e-05
0.247634601,9.468343e-05
0.210654446,8.224188e-05
0.21365572,0.00010383733
0.214516492,0.00011280686
0.257963481,0.000110360736
0.36937578,0.00011702223
0.311648156,0.00011889111
0.302875878,0.00011975469
0.456112365,0.00012300235
0.429174155,0.00012335739
0.539226142,0.0001258098
0.440812288,0.00012371606
0.499828414,0.00012503548
0.395507456,0.00012271536
0.547835119,0.00012549234
0.559384508,0.00012616912
0.503811517,0.00012470408
0.507839321,0.00012517054
0.525664437,0.00012642158
0.54522613,0.00012730887
0.579246679,0.00012675405
0.601909124,0.0001277018
0.588766698,0.00012725034
0.459437234,0.00012374991
0.406994899,0.00012143545
0.474965,0.00012514852
0.392130785,0.00012142847
0.370456037,0.00012113279
0.464829065,0.00012520351
0.439756996,0.00012467978
0.479507185,0.00012598786
0.517883757,0.000126856
0.383479545,0.00012225282
0.422286542,0.00012399194
0.340530394,0.000118936216
0.242052293,0.000106481486
0.254327069,0.00010814117
0.289475143,0.000112788126
0.233505691,0.00010488652
0.251472906,0.00010790625
0.214742031,0.00010437616
0.294171608,0.00011410297
0.247535119,0.000108198554
0.281354275,0.00011329358
0.380133109,0.00012147718
0.331558133,0.00011809439
0.330042966,0.000117244475
0.314481743,0.00012295313
0.32757297,0.0001262805
0.352379716,0.00012930468
0.271097116,0.000118427604
0.285819929,0.0001219942
0.238261334,0.00011584091
0.281787123,0.00011581087
0.252219122,0.00011281498
0.262879068,0.000110373796
0.240323886,0.00010880006
0.23312306,0.00011170951
0.273336201,0.00011107743
0.392459947,0.00013189224
0.455346701,0.00013146027
0.528781427,0.00012631441
0.366819362,0.000130544
0.419121783,0.00013217934
0.340165728,0.00012923368
0.321256243,0.00012666984
0.299453995,0.00012495725
0.264985503,0.00012029077
0.398123257,0.00013209567
0.511387946,0.00012880005
0.647304145,0.00011241306
0.489444358,0.00012987346
0.630021829,0.00011694684
0.75121419,9.006523e-05
0.174916497,7.8302546e-05
0.167738951,7.442881e-05
0.238999956,9.058946e-05
0.216951023,8.636392e-05
0.284695985,9.9221004e-05
0.124768135,6.81787e-05
0.47065504,0.00012518045
0.464940732,0.00012511865
0.451438684,0.0001249544
0.423699246,0.00012239639
0.402147896,0.00012197929
0.352216519,0.00011806576
0.261630269,9.4515155e-05
0.316593013,0.000102858045
0.359072803,0.00011057735
0.328417454,0.00010582075
0.395018932,0.00011339113
0.391140796,0.00011526348
0.437649746,0.00011991733
0.519334505,0.00012488759
0.481495454,0.00012183144
0.457969572,0.00012209955
0.538532874,0.00012581889
0.58192026,0.00012709899
0.532785167,0.000125997
0.601511824,0.00012779329
0.597232097,0.00012791883
0.613450553,0.00012846327
0.623472744,0.00012866473
0.614370447,0.00012821282
0.577648521,0.00012847972
0.610272268,0.00012875546
0.61093124,0.0001285978
0.587870094,0.00012845745
0.625660758,0.00012878308
0.572329485,0.00012808104
0.508250856,0.00012677902
0.556936155,0.00012794547
0.546758289,0.00012760509
0.507898146,0.00012683401
0.50547084,0.0001267784
0.541182107,0.00012784998
0.24024074,0.00011616513
0.267478009,0.000119880235
0.294241453,0.00012380256
0.295816227,0.000118935524
0.293651455,0.00012148891
0.348558242,0.00012204245
0.28418783,0.00011506315
0.343668067,0.00011960497
0.329085552,0.00011642227
0.430792657,0.00012389434
0.384065511,0.00012081563
0.384249533,0.00012271653
0.461880666,0.0001302484
0.382222096,0.00013205224
0.357136915,0.0001298175
0.392833521,0.0001320379
0.346362016,0.00012952475
0.337637671,0.00012919858
0.310753955,0.00012509426
0.347881568,0.00012614012
0.336838746,0.00012358221
0.377240011,0.00013212133
0.436449858,0.0001299834
0.52856416,0.00011929593
0.421308156,0.00012997001
0.500538347,0.00011956599
0.602751159,0.00010013283
0.319885643,0.000107607775
0.254809326,9.9718396e-05
0.262639018,9.751961e-05
0.204172226,8.960671e-05
0.205862309,8.637954e-05
0.160755631,7.86448e-05
0.474854012,0.00012624719
0.43450166,0.00012516892
0.416475782,0.00012418348
0.474246677,0.00012670204
0.444626605,0.0001257621
0.477053334,0.0001266866
0.512824516,0.00012735702
0.511012107,0.00012745912
0.545370187,0.00012807
0.242818392,0.00010095375
0.308382082,0.000108577085
0.38358604,0.0001159852
0.298960008,0.00010881659
0.384667219,0.00011607092
0.373581375,0.00011560806
0.537963794,0.00012595023
0.469174908,0.00012191604
0.465784307,0.00012227212
0.439460604,0.000120771656
0.512504749,0.00012528324
0.584540226,0.00012768226
0.478195041,0.00012418887
0.543836783,0.00012708227
0.518951343,0.00012609869
0.577407556,0.00012841786
0.549231473,0.00012770637
0.58357905,0.00012831336
0.548458379,0.00012788865
0.520685274,0.00012714538
0.5340135,0.00012701376
0.401006881,0.00012702774
0.415331613,0.00012536706
0.418896188,0.00012444732
0.411895782,0.0001250605
0.431094002,0.000124969
0.411648899,0.00012429837
0.463323873,0.00012583664
0.439846729,0.00012524212
0.444921567,0.00012501475
0.383317218,0.00013044398
0.386548818,0.0001305828
0.378885173,0.00013037655
0.397968319,0.00013217838
0.395351538,0.00013217387
0.451461357,0.00012962583
0.364539004,0.0001269945
0.38684071,0.00012495075
0.394165972,0.00012728834
0.617653214,0.00012080904
0.629021718,0.00012149556
0.485387687,0.00012996103
0.508916232,0.00013052623
0.416304362,0.00013213172
0.791728081,0.00010683736
0.288744218,0.00010835149
0.222975618,0.00010073653
0.237783011,0.00010125798
0.185992289,9.34966e-05
0.184115432,9.3213544e-05
0.139736413,8.515392e-05
0.441241162,0.00012185498
0.475166461,0.00012354815
0.508439614,0.00012497391
0.493901411,0.00012470204
0.514383904,0.00012597392
0.498846831,0.00012619073
0.478081091,0.00012504801
0.447614444,0.00012388873
0.464362167,0.00012315209
0.200015877,9.937147e-05
0.26218436,0.000107176485
0.350628264,0.00011454857
0.243144104,0.00010537997
0.313830143,0.000112988724
0.299520757,0.000110902874
0.458715447,0.00012283857
0.369617066,0.00011769513
0.403398814,0.000119457465
0.407375829,0.000119406526
0.353376345,0.00011574836
0.438189988,0.00012128722
0.35409935,0.00011741338
0.389322018,0.000118894204
0.41537078,0.000120403485
0.402392884,0.00012091915
0.438221144,0.00012199396
0.420278969,0.00012318032
0.338351177,0.00012054928
0.343744968,0.00012225339
0.387070155,0.00012354582
0.356739389,0.00012425917
0.354320484,0.000124697
0.372398434,0.00012762912
0.337635084,0.00011790948
0.373867693,0.00012131888
0.328260504,0.00011885887
0.360557688,0.00012778894
0.39273848,0.00012919899
0.390481981,0.00013004807
0.42254103,0.00013182318
0.442105783,0.00013205185
0.511961345,0.00013074378
0.347191347,0.00012187232
0.372656115,0.00012637263
0.352954049,0.00012432094
0.398944224,0.00013081254
0.497056788,0.00013169926
0.60504017,0.00012484708
0.47947996,0.00013216175
0.593803867,0.00012710167
0.689263198,0.00011599116
0.252428145,0.000103026105
0.211811723,9.468659e-05
0.206775817,9.735871e-05
0.174862444,8.9115914e-05
0.163356677,9.136047e-05
0.13978102,8.307339e-05
0.202051113,9.1805574e-05
0.248856067,0.0001004181
0.293197126,0.00010864068
0.231219731,9.735485e-05
0.270573349,0.000105900406
0.240395462,0.00010281303
0.373508611,0.00011718125
0.303352627,0.000110730616
0.332684221,0.00011342006
0.318583373,0.00011346878
0.279062366,0.000108543165
0.34747063,0.00011535249
0.257396795,0.000107790096
0.248010538,0.00010596872
0.244434686,0.000104367966
0.281628788,0.00011139111
0.281031962,0.00010990796
0.313664297,0.000114615126
0.304217031,0.00011539331
0.316222161,0.00011672439
0.286988771,0.000112485526
0.304715725,0.0001214669
0.256888267,0.000114358554
0.210992342,0.00010723661
0.31600672,0.00011856445
0.27768065,0.0001125642
0.321201265,0.00011707519
0.253250707,0.00010692994
0.286625258,0.000112161455
0.241012812,0.00010663604
0.311576912,0.00012350264
0.314922032,0.00012501387
0.331053746,0.00012649586
0.389768711,0.0001296499
0.393773254,0.00013024634
0.477033845,0.00013217916
0.235306904,0.00011637854
0.201268384,0.00011087896
0.257164026,0.00011901094
0.367412668,0.0001281168
0.457138145,0.00013202461
0.556158101,0.00013024012
0.434331918,0.00013157543
0.537099399,0.00013110854
0.631135371,0.0001253044
0.120053526,8.282285e-05
0.170042057,8.810857e-05
0.186263503,9.354909e-05
0.117687434,7.9257836e-05
0.127950494,8.435951e-05
0.095796518,7.4706986e-05
0.14451985,8.846604e-05
0.115641959,8.3823325e-05
0.093385334,7.9657446e-05
0.169734782,9.288151e-05
0.144672587,8.848623e-05
0.201635997,9.781662e-05
0.220689844,0.00010162903
0.180763488,9.503498e-05
0.208739233,9.958368e-05
0.213055056,0.00010068907
0.190385779,0.00010038139
0.171545118,9.414801e-05
0.143953351,9.2501235e-05
0.148924866,9.026575e-05
0.149903443,8.90354e-05
0.151821926,9.7323595e-05
0.164738296,9.525905e-05
0.167426317,0.00010231405
0.187004131,0.000106467385
0.162574184,0.00010556077
0.169179017,0.00010595201
0.216331562,0.0001123138
0.193181849,0.000110977875
0.264328938,0.00011811461
0.154070414,9.634103e-05
0.144955692,0.00010108412
0.166137115,0.00010096084
0.302192011,0.00012358933
0.304839699,0.00012303796
0.310218262,0.00012305051
0.364262513,0.00012882224
0.364439942,0.00012830606
0.438309364,0.00013181308
0.217763545,0.00011135075
0.256095814,0.00011738491
0.252731537,0.00011726726
0.337797914,0.0001282835
0.412378556,0.00013160557
0.49024094,0.0001318832
0.383340097,0.00013144493
0.465302898,0.00013199454
0.534766479,0.00012953111
0.05861326,7.1154565e-05
0.055860089,7.327738e-05
0.095222678,7.537281e-05
0.078268099,7.7221295e-05
0.114539459,8.16325e-05
0.030028135,6.6870445e-05
0.123108959,7.9988626e-05
0.111041609,7.60151e-05
0.097889838,7.262939e-05
0.128539495,8.187917e-05
0.114870765,7.841244e-05
0.132681488,8.480011e-05
0.146303222,8.807558e-05
0.135563817,8.39053e-05
0.138602867,8.596006e-05
0.168971771,9.3138704e-05
0.149168524,8.782805e-05
0.13433523,8.3514606e-05
0.164662581,9.212583e-05
0.148961057,8.760328e-05
0.153682456,9.1972644e-05
0.167521682,9.6422336e-05
0.183881665,0.00010178898
0.176830603,9.732359e-05
0.221078491,0.000110188885
0.213508677,0.00010813008
0.199075009,0.000106920066
0.238813885,0.00011481298
0.227493395,0.00011270211
0.261502029,0.000119347525
0.202103763,0.000103787774
0.185203625,9.8069846e-05
0.193734209,0.000102365186
0.27960304,0.00012586523
0.289763392,0.00012480098
0.290858577,0.0001240377
0.319172023,0.0001295865
0.324411085,0.00012885105
0.369945709,0.00013176946
0.241324294,0.00011540972
0.260777989,0.0001198833
0.258262118,0.00012082648
0.355256651,0.0001318336
0.306076241,0.00012963537
0.411149746,0.00013201115
0.360613159,0.00013177768
0.422708284,0.00013203992
0.469777648,0.00013022682
0.105014604,7.676157e-05
0.084230292,7.3992196e-05
0.093972884,7.2663235e-05
0.078867691,6.969273e-05
0.085584111,6.9197275e-05
0.067209724,6.5427674e-05
0.104066887,8.720993e-05
0.080125857,8.127516e-05
0.074118429,7.616052e-05
0.114655288,8.30284e-05
0.09318844,7.818648e-05
0.119168166,8.08079e-05
0.15340904,9.0752634e-05
0.133365977,8.876468e-05
0.134729973,8.525857e-05
0.209629657,0.00010919008
0.223211105,0.00011482497
0.24173435,0.00012060901
0.19408671,0.00010859704
0.202736016,0.00011465262
0.170440442,0.00010845
0.122280554,9.345988e-05
0.151534815,9.475423e-05
0.171410434,9.653567e-05
0.144636638,0.00010060725
0.171926578,0.000101635604
0.189632966,0.00010251385
0.367665705,0.00013217282
0.331225101,0.00013177856
0.319188351,0.00013084555
0.283350829,0.00012931123
0.274041004,0.00012759698
0.229889272,0.00012287624
0.223977541,0.00012530672
0.189535719,0.00011724972
0.399419896,0.00013156763
0.053978565,7.9755635e-05
0.063603798,7.500791e-05
0.054295938,8.618598e-05
0.065972431,8.0327e-05
0.077721354,8.648804e-05
0.047518535,7.6019714e-05
0.043940485,9.2492184e-05
0.064459572,9.197928e-05
0.092445456,9.196893e-05
0.057372254,9.9254925e-05
0.079139166,9.8422475e-05
0.113875403,9.929654e-05
0.136057717,0.0001073172
0.103529651,0.0001066414
0.169169043,0.000119773256
0.162743217,0.00011389131
0.224586517,0.00012757869
0.189370236,0.00012263464
0.256423308,0.00012939387
0.158978462,0.000119797456
0.117374018,0.00011328581
0.133090689,0.00011334846
0.277417254,0.00013157593
0.039123748,9.8893106e-05
0.158191819,0.0001220054
0.44800056,0.00013108704
0.438916709,0.0001310777
0.437352238,0.00013108026
0.441207042,0.00013109503
0.410232452,0.00013069753
0.410073663,0.0001307028
0.41555566,0.00013072348
0.378739354,0.00013027366
0.387533565,0.00013030133
0.361427075,0.00012983057
0.55184729,0.00013194252
0.529611699,0.00013188242
0.508683966,0.0001318222
0.493434034,0.000131764
0.55184729,0.0001317262
0.498974733,0.00013164591
0.476094198,0.00013156877
0.501031409,0.00013144051
0.461204112,0.00013134239
0.45908613,0.00012813034
0.439952403,0.000126914
0.41695099,0.00012535224
0.382459443,0.00012337214
0.417871148,0.00012753837
0.391275766,0.0001262241
0.362322733,0.00012453721
0.369099862,0.00012691402
0.342554494,0.0001255075
0.323154724,0.00012625687
0.449948564,0.00012678374
0.389198346,0.00012496834
0.321761449,0.00012257296
0.27012552,0.000119532146
0.432222805,0.00012573146
0.360062,0.00012369199
0.2898548,0.000121042525
0.394853081,0.00012459347
0.330520271,0.000122324
0.318465737,0.00011433769
0.318465737,0.00011629101
0.295673157,0.000118025244
0.335384439,0.00011785049
0.320859866,0.00011951885
0.305215339,0.000120956814
0.346180034,0.00012097374
0.331774221,0.00012233686
0.357816779,0.00012366462
0.378156836,0.000119252174
0.368219031,0.00011646162
0.333805179,0.00011343252
0.309327799,0.00011021794
0.362343197,0.00011766258
0.347604565,0.00011460542
0.309327799,0.00011131262
0.344185045,0.00011602214
0.339967335,0.00011270043
0.358790917,0.00012833579
0.345251074,0.00012877143
0.344888627,0.00012927943
0.376045066,0.0001290991
0.371064586,0.00012952457
0.380263767,0.00013000066
0.394907028,0.00012979224
0.393274637,0.0001301955
0.414725978,0.00013040895
0.431595967,0.00012975628
0.42090647,0.00012903156
0.404241541,0.0001282372
0.387838977,0.00012737486
0.411388366,0.00012930308
0.398490535,0.0001284811
0.388102706,0.00012759151
0.384789057,0.00012882617
0.369949535,0.00012789623
0.345051676,0.00012680315
0.386727382,0.0001271428
0.389114106,0.00012774994
0.406119486,0.0001281039
0.41561741,0.00012833485
0.441449052,0.0001289629
0.44596389,0.00012919276
0.465353537,0.00012994597
0.619105594,0.00013213824
0.575157248,0.0001321695
0.532171351,0.00013217931
0.506693203,0.000132171
0.604475462,0.00013217914
0.558372515,0.00013216345
0.518246661,0.0001321262
0.590815326,0.00013211818
0.54280764,0.00013204846
0.387974223,0.00011850043
0.370919126,0.00011497865
0.352492039,0.00011120133
0.303032287,0.00010727768
0.3691898,0.00011586781
0.343578652,0.00011212677
0.320953126,0.00010819095
0.341667512,0.00011309755
0.312338925,0.00010917576
0.200458843,0.000103045895
0.220100356,0.00010586951
0.243070121,0.00010865383
0.263326853,0.00011138121
0.200242773,0.00010256115
0.228084057,0.00010534595
0.25311672,0.00010809313
0.207816078,0.0001020679
0.236850344,0.00010481334
0.219777709,0.000101567144
0.577519563,0.00013175678
0.594795081,0.00013194063
0.606772499,0.0001320639
0.634009019,0.00013161237
0.656714811,0.00013180751
0.667135684,0.00013195147
0.699643638,0.00013143492
0.714168863,0.00013163629
0.742841903,0.00013122018
0.410114332,0.00011739072
0.373210395,0.00011323236
0.318741312,0.000108892826
0.255707415,0.000104509294
0.385634346,0.00011416414
0.334118298,0.00010974411
0.262828512,0.000105228544
0.348940526,0.00011077733
0.275425111,0.00010615434
0.279243639,0.000107807195
0.295565193,0.00011104086
0.31155787,0.00011417745
0.234472736,0.00010403876
0.248417706,0.000107279106
0.259066259,0.00011046136
0.210789836,0.00010354956
0.227546466,0.000106729596
0.210028916,0.00010185043
0.210028916,0.00010153263
0.219777709,0.00010143574
0.240279267,0.00010463625
0.242977488,0.000104465464
0.2470449,0.0001045177
0.275313408,0.00010744612
0.275929911,0.00010742431
0.296586894,0.000110269124
0.565425091,0.00013027624
0.653777777,0.00013066191
0.730445821,0.00013097166
0.612722785,0.00012998653
0.714740754,0.00013032192
0.795428593,0.0001306007
0.673868283,0.00012965398
0.697324222,0.00012993428
0.675090664,0.0001292838
0.241968121,0.00010328542
0.232273493,0.000102830876
0.211614007,0.000102352205
0.26826312,0.00010601215
0.255899191,0.000105602
0.245453806,0.00010516647
0.292949496,0.00010876289
0.285821007,0.00010840202
0.315803393,0.00011153024
0.530029399,0.00012838661
0.588574788,0.00012876821
0.66895307,0.0001290607
0.578376527,0.00012827685
0.656939205,0.00012849589
0.681516978,0.0001286605
0.649252104,0.00012812133
0.657163758,0.00012819594
0.625064721,0.00012793268
0.34840222,0.0001132372
0.329294498,0.00011053337
0.306731346,0.00010785971
0.284035456,0.00010521793
0.317367855,0.00011008178
0.296865393,0.00010728562
0.273892837,0.00010452879
0.286874294,0.000106754145
0.264385461,0.0001038809
0.325125069,0.00011530921
0.307720895,0.00011284848
0.271405782,0.00011042661
0.2169507,0.00010803762
0.325914009,0.00011218272
0.299692408,0.00010959328
0.238898449,0.00010704486
0.316105249,0.000108811124
0.273531402,0.00010609678
0.313866189,0.000115801486
0.297934243,0.00011395673
0.282023375,0.0001121285
0.272535415,0.000110309986
0.285662249,0.00011340677
0.266461895,0.00011150208
0.24206944,0.00010961202
0.256234566,0.000110818306
0.221881721,0.00010885237
0.557780027,0.00012793309
0.601874024,0.00012798516
0.639440158,0.00012797998
0.600132745,0.00012820675
0.665924287,0.0001280572
0.661433958,0.00012788134
0.68193702,0.00012833488
0.675315319,0.00012801956
0.696333057,0.0001283049
0.327571739,0.00011566345
0.317110791,0.0001142952
0.307018603,0.000112923066
0.300468768,0.00011154302
0.309186352,0.000113998925
0.299049471,0.000112590074
0.289234126,0.000111174886
0.290723933,0.000112215916
0.280995429,0.000110763336
0.343384866,0.0001154442
0.336146246,0.00011457539
0.320519703,0.00011370925
0.299505985,0.000112843794
0.325020219,0.00011421249
0.313482626,0.00011326511
0.305587147,0.00011231811
0.310817161,0.00011291334
0.300468768,0.00011188006
0.519585634,0.00012950566
0.57278428,0.00012914385
0.667648948,0.00012873998
0.558947039,0.00012975889
0.640471486,0.00012924407
0.666478109,0.00012868863
0.613882481,0.00012977877
0.653728287,0.00012912753
0.631146983,0.00012958879
0.326708881,0.00011445279
0.368134742,0.000115972216
0.393594849,0.00011741143
0.299505985,0.00011342676
0.338955352,0.00011495742
0.381793672,0.00011640397
0.318170801,0.00011394672
0.346952275,0.00011540293
0.318170801,0.00011440523
0.528975149,0.00013137644
0.555046485,0.0001308869
0.599528722,0.0001302857
0.550941271,0.0001313605
0.591720435,0.00013077234
0.614865958,0.00013004763
0.545371089,0.00013119748
0.614865958,0.00013048126
0.523066798,0.00013086913
0.352499799,0.0001160334
0.352499799,0.00011554702
0.34967382,0.000115004
0.372343933,0.00011715353
0.374661775,0.000116697054
0.370367335,0.00011619054
0.39963643,0.00011827809
0.406296869,0.00011785222
0.425996003,0.00011941118
0.505795176,0.00013216521
0.533321589,0.00013196393
0.546868794,0.00013152655
0.542043815,0.00013211685
0.607782211,0.00013178877
0.574236577,0.00013119295
0.585677563,0.00013196174
0.602701821,0.00013143463
0.586314452,0.00013158449
0.391791073,0.00012110695
0.363610904,0.00011977497
0.32344258,0.00011845205
0.253571419,0.00011713442
0.379358554,0.000119516844
0.34487835,0.00011821991
0.285630085,0.00011692815
0.361690162,0.000117838856
0.327885142,0.00011656692
0.583264649,0.00012983539
0.638215286,0.00012883602
0.70315008,0.00012770634
0.731806547,0.00012647152
0.620145779,0.00012607318
0.683657714,0.00012466841
0.714134325,0.0001232079
0.674751997,0.000120054945
0.714751157,0.00011839588
0.716007414,0.00011170065
0.521272384,0.00013201298
0.531753876,0.00013217922
0.568515114,0.00013203366
0.561511099,0.00013217339
0.593068769,0.00013206685
0.596847637,0.00013162804
0.6084002,0.00013202934
0.624519348,0.00013152907
0.629324435,0.00013118396
0.56387899,0.00013216492
0.59939638,0.00013211339
0.625779967,0.00013178142
0.635331186,0.00013187427
0.676622271,0.00013131593
0.688773162,0.00013049986
0.709714943,0.00013023744
0.735341768,0.0001291149
0.620456167,0.000116173156
0.648747498,0.000114634495
0.684366155,0.00011314102
0.664475894,0.00010855084
0.688570811,0.00010693116
0.716464604,0.000105404826
0.711600721,9.968196e-05
0.738795721,9.8078504e-05
0.763169607,8.989321e-05
0.763169607,8.29325e-05
0.791024751,7.6188226e-05
0.803982955,6.9806076e-05
0.73728695,9.233259e-05
0.758581903,8.570132e-05
0.778837803,7.9274476e-05
0.722042759,9.486411e-05
0.744773678,8.8594454e-05
0.706586511,9.7477234e-05
0.373408888,0.00012208665
0.345238396,0.00012024756
0.31036421,0.000118427284
0.285304506,0.00011662817
0.345596154,0.00012046414
0.29808068,0.00011867891
0.264687193,0.00011690705
0.307332719,0.00011883229
0.241146464,0.00011708501
0.803982955,6.337104e-05
0.825403865,5.699936e-05
0.855028558,5.0824536e-05
0.785598586,7.534828e-05
0.802161368,6.89348e-05
0.823679056,6.249505e-05
0.764280119,8.115942e-05
0.786738644,7.485153e-05
0.741936618,8.716795e-05
0.388892033,0.00012265588
0.379799566,0.0001201556
0.365201811,0.00011773688
0.346760925,0.0001154214
0.3728826,0.00012048704
0.348164632,0.00011813875
0.321638626,0.00011586023
0.34672317,0.00011850768
0.305337299,0.0001162827
0.89295425,4.2900923e-05
0.925530133,3.620054e-05
0.948967985,3.0729003e-05
0.85260248,5.722913e-05
0.884228697,4.9106384e-05
0.90968414,4.2090716e-05
0.852116685,6.44575e-05
0.877689885,5.630562e-05
0.844094217,7.24561e-05
0.413176562,0.00011415919
0.41343619,0.000116080024
0.412573946,0.0001182385
0.419097473,0.000120664336
0.405800566,0.00011400985
0.401440057,0.00011603296
0.404678521,0.00011830351
0.378080469,0.000114016635
0.384999565,0.00011615582
0.347530448,0.00011419604
0.406271003,0.00012185106
0.401739266,0.00011907752
0.406381644,0.00011651223
0.395372295,0.00011941662
0.384865723,0.000116879004
0.402630306,0.00011451897
0.372041938,0.00011729709
0.362542079,0.00011495467
0.954612802,1.7548842e-05
0.944160089,2.5611858e-05
0.921169612,3.755009e-05
0.892332789,5.3794203e-05
0.947340906,2.0745925e-05
0.933188357,3.0435867e-05
0.908075015,4.4320102e-05
0.945323566,2.5033438e-05
0.92631539,3.6710928e-05
0.367408951,0.00011597552
0.389958936,0.00011791082
0.403703301,0.00011999995
0.339801317,0.000114261275
0.355129203,0.00011608513
0.377735477,0.000118055475
0.325339105,0.00011438098
0.340491338,0.00011624989
0.308606206,0.00011455274
0.913608648,3.972196e-05
0.939610857,2.967073e-05
0.955293867,2.2528322e-05
0.954732899,2.6037613e-05
0.97085126,1.9357083e-05
0.971879816,1.4863825e-05
0.979003633,1.7070119e-05
0.986953538,1.2932186e-05
0.983412893,1.1530167e-05
0.962214183,2.6487984e-05
0.975465926,1.9504372e-05
0.981679903,1.4753176e-05
0.982361347,1.8382863e-05
0.986480044,1.3709945e-05
0.9874,1.0610566e-05
0.982142236,1.2937054e-05
0.98252363,9.905183e-06
0.981827828,9.36068e-06
0.97821461,9.0357025e-06
0.957698358,8.763977e-06
0.951418326,8.535199e-06
0.981072679,1.1989326e-05
0.979395246,1.1661425e-05
0.97003598,1.1407248e-05
0.981961796,1.5860727e-05
0.984157699,1.5578646e-05
0.978082902,2.1564963e-05
0.245753244,0.000116433264
0.252022629,0.00011561648
0.283054045,0.00011498979
0.300803486,0.00011778595
0.308018242,0.00011703035
0.32188947,0.00011646733
0.334144381,0.00011917499
0.343777989,0.00011849923
0.361758294,0.00012062861
0.937509523,8.093956e-06
0.966128389,1.04717365e-05
0.97769705,1.3794487e-05
0.982962938,1.8415334e-05
0.953351934,8.246231e-06
0.96941817,1.0603147e-05
0.979280715,1.3878546e-05
0.951418326,8.392413e-06
0.966794229,1.0729679e-05
0.383780952,0.00012299487
0.369267377,0.000121866
0.350109689,0.00012074558
0.332093614,0.000119594064
0.351746687,0.000120799705
0.329017063,0.00011968298
0.302200534,0.000118562355
0.305423959,0.00011859398
0.275434021,0.00011749664
0.932537505,7.761486e-06
0.913648826,7.3832025e-06
0.904892449,6.963783e-06
0.949649521,9.881498e-06
0.936630159,9.463452e-06
0.927451559,8.984035e-06
0.959897676,1.2339952e-05
0.950750518,1.1802879e-05
0.971114937,1.5738951e-05
0.372918659,0.00012209507
0.361283652,0.00012126353
0.345024977,0.00012041592
0.382354128,0.00012333057
0.374277496,0.00012251668
0.362743324,0.0001216889
0.395575967,0.0001244619
0.389283683,0.00012368149
0.411202707,0.0001255148
0.950553558,1.3484665e-05
0.937252689,1.0587705e-05
0.920834552,8.491305e-06
0.929180482,1.0163142e-05
0.913430997,8.035173e-06
0.897117928,6.5114073e-06
0.902378782,7.72661e-06
0.897117928,6.1721535e-06
0.882556971,5.9378863e-06
0.403090279,0.00012648587
0.398099427,0.00012580593
0.390921428,0.00012503841
0.378478684,0.0001241913
0.394800364,0.00012518828
0.389207275,0.00012443193
0.388188578,0.00012359623
0.383738954,0.0001237188
0.380485388,0.00012287778
0.88825893,5.9071162e-06
0.921208541,5.9927092e-06
0.956057521,6.2246536e-06
0.908489324,9.061472e-06
0.901289788,9.317813e-06
0.927492,9.8110295e-06
0.940915434,1.4742536e-05
0.927230255,1.5667014e-05
0.954909463,2.4921997e-05
0.376710033,0.00012791158
0.367529597,0.00012674155
0.36978278,0.0001252955
0.383711567,0.00012360977
0.377978046,0.0001268719
0.365327328,0.00012571593
0.356416955,0.00012434977
0.38063179,0.00012563818
0.367797409,0.0001245251
0.95770845,3.9551218e-05
0.957188121,2.1234864e-05
0.954873906,1.1153738e-05
0.974642089,2.3941337e-05
0.974530598,1.2348911e-05
0.973980769,6.59719e-06
0.947773156,1.3901868e-05
0.931917073,7.15486e-06
0.891270374,7.939121e-06
0.409615705,0.00012645496
0.406557564,0.00012349208
0.417251453,0.0001200991
0.417946386,0.00011633333
0.397893039,0.00012538722
0.416179473,0.00012247107
0.418183442,0.000119090524
0.397397412,0.00012448312
0.408709216,0.000121724755
0.901588497,5.9310623e-05
0.922711586,3.3885637e-05
0.895971391,1.6887521e-05
0.895265689,3.7817783e-05
0.855984063,1.9694206e-05
0.860986842,9.222706e-06
0.860506318,2.2694592e-05
0.856200689,1.0852907e-05
0.897675074,1.2826875e-05
0.471218351,0.0001245895
0.457483501,0.00012085114
0.434777742,0.000116908144
0.402307211,0.00011264948
0.452445405,0.00012137011
0.484216194,0.00011720615
0.488557121,0.000112753005
0.4431881,0.00011853679
0.483026991,0.00011387962
0.880493346,6.570421e-05
0.928042426,4.2467553e-05
0.854153072,2.4804078e-05
0.944309227,4.7739075e-05
0.859920172,2.8777307e-05
0.940285695,1.5284697e-05
0.866001541,3.371105e-05
0.958834282,1.842747e-05
0.966498492,2.2480634e-05
0.483549652,0.00012536847
0.449144634,0.0001218703
0.420995752,0.00011789942
0.421323594,0.00011353626
0.420361491,0.00012170185
0.415257328,0.00011774832
0.420320684,0.0001134027
0.395624938,0.00011740267
0.408151068,0.000113015536
0.919218626,7.198381e-05
0.965455388,5.2209612e-05
0.883070623,3.570809e-05
0.944920344,5.925152e-05
0.879324555,4.1397543e-05
0.959806411,2.672622e-05
0.882444379,4.795467e-05
0.946238916,3.1866766e-05
0.963998914,3.7780334e-05
0.43055456,0.00012448263
0.412329567,0.000120556695
0.441334816,0.00011610284
0.455760774,0.00011126986
0.433982748,0.00012141244
0.42526277,0.00011716644
0.440051867,0.000112522466
0.423856314,0.00011777286
0.425912477,0.00011326801
0.822018373,8.479076e-05
0.919910567,6.7395966e-05
0.888364298,5.1637693e-05
0.848070909,7.375457e-05
0.889328084,5.727772e-05
0.918488992,4.2589425e-05
0.887149231,6.3241816e-05
0.89239613,4.7696485e-05
0.901197278,5.306332e-05
0.399726268,0.00012038519
0.362217661,0.00011551909
0.365759701,0.000110313886
0.360804622,0.000104935774
0.417945845,0.0001175831
0.41214723,0.00011262082
0.392413704,0.000107384476
0.455781873,0.00011456904
0.446689134,0.00010954003
0.724786444,9.2825394e-05
0.808592615,7.8987054e-05
0.879454978,6.5596825e-05
0.790153111,8.392603e-05
0.864128242,7.022226e-05
0.901197278,5.720186e-05
0.844204179,7.4808486e-05
0.907783094,6.132751e-05
0.885477232,6.534393e-05
0.332834672,0.000113306465
0.324529433,0.00010842106
0.355905362,0.000103691586
0.395769563,9.926439e-05
0.325822475,0.00011043197
0.348981003,0.00010550227
0.388719832,0.00010067435
0.336180384,0.00010767433
0.359376473,0.000102703176
0.734610061,9.5637406e-05
0.792227727,8.5523156e-05
0.838569195,7.533297e-05
0.785037932,8.768942e-05
0.830663047,7.7701814e-05
0.875870507,6.7827365e-05
0.828714876,7.917706e-05
0.873096875,6.9464324e-05
0.887120943,7.013081e-05
0.347934219,0.00010246433
0.315535968,0.00010587887
0.318331402,0.00010960407
0.38215488,9.910192e-05
0.340694002,0.000102793645
0.321792278,0.000106819505
0.396071325,0.00010046926
0.363240101,0.00010487024
0.413489944,0.00010407851
0.754934347,9.5553616e-05
0.798212495,8.718835e-05
0.840349443,7.865099e-05
0.790328949,8.889411e-05
0.840161065,7.97419e-05
0.887120943,7.057039e-05
0.827530121,8.1571896e-05
0.887120943,7.171987e-05
0.830435027,7.365245e-05
0.443376863,0.00012308816
0.42435082,0.00011554797
0.419959762,0.00010892838
0.42327489,0.00011988136
0.407711364,0.000113123024
0.393460767,0.00010783339
0.39860608,0.000117505755
0.379864096,0.00011183359
0.368436407,0.00011607887
0.830435027,7.689831e-05
0.771622451,8.116584e-05
0.720284426,8.653682e-05
0.801832823,8.636526e-05
0.772320934,9.047579e-05
0.740876926,9.549886e-05
0.742028094,9.854259e-05
0.713632567,0.00010316029
0.687698439,0.000109536464
0.446860586,0.00012872033
0.471842332,0.00013094988
0.495191417,0.00013213302
0.514037519,0.00013150547
0.443328567,0.0001269301
0.464499351,0.00012985306
0.483125193,0.00013182734
0.441346453,0.00012502886
0.457104601,0.00012860206
0.624306263,0.000120384946
0.669012156,0.00011112512
0.714300318,9.962306e-05
0.631923738,0.0001182108
0.677839573,0.00010740369
0.720284426,9.416242e-05
0.638852752,0.000115335315
0.647951261,0.00010268283
0.647951261,0.00011162825
0.525572421,0.00013172005
0.564810275,0.00012863257
0.604625344,0.000122060475
0.522777175,0.00013174761
0.559827184,0.0001282913
0.578823858,0.000120633485
0.518786369,0.00013168294
0.578823858,0.0001275785
0.459375087,0.00013135317
0.456918759,0.00013134259
0.47756799,0.00013157638
0.467119119,0.00012734685
0.449750822,0.00012638929
0.46865754,0.00012779051
0.403074988,0.00012710605
0.362456691,0.00012505578
0.317453299,0.00012253631
0.41425361,0.000127011
0.374267053,0.00012501814
0.42920869,0.00012690379
0.351075601,0.00012501345
0.332870293,0.00012380288
0.375379438,0.00012615585
0.372168136,0.00012087525
0.354239338,0.000119391036
0.365119471,0.00012234933
0.454865335,0.00013127431
0.47066214,0.00013150698
0.486566237,0.00013170521
0.464966703,0.00013144458
0.479020508,0.0001316513
0.470451462,0.00013160359
0.427506822,0.00013086949
0.41704403,0.00013063906
0.403607889,0.0001304599
0.451306385,0.00013127337
0.432915424,0.00013087342
0.441789237,0.0001310766
0.418685655,0.0001301878
0.423155777,0.00012997113
0.402777675,0.000129543
0.458428826,0.00012896869
0.426636238,0.00012837989
0.465348446,0.00012954551
0.447938251,0.00012985917
0.459573784,0.0001299328
0.435624824,0.00012913843
0.475383603,0.00013204553
0.473464856,0.00013193299
0.472198663,0.00013178545
0.482842906,0.00013196508
0.480331278,0.00013182595
0.489212149,0.0001318704
0.466902002,0.00013205419
0.46199084,0.00013206496
0.457565664,0.0001320772
0.466169809,0.00013194514
0.460320629,0.00013196007
0.464484402,0.00013180151
0.496087409,0.0001319702
0.511128404,0.00013200926
0.49937779,0.0001321048
0.483280782,0.00013210332
0.490619641,0.00013204342
0.492782213,0.00013214533
0.412690207,0.00012799863
0.426578018,0.00012881517
0.437115242,0.00012955209
0.39201417,0.00012715746
0.407712846,0.00012808056
0.373237077,0.00012613519
0.469923843,0.00012836626
0.47632896,0.00012874129
0.4756621,0.00012902547
0.481848058,0.00012959911
0.486422928,0.00012983047
0.487766075,0.00013053569
0.481842093,0.00012975073
0.482542049,0.00013024434
0.498384911,0.00013044238
0.445952205,0.00012866918
0.476085857,0.00012977349
0.451985845,0.00012938194
0.475284447,0.0001303388
0.455535339,0.00013002138
0.462270908,0.00012852391
0.387660694,0.00012178733
0.384877931,0.00012320267
0.37871067,0.00012446163
0.39874739,0.00012404457
0.396251014,0.0001252439
0.412701186,0.00012600757
0.415354184,0.00012750662
0.396540906,0.00012683247
0.42050992,0.00012867349
0.383259964,0.000118995165
0.384638437,0.00011874333
0.368244972,0.000116158335
0.395692753,0.000121589714
0.404641909,0.00012390767
0.397121051,0.000121392106
0.460676865,0.00013046745
0.44838839,0.00012935483
0.428932102,0.0001278793
0.454232269,0.00013017876
0.436245212,0.00012901961
0.445000363,0.00012987336
0.435045345,0.00013050209
0.435327534,0.00013112875
0.440157139,0.00013162212
0.448189808,0.00013058932
0.448740402,0.00013120016
0.461832549,0.00013065654
0.430960512,0.00013068748
0.431368483,0.00013087082
0.433178574,0.00013127884
0.450437904,0.00013196417
0.438869357,0.00013181176
0.450985671,0.00013180151
0.439127551,0.00013160497
0.453039496,0.000131597
0.441942971,0.00013126727
0.471393959,0.00013173066
0.480051686,0.00013126917
0.476217733,0.00013066946
0.463053101,0.00013171327
0.462442583,0.00013125177
0.451368976,0.00013167279
0.485258156,0.00013148971
0.49380567,0.00013111843
0.497402636,0.00013093562
0.471322019,0.00013214017
0.483953641,0.0001321669
0.496821058,0.00013217879
0.471939775,0.00013217842
0.489353211,0.00013217675
0.482632207,0.00013216064
0.460656105,0.00013215226
0.463985452,0.00013214591
0.468104732,0.0001321793
0.457323985,0.00013213936
0.465954127,0.00013217727
0.475729211,0.00013216848
0.460107108,0.00013217342
0.469936857,0.00013217356
0.465561979,0.00013217701
0.449065569,0.00013206244
0.453119204,0.0001321322
0.444847366,0.00013194549
0.527165942,0.00013215216
0.560822729,0.00013211701
0.556342922,0.000132009
0.513186883,0.0001320799
0.520034377,0.00013212417
0.545740566,0.00013194287
0.457009163,0.00013063775
0.469427478,0.00013091578
0.476428469,0.00013108873
0.469879746,0.00013139968
0.472092807,0.00013154196
0.47789952,0.00013188327
0.468265314,0.00013115151
0.462859538,0.00013090562
0.47385013,0.00013160236
0.458174171,0.00013212366
0.467232267,0.0001320862
0.475509862,0.00013201436
0.46249627,0.00013184942
0.466301703,0.00013173302
0.479577051,0.00013132965
0.463618269,0.00013190579
0.450996681,0.00013203632
0.473594177,0.0001316886
0.383165099,0.00011454719
0.395053912,0.000118099044
0.409526603,0.000117726406
0.356143823,0.00011520911
0.33724408,0.000112106296
0.395140617,0.00011628557
0.24771703,0.00011224255
0.23364547,0.00010951666
0.267450739,0.00011317721
0.408308145,0.00012233885
0.421639304,0.00012559627
0.432562969,0.00012820137
0.415819423,0.0001220359
0.425779205,0.00012539899
0.425121405,0.00012174464
0.425484418,0.00012676227
0.430249499,0.00012749588
0.4147419,0.00012475722
0.453212416,0.00012990875
0.442213905,0.00012916203
0.440029661,0.00012853743
0.469940039,0.00013126242
0.478256817,0.00013180697
0.486015241,0.00013210821
0.462392388,0.00013088855
0.471250968,0.00013158837
0.45121232,0.00013036306
0.476410406,0.0001317151
0.482260828,0.0001319816
0.484709335,0.00013205536
0.350458824,0.00011978892
0.303415437,0.00011708043
0.280682823,0.00011426311
0.325420749,0.00011798976
0.279501555,0.000115159666
0.311365505,0.00011611513
0.289288699,0.000110592846
0.265392585,0.00010773369
0.277456757,0.00011096361
0.334565477,0.00011658925
0.321126424,0.00011449274
0.307525718,0.000112380876
0.31143579,0.00011490192
0.300054777,0.000112750095
0.287223817,0.00011316347
0.335518038,0.00011763519
0.305071342,0.00011597605
0.333456737,0.00011870494
0.458114927,0.00013204305
0.456833047,0.00013202398
0.451474356,0.00013199462
0.468087168,0.00013217499
0.466842896,0.00013216914
0.490962777,0.00013212232
0.46296244,0.00013217641
0.455105549,0.00013213503
0.476612324,0.00013216879
0.47104811,0.00013216684
0.482446767,0.00013214792
0.457428072,0.00013215386
0.498391331,0.00013201943
0.516697693,0.0001318608
0.540208592,0.00013166186
0.503525601,0.00013172987
0.507361265,0.00013150745
0.504080053,0.0001312806
0.483221933,0.000132049
0.490336414,0.0001320352
0.498351571,0.00013173974
0.488256705,0.00013199144
0.501886903,0.00013162164
0.501521588,0.00013192068
0.592393695,0.0001313418
0.655658104,0.00013117344
0.594780305,0.00013083554
0.541793065,0.00013119236
0.530941473,0.00013063037
0.502263838,0.00013095632
0.476390909,0.00013216923
0.501692109,0.00013197752
0.553409254,0.00013152513
0.483399434,0.0001321783
0.508536885,0.00013203346
0.489730008,0.00013217497
0.497934484,0.00013217569
0.529563579,0.00013189412
0.505089388,0.00013214641
0.480979728,0.00013209661
0.499959848,0.00013198031
0.519143197,0.00013177042
0.371447894,0.000118603944
0.414611088,0.0001195881
0.429699075,0.00012058309
0.43370422,0.00012261466
0.453809043,0.00012348448
0.462124592,0.00012603513
0.392920587,0.00012202579
0.376678264,0.00012035779
0.434195097,0.00012412963
0.438700456,0.00012446845
0.435593357,0.00012756296
0.45067683,0.00012683365
0.437419073,0.00012630784
0.417273342,0.00012435221
0.386578919,0.0001221684
0.444237227,0.00012620671
0.421684175,0.00012423247
0.45337781,0.00012611574
0.460931452,0.00012909206
0.448055376,0.00012959576
0.443084808,0.0001300136
0.46449236,0.0001310471
0.458637235,0.00013127943
0.473896559,0.00013199537
0.47832114,0.00013209223
0.472917109,0.00013205704
0.462760095,0.00013146212
0.53942832,0.00013133258
0.496487857,0.00013189018
0.481914884,0.00013217126
0.506200401,0.00013190182
0.482630838,0.00013216423
0.494578775,0.00013216217
0.553397956,0.0001313235
0.5267489,0.00013187306
0.56297967,0.00013139438
0.362704154,0.00011888423
0.364703661,0.00011990647
0.370100778,0.00012093997
0.386859664,0.0001210685
0.389991812,0.00012205165
0.402467432,0.00012311844
0.425966322,0.00012529086
0.416933144,0.00012422276
0.401256913,0.00012321841
0.301958645,0.000110660156
0.308933461,0.00011108154
0.276382002,0.00010790791
0.320249574,0.000113074544
0.342713725,0.00011577858
0.362358168,0.000118358024
0.326105884,0.000113422044
0.346027687,0.00011607938
0.329448336,0.000113796144
0.351728886,0.000117178686
0.357046458,0.00011776898
0.335152199,0.00011513455
0.371828213,0.00011942334
0.387386233,0.000121555786
0.375368555,0.00011996105
0.519225839,0.00013078781
0.553380192,0.00013013113
0.596791645,0.00012931858
0.525937519,0.00013122514
0.559220194,0.00013070634
0.52322133,0.00013165474
0.601932678,0.00013082796
0.552627797,0.00013127708
0.605932343,0.00013005103
0.525929184,0.00012842986
0.528020159,0.00012944413
0.513911045,0.00013043385
0.487139185,0.00012926925
0.492517204,0.00013014062
0.502537365,0.0001298663
0.590564541,0.00012878995
0.548649002,0.00012971662
0.572030191,0.00012851467
0.530678367,0.00012958764
0.589119035,0.00012934468
0.532417725,0.00012893639
0.510612886,0.00012844364
0.498005813,0.00012844564
0.498524148,0.00012912028
0.610281451,0.00013044337
0.639975538,0.00012938959
0.63956106,0.00012837791
0.654603737,0.00012880152
0.667642462,0.00012743118
0.68767097,0.00012660738
0.607390664,0.00013007781
0.615940735,0.00013021128
0.665619928,0.0001284511
0.486132318,0.00013138093
0.47441508,0.0001301533
0.466669654,0.00012836292
0.484187436,0.00013166235
0.470784286,0.00013065005
0.479443463,0.0001318625
0.462515643,0.00012852246
0.465178967,0.0001284412
0.476996203,0.00013022193
0.442924601,0.00012717073
0.446209005,0.00012797015
0.448116371,0.00012870347
0.431548376,0.00012622365
0.433377627,0.00012709433
0.418782688,0.00012522092
0.466544157,0.00012981654
0.46460298,0.0001292033
0.481706429,0.0001307121
0.503786951,0.00013217168
0.503131416,0.00013217708
0.500514438,0.00013215438
0.532101969,0.000131761
0.537124289,0.0001316395
0.579342256,0.00013048883
0.552187501,0.00013104799
0.57076852,0.00013076162
0.521474517,0.00013176403
0.618521956,0.00012952485
0.669782982,0.00012759063
0.628817097,0.00012896508
0.323780688,0.0001120679
0.33460947,0.00011263963
0.306059157,0.000109404675
0.406493014,0.00012455498
0.410831887,0.0001258775
0.415337304,0.00012707824
0.394268501,0.00012309798
0.399361794,0.00012452973
0.382370146,0.00012159796
0.435545033,0.00012818085
0.423810631,0.00012763626
0.420870906,0.00012648957
0.339260551,0.000114974566
0.360868386,0.00011822278
0.37890247,0.0001212341
0.348183923,0.000115420014
0.368124312,0.00011857107
0.361145283,0.00011589188
0.366345382,0.00011934808
0.372820376,0.00012030893
0.35184708,0.00011716536
0.390855921,0.0001232733
0.385851085,0.00012245287
0.402265584,0.00012524315
0.331719388,0.00011135396
0.34922254,0.00011392143
0.339211183,0.0001146162
0.28804762,0.00011311606
0.31293832,0.0001154467
0.305050575,0.00011561478
0.54978542,0.00012730072
0.5839487,0.00012585768
0.630529941,0.00012411363
0.595829929,0.00012730279
0.623141472,0.00012583913
0.627536806,0.00012764607
0.657803954,0.00012414582
0.678986892,0.00012502064
0.652578039,0.00012633877
0.511260165,0.00012789601
0.508845681,0.0001272086
0.519080458,0.0001262661
0.50585932,0.00012772114
0.518084883,0.0001267326
0.516466991,0.00012748384
0.599196749,0.00012463008
0.541587456,0.00012623191
0.550880958,0.00012543796
0.572603896,0.00012801228
0.545216764,0.00012782315
0.523829967,0.00012798264
0.510583714,0.00012698313
0.515577961,0.00012756982
0.528040252,0.00012753313
0.700655347,0.00012254361
0.685484791,0.0001256493
0.637181746,0.00012837352
0.706040764,0.00012388568
0.678919392,0.00012660243
0.698493529,0.00012525746
0.725469235,0.00011818108
0.715211454,0.00012082472
0.699784104,0.00012377823
0.696996603,0.0001202005
0.68771975,0.0001224668
0.667223955,0.00012221951
0.718605774,0.00012034338
0.718687573,0.0001220631
0.736366134,0.000118820084
0.463258221,0.00013044458
0.482063039,0.00013158821
0.503446507,0.00013212889
0.452030794,0.00013006167
0.471627555,0.00013135652
0.44034666,0.00012964354
0.493149476,0.00013173037
0.516578676,0.00013215886
0.549209356,0.0001313917
0.497443022,0.00013197989
0.529787214,0.00013204032
0.480368553,0.00013119938
0.611572168,0.00012612688
0.581171225,0.00012948751
0.545687999,0.00013162935
0.621991369,0.00012788027
0.576290727,0.00013058138
0.609069067,0.00012933534
0.674030577,0.00012345683
0.642851846,0.0001246764
0.652832472,0.0001266766
0.364707903,0.00011688896
0.368198872,0.0001202498
0.376320681,0.00012328319
0.355073958,0.00011742456
0.357515746,0.00012063559
0.340396633,0.000117963136
0.384524379,0.00012194638
0.382318671,0.00012263173
0.373514569,0.00011942553
0.398571449,0.00012466416
0.416920122,0.00012758203
0.436103368,0.00012987072
0.399913366,0.0001252
0.418139167,0.00012795659
0.398697924,0.00012570743
0.421452499,0.00012813947
0.429021087,0.00012907035
0.409920741,0.00012647756
0.44722277,0.00013037912
0.477616071,0.00013174997
0.451530868,0.00013098423
0.322667766,0.000115699084
0.303109211,0.00011397307
0.31845573,0.000115742696
0.338522431,0.00011551814
0.321567784,0.00011425466
0.33234701,0.000115590665
0.331499432,0.00011857263
0.355672384,0.000121506346
0.386160585,0.00012411085
0.330537016,0.00011858341
0.364910241,0.000121399025
0.340284791,0.0001186199
0.345873301,0.00012107793
0.367735926,0.00012356801
0.373429011,0.0001238465
0.340378902,0.00011786772
0.366394534,0.000119747696
0.389446427,0.00012145382
0.344315731,0.00011774188
0.369338662,0.00011955755
0.347931392,0.00011762848
0.390436706,0.00012227442
0.3682346,0.00012053574
0.39051908,0.00012315887
0.546245152,0.00012501137
0.59309865,0.00012337623
0.629502209,0.0001213353
0.609330109,0.0001237686
0.645495609,0.000121715755
0.653266414,0.00012268304
0.700669837,0.00011832227
0.676490346,0.000120581055
0.670701888,0.000119510834
0.51200908,0.00012777536
0.493583806,0.00012748377
0.507878182,0.00012701142
0.509303848,0.00012707083
0.511693828,0.00012638656
0.515902166,0.00012613408
0.581584669,0.00012350202
0.539458995,0.0001250019
0.537194287,0.00012545337
0.523580876,0.00012828904
0.580563148,0.00012861173
0.514780187,0.00012884178
0.488909422,0.00012819777
0.488987493,0.00012829369
0.493123358,0.00012900698
0.69652873,0.000119967066
0.720764027,0.00011781676
0.743764945,0.00011657325
0.698008166,0.00011727315
0.720176492,0.00011534254
0.701135953,0.00011459579
0.669684549,0.00012088296
0.679734808,0.000118114345
0.644932755,0.00012218425
0.729752873,0.00011591718
0.702062047,0.000116880954
0.659219038,0.000118856624
0.724632929,0.00011422494
0.683188966,0.00011610308
0.712144215,0.00011327058
0.719210894,0.00011244108
0.738367557,0.00011398943
0.728724999,0.00011200452
0.673864752,0.00011915195
0.646093704,0.000121724515
0.619508942,0.00012406413
0.690444529,0.00011708037
0.665471281,0.000119708646
0.694251802,0.00011553531
0.462617411,0.00013180806
0.485491569,0.00013215258
0.514865836,0.00013210671
0.48677313,0.00013207548
0.511785597,0.00013160087
0.518973169,0.00013061317
0.575352251,0.00012762874
0.544175358,0.000129197
0.54506982,0.00013065708
0.630762293,0.00012362354
0.573122661,0.00012765217
0.594480018,0.00012578371
0.398625133,0.00012638416
0.426756591,0.00012892987
0.449778868,0.00013081986
0.400250269,0.00012651038
0.429728461,0.00012894659
0.405581344,0.00012663075
0.438896892,0.00013023021
0.444229395,0.00013054581
0.422213277,0.00012847008
0.465500003,0.00013203213
0.462817902,0.00013193548
0.483170702,0.00013198653
0.359923641,0.000116803705
0.353144031,0.000116910815
0.347084993,0.00011701754
0.376067577,0.0001181314
0.368593527,0.000118271026
0.392174878,0.00011943057
0.387773179,0.000120076416
0.368185683,0.00011889929
0.387374237,0.00012074929
0.36029845,0.00011614826
0.377344256,0.00011680342
0.352013852,0.000115299226
0.377179386,0.00011745958
0.392932907,0.00011874178
0.394401716,0.0001180697
0.434357149,0.00012363671
0.422600483,0.00012226857
0.408713002,0.00012086682
0.416682605,0.00012297579
0.404932126,0.000121544916
0.401773187,0.00012224977
0.416908243,0.0001309096
0.411890635,0.00012913732
0.408499686,0.00012683244
0.433302491,0.00013088627
0.424234965,0.00012904796
0.446060618,0.0001308565
0.409313767,0.00012374549
0.404589463,0.00012462497
0.405603807,0.00012555301
0.418456982,0.00012588037
0.406336222,0.00012678585
0.416541019,0.00012783687
0.431516147,0.0001250444
0.420257077,0.00012442468
0.427167624,0.00012645328
0.396379686,0.00012999229
0.398458148,0.00012894806
0.401517746,0.00012797969
0.61465616,0.00012145132
0.573213884,0.0001240588
0.5339037,0.0001262355
0.596642589,0.00012219344
0.556911252,0.00012510129
0.574521887,0.00012352123
0.614455373,0.00011994216
0.665594457,0.000116262694
0.637091526,0.00011902648
0.505846619,0.00012790803
0.489823397,0.00012906066
0.485875289,0.00012978213
0.494692171,0.00012898775
0.47201616,0.00012998165
0.468658264,0.00013008456
0.533444405,0.00012659671
0.523311151,0.000127402
0.496565453,0.00012874904
0.502530467,0.00013020025
0.53996648,0.00013035083
0.503064249,0.00013084216
0.463577914,0.00013085602
0.466144998,0.00013056558
0.484158744,0.00013123667
0.709152957,0.00011310024
0.655641368,0.00011696603
0.594992903,0.000121224366
0.706390387,0.00011370957
0.636403807,0.000118367425
0.677427355,0.000115112074
0.723891345,0.00011039431
0.734477705,0.00010978776
0.735112654,0.00011000784
0.733168642,0.000108310924
0.760340334,0.00010718193
0.751695173,0.00010727117
0.709142506,0.000111893234
0.71934301,0.00011019137
0.722072999,0.0001094148
0.704111596,0.00011423696
0.709800828,0.000112722686
0.722146444,0.00011005361
0.672084164,0.00011904922
0.660722329,0.000119095654
0.640626877,0.00011928151
0.634476347,0.00012382775
0.610177544,0.00012414981
0.564837948,0.00012799772
0.695687748,0.00011382713
0.732768452,0.00010935853
0.689356024,0.000113573
0.438414189,0.00013194123
0.451301868,0.00013193907
0.459976149,0.00013193417
0.464319682,0.00013213666
0.468178035,0.00013213701
0.49091449,0.00013130157
0.494051435,0.00013106622
0.478309104,0.00013207273
0.507792927,0.0001308318
0.531632658,0.00012863024
0.544126468,0.00012828656
0.589781651,0.00012439956
0.417136742,0.00012046362
0.441862491,0.00012140487
0.440133986,0.0001222635
0.41956924,0.00011977079
0.436377197,0.00012070625
0.421546875,0.000119092474
0.443522392,0.00012317217
0.44239473,0.00012271522
0.433847646,0.000121832825
0.420248265,0.00011815874
0.42752625,0.00011882339
0.399215407,0.00011717156
0.433466332,0.0001197564
0.43804039,0.000121296725
0.434504864,0.000120347
0.441689915,0.00012477254
0.438488535,0.0001258289
0.436502534,0.00012681383
0.440508345,0.00012428641
0.435369314,0.00012532607
0.437399145,0.00012380556
0.438719473,0.0001261442
0.433159807,0.00012750151
0.439713049,0.00012716209
0.41618529,0.00013156881
0.432225194,0.00013199759
0.451873661,0.00013217618
0.398598649,0.00013084366
0.413665148,0.00013149912
0.407235545,0.00012993826
0.447139185,0.00013216629
0.482146348,0.0001318124
0.470765352,0.00013210566
0.442118274,0.00013055406
0.433363643,0.00012977744
0.424111806,0.00012887371
0.433662573,0.0001313618
0.419441656,0.00013072677
0.425743088,0.00013193181
0.442358015,0.00012942692
0.439907263,0.00012816135
0.438432842,0.00012852259
0.541546997,0.00012529465
0.497465414,0.00012820408
0.4720074,0.00013001543
0.505796798,0.00012730013
0.480982978,0.00012975838
0.503978774,0.00012923706
0.557920444,0.0001233617
0.53654517,0.00012582967
0.601544398,0.00012081273
0.52069453,0.00013171762
0.511631319,0.00013204495
0.519773154,0.00013178412
0.480860237,0.00013210732
0.490817167,0.00013196935
0.503756381,0.00013172948
0.490879293,0.00013216771
0.506119434,0.00013204794
0.491628516,0.00013217522
0.481536035,0.00013152944
0.477426903,0.00013173457
0.469364771,0.00013104212
0.478180145,0.00013107464
0.473451714,0.00013111856
0.474370128,0.0001318526
0.610129326,0.00012443816
0.633192529,0.0001209428
0.646199922,0.00011770529
0.579162176,0.00012665578
0.587748186,0.000123703
0.537362128,0.00012822225
0.703801489,0.00011183176
0.684525149,0.00011440256
0.671310527,0.00011781475
0.734208591,0.0001087315
0.718480201,0.00011108398
0.76407455,0.0001060519
0.781775815,0.000105090214
0.785853911,0.00010551828
0.756134646,0.000107275635
0.821583504,0.00010593866
0.792011915,0.00010591165
0.775279916,0.0001063482
0.838881504,0.00010352013
0.805959944,0.00010429352
0.812790311,0.000103593695
0.6866166,0.00011442246
0.737946468,0.00010931503
0.750678424,0.00010976847
0.510199324,0.00013138932
0.52246764,0.00013065088
0.52876476,0.00012970716
0.575242176,0.00012855066
0.575548914,0.00012718212
0.637103353,0.000123675
0.575137353,0.00012577148
0.628345173,0.00012055574
0.630936775,0.00012204445
0.701117006,0.000116922594
0.692552893,0.0001155269
0.766534086,0.00011054616
0.432567482,0.00012307247
0.424630122,0.00012380444
0.418379859,0.00012447
0.431442933,0.00012210241
0.42585538,0.00012282739
0.431159098,0.00012114567
0.428841596,0.00012456412
0.427337798,0.00012603623
0.420531302,0.0001252556
0.412046526,0.00012008346
0.402081032,0.00012064414
0.388678268,0.00011895706
0.422157554,0.00012173241
0.420875593,0.00012334606
0.413751419,0.0001222256
0.433303585,0.00012802027
0.428532999,0.0001291079
0.424283479,0.00013008114
0.420357624,0.0001272374
0.413325073,0.00012833827
0.410139759,0.00012643704
0.446612762,0.0001304128
0.437937744,0.00013025635
0.440754192,0.00012927699
0.453596502,0.00013180015
0.481653789,0.00013215673
0.526872055,0.00013110966
0.456048731,0.00013170934
0.481476246,0.00013217425
0.447386628,0.00013160447
0.456852916,0.00013214629
0.472967099,0.00013209885
0.504669692,0.00013176253
0.544959479,0.00013054343
0.622751037,0.00012673569
0.577101613,0.000129306
0.514254831,0.000132171
0.499872614,0.00013209884
0.49729002,0.00013216905
0.543348238,0.0001320615
0.537743607,0.00013199679
0.575979907,0.00013217887
0.601494461,0.0001315654
0.599629756,0.00013212052
0.653789585,0.0001309868
0.67371766,0.00011461224
0.708804728,0.00011083394
0.739334949,0.00010793932
0.663741213,0.000118186275
0.697994792,0.000114293885
0.641690349,0.00012155417
0.473905962,0.0001321643
0.464337748,0.00013217865
0.454996347,0.00013217935
0.474276953,0.00013189472
0.482282926,0.00013185873
0.499085943,0.00013085894
0.519687455,0.0001303194
0.491456765,0.00013166781
0.545432506,0.00012936971
0.459300562,0.00013149007
0.465428639,0.00013189428
0.473187168,0.00013213341
0.47401671,0.00013152962
0.480007433,0.00013196685
0.49588819,0.00013173686
0.472034927,0.00013212887
0.454769826,0.0001319382
0.472964242,0.00013216445
0.440617894,0.00013197488
0.45543894,0.00013208236
0.444028499,0.00013166612
0.516893159,0.00013145157
0.546713075,0.00012986845
0.577654534,0.00012744442
0.484586977,0.00013198392
0.515314466,0.0001310613
0.463118518,0.0001321542
0.609741855,0.00012512835
0.580864336,0.00012824894
0.631281965,0.00012217351
0.602343215,0.00012267781
0.588797953,0.00012711404
0.632958249,0.00012137059
0.675313909,0.00010451284
0.645022175,0.000110779365
0.692085718,0.00010207362
0.718063361,0.00010802663
0.765164318,0.00010356322
0.814245117,0.00010161051
0.752960555,0.00010548936
0.804413677,0.000102521044
0.787952747,0.000104003135
0.893319562,0.00010351587
0.847840971,0.00010253418
0.856339567,0.00010206557
0.705592694,0.000119613214
0.787201188,0.00011511255
0.837363435,0.000110694964
0.682934579,0.00012317667
0.749500493,0.00011883384
0.626329285,0.00012654245
0.790250497,0.00011256508
0.854615493,0.00010694392
0.886176156,0.000108525266
0.855287757,0.00010213363
0.871169373,0.00010510327
0.888902254,0.00010403776
0.41124796,0.00012535068
0.405498191,0.0001261438
0.397513131,0.00012687358
0.414975412,0.00012419588
0.411968032,0.00012495473
0.408558733,0.00012303531
0.402974373,0.00012726539
0.40373027,0.00012910106
0.394406607,0.0001280252
0.379459578,0.000121548066
0.371411125,0.00012186706
0.354493822,0.00012018539
0.39496544,0.00012341702
0.396489444,0.00012530832
0.382687559,0.00012370679
0.429041861,0.00013107069
0.448203735,0.00013181222
0.470013681,0.00013217096
0.407018798,0.00013020691
0.414639403,0.0001311603
0.391285407,0.00012918317
0.468477006,0.00013210638
0.513963802,0.00013174211
0.497447017,0.00013209836
0.526161492,0.00013119131
0.551166179,0.00013020582
0.569088191,0.00012894759
0.578186654,0.0001272607
0.602597184,0.0001253534
0.630715079,0.000120533194
0.702289249,0.00011687001
0.678079861,0.00012212923
0.78312215,0.00011352964
0.726719703,0.00010739756
0.74848887,0.000104250445
0.779581052,0.00010232905
0.700115744,0.000109475644
0.728618497,0.000105925836
0.683825405,0.00011192351
0.56562338,0.00013032806
0.572851929,0.00012771825
0.584397763,0.00012331792
0.549569074,0.0001307632
0.556811781,0.00012829775
0.53604999,0.00013113914
0.519999324,0.00013108831
0.542524035,0.00013162383
0.558864846,0.00013198945
0.54385555,0.00013205144
0.573182979,0.00013217589
0.565083736,0.00013192344
0.528579339,0.00013216851
0.524925005,0.00013184827
0.544756332,0.00013208757
0.537911259,0.00013162183
0.528528466,0.00013073088
0.499777308,0.00012991914
0.530662478,0.00013150391
0.525595278,0.00013084011
0.521341744,0.00013155633
0.500723392,0.00013114796
0.493942739,0.0001303726
0.472678304,0.00013093838
0.511806551,0.0001303378
0.503600514,0.00012994373
0.532423088,0.00013105993
0.599333085,0.0001257203
0.624874459,0.00012216004
0.647621984,0.00011832163
0.573763513,0.00012845753
0.604943373,0.00012558143
0.552117368,0.0001303506
0.643203665,0.00011963357
0.683586756,0.00011305023
0.663078487,0.00011562221
0.667235571,0.00011849469
0.688326768,0.00011443322
0.709034469,0.00011064607
0.639968448,0.000120988625
0.662650522,0.00011697817
0.619147933,0.0001234497
0.466037865,0.00012931874
0.431397616,0.00012933798
0.41239357,0.00013004555
0.459674514,0.00013012272
0.4278498,0.00013039268
0.451229081,0.00013092818
0.422796348,0.00013190543
0.431927444,0.00013134851
0.415222348,0.00013115168
0.453672903,0.00013215208
0.438712734,0.00013201489
0.417643215,0.00013131226
0.450109131,0.00013214361
0.471721092,0.00013215815
0.499229969,0.00013193455
0.426672737,0.00013152919
0.437938992,0.00013193466
0.413964235,0.00013067895
0.497611024,0.00013178552
0.552475802,0.00012974424
0.523298886,0.00013120507
0.672267227,0.00010442048
0.638162684,0.00011085859
0.605048026,0.00011662074
0.641315761,0.000110775065
0.608940831,0.0001164084
0.610946337,0.00011626423
0.56465143,0.00012383184
0.54380943,0.00012856767
0.572305218,0.00012356433
0.717820533,9.413133e-05
0.756066377,8.49088e-05
0.728953731,9.068868e-05
0.682873447,0.00010144176
0.694371991,9.8350676e-05
0.648589691,0.00010828836
0.527566718,0.00013105801
0.540415536,0.00012824529
0.571003375,0.00012314036
0.521648208,0.00013094454
0.547475073,0.00012788679
0.527372947,0.00013080322
0.726981168,0.00011171565
0.803381286,0.00010872901
0.841686903,0.00010642082
0.805996247,0.00010511594
0.839516732,0.00010340739
0.829523204,0.00010181303
0.782366055,0.000103194
0.815983269,0.000101326594
0.801286115,0.00010160465
0.829789889,0.000101288
0.825214019,0.00010123478
0.848695993,0.00010253235
0.383775952,0.00012768149
0.377820695,0.00012845697
0.387639475,0.0001292156
0.375333921,0.00012606196
0.375353144,0.00012678865
0.380668153,0.0001243826
0.387001248,0.00012995611
0.42689374,0.00013170978
0.407157158,0.0001306713
0.384141682,0.00012234315
0.386801584,0.00012252084
0.366746835,0.00012041032
0.389103168,0.00012468743
0.386917646,0.00012717585
0.394857467,0.00012495213
0.492095806,0.00013200719
0.521537298,0.00013121574
0.563856243,0.00012965253
0.456400516,0.00013211425
0.491216594,0.00013212468
0.431295212,0.00013141366
0.546945019,0.00012958683
0.604795326,0.00012396078
0.584684738,0.0001271067
0.729720697,0.00011140368
0.680114946,0.0001179659
0.624625945,0.00012467019
0.700279284,0.00011409443
0.64327886,0.00012097409
0.661369568,0.00011723356
0.767311914,0.000106784486
0.744928564,0.00010893326
0.804596692,0.00010362618
0.786246374,0.00010686783
0.809728753,0.00010322465
0.822472751,0.0001015261
0.774926995,0.00010677198
0.79999941,0.00010308146
0.751921635,0.00010696221
0.71243657,0.00011400225
0.757986013,0.00011002284
0.73315725,0.000110204855
0.516207717,0.00013216955
0.494724302,0.00013168139
0.466459407,0.0001302863
0.508850586,0.00013174581
0.487019626,0.00013048762
0.502566764,0.00013076702
0.502928968,0.00013216429
0.48616261,0.00013164815
0.509585595,0.00013216879
0.484312546,0.00012931801
0.464395407,0.00012760122
0.445165906,0.00012648305
0.474634831,0.0001287982
0.452844875,0.00012758443
0.467061959,0.00012877632
0.441561597,0.0001282651
0.431665435,0.00012729602
0.417950011,0.00012859354
0.458813279,0.00012824655
0.461296197,0.00012689902
0.476709752,0.00012874258
0.669599576,0.00012099588
0.721434782,0.00011585214
0.760846203,0.00011095289
0.671764234,0.00012009658
0.718898516,0.00011487528
0.672960092,0.00011926263
0.578791616,0.00012820598
0.526674228,0.0001311435
0.474640224,0.00013216336
0.550083055,0.00013011163
0.498885663,0.00013193418
0.516339654,0.00013137933
0.617469075,0.00012425754
0.598521465,0.00012636044
0.567829101,0.00012875623
0.614675759,0.00012488068
0.558368176,0.00012915152
0.61077596,0.00012552751
0.435050994,0.00012907339
0.417366238,0.00012921373
0.414672834,0.00012955384
0.428390915,0.00012739145
0.420999028,0.00012789234
0.428924946,0.0001264594
0.426978425,0.00013154167
0.416927875,0.00013048088
0.415606213,0.00013043148
0.44023346,0.0001318911
0.438071774,0.00013094273
0.462659099,0.00013213216
0.615069101,0.00011510549
0.655304911,0.00010631628
0.707268007,9.594584e-05
0.627502579,0.00011358843
0.673570721,0.00010437799
0.648670391,0.00011210866
0.598905039,0.00012109343
0.559965553,0.00012728485
0.585813626,0.00012212334
0.769032994,8.228241e-05
0.815046819,6.960683e-05
0.806804013,7.735256e-05
0.741122519,9.158762e-05
0.778929492,8.7138564e-05
0.711090386,0.000100657904
0.509532121,0.00013198372
0.490408395,0.00013212844
0.478690355,0.0001315151
0.485175424,0.0001319253
0.465748191,0.00013106175
0.461502223,0.0001306284
0.564064758,0.00012842522
0.552411242,0.00012935419
0.538104067,0.00013015362
0.588659337,0.00012450114
0.575480212,0.00012596254
0.61567692,0.000119027245
0.531529432,0.00013137388
0.502342492,0.00013217864
0.519546732,0.00013173686
0.762769515,0.00010695244
0.793542363,0.00010379197
0.8213297,0.00010201005
0.789884553,0.00010444402
0.812375607,0.00010265053
0.803739061,0.00010380323
0.814278126,0.000104593026
0.816827179,0.000103554434
0.827319075,0.00010229514
0.410275384,0.00012011967
0.39718887,0.00011805404
0.414873941,0.00012034468
0.41745654,0.00012098586
0.413936348,0.00011861469
0.409397208,0.00012139081
0.390156204,0.000119784214
0.401070629,0.00012239197
0.412815959,0.0001221122
0.410621781,0.0001257959
0.446668192,0.00012913592
0.486934428,0.00013177539
0.421024978,0.00012568342
0.438047368,0.00012917898
0.417064631,0.00012556349
0.419777145,0.00013018581
0.468674531,0.00013107696
0.416320177,0.00012813772
0.478790979,0.00013200058
0.542763213,0.0001314716
0.519561803,0.00013217145
0.699215416,0.000116651565
0.61341816,0.00012574709
0.545117409,0.00013141682
0.657654992,0.00012122634
0.580120607,0.0001292698
0.621105084,0.0001259563
0.720168719,0.000112871
0.7114235,0.000114627306
0.674455111,0.00011950467
0.754843758,0.00010836575
0.781660884,0.000105800646
0.752071824,0.0001101079
0.786371068,0.000108999666
0.782127875,0.00011156495
0.789507936,0.00011449493
0.811971337,0.00010655487
0.808725514,0.00010901895
0.809619592,0.0001053068
0.707671918,0.00011837508
0.747279743,0.000116164905
0.751498638,0.00011340908
0.418449826,0.00012598142
0.429943723,0.00012575419
0.443676994,0.00012595665
0.427981772,0.00012721826
0.442729269,0.00012684609
0.436081922,0.00012874135
0.455732447,0.00012961961
0.432555059,0.00012755439
0.437087082,0.00012909924
0.434170518,0.00012562588
0.442267458,0.00012658059
0.448974655,0.00012777727
0.424178376,0.0001255274
0.427208351,0.00012632684
0.432093792,0.00012583254
0.425400995,0.00012508483
0.423395598,0.00012533137
0.419090872,0.0001251815
0.634130625,0.00012474455
0.579787107,0.00012843985
0.530401591,0.00013095468
0.614842482,0.00012784681
0.563000993,0.0001305064
0.599497437,0.00013011551
0.679485859,0.00012239756
0.656483078,0.00012595355
0.721807211,0.000120286095
0.443539989,0.00012683465
0.437957714,0.00012857036
0.450325358,0.0001303843
0.453751506,0.00012806257
0.45020783,0.00012985677
0.458361623,0.00012938374
0.489048881,0.00013217848
0.459213596,0.00013130861
0.472570183,0.00013165957
0.538629322,0.00013202595
0.512651488,0.00013213072
0.487560616,0.00013187599
0.477738407,0.0001284055
0.454498488,0.00012736683
0.431632983,0.00012653494
0.476088314,0.00012946107
0.454625582,0.00012843091
0.47674145,0.00013056159
0.676256004,0.0001108255
0.74255043,9.890777e-05
0.809750905,8.491404e-05
0.706912114,0.00010973862
0.77245746,9.738393e-05
0.737952942,0.00010887658
0.608793609,0.0001239608
0.642835361,0.00011816896
0.672799902,0.00011749358
0.858132022,6.569231e-05
0.893868661,4.9919305e-05
0.875815849,5.940394e-05
0.829650739,7.867561e-05
0.849388092,7.269378e-05
0.799968428,9.209528e-05
0.554688179,0.00013013321
0.604483543,0.00012686015
0.670396509,0.00012175556
0.545281012,0.00013129633
0.600114719,0.00012912984
0.536123894,0.00013194846
0.522248334,0.00013197452
0.513563291,0.0001321778
0.500120463,0.00013201628
0.487253355,0.00013045475
0.493346909,0.0001313672
0.500090185,0.00013193316
0.378490753,0.000120359786
0.360607003,0.00011824607
0.393188934,0.00012014917
0.420492705,0.00012446045
0.402901768,0.00012312319
0.384143064,0.00012184502
0.413511112,0.00012295354
0.397970529,0.000121622434
0.408616527,0.00012145672
0.43163113,0.0001248853
0.424556585,0.00012337502
0.41783224,0.000121875804
0.440416866,0.00012536888
0.432421294,0.00012385745
0.447582929,0.00012590471
0.436318537,0.00012409834
0.42393215,0.00012205475
0.427472438,0.00012232858
0.850240098,0.000109782704
0.804427148,0.000109576424
0.756786433,0.00011190172
0.818082658,0.000107390704
0.78521125,0.00010747683
0.801556774,0.00010538223
0.825425172,0.00010724775
0.83859902,0.00011125993
0.859926517,0.00010958173
0.427721909,0.00012397842
0.419350795,0.00012430295
0.410292741,0.00012467655
0.442415162,0.00012743466
0.436247377,0.00012773882
0.477881042,0.00013050271
0.458533535,0.00012749425
0.441769592,0.00012574135
0.465765564,0.00012907616
0.427237737,0.0001284989
0.473143375,0.00013148408
0.474526965,0.00013105688
0.744110628,0.00012478171
0.663212637,0.00013039116
0.544876806,0.00013217413
0.643257265,0.00012931664
0.55788756,0.0001321273
0.537517476,0.0001319395
0.704810326,0.00011923362
0.72779229,0.00012201379
0.622304815,0.00012760935
0.773798756,0.00011473366
0.831926296,0.00011245776
0.803001687,0.00011786349
0.761183479,0.00012040996
0.821795035,0.000115851035
0.869654424,0.000112080656
0.784879703,0.000118311655
0.85407141,0.000113451155
0.802088343,0.00011627887
0.671132923,0.00012757974
0.702505528,0.00012512591
0.736549578,0.0001226495
0.706936066,0.00012381807
0.745052204,0.000120901816
0.751553552,0.00011927273
0.650946157,0.00012834548
0.684908174,0.00012477174
0.629591311,0.00012921616
0.436884542,0.00012537956
0.438254087,0.00012536871
0.451577788,0.00012561944
0.437190799,0.00012658558
0.444311241,0.00012650227
0.434030398,0.00012830758
0.46570315,0.0001266405
0.456144925,0.00012566538
0.443043589,0.00012584124
0.435213036,0.00012520766
0.425842382,0.00012532536
0.429096822,0.00012499838
0.581472398,0.00013147813
0.518461415,0.0001321636
0.467058932,0.00013124586
0.556773812,0.00013210192
0.495976411,0.00013183402
0.535720679,0.00013212746
0.606809134,0.00013096024
0.581768056,0.00013190611
0.628729442,0.0001304102
0.479082344,0.00012909129
0.461854051,0.00012946069
0.447920242,0.00012990521
0.468868072,0.00012772054
0.449957885,0.00012793523
0.460941074,0.00012647716
0.488036277,0.00013037435
0.50768071,0.00013148756
0.469676152,0.00013081683
0.483059511,0.00012855431
0.484753819,0.00013050443
0.493379859,0.00013190646
0.479402284,0.00012878439
0.476352999,0.00013057925
0.475716738,0.00012906374
0.480368491,0.00012692799
0.484876784,0.00012732483
0.473076396,0.00012607178
0.900735437,4.81456e-05
0.933315902,3.317001e-05
0.904524259,4.3480304e-05
0.862161508,6.2048755e-05
0.815042165,8.8066816e-05
0.754541172,0.00011094635
0.860747105,6.680468e-05
0.811114387,9.27117e-05
0.853636461,7.2435585e-05
0.759776462,0.00010899355
0.808156187,9.199034e-05
0.760296248,0.00010966197
0.697400996,0.00012213009
0.699706867,0.00012281923
0.625567517,0.00012935247
0.543939494,0.00013214228
0.622627907,0.00013060913
0.680374193,0.0001258812
0.545743253,0.00013217278
0.607756987,0.00013149402
0.541836246,0.00013206556
0.503971575,0.00013148184
0.47312336,0.00013044676
0.498664347,0.00013170307
0.952525698,3.0064979e-05
0.936198279,3.441211e-05
0.968389735,2.2417173e-05
0.975694039,2.3001907e-05
0.974190293,2.4623678e-05
0.980785592,1.704183e-05
0.362738853,0.00012138915
0.372322053,0.00012218406
0.340081984,0.00011996786
0.385413661,0.00012267556
0.41166094,0.00012471621
0.441056982,0.00012667013
0.389491151,0.00012341539
0.415976684,0.00012539313
0.397526709,0.00012416743
0.423015929,0.00012521083
0.43071237,0.00012595202
0.404873043,0.00012391894
0.438375754,0.00012634887
0.456671671,0.00012814472
0.473808925,0.00012974087
0.44605291,0.00012702683
0.469467598,0.00012871288
0.458882695,0.00012767498
0.446274913,0.0001268069
0.453489165,0.00012731318
0.459653361,0.00012861364
0.514216829,0.00013163385
0.478419686,0.0001302231
0.463408126,0.00012821736
0.514369963,0.00013134483
0.480732789,0.00012968072
0.500341652,0.00013096775
0.488960339,0.00013108943
0.475677035,0.00013044184
0.468426709,0.00012943013
0.825521855,0.00011847985
0.844327639,0.00011853228
0.825525381,0.000120821256
0.850783285,0.00011554383
0.868589905,0.00011544736
0.870539693,0.00011258642
0.797763746,0.00011849725
0.815853443,0.00011768916
0.841836237,0.00011489465
0.693825338,0.0001294281
0.619723243,0.00013165428
0.53899501,0.00013208269
0.742705562,0.00012805921
0.650234011,0.0001311052
0.76804389,0.00012647189
0.571067094,0.0001321788
0.557694062,0.0001321629
0.630753951,0.0001314708
0.804402297,0.000121200675
0.766120596,0.00012533514
0.807981165,0.00012314974
0.736524454,0.0001256138
0.767660174,0.0001226437
0.797797262,0.000120027486
0.75276075,0.00012421086
0.785083153,0.00012071073
0.760173979,0.00012245316
0.707436879,0.00012809855
0.721383214,0.00012704282
0.725322995,0.00012566372
0.671395458,0.00013031057
0.682973143,0.00012963446
0.629504989,0.00013173815
0.662003876,0.00012956944
0.650602732,0.0001309416
0.694490889,0.0001277139
0.620326582,0.00013146322
0.576820733,0.00013216792
0.608973488,0.00013202002
0.484686041,0.00012801097
0.49951621,0.0001276384
0.521283472,0.00012788169
0.489978293,0.00012682316
0.501468081,0.00012711145
0.475425951,0.00012631662
0.49451644,0.00012833391
0.48539386,0.00012719854
0.515682551,0.00012790252
0.499561233,0.00012961184
0.51149818,0.00012890398
0.521850594,0.00012850197
0.51160544,0.00013003495
0.510012614,0.00012937836
0.512018275,0.00013038445
0.542640842,0.00013154683
0.585260261,0.00013216717
0.52523685,0.00013105359
0.562347704,0.00013202785
0.531095222,0.00013170952
0.509407869,0.00013075759
0.510361526,0.0001313486
0.489154775,0.00013049356
0.478757892,0.0001298015
0.48579581,0.00013047857
0.478380391,0.00012958879
0.47357385,0.00012932636
0.47642642,0.00012897974
0.496355276,0.00012825857
0.482565929,0.00012851844
0.518013196,0.00013156961
0.502578479,0.0001310406
0.489753016,0.00013045792
0.528302113,0.0001317694
0.5050479,0.00013120093
0.536985576,0.00013193749
0.984608474,1.9408602e-05
0.982042913,2.0449976e-05
0.98053,1.4704171e-05
0.884074604,5.300518e-05
0.907544408,4.712547e-05
0.926213061,4.2161893e-05
0.852128552,6.957167e-05
0.875734891,6.372963e-05
0.814399023,8.808177e-05
0.791172186,9.554596e-05
0.774210826,0.000103333594
0.827969011,7.840626e-05
0.75217081,0.00010973334
0.69263244,0.00012384777
0.634362028,0.00013035533
0.735766473,0.00011496806
0.680532672,0.00012653506
0.718640167,0.00011998123
0.610658815,0.00013165677
0.576699439,0.00013215262
0.646258124,0.00012974678
0.548401313,0.00013209747
0.565741814,0.00013217483
0.589020631,0.0001320114
0.927747591,4.9946855e-05
0.951452744,3.777446e-05
0.964903851,2.8434055e-05
0.98147269,3.6448135e-05
0.980514197,2.7180246e-05
0.986157948,2.599041e-05
0.953119935,3.256516e-05
0.905813197,4.812843e-05
0.861911678,6.761564e-05
0.955391179,3.4407167e-05
0.909969367,5.0247192e-05
0.943572938,3.6507707e-05
0.859300485,7.412523e-05
0.840177827,8.0956575e-05
0.896467123,5.666318e-05
0.891995243,5.562514e-05
0.862403369,6.15163e-05
0.92193701,4.275403e-05
0.979771898,1.6616808e-05
0.982513729,1.7507042e-05
0.974573893,1.3058713e-05
0.394674232,0.00012388601
0.403299388,0.00012473715
0.380324058,0.00012279641
0.425936753,0.0001265922
0.418095337,0.00012587718
0.408705148,0.00012509391
0.441393455,0.00012764533
0.434218617,0.00012701968
0.46057295,0.00012868187
0.44903638,0.00012740896
0.454295446,0.00012808589
0.425327326,0.00012623497
0.477895653,0.00012867154
0.50795544,0.00013030767
0.519402283,0.00013145978
0.482778527,0.00012921718
0.50854797,0.0001306408
0.485327833,0.00012968629
0.492561521,0.000129589
0.494720035,0.00013047234
0.512014027,0.00013104331
0.496526742,0.0001313642
0.541268556,0.00013214006
0.608869026,0.00013191199
0.514430519,0.00013173954
0.557347679,0.00013217931
0.52585554,0.00013197705
0.539629973,0.00013209737
0.573488138,0.00013216047
0.506427589,0.00013180701
0.607621698,0.0001319534
0.667773269,0.00013060053
0.642856301,0.00013141661
0.735653917,0.00012747015
0.782170465,0.0001238811
0.796449484,0.00012134542
0.77977688,0.00012617909
0.78927648,0.00012384057
0.780407031,0.00012591858
0.701018013,0.00013027443
0.717586651,0.00012905244
0.752713023,0.00012785773
0.745684406,0.00012467254
0.767138686,0.00012466732
0.775818968,0.0001225828
0.699686535,0.00012823577
0.724274644,0.00012688358
0.757243551,0.00012596628
0.704194776,0.00012767474
0.734083519,0.00012592797
0.718403272,0.00012682163
0.64138454,0.00013105418
0.669339795,0.0001298389
0.704418626,0.00012801388
0.635993315,0.0001314055
0.669832552,0.00013013433
0.633347125,0.00013161504
0.661856444,0.00013015552
0.681456459,0.00012916105
0.687152741,0.00012873836
0.59304995,0.00013217378
0.547264662,0.00013181812
0.510308363,0.00013085052
0.561495296,0.00013207148
0.519343397,0.00013135961
0.555298911,0.00013191137
0.606141832,0.00013193801
0.599066975,0.00013211789
0.579578912,0.00013217756
0.472426335,0.00012955032
0.467303808,0.00012948032
0.463774473,0.00012957345
0.474483411,0.00012898985
0.47324196,0.00012916705
0.498330551,0.00012859413
0.493593825,0.0001296595
0.496342189,0.00012899081
0.474132084,0.00012942658
0.481799524,0.0001302343
0.461703017,0.00012998661
0.496786519,0.00013093826
0.502554052,0.00013112383
0.48800765,0.00013071808
0.474919293,0.00013038455
0.492334627,0.00013063426
0.483138822,0.00013030565
0.48274133,0.00013012785
0.468563868,0.00012997509
0.463684737,0.00012969869
0.473312804,0.00012983115
0.517848106,0.00013165426
0.545207286,0.00013213117
0.580201102,0.00013194057
0.509636622,0.00013171263
0.531680815,0.00013214911
0.487864727,0.00013174844
0.496979634,0.0001312097
0.484805869,0.0001312711
0.478050406,0.0001307955
0.98582289,2.373815e-05
0.982267301,2.2658032e-05
0.971776453,2.1584465e-05
0.970309469,3.088861e-05
0.958512732,2.9631987e-05
0.936524804,4.0224528e-05
0.948932514,4.3423508e-05
0.953428805,4.6659563e-05
0.978644021,3.3617893e-05
0.839034433,8.1794184e-05
0.873841063,7.040258e-05
0.904396425,5.9624737e-05
0.880100701,6.687953e-05
0.920113492,5.6162542e-05
0.911819049,5.2665382e-05
0.802761688,9.4821255e-05
0.723804801,0.000116317315
0.628379726,0.00012780819
0.80002567,0.000100162266
0.708157159,0.00011933502
0.77423484,0.0001054505
0.626185726,0.00012946008
0.698120564,0.00012152148
0.621412371,0.00012858793
0.508258586,0.00013217692
0.562349308,0.00013170832
0.555700695,0.00013147765
0.861056188,6.9233494e-05
0.791924804,8.973035e-05
0.727834215,0.00010776913
0.825246049,7.51843e-05
0.770471056,9.495651e-05
0.818061154,8.107381e-05
0.696916194,0.00011701155
0.669060903,0.00012354598
0.747870953,0.00010689418
0.803566733,9.1418144e-05
0.76276262,0.00010015256
0.833148493,8.02764e-05
0.957638734,2.0192398e-05
0.940587457,2.622254e-05
0.923768255,3.419906e-05
0.946667309,2.7926602e-05
0.921086722,3.6245016e-05
0.925080759,3.8253023e-05
0.952369661,1.833708e-05
0.944183371,2.5095627e-05
0.950100686,1.4230379e-05
0.95029063,1.9265784e-05
0.96047797,1.4981912e-05
0.941744308,1.11911095e-05
0.405603903,0.00012626278
0.395245251,0.00012487601
0.407615246,0.00012593015
0.411425227,0.00012758687
0.413964932,0.00012739151
0.420605703,0.00012710172
0.4163323,0.00012856752
0.42306085,0.00012841316
0.420126208,0.00012943735
0.436413782,0.000128079
0.455610839,0.00012901635
0.43481366,0.00012927706
0.483567865,0.0001301616
0.483957638,0.00013119272
0.480990545,0.00013182648
0.457496649,0.00013030383
0.457118513,0.00013119774
0.4345879,0.00013038437
0.509137633,0.00013096834
0.52215773,0.00013164534
0.508795718,0.00013176276
0.526601364,0.00013213161
0.551910305,0.00013202669
0.597198418,0.00013128549
0.523334057,0.00013215325
0.537894692,0.00013202871
0.509549295,0.00013216124
0.551106067,0.000132128
0.616469192,0.00013166633
0.607510863,0.00013144515
0.688719107,0.00013000536
0.7305982,0.00012800969
0.671842097,0.00012989149
0.701907103,0.00012814737
0.696807874,0.00012825974
0.680278438,0.00012862422
0.726008253,0.00012730695
0.706975525,0.00012794562
0.751267706,0.00012701414
0.66485806,0.0001290623
0.644759822,0.0001300881
0.697343767,0.00012855971
0.68202294,0.00012929711
0.666967836,0.00013006598
0.662647341,0.0001305878
0.684240071,0.0001289495
0.6798856,0.00012955241
0.683151636,0.00012879101
0.660407415,0.0001301877
0.637403999,0.00013104394
0.645367106,0.00013087603
0.609325159,0.00013185112
0.593103834,0.00013216851
0.627904334,0.00013164246
0.544426156,0.0001317345
0.489286209,0.00013074136
0.466205741,0.00012997923
0.533748942,0.00013169809
0.492357076,0.00013074838
0.523330174,0.00013179122
0.555009477,0.0001321647
0.588475234,0.0001320306
0.628050432,0.00013147782
0.569682433,0.00013214909
0.605503012,0.00013204764
0.582999685,0.00013216141
0.657284882,0.00013100654
0.62310153,0.00013190825
0.645032296,0.00013128688
0.453533801,0.00013027462
0.452567457,0.00013062707
0.455757411,0.00013104912
0.427162275,0.00013023867
0.429839904,0.00013054014
0.431076269,0.00013040195
0.450984118,0.00012996013
0.443734274,0.00013003167
0.459370198,0.00012980973
0.446866346,0.00013058791
0.484276982,0.00013113975
0.464679204,0.00013018685
0.460989168,0.00013174972
0.450352978,0.00013174901
0.464040815,0.00013175377
0.48887204,0.00013216806
0.491873836,0.0001321743
0.553932866,0.00013155786
0.439108929,0.00013117517
0.429535443,0.00013070762
0.443577563,0.0001310992
0.508521462,0.0001321495
0.509910344,0.0001320622
0.515892428,0.00013192881
0.468494951,0.00013165254
0.473789473,0.00013139182
0.441913187,0.00013089846
0.898114312,5.1982228e-05
0.889145393,4.9782513e-05
0.887912144,4.7482794e-05
0.852089086,6.578919e-05
0.84347358,6.346373e-05
0.797496911,8.067897e-05
0.830423469,8.1528924e-05
0.869588516,6.637849e-05
0.813239312,8.116847e-05
0.774062906,9.840216e-05
0.693999753,0.000112201094
0.619123151,0.00012190726
0.73826777,0.00010651992
0.671887676,0.000118075535
0.70790695,0.00011330428
0.757073757,9.831658e-05
0.740463886,9.810771e-05
0.676380308,0.000112180045
0.651394,0.00012322167
0.577039772,0.00013015895
0.529395002,0.0001320549
0.621811143,0.00012761574
0.547893019,0.00013151937
0.591303405,0.00013018349
0.482441723,0.00013202678
0.517322411,0.00013208708
0.505460196,0.00013217556
0.581825225,0.0001281852
0.556490488,0.00013106423
0.620130964,0.00012609983
0.827010054,6.9258764e-05
0.806960147,7.3290124e-05
0.793865428,7.710221e-05
0.866914645,5.5958302e-05
0.849658947,5.976813e-05
0.899362032,4.4090793e-05
0.96068392,1.6364114e-05
0.963162878,2.0112324e-05
0.966969209,2.2550841e-05
0.965099388,2.7927412e-05
0.946732666,3.1034077e-05
0.897413771,5.1618183e-05
0.926828745,4.0306008e-05
0.949810948,3.650883e-05
0.935300995,1.214218e-05
0.400939142,0.00012720504
0.405882785,0.000128222
0.415367621,0.00012911439
0.388409968,0.0001276816
0.400752464,0.00012863969
0.390687163,0.00012647321
0.433010913,0.00013025697
0.457764723,0.00013080184
0.47239293,0.00013119179
0.428676701,0.00012983616
0.458607733,0.00013030041
0.40963238,0.00012921722
0.444051848,0.00013105311
0.458516339,0.0001316906
0.462730955,0.00013149998
0.494833357,0.00013217206
0.539365943,0.00013201138
0.593795,0.00013142188
0.488055305,0.00013211831
0.536168414,0.00013212785
0.48198762,0.0001320034
0.523682434,0.00013201196
0.571800883,0.00013132684
0.574495082,0.00013138504
0.617610206,0.00013032657
0.649935521,0.00012947839
0.621639833,0.00013049622
0.710757717,0.00012938451
0.685889244,0.00012953063
0.648309084,0.00013032893
0.681342001,0.00012920465
0.657396317,0.00012950669
0.675343208,0.00012897003
0.68113073,0.000129246
0.679959208,0.00012997194
0.687359525,0.000129535
0.679365033,0.00013032058
0.67216194,0.00013058915
0.700388912,0.00012980281
0.605457945,0.00013152313
0.566822222,0.00013202892
0.540435144,0.00013217128
0.577284951,0.0001314932
0.549491822,0.0001319876
0.56895028,0.00013140783
0.534766707,0.00013213514
0.552496707,0.00013185533
0.535384489,0.00013217633
0.702397185,0.00012998545
0.672953203,0.00013041114
0.648368581,0.00013092962
0.659377137,0.00013039901
0.627158217,0.00013095255
0.612198777,0.00013089224
0.721685741,0.00012982095
0.727977707,0.00012959991
0.694382703,0.0001301402
0.458520689,0.0001315355
0.466264962,0.0001315993
0.480652141,0.00013190605
0.439906775,0.0001311607
0.45087919,0.00013147961
0.434247349,0.00013094017
0.476812865,0.00013182272
0.49984532,0.00013206083
0.483999406,0.0001318265
0.481918359,0.0001320682
0.443031607,0.00013151775
0.473313352,0.00013196806
0.527685331,0.00013213212
0.518669943,0.00013217783
0.509836249,0.00013216514
0.554971739,0.0001318642
0.552383984,0.00013203226
0.574738417,0.00013146803
0.54953329,0.00013185469
0.569305653,0.00013142724
0.569863054,0.00013141119
0.751931533,8.978279e-05
0.682243273,0.00010732804
0.627080085,0.00011957542
0.732475822,9.3410476e-05
0.663748737,0.000110062414
0.72833666,9.670548e-05
0.662370186,0.00011128721
0.609519311,0.00012063222
0.603489358,0.00012139474
0.557303029,0.00012917498
0.553913158,0.0001288059
0.564938123,0.00012826663
0.533607773,0.00013158948
0.523570023,0.00013134601
0.518183441,0.00013210562
0.533573902,0.00013212407
0.547151727,0.00013142811
0.52733973,0.00013213631
0.510948883,0.00013209261
0.525597843,0.00013215528
0.504889126,0.00013202481
0.821519978,7.724909e-05
0.895793879,5.8794765e-05
0.936096651,4.213522e-05
0.813177343,8.489381e-05
0.889361469,6.6178385e-05
0.796085592,9.187408e-05
0.740808366,9.709941e-05
0.733172566,0.00010342287
0.670151687,0.000112661284
0.86325538,7.416827e-05
0.915280329,4.894931e-05
0.933358864,2.9294093e-05
0.922289598,5.587581e-05
0.934738101,3.424816e-05
0.932423988,1.8209388e-05
0.378916306,0.00012783214
0.423639838,0.00012916936
0.462027989,0.00013033935
0.395951443,0.00012730296
0.432661906,0.00012884394
0.38034076,0.00012631905
0.47214475,0.00013148802
0.485494813,0.0001317323
0.544099733,0.00013193065
0.462768244,0.00013050024
0.479962665,0.00013068217
0.44182104,0.00012868234
0.505131492,0.00013215143
0.584885673,0.00013192247
0.556300622,0.00013217394
0.644164478,0.00013207138
0.654641521,0.00013156184
0.65710932,0.00013089021
0.713768355,0.00013120373
0.705493435,0.00013050475
0.75558618,0.00013019878
0.737251949,0.00012954703
0.737898972,0.00012982654
0.707390126,0.0001299802
0.761011812,0.0001296192
0.767797678,0.00012968073
0.759366115,0.00012958744
0.718296921,0.00012982568
0.731564081,0.00012963869
0.71450856,0.00012950164
0.787947316,0.00012952083
0.796287805,0.00012940653
0.808506378,0.0001296343
0.674157806,0.0001301684
0.627212256,0.00013061658
0.683639558,0.00012994197
0.612718014,0.00013063043
0.597537293,0.00013068262
0.657890848,0.00012997432
0.616815255,0.00013026349
0.64974441,0.00012993331
0.676643986,0.00012966823
0.593424827,0.00013057575
0.623934564,0.00013024821
0.587397341,0.00013099384
0.512251998,0.0001321409
0.528262817,0.00013200389
0.562853903,0.00013163526
0.532159239,0.00013217934
0.561927591,0.0001320412
0.521766067,0.0001321736
0.583410667,0.00013153662
0.560674563,0.00013204438
0.592065262,0.00013160522
0.590227981,0.00013075744
0.590540422,0.00013111807
0.587774017,0.00013123805
0.594053688,0.00012597811
0.634857394,0.000121622434
0.680960838,0.00011525824
0.570750515,0.00012897677
0.604534826,0.00012637218
0.559431221,0.00013020207
0.543972551,0.0001304361
0.532430396,0.00013119183
0.506854307,0.00013180367
0.494870185,0.00013191815
0.520716666,0.00013149844
0.517379417,0.00013172599
0.749958261,0.000103273545
0.850948391,8.718104e-05
0.940359649,6.853435e-05
0.735416538,0.00011152007
0.835942623,9.792116e-05
0.710512637,0.000117099684
0.65507452,0.00012075967
0.637409574,0.00012401446
0.597333997,0.00012798554
0.793710183,0.00010332136
0.911229233,7.6458375e-05
0.974056403,4.6837027e-05
0.856807005,8.2779385e-05
0.943034994,5.362314e-05
0.972387127,2.8903914e-05
0.440495406,0.00012464527
0.419161456,0.0001253594
0.4751696,0.00012804323
0.446042708,0.00012821678
0.51407898,0.00013064974
0.416652868,0.00012207216
0.637355195,0.00013049983
0.628473035,0.00013039443
0.6206463,0.00013031258
0.602180143,0.00013077825
0.595429067,0.00013075868
0.576068544,0.00013117894
0.502576878,0.00012805335
0.558415451,0.00013060644
0.601529083,0.00013195322
0.566590438,0.00013068024
0.649516285,0.00013198373
0.631151223,0.00013200857
0.713861895,0.00013202181
0.787908802,0.00013107255
0.756196528,0.00013197612
0.687544919,0.00013206924
0.775841157,0.00013115343
0.828239861,0.00013018464
0.717619824,0.00013135995
0.77662109,0.00013026186
0.735960859,0.0001305244
0.731335579,0.00012935935
0.739397603,0.0001296966
0.792710646,0.00012958581
0.702395688,0.00012982861
0.722879994,0.00012982888
0.728121642,0.00013005694
0.709811853,0.00012954234
0.726756846,0.0001295005
0.700322957,0.00012943376
0.661700743,0.00012993097
0.69466943,0.00012977501
0.68744811,0.00012963638
0.664186602,0.00013004961
0.666815936,0.00013020434
0.687750155,0.00012996088
0.569150488,0.00013058752
0.598131374,0.00012928397
0.634894996,0.00012697758
0.604216868,0.0001306587
0.621135182,0.00012991598
0.629850641,0.00013071037
0.563623997,0.00013125507
0.608225753,0.00013099899
0.559466184,0.00013130279
0.63841998,0.0001307471
0.600160891,0.00013097188
0.642960854,0.0001308565
0.834804536,8.767333e-05
0.758281251,0.00011019651
0.693306462,0.00012266685
0.766403126,0.000107353924
0.696772883,0.00012131676
0.702577829,0.000119554
0.649218718,0.00012759965
0.651019478,0.00012818558
0.634841492,0.00013005729
0.748734381,0.000111089415
0.821405555,8.927537e-05
0.878645485,6.1900755e-05
0.811177558,9.046391e-05
0.875684202,6.3715e-05
0.915801933,4.020142e-05
0.545430177,0.00013070022
0.504961156,0.00012834577
0.48278179,0.00012818872
0.435873998,0.00012508055
0.450316065,0.00012471926
0.404309003,0.00012120959
0.664648143,0.00013049158
0.662660496,0.00013073321
0.652016685,0.00013083736
0.678029596,0.00013062761
0.666217113,0.00013084465
0.666744106,0.00013089945
0.686036317,0.000130292
0.674320604,0.00013053969
0.68592619,0.00013016659
0.542147367,0.00012835435
0.572807161,0.00013065083
0.616883057,0.00013197577
0.579446016,0.0001305002
0.635088147,0.00013190004
0.627353477,0.00013175768
0.711035315,0.0001315216
0.689372825,0.00013216079
0.685498452,0.00013211163
0.673567447,0.00013217381
0.700019073,0.0001317838
0.716677281,0.00013083685
0.680542276,0.00013202046
0.707370991,0.00013122719
0.676547404,0.00013162728
0.69576819,0.00013022678
0.688031736,0.00013088087
0.71218674,0.00013042626
0.670813071,0.00013059589
0.648675076,0.00013098042
0.65339583,0.00013122549
0.651075774,0.00012860977
0.644529159,0.00013074394
0.641948575,0.00013158629
0.643250561,0.00013029558
0.647411683,0.00013107796
0.640981248,0.00013077208
0.656754179,0.0001312418
0.65279179,0.00013103781
0.647936603,0.00013148636
0.66019817,0.00012256212
0.661270369,0.00012220506
0.683638825,0.00012233795
0.712475597,0.00010962448
0.731336587,0.00011007447
0.795076095,8.92848e-05
0.612819246,0.00012931321
0.625290618,0.00013115555
0.63655135,0.00012884033
0.8831744,6.717735e-05
0.914409039,6.9339156e-05
0.799137209,9.075405e-05
0.827622278,9.299632e-05
0.717067859,0.0001112101
0.965966386,4.9785813e-05
0.560549539,0.0001302059
0.494732524,0.0001277226
0.530400674,0.00012815645
0.483315525,0.00012510167
0.49837231,0.00012538431
0.450285001,0.00012183241
0.587851021,0.00013217924
0.606856099,0.00013210555
0.633287648,0.00013191003
0.613695359,0.00013190128
0.625934996,0.00013160259
0.638300258,0.00013136907
0.629924796,0.00013170224
0.623844794,0.00013192145
0.60423342,0.0001321027
0.445040863,0.00012699778
0.513124516,0.00012972331
0.60209691,0.00013150644
0.477436107,0.0001290281
0.552384922,0.00013111749
0.520442625,0.00013054692
0.633011504,0.00013215534
0.580391049,0.00013188706
0.632155883,0.000132095
0.568418089,0.00013205704
0.545415587,0.00013155969
0.595800857,0.00013217158
0.56284463,0.00013191461
0.577964129,0.00013204697
0.583166074,0.0001321461
0.589201486,0.00013217944
0.599499307,0.0001321653
0.619013115,0.00013199598
0.579095978,0.00013209504
0.577918071,0.0001319993
0.613463514,0.0001318251
0.602293736,0.000131038
0.595229609,0.00013116226
0.628301002,0.00012819914
0.558779922,0.00013203615
0.585180201,0.00013215822
0.562277492,0.0001321611
0.684683511,0.00012465025
0.680681014,0.00012382145
0.662710105,0.00012305079
0.76228815,0.00011198602
0.749692465,0.00011150043
0.845275373,9.311397e-05
0.595230399,0.00013160463
0.62691607,0.00012895967
0.632878437,0.00012976475
0.732283426,0.00011543923
0.826519945,9.733723e-05
0.902664696,7.632227e-05
0.776422455,0.00010137466
0.896608628,8.062749e-05
0.946665418,6.335171e-05
0.477792678,0.0001280951
0.449152719,0.00012464897
0.449333057,0.00012599329
0.437270261,0.00012214186
0.415299838,0.00012350548
0.4332005,0.00011928758
0.41845035,0.00012311645
0.461861758,0.0001269984
0.495949721,0.0001298551
0.442910696,0.00012564099
0.483518351,0.00012894992
0.4679227,0.00012785847
0.559501462,0.00013179022
0.518199791,0.0001304074
0.522645207,0.0001310677
0.543637387,0.00013115993
0.505871741,0.00012982302
0.556882697,0.00013149837
0.500135422,0.00012999917
0.487913232,0.00012918281
0.477634516,0.00012848982
0.522297148,0.00013085628
0.515592137,0.00013031055
0.54180187,0.00013149383
0.541852108,0.00013175565
0.555901312,0.0001320597
0.528601954,0.00013131999
0.621350671,0.00013053186
0.554954941,0.00013217735
0.490127293,0.00013120867
0.584845885,0.00013201163
0.534821718,0.00013188868
0.565157938,0.00013216781
0.496689361,0.00013007132
0.530624375,0.0001315182
0.492257246,0.00013046511
0.577070752,0.00012541233
0.628849917,0.0001253093
0.668598271,0.00012504036
0.633760129,0.00011520595
0.693767534,0.00011541582
0.719036323,0.000100959616
0.546697585,0.00013118313
0.514242534,0.00013214159
0.593074651,0.00013090602
0.583078133,0.00011730602
0.660435599,0.00010355357
0.762658568,8.7626206e-05
0.629753295,0.0001059563
0.722387501,9.0322435e-05
0.816312833,7.646072e-05
0.363046253,0.0001182005
0.389170792,0.00012106274
0.414623112,0.00012385462
0.344726543,0.00011577692
0.362454522,0.000118832635
0.337728329,0.00011303686
0.381607727,0.000121927456
0.361574368,0.0001187405
0.343968954,0.00011588204
0.40613562,0.00012378975
0.384164657,0.000121265606
0.437553536,0.00012590089
0.459958741,0.00012797386
0.41527271,0.00012523874
0.446469782,0.00012683206
0.453102898,0.00012806624
0.448823519,0.00012862956
0.41314145,0.0001253865
0.407144749,0.0001267846
0.399504215,0.00012445272
0.388869729,0.00012286693
0.426379692,0.00012858065
0.421458923,0.00012669478
0.4497443,0.00013008853
0.445089411,0.00013217499
0.453933094,0.00013186512
0.466235717,0.000131451
0.478281793,0.00013158476
0.49340153,0.00013214357
0.526204029,0.00012940336
0.419775789,0.00012919247
0.434300608,0.00013048125
0.431914519,0.00013121279
0.54403597,0.000122052785
0.526947375,0.00012349755
0.542227666,0.0001245988
0.599653337,0.00011385445
0.569202607,0.00011572937
0.661757083,0.0001038574
0.459132323,0.00013140113
0.491185368,0.0001289419
0.486018499,0.0001282231
0.603833486,0.00011466186
0.666084243,0.00010490218
0.729238817,9.404522e-05
0.670389136,0.00010569434
0.732960487,9.5017844e-05
0.793684256,8.4914886e-05
0.322213254,0.00011011019
0.326689786,0.00011148501
0.331419211,0.00011362598
0.336559553,0.00011441324
0.355727831,0.00011782156
0.321593869,0.00010679647
0.359467607,0.000119424585
0.339655497,0.00011565152
0.326057319,0.000112391426
0.362484989,0.000119342076
0.344491131,0.00011628737
0.372021471,0.0001203182
0.393225857,0.00012446004
0.376677756,0.000121971774
0.381290832,0.00012195532
0.406964412,0.00012955845
0.392687562,0.00012626908
0.376553917,0.00012274478
0.407444224,0.0001283207
0.392318588,0.00012513094
0.407496582,0.00012736979
0.419475035,0.0001299483
0.431200314,0.0001317869
0.419573197,0.00013086623
0.481025397,0.00013108367
0.451850304,0.00013182289
0.440521396,0.0001321286
0.495558819,0.0001291514
0.467574395,0.00013054497
0.512746403,0.00012614818
0.45241645,0.00013217727
0.42426165,0.00013146173
0.428729578,0.00013206758
0.613833125,0.00011868216
0.589932725,0.000120074386
0.562171685,0.000121175035
0.647654575,0.0001118816
0.621889211,0.00011342178
0.686600322,0.0001040929
0.525641568,0.00012857441
0.541022516,0.00012540077
0.568701883,0.00012442686
0.707037721,0.00010417728
0.657637155,0.00011195292
0.745731274,9.587331e-05
0.695147679,0.000104259205
0.739251425,9.588631e-05
0.789858619,8.760466e-05
0.349616947,0.00011785279
0.348663107,0.00011670183
0.334661775,0.000113759765
0.347001552,0.00011226095
0.32657534,0.0001102465
0.349834181,0.00010843747
0.411321888,0.00012808816
0.383695704,0.00012428184
0.368638543,0.0001201562
0.375132989,0.00012449728
0.353929545,0.000120556506
0.365289302,0.00012147225
0.408725505,0.00012892496
0.40181736,0.00012841605
0.382902541,0.0001252949
0.497631883,0.00013124438
0.539113581,0.00012879209
0.582919574,0.0001246379
0.512342446,0.00013131993
0.55111779,0.00012885082
0.523068616,0.00013131008
0.446220272,0.00013084307
0.436585579,0.00013101456
0.431073188,0.00013128413
0.483781594,0.0001321525
0.473260187,0.00013217167
0.462806008,0.00013217777
0.731576942,0.00010050243
0.708219537,0.00010518074
0.685373198,0.000108866436
0.663741093,0.00011317661
0.639618824,0.000116181174
0.604889974,0.00012256205
0.626719361,0.00011996928
0.572296177,0.0001273353
0.766836683,9.3817536e-05
0.415212614,0.00012449764
0.386404368,0.00012005182
0.429792683,0.00012832848
0.398501817,0.00012426963
0.420023623,0.00012811611
0.419964655,0.00012218792
0.466997312,0.00013099582
0.457257193,0.00013071708
0.449766109,0.00013054506
0.493417351,0.00013212273
0.487127225,0.0001320399
0.486732069,0.0001320916
0.524181683,0.00013155946
0.525996356,0.00013168734
0.591297056,0.00012573882
0.557727951,0.00012928182
0.642367674,0.00011722047
0.606938385,0.00012312242
0.663139735,0.00011360134
0.590445453,0.0001259043
0.556313908,0.00012968463
0.557995393,0.00012959342
0.688098554,0.0001073231
0.494444595,0.00013211285
0.598233181,0.00012427772
0.690912775,0.00013046063
0.672296471,0.00013048532
0.664183115,0.00013049666
0.661403916,0.00013049511
0.649116816,0.00013083048
0.643013108,0.0001308412
0.636003045,0.00013083933
0.650876925,0.00013114477
0.629720051,0.0001311427
0.666909143,0.00013140589
0.816869998,0.00012899458
0.782199544,0.0001291845
0.7464115,0.00012935163
0.7227143,0.00012949678
0.816869998,0.00012952929
0.740299479,0.00012970125
0.705942969,0.00012985057
0.752535532,0.00013001903
0.697147319,0.00013017119
0.654820491,0.00013212569
0.606216782,0.0001321778
0.551599505,0.00013206016
0.489016466,0.00013171005
0.618833957,0.00013217109
0.558195442,0.00013214357
0.503520098,0.00013192554
0.581336303,0.00013217711
0.522434735,0.00013206767
0.545760377,0.00013214553
0.630290173,0.00013217723
0.623465517,0.0001320341
0.61035288,0.00013159351
0.582720583,0.00013074867
0.604824765,0.00013211205
0.577770841,0.00013181062
0.515826405,0.0001311701
0.54166686,0.00013195635
0.48382455,0.0001314849
0.539817832,0.00012889241
0.539817832,0.00012965768
0.574277616,0.00013027048
0.56278551,0.00013029412
0.58226794,0.00013082032
0.607675899,0.00013121849
0.594501493,0.00013128581
0.610152273,0.00013160195
0.618571237,0.00013189255
0.591498863,0.00013085025
0.571236675,0.00012988065
0.538757688,0.00012862578
0.512965108,0.0001270951
0.572009894,0.0001302873
0.539903008,0.00012909275
0.512965108,0.0001275902
0.544342011,0.00012963297
0.51828126,0.00012820275
0.644789428,0.00013197034
0.654269191,0.00013184446
0.675349914,0.00013166115
0.620337206,0.00013176636
0.612189708,0.00013158539
0.604323879,0.00013133763
0.59532988,0.00013148913
0.592589671,0.00013124809
0.625691546,0.00013113614
0.637403738,0.00013158203
0.645424251,0.00013186608
0.661026222,0.00013205782
0.665512573,0.00013216009
0.620993515,0.00013174026
0.649459254,0.00013198424
0.669570375,0.00013212912
0.633097691,0.00013186927
0.657238315,0.00013207243
0.583473718,0.00013217636
0.658299578,0.00013217692
0.621713788,0.00013215769
0.651724099,0.00013211532
0.667921894,0.00013206276
0.675524183,0.00013196818
0.683534652,0.00013187894
0.70399708,0.00013160484
0.949130225,0.00012662767
0.881532973,0.00012705321
0.808106485,0.00012743873
0.764996857,0.00012778686
0.93746074,0.00012744876
0.846630615,0.00012786224
0.774495877,0.00012823418
0.898644558,0.00012824174
0.80810742,0.00012863529
0.614035719,0.00013069838
0.591016436,0.00012940867
0.567874239,0.0001277234
0.526893054,0.00012569217
0.586973586,0.00012972421
0.560575867,0.0001281212
0.538043307,0.00012614627
0.55379862,0.00012851808
0.527795611,0.00012661696
0.451543729,0.00012327162
0.519710385,0.00012491012
0.568295757,0.00012641474
0.600481807,0.00012777162
0.455652014,0.00012295453
0.526828769,0.00012457874
0.580090532,0.00012607717
0.47110395,0.00012262586
0.540699399,0.00012423392
0.497267118,0.00012228682
0.877469078,0.00012492349
0.891871948,0.00012556778
0.907304956,0.0001261328
0.9236152,0.00012442659
0.942530827,0.00012500495
0.971024671,0.0001255181
0.95729931,0.00012386424
0.982280498,0.00012437937
0.982914863,0.00012323535
0.624882232,0.00013040102
0.590118197,0.00012874417
0.547127281,0.0001266347
0.491488444,0.00012418297
0.599399639,0.00012913263
0.553837901,0.00012706197
0.496582272,0.0001245925
0.565313564,0.00012755355
0.506934045,0.00012509958
0.53806087,0.0001260548
0.575718714,0.0001277183
0.608217289,0.00012914765
0.469340071,0.00012390265
0.530283506,0.0001257548
0.576012497,0.0001274136
0.455247177,0.00012359781
0.525162335,0.00012542716
0.477148434,0.00012232664
0.477148434,0.00012218523
0.497267118,0.00012216938
0.498531325,0.00012397816
0.516186199,0.00012393652
0.527896645,0.00012401654
0.537291702,0.00012556551
0.554494855,0.0001256129
0.560612465,0.00012706337
0.898206067,0.00012151234
0.925880234,0.00012216864
0.957649046,0.00012273979
0.938281577,0.000120878234
0.966050523,0.00012138849
0.982968086,0.00012183575
0.968091869,0.00012015573
0.979103277,0.00012052827
0.963539306,0.0001193576
0.43786035,0.00012291723
0.441340065,0.00012274763
0.447864556,0.00012255121
0.474844196,0.000124481
0.4777056,0.00012435541
0.485488952,0.00012420364
0.50471021,0.00012599376
0.511511461,0.00012590869
0.531358136,0.00012743047
0.831923739,0.00011850826
0.883716628,0.0001188897
0.93314063,0.00011916692
0.866046634,0.000118095355
0.919445568,0.000118218195
0.905242407,0.00011827592
0.935785126,0.00011753735
0.908026838,0.00011743531
0.918016768,0.000116843315
0.522082788,0.00012783136
0.497305121,0.00012644636
0.469488626,0.0001250089
0.437943555,0.00012354419
0.497276038,0.00012639347
0.46278411,0.00012487781
0.421153624,0.00012332831
0.471211868,0.00012475447
0.426835399,0.00012311772
0.534372843,0.00012825837
0.505908326,0.00012700426
0.460964997,0.00012572478
0.393334292,0.00012444086
0.519499194,0.00012689293
0.48865111,0.00012551615
0.413358123,0.00012413027
0.494578816,0.00012532315
0.444588659,0.00012382801
0.516448038,0.00012793747
0.503050676,0.00012698672
0.486896617,0.0001260311
0.464298216,0.00012507805
0.488187334,0.0001268954
0.466830473,0.00012589496
0.433731969,0.0001248966
0.448198221,0.00012573245
0.405372926,0.00012468423
0.795281596,0.00011762904
0.849251183,0.00011743494
0.92540076,0.00011716684
0.855807891,0.00011749185
0.938182919,0.00011700577
0.938543914,0.0001164844
0.943640926,0.00011706086
0.944916853,0.000116325435
0.95630488,0.00011632785
0.536466775,0.00012744375
0.522853266,0.00012674494
0.506464465,0.00012604326
0.495858848,0.00012534029
0.513671354,0.00012671699
0.496800077,0.00012599451
0.478122253,0.0001252703
0.489814943,0.00012592993
0.470653525,0.000125183
0.545285537,0.00012708356
0.539782238,0.00012662746
0.527769953,0.00012617432
0.512050089,0.00012572414
0.535763263,0.000126534
0.525134296,0.00012604041
0.519932551,0.00012554957
0.513357424,0.00012595345
0.495858848,0.00012541965
0.796129402,0.000119092656
0.855481421,0.000118217555
0.945678004,0.00011728948
0.862650751,0.00011879796
0.947456263,0.00011764098
0.970575002,0.00011645579
0.950451034,0.00011808637
0.976628068,0.00011668006
0.97685185,0.000116979114
0.528986793,0.00012646397
0.547168665,0.00012716663
0.554360476,0.00012783444
0.512050089,0.00012592308
0.527858565,0.00012662906
0.547136288,0.00012730088
0.505262581,0.00012609725
0.523362006,0.00012677169
0.505262581,0.00012624756
0.726495281,0.00012159441
0.803370884,0.00012012395
0.907306853,0.00011857675
0.772216789,0.000120863355
0.807309557,0.000119131626
0.818784454,0.00011733375
0.840783168,0.000119706296
0.818784454,0.000117720454
0.914197214,0.00011810868
0.509166443,0.00012681344
0.509166443,0.0001266397
0.50566355,0.00012645105
0.5276663,0.00012740304
0.525313947,0.00012724563
0.52571402,0.00012707668
0.548612595,0.00012799719
0.54908387,0.00012785717
0.56893943,0.00012859385
0.736431204,0.00012404165
0.790764413,0.00012220241
0.86880895,0.0001202121
0.784384519,0.00012283932
0.859931065,0.00012071782
0.915665372,0.000118454955
0.873634104,0.000121107456
0.87501237,0.00011868974
0.892486133,0.00011873143
0.578275608,0.0001292746
0.558155189,0.0001285902
0.527084537,0.00012790084
0.468942063,0.00012721131
0.561862131,0.00012849916
0.535474321,0.00012781809
0.48187595,0.00012713905
0.533807274,0.00012768067
0.504351928,0.00012700811
0.772390625,0.00011445511
0.803724862,0.00011201715
0.84667199,0.000109568784
0.864096282,0.00010713759
0.795422181,0.00010793961
0.823762764,0.000105393505
0.834759992,0.0001029055
0.825742354,0.000100081445
0.849077165,9.757436e-05
0.862375225,9.1024034e-05
0.812353008,0.00012535964
0.865812471,0.00012334625
0.905909398,0.00012112098
0.874346444,0.00012335888
0.938276688,0.00012099941
0.932526719,0.00011846235
0.910415229,0.00012042536
0.943103853,0.000117723466
0.911573066,0.000116310875
0.792384863,0.0001234344
0.835505537,0.00012121176
0.87032846,0.00011882138
0.822925477,0.00011959799
0.876383595,0.00011701352
0.897043057,0.00011433638
0.869461055,0.0001142288
0.913086185,0.0001113853
0.773361504,9.712858e-05
0.802156466,9.500254e-05
0.835619402,9.29667e-05
0.812729491,8.9284185e-05
0.839501962,8.72471e-05
0.874786599,8.532723e-05
0.851686144,8.087373e-05
0.873412681,7.8993085e-05
0.881488172,7.21141e-05
0.881488172,6.6357024e-05
0.898880644,6.084934e-05
0.917651813,5.5681703e-05
0.868131167,7.451662e-05
0.885885904,6.896187e-05
0.908354923,6.364802e-05
0.862938396,7.703579e-05
0.887840149,7.1711984e-05
0.855565836,7.966921e-05
0.562825181,0.00012972909
0.543860141,0.00012882185
0.521604166,0.00012789229
0.490765991,0.00012695765
0.556131429,0.00012891513
0.53097303,0.0001280007
0.505975806,0.00012708013
0.52695086,0.00012807749
0.475947972,0.00012716721
0.917651813,5.0499984e-05
0.940491857,4.53593e-05
0.966025858,4.035229e-05
0.918633428,6.049289e-05
0.930940033,5.5238455e-05
0.941951165,4.9960217e-05
0.907047711,6.5644555e-05
0.916893708,6.0374903e-05
0.885672853,7.110434e-05
0.56100306,0.00013009529
0.548696248,0.0001289174
0.554877512,0.00012770024
0.568542703,0.00012649441
0.539571875,0.00012902399
0.525939535,0.00012784208
0.522417185,0.00012665821
0.515956464,0.00012797571
0.489204405,0.00012682258
0.968911351,3.386579e-05
0.972856886,2.8304314e-05
0.977158534,2.3701949e-05
0.953867713,4.564063e-05
0.959098919,3.8866878e-05
0.963786487,3.293369e-05
0.942833434,5.173346e-05
0.948970037,4.4787685e-05
0.931679533,5.8648744e-05
0.631884859,0.00012610096
0.636316832,0.00012719128
0.639118971,0.00012836469
0.648229766,0.00012958543
0.620714464,0.00012612848
0.618832982,0.00012727686
0.623582568,0.00012850323
0.580736334,0.0001262569
0.593391241,0.00012746465
0.545328957,0.00012649377
0.603778355,0.00012989208
0.624947091,0.00012859928
0.6322256,0.00012731721
0.595247759,0.00012868375
0.615619217,0.0001274093
0.620266672,0.00012618193
0.586026468,0.00012754346
0.587700442,0.00012632292
0.9874,1.25448905e-05
0.981025207,1.8560315e-05
0.959534191,2.8020198e-05
0.9299737,4.1692514e-05
0.98090658,1.5228445e-05
0.970964044,2.2759403e-05
0.949036604,3.4113476e-05
0.977727401,1.8864957e-05
0.967781663,2.822218e-05
0.573414011,0.000127494
0.58861554,0.00012852864
0.597352448,0.00012956391
0.540857944,0.00012664116
0.572094471,0.00012765681
0.588340689,0.00012869504
0.551315206,0.00012682361
0.580349813,0.00012785058
0.574973262,0.0001270379
0.984566129,2.7807459e-05
0.986412068,2.065704e-05
0.986951248,1.5816178e-05
0.986615547,1.7363567e-05
0.987250247,1.3104773e-05
0.9874,1.0327905e-05
0.987362058,1.1173598e-05
0.9874,8.761851e-06
0.9874,7.641398e-06
0.9874,1.6271984e-05
0.9874,1.213313e-05
0.9874,9.432847e-06
0.9874,1.1098064e-05
0.987353038,8.5603815e-06
0.9874,6.911805e-06
0.987177349,7.902106e-06
0.986864082,6.351963e-06
0.9874,5.9159993e-06
0.984676651,5.652076e-06
0.969529529,5.427393e-06
0.96758033,5.234044e-06
0.98681123,7.239933e-06
0.984568243,6.942448e-06
0.97871849,6.6983866e-06
0.987365187,9.220248e-06
0.986778733,8.894487e-06
0.986040235,1.2244925e-05
0.565552723,0.00012834895
0.570326258,0.00012783014
0.570273106,0.00012738928
0.595470701,0.00012891702
0.595318455,0.00012845361
0.588036722,0.00012806727
0.622087237,0.00012948968
0.61284437,0.00012909101
0.641399292,0.00013006807
0.964580708,4.8637526e-06
0.98164958,6.00967e-06
0.986645269,7.628363e-06
0.9874,9.958899e-06
0.974177021,4.9859464e-06
0.983373187,6.1369933e-06
0.9874,7.758954e-06
0.96758033,5.1088855e-06
0.97892268,6.267383e-06
0.604118055,0.00013113832
0.579456208,0.00013079942
0.564856829,0.00013044722
0.554209139,0.0001300738
0.591546647,0.00013033049
0.565646914,0.00012994578
0.543727408,0.00012955381
0.583871022,0.00012938242
0.548278539,0.00012897197
0.961581422,4.6617256e-06
0.953862334,4.4421645e-06
0.955904945,4.2066304e-06
0.972904936,5.67229e-06
0.967654931,5.426007e-06
0.967417804,5.1574457e-06
0.979147805,6.784044e-06
0.979247291,6.473961e-06
0.986677178,8.340307e-06
0.616698963,0.00013110321
0.615566873,0.00013080733
0.58308003,0.00013045786
0.623386661,0.00013142613
0.612029652,0.00013116052
0.585348497,0.00013084587
0.626709244,0.00013168652
0.611232867,0.00013146138
0.634047391,0.00013189421
0.986117632,7.1166564e-06
0.983464754,5.823494e-06
0.968344256,4.891436e-06
0.975667426,5.576774e-06
0.966532914,4.6324717e-06
0.95337349,3.9484876e-06
0.957188122,4.446616e-06
0.95337349,3.7467253e-06
0.944250802,3.5977553e-06
0.622376847,0.0001320665
0.613113857,0.00013196819
0.606203459,0.00013182536
0.60607059,0.00013162859
0.618698695,0.00013186263
0.609959728,0.00013171122
0.595654102,0.0001315128
0.618069774,0.00013154288
0.606542922,0.00013133592
0.944848903,3.5420999e-06
0.9607414,3.5484907e-06
0.981359456,3.632993e-06
0.962950989,5.0155627e-06
0.966768952,5.090692e-06
0.980391789,5.2870782e-06
0.979576495,7.569195e-06
0.981422307,7.961835e-06
0.985388138,1.2404596e-05
0.649115451,0.00013216819
0.64001812,0.00013203884
0.632303626,0.00013171569
0.63129733,0.00013115547
0.631059408,0.000132088
0.626244977,0.00013188261
0.627373428,0.00013151036
0.615592152,0.00013191493
0.616533611,0.00013164709
0.987058214,2.0829139e-05
0.986823294,1.0703678e-05
0.985221811,5.8931305e-06
0.987191101,1.2271373e-05
0.985399539,6.485032e-06
0.983009138,3.7952977e-06
0.974013651,7.3208817e-06
0.96229748,4.071554e-06
0.955117863,4.492119e-06
0.645094541,0.0001317495
0.648117736,0.00013059037
0.690666139,0.00012874726
0.711327848,0.00012635384
0.632428308,0.00013153953
0.648933372,0.00013032812
0.683881106,0.00012849603
0.633927742,0.00013135214
0.633103895,0.00013016893
0.987036199,3.7212805e-05
0.987145937,1.8878669e-05
0.972723153,9.002979e-06
0.9874,2.2259765e-05
0.986715677,1.0843627e-05
0.963802905,5.2303762e-06
0.984313727,1.2986959e-05
0.984978558,6.2339554e-06
0.980548297,7.4977042e-06
0.683881949,0.00013000643
0.657694204,0.00012755356
0.659479598,0.00012471751
0.681623728,0.000121578836
0.647912245,0.0001285058
0.6287588,0.00012559879
0.623965955,0.00012232356
0.669738751,0.0001272205
0.635834734,0.00012394278
0.977038534,4.5189205e-05
0.9874,2.6712542e-05
0.984115762,1.4605511e-05
0.982495784,3.0915857e-05
0.983877275,1.739469e-05
0.9874,9.07525e-06
0.982418991,2.1019698e-05
0.984781604,1.1163578e-05
0.9874,1.3996778e-05
0.749583531,0.00012961167
0.731465957,0.00012732108
0.696397223,0.00012456856
0.667994727,0.000121433
0.730353009,0.00012733608
0.710458261,0.00012456629
0.698427095,0.00012142718
0.697142793,0.00012458948
0.704802243,0.00012139319
0.98677438,5.1410087e-05
0.987339205,3.510014e-05
0.979721068,2.2805774e-05
0.9874,4.1081366e-05
0.985452991,2.7271752e-05
0.9874,1.7055974e-05
0.980986994,3.252656e-05
0.9874,2.0846917e-05
0.9874,2.530862e-05
0.728675999,0.00012917284
0.714247994,0.00012664858
0.719247189,0.00012358071
0.720820693,0.00012010668
0.72141803,0.0001270819
0.715820118,0.0001241644
0.723617625,0.00012083693
0.688238098,0.0001244921
0.692295581,0.00012126414
0.956635609,6.340649e-05
0.978124709,4.829502e-05
0.982652949,3.562597e-05
0.963453714,5.37715e-05
0.977238791,4.0210416e-05
0.977658777,2.9002402e-05
0.973491898,4.5097237e-05
0.974846589,3.297332e-05
0.982536399,3.719372e-05
0.684004119,0.00012714883
0.67186067,0.00012389477
0.629347023,0.00012018211
0.594840634,0.000116196636
0.697612631,0.0001250498
0.685720595,0.00012156802
0.647417354,0.000117739706
0.710643428,0.00012270566
0.698905526,0.00011906915
0.930086997,7.084971e-05
0.961428095,5.8329177e-05
0.976681337,4.7076242e-05
0.960109521,6.266627e-05
0.977137948,5.0914452e-05
0.982536399,4.049017e-05
0.981400752,5.4801825e-05
0.9874,4.3836204e-05
0.987312536,4.718367e-05
0.576619702,0.00012319315
0.581910752,0.000119709905
0.594620889,0.00011622787
0.581432903,0.0001129626
0.562178586,0.000120830526
0.576049924,0.000117200136
0.591690504,0.00011357353
0.563443417,0.00011851126
0.56695137,0.00011478772
0.965375001,7.3550706e-05
0.985383615,6.4189626e-05
0.985500512,5.5362416e-05
0.9843535,6.626427e-05
0.9874,5.751475e-05
0.9874,4.9348364e-05
0.983458495,5.8994807e-05
0.9874,5.0909275e-05
0.986370936,5.176911e-05
0.586672833,0.000115733084
0.597782905,0.000118672986
0.603683852,0.000121806734
0.561983851,0.00011339625
0.581701407,0.00011660812
0.598010079,0.00012005471
0.555006786,0.00011523651
0.570215599,0.000119002594
0.550270423,0.00011893016
0.963730597,7.394194e-05
0.977639448,6.623144e-05
0.982338424,5.881078e-05
0.969979793,6.805399e-05
0.9793389,6.005287e-05
0.986370936,5.245996e-05
0.972770459,6.196943e-05
0.986370936,5.3761763e-05
0.969725193,5.573378e-05
0.600895955,0.00013140282
0.57770846,0.0001277717
0.558083959,0.00012311169
0.588813131,0.00013011818
0.557939524,0.00012608338
0.552875998,0.000121929035
0.58068524,0.00012882393
0.561846888,0.00012494417
0.578859975,0.0001278315
0.969725193,5.888516e-05
0.956418917,6.295008e-05
0.946852236,6.805279e-05
0.960421735,6.640084e-05
0.954178427,7.050559e-05
0.943097502,7.5562435e-05
0.940424283,7.751725e-05
0.927205659,8.245741e-05
0.911829389,8.870376e-05
0.661555274,0.00013200282
0.68051212,0.00013077362
0.710461725,0.00012799649
0.741893011,0.00012325576
0.636974519,0.00013217544
0.653313258,0.00013164592
0.67841163,0.00012949025
0.613415223,0.00013193405
0.627110306,0.00013207278
0.866720575,0.00010243828
0.901763576,9.151076e-05
0.937260417,7.987151e-05
0.879086292,0.00010013202
0.917342224,8.81242e-05
0.946852236,7.5420256e-05
0.894879951,9.720977e-05
0.908583739,8.398628e-05
0.908583739,9.360874e-05
0.763960218,0.0001232373
0.809145968,0.000115681825
0.860479063,0.00010571509
0.755596132,0.00012360979
0.813430677,0.00011548492
0.850359465,0.00010447254
0.751015686,0.00012361804
0.850359465,0.00011468954
0.684154099,0.00013018478
0.685589583,0.00013018513
0.704402892,0.00012985145
0.636496607,0.00013217534
0.602056145,0.00013215949
0.647519802,0.00013215521
0.643745111,0.0001321765
0.633195369,0.00013206397
0.623512069,0.0001316064
0.641478753,0.00013217892
0.630685605,0.00013204997
0.637456272,0.00013217932
0.631679665,0.00013207657
0.628919115,0.00013188693
0.638661591,0.00013216383
0.598659526,0.00013130228
0.580764937,0.00013084333
0.60841306,0.00013164619
0.675175284,0.00013030067
0.695275508,0.00012997627
0.714834168,0.00012963015
0.690883009,0.0001300843
0.709251458,0.00012974536
0.707369119,0.00012984467
0.643311514,0.00013073336
0.626193594,0.00013094641
0.613393787,0.00013105686
0.68609861,0.00013032973
0.656939399,0.00013076118
0.660157315,0.00013054228
0.628465644,0.00013130145
0.630426028,0.00013144904
0.607278438,0.00013162372
0.685145019,0.00013197967
0.6567797,0.00013209193
0.701090928,0.00013179592
0.665360836,0.0001315738
0.694706377,0.00013157725
0.66697512,0.0001318661
0.71944302,0.00012870836
0.714057545,0.0001291059
0.709386505,0.00012948542
0.72195093,0.00012899569
0.713845926,0.0001293803
0.723405834,0.00012925794
0.712866933,0.00012867777
0.70839835,0.00012863608
0.704307722,0.0001285839
0.71224656,0.00012907769
0.709866281,0.00012903944
0.711274157,0.0001294596
0.734114784,0.00012896066
0.755022285,0.0001288096
0.746152002,0.00012838886
0.731136863,0.00012841642
0.733560969,0.00012870079
0.74447086,0.00012810976
0.649858985,0.00013211429
0.651726444,0.00013197001
0.653667116,0.00013174285
0.641494801,0.00013217225
0.642691361,0.00013209324
0.63324671,0.00013216818
0.65156562,0.0001320862
0.663605606,0.00013202553
0.677011362,0.00013196496
0.67939354,0.00013177846
0.69400669,0.00013169087
0.699726383,0.00013129736
0.709339169,0.00013172653
0.722874725,0.00013147136
0.727516198,0.00013136277
0.65716721,0.00013202173
0.676001475,0.00013170217
0.663396557,0.000131831
0.680172101,0.00013141146
0.667344704,0.00013156435
0.652692022,0.00013205543
0.613344381,0.00013155774
0.61571217,0.00013183992
0.621157873,0.00013202842
0.626531749,0.00013199281
0.628479689,0.00013212243
0.635515904,0.00013217202
0.634704134,0.00013214095
0.631960087,0.0001321775
0.639311524,0.00013198111
0.600058783,0.00013080054
0.607289258,0.00013074963
0.580274737,0.00012980183
0.621268657,0.00013153304
0.637589691,0.00013198522
0.628595686,0.00013150673
0.653349272,0.00013122513
0.642427832,0.00013176345
0.64063414,0.00013209498
0.645010866,0.00013142137
0.636459656,0.00013188265
0.648599637,0.00013159383
0.679540673,0.00013115049
0.732358239,0.0001305909
0.729457824,0.00012989929
0.699373383,0.00013113188
0.724195645,0.00013055686
0.712797593,0.0001311264
0.681207653,0.00013097977
0.682747372,0.00013079515
0.739642163,0.00013038456
0.708037915,0.00012904445
0.725054384,0.0001294836
0.720099402,0.00012948047
0.737589569,0.0001298943
0.726977856,0.00012987909
0.71291311,0.00013036506
0.684558123,0.00012983341
0.721112651,0.00013057048
0.723317593,0.0001311584
0.676494811,0.00012982186
0.715230143,0.00013054539
0.70026392,0.00012985151
0.714931765,0.0001303
0.72061705,0.00013079432
0.738915815,0.00013096145
0.722548477,0.00012817445
0.738462659,0.00012787935
0.756135174,0.0001275711
0.728415858,0.00012760633
0.748905433,0.00012731184
0.734950352,0.00012700609
0.708848087,0.00012807304
0.714653248,0.00012812986
0.719903879,0.00012754553
0.698173463,0.00012819956
0.709319446,0.00012766993
0.722363914,0.00012712771
0.694341718,0.00012778299
0.711389127,0.00012723429
0.700114386,0.00012733338
0.69462698,0.000128674
0.677657644,0.00012827243
0.698253418,0.0001291337
0.800891993,0.00012686799
0.847654085,0.00012652016
0.846681858,0.0001259076
0.776212671,0.00012632525
0.790907672,0.00012662102
0.827645138,0.00012563184
0.66492402,0.00013116613
0.680300379,0.00013096667
0.688369605,0.00013081868
0.681003257,0.00013040715
0.689878929,0.0001302217
0.700036426,0.00012950144
0.666936841,0.00013066639
0.66329574,0.0001309294
0.685137769,0.00013007944
0.678443557,0.00012851997
0.692018908,0.00012876766
0.702214325,0.00012909475
0.681557277,0.00012961423
0.683679893,0.00012988507
0.698524016,0.00013054638
0.670449677,0.00012942325
0.662235425,0.00012898438
0.695368241,0.00012996663
0.599297636,0.0001292666
0.621521226,0.00013059855
0.628923572,0.0001304987
0.607886013,0.00012958646
0.579213679,0.00012823397
0.614859817,0.00013000694
0.612695259,0.00012822707
0.576583731,0.00012690558
0.614423456,0.0001286884
0.650696403,0.00013174054
0.680280148,0.00013216535
0.705771846,0.00013201193
0.657188998,0.00013169604
0.68883276,0.00013215955
0.657334287,0.00013164821
0.654260659,0.00013217353
0.679949346,0.00013212112
0.659201524,0.00013210042
0.664995674,0.00013151404
0.686771829,0.00013178766
0.659142437,0.00013197062
0.674954702,0.00013050494
0.697713623,0.00012960627
0.721292443,0.00012854152
0.685173106,0.00013085581
0.705329646,0.00012999623
0.707085265,0.00013122264
0.689591761,0.00012983907
0.705503927,0.00012917635
0.710904193,0.00012885458
0.638521457,0.0001311309
0.629572376,0.0001302326
0.615539258,0.00012910072
0.638747149,0.0001305822
0.62716091,0.00012951491
0.629611769,0.00012992002
0.573292239,0.00012728608
0.567697301,0.00012583572
0.586703587,0.0001275226
0.601127079,0.00012996385
0.587747993,0.00012908973
0.574394992,0.00012811634
0.600813815,0.0001293121
0.587102641,0.00012834382
0.600675191,0.00012858052
0.614817998,0.00013038596
0.615677778,0.00012978484
0.628904387,0.00013077742
0.631789795,0.00012889941
0.630243121,0.00012893308
0.662602963,0.00012900274
0.634926494,0.00012783054
0.632633434,0.00012792049
0.673895638,0.00012664364
0.673194919,0.0001278354
0.638031452,0.00012838499
0.66930921,0.00012720996
0.68785122,0.00012710596
0.675452096,0.00012686828
0.647618143,0.00012809745
0.748205071,0.00012600124
0.773668922,0.00012533252
0.82156633,0.00012466797
0.767493966,0.00012488605
0.786631748,0.00012424747
0.784416596,0.00012366215
0.740264046,0.00012614325
0.74286203,0.00012607776
0.766706669,0.00012490481
0.736969541,0.00012584114
0.766329785,0.00012451847
0.727211439,0.00012551891
0.888574881,0.00012374962
0.923594223,0.00012328022
0.891814958,0.00012260197
0.842579138,0.00012344864
0.852911314,0.00012226691
0.816059979,0.00012295712
0.712266438,0.00012727764
0.74302813,0.00012583067
0.771481929,0.00012417979
0.720484444,0.00012755218
0.749025131,0.00012612931
0.727615825,0.00012792111
0.738369311,0.00012742929
0.769005543,0.0001254589
0.749536204,0.00012693649
0.714794471,0.00012649839
0.717608958,0.00012580333
0.746654252,0.00012496344
0.637185968,0.00013081027
0.638995129,0.00013111446
0.646418786,0.0001313843
0.656833633,0.00013183482
0.664439618,0.00013197881
0.678358507,0.00013217934
0.651299188,0.000131708
0.648947784,0.00013131705
0.663930453,0.0001320607
0.679690549,0.00013209516
0.71512002,0.00013209805
0.698279393,0.000132158
0.665224413,0.0001321784
0.654312806,0.0001320751
0.645622289,0.00013172388
0.671631309,0.00013217903
0.660555426,0.00013206815
0.67445122,0.00013217925
0.70700946,0.00013175512
0.730849804,0.00013157514
0.734054413,0.00013139729
0.72870813,0.00013059613
0.739812356,0.0001303611
0.743898445,0.00012893889
0.734761775,0.00012859258
0.747248977,0.00012872602
0.730229735,0.00013015156
0.808857028,0.0001235973
0.790482966,0.00012536184
0.764704429,0.00012717917
0.786710973,0.00012544241
0.764163215,0.0001270876
0.754252928,0.00012709494
0.808767115,0.00012359815
0.779656652,0.0001253555
0.794540232,0.0001238041
0.608580346,0.0001307754
0.622023131,0.00013112045
0.634736496,0.0001314254
0.617693694,0.00013141365
0.630932211,0.00013167021
0.630192528,0.00013186583
0.652819804,0.0001321511
0.640512879,0.00013204599
0.643251079,0.00013190931
0.546367169,0.00012718161
0.536198515,0.00012730435
0.519340839,0.00012573472
0.567743385,0.0001283804
0.576568711,0.0001295235
0.5887015,0.00013047905
0.558061624,0.00012846192
0.571193888,0.00012957373
0.552010158,0.00012854638
0.593684259,0.00013014463
0.590914923,0.00013031646
0.580753265,0.00012931149
0.604395125,0.00013091361
0.616594118,0.00013151152
0.602472466,0.00013104334
0.784876902,0.00012254692
0.792681658,0.00012124398
0.806153863,0.000119798104
0.769791456,0.00012343579
0.787151932,0.0001222404
0.741721308,0.0001245629
0.782283123,0.00012242462
0.7637278,0.00012349572
0.804987737,0.00012092806
0.767177157,0.00011886436
0.773256199,0.000120298435
0.793859326,0.000121928555
0.789384936,0.00012003297
0.807252809,0.00012142198
0.844301855,0.00012090262
0.787132416,0.00011915727
0.77566464,0.00012065565
0.761806069,0.000118908356
0.891929983,0.00012033189
0.918436949,0.00011979699
0.861145626,0.00011931596
0.795295382,0.00011876495
0.773530211,0.00011886957
0.822560225,0.000119733544
0.818026693,0.00012159474
0.841944369,0.00011970909
0.854190402,0.000118247925
0.883455742,0.0001186866
0.904688618,0.00011677744
0.898702934,0.000115538416
0.846642011,0.00012083613
0.850157429,0.00012111592
0.892903446,0.00011809166
0.707868763,0.00013019225
0.701507528,0.00013128146
0.692188148,0.00013195342
0.71882967,0.00012973997
0.712965085,0.00013094186
0.729236474,0.00012931468
0.682411478,0.00013192654
0.688003409,0.00013193903
0.696126739,0.0001312478
0.665821124,0.00013214123
0.667192532,0.00013204972
0.668346958,0.00013190461
0.654333205,0.00013217941
0.657178122,0.00013215333
0.643935207,0.00013213913
0.68230007,0.00013148875
0.681877348,0.000131734
0.695781414,0.00013090739
0.729253438,0.00012776491
0.740937523,0.0001272784
0.75529115,0.00012687895
0.758936649,0.00012479263
0.768374456,0.0001244067
0.78937954,0.00012156501
0.804558273,0.00012285233
0.79110494,0.00012216963
0.780118608,0.00012485016
0.837071136,0.000119802855
0.864060682,0.00011677531
0.809565368,0.00011882526
0.526579922,0.0001275616
0.522871402,0.00012769597
0.502215737,0.00012619232
0.635852765,0.00013206579
0.641934216,0.00013216598
0.649580397,0.00013216877
0.622938084,0.00013182372
0.630087515,0.00013203674
0.609636197,0.00013146069
0.661245608,0.00013203136
0.655853454,0.00013211995
0.649577256,0.00013217886
0.553891495,0.00012896764
0.57550888,0.00013023512
0.595610817,0.00013120756
0.549454417,0.00012903799
0.571736939,0.00013025936
0.546561316,0.00012911028
0.590813152,0.00013075073
0.593570247,0.00013099315
0.57309323,0.00012992034
0.614031003,0.00013176759
0.611819626,0.00013162693
0.632131088,0.00013210255
0.510354593,0.00012667348
0.528590837,0.0001279783
0.536214656,0.00012812136
0.485538723,0.00012694328
0.519300873,0.00012813785
0.509596313,0.00012803182
0.770813034,0.000117378484
0.783856939,0.00011558205
0.795698007,0.0001135108
0.785463971,0.000117218566
0.811139636,0.00011529745
0.817989822,0.000117445445
0.852726064,0.0001131597
0.887477657,0.00011379627
0.867260231,0.00011559249
0.777848938,0.00011802391
0.749763993,0.0001173155
0.753575366,0.00011633686
0.759599775,0.00011793315
0.757900174,0.00011681521
0.767767702,0.0001176732
0.767837081,0.000114353854
0.770035317,0.00011618211
0.756871389,0.00011539142
0.852848285,0.00011762801
0.796571017,0.00011761822
0.805372411,0.00011791023
0.764742449,0.00011705522
0.770750531,0.00011758185
0.784484028,0.000117482436
0.833340855,0.000110386405
0.807545299,0.00011403219
0.807103274,0.000117844356
0.834186155,0.00011201163
0.817443884,0.00011534711
0.867741452,0.00011374225
0.869716695,0.00010691487
0.873999954,0.000109208406
0.875447949,0.00011218443
0.814363904,0.00010912182
0.858855985,0.00011114171
0.809263424,0.00011135801
0.87623027,0.000108248736
0.876651027,0.00011017889
0.899048087,0.00010707449
0.678855978,0.00013115349
0.696483832,0.0001299477
0.72190297,0.00012831815
0.675777271,0.00013141416
0.693691743,0.00013033037
0.671273989,0.0001316423
0.70325273,0.00012962581
0.736831034,0.00012691159
0.786854688,0.00012365491
0.707045426,0.00012899956
0.755174435,0.00012599613
0.689750813,0.0001304562
0.840202671,0.000114531875
0.834968957,0.00011962846
0.783040094,0.0001243772
0.857608188,0.0001170381
0.828541886,0.00012172994
0.832113753,0.000119388395
0.835079459,0.00011131765
0.839528549,0.00011270871
0.835910346,0.000115344614
0.552189927,0.00012938681
0.582870828,0.0001306315
0.608958138,0.0001315359
0.558202723,0.0001294542
0.59076446,0.00013064296
0.564296059,0.0001295192
0.595757411,0.00013133108
0.600103594,0.0001314403
0.574991864,0.00013045498
0.619542705,0.0001319862
0.641689902,0.00013216259
0.663516598,0.0001316662
0.619513274,0.000132031
0.640976876,0.0001321485
0.621713534,0.00013206746
0.65429832,0.00013208271
0.658510307,0.00013191388
0.636897947,0.00013217416
0.678429839,0.0001312926
0.705479268,0.00012971651
0.682384577,0.0001308619
0.530272544,0.00012759851
0.510598624,0.00012684679
0.523505894,0.00012776227
0.539156666,0.00012720072
0.527121843,0.000126638
0.538895084,0.00012732063
0.558974536,0.00012959074
0.590247001,0.00013066627
0.62114492,0.00013147385
0.544436117,0.0001294321
0.580216096,0.00013049452
0.542450797,0.00012928367
0.596177447,0.0001306563
0.619429978,0.00013151736
0.625487039,0.00013149674
0.540822913,0.00012878208
0.561686577,0.00012952456
0.573823278,0.00013017186
0.548031674,0.00012858753
0.568249093,0.00012931736
0.555318249,0.00012840188
0.578334885,0.00013062826
0.565009258,0.00013000856
0.603245458,0.00013106885
0.763433165,0.00011504377
0.788917876,0.000113385024
0.820083066,0.00011134871
0.762492603,0.0001136077
0.79173037,0.00011147125
0.770638588,0.000112208334
0.837198021,0.000107611224
0.793202755,0.0001099724
0.835549593,0.00010923696
0.789113958,0.00011769858
0.770242536,0.00011759909
0.733924403,0.000117281445
0.779148338,0.00011715269
0.754841959,0.00011657213
0.766026681,0.00011624834
0.787736444,0.000113689755
0.769742944,0.00011514871
0.749079544,0.00011572202
0.802510616,0.0001179151
0.858951601,0.000117776486
0.800819532,0.000118424585
0.756874471,0.000118371216
0.788023134,0.000118212905
0.774892394,0.00011895994
0.856960313,0.000107646185
0.883487117,0.00010580708
0.896274591,0.000105068735
0.84958277,0.000105013765
0.860582544,0.000103589395
0.830267362,0.000102585334
0.845600235,0.000108447806
0.832792802,0.00010562509
0.83011656,0.0001097617
0.872496159,0.0001050616
0.868531166,0.000106562366
0.848500645,0.00010889606
0.870389424,0.00010384301
0.86021442,0.00010617287
0.872299768,0.00010333933
0.845395324,0.00010118921
0.86433088,0.00010295303
0.86687838,0.000101497404
0.835201458,0.000106402134
0.826671625,0.00010915648
0.824287696,0.00011188626
0.815769911,0.0001044543
0.821656762,0.00010708494
0.825502725,0.00010317822
0.698312422,0.00012975918
0.723604074,0.00012824932
0.750562294,0.00012651813
0.742780526,0.00012645267
0.775773222,0.00012438875
0.79243632,0.00012191854
0.829633469,0.00011662602
0.83720902,0.000119142125
0.80624079,0.00012192162
0.855213799,0.00011129911
0.844214444,0.00011666952
0.840930062,0.00011403091
0.632387085,0.00013211489
0.653375455,0.00013207422
0.674469332,0.00013130953
0.641255182,0.00013209823
0.661641724,0.00013210249
0.651779678,0.00013207887
0.665802798,0.00013154946
0.669541779,0.00013143008
0.643651238,0.00013211551
0.70180281,0.0001292634
0.701561748,0.00012950992
0.737098753,0.00012602638
0.552977544,0.0001277404
0.552063948,0.00012787184
0.550415379,0.00012800607
0.557342272,0.00012837854
0.558471772,0.00012852196
0.561759762,0.00012899558
0.564221366,0.00012938453
0.563385562,0.0001289153
0.568440803,0.00012977773
0.549967241,0.00012735254
0.552253637,0.00012760246
0.545193799,0.00012690709
0.555252702,0.0001279868
0.559129683,0.00012860323
0.557486113,0.00012821586
0.568402765,0.00013084472
0.566867163,0.00013027748
0.564699458,0.0001296573
0.568694315,0.0001306447
0.567557876,0.00013004076
0.570736891,0.00013042125
0.640449618,0.0001314427
0.646398054,0.00013212081
0.646888506,0.00013207515
0.657464072,0.00013139489
0.658653528,0.00013211132
0.66862433,0.00013135024
0.576806196,0.00013105897
0.595065889,0.00013144722
0.624769623,0.00013178182
0.579673144,0.00013173583
0.601571434,0.0001319956
0.585458956,0.00013212515
0.569190198,0.00013140289
0.570912509,0.0001312418
0.573157533,0.00013184897
0.619758899,0.00013196301
0.600561612,0.0001321693
0.625754494,0.00013216746
0.811004771,0.00011169302
0.770779834,0.00011440156
0.731430324,0.00011662326
0.786994319,0.000112618516
0.739476388,0.000115579336
0.747303991,0.0001140799
0.798132021,0.00011046646
0.848837911,0.00010666475
0.8342635,0.00010934785
0.72241021,0.0001182906
0.743017053,0.000119349366
0.76424554,0.00011984916
0.7209525,0.00011954769
0.738657073,0.00012048108
0.735382592,0.00012094675
0.719154619,0.00011722277
0.712951,0.00011793261
0.726233669,0.000119499244
0.805502601,0.00011989055
0.869720309,0.00011944767
0.784900221,0.00012074022
0.726958665,0.000121722995
0.75475039,0.00012086356
0.710910394,0.00012190548
0.880064234,0.00010351487
0.833477982,0.000107579144
0.772596823,0.000111864254
0.888630421,0.00010436774
0.829420061,0.00010909251
0.866429808,0.00010589234
0.873617133,0.00010024395
0.896568311,0.00010004568
0.901525513,0.00010056756
0.874817184,9.7816584e-05
0.91452802,9.714376e-05
0.897393517,9.634338e-05
0.835174878,0.000100196376
0.853841499,9.932075e-05
0.85540374,9.80981e-05
0.837578627,0.00010176129
0.83405747,0.00010061681
0.857114493,9.830123e-05
0.859386781,0.000106250176
0.874383616,0.000106275555
0.854855105,0.00010647536
0.867256965,0.00011153816
0.841020209,0.00011194909
0.817367297,0.000117226395
0.856128613,0.000101302554
0.884881296,9.757535e-05
0.874370585,0.000101013655
0.654779966,0.00012989597
0.668417258,0.00012981024
0.684799984,0.00012973334
0.677989954,0.00012736405
0.692896129,0.00012726952
0.712613195,0.00012388686
0.731645882,0.00012314979
0.71732106,0.00012663256
0.759990314,0.00012248635
0.762365914,0.00011838109
0.783328017,0.000117737385
0.815661798,0.00011230799
0.56373294,0.00012939729
0.566865335,0.00012976126
0.573193301,0.0001300912
0.56313807,0.00012901284
0.567571972,0.00012938521
0.562130175,0.00012863081
0.567794041,0.00013059846
0.570629877,0.00013034676
0.566817841,0.00013001976
0.560117017,0.00012811608
0.564708283,0.0001283683
0.545702435,0.00012759471
0.567686393,0.00012887617
0.573670003,0.00012959713
0.573141732,0.0001290964
0.570491046,0.00013123621
0.576196674,0.00013156736
0.581702005,0.00013183449
0.573664625,0.00013100728
0.579689583,0.00013136264
0.576935583,0.00013076793
0.571066606,0.00013171605
0.574886196,0.00013205259
0.575574486,0.00013195469
0.633364642,0.00013078995
0.643266016,0.00012989923
0.656737482,0.00012874174
0.61665902,0.0001315923
0.628637787,0.00013101683
0.602826812,0.00013203477
0.655235399,0.00012874145
0.685029448,0.00012566337
0.666685114,0.00012730443
0.606939254,0.00013189923
0.596910219,0.00013210854
0.588415464,0.00013217921
0.626788964,0.00013128988
0.613263789,0.00013174905
0.642060717,0.00013025397
0.589996989,0.0001321655
0.58395966,0.00013211492
0.582843535,0.00013216415
0.748015043,0.00011597181
0.74198917,0.00011905152
0.738891802,0.000121128716
0.763118879,0.00011816516
0.736161058,0.00012100271
0.75122523,0.00012048473
0.780678952,0.0001140724
0.781042014,0.00011664999
0.817496878,0.00011155962
0.800084183,0.000121564946
0.731998529,0.00012329778
0.726190207,0.0001224711
0.691555827,0.00012511012
0.681937038,0.00012408904
0.67845115,0.00012290756
0.682504528,0.00012520046
0.67190543,0.00012390979
0.692207205,0.00012483334
0.695658612,0.00012293523
0.698724347,0.00012380758
0.720516894,0.00012239923
0.708586099,0.00012301817
0.712713222,0.000122843
0.699919024,0.00012446303
0.786704495,0.00011512928
0.805351801,0.00011163856
0.834880674,0.00010848128
0.775951973,0.00011756452
0.798847859,0.000114457456
0.77437795,0.000119333105
0.860719267,0.00010259164
0.835489026,0.000105163475
0.823333426,0.00010844393
0.857626137,9.937036e-05
0.854931988,0.0001017519
0.89338452,9.64766e-05
0.918851447,9.5236996e-05
0.943300993,9.5205716e-05
0.902758699,9.767029e-05
0.974934527,9.451624e-05
0.977059754,9.463705e-05
0.940304432,9.5245654e-05
0.963878481,9.284355e-05
0.957904523,9.379949e-05
0.932523126,9.3539966e-05
0.894668928,0.000101760896
0.927721437,9.7359116e-05
0.956329515,9.767173e-05
0.691240901,0.00012452355
0.702390093,0.00012250175
0.735518762,0.0001204184
0.747002792,0.000118635275
0.767632074,0.00011633295
0.81790699,0.00011176473
0.795069757,0.0001141928
0.843696162,0.00010788437
0.836352449,0.00010965937
0.892482801,0.00010432778
0.898772324,0.00010284946
0.947627413,9.837068e-05
0.580801368,0.00013039424
0.588717597,0.00013066625
0.59487077,0.00013091003
0.581843424,0.00012991522
0.590371618,0.00013020194
0.583104429,0.0001294238
0.584391806,0.00013102764
0.586992098,0.0001315692
0.591967442,0.00013125733
0.572115987,0.00012885676
0.57829801,0.00012908225
0.554600254,0.0001282687
0.590180413,0.00012964878
0.596698257,0.00013039196
0.592278925,0.00012984299
0.590473329,0.00013207634
0.604859331,0.00013217791
0.62153142,0.00013211055
0.595442786,0.00013189221
0.601696233,0.00013210236
0.595472933,0.00013163891
0.609096428,0.0001319847
0.617651573,0.0001320553
0.593846439,0.0001321779
0.647312354,0.00013073478
0.692695064,0.00012832701
0.72926745,0.00012435563
0.650297435,0.00013096927
0.693457638,0.00012874069
0.65298708,0.00013118592
0.664961378,0.00012939546
0.679638533,0.00012753831
0.711841688,0.00012608712
0.727616069,0.00012259488
0.781570032,0.00011603654
0.758947499,0.000120374076
0.830394901,0.00012321126
0.801289865,0.00012512415
0.765754223,0.00012466384
0.81009126,0.00012460935
0.814249042,0.00012518882
0.852834789,0.00012260786
0.767614723,0.00011871516
0.774109384,0.00012157957
0.812568549,0.00011650328
0.905465011,0.00010476532
0.890656755,0.00010122838
0.885161633,9.843171e-05
0.866360179,0.00010851248
0.854683268,0.00010483431
0.825586348,0.00011205103
0.703885389,0.00012590928
0.714548545,0.00012648587
0.700351037,0.00012680353
0.712951918,0.00012486737
0.72562378,0.00012497621
0.739380243,0.00012283886
0.75464572,0.00012210761
0.726280791,0.00012461269
0.756928179,0.000120814104
0.701282431,0.00012826477
0.721256137,0.00012707597
0.721587141,0.0001256615
0.721427298,0.00012778906
0.748579242,0.00012634402
0.764380876,0.00012686261
0.705960351,0.0001262022
0.713888759,0.00012736974
0.698337813,0.00012631445
0.700005133,0.00012787187
0.708942889,0.00012720122
0.701649632,0.0001282966
0.709204831,0.00012421915
0.755321943,0.0001214741
0.783338374,0.0001183835
0.690290428,0.00012567983
0.733025999,0.00012341511
0.692090636,0.00012649412
0.829622317,0.00011565763
0.784124213,0.00011918787
0.856494042,0.000112342124
0.771611937,0.00010420031
0.774462164,0.0001099405
0.798128449,0.000102114114
0.824353664,8.598897e-05
0.794274854,9.182905e-05
0.835211482,8.338512e-05
0.930575331,9.818682e-05
0.962583526,9.352164e-05
0.984381292,9.122563e-05
0.922972962,9.573236e-05
0.964567919,9.24012e-05
0.924695806,9.416421e-05
0.975543979,9.258956e-05
0.958771715,9.220514e-05
0.982021369,9.148693e-05
0.859161779,0.00010730911
0.881261552,0.00010292621
0.910624704,9.892995e-05
0.813996053,0.00011161143
0.825694054,0.000106984706
0.772888314,0.000116288815
0.92868348,0.00010030192
0.967856982,9.532732e-05
0.959228553,9.6782656e-05
0.985643516,9.1369344e-05
0.968037918,9.386726e-05
0.982707845,9.292836e-05
0.597614321,0.00013122478
0.599773113,0.0001314928
0.597957881,0.00013171847
0.599799056,0.00013073192
0.603786428,0.00013103
0.595435616,0.00013019382
0.597284113,0.00013185907
0.607030287,0.00013217288
0.598209585,0.00013202446
0.576197331,0.00012946513
0.572393383,0.00012961435
0.559115949,0.00012877579
0.591463576,0.00013035313
0.590019657,0.00013116037
0.575058595,0.00013048225
0.643658659,0.00013175032
0.672460963,0.00013098634
0.693798921,0.00012968009
0.624773381,0.0001321072
0.647140658,0.00013174459
0.609982414,0.00013217216
0.683092308,0.0001300194
0.714015409,0.0001264223
0.715024224,0.00012821492
0.726230609,0.00012531214
0.736537346,0.00012289995
0.73740079,0.00012030042
0.748894876,0.000118366566
0.755365151,0.00011535312
0.782299136,0.00010989349
0.834001637,0.00010556607
0.787024,0.00011099491
0.878500663,0.00010187984
0.895242711,9.675834e-05
0.959268355,9.3871044e-05
0.977083174,9.202603e-05
0.905112266,9.914196e-05
0.955728236,9.5829506e-05
0.91629651,0.00010185357
0.75359101,0.00011603164
0.752949779,0.00011149828
0.74830918,0.00010567716
0.736702946,0.00011758812
0.730650488,0.00011307302
0.7178308,0.00011911202
0.670714908,0.00012807416
0.713503739,0.00012671424
0.761813424,0.00012515995
0.693036955,0.0001251825
0.727310409,0.00012345557
0.737306717,0.000120739845
0.714035699,0.0001235672
0.684349169,0.00012637889
0.722816703,0.00012219176
0.804978476,0.0001265874
0.797216344,0.0001285659
0.750875706,0.00012973118
0.792039122,0.00012701968
0.76025076,0.00012854894
0.775449041,0.00012708658
0.736485078,0.00012827151
0.717573394,0.00012942679
0.694603122,0.00012893308
0.73109539,0.00012910429
0.782902817,0.000129587
0.783788673,0.00012794556
0.770512138,0.00011555707
0.792181423,0.0001118729
0.865372101,0.00010819983
0.749180076,0.0001191865
0.795461633,0.000115837705
0.738258126,0.00012209572
0.789364821,0.0001089208
0.836965252,0.00010232455
0.849133903,0.000105212246
0.829425088,0.00010689567
0.832862344,0.00010312402
0.848380525,9.96946e-05
0.808478815,0.00010981491
0.811503692,0.00010596016
0.790051488,0.00011274835
0.700120426,0.00013047349
0.671245838,0.00013072265
0.676250859,0.00013052631
0.67618676,0.00012998926
0.664615009,0.00013007181
0.667638608,0.00012932323
0.66588413,0.00012832915
0.673495892,0.00012908978
0.667633621,0.00012956989
0.67766225,0.00012763654
0.666346864,0.00012819187
0.681731313,0.00012954779
0.702380223,0.00012777712
0.7004738,0.00012672758
0.705091643,0.00012553712
0.700730725,0.0001294088
0.691704687,0.00012858961
0.696258855,0.00013022273
0.721883129,0.00012495369
0.752013441,0.000120866745
0.725239587,0.00012358665
0.825954264,8.634949e-05
0.795091917,9.289454e-05
0.765411451,9.917998e-05
0.793950165,9.232694e-05
0.765152901,9.843801e-05
0.762640999,9.775764e-05
0.726096759,0.000107408276
0.714078329,0.000114030954
0.733872652,0.000106527164
0.869655125,7.690518e-05
0.903426277,6.871279e-05
0.881895526,7.4044925e-05
0.838794071,8.3828534e-05
0.849648805,8.120011e-05
0.80796923,9.065097e-05
0.703126424,0.00011942978
0.705265292,0.00011410895
0.733205862,0.00010716059
0.688523517,0.000119698525
0.709492817,0.00011415256
0.690468393,0.00011992732
0.871307165,0.00010064609
0.936045588,9.750528e-05
0.960446067,9.517321e-05
0.9501627,9.416236e-05
0.984504662,9.247234e-05
0.97981574,9.091033e-05
0.949791534,9.24784e-05
0.974430354,9.049528e-05
0.98247537,9.103327e-05
0.985628043,9.052552e-05
0.985386289,9.064521e-05
0.985619646,9.1656664e-05
0.588645128,0.00013193159
0.583237028,0.00013208512
0.594761942,0.00013216902
0.566132767,0.00013143964
0.567491773,0.0001316816
0.560965924,0.00013078518
0.613878434,0.00013215723
0.647209019,0.00013125013
0.612520761,0.00013201791
0.553675221,0.00012987657
0.556116329,0.00012999427
0.53555703,0.00012893962
0.566937812,0.00013092838
0.585178957,0.00013179841
0.575367719,0.00013105465
0.687062926,0.0001280334
0.693230251,0.00012579546
0.738339826,0.00012294603
0.639496564,0.00013032531
0.667686317,0.00012894017
0.618063767,0.00013163671
0.724379751,0.00012233586
0.763214449,0.00011430476
0.746446552,0.00011877937
0.86854486,0.0001007594
0.823504338,0.000107859145
0.782523435,0.00011578451
0.844911607,0.00010346553
0.794492143,0.00011103088
0.809891398,0.000106564476
0.906587503,9.5905845e-05
0.888700639,9.802784e-05
0.948464625,9.26829e-05
0.915037716,9.494885e-05
0.928886824,9.1829126e-05
0.955850718,9.046575e-05
0.904660927,9.534326e-05
0.940950747,9.204944e-05
0.89105401,9.595774e-05
0.856625407,0.000102207676
0.887986155,9.814669e-05
0.869141648,9.882639e-05
0.706461332,0.00012413396
0.700562698,0.00012764607
0.706752707,0.00012987145
0.691664409,0.00012706754
0.673789774,0.00012938418
0.654731744,0.00012878618
0.681778567,0.00012491885
0.694057813,0.0001280481
0.692306445,0.0001245533
0.647771038,0.00013023484
0.674124498,0.00013132239
0.6878194,0.00013178636
0.727134249,0.00013060168
0.71415035,0.00013135791
0.745426416,0.00013068363
0.695491974,0.00013115603
0.691236112,0.00013160847
0.677176055,0.00013121603
0.679663264,0.00013114871
0.661321934,0.00013164085
0.639896198,0.00013074797
0.812231478,0.000108358014
0.850434394,0.00010322578
0.890629965,9.864435e-05
0.82622316,0.000107815875
0.858543041,0.00010267942
0.835344772,0.000107330554
0.783027102,0.00011841619
0.760948662,0.00012321858
0.736780007,0.0001267209
0.785734006,0.00012104896
0.773171059,0.00012525731
0.775026522,0.00012338281
0.805166761,0.000112988906
0.797227684,0.0001157932
0.786037908,0.000118670985
0.799102156,0.00011339947
0.771513894,0.000119018514
0.786384044,0.00011383667
0.716892285,0.00013131867
0.717908616,0.00013118603
0.702209642,0.00013092866
0.697946363,0.00013177004
0.698433244,0.00013155887
0.695216989,0.0001318829
0.717226603,0.00012944241
0.714597328,0.00013047594
0.724610596,0.00013058164
0.742204279,0.00012876575
0.737101637,0.00013018571
0.768930804,0.0001277539
0.777640143,9.804362e-05
0.815724551,8.911964e-05
0.856170344,7.928901e-05
0.791600322,9.6879114e-05
0.828407416,8.757797e-05
0.806186095,9.5715506e-05
0.763200301,0.00010567066
0.722009226,0.000113756585
0.748720161,0.00010642745
0.89560733,6.7015644e-05
0.927466116,5.6046814e-05
0.911895829,6.284887e-05
0.871846709,7.55412e-05
0.892098747,7.1683244e-05
0.849307725,8.427035e-05
0.677936746,0.00012403562
0.661590369,0.00012713231
0.665999548,0.00012929682
0.681483269,0.00012767797
0.684867985,0.00012960861
0.70568368,0.00012979582
0.732131931,0.00011676483
0.717998738,0.00011792577
0.700840071,0.00011898642
0.755562753,0.00011071733
0.739938249,0.00011229503
0.781059845,0.000103629725
0.700425107,0.00012269069
0.67353679,0.00012674303
0.68583413,0.00012341014
0.894571102,9.600614e-05
0.922293046,9.27096e-05
0.949110865,9.091895e-05
0.914897965,9.307939e-05
0.924634658,9.122979e-05
0.939170757,9.190292e-05
0.940151338,9.2594026e-05
0.944487761,9.154728e-05
0.933447019,9.0839945e-05
0.604625876,0.00012951817
0.602061216,0.00012848529
0.627380899,0.00012952609
0.647082902,0.00012964138
0.641098559,0.00012845326
0.630533703,0.00012974825
0.565391671,0.00012879557
0.56685734,0.00013002173
0.574502789,0.00012994812
0.589395678,0.00013138767
0.619610188,0.00013216329
0.664825312,0.0001313252
0.597329424,0.00013137235
0.651681677,0.00013216765
0.621955381,0.00013136126
0.617243087,0.00013214035
0.632340481,0.000131889
0.602209295,0.00013202784
0.663181629,0.0001308569
0.742303698,0.00012677824
0.695460641,0.00012959435
0.844931438,0.00010650345
0.792792064,0.00011765073
0.725610362,0.00012681894
0.818118898,0.00011189628
0.777792668,0.00012268312
0.796664688,0.00011768542
0.855713573,0.00010237506
0.849327054,0.00010429045
0.820895107,0.000109770575
0.884294587,9.738249e-05
0.914052158,9.42385e-05
0.878392149,9.908792e-05
0.929764325,9.634869e-05
0.928637749,9.807319e-05
0.922180203,0.000100127996
0.960804956,9.383719e-05
0.955074886,9.545498e-05
0.966559227,9.262373e-05
0.835560435,0.000105072104
0.886039762,0.0001022863
0.887096955,0.000100329664
0.715930766,0.00013204233
0.712244904,0.00013201236
0.692604948,0.00013193149
0.71818431,0.00013174523
0.696086447,0.00013173281
0.723599854,0.00013108863
0.691376844,0.00013102051
0.711111693,0.00013176833
0.716697801,0.00013109007
0.731133001,0.0001321044
0.720137735,0.00013198296
0.71187262,0.00013174023
0.728896731,0.0001320753
0.708904104,0.00013197071
0.704716769,0.00013198271
0.730975038,0.00013213785
0.727480468,0.0001320786
0.723059099,0.00013212547
0.779584518,0.00011223269
0.764246835,0.00011743716
0.755229234,0.00012206283
0.790177336,0.00011594771
0.762287695,0.00012067576
0.808988008,0.00011934352
0.818145474,0.00010894977
0.828109583,0.00011281746
0.873198976,0.0001060502
0.733730731,0.00013198778
0.758270497,0.00013159313
0.766563837,0.00013062048
0.729486775,0.0001317164
0.746565401,0.00013100688
0.726963136,0.0001312342
0.760471578,0.00012675431
0.750281093,0.00012975659
0.749792367,0.00012910856
0.768039734,0.00012470642
0.747286507,0.00012577641
0.755318359,0.00012843583
0.695249716,0.00013184879
0.697900566,0.00013196564
0.705290298,0.0001320234
0.686611246,0.00013141173
0.694542003,0.00013164009
0.677426869,0.00013061154
0.823593685,9.480588e-05
0.867841932,8.28906e-05
0.911235429,6.981907e-05
0.845247291,9.4034745e-05
0.8890787,8.165256e-05
0.875069511,9.343648e-05
0.771769202,0.00011052813
0.798734142,0.00010312615
0.823506732,0.00010276716
0.93126129,5.2701533e-05
0.949803111,3.9181246e-05
0.928497198,4.6982106e-05
0.912540544,6.416645e-05
0.909507469,5.8549474e-05
0.900344383,7.6673925e-05
0.724117679,0.000120403
0.770632703,0.00011511453
0.829369801,0.00010834013
0.72130556,0.00012353205
0.765250876,0.000119247794
0.715333903,0.00012607982
0.696838481,0.00012530862
0.698452226,0.00012740628
0.68127071,0.00012848905
0.691491142,0.00013110893
0.686598665,0.00013010515
0.694779555,0.00012940045
0.629432615,0.00012987862
0.601433586,0.00012887947
0.611629191,0.00012970905
0.654110693,0.0001313942
0.654353764,0.00013097249
0.651156535,0.00013052461
0.634012403,0.00013085568
0.633244195,0.0001303708
0.613193937,0.00013023525
0.640931203,0.00013148537
0.620213366,0.0001309596
0.60656508,0.0001303482
0.632590952,0.00013159077
0.614898606,0.00013108473
0.635383141,0.00013170564
0.629233363,0.00013110488
0.616489986,0.00013033848
0.643952714,0.00013037283
0.9284328,9.629413e-05
0.90332548,9.730783e-05
0.879856053,0.00010073582
0.939948836,9.444279e-05
0.910627149,9.5570475e-05
0.9496882,9.298256e-05
0.962416864,9.3864925e-05
0.940110896,9.6864336e-05
0.941124291,9.547735e-05
0.657474595,0.0001309582
0.647338124,0.00013101555
0.629253748,0.0001311006
0.675206779,0.00013197238
0.673102045,0.00013200611
0.713026249,0.00013203973
0.658429185,0.00013202541
0.658123508,0.00013158451
0.684599063,0.00013217799
0.67438274,0.00013210802
0.702191239,0.00013162495
0.722723297,0.00013186953
0.875034573,0.00011580752
0.838750149,0.00012441727
0.768905204,0.00012993069
0.837442708,0.0001227548
0.782495158,0.0001291506
0.724779813,0.00012832528
0.856331391,0.00010934614
0.887129981,0.00011250072
0.800650557,0.00012022406
0.894508004,0.00010355969
0.907325449,9.99762e-05
0.892869572,0.00010681746
0.940765552,0.00010411801
0.946398358,0.00010014145
0.94078385,9.7409444e-05
0.924771991,0.000102456
0.933733796,9.831389e-05
0.920586371,0.000101096404
0.869864012,0.00011355791
0.890688322,0.000109853616
0.911313574,0.0001066334
0.887937731,0.000108996595
0.907808459,0.00010535137
0.907327298,0.000104404
0.862818683,0.00011526923
0.866006721,0.00011073573
0.842507777,0.00011723118
0.721793156,0.00013214466
0.716025733,0.00013216311
0.71087259,0.00013216912
0.741169478,0.00013204974
0.729654272,0.00013208532
0.767688689,0.00013169473
0.706457449,0.0001321206
0.7115925,0.00013217115
0.70600415,0.00013214296
0.709467193,0.00013217184
0.710119982,0.00013214763
0.717221405,0.00013216298
0.817960799,0.00012215207
0.781143962,0.0001266532
0.773007283,0.00012960358
0.808603246,0.00012454258
0.789025068,0.00012820755
0.795867065,0.0001265101
0.838050963,0.00012031456
0.819009708,0.00012299136
0.845593241,0.00011857519
0.733436609,0.00013137684
0.754200472,0.00013118552
0.774313579,0.00013093618
0.716732066,0.00013190675
0.743948851,0.00013182266
0.713607315,0.00013211666
0.754453509,0.00013042342
0.77699467,0.00012884718
0.770798437,0.00013004977
0.699720379,0.00013191561
0.691096751,0.00013126932
0.690473406,0.00012975761
0.69732087,0.0001319527
0.682874978,0.00013138712
0.691935751,0.00013196703
0.713647712,0.0001321343
0.715502086,0.00013213552
0.71871865,0.00013217087
0.947395918,3.6231977e-05
0.97846438,2.3937922e-05
0.973998899,3.1608208e-05
0.954102748,4.6854682e-05
0.883598484,7.173243e-05
0.819852597,9.617718e-05
0.924823301,5.2015817e-05
0.877104365,7.6935146e-05
0.905451853,5.7840767e-05
0.893922572,9.386222e-05
0.894077289,7.650771e-05
0.862079294,9.4752606e-05
0.844204378,0.00010927394
0.806388673,0.000110554414
0.769514061,0.00012012822
0.707741656,0.0001276544
0.737140068,0.00012301114
0.764248845,0.00011514233
0.690843807,0.00012892301
0.713589748,0.00012550398
0.679163055,0.00012990131
0.672984163,0.00013095058
0.67485573,0.00013160925
0.681438269,0.00013045283
0.986968898,1.9235576e-05
0.985651487,2.3011222e-05
0.987291153,1.4403208e-05
0.986790492,1.3372623e-05
0.9874,1.4697233e-05
0.9874,1.0081158e-05
0.635384151,0.00013044734
0.618553295,0.0001308083
0.610727974,0.0001299172
0.655679093,0.00013088644
0.661933992,0.00013155722
0.665295596,0.00013201134
0.645402403,0.00013119206
0.653751168,0.00013176557
0.630902277,0.00013146596
0.666076693,0.00013164456
0.667843009,0.00013185231
0.663108153,0.0001312834
0.666750977,0.00013189545
0.684945662,0.0001321596
0.707285948,0.00013209503
0.673916858,0.0001320404
0.68572432,0.00013217892
0.673936747,0.00013213478
0.66072523,0.0001319663
0.661656134,0.00013203775
0.691797033,0.00013217716
0.746753966,0.00013116813
0.708234131,0.00013203827
0.668912622,0.00013214265
0.72332795,0.00013153818
0.687200612,0.00013215166
0.715203749,0.00013183376
0.739487609,0.00013163216
0.728466138,0.00013192795
0.701135154,0.00013215655
0.95977786,0.000104392515
0.906495877,0.00010602606
0.868021569,0.00011000791
0.940702689,0.00010142292
0.897656504,0.00010285136
0.931966889,9.868654e-05
0.969254952,0.00010241765
0.976557763,0.00010235969
0.957238047,9.976769e-05
0.843805733,0.00012174375
0.793066433,0.00012683438
0.751957792,0.00013044663
0.83335155,0.00011981545
0.801160883,0.00012566827
0.841371165,0.00011780025
0.778335516,0.00012923908
0.761104214,0.00012985116
0.809502765,0.0001260734
0.927674497,0.00010879013
0.890211463,0.00011503865
0.870125392,0.00011250811
0.89745405,0.00010956952
0.916939225,0.00010663534
0.951559286,0.00010474814
0.921071555,0.00010786977
0.95687813,0.000104545434
0.936625973,0.0001060172
0.890786524,0.00011270256
0.892685406,0.00011132959
0.900174092,0.00010978675
0.850975393,0.00011668616
0.862577924,0.00011563555
0.815073764,0.000120845136
0.859239957,0.00011624639
0.843043656,0.00011871763
0.879058915,0.00011285499
0.833843697,0.000120740406
0.806987269,0.0001245799
0.813723181,0.0001226682
0.710818005,0.00013211701
0.731268617,0.00013212528
0.74936443,0.0001320343
0.730630546,0.00013215939
0.740635557,0.00013211508
0.721727007,0.00013215523
0.733947948,0.00013174363
0.727288967,0.0001320539
0.747205052,0.00013194297
0.743871993,0.00013101927
0.752315678,0.00013149445
0.75783654,0.00013176876
0.763459506,0.00013059875
0.765809042,0.00013118394
0.768786034,0.0001301272
0.771818079,0.000128035
0.786170298,0.00012490837
0.770101834,0.00012927625
0.786833619,0.00012653829
0.781410511,0.00012808385
0.76235458,0.00012987069
0.684805188,0.00013121165
0.691544274,0.00013175092
0.69337118,0.00013194147
0.680649366,0.00013169402
0.688591191,0.00013196726
0.685635625,0.00013197871
0.700285788,0.00013203635
0.724332212,0.00013206617
0.704361479,0.00013208737
0.723388173,0.00013117047
0.704058873,0.00013155857
0.696045439,0.0001317931
0.710946124,0.0001308379
0.697088944,0.00013140358
0.6903374,0.00013041751
0.9874,1.0642562e-05
0.98582438,1.1397749e-05
0.985647704,8.297749e-06
0.974787068,3.7920403e-05
0.980003853,3.2128275e-05
0.987070778,2.7382848e-05
0.955701513,5.167481e-05
0.971179781,4.52183e-05
0.923387247,6.87664e-05
0.898271356,7.7884615e-05
0.845009655,8.7245055e-05
0.927187042,6.1256476e-05
0.866345465,9.301306e-05
0.807503434,0.00011189906
0.770563184,0.0001231499
0.829583826,0.00010031376
0.778703092,0.0001163297
0.780542722,0.00010706546
0.743233749,0.00012638616
0.703008432,0.00012849605
0.743356869,0.00012178705
0.739415581,0.00013010683
0.723861387,0.00012938994
0.751943156,0.00012780193
0.963493623,2.9405333e-05
0.973593005,2.152325e-05
0.979877341,1.601774e-05
0.985103706,2.0257927e-05
0.984979405,1.4972762e-05
0.9874,1.4031624e-05
0.977303902,1.8919396e-05
0.958141499,2.9763773e-05
0.936415298,4.570116e-05
0.98165491,2.0619285e-05
0.967644922,3.2144933e-05
0.984635424,2.2610715e-05
0.939981247,5.2727977e-05
0.935755987,6.0450104e-05
0.973815904,3.818244e-05
0.948691451,3.424759e-05
0.936615505,3.9676874e-05
0.962793694,2.532988e-05
0.987002223,8.848774e-06
0.987275999,9.386294e-06
0.985148911,7.1941895e-06
0.604873369,0.00013145205
0.61921275,0.00013170554
0.5895008,0.00013116172
0.645874847,0.00013206198
0.635125928,0.00013193247
0.626510374,0.00013174329
0.659148457,0.00013216173
0.651459517,0.00013209943
0.667563618,0.00013216867
0.659598708,0.00013212593
0.662312701,0.00013217606
0.64524571,0.0001319669
0.674351209,0.00013217675
0.684645227,0.00013188676
0.695986657,0.00013108287
0.671519601,0.00013213235
0.678918084,0.00013171318
0.670628766,0.00013204254
0.686805604,0.00013209671
0.70450277,0.00013186509
0.701722155,0.00013151385
0.733625948,0.00013132964
0.754398055,0.00012962586
0.773614026,0.0001269411
0.726071162,0.00013078854
0.74467484,0.00012884272
0.718294941,0.00013018906
0.775892436,0.00013004288
0.776185963,0.00012859018
0.75706,0.00013079123
0.803739625,0.00012746321
0.835134996,0.00012376104
0.802782273,0.00012549435
0.88049543,0.000117822274
0.921673449,0.00011188984
0.93693845,0.00010744568
0.896983815,0.00011486082
0.907710502,0.00011043296
0.888594433,0.00011327531
0.802831877,0.00012238638
0.844811716,0.00012023319
0.857710959,0.00011738824
0.876141964,0.0001090971
0.883233777,0.00011025529
0.901171011,0.000107581865
0.850728962,0.000113730224
0.855928283,0.000112378504
0.873364267,0.0001121098
0.866610906,0.00011258351
0.86399518,0.000110827474
0.883737445,0.00011120789
0.875196363,0.00011829094
0.893072629,0.000115595874
0.900239867,0.00011262059
0.847664672,0.00011925152
0.871182678,0.00011615499
0.818226231,0.00012009723
0.877361725,0.0001163677
0.862935264,0.00011479046
0.885144989,0.0001138507
0.795451805,0.00012366686
0.77290326,0.00012694829
0.755643775,0.00012932072
0.803983212,0.00012554757
0.765845193,0.00012822873
0.789639103,0.00012660451
0.847001408,0.00012141446
0.82096464,0.00012265008
0.822760371,0.00012422533
0.699544931,0.00013194543
0.709881666,0.00013184505
0.717222807,0.00013160144
0.71247512,0.0001319644
0.728955784,0.00013177517
0.736279365,0.00013192177
0.761773312,0.00013096145
0.75415692,0.00013160214
0.743573473,0.00013139386
0.741827349,0.00013030478
0.725636646,0.00013086313
0.747128757,0.00012927844
0.718477824,0.00013155381
0.713112103,0.00013175384
0.704230719,0.00013184547
0.700366793,0.00013175778
0.696094932,0.00013185116
0.695352282,0.00013188257
0.690161689,0.0001318669
0.698843197,0.00013179245
0.696819171,0.0001318949
0.738597711,0.0001311249
0.749172401,0.00012997643
0.751616147,0.00012747613
0.750931755,0.00013107207
0.740915407,0.00012983444
0.742161907,0.0001309969
0.734628363,0.00013153546
0.745571824,0.00013150714
0.725245999,0.0001317464
0.9874,1.2614917e-05
0.987323368,1.1899588e-05
0.987203562,1.1224051e-05
0.98488888,1.638875e-05
0.98468476,1.5492742e-05
0.979393732,2.1712578e-05
0.978354895,2.4069002e-05
0.976510302,2.6626538e-05
0.985642153,1.8225535e-05
0.934781022,5.3750213e-05
0.947541312,4.4247397e-05
0.955477382,3.6105896e-05
0.958630608,4.069581e-05
0.968182063,3.2927615e-05
0.972029061,2.9937606e-05
0.889361022,7.214895e-05
0.808056184,9.828739e-05
0.732836314,0.00011649622
0.889556569,7.940213e-05
0.811201444,0.00010362589
0.87790687,8.6727385e-05
0.764739154,0.000121055135
0.81548944,0.00010779426
0.746770262,0.00011880394
0.726206706,0.00012929416
0.726202663,0.00012640233
0.715073158,0.00012522581
0.933671096,4.4382552e-05
0.897375946,6.346024e-05
0.855188204,8.3810824e-05
0.91661184,5.050715e-05
0.877952749,7.0055576e-05
0.907810165,5.7007797e-05
0.806015603,9.7258504e-05
0.761800335,0.00010821935
0.84226159,8.495628e-05
0.912463199,6.380555e-05
0.881685647,7.397758e-05
0.921833823,5.3559124e-05
0.987105465,1.0421881e-05
0.987392731,1.3373696e-05
0.987376142,1.7552153e-05
0.986857253,1.4402614e-05
0.986494926,1.8874825e-05
0.983294547,2.0259693e-05
0.987220001,9.382778e-06
0.987393841,1.2703968e-05
0.986307991,7.509402e-06
0.987396416,9.892841e-06
0.986142429,7.916772e-06
0.979828022,6.1430123e-06
0.627674846,0.0001320358
0.624931581,0.00013179294
0.632383933,0.00013197909
0.633753432,0.00013216476
0.642057296,0.00013215316
0.645739237,0.00013212793
0.657216397,0.00013217007
0.661304636,0.00013217564
0.681688577,0.00013207659
0.662800781,0.00013217889
0.674699417,0.00013213827
0.681649105,0.00013210156
0.676136516,0.0001318917
0.693310859,0.00013127625
0.714955344,0.00013038756
0.690723554,0.00013182889
0.709012009,0.0001312688
0.701183254,0.00013179646
0.674807051,0.00013148095
0.684720481,0.00013077921
0.693235028,0.00013053545
0.708464593,0.00012941324
0.727513155,0.00012704606
0.759221892,0.00012420375
0.704811118,0.00012914583
0.729121421,0.0001269568
0.717697432,0.00012900268
0.733867766,0.00012787589
0.76479459,0.00012580384
0.759281254,0.00012487396
0.801240818,0.000121424186
0.839763287,0.00011704508
0.798070629,0.00012081194
0.843626458,0.00011425272
0.835922058,0.00011521521
0.828503187,0.00011664365
0.85036463,0.000113712864
0.834899409,0.00011546179
0.860446675,0.00011429386
0.814188613,0.000118251904
0.79527342,0.00012094901
0.820916226,0.00011753565
0.846577937,0.00011543162
0.847367225,0.00011700958
0.866913963,0.00011842661
0.838233072,0.000115503426
0.855059078,0.00011673355
0.840026066,0.00011603982
0.855836056,0.00011675344
0.864285328,0.000118487755
0.856377976,0.000118483076
0.849984753,0.00012122721
0.83172699,0.00012377536
0.864021168,0.00012084508
0.760398138,0.00012770973
0.720779369,0.00012998955
0.695349318,0.00013122291
0.734071401,0.00012846955
0.692575218,0.0001304566
0.737677194,0.00012898097
0.755887271,0.00012703823
0.774302245,0.00012484458
0.800298741,0.00012270236
0.771606232,0.00012628976
0.817753402,0.00012384505
0.806668184,0.0001253169
0.880757773,0.00011993073
0.861628128,0.00012243487
0.846286029,0.00012134902
0.700120129,0.00013186071
0.718632471,0.00013179894
0.72615616,0.00013161887
0.687464054,0.00013182077
0.694824597,0.00013177416
0.691381488,0.0001316646
0.682623105,0.00013182641
0.683777467,0.00013172992
0.685721257,0.00013167823
0.695917512,0.00013129112
0.716028204,0.00013044677
0.682331206,0.00013133089
0.702014127,0.00013058068
0.719071697,0.00013077084
0.732211851,0.00013090436
0.718113352,0.00012899691
0.725020768,0.00012915357
0.719669494,0.00012505193
0.692612733,0.0001313617
0.687566238,0.00013163943
0.709099171,0.00013152439
0.744314809,0.00012892229
0.75938563,0.0001290979
0.758371572,0.0001291299
0.725778716,0.00013029383
0.725958326,0.00013044654
0.706140227,0.00013121222
0.974533711,2.9101664e-05
0.981260485,2.7290493e-05
0.983352989,2.5531435e-05
0.958843644,3.8896433e-05
0.965177047,3.6720838e-05
0.930494218,5.105565e-05
0.938408828,5.287526e-05
0.962807535,3.9797753e-05
0.932654072,5.1983625e-05
0.896859798,7.0256116e-05
0.835445884,8.675167e-05
0.778382011,0.00010098109
0.867871401,8.041079e-05
0.819058928,9.5719064e-05
0.845691342,8.989946e-05
0.886951469,6.949104e-05
0.881163224,6.867343e-05
0.824999622,8.61113e-05
0.797986738,0.0001054216
0.747956142,0.00011906253
0.718965936,0.0001257996
0.756981047,0.000114321636
0.722813651,0.00012379877
0.725090082,0.00012067888
0.697085739,0.0001296154
0.713386126,0.00012696288
0.701001885,0.00012811525
0.752443158,0.000113302056
0.736998043,0.00012115667
0.780215006,0.000109714616
0.952486402,4.0548235e-05
0.947057366,4.400323e-05
0.937973759,4.7514248e-05
0.969700569,3.0838288e-05
0.966496716,3.3722587e-05
0.980672461,2.3230587e-05
0.985486696,8.385445e-06
0.984474851,1.0096088e-05
0.987387678,1.1338793e-05
0.986232767,1.3970521e-05
0.98712716,1.5685553e-05
0.974084138,2.7758164e-05
0.981594767,2.0805559e-05
0.985264797,1.8548295e-05
0.974804381,6.4266355e-06
0.626023746,0.00013213701
0.64315109,0.00013217928
0.666813976,0.00013212931
0.637146242,0.0001321634
0.655095814,0.00013217183
0.620094937,0.0001320547
0.700445496,0.000131868
0.713560322,0.0001316451
0.723089152,0.0001314506
0.688582478,0.00013201807
0.704448758,0.00013191898
0.677316683,0.00013214067
0.716463301,0.00013141721
0.727663705,0.00013067301
0.727171526,0.00013102616
0.746048954,0.00012885219
0.795537018,0.00012701296
0.840947058,0.0001250685
0.754328933,0.00012950793
0.809026712,0.00012806302
0.751672202,0.00013020435
0.747132351,0.00012683352
0.765057756,0.00012420744
0.794545609,0.00012451338
0.796011472,0.000121434074
0.818480144,0.000119206474
0.810685998,0.00012213005
0.884702435,0.00011926977
0.87079669,0.000120095305
0.843312552,0.00012218181
0.875716658,0.00011823668
0.835523393,0.00011951738
0.8469769,0.0001173655
0.869860022,0.00011720033
0.882788637,0.0001181071
0.883451625,0.000118385375
0.872904911,0.000119416116
0.833549376,0.00012074539
0.864249649,0.000119532604
0.806192501,0.00012383003
0.79264757,0.00012575874
0.777451636,0.00012769455
0.833545416,0.00012469226
0.811620923,0.00012637807
0.812568327,0.00012525388
0.76403516,0.00012773195
0.786980011,0.00012647362
0.786137861,0.00012779224
0.894208586,0.00012220959
0.856877992,0.00012210789
0.814892754,0.00012225086
0.878835455,0.00012301399
0.846899498,0.00012330002
0.852218155,0.00012405038
0.877482131,0.00012121963
0.879245941,0.000120173296
0.840653296,0.00012083154
0.677851964,0.00013074346
0.675733783,0.00013050978
0.679070391,0.00012988392
0.68416873,0.00013121602
0.695778379,0.00013074045
0.6997945,0.00013134444
0.678282312,0.00013003705
0.696634048,0.0001289877
0.680366951,0.00012992874
0.726828973,0.00012949937
0.717691793,0.00013064835
0.701541825,0.00012982832
0.737221701,0.00012800413
0.722720929,0.000128593
0.700412198,0.00012896906
0.74834442,0.00012714657
0.730045495,0.00012772428
0.779692068,0.00012641904
0.752024549,0.00012688547
0.769592843,0.00012615029
0.770192898,0.00012578393
0.919791721,5.874981e-05
0.870772007,7.840453e-05
0.818135028,9.587971e-05
0.903590638,6.266805e-05
0.846241743,8.2139275e-05
0.888106834,6.650164e-05
0.827016097,8.423409e-05
0.789686793,9.780618e-05
0.770451024,9.9498786e-05
0.735589148,0.00011505112
0.736162762,0.00011386517
0.753339118,0.00011250353
0.725217381,0.00012247314
0.719290177,0.00012147983
0.726582387,0.00012581529
0.725614722,0.00012606621
0.732443362,0.000122004116
0.724871335,0.00012605594
0.711141575,0.00012866336
0.733390806,0.00012815924
0.705161541,0.00012930698
0.949508834,4.7005447e-05
0.975414328,3.258454e-05
0.986787213,2.1779144e-05
0.945073617,5.3908756e-05
0.97675868,3.8063892e-05
0.940389234,6.100406e-05
0.912434105,6.6260916e-05
0.902192887,7.361619e-05
0.862773709,8.546555e-05
0.967605192,4.4830624e-05
0.982859692,2.6111593e-05
0.985326704,1.4644256e-05
0.980845969,3.1123047e-05
0.985129885,1.7451093e-05
0.983842938,9.1561515e-06
0.65339931,0.00013214562
0.676614797,0.00013216474
0.701168151,0.00013197467
0.645019718,0.00013203525
0.670711441,0.0001321768
0.639554351,0.0001318971
0.733244689,0.00013135931
0.746936318,0.00013132258
0.749400797,0.00013129004
0.70607206,0.00013202355
0.715522871,0.00013207384
0.679794098,0.00013213216
0.783406766,0.00012982672
0.858584066,0.00012739569
0.814147943,0.00012953396
0.809307135,0.00012933888
0.878314737,0.00012696319
0.897093046,0.00012439441
0.853026225,0.00012682224
0.893029804,0.00012438605
0.887032653,0.00012461917
0.902632354,0.00012097496
0.897630234,0.00012281156
0.915320488,0.00012219418
0.909443749,0.00012223395
0.90152649,0.00012303983
0.903826983,0.00012159116
0.889537787,0.00012292313
0.869072724,0.00012336324
0.848974075,0.00012366979
0.910789009,0.00012297361
0.902466484,0.00012346628
0.915116545,0.0001237534
0.857502835,0.00012352227
0.81485128,0.0001243402
0.834995148,0.0001238128
0.798213471,0.00012479117
0.827364138,0.0001251525
0.829516039,0.00012418706
0.880037804,0.00012500228
0.865893168,0.00012450501
0.834899666,0.0001240484
0.861791878,0.00012528655
0.846503057,0.00012473432
0.823827239,0.0001257581
0.753180626,0.00012699486
0.76651747,0.0001270204
0.769906566,0.0001265974
0.749660447,0.00012814236
0.764025584,0.00012752296
0.718311352,0.00012868702
0.780074781,0.00012663507
0.739923946,0.00012772606
0.783830077,0.00012672557
0.846709613,0.00012561245
0.823123311,0.00012603212
0.799256298,0.00012618951
0.787003461,0.00010768878
0.826034642,9.976274e-05
0.871132002,8.9931775e-05
0.772656792,0.00011515728
0.807295592,0.00010965213
0.775097991,0.00011951463
0.745990884,0.0001186234
0.759470713,0.00012195482
0.734612999,0.00012403548
0.764084613,0.00012577066
0.770673712,0.00012446818
0.766439897,0.00012619405
0.927153105,7.4508134e-05
0.958237868,5.7461442e-05
0.981030997,4.1360596e-05
0.908644365,8.647011e-05
0.949151171,7.005351e-05
0.894171672,9.6107455e-05
0.86324006,9.982365e-05
0.842241489,0.00010704195
0.808100282,0.00011450032
0.948353796,7.8007935e-05
0.976290413,4.9315193e-05
0.9874,2.604522e-05
0.972288025,5.6680663e-05
0.984651931,3.1709726e-05
0.985509937,1.5341122e-05
0.670075614,0.00013047009
0.660782627,0.00013115029
0.706251745,0.000131719
0.688127261,0.00013194708
0.718150012,0.00013215232
0.657761041,0.00012946923
0.787411618,0.00012547878
0.812293904,0.00012530698
0.8561807,0.00012514504
0.78699918,0.0001256855
0.817955369,0.00012564957
0.77994909,0.00012606979
0.729241152,0.00013149185
0.730028684,0.00013217941
0.751986544,0.00013152424
0.746298049,0.00013217055
0.766744559,0.00013166766
0.786442559,0.00013174633
0.832079656,0.00012959237
0.88919046,0.00012713087
0.858684419,0.00012975994
0.839343023,0.00013031405
0.8949204,0.00012778185
0.920548142,0.00012540669
0.878013545,0.00012843762
0.919835156,0.00012603017
0.898462096,0.00012671707
0.857590775,0.00012395882
0.883723505,0.0001249629
0.906078527,0.00012438529
0.838552639,0.00012499023
0.869134476,0.00012519093
0.881305559,0.00012575624
0.888261662,0.00012440127
0.867037377,0.00012449524
0.847647358,0.00012397657
0.889098134,0.00012470761
0.874080294,0.00012468686
0.882109569,0.00012429534
0.843633922,0.00012494452
0.792631914,0.00012520884
0.816253545,0.00012501137
0.773886452,0.00012221014
0.792706525,0.00011914067
0.824439943,0.00011439143
0.767823067,0.00012372425
0.783039898,0.000121892495
0.780944136,0.00012470038
0.762268226,0.00012505347
0.766149586,0.00012536088
0.759554413,0.00012595224
0.801040911,0.00012568537
0.775535363,0.0001257621
0.7964047,0.00012553974
0.979455547,6.312243e-05
0.949959447,8.962978e-05
0.885139575,0.00010833908
0.941457509,8.465318e-05
0.882650282,0.00010540994
0.894638456,0.00010145013
0.824508226,0.00011666841
0.818235471,0.000118464384
0.789729853,0.0001228284
0.951205845,9.1657894e-05
0.987199442,6.61051e-05
0.9874,4.0589326e-05
0.968902117,6.810883e-05
0.9874,4.3046315e-05
0.9874,2.4634455e-05
0.765220774,0.00013215291
0.758892573,0.00013131238
0.757242704,0.00013135839
0.752498739,0.00012958227
0.72133952,0.00012965572
0.712409877,0.0001272989
0.794105177,0.00012560692
0.816501729,0.00012580151
0.806816062,0.00012565902
0.810415915,0.00012596147
0.81784774,0.00012611732
0.819942577,0.00012655926
0.776593335,0.00012549464
0.791796578,0.00012603788
0.777194241,0.00012549567
0.746386818,0.00013126721
0.7457972,0.00013213021
0.78855083,0.0001318504
0.753286141,0.00013209612
0.783146148,0.00013194796
0.793894025,0.00013204345
0.864055229,0.00012883269
0.830009444,0.0001308607
0.835158696,0.00013056566
0.811960695,0.00013126536
0.838236538,0.000129435
0.872363658,0.00012732469
0.811843138,0.00013007455
0.828033197,0.00012804415
0.800163646,0.00012883596
0.787109673,0.00012585719
0.781215676,0.00012718298
0.838311677,0.00012640993
0.768479573,0.00012641013
0.806722835,0.00012700175
0.789321309,0.0001277449
0.804185066,0.00011964714
0.800500027,0.0001248245
0.812718316,0.00012742789
0.788179443,0.00012369592
0.800420881,0.00012607384
0.791973719,0.00012520855
0.807661282,0.00012710049
0.805478918,0.00012629261
0.805285154,0.00012745653
0.820596628,0.000108094966
0.834259607,0.00010788277
0.871844858,0.0001081195
0.868897878,8.995765e-05
0.905078389,9.065315e-05
0.928202059,6.711378e-05
0.793928499,0.00012084997
0.802320048,0.00012576046
0.80238207,0.00012009223
0.958397291,4.6658497e-05
0.969929865,4.8780345e-05
0.913913955,6.8593516e-05
0.935294149,7.085304e-05
0.855585165,9.1613365e-05
0.985874542,3.2797394e-05
0.789133374,0.00013203369
0.765442249,0.00013100854
0.764957689,0.00013117671
0.755277143,0.0001294532
0.748511836,0.00012958459
0.724449439,0.00012728739
0.749106032,0.00013066837
0.773069129,0.00013011291
0.792359793,0.00012948658
0.761582647,0.00012914954
0.797508103,0.00012846525
0.79570401,0.00012767653
0.772275204,0.00012832989
0.779985159,0.00012880337
0.74782597,0.00012979715
0.7385165,0.00013071865
0.775057138,0.00013191703
0.79934713,0.00013212982
0.750397731,0.00013172218
0.797869583,0.00013217691
0.757334798,0.0001321572
0.802658817,0.00013062957
0.804700066,0.00013185928
0.810837616,0.00013158206
0.750067218,0.00013148949
0.752473751,0.0001320456
0.781144828,0.0001310903
0.722594298,0.0001314474
0.734483101,0.00013128336
0.740657826,0.00013101801
0.753340191,0.00013030034
0.754755408,0.00013012472
0.788561046,0.000128887
0.716234056,0.00012842081
0.757866611,0.00012833084
0.791195444,0.00012795164
0.752445576,0.00012441662
0.776783118,0.00012536155
0.787472502,0.00011793402
0.725491583,0.0001310555
0.757459489,0.00012965246
0.724596507,0.00013023759
0.860407705,0.00010954553
0.826156296,0.00010889796
0.805468532,0.00010831811
0.939749884,9.175144e-05
0.891916064,9.155484e-05
0.977910449,7.100808e-05
0.702881475,0.00012566352
0.757553937,0.000118885764
0.76397555,0.00011996541
0.924134238,9.5777395e-05
0.974044079,7.529746e-05
0.9874,5.5470242e-05
0.94472744,7.9439385e-05
0.982613915,5.950949e-05
0.986942348,4.4721564e-05
0.70607471,0.00013142599
0.686436484,0.00012971621
0.712740468,0.00013030323
0.70161762,0.00012804632
0.71059466,0.00012871402
0.709673619,0.00012598115
0.668730147,0.00012903396
0.686970955,0.00013105202
0.707816967,0.00013206464
0.67899583,0.00013055121
0.709915335,0.00013188034
0.682129448,0.00013160678
0.732083737,0.00013179725
0.718953028,0.0001321766
0.720576071,0.00013215447
0.698222186,0.00013206477
0.689122359,0.00013213888
0.720206682,0.00013196196
0.658596884,0.0001321784
0.648897399,0.0001320888
0.65724111,0.00013187707
0.676649165,0.0001320869
0.673394802,0.00013217903
0.699868947,0.00013184207
0.700951566,0.00013148172
0.693991783,0.00013063099
0.677355883,0.00013179921
0.791920045,0.00012115335
0.731148445,0.00012807081
0.678658943,0.00013135366
0.700031216,0.00012693279
0.668025421,0.00013059113
0.671366154,0.00012959042
0.654515235,0.00013215607
0.664219304,0.00013146942
0.655833892,0.00013200057
0.835480702,0.00010930041
0.86539401,0.00010959759
0.874719302,0.00010966185
0.890905853,9.4897616e-05
0.910175191,9.543547e-05
0.927906363,7.8960766e-05
0.784981679,0.000121916
0.728777893,0.00012864935
0.804715126,0.00012162212
0.859300987,9.734037e-05
0.913645054,8.15883e-05
0.943789739,6.604889e-05
0.889997479,8.4039544e-05
0.938360464,6.8541834e-05
0.959400701,5.6139303e-05
0.653274546,0.00012595583
0.635554873,0.00012802338
0.631778462,0.00012981317
0.595629906,0.00012459209
0.602970893,0.00012689672
0.607755918,0.00012241179
0.603052964,0.00012954808
0.589143449,0.00012742192
0.58342385,0.000125273
0.60500435,0.0001301628
0.599558702,0.00012860102
0.621415278,0.00013094333
0.635297525,0.00013191743
0.615183624,0.00013103528
0.620770873,0.00013144712
0.636123788,0.00013202899
0.647087616,0.00013216728
0.622411006,0.00013130083
0.638905684,0.00013206697
0.624708372,0.00013124956
0.613019666,0.00013030037
0.651148379,0.0001321749
0.635907779,0.00013188443
0.663511891,0.00013194323
0.699006437,0.00012710798
0.694183725,0.00012952619
0.687510177,0.00013077201
0.736252545,0.00012267967
0.734578008,0.00012642267
0.785156537,0.00011671735
0.655034398,0.00013203117
0.667546145,0.00013157463
0.673867418,0.00013061965
0.814612963,0.00010337404
0.801212345,0.00010566352
0.813038987,0.000107632426
0.859370468,9.278175e-05
0.847228344,9.517302e-05
0.896272908,8.174336e-05
0.723983255,0.00012164765
0.762174782,0.00011534647
0.760226797,0.00011361205
0.872238253,9.369986e-05
0.908215302,8.279185e-05
0.938503062,7.197311e-05
0.927021472,8.362581e-05
0.94882529,7.289676e-05
0.973098056,6.3563915e-05
0.590988424,0.000121619596
0.580894823,0.00012220777
0.597063111,0.00012458043
0.580200127,0.0001246377
0.596269786,0.00012725662
0.591390497,0.000118861746
0.614576212,0.0001292885
0.61161561,0.0001267355
0.607749241,0.00012417795
0.615540889,0.0001288243
0.607085969,0.00012667436
0.607053057,0.00012898436
0.623754888,0.00013149912
0.618323121,0.00013053836
0.616268299,0.00013018577
0.636238571,0.00013172184
0.622537599,0.00013210357
0.616957788,0.00013104892
0.63559,0.00013212551
0.625471603,0.00013181652
0.63619493,0.00013216888
0.656280768,0.00013165192
0.678254197,0.00012929123
0.654497134,0.00013080673
0.735780213,0.00012023975
0.708915171,0.00012315252
0.697088114,0.00012541616
0.760963215,0.000115367075
0.734724434,0.00011881613
0.786863415,0.00010970456
0.696077486,0.000126074
0.656893404,0.0001298267
0.674582057,0.0001279648
0.882258064,9.883831e-05
0.861407974,0.00010059143
0.83734704,0.00010208537
0.923238022,9.052485e-05
0.900205394,9.2233684e-05
0.953039714,8.201221e-05
0.784805014,0.00011413819
0.810376354,0.00010842222
0.832938034,0.00010690474
0.944857349,8.236619e-05
0.926222526,9.072125e-05
0.968207876,7.4028154e-05
0.950505919,8.228938e-05
0.96959029,7.388649e-05
0.98021352,6.636341e-05
0.606638098,0.00012857019
0.594369736,0.00012805454
0.60381473,0.00012567748
0.589469703,0.00012486138
0.602991441,0.00012283231
0.580092748,0.000121910016
0.645725787,0.00013210514
0.623852588,0.00013177782
0.594631189,0.00013016893
0.61264791,0.0001318065
0.601111081,0.00013027334
0.61109291,0.00013058732
0.637660214,0.00013193292
0.632512034,0.00013204996
0.616772224,0.00013196384
0.745339262,0.00012074414
0.792567453,0.00011462938
0.841127878,0.00010734544
0.754843352,0.000121042736
0.800015471,0.00011486483
0.763807483,0.00012111123
0.67906497,0.00013068141
0.665642072,0.00013046294
0.660999311,0.00013009139
0.718916443,0.0001270977
0.707400767,0.00012668782
0.699237671,0.00012646022
0.947492993,7.891841e-05
0.93125539,8.385627e-05
0.928351369,8.747925e-05
0.91015872,9.247673e-05
0.90603298,9.582968e-05
0.861874695,0.000104396415
0.876047438,0.0001010565
0.820346677,0.000112121226
0.954168535,7.278765e-05
0.625790768,0.00013183724
0.593696324,0.00013015838
0.659058105,0.00013207369
0.624248796,0.00013178124
0.656104431,0.00013210278
0.607568867,0.00013110827
0.691447372,0.00013064791
0.690604694,0.00013089008
0.684579991,0.00013101107
0.724271448,0.00012776637
0.72078543,0.00012819242
0.722975487,0.0001277646
0.762553777,0.0001221637
0.763835185,0.00012287061
0.836280643,0.00010982646
0.801288756,0.000116042385
0.88068121,9.812878e-05
0.856361276,0.000105626095
0.895591788,9.353588e-05
0.831962255,0.00011049378
0.79893296,0.00011750836
0.799163848,0.00011699005
0.913959646,8.7076056e-05
0.717996133,0.0001280045
0.844263478,0.00010839111
