x,y,pred_c0,pred_c16,pred_c30,pred_c43,pred_c63,pred_c71
1.8311099,38.687588,0.018587643,0.089344785,0.12254647,0.17991012,0.4533875,0.55602145
2.074575,38.61109,0.018741664,0.090235084,0.1231563,0.18040207,0.4531933,0.5556132
2.3180404,38.53459,0.018920323,0.0912447,0.12395978,0.18118337,0.45324746,0.55542237
2.5615056,38.458096,0.019126004,0.092368715,0.124955446,0.18225643,0.45355463,0.5554486
1.993373,38.8901,0.01886745,0.08857909,0.120375745,0.17590787,0.44589147,0.5495057
2.2464602,38.80496,0.019055907,0.089609616,0.12119171,0.17673343,0.44598448,0.5493051
2.4995472,38.719814,0.019272223,0.090757556,0.122210115,0.17787029,0.4463562,0.5493412
2.17488,39.07532,0.019193208,0.088036984,0.11853251,0.17245111,0.43878523,0.5432188
2.4375892,38.981537,0.019420547,0.08920527,0.11957111,0.17364858,0.43922466,0.5432641
2.3756309,39.24326,0.019570602,0.08770931,0.11703447,0.16958605,0.43216392,0.53722256
1.4549216,37.968254,0.01797046,0.09306326,0.13093232,0.19493037,0.47770882,0.57666075
1.7320184,37.959023,0.018094908,0.09337142,0.13046777,0.19354178,0.4751736,0.5743054
2.0091152,37.949795,0.018256987,0.0938653,0.13026282,0.1925249,0.47287828,0.5721732
2.286212,37.940563,0.018460797,0.094543055,0.13032156,0.19189458,0.4708352,0.57026684
1.5621117,38.218517,0.018138677,0.09163132,0.12792902,0.18960705,0.4695915,0.56983376
1.8483115,38.204044,0.018299727,0.092082284,0.12761816,0.1884478,0.46709606,0.567493
2.1345112,38.18957,0.018502332,0.09272138,0.12758203,0.18769415,0.4648731,0.565394
1.6875077,38.458294,0.018342767,0.09039092,0.1251261,0.18458442,0.46146664,0.5629435
1.9828106,38.43858,0.018544825,0.09099039,0.12499346,0.18370306,0.45905933,0.56064636
6.447986,38.965843,0.029625822,0.08237983,0.10671343,0.16775528,0.4112827,0.5090023
6.6878014,39.15118,0.030731803,0.0775489,0.09782302,0.1576524,0.39898893,0.49714747
6.9276166,39.336517,0.03182745,0.07251051,0.088202216,0.14606948,0.38513938,0.48386428
7.167432,39.521854,0.03290322,0.067400336,0.07831427,0.13329382,0.36969844,0.46906602
6.282333,39.28026,0.029471088,0.08132218,0.10505648,0.16470204,0.4050985,0.5028531
6.5301204,39.48429,0.030616695,0.076457396,0.09612267,0.15463664,0.39264765,0.49066573
6.777908,39.68832,0.03175143,0.071351774,0.086367205,0.14294857,0.378543,0.47695932
6.116679,39.59467,0.029330784,0.080289796,0.103422,0.16168535,0.39898914,0.49681783
6.372439,39.817398,0.030515175,0.075411625,0.09448119,0.15170301,0.3864398,0.48435107
5.951026,39.909084,0.029203365,0.0792798,0.10180623,0.15869893,0.39294007,0.490892
7.1331334,38.76385,0.031842537,0.075114496,0.09252866,0.1527998,0.3977616,0.49687585
7.450928,38.849033,0.033102404,0.06949457,0.08154484,0.1388619,0.38198516,0.48230514
7.768723,38.934216,0.03433395,0.06389122,0.07073846,0.12388582,0.36396745,0.46556795
8.086518,39.019398,0.035523094,0.05850735,0.06075971,0.10883377,0.34409252,0.446813
7.144566,39.01652,0.03220015,0.07244739,0.08762992,0.146204,0.3883416,0.4876086
7.462616,39.10311,0.03344316,0.06690565,0.07680076,0.13206853,0.372065,0.47245464
7.7806654,39.189705,0.034654234,0.061435588,0.066359125,0.117158175,0.35362443,0.45515403
7.1559987,39.269188,0.032553963,0.06987616,0.08288717,0.13969915,0.37898663,0.4783367
7.4743032,39.357193,0.033779033,0.06442524,0.07227607,0.1254324,0.362232,0.46261021
8.828586,38.68565,0.0376467,0.051266227,0.04801668,0.08816152,0.31505695,0.4199542
8.578567,38.79061,0.036940385,0.05365081,0.05204087,0.09492385,0.32540265,0.42975068
8.33121,38.90186,0.03623041,0.05607447,0.05630564,0.1018602,0.33513743,0.4387363
8.630538,38.502308,0.036858283,0.055281635,0.0545961,0.09941492,0.3341292,0.43911055
8.381851,38.610413,0.036125842,0.05781226,0.059122335,0.10665609,0.34401107,0.4481363
8.135827,38.724808,0.035395246,0.060349323,0.063837446,0.11390498,0.35306633,0.45621407
8.432491,38.318966,0.036024615,0.05965144,0.06213118,0.11169412,0.35317585,0.45773554
8.185135,38.430214,0.03527038,0.062297266,0.06711712,0.11921802,0.362321,0.46580687
8.234444,38.135624,0.035149436,0.06435771,0.070609815,0.12478547,0.3718613,0.4755767
8.861869,37.984898,0.037183985,0.056508567,0.056248013,0.10258321,0.34238994,0.4486975
9.05914,38.085526,0.03790164,0.053030446,0.050478436,0.09286025,0.32633618,0.43287793
9.256412,38.186153,0.03858023,0.049811993,0.045380395,0.08396239,0.31045616,0.41681546
9.453683,38.28678,0.039217457,0.04684809,0.040903028,0.0759057,0.294957,0.40072143
8.850775,38.218483,0.037338994,0.054671098,0.053319942,0.09753848,0.33305374,0.43900016
9.053646,38.328793,0.038067922,0.05118626,0.047654536,0.08781637,0.3164403,0.422399
9.256516,38.439106,0.038754657,0.04797818,0.042690773,0.078995764,0.3000984,0.4056231
8.83968,38.452065,0.037493385,0.05292523,0.0505796,0.092734024,0.32394227,0.42941394
9.048151,38.57206,0.038232487,0.0494415,0.045032464,0.083046526,0.3068157,0.4120691
3.2379718,39.719036,0.02143596,0.087763086,0.11437155,0.16438003,0.41353324,0.51882225
2.9353228,39.58808,0.020737506,0.08760209,0.114787325,0.16517311,0.41851652,0.52411634
2.6478758,39.42949,0.020116631,0.087554015,0.11565088,0.1668844,0.42474738,0.5302696
3.2805686,39.388187,0.021143906,0.08962926,0.11741173,0.16904555,0.4224785,0.5269051
2.9855206,39.243416,0.020461567,0.089517355,0.117999755,0.1702038,0.42794985,0.5324853
2.7056746,39.071003,0.019857846,0.08954028,0.11905844,0.17231019,0.43462256,0.53887814
3.3231654,39.057343,0.020855801,0.09157494,0.120615624,0.17397363,0.43162155,0.53510284
3.0357187,38.89875,0.020190267,0.09152032,0.12139178,0.17552294,0.437566,0.5409496
3.3657625,38.726494,0.02057256,0.0936041,0.12399487,0.17918155,0.44095886,0.54340434
4.1614065,38.9873,0.022569459,0.0939352,0.123586565,0.17868876,0.4311163,0.53257996
4.279971,39.32223,0.023300517,0.09175803,0.12035665,0.17434502,0.42164394,0.5232916
4.3985353,39.657166,0.02405897,0.08946777,0.11706203,0.1701246,0.4124453,0.51409155
4.5171,39.992096,0.024840336,0.08706438,0.11362781,0.16592504,0.40345943,0.50495374
3.8535948,39.231213,0.02215235,0.09190782,0.120431595,0.17372021,0.4250496,0.5277749
3.9660122,39.58669,0.022861969,0.08988685,0.11730801,0.16934024,0.41516188,0.5181458
4.0784297,39.942165,0.023600925,0.08777833,0.11419084,0.16517837,0.40563622,0.5086684
3.5457833,39.475124,0.021775581,0.08983288,0.11733653,0.16892369,0.4191624,0.5231689
3.6520536,39.851143,0.022462936,0.087932594,0.114258096,0.1644366,0.4087857,0.51315206
5.477366,39.97626,0.0277318,0.08282579,0.1078968,0.16357268,0.3979429,0.49658418
4.999391,40.003933,0.026268337,0.08543343,0.11173251,0.16574907,0.40118214,0.5010707
5.7606454,39.515438,0.028012568,0.08439332,0.110502176,0.16851062,0.40726098,0.5053167
5.284828,39.562862,0.026530968,0.087353274,0.114991754,0.17146578,0.41099724,0.50993687
4.804695,39.570778,0.025081124,0.089318134,0.117395535,0.17217305,0.41352168,0.5137858
5.5702653,39.12179,0.026825223,0.08925862,0.11822166,0.17718917,0.42080545,0.51892835
5.09229,39.14946,0.025350945,0.09158379,0.12121445,0.1785401,0.42364782,0.52278346
5.379885,38.728146,0.025655098,0.09384627,0.12505175,0.18498568,0.43382102,0.5319289
1.1737292,36.94111,0.017593952,0.10006829,0.14373721,0.21714938,0.507739,0.6015707
1.4947075,37.00582,0.017631311,0.09950088,0.14201665,0.21362263,0.50324583,0.5975569
1.8156857,37.070534,0.017726898,0.09923801,0.14064929,0.21056066,0.4989624,0.5937742
2.1366642,37.135246,0.017887682,0.099286996,0.13965213,0.20799822,0.49489373,0.5902233
1.2398866,37.29027,0.01767526,0.09751022,0.13934916,0.20962109,0.49814937,0.5936736
1.5746516,37.351593,0.017761264,0.097122215,0.13772011,0.20618504,0.49339053,0.5894375
1.9094166,37.412914,0.017911775,0.097053975,0.13647753,0.20327473,0.48886758,0.58544916
1.3336174,37.632652,0.017798029,0.09516845,0.13506705,0.20219056,0.48813063,0.58536553
1.6821691,37.690586,0.017939955,0.09498397,0.1335789,0.19892837,0.48314527,0.58093137
9.326107,37.456306,0.03828745,0.05482629,0.052914202,0.097516574,0.3379066,0.44590637
9.599195,37.529343,0.039162878,0.050779596,0.046447027,0.086376294,0.3183869,0.42641917
9.872282,37.60238,0.03996335,0.04713346,0.04094085,0.076552294,0.29956973,0.4069859
10.14537,37.67542,0.040684707,0.043862183,0.036270283,0.067971855,0.28175032,0.38800603
9.368632,37.73313,0.03860795,0.051962428,0.048474457,0.08971929,0.32310948,0.4306683
9.642258,37.805965,0.03945143,0.048176836,0.042626318,0.07939629,0.30401096,0.41118476
9.915883,37.8788,0.040219568,0.04477461,0.037664663,0.07035369,0.28576463,0.39195612
9.411158,38.009956,0.038918253,0.04930779,0.044483814,0.082525074,0.30878222,0.41558304
9.685321,38.082584,0.039729398,0.04576894,0.039204527,0.07299338,0.2901798,0.39621106
11.564095,36.468864,0.042874567,0.039365306,0.029641977,0.05695486,0.264049,0.36896423
11.494565,36.253357,0.042761877,0.041241094,0.03193631,0.06156001,0.27570292,0.3815147
11.4250345,36.03785,0.042640463,0.04326152,0.034485996,0.066592805,0.28782785,0.39436185
11.355504,35.822342,0.042510662,0.04543936,0.037321318,0.07209003,0.30042535,0.4074853
11.735493,36.345623,0.043040235,0.038834162,0.028908731,0.055741105,0.26210654,0.36667368
11.667287,36.13195,0.04294783,0.040655304,0.031106729,0.060188957,0.27349654,0.3788709
11.599081,35.918278,0.04284782,0.042615224,0.03354655,0.065047055,0.28533077,0.39134583
11.909539,36.22605,0.043182172,0.03829065,0.028171357,0.054517813,0.26014596,0.36433962
11.842658,36.014214,0.043109532,0.040057242,0.03027492,0.058811627,0.27127385,0.37617928
12.086235,36.11015,0.043298442,0.037735052,0.027431075,0.0532867,0.25817212,0.36197463
2.1219835,35.912125,0.017427562,0.108257785,0.15499465,0.23378114,0.5272305,0.61627835
1.8058988,36.25512,0.017475097,0.1052301,0.15072401,0.2275361,0.52018976,0.61094534
1.4898139,36.598114,0.017532196,0.10251273,0.14699407,0.22201961,0.51370746,0.60605043
1.7350696,35.79215,0.017402845,0.10893558,0.1566748,0.23766407,0.53171074,0.62023264
1.4223251,36.134678,0.01747053,0.106186934,0.15291232,0.23208512,0.52547365,0.61561835
1.1095805,36.47721,0.017542144,0.10370489,0.14961347,0.22713576,0.5197051,0.6113662
1.3481557,35.672176,0.017480396,0.11013385,0.1589057,0.24221942,0.5364955,0.62455595
1.0387514,36.01424,0.017557897,0.10762027,0.15559591,0.23724279,0.5310118,0.62060106
0.9612417,35.5522,0.017650357,0.11180288,0.16162623,0.24736041,0.5415752,0.6292227
9.966084,36.761005,0.03978382,0.05269123,0.04882847,0.09122443,0.33150992,0.44082803
10.282975,36.847897,0.040656477,0.048332673,0.042216353,0.07956287,0.30945364,0.41819394
10.599866,36.934788,0.04141205,0.044492897,0.03673767,0.0695768,0.28890184,0.3963744
10.916758,37.021683,0.042048145,0.041112978,0.0321938,0.06106296,0.27001473,0.3757868
10.025846,37.065807,0.04009756,0.04947508,0.044091906,0.08266765,0.31416616,0.42289364
10.344675,37.155262,0.040929735,0.045432907,0.03819889,0.07201236,0.29277125,0.40040302
10.663505,37.24472,0.041644156,0.04187999,0.033330735,0.062943466,0.27300474,0.37897882
10.085608,37.370613,0.040398214,0.046540342,0.03992788,0.074938074,0.29756802,0.405251
10.406375,37.46263,0.04118938,0.042792402,0.03467991,0.06523179,0.276913,0.38305405
10.833222,36.774853,0.041828617,0.04342654,0.03516627,0.066871375,0.28406835,0.3911489
10.749686,36.528023,0.0415933,0.045947097,0.038525637,0.07329857,0.29881012,0.40693295
10.666151,36.281197,0.041342545,0.04869481,0.042323288,0.080401845,0.314234,0.42308083
11.128115,36.831535,0.042350806,0.04055298,0.03135952,0.059721716,0.2680797,0.37364858
11.04679,36.587643,0.042163324,0.04278914,0.03418823,0.065292805,0.2817565,0.38854325
10.965466,36.34375,0.041961834,0.045222733,0.03737907,0.07145108,0.29608884,0.40384582
11.343894,36.647263,0.042628013,0.039969992,0.030507771,0.058350343,0.26608476,0.37136462
11.26478,36.406307,0.042472135,0.04212845,0.03319527,0.06368914,0.2793768,0.3857646
12.52616,35.69359,0.043462653,0.037183557,0.02656568,0.05232995,0.2592869,0.36225015
12.388285,35.843197,0.043429345,0.037234403,0.026695985,0.052318525,0.25803643,0.36127293
12.241643,35.98205,0.04337597,0.03741707,0.026982304,0.05263467,0.25765657,0.36116436
12.307179,35.604115,0.043398302,0.03921462,0.028997453,0.057104252,0.27053937,0.37422058
12.164921,35.748344,0.04333059,0.039339818,0.02922754,0.057281513,0.26983404,0.3739056
12.013896,35.88182,0.04323892,0.03961048,0.02963747,0.057827454,0.27004942,0.37451255
12.0882,35.51464,0.043277953,0.04142462,0.031747274,0.06240922,0.28248507,0.38692942
11.941558,35.653492,0.04317243,0.041638646,0.032104053,0.062820576,0.28239003,0.38733053
11.869219,35.425167,0.04309911,0.043834254,0.034864083,0.06830863,0.29519388,0.40041637
2.0759482,34.463024,0.01736186,0.120838255,0.17379406,0.2649923,0.55900955,0.6412249
1.7043794,34.82608,0.017445639,0.11743306,0.16903876,0.25819513,0.55257624,0.63677645
1.3328105,35.18914,0.017544586,0.11444099,0.16502011,0.25236335,0.54678416,0.6327852
1.6320688,34.238457,0.01765154,0.12301062,0.17643763,0.27041882,0.5634222,0.6453961
1.2548895,34.602432,0.017761871,0.120026305,0.17249307,0.26474023,0.55828357,0.6420492
0.8777102,34.966408,0.017879115,0.11739046,0.16916245,0.2598582,0.55364645,0.6390514
1.1881893,34.013893,0.01812557,0.12580997,0.17970814,0.276501,0.56814474,0.65000725
0.8053996,34.378784,0.018249782,0.12319952,0.17647994,0.27182132,0.5641886,0.64764744
0.74430984,33.789326,0.01878666,0.12906176,0.18341061,0.2829532,0.57304686,0.65494215
13.059776,35.122444,0.043439783,0.03704073,0.026159938,0.052679744,0.2650151,0.3664064
12.878378,35.308624,0.043475304,0.037119806,0.026323838,0.05260145,0.26318526,0.36519927
12.700506,35.499004,0.043482184,0.037166744,0.026459005,0.05248479,0.26127425,0.36381495
12.815469,35.037327,0.043500606,0.039198704,0.028712455,0.057714947,0.276308,0.37810105
12.635834,35.22561,0.043490067,0.039261736,0.028872065,0.057607304,0.27457318,0.37712058
12.459724,35.41809,0.04345229,0.03929202,0.029000618,0.057460703,0.27274528,0.3759454
12.571161,34.95221,0.0434972,0.041553188,0.031613864,0.06332495,0.28831747,0.39061257
12.39329,35.14259,0.04343964,0.041599542,0.03176883,0.06318921,0.2867026,0.3898718
12.326854,34.867092,0.0434256,0.044128664,0.03492038,0.06958125,0.30113667,0.4040142
2.166426,32.728203,0.018138498,0.13751371,0.19481689,0.29816762,0.5837601,0.6600289
1.6923873,33.081913,0.018324543,0.13410568,0.18995364,0.29177776,0.57937735,0.6577649
1.2183486,33.43562,0.01854662,0.13132864,0.18622914,0.28679997,0.5758503,0.6560991
1.6512784,32.432735,0.019087696,0.14010632,0.19648567,0.30180606,0.58497965,0.66244435
1.1706712,32.78705,0.019337662,0.13746081,0.19297618,0.29728577,0.5825289,0.6617301
0.6900641,33.141365,0.019607732,0.13530433,0.19032876,0.29379052,0.580639,0.66139257
1.1361307,32.137264,0.020439668,0.1430359,0.19864514,0.30569395,0.5866766,0.665654
0.6489551,32.492188,0.020735575,0.1410498,0.19623818,0.30270228,0.5858671,0.6662333
0.62098294,31.841797,0.022263957,0.14595851,0.20079927,0.30917424,0.5886942,0.66956055
12.921279,34.1687,0.043586973,0.044588007,0.03520847,0.0720096,0.30947793,0.4081066
13.2176,34.242,0.043472786,0.04167363,0.031502645,0.065017216,0.29642493,0.39464876
13.513921,34.3153,0.0432693,0.039025493,0.028287042,0.058783866,0.28429967,0.38231453
13.810242,34.3886,0.042984318,0.03661099,0.025488459,0.05321964,0.27296042,0.37096685
12.967444,34.486618,0.04353015,0.04181643,0.03175256,0.064761795,0.29432622,0.39416966
13.263388,34.55922,0.043403972,0.039165568,0.0285064,0.05850609,0.28178483,0.38125372
13.559331,34.631824,0.043191362,0.03675308,0.025686365,0.052939106,0.27009535,0.36937818
13.01361,34.80453,0.043481708,0.039310653,0.028758803,0.058349196,0.27948242,0.3802654
13.3091755,34.87644,0.04334318,0.036894288,0.025909165,0.052758753,0.2674343,0.3678471
13.591622,33.38472,0.04339273,0.0453416,0.036121678,0.07659007,0.32012784,0.41267872
13.933412,33.445305,0.043013506,0.042069566,0.031997196,0.06883798,0.30754656,0.39984915
14.275202,33.50589,0.04253396,0.03910136,0.028439287,0.061913036,0.2959267,0.388284
14.616991,33.56648,0.041966204,0.036398984,0.025361998,0.055719648,0.2850851,0.37778777
13.664495,33.719345,0.04324469,0.042096492,0.031981383,0.067699194,0.3042833,0.39878982
14.007419,33.781197,0.042851012,0.039135862,0.02841112,0.060789622,0.29208007,0.38651174
14.350342,33.843044,0.04236079,0.03644731,0.025332412,0.054641668,0.28073883,0.3753817
13.737369,34.053974,0.04310936,0.03920093,0.028471358,0.05995225,0.28853413,0.38489747
14.081426,34.117085,0.042701207,0.036515146,0.02537364,0.053811222,0.27666828,0.37308532
14.400628,32.71706,0.042530946,0.043998297,0.034813367,0.07760669,0.322753,0.40922144
14.700843,32.77092,0.0419765,0.041124582,0.031283446,0.07080024,0.31310686,0.39968097
15.001058,32.824783,0.041363582,0.03847623,0.02816936,0.06457078,0.30401927,0.3909404
15.301272,32.878647,0.040699963,0.036030907,0.025419509,0.058871754,0.2953841,0.3828779
14.472749,33.0002,0.04233037,0.04120944,0.031186612,0.06940872,0.31032687,0.3988128
14.771416,33.052834,0.041776773,0.038611975,0.028125921,0.06333562,0.30100182,0.38975304
15.070083,33.10547,0.041167542,0.036213156,0.025422571,0.05779182,0.29216564,0.3814052
14.54487,33.283337,0.042142697,0.038686253,0.028060831,0.062139794,0.29776028,0.3883499
14.8419895,33.334747,0.04158956,0.036333624,0.025401862,0.056738287,0.28871912,0.37970597
2.199348,30.855951,0.021010252,0.1523277,0.20966727,0.31874225,0.58868986,0.66513044
1.6732264,31.184566,0.021372437,0.14956991,0.2056296,0.31438857,0.5881403,0.6662354
1.1471046,31.513182,0.021799538,0.14749905,0.20276499,0.31129977,0.5881934,0.6677503
1.670961,30.533825,0.023334533,0.1526673,0.20771866,0.31624407,0.5857498,0.6659123
1.1384655,30.86253,0.023806473,0.15091868,0.20528474,0.3141208,0.5873689,0.6686541
0.60597,31.191233,0.024323557,0.14966378,0.20365986,0.31276867,0.5892365,0.6715468
1.142574,30.211699,0.026542677,0.15266776,0.20569368,0.31357023,0.5843372,0.66834617
0.6037047,30.540491,0.027099777,0.15180904,0.2045424,0.31328416,0.58777153,0.67241883
0.6141869,29.889572,0.030844659,0.1520884,0.20334601,0.31086966,0.58466935,0.67240554
15.138894,32.214714,0.04121009,0.04175036,0.032753404,0.07692294,0.3220128,0.40414748
15.37001,32.272934,0.04065612,0.03945205,0.029976515,0.07127459,0.31483895,0.39739817
15.601127,32.331158,0.04007912,0.037304148,0.027470896,0.066000044,0.30791575,0.39104673
15.832242,32.38938,0.03948227,0.035295263,0.025209922,0.06108177,0.30119827,0.3850399
15.19302,32.436024,0.04103071,0.039694477,0.030013582,0.070330955,0.3133219,0.3971383
15.42317,32.4934,0.04048338,0.03757201,0.027539004,0.065169625,0.30627275,0.39061913
15.65332,32.550777,0.03991377,0.035585605,0.025304213,0.060360815,0.29944414,0.38445926
15.247147,32.657333,0.040860925,0.037792478,0.027581189,0.064324245,0.3044441,0.3900568
15.47633,32.713863,0.040319756,0.035830107,0.02537327,0.0596217,0.29750165,0.38373807
15.649534,31.891598,0.040047266,0.039880365,0.031160893,0.076125674,0.32084358,0.4006111
15.833046,31.91312,0.03955845,0.038248606,0.029249722,0.07225204,0.3162848,0.39630848
16.016558,31.934645,0.0390574,0.036689047,0.02746835,0.06854331,0.31185052,0.39220434
16.20007,31.95617,0.0385456,0.035197943,0.025808005,0.0649947,0.30752355,0.38827866
15.710437,32.057526,0.039852824,0.038254008,0.028981341,0.07074044,0.314414,0.39544782
15.90054,32.084446,0.039347414,0.03663383,0.027133586,0.06687472,0.30961755,0.39102143
16.090645,32.111366,0.038829707,0.03508941,0.02541934,0.06319203,0.30494148,0.3867944
15.771339,32.223454,0.03966464,0.036728095,0.02700432,0.06572959,0.3078674,0.39026257
15.968035,32.255768,0.039142918,0.035122823,0.025223104,0.06189811,0.30281657,0.38570163
2.2797499,28.991318,0.028661514,0.15501632,0.20772353,0.31016594,0.57014805,0.65654683
1.7245623,29.290735,0.029287415,0.1534371,0.20543203,0.30973813,0.57481724,0.6617339
1.1693746,29.590153,0.030028963,0.15251827,0.20404702,0.3100451,0.5797101,0.66705984
1.7599926,28.64095,0.03428064,0.15070069,0.2008558,0.30159163,0.5666895,0.65831214
1.198614,28.93994,0.03503453,0.15029381,0.20028324,0.3036693,0.5735532,0.665062
0.6372354,29.23893,0.0358803,0.15034486,0.20026098,0.306053,0.58031106,0.6717043
1.2402353,28.290583,0.0418076,0.14615747,0.19500776,0.2954257,0.56641054,0.66249675
0.6726658,28.589144,0.042576753,0.14670734,0.19580773,0.2996026,0.57502055,0.6704669
0.72047794,27.940216,0.051292475,0.14168653,0.19072501,0.29227665,0.56903195,0.6688034
16.072948,31.767452,0.038928945,0.037302587,0.028486736,0.07175367,0.31565025,0.39481005
15.945827,31.578735,0.03932146,0.039600212,0.031542372,0.079152524,0.3236727,0.40141547
15.818705,31.39002,0.039723635,0.042111784,0.03502874,0.087200105,0.3316269,0.40813908
16.312374,31.782137,0.03824827,0.035380956,0.0263418,0.0672717,0.3104275,0.38999686
16.185835,31.594013,0.038639233,0.037510745,0.029108781,0.07425307,0.31827492,0.396323
16.059298,31.40589,0.039040204,0.03983659,0.032266118,0.081869,0.32602012,0.40272877
16.425846,31.609291,0.037939884,0.03553325,0.026875615,0.06959057,0.313056,0.39152208
16.29989,31.42176,0.038337987,0.037685927,0.029731324,0.07678404,0.32062423,0.39764863
16.540483,31.437632,0.03762038,0.035652645,0.027406793,0.07193814,0.31540534,0.39285716
2.4302886,27.107105,0.04939349,0.140787,0.18729274,0.2754799,0.537947,0.6406769
1.8603517,27.38481,0.049852014,0.1405306,0.18799847,0.28084138,0.5484375,0.6502066
1.2904148,27.662512,0.05050363,0.1408826,0.1891897,0.28650147,0.5588597,0.6596249
1.9325256,26.73807,0.06195399,0.1344055,0.18095745,0.26940316,0.53832805,0.64549136
1.356562,27.014824,0.062024206,0.13504359,0.18323334,0.27698803,0.5505849,0.6563116
0.7805984,27.291578,0.062280994,0.13613147,0.18575244,0.2846348,0.56251895,0.66680944
1.4347628,26.369036,0.07631479,0.12980156,0.17791075,0.26764157,0.54207855,0.65280527
0.8527724,26.64484,0.07556135,0.131041,0.18145382,0.2770437,0.5556823,0.66460747
0.937,26.0,0.09101082,0.12724413,0.17811316,0.26973754,0.5487747,0.662367
16.958448,30.716629,0.036405552,0.03648467,0.030441904,0.083668664,0.32400346,0.3980404
16.825024,30.960714,0.036801726,0.03616609,0.02928799,0.07943692,0.32139152,0.396421
16.685701,31.201048,0.037207283,0.03588965,0.028280811,0.07552061,0.31851918,0.39469072
16.665253,30.70676,0.03735229,0.03920491,0.033736195,0.090200014,0.3301736,0.40374157
16.52888,30.948969,0.03773358,0.03882057,0.032433975,0.0857878,0.327632,0.40218604
16.386608,31.187428,0.038122818,0.03848468,0.031297807,0.08169201,0.32485625,0.40054503
16.372057,30.696892,0.03828333,0.042119335,0.03738173,0.09704574,0.33660454,0.40985402
16.232735,30.937225,0.038646348,0.041663922,0.035921037,0.092469014,0.33413908,0.40837693
16.078861,30.687023,0.03919285,0.04524102,0.041408576,0.10421212,0.34335423,0.41644934
2.6549435,25.223146,0.09768307,0.12489635,0.16552295,0.23885748,0.5040802,0.6232086
2.0822957,25.482098,0.095238425,0.12519974,0.16945735,0.24878971,0.5191261,0.6365437
1.5096478,25.741049,0.093005426,0.12601566,0.17369874,0.25916457,0.5341036,0.6496522
2.188097,24.841393,0.11652037,0.123044744,0.16518556,0.23963743,0.5098003,0.6320767
1.6106178,25.099352,0.112385035,0.123950385,0.17041056,0.25115848,0.52613515,0.64643234
1.0331384,25.357311,0.10844296,0.12524241,0.1758253,0.26299575,0.54217917,0.66034293
1.7212508,24.459639,0.13361962,0.123837814,0.16831551,0.24447677,0.51922697,0.64390194
1.1389399,24.716606,0.12761064,0.12523536,0.17467509,0.25730544,0.536503,0.65895563
1.2544043,24.077885,0.14794952,0.12727289,0.17487353,0.25336778,0.53251,0.6587082
16.421799,29.755676,0.038470346,0.049708944,0.052323367,0.12771285,0.3540435,0.4246853
16.779427,29.748188,0.03723917,0.045268316,0.04613245,0.118250765,0.34558493,0.4164067
17.137056,29.7407,0.035988085,0.04118487,0.040582705,0.10917829,0.33762318,0.40883398
17.494684,29.733212,0.034727048,0.037435062,0.035630595,0.10048383,0.3300667,0.40185055
16.600681,30.075993,0.037735138,0.04462113,0.043455657,0.11205836,0.34399882,0.4153667
16.956474,30.067392,0.036532838,0.040779077,0.038404636,0.10346131,0.33626613,0.40796843
17.312267,30.058792,0.03531401,0.037235565,0.033889584,0.095234446,0.32891414,0.40114608
16.779564,30.39631,0.037048623,0.04025146,0.036253512,0.097282685,0.3340627,0.40654802
17.133522,30.386599,0.035873506,0.036914628,0.03215013,0.0895659,0.32691428,0.3998862
3.0792994,20.171354,0.20082211,0.201113,0.24288633,0.31976414,0.56561035,0.6823714
2.7153385,20.300205,0.20528983,0.2030614,0.24874589,0.32844028,0.5785744,0.6945859
2.3513775,20.429056,0.20946833,0.20515698,0.2548081,0.33717242,0.59105825,0.7061297
1.9874164,20.557907,0.21317612,0.20737867,0.26102605,0.34589958,0.6030049,0.71698916
2.8016775,19.89823,0.20299867,0.23441546,0.28950316,0.3732327,0.606578,0.7134676
2.4381468,20.02715,0.20730422,0.23616454,0.2949586,0.3812412,0.6183241,0.7244575
2.0746162,20.156069,0.21139313,0.23796919,0.3004267,0.389017,0.62942284,0.7347029
2.5240557,19.625105,0.20543404,0.2795571,0.35122216,0.4380286,0.6506387,0.7458174
2.1609554,19.754093,0.20964147,0.28076732,0.35560623,0.44476295,0.6606906,0.7552814
2.2464337,19.35198,0.20825955,0.33884,0.4280061,0.5113148,0.69611645,0.77850074
2.8843775,23.369287,0.16707467,0.123715356,0.15576304,0.21732661,0.4811351,0.61269534
2.3410532,23.605486,0.16152301,0.124599285,0.16177653,0.22872494,0.49833083,0.6284121
1.7977288,23.841686,0.15500152,0.12580007,0.1681891,0.24080777,0.51553845,0.6438133
2.4684913,22.972748,0.1820485,0.1283131,0.16261297,0.22682002,0.49553794,0.62831944
1.9225723,23.208395,0.17586163,0.12975405,0.16960014,0.23924845,0.5135244,0.64460796
1.3766532,23.444044,0.16831194,0.13144341,0.17693193,0.2522254,0.53125685,0.66029924
2.0526052,22.576206,0.19364917,0.13620996,0.17396756,0.2421002,0.5157836,0.6483025
1.5040914,22.811304,0.1872267,0.13814072,0.1818067,0.25529087,0.53403735,0.6645901
1.6367188,22.179667,0.20257552,0.1482316,0.19105558,0.26457328,0.54237026,0.67249876
3.0128005,21.665962,0.20431276,0.14187388,0.16992216,0.23085009,0.4936673,0.62776417
2.5541067,21.837196,0.20579556,0.1437914,0.17658006,0.24161667,0.51009583,0.64321685
2.0954127,22.008432,0.20519827,0.14591987,0.18364899,0.25289968,0.52639073,0.6581724
2.6710057,21.29661,0.20839502,0.15601954,0.189435,0.25688463,0.5229713,0.65347224
2.2118933,21.467733,0.21074575,0.15836056,0.19678809,0.26821887,0.5393889,0.6686112
1.7527809,21.638857,0.21104304,0.1608929,0.20448995,0.27990177,0.55536777,0.68298453
2.329211,20.92726,0.21105324,0.17681314,0.21838698,0.29414898,0.5596214,0.6835392
1.8696802,21.09827,0.21419662,0.17939174,0.22610493,0.30543172,0.57517713,0.6976291
3.0781326,19.06455,0.19902702,0.33431616,0.4162588,0.4936752,0.6732506,0.75692815
2.8008997,19.16036,0.20203489,0.3362346,0.42079177,0.50026685,0.68143994,0.7646401
2.5236669,19.25617,0.20512213,0.3377275,0.4246907,0.50613534,0.6890525,0.7718205
2.8637395,18.86126,0.20225686,0.3884088,0.48219702,0.5527552,0.7107442,0.78435075
2.5862007,18.957045,0.20510416,0.3905978,0.48673958,0.55908024,0.71788645,0.7910513
2.3086617,19.05283,0.20804542,0.39209262,0.49035138,0.56447667,0.72440994,0.7972288
2.6493464,18.657967,0.20656827,0.44857696,0.5498536,0.6110286,0.7473496,0.8110884
2.3715014,18.753729,0.20922966,0.45120108,0.5544648,0.61699045,0.7534069,0.81675947
2.4349532,18.454676,0.21230438,0.5114178,0.6150171,0.6663197,0.7823168,0.83669335
2.4876964,18.216167,0.21620815,0.55704165,0.6585974,0.7024986,0.8047594,0.8525134
2.5571673,17.983292,0.22096021,0.59701794,0.69551253,0.73380053,0.82503456,0.86701214
2.643366,17.756048,0.22634085,0.6315149,0.72643095,0.76056933,0.84312314,0.8801144
2.65789,18.412807,0.20979384,0.500557,0.6030188,0.65500426,0.77401876,0.82986796
2.718997,18.177116,0.21346419,0.54404414,0.64520997,0.6901547,0.7960353,0.84544504
2.7968318,17.947056,0.21791662,0.582212,0.6810364,0.7205979,0.8159174,0.8597175
2.8808267,18.370941,0.20732889,0.48920777,0.5902956,0.6429504,0.7651343,0.82255644
2.9502976,18.138065,0.21077417,0.5304438,0.63096046,0.67694813,0.78663707,0.8378223
3.1037633,18.329073,0.20490976,0.47740677,0.57685894,0.6301575,0.75564134,0.81473243
16.894823,28.543072,0.037405238,0.05549474,0.06985285,0.15201029,0.3605969,0.43073663
17.358011,28.512974,0.035605233,0.04841849,0.059121523,0.13864209,0.34853187,0.41911188
17.821198,28.482878,0.03380665,0.042127606,0.04967616,0.12598272,0.33747786,0.4087436
18.284386,28.45278,0.032027856,0.036557257,0.041452996,0.11396802,0.327252,0.39940533
17.094778,28.939785,0.036421645,0.04829836,0.05577738,0.13460127,0.34990126,0.42022792
17.562815,28.912497,0.034663502,0.04225773,0.04698952,0.12209525,0.33896035,0.40989152
18.030853,28.885208,0.032910522,0.036882848,0.03935436,0.11021113,0.32879627,0.4005778
17.294731,29.336498,0.035533227,0.042361155,0.044487968,0.11732655,0.3398707,0.41071326
17.767618,29.31202,0.033813264,0.037178632,0.037410695,0.10567136,0.32978946,0.40142098
2.758639,17.512957,0.23268983,0.66332024,0.75407183,0.7850062,0.8604461,0.89281493
2.872948,17.269396,0.23999767,0.6920627,0.7783644,0.8069762,0.87681687,0.90502244
2.9862928,17.025364,0.24816003,0.71768355,0.79948354,0.82647294,0.8920315,0.9165694
2.9343457,17.760855,0.22098437,0.6042961,0.7010248,0.7376869,0.82747203,0.867931
3.0491366,17.517529,0.22697575,0.6366853,0.7299577,0.76316315,0.84551924,0.8812175
3.1629636,17.273731,0.23393697,0.666329,0.75566006,0.786288,0.8627405,0.89411455
3.2253256,17.765661,0.21584898,0.57573056,0.67348677,0.71274996,0.8102177,0.85442233
3.3396344,17.5221,0.22147663,0.60840106,0.7035658,0.7391439,0.82890505,0.8682346
3.5163052,17.770468,0.2109265,0.54607475,0.6438791,0.68577784,0.7913087,0.83952135
17.431309,27.009161,0.03636194,0.064514495,0.09644496,0.17114922,0.36455074,0.43603647
17.985912,26.940346,0.033935215,0.05345254,0.07939412,0.15352432,0.3479534,0.42025578
18.540514,26.87153,0.031576425,0.043993816,0.064416975,0.13745658,0.33347788,0.40674743
19.095118,26.802715,0.029311933,0.035976995,0.051452056,0.1226584,0.3207226,0.39508593
17.715668,27.490368,0.034714438,0.052643005,0.07387483,0.15144043,0.35004678,0.42155114
18.27424,27.423737,0.03239885,0.04379442,0.060023624,0.13564122,0.33579373,0.4082188
18.832813,27.357107,0.030150617,0.03622039,0.04808375,0.12096314,0.3230685,0.3965928
18.000027,27.971573,0.03328186,0.043564007,0.055576075,0.13263632,0.33794942,0.40962481
18.562569,27.90713,0.03106607,0.036424484,0.044726405,0.11815465,0.32535753,0.39812556
3.1318502,16.69378,0.26052898,0.74812996,0.82398355,0.84952796,0.9107323,0.93106955
3.2879746,16.367384,0.27332148,0.77218163,0.8428451,0.86758274,0.9259071,0.9431248
3.454666,16.04617,0.28611878,0.7911058,0.8573555,0.881619,0.93790966,0.9528588
3.3697913,17.008385,0.2406999,0.68791276,0.7735877,0.8027463,0.8762387,0.9043639
3.520632,16.679396,0.25232926,0.7194154,0.7995283,0.8270074,0.89616156,0.91993403
3.68204,16.355589,0.26441428,0.7446384,0.81968075,0.8461743,0.9125969,0.9331133
3.7532897,16.991407,0.23346327,0.6549084,0.7439489,0.775373,0.85758007,0.88982916
3.909414,16.665009,0.24432917,0.6871038,0.7711809,0.8006437,0.8785566,0.9063572
4.1367884,16.974428,0.22642124,0.61869216,0.7102477,0.7440586,0.83573025,0.8726478
19.900255,25.199503,0.027403004,0.03379778,0.057481498,0.12088583,0.31414068,0.39155552
19.612156,24.829296,0.029184857,0.04168799,0.07247223,0.13335738,0.32425576,0.40165415
19.324057,24.459091,0.031242484,0.052045554,0.08965,0.14722484,0.33637437,0.41385502
19.035957,24.088886,0.033624582,0.06561872,0.109178916,0.16318868,0.35117894,0.42876655
20.10933,24.771168,0.027265461,0.03315095,0.058350857,0.119651094,0.3133779,0.39179754
19.81634,24.398634,0.02924206,0.04137477,0.07339275,0.13208143,0.3240011,0.40249217
19.52335,24.026098,0.031540006,0.052254703,0.09055208,0.14601444,0.33675343,0.4154136
20.308622,24.338175,0.027416486,0.032650437,0.059114594,0.11844844,0.31341228,0.39294043
20.010742,23.963312,0.029640824,0.04125124,0.07414301,0.13089669,0.32466656,0.40435663
20.498135,23.900524,0.027923552,0.032314245,0.05974234,0.117310874,0.31432927,0.39508015
18.220798,25.420376,0.03460758,0.06842811,0.11101552,0.17281397,0.35899258,0.43304384
18.780617,25.346752,0.032029904,0.054584768,0.09070164,0.1533321,0.3413371,0.41651133
19.340437,25.273127,0.029623773,0.04313857,0.07291563,0.13621792,0.32661387,0.40288973
18.512238,25.881155,0.032559842,0.054397427,0.08780567,0.15420446,0.34338737,0.4174892
19.070036,25.806412,0.030142477,0.043631926,0.07087463,0.13745028,0.32864073,0.403803
19.627832,25.731668,0.027879126,0.034718793,0.056163076,0.12230388,0.3159924,0.39227268
18.803679,26.341936,0.030812012,0.043891568,0.06793748,0.13787141,0.3309812,0.40514928
19.359453,26.266073,0.028538492,0.03545014,0.05411695,0.12295395,0.31826064,0.39353377
4.1849303,14.782154,0.33437002,0.8380662,0.89178324,0.91486067,0.96555525,0.975631
4.4284515,15.157156,0.30806231,0.7995592,0.8608973,0.88597727,0.9488449,0.963492
4.671973,15.532158,0.28192136,0.7499692,0.8200761,0.84705454,0.9228944,0.94373184
4.9154944,15.907159,0.25666028,0.6866528,0.7661812,0.79558337,0.8847892,0.9135102
3.935175,15.199855,0.31910482,0.8259475,0.8831488,0.90662026,0.9590021,0.9702543
4.1818633,15.576675,0.2924197,0.78297436,0.8487016,0.87424123,0.9385435,0.9548266
4.4285517,15.953496,0.2665335,0.7272952,0.8026731,0.8304617,0.90744585,0.9305248
3.6917536,15.621193,0.30289632,0.8106713,0.8719982,0.8958444,0.9500643,0.96286875
3.9416087,15.999833,0.27630168,0.76180995,0.8326759,0.85878,0.9247703,0.94330037
20.261969,23.594294,0.029913865,0.039220624,0.07141493,0.12707803,0.32369038,0.40465054
20.025803,23.288061,0.032185245,0.047928296,0.08431098,0.13782391,0.33447683,0.41570202
19.789637,22.98183,0.034781948,0.05883293,0.098544255,0.14984573,0.34698075,0.42847815
20.667843,23.588467,0.028385615,0.03145285,0.05886256,0.11540296,0.3146644,0.39643437
20.432922,23.283232,0.030555356,0.038316086,0.07014443,0.124992505,0.32428342,0.4063011
20.198,22.977997,0.033037715,0.04695701,0.082578376,0.13554107,0.33531147,0.41762084
20.84004,23.2784,0.029056514,0.030506521,0.05762486,0.11330423,0.31528023,0.3981353
20.606363,22.974161,0.031434964,0.037281424,0.06847429,0.12272143,0.32517907,0.408307
21.014727,22.970325,0.029964156,0.029478101,0.05604771,0.11102047,0.31616712,0.40017158
5.746736,14.715966,0.29403532,0.73166347,0.7983976,0.8253036,0.9180005,0.94418585
5.2261343,14.738029,0.307906,0.7750937,0.8375473,0.86358464,0.9401934,0.95918554
4.705532,14.760092,0.3212189,0.8098845,0.86796147,0.89274484,0.9553077,0.9690685
5.528395,14.267434,0.32302663,0.78753304,0.8459699,0.87152666,0.94794524,0.9659322
5.003923,14.287075,0.33688232,0.82171476,0.87614983,0.90048814,0.96186024,0.97451425
4.4794507,14.306716,0.35048333,0.8490707,0.8994489,0.92204744,0.97098845,0.9800275
5.3100543,13.818902,0.3509823,0.8305872,0.8820784,0.9060586,0.9665286,0.97835517
4.781712,13.836121,0.3649451,0.85764766,0.9053266,0.9274551,0.97485876,0.98310906
5.091714,13.37037,0.37772012,0.864235,0.9098295,0.9315471,0.9776483,0.9853018
6.402071,13.388434,0.33902153,0.7784273,0.8328695,0.8586054,0.9469916,0.96814686
5.9652853,13.382413,0.35245228,0.813376,0.86510944,0.8899565,0.961558,0.9764506
5.5284996,13.376391,0.36521313,0.8414074,0.8901671,0.9136547,0.971211,0.98179114
6.2493963,12.980816,0.36191082,0.81636995,0.86650544,0.89149,0.9638546,0.9785048
5.8098593,12.972907,0.37491462,0.8453071,0.89265656,0.91607094,0.9733042,0.98350406
5.3703227,12.964998,0.3875761,0.8686122,0.91287816,0.9343177,0.9794692,0.9867243
6.096721,12.573198,0.38336632,0.847642,0.89413154,0.9176399,0.97484905,0.9847925
5.6544333,12.563401,0.39617765,0.87180585,0.9152179,0.93648034,0.98086125,0.98781306
5.944046,12.16558,0.40354675,0.87390065,0.9169385,0.9381432,0.98193306,0.9886592
6.1626697,11.872422,0.40823638,0.87478656,0.9178583,0.9391074,0.9825716,0.98917073
6.3841157,11.581364,0.41225794,0.87512094,0.91849273,0.9398708,0.9831049,0.9896058
6.608384,11.292405,0.4156037,0.8749078,0.91884595,0.9404503,0.9835534,0.98997986
6.29282,12.230606,0.39127612,0.8519067,0.8977511,0.9211942,0.97673655,0.98608506
6.5128546,11.9384985,0.39596024,0.85186064,0.8978167,0.9215544,0.97738785,0.98666465
6.735712,11.64849,0.3999515,0.8510249,0.89743185,0.9215937,0.9778921,0.98713964
6.6415935,12.295633,0.37861943,0.82517594,0.8734575,0.8988167,0.9689785,0.9822091
6.8630395,12.004575,0.38321674,0.82376003,0.872161,0.89810205,0.9695481,0.9828488
6.990367,12.36066,0.36524147,0.79227173,0.84254646,0.86942255,0.9573082,0.97622824
21.354822,21.976885,0.035830766,0.029875305,0.05570348,0.10922742,0.32618025,0.41367975
21.263784,22.31777,0.03330196,0.029305447,0.055369597,0.10921758,0.3217613,0.40809348
21.15042,22.648916,0.031379603,0.029178333,0.055478346,0.10982021,0.318445,0.40360418
20.999828,22.01679,0.03674422,0.036778376,0.06619398,0.119467765,0.3337595,0.42025116
20.897629,22.352806,0.034344602,0.036242377,0.06613842,0.119613886,0.32948354,0.41485226
20.7731,22.679085,0.032542985,0.036212806,0.06658818,0.12043784,0.32636723,0.4106027
20.644836,22.056696,0.03775689,0.045114998,0.07791735,0.13041776,0.34192356,0.4274856
20.531471,22.387844,0.03549229,0.04464992,0.07819852,0.13078593,0.3378996,0.42237708
20.289843,22.096603,0.038877368,0.05510268,0.09098488,0.14228632,0.3509503,0.43562737
7.113325,10.65193,0.4207939,0.8729165,0.9190058,0.94148576,0.9844173,0.9906955
7.2484484,10.918311,0.40890613,0.8504522,0.898973,0.9242906,0.9797435,0.9884775
7.383572,11.184692,0.39628214,0.82507056,0.87528473,0.90293777,0.97313493,0.98532724
7.518696,11.451073,0.3827883,0.79633266,0.8475757,0.8769287,0.9637883,0.9807554
6.9458117,10.865777,0.41935408,0.8736755,0.9189329,0.941076,0.98411936,0.99045944
7.0805354,11.131981,0.4071995,0.8521143,0.89967006,0.92443126,0.97948384,0.98823047
7.2152586,11.398184,0.39433607,0.82780576,0.87702966,0.90390277,0.97296655,0.9850722
6.7774982,11.079268,0.41761827,0.87434393,0.9188827,0.94073504,0.98383313,0.99022186
6.9118214,11.345294,0.40518993,0.85358506,0.90034676,0.92462486,0.97923374,0.9879773
20.60423,21.081722,0.0494708,0.05718932,0.08935837,0.1422641,0.36696178,0.45447063
20.955902,20.98915,0.04934145,0.047098543,0.07658765,0.130438,0.35909435,0.4477447
21.307573,20.896576,0.04933006,0.038643956,0.06510262,0.11927122,0.35170156,0.44158787
21.659243,20.804003,0.049403027,0.03159484,0.054813534,0.108591944,0.344472,0.43571162
20.854427,21.38011,0.044194285,0.04623764,0.07705246,0.13013913,0.35204905,0.43968752
21.20197,21.286026,0.044026718,0.038122885,0.06585655,0.11946162,0.34501755,0.43381834
21.549511,21.191942,0.04396986,0.031324994,0.05578056,0.109286994,0.33827126,0.42834258
21.104624,21.678497,0.03969482,0.037201393,0.06586421,0.119172834,0.33845797,0.42607412
21.448036,21.582903,0.039489735,0.030726824,0.05607269,0.109471105,0.33210936,0.42091605
7.255689,10.428331,0.42289242,0.8741598,0.9208356,0.943373,0.98506725,0.99108547
7.3928504,10.2002125,0.42489102,0.8759922,0.923199,0.94571143,0.9858057,0.99150896
7.52481,9.967575,0.42676243,0.87846893,0.9261009,0.94848436,0.9866231,0.99196285
7.3830104,10.672556,0.412208,0.8528407,0.90204567,0.92747563,0.9809079,0.98913157
7.5227733,10.446697,0.41435993,0.8538071,0.90389806,0.929611,0.98173094,0.98960847
7.657334,10.216319,0.41638926,0.8554604,0.90641844,0.9323364,0.98267305,0.990128
7.652696,10.693181,0.40319014,0.82874286,0.8809301,0.9094896,0.9760391,0.986973
7.789858,10.465063,0.40537158,0.82929945,0.88273615,0.9118859,0.977107,0.987576
7.9223814,10.713807,0.3935605,0.79963,0.85462904,0.88652104,0.9692245,0.9839352
21.949673,19.762985,0.06978869,0.031076705,0.05005076,0.10521796,0.36065426,0.4537241
21.868174,20.114244,0.0618627,0.031184293,0.05158482,0.10608807,0.3550713,0.44788986
21.771364,20.46125,0.055084437,0.031344365,0.053156916,0.10722624,0.34959534,0.4417655
21.596424,19.851046,0.069841266,0.03841038,0.06035624,0.11686908,0.3693949,0.46110487
21.507269,20.20018,0.061867394,0.03861464,0.062160235,0.11777195,0.36357325,0.45494545
21.402803,20.545057,0.055154044,0.038896214,0.064008676,0.11886097,0.3578996,0.44861457
21.243174,19.939108,0.069720306,0.04719955,0.07200123,0.12912968,0.37795225,0.46832937
21.146364,20.286114,0.061816297,0.04755904,0.07408215,0.12999016,0.37198696,0.46200234
20.889923,20.02717,0.06953104,0.05769487,0.08503044,0.1419291,0.38650057,0.4756433
8.279898,10.064376,0.39929378,0.8023664,0.8621621,0.8966081,0.973755,0.9863253
8.028202,10.032109,0.40903878,0.8326422,0.88839287,0.91841036,0.97951436,0.98883855
7.776506,9.999842,0.41813603,0.85768473,0.9093697,0.93537796,0.9836394,0.990642
8.221829,9.7537365,0.40910077,0.8307594,0.888779,0.92006785,0.98035264,0.9893166
7.9626966,9.7155905,0.418864,0.8582058,0.9113371,0.9379034,0.9845323,0.9911419
7.703564,9.6774435,0.4280684,0.88069123,0.92903745,0.9514282,0.98750323,0.99245983
8.163761,9.443097,0.41807,0.8566654,0.9117002,0.939256,0.9851354,0.9915004
7.8971915,9.399072,0.42795125,0.8813045,0.93071854,0.9534468,0.9881622,0.9928479
8.105693,9.132458,0.42639393,0.8800868,0.9310486,0.95453334,0.98861676,0.99313426
21.218636,19.19501,0.09239128,0.052138712,0.07385948,0.13452336,0.39500841,0.4842731
21.47775,19.062181,0.09448527,0.044982184,0.064594254,0.1251128,0.38898256,0.47888744
21.736866,18.929354,0.09623738,0.03870385,0.05617569,0.1161802,0.38255537,0.47298902
21.995981,18.796526,0.09752801,0.033321008,0.048775323,0.108035505,0.37585104,0.46658227
21.462315,19.384335,0.084169835,0.044066995,0.06531328,0.12430321,0.3837814,0.47439182
21.733776,19.252008,0.08594719,0.037685305,0.05659737,0.115015216,0.37771726,0.4691041
22.005236,19.11968,0.087371826,0.032175228,0.048802324,0.10635671,0.37135303,0.46334913
21.705994,19.57366,0.07662967,0.03709569,0.05737252,0.11450149,0.3722664,0.46415827
21.9898,19.441833,0.07809701,0.03144826,0.049243666,0.105414554,0.36612412,0.45890635
8.3881,8.8413105,0.42187753,0.8738137,0.92796963,0.95347863,0.9886764,0.9932412
8.68257,8.5621195,0.4155947,0.86435866,0.92280424,0.9512328,0.98851043,0.9932289
8.989104,8.294884,0.40755925,0.850814,0.9149778,0.9475056,0.9880603,0.99306655
8.472286,9.319877,0.40948284,0.8334219,0.89419866,0.92665344,0.982521,0.9904022
8.760725,9.034707,0.4037664,0.8203943,0.8862387,0.9225203,0.98201734,0.990257
9.061227,8.761494,0.3959201,0.80241793,0.87476265,0.91625506,0.98104674,0.9898773
8.83888,9.507296,0.39059567,0.7694102,0.8394242,0.88233876,0.9712324,0.98544276
9.133349,9.228104,0.3833684,0.7467576,0.8236794,0.87274855,0.96936977,0.9846757
9.205472,9.694715,0.36907592,0.6852151,0.7623583,0.816601,0.95029885,0.9759104
21.030516,18.234673,0.12889895,0.063430205,0.07807889,0.14419664,0.4089485,0.49429247
21.340664,18.020031,0.13233756,0.053117156,0.06610956,0.13229482,0.39736706,0.48257133
21.650812,17.80539,0.13450408,0.044303127,0.05611431,0.12166256,0.38466698,0.46924415
21.960958,17.590748,0.13518485,0.036833957,0.047829717,0.11208794,0.37145346,0.45483562
21.352337,18.421957,0.11828607,0.051171567,0.06714703,0.13146736,0.3985915,0.48574555
21.663538,18.207031,0.121472485,0.04279283,0.05668821,0.12068839,0.38820913,0.47518054
21.97474,17.992105,0.12336457,0.035806205,0.04818289,0.11132427,0.37707618,0.46328136
21.67416,18.609241,0.10772149,0.041280236,0.057404872,0.11939479,0.38754517,0.47650936
21.986412,18.394032,0.11056549,0.03461777,0.04849356,0.10987151,0.3784483,0.4671313
10.384088,8.805652,0.3227471,0.5355525,0.6361982,0.72599703,0.91838735,0.9588303
9.919093,8.635396,0.3540761,0.6571776,0.75565976,0.8281506,0.95799166,0.9792851
9.454099,8.465139,0.382615,0.7684878,0.8515685,0.90247595,0.9783945,0.98870355
10.309112,8.309073,0.33816677,0.61665976,0.72436565,0.80936986,0.95235765,0.9761756
9.840928,8.135521,0.36870557,0.73471636,0.82917994,0.890533,0.9760213,0.9875545
9.3727455,7.961969,0.3962897,0.83026767,0.90312064,0.9420602,0.98733646,0.9927545
10.234136,7.8124943,0.35339028,0.6990578,0.804445,0.87734777,0.9729198,0.9859272
9.762763,7.635646,0.3836842,0.80482274,0.888103,0.9351588,0.9862509,0.99222296
10.159159,7.3159156,0.36902705,0.7763766,0.8705462,0.92699665,0.9847201,0.99141264
20.744534,16.838081,0.17169113,0.08379138,0.087674044,0.15907483,0.39472756,0.47034454
21.124409,16.54849,0.17190656,0.067328855,0.07277184,0.14288531,0.37058127,0.44400874
21.504282,16.2589,0.16971101,0.053122398,0.05920073,0.12742084,0.34759971,0.41823092
21.884157,15.969309,0.16490841,0.040962823,0.04656992,0.11163056,0.32563373,0.39381102
21.15001,17.08897,0.16146241,0.064107105,0.07112674,0.1403931,0.38543049,0.46406922
21.531736,16.799046,0.16130994,0.050708868,0.058317814,0.12593657,0.36325473,0.43965045
21.913462,16.50912,0.15849784,0.039322674,0.046585053,0.11137488,0.34141526,0.4153304
21.555485,17.339859,0.14912972,0.048439782,0.05803609,0.12504558,0.37811813,0.45929208
21.939062,17.0496,0.14860149,0.038041905,0.04718247,0.11195841,0.35814083,0.43715662
11.735447,7.8928814,0.26282653,0.43839416,0.54098594,0.65550095,0.87096184,0.92364943
11.210017,7.7005596,0.29547068,0.5378341,0.65263444,0.7607888,0.9310259,0.9628407
10.684588,7.5082374,0.3319839,0.6557955,0.7702961,0.8568837,0.96689934,0.98263586
11.706556,7.3341937,0.26192424,0.5150941,0.6336232,0.75062084,0.9222943,0.9558663
11.176788,7.1363416,0.2999885,0.6252114,0.74523056,0.8431365,0.9611681,0.9790084
10.64702,6.9384894,0.34289706,0.74251896,0.8479987,0.91624725,0.98220426,0.98998696
11.677667,6.7755055,0.25390685,0.5902864,0.720328,0.8307079,0.9549616,0.97474945
11.143559,6.5721235,0.30015403,0.7077357,0.82473683,0.9052734,0.97899,0.98804224
11.648776,6.216818,0.24939173,0.6607989,0.79725623,0.89309746,0.97506887,0.9855823
20.375446,15.13151,0.19107115,0.10469285,0.112553276,0.192785,0.37895483,0.43471065
20.834192,14.774809,0.18664253,0.083536915,0.09122362,0.16993278,0.35238144,0.40525106
21.29294,14.418108,0.17878832,0.06521948,0.07189535,0.1481041,0.32880226,0.3799713
21.751688,14.061407,0.16728798,0.050172687,0.05533111,0.12715015,0.30656496,0.35716254
20.87835,15.410776,0.1851183,0.08121944,0.08648652,0.16144983,0.35577488,0.41544223
21.339558,15.053933,0.17899361,0.06232949,0.067491114,0.14037158,0.33046904,0.38721183
21.800766,14.69709,0.16915087,0.046624754,0.050767303,0.119686045,0.30707502,0.36222908
21.381254,15.6900425,0.17653309,0.05929843,0.06432327,0.13453144,0.33812076,0.4019395
21.844921,15.333057,0.16864054,0.043504033,0.047834497,0.11424048,0.31271484,0.37395293
13.108899,6.8282256,0.15836135,0.37660772,0.5094828,0.6485736,0.8542628,0.9054201
12.622191,6.624423,0.17830275,0.4543453,0.59959275,0.73867816,0.9117307,0.9465154
12.135484,6.4206204,0.20881991,0.5511249,0.69874126,0.8222398,0.9505469,0.97150785
13.13929,6.2960696,0.13941133,0.41370353,0.5728577,0.72083986,0.8994176,0.9375052
12.648681,6.08608,0.1648467,0.5004318,0.66847205,0.80615336,0.94211227,0.9658689
12.1580715,5.87609,0.20232305,0.6044892,0.7671938,0.87994266,0.97014093,0.98249394
13.169681,5.7639136,0.12882975,0.45474148,0.6409995,0.7890589,0.9314095,0.9584366
12.67517,5.5477366,0.16014764,0.55020034,0.7384999,0.86629677,0.9637635,0.978375
13.20007,5.2317576,0.12499866,0.50114286,0.7129208,0.85087895,0.95540696,0.9727296
20.136013,13.245154,0.19058566,0.11038401,0.13466085,0.22301064,0.38527444,0.42912343
20.61495,12.870557,0.18147057,0.09117898,0.11168371,0.19663534,0.35912302,0.40292746
21.093887,12.495959,0.16838631,0.07504711,0.09168478,0.17189617,0.3344118,0.37878975
21.572824,12.121362,0.1521094,0.062242147,0.07524263,0.14941123,0.31097785,0.3561918
20.674572,13.517239,0.18489337,0.089433044,0.1055512,0.19039112,0.35798654,0.40307653
21.155918,13.142858,0.17349707,0.07202602,0.08507503,0.16583228,0.33354402,0.37877202
21.637266,12.7684765,0.15844955,0.058166437,0.06819382,0.14326517,0.3103066,0.35615245
21.21313,13.789323,0.1772206,0.06909281,0.07864976,0.15798475,0.33157712,0.3789552
21.696888,13.415158,0.16358426,0.054083183,0.061330542,0.13547936,0.30837443,0.35592723
14.317107,5.8203974,0.090820186,0.31297985,0.48274168,0.6339626,0.83705956,0.8906142
13.944762,5.624184,0.09578474,0.36636102,0.55772257,0.714835,0.88867044,0.92834795
13.572416,5.427971,0.106774785,0.42922893,0.63517916,0.7872485,0.9270012,0.95473
14.3862295,5.383748,0.08177094,0.32644755,0.52818245,0.68958193,0.87111276,0.91490805
14.0114765,5.1829047,0.08915393,0.38829345,0.61101437,0.7681578,0.91418546,0.94532716
13.636724,4.982061,0.10246815,0.46017897,0.6925485,0.8358985,0.94648635,0.9665573
14.455352,4.947099,0.07587471,0.3423153,0.58035004,0.74412686,0.8989058,0.934003
14.078192,4.7416253,0.08525099,0.41399693,0.6688324,0.81758493,0.9354411,0.9587936
14.524474,4.51045,0.07246252,0.3632392,0.63911754,0.7951127,0.9223783,0.9494846
19.914343,11.324363,0.17808515,0.11324681,0.14707325,0.22611016,0.3781137,0.42339772
20.393957,10.944744,0.16312951,0.09686958,0.12516695,0.19912942,0.3504914,0.3965033
20.87357,10.565126,0.14535013,0.08309193,0.10623553,0.17445746,0.3243795,0.37123713
21.353184,10.185508,0.12677582,0.0718343,0.09042184,0.15241094,0.29989538,0.34764704
20.46717,11.590029,0.17091934,0.09532843,0.12228912,0.20148815,0.3560546,0.40059483
20.949034,11.210986,0.15448195,0.080930874,0.10293432,0.17652135,0.33024597,0.3756439
21.430899,10.8319435,0.13625968,0.06934244,0.086883545,0.15409239,0.3059409,0.35228905
21.019997,11.855695,0.16221093,0.07823114,0.09803487,0.17580692,0.33368492,0.3781889
21.504112,11.477227,0.14471221,0.06605003,0.0816804,0.15312284,0.3096322,0.35507524
15.385134,5.0795894,0.06362809,0.22763094,0.4109063,0.5755155,0.79893225,0.8603529
15.098247,4.8898764,0.06456554,0.26324418,0.4833245,0.65706396,0.8497112,0.89809674
14.81136,4.700163,0.06736307,0.30820978,0.56117237,0.7309387,0.8900618,0.92718333
15.435968,4.7295804,0.059365775,0.23269944,0.44883618,0.6268553,0.832048,0.88484514
15.147846,4.5371013,0.061388228,0.27356946,0.52990484,0.70638305,0.8761165,0.916892
14.859723,4.3446226,0.06526724,0.32527292,0.6129537,0.7755242,0.91145015,0.9416296
15.486804,4.379571,0.056657977,0.24177857,0.49605516,0.67855996,0.8607854,0.905635
15.197445,4.1843266,0.05963947,0.289305,0.58364385,0.75332767,0.89951855,0.9330266
15.53764,4.029562,0.055232,0.25670585,0.55182165,0.7285172,0.8865843,0.9236921
19.69707,9.42771,0.14864631,0.11147062,0.14324954,0.20417032,0.34940043,0.4012421
20.163641,9.036551,0.12907116,0.09630231,0.12300883,0.17882378,0.32124224,0.37358937
20.630213,8.645394,0.11008472,0.08318724,0.1055955,0.15653141,0.2954026,0.3481201
21.096785,8.254236,0.09329814,0.072155245,0.09089143,0.13706414,0.27178293,0.32488906
20.249107,9.680309,0.14230934,0.09753418,0.12524547,0.18705918,0.33260083,0.38264847
20.71776,9.290068,0.123097226,0.08440125,0.10732196,0.16373877,0.30642444,0.35708982
21.186413,8.899827,0.10515584,0.07337664,0.09219774,0.14319682,0.28221616,0.33349454
20.801146,9.932908,0.13491043,0.08423753,0.10753349,0.16989942,0.31625214,0.36490244
21.27188,9.543584,0.11639978,0.07324157,0.09214262,0.14856367,0.29183698,0.34128702
16.19895,4.498567,0.05181608,0.17385207,0.35574633,0.52957386,0.772312,0.84023064
15.978513,4.342232,0.052258793,0.19545558,0.41487843,0.6000019,0.8167775,0.8734592
15.758077,4.185897,0.053359713,0.22270316,0.48139212,0.66722214,0.8545498,0.90098655
16.23409,4.23307,0.050073143,0.17890736,0.38989544,0.5746456,0.80165774,0.8622931
16.013304,4.075729,0.050984416,0.20376007,0.4558469,0.64416534,0.8419725,0.89181423
15.792516,3.9183877,0.05256433,0.23512745,0.52725434,0.70865357,0.87630737,0.9162557
16.269234,3.9675725,0.04895689,0.18725707,0.43171373,0.6212867,0.829029,0.8823008
16.048096,3.8092253,0.050309546,0.21619259,0.5033569,0.68866974,0.8657761,0.90856946
16.304377,3.7020752,0.048382163,0.19984634,0.4811093,0.66951954,0.8552246,0.9007327
19.575577,7.634186,0.101326026,0.09703227,0.12541437,0.17245132,0.30982456,0.3683941
19.996593,7.266259,0.08564342,0.083938845,0.10949366,0.15338197,0.2867877,0.34518343
20.41761,6.898333,0.0728666,0.07290249,0.09578803,0.13689128,0.26666236,0.3250584
20.838627,6.530407,0.06285341,0.06401093,0.08421907,0.12268007,0.2492968,0.3081114
20.082645,7.8408694,0.099385194,0.08827727,0.113372706,0.16004291,0.29595166,0.35224774
20.505426,7.473792,0.08447332,0.0767473,0.098895624,0.14217222,0.2741532,0.33043534
20.928207,7.1067147,0.07232911,0.06718733,0.08658126,0.12661552,0.2546926,0.31116566
20.589716,8.047553,0.096641414,0.07995244,0.10185147,0.14834432,0.28348425,0.33797106
21.01426,7.6813245,0.08264943,0.07003143,0.088932574,0.1315937,0.262674,0.31738806
16.79997,4.0346837,0.046364956,0.14867459,0.33670393,0.51534075,0.7623608,0.8326287
16.634773,3.9238143,0.046778776,0.16279489,0.38042545,0.56762236,0.79660416,0.8582889
16.469574,3.8129447,0.047440737,0.1796877,0.42891687,0.6194583,0.8275163,0.88090926
16.818436,3.8296149,0.045657303,0.15540421,0.37076432,0.55777806,0.78960985,0.85276246
16.6556,3.723436,0.046275325,0.17116927,0.41751882,0.6086524,0.82059556,0.87551916
16.492764,3.617257,0.047134846,0.1899179,0.4680567,0.6582456,0.84854114,0.89558244
16.836899,3.6245458,0.0452299,0.16464092,0.4109499,0.60294324,0.816209,0.87176734
16.676426,3.5230577,0.04603446,0.18231182,0.46002555,0.6517558,0.8440647,0.89182675
16.855364,3.4194767,0.04506141,0.17691617,0.45740658,0.6507197,0.84222555,0.8897425
20.389711,6.4216404,0.06388451,0.06892481,0.09241434,0.13248129,0.26172042,0.32238564
19.940796,6.312874,0.06470625,0.074420765,0.10147946,0.14322604,0.2757427,0.33892527
19.49188,6.2041073,0.065283366,0.08054663,0.11148541,0.1551709,0.29212958,0.35869378
20.759354,6.0818777,0.056402795,0.061711144,0.08283441,0.12102848,0.24868292,0.310274
20.298195,5.97862,0.057034537,0.06634761,0.09114525,0.13148561,0.26303607,0.3271415
19.837036,5.875362,0.05749364,0.07161798,0.10053703,0.14323786,0.27976415,0.3473222
20.655594,5.644366,0.05105554,0.060054332,0.0825941,0.121784724,0.25390035,0.3197433
20.182192,5.5466166,0.05143973,0.06456738,0.09134335,0.13348405,0.27151042,0.34088758
20.527346,5.2178707,0.04671232,0.059239633,0.08412205,0.1262643,0.26824275,0.34045434
17.209309,3.7255743,0.043770563,0.13861987,0.33713767,0.52033967,0.7626628,0.8315134
17.091326,3.6235418,0.044057332,0.14949444,0.37396067,0.5638777,0.7912425,0.85285056
16.973345,3.5215092,0.044483915,0.16216774,0.41421223,0.60759646,0.8177804,0.87223583
17.255184,3.5544796,0.04328211,0.14430924,0.36681286,0.5571947,0.78564596,0.84792477
17.133492,3.4441493,0.043700416,0.1573684,0.40962127,0.60428125,0.8145137,0.86906177
17.011799,3.3338192,0.04427902,0.17273548,0.4559163,0.6508392,0.84100723,0.88805974
17.30106,3.383385,0.04294302,0.15177096,0.4014095,0.5972547,0.8089565,0.8641102
17.175655,3.264757,0.0435075,0.16754182,0.4506215,0.6474545,0.8378002,0.8848691
17.346935,3.2122903,0.042743724,0.16129951,0.44114918,0.6400509,0.8323389,0.8799847
20.056915,4.3068156,0.040220287,0.06303007,0.10437993,0.17093526,0.36763358,0.460526
20.243841,4.595356,0.041881513,0.060652558,0.09371753,0.14806965,0.32139656,0.40748605
20.400652,4.899041,0.044020146,0.059460077,0.087443754,0.13413183,0.28906202,0.36780325
19.845276,4.564518,0.042365335,0.06481063,0.10348048,0.16313864,0.3462434,0.43638125
20.017143,4.8606305,0.044476956,0.06322103,0.095645815,0.14623225,0.30890873,0.39140084
20.158895,5.171888,0.0471701,0.06276027,0.09131229,0.13636716,0.28418386,0.35952154
19.633636,4.82222,0.044921953,0.067557745,0.10516947,0.16023019,0.33216062,0.41913608
19.790445,5.125905,0.047598336,0.06676213,0.09949999,0.14780831,0.30259335,0.38179085
19.421997,5.0799217,0.0479982,0.07132706,0.10884379,0.16090442,0.32424918,0.4081081
17.5509,3.1726913,0.041887365,0.15298668,0.4249835,0.6261022,0.82295984,0.87204653
17.75932,3.1534662,0.04107481,0.14389342,0.40392697,0.60653514,0.81019807,0.8615504
17.972195,3.154615,0.040316544,0.13421977,0.3781131,0.58072925,0.79335177,0.84792805
17.462072,3.3866837,0.042293347,0.14318144,0.37916505,0.5741818,0.79390484,0.85239565
17.668264,3.3572717,0.04150302,0.13516334,0.36066973,0.55521303,0.78035724,0.8411871
17.878912,3.3482335,0.04077777,0.12674037,0.3383631,0.530836,0.7628599,0.82685256
17.57721,3.5610769,0.042101994,0.12888733,0.32516986,0.509431,0.75166845,0.82113993
17.78563,3.5418518,0.041385666,0.12131901,0.30580473,0.48658034,0.73367435,0.80623156
17.692347,3.7354703,0.04215543,0.1176597,0.27968162,0.4483215,0.7062777,0.7862759
19.219221,4.3620634,0.042018823,0.073185496,0.12746051,0.20447467,0.41791546,0.5172092
19.296764,4.139089,0.040473316,0.073244885,0.1345799,0.22287683,0.45061243,0.55056095
19.37431,3.9161146,0.039163154,0.074203685,0.14578271,0.24849893,0.48952705,0.5880193
19.451853,3.69314,0.038057532,0.0761923,0.16234721,0.28301486,0.5346736,0.62907356
19.498453,4.3436475,0.041399192,0.06940127,0.11886895,0.19203086,0.39914247,0.4961609
19.586876,4.111452,0.03982282,0.06946764,0.12571664,0.21010028,0.4324829,0.5307227
19.675299,3.8792565,0.038484223,0.07043154,0.13684098,0.23597576,0.4730649,0.57035327
19.777683,4.3252316,0.040800326,0.06603448,0.11120705,0.18090576,0.38247728,0.47733244
19.876986,4.083815,0.039197676,0.06612611,0.11790759,0.19882333,0.4165429,0.5131311
18.234148,3.7173858,0.04063264,0.10090271,0.23350134,0.38614312,0.64855915,0.7365776
18.14683,3.5297954,0.040312827,0.10927943,0.2722333,0.44471058,0.6988685,0.7768422
18.059513,3.3422053,0.040205106,0.12016209,0.3202594,0.51033825,0.74757487,0.8141233
18.398155,3.5802855,0.039806012,0.100305535,0.24177466,0.40245742,0.6617731,0.74562305
18.312643,3.3804789,0.039548315,0.109921314,0.28680876,0.46873766,0.7158272,0.78818524
18.227133,3.1806722,0.039516304,0.12258931,0.342907,0.54248667,0.7676262,0.8272642
18.56216,3.4431856,0.039050814,0.1003821,0.25276372,0.42264682,0.67775685,0.756629
18.478456,3.2311623,0.038858544,0.1114818,0.3052654,0.497572,0.7355983,0.8014686
18.726168,3.3060856,0.038359035,0.10114288,0.26679143,0.4470232,0.69646466,0.7695768
18.722815,4.023205,0.040890668,0.0839851,0.16773637,0.2781782,0.5284301,0.6292084
18.723932,3.7841651,0.039790656,0.08763947,0.19073945,0.3219765,0.5809631,0.6759072
18.72505,3.5451252,0.03895258,0.09318103,0.22299059,0.37796474,0.6375197,0.72309935
18.965826,3.9131832,0.039882082,0.08087838,0.16452004,0.27745762,0.52753013,0.6264646
18.975128,3.6627398,0.038822882,0.085016124,0.19040304,0.32633787,0.58481985,0.67696
18.98443,3.4122963,0.03802397,0.09126223,0.22716025,0.38966876,0.6469728,0.7283033
19.20884,3.8031616,0.038940273,0.07830001,0.16270159,0.27901676,0.5296011,0.62640333
19.226324,3.5413144,0.037919797,0.08298566,0.19209357,0.33408633,0.5923652,0.68115336
2.469741,38.285583,0.018885398,0.09305529,0.12667547,0.18532847,0.45931804,0.5604379
2.2262757,38.362083,0.018702108,0.09196113,0.12573525,0.18436894,0.45906398,0.5604324
2.3779764,38.113075,0.018663619,0.09377788,0.12846455,0.18854381,0.46508548,0.565381
6.904751,38.831184,0.031094827,0.07773258,0.09775341,0.15866044,0.40318263,0.50165844
6.916184,39.08385,0.031462874,0.075078495,0.09292038,0.15233515,0.39413178,0.49276298
6.6763687,38.898514,0.030354945,0.08016777,0.102517866,0.16366194,0.40767953,0.5056877
7.556132,38.234528,0.03276265,0.074105605,0.08969983,0.15070663,0.4008289,0.50121504
7.7329273,38.49615,0.033717565,0.06862158,0.07931698,0.13656335,0.38269714,0.4841078
7.9097223,38.757774,0.034639537,0.0634008,0.069588825,0.12246409,0.36371112,0.46593422
7.4151325,38.41097,0.03244746,0.07446096,0.09068959,0.15150683,0.39991322,0.49983823
7.5919275,38.672592,0.033406336,0.06906226,0.0804388,0.13774596,0.38239002,0.4832388
7.2741327,38.58741,0.032140695,0.07479852,0.091635615,0.15220813,0.3988929,0.49839205
8.00834,38.16859,0.03436406,0.067577586,0.07680465,0.1336517,0.3823515,0.4849394
7.959031,38.463184,0.03449985,0.06543215,0.07309064,0.12793565,0.37289584,0.47535357
7.782236,38.201557,0.033567097,0.0708442,0.08322058,0.14237101,0.39204147,0.49349904
8.652727,38.03514,0.036522396,0.059022818,0.06070129,0.10972367,0.3525383,0.4581153
8.641633,38.268723,0.036690682,0.05710573,0.05755207,0.10445212,0.3432315,0.4485657
8.443585,38.08538,0.03584316,0.06164552,0.06549948,0.11716137,0.36240742,0.46710402
2.7449021,38.28141,0.019197037,0.093959674,0.12708922,0.18531828,0.45747185,0.5586243
2.6531377,38.1089,0.018944992,0.09464374,0.12880291,0.18837127,0.46319348,0.5635731
2.5613732,37.93639,0.018712165,0.095358945,0.1305818,0.1915656,0.46891698,0.5684704
2.9282987,38.104725,0.019277047,0.095639795,0.1293717,0.18858165,0.46157122,0.56196785
2.8365343,37.932213,0.019013144,0.09632618,0.13108529,0.19162264,0.46725637,0.56687975
3.1116955,37.92804,0.019367088,0.09741001,0.13180637,0.19204976,0.46585283,0.56547815
2.829591,38.54756,0.019543743,0.092751056,0.124457456,0.18083039,0.44906107,0.55129856
3.0976768,38.637028,0.02002558,0.093186796,0.12415456,0.1798196,0.44485572,0.54728436
2.767633,38.809284,0.01969985,0.091115616,0.12170224,0.1764851,0.44179866,0.5450654
3.1963844,38.19419,0.019742528,0.09613155,0.12909047,0.18749334,0.45745108,0.5581607
3.2810733,38.460342,0.02014482,0.09486719,0.12648752,0.18320432,0.4491363,0.55078936
3.0129879,38.370876,0.019637957,0.09440091,0.12670387,0.18406612,0.4531698,0.55464965
3.6309772,38.81343,0.021176096,0.093926795,0.123922184,0.17887062,0.43744722,0.5397259
3.8961918,38.900364,0.021842368,0.094064906,0.12382496,0.17875132,0.43419224,0.5361359
3.58838,39.144276,0.021473762,0.09183655,0.12054173,0.17375943,0.4281969,0.5313836
6.091953,38.886612,0.028259952,0.087051906,0.114857964,0.17597714,0.42087692,0.51837677
5.926299,39.201023,0.028129356,0.08570573,0.11265877,0.17221017,0.41402522,0.51178735
5.735919,38.807377,0.026930362,0.09089147,0.12091637,0.18158077,0.42823052,0.52588606
4.567566,38.900913,0.02349956,0.09466928,0.12503828,0.18164441,0.4325702,0.53280836
4.973726,38.81453,0.024530087,0.0946862,0.12566565,0.18392302,0.43363148,0.53271085
4.6861305,39.235847,0.024279328,0.09205192,0.12130052,0.17691599,0.4229652,0.5232909
2.8099315,37.40873,0.018569661,0.09946808,0.13709562,0.20158488,0.48297238,0.5800812
2.9105196,37.581833,0.018813219,0.09875566,0.13527419,0.19826724,0.47728768,0.57528967
3.0111074,37.754936,0.019079132,0.09807312,0.13351104,0.19508603,0.47157234,0.5704173
2.6353583,37.586006,0.018526318,0.0977302,0.13467906,0.19814444,0.47874334,0.5766471
2.7359464,37.75911,0.018758772,0.097010024,0.13284993,0.194813,0.47301206,0.57179964
2.4607852,37.763287,0.01849037,0.09608996,0.13242342,0.19491684,0.47469872,0.57337624
3.009824,37.357628,0.018748622,0.100587174,0.13821049,0.20275311,0.48349983,0.5804372
3.2097166,37.306522,0.01895179,0.10178632,0.13945593,0.20411375,0.48417428,0.58092207
3.409609,37.25542,0.019180546,0.10305157,0.14081895,0.20565458,0.48498562,0.58152366
3.1104121,37.53073,0.019014275,0.09989262,0.13641956,0.19951281,0.4778261,0.5756395
3.3103044,37.479626,0.01924012,0.10109493,0.13768308,0.20094176,0.47850806,0.57611036
3.211,37.703835,0.019302458,0.0992156,0.13468108,0.19640948,0.47213066,0.5707608
2.2363627,37.672127,0.018248305,0.09604544,0.13334155,0.19709843,0.47898072,0.57707536
1.959266,37.681355,0.018073829,0.09541756,0.13332556,0.1978223,0.48094007,0.5788882
2.1865134,37.403687,0.01805705,0.09762484,0.13645461,0.2024733,0.48701227,0.58373475
2.585509,37.31757,0.01829561,0.099268496,0.1377759,0.20345064,0.4868944,0.5834254
2.4109359,37.494846,0.018268844,0.09760866,0.13547866,0.20016806,0.48284498,0.580169
2.3610866,37.226406,0.018069036,0.09920183,0.13862458,0.20558967,0.4908705,0.5868029
7.567591,37.990646,0.03251828,0.07656688,0.09414099,0.15687826,0.40986928,0.5100114
7.57905,37.74677,0.032274593,0.07913064,0.09874967,0.16320838,0.4190335,0.51883864
7.5905094,37.50289,0.032032195,0.08180079,0.10352471,0.16970187,0.42831826,0.5276888
7.793695,37.95768,0.03333559,0.07325525,0.08755755,0.14859752,0.40132633,0.5025796
7.8051543,37.713802,0.03310461,0.07577284,0.09208587,0.15500607,0.4107457,0.5116921
8.019799,37.924713,0.034146223,0.06992175,0.080973804,0.13985434,0.3918577,0.49430022
6.9578114,38.47685,0.030830149,0.08062523,0.10283748,0.16557927,0.41387233,0.5122085
6.729429,38.544178,0.030076012,0.08306685,0.10754102,0.17041354,0.41816062,0.5159927
6.5010467,38.61151,0.029334016,0.08527087,0.11163439,0.17432454,0.4215692,0.519079
6.7824893,38.189842,0.029801676,0.086131975,0.11278837,0.17745052,0.42895317,0.5264934
6.5541067,38.257175,0.029046562,0.08832476,0.11676559,0.18117572,0.43216237,0.5293546
6.6071672,37.90284,0.028764939,0.09155448,0.122124776,0.18834025,0.44307047,0.5398204
6.145013,38.532276,0.027951917,0.089986265,0.11965429,0.18238239,0.4310391,0.52822423
5.788979,38.45304,0.02661087,0.0938404,0.12556286,0.18785134,0.43832564,0.53556335
6.1980734,38.17794,0.027648566,0.09308578,0.124659725,0.18908688,0.44150847,0.5382736
7.2398105,38.123962,0.03143729,0.08025776,0.10159454,0.16539454,0.4173184,0.51620036
6.9234886,38.0134,0.030099032,0.086148456,0.112614386,0.17804752,0.43135762,0.52900505
7.2512693,37.880085,0.031176768,0.08282017,0.10614836,0.17145932,0.42606777,0.5246214
6.934948,37.769524,0.029825233,0.08876722,0.11711225,0.18390577,0.43982187,0.537084
7.2627287,37.636208,0.030917443,0.085480794,0.11083412,0.17766285,0.43493217,0.53307307
7.0988107,38.300407,0.0311289,0.08045655,0.10225488,0.16555044,0.415649,0.51423866
8.735597,37.785393,0.0365887,0.060124177,0.06239095,0.11264747,0.35856217,0.4645671
8.526455,37.835636,0.035901997,0.06278989,0.06729491,0.120189846,0.36846277,0.47353017
8.317313,37.88588,0.035199825,0.06554738,0.07251298,0.12791675,0.3779501,0.48197827
8.6093235,37.585888,0.035968356,0.063994594,0.06918853,0.12336048,0.3747259,0.4800893
8.400182,37.63613,0.035258062,0.06679834,0.07451663,0.1311914,0.3842408,0.48851
8.483051,37.386383,0.035324566,0.068114474,0.07662717,0.13461937,0.39073512,0.4951622
8.185537,37.42522,0.034246273,0.072653234,0.085444495,0.1468985,0.4047769,0.50744104
8.102668,37.674965,0.034191966,0.07125388,0.083153926,0.14329833,0.3982197,0.5008123
7.8880234,37.464054,0.03314519,0.077259175,0.09454877,0.15877049,0.41736835,0.5183026
9.016615,37.8087,0.037552275,0.05591857,0.055073664,0.10080549,0.34084314,0.4477647
9.171361,37.632504,0.03792053,0.055357162,0.053962022,0.0991144,0.33934173,0.44683015
9.213886,37.90933,0.03825571,0.052481208,0.049445953,0.09124244,0.32468015,0.4317557
8.890343,37.609196,0.03697101,0.059512936,0.06110302,0.110783815,0.3572352,0.46389338
8.76407,37.40969,0.036364015,0.06337141,0.06780076,0.12146241,0.37368658,0.47971472
9.045089,37.433,0.037354458,0.058928106,0.059876803,0.10899366,0.35592014,0.46318743
7.954517,36.817905,0.032703012,0.08410428,0.10667028,0.17572846,0.44192538,0.54146385
8.130695,37.007397,0.033603217,0.07856183,0.096211605,0.16207446,0.4257173,0.5270026
8.306873,37.19689,0.03447855,0.073211096,0.086114004,0.14826265,0.40860742,0.5115553
7.833181,37.046234,0.03246707,0.08330198,0.10557314,0.17364854,0.43730798,0.53683674
8.009359,37.235725,0.03336846,0.07789323,0.095355056,0.16038604,0.4214975,0.52263147
7.711845,37.274563,0.03224354,0.082535274,0.10452672,0.17164305,0.4327728,0.5322426
4.186655,38.584507,0.0221216,0.09673682,0.12793657,0.18500026,0.44250295,0.5430987
4.2119036,38.181717,0.021683885,0.09966925,0.13256954,0.1917668,0.45426434,0.55381554
4.237152,37.778927,0.021258589,0.102738515,0.1375176,0.19903536,0.46639094,0.5646943
4.5928144,38.498123,0.023033926,0.09771916,0.12965384,0.18813814,0.443991,0.54349434
4.6180634,38.095333,0.02257735,0.100920394,0.13455367,0.1950792,0.4558076,0.5544031
4.9989743,38.41174,0.02405288,0.0979807,0.13061115,0.19068977,0.44516084,0.54361093
3.9214404,38.497574,0.021413317,0.096750185,0.12812848,0.185145,0.44571152,0.5466239
3.6562257,38.410637,0.020768836,0.096505396,0.12820525,0.18538253,0.4490879,0.5501649
3.946689,38.09478,0.02099594,0.09955809,0.13272054,0.19200952,0.45757675,0.557273
3.6854568,37.429924,0.019781066,0.10314192,0.13973351,0.20315503,0.47870335,0.5760512
3.9613044,37.604424,0.020474656,0.103086725,0.13867141,0.20098212,0.472495,0.57044166
3.5861523,37.65413,0.01983677,0.10116461,0.1365856,0.19846965,0.4721311,0.5704819
3.862,37.82863,0.020524682,0.10110856,0.13554455,0.19636191,0.465891,0.5647663
3.4868476,37.878334,0.019895488,0.09926564,0.13357313,0.19396485,0.46566725,0.56498617
3.5715368,38.144485,0.020319335,0.097893715,0.13083945,0.18954362,0.4573126,0.5575903
5.493349,37.52784,0.024363814,0.104781404,0.14165959,0.20749713,0.4697318,0.56563884
5.455528,37.92794,0.02478587,0.10091994,0.13580382,0.19952664,0.45735502,0.5541691
5.4177065,38.32804,0.025217073,0.09728117,0.13028514,0.19204381,0.44539034,0.54292864
5.074617,37.611534,0.023204349,0.10502705,0.1413058,0.20553778,0.46916676,0.5658045
5.0367956,38.011635,0.02362384,0.101404525,0.13578835,0.19786444,0.4569586,0.5545957
4.6558847,37.69523,0.02216782,0.10427277,0.13976957,0.20252578,0.46790504,0.5653802
5.864622,37.65284,0.025758872,0.10145144,0.13732278,0.20354454,0.46273795,0.5586352
6.2358947,37.77784,0.027234012,0.09701747,0.13091874,0.1973469,0.4540476,0.55018026
5.826801,38.05294,0.026181111,0.09753221,0.13129328,0.19547838,0.45033413,0.54698646
2.8643565,37.152718,0.018437305,0.1013431,0.14033067,0.20673606,0.49027202,0.5861017
2.639934,37.061558,0.01817466,0.1011312,0.14097375,0.2085902,0.49401954,0.58925754
2.4155116,36.970398,0.017960187,0.10106006,0.1417833,0.21070501,0.4978016,0.59244007
2.9187815,36.89671,0.01831015,0.10328598,0.14367819,0.21205853,0.49757767,0.5920829
2.694359,36.80555,0.018059073,0.10306063,0.14427376,0.2138846,0.50112796,0.5950359
2.9732065,36.6407,0.018188637,0.105298705,0.14713807,0.21755084,0.5048744,0.5980098
3.2641416,37.050514,0.018808065,0.10376336,0.14286342,0.20943968,0.49173403,0.58719903
3.064249,37.101616,0.018610328,0.102510035,0.14152926,0.20799083,0.49093106,0.5865856
3.118674,36.845608,0.018477272,0.10450276,0.1449691,0.21341197,0.49838015,0.5927001
3.5695508,37.070248,0.019249557,0.10511549,0.14384764,0.20995961,0.4901867,0.58582854
3.4240832,36.86534,0.018862758,0.10583806,0.14591031,0.21376489,0.49688944,0.5914315
3.2786157,36.660435,0.018518372,0.10657195,0.14801481,0.2177395,0.50346655,0.5968372
3.7294927,36.885075,0.019328728,0.107274145,0.14703925,0.21447153,0.49554375,0.5902631
3.5840251,36.680164,0.018927082,0.10801592,0.14913242,0.21831223,0.50221,0.5957983
3.8894343,36.699898,0.019419054,0.10952841,0.15039748,0.2191938,0.501054,0.5948224
3.8453984,37.244747,0.019875322,0.1052042,0.14278224,0.20750153,0.4840059,0.580481
4.00534,37.059574,0.019980818,0.10734586,0.14597392,0.21203212,0.48944634,0.5850281
4.1212463,37.41925,0.020595497,0.10509136,0.14167912,0.20531051,0.47784135,0.57494324
2.1317706,36.72754,0.017699627,0.102102764,0.14463973,0.21640046,0.50608927,0.5993247
1.8107922,36.662827,0.017583704,0.1021445,0.14562845,0.21896468,0.5097855,0.6025609
2.126877,36.31983,0.0175454,0.105091885,0.14976493,0.22501703,0.5168956,0.6080285
2.6894655,36.397842,0.017826384,0.105946414,0.14949936,0.22259599,0.5126446,0.6043315
2.410618,36.56269,0.017749988,0.103903554,0.14687687,0.21924742,0.50914705,0.6016321
2.4057245,36.154984,0.017574305,0.1069161,0.15211083,0.22801495,0.52009034,0.61040103
7.4313593,37.235474,0.031088425,0.08769121,0.11436484,0.18323183,0.4448333,0.542761
7.1035786,37.36879,0.02996266,0.091125116,0.12091153,0.18981989,0.44995007,0.546885
6.775798,37.50211,0.028868314,0.09406511,0.126189,0.19458947,0.45342278,0.5497271
7.272209,36.96806,0.03013091,0.093652785,0.12497706,0.1961167,0.46044612,0.5569071
6.9444284,37.101376,0.029000845,0.09674812,0.13052396,0.20122369,0.46413422,0.5598648
7.113059,36.700645,0.029165963,0.099623054,0.13516521,0.20829144,0.47520578,0.5702042
7.674031,36.77882,0.031526987,0.08955072,0.1170782,0.1881823,0.45474878,0.5524965
7.552695,37.007145,0.031301085,0.08860352,0.115697406,0.18567091,0.44975388,0.5476135
7.393545,36.73973,0.030344043,0.09477019,0.12669405,0.19910079,0.46581832,0.5620422
6.1432843,36.79898,0.025589133,0.109311394,0.14976333,0.22131526,0.4886237,0.5822537
6.4665422,36.7662,0.02673168,0.106824525,0.1464575,0.21883379,0.4856076,0.579384
6.7898006,36.73342,0.027927822,0.10357643,0.1416225,0.21456161,0.48121327,0.57542795
6.2979116,37.16693,0.026633816,0.10347003,0.1410444,0.21081057,0.47388768,0.5686868
6.62117,37.134155,0.027796092,0.100458406,0.13658264,0.2069944,0.4698057,0.56489915
6.4525394,37.534885,0.02769569,0.097544186,0.13187112,0.1998831,0.45875588,0.55457985
5.7099943,37.284885,0.024741016,0.10638769,0.14449495,0.21222343,0.47612488,0.5712378
5.926639,37.04193,0.025148915,0.10790138,0.1472059,0.21684156,0.48243186,0.5767859
6.081267,37.409885,0.02618138,0.10251964,0.13928708,0.20728776,0.4683951,0.56371546
9.81252,37.297577,0.039636806,0.05009584,0.045213263,0.084423326,0.3161383,0.42458335
9.539433,37.224537,0.03879631,0.05405024,0.05142701,0.09521584,0.33556467,0.44414803
9.752758,36.99277,0.03929617,0.053337973,0.050066024,0.09311638,0.3334182,0.44244617
10.432796,36.44113,0.040860694,0.04993119,0.044294633,0.083688095,0.31959853,0.4287803
10.516331,36.68796,0.041144527,0.047095485,0.04028559,0.07628441,0.3039119,0.41241044
10.19944,36.601067,0.040339917,0.051262025,0.04645725,0.08729038,0.32537326,0.43471822
11.125719,35.975292,0.042167068,0.046445988,0.038841996,0.07460076,0.30457327,0.41233477
11.19525,36.1908,0.042324264,0.044206433,0.035869066,0.06890613,0.29172993,0.39890978
10.895935,36.128242,0.041776896,0.047529142,0.0405042,0.07736456,0.30917862,0.4175432
9.176317,37.121666,0.03756033,0.060013443,0.061413426,0.11177543,0.3623346,0.47005168
9.026527,36.78703,0.036787532,0.06580243,0.071352735,0.12765042,0.38718972,0.49376342
8.876737,36.452393,0.03597281,0.07221252,0.08277817,0.1449901,0.4120543,0.51673293
9.389643,36.8899,0.038105387,0.059184704,0.059695464,0.1092493,0.3602499,0.46862748
9.239853,36.555264,0.03736853,0.06493855,0.06941926,0.12499654,0.38552946,0.49278453
9.602968,36.658134,0.03864429,0.05841929,0.058113392,0.10691645,0.35827518,0.46716505
8.61428,37.075054,0.035524026,0.06938318,0.078524366,0.13783935,0.3975602,0.50222695
8.745508,36.76372,0.03573993,0.07074647,0.08056978,0.14128843,0.40466908,0.50942636
8.895298,37.098362,0.036568426,0.064541526,0.069506966,0.12444553,0.38028774,0.4866669
8.261924,36.696068,0.03380629,0.08015469,0.09868502,0.16608149,0.43328294,0.5344422
8.56933,36.57423,0.034900226,0.07615529,0.0906147,0.15568824,0.42326152,0.52617455
8.438102,36.88556,0.034680326,0.07463207,0.088282876,0.1518518,0.41580203,0.5188083
7.9026313,36.514034,0.03216647,0.089121565,0.115741745,0.18768395,0.45719862,0.5552819
7.850745,36.210167,0.03162745,0.09438445,0.12511271,0.19983682,0.4723244,0.5687937
7.7988596,35.906296,0.031088093,0.09989578,0.13474113,0.21218126,0.48729104,0.58200824
8.210038,36.392197,0.033296518,0.085163645,0.10781441,0.17852686,0.44942427,0.549029
8.158152,36.08833,0.03278311,0.090456896,0.11739096,0.19129644,0.46542192,0.5632808
8.517445,36.27036,0.03442139,0.08108947,0.09957436,0.16837837,0.4402129,0.5415204
7.622145,36.47495,0.030970745,0.09462048,0.12602228,0.19964063,0.4692265,0.56555814
7.341659,36.43586,0.029773101,0.09981934,0.13529491,0.20993912,0.47953779,0.5744091
7.5702596,36.171078,0.030414129,0.099905364,0.13514619,0.21123083,0.4835704,0.5783519
10.7353735,35.540413,0.041290596,0.054424733,0.050360586,0.09536596,0.34567094,0.45431
10.942083,35.634388,0.041755255,0.05115894,0.045444395,0.08677742,0.32976407,0.43814233
11.148793,35.728363,0.042161766,0.048171937,0.041122373,0.07904434,0.31467378,0.42249817
10.712299,35.78734,0.04130214,0.052394755,0.047462553,0.09004244,0.33493206,0.44386545
10.919009,35.881317,0.041763373,0.04928727,0.042873167,0.08191048,0.31933743,0.42782068
10.689225,36.034267,0.04131973,0.050487626,0.04478963,0.08506213,0.32444587,0.4334472
11.697981,35.557556,0.042929724,0.04433771,0.035628792,0.06946095,0.29670274,0.40258282
11.770319,35.785885,0.043023404,0.042112697,0.03280181,0.063886195,0.2837453,0.38923892
11.526742,35.68995,0.042733412,0.0448719,0.036446497,0.0707194,0.29844472,0.40493867
11.31114,35.289803,0.04237366,0.050213877,0.043736048,0.084380396,0.32703727,0.43408498
11.497167,35.334923,0.042659692,0.047936358,0.040476087,0.07856481,0.31585708,0.42236125
11.683193,35.380043,0.042901266,0.04581399,0.03752986,0.07322089,0.30524874,0.41113105
11.325928,35.467316,0.04241809,0.048538487,0.0414434,0.08004065,0.31798404,0.42516515
11.511954,35.512436,0.0426959,0.046364058,0.038388923,0.07452525,0.3070608,0.41362247
11.340715,35.64483,0.04246391,0.046948627,0.03930893,0.07594829,0.30911046,0.4162952
11.119218,35.37334,0.042050358,0.051538765,0.045776814,0.0877794,0.3328974,0.44058427
11.134006,35.550854,0.042105455,0.049811468,0.043367166,0.08328552,0.32369325,0.43151668
10.927296,35.456875,0.041688908,0.05294073,0.047980145,0.09143561,0.339114,0.44733912
5.352923,37.148125,0.023425605,0.10917349,0.14802964,0.2155567,0.48282427,0.57781464
4.9341908,37.23182,0.022324603,0.108670294,0.14676468,0.21279545,0.48173755,0.5774078
4.515458,37.315517,0.021356396,0.10723256,0.14454845,0.20929548,0.480179,0.5765608
5.2124968,36.76841,0.022528356,0.11336589,0.15431237,0.2237868,0.49602392,0.5897698
4.7937646,36.852104,0.021494135,0.112081476,0.15221617,0.22037248,0.49449247,0.58882356
5.0720706,36.388695,0.02168036,0.11730698,0.16057481,0.2323241,0.50931126,0.60142356
5.786213,36.66222,0.02417851,0.11320402,0.15496482,0.22646862,0.49660096,0.589719
5.569568,36.90517,0.023785776,0.1112231,0.15152831,0.22102632,0.48973122,0.5837784
5.4291415,36.525455,0.022869373,0.115877375,0.15846607,0.22996868,0.5033814,0.5960379
4.2836466,36.596165,0.020047652,0.1124506,0.15397108,0.22351795,0.5037989,0.59704846
4.6778584,36.49243,0.02080012,0.11514536,0.15748222,0.22801366,0.50663394,0.5993219
4.3995523,36.95584,0.02067724,0.1099094,0.14920807,0.21619259,0.49195516,0.58693635
3.1952772,36.230217,0.018129015,0.109318815,0.15348795,0.22703262,0.51632583,0.6072097
2.9115365,35.98736,0.017759798,0.1098692,0.1556441,0.23186564,0.5234971,0.6129214
2.6277955,35.7445,0.017506178,0.11074009,0.15800077,0.23698114,0.5302474,0.6183276
3.4173481,35.819736,0.018086748,0.11368053,0.16042511,0.2372798,0.5281159,0.61658126
3.1336071,35.576878,0.017708922,0.11411547,0.16233435,0.24185032,0.53461957,0.62162596
3.639419,35.409252,0.018066414,0.1184157,0.16800852,0.24835208,0.5402122,0.6260744
3.8060958,36.269684,0.018903704,0.11242557,0.15614362,0.22853304,0.5146472,0.6059577
3.5006866,36.24995,0.018474543,0.11079277,0.15471229,0.22761856,0.5154436,0.60653734
3.7227576,35.83947,0.018451186,0.11537692,0.16204199,0.23831007,0.5277929,0.6164295
4.200308,36.16595,0.019466221,0.11567709,0.16011903,0.23312548,0.51779366,0.60860336
4.1169696,35.735733,0.018945377,0.1188861,0.16643322,0.24324623,0.5314426,0.619511
4.59452,36.062214,0.020156074,0.11887501,0.16418643,0.23800853,0.52106446,0.6113593
2.1066384,35.429092,0.017339302,0.112223886,0.16126753,0.24427259,0.53877926,0.62542
1.7197245,35.309116,0.017390415,0.11307365,0.16286513,0.24798414,0.5426005,0.62889457
2.0912933,34.946056,0.017314993,0.11642736,0.16755962,0.25472456,0.54941034,0.6337579
2.6124504,35.261467,0.017356738,0.11466838,0.16447856,0.24778165,0.54219097,0.6276599
2.5971053,34.778435,0.01727173,0.11882755,0.17097068,0.25854507,0.55313045,0.63609827
3.118262,35.09384,0.017496191,0.1180648,0.16914232,0.25310883,0.54708695,0.6312344
6.2391143,36.357613,0.02536736,0.11428484,0.1575518,0.23201844,0.5032926,0.5953735
6.3349447,35.916245,0.025172407,0.11970491,0.16609244,0.24367335,0.5184775,0.60869455
6.4307747,35.474876,0.025008576,0.12562653,0.17550874,0.25640258,0.5341415,0.62214917
6.5623727,36.324833,0.026532358,0.11177159,0.15426837,0.22955108,0.50032383,0.5926321
6.6582026,35.883465,0.02636136,0.11716742,0.16280866,0.24120183,0.5155511,0.60608166
6.885631,36.292053,0.027754342,0.10846024,0.14944474,0.22529231,0.4960064,0.5888168
7.114231,36.02727,0.028359443,0.10925195,0.15082684,0.22856116,0.5015559,0.59386957
6.886803,35.618683,0.026957413,0.118656605,0.16551952,0.24609472,0.5221768,0.61186373
7.342831,35.76249,0.029003954,0.10992239,0.15193914,0.2315198,0.50682867,0.5986745
5.8820434,36.22085,0.023944043,0.1183097,0.16298383,0.23751354,0.51143676,0.6027599
5.524972,36.08409,0.022627998,0.12101281,0.16666098,0.24133989,0.5183435,0.6089314
5.9778733,35.779484,0.02373625,0.123863295,0.17180614,0.24956577,0.526764,0.6159557
10.399228,36.080475,0.040645912,0.053446926,0.04937804,0.09293879,0.3385169,0.4479442
10.165873,36.24041,0.040094167,0.05487161,0.051798817,0.09686357,0.3444352,0.45396483
9.932516,36.400345,0.03950695,0.056399167,0.054448813,0.10113581,0.3506593,0.4600714
10.132305,35.87975,0.03984672,0.058865566,0.057919312,0.10751703,0.3642612,0.4733425
9.898949,36.03969,0.039227072,0.06049363,0.060868144,0.11212153,0.37052506,0.47940063
9.865381,35.679028,0.03894688,0.065014355,0.06818,0.124262065,0.3909755,0.49868536
10.445376,35.586617,0.0405959,0.057646774,0.055553652,0.10401613,0.3601805,0.46900195
10.422302,35.833546,0.040617783,0.055482116,0.05234435,0.09829964,0.34922698,0.45846438
10.155379,35.632824,0.039812747,0.061172705,0.061470177,0.11364381,0.37537685,0.48389968
9.569401,36.297474,0.038318988,0.062625475,0.06491194,0.11827808,0.37800288,0.48626673
9.206285,36.194603,0.03699531,0.069662064,0.07748973,0.13771038,0.4053461,0.5113374
9.535833,35.936817,0.03799148,0.06725135,0.07260523,0.13073951,0.39823058,0.50526816
10.370044,35.0308,0.040223837,0.06494984,0.06703046,0.123493195,0.3933974,0.50019693
10.49182,35.20067,0.04060364,0.061165523,0.060860272,0.11332433,0.37709507,0.48483908
10.613597,35.37054,0.04095928,0.057663042,0.055320982,0.10396022,0.36115786,0.46951318
10.201823,35.246876,0.0398053,0.06491443,0.067313656,0.12357111,0.39249325,0.49974895
10.3236,35.416748,0.04021273,0.06114173,0.061119035,0.113396764,0.37616825,0.48438084
10.033603,35.46295,0.039379053,0.06493656,0.06769779,0.12383084,0.3916858,0.49924392
9.4909115,35.520184,0.03759214,0.07327613,0.08291032,0.1468643,0.42239052,0.52728426
9.161364,35.777973,0.03654007,0.07578073,0.088191554,0.15398642,0.4289085,0.5327696
8.831815,36.03576,0.03546498,0.07839616,0.09379669,0.16123371,0.43481475,0.53743607
9.116441,35.36134,0.03608632,0.082551345,0.100234255,0.17166358,0.452563,0.5537256
8.786893,35.619125,0.034957096,0.08518586,0.106009595,0.17863202,0.45759043,0.55765414
8.741971,35.20249,0.034453895,0.09262035,0.11939274,0.19712754,0.48021463,0.5773377
8.11323,35.671696,0.032189094,0.09767694,0.13020371,0.20817971,0.48604125,0.5814234
8.427601,35.437096,0.03331506,0.095222525,0.12501365,0.20309374,0.4836719,0.5798735
8.472523,35.85373,0.03386639,0.087864265,0.111815594,0.18531007,0.46202108,0.56094795
7.6674805,34.800606,0.029412625,0.121228576,0.17037342,0.2575128,0.5389948,0.6265572
8.025644,34.934566,0.031125464,0.11199038,0.15488338,0.24001141,0.52233595,0.612677
8.383807,35.06853,0.032816943,0.10233115,0.13760436,0.21969946,0.50279593,0.5963372
7.7112737,35.16917,0.029959293,0.113676704,0.157984,0.24185714,0.5218602,0.6120031
8.069437,35.30313,0.03165258,0.10460082,0.14226548,0.22382325,0.5042763,0.5972262
7.7550664,35.537735,0.03051898,0.10658055,0.1461393,0.22678141,0.50463045,0.5971553
7.255245,35.025364,0.02783882,0.12378593,0.17417279,0.25958005,0.53921115,0.626551
7.2990384,35.393925,0.028414264,0.11665621,0.16280448,0.24526574,0.52302164,0.61273026
6.84301,35.25012,0.02636474,0.125279,0.17584807,0.2591238,0.5375065,0.6250104
11.1897745,35.145824,0.042148497,0.052858002,0.047552735,0.09124422,0.34017983,0.4473017
10.997852,35.229362,0.041792206,0.05428414,0.049819183,0.09495849,0.3463988,0.4540894
10.80593,35.312897,0.04139797,0.055792913,0.052266277,0.09895029,0.3529566,0.46108744
11.068408,35.00185,0.0419009,0.055703312,0.05178566,0.09869762,0.35379314,0.46079496
10.876486,35.085384,0.041511174,0.057237856,0.05430139,0.10274965,0.3603577,0.46782765
10.947042,34.857872,0.04163052,0.05876479,0.056476973,0.1067803,0.36785236,0.474517
10.562376,34.973156,0.04073196,0.06277386,0.06323525,0.11755125,0.38462898,0.49158236
10.754709,34.915512,0.041201364,0.06071344,0.05972327,0.11198306,0.37609333,0.48299718
10.684154,35.14303,0.041076984,0.059146266,0.057449985,0.107855394,0.36857712,0.47627723
12.021764,35.23914,0.043226294,0.04390884,0.034847416,0.06863933,0.29701748,0.40156025
12.174309,35.053116,0.043335296,0.044007264,0.034866087,0.06906258,0.29900226,0.40276363
12.240745,35.328617,0.043368034,0.041501746,0.031742886,0.062757984,0.28451213,0.38836914
11.782619,35.206116,0.04300459,0.046270773,0.03804066,0.074472085,0.30866733,0.4140308
11.696021,34.98707,0.042900357,0.04891653,0.041607376,0.08124724,0.32262963,0.42793566
11.609422,34.768017,0.042786717,0.051791992,0.045613233,0.08868797,0.3370719,0.44211608
11.935164,35.020092,0.043153163,0.04636083,0.038037423,0.074851036,0.310404,0.41494447
11.848566,34.80104,0.04307142,0.04902434,0.04162061,0.0816804,0.32425228,0.42860994
12.087709,34.834064,0.043283638,0.046477266,0.038075283,0.075335,0.3122909,0.41590452
11.410567,35.115875,0.04251501,0.05071152,0.04431861,0.085721895,0.33031467,0.43678483
11.5099945,34.941948,0.04265278,0.05123731,0.04494353,0.08715588,0.33366278,0.43946466
11.596594,35.160995,0.042782146,0.048413426,0.041022245,0.07986207,0.31920573,0.4251574
11.289202,34.971897,0.042306196,0.053393133,0.04819723,0.09268164,0.3434285,0.4499066
11.167835,34.82792,0.042075165,0.056279156,0.052497905,0.10023638,0.35700828,0.4633132
11.388628,34.79797,0.042460654,0.053958952,0.04888904,0.09421934,0.346738,0.45248473
4.1356826,35.120667,0.01850984,0.12457329,0.17681956,0.25938556,0.55029947,0.6341465
4.6319466,34.83208,0.019136125,0.13150755,0.18691021,0.27189547,0.5612613,0.6430045
5.12821,34.543495,0.019973267,0.13886623,0.1978399,0.2853734,0.57259816,0.65223825
4.613233,35.447147,0.01960899,0.12503687,0.17516021,0.25429615,0.54146326,0.62775385
5.109497,35.15856,0.020471169,0.13130425,0.18435036,0.26602346,0.5517818,0.6362813
5.0907836,35.77363,0.021044137,0.124102995,0.1718878,0.24829148,0.53046364,0.6191606
5.9965863,35.164413,0.02310333,0.13281095,0.18610467,0.268508,0.5495539,0.6350022
5.543685,35.46902,0.021985719,0.1288493,0.17938845,0.2587015,0.5402906,0.62731135
5.5623984,34.853954,0.021407932,0.13722771,0.19353805,0.27807695,0.5624681,0.6450717
3.6506188,33.613445,0.017419374,0.13495226,0.1957426,0.2928395,0.5832756,0.657916
3.6468854,34.212048,0.017532779,0.12918213,0.18662196,0.27830592,0.5709643,0.64910686
3.6431522,34.81065,0.017752698,0.12365545,0.1772957,0.26331607,0.55646867,0.6384204
3.1257286,33.89664,0.017269285,0.12894756,0.18620075,0.28082252,0.5732326,0.6507764
3.1219954,34.495243,0.017331116,0.12336393,0.17773883,0.2671422,0.5611155,0.6418271
2.6008384,34.179832,0.017262617,0.12432237,0.17900805,0.27165526,0.5651687,0.6452372
4.6356797,34.23348,0.018733291,0.137927,0.19865339,0.28969783,0.5791198,0.65615654
4.1394157,34.522064,0.01814814,0.13026775,0.18713608,0.27558586,0.5672807,0.6468318
4.1431494,33.923462,0.017883,0.13619564,0.19747956,0.2918317,0.5823146,0.65765333
2.1061075,33.88475,0.017497512,0.12634774,0.18115999,0.27683708,0.5690478,0.6488954
1.662228,33.660183,0.01792056,0.12856594,0.18339375,0.28152093,0.5722635,0.6522452
2.1362667,33.306477,0.017748082,0.13195716,0.18822648,0.2880046,0.5773682,0.655195
2.661157,33.023285,0.01756363,0.1355916,0.19398822,0.29531497,0.5831196,0.6585088
3.1558878,33.318367,0.017320933,0.13466604,0.19430882,0.2935936,0.5830969,0.6578854
2.6309977,33.60156,0.017354932,0.12991162,0.18667898,0.28388652,0.5751104,0.6526377
6.5456195,34.873512,0.024783209,0.1347357,0.19016342,0.27584624,0.5563089,0.6406747
6.111431,34.563053,0.022877803,0.14218785,0.20164403,0.2891868,0.57167864,0.6527886
5.677243,34.25259,0.02119775,0.14639665,0.20929034,0.29948285,0.5838577,0.6615564
6.6604643,34.27215,0.024633994,0.14504063,0.20707421,0.29784927,0.57898355,0.65897435
6.226276,33.96169,0.022731042,0.1526365,0.21933772,0.3123599,0.59385043,0.66992706
6.775309,33.670784,0.024575219,0.15668815,0.22657236,0.32263577,0.60175896,0.6766747
7.37009,34.424,0.027750084,0.13364339,0.19014709,0.2806126,0.5620651,0.6456676
6.9578547,34.648754,0.026202962,0.13481513,0.19120933,0.27937782,0.56002843,0.64384663
7.0726995,34.047394,0.02612563,0.1456924,0.20901759,0.3023159,0.58303595,0.66246593
9.677385,34.587376,0.03781253,0.083457805,0.09996597,0.17332445,0.459989,0.56032455
9.740051,34.95126,0.038191076,0.07667053,0.08801453,0.15545373,0.43691617,0.5401922
9.802716,35.315144,0.03857038,0.07054037,0.07744845,0.1391045,0.41383567,0.5196152
9.365581,34.792416,0.036724605,0.08644607,0.10627205,0.18141347,0.4675883,0.56695485
9.4282465,35.1563,0.037158683,0.0795469,0.09394331,0.16347285,0.44504797,0.54737324
9.053776,34.997456,0.03560006,0.08952363,0.11281445,0.18945266,0.474387,0.572649
10.139157,34.88299,0.039492555,0.07055503,0.07663949,0.13867274,0.41563222,0.520811
9.970937,35.099068,0.039033808,0.070517674,0.07698933,0.13879819,0.41471335,0.52026236
9.908272,34.735184,0.038687762,0.076724716,0.08761925,0.15534833,0.4379758,0.5409562
10.403185,34.839054,0.040266458,0.066825435,0.06996396,0.12845649,0.40145472,0.5074165
10.436325,34.647305,0.04031565,0.06879288,0.073070645,0.13366231,0.40956664,0.51460034
10.469466,34.45556,0.040371783,0.070857674,0.076361865,0.13912278,0.41771883,0.521744
10.595517,34.78141,0.040777583,0.06459299,0.06602804,0.122367755,0.3926438,0.49878535
10.628658,34.589664,0.04082954,0.06650223,0.068990104,0.12742639,0.40071398,0.5059511
10.78785,34.723766,0.041249126,0.062477425,0.062381078,0.116655014,0.38405046,0.49016544
10.205439,34.4995,0.03959031,0.074794225,0.083534874,0.14984426,0.43196437,0.53511316
10.172298,34.691246,0.039537802,0.07262424,0.07999161,0.14413035,0.4237799,0.52798134
9.941412,34.543438,0.038735025,0.07900055,0.09141624,0.16129905,0.44615102,0.548043
9.307089,34.32158,0.03626044,0.095877536,0.12319735,0.20524937,0.4950964,0.5904512
8.995284,34.52662,0.035070557,0.09897533,0.12980163,0.2127813,0.5009979,0.5953659
8.683479,34.731655,0.033864014,0.10202238,0.13620184,0.21967053,0.5058035,0.5992208
8.936793,34.055782,0.034561258,0.10950309,0.1485433,0.23769014,0.5270862,0.6173326
8.624989,34.26082,0.033292644,0.11240586,0.15445511,0.24350819,0.5309137,0.6203888
8.566497,33.78998,0.03274877,0.1238934,0.17423911,0.26869604,0.55555457,0.64087343
7.9671526,34.46373,0.030460197,0.122234166,0.1720166,0.2617088,0.54524577,0.6319834
8.266825,34.126858,0.031574663,0.1231049,0.17327903,0.2654176,0.55078256,0.6367696
8.325316,34.597694,0.03218394,0.11223527,0.15481378,0.2419742,0.5269825,0.61687136
7.669762,34.087124,0.028801134,0.13582098,0.19411962,0.28759202,0.5698921,0.6522087
7.3723717,33.710518,0.02716244,0.14932348,0.21560816,0.31214762,0.5922437,0.6699386
7.9694343,33.75025,0.02993606,0.13784185,0.19773452,0.29412967,0.57702106,0.65814954
12.524996,34.634293,0.043513384,0.044250768,0.034958784,0.07022496,0.30372515,0.40533248
12.723137,34.401497,0.043567345,0.044404916,0.035054766,0.07103219,0.30651635,0.40670407
12.769303,34.719414,0.043530565,0.041671675,0.031659096,0.063970916,0.29121926,0.39236525
10.999196,34.587345,0.04171326,0.061128143,0.059970003,0.113045536,0.37868384,0.4842313
11.05135,34.316822,0.041808214,0.0636604,0.06377629,0.11977993,0.38960078,0.49385622
11.103503,34.0463,0.04191642,0.06637638,0.06792814,0.12702021,0.40055993,0.5033837
11.219989,34.557396,0.04215574,0.05853664,0.055755474,0.10622576,0.36770406,0.47293118
11.272142,34.286873,0.04224784,0.060956236,0.05931185,0.1126755,0.37848425,0.4824544
11.440783,34.527447,0.042537786,0.056115065,0.05192726,0.099945635,0.3572897,0.4619854
10.680812,34.31914,0.04092863,0.06927256,0.07332734,0.13476494,0.4118303,0.5156691
10.892158,34.18272,0.041444406,0.06777976,0.07051974,0.13073014,0.40609223,0.50952876
10.840004,34.453243,0.04134006,0.06503685,0.06627805,0.123443924,0.3950417,0.49989232
12.209594,34.586212,0.04338176,0.047418054,0.039217416,0.077971384,0.3183651,0.4208644
12.092334,34.30533,0.043325305,0.051086158,0.044222504,0.08746046,0.33628264,0.43818086
11.975075,34.02445,0.04325694,0.05518263,0.050053574,0.098170556,0.35487738,0.45597017
12.407736,34.353413,0.043506425,0.047571372,0.039294392,0.07873877,0.32071534,0.4217222
12.290476,34.072533,0.04348938,0.051276382,0.044347893,0.08836712,0.33832282,0.43856004
12.605878,34.120617,0.04359706,0.047761664,0.039441463,0.0796979,0.3232391,0.42261556
11.731306,34.52016,0.0429467,0.052850697,0.04697135,0.091600135,0.34297124,0.4468499
11.85319,34.272305,0.043103512,0.053979624,0.04844773,0.09475414,0.34891844,0.45147336
11.970449,34.553185,0.043200556,0.050023004,0.042867403,0.08445464,0.33023992,0.43345177
11.68455,34.031734,0.042921435,0.05857952,0.055261564,0.106762946,0.36897677,0.47095567
11.562667,34.27959,0.0427305,0.057306852,0.053524297,0.10321902,0.36312774,0.46652997
11.394027,34.039017,0.042474903,0.062299643,0.06118554,0.11634345,0.38423467,0.48683515
13.441048,33.980675,0.043380637,0.041876156,0.031712007,0.066254415,0.30029503,0.39673352
13.144727,33.907375,0.043567028,0.044815026,0.035438973,0.07329836,0.312927,0.4096534
13.368175,33.646046,0.043502368,0.04506841,0.03574329,0.0748216,0.316496,0.41118658
14.20308,33.22275,0.04270398,0.04164601,0.03157113,0.06904351,0.3088738,0.3992677
13.861291,33.162167,0.043173473,0.04490197,0.035631318,0.076739185,0.32085678,0.4113642
14.1309595,32.939613,0.04288549,0.044457797,0.03519839,0.07708277,0.32175225,0.41022366
4.161722,33.321587,0.017740985,0.14249405,0.20783675,0.3078518,0.59514594,0.66655594
4.6728253,33.029728,0.018279066,0.1516751,0.22260246,0.32568872,0.6084602,0.67644125
5.1839285,32.737865,0.01907793,0.16241996,0.23985668,0.34587577,0.62265706,0.68719673
4.6542525,33.631603,0.01845135,0.14472774,0.21075863,0.30796346,0.5951254,0.6674594
5.1653557,33.33974,0.019268047,0.15444362,0.22594059,0.3259436,0.6086209,0.6779576
5.146783,33.941616,0.019571768,0.14655486,0.21175446,0.30545413,0.59167564,0.66617554
5.714389,33.04884,0.02047497,0.1652798,0.2429196,0.34542125,0.6224094,0.6889592
6.2448487,33.359814,0.022335341,0.16396606,0.23895301,0.33771694,0.6154899,0.6857508
5.695816,33.650715,0.020786075,0.15571085,0.22582856,0.3220839,0.6042088,0.6763856
2.6800668,32.420692,0.01794098,0.14139496,0.20091555,0.30587816,0.5890814,0.6628589
3.1937077,32.113186,0.017851014,0.14647304,0.20918813,0.31623325,0.59605145,0.666913
3.7073483,31.805676,0.017907532,0.15307109,0.22019082,0.3297732,0.6048618,0.6723567
3.1747978,32.715775,0.017504694,0.14063187,0.2021358,0.30570266,0.5909056,0.663384
3.6884384,32.408264,0.017586544,0.1471489,0.21292198,0.31923035,0.6005967,0.6697168
3.6695285,33.010857,0.017433433,0.1410391,0.20467515,0.3067396,0.5933211,0.66487837
4.6917353,32.427135,0.018234575,0.158665,0.23376426,0.34206137,0.61862934,0.6828944
4.180632,32.718998,0.017721716,0.14891334,0.21766403,0.32277423,0.6051682,0.6732017
4.199542,32.116405,0.017846683,0.15528652,0.22659996,0.3359252,0.6120403,0.6774587
1.6622523,31.808651,0.020045916,0.1452829,0.20175181,0.30937812,0.58785003,0.66513634
2.188374,31.480036,0.019709842,0.14825511,0.206131,0.3145355,0.5898469,0.6651925
2.1774,32.10412,0.018784255,0.14319469,0.20105365,0.3074709,0.5881674,0.66351616
3.2046816,31.489101,0.018430877,0.15205865,0.21525478,0.3247902,0.59823024,0.6683776
2.6910408,31.79661,0.018550925,0.14702924,0.20707709,0.3148588,0.59245306,0.66540045
2.702015,31.172527,0.01944427,0.15196902,0.21192332,0.32130453,0.59282535,0.6659653
7.8570976,32.498894,0.028763345,0.17431223,0.25801545,0.3646985,0.6341694,0.7023477
8.093564,32.929256,0.030076513,0.15669063,0.22902018,0.33268672,0.61025226,0.6845482
8.33003,33.35962,0.03141323,0.13975044,0.20104104,0.3006423,0.5839058,0.6638962
7.4965014,32.889523,0.02720477,0.16861571,0.2478353,0.3512148,0.6243938,0.6946128
7.732968,33.31989,0.028551634,0.15311936,0.22256215,0.32276952,0.6018039,0.6776943
7.1359053,33.280155,0.025808616,0.16274907,0.23732938,0.33713093,0.61354536,0.6860257
6.5931735,31.849783,0.022938415,0.19776455,0.29668754,0.4086333,0.66194636,0.71795726
6.6538854,32.456783,0.023349302,0.18445767,0.2739907,0.38081574,0.64574176,0.7077752
6.714597,33.063786,0.02390321,0.17054793,0.2500328,0.35140902,0.6252048,0.6937721
6.1234255,32.14581,0.021350248,0.18578225,0.27739164,0.38799506,0.64972556,0.7081689
6.184137,32.75281,0.021771623,0.17520481,0.2588408,0.36365566,0.6347074,0.69879025
5.653677,32.441837,0.02007103,0.17377971,0.25810668,0.36670235,0.63642585,0.69775957
7.4357896,32.282524,0.026672175,0.18695167,0.27848983,0.38616487,0.64882267,0.7120946
7.0751934,32.673153,0.025194507,0.17875619,0.26424104,0.3689465,0.63750166,0.7033143
7.0144815,32.06615,0.024705777,0.19502902,0.29175383,0.40116534,0.65817976,0.7172637
10.361884,34.137497,0.04000216,0.0774378,0.08756799,0.15665723,0.4415452,0.543034
10.254302,33.81943,0.039621327,0.08477213,0.10040298,0.1760064,0.46541756,0.5639931
10.14672,33.501366,0.03923216,0.09292537,0.11496361,0.19712155,0.48912004,0.58452237
10.57323,34.001076,0.040606633,0.07572486,0.08415778,0.15194525,0.43553084,0.53701556
10.465648,33.68301,0.04027472,0.0829398,0.09663076,0.17100812,0.45939973,0.5581501
10.784575,33.864655,0.041170523,0.07410492,0.08098599,0.14754675,0.42955726,0.5308298
9.83383,34.225372,0.038256653,0.086311854,0.10443437,0.1805217,0.46972266,0.5685304
9.463534,33.959576,0.036749855,0.099272564,0.12865247,0.21360958,0.5051388,0.5989107
9.093238,33.69378,0.03508715,0.11356113,0.15516637,0.24738127,0.53756934,0.6261287
9.990275,33.86337,0.038729608,0.08945584,0.109410115,0.18843381,0.47945368,0.5765992
9.619979,33.597572,0.037276555,0.103012666,0.13471171,0.22273546,0.5151494,0.6072548
10.097857,34.181435,0.039165672,0.08174616,0.09566347,0.16829553,0.45579144,0.5560959
9.073307,32.307762,0.03473564,0.15106326,0.21957424,0.3272078,0.60610336,0.6819738
9.431111,32.70563,0.036373917,0.12932096,0.18162362,0.28319797,0.57038903,0.6532854
9.788916,33.1035,0.037882622,0.10986756,0.14624149,0.23918603,0.53121936,0.62061816
8.90437,32.801834,0.03396531,0.14073987,0.20233451,0.30581656,0.5892478,0.6684734
9.262175,33.199703,0.035683654,0.12091138,0.16749252,0.26439586,0.5539819,0.63976544
8.735434,33.29591,0.033306804,0.13175859,0.187339,0.2863415,0.572384,0.65475464
8.262501,32.43518,0.030752104,0.16797107,0.24799445,0.3555485,0.62759924,0.6979527
8.667904,32.37147,0.03276084,0.1600407,0.23494622,0.3429166,0.6182612,0.6911996
8.498967,32.865547,0.032029137,0.14920582,0.21682423,0.32079315,0.6011182,0.6777076
12.786226,33.839237,0.043663595,0.048588607,0.040468965,0.08244417,0.32869625,0.42613113
12.651174,33.509773,0.043734394,0.053143326,0.046773367,0.09447786,0.34854588,0.4447213
12.516121,33.18031,0.04380124,0.058341347,0.054329593,0.10829755,0.3690489,0.46396995
13.009674,33.57791,0.043690152,0.0488749,0.040802013,0.08401283,0.3317008,0.4270157
12.874621,33.248444,0.043811575,0.05350127,0.047238104,0.09636009,0.3509956,0.44492382
13.233122,33.31658,0.043670874,0.049193013,0.041228898,0.085860044,0.33477825,0.4278787
12.155423,33.74307,0.04345947,0.056152534,0.05131043,0.101173624,0.35963985,0.45879066
12.335772,33.46169,0.04364126,0.05720521,0.05273086,0.10454062,0.36438084,0.46146178
12.470824,33.791153,0.043623146,0.05217492,0.04548943,0.09125179,0.34344205,0.44171754
11.773957,33.72113,0.04308081,0.06111865,0.05895394,0.1137076,0.37954736,0.4797631
11.57284,33.417812,0.04285535,0.067957886,0.06972641,0.13168027,0.40554002,0.50454336
11.371723,33.11449,0.042580407,0.07583682,0.08270613,0.15234384,0.43273515,0.5301156
11.954306,33.43975,0.04334691,0.06225678,0.060507998,0.1171598,0.38387764,0.48213062
11.753189,33.13643,0.043189567,0.06929744,0.0716388,0.13561195,0.40942323,0.5065571
12.134655,33.15837,0.04359379,0.06349545,0.062267292,0.12102309,0.3881365,0.48433957
11.19291,33.735695,0.042119674,0.06927742,0.072374366,0.13478273,0.41138142,0.51244617
11.282316,33.425095,0.042340476,0.0724225,0.077281415,0.14320855,0.42212045,0.5213535
11.483434,33.728413,0.042657383,0.06501505,0.06524028,0.12368728,0.3949336,0.49577802
10.873982,33.554054,0.041408673,0.07741788,0.08627494,0.15628125,0.44047147,0.53993195
10.555055,33.37241,0.040546533,0.086714566,0.10285943,0.18074813,0.47036362,0.567281
10.963388,33.24345,0.04166822,0.08101349,0.092097916,0.16572246,0.45129362,0.5489124
14.892806,32.38216,0.041699447,0.042521883,0.033417113,0.0770704,0.3222036,0.40570703
14.946932,32.603474,0.041526925,0.040420286,0.030638605,0.070529535,0.31319013,0.39835382
14.646717,32.54961,0.042140625,0.043269366,0.034101382,0.07729284,0.32243696,0.40738848
15.479321,31.999302,0.040454794,0.040516764,0.031686686,0.07637525,0.3212373,0.40174726
15.540224,32.16523,0.04026395,0.038859252,0.029476682,0.07099992,0.31463027,0.39640558
15.309108,32.107006,0.040842738,0.041139778,0.03221687,0.076639146,0.32162318,0.40292305
13.48689,33.0188,0.04359319,0.04959318,0.041842077,0.08833594,0.33833185,0.42884028
13.382158,32.65288,0.043812376,0.05446634,0.048771344,0.10191105,0.3566788,0.445332
13.277426,32.28696,0.04405466,0.06006963,0.057165056,0.117468275,0.37523293,0.4623222
13.756558,32.796246,0.043410625,0.049126714,0.041337773,0.08865187,0.3383959,0.42672396
13.651827,32.43033,0.043669768,0.053972006,0.048265506,0.10240605,0.35596588,0.44237545
14.026227,32.573692,0.043155927,0.048654098,0.040903762,0.08919419,0.33861113,0.42480054
13.128389,32.950665,0.043842606,0.053964872,0.04792613,0.098921075,0.35385486,0.44515663
12.769889,32.882526,0.04394796,0.058863167,0.055077784,0.110881254,0.37114304,0.46346864
13.023658,32.584743,0.04403279,0.05944404,0.05602206,0.113939166,0.37322524,0.46292284
14.376654,32.4191,0.042670377,0.046772055,0.03864289,0.086227775,0.33422858,0.4186416
14.35268,32.121147,0.042828284,0.04982469,0.043061946,0.09581472,0.34541684,0.4279496
14.328706,31.82319,0.043006826,0.05318996,0.048163738,0.106392965,0.35632974,0.4372014
14.622743,32.251656,0.042283867,0.0459852,0.037884485,0.08598659,0.33350688,0.41637507
14.598768,31.953697,0.042445738,0.048973132,0.042255938,0.095643915,0.34424812,0.42523372
14.868832,32.084206,0.041844916,0.04517588,0.037154432,0.085838765,0.33285892,0.41426992
13.978279,31.97778,0.043485854,0.055424273,0.0509363,0.10972065,0.3618879,0.44466504
14.002254,32.275738,0.043310482,0.051872946,0.045564976,0.09895177,0.35035703,0.43474156
13.627852,32.13237,0.043838218,0.05770945,0.05392032,0.11338209,0.36814493,0.45300975
4.221201,31.518461,0.018143434,0.16138057,0.23430902,0.34667498,0.6155658,0.6792984
4.735054,31.231245,0.018627353,0.17197149,0.25226521,0.36746782,0.62819177,0.68783
5.2489066,30.94403,0.019419651,0.18514226,0.2742947,0.3919165,0.6424017,0.6978041
4.7133946,31.829191,0.018342238,0.16550517,0.24378832,0.35621905,0.6252772,0.68670684
5.227247,31.541977,0.019129628,0.17800146,0.26458928,0.37980923,0.6398615,0.6972179
5.205588,32.13992,0.019026566,0.17033662,0.25292152,0.36415064,0.63318753,0.6936557
6.1450844,31.547865,0.021352356,0.19677894,0.29561433,0.41077054,0.66112113,0.7149165
5.6753364,31.843893,0.020034533,0.18298312,0.27345943,0.3870711,0.647309,0.7042713
5.6969957,31.245949,0.020162387,0.19179945,0.28708115,0.4043007,0.65400726,0.707645
2.7289739,30.566637,0.02064377,0.1558049,0.21514967,0.32470086,0.59034306,0.6647328
3.2585995,30.27732,0.020420883,0.16053227,0.22276656,0.33300582,0.59332174,0.6653021
3.7882254,29.988007,0.020389635,0.16690886,0.23317267,0.34428424,0.5979597,0.6671051
3.2316406,30.883211,0.019251151,0.15684554,0.21991877,0.3305817,0.5973881,0.66783017
3.7612665,30.593895,0.019235464,0.16337982,0.23082061,0.34308484,0.60377765,0.6710634
3.7343075,31.199785,0.01843787,0.15863135,0.22634329,0.3380123,0.60603946,0.6728405
4.762013,30.625357,0.019144433,0.17791449,0.25899127,0.37535012,0.62726444,0.6862922
4.24816,30.91257,0.01865996,0.16705987,0.24063969,0.35467,0.6156433,0.67874426
4.2751193,30.30668,0.019452527,0.1718047,0.2449266,0.35891232,0.61191046,0.67569125
2.2261486,30.234407,0.022773115,0.15506022,0.21136364,0.31964275,0.584845,0.66348803
1.6977617,29.912281,0.025834551,0.15400676,0.20769697,0.31466493,0.5812021,0.66428614
2.2529492,29.612862,0.025226895,0.15605833,0.21078146,0.31677693,0.57850564,0.66052145
3.2854002,29.655777,0.022123205,0.16273083,0.2233148,0.33130834,0.5858483,0.6608349
2.7557745,29.945091,0.022368979,0.1582885,0.21635951,0.3244621,0.58479387,0.6617608
2.7825751,29.323547,0.024798626,0.15890211,0.21504663,0.32003543,0.5765084,0.6573443
7.9217887,32.048683,0.028981533,0.18782192,0.2806614,0.39015576,0.65118784,0.71476257
7.5004807,31.832312,0.026885256,0.20030428,0.30082035,0.41121167,0.66405445,0.7227094
7.0791726,31.615942,0.024918916,0.20736718,0.31220728,0.4244589,0.6710572,0.7258215
7.9864798,31.598473,0.029299106,0.20266767,0.30527928,0.41679543,0.66715205,0.7260511
7.5651717,31.382101,0.027200725,0.21456109,0.32409266,0.43645933,0.6777187,0.73193175
8.05117,31.148262,0.02973129,0.21878643,0.33131468,0.44387466,0.6816418,0.73598933
8.327192,31.984972,0.031027762,0.18177225,0.27106977,0.38144878,0.6453653,0.7112058
8.391883,31.534761,0.03140713,0.19719493,0.29665834,0.408909,0.66233397,0.72348017
8.732595,31.92126,0.03309147,0.17379665,0.2579314,0.36895913,0.6366683,0.7052435
6.6713114,31.266113,0.023225844,0.21174225,0.3193304,0.43477127,0.67463964,0.7258514
6.2232223,30.964195,0.021703077,0.20838504,0.31359065,0.431567,0.66935116,0.71948016
5.7751336,30.66228,0.020610634,0.20122671,0.30057865,0.41962847,0.6579623,0.70919025
6.7494493,30.682444,0.023702689,0.22584206,0.34067583,0.45792505,0.6835591,0.7308952
6.3013606,30.380527,0.022258602,0.21968646,0.32965222,0.44858885,0.67363197,0.72115153
6.827587,30.098776,0.02441319,0.23963973,0.35967305,0.4767411,0.6884044,0.7329488
7.6433096,30.798433,0.02775972,0.23410621,0.35443816,0.4679593,0.6925173,0.74151826
7.1573105,31.032272,0.025327815,0.22399122,0.33857465,0.4532858,0.68476635,0.73451144
7.2354484,30.448605,0.025950208,0.24092934,0.36347875,0.47885376,0.6946474,0.74030864
9.301704,31.054893,0.036311835,0.1918783,0.2873257,0.4015983,0.6561888,0.7201689
9.225572,31.472515,0.035683684,0.17655012,0.26211902,0.37522215,0.6398022,0.7080112
9.14944,31.890139,0.035162475,0.16301751,0.23960331,0.3504007,0.6230367,0.69522035
8.88486,31.086016,0.034168523,0.20333454,0.30662695,0.42037338,0.6682364,0.7283787
8.808727,31.50364,0.033576164,0.18772678,0.28106707,0.39401332,0.6527914,0.71721816
8.468015,31.11714,0.031951364,0.21262673,0.32176527,0.43472904,0.67669135,0.7336016
11.0867,32.69405,0.042103726,0.08887746,0.10521103,0.18609177,0.47236663,0.56668544
10.678366,32.82301,0.040989954,0.09498561,0.1168641,0.20177735,0.49176863,0.58528227
10.270032,32.95197,0.039669834,0.10158435,0.12980136,0.21867885,0.5106587,0.6025796
10.801678,32.27361,0.041531026,0.10463302,0.13344763,0.22543368,0.5129483,0.6031775
10.393343,32.40257,0.040210366,0.11166185,0.14721069,0.24279238,0.5320427,0.6205288
10.516655,31.85317,0.04086955,0.12348118,0.16767773,0.26945427,0.55343026,0.6384882
9.554423,32.15623,0.03697953,0.1420661,0.20327753,0.31010407,0.5918529,0.6707661
10.035539,32.0047,0.039047092,0.13272417,0.18559784,0.29044354,0.5741484,0.656248
9.912228,32.5541,0.038402796,0.12039959,0.16441132,0.26356283,0.55265933,0.63846785
9.706688,31.320986,0.038033687,0.16712555,0.24538231,0.35817322,0.62636214,0.6980411
10.111671,31.587078,0.03956287,0.14410385,0.20507148,0.31368062,0.59161264,0.67052543
9.630555,31.73861,0.037458993,0.15379067,0.22309141,0.33334887,0.60910064,0.68455476
12.330613,32.82105,0.043851607,0.065397285,0.06511881,0.12691525,0.39408386,0.48784256
12.145106,32.461784,0.043885525,0.07366502,0.07838523,0.14849402,0.42040727,0.51303583
11.9595995,32.102524,0.043906026,0.08336806,0.0946119,0.17327987,0.44812778,0.5395407
12.584382,32.523266,0.044085257,0.06606139,0.066139534,0.12992002,0.3952319,0.4864994
12.398875,32.164005,0.04421402,0.074511684,0.079751804,0.15188485,0.42060894,0.5109892
12.83815,32.225483,0.044255767,0.06680085,0.06741503,0.13344623,0.39633846,0.48510003
11.567682,32.77717,0.04303347,0.078109145,0.08616969,0.1586204,0.4381049,0.53348184
11.76364,32.439846,0.043475956,0.08061498,0.09012,0.16559732,0.44324377,0.5366192
11.949148,32.799107,0.043545492,0.07138176,0.074794516,0.14170991,0.41503882,0.5099186
11.478618,32.019405,0.04325123,0.09492416,0.11491803,0.20146348,0.4821969,0.57330674
11.28266,32.356728,0.042679463,0.091747046,0.109750025,0.19342443,0.47739428,0.57009226
10.997637,31.936289,0.04223965,0.10829574,0.13935919,0.2338803,0.5180376,0.606989
15.475689,31.774902,0.04052481,0.042232957,0.03419098,0.082692854,0.32822248,0.40716204
15.305476,31.882607,0.040915493,0.04289721,0.034755077,0.08294164,0.32881734,0.4085294
15.1352625,31.990313,0.041285235,0.04354768,0.03532469,0.08320716,0.3294123,0.40994796
15.301844,31.658207,0.04099748,0.044774417,0.037578188,0.089733824,0.3357511,0.4140097
15.131631,31.765911,0.041369654,0.045468315,0.03818338,0.08998703,0.33656338,0.41562656
15.127999,31.541512,0.041464195,0.04752234,0.0413624,0.0972588,0.3434724,0.42120308
14.8615675,31.635405,0.04203684,0.04937887,0.04352115,0.1001821,0.34745786,0.42610192
14.8652,31.859804,0.04193557,0.04720588,0.04016989,0.092758924,0.34026915,0.42022994
14.595137,31.729298,0.042552672,0.051266342,0.045783605,0.10321719,0.35172513,0.43141702
15.705924,31.724405,0.039939985,0.04060751,0.032374077,0.07965737,0.32462552,0.4032394
15.762315,31.557213,0.0398321,0.041351363,0.033661943,0.08335118,0.32822064,0.40574777
15.889436,31.745928,0.039440334,0.038917363,0.030362159,0.07562254,0.32007456,0.39892426
15.53208,31.60771,0.040430043,0.04304042,0.03557054,0.08649773,0.33189923,0.40974393
15.358234,31.491014,0.040916145,0.045670576,0.039144523,0.09381204,0.33933225,0.41655615
15.5884695,31.440517,0.040334843,0.04386776,0.0370356,0.09046275,0.33539373,0.41221273
14.568277,31.120335,0.042940423,0.0585878,0.057750136,0.12669867,0.37165377,0.44859105
14.754851,31.260727,0.042456895,0.054555897,0.05160656,0.11623033,0.36184737,0.43884528
14.941425,31.40112,0.04196435,0.050879188,0.046168186,0.10642053,0.35248286,0.42974558
14.4884205,31.35462,0.042960946,0.056705404,0.054281212,0.11962772,0.366826,0.44495356
14.6749935,31.495012,0.042504318,0.052875284,0.04857153,0.10956749,0.3569358,0.43521866
14.408563,31.588905,0.042983092,0.05490694,0.051091958,0.11284517,0.36171862,0.44116014
12.582973,31.294918,0.0449185,0.087870315,0.1025818,0.18733722,0.44982883,0.5362978
12.814457,31.625599,0.044650592,0.07700892,0.08423459,0.16100696,0.42295176,0.50945055
13.045941,31.95628,0.044362973,0.06783606,0.069277465,0.13778043,0.39821944,0.48484617
12.375182,31.564121,0.04462044,0.086261295,0.099580765,0.18227498,0.44938153,0.53749377
12.606666,31.894802,0.04445249,0.07572065,0.08185255,0.15624878,0.4218456,0.510269
12.167391,31.833323,0.04428227,0.08475733,0.096926905,0.17757212,0.4488135,0.53857887
14.096926,31.562841,0.043537978,0.059033703,0.056965362,0.12212972,0.37246534,0.45280772
13.746499,31.717432,0.04393857,0.061542332,0.060219057,0.12591729,0.37923566,0.46163958
13.396072,31.872023,0.044202134,0.06411537,0.06373166,0.13011448,0.38682315,0.47144535
13.865146,31.302494,0.04405846,0.065777965,0.06757509,0.13964319,0.38962597,0.46989515
13.514719,31.457085,0.04437204,0.06860364,0.07139216,0.1440153,0.3977823,0.48023182
13.633366,31.042147,0.044567,0.07358349,0.08030427,0.15899295,0.40816402,0.48876852
14.25664,31.094273,0.043570098,0.063180394,0.06446582,0.13670088,0.38260406,0.46052772
14.176783,31.328556,0.043552626,0.061056484,0.06055902,0.12927249,0.37766042,0.4567351
13.9450035,31.068209,0.044115882,0.068164825,0.07195359,0.14742774,0.39471173,0.47387195
12.933104,31.21066,0.044966135,0.08282414,0.09443092,0.17692551,0.43450117,0.51916516
13.283235,31.126404,0.044845384,0.07807442,0.08704202,0.16753322,0.4206265,0.5032742
13.164588,31.541342,0.044589613,0.07267902,0.07749602,0.15208836,0.4096676,0.49415353
5.30072,30.35534,0.01997443,0.1920754,0.28273207,0.4009925,0.64163184,0.69615304
4.8138266,30.036663,0.019933492,0.18317303,0.2640849,0.37983063,0.6230777,0.68264836
4.326933,29.717989,0.020560464,0.17552693,0.24744236,0.3596272,0.60513586,0.6707814
5.3525343,29.766645,0.020806424,0.19789389,0.28839266,0.40530363,0.63660556,0.69164544
4.8656406,29.44797,0.021068538,0.18704072,0.26635733,0.3794656,0.6148319,0.67645586
5.404348,29.177952,0.022005353,0.20210439,0.29058087,0.40397915,0.627122,0.6843038
5.8787613,29.484894,0.022156028,0.21597366,0.31703112,0.4337594,0.6513437,0.70197344
6.353174,29.791834,0.02299191,0.22941773,0.34158808,0.4594891,0.67276216,0.71903884
5.826947,30.073586,0.021232434,0.20926674,0.31051204,0.4294529,0.65694445,0.70713985
3.834284,29.380972,0.022008749,0.16902186,0.23334673,0.3414368,0.5889555,0.66130644
3.3314588,29.048742,0.024424313,0.16312493,0.22146119,0.32553092,0.5758509,0.65499246
2.8286335,28.716513,0.028062299,0.15755644,0.21137202,0.31197053,0.5663636,0.6519208
3.8803425,28.773937,0.024304707,0.16908199,0.2304667,0.33360052,0.5767443,0.6537813
3.3775172,28.441708,0.027680352,0.16133289,0.21670324,0.3153527,0.5634939,0.6479478
3.926401,28.1669,0.027585179,0.16677473,0.22428785,0.3208712,0.56196386,0.64495033
4.911699,28.840935,0.022738226,0.18887794,0.2647782,0.37286872,0.60185593,0.6674359
4.3729916,29.110952,0.0221876,0.17748103,0.24681139,0.35500854,0.5941418,0.6633872
4.41905,28.503918,0.024512209,0.17717488,0.24261652,0.3447405,0.57960397,0.6540782
2.3299294,28.363247,0.033414427,0.15193908,0.20246916,0.30045253,0.5601991,0.65166444
1.8101721,28.01288,0.040870737,0.14623834,0.19485925,0.29172936,0.5578204,0.6543933
2.380109,27.735176,0.040096175,0.14696896,0.1953701,0.2884859,0.5492866,0.64628816
3.427697,27.813637,0.032507267,0.1571506,0.20892671,0.30099875,0.54902506,0.6398125
2.8788133,28.088442,0.032837078,0.15396301,0.20500493,0.30011585,0.55425465,0.64549005
2.9289927,27.460371,0.039661605,0.14842437,0.19659743,0.28586012,0.541208,0.6385774
6.9076,29.551865,0.025373057,0.2520611,0.3748221,0.4898293,0.6892563,0.7322351
6.4331865,29.244925,0.024074456,0.2382853,0.35096583,0.4659586,0.6688767,0.7150574
5.9587736,28.937983,0.02343595,0.22170876,0.32127157,0.43401802,0.64313424,0.69532675
6.9876122,29.004955,0.026660958,0.26330644,0.3863662,0.49760693,0.6861917,0.728737
6.513199,28.698013,0.02553303,0.24554169,0.35642996,0.46672365,0.6608572,0.70830154
7.0676246,28.458044,0.028371671,0.2727164,0.39345902,0.499369,0.6789379,0.72234696
7.4272747,29.932713,0.027324125,0.2584427,0.38731918,0.5009148,0.70231074,0.74519145
7.507287,29.385803,0.02847322,0.27456972,0.40639684,0.51702875,0.7051238,0.74595517
7.5873,28.838892,0.029984968,0.28952086,0.4213996,0.52757657,0.70410746,0.7439401
8.026962,29.766651,0.030729612,0.27270284,0.4077718,0.5173862,0.7118172,0.7543824
8.106975,29.21974,0.032102305,0.2932222,0.43127778,0.5368571,0.71679604,0.7568722
8.62665,29.600588,0.034416728,0.28031114,0.4187581,0.5249449,0.7164063,0.7598027
8.242997,30.63237,0.031029146,0.2373657,0.36003587,0.47230026,0.6951865,0.745375
7.835136,30.282541,0.029103136,0.25271222,0.38137352,0.49384046,0.70325613,0.7487272
8.434823,30.11648,0.032577135,0.25792304,0.38957956,0.4997021,0.70683426,0.7533338
9.076686,30.570126,0.035587706,0.2221987,0.33648264,0.4496458,0.68349713,0.7392681
8.659842,30.601248,0.033325855,0.23158748,0.3514377,0.46382612,0.6911304,0.7437494
8.851667,30.085358,0.03494336,0.25292417,0.38271382,0.4925759,0.703896,0.7525739
9.616808,30.775843,0.038078193,0.19412541,0.2902448,0.40469223,0.65680754,0.72082067
9.931911,30.496792,0.039829217,0.19639347,0.2929036,0.40697658,0.656529,0.72071207
10.247015,30.217741,0.041538283,0.19873966,0.29544067,0.4085764,0.655405,0.71985435
10.021791,31.041935,0.039618406,0.16792905,0.24579798,0.35875884,0.6248325,0.6968974
10.336895,30.762884,0.041153442,0.16882823,0.24622002,0.35884526,0.6223794,0.69491607
10.426775,31.308027,0.040942978,0.14403003,0.20385633,0.31251776,0.5880062,0.6674154
9.391789,30.291075,0.037539557,0.22678313,0.34287348,0.45545316,0.68559396,0.7410744
9.166772,29.806305,0.037090156,0.26059452,0.39303166,0.5010261,0.70709103,0.75527775
9.706893,30.012024,0.039502546,0.23134069,0.3487771,0.4602746,0.6868822,0.74220496
12.222413,31.162416,0.044889487,0.09870364,0.12115378,0.21184473,0.47765452,0.5647427
12.014622,31.43162,0.044460572,0.09679535,0.11774429,0.20681237,0.47755516,0.5659667
11.80683,31.70082,0.04399412,0.09502998,0.11474143,0.2021296,0.47733632,0.56704855
11.861853,31.029917,0.04467604,0.11109025,0.14290006,0.23941882,0.5079167,0.5945194
11.654061,31.299118,0.04411032,0.10882744,0.13905478,0.23444031,0.5078747,0.5954527
11.501292,30.897415,0.04426604,0.12517014,0.16800857,0.27001753,0.5397229,0.62438494
11.1730795,31.216,0.043237183,0.12436585,0.16725315,0.26940164,0.54486966,0.6298444
11.325849,31.617704,0.04323028,0.10845053,0.13887714,0.23382248,0.51313424,0.6015252
10.844867,31.534586,0.042099666,0.12379844,0.16716033,0.26922742,0.54948187,0.63457024
11.0831995,30.670856,0.043624215,0.146556,0.20605066,0.31399578,0.5809903,0.66077673
10.754988,30.98944,0.042328972,0.14516295,0.20468317,0.31321865,0.5848722,0.6645106
10.665108,30.444298,0.0427143,0.17119442,0.24894422,0.36073586,0.62044495,0.6931692
15.161766,31.292522,0.041489135,0.049557094,0.044761017,0.10497908,0.34989798,0.42626938
15.195533,31.043535,0.041523527,0.051723666,0.048535645,0.113130495,0.3560045,0.43118617
15.2293005,30.794546,0.04156812,0.054031454,0.0527214,0.12164559,0.36181274,0.43597436
15.392001,31.242025,0.040926334,0.0475748,0.042338073,0.101326406,0.345559,0.42141494
15.425769,30.993036,0.040945347,0.049599115,0.045885276,0.10925894,0.35144764,0.4261105
15.622237,31.191528,0.040330477,0.045645293,0.04003046,0.09776866,0.3414268,0.4168733
14.788618,31.011738,0.042525426,0.057077505,0.05604072,0.12498611,0.36824095,0.44414663
15.008959,30.903143,0.042067047,0.05555945,0.05436722,0.123308726,0.36497048,0.43995002
14.975192,31.15213,0.04201036,0.053143892,0.0500555,0.11466649,0.3588694,0.43490747
15.905423,31.155687,0.039548833,0.04313095,0.036992636,0.092666365,0.33590996,0.4111284
15.992142,30.921354,0.039371863,0.04417438,0.03911643,0.09835589,0.33981717,0.41389602
16.146015,31.171558,0.03884447,0.040741332,0.034023024,0.08705666,0.33027473,0.40566906
15.708955,30.957195,0.04017878,0.04682502,0.04238054,0.10371318,0.34547,0.41976005
15.512487,30.758705,0.040819347,0.050964333,0.048685294,0.11563658,0.35529038,0.42892691
15.795673,30.722864,0.04002542,0.048036363,0.044920024,0.10983245,0.349159,0.42244345
14.532233,30.869743,0.04318407,0.062406976,0.06426364,0.13805415,0.3804094,0.45661065
14.496188,30.61915,0.043450255,0.06659218,0.07160982,0.14994344,0.38917965,0.4648336
14.460144,30.368559,0.043741025,0.071184695,0.07986411,0.16227639,0.3980445,0.47332403
14.752574,30.761147,0.042770784,0.060766302,0.062386658,0.13616806,0.37658572,0.4517552
14.716529,30.510555,0.043038502,0.06480648,0.06954636,0.14783522,0.38492134,0.4595441
14.972915,30.65255,0.042312708,0.05911607,0.060544036,0.1343085,0.3729158,0.4471635
14.220595,30.84368,0.043824162,0.067420125,0.07176158,0.14868039,0.3919374,0.4692559
13.908958,30.817617,0.044378497,0.072865285,0.08009986,0.16007212,0.40472558,0.48340097
14.184551,30.593088,0.0441022,0.07207276,0.07996706,0.16120224,0.40137133,0.47826144
12.601062,30.942423,0.045264807,0.09558978,0.1161527,0.20596571,0.46487468,0.5502612
12.619151,30.58993,0.045666568,0.1042927,0.1316158,0.22561996,0.48033032,0.56469506
12.63724,30.237434,0.046130303,0.114130296,0.14911696,0.24617904,0.4963986,0.5796892
12.951193,30.858166,0.04530084,0.09001742,0.107117355,0.19476244,0.44857177,0.53228754
12.969282,30.505672,0.04568828,0.0981179,0.12160948,0.21352181,0.46298522,0.54587984
13.301324,30.773909,0.045164227,0.08475321,0.098885104,0.18462528,0.43371004,0.51547116
12.240501,30.809923,0.045278676,0.10764178,0.13693017,0.2320709,0.49391627,0.5796928
11.879942,30.677422,0.04510792,0.12140596,0.16105483,0.26128706,0.5252954,0.61013246
12.258591,30.457428,0.045730367,0.117743075,0.15477942,0.253347,0.51073843,0.59510905
13.693121,30.02348,0.045552067,0.093413725,0.11644519,0.20779082,0.44338453,0.5219662
13.6732025,30.363035,0.045177974,0.086055025,0.10285073,0.19100411,0.4314131,0.51050025
13.653284,30.70259,0.044851154,0.07947616,0.09083688,0.1746768,0.41973108,0.49947318
13.341161,30.094797,0.045918357,0.09994602,0.12644666,0.21946183,0.45952475,0.5399946
13.321242,30.434353,0.045515943,0.09191618,0.11182492,0.20175266,0.44641674,0.5274828
12.989201,30.166117,0.04611549,0.106842,0.13729836,0.23220444,0.47723627,0.5593605
13.948795,30.138506,0.04499205,0.0851968,0.10281331,0.19153327,0.426657,0.5040142
14.20447,30.253532,0.04438644,0.07781791,0.09066299,0.17641051,0.41161764,0.4878441
13.928877,30.478062,0.04466402,0.07869438,0.09072502,0.17556836,0.4156335,0.49354693
5.4587145,28.589275,0.023708427,0.20423724,0.28870213,0.39633965,0.61323684,0.6743441
4.9660654,28.252258,0.025042374,0.18849295,0.2596066,0.36076373,0.5857788,0.65679365
4.4734163,27.915241,0.027714757,0.17459798,0.23522909,0.3299063,0.5629979,0.6437628
5.513081,28.000597,0.02611924,0.20366426,0.28199258,0.38172665,0.59515184,0.6620383
5.020432,27.66358,0.028326599,0.18539417,0.25021958,0.3428317,0.56669676,0.64458674
5.567447,27.411919,0.029557455,0.19995701,0.2702048,0.36042094,0.57364184,0.64792526
6.0131397,28.349304,0.025261017,0.2243639,0.3190986,0.42536673,0.62829876,0.6843421
6.0675063,27.760628,0.027834937,0.22382843,0.311039,0.40871033,0.6087032,0.6706335
6.5675654,28.109335,0.027559174,0.24922392,0.35454887,0.45786896,0.64581925,0.6967944
2.0074108,26.110085,0.076956294,0.12911399,0.17470987,0.258665,0.52850896,0.64087385
2.5800586,25.851133,0.07781422,0.12898928,0.17185521,0.2500616,0.51487386,0.62876624
2.5051734,26.479118,0.06173196,0.13452491,0.17927271,0.2624528,0.5262955,0.63467747
4.0886464,26.324997,0.049330626,0.14757438,0.19079277,0.26520973,0.51060337,0.6147591
3.5358605,26.585701,0.04897995,0.14406972,0.18844737,0.2674565,0.5188719,0.6228457
2.9830744,26.846403,0.04903372,0.14191313,0.1873981,0.2710183,0.52812916,0.63159007
3.6107454,25.957714,0.06264525,0.13694686,0.17764415,0.25057507,0.5036182,0.6140164
3.0579596,26.218416,0.062023766,0.13527021,0.17807585,0.25609457,0.5147037,0.624212
3.1328444,25.590431,0.07922315,0.12945136,0.16945453,0.24215275,0.50172776,0.6170065
3.4817786,27.199669,0.039289154,0.15116997,0.19923112,0.28462437,0.5340272,0.6313922
4.0345645,26.938965,0.03928499,0.15541644,0.20348288,0.28493065,0.527962,0.6249841
3.9804828,27.552933,0.032349654,0.1621147,0.21506847,0.30412272,0.545367,0.63517964
5.074514,27.049612,0.033310756,0.17914717,0.23624031,0.3191896,0.5446982,0.6307955
4.5274982,27.301273,0.03255579,0.16923627,0.22391452,0.3099699,0.54377645,0.6320502
4.58158,26.687305,0.03966813,0.16165723,0.20999789,0.28758314,0.52381194,0.61994696
7.1911235,26.760399,0.037577882,0.27262387,0.36535683,0.44618878,0.6201415,0.67884713
7.149957,27.32628,0.033500448,0.27766535,0.38287005,0.47344935,0.6449758,0.69641495
7.108791,27.892162,0.03053571,0.27739236,0.39195913,0.4909905,0.66469425,0.7110561
6.649898,26.977571,0.033953317,0.24358396,0.3288504,0.41362444,0.6013113,0.66549927
6.6087317,27.543453,0.030228674,0.248553,0.34524226,0.44000614,0.6257691,0.6823592
6.1086726,27.194746,0.031310342,0.21927443,0.29665285,0.3845212,0.5855793,0.6550907
7.6067743,28.224424,0.03184499,0.30069727,0.42823267,0.52843714,0.69548345,0.735964
7.6479406,27.658543,0.03435335,0.30770057,0.4283951,0.52168006,0.6826432,0.72542447
7.689107,27.09266,0.037731044,0.30943745,0.4202628,0.5054197,0.6640658,0.7112229
8.145925,27.990805,0.03591417,0.32816413,0.4592708,0.55305886,0.70993274,0.74853826
8.187091,27.424923,0.038830392,0.33810514,0.4615134,0.5484826,0.6990643,0.73930526
8.685074,27.757185,0.040357478,0.3531865,0.4851105,0.57245636,0.7216674,0.7593176
8.6656,28.371653,0.037746646,0.33333254,0.4721986,0.56627756,0.72573185,0.76380026
8.646125,28.98612,0.035818722,0.30841297,0.4499746,0.55046153,0.7239313,0.76391256
8.12645,28.605272,0.03369853,0.31289852,0.44945797,0.5496276,0.71638674,0.7549256
10.157869,28.58113,0.045055028,0.30914083,0.4509466,0.5449189,0.72215,0.7663728
9.647463,28.920948,0.04161212,0.3016139,0.44378993,0.5417206,0.7222647,0.76594305
9.137056,29.260769,0.038008556,0.29199895,0.43316296,0.53521496,0.7204006,0.7637692
9.666938,28.30648,0.0437473,0.33927622,0.48224315,0.5713411,0.7322136,0.7722488
9.156531,28.646301,0.039778307,0.32496876,0.46801665,0.56268865,0.7290433,0.76890606
9.176006,28.031834,0.04214841,0.354117,0.492287,0.579624,0.73191416,0.769818
10.2173,29.672203,0.042392153,0.23166664,0.34692466,0.45674515,0.68254,0.7392697
9.677178,29.466486,0.040393893,0.26573536,0.39866415,0.50428194,0.70728964,0.7560777
10.187585,29.126665,0.04354159,0.269226,0.4011022,0.5040767,0.7052123,0.7549204
12.262101,29.95565,0.046485417,0.13522686,0.18526138,0.28675097,0.5376294,0.61947083
11.883451,30.175644,0.045820385,0.13923682,0.1920563,0.29575935,0.5527707,0.6344628
11.504802,30.395638,0.04492354,0.14324869,0.19938032,0.3052619,0.5674109,0.6483462
11.886961,29.673866,0.04670383,0.16072881,0.22828232,0.3328542,0.58190423,0.6592787
11.508311,29.89386,0.045750074,0.16497657,0.23595628,0.34314367,0.59630996,0.6723782
11.511822,29.392084,0.046776775,0.19114846,0.2782057,0.3842399,0.62597966,0.6958073
11.08671,30.169079,0.044360857,0.16813445,0.24238126,0.35213578,0.6092056,0.6837246
10.668617,29.942522,0.043532193,0.19652976,0.29008198,0.40149528,0.6474712,0.7137118
11.0902195,29.667303,0.04529147,0.19400269,0.28426704,0.39327407,0.6376289,0.7057141
11.060504,29.121765,0.046482567,0.22935592,0.33893716,0.44423795,0.6691194,0.72890216
10.638902,29.396984,0.044562194,0.23084001,0.34342867,0.45126858,0.6767358,0.73492855
10.609187,28.851446,0.04590909,0.27053657,0.4005463,0.50119215,0.7016002,0.75231373
15.281058,30.518972,0.041591052,0.05656798,0.05759985,0.13098769,0.36752087,0.44071975
15.332817,30.243399,0.041625522,0.05927337,0.06300832,0.14049013,0.3729075,0.44533154
15.384575,29.967825,0.04167235,0.062159084,0.06897334,0.1500066,0.3780154,0.44983685
15.564245,30.483131,0.04081537,0.053260908,0.053147335,0.12462076,0.3607049,0.4333754
15.616004,30.207558,0.040821597,0.05570354,0.058096193,0.13375261,0.36576626,0.4376651
15.847432,30.44729,0.03999541,0.050106734,0.048985265,0.118459366,0.35429728,0.42661598
15.024673,30.376976,0.042372357,0.062037326,0.06623796,0.14414975,0.3787551,0.45216605
14.768288,30.234982,0.04313796,0.06816934,0.07614814,0.15814628,0.39098504,0.464885
15.076431,30.101402,0.042445555,0.06516173,0.07252607,0.15407513,0.38433725,0.45708242
16.193172,30.376574,0.038954634,0.04669453,0.044725444,0.112123035,0.3475015,0.4195296
16.307486,30.066124,0.03871367,0.04818481,0.04836278,0.12002155,0.35105053,0.42226812
16.486368,30.386442,0.038010847,0.04335917,0.040280003,0.104545064,0.34061462,0.41279134
15.961745,30.13684,0.039796088,0.051855877,0.053067997,0.12679847,0.3581918,0.42962924
15.730316,29.897108,0.040666427,0.05780722,0.06306717,0.1423712,0.3695078,0.44068146
16.076057,29.826391,0.039595034,0.05365883,0.057522487,0.1349512,0.3615516,0.43234017
14.445127,29.993965,0.044138007,0.078155495,0.092880405,0.17995018,0.4100996,0.48492518
14.430109,29.619373,0.04459584,0.086104885,0.10789734,0.19794787,0.42258635,0.49718866
14.4150915,29.24478,0.04512211,0.09519575,0.12496803,0.21615134,0.4358215,0.51032853
14.75327,29.860388,0.043522324,0.07472966,0.088599645,0.17510833,0.40210477,0.47556412
14.738253,29.485794,0.043965284,0.08219763,0.10294719,0.19222608,0.41356114,0.48681816
15.061414,29.726809,0.042814024,0.07131106,0.08440435,0.17031322,0.39456287,0.46688455
13.933778,29.763912,0.045478493,0.094133966,0.11930047,0.21103,0.44102234,0.5181215
14.174435,29.504347,0.045334984,0.09473817,0.122170515,0.21385469,0.4385127,0.51424694
14.189452,29.878939,0.044827208,0.08571047,0.10534863,0.19494495,0.4247161,0.5006186
13.475226,29.62661,0.0464255,0.109666005,0.14471546,0.2393278,0.47208157,0.5512721
13.257331,29.22974,0.04738939,0.12969035,0.17871565,0.27442607,0.50546205,0.58442456
13.039435,28.83287,0.048464417,0.15445353,0.21915723,0.3144685,0.54396695,0.6207855
13.715883,29.367043,0.04645564,0.110718586,0.14809859,0.24191496,0.46904236,0.5468323
13.497988,28.970173,0.04753727,0.1312065,0.18254548,0.27640674,0.5020285,0.5797016
13.95654,29.107477,0.046410408,0.11163319,0.1514098,0.24402198,0.46587694,0.5423275
13.123266,29.697927,0.046716027,0.11751357,0.15685563,0.25321913,0.4909782,0.5716029
12.771306,29.769247,0.04682281,0.12577307,0.16997123,0.26834497,0.51127106,0.5927732
12.905371,29.30106,0.047598235,0.13913542,0.19335562,0.29101962,0.52703464,0.6064547
12.396166,29.487463,0.047377855,0.14983429,0.21018589,0.31119654,0.5546298,0.6338081
12.021027,29.205679,0.047819145,0.17898102,0.25773156,0.3603071,0.60056776,0.6739932
12.530231,29.019276,0.048375852,0.16670364,0.23795383,0.3368425,0.5727609,0.64862806
2.2645752,24.22344,0.13904332,0.1228458,0.1626057,0.232933,0.5028818,0.6293983
2.8078995,23.98724,0.14414218,0.12221972,0.15724587,0.2220073,0.4865498,0.61464477
2.7314215,24.605194,0.12020995,0.12263363,0.1606135,0.22940052,0.4944772,0.61836076
2.9699929,22.233738,0.19780153,0.13284308,0.16119863,0.22071892,0.48395082,0.6187937
2.9271853,22.801512,0.18501537,0.1270998,0.15694867,0.21682708,0.48029172,0.6141126
2.511299,22.404972,0.19663171,0.13441828,0.16738358,0.23113397,0.4998727,0.6337165
3.0571332,20.669558,0.20331419,0.17257388,0.20613985,0.27591327,0.53304315,0.6588042
3.0349667,21.167759,0.20525476,0.15411542,0.18366237,0.24792741,0.5094808,0.6407767
2.6931722,20.798409,0.20752196,0.17461354,0.21212837,0.28491527,0.5464851,0.67144257
8.769727,26.17032,0.052193444,0.3687114,0.47173125,0.53978354,0.68155605,0.72708786
8.741509,26.699274,0.047259826,0.37095255,0.48506358,0.55990547,0.70024693,0.741365
8.713292,27.22823,0.043387305,0.36524373,0.48900974,0.57026196,0.7134689,0.75208485
8.2435255,26.367012,0.046885364,0.3374088,0.43947098,0.5116693,0.66191596,0.7109165
8.215308,26.895967,0.042329125,0.34122065,0.4550722,0.5350066,0.683204,0.72680014
7.7173247,26.563705,0.041889932,0.30446175,0.40312102,0.4797437,0.6409462,0.6944213
4.634611,26.077738,0.049986072,0.15290867,0.19509931,0.2651761,0.50425935,0.6080137
5.1805754,25.830479,0.051306143,0.1604342,0.20176786,0.26765138,0.50011873,0.60287404
5.72654,25.58322,0.053476993,0.17064287,0.2114482,0.2733319,0.49889523,0.59993124
5.127545,26.440044,0.04061024,0.1704649,0.2194906,0.29327416,0.5221514,0.6167325
5.673509,26.192785,0.042344756,0.18242233,0.23267238,0.30266505,0.52357256,0.6158519
5.620478,26.802353,0.034729246,0.19261913,0.2530408,0.33278403,0.5489687,0.63208
6.1617036,26.585178,0.036706436,0.21074311,0.27598777,0.35279036,0.55832464,0.63719654
6.2147346,25.975613,0.044597067,0.19868553,0.2513986,0.31805953,0.53006464,0.6187671
6.702929,26.368006,0.03968826,0.23368818,0.30462968,0.37815258,0.57193804,0.64581037
4.334944,24.459606,0.10582576,0.12819229,0.15758681,0.21512666,0.46274734,0.5851126
3.7749436,24.714119,0.10302519,0.12624931,0.15939465,0.22180025,0.47564876,0.597338
3.2149436,24.968634,0.10029125,0.12520353,0.16212644,0.2298269,0.4895731,0.61014795
3.8514218,24.096167,0.12818843,0.12339414,0.15265769,0.21070401,0.46379736,0.5902003
3.2914217,24.35068,0.124341786,0.1227041,0.15630683,0.21951158,0.47882816,0.6041615
3.3678997,23.732727,0.14918278,0.12202601,0.15219326,0.21153644,0.46993023,0.5993753
3.6928446,25.335917,0.08063966,0.130851,0.16784015,0.23524545,0.48911923,0.60543305
4.252845,25.081404,0.082389034,0.13332199,0.1672281,0.22965252,0.47751346,0.59446245
4.170746,25.7032,0.06343684,0.13998726,0.178496,0.24652132,0.49358898,0.6044277
5.262675,25.208681,0.06660533,0.15082641,0.18517996,0.24443704,0.4792098,0.5893363
4.71671,25.45594,0.06469566,0.14447975,0.18085346,0.24434374,0.48534387,0.5961234
4.798809,24.834143,0.08444799,0.13701385,0.16795744,0.22591005,0.46770135,0.5847613
7.372452,25.12849,0.060268253,0.23252879,0.28252718,0.3372289,0.5360749,0.6218451
7.312009,25.67246,0.050422333,0.2499566,0.31403744,0.37602568,0.56513804,0.64147997
7.2515664,26.216429,0.043039747,0.2637485,0.34264907,0.41367412,0.5937174,0.66076255
6.8238144,25.280067,0.056808338,0.20727983,0.25289977,0.30973643,0.51816255,0.60999197
6.763372,25.824036,0.046927117,0.22171865,0.27956143,0.34389803,0.544972,0.6279056
6.2751775,25.431643,0.05454906,0.18668817,0.22924063,0.2884755,0.50583535,0.6027992
7.7777677,26.019737,0.047774784,0.2949165,0.37925315,0.44668797,0.61461,0.6760367
7.83821,25.475767,0.055529978,0.2789281,0.34766373,0.40671176,0.5852863,0.65597206
8.303968,25.823044,0.053185657,0.32753685,0.41570258,0.47964767,0.6367427,0.6930023
3.0785215,19.433485,0.19896626,0.2765991,0.34285975,0.42557046,0.63322467,0.7294277
3.0789106,19.80242,0.19965674,0.23286138,0.28502128,0.36662257,0.59696954,0.70441866
2.8012886,19.529295,0.20219135,0.278144,0.34715897,0.4319938,0.64216775,0.73786974
3.0952199,18.574232,0.20172034,0.42780206,0.52439886,0.5861455,0.7281363,0.79511416
3.0866764,18.819391,0.19983621,0.3792304,0.46989453,0.5402159,0.70050454,0.7757519
2.8722832,18.6161,0.2041224,0.4383506,0.53742075,0.59891266,0.7380309,0.8033502
9.278968,26.437756,0.05275343,0.39718932,0.5086716,0.57823724,0.71308213,0.75300187
9.78821,26.705193,0.053220768,0.40939507,0.5277856,0.5980189,0.7320383,0.7698823
10.297451,26.97263,0.05341931,0.40455684,0.5311849,0.60244286,0.7398634,0.7778148
9.250751,26.966711,0.04844819,0.3898621,0.5112005,0.5864793,0.7240533,0.76201797
9.759992,27.234148,0.049460802,0.39252934,0.5209751,0.5966236,0.7362466,0.77378166
9.222533,27.495667,0.045013472,0.3751513,0.5056942,0.5867831,0.73023915,0.7676199
10.204396,28.044962,0.04729554,0.34511256,0.4875829,0.57284915,0.73223096,0.77313
9.713465,27.770315,0.046297837,0.3683896,0.5057806,0.58774436,0.73619413,0.7744588
10.250924,27.508797,0.050051097,0.3778236,0.5142564,0.59182113,0.7380628,0.77692354
11.560763,28.871227,0.048163194,0.22144543,0.3247161,0.42710584,0.6533783,0.71624047
11.609706,28.35037,0.049832873,0.25688463,0.37616065,0.47273687,0.6789354,0.7346195
11.6586485,27.829515,0.05183211,0.29639637,0.42870587,0.51731944,0.70090204,0.75020856
12.069968,28.684824,0.04918013,0.2077561,0.3023731,0.40171498,0.6296506,0.6965457
12.118911,28.163967,0.050807636,0.2417435,0.35258985,0.44718432,0.6580981,0.71765405
12.579173,28.498419,0.049683295,0.19349015,0.27994588,0.3757444,0.6023561,0.67261916
11.109447,28.600908,0.04811613,0.26472557,0.38970062,0.4885124,0.6919077,0.744968
10.658129,28.330591,0.04781004,0.30798435,0.44756058,0.53941965,0.717831,0.76347613
11.158388,28.080053,0.050089657,0.30369815,0.4400528,0.53019613,0.7108591,0.75819796
10.7511835,27.258259,0.053060163,0.38232943,0.51804703,0.5924444,0.737792,0.77732503
11.204916,27.543886,0.052530166,0.34471938,0.48490095,0.5654482,0.7256771,0.7686677
10.704656,27.794424,0.05018007,0.3469206,0.48841912,0.5709035,0.73009664,0.77195406
15.45469,29.570726,0.041777544,0.066738866,0.078691766,0.16360961,0.3851267,0.45635355
15.524805,29.173628,0.04191514,0.071780995,0.08960992,0.17663254,0.39193395,0.46281925
15.594919,28.776531,0.04208867,0.07733793,0.101635806,0.18889746,0.39860818,0.46933413
15.800431,29.50001,0.040720165,0.061855927,0.07189255,0.15523681,0.3758859,0.44651112
15.870545,29.102913,0.04080265,0.066293605,0.081813574,0.16745487,0.38187566,0.45221528
16.146172,29.429295,0.039599515,0.05721277,0.06548896,0.14710824,0.3672529,0.43754047
15.131529,29.329712,0.043007057,0.07695443,0.09620341,0.18439384,0.40237933,0.474256
14.808368,29.088696,0.04425823,0.08915896,0.11701452,0.20690261,0.42250225,0.49538055
15.201644,28.932613,0.043240022,0.08320207,0.10924988,0.19784443,0.4101533,0.48176223
16.579473,29.351475,0.03811929,0.051613413,0.05776275,0.13686056,0.3569565,0.42716065
16.737148,28.947273,0.03776364,0.053543735,0.06363718,0.14501494,0.3591014,0.42916015
16.937103,29.343987,0.03683277,0.046784,0.050766945,0.12689215,0.3481409,0.4185674
16.303846,29.025093,0.03931667,0.059679475,0.07235588,0.15600984,0.3700296,0.44005314
16.028221,28.698711,0.04060066,0.06948185,0.09021316,0.17599982,0.38477346,0.4549398
16.461523,28.620892,0.039031066,0.062207982,0.079625525,0.16373125,0.37217695,0.44216838
14.393408,28.804548,0.0458505,0.10772222,0.14780982,0.23813818,0.45304674,0.5274391
14.371723,28.364317,0.046702217,0.12251461,0.1734518,0.26119334,0.47251576,0.5464942
14.350039,27.924086,0.04769474,0.14003313,0.20199864,0.28641298,0.49488673,0.5677854
14.786683,28.648464,0.044953123,0.1006076,0.13831684,0.22704677,0.43774047,0.5106144
14.764999,28.208233,0.045764748,0.114089616,0.16208814,0.24793236,0.45493805,0.5276314
15.179959,28.492382,0.0438952,0.093598746,0.12903796,0.21624132,0.4235271,0.49519798
13.934855,28.667246,0.04725834,0.12714419,0.1782753,0.26911914,0.4871372,0.5629382
13.476303,28.529942,0.048512377,0.15034662,0.2141063,0.30575654,0.5277139,0.6034529
13.913171,28.227013,0.04824993,0.14555056,0.2084519,0.2964558,0.51131153,0.5856596
13.93922,27.666204,0.04959808,0.17127073,0.2484168,0.33250684,0.5422143,0.61309206
13.502353,27.969133,0.04988262,0.17728618,0.25629985,0.3442745,0.56011325,0.6316445
13.065485,28.272062,0.049836632,0.18233494,0.26314142,0.35511196,0.5772318,0.6490943
13.528402,27.408325,0.051531635,0.20987774,0.30491734,0.3894481,0.59553957,0.66086227
13.091535,27.711254,0.05149678,0.2161749,0.31390905,0.402176,0.6127478,0.6776623
13.117584,27.150446,0.0534912,0.25584194,0.37068656,0.45444793,0.64761585,0.7046358
12.631272,27.376802,0.053458497,0.2714619,0.39285007,0.47864512,0.6694124,0.72372997
12.605223,27.93761,0.051392607,0.22955039,0.33380854,0.4254049,0.6370481,0.6994868
12.14496,27.603159,0.052912638,0.2851235,0.41236016,0.49972036,0.6871014,0.7387989
10.223857,25.436295,0.06702783,0.42519012,0.52268857,0.58211535,0.7158541,0.75828713
10.248388,25.948406,0.06158084,0.4294434,0.53577065,0.5984681,0.7292211,0.76865435
10.27292,26.460518,0.057087127,0.4221075,0.53813684,0.6047064,0.73701364,0.7750752
9.739147,25.68097,0.06269032,0.41199026,0.51109344,0.5723179,0.70655626,0.7494057
9.763679,26.19308,0.05745671,0.41602433,0.52465993,0.5902893,0.72220427,0.7616669
9.254437,25.925644,0.057647392,0.39287052,0.4940295,0.558154,0.69504005,0.7389031
3.4166598,19.990086,0.19636133,0.20407751,0.24378158,0.3188539,0.55818695,0.6740196
3.416271,19.621151,0.19547103,0.2377046,0.28853676,0.36792552,0.5909357,0.6970886
3.415882,19.252216,0.19510339,0.28349853,0.34903303,0.42856944,0.6286199,0.7232601
3.7540202,19.808817,0.19200765,0.20746385,0.24530962,0.31844297,0.55075306,0.66536456
3.7536314,19.439882,0.19146766,0.24282525,0.29246292,0.36933875,0.5847485,0.68939245
4.0913806,19.627546,0.18787998,0.21121128,0.24742429,0.31846693,0.5433418,0.65643
4.301654,21.00909,0.1902726,0.14153244,0.15802929,0.20957021,0.4534141,0.58718693
3.8720362,21.228048,0.19637752,0.14136158,0.1614241,0.2158351,0.46644104,0.60076714
3.4424183,21.447004,0.2012686,0.14149575,0.16542402,0.22297731,0.47992802,0.6143503
3.8942025,20.729845,0.19406159,0.15454543,0.17640382,0.23482694,0.48333246,0.61416495
3.4645846,20.948803,0.20015901,0.15415609,0.17972289,0.24097139,0.49630797,0.6276086
3.4867508,20.4506,0.19744457,0.17360666,0.20353906,0.27069902,0.5209515,0.64629054
4.161472,20.08806,0.18797089,0.17728789,0.20242414,0.26589048,0.5034577,0.62678134
4.231563,20.548576,0.1889693,0.15547597,0.17471142,0.23117152,0.4738418,0.60384756
3.8241115,20.269331,0.1926432,0.17525227,0.2026705,0.267964,0.51211184,0.6366171
3.5022824,21.986362,0.19730249,0.13193738,0.15517458,0.21013238,0.46638283,0.6019425
3.9917643,22.306763,0.18759225,0.12600455,0.14605024,0.19678439,0.44649035,0.58173
4.481246,22.627163,0.17459846,0.123529576,0.14165647,0.1896522,0.43343467,0.56707895
3.4594748,22.554136,0.18769525,0.12638943,0.1511749,0.20627621,0.46310782,0.5978798
3.9489565,22.874537,0.17428572,0.12318406,0.1456324,0.19767869,0.448503,0.5819241
3.416667,23.121912,0.17164889,0.12326311,0.15038657,0.20697764,0.46452808,0.59723616
3.9001892,23.485352,0.15321352,0.12231271,0.14798546,0.2025859,0.45467478,0.58503836
4.432479,23.237976,0.15588924,0.123119846,0.14455254,0.19490188,0.44036824,0.5711909
4.3837113,23.848791,0.13159205,0.12470195,0.14995156,0.2035332,0.45038828,0.5774077
4.361518,21.548447,0.19030164,0.13166715,0.14742379,0.19595318,0.4398052,0.57530993
4.421382,22.087805,0.18567568,0.12609819,0.14256062,0.1901092,0.4337888,0.56905663
3.9319003,21.767405,0.19475739,0.13168254,0.1510346,0.20262714,0.45282704,0.5885586
8.9691305,24.667059,0.074549355,0.3194623,0.385193,0.43694025,0.6096457,0.67657524
8.902663,25.168146,0.06573439,0.3440622,0.42286265,0.47868064,0.63683593,0.69528514
8.836195,25.669233,0.058305312,0.36067966,0.4521485,0.5136783,0.6611249,0.71231234
8.436904,24.82087,0.06966894,0.29026085,0.35065004,0.40247715,0.5829634,0.65598035
8.370437,25.321957,0.060596317,0.3119235,0.38619038,0.443276,0.6108303,0.6750685
7.904678,24.97468,0.064714305,0.26044458,0.31543377,0.3683673,0.5578242,0.63727814
9.387373,24.923471,0.07162084,0.36422428,0.44361487,0.49833107,0.6532538,0.70907855
9.805614,25.179882,0.06920573,0.400856,0.49076042,0.5482017,0.68950564,0.73703164
9.320905,25.424559,0.06405268,0.38350198,0.47422454,0.53309554,0.67622626,0.7252197
10.140345,24.266087,0.08348002,0.36462322,0.4386535,0.49433053,0.66010875,0.71804065
10.168181,24.656157,0.077359006,0.39251575,0.47536033,0.5314747,0.6824845,0.73382086
10.196019,25.046225,0.0718685,0.4128938,0.50348115,0.560913,0.7011319,0.7473012
9.74994,24.399744,0.08112543,0.3526421,0.42426872,0.47802335,0.6446782,0.7049987
9.777778,24.789814,0.074799836,0.38020977,0.46147105,0.5166321,0.6688087,0.72205836
9.359535,24.533401,0.07811438,0.33745205,0.40628013,0.45866737,0.62765205,0.691004
5.0758696,22.959091,0.1562108,0.124960884,0.14189592,0.18792121,0.42525116,0.5558123
5.6704936,23.291021,0.13494287,0.13157995,0.14875656,0.19396858,0.42550015,0.5514908
6.265117,23.62295,0.11337521,0.14501645,0.16414137,0.2093382,0.43529055,0.5549211
5.0271025,23.569906,0.13389076,0.12743327,0.14832464,0.19731072,0.43644944,0.5633832
5.621726,23.901834,0.11098667,0.13741091,0.15927602,0.20779637,0.4406929,0.5621557
4.978335,24.180721,0.10845434,0.13190219,0.15729348,0.20995341,0.45019206,0.5725379
5.906066,24.929796,0.06952092,0.16144536,0.19395769,0.24880518,0.47610888,0.58440053
5.4422,24.555258,0.08698331,0.14352722,0.17133732,0.22467421,0.4592067,0.57549053
6.0855913,24.276373,0.0902473,0.15264612,0.1778981,0.22730501,0.45475277,0.56928813
7.0033402,24.626644,0.072550476,0.19371933,0.2280927,0.27823606,0.49170002,0.5917733
6.454703,24.778221,0.07046142,0.1756943,0.20854008,0.2608186,0.48124397,0.58591014
6.6342287,24.124798,0.09056749,0.16476715,0.1895853,0.23678423,0.4583507,0.56958497
7.940308,23.809774,0.093517505,0.2063103,0.23596625,0.28088188,0.4906814,0.5903246
7.7510223,24.249348,0.08162256,0.21622135,0.25141725,0.2984678,0.5052427,0.60064346
7.561737,24.68892,0.070322484,0.22515807,0.26720566,0.3174536,0.52046424,0.6112055
7.381911,23.7475,0.09790399,0.18026955,0.20417488,0.24849421,0.46378577,0.5714279
7.1926255,24.187073,0.08491793,0.18713671,0.21579637,0.262615,0.4773574,0.5814579
6.823514,23.685225,0.10455585,0.15995522,0.18052733,0.22500299,0.44556034,0.55984855
8.283249,24.095537,0.08546437,0.2382553,0.27756706,0.3243995,0.5262476,0.6160352
8.62619,24.381298,0.079266146,0.27681154,0.32851607,0.37761104,0.5668955,0.6454693
8.093964,24.535109,0.07466638,0.25050616,0.29697308,0.3461407,0.5419102,0.62663645
3.3511956,18.419256,0.200286,0.43661183,0.53207743,0.59044856,0.72851855,0.7939556
3.5986276,18.50944,0.19616091,0.39736798,0.48662132,0.54957765,0.70013106,0.77207136
3.8460598,18.599625,0.19247061,0.36055005,0.44168264,0.5083125,0.6707954,0.74926174
3.3426518,18.664415,0.19784343,0.3889348,0.47904125,0.54555136,0.70052487,0.7740383
3.590084,18.7546,0.19436076,0.35266206,0.43437237,0.5045443,0.67196447,0.7520612
3.3341084,18.909575,0.1965526,0.343798,0.42577928,0.49959716,0.67275375,0.754601
3.9278333,18.942265,0.18990114,0.29859746,0.3642327,0.43793398,0.6248015,0.7158071
4.0096073,19.284906,0.18861206,0.24877791,0.2982411,0.3730764,0.5817109,0.6845545
3.6718578,19.09724,0.19237866,0.2911552,0.35680568,0.43352893,0.62680274,0.71963197
3.2412775,18.142872,0.20634879,0.5019261,0.6011134,0.64991385,0.76773626,0.8229397
3.0878115,17.951862,0.21303485,0.55391705,0.65315807,0.6954585,0.79855824,0.8461271
3.3787913,17.95667,0.20836537,0.52477115,0.6233941,0.6684287,0.7796378,0.8312191
3.4887094,18.233055,0.20122963,0.46072286,0.55696785,0.6105647,0.74052763,0.80196375
3.6262233,18.046854,0.20274244,0.48333067,0.57993114,0.6294406,0.7523886,0.81009364
3.7361417,18.323238,0.19665213,0.42058727,0.5116842,0.5698222,0.71191806,0.77976537
4.3636174,19.397367,0.18477182,0.22206421,0.25969073,0.32980576,0.5450411,0.6545026
4.2818437,19.054726,0.185922,0.26309237,0.3150183,0.3873779,0.58532685,0.6841548
4.20007,18.712084,0.18787757,0.31591082,0.3839733,0.45327264,0.6299123,0.716889
4.635854,19.167187,0.18208085,0.23381005,0.27332643,0.34201235,0.547321,0.65285337
4.5540805,18.824545,0.18372867,0.2777252,0.33212972,0.4013612,0.5891794,0.68393105
4.9080906,18.937006,0.17984708,0.24600023,0.28771153,0.3544491,0.5500169,0.65143585
12.687632,26.782942,0.056041643,0.31687343,0.4498187,0.52756345,0.69604397,0.7436356
12.20132,27.009298,0.0555992,0.33146545,0.46776113,0.545774,0.709944,0.7555374
11.715008,27.235655,0.05457954,0.34264097,0.48115057,0.55954486,0.7200888,0.7640292
12.257679,26.415436,0.05881759,0.3736374,0.50790495,0.5774607,0.7256241,0.76762646
11.771366,26.641792,0.05790123,0.38406008,0.51795584,0.58763,0.7326725,0.7735357
11.827725,26.047932,0.061874107,0.4147759,0.53788155,0.60168403,0.7390636,0.77888656
10.75848,25.640173,0.065616675,0.4375283,0.5416173,0.60208154,0.7335377,0.77351475
11.293103,25.844053,0.063884325,0.43421844,0.5466088,0.60816264,0.7409801,0.7802914
10.783011,26.152285,0.060887158,0.43112248,0.5447079,0.60815424,0.73988634,0.7784693
11.317635,26.356165,0.059800714,0.41671616,0.5400527,0.60520905,0.74113154,0.78018916
10.807543,26.664396,0.056959465,0.4132956,0.53777564,0.6053869,0.7413399,0.77978486
11.261275,26.950026,0.055817347,0.38556477,0.52014226,0.5916611,0.73620147,0.776343
15.677936,28.307734,0.04234423,0.08463863,0.117019184,0.20241895,0.40655634,0.47722697
15.760952,27.838936,0.042662427,0.092859186,0.133374,0.2152372,0.4148897,0.48553523
15.843968,27.370138,0.043051817,0.1021408,0.15042402,0.22791979,0.42393625,0.49447155
16.111237,28.229914,0.040761452,0.075608745,0.10383778,0.18813264,0.3912121,0.46144375
16.194254,27.761116,0.040977698,0.08247141,0.1183274,0.19936275,0.3978081,0.46817866
16.544538,28.152094,0.039104655,0.06729386,0.091605745,0.1746776,0.37733367,0.44748297
15.262976,28.023584,0.044320196,0.10327425,0.14745806,0.23121506,0.4339714,0.5053852
14.848016,27.739435,0.046389975,0.12691174,0.18402886,0.26581666,0.46905565,0.5409038
15.345992,27.554787,0.044824593,0.114250876,0.16684026,0.24633215,0.4454241,0.5164135
17.073652,28.031767,0.037037242,0.058376633,0.078620754,0.15986283,0.36236405,0.43281993
17.25248,27.520464,0.036685552,0.061375313,0.08758178,0.16611968,0.36360243,0.43453047
17.536839,28.00167,0.03515096,0.050506834,0.066385,0.14582908,0.3495598,0.42052376
16.723368,27.64079,0.038861413,0.071389824,0.10229413,0.18212816,0.37973118,0.4501958
16.373081,27.249813,0.040888954,0.088249266,0.13080557,0.20720807,0.40150386,0.4720213
16.902195,27.129486,0.03864257,0.075729035,0.11284988,0.18837118,0.3818549,0.45271733
14.40709,27.435051,0.048700996,0.15922599,0.23188196,0.31255257,0.5169892,0.58762306
14.464141,26.946018,0.049869236,0.18148796,0.2649619,0.34255648,0.5416732,0.6089998
14.521192,26.456985,0.05121746,0.20687783,0.30150205,0.37644517,0.5681649,0.6313143
14.9050665,27.250402,0.0472685,0.14357619,0.21031645,0.2880228,0.4877924,0.5582295
14.962117,26.76137,0.048293144,0.16289398,0.23909125,0.31341076,0.50909454,0.577322
15.403043,27.065754,0.045576848,0.1285562,0.1898416,0.2649456,0.46079415,0.5309992
13.996272,27.177172,0.050875686,0.19591978,0.28512335,0.36619437,0.56905895,0.63561946
13.585454,26.919292,0.05312294,0.24041311,0.3488351,0.4300415,0.62382513,0.6831478
14.053323,26.688139,0.05234933,0.2239498,0.32557207,0.40381014,0.59704113,0.6584233
13.376843,25.831913,0.05898526,0.33946586,0.47048056,0.5398749,0.69754153,0.7431953
13.758293,26.04027,0.056291454,0.29436275,0.41927376,0.49246514,0.66319484,0.7138234
14.139743,26.248629,0.053702872,0.24869274,0.35976312,0.4348914,0.61831,0.6753548
13.290423,26.271423,0.05696354,0.31324357,0.44340795,0.5175504,0.6842292,0.73243594
13.671873,26.479782,0.054624803,0.26732102,0.38553238,0.46300623,0.6447728,0.69931597
13.204004,26.710936,0.055135187,0.28466132,0.4090929,0.48826924,0.6673755,0.71947104
12.860471,25.90392,0.06048468,0.37060314,0.501986,0.5692919,0.7185219,0.7613911
12.774052,26.34343,0.058149695,0.34573826,0.4802651,0.552293,0.7090226,0.75359595
12.344098,25.975925,0.061476484,0.3960739,0.52415615,0.58938926,0.73178166,0.7728067
11.338763,24.493736,0.07808256,0.4204833,0.510924,0.5702288,0.71816105,0.76483184
11.501751,25.0118,0.071680754,0.43652233,0.53646606,0.5955596,0.73341376,0.77575165
11.664739,25.529867,0.0663135,0.434484,0.5449633,0.60544693,0.7401957,0.78039116
10.967128,24.807922,0.07498226,0.42640814,0.51892006,0.5772775,0.7185761,0.7634188
11.1301155,25.325987,0.06890111,0.4390418,0.5408005,0.60014874,0.733993,0.77499455
10.595492,25.122108,0.07127696,0.4281359,0.5228884,0.5812192,0.7177517,0.761203
10.539817,24.34197,0.08192676,0.38894194,0.46940535,0.5268927,0.6847009,0.73749757
10.93929,24.417852,0.08012328,0.40772185,0.4935006,0.55217826,0.7040383,0.7531521
10.567655,24.732038,0.07631589,0.4126563,0.5007407,0.55821735,0.7031933,0.7505999
4.523804,19.769747,0.1831278,0.1875517,0.2127808,0.27610666,0.50323343,0.622501
4.9562273,19.911947,0.17829657,0.16965336,0.18671727,0.2425822,0.46817207,0.5916757
5.388651,20.054146,0.17339529,0.15639624,0.1676605,0.21708655,0.43898475,0.56509566
4.593895,20.23026,0.18319942,0.16174425,0.17949358,0.23551455,0.4702248,0.59741944
5.0263186,20.372461,0.17828728,0.15016462,0.16252416,0.21223292,0.44226125,0.57174855
4.663986,20.690775,0.18411437,0.14528765,0.15944579,0.20984077,0.44714707,0.5791648
5.0682774,19.309385,0.17742833,0.20512359,0.232094,0.2944564,0.5042622,0.61631525
5.228464,19.681767,0.17526644,0.17620534,0.19327343,0.2489828,0.4671639,0.58746666
4.7960405,19.539566,0.18004937,0.19593242,0.22174227,0.28469425,0.5033779,0.6192362
4.9137177,21.194708,0.18254739,0.13309942,0.14469135,0.19002205,0.42524198,0.559661
5.5257816,21.380323,0.17371698,0.12877846,0.1373003,0.17845023,0.40573528,0.5392381
6.1378455,21.56594,0.16390273,0.12849878,0.13556935,0.17431447,0.39498314,0.52621734
4.973582,21.734064,0.18100815,0.12712744,0.13926889,0.18325752,0.41883197,0.55362934
5.5856457,21.919682,0.17012598,0.12618813,0.13616416,0.17724092,0.40556416,0.538392
5.033446,22.273422,0.17413546,0.12459277,0.13830939,0.18248197,0.41857317,0.55218935
5.6280694,22.60535,0.157609,0.12698019,0.14003527,0.18264356,0.4127524,0.5429811
6.1802692,22.251612,0.15601817,0.12966344,0.13962707,0.17959136,0.4026816,0.531823
6.2226934,22.93728,0.13853171,0.13522221,0.14916426,0.19137563,0.41644606,0.5416665
5.6383824,20.558077,0.17101106,0.13959755,0.14702855,0.19015008,0.41254762,0.54313624
5.888114,21.06201,0.1684333,0.13112478,0.13756888,0.17740075,0.39884716,0.53087467
5.27605,20.876392,0.17661342,0.13590176,0.14516112,0.18915366,0.4181756,0.55103046
10.728138,23.461637,0.09521371,0.32501483,0.38878915,0.45028985,0.64463073,0.7116071
10.93168,23.80567,0.088998705,0.36416513,0.43774393,0.49876684,0.6749904,0.73340917
11.1352215,24.149702,0.083263546,0.3970156,0.47963735,0.539706,0.6996854,0.7512861
10.532207,23.729788,0.09159962,0.33990413,0.40703884,0.46625376,0.6503779,0.7140145
10.735748,24.07382,0.08557679,0.37763312,0.4547161,0.5137198,0.68018335,0.73561203
10.336275,23.997938,0.08767359,0.35331059,0.4238773,0.48104846,0.65551937,0.7161472
9.098796,24.172312,0.0845574,0.2939367,0.34877878,0.3986978,0.58575827,0.660571
8.755855,23.88655,0.090568066,0.25318307,0.29549575,0.34300825,0.54324657,0.629345
8.412914,23.60079,0.09795058,0.21886224,0.25086233,0.29610723,0.5044372,0.6007056
9.22846,23.677567,0.09500159,0.26550597,0.3112812,0.3609501,0.56155694,0.64428437
8.88552,23.391804,0.10189401,0.2295435,0.26472083,0.31165656,0.52048135,0.61354643
9.358126,23.18282,0.10505533,0.23760693,0.2763893,0.32640094,0.53787446,0.6281432
9.879604,23.904999,0.089935444,0.32074603,0.38244122,0.43676272,0.6215478,0.6898112
9.489201,24.038656,0.0875578,0.3085225,0.366933,0.41868916,0.60401446,0.6753084
9.618865,23.54391,0.09717887,0.2763299,0.32577628,0.3782756,0.5795185,0.6590666
10.075536,23.636848,0.09445972,0.30839986,0.36702624,0.42318088,0.61662436,0.68775743
9.814796,23.275759,0.10182291,0.26491234,0.31217694,0.3663716,0.5747212,0.6569925
10.271467,23.368698,0.098595835,0.2947657,0.35054475,0.40880588,0.6112861,0.68554527
7.7341204,22.413404,0.13129933,0.15580858,0.16935666,0.20900425,0.4221573,0.53932464
7.2444525,22.816587,0.12771167,0.15245257,0.16670726,0.20728688,0.42391238,0.5423254
6.754785,23.219769,0.12164952,0.14870153,0.16489318,0.20734549,0.42834303,0.54762834
7.2020288,22.130917,0.1426359,0.14117667,0.15089402,0.18933898,0.40362617,0.5267773
6.712361,22.5341,0.14197272,0.13805638,0.14936608,0.18930373,0.4087442,0.53322566
6.669937,21.848429,0.15377688,0.13224776,0.13988788,0.17797212,0.3947679,0.5226211
7.8715787,23.344318,0.10714554,0.18517193,0.20787315,0.25081387,0.46412602,0.57098716
7.313182,23.282043,0.113365255,0.16460693,0.1830483,0.22535163,0.4421461,0.55577075
7.8028493,22.878862,0.12025544,0.16848314,0.18601592,0.22722773,0.44132766,0.55397713
8.344185,23.135332,0.11002999,0.19476561,0.21955876,0.26306954,0.47552085,0.57940674
8.275455,22.669876,0.12117469,0.17601198,0.19542794,0.23725146,0.45047256,0.5604234
8.816791,22.926348,0.11245736,0.20261638,0.23042859,0.27576876,0.4894425,0.5905664
4.0729766,18.38164,0.19186158,0.38047847,0.4633833,0.5249875,0.6789728,0.753537
3.9630585,18.105255,0.19704908,0.43990737,0.53148556,0.5851577,0.7205374,0.7848978
3.8531404,17.82887,0.20420925,0.5012067,0.5973559,0.6434476,0.76124614,0.8158738
4.299894,18.163656,0.19188431,0.39835012,0.4824804,0.5396693,0.68680394,0.75784475
4.1899757,17.887272,0.19806853,0.4566707,0.54851085,0.59859633,0.72869456,0.7899733
4.5268106,17.945673,0.19250007,0.41377077,0.49878952,0.5523624,0.6941417,0.7620789
4.653904,18.276117,0.1864244,0.3499504,0.42260274,0.48345473,0.6439938,0.72328764
4.7809973,18.606562,0.18246438,0.29306537,0.3503764,0.41639042,0.595302,0.68595266
4.426987,18.4941,0.18686463,0.33366686,0.40429962,0.46927828,0.6370889,0.7200602
3.7231328,17.505121,0.21525253,0.57294196,0.6691182,0.70753115,0.8067717,0.85073966
3.546462,17.256754,0.22708291,0.6331368,0.72534084,0.7584845,0.84367245,0.8792037
3.9299605,17.239775,0.22045977,0.59713566,0.6911948,0.7269702,0.82162493,0.86181545
4.059968,17.563522,0.20787346,0.5272982,0.62309664,0.66539997,0.7765792,0.826914
4.2667956,17.298176,0.21241432,0.55102295,0.645873,0.68520504,0.79140395,0.8379029
4.3968034,17.621925,0.20108627,0.48130396,0.57405615,0.6202283,0.7435898,0.80057544
5.299037,18.97269,0.17597555,0.22568698,0.25824943,0.32098705,0.51817095,0.6232549
5.689984,19.008373,0.17222174,0.20865427,0.23368056,0.29212755,0.48907518,0.5967924
6.08093,19.044058,0.16857857,0.19455592,0.2136793,0.26794913,0.46340904,0.57287955
5.4592237,19.34507,0.17340966,0.19123724,0.21152304,0.26886305,0.47694966,0.5913501
5.85017,19.380754,0.1694742,0.17981727,0.19487223,0.24756709,0.45286363,0.5687632
5.6194105,19.71745,0.17102748,0.16698119,0.17944345,0.23042127,0.44466713,0.5661716
5.4494166,18.21977,0.17886275,0.2989596,0.35411388,0.413881,0.5833276,0.669997
5.268975,18.458849,0.17867011,0.28178465,0.33274558,0.39527416,0.5721396,0.6634265
5.0885324,18.697927,0.17901008,0.26381743,0.31020895,0.37519458,0.56091577,0.6571856
5.1418815,18.128405,0.18284094,0.3328414,0.39849916,0.45736533,0.6196477,0.7007966
4.961439,18.367483,0.18233898,0.31355715,0.37533426,0.43775967,0.6075481,0.6932321
4.8343463,18.037039,0.1873551,0.3712598,0.4472052,0.5039642,0.65693986,0.73176736
5.659921,18.494534,0.17490184,0.2560395,0.29720616,0.35786167,0.5380077,0.6331331
5.8704257,18.769295,0.17162201,0.22139753,0.2502325,0.30876797,0.4977117,0.60049915
5.4794793,18.733612,0.17523122,0.24078996,0.27759737,0.3396119,0.5278887,0.62794256
13.178123,25.428709,0.06230459,0.37780225,0.5044594,0.5690833,0.7177942,0.76102775
12.661751,25.500715,0.06389437,0.40281793,0.52549815,0.5884654,0.73110425,0.772714
12.145378,25.572721,0.06494268,0.42133796,0.53871804,0.6003684,0.73828316,0.77885747
12.979403,25.025507,0.06611998,0.40405852,0.5212254,0.5828237,0.72842115,0.77142817
12.46303,25.097513,0.067831695,0.4217961,0.5338314,0.5944145,0.7357277,0.7778006
12.780683,24.622303,0.07049526,0.41642943,0.5232393,0.5836122,0.7310581,0.7754985
11.819403,24.536592,0.075892985,0.4264188,0.5216292,0.5813483,0.72780424,0.7731145
12.300042,24.579447,0.07334043,0.42512694,0.52571887,0.5856955,0.73207384,0.7767172
11.98239,25.054657,0.06994449,0.43305457,0.53849655,0.5981729,0.7371491,0.7791255
19.53841,23.35085,0.034053385,0.061329428,0.102629855,0.15442258,0.3477287,0.42786336
19.774576,23.65708,0.031704057,0.050164357,0.08766874,0.14198062,0.33530322,0.41520864
19.287184,23.719868,0.033687986,0.063588895,0.106188215,0.15888792,0.34914452,0.42797056
18.764236,24.532717,0.033717066,0.06680825,0.11065837,0.16683821,0.35325482,0.42952764
19.052338,24.902922,0.03152732,0.05340832,0.09054722,0.1504641,0.3385807,0.41484845
18.492517,24.976547,0.034070145,0.06773932,0.11126637,0.17006458,0.3559117,0.43100518
18.249075,26.410751,0.033208884,0.054002788,0.08397828,0.15429011,0.3456414,0.41880047
17.694471,26.479567,0.035706565,0.06595848,0.10223266,0.17252694,0.3627035,0.4349372
17.957636,25.949972,0.035104323,0.067258954,0.10711364,0.17302927,0.36077192,0.43385163
17.016195,26.505112,0.038938954,0.084638946,0.12991473,0.19955446,0.38889566,0.46015283
16.601082,26.00106,0.041954484,0.11288804,0.17147532,0.2363637,0.42293453,0.49335814
16.185966,25.497011,0.045503672,0.15243295,0.225516,0.28767782,0.4712211,0.5391704
17.279358,25.975515,0.038458806,0.08754194,0.13637102,0.20132853,0.38793203,0.45977944
16.864244,25.471466,0.041706324,0.11799456,0.1790779,0.23963614,0.4234744,0.49419138
17.54252,25.44592,0.038052786,0.09035445,0.14172876,0.20234163,0.3869125,0.4595118
15.957969,26.745764,0.043682404,0.11629214,0.17389679,0.24554078,0.43741676,0.5075096
16.071968,26.121387,0.04448517,0.13296175,0.19877476,0.26533377,0.45317823,0.52238387
16.487082,26.625437,0.041339315,0.099567726,0.15078485,0.22118714,0.41136277,0.48194712
15.517043,26.441378,0.046529997,0.14798784,0.21894866,0.28922796,0.48049238,0.54900783
15.0761175,26.136993,0.049632665,0.18895064,0.2763291,0.3469241,0.53555703,0.6001688
15.6310425,25.817003,0.04769337,0.17065415,0.2507627,0.31700966,0.5027796,0.5689567
14.363972,24.887735,0.059159573,0.32447872,0.44571662,0.5094537,0.6706248,0.7197338
14.971304,25.090826,0.054311864,0.26269063,0.37304986,0.43768173,0.60941535,0.66500664
15.578635,25.293919,0.049753845,0.20250934,0.29346108,0.35704166,0.5369505,0.59978634
14.416379,25.410818,0.056080505,0.2867272,0.4060469,0.47403583,0.64312124,0.6951717
15.02371,25.61391,0.051781654,0.22433762,0.32464972,0.39269173,0.5732261,0.63318694
14.468785,25.9339,0.053451438,0.2456705,0.35489088,0.4269842,0.60760295,0.66480815
13.705886,25.517187,0.059277236,0.3360759,0.46441114,0.5320297,0.6903963,0.7368303
14.034929,25.202461,0.059328135,0.3310094,0.45608962,0.5218604,0.6814774,0.729056
14.087336,25.725544,0.05629086,0.29126206,0.4137586,0.48440567,0.65404516,0.7052026
13.507166,25.113983,0.06278055,0.37271097,0.49667728,0.56030977,0.71157247,0.7559912
13.308445,24.710781,0.06679244,0.39695835,0.5117707,0.5730219,0.72273654,0.7673571
13.836208,24.799257,0.06299177,0.3659091,0.48681572,0.54937214,0.70364416,0.7496106
11.587818,24.040237,0.08289067,0.401294,0.48594478,0.5473708,0.70872223,0.7597833
11.836873,23.586737,0.087480634,0.3763985,0.45446414,0.51889163,0.69676876,0.75342673
12.085927,23.133238,0.091818035,0.34781525,0.41909388,0.4864809,0.6821657,0.74563855
12.068458,24.083092,0.079918064,0.41028827,0.49997902,0.5613996,0.71951246,0.7687734
12.3175125,23.629593,0.08379113,0.38871282,0.47211063,0.5359789,0.70863473,0.7630174
12.549097,24.125948,0.07665602,0.41246665,0.5075125,0.56860185,0.7248224,0.7730119
11.180735,23.35217,0.09466185,0.3347471,0.40143472,0.4658874,0.66081214,0.72580737
11.63333,23.242704,0.09350128,0.34229866,0.4113948,0.47782516,0.6732957,0.7371844
11.384276,23.696203,0.08855489,0.3717097,0.4476904,0.5108282,0.687709,0.7448607
6.812003,20.141235,0.1577477,0.14267334,0.14674783,0.18581483,0.3905056,0.5150325
6.5872836,20.616137,0.15936792,0.1356164,0.13972221,0.17777267,0.38853818,0.5167099
6.3625646,21.09104,0.16185632,0.13108417,0.13630807,0.17430808,0.39029014,0.52059615
6.337552,20.112206,0.1627443,0.14531483,0.15056004,0.19205144,0.40191802,0.5276099
6.112833,20.587107,0.16509108,0.1367417,0.1420088,0.18213965,0.39834735,0.5280195
5.8631015,20.083176,0.16798407,0.14985454,0.15748587,0.20243058,0.41816118,0.5444106
6.324621,19.409782,0.16489184,0.16953488,0.18023598,0.22825731,0.42923135,0.5458062
6.568312,19.775509,0.16125034,0.15290803,0.15896456,0.20165889,0.40525985,0.5268352
6.093861,19.746479,0.1660366,0.15881714,0.16734026,0.21364418,0.42248002,0.54438007
7.6241145,21.06219,0.14659946,0.13895187,0.14526857,0.18184155,0.387441,0.5108403
7.660783,21.512594,0.14365686,0.14182074,0.15002201,0.18729049,0.39587557,0.51821053
7.6974516,21.963,0.13882668,0.1474302,0.15803218,0.19637522,0.40754285,0.52777606
7.128691,21.230106,0.15152967,0.13467869,0.14020301,0.17688614,0.38660654,0.5129615
7.16536,21.680511,0.14836131,0.13667312,0.14404929,0.18141006,0.3935684,0.51880383
6.6332684,21.398024,0.15737158,0.13112158,0.13695116,0.17437434,0.3892117,0.5182238
7.3534107,20.755203,0.15054922,0.13698585,0.14163432,0.17807503,0.38293305,0.50778
6.8579874,20.92312,0.15572739,0.13362953,0.13804038,0.17495073,0.38496494,0.512737
7.082707,20.44822,0.15420151,0.1380953,0.14192195,0.17910041,0.3837258,0.5090187
10.724601,23.051859,0.10178264,0.28771615,0.3432138,0.4057459,0.6177193,0.69353694
10.26793,22.95892,0.10558907,0.26001996,0.30805814,0.36648902,0.5831628,0.66622275
9.811259,22.86598,0.10925439,0.23490353,0.2752654,0.32897985,0.5471201,0.6375035
10.721065,22.642082,0.10808251,0.2533179,0.30186707,0.36407372,0.5895994,0.6744744
10.264394,22.549143,0.112075135,0.23002967,0.27175796,0.32924828,0.55525756,0.64670247
10.717527,22.232304,0.11378395,0.22431986,0.26728246,0.32780537,0.5614981,0.65502757
11.177197,22.942392,0.100811906,0.29740608,0.35603422,0.42185116,0.635191,0.7089478
11.17366,22.532616,0.10676169,0.26211515,0.31402296,0.37960783,0.6076271,0.6906621
11.629794,22.832926,0.099327095,0.30587512,0.36716452,0.43522808,0.6491848,0.7216747
8.1709,21.17944,0.14068191,0.14576612,0.15535477,0.1930223,0.3982399,0.51797456
8.717687,21.29669,0.13544746,0.15415506,0.16838367,0.208368,0.4161787,0.5322628
9.264472,21.41394,0.13085462,0.1633271,0.18317902,0.22677653,0.44055575,0.5533022
8.207569,21.629845,0.13710739,0.15139459,0.16327296,0.20195897,0.41055164,0.5285497
8.754355,21.747095,0.13142754,0.16261931,0.17963295,0.22101872,0.43253642,0.5460795
8.244238,22.08025,0.13170062,0.16004303,0.1747826,0.21476524,0.4260919,0.5412619
9.326908,22.593193,0.1162356,0.203237,0.23361135,0.28195587,0.5001396,0.6003934
8.785573,22.336721,0.12362761,0.17886308,0.20043541,0.24382915,0.45826697,0.5667221
9.295691,22.003567,0.12494501,0.17914072,0.20345955,0.24945587,0.46750498,0.5752562
10.233175,21.959517,0.12000065,0.1966256,0.2310713,0.28543448,0.5159746,0.6180211
9.780042,22.276354,0.1186369,0.20046476,0.2329332,0.28442493,0.50850683,0.60916287
9.748824,21.68673,0.12561734,0.17716964,0.20383394,0.25233594,0.47491586,0.5832078
7.249479,19.06142,0.15892257,0.16999191,0.18125513,0.22707878,0.41431007,0.523958
7.103654,19.421358,0.15802315,0.15920421,0.16672021,0.2096903,0.40338033,0.5190444
6.9578285,19.781296,0.15758239,0.15004866,0.15521464,0.19589372,0.3954564,0.51611006
6.859963,19.055634,0.16198331,0.17656901,0.18930006,0.2372943,0.42710814,0.53707725
6.7141376,19.415571,0.16136685,0.16371042,0.17231795,0.21745613,0.41459662,0.530896
6.4704466,19.049845,0.16520429,0.18469742,0.200014,0.25085202,0.44351345,0.5534591
4.8249273,17.681028,0.19365188,0.42702007,0.51240045,0.5627384,0.7002868,0.76534206
4.6949196,17.357279,0.20346701,0.49347284,0.58567977,0.6294706,0.7502923,0.8048896
4.5649123,17.033531,0.21597807,0.56201684,0.6553635,0.69308496,0.7985416,0.84308726
5.1230435,17.416382,0.19541791,0.43696183,0.5224115,0.57041746,0.70535004,0.7680774
4.9930363,17.092634,0.20635101,0.50272954,0.59409904,0.6361248,0.7559859,0.8087092
5.42116,17.151737,0.19765225,0.44396478,0.5291265,0.5754752,0.70927846,0.7701804
5.4399977,17.863758,0.18304622,0.34377733,0.410757,0.46645337,0.62382495,0.70168483
5.1324625,17.772392,0.1879884,0.3832951,0.4600929,0.51357704,0.66201615,0.7338122
5.430579,17.507748,0.18921831,0.39185193,0.46913743,0.52034354,0.6659027,0.7352595
4.396357,16.618671,0.2357505,0.64544505,0.7331372,0.7649731,0.85429466,0.8874697
4.168983,16.309252,0.25516844,0.7091602,0.7887584,0.8172267,0.89421284,0.91922426
4.6559258,16.262915,0.24593723,0.6679308,0.75154185,0.7819922,0.8707234,0.9012089
4.824481,16.677774,0.22423531,0.58900625,0.6798452,0.71502286,0.81770706,0.85835016
5.0840497,16.322018,0.23339601,0.6121827,0.69983065,0.7330771,0.8350593,0.8729001
5.252605,16.736877,0.21346024,0.5282226,0.61888754,0.658066,0.7748371,0.8236166
5.8742375,18.099983,0.17606185,0.28464067,0.33426583,0.39214122,0.5612292,0.6484444
5.8648186,17.743973,0.18025202,0.32371452,0.3844521,0.43958429,0.5993987,0.6789249
5.8553996,17.38796,0.18622203,0.36611304,0.43707103,0.48899674,0.639593,0.7116871
6.299058,17.980196,0.17352547,0.2702111,0.31506926,0.37143302,0.539845,0.62704206
6.289639,17.624186,0.17765845,0.30369917,0.3586459,0.41340306,0.5749919,0.65560925
6.723879,17.860409,0.17123288,0.25594088,0.2969525,0.35224545,0.5198465,0.60651904
6.084742,18.374746,0.17207904,0.24630716,0.28330746,0.34139135,0.51862127,0.6131206
6.5095625,18.25496,0.169562,0.23646107,0.27020285,0.32626787,0.5007105,0.5940988
6.2952466,18.649508,0.16870643,0.21519682,0.2412477,0.29711106,0.48131374,0.5826068
7.074279,18.661083,0.16269973,0.19121026,0.20973358,0.26050445,0.44171375,0.5439815
6.6847625,18.655296,0.16562764,0.20214121,0.22375628,0.27686903,0.4596552,0.56165457
6.899079,18.260746,0.16663778,0.21990931,0.24869725,0.3030795,0.47729573,0.5715369
20.123108,22.391678,0.037171498,0.05652017,0.09381165,0.14486924,0.34923953,0.4328497
20.364737,22.68292,0.0341115,0.045855608,0.080525,0.1331979,0.33641827,0.4197989
19.956373,22.686754,0.03582203,0.057760436,0.096338354,0.147391,0.34791347,0.43046033
19.414394,22.229128,0.041848343,0.08723546,0.1293533,0.17665583,0.3779406,0.46031108
19.706211,22.184952,0.040773556,0.07520933,0.115422435,0.16415395,0.36788747,0.451059
19.998026,22.140778,0.0397842,0.06451599,0.102671295,0.15275921,0.3589518,0.44288343
19.539474,22.480028,0.03920848,0.0765966,0.11848461,0.16699933,0.36666656,0.44879863
19.831291,22.435854,0.03814934,0.06594132,0.10561692,0.15544926,0.35745406,0.44033837
19.664557,22.73093,0.036866233,0.06713547,0.10822434,0.15807669,0.35634875,0.43818277
19.187973,22.459057,0.04115444,0.09286989,0.13709295,0.18377845,0.38131478,0.46262178
19.313055,22.709957,0.03871393,0.08155641,0.1254249,0.17351492,0.36971936,0.4508072
19.438135,22.96086,0.036542177,0.07151392,0.114452295,0.16406813,0.35916,0.43997273
18.961552,22.688986,0.040692374,0.098407045,0.14483961,0.19116808,0.38527784,0.46549174
19.086634,22.939886,0.03842581,0.0864522,0.13233683,0.18023336,0.3733076,0.4533389
18.735132,22.918915,0.04043886,0.10381813,0.15255721,0.19881202,0.38983774,0.4689299
18.835407,23.308905,0.037742957,0.089020856,0.1371459,0.1857063,0.37513727,0.45375988
19.186909,23.329878,0.035838023,0.07407708,0.11888086,0.16903362,0.36037868,0.43981582
18.935682,23.698896,0.03549797,0.07631147,0.12270189,0.17385516,0.36226335,0.44037175
13.789762,23.393055,0.07480694,0.37828937,0.47205913,0.53347826,0.7051471,0.7599817
13.981165,23.891281,0.06873474,0.37909535,0.4847706,0.5448158,0.7060946,0.7562672
14.172568,24.389507,0.06356228,0.3605656,0.4765701,0.5374369,0.6951458,0.7432869
13.453402,23.802805,0.07359695,0.3933039,0.49173483,0.55281204,0.7158842,0.7666332
13.644805,24.301031,0.067877084,0.38925514,0.49965525,0.5603136,0.7155065,0.76260203
13.117042,24.212553,0.0721902,0.4062322,0.5090448,0.56972075,0.72450507,0.77176523
12.885457,23.716198,0.07875129,0.39658183,0.48723212,0.5496689,0.7165083,0.7686759
12.653872,23.219843,0.08628065,0.3677859,0.44623592,0.51217186,0.69822735,0.75789905
13.221817,23.306448,0.08056559,0.37848383,0.46442944,0.5281451,0.7060708,0.76293707
18.507769,23.97502,0.03670236,0.0872562,0.1372601,0.18863505,0.37422252,0.45078048
18.23605,24.418848,0.036751777,0.08786679,0.13882992,0.19255377,0.37671414,0.45192128
17.96433,24.862679,0.03705644,0.08811875,0.1393417,0.19585308,0.37964466,0.45366988
17.979582,23.86115,0.040090535,0.11504556,0.17153911,0.22081469,0.40405545,0.4790884
17.707863,24.304981,0.04007326,0.11482927,0.17314614,0.22508755,0.40714607,0.48077813
17.451395,23.747282,0.043808408,0.14978065,0.21401705,0.2620285,0.44251332,0.5151866
18.30722,23.195038,0.041281763,0.11857661,0.17175725,0.21780387,0.4046529,0.48181173
18.407495,23.585028,0.0387905,0.10174888,0.1538587,0.20244484,0.3884273,0.46531522
17.879309,23.47116,0.04242308,0.13393044,0.19225836,0.23887664,0.42219245,0.49721536
17.286055,24.888224,0.040784717,0.116922505,0.17731099,0.23331189,0.41536367,0.48727784
16.607777,24.913769,0.04475572,0.152999,0.2249453,0.282078,0.46258724,0.53134847
17.029587,24.330526,0.044119835,0.15215991,0.2211122,0.2734,0.45276353,0.5231586
15.5589695,23.66821,0.057821076,0.2947778,0.39679858,0.45051417,0.61742055,0.6752314
16.189777,23.694567,0.052823648,0.2449045,0.33539486,0.38598767,0.5571673,0.6203056
16.820587,23.720924,0.04814044,0.19472101,0.27099594,0.31954244,0.495754,0.5642405
15.767969,24.27781,0.052833453,0.24737883,0.34555882,0.40166,0.5726234,0.63267845
16.398777,24.304167,0.048350923,0.19666167,0.27926278,0.33299375,0.5088521,0.57473266
15.976968,24.887411,0.048794176,0.19640979,0.28314933,0.34240794,0.5202404,0.5844441
14.762304,24.481226,0.05885697,0.31624568,0.43191075,0.49267194,0.65569514,0.70714766
15.160637,24.074717,0.058370497,0.30625787,0.4155027,0.47290444,0.63783914,0.6922245
15.369637,24.684319,0.053629667,0.25577602,0.3605792,0.42102912,0.5920518,0.64957684
14.570901,23.983,0.063462675,0.34933385,0.46023157,0.5191547,0.68092346,0.7320524
14.379498,23.484772,0.06890495,0.3648181,0.46608266,0.5251713,0.6924352,0.74622226
14.9692335,23.57649,0.06321688,0.33654422,0.44176322,0.49831283,0.66378593,0.71837914
13.304937,21.960676,0.096978426,0.29045975,0.3548328,0.42445356,0.6484,0.72976655
13.466545,22.438135,0.08883673,0.32924634,0.4014686,0.46910432,0.6749964,0.7455867
13.628153,22.915594,0.08137143,0.36034852,0.44283062,0.50714594,0.6942774,0.75589186
12.898601,22.35153,0.09538644,0.30875507,0.3742429,0.44388875,0.6611835,0.7365068
13.060208,22.828989,0.08764527,0.3484708,0.4233919,0.49050283,0.6874971,0.75252646
12.492264,22.742384,0.09376528,0.3280057,0.3958592,0.46487862,0.6726737,0.7418814
11.941668,21.768936,0.11107371,0.23314224,0.2838911,0.3504482,0.59235257,0.6869586
12.3960905,21.83285,0.106762305,0.25230956,0.30772632,0.3765329,0.6146303,0.70482004
12.850514,21.896763,0.10205515,0.27188525,0.33173868,0.40157294,0.6334236,0.71917415
11.989755,22.223703,0.104915075,0.26786524,0.32360905,0.39259186,0.6249046,0.7087362
12.444178,22.287617,0.10030037,0.28908595,0.3496535,0.41965857,0.6452425,0.724635
12.037841,22.67847,0.09837459,0.30759904,0.3701534,0.4394445,0.6554581,0.72858685
11.533621,21.923393,0.11215643,0.23028539,0.27847525,0.3436299,0.58421946,0.6781077
11.581707,22.378159,0.10598575,0.26519248,0.31905365,0.38672498,0.6175005,0.7007103
11.125574,22.077848,0.113087684,0.22732665,0.27294067,0.33610082,0.57390666,0.667389
7.8821936,20.664333,0.14573875,0.1409163,0.14728236,0.18396112,0.3853668,0.50703007
8.140273,20.266478,0.14536273,0.14363244,0.15079378,0.18819647,0.38527644,0.5044736
8.398352,19.868624,0.14565405,0.14700815,0.1557853,0.19466819,0.3873853,0.5033207
8.42898,20.781584,0.14063197,0.14597148,0.15593979,0.19390388,0.39592206,0.514599
8.687058,20.38373,0.14081307,0.14672965,0.15761682,0.1963981,0.39515784,0.5122674
8.975765,20.898836,0.1361007,0.15221171,0.16689849,0.20737077,0.413221,0.52923816
7.6324368,19.330488,0.15440062,0.15738603,0.16564187,0.20763803,0.39642844,0.5094723
8.015394,19.599556,0.14994906,0.15010637,0.1577249,0.19741908,0.3877775,0.5028357
7.4866114,19.690426,0.15346427,0.14980188,0.15554816,0.19519454,0.3892868,0.5072077
7.869569,19.959494,0.1490066,0.14516428,0.15116294,0.18911624,0.38394153,0.50270575
7.340786,20.050364,0.15302584,0.1435646,0.14792848,0.18594834,0.38491562,0.5066747
7.61149,20.35735,0.1493852,0.14059627,0.1454413,0.18227032,0.38222954,0.5045007
10.766769,21.79121,0.118671104,0.20118123,0.23991069,0.2981167,0.5353881,0.6368911
10.282417,21.518423,0.12413356,0.1804289,0.21142401,0.26363707,0.4934387,0.6013353
9.798065,21.245636,0.12898226,0.16629982,0.19033557,0.23722804,0.4568251,0.56883085
10.81601,21.350117,0.122618996,0.18375443,0.21913406,0.27461758,0.5110271,0.6193213
10.331659,21.07733,0.12735504,0.16864145,0.19690447,0.24699168,0.47330746,0.5857409
10.8652525,20.909023,0.12588802,0.17100732,0.2036972,0.25657564,0.48898065,0.6026537
11.174816,21.636755,0.11776651,0.20359772,0.24533488,0.3057865,0.5470109,0.64900523
11.224057,21.195662,0.12168351,0.18559602,0.22425817,0.28167054,0.5216787,0.6309885
11.582863,21.4823,0.116783224,0.20612277,0.25091863,0.31314817,0.5568573,0.6596341
9.907462,20.105938,0.13573252,0.15189452,0.17181557,0.21631533,0.42238116,0.5379365
9.693132,20.541939,0.13403775,0.1542453,0.17374825,0.21765192,0.42710322,0.5423369
9.478802,20.97794,0.13256128,0.15803176,0.17752808,0.2211879,0.43323174,0.5474815
9.404426,20.026833,0.13869053,0.14970201,0.16551018,0.2076146,0.4069565,0.52165323
9.190095,20.462833,0.137235,0.15034509,0.16535388,0.20637959,0.4091968,0.5249258
8.901388,19.947727,0.1419778,0.14798056,0.1600015,0.20012367,0.39492914,0.5098193
10.226726,20.373632,0.13253567,0.15569966,0.1792105,0.22577962,0.4403959,0.55663997
10.545989,20.641329,0.12931156,0.16182996,0.18960738,0.23897567,0.4626816,0.57844126
10.012396,20.809633,0.13077502,0.16013366,0.18370762,0.23035932,0.44807288,0.5624872
7.577063,18.83854,0.15798166,0.17335534,0.18707673,0.2339134,0.41599503,0.521279
7.401863,18.438202,0.16190799,0.19396049,0.21499285,0.26626438,0.44254348,0.5404678
7.2266626,18.037865,0.16604337,0.22086343,0.2516007,0.30568928,0.47615114,0.56670773
7.904647,18.61566,0.1573625,0.17595406,0.19252075,0.2407307,0.4186689,0.51965004
7.729447,18.215322,0.16139863,0.19544794,0.21919776,0.2712129,0.44381502,0.5376844
8.232231,18.392778,0.15700878,0.17768851,0.19734123,0.24718434,0.42203984,0.5189858
7.9600205,19.107607,0.15353926,0.16049774,0.17121777,0.2146019,0.39912271,0.50815636
8.287604,18.884727,0.1530151,0.16306429,0.1766389,0.22184056,0.4029647,0.5080292
8.3429785,19.376675,0.1491745,0.15284641,0.16289227,0.2041556,0.39129838,0.50292563
5.192575,15.510095,0.2692356,0.7049913,0.77999103,0.8084056,0.89845216,0.92583716
4.949054,15.135093,0.2951162,0.7638551,0.82993835,0.8564194,0.932596,0.9523648
5.4696555,15.11303,0.2817905,0.7198368,0.7905572,0.8181483,0.90939385,0.93600327
6.033894,15.208308,0.26082692,0.64601064,0.7229893,0.7526551,0.8639037,0.9015096
6.3210526,15.70065,0.23026866,0.5406582,0.62406087,0.65997434,0.78837365,0.837765
6.6082106,16.192993,0.20527545,0.43195128,0.51098764,0.5561413,0.6997164,0.7604072
5.7568135,15.605372,0.24941462,0.630018,0.7112667,0.7423469,0.8513087,0.88914245
6.043972,16.097715,0.22080494,0.5222847,0.60830736,0.64636034,0.7727067,0.8228518
5.479733,16.002438,0.23817973,0.6102669,0.6956013,0.7283581,0.83578813,0.87469584
5.8168435,16.832155,0.2001641,0.44442,0.528126,0.57346296,0.7087497,0.76868546
5.6482882,16.417295,0.21718605,0.5274718,0.6159883,0.6544271,0.7751979,0.8241027
6.2125273,16.512573,0.20278683,0.44039893,0.52207166,0.5670471,0.7057022,0.76553184
6.2510834,17.068378,0.18767124,0.36534825,0.43550768,0.48662636,0.63704216,0.70747674
6.6467667,16.748798,0.1893048,0.3604429,0.42920065,0.48033154,0.6322193,0.7015617
6.6853228,17.304604,0.17831613,0.3029473,0.3581388,0.41218477,0.5721623,0.6501797
7.194246,17.628197,0.16991916,0.24676496,0.28678238,0.34146354,0.5072956,0.5915895
7.1556897,17.072392,0.17708077,0.28604922,0.33787328,0.3924395,0.55349964,0.6308464
7.1171336,16.516586,0.18774833,0.33538312,0.3989515,0.45177165,0.6082579,0.67877805
7.6646123,17.395987,0.16882607,0.23603712,0.2754603,0.3302866,0.49534312,0.5775302
7.626056,16.84018,0.17584698,0.26822397,0.31713903,0.37263215,0.53497434,0.6114861
8.134979,17.163774,0.16787133,0.22460294,0.26375884,0.31922764,0.4842175,0.5646654
8.167397,17.573442,0.16389458,0.20792948,0.24102491,0.29559356,0.46253097,0.5472023
8.199814,17.98311,0.16035111,0.19220828,0.21846414,0.27137434,0.44158033,0.5317996
7.6970296,17.805655,0.16483916,0.21501482,0.24679327,0.3008147,0.46884617,0.55615205
6.183626,13.830945,0.32487068,0.7657273,0.8235692,0.8494021,0.93934405,0.96210945
5.9651814,14.273456,0.30981392,0.7502975,0.812268,0.8384923,0.9298671,0.9543017
5.7468405,13.8249235,0.3382331,0.80158234,0.8563241,0.8814502,0.955539,0.97191423
6.7942686,12.703251,0.35718217,0.78882587,0.83992773,0.8662237,0.95432115,0.97397906
6.59817,13.045843,0.3484324,0.7842534,0.8367651,0.8626804,0.9509261,0.9713235
6.4454947,12.638225,0.37060958,0.8211867,0.870155,0.8952717,0.96658605,0.98051435
20.39464,21.758308,0.04171677,0.056050647,0.090855256,0.14238273,0.35590085,0.4415897
20.499435,21.420015,0.045204766,0.0567637,0.090316795,0.14238706,0.36126506,0.44790766
20.749632,21.718403,0.04065169,0.04575766,0.07766763,0.13032708,0.34678033,0.4334052
20.047138,21.844479,0.042380437,0.06728137,0.1046116,0.1546778,0.3646906,0.44938448
19.804434,21.592354,0.04636978,0.08172362,0.1196286,0.16847846,0.37996066,0.46455187
19.56173,21.340229,0.05094017,0.098335735,0.13606206,0.18375227,0.39670223,0.4810497
20.151936,21.506184,0.04571678,0.06833906,0.10423894,0.15484299,0.37001738,0.4556323
19.909231,21.254059,0.05030179,0.08273875,0.118916176,0.16860998,0.38548017,0.47088775
20.256731,21.16789,0.04981451,0.06901813,0.10339502,0.15487683,0.37566838,0.46211627
19.463505,21.932827,0.04436412,0.09120402,0.13199927,0.1791267,0.3839673,0.46705508
19.512617,21.636528,0.047363933,0.094947495,0.13425148,0.18150589,0.3902497,0.4740019
19.755322,21.888653,0.04332814,0.07854777,0.11769563,0.16634117,0.37377086,0.45768043
19.143816,22.080881,0.04462965,0.10421526,0.14725901,0.19285385,0.39376637,0.47569656
18.873238,21.932636,0.04765772,0.12337535,0.16711873,0.21104826,0.41143793,0.49279344
18.602661,21.78439,0.050962456,0.14426926,0.1888982,0.23130196,0.4309008,0.511552
19.192928,21.784582,0.04741406,0.10867984,0.15002552,0.19553562,0.40006584,0.48266852
18.92235,21.636335,0.050748117,0.12808101,0.16985568,0.2138056,0.4178292,0.49982965
19.24204,21.488283,0.050738197,0.112720706,0.15227762,0.19802862,0.40648937,0.48970932
18.917395,22.31081,0.043827042,0.110644855,0.15604341,0.20096377,0.39797822,0.47879812
18.690975,22.54074,0.04327449,0.11691832,0.16486692,0.2094205,0.40285012,0.48250872
18.646818,22.162565,0.046728678,0.13065621,0.17712699,0.22036166,0.41667682,0.49685454
17.78059,22.363798,0.05051168,0.18196893,0.23886774,0.2797832,0.46673813,0.54271686
18.098772,22.548838,0.046825852,0.15337957,0.20688643,0.24921747,0.43799353,0.51527405
18.416952,22.733875,0.043481473,0.12698106,0.17796683,0.22214422,0.41222885,0.49055922
17.670858,22.82496,0.04759064,0.1724686,0.23278002,0.27544996,0.4591201,0.5337919
17.98904,23.009998,0.044293128,0.14395155,0.20037478,0.24456549,0.43006712,0.5061541
17.561127,23.286121,0.04541927,0.16144225,0.22431876,0.26943687,0.45096648,0.52452016
18.054615,22.170662,0.05044005,0.16930619,0.22151034,0.2624693,0.45343974,0.5311361
18.328638,21.977526,0.05058381,0.15672326,0.20482889,0.2462992,0.44149992,0.5207494
18.372795,22.355701,0.04667777,0.14193976,0.19167614,0.2342612,0.42669865,0.5054922
14.910574,22.155785,0.077961646,0.32442212,0.40640953,0.46753654,0.6601958,0.7286344
15.126705,22.659925,0.06987016,0.33415517,0.42555258,0.48215833,0.659887,0.72177756
15.342837,23.164066,0.06325225,0.32388762,0.4228946,0.47686997,0.64576393,0.70410717
14.536969,22.568209,0.076609366,0.34318617,0.42860425,0.48991758,0.6766457,0.7406014
14.753101,23.07235,0.06929181,0.3500909,0.44642225,0.50435066,0.67716086,0.7349209
14.163365,22.98063,0.075648665,0.36121213,0.45064902,0.5121097,0.6918029,0.7511272
13.84015,22.025711,0.09077955,0.30830568,0.3783147,0.44631106,0.6600936,0.7366601
14.375361,22.090748,0.08436868,0.32041928,0.39650562,0.4616401,0.66478664,0.73689157
14.001758,22.503172,0.08271752,0.34051695,0.41933772,0.48414287,0.68008155,0.74702173
16.527563,22.32239,0.060625054,0.27023545,0.3500913,0.39482483,0.57117337,0.6396727
16.835506,22.797354,0.05383229,0.23512001,0.31098434,0.3544907,0.530478,0.59964204
17.143452,23.272318,0.048331626,0.19172384,0.26200792,0.3071433,0.4853641,0.5562551
16.204699,22.770996,0.05913307,0.28061873,0.3680718,0.41525492,0.5873472,0.6521307
16.512642,23.24596,0.053106464,0.24098259,0.32447416,0.3712142,0.5440586,0.6100903
15.881834,23.219603,0.05827996,0.2887988,0.38372016,0.43398702,0.60300153,0.6641491
17.362915,22.349995,0.053652562,0.21250483,0.27649903,0.31727642,0.5000231,0.57361734
17.253183,22.811157,0.05060878,0.20337959,0.2708935,0.3134471,0.4932935,0.56538534
16.945238,22.336193,0.057023343,0.24257089,0.3147526,0.35674822,0.53557813,0.606576
15.44957,22.211319,0.071832955,0.31775698,0.40376216,0.45975858,0.64328927,0.7096688
15.988566,22.266855,0.066027425,0.29952866,0.38533565,0.43542486,0.6128995,0.67932516
15.665702,22.71546,0.06432806,0.31279454,0.4051176,0.45693037,0.6298448,0.6921883
14.277548,20.851582,0.10547646,0.24044421,0.30549955,0.3755949,0.6105544,0.7061264
14.488557,21.286316,0.095872246,0.27212065,0.3409913,0.40987098,0.6334647,0.71916574
14.699565,21.72105,0.08646563,0.30227137,0.3767033,0.44228056,0.6508101,0.72715926
13.953344,21.221281,0.10209078,0.25576472,0.32002723,0.38957196,0.6219096,0.71377635
14.164353,21.656013,0.09303302,0.28985235,0.3588622,0.427174,0.6464774,0.72800094
13.629141,21.590979,0.09930768,0.27250943,0.336406,0.40590566,0.6348032,0.72181517
13.714233,20.677702,0.11262166,0.21756634,0.2776689,0.34584293,0.5869246,0.69123006
13.39003,21.0474,0.10949526,0.23016098,0.28922635,0.35743564,0.5976576,0.6978956
13.065826,21.417097,0.10683805,0.24440975,0.30261979,0.37136915,0.6101295,0.70512843
13.150919,20.50382,0.118369184,0.19676112,0.2513237,0.3158339,0.5584657,0.670433
12.826715,20.873518,0.11566642,0.20644177,0.2598971,0.324814,0.5684109,0.6761549
12.5876045,20.329939,0.12295512,0.17964341,0.22768664,0.28767562,0.52784663,0.6456095
12.1569805,21.28927,0.11513001,0.21096587,0.26027873,0.32456824,0.5692943,0.67285115
12.3722925,20.809605,0.119011626,0.19331467,0.24196005,0.30389062,0.5473786,0.6587902
12.611403,21.353184,0.11121522,0.22711161,0.28109252,0.34805503,0.5909803,0.6904759
11.798175,21.002632,0.120243974,0.1893643,0.23302501,0.2928603,0.53577566,0.64628696
11.43937,20.715996,0.124591574,0.1735579,0.2112957,0.2666732,0.50356555,0.61902624
12.013487,20.522966,0.123582706,0.17643465,0.21943963,0.27709535,0.5162916,0.6332924
8.744879,18.562078,0.15282834,0.16591848,0.18397972,0.23231319,0.40999994,0.5097856
9.257526,18.73138,0.14890598,0.15849717,0.17678648,0.22443192,0.40611425,0.5090385
9.770174,18.90068,0.14527814,0.15410393,0.17391643,0.22147892,0.40863284,0.515499
8.800252,19.054028,0.148765,0.15609838,0.17010643,0.21432972,0.3981311,0.505062
9.312901,19.22333,0.1448136,0.15239862,0.16829762,0.21266474,0.40088108,0.50996006
8.855626,19.545977,0.14488856,0.15008514,0.16225469,0.20358732,0.39347634,0.505685
9.861699,19.704185,0.13870716,0.15050712,0.16943614,0.21396711,0.4135114,0.5276646
9.358663,19.62508,0.14163308,0.14991724,0.16526838,0.2080044,0.40172625,0.5143393
9.815937,19.302433,0.14191194,0.15127057,0.17009209,0.2156424,0.40885273,0.52008617
10.334655,19.867094,0.13553914,0.15205109,0.17487025,0.22121574,0.429126,0.5458308
10.288893,19.465342,0.13873719,0.15092337,0.17287336,0.21940328,0.42009398,0.5349626
10.24313,19.063591,0.14211576,0.15185845,0.17390141,0.22164029,0.41539806,0.5268209
10.761848,19.628252,0.1357016,0.15196857,0.17777996,0.22567423,0.43513206,0.5536808
10.716086,19.2265,0.1391136,0.1510464,0.1760706,0.22426488,0.42602146,0.54237056
11.189042,19.389408,0.13619491,0.15175109,0.18058887,0.22977518,0.4405589,0.56132084
11.65523,19.702919,0.13202703,0.15598637,0.1902275,0.24165069,0.4642658,0.58760566
12.121417,20.016428,0.12772585,0.16494603,0.20591529,0.26114538,0.4940952,0.6164005
11.081112,19.895947,0.13244265,0.15507403,0.18456513,0.2340358,0.45269653,0.5731437
11.547299,20.209457,0.12820032,0.16293515,0.19878986,0.25176165,0.48194757,0.6023946
10.973183,20.402485,0.12907979,0.16131346,0.19210549,0.24287215,0.4690478,0.58708304
10.653919,20.13479,0.13232662,0.15544167,0.18186405,0.23001653,0.44697505,0.56510663
8.586211,17.325638,0.16356935,0.20233561,0.23719707,0.29267114,0.45920917,0.54176307
9.037444,17.487503,0.159831,0.18627276,0.21828303,0.27388242,0.4423597,0.52742517
9.488676,17.649366,0.15646586,0.17474514,0.2049808,0.26064137,0.4317512,0.52015054
8.6186285,17.735306,0.1599932,0.18969063,0.21893403,0.27317497,0.44210845,0.52925694
9.069861,17.897171,0.15640661,0.17654425,0.20336004,0.25721338,0.42881185,0.518974
8.651046,18.144974,0.15657496,0.17760287,0.2008256,0.2526493,0.42535007,0.51842344
9.582509,18.066471,0.15276405,0.16643615,0.19213255,0.24554586,0.4210096,0.5153808
9.676341,18.483576,0.14902833,0.15933104,0.18134235,0.23172805,0.41268095,0.51356435
9.163693,18.314276,0.1526553,0.16652958,0.18838114,0.23933111,0.41558713,0.512128
9.186021,16.580498,0.16665475,0.20159829,0.24107346,0.2985645,0.46489587,0.5426649
9.286906,16.936789,0.16307236,0.19157757,0.22851257,0.2855313,0.45242888,0.5332343
9.387791,17.293077,0.15972425,0.18279432,0.21670476,0.27328593,0.4417663,0.52597946
8.835673,16.774923,0.16702257,0.20903763,0.24849351,0.3053631,0.4710186,0.5493674
8.936559,17.131212,0.16327994,0.19693556,0.23292972,0.289202,0.45582533,0.5372799
8.485327,16.969349,0.16743045,0.21679036,0.25612023,0.31227973,0.47748384,0.5567373
7.342586,11.754269,0.37754923,0.79556274,0.84596545,0.8743549,0.96175456,0.97940594
7.1664767,12.057464,0.3716906,0.7942518,0.84433216,0.87189245,0.9596126,0.97791094
7.0391493,11.701379,0.38907552,0.82596385,0.8745839,0.9009582,0.97130954,0.9840185
6.2571564,14.695539,0.27957314,0.67822146,0.74873745,0.7765612,0.8867267,0.922064
6.475601,14.253029,0.29477447,0.6983831,0.7637658,0.79062515,0.9008702,0.9348717
6.6940465,13.810518,0.30942106,0.71486676,0.77561396,0.802001,0.9124334,0.9450907
6.767576,14.675113,0.2642598,0.61225414,0.68527716,0.71502763,0.8437694,0.8899717
6.9860215,14.232602,0.27853134,0.6327732,0.7005398,0.72885895,0.8595026,0.9053521
7.2779965,14.654686,0.2483159,0.5344175,0.60721856,0.6410815,0.78832453,0.8459804
7.0547347,15.167455,0.23274845,0.5033916,0.5806652,0.6179149,0.76269025,0.8200553
6.8314724,15.680223,0.21822579,0.4687898,0.5483918,0.5895711,0.7329721,0.791058
6.5443144,15.187881,0.24684885,0.5790213,0.6578739,0.69029814,0.81850857,0.86596
7.624157,15.018318,0.22218171,0.4315029,0.5024432,0.5454274,0.70537436,0.7716589
7.9703174,15.38195,0.20121503,0.3439474,0.4068505,0.45854533,0.624681,0.6951587
8.316478,15.745583,0.18601643,0.28048918,0.33394647,0.39047542,0.5577477,0.62984365
7.400895,15.531087,0.20972808,0.40468794,0.47669968,0.5232475,0.6796963,0.7449222
7.7470555,15.894719,0.19213958,0.32502168,0.38636377,0.44012028,0.6024245,0.6723954
7.177633,16.043856,0.19864732,0.37658742,0.44698188,0.49666205,0.65109944,0.71730304
8.255979,16.218313,0.17853753,0.25911635,0.30839026,0.36553347,0.53040284,0.6037812
8.195478,16.691044,0.1726218,0.24087742,0.285383,0.34191266,0.5060347,0.5825272
7.686556,16.367449,0.18294844,0.29431018,0.34982607,0.4052329,0.5668595,0.6393797
8.8961735,16.302193,0.17134659,0.2196982,0.26235533,0.32017183,0.4864411,0.5616291
8.545826,16.496618,0.17199467,0.23006552,0.27363744,0.3308844,0.49597666,0.57167405
8.606325,16.023888,0.17751643,0.24496008,0.29218346,0.3499771,0.51676065,0.59006697
8.024884,12.34181,0.32817844,0.65992856,0.7121601,0.7438802,0.8941466,0.9407643
7.680045,12.348094,0.3416862,0.7132793,0.76546973,0.79507846,0.9223915,0.9573946
7.335206,12.354377,0.3539847,0.7569136,0.80840945,0.8365637,0.94284725,0.9686612
7.8561544,12.044898,0.3477457,0.7121848,0.764267,0.79549164,0.92535603,0.9600084
7.511316,12.051181,0.3602771,0.75763494,0.80898446,0.8382449,0.94552183,0.9707692
7.687425,11.747986,0.3659559,0.75745595,0.8093208,0.83992356,0.9480451,0.97265977
7.232502,12.706394,0.3424226,0.74314666,0.7958902,0.8233283,0.9339187,0.9627573
7.4746366,13.052129,0.31778243,0.6823469,0.73794466,0.7657652,0.898493,0.9399931
7.716771,13.397863,0.2917567,0.6089831,0.6677722,0.6971933,0.8491159,0.904222
7.036403,13.0489855,0.33385393,0.73958,0.7940179,0.8207353,0.929878,0.95926344
7.2785378,13.39472,0.3089127,0.6784482,0.7368166,0.7640221,0.8934241,0.9348354
6.8403044,13.391578,0.32463259,0.7343453,0.79108506,0.8174119,0.92522335,0.95513624
7.570513,13.816804,0.277319,0.5874688,0.6508472,0.6807866,0.8309894,0.88740504
7.424255,14.235745,0.26272535,0.56255007,0.6308108,0.6622571,0.81083614,0.86804104
7.13228,13.813662,0.29393074,0.6573712,0.72013813,0.74752706,0.8776609,0.9214754
7.9221797,12.693828,0.3165702,0.6448613,0.69822365,0.72862977,0.88025534,0.93022954
7.8194757,13.045845,0.30438405,0.6279877,0.6836023,0.71320146,0.86528695,0.9181027
7.5773406,12.700111,0.330061,0.69867516,0.7520756,0.78062725,0.911071,0.94943976
7.78782,10.959562,0.39043048,0.79860616,0.85210276,0.8831015,0.9674484,0.9829385
7.653258,11.2053175,0.3868318,0.79753363,0.8497648,0.8799147,0.9656403,0.9818827
7.518134,10.938936,0.39995834,0.82691324,0.8780334,0.90613383,0.9746062,0.9861742
20.699463,20.730204,0.05494964,0.057754263,0.088450395,0.14246364,0.37352347,0.46176487
20.794693,20.378687,0.06159494,0.057931986,0.08702583,0.14239016,0.38012743,0.46892712
21.051132,20.63763,0.055007745,0.04748506,0.075570196,0.13036008,0.3655452,0.45497066
20.531395,20.098097,0.069834344,0.07050461,0.09982953,0.15575856,0.3959828,0.48397896
20.436165,20.449614,0.061971683,0.070739776,0.10186025,0.15603706,0.38959816,0.47726348
20.340933,20.801132,0.05544366,0.07046031,0.1032505,0.1559193,0.38300744,0.4701433
20.172867,20.169024,0.07021012,0.08546307,0.11619906,0.17050044,0.40618396,0.49312434
20.077637,20.520542,0.06246433,0.08572563,0.11831223,0.1707382,0.39999706,0.48659164
19.814339,20.239952,0.07070023,0.10243338,0.13416752,0.18641686,0.41746706,0.50341237
19.645933,20.973469,0.056192532,0.10061187,0.13631107,0.18509737,0.4037997,0.48883426
19.730135,20.60671,0.062707506,0.1019811,0.13570763,0.18603115,0.41080275,0.49637708
19.993433,20.8873,0.05574106,0.08458317,0.11897771,0.16984268,0.3927445,0.4788292
19.256113,21.096777,0.05644857,0.12010074,0.15746112,0.2037516,0.4173459,0.501127
18.950495,20.853327,0.06281107,0.1429396,0.18026973,0.22551246,0.4393264,0.52247316
18.644876,20.609875,0.07013897,0.16483861,0.20345607,0.2484261,0.46196234,0.5445292
19.340315,20.730019,0.06263183,0.121717915,0.15689997,0.20462838,0.423956,0.50835216
19.034697,20.486567,0.07006033,0.14315847,0.17830414,0.22541262,0.4448855,0.52865154
19.424519,20.363258,0.07025135,0.12214987,0.15523116,0.2048585,0.43014416,0.5150191
18.936422,21.244831,0.056100488,0.13633294,0.1757831,0.22004196,0.42881462,0.5114288
18.616734,21.392885,0.055983968,0.15330257,0.19559659,0.23807517,0.44200593,0.52333117
18.630804,21.001379,0.06228381,0.1602868,0.20055133,0.24387002,0.4524838,0.5344472
18.228188,21.604391,0.055717677,0.1738748,0.2210796,0.26190495,0.45958215,0.53906596
17.853716,21.424393,0.061056618,0.20258197,0.25458443,0.295002,0.49026197,0.5685298
17.479242,21.244394,0.067038745,0.22730063,0.28616267,0.32822058,0.5214315,0.5986302
18.24226,21.212887,0.061451696,0.18132016,0.22669473,0.2681334,0.4700205,0.5502856
17.867786,21.032888,0.06759432,0.2066755,0.25767303,0.2996449,0.49922028,0.5784951
18.256332,20.82138,0.06861656,0.18574995,0.22982125,0.27284387,0.47931442,0.56037456
17.680141,21.990664,0.05497132,0.20112796,0.2580495,0.29804474,0.48643363,0.5625898
17.57969,21.617529,0.060403403,0.21677732,0.27428672,0.3145245,0.5049069,0.58145136
17.954165,21.797527,0.05521677,0.1874945,0.2392447,0.27939638,0.47232583,0.55023855
17.262465,21.97686,0.058343768,0.23018773,0.29488868,0.33550712,0.519616,0.59352875
16.84479,21.963058,0.061965156,0.25690725,0.32969567,0.37266392,0.55364954,0.6253338
17.162016,21.603725,0.064048134,0.24254699,0.3082904,0.35031664,0.5369559,0.6115659
16.346575,21.799881,0.068580896,0.2826452,0.3618413,0.41060784,0.5934585,0.6640227
15.807579,21.744347,0.07462944,0.298377,0.37954637,0.43522507,0.6244287,0.69520295
15.268583,21.688812,0.081011474,0.3027421,0.3812852,0.44299087,0.6423352,0.7156431
16.165588,21.277374,0.07877519,0.27773792,0.35472688,0.41080722,0.6056399,0.6802593
15.626593,21.22184,0.08534106,0.28052258,0.356665,0.41957474,0.6247357,0.7021305
15.984601,20.754868,0.091238484,0.25880626,0.33302575,0.39788032,0.60793215,0.6883806
16.98103,21.081219,0.07451384,0.25035915,0.31858787,0.36624983,0.5590375,0.6352688
16.663801,21.44055,0.07106158,0.26681826,0.3406095,0.38849357,0.57595235,0.649519
16.482815,20.918043,0.08267647,0.26081046,0.33449507,0.39084876,0.58948463,0.66650045
14.846566,20.819344,0.10100966,0.2503497,0.31934085,0.38976145,0.61829203,0.70828116
15.415584,20.787106,0.096211,0.25707486,0.32947266,0.39842254,0.61833286,0.70295864
15.057574,21.254078,0.09065414,0.27909693,0.35213283,0.41901147,0.6338934,0.7150454
15.024469,19.746323,0.12098798,0.20440102,0.26796278,0.34357703,0.58543164,0.68608683
15.344513,20.082504,0.112141505,0.22172602,0.2898463,0.36474162,0.59917724,0.69282424
15.664557,20.418686,0.1019542,0.24112183,0.31275365,0.3840908,0.60751516,0.6941361
14.775496,20.114742,0.11528816,0.21325293,0.27811146,0.35113096,0.59138364,0.6918173
15.095539,20.450924,0.106226064,0.2346636,0.30350444,0.37586197,0.6078504,0.7002775
14.526522,20.483162,0.11010295,0.22548048,0.29071617,0.36190817,0.59976083,0.6984753
13.908527,19.58279,0.12744147,0.18070096,0.2346376,0.30123165,0.5451186,0.6613045
14.031534,20.00572,0.12101045,0.19489516,0.2536396,0.3220207,0.56556076,0.6763674
14.154541,20.428652,0.11364945,0.21492751,0.27723166,0.3469355,0.5878327,0.6916352
13.46822,19.83184,0.12540306,0.17944519,0.23218946,0.29576212,0.5372327,0.65558696
13.591227,20.25477,0.11943093,0.19558536,0.25253484,0.31858772,0.5612119,0.6733499
13.027912,20.080889,0.123921335,0.1792162,0.22997327,0.2914382,0.5316342,0.6503738
14.280508,19.6373,0.12568125,0.18838288,0.24570942,0.3157469,0.5608873,0.6721872
14.652489,19.69181,0.12355952,0.19637278,0.25692484,0.3301003,0.5746025,0.6806271
14.403515,20.060232,0.11838129,0.20401347,0.2659191,0.33691907,0.5797286,0.68547404
12.7070875,19.711752,0.12884745,0.16557905,0.21033958,0.26777798,0.50217366,0.62603897
12.2409,19.398241,0.13309759,0.15637495,0.1943796,0.24775203,0.47272786,0.59856194
11.774713,19.08473,0.13719845,0.15179238,0.1843804,0.2352373,0.448702,0.5725703
12.82657,19.093563,0.13495085,0.15861948,0.19898675,0.25516,0.48459983,0.6111165
12.360382,18.780054,0.13886008,0.15334328,0.18837564,0.24140163,0.4594736,0.5855089
12.946053,18.475376,0.14132363,0.15787154,0.19406791,0.25051385,0.4763614,0.6017845
13.587702,19.213652,0.13265733,0.1694356,0.21678858,0.27962303,0.52030647,0.64187646
13.147395,19.462702,0.13047113,0.16677304,0.21326369,0.2729391,0.5097135,0.6334195
13.266877,18.844515,0.13715859,0.16211912,0.20317027,0.26239583,0.49699467,0.62179714
10.029782,17.663786,0.15425129,0.16744587,0.19847134,0.2546255,0.42829472,0.51997894
10.570888,17.678204,0.15246148,0.16199107,0.19416028,0.25016797,0.42736214,0.52409536
11.111994,17.692623,0.15106657,0.1578646,0.19096483,0.24618107,0.42860636,0.532026
10.123614,18.08089,0.15059957,0.16126251,0.18852961,0.24236827,0.42113224,0.51910585
10.664721,18.095308,0.14881079,0.1573331,0.18643562,0.24014024,0.423325,0.5266
10.217447,18.497995,0.14686608,0.1560575,0.18042241,0.2314241,0.41645253,0.52101606
11.16336,18.823812,0.14118364,0.15118092,0.17942248,0.22942697,0.42977604,0.54698664
10.690403,18.660904,0.14397016,0.15288854,0.1788379,0.22918354,0.4211453,0.5320053
11.137676,18.258217,0.1462165,0.15371792,0.18350577,0.23594657,0.42665288,0.5375195
11.749029,18.519135,0.14251348,0.1514765,0.18289287,0.2344271,0.43816823,0.55855924
11.723347,17.95354,0.1477391,0.15383813,0.18628588,0.239781,0.43441832,0.5488885
12.3347,18.214458,0.14447364,0.15375231,0.18683141,0.24040154,0.4503861,0.57311535
9.522037,16.620987,0.16448215,0.19110811,0.22948064,0.28713298,0.4541602,0.53336376
9.858051,16.661474,0.16262648,0.18281017,0.22056703,0.2783842,0.4462592,0.5273284
10.194067,16.701963,0.16104896,0.1761946,0.21367162,0.27155575,0.44056067,0.52407867
9.622921,16.977276,0.1611731,0.18322666,0.21955836,0.27690864,0.44477066,0.5271958
9.958937,17.017763,0.15950495,0.17654717,0.21264516,0.2702564,0.43929377,0.5238668
9.723806,17.333565,0.15797296,0.17612433,0.20977874,0.2667201,0.43652952,0.52263534
10.500043,17.032183,0.1576539,0.16878149,0.20516394,0.26276654,0.4342505,0.52325827
10.806018,17.362402,0.15436736,0.1627748,0.1976492,0.25441813,0.43031636,0.52600336
10.264913,17.347984,0.15593635,0.16849943,0.20271254,0.25995028,0.4321719,0.52214354
9.383645,16.26239,0.16831218,0.20165282,0.24199705,0.30002424,0.46734405,0.54364324
9.093798,15.984085,0.17323889,0.21981674,0.26308763,0.32128856,0.48933727,0.5635706
8.803949,15.70578,0.17992343,0.2455233,0.29305726,0.3508905,0.52019244,0.5933979
9.581269,15.9442835,0.16994019,0.20114625,0.24173014,0.29995048,0.46914703,0.5447501
9.291422,15.6659775,0.17511065,0.2193286,0.26259595,0.3207318,0.49131995,0.565624
9.778893,15.626176,0.17152265,0.20019712,0.24041282,0.29838943,0.47031042,0.5462814
9.719661,16.30288,0.1660782,0.19095822,0.23006405,0.2881139,0.4560174,0.5338681
9.917285,15.984771,0.16763945,0.19030966,0.22948238,0.28763163,0.4573993,0.53462785
10.0556755,16.343367,0.16423869,0.18256143,0.22091357,0.2789627,0.44767365,0.5275692
7.807275,11.452921,0.37273034,0.7631629,0.81594306,0.8476304,0.95278305,0.97549146
7.941837,11.207166,0.3766441,0.7633217,0.81743455,0.85037583,0.9550377,0.9769149
8.076399,10.9614105,0.38008788,0.763295,0.8191103,0.8534043,0.95726776,0.9782552
8.095854,11.454769,0.36178845,0.72304547,0.77701426,0.8113218,0.9375642,0.96791047
8.230415,11.209014,0.36552873,0.72184235,0.7775237,0.8136183,0.9402768,0.96972144
8.384433,11.456618,0.34983453,0.67508394,0.7298239,0.7672835,0.9168599,0.9570022
8.264584,11.751682,0.34319717,0.67061234,0.7236563,0.7589872,0.9095253,0.95209014
8.144733,12.046746,0.33596262,0.6656575,0.71785206,0.75124955,0.90196973,0.94669783
7.976004,11.749834,0.35506207,0.71783257,0.7705102,0.8032193,0.93161404,0.9641759
8.864427,12.107416,0.29989985,0.5154357,0.5650576,0.6072776,0.8082749,0.88489753
8.584579,12.185548,0.31010255,0.56761444,0.61844444,0.6564235,0.84147274,0.9076149
8.304731,12.2636795,0.3195369,0.6163087,0.66800994,0.7024324,0.87015885,0.92611754
8.704429,11.890484,0.31730157,0.57119876,0.6228345,0.6632254,0.85110694,0.9157874
8.424582,11.968615,0.32705522,0.621035,0.67308575,0.7095654,0.8789144,0.93312657
8.544431,11.673551,0.33401787,0.6250335,0.67843175,0.71728027,0.8875581,0.93961865
8.129668,13.716016,0.25979346,0.49694425,0.5568553,0.592492,0.76528716,0.83659536
8.542565,14.034167,0.23018861,0.38823655,0.44494668,0.4895879,0.6724634,0.75262564
8.955462,14.35232,0.20613253,0.3037993,0.354368,0.40610436,0.59000176,0.67148155
7.9834104,14.134956,0.24668108,0.47555318,0.53975445,0.5771587,0.7455064,0.8155347
8.396307,14.453109,0.21960461,0.37147203,0.43103305,0.4779852,0.655079,0.73178285
7.837152,14.553898,0.23397556,0.4517699,0.51956093,0.5596561,0.72421736,0.7927367
8.529472,15.281162,0.19219762,0.28955212,0.3436376,0.39904866,0.57075435,0.6442442
8.183312,14.91753,0.21009885,0.35867646,0.42080957,0.4701476,0.64116365,0.71410984
8.742468,14.816741,0.1989361,0.29747772,0.35057232,0.4042132,0.5814769,0.6582764
9.504416,15.201557,0.17860709,0.22150213,0.2642567,0.32148263,0.496761,0.57291317
9.016945,15.24136,0.18456325,0.2503133,0.29794604,0.3549237,0.52880555,0.60363466
9.229939,14.776938,0.18954018,0.25414446,0.30045828,0.35587925,0.535401,0.6138059
8.315416,12.562812,0.30550522,0.58489585,0.6367864,0.6709065,0.84469956,0.90730065
8.605949,12.7838125,0.28182766,0.5029688,0.55367804,0.5917495,0.782862,0.8602116
8.896482,13.004813,0.25825596,0.42245263,0.47093388,0.5139205,0.7142205,0.8020193
8.212712,12.914829,0.29373753,0.56899863,0.62265503,0.6557219,0.82794565,0.89279765
8.503245,13.13583,0.27037582,0.48746195,0.5403807,0.57793254,0.7648045,0.84243375
8.110008,13.266847,0.2816131,0.5511759,0.60764384,0.64041704,0.81047875,0.87679565
8.916142,13.453982,0.23856016,0.37835756,0.42788795,0.47313,0.6686223,0.7564492
8.935802,13.9031515,0.2209971,0.33841845,0.38887155,0.4372269,0.6269392,0.71222526
8.522905,13.584999,0.24941659,0.43665385,0.49177098,0.5322437,0.71804714,0.79840755
8.875112,12.4065485,0.28598148,0.48398063,0.532469,0.5744179,0.77715844,0.85930264
8.8857975,12.705681,0.27200222,0.4528747,0.50103843,0.54322386,0.74554384,0.83141154
8.595264,12.48468,0.29607147,0.53557354,0.5859555,0.623707,0.81290066,0.8853676
8.206643,10.699685,0.38370043,0.76498413,0.8228424,0.85849065,0.9601433,0.97984195
8.490905,10.685564,0.3728784,0.72301465,0.7836165,0.8235873,0.9475539,0.9739769
8.7751665,10.671443,0.36096513,0.67313224,0.73620385,0.7811913,0.9303364,0.9655485
8.360661,10.947289,0.36949638,0.7224196,0.7803544,0.8183374,0.94393164,0.9719154
8.644922,10.933168,0.35786375,0.67378074,0.733548,0.7758667,0.9258082,0.96284854
8.514677,11.194893,0.354138,0.6744952,0.7314546,0.7712571,0.9213167,0.96000475
8.444987,10.266732,0.3874741,0.76477766,0.8268309,0.8651953,0.96394813,0.9818896
8.610077,10.469088,0.3747179,0.72167605,0.78486115,0.8267498,0.94993335,0.97531396
8.160726,10.280853,0.3978027,0.80137414,0.8594737,0.8930461,0.97226113,0.98555946
8.325815,10.483209,0.38580686,0.7648512,0.82472086,0.86169803,0.9620475,0.98088557
8.0415535,10.49733,0.3958847,0.80047375,0.85696393,0.8896831,0.9707508,0.9847638
7.90903,10.248586,0.4074046,0.8309253,0.8854994,0.9150841,0.9783205,0.9882188
21.109064,19.472397,0.08416884,0.054185506,0.07793641,0.13738942,0.39299387,0.48239923
21.352743,19.661722,0.07665363,0.045731835,0.06881356,0.12688604,0.38123935,0.47183296
20.999495,19.749783,0.076497495,0.0560464,0.08166282,0.13985187,0.39005855,0.47941685
20.89696,19.167805,0.0961179,0.0634044,0.086303845,0.14752114,0.40558982,0.49363506
20.78739,19.44519,0.0874959,0.06575855,0.09081676,0.15048829,0.40362677,0.4918538
20.677818,19.722576,0.07947592,0.06794874,0.09494779,0.15302388,0.40078565,0.48902047
20.575285,19.140598,0.09982414,0.076478966,0.09990084,0.16100048,0.4161459,0.50311816
20.465714,19.417984,0.09087278,0.07915727,0.10489648,0.16414538,0.41439503,0.50158167
20.253609,19.113392,0.103507735,0.09118501,0.114481196,0.17492338,0.42679408,0.5128763
20.31929,19.793505,0.079782076,0.08250419,0.11093989,0.16766615,0.41072926,0.4979346
19.960762,19.864431,0.08013574,0.09901066,0.12841624,0.18325423,0.4214577,0.5077345
20.107185,19.488913,0.091174535,0.095169775,0.12182082,0.17943056,0.42471686,0.5110578
19.520432,19.916183,0.08176211,0.12169232,0.1519996,0.20442736,0.4370436,0.52227455
19.226524,19.592415,0.09444286,0.1399983,0.16883911,0.22219247,0.45564607,0.5403071
18.932617,19.268648,0.10822181,0.15651298,0.18429518,0.23965967,0.4730306,0.55722654
19.666855,19.540665,0.09276841,0.11709326,0.14439175,0.19979252,0.4392656,0.5246981
19.372948,19.216896,0.10668762,0.13471475,0.15929636,0.2159152,0.45575473,0.54048
19.813278,19.165144,0.10513907,0.11247704,0.13604917,0.19456232,0.44055694,0.5258664
19.130611,20.039492,0.081067495,0.14213102,0.17452182,0.22449924,0.45097804,0.5353146
18.740791,20.162798,0.08063682,0.16288853,0.19887555,0.24682307,0.46707973,0.55045724
18.836704,19.715723,0.09345145,0.1596896,0.19229788,0.24380408,0.47079483,0.5547656
18.262981,20.343184,0.07972338,0.18778802,0.23086803,0.27713412,0.48938122,0.571369
17.881084,20.076492,0.09043408,0.20415731,0.2541831,0.304691,0.515938,0.5976262
17.49919,19.8098,0.10178308,0.21293329,0.26998764,0.32804215,0.5400983,0.62196374
18.358894,19.896107,0.091679834,0.18283339,0.22300635,0.27311626,0.49186206,0.57479304
17.977,19.629416,0.10342486,0.1970972,0.24348162,0.29853064,0.51582086,0.5984805
18.45481,19.449032,0.1055866,0.17803356,0.21388768,0.26811725,0.49303848,0.57656145
17.874435,20.55469,0.07777943,0.20739475,0.25798714,0.30348074,0.5087823,0.58929366
17.485891,20.766197,0.076375574,0.22641863,0.28502116,0.3309147,0.53011143,0.60892695
17.49254,20.287998,0.08804766,0.2205929,0.27897197,0.33048376,0.5362343,0.6166789
16.987679,20.60302,0.08481811,0.24132095,0.30884522,0.36245838,0.56314707,0.6418123
16.489464,20.439844,0.09364805,0.24430293,0.31617942,0.37938687,0.58787787,0.66843426
16.994328,20.124823,0.09713409,0.22908702,0.29539996,0.35613218,0.56480724,0.6458244
15.416302,19.513018,0.12390318,0.20444508,0.26804394,0.3468117,0.58639604,0.6834161
15.808134,19.279715,0.12735853,0.20548564,0.26840508,0.3496269,0.58516663,0.6783931
16.199966,19.046412,0.13136081,0.20731437,0.26858944,0.35072607,0.5810583,0.6706687
15.736346,19.8492,0.11469004,0.21848768,0.2866905,0.36336964,0.59508395,0.6861749
16.128178,19.615896,0.11780606,0.21581581,0.28297737,0.360587,0.588558,0.67708373
16.05639,20.185383,0.10402456,0.23425113,0.30558887,0.37711668,0.59793335,0.6832041
16.633041,19.300875,0.12307834,0.21268432,0.2760229,0.35281095,0.57583106,0.66153306
17.066114,19.555338,0.11300304,0.21560903,0.27784547,0.3458749,0.56191,0.6449356
16.561253,19.87036,0.10795821,0.22496864,0.2935408,0.3642057,0.5817996,0.66566366
14.918924,19.335028,0.12891269,0.19296266,0.25148633,0.32780027,0.5728757,0.6772446
14.813379,18.923733,0.13583095,0.18681455,0.23957628,0.3161014,0.5622445,0.6686327
14.707835,18.512438,0.14193407,0.1849121,0.2322375,0.3087881,0.55387014,0.6605095
15.310757,19.101725,0.13230665,0.19621256,0.25451717,0.33487767,0.5772085,0.6768612
15.205213,18.69043,0.13961352,0.1930336,0.24583073,0.32711512,0.56952214,0.6701704
15.70259,18.86842,0.13622196,0.20066594,0.25843498,0.34186077,0.57910717,0.67397565
14.546944,19.280518,0.13054149,0.18583997,0.24109879,0.31393927,0.5603929,0.67006004
14.174963,19.226006,0.13184908,0.17884062,0.23072624,0.29962662,0.5453304,0.6601495
14.441399,18.869223,0.13668257,0.18023963,0.2296573,0.30194107,0.54864573,0.6601772
13.854138,18.856869,0.13682999,0.17054199,0.21567509,0.28090292,0.5238685,0.64311546
13.533313,18.48773,0.14114815,0.16521265,0.20454887,0.2662466,0.5034556,0.6252261
14.120574,18.500084,0.1414167,0.17454778,0.2176209,0.2864175,0.53082514,0.64560986
12.909356,17.87444,0.14760341,0.15953271,0.19347896,0.2505252,0.46985406,0.5910235
12.298003,17.613522,0.15024187,0.15631564,0.18990894,0.24497539,0.44667917,0.5633788
11.68665,17.352604,0.15299824,0.15732583,0.19225088,0.24769592,0.43431032,0.5415144
12.87266,17.273502,0.15359302,0.16233061,0.1965863,0.25507668,0.46868968,0.582827
12.261307,17.012585,0.15562859,0.15899393,0.19396947,0.25057724,0.44680712,0.55608946
12.835963,16.672567,0.15917124,0.16452216,0.19947116,0.26049298,0.47177306,0.5768277
13.317776,16.831,0.1586999,0.17087883,0.2064832,0.27151158,0.49362582,0.5977013
13.799588,16.989433,0.15845211,0.17935635,0.21680036,0.2875009,0.5157154,0.61691564
14.281402,17.147867,0.15838693,0.18899196,0.22943214,0.3063479,0.53539634,0.63305086
13.354472,17.431936,0.15262389,0.16794866,0.20293497,0.2651325,0.49131602,0.6046503
13.836285,17.59037,0.15186417,0.17528778,0.21224849,0.27992904,0.5147218,0.6247017
13.391169,18.032873,0.146174,0.16478227,0.20063382,0.26142898,0.4930684,0.6130523
14.56569,18.05758,0.147941,0.18548682,0.22833799,0.3046372,0.5460863,0.6514145
13.97843,18.045227,0.14682493,0.17435044,0.21320051,0.28117043,0.5215878,0.63493073
14.423546,17.602724,0.15338998,0.1873384,0.22811595,0.30442715,0.5400655,0.64231133
10.584086,16.443895,0.1617445,0.1724105,0.21014549,0.26797733,0.4388003,0.5234976
10.445695,16.0853,0.1647038,0.17752942,0.21539973,0.2733863,0.4446447,0.5257777
10.307303,15.726705,0.16780245,0.18379135,0.22177023,0.27964523,0.4526049,0.5315236
10.974106,16.18583,0.16269305,0.16876422,0.205945,0.26366273,0.4382369,0.5249927
10.835714,15.827233,0.16541661,0.172849,0.20964271,0.2674974,0.4431464,0.5266358
11.364124,15.927762,0.16396762,0.16555183,0.20160906,0.259743,0.44084427,0.53016394
10.890061,16.774117,0.15865016,0.16626427,0.20352156,0.26089272,0.4340306,0.52479255
11.280081,16.516048,0.15992175,0.16384622,0.20090264,0.25811818,0.43508357,0.52811444
11.196037,17.104336,0.15562238,0.16136976,0.19762811,0.25421834,0.43186802,0.52974737
11.854737,16.176031,0.16214222,0.16152678,0.19724706,0.25572065,0.44396648,0.5399672
12.34535,16.4243,0.16059195,0.16126007,0.19647348,0.2556845,0.45450127,0.55625254
11.770694,16.764317,0.15769932,0.15986504,0.19603203,0.25268608,0.43743223,0.53903574
10.431584,14.627108,0.17593144,0.19407015,0.22925048,0.28470805,0.4703554,0.55399394
10.214021,14.96013,0.17450732,0.19638951,0.23378588,0.2901138,0.47032878,0.5506128
9.996457,15.293153,0.17304492,0.19845113,0.23757237,0.2948504,0.47049487,0.5481003
9.939544,14.535512,0.18204652,0.21632457,0.2549957,0.30998075,0.49426907,0.57663196
9.72198,14.868534,0.18037152,0.21916218,0.26017922,0.3163248,0.49580875,0.5746968
9.447503,14.443916,0.1919367,0.25089496,0.29464814,0.34895316,0.5332529,0.61523503
10.742431,15.060659,0.17086121,0.18047613,0.21551158,0.27243686,0.45526192,0.5382985
11.053278,15.49421,0.16719182,0.17151374,0.20699118,0.26492617,0.44607112,0.530916
10.524867,15.393682,0.16933632,0.18222757,0.21897486,0.2763674,0.45364082,0.5341618
12.779094,15.344404,0.16990581,0.16720848,0.2024502,0.272454,0.49138245,0.5775391
12.79805,15.787126,0.16658738,0.16647075,0.20174448,0.26872066,0.4839917,0.5753894
12.817006,16.229847,0.16300502,0.16564853,0.200836,0.26467526,0.47710407,0.5749912
12.307437,15.538857,0.16723366,0.1629607,0.19742697,0.26102668,0.46729413,0.55873275
12.326394,15.981578,0.16402942,0.16217539,0.1971437,0.25856486,0.460253,0.5562567
11.835781,15.73331,0.16526084,0.16275659,0.1976882,0.257545,0.44961345,0.54175025
8.683771,11.446131,0.33677617,0.61826086,0.6733433,0.71487933,0.8892242,0.94141656
8.814016,11.184406,0.34081513,0.616243,0.6739909,0.7184469,0.89454144,0.9452873
8.944261,10.922681,0.34424514,0.6141893,0.67525995,0.72285557,0.90002495,0.94901466
8.98311,11.435644,0.32256296,0.55501413,0.60973054,0.656051,0.8540355,0.91986734
9.113355,11.173919,0.3262903,0.5518765,0.609573,0.65923953,0.86020243,0.9247482
9.282449,11.425157,0.30731702,0.48918793,0.54263353,0.59391606,0.81168044,0.89147276
9.003767,11.879996,0.30280107,0.50706834,0.5572991,0.60229206,0.80908823,0.8870447
8.843769,11.663064,0.32015696,0.56335866,0.61620307,0.65942216,0.85245574,0.9178287
9.143108,11.652576,0.30528563,0.4982245,0.5497486,0.59777445,0.81019,0.8892208
9.171736,12.170293,0.28143215,0.4435405,0.49048895,0.53724974,0.75219554,0.8418788
9.479045,12.23317,0.26290175,0.3776822,0.42131215,0.4719515,0.69369113,0.7926582
9.786354,12.296046,0.24517705,0.32221025,0.3622399,0.4155639,0.63856524,0.7423319
9.182421,12.469425,0.2678285,0.41473666,0.4602844,0.50674796,0.7196632,0.81249374
9.48973,12.532302,0.2500845,0.35335732,0.39546153,0.44558465,0.66255987,0.762066
9.193106,12.768558,0.25449648,0.3872711,0.4322062,0.47882977,0.68823546,0.7822958
9.311076,11.942873,0.28399703,0.43495432,0.48234463,0.53176546,0.7525163,0.84399116
9.450417,11.715453,0.28617463,0.42621914,0.47468594,0.52697074,0.75329787,0.84623474
9.618385,12.00575,0.26512948,0.3698822,0.41378832,0.46674177,0.6937935,0.79472166
9.354761,13.139658,0.23250903,0.3321422,0.37523165,0.4242011,0.6293223,0.72433937
9.813039,13.274503,0.21093696,0.26749295,0.30508032,0.3570717,0.56083405,0.65672815
10.2713175,13.409348,0.19500986,0.22578539,0.25879318,0.31197572,0.514273,0.6089637
9.374421,13.588827,0.21622773,0.30074254,0.34424946,0.39464408,0.5919861,0.68306077
9.8327,13.723672,0.19875109,0.24772835,0.28575194,0.33834746,0.5342991,0.6250507
9.394081,14.037996,0.20262122,0.27402,0.31804094,0.37037027,0.56045824,0.6466823
10.378162,14.221188,0.18061897,0.20261328,0.23684376,0.2911783,0.48188844,0.56867087
9.886122,14.129592,0.18927632,0.23038694,0.2687193,0.32239154,0.5121461,0.5984229
10.324739,13.815268,0.18680187,0.21305053,0.24646275,0.29997268,0.49619317,0.58674306
9.948009,12.667147,0.22481298,0.28061444,0.31728548,0.37047783,0.5859834,0.68824667
10.109663,13.038247,0.20798226,0.24914487,0.28351218,0.3365912,0.5449118,0.64357895
9.651384,12.903402,0.22878827,0.30499625,0.34448647,0.3956412,0.6063428,0.70546067
9.5763645,10.673987,0.3197571,0.49800053,0.5623191,0.6229899,0.8446301,0.91612357
9.478393,10.924377,0.31618923,0.49456057,0.5547619,0.61210936,0.8333697,0.90818197
9.380421,11.1747675,0.3120231,0.49168015,0.54822266,0.6024347,0.8223613,0.89995044
9.3092985,10.67314,0.33445454,0.5586511,0.62383664,0.67950344,0.87942463,0.93767315
9.211327,10.923529,0.33066526,0.5550472,0.6162607,0.6688576,0.8697918,0.93138415
9.0422325,10.672291,0.34822991,0.6181731,0.6828277,0.7330696,0.90797865,0.953844
8.588423,9.941155,0.39056504,0.7702439,0.8352012,0.8749748,0.96796036,0.9838468
8.896948,9.817935,0.3805464,0.7312488,0.80207133,0.8484159,0.9603082,0.9804849
8.753512,10.143511,0.37815148,0.726113,0.7930723,0.8372319,0.9552609,0.9780278
9.062037,10.02029,0.36746395,0.68032587,0.7526096,0.8037991,0.9439299,0.97278225
8.918602,10.345867,0.36474916,0.67635024,0.7438801,0.79195714,0.93724906,0.96933234
9.452734,10.347563,0.3375578,0.5605584,0.631425,0.6915981,0.8901092,0.944291
9.185668,10.346715,0.35168904,0.62056553,0.69042903,0.74455446,0.9166747,0.958879
9.329103,10.021138,0.35402048,0.6239158,0.6993606,0.7574743,0.92522085,0.96351653
8.5303545,9.630516,0.4004709,0.80323833,0.86681527,0.90329325,0.9764326,0.987668
21.155928,18.874897,0.10419223,0.055730972,0.07567248,0.1381785,0.40178874,0.48994678
20.834253,18.847692,0.10833539,0.06773224,0.08827033,0.15128948,0.41227967,0.4992664
20.512577,18.820486,0.11235386,0.08150808,0.10191352,0.1648117,0.42266643,0.50864774
21.093222,18.554785,0.116536155,0.059461746,0.0770153,0.14137436,0.40655753,0.49340096
20.771547,18.527578,0.1209848,0.07227152,0.08971868,0.15455249,0.41697764,0.5027103
21.415045,18.74207,0.10618708,0.048014995,0.06604187,0.12847662,0.39489353,0.48352933
20.045763,18.710455,0.120663755,0.10456471,0.1228195,0.18527675,0.43852252,0.5232153
19.837915,18.307516,0.13761221,0.11896839,0.13084812,0.19570856,0.4477893,0.53074783
19.63007,17.90458,0.15289447,0.13450205,0.14062746,0.20834689,0.45562625,0.5360953
20.304731,18.417547,0.12965296,0.094437875,0.109511785,0.17453983,0.43224338,0.51640487
20.096886,18.01461,0.14604208,0.10881877,0.11755783,0.18491441,0.4392095,0.52114123
20.5637,18.124641,0.13796732,0.0844476,0.09676475,0.16380651,0.4239565,0.50747675
19.605433,18.762205,0.12216798,0.12631029,0.1446289,0.20543565,0.45268676,0.5369405
19.165102,18.813957,0.123410314,0.1479008,0.16819073,0.22768731,0.46845502,0.55237806
19.397585,18.359268,0.13872841,0.14075646,0.15332325,0.21700478,0.46300736,0.5456962
18.53969,18.823967,0.1271441,0.1761006,0.20399423,0.2639915,0.49516705,0.5783807
18.14676,18.379286,0.14380726,0.19381277,0.22470017,0.29100195,0.51676136,0.5979448
17.753832,17.934607,0.15669616,0.20967318,0.24614705,0.31912747,0.53682363,0.6150998
18.772173,18.369278,0.14174241,0.170283,0.18860607,0.25216186,0.4881416,0.57011735
18.379244,17.924597,0.15656665,0.19192484,0.21384148,0.28258637,0.5087975,0.5873058
19.004656,17.914587,0.15539181,0.1656493,0.17577964,0.24323227,0.4806363,0.5601363
18.06188,19.00435,0.123807065,0.19248395,0.23196624,0.2932197,0.51673156,0.5996497
17.58407,19.184736,0.12086578,0.20460123,0.25568226,0.32060927,0.53913194,0.62193567
17.668951,18.559671,0.13983229,0.20398217,0.24701193,0.3167089,0.5377368,0.61955136
17.150995,18.930273,0.1309178,0.20911416,0.26434535,0.33806825,0.55821085,0.64174706
16.717922,18.67581,0.13901013,0.21013547,0.2663913,0.34702227,0.57050985,0.65585935
17.235876,18.305208,0.14758822,0.21197365,0.25995436,0.33654135,0.55542976,0.6370425
15.987827,17.462172,0.16150373,0.22044712,0.27304673,0.3584693,0.5717442,0.65547615
16.576496,17.61965,0.16110523,0.22306758,0.27471867,0.35792544,0.5698156,0.650386
17.165163,17.777128,0.15964009,0.21995701,0.26634067,0.345316,0.5581736,0.63668525
16.05854,17.990252,0.15299895,0.21253186,0.2649352,0.3506967,0.57405245,0.6616222
16.64721,18.14773,0.15106457,0.21493198,0.26727238,0.35005385,0.5701341,0.653967
16.129253,18.518332,0.14304593,0.20697331,0.26265305,0.34752244,0.5769616,0.66662973
15.631876,18.34034,0.14598086,0.20203769,0.25435835,0.33949795,0.57352835,0.6675621
15.134499,18.16235,0.14786305,0.19544204,0.24322899,0.3257803,0.56363726,0.6623762
15.561163,17.81226,0.15445492,0.20795968,0.25786525,0.3436697,0.5697563,0.6607515
14.992354,17.707493,0.15398388,0.198407,0.24388355,0.3266118,0.55830526,0.6545863
14.85021,17.252636,0.15945609,0.20145844,0.24671738,0.32983539,0.5538461,0.64625466
15.419019,17.357403,0.16058102,0.21255441,0.26248518,0.3482439,0.5660723,0.6538737
14.182165,16.650988,0.16359732,0.19127604,0.23267837,0.31214467,0.5341967,0.6248152
13.700353,16.492554,0.16328332,0.18050954,0.21858753,0.29210082,0.5158084,0.60931593
13.21854,16.334122,0.1631632,0.17134915,0.207351,0.27509245,0.49500594,0.5911794
14.08293,16.154108,0.1683244,0.19270061,0.23537926,0.318295,0.53499436,0.6181342
13.601117,15.995675,0.16766904,0.18090796,0.21969244,0.29671177,0.51798433,0.603855
13.983694,15.657229,0.17253214,0.19346958,0.23736532,0.32385615,0.53717333,0.6135751
13.180627,15.44868,0.17060359,0.17363252,0.21068218,0.28602004,0.50807446,0.5907929
13.582161,15.552955,0.17149514,0.18263845,0.2225451,0.30380812,0.52370363,0.60298604
13.199583,15.8914,0.16702808,0.17256385,0.2091094,0.28066394,0.5013039,0.5901681
15.2677555,16.146843,0.1746817,0.22635616,0.2831543,0.37102154,0.56343824,0.6364947
14.938971,16.480518,0.16922876,0.213687,0.26445875,0.3515618,0.55684173,0.6371947
14.610186,16.814192,0.16371664,0.2009038,0.24585408,0.32916212,0.54760927,0.6362094
14.839735,15.983639,0.17398997,0.21676563,0.27001816,0.35952434,0.55703914,0.63082564
14.51095,16.317314,0.16877341,0.20354435,0.2503068,0.33642423,0.5471626,0.62875026
14.411715,15.820435,0.1732556,0.20541641,0.25407106,0.3434016,0.54833305,0.62314147
15.50778,16.585287,0.17107286,0.22597961,0.2814502,0.3676074,0.5658156,0.6431648
15.747804,17.02373,0.1667424,0.22401837,0.2779398,0.3633733,0.56888115,0.6498968
15.178995,16.91896,0.16524568,0.21392122,0.26419917,0.35014632,0.5611222,0.6456975
10.880597,14.438494,0.17476967,0.18317239,0.21538535,0.27143788,0.46395925,0.551113
11.329609,14.249881,0.17463051,0.17483102,0.20524533,0.26363954,0.4657324,0.5552033
11.778622,14.061268,0.17550007,0.16935593,0.19956166,0.2623579,0.47613546,0.56491596
11.191443,14.8720455,0.17092797,0.17307466,0.20610052,0.26401892,0.45494935,0.54166687
11.640456,14.683433,0.17178759,0.1677659,0.19971669,0.26037964,0.4624716,0.55116874
11.502291,15.305597,0.16797256,0.16659108,0.20069231,0.25996405,0.4504223,0.5387165
10.827174,14.032575,0.17845652,0.1892374,0.22012368,0.2753633,0.47289655,0.56267595
10.773752,13.626655,0.18324655,0.19658439,0.226447,0.2811954,0.48390687,0.5767449
11.276187,13.843961,0.17759623,0.1791656,0.20820703,0.2662036,0.47303128,0.56426835
12.445602,14.916692,0.17178755,0.16496223,0.19886936,0.26703838,0.48438877,0.5702319
11.973947,15.111145,0.16949964,0.16387616,0.19729614,0.259833,0.46347848,0.55281615
12.112112,14.48898,0.17352632,0.16544643,0.19763665,0.26337415,0.47888154,0.5657122
13.005137,14.961228,0.17350267,0.17175262,0.20817925,0.28455624,0.5083789,0.5879371
12.671646,14.533516,0.1749536,0.16800039,0.20251706,0.27605408,0.5006669,0.58141845
12.338156,14.1058035,0.17627656,0.16698606,0.19940618,0.26963174,0.4937211,0.57697356
13.231181,14.5780525,0.17707074,0.17802826,0.21661156,0.3000294,0.52336717,0.596654
12.89769,14.15034,0.17809226,0.172699,0.20870233,0.28859612,0.51561856,0.59087276
13.457225,14.194877,0.18044205,0.18627666,0.22810143,0.31823444,0.5356487,0.60348266
13.406671,15.065504,0.17454235,0.18032342,0.21977459,0.3025137,0.52372897,0.5991592
13.632714,14.682328,0.178356,0.1888333,0.23180419,0.32149264,0.53669083,0.60589474
13.808205,15.169779,0.17572266,0.19133377,0.23504122,0.32350817,0.537091,0.60909873
9.822463,10.897145,0.29767242,0.4233265,0.48105967,0.54353815,0.78268665,0.872391
10.068562,11.120302,0.2754535,0.35840788,0.40903136,0.4718829,0.7161582,0.8185137
10.31466,11.34346,0.2542628,0.30572054,0.34973353,0.4121676,0.65361077,0.7614851
9.724491,11.147534,0.2938672,0.42040592,0.47455248,0.5338418,0.77027124,0.8622885
9.97059,11.370692,0.2715071,0.35592178,0.40368414,0.46368572,0.7038551,0.8072131
9.626519,11.397924,0.28952587,0.4180632,0.46912122,0.5254606,0.7584809,0.85212463
9.794488,11.688221,0.26866603,0.36252737,0.4079222,0.4642274,0.69809747,0.8006897
10.138558,11.660989,0.2517804,0.31029722,0.3522372,0.4112423,0.64698094,0.7544211
9.962456,11.978518,0.24871701,0.31594765,0.3564983,0.41246337,0.6420075,0.7480491
10.245335,12.356092,0.22310631,0.2625549,0.29750413,0.35305905,0.57442653,0.67925954
10.421436,12.038563,0.2261288,0.25843018,0.29372948,0.35164487,0.5789326,0.68540037
10.597539,11.721034,0.22890897,0.25512508,0.2914509,0.35223016,0.5850924,0.6922107
10.704315,12.416138,0.20615332,0.22394462,0.25462344,0.3117369,0.5323684,0.6346632
10.880418,12.098608,0.20891152,0.22160122,0.25261423,0.3123436,0.5386781,0.6414424
11.163296,12.476183,0.19476797,0.19966146,0.22780192,0.2876913,0.5107439,0.60882795
10.568644,13.098292,0.1946664,0.21560164,0.24595594,0.30029848,0.50915855,0.6066388
10.406989,12.727192,0.20701611,0.23552534,0.26756358,0.32227582,0.5366681,0.6379056
10.86597,12.787238,0.19454283,0.20679247,0.2355018,0.29202738,0.50795174,0.606729
11.071078,13.315599,0.1838399,0.19041221,0.21847427,0.27522656,0.48606676,0.58060527
11.368404,13.004544,0.18479452,0.18536171,0.21279404,0.27289236,0.49214134,0.58626723
11.573513,13.532906,0.17903052,0.1757154,0.20413208,0.26541933,0.4817801,0.57274824
9.859112,10.497731,0.30951154,0.45420665,0.51987267,0.5863835,0.8219296,0.9011538
9.735481,10.171307,0.32711807,0.51551837,0.58929807,0.65640074,0.8722766,0.9338764
9.611851,9.844882,0.34357774,0.58010876,0.66026455,0.726131,0.91249466,0.9568642
10.14186,10.321475,0.29846844,0.4145284,0.48064673,0.55236477,0.7986058,0.8845071
10.0182295,9.99505,0.31562704,0.47283322,0.54843074,0.6220572,0.85299295,0.9217418
10.424607,10.145219,0.28700173,0.38016015,0.44592068,0.52217996,0.7755975,0.8666126
10.10521,10.720888,0.28755695,0.38480347,0.44255224,0.5095656,0.75703543,0.8527714
10.387959,10.544632,0.277114,0.35174572,0.40895784,0.47995064,0.7326097,0.83244216
10.35131,10.944046,0.2660957,0.32699373,0.3769265,0.4432963,0.6914343,0.7967878
10.411101,9.698696,0.29992545,0.42626864,0.5038038,0.58593756,0.8308662,0.90625715
10.004723,9.548529,0.32841745,0.52599585,0.61213595,0.68910253,0.8965368,0.9477887
9.598344,9.39836,0.35563788,0.63475496,0.721143,0.78665066,0.9410033,0.97143
10.397594,9.252174,0.31171575,0.4782665,0.56801194,0.6552572,0.8796305,0.93705624
9.991216,9.102006,0.33981574,0.58286655,0.6776399,0.75550187,0.9302283,0.96575415
9.526221,8.93175,0.36976537,0.70394206,0.79151225,0.85140723,0.96420884,0.98233503
20.935188,17.769142,0.14584261,0.06988085,0.07997906,0.14829984,0.40811476,0.49090177
20.468372,17.659111,0.1543237,0.092909105,0.09960253,0.16907804,0.42335418,0.50417256
20.001558,17.54908,0.16131094,0.11890682,0.12226612,0.19265977,0.43983033,0.5186137
20.83986,17.303612,0.16032165,0.07680547,0.083046526,0.15305777,0.40275016,0.4823696
20.373045,17.19358,0.1677114,0.10146399,0.10430676,0.17599739,0.41937333,0.4967301
21.245337,17.5545,0.1481974,0.058385238,0.06809175,0.1361119,0.39349782,0.47576335
19.426823,17.366978,0.16891788,0.15218145,0.15537204,0.2274784,0.46269333,0.53835756
19.223576,16.829378,0.18029788,0.16858682,0.17588985,0.25250942,0.46978343,0.5392337
19.02033,16.291779,0.18781981,0.18196505,0.19803853,0.2789157,0.47718787,0.5399906
19.798311,17.01148,0.175355,0.13532858,0.13664025,0.2107434,0.4424713,0.5161008
19.595064,16.473879,0.18494351,0.14984752,0.154492,0.23252445,0.445617,0.5130599
20.169798,16.655981,0.1797543,0.11571661,0.117034815,0.19158903,0.41747245,0.48944354
18.80141,17.376987,0.1698947,0.18287812,0.19472228,0.2672563,0.4916248,0.5657346
18.175997,17.386997,0.16949281,0.20688125,0.23334907,0.3073404,0.52098924,0.59420455
18.598164,16.839388,0.18009967,0.19817713,0.21829757,0.29562017,0.5021359,0.5697705
18.349388,16.114517,0.18876454,0.21247172,0.2468193,0.3294386,0.51322705,0.5723377
17.927221,16.662127,0.18122822,0.22267464,0.26076344,0.34022048,0.5331425,0.5984199
17.505056,17.209736,0.1713842,0.22502188,0.26723236,0.34545958,0.54837275,0.6204853
17.678446,15.937256,0.18837816,0.23341744,0.28363574,0.36701578,0.54194033,0.59975505
17.256279,16.484865,0.1810011,0.2368283,0.28832906,0.36959106,0.5552849,0.6205492
17.007504,15.759995,0.18722181,0.24519381,0.30539283,0.38901547,0.56022227,0.6187164
16.327719,16.89478,0.17137453,0.2332792,0.28895235,0.37224582,0.5695954,0.6447671
16.667612,16.327387,0.18013121,0.241851,0.3000663,0.38253087,0.56573725,0.63227427
16.916388,17.052258,0.17178558,0.23244826,0.2837644,0.36497134,0.56351566,0.6366004
15.8476715,16.017895,0.17918342,0.2394934,0.30098912,0.3863124,0.56862,0.6363261
16.427588,15.888945,0.18341081,0.24604456,0.30852792,0.39215866,0.5677765,0.6306394
16.087696,16.456337,0.17570707,0.23711425,0.29589915,0.3798629,0.56905043,0.64069873
15.272079,15.576836,0.18019605,0.23330265,0.2944326,0.38363588,0.56574947,0.63147885
15.276403,15.006827,0.18463966,0.2397092,0.30456185,0.39442354,0.5683531,0.6282873
15.280727,14.436819,0.1880124,0.24554422,0.31318358,0.40280765,0.5702014,0.6260179
15.851995,15.4478855,0.18430477,0.24591912,0.3114395,0.3974833,0.5699465,0.6311162
15.856319,14.877877,0.18823694,0.2514851,0.32040778,0.40676385,0.57145715,0.6275291
16.431911,15.318936,0.1880229,0.25109997,0.3176106,0.40223154,0.5684132,0.6253914
14.844059,15.4136305,0.17926423,0.22319178,0.2806104,0.37249842,0.560689,0.6271142
14.4160385,15.250426,0.17828411,0.2109055,0.26314506,0.35620824,0.55336994,0.62090635
14.848383,14.843622,0.18356314,0.22939472,0.2903746,0.3834553,0.5640771,0.6249445
14.240549,14.762975,0.18095262,0.209212,0.26122093,0.35616127,0.55312955,0.6173443
14.065059,14.275524,0.18302195,0.20698,0.2580507,0.35421383,0.5522075,0.614412
14.672894,14.356172,0.18557826,0.22857685,0.28940067,0.38390732,0.56360215,0.6220932
14.281198,13.103494,0.18849094,0.22606243,0.28420433,0.37967008,0.5592116,0.6156403
14.614374,13.5479355,0.188645,0.23427293,0.29672432,0.39056164,0.5642022,0.61961704
14.947551,13.992377,0.18851346,0.24091311,0.3066668,0.3984407,0.5679482,0.6231567
14.00654,13.467288,0.18628563,0.21184945,0.26445404,0.36173946,0.55407816,0.6133045
14.339717,13.91173,0.18610618,0.22077817,0.27789724,0.37432584,0.5594523,0.61780006
13.731882,13.831082,0.18359387,0.19813383,0.24496369,0.3404902,0.5463439,0.60932153
11.724487,12.474896,0.18816966,0.18329473,0.2117266,0.2783109,0.5074474,0.5981177
12.285679,12.473611,0.1858088,0.17742622,0.20924486,0.28554398,0.5171553,0.59787285
12.84687,12.472325,0.18583512,0.18253568,0.21985184,0.30724818,0.53104186,0.60184956
11.929596,13.003259,0.18230866,0.17482111,0.20394064,0.27157807,0.49913034,0.5864508
12.4907875,13.001972,0.18250005,0.1736567,0.2066824,0.28450486,0.51509476,0.5929284
12.134705,13.53162,0.17893913,0.16972663,0.2003685,0.26946563,0.49560142,0.5803292
13.253774,13.620693,0.18230557,0.18375652,0.22401765,0.3138533,0.53383553,0.6015017
12.694239,13.576157,0.18021566,0.17220384,0.20671086,0.28579834,0.51490635,0.5908544
13.050322,13.046509,0.18384573,0.1822598,0.2209432,0.30976003,0.53191787,0.6006617
13.803088,12.893105,0.18714984,0.20902954,0.2594781,0.35648483,0.55085695,0.610566
13.528431,13.256899,0.18493485,0.19531924,0.24029902,0.33553723,0.54378843,0.60693884
13.32498,12.682714,0.18609564,0.19326831,0.23644066,0.3306845,0.5411767,0.6055469
10.761405,11.243695,0.23656115,0.2611495,0.30116224,0.3666638,0.6074125,0.7145752
10.798054,10.844281,0.24667864,0.27809015,0.3234969,0.39315203,0.64048934,0.7470407
10.8347025,10.444868,0.256181,0.29856083,0.35061634,0.42506972,0.67816573,0.7821876
11.208149,11.14393,0.2224959,0.2313569,0.26815873,0.33747977,0.5768786,0.67869884
11.244798,10.744517,0.23087956,0.24484962,0.28644118,0.3599657,0.6039082,0.7057474
11.654893,11.044167,0.21224615,0.2126016,0.24809441,0.3229648,0.56017053,0.6539839
11.044283,11.621269,0.21588165,0.22546172,0.25876284,0.32280326,0.55643076,0.65934926
11.491027,11.521505,0.2065408,0.20641398,0.23834598,0.30738074,0.5422026,0.6382407
11.327162,11.998844,0.20055878,0.20224601,0.23171836,0.29568073,0.5256107,0.62325597
11.888353,11.997558,0.19271147,0.18666044,0.21686107,0.2884843,0.5211752,0.60921264
12.052218,11.520219,0.19742644,0.1917582,0.22469297,0.3019958,0.53485614,0.61990637
12.449545,11.996272,0.18926528,0.18285607,0.2170929,0.29898295,0.5282408,0.6055062
10.879985,9.926911,0.26734126,0.33127382,0.39389068,0.47556484,0.73321545,0.82989234
10.866478,9.480389,0.27877122,0.3728827,0.44734046,0.5358503,0.79126626,0.8756535
10.852971,9.033866,0.2897489,0.42154118,0.5090456,0.6044282,0.846615,0.91427
11.3353615,9.708603,0.25052637,0.2968062,0.35648602,0.44321126,0.69698405,0.79356694
11.321856,9.262081,0.26040357,0.33451217,0.4055222,0.49893415,0.7539934,0.8424395
11.790739,9.490295,0.23741952,0.27429184,0.33246416,0.42416355,0.66812795,0.76066023
11.29008,10.226561,0.24118148,0.267418,0.31700766,0.39669967,0.6461622,0.7468074
11.745457,10.008252,0.22960903,0.24760927,0.2962411,0.3818958,0.6234154,0.71740526
11.700175,10.52621,0.221157,0.22762491,0.26874667,0.3488032,0.5881362,0.6821379
11.772308,8.957824,0.24725755,0.31660414,0.38767156,0.48630643,0.7330218,0.8196903
11.303425,8.7296095,0.27231312,0.39049408,0.47693914,0.57900107,0.82424664,0.8956619
10.83454,8.501395,0.30274537,0.48890594,0.5916422,0.6926547,0.90155125,0.94792914
11.753878,8.425353,0.2565848,0.37196463,0.45818385,0.5650666,0.80523455,0.877617
11.284994,8.197139,0.2837803,0.4578691,0.5601168,0.66898394,0.8852102,0.9357826
10.759564,8.004816,0.31787637,0.57004625,0.68337905,0.78173935,0.9418408,0.9700272
20.498474,15.700367,0.187633,0.09903613,0.1035109,0.17972977,0.3793973,0.44196802
20.621504,16.269224,0.18152381,0.09203727,0.09515474,0.16848686,0.38519874,0.45472348
19.92374,15.518266,0.19240525,0.12927292,0.13690276,0.21838863,0.41034576,0.46935463
20.04677,16.087124,0.18764214,0.12357766,0.1268761,0.20451488,0.4122227,0.4779089
19.472034,15.905022,0.19120711,0.15686613,0.16709991,0.24913302,0.44504252,0.50606436
21.001379,15.979633,0.18018919,0.074582115,0.079158135,0.15112111,0.36049676,0.42721486
14.248992,11.91245,0.19056612,0.23478274,0.29308406,0.38371736,0.5553681,0.61169744
14.2597275,12.309464,0.18995602,0.23213457,0.29068282,0.38321,0.5571151,0.6131344
14.270462,12.706479,0.18930033,0.22919847,0.28769603,0.3818731,0.5584338,0.6144736
13.781618,12.099075,0.18905209,0.21595171,0.26753435,0.36273423,0.5504753,0.60994315
13.792354,12.49609,0.18810917,0.21242361,0.26351497,0.35986334,0.550835,0.61025
13.314244,12.2857,0.18745056,0.19679222,0.2407485,0.33537078,0.5424808,0.60660803
19.82228,14.882115,0.19512704,0.13186398,0.14600256,0.23192863,0.41045314,0.46279514
19.370575,15.268872,0.19525766,0.15962163,0.17680745,0.2632946,0.4442857,0.4987334
18.918869,15.655628,0.19335641,0.18678698,0.21128015,0.29663056,0.47818923,0.534166
19.269115,14.632722,0.1973915,0.16050641,0.18528984,0.27549675,0.4455828,0.49479997
18.81741,15.019478,0.19658774,0.18874621,0.2210367,0.31024855,0.4796399,0.5300693
18.71595,14.3833275,0.19839782,0.1890482,0.22828266,0.31988603,0.4809025,0.527572
18.247929,15.478367,0.19350228,0.21678907,0.2600512,0.3464665,0.51619554,0.5689829
17.576986,15.3011055,0.19266006,0.23773007,0.29534867,0.38133344,0.5447399,0.5968064
18.14647,14.8422165,0.19643275,0.21914186,0.26987603,0.35886014,0.51854867,0.56667477
18.13811,14.094978,0.19859871,0.21557015,0.27046594,0.36068544,0.5133705,0.55841017
17.568626,14.553867,0.19612528,0.23833077,0.30145043,0.3890939,0.5430357,0.5902751
16.999146,15.012756,0.19223659,0.2493635,0.31532982,0.40075895,0.5604402,0.612303
17.560268,13.806628,0.19817503,0.2369933,0.30335262,0.3906412,0.5383419,0.583188
16.990786,14.265517,0.19539812,0.25177848,0.3220178,0.40770933,0.5592377,0.6069562
16.982426,13.518278,0.19730249,0.25233635,0.32469395,0.40902448,0.5549533,0.6007405
15.84796,14.130638,0.19174315,0.25729817,0.3292264,0.41495964,0.5720726,0.6238402
16.415194,13.824458,0.19481274,0.2596785,0.33315146,0.41726622,0.56755733,0.6159601
16.423553,14.571697,0.19220375,0.25624293,0.32711315,0.41218007,0.56907296,0.6205551
15.563812,12.594833,0.19407956,0.26146773,0.33265787,0.4151466,0.5657081,0.61573786
16.036684,12.902649,0.19535543,0.26302436,0.33648694,0.4183273,0.5657041,0.6140951
16.509556,13.210464,0.19644648,0.25996032,0.33398372,0.41649485,0.5623785,0.6093375
15.469451,13.208829,0.19283967,0.25829396,0.32962212,0.41489503,0.56965727,0.6204315
15.942323,13.516644,0.19391814,0.26128688,0.33463818,0.41865394,0.5702168,0.6196933
15.37509,13.822824,0.19091722,0.25283012,0.32299387,0.41075075,0.5710998,0.6237044
14.708735,12.93394,0.1905009,0.24251373,0.30692765,0.39771816,0.56423646,0.61801153
15.136274,12.764387,0.19234495,0.25459626,0.3232488,0.40930495,0.56646395,0.6181775
15.041913,13.378382,0.19084539,0.24867418,0.3165656,0.40577412,0.56838435,0.62125546
14.698001,12.536925,0.1910865,0.24490279,0.30907977,0.398234,0.56248975,0.616109
14.687265,12.139911,0.19152915,0.24678445,0.31035492,0.39771244,0.56013644,0.6139468
15.125539,12.3673725,0.19276722,0.25590894,0.32383162,0.40830094,0.5638007,0.6155657
12.217806,10.868284,0.20450127,0.20277506,0.24060813,0.32471722,0.55387497,0.6364908
12.263087,10.3503275,0.21135373,0.21578701,0.25839606,0.3462365,0.57304525,0.6562568
12.30837,9.83237,0.21797103,0.23261793,0.28149924,0.37289345,0.59828246,0.68270034
12.780718,10.692402,0.19974461,0.20626274,0.24925253,0.34048605,0.55263036,0.62560993
12.826,10.174445,0.20475237,0.21790539,0.26454312,0.35656312,0.56445336,0.6386661
13.343631,10.5165205,0.19669199,0.22016914,0.26895967,0.36029428,0.5517104,0.6180692
12.615131,11.344337,0.19444185,0.19296564,0.23112269,0.31882963,0.54079205,0.61522233
13.178044,11.168455,0.19307482,0.20623311,0.25133622,0.34453863,0.5462397,0.61268497
13.012457,11.82039,0.18937443,0.19316228,0.23417261,0.32611966,0.53969556,0.6076388
13.947205,11.44714,0.19100009,0.228178,0.28252697,0.3735861,0.5510466,0.6099443
13.479831,11.633765,0.1901401,0.20977266,0.25766173,0.35215262,0.5467797,0.60928684
13.645418,10.98183,0.19279209,0.22277811,0.2737536,0.36498004,0.54901576,0.6111831
12.22422,8.107698,0.23787118,0.35956186,0.44845313,0.55944926,0.7896622,0.86109865
12.712994,8.322516,0.21927942,0.3019472,0.37905654,0.48338103,0.70323217,0.783198
13.201767,8.5373335,0.20630296,0.26793087,0.33538017,0.43197763,0.6333016,0.7116918
12.242651,8.64017,0.23465003,0.3071903,0.3802073,0.48251644,0.71604526,0.79936767
12.731424,8.854987,0.2185597,0.26670584,0.33036697,0.42795205,0.64252454,0.72438836
12.261082,9.172641,0.22809272,0.26702732,0.32740924,0.4237198,0.65374243,0.74049467
12.778712,9.514716,0.21240342,0.23673518,0.28952855,0.38301024,0.592151,0.6705316
13.249055,9.1970625,0.20603259,0.24431938,0.30055663,0.39190194,0.5859792,0.6602872
13.296343,9.8567915,0.20173885,0.2299689,0.2810044,0.37124813,0.5623734,0.6321545
13.170812,7.967631,0.19858602,0.2976966,0.38158396,0.48841617,0.69903845,0.77633876
12.682037,7.7528133,0.21244512,0.34978813,0.4466134,0.5634689,0.78438014,0.8531895
12.193264,7.5379963,0.23357347,0.42426944,0.5334249,0.6553171,0.8642885,0.91603
13.139855,7.397928,0.18086709,0.33448914,0.44079068,0.56366616,0.78039736,0.8477754
12.651082,7.183111,0.19608288,0.40154502,0.52222157,0.6536689,0.8595412,0.9103969
12.164374,6.9793086,0.22071335,0.48807287,0.6177391,0.74561995,0.91691244,0.9509035
19.189304,14.003937,0.19827065,0.15938935,0.1910668,0.283193,0.4459386,0.49182346
19.662659,13.624546,0.19592597,0.13263254,0.16030124,0.2510215,0.41364497,0.45835385
19.74247,14.253331,0.19609149,0.13242449,0.15352802,0.24277814,0.41191655,0.45944357
20.215824,13.8739395,0.19205141,0.1089142,0.12768765,0.21510099,0.38289848,0.42872456
20.295635,14.502725,0.19232368,0.10711823,0.12012633,0.20456493,0.37998548,0.4297244
20.754383,14.146024,0.18653253,0.086705595,0.09824812,0.18074246,0.35471648,0.40270957
14.566586,11.573247,0.19180413,0.24594247,0.30716303,0.39285377,0.55550766,0.6106133
14.264799,11.107938,0.19201471,0.23997362,0.29738644,0.38362268,0.551301,0.6089471
13.963012,10.642628,0.19340979,0.23478088,0.2889114,0.3757907,0.5493775,0.61016876
14.88418,11.234045,0.19284092,0.2529638,0.31567997,0.3969991,0.55317616,0.60755754
14.582393,10.768735,0.19272761,0.24774763,0.30684653,0.3886057,0.5492404,0.60618746
15.201774,10.894842,0.19364381,0.25595912,0.31920323,0.39685532,0.5481968,0.60220283
15.004859,11.800709,0.1928198,0.2548668,0.32037264,0.40328404,0.5587603,0.6115634
15.3224535,11.461506,0.19394808,0.2587997,0.32506508,0.40430132,0.55469346,0.6068879
15.443132,12.02817,0.19411643,0.26071268,0.3297459,0.4106322,0.56071603,0.61155456
19.58595,12.979759,0.19473208,0.13253152,0.16572149,0.25577602,0.41374105,0.45731184
19.112598,13.35915,0.19826658,0.15776654,0.19544835,0.28748465,0.44506243,0.4892525
18.639244,13.738541,0.19929762,0.18703793,0.23160702,0.3237422,0.47925624,0.5238975
19.03589,12.714363,0.19742826,0.15627238,0.19852978,0.28855848,0.4424707,0.48634258
18.562536,13.093754,0.19947568,0.18463151,0.23340248,0.32420656,0.47588664,0.51986486
18.48583,12.448967,0.19893129,0.18214296,0.23382209,0.3217161,0.47062424,0.5149618
17.48356,13.161841,0.19904263,0.23679891,0.3049448,0.39023334,0.534239,0.5786136
17.984695,12.805404,0.19979957,0.21224183,0.272542,0.35943362,0.50484395,0.5489358
18.061401,13.4501915,0.19950272,0.21429591,0.27261588,0.36187217,0.51023984,0.5542532
17.949434,12.184073,0.19944073,0.20763275,0.26802972,0.35186848,0.49564433,0.54055595
17.448301,12.54051,0.19941597,0.23399284,0.3018641,0.3845656,0.526307,0.57108337
16.947166,12.896948,0.19814755,0.25182375,0.32436475,0.40656403,0.5493875,0.5949085
17.41304,11.919179,0.19917938,0.22981803,0.29627812,0.37583262,0.51626617,0.56211495
16.911907,12.275617,0.19849794,0.24974445,0.3210611,0.4005983,0.541418,0.5875081
16.876646,11.654285,0.19828776,0.24596879,0.314981,0.3915357,0.5312798,0.578575
16.001423,12.281318,0.19585545,0.26281416,0.33484104,0.41444907,0.5597856,0.60846454
16.439035,11.967801,0.19734731,0.25773388,0.32909414,0.4068101,0.5485541,0.5963015
16.474295,12.589132,0.19712624,0.25970685,0.33300456,0.41328576,0.55659354,0.60356593
15.880744,11.714654,0.19567715,0.2614137,0.33103913,0.40870512,0.55372995,0.6035641
15.760064,11.14799,0.19519266,0.25876302,0.3254536,0.40120733,0.54661036,0.5980512
16.318356,11.401137,0.19687407,0.25577965,0.32462627,0.39993995,0.54145676,0.5906598
13.820582,8.733366,0.19545998,0.2517545,0.31263688,0.40007448,0.5812249,0.6531702
14.439398,8.929399,0.1900764,0.24729009,0.3057074,0.38526276,0.551104,0.61707664
15.058212,9.125431,0.18836473,0.24576297,0.30421668,0.37783766,0.532459,0.5938836
13.86787,9.393095,0.19715123,0.2428458,0.2980127,0.38273555,0.5587046,0.62582237
14.486686,9.589128,0.19297518,0.2465128,0.30306503,0.3819908,0.54463065,0.60657215
13.915158,10.052824,0.19551194,0.23781466,0.2915553,0.3766788,0.55058986,0.6139493
15.15392,10.305038,0.19318189,0.25286394,0.31352732,0.3892471,0.54109025,0.5971013
14.534539,10.178931,0.19319761,0.2470062,0.30429515,0.3842262,0.5454557,0.60462445
15.106067,9.715235,0.19180395,0.24931657,0.30813077,0.38236186,0.5351738,0.5935958
14.392287,7.4143662,0.15146254,0.2595013,0.34468928,0.44153422,0.6340392,0.7127785
13.995447,7.7886887,0.17256536,0.2671375,0.34660947,0.44387707,0.6365254,0.7137187
13.598607,8.163011,0.19140102,0.27003795,0.34347478,0.44043085,0.6356052,0.71266973
13.964491,7.218986,0.14912726,0.28493538,0.38522112,0.4975106,0.7058745,0.7821007
13.567651,7.5933084,0.17461772,0.29322502,0.38542908,0.49565676,0.70379907,0.779758
13.5366955,7.023606,0.15045473,0.3234164,0.44048348,0.56853014,0.7843487,0.8504745
14.614263,7.984721,0.17067799,0.24798012,0.31650892,0.39975607,0.57266814,0.6455781
14.836238,8.555077,0.182301,0.24470143,0.3054255,0.38184336,0.54299027,0.6093011
14.2174225,8.359043,0.18468001,0.25246388,0.31725654,0.40260518,0.57852316,0.65040535
13.511635,6.492283,0.12962851,0.35757875,0.5020117,0.6458432,0.85030276,0.90197223
13.9143715,6.15634,0.1075881,0.33739203,0.49407762,0.6413371,0.84440905,0.8969403
13.939431,6.687663,0.12551714,0.30793324,0.43375266,0.5637986,0.77941656,0.84645325
14.342168,6.3517203,0.105648994,0.28898045,0.42335662,0.5549227,0.77171725,0.84022135
14.367228,6.8830433,0.12720005,0.27121592,0.37742388,0.48939282,0.69846475,0.77649105
13.542026,5.960127,0.11454577,0.391127,0.56529224,0.71829283,0.8945335,0.93341136
18.962,12.074099,0.19561154,0.154861,0.20000465,0.28647766,0.43772507,0.4822838
19.438171,11.69923,0.18889192,0.13224071,0.1716671,0.25493354,0.4069773,0.45177996
19.512062,12.339495,0.19246662,0.13238522,0.16951832,0.25696155,0.41156396,0.45529458
19.988234,11.964626,0.18376103,0.112442635,0.14454058,0.22835022,0.38307148,0.4270027
20.062122,12.604891,0.187838,0.1114488,0.1403074,0.22736411,0.3854065,0.4287552
20.54106,12.230293,0.17693824,0.09335489,0.11765821,0.20066181,0.35886666,0.402596
16.683226,9.948105,0.19218613,0.23009829,0.29082143,0.3590189,0.49950707,0.5524617
16.7477,10.516832,0.19550407,0.23664473,0.3001764,0.37099633,0.51074976,0.5615372
16.812172,11.085559,0.19736804,0.24196078,0.30837184,0.38203105,0.52151555,0.5704016
16.189407,10.263684,0.19422863,0.24632142,0.30929986,0.37984693,0.5218779,0.5747462
16.253881,10.832411,0.19599581,0.25165308,0.31757015,0.39043993,0.5319919,0.58287597
15.695591,10.579263,0.19442393,0.25487104,0.3186482,0.3923504,0.5381208,0.59136504
15.6477375,9.989459,0.192764,0.24980268,0.31092834,0.38263357,0.52900255,0.58439237
15.599884,9.399655,0.18933423,0.24400975,0.30335295,0.37354377,0.52103025,0.5789622
16.141554,9.673881,0.19080926,0.23934163,0.29970548,0.36809596,0.51097125,0.5661534
19.37276,11.072372,0.18365094,0.13162237,0.17164077,0.24970266,0.39978692,0.44626948
18.89659,11.447241,0.19251741,0.1531864,0.19944893,0.28130996,0.43065596,0.47659448
18.420418,11.822109,0.19748414,0.17921582,0.2321975,0.31614542,0.46317968,0.50859827
18.831179,10.820383,0.18769197,0.15122205,0.19711927,0.2736393,0.42160228,0.46945432
18.355007,11.195251,0.19478214,0.17609452,0.22899038,0.3082412,0.45402846,0.5010892
18.289597,10.568393,0.19029291,0.1724222,0.22397411,0.29815844,0.44326222,0.49241364
17.34763,11.292321,0.19808361,0.2254896,0.28992924,0.3658456,0.5056635,0.55314255
17.818613,10.930357,0.19575727,0.19927017,0.2576828,0.33324015,0.47536132,0.5235526
17.884024,11.557215,0.19822407,0.20383441,0.2637537,0.34363645,0.4862566,0.53257877
17.218683,10.154868,0.1925143,0.2145938,0.27405122,0.34332618,0.48367146,0.5350931
17.75414,10.36163,0.1919697,0.19451226,0.25089753,0.32246736,0.46462163,0.5148403
17.283155,10.723595,0.19604078,0.22061425,0.28269756,0.35522768,0.4950627,0.544375
16.505432,8.588375,0.17303865,0.21064295,0.2674515,0.33163783,0.4764942,0.5361786
16.564697,9.041618,0.18185872,0.2177926,0.2752206,0.34023908,0.48305625,0.5401473
16.62396,9.494862,0.18800645,0.22429143,0.28310782,0.34951624,0.49095738,0.54585546
16.023026,8.767394,0.17975187,0.22773269,0.28622818,0.35282066,0.4988117,0.55862993
16.08229,9.220637,0.18643409,0.23376212,0.29275414,0.35996416,0.5040616,0.56135833
15.540619,8.946412,0.18465707,0.23953818,0.29852358,0.36830124,0.51755834,0.57796395
15.761372,7.538143,0.14463833,0.2134592,0.27902517,0.35044366,0.5115507,0.58337706
15.526985,8.067239,0.1657722,0.22857103,0.29083204,0.36174333,0.5173886,0.5843817
15.292599,8.596335,0.18023728,0.2393052,0.29920757,0.3709788,0.5248404,0.58849436
15.305011,7.4968843,0.14644605,0.22789726,0.2985882,0.37637398,0.54545176,0.6203108
15.070624,8.02598,0.16787772,0.23851824,0.3034857,0.3798064,0.5428449,0.6126794
14.848649,7.4556255,0.14845812,0.24263053,0.3197295,0.4060192,0.58583313,0.663379
16.257412,8.238298,0.16559562,0.21127087,0.2693836,0.3344692,0.48242292,0.5450925
15.775005,8.417316,0.17370088,0.22784528,0.2874059,0.35543582,0.50523096,0.5681659
16.009392,7.888221,0.15618457,0.2119569,0.27273366,0.34002846,0.49301147,0.5596191
15.494682,6.3079267,0.0934662,0.20959684,0.3084034,0.40766352,0.6184689,0.70623654
15.127217,6.6767397,0.11093942,0.23083061,0.3263308,0.42372498,0.62487936,0.70918167
14.759752,7.045553,0.13059059,0.24782881,0.33857268,0.435328,0.6305608,0.7117853
15.102158,6.1454167,0.090483926,0.23488256,0.3553374,0.47291288,0.6947369,0.7760182
14.734693,6.5142303,0.10729207,0.25557128,0.36939123,0.48335955,0.6970783,0.7766913
14.709633,5.9829073,0.08920378,0.26895046,0.41442195,0.5511071,0.77130747,0.83978975
15.672476,7.128071,0.12738785,0.20992006,0.28236684,0.3591366,0.5319355,0.61013126
15.216114,7.086812,0.12882878,0.22782288,0.30848882,0.39398056,0.57708746,0.6577886
15.583579,6.717999,0.10961974,0.20824777,0.29129964,0.37685254,0.5666071,0.6511982
15.458166,5.898481,0.08008514,0.21153171,0.33062422,0.44798985,0.67720395,0.7618553
15.065641,5.735971,0.078924224,0.24326009,0.39066947,0.52909535,0.75615865,0.82761884
14.673116,5.5734615,0.079969004,0.28528732,0.4622147,0.6168954,0.82464385,0.88064104
15.42165,5.489035,0.07022334,0.21725923,0.36400396,0.50469214,0.7407913,0.81542283
15.029124,5.326525,0.070989124,0.25607684,0.4376715,0.5970897,0.8118366,0.87045366
14.742238,5.136812,0.072235934,0.29484358,0.50715286,0.67423904,0.8604969,0.90651137
18.758755,10.188165,0.18056408,0.14876804,0.19316274,0.26396975,0.41090238,0.46110132
19.227913,9.807938,0.16638812,0.12877756,0.16646592,0.2325359,0.37942666,0.43055853
19.300337,10.440155,0.17632619,0.13068628,0.17002045,0.24218567,0.39060846,0.4392563
19.769495,10.059927,0.16083005,0.11310322,0.1463717,0.21347319,0.36097547,0.4103782
19.841919,10.692144,0.17056766,0.11357429,0.14768283,0.22099543,0.3706809,0.41784236
20.321531,10.312527,0.15367797,0.097710125,0.12613684,0.19415212,0.3426039,0.39050335
19.130726,9.1765585,0.15394425,0.12631696,0.16219307,0.22251186,0.36783758,0.42167294
18.66157,9.556787,0.1708435,0.14604023,0.18846601,0.2537028,0.39979267,0.4526626
18.192411,9.937015,0.18357784,0.1690771,0.2187001,0.28776914,0.43251315,0.4841555
18.564383,8.925408,0.15761915,0.14170973,0.18201002,0.24217157,0.3875694,0.44333473
18.095226,9.305636,0.17361997,0.16420682,0.21147408,0.27583462,0.4206492,0.47508886
17.99804,8.674258,0.15954866,0.15765159,0.20276815,0.2631138,0.40839034,0.46594498
17.121496,9.523489,0.18615468,0.20750722,0.26428118,0.330329,0.47173962,0.5258377
17.559769,9.098874,0.17540814,0.18209769,0.23360251,0.29734826,0.44093394,0.49665517
17.656954,9.730252,0.18546207,0.18911204,0.24303411,0.31039408,0.45298684,0.50578856
17.002968,8.6170025,0.1696722,0.19387567,0.24789792,0.31063807,0.45493045,0.5136467
17.500504,8.64563,0.16522536,0.17565708,0.22569732,0.2873327,0.4320559,0.49014097
17.062233,9.070246,0.17921236,0.20106743,0.25619942,0.32035676,0.46296474,0.5192171
17.048016,7.6490703,0.13718674,0.17045125,0.22302727,0.283993,0.4346011,0.5002537
17.36469,7.9907994,0.14631195,0.16691527,0.21636018,0.27612388,0.42352235,0.48579833
17.681364,8.332529,0.15373215,0.16272354,0.20979083,0.26943213,0.41526055,0.4749607
16.867155,7.962172,0.15098186,0.18417409,0.238406,0.30047268,0.44880942,0.512159
17.183828,8.303901,0.15894343,0.18034679,0.23218274,0.29352394,0.43937117,0.49977076
16.686293,8.275273,0.16309582,0.19776988,0.25339514,0.3164905,0.46284568,0.52420765
16.438272,7.925196,0.15385142,0.19853158,0.25624734,0.3205734,0.47055677,0.53529495
16.190252,7.575119,0.14264114,0.19940922,0.26073802,0.3277839,0.48383358,0.55311966
16.619135,7.6120944,0.14019974,0.18493567,0.24203496,0.30576032,0.4585324,0.5257677
15.937877,6.3756,0.09325108,0.18717124,0.27049336,0.35641652,0.55482775,0.64360076
16.38107,6.4432735,0.093065076,0.16877516,0.23969708,0.31516433,0.50085217,0.58722186
16.824263,6.510947,0.09265888,0.15327491,0.21423447,0.281572,0.45599392,0.5384948
16.026773,6.785672,0.10956846,0.1896435,0.26214263,0.33828348,0.51674736,0.59870934
16.469967,6.853346,0.109213196,0.17330259,0.23711915,0.30614626,0.47542533,0.5538116
16.11567,7.1957445,0.1270287,0.19407938,0.25952587,0.32973477,0.49423087,0.56900966
16.97343,7.2696958,0.122450344,0.1643642,0.2184536,0.28024152,0.43567535,0.5055652
16.54455,7.2327204,0.12499215,0.17887348,0.23856734,0.30417922,0.46349055,0.5356149
16.898848,6.8903213,0.10723256,0.15850922,0.21524015,0.27897462,0.44188598,0.51733017
16.287933,5.484116,0.06472836,0.16147405,0.26321843,0.3706602,0.61225593,0.7073561
16.023516,5.7587194,0.07265945,0.1768388,0.27801952,0.38235486,0.61311585,0.7059979
15.7591,6.033323,0.08224812,0.19311553,0.29349896,0.395099,0.6153292,0.7057027
15.987,5.3492737,0.0636212,0.17816631,0.30232385,0.42964444,0.6784423,0.7650147
15.722583,5.6238775,0.07106359,0.19449453,0.31632194,0.43835735,0.6773284,0.7630877
15.686067,5.214432,0.06317509,0.19980587,0.3516224,0.49959067,0.74241585,0.8168559
16.46671,5.826393,0.072144575,0.15600878,0.238251,0.32588127,0.5423888,0.6385055
16.645487,6.16867,0.08156785,0.15362611,0.2230247,0.2980454,0.49044335,0.58076894
16.202293,6.1009965,0.08185832,0.17118986,0.25417435,0.34093747,0.5480688,0.6404915
16.258272,5.1555996,0.058834936,0.16254611,0.2835952,0.4111359,0.66696644,0.756147
15.957338,5.0207577,0.058516074,0.1822011,0.33184204,0.48176888,0.73207736,0.8089062
15.656405,4.8859153,0.058944304,0.20768419,0.3911015,0.55957896,0.7898161,0.85334027
16.228611,4.8270836,0.054616384,0.16637434,0.31365255,0.46505818,0.7220748,0.8013014
15.927677,4.692241,0.05504305,0.1896519,0.3723791,0.54398966,0.7808745,0.84659445
15.707241,4.5359063,0.055463403,0.21284404,0.43100008,0.61315584,0.8242398,0.87897253
19.656572,8.829868,0.13430502,0.107858494,0.13793314,0.1933773,0.33615294,0.3902831
19.090229,8.578717,0.1383436,0.12099328,0.15487096,0.21016172,0.35375595,0.41013226
18.523886,8.327567,0.14073876,0.13446513,0.17267177,0.2285333,0.3732862,0.4319158
19.616074,8.232027,0.11823408,0.10300269,0.1318302,0.1825643,0.3226208,0.37897542
19.04973,7.9808764,0.12049528,0.1144495,0.14705259,0.19815955,0.339873,0.39882565
20.123144,8.43871,0.11454622,0.09286277,0.11849296,0.16928118,0.30848002,0.36284158
18.18736,6.9039664,0.09532032,0.11977509,0.15984291,0.21133232,0.359511,0.42826438
18.650099,7.1473727,0.09849123,0.11208382,0.14750163,0.19648202,0.3393248,0.40392837
19.112839,7.390779,0.10049685,0.10453413,0.13616365,0.18375766,0.32318565,0.38448182
18.124252,7.4940634,0.11767837,0.13231206,0.17264815,0.22621194,0.37279752,0.43706188
18.586992,7.73747,0.11978816,0.12337274,0.15949006,0.21139862,0.35508484,0.4165313
18.061146,8.084161,0.14002648,0.14504488,0.18721095,0.24387604,0.38980427,0.45048508
17.427797,7.4007025,0.122866586,0.15193948,0.20018259,0.25841483,0.40960544,0.47661126
17.807579,7.152334,0.10863031,0.13503973,0.17886208,0.23377411,0.3841982,0.4523221
17.744473,7.7424316,0.13220695,0.14876704,0.19358078,0.2505084,0.3982148,0.46163714
17.353212,7.021328,0.1083382,0.14624265,0.19595888,0.2547494,0.41059047,0.48201466
17.27863,6.6419535,0.094171025,0.14077915,0.19308893,0.2535618,0.41685912,0.4941115
17.732994,6.7729597,0.095088355,0.12978683,0.17529622,0.23063336,0.38542458,0.4580809
17.736452,5.937874,0.06884305,0.114746496,0.16592307,0.22489843,0.3977707,0.48430616
17.886755,6.259905,0.076833494,0.116138816,0.16237865,0.21730143,0.37787992,0.4569085
18.037058,6.5819354,0.0857766,0.117908515,0.16058302,0.21320704,0.3660472,0.43920878
17.432388,6.128898,0.07574697,0.12651019,0.18045698,0.24205665,0.4162968,0.5018249
17.582691,6.450929,0.084988065,0.12795164,0.17695822,0.23457316,0.39693236,0.47525263
17.128326,6.3199224,0.08370386,0.13934264,0.19661514,0.26112187,0.43593398,0.5200738
17.131416,5.458971,0.060592767,0.12619977,0.1982929,0.27825028,0.4960109,0.59702873
17.029032,5.80963,0.06896842,0.13415688,0.20083566,0.27439973,0.47448826,0.56987405
16.926647,6.1602883,0.079660304,0.1432399,0.20637417,0.2760533,0.4617371,0.5505911
16.850254,5.467353,0.06186884,0.13645925,0.21687925,0.3049206,0.53250366,0.6332114
16.747871,5.8180113,0.07052766,0.14445852,0.21833488,0.29851228,0.5071425,0.6034494
16.569094,5.475734,0.06323685,0.14811692,0.23838727,0.33565432,0.5714993,0.67026
17.534773,5.7782397,0.06587897,0.11787037,0.17443037,0.23846821,0.42364413,0.51568115
17.230711,5.969264,0.072256915,0.12998483,0.1895559,0.25628316,0.44215235,0.53278464
17.333094,5.618605,0.06310952,0.12160719,0.18496825,0.2558038,0.45608643,0.5533168
16.8937,4.7359443,0.05078801,0.13221696,0.24540487,0.3713011,0.63757235,0.7328078
16.691776,4.985335,0.05445818,0.14065912,0.24876265,0.36727205,0.62729776,0.7233179
16.489855,5.2347255,0.05904627,0.15049998,0.25493276,0.36736315,0.61887646,0.71482325
16.662115,4.6568184,0.0508925,0.14360961,0.27615243,0.41911656,0.68545485,0.77246344
16.460194,4.906209,0.054418635,0.15233675,0.27836126,0.41320443,0.6756516,0.76402986
16.430532,4.577693,0.051216416,0.15731837,0.31284493,0.47254747,0.73083663,0.8084308
17.052177,5.2179623,0.056561615,0.1268038,0.20892163,0.30027992,0.5373403,0.6403198
16.771015,5.2263436,0.057741623,0.1378163,0.23016761,0.33147636,0.57730144,0.6776977
16.972939,4.976953,0.053314384,0.12868594,0.22414525,0.33081314,0.58557004,0.6866848
16.862455,4.5021906,0.048795108,0.13548633,0.26827788,0.4129551,0.68129766,0.7692564
16.630873,4.423065,0.0491394,0.14842165,0.30450678,0.4659111,0.726517,0.80519587
16.39929,4.3439393,0.04972967,0.16402718,0.34702817,0.5226095,0.76804036,0.83708966
16.831213,4.2684374,0.047339372,0.14080282,0.29836893,0.46157983,0.7231874,0.8025984
16.59963,4.1893115,0.04792786,0.15562731,0.3405538,0.5176353,0.7645853,0.8344852
16.434433,4.078442,0.04830634,0.17004359,0.3837824,0.56980914,0.7985389,0.8599389
19.51978,6.6808,0.075846896,0.08598558,0.11553388,0.15927733,0.294458,0.35743532
19.547678,7.1574926,0.088058494,0.09160635,0.12028171,0.16521911,0.30092064,0.36142895
19.057041,6.4373937,0.07349493,0.09181004,0.12557985,0.17119052,0.31142986,0.378884
19.08494,6.9140863,0.086250365,0.09818212,0.13049935,0.17655145,0.31544656,0.3793363
18.6222,6.67068,0.08349908,0.104932226,0.14156602,0.18972428,0.3339641,0.40229335
19.968695,6.7895665,0.074496984,0.07913343,0.1052599,0.1475963,0.27966526,0.34004578
18.596548,5.69798,0.059650473,0.090977885,0.13323525,0.18475029,0.34343633,0.4248636
18.89499,5.866689,0.061618842,0.08721635,0.12503992,0.17304336,0.32194895,0.3973106
19.193436,6.035398,0.06351727,0.0837738,0.11789931,0.16339394,0.3053001,0.37574872
18.460152,6.0999756,0.069007225,0.099550165,0.1403575,0.19047806,0.34293482,0.41914037
18.758596,6.2686844,0.07134847,0.095573284,0.13257554,0.18005453,0.32538295,0.39674163
18.323755,6.501971,0.08092476,0.10925758,0.14927936,0.19954458,0.34897745,0.42106575
18.02315,5.857909,0.06550933,0.106115974,0.15404154,0.21005373,0.3779374,0.46298558
18.309849,5.7779446,0.06244972,0.09819665,0.14319582,0.19673787,0.3598123,0.44311568
18.173452,6.17994,0.07276323,0.10752602,0.150902,0.20322317,0.35970035,0.43741584
17.950888,5.197413,0.053396653,0.09974597,0.15867996,0.22710386,0.42840382,0.5283749
18.166107,5.3642683,0.055319563,0.0962922,0.14830267,0.20924616,0.39305013,0.48691848
18.381329,5.531124,0.057418585,0.09342808,0.14002538,0.1955205,0.36517936,0.45260075
17.87941,5.444233,0.057625547,0.104088016,0.15972544,0.22360782,0.41336575,0.5090136
18.09463,5.6110888,0.059959907,0.10090098,0.15060969,0.20851469,0.38331065,0.47266996
17.80793,5.6910534,0.06273781,0.109132424,0.16222928,0.2230831,0.40340924,0.49444947
17.606253,5.5314193,0.060239807,0.11243677,0.17169927,0.23876323,0.43385413,0.5305473
17.404573,5.371785,0.057961553,0.116461135,0.18360765,0.25904462,0.4716205,0.5729511
17.67773,5.284599,0.055570718,0.107663274,0.17047141,0.24205662,0.44899958,0.54995173
17.471249,4.7794833,0.049441155,0.110796995,0.19609906,0.29482216,0.54451215,0.64947754
17.357971,5.005979,0.05245704,0.11504814,0.19478542,0.28549477,0.5249193,0.6298246
17.244694,5.2324753,0.056133762,0.12023137,0.19565663,0.28019854,0.5087181,0.61222374
17.278732,4.7649703,0.0498416,0.117173314,0.21059401,0.31751984,0.5747226,0.6775879
17.165455,4.991466,0.052864913,0.1215138,0.2085875,0.3068239,0.5546031,0.6582034
17.086216,4.7504573,0.050286595,0.124273434,0.2269439,0.34296796,0.6059136,0.705507
17.631128,4.918793,0.05057637,0.10634767,0.18079682,0.2670542,0.5009441,0.6065708
17.791008,5.058103,0.051899817,0.10272242,0.16854768,0.24481605,0.4620108,0.5657349
17.51785,5.145289,0.05391449,0.11098535,0.1813117,0.26132554,0.48434627,0.5883555
17.351923,4.2259502,0.045290478,0.11865769,0.24640338,0.38949433,0.65900046,0.75055486
17.199183,4.3959484,0.04685468,0.122237384,0.24390753,0.38063666,0.6505169,0.7438474
17.04644,4.565946,0.048671715,0.12677585,0.24367711,0.37467378,0.64345825,0.7379842
17.167938,4.1621947,0.045528468,0.12722793,0.27265638,0.42878145,0.69524294,0.7801914
17.015198,4.332193,0.04703757,0.13083918,0.2692375,0.4194611,0.6876451,0.7743603
16.983955,4.098439,0.04587994,0.1371529,0.30270335,0.47102046,0.72987,0.80760455
17.431473,4.594972,0.047754463,0.11235306,0.2087789,0.32066023,0.58163375,0.68400466
17.238956,4.580459,0.048186313,0.1191575,0.22517964,0.3462553,0.61235243,0.7113202
17.391699,4.4104614,0.046379007,0.11490747,0.22528312,0.35222197,0.6202302,0.71800125
17.256845,3.8923662,0.044069726,0.13030624,0.30147034,0.4732923,0.7295226,0.80651325
17.304384,4.0591583,0.044574033,0.123747244,0.27134982,0.4294462,0.6948975,0.7795276
17.072863,3.828611,0.04456234,0.14133579,0.3354835,0.5167744,0.7615083,0.83126694
17.120401,3.9954028,0.044936188,0.13343893,0.3014172,0.47129792,0.7291851,0.8067502
16.936417,3.9316473,0.04542409,0.14468312,0.33537242,0.5151756,0.76146156,0.8316716
16.954882,3.7265782,0.044822868,0.15210235,0.3715156,0.559785,0.7898861,0.8524962
18.871696,5.4919605,0.055061962,0.08330791,0.12402666,0.17521004,0.3341423,0.41617662
19.146847,5.285941,0.051223416,0.07676621,0.11587126,0.16724382,0.32765818,0.41046622
19.170141,5.66067,0.056721654,0.07984724,0.11604349,0.16348906,0.3121068,0.38788086
19.445292,5.4546504,0.052616183,0.073553756,0.10800549,0.15524636,0.30466315,0.38112262
19.468586,5.8293786,0.05834702,0.07672238,0.10915134,0.15389101,0.2950892,0.36580142
19.813742,5.5006332,0.052051406,0.06878859,0.09920768,0.14375001,0.28686124,0.35939264
18.642685,4.758744,0.046405166,0.08242564,0.13726608,0.20723923,0.410827,0.51077557
18.902454,4.8658032,0.046906687,0.07821909,0.12611695,0.18863627,0.37655035,0.47130278
19.162226,4.9728627,0.0474441,0.07455765,0.11678736,0.17346422,0.3479571,0.43715662
18.627306,5.0718226,0.049874224,0.08416452,0.13318117,0.19401263,0.37823007,0.47230908
18.887075,5.1788816,0.05054478,0.08024926,0.12386815,0.17938675,0.3504902,0.43878034
18.611927,5.384901,0.05423825,0.08709972,0.13218515,0.18721925,0.35645166,0.44395646
18.181486,5.05119,0.050759986,0.09317851,0.1505973,0.21893838,0.42034754,0.5205336
18.412086,4.904967,0.04844584,0.087411776,0.14345418,0.2123141,0.41442817,0.51458466
18.396708,5.218045,0.0524181,0.08985113,0.14034323,0.20099314,0.38466203,0.47868815
17.66013,4.6430664,0.04757877,0.105116196,0.19008781,0.29024467,0.5410339,0.64626276
17.620354,4.458555,0.04611414,0.1070069,0.20367387,0.317583,0.5790941,0.68146664
17.58058,4.2740445,0.044927053,0.109939046,0.22137609,0.3508244,0.61856705,0.716082
17.84901,4.5066495,0.045922305,0.10016461,0.18526708,0.28757384,0.5392955,0.64432514
17.809235,4.322139,0.044650257,0.1024325,0.19998825,0.3166856,0.57839733,0.68023825
18.037891,4.3702326,0.044441666,0.09592508,0.1817026,0.28691715,0.5395275,0.64387715
18.441086,4.62924,0.045634102,0.08613175,0.14894919,0.22822197,0.44856092,0.5522294
18.210487,4.775463,0.047537874,0.091219,0.15501012,0.23277578,0.4519018,0.5559833
17.979889,4.921686,0.04969363,0.09713319,0.1621915,0.2391749,0.45769817,0.56186175
18.239489,4.4997363,0.04497353,0.09056429,0.16348527,0.25443304,0.4917612,0.5971284
18.00889,4.6459594,0.04675037,0.09576758,0.16936526,0.2584407,0.49509323,0.6010137
17.82001,4.7823763,0.048550412,0.10071875,0.1745821,0.26191783,0.4971403,0.60310817
17.370321,3.728873,0.043185964,0.13095011,0.3165321,0.4953719,0.74419284,0.8169825
17.531334,3.7321715,0.042649765,0.12398912,0.29740202,0.47132763,0.72535217,0.8018767
17.41786,3.895665,0.04353811,0.123352826,0.28272143,0.44860834,0.70932436,0.7902955
17.578873,3.8989637,0.043049295,0.11703641,0.26544732,0.425154,0.6888752,0.7735205
17.465397,4.062457,0.044087034,0.11739077,0.25449467,0.40569174,0.6732068,0.76166624
17.694054,4.110551,0.043680005,0.10858094,0.22815093,0.36611274,0.6340397,0.72861826
17.807528,3.9470577,0.042598505,0.10805312,0.23759831,0.38476026,0.65117395,0.74203753
17.922709,4.158645,0.043360397,0.101002574,0.20551142,0.3307137,0.59480387,0.6940804
17.416197,3.5577784,0.042666923,0.13622768,0.34530076,0.5329804,0.76884264,0.83479387
19.286812,4.60135,0.043692984,0.07183119,0.118386984,0.1840517,0.3782333,0.47343108
19.354404,4.840636,0.04567856,0.07126831,0.112516604,0.17014278,0.34730428,0.43699425
19.027042,4.4942904,0.04333773,0.075764865,0.12983964,0.2039451,0.41345134,0.51307034
19.094633,4.7335763,0.04521661,0.074780636,0.12188597,0.1857675,0.3764543,0.4714265
18.834864,4.6265173,0.04479256,0.07883321,0.13313517,0.20491286,0.41112873,0.5109634
19.566044,4.582934,0.043018945,0.06812037,0.11053613,0.17305662,0.3612917,0.453829
19.053751,4.2491107,0.04157133,0.07622288,0.1383838,0.22486725,0.45152527,0.552823
18.861572,4.3813376,0.04281647,0.07876184,0.14019123,0.22310588,0.44624034,0.54837525
18.669394,4.513564,0.04418747,0.081814125,0.14304996,0.22307047,0.44323018,0.54599595
18.888283,4.136158,0.041192487,0.079784036,0.15163548,0.24926107,0.48854142,0.5904361
18.696104,4.2683845,0.042367578,0.08226918,0.15272458,0.24613048,0.4826379,0.58590394
18.467796,4.3840604,0.04361311,0.08609756,0.15756121,0.24941884,0.48599893,0.5904546
18.2662,4.2545567,0.04315644,0.09127534,0.17574601,0.2819225,0.53320897,0.6368106
18.494507,4.1388807,0.0419777,0.0873168,0.17108384,0.27899748,0.5294639,0.63185346
18.16873,3.9350014,0.04164386,0.09783553,0.21040474,0.3455741,0.6094858,0.70494527
18.10331,4.152617,0.042900972,0.096243516,0.1935396,0.312774,0.5730717,0.67396164
18.053547,3.723414,0.041107416,0.10595504,0.24758933,0.40550637,0.66744864,0.75321907
17.988129,3.9410295,0.04210656,0.10269916,0.22338517,0.3644012,0.63004297,0.72347593
17.872948,3.7294421,0.041613344,0.11151836,0.26294348,0.42622456,0.6867391,0.7698324
18.397038,3.8193254,0.04063083,0.094317526,0.20776244,0.3457238,0.6080568,0.7018456
18.559925,3.9212651,0.040720027,0.088735215,0.18600702,0.30972123,0.5677231,0.6658193
18.331617,4.036941,0.04176698,0.092152506,0.18901893,0.31003487,0.5689693,0.668742
17.96623,3.5358236,0.040830765,0.11500517,0.28834763,0.46507335,0.7161796,0.7916071
19.131296,4.0261364,0.040142056,0.076746576,0.14809552,0.24789579,0.48766974,0.5879332
18.561043,3.6822255,0.03975412,0.09344699,0.21416952,0.36004204,0.62139153,0.7114591
