x,y,pred_e_220,pred_e_2216,pred_e_2230,pred_e_2243,pred_e_2263,pred_e_2271
1.8311099,38.687588,-0.00028706808,-0.00020934254,-0.00018297607,-0.00035225373,-0.0009557236,-0.0010078998
2.074575,38.61109,-0.00028731805,-0.00019281512,-0.00013970834,-0.00029413015,-0.0009100655,-0.000978387
2.3180404,38.53459,-0.00028801887,-0.00017388731,-9.418303e-05,-0.00023391181,-0.000860456,-0.0009445568
2.5615056,38.458096,-0.00028905575,-0.0001523419,-4.6522917e-05,-0.00017208034,-0.0008071871,-0.0009064675
1.993373,38.8901,-0.0002950174,-0.00019002706,-0.00012728125,-0.00027447063,-0.0009027215,-0.000985813
2.2464602,38.80496,-0.000295286,-0.00017017967,-8.023864e-05,-0.00021242481,-0.0008506334,-0.00094927696
2.4995472,38.719814,-0.00029588086,-0.00014757329,-3.106767e-05,-0.00014891487,-0.0007949448,-0.0009084466
2.17488,39.07532,-0.0003024463,-0.00016638881,-6.633216e-05,-0.00019091826,-0.0008392165,-0.00095193676
2.4375892,38.981537,-0.0003026014,-0.0001427508,-1.5749514e-05,-0.00012584812,-0.00078125723,-0.0009084929
2.3756309,39.24326,-0.00030921536,-0.0001379214,-6.623864e-07,-0.000102994265,-0.00076630194,-0.00090676313
1.4549216,37.968254,-0.0002601418,-0.0002472096,-0.00031774765,-0.0005441716,-0.0010458543,-0.0010009747
1.7320184,37.959023,-0.0002620446,-0.00023352343,-0.00027115495,-0.00048024635,-0.0010112376,-0.0009921921
2.0091152,37.949795,-0.00026493878,-0.00021719509,-0.00022036272,-0.00041044195,-0.00096791226,-0.00097490125
2.286212,37.940563,-0.0002686301,-0.00019747645,-0.00016520744,-0.00033527333,-0.0009160221,-0.0009488912
1.5621117,38.218517,-0.00026938456,-0.00023762853,-0.00027907663,-0.0004888387,-0.0010281396,-0.0010152473
1.8483115,38.204044,-0.00027155536,-0.00022131378,-0.00022740751,-0.0004177683,-0.0009836506,-0.0009969486
2.1345112,38.18957,-0.00027461202,-0.00020164806,-0.00017134934,-0.00034119945,-0.0009304424,-0.00096979097
1.6875077,38.458294,-0.00027835066,-0.00022517926,-0.00023415667,-0.00042473848,-0.0009981006,-0.001017705
1.9828106,38.43858,-0.00028076535,-0.00020560056,-0.0001772645,-0.00034684426,-0.00094365055,-0.0009894462
6.447986,38.965843,-0.00033170395,-0.0001572538,-8.105022e-05,2.8214872e-05,-0.00018100173,-0.00022992569
6.6878014,39.15118,-0.0003441505,-0.00027942902,-0.00027555187,-0.00014304,-0.00025885922,-0.00026982074
6.9276166,39.336517,-0.0003593195,-0.00040773302,-0.00047912245,-0.00033681424,-0.00036237412,-0.0003310128
7.167432,39.521854,-0.0003771277,-0.0005365668,-0.0006812473,-0.00054321747,-0.00049054483,-0.00041395504
6.282333,39.28026,-0.00032935257,-0.00015235144,-6.82953e-05,4.903692e-05,-0.00018064766,-0.00024409896
6.5301204,39.48429,-0.00034150868,-0.00027974873,-0.00027146822,-0.00012730437,-0.00025891524,-0.0002838257
6.777908,39.68832,-0.0003566701,-0.00041448028,-0.00048584683,-0.00032950335,-0.00036514955,-0.00034664373
6.116679,39.59467,-0.00032772214,-0.00014708359,-5.4965793e-05,7.039994e-05,-0.00017835957,-0.00025617008
6.372439,39.817398,-0.00033954458,-0.00027933926,-0.00026629478,-0.00011040169,-0.00025653082,-0.000295291
5.951026,39.909084,-0.00032676774,-0.00014152341,-4.1221916e-05,9.2078146e-05,-0.0001743508,-0.0002662776
7.1331334,38.76385,-0.00036282223,-0.0003797992,-0.00044146352,-0.00032060628,-0.00033752542,-0.00029156834
7.450928,38.849033,-0.00038509566,-0.0005193618,-0.000660533,-0.00054956635,-0.00047827416,-0.00037695342
7.768723,38.934216,-0.00041076978,-0.0006538635,-0.00086723844,-0.0007793782,-0.000646622,-0.0004896098
8.086518,39.019398,-0.00043939333,-0.00077986973,-0.0010565257,-0.0009988978,-0.0008354364,-0.0006273063
7.144566,39.01652,-0.00036725955,-0.00043242294,-0.00052207534,-0.00039410382,-0.00038680082,-0.00033068378
7.462616,39.10311,-0.0003901947,-0.0005716575,-0.0007396508,-0.00062635547,-0.000537474,-0.00042554934
7.7806654,39.189705,-0.0004164402,-0.0007044612,-0.0009426244,-0.0008556948,-0.0007140148,-0.000547303
7.1559987,39.269188,-0.0003720291,-0.0004847482,-0.0006021165,-0.000468427,-0.00043784696,-0.00037150198
7.4743032,39.357193,-0.0003956228,-0.00062312133,-0.00081728725,-0.0007027279,-0.0005979324,-0.0004756854
8.828586,38.68565,-0.000504576,-0.0009524916,-0.0013090256,-0.0013201596,-0.0011559417,-0.0008693362
8.578567,38.79061,-0.0004813431,-0.00089696865,-0.001228942,-0.0012179192,-0.0010472067,-0.00078245025
8.33121,38.90186,-0.00045958514,-0.0008393789,-0.001144775,-0.0011106682,-0.0009396878,-0.0007013908
8.630538,38.502308,-0.0004812947,-0.00086472457,-0.001182226,-0.0011734815,-0.0009950803,-0.0007280949
8.381851,38.610413,-0.00045902948,-0.00080565363,-0.0010957508,-0.0010644259,-0.00088824757,-0.00064899406
8.135827,38.724808,-0.00043836862,-0.00074465567,-0.0010050954,-0.0009508465,-0.0007852636,-0.00057735975
8.432491,38.318966,-0.0004588744,-0.0007710932,-0.0010454383,-0.0010167551,-0.000834642,-0.000595105
8.185135,38.430214,-0.0004377361,-0.0007086001,-0.00095238356,-0.0009014414,-0.00073317485,-0.0005260871
8.234444,38.135624,-0.0004375151,-0.0006717278,-0.0008983946,-0.0008505934,-0.00067913515,-0.00047357255
8.861869,37.984898,-0.0004963293,-0.000846702,-0.0011559215,-0.0011627924,-0.00097023277,-0.0006859136
9.05914,38.085526,-0.00051853637,-0.0009203716,-0.0012620337,-0.0012866464,-0.0011064749,-0.0008036438
9.256412,38.186153,-0.0005412789,-0.0009897293,-0.0013611271,-0.0014027719,-0.0012397728,-0.0009248596
9.453683,38.28678,-0.0005644243,-0.001054969,-0.0014537043,-0.0015116839,-0.0013679883,-0.001046974
8.850775,38.218483,-0.00049883255,-0.00088276976,-0.0012082453,-0.0012165952,-0.0010336451,-0.00074759725
9.053646,38.328793,-0.00052184303,-0.00095805386,-0.0013164396,-0.0013433197,-0.0011752457,-0.00087247876
9.256516,38.439106,-0.0005453879,-0.0010287097,-0.00141715,-0.0014618471,-0.0013128062,-0.001000115
8.83968,38.452065,-0.0005015844,-0.0009180339,-0.0012592797,-0.001269033,-0.0010955613,-0.0008087807
9.048151,38.57206,-0.00052540546,-0.0009947933,-0.0013693304,-0.0013984463,-0.0012421085,-0.00094052847
3.2379718,39.719036,-0.00032466644,9.0545416e-07,0.00024990577,0.00021200175,-0.00045877867,-0.0006715594
2.9353228,39.58808,-0.00032164282,-4.875308e-05,0.0001701886,0.000115039285,-0.00056178006,-0.0007572127
2.6478758,39.42949,-0.00031639214,-9.5885334e-05,8.522958e-05,8.528888e-06,-0.00066588644,-0.00083694654
3.2805686,39.388187,-0.0003184845,-9.45288e-06,0.00022892373,0.00018099397,-0.0004890075,-0.0006892322
2.9855206,39.243416,-0.00031424194,-5.967146e-05,0.00014580744,7.979411e-05,-0.0005928114,-0.0007728813
2.7056746,39.071003,-0.0003078101,-0.00010636574,5.8920563e-05,-2.961117e-05,-0.0006958869,-0.0008488074
3.3231654,39.057343,-0.00031203573,-2.0647823e-05,0.00020591087,0.00014804596,-0.0005188442,-0.0007053795
3.0357187,38.89875,-0.00030655795,-7.102519e-05,0.00011990636,4.2987285e-05,-0.00062272744,-0.0007862144
3.3657625,38.726494,-0.00030531557,-3.253633e-05,0.00018104452,0.000113299786,-0.0005479789,-0.00071965746
4.1614065,38.9873,-0.000311472,9.350675e-05,0.0003648283,0.00032925766,-0.0003015755,-0.00050228985
4.279971,39.32223,-0.00031484466,0.000113499584,0.0003918838,0.00037042756,-0.00024499852,-0.00045227032
4.3985353,39.657166,-0.00031731898,0.00012213177,0.00040132375,0.00039665072,-0.0001971615,-0.0004069217
4.5171,39.992096,-0.00031921893,0.00011725253,0.00039077728,0.00040672178,-0.00015912134,-0.0003676873
3.8535948,39.231213,-0.00031557376,6.417221e-05,0.00033078998,0.00029532428,-0.00035238176,-0.0005593005
3.9660122,39.58669,-0.00031977374,8.9541136e-05,0.0003673548,0.00034650177,-0.00028847152,-0.00050527556
4.0784297,39.942165,-0.00032281573,0.00010554236,0.00038831157,0.00038382286,-0.00023230725,-0.0004547146
3.5457833,39.475124,-0.00032002406,3.287214e-05,0.00029201715,0.00025592107,-0.00040498382,-0.00061588554
3.6520536,39.851143,-0.00032522946,6.1953724e-05,0.00033634156,0.0003159358,-0.0003345428,-0.0005585912
5.477366,39.97626,-0.0003187993,-9.800732e-06,0.00017329997,0.00026503866,-0.00012428456,-0.000266105
4.999391,40.003933,-0.00031684048,8.037752e-05,0.0003216378,0.00037049837,-0.000119293276,-0.0003002544
5.7606454,39.515438,-0.0003185341,-2.3923694e-05,0.0001429066,0.0002290799,-0.00012808091,-0.00024735456
5.284828,39.562862,-0.0003138743,7.532924e-05,0.00030478544,0.00034892076,-0.00011492091,-0.00027627425
4.804695,39.570778,-0.0003140896,0.00012356347,0.00038992305,0.00040019315,-0.00014588768,-0.00033798654
5.5702653,39.12179,-0.00031257563,6.7725596e-05,0.00028419966,0.00032424467,-0.00010896164,-0.00024961453
5.09229,39.14946,-0.00031034596,0.00012710661,0.00038515968,0.0003904764,-0.00013150364,-0.00030600769
5.379885,38.728146,-0.0003081947,0.00012773818,0.00037641783,0.00037774915,-0.00011558062,-0.0002714818
1.1737292,36.94111,-0.00022170693,-0.0002638579,-0.00041197616,-0.0006767755,-0.0010069404,-0.0008504844
1.4947075,37.00582,-0.00022542983,-0.0002537368,-0.0003709863,-0.000624178,-0.0010096154,-0.00088654715
1.8156857,37.070534,-0.00023092491,-0.00024159676,-0.00032289058,-0.0005592626,-0.0009960475,-0.0009082976
2.1366642,37.135246,-0.00023796946,-0.00022597772,-0.0002669521,-0.0004820202,-0.0009654613,-0.00091441325
1.2398866,37.29027,-0.00023500579,-0.000261741,-0.00039102655,-0.0006479998,-0.0010379789,-0.0009150847
1.5746516,37.351593,-0.00023900587,-0.00024917323,-0.00034170086,-0.000582197,-0.0010248459,-0.00093803124
1.9094166,37.412914,-0.00024478216,-0.00023356109,-0.00028459055,-0.00050370867,-0.0009942509,-0.000944933
1.3336174,37.632652,-0.00024775357,-0.00025630527,-0.00035973865,-0.00060398225,-0.0010515697,-0.0009661403
1.6821691,37.690586,-0.0002521935,-0.00024062401,-0.00030150777,-0.00052440126,-0.0010210152,-0.00097377686
9.326107,37.456306,-0.00053868035,-0.00089063804,-0.0012173796,-0.00125494,-0.0010526471,-0.000734222
9.599195,37.529343,-0.00057002815,-0.00097470183,-0.0013367991,-0.0013947043,-0.0012133346,-0.0008803552
9.872282,37.60238,-0.00060194806,-0.0010524394,-0.0014464204,-0.0015231305,-0.0013641834,-0.0010259993
10.14537,37.67542,-0.0006341821,-0.0011244027,-0.0015473485,-0.0016417046,-0.0015028496,-0.0011664267
9.368632,37.73313,-0.00054693373,-0.0009474539,-0.0012993942,-0.001343869,-0.0011611767,-0.0008389609
9.642258,37.805965,-0.00057841546,-0.0010283985,-0.0014140306,-0.001478888,-0.0013186204,-0.0009865742
9.915883,37.8788,-0.0006103779,-0.0011031921,-0.0015192342,-0.0016031261,-0.0014648667,-0.001131248
9.411158,38.009956,-0.0005555251,-0.0010022239,-0.001378157,-0.0014293926,-0.0012664067,-0.0009434517
9.685321,38.082584,-0.00058709853,-0.0010801117,-0.0014881148,-0.0015598922,-0.0014198837,-0.0010913124
11.564095,36.468864,-0.0007910944,-0.0012345822,-0.0016831303,-0.0018100195,-0.001612464,-0.0012978611
11.494565,36.253357,-0.000782635,-0.001193376,-0.0016223226,-0.0017388196,-0.001531842,-0.0012165353
11.4250345,36.03785,-0.0007742859,-0.0011508124,-0.0015592944,-0.0016655845,-0.0014485148,-0.0011326494
11.355504,35.822342,-0.0007660626,-0.0011068553,-0.0014940271,-0.0015902624,-0.0013623593,-0.0010462176
11.735493,36.345623,-0.00081063516,-0.0012485847,-0.0016996178,-0.0018276563,-0.0016181894,-0.0013096537
11.667287,36.13195,-0.00080260047,-0.0012084596,-0.0016400605,-0.0017573071,-0.0015400193,-0.0012319313
11.599081,35.918278,-0.0007946723,-0.0011670482,-0.0015783677,-0.0016850147,-0.0014594784,-0.0011518311
11.909539,36.22605,-0.0008304577,-0.0012631764,-0.001716708,-0.0018455095,-0.0016231675,-0.0013211844
11.842658,36.014214,-0.0008228441,-0.0012241211,-0.0016583803,-0.0017759575,-0.0015474424,-0.0012471164
12.086235,36.11015,-0.0008505214,-0.0012783752,-0.0017344246,-0.0018636413,-0.0016274982,-0.0013324528
2.1219835,35.912125,-0.00018903881,-0.00022972518,-0.00032936293,-0.0005783396,-0.0008905988,-0.0007416373
1.8058988,36.25512,-0.00019844311,-0.00024164158,-0.00035830218,-0.00061351113,-0.0009325002,-0.00077977305
1.4898139,36.598114,-0.0002093932,-0.0002529965,-0.00038581018,-0.00064626295,-0.0009712606,-0.0008160856
1.7350696,35.79215,-0.0001776722,-0.00023670155,-0.00036903625,-0.00062902767,-0.0008652609,-0.00067701295
1.4223251,36.134678,-0.00018977838,-0.00024970944,-0.00039826732,-0.000662936,-0.0009054201,-0.0007133249
1.1095805,36.47721,-0.00020328158,-0.00026226192,-0.00042605167,-0.000694455,-0.0009429591,-0.0007484122
1.3481557,35.672176,-0.00016902202,-0.0002412799,-0.00039664036,-0.0006577118,-0.00081448467,-0.00059257296
1.0387514,36.01424,-0.00018383199,-0.0002562564,-0.00042712622,-0.00069164997,-0.00085411314,-0.0006279779
0.9612417,35.5522,-0.00016318614,-0.00024516397,-0.00041381342,-0.00066622905,-0.0007424503,-0.0004930482
9.966084,36.761005,-0.00060446886,-0.00094386394,-0.0012868479,-0.0013540369,-0.0011401902,-0.00079640636
10.282975,36.847897,-0.00064231985,-0.0010326796,-0.0014115253,-0.0014970758,-0.0013077771,-0.0009614349
10.599866,36.934788,-0.00068029517,-0.0011142984,-0.0015256614,-0.0016282172,-0.0014581776,-0.001117333
10.916758,37.021683,-0.00071808987,-0.0011895666,-0.001630657,-0.0017496309,-0.001591177,-0.001259488
10.025846,37.065807,-0.00061400945,-0.0010066166,-0.0013777452,-0.0014541686,-0.0012666665,-0.00092191104
10.344675,37.155262,-0.0006520577,-0.001092243,-0.0014978022,-0.0015929532,-0.0014285068,-0.0010856545
10.663505,37.24472,-0.0006901186,-0.0011708937,-0.0016076842,-0.0017206128,-0.0015725436,-0.001237386
10.085608,37.370613,-0.0006239298,-0.0010667801,-0.0014645567,-0.0015499651,-0.0013876288,-0.0010455856
10.406375,37.46263,-0.0006621197,-0.0011492906,-0.0015800657,-0.001684804,-0.0015433228,-0.0012065058
10.833222,36.774853,-0.00070678716,-0.0011390145,-0.0015574789,-0.0016661928,-0.0014911456,-0.0011547422
10.749686,36.528023,-0.00069562776,-0.0010863957,-0.0014810694,-0.001579694,-0.0013863418,-0.0010463557
10.666151,36.281197,-0.0006846455,-0.0010316443,-0.001401365,-0.0014899535,-0.001276645,-0.00093474844
11.128115,36.831535,-0.00074170355,-0.0012036819,-0.0016472945,-0.0017698064,-0.0016000305,-0.0012726388
11.04679,36.587643,-0.00073104387,-0.0011548009,-0.0015761323,-0.0016880708,-0.0015035641,-0.001172529
10.965466,36.34375,-0.00072052295,-0.0011039936,-0.0015019274,-0.0016034812,-0.0014027639,-0.0010688646
11.343894,36.647263,-0.0007660676,-0.0012186756,-0.0016647754,-0.0017899129,-0.0016070902,-0.0012854388
11.26478,36.406307,-0.00075606175,-0.0011714428,-0.0015955658,-0.0017097233,-0.0015142293,-0.0011902635
12.52616,35.69359,-0.0009004474,-0.0012995651,-0.0017507395,-0.0018715055,-0.001594824,-0.0013231378
12.388285,35.843197,-0.000884762,-0.001295294,-0.0017497449,-0.0018747658,-0.0016112189,-0.0013310047
12.241643,35.98205,-0.0008681341,-0.0012882641,-0.0017443333,-0.0018721519,-0.0016222858,-0.0013343339
12.307179,35.604115,-0.00087643607,-0.0012516573,-0.0016834283,-0.0017937854,-0.0015293357,-0.0012546482
12.164921,35.748344,-0.00085999066,-0.0012457113,-0.0016800361,-0.0017941585,-0.0015413199,-0.0012577081
12.013896,35.88182,-0.00084258063,-0.0012368243,-0.0016719804,-0.0017884633,-0.0015474983,-0.0012555702
12.0882,35.51464,-0.00085198076,-0.0012017197,-0.0016132479,-0.0017139725,-0.0014584442,-0.0011786575
11.941558,35.653492,-0.00083476654,-0.0011938992,-0.0016071749,-0.0017111736,-0.0014654553,-0.0011763254
11.869219,35.425167,-0.00082710333,-0.0011495677,-0.00154,-0.0016317723,-0.0013812303,-0.0010945759
2.0759482,34.463024,-0.0001196931,-0.00018525416,-0.0002938748,-0.0005340715,-0.00062416634,-0.00040755467
1.7043794,34.82608,-0.00013155621,-0.0002052303,-0.00033534318,-0.00058101374,-0.0006650515,-0.00043584662
1.3328105,35.18914,-0.00014618391,-0.00022525269,-0.00037538056,-0.00062508206,-0.0007045763,-0.0004644237
1.6320688,34.238457,-9.942406e-05,-0.00017247253,-0.00028601606,-0.00050756126,-0.00050669914,-0.0002665878
1.2548895,34.602432,-0.000115806404,-0.00019730288,-0.00033085258,-0.0005551634,-0.00054279214,-0.00028964956
0.8777102,34.966408,-0.00013479167,-0.00022209197,-0.0003742383,-0.00060023577,-0.0005785862,-0.00031382494
1.1881893,34.013893,-8.234769e-05,-0.00015750962,-0.00026232057,-0.0004515243,-0.0003698855,-0.000116390525
0.8053996,34.378784,-0.00010330206,-0.00018763739,-0.00031059628,-0.00050002435,-0.00040150672,-0.00013500935
0.74430984,33.789326,-6.814891e-05,-0.00014073234,-0.0002258988,-0.00037302024,-0.00022506648,3.3605276e-05
13.059776,35.122444,-0.00096107105,-0.001317935,-0.0017533903,-0.0018520287,-0.0015313687,-0.001297779
12.878378,35.308624,-0.00094053976,-0.0013105135,-0.0017513282,-0.001858057,-0.0015508053,-0.0013038421
12.700506,35.499004,-0.0009203151,-0.0013044064,-0.0017504654,-0.0018645859,-0.0015720602,-0.0013123173
12.815469,35.037327,-0.00093547587,-0.0012668862,-0.0016820006,-0.0017703664,-0.0014696767,-0.0012334178
12.635834,35.22561,-0.00091467396,-0.0012598265,-0.0016805041,-0.0017769812,-0.0014875304,-0.0012374329
12.459724,35.41809,-0.0008942149,-0.0012540763,-0.0016801901,-0.0017840357,-0.0015071938,-0.001243875
12.571161,34.95221,-0.00090930465,-0.0012137642,-0.0016076784,-0.0016868444,-0.0014024625,-0.0011609268
12.39329,35.14259,-0.0008882437,-0.0012070155,-0.0016066771,-0.0016938801,-0.0014184861,-0.0011627307
12.326854,34.867092,-0.0008825713,-0.0011583664,-0.0015302291,-0.0016011696,-0.0013286105,-0.0010793944
2.166426,32.728203,-2.0349205e-05,-4.6106874e-05,-8.207851e-05,-0.00024963886,-0.00020754056,4.6495798e-06
1.6923873,33.081913,-3.0509651e-05,-7.481796e-05,-0.0001288951,-0.0002912486,-0.00021259148,1.6116797e-05
1.2183486,33.43562,-4.6736895e-05,-0.00010668665,-0.00017719132,-0.0003326016,-0.0002184258,2.581662e-05
1.6512784,32.432735,1.5244305e-05,-1.53476e-06,-1.8519939e-05,-0.00014294726,-4.8098624e-05,0.00016976375
1.1706712,32.78705,-1.9432903e-06,-3.685719e-05,-6.6129745e-05,-0.00017943006,-4.6171965e-05,0.00018554229
0.6900641,33.141365,-2.4858653e-05,-7.5009644e-05,-0.00011528117,-0.00021651489,-4.6019853e-05,0.0001987235
1.1361307,32.137264,4.7630012e-05,4.4000804e-05,5.130285e-05,-2.7565062e-05,0.00010215992,0.00032097215
0.6489551,32.492188,2.3717583e-05,3.5204291e-06,4.2304396e-06,-5.9127153e-05,0.00010835594,0.0003386206
0.62098294,31.841797,7.748431e-05,9.0116206e-05,0.0001213395,8.310551e-05,0.00023349184,0.00045210237
12.921279,34.1687,-0.0009549711,-0.0011755087,-0.0015172794,-0.0015514111,-0.0012743339,-0.0010774531
13.2176,34.242,-0.000985684,-0.0012382312,-0.0016036368,-0.001644172,-0.0013462739,-0.0011590271
13.513921,34.3153,-0.0010155471,-0.0012984822,-0.001686634,-0.0017350528,-0.0014106598,-0.0012298397
13.810242,34.3886,-0.0010445637,-0.0013565212,-0.0017664785,-0.0018243913,-0.0014689656,-0.0012913819
12.967444,34.486618,-0.00095651345,-0.001224402,-0.0015991564,-0.0016540947,-0.0013586604,-0.0011517272
13.263388,34.55922,-0.0009871493,-0.0012846789,-0.0016822435,-0.0017454526,-0.001426095,-0.0012262047
13.559331,34.631824,-0.0010169332,-0.0013426056,-0.0017619906,-0.0018349611,-0.0014869414,-0.0012908044
13.01361,34.80453,-0.0009585648,-0.0012718897,-0.0016778994,-0.001754467,-0.0014443079,-0.0012250004
13.3091755,34.87644,-0.0009890835,-0.0013297915,-0.0017576916,-0.0018442865,-0.0015080266,-0.0012930379
13.591622,33.38472,-0.0010359845,-0.0012017732,-0.0014995484,-0.0014829633,-0.001241517,-0.0010970066
13.933412,33.445305,-0.0010689285,-0.001271638,-0.0015940173,-0.0015802195,-0.0013121071,-0.0011779482
14.275202,33.50589,-0.0011007726,-0.0013390746,-0.001685281,-0.0016762533,-0.0013749051,-0.001247616
14.616991,33.56648,-0.001131548,-0.0014043512,-0.0017734893,-0.0017713978,-0.0014315307,-0.0013078924
13.664495,33.719345,-0.0010382652,-0.0012549123,-0.0015920262,-0.0015976306,-0.0013153405,-0.0011638822
14.007419,33.781197,-0.0010712681,-0.0013224235,-0.0016835551,-0.0016949398,-0.0013805719,-0.0012367053
14.350342,33.843044,-0.0011031657,-0.0013876023,-0.0017717624,-0.0017910101,-0.0014390998,-0.0012993157
13.737369,34.053974,-0.0010411498,-0.0013065215,-0.0016811049,-0.0017118277,-0.0013908739,-0.0012283798
14.081426,34.117085,-0.0010741615,-0.0013717131,-0.0017695198,-0.0018088999,-0.0014518115,-0.0012938633
14.400628,32.71706,-0.0011256392,-0.0012775807,-0.0015436047,-0.0014812195,-0.0012880225,-0.0011817979
14.700843,32.77092,-0.0011517403,-0.0013389027,-0.0016266117,-0.0015645318,-0.0013439255,-0.0012437007
15.001058,32.824783,-0.0011770673,-0.0013986644,-0.0017076168,-0.001647615,-0.0013950488,-0.0012986567
15.301272,32.878647,-0.0012016435,-0.0014569876,-0.0017866215,-0.0017305977,-0.0014422111,-0.0013477135
14.472749,33.0002,-0.0011271636,-0.0013207755,-0.0016224205,-0.0015763363,-0.0013347154,-0.0012257418
14.771416,33.052834,-0.001153207,-0.0013798471,-0.0017023406,-0.001659184,-0.0013862965,-0.0012817114
15.070083,33.10547,-0.001178483,-0.0014374418,-0.0017801862,-0.001741756,-0.0014337768,-0.0013314986
14.54487,33.283337,-0.001129149,-0.0013630586,-0.0016991558,-0.0016734209,-0.0013822897,-0.0012675951
14.8419895,33.334747,-0.0011550948,-0.0014199085,-0.0017758758,-0.0017555213,-0.0014301438,-0.0013181462
2.199348,30.855951,0.00011568886,0.00018071693,0.00022043865,0.00012611717,0.00016550321,0.00035129278
1.6732264,31.184566,0.00011189979,0.00015681738,0.00019166416,0.00011436218,0.00019059057,0.0003882298
1.1471046,31.513182,9.8711076e-05,0.0001261093,0.00015819186,9.9795994e-05,0.00021329326,0.0004218654
1.670961,30.533825,0.0001667524,0.00023656696,0.0002832722,0.0002182011,0.00028001564,0.00047263806
1.1384655,30.86253,0.00015559775,0.0002101397,0.00025615664,0.00020980806,0.0003057112,0.00050823635
0.60597,31.191233,0.00013551957,0.00017751116,0.0002251758,0.00019882887,0.00032859843,0.000540198
1.142574,30.211699,0.00021352332,0.0002837507,0.00033171958,0.00028823368,0.00037021464,0.0005719015
0.6037047,30.540491,0.00019594604,0.00025725024,0.00030746215,0.00028252738,0.00039556925,0.0006054925
0.6141869,29.889572,0.00025559525,0.00032102555,0.00036312742,0.00033313173,0.00043764967,0.00065115327
15.138894,32.214714,-0.0011998438,-0.0013665368,-0.0016136551,-0.0015187054,-0.0013626668,-0.0012745368
15.37001,32.272934,-0.0012177106,-0.0014150327,-0.0016810179,-0.001585702,-0.0014034892,-0.0013178196
15.601127,32.331158,-0.0012351882,-0.0014625957,-0.0017471657,-0.0016529264,-0.0014417458,-0.0013574657
15.832242,32.38938,-0.0012522836,-0.0015092631,-0.0018120444,-0.0017203989,-0.0014777596,-0.0013938947
15.19302,32.436024,-0.0012001627,-0.0013970976,-0.0016723273,-0.0015870137,-0.0013887393,-0.0013000267
15.42317,32.4934,-0.0012180867,-0.0014443354,-0.0017378366,-0.0016542778,-0.0014273431,-0.0013402819
15.65332,32.550777,-0.0012356214,-0.0014906655,-0.0018020577,-0.0017217031,-0.001463661,-0.0013772106
15.247147,32.657333,-0.0012007711,-0.0014272651,-0.0017300519,-0.00165784,-0.0014151301,-0.0013243525
15.47633,32.713863,-0.0012187291,-0.0014732366,-0.0017936059,-0.001725152,-0.0014517584,-0.0013617818
15.649534,31.891598,-0.0012470183,-0.0014343676,-0.0016720407,-0.0015584998,-0.0014232704,-0.0013405697
15.833046,31.91312,-0.0012606044,-0.0014706245,-0.0017207336,-0.0016050756,-0.0014526575,-0.0013710083
16.016558,31.934645,-0.0012739134,-0.0015064707,-0.0017689232,-0.0016517682,-0.0014808442,-0.00139976
16.20007,31.95617,-0.0012869482,-0.0015419183,-0.0018165908,-0.0016985929,-0.0015079356,-0.0014269712
15.710437,32.057526,-0.0012486113,-0.0014596443,-0.0017193417,-0.0016106553,-0.0014416089,-0.0013592753
15.90054,32.084446,-0.0012626448,-0.001496964,-0.0017697816,-0.0016603481,-0.0014709416,-0.0013893173
16.090645,32.111366,-0.0012763916,-0.0015338252,-0.0018195956,-0.0017101779,-0.0014990473,-0.0014176209
15.771339,32.223454,-0.0012503703,-0.0014846172,-0.001766047,-0.0016647041,-0.0014597182,-0.0013770204
15.968035,32.255768,-0.0012648545,-0.0015229423,-0.0018180843,-0.0017175698,-0.001489018,-0.0014066164
2.2797499,28.991318,0.00025284034,0.00034804243,0.00039893025,0.0003220014,0.00033776183,0.0005249259
1.7245623,29.290735,0.00026589507,0.0003462147,0.00039088054,0.00032852692,0.00037419837,0.0005710437
1.1693746,29.590153,0.00026620776,0.00033692448,0.00037866682,0.00033205145,0.00040745872,0.00061306613
1.7599926,28.64095,0.00030750484,0.00037002724,0.0004066648,0.00034042305,0.00039122932,0.000597898
1.198614,28.93994,0.00031470542,0.00036930246,0.00040005607,0.0003477654,0.00042652173,0.00064115686
0.6372354,29.23893,0.00030989296,0.00036210005,0.00039034433,0.00035265344,0.00045869773,0.0006804628
1.2402353,28.290583,0.00035042292,0.00037455553,0.0003938815,0.00033563847,0.0004279439,0.00065566105
0.6726658,28.589144,0.0003531856,0.0003765251,0.00039024442,0.0003451089,0.00046264427,0.00069654314
0.72047794,27.940216,0.00037955135,0.00036384744,0.00036622374,0.00031538433,0.0004531321,0.0007022027
16.072948,31.767452,-0.0012809868,-0.0015039592,-0.0017510133,-0.0016273909,-0.0014823443,-0.0014011748
15.945827,31.578735,-0.0012752421,-0.001465238,-0.0016841902,-0.0015591417,-0.0014553891,-0.0013730323
15.818705,31.39002,-0.0012697418,-0.0014258141,-0.0016164191,-0.0014941058,-0.0014267687,-0.0013423137
16.312374,31.782137,-0.0012978386,-0.0015495934,-0.0018114534,-0.001685175,-0.0015177405,-0.001436682
16.185835,31.594013,-0.0012921639,-0.0015119531,-0.0017462102,-0.0016167073,-0.0014930649,-0.0014113667
16.059298,31.40589,-0.0012867198,-0.0014735995,-0.0016798734,-0.0015514168,-0.0014669452,-0.0013837321
16.425846,31.609291,-0.0013085781,-0.0015580821,-0.0018075698,-0.0016744742,-0.00152897,-0.0014472399
16.29989,31.42176,-0.0013031841,-0.0015207791,-0.0017427459,-0.0016088813,-0.0015051155,-0.00142239
16.540483,31.437632,-0.0013191336,-0.0015673706,-0.0018049915,-0.0016665588,-0.0015414834,-0.0014585798
2.4302886,27.107105,0.00029908138,0.00031908625,0.00035325735,0.00026744694,0.0003331315,0.00056271383
1.8603517,27.38481,0.00034150333,0.0003391487,0.0003604874,0.00028600925,0.0003761875,0.00061321637
1.2904148,27.662512,0.000367433,0.00035401148,0.00036462158,0.0003018226,0.00041612642,0.00065961666
1.9325256,26.73807,0.0003248455,0.00028810758,0.00030426186,0.00022726244,0.0003503794,0.0006071231
1.356562,27.014824,0.00036199993,0.0003098151,0.0003148436,0.00024890035,0.0003933062,0.00065540284
0.7805984,27.291578,0.0003838696,0.00032705205,0.00032280703,0.0002682287,0.00043335717,0.0006998934
1.4347628,26.369036,0.00033066457,0.00024813146,0.0002498166,0.00018219488,0.0003628182,0.0006451821
0.8527724,26.64484,0.0003630492,0.00027181976,0.0002647683,0.00020804853,0.0004062242,0.0006917867
0.937,26.0,0.00031682246,0.00020456642,0.00019620103,0.00013870948,0.00037434977,0.00067982165
16.958448,30.716629,-0.0013564846,-0.0015991774,-0.0017876341,-0.0016450015,-0.0015936471,-0.0015018833
16.825024,30.960714,-0.0013448762,-0.001589154,-0.0017938461,-0.0016493365,-0.0015758524,-0.0014876666
16.685701,31.201048,-0.0013324152,-0.0015785346,-0.0017996614,-0.0016566031,-0.0015583861,-0.0014731913
16.665253,30.70676,-0.0013395168,-0.0015415845,-0.0017103956,-0.001578444,-0.0015472784,-0.0014563904
16.52888,30.948969,-0.0013267908,-0.001531292,-0.0017164614,-0.0015810742,-0.0015296702,-0.0014421373
16.386608,31.187428,-0.0013132596,-0.0015204549,-0.0017222223,-0.0015866766,-0.0015123966,-0.0014276135
16.372057,30.696892,-0.001321685,-0.0014832149,-0.0016326387,-0.0015120144,-0.0014981666,-0.0014072834
16.232735,30.937225,-0.0013078608,-0.0014726121,-0.0016384259,-0.0015130198,-0.0014807257,-0.001392915
16.078861,30.687023,-0.0013030119,-0.0014240412,-0.0015544553,-0.0014455619,-0.001445977,-0.0013540904
2.6549435,25.223146,0.00013557523,0.00011138362,0.00012499421,3.9160193e-05,0.00023032063,0.0005263831
2.0822957,25.482098,0.00021643609,0.00014606184,0.00015175098,7.4623764e-05,0.00028108186,0.0005813541
1.5096478,25.741049,0.00027559657,0.00017704957,0.00017535848,0.000107724845,0.00032903452,0.00063239475
2.188097,24.841393,0.00012189335,6.172722e-05,5.972165e-05,-1.4894306e-05,0.00023948759,0.00056278246
1.6106178,25.099352,0.00019474667,9.805435e-05,9.171599e-05,2.5672376e-05,0.0002912342,0.00061615364
1.0331384,25.357311,0.00024725456,0.00013078326,0.000120540084,6.394881e-05,0.0003401901,0.00066576595
1.7212508,24.459639,9.125703e-05,1.5973508e-05,3.4438967e-06,-5.8471738e-05,0.00025330274,0.0005995535
1.1389399,24.716606,0.00015685457,5.429834e-05,4.0899216e-05,-1.2434065e-05,0.00030616348,0.0006513934
1.2544043,24.077885,4.586488e-05,-2.2371114e-05,-3.9394916e-05,-8.6705506e-05,0.0002743079,0.00063811225
16.421799,29.755676,-0.001344911,-0.0014324985,-0.0014993257,-0.001443597,-0.0014839004,-0.0013769784
16.779427,29.748188,-0.0013634574,-0.0015046053,-0.0015931826,-0.001520588,-0.0015519297,-0.0014451733
17.137056,29.7407,-0.0013804231,-0.0015757403,-0.0016871614,-0.0015966601,-0.0016151983,-0.0015072911
17.494684,29.733212,-0.001395711,-0.0016459243,-0.0017811465,-0.0016720941,-0.0016742141,-0.0015640311
16.600681,30.075993,-0.0013476994,-0.0014882565,-0.0015928313,-0.0015020757,-0.0015250838,-0.0014243231
16.956474,30.067392,-0.001366663,-0.0015588534,-0.0016857943,-0.0015786929,-0.0015873008,-0.001485764
17.312267,30.058792,-0.0013840708,-0.0016284767,-0.0017785764,-0.0016549261,-0.0016454833,-0.0015420056
16.779564,30.39631,-0.0013516145,-0.0015440226,-0.0016896365,-0.0015687092,-0.0015614815,-0.0014657879
17.133522,30.386599,-0.0013708827,-0.0016128285,-0.0017807427,-0.0016454873,-0.0016185227,-0.001521225
3.0792994,20.171354,-0.00085622247,-0.00082456204,-0.00080188137,-0.00076999026,4.3949485e-06,0.0004996585
2.7153385,20.300205,-0.00087267987,-0.00071446,-0.0006955147,-0.000673575,6.4595166e-05,0.00054160185
2.3513775,20.429056,-0.0008741155,-0.00061224325,-0.000595919,-0.00058223563,0.0001200127,0.00057926436
1.9874164,20.557907,-0.00086100097,-0.0005182298,-0.00050327665,-0.0004961825,0.00017090648,0.0006130168
2.8016775,19.89823,-0.0006773563,-0.0008634067,-0.0008119102,-0.00073599274,6.3264786e-05,0.00054686685
2.4381468,20.02715,-0.00072364777,-0.0007504931,-0.00070569117,-0.000644717,0.00011776656,0.00058204
2.0746162,20.156069,-0.0007562154,-0.00064317556,-0.0006045116,-0.00055720954,0.0001677472,0.00061325234
2.5240557,19.625105,-0.00043514807,-0.0008886425,-0.0007918613,-0.0006663132,0.00012463803,0.0005867507
2.1609554,19.754093,-0.0005078576,-0.0007816468,-0.0006959675,-0.0005879522,0.00017116802,0.0006140389
2.2464337,19.35198,-0.00014238745,-0.0008764024,-0.00071623496,-0.0005520685,0.00018563289,0.00061610213
2.8843775,23.369287,-0.00024639588,-0.00016061336,-0.00018097549,-0.0002471381,0.00010595435,0.00047641294
2.3410532,23.605486,-0.00012572425,-0.00010944134,-0.00012947088,-0.0001902545,0.00016558784,0.0005344641
1.7977288,23.841686,-2.9046118e-05,-6.37036e-05,-8.247882e-05,-0.00013694722,0.00022158379,0.00058822695
2.4684913,22.972748,-0.00030015977,-0.00020109635,-0.00022706276,-0.00027845867,0.00012829942,0.0005193698
1.9225723,23.208395,-0.0001829992,-0.00014613563,-0.00016922074,-0.00021477896,0.00018947714,0.0005755674
1.3766532,23.444044,-8.8891924e-05,-9.715301e-05,-0.000116558615,-0.0001556018,0.0002464511,0.0006272618
2.0526052,22.576206,-0.00037210007,-0.00022900444,-0.0002526477,-0.00028923946,0.00016150922,0.00056627265
1.5040914,22.811304,-0.0002554224,-0.00016967875,-0.00018851501,-0.00021883709,0.00022335046,0.00061960524
1.6367188,22.179667,-0.00045866723,-0.00024180871,-0.0002563179,-0.00028019125,0.0002046842,0.0006151234
3.0128005,21.665962,-0.0007904584,-0.00043968184,-0.000464243,-0.00050267467,2.4257124e-05,0.00046521085
2.5541067,21.837196,-0.00067398517,-0.00036552246,-0.00038817246,-0.00042236954,8.9241206e-05,0.000519833
2.0954127,22.008432,-0.0005621119,-0.00030006986,-0.000319197,-0.0003484376,0.00014924616,0.0005696661
2.6710057,21.29661,-0.0008551488,-0.00046632058,-0.00048142677,-0.0005096605,6.671685e-05,0.00051676866
2.2118933,21.467733,-0.00075391395,-0.00038280064,-0.00039517242,-0.00042015463,0.00013190931,0.0005676474
1.7527809,21.638857,-0.0006506084,-0.00030932837,-0.00031751138,-0.00033833677,0.00019143123,0.00061342545
2.329211,20.92726,-0.0008899521,-0.0004899681,-0.00049201114,-0.0005074287,0.00011689752,0.00056780834
1.8696802,21.09827,-0.0008143948,-0.00039481788,-0.00039448816,-0.00040984564,0.0001800174,0.0006129927
3.0781326,19.06455,6.30855e-05,-0.0010421176,-0.000869505,-0.0006844922,8.766144e-05,0.00056059356
2.8008997,19.16036,-5.0099493e-06,-0.0009928441,-0.00082056504,-0.0006406141,0.00012251061,0.00058125204
2.5236669,19.25617,-7.380336e-05,-0.0009373329,-0.0007694114,-0.0005964618,0.0001551351,0.0005996899
2.8637395,18.86126,0.00030124933,-0.0009157279,-0.00069740013,-0.0005224982,0.00015354723,0.00059225695
2.5862007,18.957045,0.00023412531,-0.00089224393,-0.00067051605,-0.0004939302,0.00018082278,0.00060655305
2.3086617,19.05283,0.00016464228,-0.00086119195,-0.0006410101,-0.00046492703,0.0002062673,0.00061903946
2.6493464,18.657967,0.0005283844,-0.0007311519,-0.00047936945,-0.000340828,0.00021649498,0.0006153316
2.3715014,18.753729,0.00046497004,-0.00073531107,-0.00047433216,-0.0003268519,0.00023602671,0.0006233048
2.4349532,18.454676,0.0007352428,-0.000499733,-0.00023615175,-0.0001536749,0.00027371352,0.0006286344
2.4876964,18.216167,0.0009216704,-0.00026236015,-2.631408e-05,-8.247435e-06,0.0003067569,0.0006329073
2.5571673,17.983292,0.0010765695,-2.6768983e-05,0.00016512173,0.00012306016,0.00033719104,0.0006362228
2.643366,17.756048,0.0012036979,0.00018130582,0.00032499473,0.0002339484,0.00036242144,0.00063793274
2.65789,18.412807,0.000749505,-0.00050965865,-0.00025954394,-0.00017980486,0.00025689643,0.0006248936
2.718997,18.177116,0.00093064323,-0.0002701729,-4.8981725e-05,-3.35806e-05,0.00029196544,0.0006321344
2.7968318,17.947056,0.0010811352,-3.519541e-05,0.00014257377,9.822005e-05,0.00032423108,0.00063837
2.8808267,18.370941,0.00076233904,-0.0005210851,-0.00028570706,-0.0002083953,0.00023790258,0.0006192054
2.9502976,18.138065,0.0009381308,-0.0002805875,-7.505661e-05,-6.177575e-05,0.0002747869,0.0006292471
3.1037633,18.329073,0.00077375857,-0.0005341821,-0.00031478578,-0.0002395435,0.00021661227,0.00061140006
16.894823,28.543072,-0.0013916554,-0.0014678565,-0.001495101,-0.001521431,-0.0015557909,-0.0014239283
17.358011,28.512974,-0.0014045143,-0.0015572283,-0.0016090529,-0.0016166582,-0.0016475158,-0.0015141891
17.821198,28.482878,-0.0014136136,-0.0016454833,-0.0017239897,-0.0017083802,-0.0017304887,-0.0015938061
18.284386,28.45278,-0.0014186199,-0.0017325396,-0.0018399081,-0.0017970309,-0.0018054798,-0.0016638386
17.094778,28.939785,-0.0013910809,-0.0015249787,-0.0015801513,-0.0015637365,-0.0016005258,-0.001477252
17.562815,28.912497,-0.0014057669,-0.0016161056,-0.0016992311,-0.0016591949,-0.001685411,-0.0015594525
18.030853,28.885208,-0.0014167276,-0.0017058597,-0.0018190393,-0.0017521682,-0.0017625134,-0.0016321435
17.294731,29.336498,-0.0013925454,-0.0015849328,-0.0016767792,-0.0016131242,-0.0016399843,-0.0015238795
17.767618,29.31202,-0.0014088247,-0.0016767401,-0.0017992177,-0.0017099581,-0.0017186122,-0.0015987442
2.758639,17.512957,0.001316407,0.00036653323,0.00046220917,0.0003312406,0.00038183588,0.0006370429
2.872948,17.269396,0.0014101844,0.0005152773,0.0005711326,0.00041139644,0.00039269347,0.00063084596
2.9862928,17.025364,0.0014882555,0.00063156744,0.00065627566,0.0004766535,0.0003940901,0.00061755365
2.9343457,17.760855,0.0011806824,0.00012770813,0.0002652964,0.00018101353,0.00034250636,0.00064286514
3.0491366,17.517529,0.0012959952,0.00032420008,0.00041461558,0.0002870385,0.00036668294,0.00064605515
3.1629636,17.273731,0.001391844,0.00048396105,0.00053480855,0.00037558883,0.0003824205,0.0006439218
3.2253256,17.765661,0.0011549506,6.5059125e-05,0.00019517774,0.00011979383,0.0003165912,0.00064232916
3.3396344,17.5221,0.00127302,0.00027279157,0.00035706966,0.0002349295,0.00034601538,0.0006500773
3.5163052,17.770468,0.0011264873,-6.842196e-06,0.000113906564,4.9702583e-05,0.00028404422,0.00063552614
17.431309,27.009161,-0.0014177103,-0.0015280704,-0.0015771671,-0.0016804852,-0.0016672534,-0.0014942623
17.985912,26.940346,-0.0014077866,-0.0016156153,-0.001686152,-0.0017823554,-0.0017741654,-0.0015984878
18.540514,26.87153,-0.0013904498,-0.0017027388,-0.0017953627,-0.001876452,-0.0018665054,-0.0016855919
19.095118,26.802715,-0.0013658013,-0.0017887616,-0.0019052891,-0.0019626291,-0.0019444692,-0.0017560909
17.715668,27.490368,-0.0014143109,-0.0015856294,-0.0016382366,-0.0017086277,-0.0017170442,-0.001557466
18.27424,27.423737,-0.00140803,-0.0016815722,-0.0017598786,-0.0018108819,-0.0018152781,-0.0016505711
18.832813,27.357107,-0.0013941276,-0.0017760892,-0.0018825283,-0.0019061012,-0.0019001549,-0.0017280888
18.000027,27.971573,-0.0014148293,-0.0016558609,-0.0017278714,-0.0017477308,-0.001763823,-0.0016144204
18.562569,27.90713,-0.0014117074,-0.0017567468,-0.0018603387,-0.001850461,-0.0018535495,-0.0016971602
3.1318502,16.69378,0.0015749206,0.00074873323,0.0007432627,0.00054704375,0.00038260978,0.00058650726
3.2879746,16.367384,0.0016438396,0.00083103176,0.00080604356,0.00060106127,0.0003616447,0.0005449576
3.454666,16.04617,0.0017016237,0.00089227577,0.0008552796,0.0006460032,0.0003388471,0.00049888034
3.3697913,17.008385,0.0014727307,0.00061281916,0.00062857574,0.0004453792,0.000386373,0.0006375369
3.520632,16.679396,0.0015585284,0.00074074575,0.00072704215,0.0005253424,0.00038141815,0.0006120066
3.68204,16.355589,0.0016259801,0.0008322489,0.0007992627,0.0005876176,0.0003659057,0.00057443994
3.7532897,16.991407,0.0014537511,0.00058247964,0.00058865995,0.0004041051,0.00037281794,0.0006524028
3.909414,16.665009,0.0015387574,0.00072181626,0.0006994938,0.000494183,0.00037605566,0.0006343865
4.1367884,16.974428,0.0014313872,0.000539021,0.00053423306,0.00035113757,0.00035193484,0.00066028634
19.900255,25.199503,-0.0012481449,-0.0017806902,-0.0019780465,-0.0021260472,-0.0020541458,-0.0018200703
19.612156,24.829296,-0.0012551903,-0.0017302455,-0.0019551613,-0.0021325287,-0.002050611,-0.0018119161
19.324057,24.459091,-0.0012642944,-0.001701076,-0.0019595341,-0.0021506872,-0.0020536748,-0.0018084745
19.035957,24.088886,-0.001274363,-0.0017011928,-0.0019912638,-0.0021833992,-0.002066626,-0.0018123217
20.10933,24.771168,-0.0012250922,-0.001758287,-0.0019914575,-0.00216216,-0.002071024,-0.0018272434
19.81634,24.398634,-0.0012353281,-0.0017138453,-0.0019828544,-0.0021785235,-0.002077279,-0.0018298803
19.52335,24.026098,-0.0012468329,-0.001695004,-0.0020021582,-0.0022075986,-0.0020921119,-0.0018392086
20.308622,24.338175,-0.0012136393,-0.0017240141,-0.0019999656,-0.0021925587,-0.0020796987,-0.0018281768
20.010742,23.963312,-0.001226574,-0.0016881962,-0.0020075266,-0.0022204565,-0.0020978767,-0.0018438222
20.498135,23.900524,-0.001214941,-0.001677223,-0.00200283,-0.002215703,-0.0020784508,-0.0018216906
18.220798,25.420376,-0.0013680451,-0.001636888,-0.0017925341,-0.0019455805,-0.0018728034,-0.0016498998
18.780617,25.346752,-0.0013288974,-0.0016843734,-0.0018558321,-0.0020154458,-0.0019518075,-0.0017281607
19.340437,25.273127,-0.0012878518,-0.0017331868,-0.0019181673,-0.0020766468,-0.002013108,-0.001785558
18.512238,25.881155,-0.0013638363,-0.0016659965,-0.0017957246,-0.0019356732,-0.001891443,-0.0016833592
19.070036,25.806412,-0.0013271945,-0.0017305007,-0.0018760667,-0.0020101352,-0.0019663577,-0.0017535911
19.627832,25.731668,-0.0012873798,-0.0017939997,-0.0019554934,-0.0020745161,-0.002023573,-0.0018036513
18.803679,26.341936,-0.0013630886,-0.001719764,-0.0018345593,-0.0019426644,-0.0019168229,-0.0017199345
19.359453,26.266073,-0.0013290029,-0.0017957294,-0.0019304709,-0.002019214,-0.0019861052,-0.0017816834
4.1849303,14.782154,0.0019084763,0.0010854085,0.0010436907,0.0008270971,0.00032813352,0.00038330644
4.4284515,15.157156,0.0018097567,0.0010511661,0.0009952375,0.0007730679,0.00032533114,0.000428585
4.671973,15.532158,0.0017201016,0.0009984518,0.00093340175,0.0007053506,0.00034637208,0.0005144419
4.9154944,15.907159,0.0016331702,0.0009046161,0.0008343553,0.00060456677,0.00036324732,0.00060372776
3.935175,15.199855,0.0018377175,0.0010187649,0.00097286,0.00075955864,0.00031015344,0.00039910834
4.1818633,15.576675,0.0017479527,0.0009832827,0.00092824956,0.00070758647,0.00032852168,0.0004733333
4.4285517,15.953496,0.0016604573,0.0009138779,0.0008558096,0.0006306495,0.00035579054,0.000567089
3.6917536,15.621193,0.0017705148,0.00095802493,0.0009131202,0.0007014119,0.0003158106,0.00044098275
3.9416087,15.999833,0.0016835618,0.00090875523,0.0008613166,0.0006432139,0.00034678835,0.000531228
20.261969,23.594294,-0.0012260589,-0.0016549705,-0.0020211586,-0.002247983,-0.0021034547,-0.0018455787
20.025803,23.288061,-0.0012358377,-0.0016547589,-0.0020578767,-0.0022897876,-0.0021365366,-0.0018763165
19.789637,22.98183,-0.0012426522,-0.0016813021,-0.002112298,-0.0023428136,-0.0021794115,-0.001915062
20.667843,23.588467,-0.0012218675,-0.0016344049,-0.0019979854,-0.0022230633,-0.0020653547,-0.0018066359
20.432922,23.283232,-0.0012319463,-0.0016187138,-0.0020262457,-0.00226347,-0.0020992307,-0.0018400431
20.198,22.977997,-0.0012393012,-0.0016270697,-0.0020726745,-0.0023138009,-0.0021419735,-0.0018810168
20.84004,23.2784,-0.0012317373,-0.0015820932,-0.0019840999,-0.0022192232,-0.0020390465,-0.0017805622
20.606363,22.974161,-0.0012388002,-0.0015737836,-0.0020227986,-0.002268561,-0.0020826156,-0.0018241394
21.014727,22.970325,-0.0012401569,-0.0015196099,-0.0019581215,-0.0021999765,-0.0019952129,-0.0017398298
5.746736,14.715966,0.0017703662,0.0011593022,0.0010849874,0.00084794755,0.00041757245,0.00053027435
5.2261343,14.738029,0.0018211136,0.0011476672,0.0010850205,0.00085267395,0.00037492556,0.00046013016
4.705532,14.760092,0.0018677735,0.0011217265,0.0010691781,0.0008436493,0.0003436479,0.00041015333
5.528395,14.267434,0.0018917415,0.0012504577,0.0011990389,0.0009610137,0.0004280023,0.0004648966
5.003923,14.287075,0.001948226,0.0012201159,0.0011779239,0.00094503304,0.00039395422,0.00041912883
4.4794507,14.306716,0.0019986702,0.0011804955,0.0011485376,0.0009236035,0.00038238568,0.00040429013
5.3100543,13.818902,0.0020404425,0.0013457207,0.0013188956,0.0010724268,0.00048001428,0.00046918195
4.781712,13.836121,0.0021020577,0.0013059278,0.001287787,0.0010476192,0.0004748115,0.00046939607
5.091714,13.37037,0.0022219901,0.0014711766,0.0014697225,0.0012060074,0.00060575525,0.00057688466
6.402071,13.388434,0.0020132437,0.0015272812,0.0015078164,0.0012463345,0.00065127894,0.0006105966
5.9652853,13.382413,0.002085298,0.0015147629,0.0015019593,0.0012366781,0.0006110472,0.0005654931
5.5284996,13.376391,0.0021551913,0.0014954186,0.001487972,0.0012216775,0.00059537025,0.00055487483
6.2493963,12.980816,0.0021868148,0.0016876896,0.0016958775,0.0014086585,0.00074412674,0.00066400424
5.8098593,12.972907,0.002266533,0.0016738577,0.00168508,0.001393275,0.000732798,0.00066518394
5.3703227,12.964998,0.0023438847,0.0016555946,0.0016700213,0.0013781381,0.00075153157,0.00070274825
6.096721,12.573198,0.002396022,0.0018915596,0.0019215773,0.0015975962,0.0008960475,0.00079935114
5.6544333,12.563401,0.0024840955,0.0018810568,0.0019107875,0.0015836835,0.0009236192,0.0008532724
5.944046,12.16558,0.002645883,0.00215018,0.0021918118,0.0018228884,0.0011181679,0.0010227928
6.1626697,11.872422,0.00278236,0.0023787105,0.0024244403,0.0020207802,0.0012740383,0.0011571798
6.3841157,11.581364,0.0029347166,0.0026305215,0.0026737489,0.0022329465,0.0014363184,0.0012954149
6.608384,11.292405,0.003104943,0.0029032584,0.0029348608,0.002455328,0.0016015477,0.0014342784
6.29282,12.230606,0.002537126,0.002112776,0.0021562155,0.0017981658,0.0010568061,0.00093602744
6.5128546,11.9384985,0.0026645323,0.0023304187,0.0023811923,0.0019907367,0.001204185,0.0010572806
6.735712,11.64849,0.002808422,0.0025714375,0.0026227497,0.002196949,0.0013576723,0.001182097
6.6415935,12.295633,0.0024305119,0.0020751636,0.0021186543,0.0017755709,0.0010253496,0.0008847556
6.8630395,12.004575,0.0025493917,0.0022816407,0.002335107,0.0019626685,0.0011657171,0.0009940786
6.990367,12.36066,0.0023260647,0.0020358348,0.002076243,0.0017513433,0.0010233931,0.0008723874
21.354822,21.976885,-0.0011955443,-0.0013167874,-0.0018425636,-0.0020739806,-0.0017932279,-0.0015695224
21.263784,22.31777,-0.001228605,-0.0013825245,-0.0018873792,-0.0021296805,-0.0018740954,-0.0016355093
21.15042,22.648916,-0.00124134,-0.0014519999,-0.0019262492,-0.002171285,-0.0019413508,-0.0016923954
20.999828,22.01679,-0.0012119556,-0.0014196346,-0.0019757655,-0.002224843,-0.0019668955,-0.0017263341
20.897629,22.352806,-0.0012352283,-0.0014693544,-0.0019943237,-0.002247322,-0.0020143169,-0.0017647666
20.7731,22.679085,-0.0012418366,-0.0015222701,-0.0020091091,-0.0022602803,-0.0020515397,-0.0017961726
20.644836,22.056696,-0.001221642,-0.0015190766,-0.0020803972,-0.0023342264,-0.0020973128,-0.0018451908
20.531471,22.387844,-0.001238036,-0.0015525852,-0.002077261,-0.0023304897,-0.0021170783,-0.0018601365
20.289843,22.096603,-0.0012268326,-0.0016142159,-0.0021619042,-0.0024123706,-0.002192995,-0.0019321337
7.113325,10.65193,0.0035643908,0.0035684214,0.0035298986,0.0029624838,0.0019643116,0.0017336311
7.2484484,10.918311,0.0032819903,0.0032758384,0.003277203,0.0027510857,0.0017585459,0.0015102229
7.383572,11.184692,0.0030199809,0.0029955548,0.0030270887,0.00254873,0.0015870089,0.0013286294
7.518696,11.451073,0.0027799802,0.0027333356,0.0027831593,0.0023554177,0.0014500918,0.001192646
6.9458117,10.865777,0.0033967136,0.003339557,0.00333204,0.0027938474,0.0018451295,0.0016357107
7.0805354,11.131981,0.0031307163,0.0030579404,0.00308287,0.002586636,0.0016437892,0.0014191008
7.2152586,11.398184,0.0028859864,0.0027930238,0.0028397704,0.0023901388,0.0014767447,0.0012444353
6.7774982,11.079268,0.0032439195,0.0031169828,0.0031326718,0.0026239133,0.0017236815,0.0015355387
6.9118214,11.345294,0.0029942747,0.0028492068,0.0028895503,0.0024225437,0.0015274573,0.001326199
20.60423,21.081722,-0.0010707101,-0.0015982212,-0.002202521,-0.002432902,-0.0021353832,-0.0018927987
20.955902,20.98915,-0.0010205562,-0.001454925,-0.002037199,-0.0022436026,-0.001924819,-0.0017110188
21.307573,20.896576,-0.000955612,-0.0012953923,-0.0018167963,-0.0019751359,-0.0016401217,-0.0014678679
21.659243,20.804003,-0.00087518815,-0.0011115036,-0.0015288792,-0.0016035815,-0.0012666103,-0.0011535184
20.854427,21.38011,-0.0011248031,-0.0014655904,-0.0020641985,-0.0022995912,-0.0020108474,-0.001778012
21.20197,21.286026,-0.0010797613,-0.001331491,-0.0018975323,-0.0021059639,-0.0017942886,-0.001589212
21.549511,21.191942,-0.0010193948,-0.0011851139,-0.0016784172,-0.0018334866,-0.0015044754,-0.0013403005
21.104624,21.678497,-0.0011657975,-0.0013716257,-0.0019439714,-0.0021804539,-0.0018966234,-0.0016697376
21.448036,21.582903,-0.0011263523,-0.0012493565,-0.0017770367,-0.0019816295,-0.0016740599,-0.0014744835
7.255689,10.428331,0.0037625723,0.0038117075,0.0037328247,0.0031356853,0.002092578,0.0018446622
7.3928504,10.2002125,0.003982773,0.00405974,0.003932662,0.0033069276,0.0022214833,0.001958282
7.52481,9.967575,0.00422501,0.0043081637,0.0041264044,0.0034740486,0.0023503613,0.0020743008
7.3830104,10.672556,0.003487344,0.00353642,0.0035004178,0.0029386787,0.0018961111,0.0016287299
7.5227733,10.446697,0.0036907883,0.0037791207,0.0036997295,0.0031063722,0.0020166417,0.0017309089
7.657334,10.216319,0.003917867,0.0040263077,0.0038950162,0.0032708049,0.0021365276,0.0018348364
7.652696,10.693181,0.0034121312,0.0034986055,0.0034625798,0.0029110068,0.0018410983,0.0015383381
7.789858,10.465063,0.0036208888,0.0037389935,0.0036563796,0.0030716339,0.0019522052,0.0016298956
7.9223814,10.713807,0.0033385807,0.003452948,0.0034138612,0.0028771653,0.0017996931,0.0014648285
21.949673,19.762985,-0.00038053613,-0.0005646749,-0.00069198373,-0.00040058332,-0.00021771246,-0.00033967884
21.868174,20.114244,-0.0005509549,-0.00083565,-0.0010501592,-0.00089226826,-0.0006203859,-0.00065074186
21.771364,20.46125,-0.00071986107,-0.001005031,-0.001323029,-0.0012924881,-0.0009716361,-0.0009228087
21.596424,19.851046,-0.00047569568,-0.0010273423,-0.001282419,-0.0011513655,-0.00085814676,-0.00086039695
21.507269,20.20018,-0.00064979465,-0.0011765802,-0.0015268307,-0.001516293,-0.0011810617,-0.0011096501
21.402803,20.545057,-0.0008130117,-0.0012566809,-0.0017042172,-0.0017925069,-0.0014470062,-0.0013169136
21.243174,19.939108,-0.0005688363,-0.0013797269,-0.0017472983,-0.0017479215,-0.0013915608,-0.0012943008
21.146364,20.286114,-0.0007402144,-0.0014365352,-0.0018954598,-0.001989983,-0.0016307865,-0.0014806454
20.889923,20.02717,-0.00065616134,-0.001641422,-0.0021005196,-0.0021950358,-0.0018139632,-0.0016401687
8.279898,10.064376,0.0039970335,0.0041107405,0.003912178,0.0032814837,0.0020676856,0.0016842075
8.028202,10.032109,0.00407255,0.004189425,0.003998467,0.0033542924,0.0021516527,0.0018014507
7.776506,9.999842,0.004148352,0.0042542936,0.004068988,0.0034177727,0.002246146,0.0019323616
8.221829,9.7537365,0.004390751,0.004453161,0.0041810246,0.0035041221,0.0022530674,0.0018846712
7.9626966,9.7155905,0.00446855,0.004536121,0.0042729857,0.00358998,0.0023706392,0.0020398134
7.703564,9.6774435,0.0045460127,0.0046031172,0.004347308,0.0036656258,0.0024971873,0.0022056713
8.163761,9.443097,0.0047942293,0.004777736,0.004435642,0.0037263837,0.0024657531,0.0021193037
7.8971915,9.399072,0.004870944,0.0048611783,0.0045304256,0.0038245826,0.0026158832,0.0023095426
8.105693,9.132458,0.0051947893,0.00507544,0.004671579,0.0039461786,0.0027021752,0.0023819795
21.218636,19.19501,-0.0002120667,-0.0012046276,-0.0014828477,-0.0012913175,-0.0009898907,-0.0009943442
21.47775,19.062181,-0.00012904793,-0.0007112997,-0.0009220677,-0.0006168309,-0.00044823176,-0.00056304986
21.736866,18.929354,-5.701214e-05,-0.00012216669,-0.00024787145,0.00015717548,0.00015808719,-7.400757e-05
21.995981,18.796526,1.4004112e-06,0.000493978,0.00048676366,0.00096929306,0.0007981772,0.00045530885
21.462315,19.384335,-0.00027600868,-0.0009816762,-0.001211823,-0.0009951721,-0.0007405253,-0.00078641466
21.733776,19.252008,-0.00018755824,-0.0004722505,-0.0006173366,-0.00027415805,-0.00015638166,-0.00031746252
22.005236,19.11968,-0.00010967451,0.00011794943,7.711405e-05,0.0005323338,0.00048662227,0.0002068805
21.705994,19.57366,-0.0003321386,-0.0007652541,-0.00094686466,-0.0006970227,-0.0004814406,-0.000566587
21.9898,19.441833,-0.00023749596,-0.0002484556,-0.000324575,6.521577e-05,0.0001416487,-6.2259256e-05
8.3881,8.8413105,0.0055566053,0.0052512186,0.0047662477,0.004022866,0.0027408914,0.0024036628
8.68257,8.5621195,0.005900324,0.0053453697,0.004788554,0.004034646,0.0027285647,0.0023800158
8.989104,8.294884,0.0062019783,0.0053382223,0.0047245203,0.0039707785,0.0026599402,0.0023083955
8.472286,9.319877,0.0049328683,0.0048181466,0.00442113,0.0037019965,0.002399045,0.0020187802
8.760725,9.034707,0.005295226,0.004956754,0.0044726525,0.0037364108,0.0024057326,0.0020111885
9.061227,8.761494,0.0056331474,0.004993968,0.0044363653,0.0036946042,0.0023581195,0.0019587115
8.83888,9.507296,0.004648138,0.004499292,0.004116589,0.003435805,0.002143545,0.0017147417
9.133349,9.228104,0.0049957284,0.004580908,0.0041115563,0.0034195213,0.0021173796,0.0016812601
9.205472,9.694715,0.0043424293,0.0041236575,0.003764638,0.0031501846,0.0019424767,0.001490767
21.030516,18.234673,0.00020417398,-0.00054976565,-0.00089210755,-0.00056165224,-0.000448659,-0.00057578477
21.340664,18.020031,0.0002590403,0.00034025378,0.00016652673,0.0005178308,0.00033545488,6.288284e-05
21.650812,17.80539,0.00027958053,0.0011093097,0.0011675744,0.0015121603,0.0011061701,0.000729433
21.960958,17.590748,0.00026645465,0.0016100002,0.0019133477,0.0022584077,0.0017631511,0.0013494244
21.352337,18.421957,0.0001249122,-0.00019042117,-0.00042525632,-5.5784287e-05,-6.128222e-05,-0.0002653447
21.663538,18.207031,0.00018169111,0.0006708912,0.00061405177,0.0010201702,0.0007509593,0.00040814298
21.97474,17.992105,0.00020442098,0.0013553366,0.0015364758,0.0019582273,0.0015153366,0.0010847959
21.67416,18.609241,5.7093082e-05,0.00016552824,4.187721e-05,0.00046185916,0.0003608703,8.348602e-05
21.986412,18.394032,0.00011654228,0.00096619315,0.0010339069,0.0015068965,0.001181859,0.00077791733
10.384088,8.805652,0.0050584753,0.0034605497,0.0029375195,0.0023928809,0.0014347468,0.0011154771
9.919093,8.635396,0.0055536204,0.004189001,0.0036084505,0.002962305,0.0017884626,0.001404192
9.454099,8.465139,0.00593629,0.0048444606,0.004229201,0.0035037599,0.0022025781,0.0018133994
10.309112,8.309073,0.005613086,0.0037020233,0.0031222168,0.0025349688,0.0015233817,0.001219594
9.840928,8.135521,0.0061296145,0.0045105093,0.0038765543,0.0031946315,0.0019911437,0.001645217
9.3727455,7.961969,0.006481887,0.005168559,0.004515486,0.0037849122,0.0025102969,0.0021743055
10.234136,7.8124943,0.0060419915,0.003910828,0.0033080073,0.002710608,0.0016936155,0.0014268426
9.762763,7.635646,0.006551881,0.004759417,0.004115828,0.0034465168,0.0022750825,0.0019815792
10.159159,7.3159156,0.006281778,0.004042346,0.0034637947,0.0029110117,0.0019454221,0.0017303467
20.744534,16.838081,0.0006517219,0.00080470747,0.00080201717,0.00088684313,0.0005876226,0.00035315554
21.124409,16.54849,0.00058654876,0.0014435205,0.0016139036,0.0016551848,0.0012660404,0.0010122109
21.504282,16.2589,0.00047307438,0.0016360708,0.0019067503,0.0019638443,0.0016719633,0.0014905434
21.884157,15.969309,0.000320558,0.0014694319,0.0018131089,0.0019222455,0.0017983661,0.0017309427
21.15001,17.08897,0.0005074839,0.0011086459,0.0011649746,0.0013103032,0.0009127988,0.00061853306
21.531736,16.799046,0.00044195075,0.0016043644,0.0018692894,0.001995654,0.0015687613,0.0012805237
21.913462,16.50912,0.0003297176,0.0016613288,0.0020727667,0.002226168,0.0019243712,0.0017256064
21.555485,17.339859,0.00037771265,0.0013817153,0.0015438834,0.0017793269,0.0013142395,0.00095784705
21.939062,17.0496,0.00031454174,0.0017337169,0.002142327,0.0023783492,0.0019310899,0.0016038837
11.735447,7.8928814,0.0035931943,0.0010488515,0.0006070961,0.00037426752,0.00033450645,0.00049314066
11.210017,7.7005596,0.004492463,0.00181559,0.0013392677,0.0010116482,0.00068569987,0.0006933421
10.684588,7.5082374,0.0054648938,0.0028997988,0.002371622,0.0019227605,0.0012467437,0.0011140866
11.706556,7.3341937,0.0032018055,0.00046202177,2.4883688e-05,-7.712561e-05,0.00013345093,0.00038262265
11.176788,7.1363416,0.0042326297,0.0014254132,0.000978896,0.0007654404,0.0006579871,0.00074738497
10.64702,6.9384894,0.005316589,0.002684116,0.0022288375,0.001909607,0.0014028563,0.001348887
11.677667,6.7755055,0.002496743,-0.00036933238,-0.0007823787,-0.0007095385,-7.003409e-05,0.0003227691
11.143559,6.5721235,0.0036349283,0.000794723,0.00042350095,0.000413258,0.0006686048,0.0008786487
11.648776,6.216818,0.0016708226,-0.001269263,-0.0016706181,-0.0014757348,-0.00030174642,0.0002970819
20.375446,15.13151,0.0009527263,0.0016210561,0.0017911373,0.0017174,0.0014945054,0.0013644882
20.834192,14.774809,0.0007378511,0.0016143465,0.0016921072,0.0016552825,0.0016025075,0.0015879035
21.29294,14.418108,0.0004754619,0.0012061544,0.0012420464,0.0012820044,0.0014181085,0.0015242057
21.751688,14.061407,0.00018738359,0.00061823125,0.00063347287,0.00076645607,0.0010546016,0.0012533779
20.87835,15.410776,0.0007317557,0.0016337404,0.0017737227,0.0017270007,0.001548245,0.0014459591
21.339558,15.053933,0.00050560327,0.0014057364,0.0015218772,0.0015391326,0.0015587359,0.0015885253
21.800766,14.69709,0.00024165768,0.00087548775,0.0009808111,0.0010927815,0.0013045402,0.0014545355
21.381254,15.6900425,0.00051738875,0.0015678458,0.0017682614,0.001782279,0.00163907,0.0015611362
21.844921,15.333057,0.00028833144,0.00117471,0.0014003472,0.0014981261,0.0015673671,0.0016285115
13.108899,6.8282256,-4.7307076e-05,-0.0015816297,-0.0020718432,-0.0018746147,-0.000784093,-0.00016960198
12.622191,6.624423,0.00017485756,-0.001960958,-0.0024351382,-0.0022302046,-0.0010132489,-0.00029326254
12.135484,6.4206204,0.0007708492,-0.0018953497,-0.0023400045,-0.0021432147,-0.00086034875,-0.00013765294
13.13929,6.2960696,-0.0011477876,-0.002269329,-0.002777421,-0.0026377197,-0.0013851089,-0.00056663377
12.648681,6.08608,-0.00081706623,-0.0027047254,-0.0031921612,-0.0030518312,-0.001612042,-0.00064973027
12.1580715,5.87609,-7.181865e-05,-0.002683812,-0.0031363422,-0.002975837,-0.0013813843,-0.00039049823
13.169681,5.7639136,-0.001868571,-0.0027419834,-0.0032560667,-0.0031646902,-0.0018645634,-0.0009127617
12.67517,5.5477366,-0.0014211151,-0.0032113562,-0.0036867775,-0.0035660772,-0.0020890608,-0.0009791323
13.20007,5.2317576,-0.002181944,-0.0030227837,-0.0035129976,-0.0033845797,-0.0020334031,-0.0010674903
20.136013,13.245154,0.0009899982,0.0018013554,0.0018749342,0.0018515358,0.0017852412,0.0017935042
20.61495,12.870557,0.0006757583,0.0013464232,0.0013633223,0.0013901701,0.0014675059,0.0015670719
21.093887,12.495959,0.00033543343,0.0007695712,0.00076493446,0.00084330555,0.001019424,0.0011836481
21.572824,12.121362,1.611942e-05,0.00021582717,0.0002004072,0.0003288712,0.0005515694,0.0007428889
20.674572,13.517239,0.00072303053,0.0014554358,0.0014634362,0.0014710145,0.0015384255,0.0016182003
21.155918,13.142858,0.00039654152,0.0008848781,0.00086220686,0.0009383892,0.0011386346,0.0013029618
21.637266,12.7684765,7.139057e-05,0.00029049985,0.0002555122,0.0003994598,0.00067445746,0.00088361546
21.21313,13.789323,0.00044933314,0.0010442829,0.0010320478,0.0010924463,0.0012811989,0.0014268861
21.696888,13.415158,0.00012924474,0.00042121953,0.0003911316,0.000537177,0.0008406052,0.0010556364
14.317107,5.8203974,-0.001962824,-0.0009870683,-0.0013923144,-0.0012889657,-0.00042433126,8.392233e-05
13.944762,5.624184,-0.0021683064,-0.0017123241,-0.0021882735,-0.0021094861,-0.0010669961,-0.0003936239
13.572416,5.427971,-0.0022661467,-0.0024173767,-0.0029250658,-0.0028390554,-0.0016247907,-0.00079409365
14.3862295,5.383748,-0.0020738961,-0.00090999226,-0.0012964559,-0.0012198982,-0.00038240486,0.0001141476
14.0114765,5.1829047,-0.0022455687,-0.0016727507,-0.0021272148,-0.0020334576,-0.0009506753,-0.00030426055
13.636724,4.982061,-0.0023228535,-0.0024222652,-0.0028934265,-0.0027390854,-0.0014493706,-0.000667573
14.455352,4.947099,-0.001976932,-0.0007423702,-0.0010570968,-0.0009490781,-0.000100779595,0.00034477227
14.078192,4.7416253,-0.0021326633,-0.0015116949,-0.0018834345,-0.0016942003,-0.0005579975,1.3195455e-05
14.524474,4.51045,-0.0017630544,-0.0005253158,-0.0006624108,-0.00041585212,0.00043466108,0.00078374404
19.914343,11.324363,0.00080692,0.0017321587,0.0018938718,0.0018873439,0.0017646804,0.0017931857
20.393957,10.944744,0.00044675535,0.0011900046,0.0013135199,0.0013272705,0.0012967605,0.0013825236
20.87357,10.565126,0.00012051338,0.0006565706,0.0007498011,0.00078220456,0.00080145354,0.0009170713
21.353184,10.185508,-0.0001212216,0.00018692654,0.00025983114,0.00031960267,0.0003573193,0.00047511715
20.46717,11.590029,0.00054363435,0.0012200761,0.0013056211,0.0013340955,0.0013515792,0.0014482503
20.949034,11.210986,0.00019856972,0.0006689581,0.00073005096,0.0007823538,0.00085914036,0.0009947033
21.430899,10.8319435,-8.0816804e-05,0.00017722553,0.00022119898,0.000302514,0.0004005527,0.0005438785
21.019997,11.855695,0.00027249235,0.00070595805,0.0007330002,0.0008016395,0.0009324798,0.0010849738
21.504112,11.477227,-3.4830155e-05,0.00018285554,0.00019659441,0.00030224555,0.0004633426,0.0006316213
15.385134,5.0795894,-0.0014171414,0.00076263543,0.00077503914,0.00086770504,0.0010968863,0.0012366445
15.098247,4.8898764,-0.0015312457,0.0003954391,0.00034734004,0.00045752327,0.0008656203,0.0010749402
14.81136,4.700163,-0.001647527,-3.616172e-05,-0.00013680608,2.2614659e-05,0.0006466231,0.0009266173
15.435968,4.7295804,-0.001249516,0.00080181164,0.00096542685,0.0011322817,0.0013678711,0.001464921
15.147846,4.5371013,-0.0013474813,0.00047283692,0.00060781237,0.00083780783,0.0012550083,0.0013999211
14.859723,4.3446226,-0.0014537607,9.006232e-05,0.00021261424,0.0005390326,0.0011457832,0.0013375924
15.486804,4.379571,-0.0010685368,0.00082441204,0.0012171271,0.0015543676,0.0018013702,0.0018275125
15.197445,4.1843266,-0.0011586681,0.0005464093,0.0009709024,0.0014154206,0.001796881,0.0018471027
15.53764,4.029562,-0.00089741364,0.0008595821,0.0016002746,0.0021877042,0.0023775585,0.0023050427
19.69707,9.42771,0.00037163394,0.0016709737,0.0019355082,0.0018654962,0.0016244536,0.0016318889
20.163641,9.036551,8.295435e-05,0.001134881,0.0013593256,0.0013139305,0.0011388898,0.0011782923
20.630213,8.645394,-0.0001038261,0.0006381814,0.0008350591,0.0008264541,0.0006919083,0.00073960726
21.096785,8.254236,-0.00021610409,0.00020677918,0.00039045446,0.0004281525,0.00032190746,0.00036213582
20.249107,9.680309,0.00020950216,0.0011564891,0.0013454047,0.0013169203,0.0011874862,0.0012446323
20.71776,9.290068,-3.437382e-05,0.00065106957,0.0008069572,0.00080505415,0.00071665755,0.0007885179
21.186413,8.899827,-0.00018672901,0.00021026867,0.0003481316,0.00038413756,0.000318407,0.00038474507
20.801146,9.932908,4.1029394e-05,0.000651333,0.0007741627,0.0007876534,0.00075196405,0.000846662
21.27188,9.543584,-0.00015595013,0.00020106549,0.0003036074,0.00034763856,0.0003304481,0.00042266745
16.19895,4.498567,-0.0007611061,0.001242152,0.0018237752,0.0021526061,0.002141627,0.0020630267
15.978513,4.342232,-0.0007994006,0.0011322878,0.0017446894,0.0021488843,0.0022147635,0.0021396487
15.758077,4.185897,-0.0008442984,0.0010037475,0.0016685212,0.0021618097,0.0022971411,0.0022234689
16.23409,4.23307,-0.0006525121,0.0012065487,0.0019869802,0.0024879936,0.0024931887,0.002360006
16.013304,4.075729,-0.00068689376,0.0011197145,0.0019817187,0.0025818802,0.0026300887,0.0024878993
15.792516,3.9183877,-0.00072938565,0.0010221772,0.001995054,0.0026911458,0.0027620336,0.0026112276
16.269234,3.9675725,-0.000551888,0.0011955671,0.0022475389,0.0029517284,0.002928651,0.0027272606
16.048096,3.8092253,-0.00058389944,0.0011405776,0.00233758,0.0031351552,0.003107695,0.002889861
16.304377,3.7020752,-0.00045977026,0.0012257922,0.00263362,0.0035190696,0.0034146917,0.0031414444
19.575577,7.634186,-0.00012485796,0.0013086819,0.0016770777,0.0016224651,0.0013396015,0.0013183599
19.996593,7.266259,-0.00020450717,0.0008590867,0.001226111,0.0012209461,0.00097999,0.00096270506
20.41761,6.898333,-0.00025507432,0.0004582066,0.00082619494,0.00087727257,0.0006752605,0.0006534843
20.838627,6.530407,-0.00030233126,0.0001160633,0.00047649376,0.00058333675,0.0004238977,0.00039599556
20.082645,7.8408694,-0.0001346255,0.0009464034,0.0012527035,0.0012205425,0.0009955148,0.0009998926
20.505426,7.473792,-0.0002133904,0.00052310224,0.0008232643,0.000841845,0.0006534766,0.0006553654
20.928207,7.1067147,-0.00027281028,0.00015743202,0.00045276564,0.00052425236,0.00037221855,0.00036665864
20.589716,8.047553,-0.00016669852,0.0005709209,0.0008128061,0.0008132944,0.0006488866,0.00067405263
21.01426,7.6813245,-0.00024338895,0.00018896717,0.00042395538,0.00047303314,0.00033922977,0.00035640996
16.79997,4.0346837,-0.00041353636,0.0012564826,0.0023428993,0.0030261907,0.0029423798,0.0027161015
16.634773,3.9238143,-0.0004252482,0.001248885,0.0024246438,0.0031846135,0.0031064977,0.0028634835
16.469574,3.8129447,-0.00044043845,0.0012381165,0.0025214758,0.003351048,0.0032657797,0.0030067125
16.818436,3.8296149,-0.00035396867,0.0012575011,0.0025677565,0.0034033807,0.0032968,0.0030213469
16.6556,3.723436,-0.0003647737,0.0012656607,0.0026945586,0.0035918055,0.0034689724,0.0031761036
16.492764,3.617257,-0.00037931674,0.0012735329,0.0028359627,0.0037786635,0.003629005,0.0033209203
16.836899,3.6245458,-0.00029740517,0.0012870095,0.0028678055,0.0038274885,0.0036730883,0.0033503557
16.676426,3.5230577,-0.00030750697,0.0013137789,0.0030353572,0.0040276805,0.0038407566,0.003502675
16.855364,3.4194767,-0.00024340265,0.0013516898,0.0032363865,0.004267363,0.0040506385,0.0036879247
20.389711,6.4216404,-0.0002858253,0.00036741275,0.0007904036,0.00088277046,0.0006822347,0.0006416144
19.940796,6.312874,-0.00028343397,0.0006220059,0.001102597,0.0011838258,0.00094567484,0.0008912291
19.49188,6.2041073,-0.00029717784,0.0008708107,0.0013988698,0.0014737687,0.0012036109,0.001134942
20.759354,6.0818777,-0.0003214417,8.626837e-05,0.00049745553,0.00064185687,0.0004843499,0.00043900628
20.298195,5.97862,-0.00030503803,0.00032419388,0.00080487604,0.00094246835,0.0007445175,0.000684791
19.837036,5.875362,-0.0003018659,0.00056445925,0.0011080801,0.0012414444,0.0010068255,0.0009320783
20.655594,5.644366,-0.0003322981,7.31141e-05,0.0005343768,0.0007254774,0.00057542534,0.0005120763
20.182192,5.5466166,-0.00031389506,0.00029968043,0.0008385546,0.0010317507,0.0008412871,0.0007614922
20.527346,5.2178707,-0.00033253842,7.9305115e-05,0.0005919208,0.0008425388,0.00070667476,0.0006240837
17.209309,3.7255743,-0.00025464754,0.0012392547,0.0026974399,0.003610889,0.003480707,0.0031726966
17.091326,3.6235418,-0.00024954457,0.0012715528,0.0028601573,0.0038293563,0.0036781812,0.0033500802
16.973345,3.5215092,-0.00024570554,0.0013085372,0.0030405691,0.004049978,0.0038692825,0.0035227386
17.255184,3.5544796,-0.00020923537,0.001267791,0.0029466092,0.00395217,0.0037922058,0.0034504368
17.133492,3.4441493,-0.00020152109,0.00131969,0.0031603924,0.004200757,0.004007241,0.0036460902
17.011799,3.3338192,-0.00019520063,0.001380188,0.0033905641,0.0044433065,0.0042101494,0.003832454
17.30106,3.383385,-0.00016572744,0.0013193695,0.0032366419,0.0042977994,0.004101365,0.00373231
17.175655,3.264757,-0.00015536934,0.0013963184,0.003497887,0.004564203,0.0043260846,0.003940275
17.346935,3.2122903,-0.00012375576,0.0013968137,0.0035562974,0.004632476,0.004398684,0.0040102755
20.056915,4.3068156,-0.0002830103,0.00022373027,0.0009366981,0.0014261872,0.0013627599,0.0012209871
20.243841,4.595356,-0.00030729634,0.0001522631,0.00077455206,0.0011605003,0.001064918,0.0009470295
20.400652,4.899041,-0.00032393032,0.000104622064,0.0006642968,0.00097387115,0.00085464184,0.00075562135
19.845276,4.564518,-0.00028550893,0.00032309646,0.0010274046,0.0014305286,0.0013011644,0.0011672773
20.017143,4.8606305,-0.0003042241,0.0002736799,0.0009061534,0.0012264206,0.0010732489,0.0009596941
20.158895,5.171888,-0.00031502897,0.00024791784,0.00082533853,0.0010810766,0.00091237255,0.0008166117
19.633636,4.82222,-0.0002911361,0.00044574065,0.0011460292,0.0014758947,0.0012913177,0.0011635496
19.790445,5.125905,-0.00030406337,0.0004196977,0.0010574906,0.0013178093,0.0011182296,0.001009407
19.421997,5.0799217,-0.0003007241,0.0005917868,0.0012824044,0.0015466604,0.0013193798,0.0011982436
17.5509,3.1726913,-9.7570715e-05,0.0013756936,0.0035629764,0.0046492293,0.00442901,0.004042849
17.75932,3.1534662,-8.157534e-05,0.0013322685,0.0035112028,0.0046073967,0.004406822,0.0040268856
17.972195,3.154615,-7.49895e-05,0.001267314,0.0034032906,0.0045089144,0.0043323613,0.0039616553
17.462072,3.3866837,-0.00014932078,0.0012875509,0.0031836876,0.004249701,0.004067817,0.0037022687
17.668264,3.3572717,-0.000126867,0.0012520927,0.0031622204,0.00423991,0.004070788,0.0037073297
17.878912,3.3482335,-0.00011415178,0.0011983921,0.003086397,0.004169726,0.0040190173,0.0036623615
17.57721,3.5610769,-0.00017506606,0.0012047054,0.0028523076,0.0038585148,0.003718003,0.0033819643
17.78563,3.5418518,-0.00015584308,0.0011578198,0.0028063324,0.0038210785,0.0036917462,0.0033583913
17.692347,3.7354703,-0.00020061021,0.0011427248,0.00257448,0.0034809506,0.0033633183,0.0030612377
19.219221,4.3620634,-0.00025259645,0.00058182975,0.0014425266,0.0019324622,0.0017872455,0.0016181936
19.296764,4.139089,-0.00023390609,0.00054277154,0.0014662478,0.0020630462,0.0019702367,0.0017839852
19.37431,3.9161146,-0.0002152608,0.0005215909,0.001536041,0.002259125,0.0022155158,0.002007352
19.451853,3.69314,-0.00019663936,0.00052036886,0.0016679289,0.0025291098,0.0025196183,0.0022855003
19.498453,4.3436475,-0.0002582193,0.00046102016,0.0012780351,0.0017700928,0.0016501675,0.0014896026
19.586876,4.111452,-0.00024344522,0.00042235106,0.0012968776,0.0018965072,0.001831712,0.0016546426
19.675299,3.8792565,-0.0002285481,0.00040229826,0.0013666048,0.0020952483,0.002080575,0.0018815155
19.777683,4.3252316,-0.0002686041,0.00034126468,0.0011083288,0.001600137,0.0015077522,0.00135643
19.876986,4.083815,-0.00025764425,0.00030349655,0.0011239257,0.0017241221,0.0016888885,0.0015212958
18.234148,3.7173858,-0.00016954118,0.0009835447,0.0023730355,0.0032781935,0.0031852298,0.0028971387
18.14683,3.5297954,-0.000139368,0.0010528337,0.002659832,0.0036752992,0.0035711613,0.0032500266
18.059513,3.3422053,-0.00010778314,0.0011456485,0.0030075118,0.0040939036,0.0039594676,0.0036099548
18.398155,3.5802855,-0.0001454175,0.00095392746,0.0024557032,0.0034378413,0.0033549876,0.0030528044
18.312643,3.3804789,-0.00011250526,0.0010455272,0.0028035056,0.0038780624,0.0037723875,0.0034393044
18.227133,3.1806722,-7.787246e-05,0.0011672096,0.0032115357,0.0043246374,0.004180042,0.0038232636
18.56216,3.4431856,-0.00012567097,0.00093322055,0.002555747,0.0036013466,0.0035236408,0.0032107458
18.478456,3.2311623,-9.0144815e-05,0.0010502484,0.0029651867,0.0040763817,0.0039651743,0.003624999
18.726168,3.3060856,-0.00010978967,0.00092206115,0.0026739105,0.0037666499,0.0036888032,0.0033683665
18.722815,4.023205,-0.00021055085,0.0007780828,0.0018592031,0.0025442438,0.0024396256,0.0022173754
18.723932,3.7841651,-0.00017843729,0.00079587527,0.0020400283,0.002881749,0.002812896,0.002556634
18.72505,3.5451252,-0.00014482826,0.00084182137,0.002309813,0.0032992295,0.0032398398,0.0029488106
18.965826,3.9131832,-0.0001999429,0.0006875152,0.0017914028,0.0025369758,0.0024657976,0.0022388157
18.975128,3.6627398,-0.00016907841,0.00071773404,0.002010248,0.002917994,0.0028753425,0.0026135468
18.98443,3.4122963,-0.00013655322,0.0007803826,0.0023313803,0.003377481,0.0033322326,0.0030370154
19.20884,3.8031616,-0.00019562298,0.0006013865,0.0017260684,0.0025303902,0.002491713,0.0022610584
19.226324,3.5413144,-0.00016611701,0.0006450333,0.0019893628,0.002957457,0.0029364843,0.0026702678
2.469741,38.285583,-0.00028250425,-0.00016898329,-8.750707e-05,-0.00022775131,-0.0008473931,-0.0009254211
2.2262757,38.362083,-0.00028141373,-0.00018853504,-0.00013353974,-0.00028834827,-0.00089753635,-0.00095964485
2.3779764,38.113075,-0.00027567978,-0.00018404395,-0.00012718898,-0.0002823487,-0.0008838666,-0.0009396947
6.904751,38.831184,-0.00035077173,-0.00030364268,-0.00031888275,-0.00019594555,-0.0002750767,-0.00026277787
6.916184,39.08385,-0.00035488038,-0.00035563475,-0.0003989125,-0.00026555712,-0.00031773813,-0.00029602487
6.6763687,38.898514,-0.00034039217,-0.00022888332,-0.00019765239,-7.87695e-05,-0.00022289115,-0.00024231822
7.556132,38.234528,-0.00038349087,-0.00044183308,-0.0005453518,-0.00044932467,-0.0003917559,-0.00029472023
7.7329273,38.49615,-0.0004006055,-0.00055898767,-0.0007249901,-0.00063611707,-0.00052579265,-0.00038944845
7.9097223,38.757774,-0.00041929798,-0.0006721583,-0.00089604146,-0.00082081085,-0.00067502743,-0.00050086266
7.4151325,38.41097,-0.00037603002,-0.0004216699,-0.0005118282,-0.0004070168,-0.00037368757,-0.00029373175
7.5919275,38.672592,-0.00039257688,-0.000539528,-0.00069346896,-0.0005934272,-0.00050213054,-0.00038325338
7.2741327,38.58741,-0.0003691445,-0.00040096862,-0.00047715718,-0.00036403758,-0.0003555756,-0.00029266984
8.00834,38.16859,-0.00041812687,-0.0005980542,-0.0007870664,-0.00072025805,-0.00057527976,-0.00040480716
7.959031,38.463184,-0.00041851203,-0.0006354845,-0.0008421479,-0.00077118236,-0.00062600453,-0.00045338445
7.782236,38.201557,-0.0004000781,-0.0005211864,-0.00066906365,-0.0005856679,-0.0004789067,-0.0003450101
8.652727,38.03514,-0.00047586448,-0.00079145294,-0.0010756605,-0.0010646703,-0.0008720077,-0.00061046367
8.641633,38.268723,-0.0004784532,-0.0008284853,-0.0011295797,-0.0011197417,-0.0009341553,-0.0006694229
8.443585,38.08538,-0.0004562264,-0.0007331192,-0.0009898806,-0.0009604872,-0.0007743953,-0.00053933176
2.7449021,38.28141,-0.00028653842,-0.00013987428,-2.3285449e-05,-0.000144064,-0.0007777117,-0.00087912206
2.6531377,38.1089,-0.00027993423,-0.0001576007,-6.50664e-05,-0.00020015961,-0.0008186894,-0.00089909177
2.5613732,37.93639,-0.0002730114,-0.00017370492,-0.00010560972,-0.00025536734,-0.00085606106,-0.0009144354
2.9282987,38.104725,-0.00028428464,-0.0001265896,4.977584e-07,-0.00011573559,-0.00074709207,-0.00085048727
2.8365343,37.932213,-0.00027766198,-0.00014542561,-4.20323e-05,-0.00017212993,-0.0007887569,-0.00087145716
3.1116955,37.92804,-0.00028229813,-0.0001124962,2.4782597e-05,-8.7150394e-05,-0.00071533665,-0.00082055
2.829591,38.54756,-0.0002952649,-0.000116880474,2.8553664e-05,-7.4845375e-05,-0.000724923,-0.0008521078
3.0976768,38.637028,-0.00030079155,-7.6517164e-05,0.00010527867,2.1330774e-05,-0.00063751347,-0.0007890995
2.767633,38.809284,-0.0003015805,-0.00011159259,4.3917356e-05,-5.206448e-05,-0.0007109771,-0.00085128384
3.1963844,38.19419,-0.0002907961,-8.697683e-05,7.789677e-05,-1.8127263e-05,-0.0006618779,-0.0007917827
3.2810733,38.460342,-0.0002984801,-6.0083687e-05,0.00013039225,4.910177e-05,-0.0006056083,-0.0007577308
3.0129879,38.370876,-0.00029291873,-0.00010232097,5.3031148e-05,-4.6514808e-05,-0.0006938911,-0.0008225625
3.6309772,38.81343,-0.00030856664,1.2315929e-05,0.00025166958,0.00019673056,-0.0004606703,-0.0006472891
3.8961918,38.900364,-0.00031057888,5.55982e-05,0.00031437105,0.00026974195,-0.00037754994,-0.0005739019
3.58838,39.144276,-0.00031441587,2.3145854e-05,0.000273009,0.00022736758,-0.0004329477,-0.0006322525
6.091953,38.886612,-0.00031977898,-2.897054e-05,0.00012439054,0.00019765753,-0.00012382538,-0.00021684366
5.926299,39.201023,-0.00031881267,-2.647835e-05,0.0001335923,0.00021324152,-0.00012687522,-0.00023310524
5.735919,38.807377,-0.0003122204,6.853336e-05,0.00027985923,0.0003140046,-0.000103126826,-0.00023176652
4.567566,38.900913,-0.00030931263,0.00012988824,0.0004052736,0.0003772189,-0.00022065097,-0.0004141491
4.973726,38.81453,-0.00030780988,0.00014399021,0.0004124381,0.0003955645,-0.0001573165,-0.00033586603
4.6861305,39.235847,-0.000311907,0.0001341812,0.0004084596,0.00039735096,-0.00017805916,-0.00037271148
2.8099315,37.40873,-0.0002606644,-0.00016988092,-0.000107426225,-0.00026292782,-0.0008377133,-0.0008760248
2.9105196,37.581833,-0.00026828033,-0.00015270548,-6.490952e-05,-0.00020541387,-0.0008010412,-0.000862763
3.0111074,37.754936,-0.0002755094,-0.00013352137,-2.065426e-05,-0.00014654976,-0.0007599836,-0.00084408815
2.6353583,37.586006,-0.00026298242,-0.00017968255,-0.00012721735,-0.0002875791,-0.00086502155,-0.0009014662
2.7359464,37.75911,-0.0002704907,-0.00016353208,-8.551699e-05,-0.00023061615,-0.0008291383,-0.0008891893
2.4607852,37.763287,-0.00026564032,-0.00018887383,-0.0001464768,-0.00031169708,-0.0008911152,-0.00092574605
3.009824,37.357628,-0.00026329915,-0.00015160114,-6.7078174e-05,-0.00021039015,-0.0007941936,-0.0008470078
3.2097166,37.306522,-0.00026610045,-0.0001312564,-2.5093377e-05,-0.00015668446,-0.0007477692,-0.00081454735
3.409609,37.25542,-0.00026898916,-0.000108840046,1.8309534e-05,-0.000102241334,-0.00069875247,-0.00077877694
3.1104121,37.53073,-0.0002707508,-0.00013240629,-2.2904695e-05,-0.00015172869,-0.0007544423,-0.00082989363
3.3103044,37.479626,-0.00027330368,-0.00011006171,2.0461022e-05,-9.739071e-05,-0.00070536265,-0.00079380925
3.211,37.703835,-0.00027774434,-0.00011127812,2.2629201e-05,-9.234244e-05,-0.00071087055,-0.0008077274
2.2363627,37.672127,-0.00025876908,-0.00020885163,-0.00020211536,-0.00038804536,-0.00094004377,-0.0009452358
1.959266,37.681355,-0.00025501376,-0.0002262376,-0.00025403005,-0.0004592002,-0.0009850035,-0.0009639035
2.1865134,37.403687,-0.0002485457,-0.00021837575,-0.00023620373,-0.000437249,-0.00095677405,-0.0009338647
2.585509,37.31757,-0.00025292725,-0.0001926096,-0.00016559797,-0.00034167914,-0.0008901671,-0.0008991521
2.4109359,37.494846,-0.00025566536,-0.00020099503,-0.00018412023,-0.00036516483,-0.00091571215,-0.0009227448
2.3610866,37.226406,-0.00024528784,-0.00021113973,-0.00021886092,-0.00041507964,-0.0009329954,-0.00091200956
7.567591,37.990646,-0.000381146,-0.0003988449,-0.000480429,-0.00038928204,-0.00034454447,-0.00025478177
7.57905,37.74677,-0.0003790881,-0.0003556394,-0.00041500694,-0.00032920128,-0.0002977298,-0.00021554547
7.5905094,37.50289,-0.0003773255,-0.00031235523,-0.0003492642,-0.0002692285,-0.0002514029,-0.00017713409
7.793695,37.95768,-0.0003976404,-0.00047839695,-0.0006049145,-0.00052428537,-0.00042657406,-0.00030011492
7.8051543,37.713802,-0.00039549594,-0.0004351726,-0.00053990894,-0.0004623733,-0.0003743997,-0.00025584752
8.019799,37.924713,-0.0004156267,-0.0005558465,-0.000724299,-0.0006586097,-0.00051833753,-0.0003550778
6.9578114,38.47685,-0.00034913843,-0.00025761838,-0.0002498918,-0.00014150172,-0.00023669082,-0.00022697693
6.729429,38.544178,-0.00033869536,-0.0001846189,-0.0001315561,-2.948457e-05,-0.00019044643,-0.00021170074
6.5010467,38.61151,-0.00032994908,-0.0001154688,-1.9169867e-05,7.1541486e-05,-0.00015440589,-0.00020433527
6.7824893,38.189842,-0.00033744794,-0.00014079433,-6.632358e-05,1.895851e-05,-0.00015736085,-0.00018056828
6.5541067,38.257175,-0.00032860332,-7.4531374e-05,4.1141928e-05,0.00011358517,-0.00012733036,-0.00017829257
6.6071672,37.90284,-0.00032768422,-3.4762917e-05,9.950799e-05,0.00015426391,-9.9788485e-05,-0.00015193087
6.145013,38.532276,-0.0003180899,6.2341096e-06,0.00017504829,0.00022887129,-0.00010658294,-0.00019909293
5.788979,38.45304,-0.00031043869,9.4763695e-05,0.00031604044,0.0003324155,-9.483939e-05,-0.00022134643
6.1980734,38.17794,-0.0003167408,3.972286e-05,0.0002228765,0.0002582168,-8.908564e-05,-0.00018102508
7.2398105,38.123962,-0.000361054,-0.00029862995,-0.00032019478,-0.00022113662,-0.00025995212,-0.00021838695
6.9234886,38.0134,-0.00034242732,-0.00015971428,-9.9272074e-05,-1.5181601e-05,-0.000162489,-0.0001712287
7.2512693,37.880085,-0.00035906275,-0.00025639468,-0.00025592977,-0.00016564947,-0.00022103029,-0.00018605024
6.934948,37.769524,-0.00034079497,-0.00012041277,-3.9655984e-05,3.219217e-05,-0.00013232428,-0.00014640766
7.2627287,37.636208,-0.00035734777,-0.00021447187,-0.0001920622,-0.0001110068,-0.00018279772,-0.00015454537
7.0988107,38.300407,-0.00035480194,-0.00027822214,-0.00028530628,-0.00018126589,-0.00024827628,-0.00022271449
8.735597,37.785393,-0.00048051256,-0.00077346474,-0.0010494458,-0.0010432942,-0.000842155,-0.0005760627
8.526455,37.835636,-0.00046051198,-0.00071526936,-0.0009639977,-0.00094001286,-0.0007461029,-0.0005065318
8.317313,37.88588,-0.00044143348,-0.0006540573,-0.0008729021,-0.00083106046,-0.0006524656,-0.00044242246
8.6093235,37.585888,-0.00046521242,-0.0006969381,-0.0009372964,-0.000918232,-0.0007155653,-0.0004720884
8.400182,37.63613,-0.00044575674,-0.000635912,-0.00084660895,-0.0008102441,-0.0006236101,-0.0004096535
8.483051,37.386383,-0.0004505039,-0.0006173024,-0.0008194974,-0.00078806025,-0.0005925296,-0.00037534768
8.185537,37.42522,-0.00042366772,-0.0005197204,-0.0006721793,-0.00061835436,-0.00046310454,-0.00029271154
8.102668,37.674965,-0.00041944056,-0.00053800544,-0.0006986352,-0.0006391483,-0.00049178203,-0.00032463868
7.8880234,37.464054,-0.0003991843,-0.0004173656,-0.0005143349,-0.00044318204,-0.00034826715,-0.0002263742
9.016615,37.8087,-0.0005099247,-0.000862291,-0.0011780929,-0.0011960191,-0.0009999466,-0.0007029198
9.171361,37.632504,-0.000524046,-0.0008769252,-0.0011985627,-0.0012267332,-0.0010274758,-0.00071905524
9.213886,37.90933,-0.0005324908,-0.0009343619,-0.001281497,-0.0013164575,-0.0011351049,-0.0008219298
8.890343,37.609196,-0.0004939523,-0.00079028495,-0.0010737722,-0.001078862,-0.0008709272,-0.0005904768
8.76407,37.40969,-0.00047845536,-0.00071499473,-0.00096388964,-0.00095603365,-0.000742523,-0.00048335225
9.045089,37.433,-0.00050795515,-0.0008061195,-0.0010962844,-0.0011118543,-0.0008978787,-0.0006043451
7.954517,36.817905,-0.0003986183,-0.0003145378,-0.0003587616,-0.00029676015,-0.0002198711,-0.00011740548
8.130695,37.007397,-0.00041467638,-0.0004175697,-0.00051786384,-0.0004609354,-0.00033015758,-0.00018868667
8.306873,37.19689,-0.0004320107,-0.00051902013,-0.0006722053,-0.0006261423,-0.00045528205,-0.00027496845
7.833181,37.046234,-0.00039093895,-0.0003143118,-0.00035667545,-0.0002891212,-0.00023222667,-0.00013848573
8.009359,37.235725,-0.000406645,-0.00041774576,-0.0005166672,-0.0004528852,-0.0003401881,-0.00020816094
7.711845,37.274563,-0.0003838473,-0.00031358356,-0.00035349446,-0.00027990658,-0.00024272615,-0.00015842324
4.186655,38.584507,-0.00030611758,8.144706e-05,0.00034387416,0.00029692383,-0.0003349598,-0.00052384904
4.2119036,38.181717,-0.00030032068,6.614965e-05,0.0003172149,0.00025982826,-0.00036911303,-0.0005442727
4.237152,37.778927,-0.00029405122,4.8110902e-05,0.00028537196,0.00021825665,-0.00040343576,-0.00056286604
4.5928144,38.498123,-0.00030518038,0.00012555021,0.00039683955,0.00035640234,-0.00024587018,-0.00043088704
4.6180634,38.095333,-0.00030075485,0.00011669725,0.00038141888,0.0003303103,-0.00027251535,-0.00044745355
4.9989743,38.41174,-0.0003046096,0.0001506378,0.00042022436,0.0003884651,-0.0001725908,-0.00034579067
3.9214404,38.497574,-0.0003041108,3.9276063e-05,0.00028518884,0.00022926873,-0.00041543203,-0.0005968867
3.6562257,38.410637,-0.00030090933,-6.268799e-06,0.0002164864,0.00014953631,-0.000501442,-0.00066998653
3.946689,38.09478,-0.0002971154,2.0765245e-05,0.00025141376,0.00018460244,-0.00045323998,-0.00061770086
3.6854568,37.429924,-0.00027922587,-6.0191214e-05,0.00011003226,1.1837899e-05,-0.00060320646,-0.00071645505
3.9613044,37.604424,-0.00028763895,-6.494105e-06,0.00020109862,0.00012066501,-0.00050275854,-0.00064285
3.5861523,37.65413,-0.00028305143,-6.169874e-05,0.00011184877,1.6438664e-05,-0.0006087325,-0.00072987325
3.862,37.82863,-0.0002910133,-8.526623e-06,0.00020215506,0.00012465304,-0.0005077687,-0.00065522175
3.4868476,37.878334,-0.00028702122,-6.3266336e-05,0.00011356849,2.114457e-05,-0.000613272,-0.00074226526
3.5715368,38.144485,-0.00029441577,-3.4878314e-05,0.00016626781,8.717674e-05,-0.000557761,-0.00070792943
5.493349,37.52784,-0.00030100424,0.00017025536,0.00043171257,0.00038766544,-0.00012656838,-0.0002709332
5.455528,37.92794,-0.00030328662,0.00016130274,0.00042072267,0.00038914962,-0.00012166816,-0.0002705844
5.4177065,38.32804,-0.0003056765,0.00014705032,0.0004022221,0.00038582366,-0.00011799938,-0.00027076513
5.074617,37.611534,-0.0002980669,0.00014969987,0.00041432612,0.00036066145,-0.0002026108,-0.0003609217
5.0367956,38.011635,-0.0003013758,0.00015249556,0.00042066546,0.000376872,-0.00018710285,-0.00035339646
4.6558847,37.69523,-0.0002961195,0.00010551208,0.00036173768,0.0003017649,-0.0002967127,-0.00046002062
5.864622,37.65284,-0.0003066221,0.00014926976,0.00039165275,0.000370799,-7.9354344e-05,-0.00020357686
6.2358947,37.77784,-0.00031506378,7.981771e-05,0.0002806527,0.0002947201,-6.88048e-05,-0.0001622191
5.826801,38.05294,-0.0003083883,0.00012453979,0.0003575465,0.00035399478,-8.647019e-05,-0.00021204264
2.8643565,37.152718,-0.00025335557,-0.00017404181,-0.00012266594,-0.0002855099,-0.0008409415,-0.000863191
2.639934,37.061558,-0.00024513967,-0.0001955877,-0.00017917782,-0.00036240084,-0.00088945514,-0.0008819807
2.4155116,36.970398,-0.0002370556,-0.00021291572,-0.00023044544,-0.00043331986,-0.00092779787,-0.0008902019
2.9187815,36.89671,-0.00024592824,-0.00017774444,-0.00013711625,-0.00030704433,-0.0008414271,-0.00084757403
2.694359,36.80555,-0.00023721617,-0.00019800382,-0.00019169002,-0.0003817008,-0.0008856674,-0.00086183887
2.9732065,36.6407,-0.00023838585,-0.00018090254,-0.00015056878,-0.0003272639,-0.0008389588,-0.00082910113
3.2641416,37.050514,-0.00025951368,-0.00013680178,-4.1729272e-05,-0.00018029887,-0.0007537032,-0.0008052917
3.064249,37.101616,-0.0002563346,-0.00015645892,-8.3076295e-05,-0.00023360687,-0.00079888303,-0.0008360303
3.118674,36.845608,-0.00024926823,-0.00016091042,-9.841567e-05,-0.00025594622,-0.00080100424,-0.00082240015
3.5695508,37.070248,-0.00026733679,-9.743434e-05,3.6241472e-05,-8.1517755e-05,-0.0006709667,-0.0007505298
3.4240832,36.86534,-0.00025780208,-0.00012658173,-2.4450363e-05,-0.00015963012,-0.0007262483,-0.0007778111
3.2786157,36.660435,-0.0002474181,-0.00015182549,-8.184487e-05,-0.00023555738,-0.0007740348,-0.0007957502
3.7294927,36.885075,-0.00026599687,-8.561808e-05,5.441612e-05,-6.0528815e-05,-0.00064215454,-0.00072128326
3.5840251,36.680164,-0.00025642925,-0.00011593634,-6.858885e-06,-0.00013857824,-0.0006977118,-0.00074934534
3.8894343,36.699898,-0.00026498776,-7.342106e-05,7.279914e-05,-3.927833e-05,-0.0006123195,-0.0006910568
3.8453984,37.244747,-0.0002776943,-4.712969e-05,0.00012860316,3.2170476e-05,-0.00057488517,-0.0006868952
4.00534,37.059574,-0.00027646,-3.374964e-05,0.00014725751,5.257815e-05,-0.00054565433,-0.00065636524
4.1212463,37.41925,-0.00028613408,7.6996685e-06,0.00021950238,0.00013964695,-0.00047465067,-0.00061243685
2.1317706,36.72754,-0.00022244889,-0.00023072916,-0.00029545193,-0.0005249913,-0.00095610507,-0.00087005954
1.8107922,36.662827,-0.00021507508,-0.0002432571,-0.00034451182,-0.0005920802,-0.0009721871,-0.0008505622
2.126877,36.31983,-0.00020615786,-0.00023210103,-0.00031664592,-0.00055771024,-0.00093134434,-0.00081225164
2.6894655,36.397842,-0.00022189612,-0.00020606094,-0.00022530204,-0.00043140203,-0.00088538055,-0.00082698115
2.410618,36.56269,-0.00022156256,-0.00021913701,-0.00026141864,-0.00047972088,-0.0009229565,-0.00085049396
2.4057245,36.154984,-0.00020526904,-0.0002217055,-0.00028499012,-0.00051603536,-0.00090286025,-0.0007973869
7.4313593,37.235474,-0.00036429983,-0.00020110172,-0.00017545921,-0.00010476833,-0.00015536195,-0.00011666876
7.1035786,37.36879,-0.0003461972,-0.00010829002,-2.5538742e-05,3.6242665e-05,-0.00010789186,-0.000111267625
6.775798,37.50211,-0.00033156044,-2.3634255e-05,0.000111601534,0.00015665239,-7.82302e-05,-0.000119511424
7.272209,36.96806,-0.0003528381,-9.533733e-05,-9.444535e-06,4.371208e-05,-7.850748e-05,-7.2704854e-05
6.9444284,37.101376,-0.0003365951,-1.18945245e-05,0.00012528557,0.00016196101,-5.207473e-05,-8.373958e-05
7.113059,36.700645,-0.00034289245,4.0072203e-07,0.00014071434,0.00017059248,-2.126509e-05,-4.500848e-05
7.674031,36.77882,-0.000377333,-0.00020303387,-0.00018299157,-0.00012109929,-0.00012997896,-7.3999225e-05
7.552695,37.007145,-0.0003705221,-0.00020227689,-0.00017970854,-0.000113629874,-0.00014354163,-9.587484e-05
7.393545,36.73973,-0.0003587368,-9.618741e-05,-1.3031304e-05,3.7349404e-05,-6.377751e-05,-5.017644e-05
6.1432843,36.79898,-0.00030803948,0.00017462748,0.0004209239,0.00038268178,-4.2575182e-05,-0.00015189558
6.4665422,36.7662,-0.0003167425,0.0001409449,0.000364798,0.0003458175,-1.4609158e-05,-0.00010131675
6.7898006,36.73342,-0.00032821935,8.185929e-05,0.0002704417,0.00027546377,-6.831944e-06,-6.5018234e-05
6.2979116,37.16693,-0.00031345326,0.00013126367,0.00035421987,0.00034076566,-4.0092767e-05,-0.00013528472
6.62117,37.134155,-0.0003234355,7.089061e-05,0.00025743718,0.00026859515,-3.5006582e-05,-0.000101364196
6.4525394,37.534885,-0.00031984644,6.017536e-05,0.00024570196,0.00026455277,-5.8884918e-05,-0.00013488633
5.7099943,37.284885,-0.00030221182,0.00017459267,0.00043168897,0.00038848777,-9.8564684e-05,-0.0002315579
5.926639,37.04193,-0.00030452354,0.00017608899,0.00042813199,0.00038683336,-7.056099e-05,-0.00019183212
6.081267,37.409885,-0.0003094024,0.00014184017,0.0003750338,0.00035736556,-5.9544862e-05,-0.00016945082
9.81252,37.297577,-0.0005916458,-0.0009913704,-0.0013585505,-0.0014265719,-0.0012427612,-0.00090254575
9.539433,37.224537,-0.0005597773,-0.0009099403,-0.00124339,-0.0012925937,-0.0010868213,-0.0007569466
9.752758,36.99277,-0.00058172754,-0.00092764216,-0.0012664916,-0.0013255927,-0.0011160674,-0.00077770883
10.432796,36.44113,-0.0006575113,-0.0010041418,-0.0013662024,-0.0014493429,-0.0012373863,-0.00089154847
10.516331,36.68796,-0.00066880806,-0.0010603325,-0.0014476385,-0.0015404964,-0.0013503016,-0.0010058522
10.19944,36.601067,-0.0006307519,-0.0009749482,-0.0013281346,-0.0014041635,-0.0011918781,-0.0008452714
11.125719,35.975292,-0.0007388106,-0.0010829523,-0.0014652653,-0.0015603302,-0.0013392203,-0.0010125694
11.19525,36.1908,-0.000747371,-0.0011279221,-0.0015315643,-0.00163612,-0.0014283013,-0.0011026969
10.895935,36.128242,-0.00071164506,-0.0010579417,-0.0014344592,-0.0015270018,-0.0013107798,-0.0009754086
9.176317,37.121666,-0.0005184632,-0.0007904904,-0.0010726709,-0.001094071,-0.0008665481,-0.00056666025
9.026527,36.78703,-0.00049912505,-0.0006841615,-0.00091768726,-0.00092211884,-0.0006791645,-0.00040785462
8.876737,36.452393,-0.00048084278,-0.0005720654,-0.000752301,-0.00073943264,-0.00049603445,-0.00026215415
9.389643,36.8899,-0.0005396126,-0.000811899,-0.0011019978,-0.0011352806,-0.0009001494,-0.0005858224
9.239853,36.555264,-0.0005202462,-0.0007077523,-0.0009506548,-0.0009668948,-0.0007101298,-0.00042187364
9.602968,36.658134,-0.00056170305,-0.0008316074,-0.0011280985,-0.0011715018,-0.00092971686,-0.00060410076
8.61428,37.075054,-0.00045976668,-0.0006029983,-0.0007987048,-0.00077473215,-0.0005642117,-0.00033980995
8.745508,36.76372,-0.00046986778,-0.00058790843,-0.0007763221,-0.00075858337,-0.00053201703,-0.00030195885
8.895298,37.098362,-0.00048837665,-0.00069996767,-0.00094157056,-0.0009404796,-0.0007128301,-0.00044678384
8.261924,36.696068,-0.00042353707,-0.0004039566,-0.0004984065,-0.00044812376,-0.00029987484,-0.00015260845
8.56933,36.57423,-0.00045103888,-0.0004902454,-0.0006302485,-0.0005972882,-0.00039289505,-0.00020108324
8.438102,36.88556,-0.00044109195,-0.0005050135,-0.0006520415,-0.0006131709,-0.00042595106,-0.00023905904
7.9026313,36.514034,-0.00039263992,-0.00023548728,-0.0002363246,-0.00017809874,-0.00013542587,-5.709773e-05
7.850745,36.210167,-0.0003873884,-0.000158145,-0.00011536461,-6.356126e-05,-5.848366e-05,-4.4458507e-06
7.7988596,35.906296,-0.0003828655,-8.392006e-05,1.8083454e-06,4.483813e-05,1.0158956e-05,4.0046154e-05
8.210038,36.392197,-0.0004170781,-0.00032435328,-0.00037632065,-0.00032400733,-0.00020173103,-8.047563e-05
8.158152,36.08833,-0.000411349,-0.00024507492,-0.0002532032,-0.00020107132,-0.000110483226,-1.612097e-05
8.517445,36.27036,-0.00044421272,-0.0004115141,-0.0005109346,-0.000471505,-0.0002823704,-0.000117358504
7.622145,36.47495,-0.00037215598,-0.00012715417,-6.454688e-05,-1.2922585e-05,-6.0970367e-05,-2.6873886e-05
7.341659,36.43586,-0.00035437458,-2.6817977e-05,9.522098e-05,0.00013004846,-1.0456622e-05,-1.5814841e-05
7.5702596,36.171078,-0.00036768513,-5.5080473e-05,4.863137e-05,8.789414e-05,3.570318e-08,1.2637794e-05
10.7353735,35.540413,-0.0006918245,-0.0009311555,-0.0012474194,-0.0013159142,-0.0010540502,-0.0007226725
10.942083,35.634388,-0.00071672746,-0.0009927183,-0.0013337822,-0.0014117799,-0.0011651597,-0.0008364971
11.148793,35.728363,-0.0007414971,-0.0010512082,-0.0014158637,-0.0015030036,-0.0012678647,-0.00094477826
10.712299,35.78734,-0.0006890598,-0.0009652844,-0.0013000722,-0.0013758123,-0.0011296773,-0.00079332787
10.919009,35.881317,-0.000714006,-0.0010256412,-0.0013847933,-0.0014703181,-0.001238637,-0.0009059654
10.689225,36.034267,-0.0006866725,-0.0009987886,-0.0013513899,-0.0014338136,-0.0012039524,-0.00086410454
11.697981,35.557556,-0.0008067618,-0.00113566,-0.0015255074,-0.0016195392,-0.0013770075,-0.0010798114
11.770319,35.785885,-0.00081472925,-0.0011806159,-0.0015931466,-0.0016988373,-0.0014634792,-0.0011647801
11.526742,35.68995,-0.0007864053,-0.0011214468,-0.0015102095,-0.0016057373,-0.0013708072,-0.0010637434
11.31114,35.289803,-0.00076172786,-0.001019274,-0.0013597932,-0.0014343091,-0.0011796224,-0.0008704928
11.497167,35.334923,-0.0007837537,-0.0010643856,-0.0014221487,-0.0015023933,-0.0012522865,-0.0009504731
11.683193,35.380043,-0.00080555613,-0.0011077733,-0.0014821596,-0.001568109,-0.0013193579,-0.001025237
11.325928,35.467316,-0.00076300744,-0.0010489933,-0.0014055083,-0.0014873839,-0.0012414028,-0.00092947873
11.511954,35.512436,-0.0007849999,-0.0010931717,-0.0014666624,-0.0015545954,-0.0013119223,-0.0010073194
11.340715,35.64483,-0.000764455,-0.0010781884,-0.0014502545,-0.0015393675,-0.0013023303,-0.0009880743
11.119218,35.37334,-0.0007384439,-0.0009909951,-0.0013241431,-0.0013975039,-0.0011417549,-0.00082349306
11.134006,35.550854,-0.00073988526,-0.0010213731,-0.0013704927,-0.0014508202,-0.0012053008,-0.0008843165
10.927296,35.456875,-0.00071512646,-0.0009616615,-0.0012867451,-0.0013581271,-0.0010999262,-0.0007741099
5.352923,37.148125,-0.00029675895,0.00016328448,0.00042485638,0.0003670265,-0.00016784387,-0.00031211905
4.9341908,37.23182,-0.00029300875,0.00012170404,0.0003758685,0.00031157274,-0.0002619098,-0.00041221458
4.515458,37.315517,-0.0002894817,6.487912e-05,0.00030111283,0.00023010177,-0.0003693114,-0.00051656493
5.2124968,36.76841,-0.00029161232,0.0001369502,0.0003892197,0.0003223309,-0.00022250706,-0.00036042387
4.7937646,36.852104,-0.00028639322,8.1157144e-05,0.00031629365,0.00024279613,-0.00033064227,-0.0004661284
5.0720706,36.388695,-0.00028503055,9.6690834e-05,0.0003309254,0.00025680702,-0.00028729756,-0.00041193442
5.786213,36.66222,-0.000300026,0.0001832673,0.00044180412,0.00038551659,-9.800798e-05,-0.00022432857
5.569568,36.90517,-0.0002978762,0.00017440575,0.0004346761,0.0003771612,-0.00013308841,-0.00026848464
5.4291415,36.525455,-0.00029286413,0.00015283817,0.00040641968,0.00034024304,-0.00018213278,-0.00031374485
4.2836466,36.596165,-0.0002720385,-1.9139112e-05,0.00016246265,6.728881e-05,-0.0005053187,-0.0006053348
4.6778584,36.49243,-0.00027868612,3.9115846e-05,0.0002504317,0.00016776008,-0.0003954075,-0.000511071
4.3995523,36.95584,-0.0002816518,2.3568095e-05,0.00023512215,0.00015309209,-0.00043738942,-0.0005637594
3.1952772,36.230217,-0.0002301858,-0.0001740275,-0.00014254957,-0.0003195897,-0.000804596,-0.0007832134
2.9115365,35.98736,-0.00021228737,-0.0001985243,-0.00021470076,-0.0004203487,-0.0008456257,-0.0007764836
2.6277955,35.7445,-0.00019404321,-0.00021268755,-0.00027055913,-0.0005000621,-0.00085669785,-0.00074196514
3.4173481,35.819736,-0.0002228114,-0.00016646963,-0.00013298231,-0.00030938702,-0.00076572923,-0.0007341998
3.1336071,35.576878,-0.00020344848,-0.00018998772,-0.0002018724,-0.00040600734,-0.00080122094,-0.00072315556
3.639419,35.409252,-0.00021641118,-0.00015818792,-0.00012159997,-0.0002961958,-0.0007225261,-0.00068261055
3.8060958,36.269684,-0.00025064236,-0.00010838038,9.912252e-08,-0.00013214404,-0.00066587835,-0.0007064317
3.5006866,36.24995,-0.00024046845,-0.0001447323,-7.4539006e-05,-0.00022872,-0.00074121484,-0.0007515805
3.7227576,35.83947,-0.0002344355,-0.00013718277,-6.6090404e-05,-0.00021969945,-0.000704093,-0.0007043462
4.200308,36.16595,-0.00025972922,-5.9511483e-05,8.755225e-05,-2.3745597e-05,-0.00056448014,-0.00063114794
4.1169696,35.735733,-0.00024542934,-9.539133e-05,1.5659987e-05,-0.00011404544,-0.0006126979,-0.00064258365
4.59452,36.062214,-0.00026863808,-4.110634e-06,0.00017744798,8.332914e-05,-0.00045580012,-0.0005442141
2.1066384,35.429092,-0.00016739637,-0.0002217024,-0.0003328958,-0.0005859657,-0.0008215666,-0.0006421555
1.7197245,35.309116,-0.0001553865,-0.00022423059,-0.00035975175,-0.0006161738,-0.0007742246,-0.00056129723
2.0912933,34.946056,-0.00014433426,-0.00020707899,-0.0003212908,-0.0005715168,-0.0007314792,-0.0005293241
2.6124504,35.261467,-0.00017270178,-0.0002080813,-0.000282569,-0.000521215,-0.00080437236,-0.0006571384
2.5971053,34.778435,-0.0001499495,-0.0001961642,-0.00027896505,-0.0005203138,-0.0007300978,-0.0005574582
3.118262,35.09384,-0.00018300372,-0.00019087178,-0.00022373396,-0.00044102414,-0.0007669073,-0.0006549092
6.2391143,36.357613,-0.00030891137,0.00018793791,0.00043865867,0.0003927049,-2.5240957e-05,-0.00013147622
6.3349447,35.916245,-0.00031054337,0.00019715542,0.0004514336,0.00040121668,-7.3094966e-06,-0.000111539426
6.4307747,35.474876,-0.0003130184,0.0002019028,0.00045882218,0.0004079904,1.0377586e-05,-9.297568e-05
6.5623727,36.324833,-0.00031862454,0.00016356843,0.00039694947,0.0003679318,1.1541784e-05,-7.458812e-05
6.6582026,35.883465,-0.00032139116,0.00018231935,0.00042455216,0.000388982,3.829378e-05,-4.8762144e-05
6.885631,36.292053,-0.00033100552,0.000113512935,0.00031703943,0.00031025094,2.8813542e-05,-3.120166e-05
7.114231,36.02727,-0.00034125347,9.535021e-05,0.0002870578,0.0002879564,5.266136e-05,6.626785e-06
6.886803,35.618683,-0.00033060927,0.00017523569,0.00041246432,0.0003845021,7.305473e-05,-4.333317e-06
7.342831,35.76249,-0.00035336666,7.498378e-05,0.00025437493,0.00026362223,7.626528e-05,4.3609798e-05
5.8820434,36.22085,-0.0002997294,0.00018462843,0.0004417154,0.00038137764,-8.9953246e-05,-0.0002101503
5.524972,36.08409,-0.0002910984,0.00014506739,0.00039204283,0.00032374376,-0.00018149262,-0.00030337815
5.9778733,35.779484,-0.00030006343,0.00018210118,0.00043672937,0.000375421,-8.1272665e-05,-0.00019595724
10.399228,36.080475,-0.00065201696,-0.0009392313,-0.0012703507,-0.00134271,-0.001101889,-0.0007588714
10.165873,36.24041,-0.0006247981,-0.00090854947,-0.0012306294,-0.0012965641,-0.0010546189,-0.0007118073
9.932516,36.400345,-0.0005980883,-0.0008759075,-0.0011874728,-0.0012451294,-0.0010018282,-0.0006633442
10.132305,35.87975,-0.0006195381,-0.00083948835,-0.0011286697,-0.0011834805,-0.00091206987,-0.0005782941
9.898949,36.03969,-0.0005924079,-0.00080523104,-0.0010835557,-0.0011306,-0.00085853867,-0.00053092936
9.865381,35.679028,-0.00058750063,-0.00073191937,-0.00097503944,-0.0010100419,-0.00071163115,-0.00040093617
10.445376,35.586617,-0.0006567429,-0.000869208,-0.0011637199,-0.0012234281,-0.0009486454,-0.0006157423
10.422302,35.833546,-0.00065418676,-0.0009045417,-0.0012177008,-0.0012840457,-0.0010259948,-0.000687192
10.155379,35.632824,-0.00062188396,-0.00080293993,-0.0010732574,-0.0011218922,-0.0008336633,-0.0005072463
9.569401,36.297474,-0.0005554364,-0.0007587739,-0.0010213854,-0.0010549155,-0.0007875126,-0.0004752789
9.206285,36.194603,-0.00051428133,-0.00063008745,-0.0008359461,-0.0008419872,-0.0005700234,-0.00030315452
9.535833,35.936817,-0.0005499447,-0.00068328314,-0.0009099608,-0.00093226513,-0.00064270623,-0.0003498023
10.370044,35.0308,-0.0006485491,-0.00075417844,-0.0009916846,-0.0010289588,-0.00071260746,-0.00040362866
10.49182,35.20067,-0.0006628193,-0.0008154091,-0.0010803099,-0.0011286614,-0.0008301442,-0.0005096465
10.613597,35.37054,-0.0006772576,-0.0008743895,-0.0011654997,-0.0012241881,-0.0009442201,-0.00061647064
10.201823,35.246876,-0.00062763627,-0.00074741105,-0.0009878734,-0.0010258248,-0.00071386865,-0.000402144
10.3236,35.416748,-0.00064209703,-0.00080947,-0.0010775883,-0.001126802,-0.0008328238,-0.0005082856
10.033603,35.46295,-0.0006072738,-0.0007400194,-0.0009823526,-0.0010195479,-0.0007136429,-0.0004013179
9.4909115,35.520184,-0.0005439635,-0.0005911327,-0.00077257236,-0.0007795697,-0.000471752,-0.0002093206
9.161364,35.777973,-0.0005077837,-0.00053547806,-0.0006945929,-0.0006870132,-0.00040631206,-0.00017151433
8.831815,36.03576,-0.00047398906,-0.00047527402,-0.0006069402,-0.0005830832,-0.00034266262,-0.00014128596
9.116441,35.36134,-0.0005025343,-0.00043836315,-0.0005469306,-0.00052455027,-0.0002474802,-5.107671e-05
8.786893,35.619125,-0.00046837528,-0.00037655656,-0.00045599203,-0.00042120987,-0.00019587619,-3.1853022e-05
8.741971,35.20249,-0.00046409445,-0.0002773722,-0.00030086143,-0.00025612314,-5.926639e-05,6.371778e-05
8.11323,35.671696,-0.000406841,-0.00014818102,-0.00010047179,-5.2041352e-05,-4.2577385e-06,5.644387e-05
8.427601,35.437096,-0.00043397766,-0.00021323473,-0.00020247942,-0.00015368324,-2.7458489e-05,6.453675e-05
8.472523,35.85373,-0.00043844312,-0.00031200284,-0.0003577314,-0.00031249624,-0.0001494289,-1.9707739e-05
7.6674805,34.800606,-0.00037613613,0.000121224104,0.00033301802,0.000342272,0.00017932242,0.00013301129
8.025644,34.934566,-0.0004014197,1.0962188e-05,0.00015699261,0.0001923303,0.0001490597,0.00014850801
8.383807,35.06853,-0.00043080075,-0.00012705821,-6.401521e-05,-1.4413893e-05,6.966132e-05,0.0001265542
7.7112737,35.16917,-0.00037744982,6.304246e-05,0.00023754138,0.00025711817,0.00013602107,0.00011398595
8.069437,35.30313,-0.0004036103,-6.5312684e-05,3.2465876e-05,7.513207e-05,7.892794e-05,0.000108816326
7.7550664,35.537735,-0.0003796838,-6.210506e-06,0.00012571328,0.00015712302,7.918948e-05,8.278555e-05
7.255245,35.025364,-0.00034998066,0.00017182558,0.00040941493,0.00039387436,0.00013966912,7.002205e-05
7.2990384,35.393925,-0.00035131318,0.00013003581,0.00034181064,0.00033671278,0.00011398905,6.203622e-05
6.84301,35.25012,-0.00032913094,0.00019894665,0.0004509427,0.00041487426,8.252209e-05,-6.170571e-06
11.1897745,35.145824,-0.00074766524,-0.0009710795,-0.0012900438,-0.001356215,-0.0010911745,-0.00078041607
10.997852,35.229362,-0.000724186,-0.0009414988,-0.001252732,-0.0013176606,-0.0010491876,-0.00073034054
10.80593,35.312897,-0.0007007018,-0.0009107775,-0.0012135148,-0.0012762795,-0.0010033173,-0.0006784084
11.068408,35.00185,-0.00073361286,-0.00092117017,-0.0012179031,-0.0012756696,-0.0009983971,-0.00068744546
10.876486,35.085384,-0.00070995814,-0.00089021155,-0.0011787922,-0.0012350972,-0.00095231156,-0.00063489325
10.947042,34.857872,-0.00071959954,-0.0008694907,-0.0011432655,-0.0011923995,-0.00090134435,-0.0005923136
10.562376,34.973156,-0.000672159,-0.0007942099,-0.0010448653,-0.0010872202,-0.0007788702,-0.00046646027
10.754709,34.915512,-0.0006958647,-0.00083260745,-0.0010953086,-0.0011415877,-0.000841939,-0.00052963576
10.684154,35.14303,-0.000686363,-0.00085358554,-0.0011308093,-0.0011836634,-0.00089315395,-0.0005726328
12.021764,35.23914,-0.0008455048,-0.0011524431,-0.0015373159,-0.0016230884,-0.001363825,-0.0010889225
12.174309,35.053116,-0.0008640012,-0.0011553573,-0.0015340429,-0.0016128621,-0.001346157,-0.0010837934
12.240745,35.328617,-0.0008700765,-0.0012043259,-0.0016102247,-0.0017046628,-0.0014385442,-0.0011703768
11.782619,35.206116,-0.00081790297,-0.001102349,-0.0014688387,-0.0015488158,-0.0012936454,-0.0010082665
11.696021,34.98707,-0.00080885395,-0.0010535388,-0.0013951941,-0.0014636817,-0.0012030461,-0.0009187365
11.609422,34.768017,-0.0007999862,-0.001003103,-0.0013190631,-0.0013762974,-0.0011092017,-0.00082607515
11.935164,35.020092,-0.0008366585,-0.0011055403,-0.0014661009,-0.001539686,-0.0012784259,-0.0010053706
11.848566,34.80104,-0.0008279715,-0.001057091,-0.0013924589,-0.0014542294,-0.0011902631,-0.0009185901
12.087709,34.834064,-0.0008555145,-0.0011087683,-0.0014627437,-0.0015289988,-0.0012631245,-0.0010030656
11.410567,35.115875,-0.0007742944,-0.0010138848,-0.0013466921,-0.001416058,-0.0011560052,-0.00085497147
11.5099945,34.941948,-0.00078704924,-0.0010084844,-0.0013331086,-0.0013967066,-0.0011324598,-0.0008401292
11.596594,35.160995,-0.0007962179,-0.0010589575,-0.0014089016,-0.0014835767,-0.0012275963,-0.00093423994
11.289202,34.971897,-0.00076043326,-0.00096575054,-0.0012768657,-0.0013379428,-0.0010686007,-0.00076588424
11.167835,34.82792,-0.000746584,-0.0009159362,-0.0012047061,-0.001257451,-0.0009768789,-0.000673822
11.388628,34.79797,-0.00077340344,-0.00096040935,-0.0012631941,-0.0013185719,-0.0010461619,-0.00075205474
4.1356826,35.120667,-0.0002275992,-0.000120335164,-4.2651714e-05,-0.0001904071,-0.00062421354,-0.00061314495
4.6319466,34.83208,-0.00024153954,-7.4341595e-05,4.2699518e-05,-7.7673736e-05,-0.0005119804,-0.000529162
5.12821,34.543495,-0.00025781387,-2.131802e-05,0.00013223189,3.867644e-05,-0.0003887978,-0.00043229086
4.613233,35.447147,-0.00025589592,-4.1729985e-05,0.00010696358,1.9305945e-07,-0.0004916442,-0.00054493744
5.109497,35.15856,-0.0002681269,1.7872513e-05,0.00020005173,0.000113871036,-0.00036229615,-0.00043562395
5.0907836,35.77363,-0.00027716428,5.8834255e-05,0.00026896733,0.0001887967,-0.00032684047,-0.0004276946
5.9965863,35.164413,-0.00029794604,0.00015816897,0.0004029588,0.00034322042,-9.988052e-05,-0.00020728761
5.543685,35.46902,-0.00028617913,0.000111795365,0.00034126657,0.00027143257,-0.00021185476,-0.00031787594
5.5623984,34.853954,-0.00028056817,7.090467e-05,0.00027781623,0.0002081198,-0.00024356037,-0.00032978208
3.6506188,33.613445,-0.00014281028,-0.00014375002,-0.00015506893,-0.00036073572,-0.00056083064,-0.00042704016
3.6468854,34.212048,-0.00016943377,-0.00016176396,-0.00016828996,-0.00037093527,-0.0006420622,-0.00053063256
3.6431522,34.81065,-0.00019393832,-0.00016611487,-0.00015629965,-0.00034801872,-0.0006970883,-0.0006174546
3.1257286,33.89664,-0.00012812357,-0.00015727931,-0.00020464498,-0.00042808848,-0.00059411104,-0.0004299639
3.1219954,34.495243,-0.00015664738,-0.00018035228,-0.00022650081,-0.0004514461,-0.0006938017,-0.0005504182
2.6008384,34.179832,-0.000120423734,-0.00017050987,-0.00025052458,-0.00048539264,-0.0006144765,-0.00042269498
4.6356797,34.23348,-0.00022516483,-9.904987e-05,-9.337246e-06,-0.0001440025,-0.0005153621,-0.0004978524
4.1394157,34.522064,-0.0002077387,-0.00013618809,-8.6078224e-05,-0.00025052315,-0.00061350304,-0.0005646873
4.1431494,33.923462,-0.00018586546,-0.00013932544,-0.00010727292,-0.00028419073,-0.000575821,-0.00049564295
2.1061075,33.88475,-8.91189e-05,-0.00014931732,-0.00023985512,-0.0004606083,-0.00048760397,-0.00026587755
1.662228,33.660183,-6.6402135e-05,-0.00012888295,-0.00021493774,-0.00040834886,-0.0003581689,-0.000121106445
2.1362667,33.306477,-5.6055367e-05,-0.00010279137,-0.00016793638,-0.000363385,-0.00034604318,-0.00012676102
2.661157,33.023285,-5.8590114e-05,-8.778244e-05,-0.00013187366,-0.00033104353,-0.00035743386,-0.00015885502
3.1558878,33.318367,-9.978646e-05,-0.00012298947,-0.00015978342,-0.00037308724,-0.00048229797,-0.00030908233
2.6309977,33.60156,-9.0628324e-05,-0.00013456136,-0.00020022875,-0.00042021542,-0.00048905856,-0.00029030113
6.5456195,34.873512,-0.0003172961,0.00019970434,0.0004582731,0.00041216367,2.8479517e-05,-7.546049e-05
6.111431,34.563053,-0.00029968077,0.00013661593,0.00037174457,0.00031995433,-9.6931515e-05,-0.00019612628
5.677243,34.25259,-0.0002788282,4.4329106e-05,0.0002353794,0.00016977925,-0.0002436083,-0.00031348306
6.6604643,34.27215,-0.00032341105,0.00018713802,0.00044435423,0.0004093415,3.9711653e-05,-6.4886626e-05
6.226276,33.96169,-0.00030293613,0.00010942668,0.0003332812,0.00029222458,-9.75433e-05,-0.0001876369
6.775309,33.670784,-0.00033170325,0.00016470665,0.00041720454,0.00039771502,4.093474e-05,-6.238586e-05
7.37009,34.424,-0.00035980326,0.00019662995,0.00045501726,0.000442172,0.00018174858,9.7349825e-05
6.9578547,34.648754,-0.00033620244,0.00020934863,0.00047168176,0.00043966074,0.000112047375,1.5812815e-05
7.0726995,34.047394,-0.00034557134,0.00020742315,0.00047654074,0.0004559545,0.00013090485,2.7108848e-05
9.677385,34.587376,-0.00056810526,-0.00046903355,-0.00057873304,-0.00056131824,-0.00022698504,-1.610881e-05
9.740051,34.95126,-0.00057352835,-0.000559156,-0.0007167483,-0.0007186423,-0.0003848222,-0.00013392072
9.802716,35.315144,-0.0005800292,-0.00064697536,-0.0008488601,-0.00086829904,-0.00054761965,-0.00026316935
9.365581,34.792416,-0.00053135876,-0.0004084397,-0.00049411826,-0.00046699028,-0.00016371519,2.1027743e-05
9.4282465,35.1563,-0.000537119,-0.0005007544,-0.0006362,-0.00062664633,-0.0003142069,-8.791691e-05
9.053776,34.997456,-0.0004965741,-0.0003443882,-0.00040124924,-0.0003643995,-0.00010727531,4.7684134e-05
10.139157,34.88299,-0.00062122196,-0.00066415174,-0.00086319284,-0.0008842104,-0.0005491994,-0.00026292758
9.970937,35.099068,-0.0006003118,-0.0006559122,-0.0008569649,-0.0008778899,-0.000548935,-0.00026253588
9.908272,34.735184,-0.0005943399,-0.0005689879,-0.0007257343,-0.0007282917,-0.0003851779,-0.00013211518
10.403185,34.839054,-0.0006533955,-0.00072898774,-0.00095159217,-0.0009826251,-0.00065720064,-0.00035697062
10.436325,34.647305,-0.0006585341,-0.000703609,-0.0009108375,-0.0009351438,-0.00060184463,-0.00031120164
10.469466,34.45556,-0.0006639792,-0.0006780742,-0.00086943264,-0.00088654534,-0.0005467296,-0.00026646547
10.595517,34.78141,-0.0006771411,-0.00076944527,-0.0010051406,-0.0010409713,-0.0007238632,-0.0004196611
10.628658,34.589664,-0.0006824134,-0.0007444963,-0.0009647606,-0.0009936184,-0.00066894083,-0.00037370855
10.78785,34.723766,-0.0007009732,-0.0008082872,-0.0010559354,-0.0010953837,-0.0007876125,-0.00048303563
10.205439,34.4995,-0.0006315225,-0.0006120705,-0.0007796627,-0.0007871853,-0.00043881993,-0.00017463976
10.172298,34.691246,-0.00062621693,-0.0006381839,-0.0008217588,-0.0008362835,-0.0004938703,-0.00021821409
9.941412,34.543438,-0.0005994881,-0.0005423897,-0.0006829377,-0.0006787291,-0.00033104426,-9.038454e-05
9.307089,34.32158,-0.000528165,-0.0002955721,-0.0003146958,-0.00026593523,6.190717e-06,0.00013516849
8.995284,34.52662,-0.00049296196,-0.00023089796,-0.00021966333,-0.0001667009,4.840225e-05,0.00014957541
8.683479,34.731655,-0.00046022015,-0.0001647225,-0.00011959845,-6.60153e-05,7.996815e-05,0.00015278072
8.936793,34.055782,-0.0004913984,-0.000121464785,-3.7674727e-05,2.8074204e-05,0.00017930454,0.00022539633
8.624989,34.26082,-0.00045830483,-5.8593334e-05,5.721325e-05,0.00011560577,0.0001943869,0.00021688598
8.566497,33.78998,-0.00045844872,3.533083e-05,0.00021974319,0.00027905768,0.00027839202,0.00025357123
7.9671526,34.46373,-0.000399939,9.507197e-05,0.00029736393,0.00032303805,0.00021691626,0.0001792106
8.266825,34.126858,-0.00042737872,6.6191256e-05,0.00025918358,0.0003017823,0.00025037807,0.0002197544
8.325316,34.597694,-0.00042814834,-2.3544133e-05,0.000106591404,0.00015385216,0.00017374438,0.00018561048
7.669762,34.087124,-0.00038191015,0.00018456191,0.00044367212,0.00044795984,0.00023069495,0.00014959615
7.3723717,33.710518,-0.00036636932,0.00020929784,0.0004863283,0.00048156304,0.00018666213,8.213776e-05
7.9694343,33.75025,-0.0004078179,0.00016793102,0.00042785637,0.00045102232,0.00027469103,0.00019577736
12.524996,34.634293,-0.00090669305,-0.0011636881,-0.0015265412,-0.0015864593,-0.0013089332,-0.00107707
12.723137,34.401497,-0.00093083817,-0.0011693626,-0.00152218,-0.0015697748,-0.0012906208,-0.0010763452
12.769303,34.719414,-0.0009329132,-0.0012188718,-0.0016037001,-0.0016714144,-0.0013797648,-0.0011554105
10.999196,34.587345,-0.0007277093,-0.0008370771,-0.001089759,-0.0011287951,-0.00082827266,-0.000529805
11.05135,34.316822,-0.0007363845,-0.00080439274,-0.0010350447,-0.0010632693,-0.00075586874,-0.000468962
11.103503,34.0463,-0.000745652,-0.00077152153,-0.0009791945,-0.0009960212,-0.00068457396,-0.00041003997
11.219989,34.557396,-0.00075478514,-0.000884308,-0.0011518509,-0.0011939559,-0.0009054895,-0.00061246613
11.272142,34.286873,-0.00076353294,-0.00085242145,-0.0010977981,-0.0011286451,-0.0008349534,-0.000552712
11.440783,34.527447,-0.0007816756,-0.0009295849,-0.0012109866,-0.0012551019,-0.0009766653,-0.0006923347
10.680812,34.31914,-0.0006910263,-0.0007104707,-0.0009086476,-0.00092712673,-0.00059441524,-0.00031282622
10.892158,34.18272,-0.00071828085,-0.0007415691,-0.0009451428,-0.00096350047,-0.0006404491,-0.00036086922
10.840004,34.453243,-0.000709329,-0.0007750422,-0.001001131,-0.0010304014,-0.0007136114,-0.00042098959
12.209594,34.586212,-0.00087148004,-0.001097567,-0.0014366584,-0.0014911032,-0.0012234595,-0.0009771055
12.092334,34.30533,-0.0008606867,-0.0010342596,-0.0013391781,-0.0013780928,-0.0011140194,-0.0008690668
11.975075,34.02445,-0.00085025886,-0.0009684109,-0.0012378613,-0.0012621391,-0.000999557,-0.0007553051
12.407736,34.353413,-0.0008962211,-0.0011034849,-0.0014328795,-0.0014758687,-0.0012084341,-0.0009796978
12.290476,34.072533,-0.00088607124,-0.0010408857,-0.0013354666,-0.0013627653,-0.0011040802,-0.0008765538
12.605878,34.120617,-0.00092099316,-0.001109766,-0.0014284087,-0.0014588025,-0.001195024,-0.0009838515
11.731306,34.52016,-0.0008163802,-0.0009913528,-0.0012927575,-0.001339788,-0.0010708182,-0.0008004115
11.85319,34.272305,-0.0008331414,-0.0009797608,-0.0012656627,-0.0013016448,-0.0010341151,-0.0007767761
11.970449,34.553185,-0.0008441623,-0.0010455792,-0.0013661995,-0.0014169617,-0.0011511968,-0.0008927532
11.68455,34.031734,-0.00081592373,-0.0009061175,-0.0011564827,-0.001179846,-0.0009057625,-0.00064658956
11.562667,34.27959,-0.00079859945,-0.00091775745,-0.0011841127,-0.0012182057,-0.00094029435,-0.0006684466
11.394027,34.039017,-0.0007810104,-0.0008406246,-0.0010705347,-0.0010916078,-0.0008006333,-0.0005305367
13.441048,33.980675,-0.0010120491,-0.0012460809,-0.0015979045,-0.0016214325,-0.0013286853,-0.0011599837
13.144727,33.907375,-0.0009821076,-0.0011833071,-0.0015115609,-0.0015294759,-0.0012593596,-0.0010813263
13.368175,33.646046,-0.0010091274,-0.0011920106,-0.0015055671,-0.0015064355,-0.0012482717,-0.00108783
14.20308,33.22275,-0.0010983567,-0.0012956191,-0.0016079178,-0.001577992,-0.0013217137,-0.0012011933
13.861291,33.162167,-0.0010664923,-0.0012259178,-0.001513711,-0.0014816957,-0.0012540226,-0.0011244109
14.1309595,32.939613,-0.0010963931,-0.0012511506,-0.0015282984,-0.0014809008,-0.001269475,-0.0011526453
4.161722,33.321587,-0.00016283113,-0.0001276279,-0.00010168534,-0.00028412967,-0.00051226787,-0.00040978222
4.6728253,33.029728,-0.00018875998,-0.00010760504,-4.373938e-05,-0.00019771606,-0.00045004708,-0.00038025767
5.1839285,32.737865,-0.00021989828,-8.2728446e-05,1.8130004e-05,-0.000102945385,-0.00037503772,-0.00033809216
4.6542525,33.631603,-0.00020776302,-0.00011031658,-3.8340866e-05,-0.00018448025,-0.00049328856,-0.00044668347
5.1653557,33.33974,-0.00023378474,-7.474404e-05,3.581971e-05,-7.6278506e-05,-0.00039720518,-0.0003839801
5.146783,33.941616,-0.00024644143,-5.3241314e-05,7.550377e-05,-2.6911319e-05,-0.0004013241,-0.0004154616
5.714389,33.04884,-0.0002660771,-2.9197276e-05,0.00012061209,4.7434747e-05,-0.00028251845,-0.0003039995
6.2448487,33.359814,-0.00030240483,6.4003645e-05,0.00026817888,0.00023319143,-0.00013008648,-0.00020332367
5.695816,33.650715,-0.00027279728,3.8487315e-06,0.00017214578,0.00010461181,-0.00026786787,-0.00031411654
2.6800668,32.420692,-2.2100388e-05,-2.7972757e-05,-4.5906603e-05,-0.00021994572,-0.00021990735,-2.5872052e-05
3.1937077,32.113186,-3.269619e-05,-1.5696824e-05,-1.2754262e-05,-0.00018895346,-0.00022972398,-5.5411874e-05
3.7073483,31.805676,-5.2778898e-05,-9.252131e-06,1.7278135e-05,-0.00015611225,-0.00023543269,-8.241993e-05
3.1747978,32.715775,-6.740016e-05,-7.490117e-05,-9.371406e-05,-0.0002902084,-0.00035638147,-0.00018019087
3.6884384,32.408264,-8.476072e-05,-6.602699e-05,-5.666286e-05,-0.00024517183,-0.0003492356,-0.00019727832
3.6695285,33.010857,-0.00011480206,-0.000111507,-0.000116125404,-0.00031629403,-0.00046018083,-0.00031390364
4.6917353,32.427135,-0.00016823846,-8.9803514e-05,-2.5277197e-05,-0.00018249184,-0.00038877112,-0.00030186278
4.180632,32.718998,-0.00013797957,-0.00010138231,-7.1971954e-05,-0.00025349384,-0.000430368,-0.00031307657
4.199542,32.116405,-0.00011140269,-6.1189e-05,-2.1748603e-05,-0.00019694811,-0.00033670646,-0.00021069414
1.6622523,31.808651,6.196326e-05,7.636184e-05,8.9657486e-05,-7.119477e-06,8.226365e-05,0.00028884833
2.188374,31.480036,6.761581e-05,0.00010273832,0.00012406368,1.1385858e-05,6.0529648e-05,0.00025384588
2.1774,32.10412,2.2055685e-05,2.520293e-05,2.03225e-05,-0.000117362084,-6.510407e-05,0.00013766401
3.2046816,31.489101,6.162703e-06,5.455965e-05,7.932323e-05,-7.548028e-05,-0.00010359842,6.629485e-05
2.6910408,31.79661,1.8941342e-05,4.3432654e-05,5.2122057e-05,-9.606558e-05,-8.482629e-05,0.000102163256
2.702015,31.172527,6.2569794e-05,0.000119655786,0.00015050691,2.4558009e-05,3.5592733e-05,0.000215074
7.8570976,32.498894,-0.00042191,0.00018513291,0.00048036355,0.00051918527,0.0002213766,0.000107734144
8.093564,32.929256,-0.00043196697,0.00019249505,0.00049000233,0.00052827067,0.000294954,0.00018835634
8.33003,33.35962,-0.0004438873,0.00014120454,0.00040100093,0.000448029,0.00031837053,0.0002419967
7.4965014,32.889523,-0.0003860801,0.00018576402,0.00046615285,0.00048534316,0.00017258376,6.120914e-05
7.732968,33.31989,-0.00039629274,0.00020480079,0.0004919295,0.00050801126,0.0002462191,0.0001405701
7.1359053,33.280155,-0.00035616476,0.00017867464,0.00044469995,0.00044410868,0.00011165756,3.9784313e-06
6.5931735,31.849783,-0.00032925457,-1.2019277e-06,0.0001837489,0.00016213555,-0.00013547784,-0.00017206413
6.6538854,32.456783,-0.00033076399,4.9067676e-05,0.00025509138,0.00024558013,-8.274323e-05,-0.00014882427
6.714597,33.063786,-0.00033147712,0.000108941254,0.00033992642,0.0003303463,-1.8768847e-05,-0.00010879261
6.1234255,32.14581,-0.00028845365,-2.8582155e-05,0.00013191933,7.711691e-05,-0.00021551114,-0.00023126107
6.184137,32.75281,-0.00029638773,1.0370672e-05,0.0001895687,0.00014898462,-0.00018127805,-0.00022708923
5.653677,32.441837,-0.0002520774,-5.641788e-05,7.588071e-05,-1.2651503e-05,-0.00029680663,-0.00028761703
7.4357896,32.282524,-0.0003926762,0.00013324303,0.00039300602,0.00042403286,9.891647e-05,-8.679032e-07
7.0751934,32.673153,-0.00035920698,0.00012432938,0.000369919,0.0003811366,4.589552e-05,-5.0118746e-05
7.0144815,32.06615,-0.0003627091,6.159395e-05,0.00028115028,0.00029307764,-2.7136148e-05,-9.9104225e-05
10.361884,34.137497,-0.00065385207,-0.00058964913,-0.0007362009,-0.0007335815,-0.0003803044,-0.00013126046
10.254302,33.81943,-0.00064467173,-0.00049852964,-0.00059664826,-0.0005723937,-0.00021776395,-7.793247e-06
10.14672,33.501366,-0.0006365636,-0.00040555757,-0.0004508794,-0.00040373116,-6.43614e-05,9.994e-05
10.57323,34.001076,-0.0006812504,-0.0006241508,-0.0007784135,-0.00077777583,-0.00042998843,-0.00017540342
10.465648,33.68301,-0.0006724089,-0.0005350911,-0.00064215454,-0.0006205273,-0.00026745777,-4.7947706e-05
10.784575,33.864655,-0.0007089047,-0.0006573285,-0.0008176871,-0.00081764086,-0.0004793604,-0.00022244388
9.83383,34.225372,-0.0005894347,-0.0004477778,-0.00053816754,-0.00051263004,-0.0001705044,2.6727617e-05
9.463534,33.959576,-0.0005495657,-0.00027635938,-0.00027575297,-0.00021849638,5.80346e-05,0.00017272538
9.093238,33.69378,-0.00051263074,-0.000105717954,-1.9336344e-06,7.290167e-05,0.00022410195,0.00025595014
9.990275,33.86337,-0.00061224226,-0.00042651303,-0.00049545197,-0.00045982725,-0.00011579138,6.569642e-05
9.619979,33.597572,-0.0005726395,-0.0002574101,-0.00023475665,-0.00016733962,0.00010686702,0.00020545047
10.097857,34.181435,-0.00062138145,-0.00052043656,-0.0006408054,-0.0006274913,-0.00027337723,-4.714042e-05
9.073307,32.307762,-0.0005427807,9.37534e-05,0.00037964553,0.00047342342,0.00037401216,0.00028915875
9.431111,32.70563,-0.0005702775,-4.245156e-05,0.0001421246,0.00024463027,0.00033121248,0.00030942078
9.788916,33.1035,-0.0006016893,-0.00021867306,-0.00015481835,-7.0432005e-05,0.00017951673,0.00024788303
8.90437,32.801834,-0.0005109222,8.071285e-05,0.00033265824,0.00041582243,0.00036024922,0.0002924959
9.262175,33.199703,-0.00053974683,-7.203585e-05,7.066149e-05,0.00015940731,0.0002853014,0.00029004377
8.735434,33.29591,-0.00048293383,6.0569466e-05,0.00027799577,0.0003489422,0.00032701224,0.00028016753
8.262501,32.43518,-0.00045862776,0.00018555207,0.0004965758,0.00054983154,0.0002953679,0.00018239064
8.667904,32.37147,-0.000498962,0.00015487951,0.00046451134,0.00053684274,0.00034832687,0.00024452753
8.498967,32.865547,-0.0004694732,0.00015188259,0.00043766183,0.00049771136,0.000342637,0.0002504677
12.786226,33.839237,-0.00094447285,-0.0011066057,-0.0014074421,-0.0014215164,-0.0011684303,-0.0009747007
12.651174,33.509773,-0.00093452196,-0.0010347858,-0.0012930279,-0.001289733,-0.0010580347,-0.0008640819
12.516121,33.18031,-0.0009252402,-0.0009601036,-0.0011743858,-0.0011565366,-0.00094159204,-0.0007452691
13.009674,33.57791,-0.00097244437,-0.0011152939,-0.0014016501,-0.0013998508,-0.0011603098,-0.0009846848
12.874621,33.248444,-0.00096337683,-0.0010445652,-0.0012874904,-0.0012693615,-0.0010570388,-0.0008801616
13.233122,33.31658,-0.0010002983,-0.001124944,-0.0013956657,-0.0013776693,-0.0011560592,-0.0009970156
12.155423,33.74307,-0.00087496,-0.0009649175,-0.0012172604,-0.001227711,-0.0009764082,-0.0007490018
12.335772,33.46169,-0.0008999673,-0.0009620864,-0.001196012,-0.0011922335,-0.00095694454,-0.0007456503
12.470824,33.791153,-0.00091017655,-0.0010374623,-0.001314519,-0.0013267279,-0.001079029,-0.0008687704
11.773957,33.72113,-0.0008307067,-0.0008776259,-0.001102273,-0.0011113518,-0.0008432496,-0.0005969415
11.57284,33.417812,-0.0008116248,-0.00078194996,-0.0009598295,-0.0009537606,-0.00067369064,-0.0004307266
11.371723,33.11449,-0.0007931974,-0.00068144826,-0.0008100331,-0.00078771,-0.0004926439,-0.0002628525
11.954306,33.43975,-0.0008563792,-0.00087480526,-0.0010818148,-0.001078162,-0.00082550745,-0.0005946921
11.753189,33.13643,-0.00083832484,-0.00078009075,-0.00094001705,-0.0009227132,-0.0006612955,-0.00043202192
12.134655,33.15837,-0.00088240986,-0.0008727167,-0.0010608268,-0.0010445156,-0.0008114603,-0.00059534935
11.19291,33.735695,-0.0007606519,-0.00074113865,-0.0009236823,-0.00092749007,-0.0006174031,-0.00035767656
11.282316,33.425095,-0.0007764898,-0.0007110425,-0.00086720305,-0.00085778936,-0.00055326393,-0.00030853422
11.483434,33.728413,-0.00079592614,-0.0008111377,-0.0010156457,-0.0010231512,-0.00073556026,-0.00047910912
10.873982,33.554054,-0.00072448305,-0.0006261446,-0.0007607718,-0.00074787135,-0.00041235882,-0.00017252166
10.555055,33.37241,-0.0006885484,-0.00050355704,-0.0005839198,-0.00054940325,-0.00020288139,-2.9519201e-06
10.963388,33.24345,-0.00074099284,-0.00059539016,-0.00070297415,-0.0006770622,-0.00034872585,-0.00012637049
14.892806,32.38216,-0.0011757751,-0.0013360829,-0.0015894637,-0.0015048437,-0.0013362836,-0.0012435713
14.946932,32.603474,-0.0011762752,-0.0013675909,-0.0016490578,-0.0015751658,-0.0013654699,-0.0012717138
14.646717,32.54961,-0.0011510305,-0.0013064392,-0.0015661614,-0.0014924357,-0.0013114002,-0.0012126818
15.479321,31.999302,-0.0012316499,-0.0014114173,-0.0016520877,-0.001544456,-0.0014025402,-0.0013185844
15.540224,32.16523,-0.0012333352,-0.0014371651,-0.0016999372,-0.0015978094,-0.0014222483,-0.001338521
15.309108,32.107006,-0.0012159214,-0.0013888062,-0.0016326358,-0.0015312067,-0.0013823323,-0.001296578
13.48689,33.0188,-0.0010317432,-0.0011371498,-0.001388773,-0.001352602,-0.0011561303,-0.0010136964
13.382158,32.65288,-0.0010284393,-0.0010706065,-0.0012747383,-0.001224787,-0.0010684943,-0.0009240156
13.277426,32.28696,-0.0010262394,-0.0010024391,-0.0011584081,-0.0011009938,-0.0009768105,-0.00082734687
13.756558,32.796246,-0.0010629571,-0.0011630602,-0.0014040006,-0.001353761,-0.0011766913,-0.0010482848
13.651827,32.43033,-0.001060386,-0.0010985184,-0.00129147,-0.001229872,-0.0010972269,-0.0009659153
14.026227,32.573692,-0.0010935232,-0.001190082,-0.0014197917,-0.0013560924,-0.0011997514,-0.0010831938
13.128389,32.950665,-0.0009960225,-0.0010567937,-0.0012809009,-0.0012462478,-0.00106023,-0.0009007682
12.769889,32.882526,-0.0009590885,-0.0009726598,-0.0011686308,-0.0011360028,-0.00094878825,-0.00077023346
13.023658,32.584743,-0.0009927853,-0.0009866825,-0.001163105,-0.0011169931,-0.0009605049,-0.000797643
14.376654,32.4191,-0.0011293413,-0.0012413282,-0.0014716987,-0.0013963699,-0.0012488122,-0.0011441341
14.35268,32.121147,-0.0011336467,-0.0012049682,-0.0013991976,-0.0013161688,-0.0012105918,-0.0011052391
14.328706,31.82319,-0.0011386134,-0.0011686852,-0.0013267298,-0.0012416496,-0.001172683,-0.0010648293
14.622743,32.251656,-0.0011549027,-0.0012715578,-0.0014954844,-0.0014102368,-0.0012766933,-0.0011788266
14.598768,31.953697,-0.001159367,-0.0012366407,-0.0014244195,-0.0013333859,-0.0012428456,-0.0011437414
14.868832,32.084206,-0.0011797798,-0.001302562,-0.0015201187,-0.0014256212,-0.0013057867,-0.0012132502
13.978279,31.97778,-0.0011026115,-0.0011132376,-0.0012706991,-0.0011946332,-0.0011106593,-0.0009914787
14.002254,32.275738,-0.001097721,-0.0011516557,-0.0013453164,-0.0012728891,-0.0011550763,-0.0010381277
13.627852,32.13237,-0.0010651427,-0.0010578926,-0.0012147556,-0.0011479775,-0.0010456643,-0.00091253
4.221201,31.518461,-8.381945e-05,-9.882509e-06,4.2250813e-05,-0.00012326533,-0.00023868518,-0.000108611166
4.735054,31.231245,-0.00012453609,-1.391226e-05,6.588763e-05,-8.581597e-05,-0.00023333961,-0.0001276508
5.2489066,30.94403,-0.00017453104,-1.9822299e-05,8.841318e-05,-4.3831886e-05,-0.00021837598,-0.00013779265
4.7133946,31.829191,-0.00014684063,-5.7819427e-05,1.32851e-05,-0.00014275342,-0.0003149534,-0.00021650844
5.227247,31.541977,-0.00019004697,-5.3913176e-05,4.8842132e-05,-8.258825e-05,-0.0002823556,-0.00021198588
5.205588,32.13992,-0.00020532722,-7.5591386e-05,2.3659646e-05,-0.00010399276,-0.00033574706,-0.00027987413
6.1450844,31.547865,-0.00028690975,-4.3374715e-05,0.000111217676,4.5205532e-05,-0.00021484906,-0.00020850069
5.6753364,31.843893,-0.00024357993,-5.9676706e-05,6.909865e-05,-2.8573097e-05,-0.0002769237,-0.00024719673
5.6969957,31.245949,-0.00023507446,-4.8382462e-05,8.1590115e-05,-2.3867668e-05,-0.00024181826,-0.00019538314
2.7289739,30.566637,0.00010547894,0.00019163174,0.00023779839,0.00012797254,0.00013204354,0.000305237
3.2585995,30.27732,8.334023e-05,0.00019360393,0.00024906461,0.00012727494,9.7716984e-05,0.0002570712
3.7882254,29.988007,4.799837e-05,0.00018603414,0.0002539851,0.00012467903,6.3890395e-05,0.0002080087
3.2316406,30.883211,4.4430195e-05,0.00012530774,0.00016779607,3.1097115e-05,4.830539e-06,0.0001690523
3.7612665,30.593895,1.4281332e-05,0.00012208504,0.00017932648,3.679389e-05,-2.4170458e-05,0.00012325424
3.7343075,31.199785,-1.9691526e-05,5.5090128e-05,9.844345e-05,-5.90418e-05,-0.00012544924,2.5452555e-05
4.762013,30.625357,-0.00010224897,3.835076e-05,0.00012675494,-1.8236458e-05,-0.00014815337,-3.896576e-05
4.24816,30.91257,-5.540663e-05,4.950279e-05,0.0001140489,-4.0153085e-05,-0.00014030891,-9.520113e-06
4.2751193,30.30668,-2.6902973e-05,0.000111422,0.00018635267,4.376811e-05,-4.7651112e-05,8.1867634e-05
2.2261486,30.234407,0.0001638009,0.0002514357,0.00030120678,0.00021792931,0.0002453193,0.00042680258
1.6977617,29.912281,0.00021797197,0.00030027312,0.00034912437,0.0002877111,0.00033785956,0.0005300717
2.2529492,29.612862,0.0002106251,0.00030913943,0.00036202188,0.00028417987,0.00030244296,0.00048419804
3.2854002,29.655777,0.00012229985,0.00025497956,0.0003193175,0.00020911258,0.0001736564,0.00033063334
2.7557745,29.945091,0.0001495555,0.0002577421,0.000313317,0.00021506494,0.00021030944,0.00038010115
2.7825751,29.323547,0.0001911878,0.00030974954,0.00036947936,0.0002778849,0.0002662453,0.00043707318
7.9217887,32.048683,-0.00043904406,0.00015881746,0.0004477548,0.0004976546,0.00018656868,7.8068195e-05
7.5004807,31.832312,-0.00040807706,9.728557e-05,0.00034403295,0.00038177174,6.262678e-05,-2.4337589e-05
7.0791726,31.615942,-0.00037545591,3.008455e-05,0.00023883385,0.00025012772,-5.2806437e-05,-0.00010893923
7.9864798,31.598473,-0.00045897608,0.00012290686,0.000398076,0.0004551794,0.00014098876,4.4499815e-05
7.5651717,31.382101,-0.00042613596,5.8408918e-05,0.00028995698,0.00032864994,2.3578585e-05,-4.6634257e-05
8.05117,31.148262,-0.0004821306,7.949919e-05,0.00033513206,0.0003939876,8.9686335e-05,1.0714948e-05
8.327192,31.984972,-0.0004781373,0.0001713242,0.00048542017,0.0005475273,0.00026310366,0.00014996213
8.391883,31.534761,-0.0005007295,0.0001433428,0.0004491057,0.00051756355,0.00021507997,0.00011032838
8.732595,31.92126,-0.000520409,0.00015652245,0.00048354262,0.00056069915,0.00032348983,0.00021296114
6.6713114,31.266113,-0.00034104162,-2.4864614e-05,0.00015366811,0.00012446016,-0.00014502103,-0.000161902
6.2232223,30.964195,-0.0002929805,-4.3830096e-05,0.00011218244,3.9322556e-05,-0.00019403177,-0.00017286092
5.7751336,30.66228,-0.00023478668,-2.7565182e-05,0.000108409105,1.2308955e-06,-0.00019467455,-0.00013940198
6.7494493,30.682444,-0.0003566938,-4.0314615e-05,0.00013548488,9.647125e-05,-0.00014351516,-0.0001427527
6.3013606,30.380527,-0.0003026758,-3.6385834e-05,0.00012332863,4.5103014e-05,-0.00016341145,-0.00013088757
6.827587,30.098776,-0.00037738998,-4.8138678e-05,0.00012883598,8.148616e-05,-0.00012934547,-0.00011483008
7.6433096,30.798433,-0.00045363838,6.9052576e-06,0.0002184556,0.00024998182,-2.4493276e-05,-6.9976864e-05
7.1573105,31.032272,-0.00039513057,-7.677615e-06,0.00018873472,0.00019219583,-8.185583e-05,-0.00011581737
7.2354484,30.448605,-0.000419869,-3.8918555e-05,0.00014933676,0.00014116734,-9.8868666e-05,-0.00011229235
9.301704,31.054893,-0.0006209467,9.718603e-05,0.00044153922,0.0005340182,0.00028542726,0.0001878385
9.225572,31.472515,-0.0005916565,0.00011025494,0.00044744127,0.00054356735,0.00033425778,0.00023205251
9.14944,31.890139,-0.0005657188,0.00010848826,0.00042503446,0.00052161067,0.0003644063,0.0002666809
8.88486,31.086016,-0.00057279423,0.000115919174,0.00043944042,0.0005200533,0.00023128599,0.00013383501
8.808727,31.50364,-0.0005449484,0.00014292377,0.00047436493,0.0005545973,0.00028443258,0.00017650337
8.468015,31.11714,-0.0005265169,0.00010698503,0.0003968119,0.00046796055,0.00016384429,7.325142e-05
11.0867,32.69405,-0.00076837593,-0.00053321535,-0.0005865737,-0.0005377869,-0.00023008639,-4.1545452e-05
10.678366,32.82301,-0.0007153991,-0.00043940646,-0.0004650125,-0.0004063583,-8.3622515e-05,7.677644e-05
10.270032,32.95197,-0.0006625884,-0.00034050946,-0.0003301912,-0.0002589572,5.0335588e-05,0.00017168587
10.801678,32.27361,-0.0007458268,-0.00037925498,-0.00034590487,-0.0002660467,1.741451e-05,0.00013765687
10.393343,32.40257,-0.00069231994,-0.0002799054,-0.00020924359,-0.00011612994,0.00014437908,0.00022267312
10.516655,31.85317,-0.0007261961,-0.00022684687,-9.262532e-05,1.6667545e-05,0.00021191257,0.00024976247
9.554423,32.15623,-0.00060121267,-1.8531084e-07,0.00024228639,0.00035550137,0.00036495656,0.00031079643
10.035539,32.0047,-0.00066285545,-0.0001102739,7.760698e-05,0.00019601292,0.00031135266,0.00029921503
9.912228,32.5541,-0.00063014106,-0.00016005212,-3.5340847e-05,6.876892e-05,0.00026007264,0.0002859935
9.706688,31.320986,-0.00065370195,3.9907278e-05,0.0003603024,0.00047393053,0.000347799,0.00026314205
10.111671,31.587078,-0.00068882236,-7.643944e-05,0.00016115313,0.0002847938,0.00032972472,0.0002921633
9.630555,31.73861,-0.0006259188,2.601105e-05,0.00031132763,0.00042732852,0.00036785073,0.00029423588
12.330613,32.82105,-0.00091174606,-0.00086685724,-0.0010295731,-0.0009992113,-0.0007928202,-0.00059188897
12.145106,32.461784,-0.00089937577,-0.0007696745,-0.0008794361,-0.00083880767,-0.0006308623,-0.0004298666
11.9595995,32.102524,-0.0008884214,-0.00066913705,-0.0007241023,-0.00067394454,-0.00045754533,-0.00026614673
12.584382,32.523266,-0.0009469543,-0.00088147324,-0.0010255671,-0.000983845,-0.0008094277,-0.0006240707
12.398875,32.164005,-0.00093604915,-0.000786871,-0.00087825593,-0.00083053665,-0.00065673835,-0.00046822696
12.83815,32.225483,-0.0009820319,-0.00089767796,-0.0010221298,-0.0009711698,-0.0008300753,-0.0006585694
11.567682,32.77717,-0.0008241659,-0.00067571935,-0.00078097754,-0.00074724754,-0.00047540574,-0.00025960593
11.76364,32.439846,-0.0008559263,-0.000671469,-0.0007520528,-0.00070870883,-0.00046365886,-0.00026073653
11.949148,32.799107,-0.00086853653,-0.0007740924,-0.0009095725,-0.0008795791,-0.0006432293,-0.0004288624
11.478618,32.019405,-0.00083520083,-0.0005290742,-0.0005348976,-0.00047252077,-0.0002160316,-4.9121918e-05
11.28266,32.356728,-0.0008012958,-0.0005301909,-0.00056028896,-0.00050344237,-0.00022016602,-4.2924225e-05
10.997637,31.936289,-0.00078088744,-0.00038035397,-0.00032426615,-0.00023986,1.9393623e-05,0.00013084024
15.475689,31.774902,-0.0012358439,-0.0013913164,-0.0016061306,-0.0014933505,-0.0013885448,-0.0013040013
15.305476,31.882607,-0.0012201392,-0.0013680306,-0.0015858593,-0.0014783706,-0.0013665773,-0.0012805433
15.1352625,31.990313,-0.00120407,-0.0013450756,-0.0015660875,-0.0014642122,-0.0013450532,-0.0012569685
15.301844,31.658207,-0.0012246332,-0.001347403,-0.0015391974,-0.0014293537,-0.0013514227,-0.0012641558
15.131631,31.765911,-0.0012085831,-0.0013237495,-0.0015185719,-0.0014133365,-0.0013281121,-0.0012390552
15.127999,31.541512,-0.0012133986,-0.0013026318,-0.0014713816,-0.0013664677,-0.001311595,-0.0012207022
14.8615675,31.635405,-0.0011893329,-0.0012579977,-0.0014229246,-0.0013245263,-0.0012667673,-0.0011716025
14.8652,31.859804,-0.0011843953,-0.0012801756,-0.0014713686,-0.0013731618,-0.0012860587,-0.0011926584
14.595137,31.729298,-0.0011644008,-0.0012133627,-0.0013747463,-0.0012829666,-0.0012205562,-0.001119766
15.705924,31.724405,-0.0012545824,-0.0014311674,-0.0016530094,-0.0015347814,-0.001423608,-0.0013407612
15.762315,31.557213,-0.0012621596,-0.0014283123,-0.0016344433,-0.0015132761,-0.0014248042,-0.0013413539
15.889436,31.745928,-0.0012679229,-0.001467767,-0.0017022467,-0.0015810225,-0.0014535933,-0.0013718248
15.53208,31.60771,-0.0012436991,-0.0013879361,-0.001586801,-0.0014712401,-0.0013886585,-0.0013036967
15.358234,31.491014,-0.001232795,-0.0013438745,-0.0015196867,-0.0014089223,-0.0013512371,-0.0012633225
15.5884695,31.440517,-0.0012515774,-0.0013849282,-0.0015680228,-0.0014514511,-0.0013895783,-0.0013037849
14.568277,31.120335,-0.001178549,-0.0011483779,-0.0012393828,-0.0011624673,-0.0011564438,-0.001047095
14.754851,31.260727,-0.001190085,-0.0012008061,-0.0013172626,-0.0012294075,-0.0012127414,-0.0011105824
14.941425,31.40112,-0.0012017097,-0.0012522324,-0.0013946624,-0.001297298,-0.0012642798,-0.0011683025
14.4884205,31.35462,-0.0011650476,-0.0011541254,-0.0012668357,-0.0011841832,-0.0011602861,-0.0010520895
14.6749935,31.495012,-0.0011771638,-0.0012066107,-0.001345253,-0.0012538471,-0.0012158544,-0.0011147311
14.408563,31.588905,-0.0011517344,-0.0011609215,-0.001296057,-0.0012106461,-0.0011656396,-0.0010579817
12.582973,31.294918,-0.000985169,-0.00071306556,-0.0007161642,-0.00066662434,-0.00053177914,-0.0003612922
12.814457,31.625599,-0.0009975176,-0.0008123445,-0.000866527,-0.00081369694,-0.0006963318,-0.00052585057
13.045941,31.95628,-0.0010113143,-0.00090905244,-0.0010140247,-0.0009575525,-0.000845073,-0.00068344554
12.375182,31.564121,-0.00095286674,-0.0006965874,-0.0007169219,-0.00066453806,-0.0005039976,-0.00032729132
12.606666,31.894802,-0.00096679333,-0.00079875404,-0.00087160105,-0.0008199534,-0.0006749526,-0.0004960364
12.167391,31.833323,-0.0009205912,-0.0006820278,-0.00071978144,-0.0006672505,-0.00047919876,-0.00029550272
14.096926,31.562841,-0.0011246261,-0.0010927306,-0.0012083912,-0.0011319084,-0.0010876107,-0.0009689358
13.746499,31.717432,-0.0010876844,-0.0010347071,-0.0011496844,-0.0010798976,-0.0010157885,-0.0008847433
13.396072,31.872023,-0.0010492224,-0.0009765733,-0.0010908014,-0.001027863,-0.00093972834,-0.0007941843
13.865146,31.302494,-0.0011112392,-0.0010145655,-0.0010889187,-0.0010248086,-0.0009910596,-0.0008599768
13.514719,31.457085,-0.0010733363,-0.0009536806,-0.0010269823,-0.0009665855,-0.000908207,-0.00076445873
13.633366,31.042147,-0.0010986173,-0.0009344745,-0.0009689071,-0.0009187389,-0.0008815017,-0.0007380524
14.25664,31.094273,-0.001152792,-0.0010788894,-0.001150789,-0.0010840826,-0.0010741369,-0.00095448736
14.176783,31.328556,-0.0011385934,-0.0010852389,-0.0011786334,-0.0011056548,-0.0010801017,-0.00096122676
13.9450035,31.068209,-0.0011261506,-0.0010076527,-0.0010607745,-0.0010031603,-0.0009828912,-0.0008515783
12.933104,31.21066,-0.0010245076,-0.0007887474,-0.00080353767,-0.0007558801,-0.00065771706,-0.0004926315
13.283235,31.126404,-0.001062334,-0.0008624571,-0.00088747987,-0.00083947054,-0.0007743364,-0.00061908225
13.164588,31.541342,-0.0010361671,-0.00088386424,-0.00094800215,-0.000892175,-0.0008070782,-0.00064930157
5.30072,30.35534,-0.00016399354,1.9817411e-05,0.0001349768,5.788982e-06,-0.00015100723,-6.577879e-05
4.8138266,30.036663,-8.4966836e-05,8.9515386e-05,0.00018629903,4.950875e-05,-7.046753e-05,3.858465e-05
4.326933,29.717989,-3.842175e-06,0.00016628044,0.0002504553,0.00011849922,2.8816163e-05,0.00015584487
5.3525343,29.766645,-0.00015612453,6.1880055e-05,0.00018403596,5.9945523e-05,-8.4003506e-05,3.1201243e-06
4.8656406,29.44797,-7.0714654e-05,0.00013788838,0.0002428438,0.00011458558,-8.226037e-07,0.00010729355
5.404348,29.177952,-0.00015269453,0.000102080885,0.00023252625,0.00011468858,-2.2558272e-05,6.5098706e-05
5.8787613,29.484894,-0.00023735112,3.169626e-05,0.00018054098,7.517404e-05,-8.564764e-05,-2.0093978e-05
6.353174,29.791834,-0.0003133213,-2.1744192e-05,0.00014330965,6.1405124e-05,-0.00012429911,-8.320814e-05
5.826947,30.073586,-0.00023403233,5.515218e-07,0.00014208931,3.4294782e-05,-0.00014145285,-7.935864e-05
3.834284,29.380972,7.731694e-05,0.00023983592,0.0003164434,0.00019746846,0.00013243813,0.00027474828
3.3314588,29.048742,0.00015460867,0.00029958767,0.00036944382,0.00026589507,0.00022452396,0.00038274116
2.8286335,28.716513,0.00022424084,0.0003410291,0.00040127654,0.00031137365,0.00029774875,0.00047405524
3.8803425,28.773937,0.000101337966,0.00027988356,0.00036318082,0.0002509131,0.00018148417,0.000325797
3.3775172,28.441708,0.00017947846,0.00032581942,0.0003982672,0.0002971899,0.00025502627,0.0004193937
3.926401,28.1669,0.000116278825,0.0003019027,0.00038944883,0.0002795331,0.00021027822,0.00036153191
4.911699,28.840935,-6.0265957e-05,0.00018111378,0.00029481738,0.00017408008,5.8407484e-05,0.00016705197
4.3729916,29.110952,1.7043054e-05,0.00021516222,0.00030785578,0.0001851713,9.3488154e-05,0.000219819
4.41905,28.503918,3.106016e-05,0.00025098724,0.0003513109,0.00023443406,0.00013952202,0.00026877303
2.3299294,28.363247,0.00028458674,0.0003634371,0.00040961188,0.00033012766,0.00035168784,0.0005487866
1.8101721,28.01288,0.00033363324,0.0003670172,0.00039543718,0.0003245954,0.0003901245,0.0006102268
2.380109,27.735176,0.00030171638,0.00035354393,0.00039375896,0.0003107807,0.00034909576,0.0005605957
3.427697,27.813637,0.000192316,0.0003299312,0.00040205187,0.00029995435,0.00026644248,0.00044239228
2.8788133,28.088442,0.0002473542,0.0003502895,0.0004082548,0.0003168866,0.0003105573,0.0004975962
2.9289927,27.460371,0.0002541339,0.00033434885,0.00038800234,0.00029386158,0.00030633705,0.00050877186
6.9076,29.551865,-0.00040377397,-5.081123e-05,0.00013195223,8.097833e-05,-0.000105499326,-8.26779e-05
6.4331865,29.244925,-0.0003338236,-7.714689e-06,0.00016703863,8.698267e-05,-8.356196e-05,-3.942257e-05
5.9587736,28.937983,-0.00025181632,5.6255994e-05,0.00021607298,0.000115723786,-3.8529455e-05,2.7230442e-05
6.9876122,29.004955,-0.0004378273,-5.1539482e-05,0.00014301247,9.254068e-05,-7.520229e-05,-4.799825e-05
6.513199,28.698013,-0.00036239272,4.960239e-06,0.00019410187,0.00011784619,-4.4210017e-05,1.0008216e-06
7.0676246,28.458044,-0.00048159438,-5.2942098e-05,0.00016063923,0.0001134569,-4.3523847e-05,-1.4648259e-05
7.4272747,29.932713,-0.00046334296,-6.199962e-05,0.000125529,0.00011652654,-9.366638e-05,-9.6298514e-05
7.507287,29.385803,-0.000501934,-8.500928e-05,0.000105527106,9.026152e-05,-8.776003e-05,-7.8640995e-05
7.5873,28.838892,-0.00054952747,-0.00010477716,9.7980555e-05,8.173865e-05,-7.062656e-05,-5.4764092e-05
8.026962,29.766651,-0.0005505941,-7.410699e-05,0.00011804777,0.00014333028,-5.943352e-05,-7.144624e-05
8.106975,29.21974,-0.000600393,-0.000120432196,6.894332e-05,8.658153e-05,-7.355267e-05,-6.964165e-05
8.62665,29.600588,-0.000639389,-8.66161e-05,0.00011130303,0.00016190595,-3.1913103e-05,-4.6813548e-05
8.242997,30.63237,-0.00052625616,3.2510103e-05,0.0002705125,0.00032963342,4.9660146e-05,-9.330571e-06
7.835136,30.282541,-0.00049769477,-3.1178773e-05,0.00016984636,0.00019853633,-4.3293774e-05,-7.165485e-05
8.434823,30.11648,-0.00057831797,-2.300483e-05,0.00019431728,0.00024962373,7.464826e-06,-2.9382289e-05
9.076686,30.570126,-0.00062355975,6.600708e-05,0.00037254614,0.00045162553,0.00016757243,9.021634e-05
8.659842,30.601248,-0.0005743733,5.559629e-05,0.00032519383,0.0003967032,0.00011002487,4.0424286e-05
8.851667,30.085358,-0.00062997954,-8.259594e-06,0.00023405785,0.00030167622,5.098814e-05,6.307542e-06
9.616808,30.775843,-0.00067311677,5.83114e-05,0.00040701884,0.0005038721,0.00027360625,0.00018547887
9.931911,30.496792,-0.00072769634,1.190561e-05,0.00036146038,0.0004597408,0.00025146478,0.00017513127
10.247015,30.217741,-0.0007840689,-4.178649e-05,0.0003050472,0.00040181822,0.00021931523,0.0001570701
10.021791,31.041935,-0.00070509367,-8.092939e-06,0.0003080501,0.00042563886,0.00032556886,0.0002527432
10.336895,30.762884,-0.0007581789,-6.0871065e-05,0.00024902326,0.00036588806,0.00029228372,0.00023363942
10.426775,31.308027,-0.0007392047,-0.00012795883,0.00010164207,0.00022379107,0.00029173368,0.0002693829
9.391789,30.291075,-0.0006787738,3.2194315e-05,0.00034453755,0.00042412107,0.00015579193,8.849877e-05
9.166772,29.806305,-0.0006892181,-4.206592e-05,0.00020042235,0.0002690305,3.9144456e-05,5.001962e-06
9.706893,30.012024,-0.00073679595,-1.0943711e-05,0.0003044085,0.00038258522,0.00013460225,7.956499e-05
12.222413,31.162416,-0.0009521533,-0.00060376077,-0.0005670031,-0.00051302224,-0.00034323984,-0.00018381674
12.014622,31.43162,-0.0009182568,-0.00058527844,-0.0005641735,-0.00050570566,-0.0003116501,-0.00014859515
11.80683,31.70082,-0.0008845051,-0.000568795,-0.0005635435,-0.0005030255,-0.0002832449,-0.00011610419
11.861853,31.029917,-0.0009187364,-0.0004906052,-0.00040758436,-0.0003417583,-0.00015170724,-2.3253262e-05
11.654061,31.299118,-0.00088323053,-0.00046955972,-0.00040020116,-0.00032847244,-0.00011734825,1.1418045e-05
11.501292,30.897415,-0.00088507874,-0.00037541037,-0.0002372337,-0.00015362412,2.3319422e-05,0.00010330957
11.1730795,31.216,-0.0008316675,-0.00032391972,-0.00018862587,-9.305781e-05,9.556216e-05,0.00016161078
11.325849,31.617704,-0.00083197147,-0.00042426164,-0.0003624807,-0.0002830587,-4.5438588e-05,7.535571e-05
10.844867,31.534586,-0.0007785457,-0.00027460605,-0.00014087134,-3.6594687e-05,0.00015886301,0.00021070284
11.0831995,30.670856,-0.0008502181,-0.00023758227,-1.4738381e-05,8.9960755e-05,0.00018042368,0.0001907732
10.754988,30.98944,-0.0007942913,-0.00018113643,4.4851364e-05,0.00016049427,0.00024163384,0.00023489445
10.665108,30.444298,-0.000816497,-0.000119615615,0.00018479914,0.00029553263,0.00024399752,0.00020178621
15.161766,31.292522,-0.0012221029,-0.0012872092,-0.001429554,-0.0013280777,-0.0013010788,-0.0012079754
15.195533,31.043535,-0.0012311058,-0.0012725143,-0.0013892126,-0.0012951768,-0.0012913253,-0.0011953366
15.2293005,30.794546,-0.0012404139,-0.0012586565,-0.0013507843,-0.0012677849,-0.0012821519,-0.0011827426
15.392001,31.242025,-0.0012411909,-0.0013293026,-0.0014789357,-0.0013716132,-0.0013428254,-0.0012526173
15.425769,30.993036,-0.0012498493,-0.0013154168,-0.0014396271,-0.0013398569,-0.0013351472,-0.0012419851
15.622237,31.191528,-0.0012596454,-0.0013711796,-0.0015283737,-0.001415163,-0.0013831339,-0.0012949705
14.788618,31.011738,-0.0011998599,-0.0011849904,-0.0012759948,-0.001196882,-0.0011991119,-0.0010939591
15.008959,30.903143,-0.0012204881,-0.0012217505,-0.001313111,-0.0012319805,-0.0012409833,-0.0011391285
14.975192,31.15213,-0.0012109296,-0.0012365651,-0.0013529625,-0.001261909,-0.0012523098,-0.00115368
15.905423,31.155687,-0.0012809074,-0.0014244413,-0.001594192,-0.001473061,-0.0014319957,-0.0013455985
15.992142,30.921354,-0.0012920082,-0.0014238453,-0.0015734648,-0.0014568875,-0.0014384534,-0.0013495445
16.146015,31.171558,-0.001297343,-0.0014727493,-0.0016584578,-0.0015298078,-0.0014732353,-0.0013880145
15.708955,30.957195,-0.0012713876,-0.0013698974,-0.0015065937,-0.0013984733,-0.0013881049,-0.0012976532
15.512487,30.758705,-0.0012622139,-0.0013143728,-0.0014187614,-0.0013274569,-0.0013397343,-0.0012440479
15.795673,30.722864,-0.0012830837,-0.0013694842,-0.0014866331,-0.0013866663,-0.0013942175,-0.0013009983
14.532233,30.869743,-0.0011832378,-0.001117316,-0.0011798298,-0.0011157655,-0.0011229,-0.0010082743
14.496188,30.61915,-0.0011885981,-0.0010870199,-0.0011226358,-0.0010737497,-0.0010879233,-0.00096769293
14.460144,30.368559,-0.0011946898,-0.0010577752,-0.0010683932,-0.0010359492,-0.0010514426,-0.0009254847
14.752574,30.761147,-0.0012045321,-0.0011550868,-0.0012180145,-0.0011531053,-0.0011686881,-0.0010582638
14.716529,30.510555,-0.0012098551,-0.0011259692,-0.0011625206,-0.0011140868,-0.0011368983,-0.0010208373
14.972915,30.65255,-0.0012251143,-0.0011929519,-0.0012566812,-0.0011910229,-0.00121347,-0.0011063935
14.220595,30.84368,-0.0011579199,-0.0010466974,-0.0010905407,-0.0010364921,-0.0010351916,-0.00091016444
13.908958,30.817617,-0.001131733,-0.00097431464,-0.0009997593,-0.0009540883,-0.0009380458,-0.00080172496
14.184551,30.593088,-0.0011637873,-0.0010154281,-0.0010328443,-0.0009931753,-0.0009946859,-0.0008642069
12.601062,30.942423,-0.0010015907,-0.00067417184,-0.0006396187,-0.00059506984,-0.00046377903,-0.00030150873
12.619151,30.58993,-0.0010198109,-0.00063940056,-0.00056875666,-0.0005304702,-0.0004002164,-0.0002482894
12.63724,30.237434,-0.0010399964,-0.00061013,-0.00050526625,-0.00047296696,-0.00034332759,-0.00020371491
12.951193,30.858166,-0.001040509,-0.0007521561,-0.00073058886,-0.0006913872,-0.00059560745,-0.00043371946
12.969282,30.505672,-0.0010581947,-0.00071942667,-0.0006636526,-0.00063421566,-0.0005360978,-0.00037914378
13.301324,30.773909,-0.0010778575,-0.00082816335,-0.00081779854,-0.0007814439,-0.0007191605,-0.0005633398
12.240501,30.809923,-0.00097013573,-0.0005651672,-0.00048947235,-0.00043764096,-0.00027538044,-0.0001319514
11.879942,30.677422,-0.00093839987,-0.000453749,-0.00032945734,-0.00026308876,-9.283e-05,1.27245785e-05
12.258591,30.457428,-0.0009901427,-0.00053198275,-0.00041850822,-0.0003694752,-0.00021636802,-9.0694484e-05
13.693121,30.02348,-0.0011466339,-0.00085374195,-0.00079728145,-0.0007916091,-0.0007482455,-0.00059787516
13.6732025,30.363035,-0.0011292307,-0.0008769185,-0.0008476169,-0.0008268921,-0.00079158647,-0.000642767
13.653284,30.70259,-0.0011132614,-0.0009041181,-0.00090523914,-0.0008690038,-0.0008362207,-0.0006898153
13.341161,30.094797,-0.0011127479,-0.00077451306,-0.0007041161,-0.00069247,-0.00061978237,-0.00046648175
13.321242,30.434353,-0.0010945208,-0.00079915766,-0.0007573715,-0.0007336257,-0.00066829234,-0.00051306875
12.989201,30.166117,-0.0010772002,-0.000693322,-0.0006070822,-0.00058661966,-0.000483846,-0.00033338027
13.948795,30.138506,-0.0011626002,-0.0009227553,-0.000888624,-0.0008774052,-0.00085864466,-0.0007144502
14.20447,30.253532,-0.0011786363,-0.0009908096,-0.0009788455,-0.0009584735,-0.00095974654,-0.00082422193
13.928877,30.478062,-0.0011465247,-0.000946851,-0.00094082183,-0.0009120305,-0.00089809473,-0.000757642
5.4587145,28.589275,-0.00015667468,0.0001361553,0.00027674335,0.00016426796,2.753824e-05,0.000116446914
4.9660654,28.252258,-6.0207545e-05,0.00021073586,0.00033315414,0.00021637004,9.797543e-05,0.00021006816
4.4734163,27.915241,3.2549917e-05,0.0002684688,0.0003743729,0.00025865383,0.0001640944,0.00030055898
5.513081,28.000597,-0.00017099924,0.00016061253,0.0003115446,0.0002007839,6.187719e-05,0.00015520853
5.020432,27.66358,-7.2602925e-05,0.00022536772,0.00035423107,0.00023668283,0.00011918825,0.00023941559
5.567447,27.411919,-0.00019986481,0.00017141872,0.00032975024,0.00021544045,7.803887e-05,0.0001806249
6.0131397,28.349304,-0.0002705973,8.1446946e-05,0.00025452513,0.00015754884,4.5937895e-06,7.2426024e-05
6.0675063,27.760628,-0.0003016817,9.866124e-05,0.00028543134,0.0001877808,3.2738386e-05,0.00010576433
6.5675654,28.109335,-0.00039803845,1.8491328e-05,0.0002265324,0.00015216798,-8.386433e-06,3.923744e-05
2.0074108,26.110085,0.00028312343,0.00022232979,0.00023390359,0.00015598339,0.00031794352,0.0005957646
2.5800586,25.851133,0.00021594089,0.00019273204,0.0002151081,0.00012742705,0.00027026265,0.0005424146
2.5051734,26.479118,0.00027050788,0.00026366895,0.000292504,0.00020489114,0.0003053798,0.0005551633
4.0886464,26.324997,5.2335083e-05,0.00023136276,0.000310888,0.00019484537,0.00018984503,0.0003904409
3.5358605,26.585701,0.00015836197,0.00026617068,0.00032962483,0.00022309535,0.0002407574,0.00045211954
2.9830744,26.846403,0.00023945874,0.00029521054,0.0003434741,0.00024707502,0.00028851576,0.0005095393
3.6107454,25.957714,9.988159e-05,0.00020122355,0.00025682084,0.00015003032,0.00020849484,0.0004422514
3.0579596,26.218416,0.00019710857,0.00023474138,0.0002766561,0.00017921561,0.00025850837,0.0005008492
3.1328444,25.590431,0.00012755627,0.00015893715,0.0001921391,9.567302e-05,0.0002207579,0.0004867136
3.4817786,27.199669,0.00018654377,0.00030957453,0.00037865705,0.00027401012,0.00026034706,0.000452115
4.0345645,26.938965,9.6457065e-05,0.000278243,0.00036425013,0.00025002522,0.00021144455,0.00039143962
3.9804828,27.552933,0.000116170224,0.00030193728,0.0003906383,0.00027929776,0.00021928233,0.0003825421
5.074514,27.049612,-0.0001033079,0.00022083372,0.00035142846,0.00022894735,0.00012251706,0.0002567267
4.5274982,27.301273,1.847583e-05,0.0002661261,0.00037384624,0.0002554695,0.00017095846,0.00032030098
4.58158,26.687305,-1.7379582e-05,0.0002401356,0.00034475178,0.00022242016,0.0001608166,0.0003278653
7.1911235,26.760399,-0.0006746363,-7.0254864e-05,0.00021763057,0.00015683955,-1.1404156e-06,4.6010435e-05
7.149957,27.32628,-0.00059395307,-5.6197347e-05,0.0002099194,0.00015988892,1.0287166e-06,3.7401856e-05
7.108791,27.892162,-0.00053068285,-5.2019655e-05,0.00018692297,0.00014054363,-1.4953673e-05,1.6273916e-05
6.649898,26.977571,-0.00050436374,2.5071204e-05,0.00026494736,0.00017835086,1.6976535e-05,8.115906e-05
6.6087317,27.543453,-0.00044303638,2.684468e-05,0.0002532739,0.00017595786,1.2970865e-05,6.628483e-05
6.1086726,27.194746,-0.00034431726,0.00010524184,0.00030063384,0.00019632118,4.324168e-05,0.000126584
7.6067743,28.224424,-0.000602999,-0.0001175887,0.00011166531,9.5178664e-05,-4.275614e-05,-2.3199618e-05
7.6479406,27.658543,-0.00066934124,-0.00013174159,0.00013154834,0.00011661059,-1.9149125e-05,1.9704698e-06
7.689107,27.09266,-0.0007510881,-0.00015083021,0.00015015203,0.00013220591,-7.324755e-06,1.7868459e-05
8.145925,27.990805,-0.00072712556,-0.0001923514,4.3946326e-05,5.7797013e-05,-4.8268616e-05,-3.0195533e-05
8.187091,27.424923,-0.00080967124,-0.00022242182,5.612904e-05,7.345313e-05,-2.8186143e-05,-9.379208e-06
8.685074,27.757185,-0.0008511289,-0.00027819138,-4.1841446e-05,-5.902648e-07,-6.517583e-05,-4.0768682e-05
8.6656,28.371653,-0.0007667635,-0.00022719282,-2.8090417e-05,9.324491e-06,-7.935387e-05,-5.887109e-05
8.646125,28.98612,-0.0006969052,-0.0001639672,2.118653e-05,6.145531e-05,-7.167059e-05,-6.365138e-05
8.12645,28.605272,-0.00065730925,-0.00016086453,4.2843996e-05,5.536586e-05,-6.9077076e-05,-5.4523527e-05
10.157869,28.58113,-0.0009345166,-0.00029030282,-9.369975e-05,-2.8003275e-05,-0.000108104054,-7.584172e-05
9.647463,28.920948,-0.0008339513,-0.0002020412,-5.308688e-06,5.9155882e-05,-6.5448345e-05,-5.3082764e-05
9.137056,29.260769,-0.00073454983,-0.00013454097,6.2580286e-05,0.0001225509,-3.9884864e-05,-4.3424665e-05
9.666938,28.30648,-0.0009128769,-0.00031874055,-0.00014247162,-7.668776e-05,-0.00012263638,-8.48642e-05
9.156531,28.646301,-0.0008034882,-0.00023211175,-5.1652252e-05,3.3715366e-06,-8.886653e-05,-6.8253335e-05
9.176006,28.031834,-0.00088645215,-0.00031419867,-0.00011605698,-5.919367e-05,-0.000102164326,-6.8918525e-05
10.2173,29.672203,-0.0008248492,-8.533579e-05,0.0002384258,0.00031471963,0.000105971274,6.8242014e-05
9.677178,29.466486,-0.00078079256,-9.710401e-05,0.00015496153,0.00022330374,2.231258e-05,2.3660064e-06
10.187585,29.126665,-0.0008745957,-0.00017460734,8.471078e-05,0.00015004844,-1.2868941e-05,-1.4447987e-05
12.262101,29.95565,-0.0010203214,-0.0004919278,-0.00032539968,-0.00027836114,-0.00014549858,-4.79303e-05
11.883451,30.175644,-0.00096804317,-0.0004084347,-0.00022518737,-0.000158333,-2.7390777e-05,4.421419e-05
11.504802,30.395638,-0.0009139231,-0.00032564456,-0.00012320191,-3.714651e-05,7.968491e-05,0.00012198275
11.886961,29.673866,-0.001003138,-0.00038539272,-0.00014944201,-8.340985e-05,-5.7266357e-06,3.967565e-05
11.508311,29.89386,-0.00094825716,-0.00029882448,-3.977734e-05,4.3805063e-05,8.812803e-05,0.00010413617
11.511822,29.392084,-0.0009888547,-0.0003040405,-7.2645544e-06,6.820112e-05,4.447335e-05,5.3378524e-05
11.08671,30.169079,-0.00088297087,-0.00020663136,7.55977e-05,0.00017557091,0.0001758849,0.00016132469
10.668617,29.942522,-0.0008532913,-0.00012007266,0.0002160402,0.00031043642,0.00017871207,0.00013628381
11.0902195,29.667303,-0.0009219099,-0.0002082327,0.00011047381,0.00019764465,0.0001204583,0.00010193556
11.060504,29.121765,-0.00096885045,-0.00025123995,6.3732325e-05,0.00013279301,1.5540063e-05,1.633209e-05
10.638902,29.396984,-0.0008974386,-0.00016209489,0.00016114014,0.00023463267,6.7922054e-05,4.779166e-05
10.609187,28.851446,-0.0009510968,-0.00025391323,8.195221e-06,7.034725e-05,-5.4299177e-05,-3.8071932e-05
15.281058,30.518972,-0.0012521234,-0.0012474713,-0.0013148315,-0.0012469802,-0.0012757801,-0.0011723549
15.332817,30.243399,-0.0012641392,-0.0012376888,-0.0012823782,-0.0012323122,-0.0012701104,-0.0011622785
15.384575,29.967825,-0.0012764578,-0.0012294803,-0.0012539554,-0.001223196,-0.0012650965,-0.0011525518
15.564245,30.483131,-0.0012732532,-0.0013039751,-0.0013837235,-0.0013076233,-0.0013358846,-0.0012360895
15.616004,30.207558,-0.0012845268,-0.0012948442,-0.0013519892,-0.0012939546,-0.0013326869,-0.0012283837
15.847432,30.44729,-0.0012934263,-0.0013598418,-0.0014525352,-0.0013676124,-0.0013926768,-0.0012952895
15.024673,30.376976,-0.0012377319,-0.0011819028,-0.0012221198,-0.0011730182,-0.0012047868,-0.0010935917
14.768288,30.234982,-0.001223455,-0.0011152921,-0.0011297817,-0.0010983489,-0.0011257372,-0.0010056362
15.076431,30.101402,-0.001250731,-0.0011725269,-0.0011915981,-0.0011607463,-0.0011968322,-0.0010812108
16.193172,30.376574,-0.0013173434,-0.0014254265,-0.0015321174,-0.0014376211,-0.0014572546,-0.0013608463
16.307486,30.066124,-0.0013313477,-0.0014282424,-0.0015136111,-0.0014372573,-0.0014699418,-0.0013684902
16.486368,30.386442,-0.0013349145,-0.0014851141,-0.0016110057,-0.0015032573,-0.0015109791,-0.0014154194
15.961745,30.13684,-0.0013087778,-0.0013619163,-0.0014327004,-0.0013659968,-0.0014032898,-0.0013011947
15.730316,29.897108,-0.0013010072,-0.0012980251,-0.0013356891,-0.001297894,-0.0013426017,-0.0012335243
16.076057,29.826391,-0.0013238504,-0.0013656705,-0.0014174314,-0.0013712945,-0.0014153471,-0.0013080954
14.445127,29.993965,-0.0012082724,-0.0010255325,-0.0010047075,-0.0009961394,-0.0010065195,-0.00087324076
14.430109,29.619373,-0.0012235803,-0.0009978553,-0.00095067685,-0.00096354325,-0.0009608184,-0.0008206757
14.4150915,29.24478,-0.001240781,-0.00097619346,-0.0009076794,-0.0009370151,-0.00091567845,-0.000769385
14.75327,29.860388,-0.0012365684,-0.0010851693,-0.0010696418,-0.0010640885,-0.0010869878,-0.0009590164
14.738253,29.485794,-0.0012512808,-0.0010594549,-0.0010193548,-0.0010369525,-0.0010473712,-0.00091163284
15.061414,29.726809,-0.001263277,-0.0011443036,-0.0011347253,-0.0011314957,-0.0011637898,-0.0010400307
13.933778,29.763912,-0.0011790306,-0.000892492,-0.0008296967,-0.0008359981,-0.0008027844,-0.0006545983
14.174435,29.504347,-0.0012104602,-0.0009333617,-0.0008665069,-0.0008845995,-0.0008586069,-0.0007117966
14.189452,29.878939,-0.001193584,-0.00095931906,-0.0009175254,-0.00091828994,-0.00090906874,-0.0007673852
13.475226,29.62661,-0.0011494699,-0.0007756029,-0.0006773322,-0.0006813024,-0.00060368545,-0.00045364554
13.257331,29.22974,-0.0011566045,-0.0007082883,-0.00056805403,-0.00056943425,-0.00046474105,-0.00032655484
13.039435,28.83287,-0.0011688698,-0.00065936486,-0.00047635465,-0.00046556335,-0.0003552211,-0.00023692565
13.715883,29.367043,-0.0011835567,-0.0008206788,-0.0007203007,-0.00073560636,-0.0006665178,-0.0005160101
13.497988,28.970173,-0.0011925595,-0.0007613137,-0.00062359934,-0.0006351705,-0.0005359096,-0.00039270884
13.95654,29.107477,-0.0012165986,-0.0008680447,-0.0007678643,-0.0007937062,-0.00073072355,-0.0005792485
13.123266,29.697927,-0.0011156959,-0.00069388875,-0.0005774446,-0.00056981,-0.0004672311,-0.00032383544
12.771306,29.769247,-0.0010801909,-0.0006103862,-0.0004727785,-0.00045074004,-0.00032892782,-0.00020011693
12.905371,29.30106,-0.0011231315,-0.0006257188,-0.00046162945,-0.0004469846,-0.00033169825,-0.00021072417
12.396166,29.487463,-0.001065284,-0.00050585583,-0.00030843477,-0.00026820452,-0.00015701348,-6.96941e-05
12.021027,29.205679,-0.0010534821,-0.00042006344,-0.00016125769,-0.0001031869,-5.6603967e-05,-1.0905325e-05
12.530231,29.019276,-0.0011135576,-0.00053968915,-0.00032004743,-0.00028490453,-0.00019252831,-0.000108049455
2.2645752,24.22344,1.00241305e-05,-2.3019134e-05,-3.432518e-05,-0.00010337692,0.00020131296,0.0005475735
2.8078995,23.98724,-9.413952e-05,-6.618506e-05,-7.5649325e-05,-0.00015085227,0.0001463601,0.0004917368
2.7314215,24.605194,3.2366814e-05,2.4802863e-05,2.7440727e-05,-5.4373322e-05,0.00018844884,0.00050892157
2.9699929,22.233738,-0.0005953696,-0.00034049113,-0.00036923654,-0.00041585404,4.7059715e-05,0.0004643802
2.9271853,22.801512,-0.00040869432,-0.0002489682,-0.00027608735,-0.00033227808,7.442588e-05,0.00046833747
2.511299,22.404972,-0.00047762055,-0.00028160887,-0.00030847196,-0.00035034423,0.000106210886,0.0005173456
3.0571332,20.669558,-0.00097473426,-0.0006644543,-0.0006665497,-0.0006785031,2.9913783e-06,0.00048368948
3.0349667,21.167759,-0.00092863565,-0.00053936057,-0.00055536634,-0.0005853711,1.0776222e-05,0.00047229428
2.6931722,20.798409,-0.0009381848,-0.00057302264,-0.0005757874,-0.0005901547,6.215543e-05,0.0005277423
8.769727,26.17032,-0.0011554229,-0.00041577584,-3.1402647e-05,1.3370097e-05,-4.2655527e-05,-1.1736929e-05
8.741509,26.699274,-0.0010403724,-0.00036261397,-2.8396547e-05,2.0424306e-05,-3.722912e-05,-1.19014385e-05
8.713292,27.22823,-0.00093898934,-0.00031923325,-3.7287413e-05,9.269059e-06,-4.803425e-05,-2.3532211e-05
8.2435255,26.367012,-0.0010033229,-0.00029271192,7.197398e-05,7.9915226e-05,-2.5332749e-05,3.508985e-06
8.215308,26.895967,-0.0008990812,-0.0002527743,7.0657195e-05,8.6753906e-05,-1.8204033e-05,2.9639602e-06
7.7173247,26.563705,-0.0008410622,-0.0001762262,0.00015489692,0.0001264109,-1.3377726e-05,2.1301925e-05
4.634611,26.077738,-7.893842e-05,0.0001909799,0.00028776616,0.00016324609,0.00013704556,0.00032557553
5.1805754,25.830479,-0.00023918337,0.00014113111,0.0002576515,0.00012623161,8.1835686e-05,0.0002574572
5.72654,25.58322,-0.000428307,7.7268065e-05,0.00021838969,8.290952e-05,2.5019348e-05,0.0001872682
5.127545,26.440044,-0.0001573965,0.00019300121,0.0003192691,0.00019097346,0.000109023036,0.0002620074
5.673509,26.192785,-0.00032448358,0.00013311642,0.00028644985,0.0001555671,5.735749e-05,0.00019548791
5.620478,26.802353,-0.000249353,0.0001639542,0.0003234877,0.00020109766,7.6109114e-05,0.00019397993
6.1617036,26.585178,-0.00041395728,9.332842e-05,0.00029040806,0.00017445486,3.497356e-05,0.00013492435
6.2147346,25.975613,-0.0005103819,5.7987036e-05,0.00024730034,0.000119565186,9.435833e-06,0.00013131637
6.702929,26.368006,-0.00059540645,4.445374e-06,0.00024871272,0.00014708131,7.6454876e-07,8.288067e-05
4.334944,24.459606,-0.00026468484,-1.934415e-05,2.1538437e-05,-8.4544954e-05,6.1767045e-05,0.00033834713
3.7749436,24.714119,-0.00010100704,3.0303896e-05,6.098741e-05,-3.9263785e-05,0.00012162894,0.00040590685
3.2149436,24.968634,3.144747e-05,7.3287665e-05,9.509391e-05,1.6054511e-06,0.00017763276,0.00046842522
3.8514218,24.096167,-0.00023706465,-6.935865e-05,-5.508095e-05,-0.00014834123,7.2080315e-05,0.00038428037
3.2914217,24.35068,-8.766037e-05,-1.9280731e-05,-1.1416733e-05,-9.950691e-05,0.00013210315,0.0004490115
3.3678997,23.732727,-0.00023070734,-0.00011795956,-0.00012466843,-0.00020492202,8.550137e-05,0.00042948764
3.6928446,25.335917,1.2714922e-05,0.0001214599,0.0001662733,6.1512175e-05,0.00016795796,0.0004259991
4.252845,25.081404,-0.00013210422,7.829302e-05,0.00013548225,2.3132503e-05,0.00011162228,0.00036052984
4.170746,25.7032,-2.5486528e-05,0.00016290038,0.00023315042,0.00011743015,0.00015495151,0.00037843556
5.262675,25.208681,-0.00035980277,6.396073e-05,0.00016761725,3.743142e-05,4.057902e-05,0.00024121613
4.71671,25.45594,-0.00017730564,0.00011860007,0.00020429606,8.065814e-05,9.943861e-05,0.00031184644
4.798809,24.834143,-0.0003043341,2.8481423e-05,9.932798e-05,-1.9571125e-05,5.2920757e-05,0.00029189818
7.372452,25.12849,-0.0010421808,-0.00023171132,5.5005967e-05,-4.5873225e-05,-0.00011267,-1.5736222e-06
7.312009,25.67246,-0.00090030686,-0.00015531748,0.00014323204,5.2829684e-05,-6.0499966e-05,2.4299085e-05
7.2515664,26.216429,-0.0007771787,-0.00010263294,0.0001969499,0.00012172574,-2.234775e-05,4.0728748e-05
6.8238144,25.280067,-0.00083287794,-9.899157e-05,0.00012721795,3.78412e-06,-7.280379e-05,5.397743e-05
6.763372,25.824036,-0.0007033037,-3.630966e-05,0.00020269507,8.798116e-05,-2.9977859e-05,7.263321e-05
6.2751775,25.431643,-0.00062461337,2.7148128e-06,0.00018020028,4.6266974e-05,-2.6003181e-05,0.000118251504
7.7777677,26.019737,-0.0009592598,-0.00022446031,0.00012732286,8.449334e-05,-4.0118994e-05,1.055187e-05
7.83821,25.475767,-0.001095449,-0.00029564195,6.112212e-05,3.0841231e-06,-8.645278e-05,-1.2806237e-05
8.303968,25.823044,-0.0011335079,-0.00035823314,3.7149846e-05,3.2979904e-05,-5.5286706e-05,-1.1140406e-05
3.0785215,19.433485,-0.00031520863,-0.0010473194,-0.0009387797,-0.00078897696,4.4981658e-05,0.00053727906
3.0789106,19.80242,-0.0006356356,-0.00095139316,-0.0008951941,-0.00080771407,1.8378913e-05,0.0005170035
2.8012886,19.529295,-0.00037677056,-0.000968916,-0.00086534815,-0.0007273057,8.610791e-05,0.00056325214
3.0952199,18.574232,0.0005575311,-0.00077542715,-0.0005496386,-0.00041262133,0.00016786951,0.00059401745
3.0866764,18.819391,0.00031744115,-0.00094954914,-0.00074158434,-0.0005656908,0.00012418836,0.0005768084
2.8722832,18.6161,0.00054361264,-0.00075285987,-0.0005132294,-0.00037549788,0.00019337886,0.0006057982
9.278968,26.437756,-0.0011861331,-0.0004862737,-0.00014544386,-6.775576e-05,-6.877547e-05,-3.107554e-05
9.78821,26.705193,-0.0012006848,-0.00055165676,-0.00026975755,-0.00017847997,-0.00012829906,-7.15757e-05
10.297451,26.97263,-0.0012037508,-0.00060672814,-0.00038184924,-0.00029007488,-0.0002043491,-0.0001252256
9.250751,26.966711,-0.0010747475,-0.00043147165,-0.00014719278,-7.513029e-05,-8.026701e-05,-4.2674124e-05
9.759992,27.234148,-0.0010948923,-0.00048762743,-0.00025759678,-0.00017645198,-0.00014205271,-8.588654e-05
9.222533,27.495667,-0.0009760762,-0.00037741012,-0.0001431107,-7.90264e-05,-9.563547e-05,-5.8097423e-05
10.204396,28.044962,-0.0010127828,-0.00040996165,-0.00023678118,-0.00016487188,-0.00016871243,-0.00011181813
9.713465,27.770315,-0.0009977254,-0.00040988557,-0.00021797245,-0.00014616006,-0.00014276654,-9.2202965e-05
10.250924,27.508797,-0.0011024685,-0.0005175448,-0.00033144266,-0.00025037734,-0.00019891077,-0.00012693577
11.560763,28.871227,-0.0010426664,-0.00035922413,-6.0273826e-05,2.5131105e-06,-4.9788057e-05,-2.3841918e-05
11.609706,28.35037,-0.0011042109,-0.00045642263,-0.00019338662,-0.00013953786,-0.00016665178,-0.000108407796
11.6586485,27.829515,-0.0011739986,-0.0005876212,-0.00038163262,-0.0003256026,-0.00028173142,-0.00018648774
12.069968,28.684824,-0.0011059134,-0.00046983702,-0.00019726926,-0.00014514643,-0.0001293071,-7.512837e-05
12.118911,28.163967,-0.0011654567,-0.0005613689,-0.00030942552,-0.00026272636,-0.00023629957,-0.0001555348
12.579173,28.498419,-0.0011638892,-0.00058573874,-0.00034781653,-0.00031266038,-0.00024046165,-0.00015367036
11.109447,28.600908,-0.0010302019,-0.0003484016,-8.046776e-05,-2.1928132e-05,-0.0001022113,-6.680304e-05
10.658129,28.330591,-0.0010201001,-0.00037625676,-0.00017313045,-0.00010919863,-0.00015285904,-0.000102306905
11.158388,28.080053,-0.001100352,-0.0004763506,-0.0002689063,-0.00020839495,-0.00021057707,-0.00013897949
10.7511835,27.258259,-0.0011927693,-0.0006285233,-0.00044675678,-0.00036175628,-0.00026477044,-0.00016966659
11.204916,27.543886,-0.0011819289,-0.0006185412,-0.00044850213,-0.00037632935,-0.00029439287,-0.00019279415
10.704656,27.794424,-0.0011010299,-0.000508915,-0.00033721025,-0.0002636761,-0.00022534543,-0.00014739567
15.45469,29.570726,-0.001294435,-0.0012198434,-0.0012198684,-0.0012174795,-0.0012579401,-0.0011380975
15.524805,29.173628,-0.0013130016,-0.0012144942,-0.0011963742,-0.0012201822,-0.0012524395,-0.0011248284
15.594919,28.776531,-0.0013320763,-0.0012141671,-0.0011843614,-0.0012301676,-0.0012492621,-0.0011133375
15.800431,29.50001,-0.0013174078,-0.0012890549,-0.0013026056,-0.0012945512,-0.0013396105,-0.0012229952
15.870545,29.102913,-0.0013341401,-0.0012838101,-0.0012795411,-0.0012994488,-0.0013380526,-0.0012133747
16.146172,29.429295,-0.001338557,-0.0013572488,-0.0013851571,-0.0013698201,-0.0014160781,-0.0013011582
15.131529,29.329712,-0.0012835619,-0.0011376629,-0.0011080999,-0.0011295803,-0.0011531026,-0.0010222223
14.808368,29.088696,-0.0012741742,-0.0010573197,-0.001001232,-0.0010377617,-0.0010340057,-0.0008918927
15.201644,28.932613,-0.0013046684,-0.0011366453,-0.0010933883,-0.0011353767,-0.0011450207,-0.0010065966
16.579473,29.351475,-0.0013621015,-0.0014419833,-0.0014898763,-0.0014622398,-0.0015056786,-0.0013910894
16.737148,28.947273,-0.0013778324,-0.0014538126,-0.0014884431,-0.0014886737,-0.0015296015,-0.0014067108
16.937103,29.343987,-0.0013781748,-0.0015139015,-0.0015831413,-0.001538344,-0.0015753489,-0.0014606368
16.303846,29.025093,-0.0013575677,-0.0013695889,-0.001384122,-0.0013956905,-0.0014378302,-0.0013151052
16.028221,28.698711,-0.0013552203,-0.0013004587,-0.0012888729,-0.0013315022,-0.0013605277,-0.0012279258
16.461523,28.620892,-0.0013751674,-0.0013849473,-0.001392271,-0.0014284105,-0.0014623606,-0.0013311128
14.393408,28.804548,-0.001263396,-0.0009599796,-0.0008718825,-0.0009124067,-0.0008649517,-0.0007123106
14.371723,28.364317,-0.0012891752,-0.0009581991,-0.00085574,-0.00089883717,-0.0008235614,-0.0006649409
14.350039,27.924086,-0.0013183362,-0.0009751331,-0.0008637097,-0.0009028607,-0.00079894264,-0.0006329649
14.786683,28.648464,-0.0012953002,-0.0010426459,-0.00097056874,-0.0010207095,-0.0009908002,-0.00083970313
14.764999,28.208233,-0.0013192125,-0.0010413043,-0.0009590444,-0.0010140768,-0.0009546476,-0.00079433044
15.179959,28.492382,-0.0013240635,-0.0011229763,-0.0010668383,-0.0011248509,-0.0011093969,-0.0009604054
13.934855,28.667246,-0.0012431293,-0.0008602093,-0.0007391213,-0.0007673846,-0.00068091636,-0.000528529
13.476303,28.529942,-0.001223444,-0.0007657242,-0.00060504966,-0.0006125246,-0.00050166587,-0.0003630672
13.913171,28.227013,-0.0012734385,-0.0008714119,-0.00073445134,-0.0007584545,-0.00065045484,-0.0004962533
13.93922,27.666204,-0.0013202472,-0.00092973,-0.0007887182,-0.00080488785,-0.0006693503,-0.00050441985
13.502353,27.969133,-0.0012721677,-0.0008171144,-0.0006441558,-0.00064465625,-0.0005206967,-0.00037712007
13.065485,28.272062,-0.00121869,-0.0007025121,-0.0004992996,-0.00048344117,-0.00037753803,-0.00025952153
13.528402,27.408325,-0.0013271022,-0.00091208355,-0.0007513009,-0.0007432161,-0.0005901859,-0.00042616372
13.091535,27.711254,-0.0012756172,-0.0007912027,-0.0005951794,-0.0005739036,-0.0004533556,-0.00031714182
13.117584,27.150446,-0.0013396065,-0.0009239413,-0.000765341,-0.0007345949,-0.0005645865,-0.00039475996
12.631272,27.376802,-0.001291502,-0.00081138976,-0.00062887295,-0.0005871002,-0.00045504267,-0.00031056625
12.605223,27.93761,-0.0012235725,-0.00067604263,-0.000448911,-0.00041320044,-0.0003345688,-0.00022630746
12.14496,27.603159,-0.0012362871,-0.00069809967,-0.0004995375,-0.00044954664,-0.0003610986,-0.00024190694
10.223857,25.436295,-0.0015289224,-0.00077836483,-0.00039261585,-0.0002743024,-0.00015414649,-7.71938e-05
10.248388,25.948406,-0.0014136727,-0.00071745296,-0.0003828078,-0.00027096993,-0.00016333396,-8.762747e-05
10.27292,26.460518,-0.0013042216,-0.0006650186,-0.0003868665,-0.00028452557,-0.0001849609,-0.000106967505
9.739147,25.68097,-0.0014225583,-0.00066139334,-0.00026630957,-0.00016609603,-0.00010615832,-4.962164e-05
9.763679,26.19308,-0.0013073795,-0.00060209195,-0.00026171963,-0.00016354793,-0.0001098457,-5.527359e-05
9.254437,25.925644,-0.0012968178,-0.0005388753,-0.00014356547,-6.864113e-05,-6.9219175e-05,-2.8386652e-05
3.4166598,19.990086,-0.00079267303,-0.0009554815,-0.0009239107,-0.00087243895,-5.412632e-05,0.00045975798
3.416271,19.621151,-0.00052277977,-0.0010793984,-0.0010106495,-0.0008973737,-3.590113e-05,0.00048096795
3.415882,19.252216,-0.00017221243,-0.0011416588,-0.0010205371,-0.0008496478,-1.2546182e-06,0.0005069784
3.7540202,19.808817,-0.00070353993,-0.0010918684,-0.0010509016,-0.0009766853,-0.00011641174,0.00041654176
3.7536314,19.439882,-0.00039400227,-0.0011997669,-0.0011210382,-0.0009824542,-9.264189e-05,0.00044220703
4.0913806,19.627546,-0.0005936,-0.0012279968,-0.0011791079,-0.0010802839,-0.00018225033,0.00036984842
4.301654,21.00909,-0.0011124475,-0.0007647058,-0.0007769788,-0.0008143011,-0.00020038206,0.00028294916
3.8720362,21.228048,-0.0010260164,-0.00063866883,-0.0006582468,-0.00069847854,-0.00011825472,0.00034957903
3.4424183,21.447004,-0.0009152164,-0.00053123897,-0.00055471045,-0.0005950311,-4.365355e-05,0.00041010158
3.8942025,20.729845,-0.0010661812,-0.00078608457,-0.0007936847,-0.00081727037,-0.00014242202,0.00035480494
3.4645846,20.948803,-0.0010129482,-0.0006532145,-0.0006665538,-0.00069510774,-6.209165e-05,0.00041650908
3.4867508,20.4506,-0.0009866832,-0.00080575317,-0.0008022459,-0.0008042124,-7.321411e-05,0.00042859453
4.161472,20.08806,-0.00091187126,-0.0010714604,-0.0010532932,-0.001026607,-0.00020828396,0.0003303277
4.231563,20.548576,-0.0010794399,-0.0009079743,-0.0009085516,-0.000924599,-0.00021154433,0.0003019864
3.8241115,20.269331,-0.0009634413,-0.00093332294,-0.0009230295,-0.0009125224,-0.00013835913,0.00038145154
3.5022824,21.986362,-0.0007596899,-0.0004280563,-0.00045642263,-0.00050668913,-2.926904e-05,0.00039747186
3.9917643,22.306763,-0.0007448612,-0.00040487057,-0.00042836578,-0.00049069576,-7.057482e-05,0.00033363502
4.481246,22.627163,-0.00075388903,-0.00037256224,-0.00038148885,-0.00045557934,-0.000100515426,0.00027408235
3.4594748,22.554136,-0.00056832284,-0.00032040055,-0.0003472684,-0.00040719658,5.105436e-06,0.00040408844
3.9489565,22.874537,-0.0005638881,-0.00028969176,-0.0003057552,-0.00037863952,-2.59431e-05,0.0003475093
3.416667,23.121912,-0.00039330215,-0.0002202633,-0.00023969417,-0.0003098176,4.252428e-05,0.0004146666
3.9001892,23.485352,-0.00038876312,-0.00017540914,-0.00017787772,-0.00026168852,2.3210705e-05,0.00036532682
4.432479,23.237976,-0.0005723848,-0.00024299008,-0.0002383619,-0.00032443815,-4.39592e-05,0.00029566282
4.3837113,23.848791,-0.00040894205,-0.00012572104,-0.00010350448,-0.0002005015,1.0508477e-05,0.00031756252
4.361518,21.548447,-0.0010343549,-0.00061843,-0.0006373456,-0.0006884759,-0.00017286999,0.00027348322
4.421382,22.087805,-0.00089939317,-0.0004901105,-0.00050778536,-0.0005702584,-0.00013872153,0.00027123446
3.9319003,21.767405,-0.0009007921,-0.0005155444,-0.0005408221,-0.00059241324,-9.7816766e-05,0.00033822603
8.9691305,24.667059,-0.0015576291,-0.00072406203,-0.0002815613,-0.00025221758,-0.00018718821,-9.536511e-05
8.902663,25.168146,-0.0014197467,-0.0005925749,-0.00015134245,-0.000119760094,-0.00011780864,-5.4046453e-05
8.836195,25.669233,-0.0012836404,-0.0004915579,-7.0544185e-05,-3.1930147e-05,-6.945663e-05,-2.6025593e-05
8.436904,24.82087,-0.0014106815,-0.0005577447,-0.00015186351,-0.00017328483,-0.00016822964,-7.544357e-05
8.370437,25.321957,-0.0012684822,-0.00044452518,-3.6100446e-05,-5.132991e-05,-0.00010301119,-3.7681162e-05
7.904678,24.97468,-0.0012364917,-0.00038773994,-3.7919344e-05,-0.00010438615,-0.00014411146,-4.45531e-05
9.387373,24.923471,-0.0015603834,-0.00074144796,-0.00028889423,-0.0002178207,-0.00014673716,-7.286578e-05
9.805614,25.179882,-0.0015500674,-0.000755333,-0.0003251471,-0.00022244173,-0.00013154537,-6.29192e-05
9.320905,25.424559,-0.0014272985,-0.0006263788,-0.000193232,-0.000120307624,-9.640127e-05,-4.3255866e-05
10.140345,24.266087,-0.0017812371,-0.0010234168,-0.0005915765,-0.00046527438,-0.00023940021,-0.00012432653
10.168181,24.656157,-0.0017022216,-0.00091891416,-0.00048745662,-0.0003647397,-0.00019072992,-9.5395866e-05
10.196019,25.046225,-0.0016168358,-0.00083851366,-0.0004231468,-0.0003023501,-0.00016283352,-7.995802e-05
9.74994,24.399744,-0.001725231,-0.00094068627,-0.0004930044,-0.00039370984,-0.00022033292,-0.0001159988
9.777778,24.789814,-0.0016396656,-0.0008365442,-0.00038973612,-0.0002897033,-0.00016624742,-8.328444e-05
9.359535,24.533401,-0.0016505732,-0.0008398921,-0.00038772981,-0.00032165568,-0.00020333678,-0.00010688597
5.0758696,22.959091,-0.0008168768,-0.00033981496,-0.00032003003,-0.0004070309,-0.00013136941,0.00020356172
5.6704936,23.291021,-0.0009151073,-0.00031013758,-0.00025031882,-0.0003508187,-0.00015712672,0.00013335055
6.265117,23.62295,-0.0010373888,-0.00029804235,-0.00018789773,-0.00030096035,-0.00018211394,6.2709034e-05
5.0271025,23.569906,-0.00064728386,-0.00020528061,-0.00016822058,-0.00026839715,-6.883365e-05,0.00022999925
5.621726,23.901834,-0.00075146084,-0.00017484718,-9.66528e-05,-0.00021150285,-9.238535e-05,0.00016236848
4.978335,24.180721,-0.0004893494,-8.6485925e-05,-3.0142366e-05,-0.0001417833,-1.1643946e-05,0.0002542352
5.906066,24.929796,-0.00060914166,-1.9811214e-05,0.00011201662,-2.2457898e-05,-3.1930984e-05,0.00015407699
5.4422,24.555258,-0.0005437873,-4.393345e-05,4.7632635e-05,-7.733232e-05,-2.0788491e-05,0.00020515603
6.0855913,24.276373,-0.0008179304,-0.00014413387,-2.3434222e-05,-0.00015034038,-0.00010090667,0.00011241978
7.0033402,24.626644,-0.0010467861,-0.00022565073,-7.66784e-06,-0.00012920171,-0.00014449435,1.0525406e-05
6.454703,24.778221,-0.0008248413,-0.00010586459,6.2822524e-05,-7.002026e-05,-8.902437e-05,8.0727994e-05
6.6342287,24.124798,-0.0010452378,-0.00024688416,-8.7931454e-05,-0.0002114163,-0.0001656118,3.360027e-05
7.940308,23.809774,-0.001537045,-0.0006495852,-0.00035565192,-0.00042058402,-0.00031255538,-0.00013675338
7.7510223,24.249348,-0.0013782018,-0.00048657245,-0.00019322688,-0.00027660566,-0.00023609382,-8.507782e-05
7.561737,24.68892,-0.0012097718,-0.00034735244,-5.63336e-05,-0.00015160018,-0.00016957146,-4.005915e-05
7.381911,23.7475,-0.0013880013,-0.00049236004,-0.00027074892,-0.00036813694,-0.00027786024,-8.2041326e-05
7.1926255,24.187073,-0.0012201233,-0.0003480782,-0.0001284557,-0.00024054009,-0.00020683938,-3.2828866e-05
6.823514,23.685225,-0.0012172506,-0.00037450605,-0.00021492226,-0.00032668049,-0.0002318793,-1.2844861e-05
8.283249,24.095537,-0.0015566979,-0.00068946666,-0.00033603006,-0.0003751734,-0.00028219278,-0.000135387
8.62619,24.381298,-0.0015629907,-0.0007160516,-0.0003094527,-0.00031620366,-0.00023808533,-0.000120032135
8.093964,24.535109,-0.0013999236,-0.0005260058,-0.00017212064,-0.00022864396,-0.00020767743,-8.634621e-05
3.3511956,18.419256,0.00066858716,-0.0006982918,-0.00049093826,-0.00038017947,0.00015904658,0.0005874452
3.5986276,18.50944,0.00055663916,-0.00085823366,-0.00067005045,-0.0005276628,9.398407e-05,0.00055497687
3.8460598,18.599625,0.000439166,-0.0010093992,-0.0008459087,-0.00067827135,2.2359072e-05,0.0005143165
3.3426518,18.664415,0.00044105834,-0.0009160643,-0.00071331434,-0.0005508142,0.00010814852,0.0005655975
3.590084,18.7546,0.00032003468,-0.0010459735,-0.0008707164,-0.00069002586,4.2466105e-05,0.00052947894
3.3341084,18.909575,0.00019393438,-0.0010571032,-0.0008789089,-0.0006923071,6.432837e-05,0.00054494326
3.9278333,18.942265,8.4679064e-05,-0.0012255306,-0.001097374,-0.0009060565,-6.665403e-05,0.00046133893
4.0096073,19.284906,-0.00027271753,-0.001282649,-0.0011980372,-0.0010394154,-0.0001351319,0.00041254563
3.6718578,19.09724,-4.3255986e-05,-0.0011949308,-0.0010669536,-0.0008828231,-3.4350694e-05,0.00048437208
3.2412775,18.142872,0.00090594095,-0.00036024244,-0.00016815621,-0.00014085442,0.00023776096,0.00061823364
3.0878115,17.951862,0.0010536108,-0.000103490886,6.5346656e-05,3.195399e-05,0.0002958402,0.00063558336
3.3787913,17.95667,0.0010233155,-0.00018034202,-2.2676051e-05,-4.30761e-05,0.00026076884,0.0006265048
3.4887094,18.233055,0.000809251,-0.00053399353,-0.00034699898,-0.00028126125,0.00017985672,0.0005948343
3.6262233,18.046854,0.00093523663,-0.00035461335,-0.00019674165,-0.0001792658,0.000203834,0.0006042623
3.7361417,18.323238,0.0007050161,-0.00070986204,-0.0005355404,-0.00043226962,0.000113306465,0.0005622353
4.3636174,19.397367,-0.0004178794,-0.0013517053,-0.0012931876,-0.0011598547,-0.00023141748,0.00033667678
4.2818437,19.054726,-7.477671e-05,-0.001345005,-0.001254178,-0.0010715182,-0.00017078596,0.00038717574
4.20007,18.712084,0.00028120988,-0.001193624,-0.0010693333,-0.0008811305,-8.536679e-05,0.00044544213
4.635854,19.167187,-0.00022856814,-0.0014433241,-0.0013823828,-0.0012189086,-0.00027776317,0.0003038854
4.5540805,18.824545,0.00012099093,-0.0013538332,-0.0012681145,-0.0010748808,-0.00020055157,0.0003638181
4.9080906,18.937006,-3.71204e-05,-0.0014887027,-0.0014356511,-0.0012514675,-0.0003192268,0.00027235312
12.687632,26.782942,-0.0013727698,-0.0009812185,-0.00083855935,-0.0007808813,-0.00057372503,-0.0003912111
12.20132,27.009298,-0.0013225641,-0.0008665764,-0.000710191,-0.0006454229,-0.0004733947,-0.00031710343
11.715008,27.235655,-0.0012638102,-0.00075221865,-0.00058785896,-0.00051768153,-0.00038418168,-0.00025378805
12.257679,26.415436,-0.0014167433,-0.0010149865,-0.00084356184,-0.00076442497,-0.0005409637,-0.00036159356
11.771366,26.641792,-0.0013636034,-0.0008962881,-0.00071691506,-0.0006326316,-0.00044212813,-0.00029039293
11.827725,26.047932,-0.0014706263,-0.0009969703,-0.0007657798,-0.0006724077,-0.00045780308,-0.00029689723
10.75848,25.640173,-0.0015177693,-0.00084056536,-0.00050991424,-0.00039071316,-0.0002303508,-0.0001291681
11.293103,25.844053,-0.0014964226,-0.0009160039,-0.00063630537,-0.0005286525,-0.00033804853,-0.00020732051
10.783011,26.152285,-0.0014090957,-0.000791346,-0.00051272684,-0.00040451187,-0.00025568373,-0.00015235334
11.317635,26.356165,-0.0013963475,-0.0008652957,-0.00063743396,-0.00054010993,-0.00036137397,-0.00022944695
10.807543,26.664396,-0.0013068168,-0.00073425454,-0.0005084262,-0.00041125005,-0.0002764451,-0.0001721037
11.261275,26.950026,-0.0012839875,-0.00075976737,-0.0005790998,-0.0004929119,-0.00034692543,-0.00022454577
15.677936,28.307734,-0.0013550852,-0.001221435,-0.0011858485,-0.0012510908,-0.001249954,-0.0011032545
15.760952,27.838936,-0.0013783016,-0.0012384153,-0.0012050796,-0.0012830364,-0.001257514,-0.0010985243
15.843968,27.370138,-0.001401247,-0.0012668319,-0.0012432687,-0.0013285353,-0.0012746656,-0.0011012477
16.111237,28.229914,-0.0013745206,-0.001305296,-0.0012885066,-0.0013543549,-0.0013656022,-0.0012217569
16.194254,27.761116,-0.0013933935,-0.001318038,-0.001304457,-0.0013870101,-0.0013761892,-0.0012196898
16.544538,28.152094,-0.0013904822,-0.0013873375,-0.0013893624,-0.0014523697,-0.0014713521,-0.0013287031
15.262976,28.023584,-0.0013516429,-0.0011421297,-0.0010847135,-0.0011524687,-0.0011118482,-0.00095199223
14.848016,27.739435,-0.0013519787,-0.0010775997,-0.0009970401,-0.0010537305,-0.0009665776,-0.00079513725
15.345992,27.554787,-0.0013798034,-0.0011748378,-0.0011234953,-0.001195559,-0.001125921,-0.00095283875
17.073652,28.031767,-0.0014052277,-0.0014846396,-0.0015099578,-0.0015663452,-0.0015881605,-0.0014438811
17.25248,27.520464,-0.0014143056,-0.00150478,-0.0015375142,-0.0016194052,-0.0016250779,-0.0014670964
17.536839,28.00167,-0.0014120843,-0.0015706095,-0.0016183339,-0.0016591551,-0.0016806708,-0.0015347586
16.723368,27.64079,-0.0014072775,-0.0014127722,-0.0014225454,-0.0015071414,-0.0015073614,-0.0013513055
16.373081,27.249813,-0.0014138074,-0.0013567486,-0.001359231,-0.0014548479,-0.0014197025,-0.0012482307
16.902195,27.129486,-0.001419514,-0.0014436764,-0.001470181,-0.0015719449,-0.0015504329,-0.0013792815
14.40709,27.435051,-0.0013576441,-0.0010336656,-0.00092712493,-0.0009612288,-0.00082592363,-0.00064608554
14.464141,26.946018,-0.0013989768,-0.0011189525,-0.0010306425,-0.0010569203,-0.0008818635,-0.00068067736
14.521192,26.456985,-0.001441253,-0.001229928,-0.0011709976,-0.0011851494,-0.00096295995,-0.00073372264
14.9050665,27.250402,-0.0013863624,-0.0011305434,-0.0010589445,-0.001112376,-0.0009894475,-0.0008019016
14.962117,26.76137,-0.0014216736,-0.0012074411,-0.0011557074,-0.0012024177,-0.0010373017,-0.00082787295
15.403043,27.065754,-0.0014086721,-0.0012215353,-0.0011832318,-0.0012545688,-0.0011479693,-0.0009571838
13.996272,27.177172,-0.0013663013,-0.0010185228,-0.0008934101,-0.00090212113,-0.00073240383,-0.00054720935
13.585454,26.919292,-0.0013806155,-0.0010321757,-0.0009034112,-0.00088558835,-0.00068693573,-0.00049352006
14.053323,26.688139,-0.0014146118,-0.0011346927,-0.0010396445,-0.0010369623,-0.00082094246,-0.0006073359
13.376843,25.831913,-0.0015081982,-0.0012925153,-0.0011531133,-0.0010896769,-0.0008105214,-0.0005683728
13.758293,26.04027,-0.0014810319,-0.0012852411,-0.0011942614,-0.0011507118,-0.0008721741,-0.0006247819
14.139743,26.248629,-0.0014588096,-0.0012572572,-0.00118959,-0.0011739574,-0.0009160698,-0.0006744588
13.290423,26.271423,-0.0014525122,-0.0011808856,-0.0010637284,-0.001009492,-0.0007485507,-0.00052363117
13.671873,26.479782,-0.001431151,-0.001158614,-0.0010591279,-0.0010292787,-0.000784839,-0.0005624247
13.204004,26.710936,-0.0013956537,-0.0010529013,-0.0009261583,-0.0008846306,-0.0006635293,-0.00046380024
12.860471,25.90392,-0.0015017224,-0.0012025416,-0.0010240886,-0.00094933144,-0.00068818446,-0.00047073848
12.774052,26.34343,-0.0014373173,-0.0011032195,-0.0009570584,-0.0008885873,-0.0006433817,-0.00043939977
12.344098,25.975925,-0.0014897785,-0.0011020045,-0.00089362374,-0.0008094682,-0.0005700152,-0.00038025505
11.338763,24.493736,-0.0017554744,-0.0010561652,-0.00068874593,-0.00055004103,-0.00029503088,-0.00015670354
11.501751,25.0118,-0.0016623597,-0.0010203402,-0.0006834733,-0.0005620433,-0.00033579295,-0.0001945861
11.664739,25.529867,-0.0015649445,-0.0010110276,-0.0007212333,-0.00061550434,-0.0003991665,-0.00024819095
10.967128,24.807922,-0.0017001858,-0.00097386056,-0.0005968174,-0.0004615665,-0.0002462104,-0.00012898761
11.1301155,25.325987,-0.0015980868,-0.0009343236,-0.0005998816,-0.00047804625,-0.00028180404,-0.00016075904
10.595492,25.122108,-0.0016236563,-0.00088023156,-0.0004964041,-0.00036784966,-0.00019846803,-0.000102054655
10.539817,24.34197,-0.0017820258,-0.0010305443,-0.0006182248,-0.00047735518,-0.00023669536,-0.00011930448
10.93929,24.417852,-0.0017727499,-0.001038703,-0.00064935104,-0.00050491863,-0.0002544313,-0.00012898642
10.567655,24.732038,-0.0017060123,-0.00094430335,-0.0005389389,-0.00040455133,-0.00020754343,-0.000104017316
4.523804,19.769747,-0.00074245146,-0.0012760276,-0.0012438946,-0.0011774768,-0.00028783135,0.00027747173
4.9562273,19.911947,-0.0008739071,-0.0013170486,-0.0012917013,-0.0012519946,-0.00038879592,0.0001808166
5.388651,20.054146,-0.0009905332,-0.0013547416,-0.0013276758,-0.0013071942,-0.0004825397,8.317798e-05
4.593895,20.23026,-0.0010148947,-0.0011038707,-0.0010909426,-0.0010842743,-0.00029714947,0.00024360936
5.0263186,20.372461,-0.0011065839,-0.0011350285,-0.0011207309,-0.0011278541,-0.0003799749,0.00015560264
4.663986,20.690775,-0.0011470614,-0.0009357833,-0.00093587703,-0.00096190337,-0.00028570087,0.00022217054
5.0682774,19.309385,-0.00040902858,-0.0015384841,-0.0015015115,-0.0013698614,-0.0004078217,0.00019350929
5.228464,19.681767,-0.00073429197,-0.0014721985,-0.0014423263,-0.0013737028,-0.00045997053,0.00013074011
4.7960405,19.539566,-0.00058477453,-0.0014183855,-0.0013802279,-0.0012809801,-0.00034839826,0.00023581737
4.9137177,21.194708,-0.0011855507,-0.00080199714,-0.00080606574,-0.000850803,-0.0002873686,0.00017988247
5.5257816,21.380323,-0.0012723155,-0.000839181,-0.00082266016,-0.00087117724,-0.00036390166,7.795137e-05
6.1378455,21.56594,-0.0013767004,-0.00088296516,-0.00083222945,-0.000881224,-0.0004322043,-2.2930444e-05
4.973582,21.734064,-0.0011082396,-0.00064379425,-0.0006484919,-0.0007066694,-0.00024312956,0.00018086928
5.5856457,21.919682,-0.0012067511,-0.00066991657,-0.0006477464,-0.0007108441,-0.000305085,8.886427e-05
5.033446,22.273422,-0.0009881664,-0.0005030685,-0.00050054723,-0.0005713034,-0.00019574194,0.00018709796
5.6280694,22.60535,-0.0010673773,-0.00047703343,-0.00043981988,-0.0005215912,-0.00022806054,0.000111294685
6.1802692,22.251612,-0.0013013711,-0.0006553102,-0.0005914829,-0.00066241296,-0.00033938987,7.624328e-06
6.2226934,22.93728,-0.0011792583,-0.00046130663,-0.0003767479,-0.00046970302,-0.00025575334,3.6884725e-05
5.6383824,20.558077,-0.0012202563,-0.0011868689,-0.001159153,-0.0011755943,-0.000486754,3.2016935e-05
5.888114,21.06201,-0.0013348005,-0.0010279951,-0.000993126,-0.0010283894,-0.0004660676,-1.3170838e-06
5.27605,20.876392,-0.001238317,-0.0009802161,-0.0009693431,-0.0010028355,-0.00038157374,0.000109597146
10.728138,23.461637,-0.0019007237,-0.0013024044,-0.0009383098,-0.0007676253,-0.00036916882,-0.0001943031
10.93168,23.80567,-0.0018624795,-0.0011862305,-0.0008094178,-0.0006472716,-0.0003097158,-0.00015695172
11.1352215,24.149702,-0.001812947,-0.0011031363,-0.00072451396,-0.0005731955,-0.0002847691,-0.00014412361
10.532207,23.729788,-0.0018775263,-0.0012150111,-0.000823706,-0.00066708453,-0.00032489616,-0.00017083269
10.735748,24.07382,-0.0018295767,-0.0011106295,-0.000713765,-0.0005621491,-0.00027283077,-0.00013812978
10.336275,23.997938,-0.001836962,-0.0011209022,-0.0007065988,-0.00056507054,-0.00028125005,-0.00014727551
9.098796,24.172312,-0.00169659,-0.00089853676,-0.00046749527,-0.00042518883,-0.00027299934,-0.00014791518
8.755855,23.88655,-0.0017025552,-0.0008982782,-0.00050748844,-0.0004971021,-0.00033040697,-0.00017741161
8.412914,23.60079,-0.0016943082,-0.0008714011,-0.0005330357,-0.00055254466,-0.0003755179,-0.00019409638
9.22846,23.677567,-0.0018136678,-0.0010979719,-0.0006904649,-0.00062655,-0.0003746143,-0.00021084529
8.88552,23.391804,-0.00181488,-0.0011007106,-0.0007327699,-0.00069824175,-0.000435782,-0.0002436536
9.358126,23.18282,-0.0018948159,-0.0013113365,-0.00093654677,-0.00084645493,-0.0004902602,-0.0002832113
9.879604,23.904999,-0.0018326854,-0.0011220934,-0.0006957485,-0.0005788593,-0.00030875354,-0.00016905766
9.489201,24.038656,-0.0017750349,-0.0010216446,-0.0005855729,-0.0005036896,-0.00029195435,-0.00016077406
9.618865,23.54391,-0.0018718789,-0.0012256308,-0.0008197846,-0.0007147928,-0.00039759927,-0.00022567516
10.075536,23.636848,-0.0018827586,-0.0012378426,-0.0008334668,-0.0006960637,-0.00035932928,-0.00019818431
9.814796,23.275759,-0.0019136493,-0.0013573642,-0.0009738099,-0.0008444894,-0.000456724,-0.00026148563
10.271467,23.368698,-0.0019147248,-0.0013481154,-0.00097095495,-0.00081408484,-0.00041177898,-0.00022796208
7.7341204,22.413404,-0.0016948226,-0.0009877058,-0.00078347855,-0.0008215173,-0.0005263365,-0.00023837286
7.2444525,22.816587,-0.0015261417,-0.000703801,-0.00053395826,-0.0006090477,-0.0003947814,-0.00012850147
6.754785,23.219769,-0.0012974796,-0.00047504215,-0.00033846815,-0.00043785316,-0.00028099137,-2.8380215e-05
7.2020288,22.130917,-0.001585176,-0.00091939064,-0.0007743383,-0.00082395895,-0.0004996658,-0.00017492991
6.712361,22.5341,-0.0014101386,-0.00066372374,-0.0005516697,-0.00062784104,-0.00036835962,-6.3059866e-05
6.669937,21.848429,-0.0014752079,-0.000889131,-0.0007960392,-0.0008471692,-0.000467902,-0.00010152656
7.8715787,23.344318,-0.0016150422,-0.0007495652,-0.00048895844,-0.0005489939,-0.00038199002,-0.00017079645
7.313182,23.282043,-0.0014663842,-0.00059012335,-0.00039606006,-0.00048431213,-0.00033485633,-0.00010499412
7.8028493,22.878862,-0.0016696897,-0.0008612063,-0.0006306098,-0.000681315,-0.00045278936,-0.00020456535
8.344185,23.135332,-0.0017582135,-0.0009863793,-0.00068434473,-0.00069929345,-0.00045996075,-0.00024046117
8.275455,22.669876,-0.0017914758,-0.0011072118,-0.000839207,-0.00084675034,-0.0005453516,-0.00028632456
8.816791,22.926348,-0.0018594151,-0.0012342896,-0.0009049627,-0.00086571486,-0.0005367392,-0.00030338223
4.0729766,18.38164,0.00061033363,-0.00087796384,-0.00073174125,-0.000598224,2.7883709e-05,0.00051309296
3.9630585,18.105255,0.00085266295,-0.00052801927,-0.00038656313,-0.0003336573,0.00012886137,0.0005671553
3.8531404,17.82887,0.0010574135,-0.00016232068,-4.7650872e-05,-8.163935e-05,0.00022388833,0.00061282626
4.299894,18.163656,0.0007632839,-0.0007093366,-0.00059187703,-0.0005032919,4.0515126e-05,0.0005158915
4.1899757,17.887272,0.0009810561,-0.00033539897,-0.00023349148,-0.00023248584,0.00014895386,0.00057542935
4.5268106,17.945673,0.0008972456,-0.00052180747,-0.00044015175,-0.000401259,5.9285103e-05,0.00052271405
4.653904,18.276117,0.00061955064,-0.0009592565,-0.0008726528,-0.00073746283,-8.21982e-05,0.00043700213
4.7809973,18.606562,0.0003010096,-0.0012990152,-0.0012265496,-0.0010381644,-0.00021296722,0.00035099764
4.426987,18.4941,0.00045857686,-0.0010992523,-0.0009885473,-0.0008199964,-8.792645e-05,0.00043908972
3.7231328,17.505121,0.001250032,0.00021170205,0.00028221696,0.00016629261,0.00031335157,0.0006476354
3.546462,17.256754,0.001372952,0.00044514102,0.00048550958,0.00032691043,0.00036361022,0.00065429776
3.9299605,17.239775,0.0013504262,0.0003929295,0.00042124934,0.00026627438,0.00033654826,0.0006567683
4.059968,17.563522,0.0011890183,7.264608e-05,0.00013891357,4.736513e-05,0.00025932974,0.0006296391
4.2667956,17.298176,0.0012963678,0.00027314227,0.00029708975,0.00016037315,0.0002906708,0.0006452231
4.3968034,17.621925,0.0011208067,-8.841711e-05,-3.165871e-05,-9.24359e-05,0.00018951458,0.00059602445
5.299037,18.97269,-0.00012163359,-0.0016005087,-0.0015738342,-0.0014007218,-0.00043813162,0.00017465705
5.689984,19.008373,-0.00020347124,-0.0017073326,-0.0017011437,-0.0015418625,-0.00056019815,6.946128e-05
6.08093,19.044058,-0.00028222066,-0.001809266,-0.0018175545,-0.0016733072,-0.00068358216,-4.1450323e-05
5.4592237,19.34507,-0.00047911983,-0.0016279452,-0.0016021194,-0.0014853862,-0.00051762443,9.664625e-05
5.85017,19.380754,-0.0005454481,-0.0017159049,-0.0016961484,-0.001593077,-0.0006281717,-5.0778985e-06
5.6194105,19.71745,-0.0007902522,-0.0015518732,-0.001521627,-0.0014626909,-0.0005585487,3.7665308e-05
5.4494166,18.21977,0.00053890864,-0.0011807136,-0.0011821676,-0.0010263538,-0.000294365,0.00027530282
5.268975,18.458849,0.00036242814,-0.0013422227,-0.0013192077,-0.0011365757,-0.00031619292,0.00026721592
5.0885324,18.697927,0.00016879648,-0.0014478448,-0.0014058877,-0.0012134123,-0.00032416303,0.00026657767
5.1418815,18.128405,0.00066552346,-0.000968079,-0.0009379416,-0.00081333594,-0.0001673873,0.00036971373
4.961439,18.367483,0.0004929506,-0.0011584852,-0.0011036294,-0.00093909365,-0.00019634968,0.0003568868
4.8343463,18.037039,0.00078557414,-0.00074582367,-0.0006868232,-0.0006025384,-4.843813e-05,0.00045293945
5.659921,18.494534,0.00026652258,-0.0014950171,-0.0015101187,-0.0013228834,-0.00045046143,0.00015897745
5.8704257,18.769295,-1.1802256e-05,-0.0017029236,-0.0017210136,-0.0015426481,-0.0005819941,5.200857e-05
5.4794793,18.733612,7.7923716e-05,-0.0015789698,-0.0015699572,-0.0013820162,-0.00045110637,0.00016347521
13.178123,25.428709,-0.0015627164,-0.001319741,-0.0011097261,-0.0010374291,-0.00076853734,-0.0005322139
12.661751,25.500715,-0.001563302,-0.0012115788,-0.0009697955,-0.0008876031,-0.00063543196,-0.00042738015
12.145378,25.572721,-0.0015574282,-0.0011018924,-0.00083876424,-0.0007456975,-0.00051141303,-0.00033268362
12.979403,25.025507,-0.0016198878,-0.0012987914,-0.001023546,-0.00094528263,-0.0006903495,-0.00046808546
12.46303,25.097513,-0.0016283033,-0.0011876748,-0.0008945325,-0.00080325454,-0.00055757625,-0.00036358766
12.780683,24.622303,-0.0016764579,-0.0012536192,-0.0009355267,-0.00084646075,-0.00059434515,-0.0003880177
11.819403,24.536592,-0.0017343514,-0.001100668,-0.00075349887,-0.0006284729,-0.00037086123,-0.00021212036
12.300042,24.579447,-0.0017069567,-0.0011659603,-0.0008336328,-0.0007264643,-0.00047148947,-0.0002898646
11.98239,25.054657,-0.0016477408,-0.00109653,-0.00078232726,-0.0006757377,-0.00043831568,-0.00027131086
19.53841,23.35085,-0.0012457196,-0.0016983495,-0.00207936,-0.002297073,-0.002151818,-0.0018890887
19.774576,23.65708,-0.0012368496,-0.0016809377,-0.002034477,-0.0022533515,-0.0021203724,-0.0018628454
19.287184,23.719868,-0.0012558353,-0.0017044644,-0.0020384649,-0.0022431887,-0.0021132054,-0.0018538501
18.764236,24.532717,-0.0013033429,-0.001687216,-0.0019288826,-0.00210753,-0.00200572,-0.0017598956
19.052338,24.902922,-0.0012947021,-0.0016972441,-0.0019097342,-0.0020851116,-0.0020053587,-0.0017700582
18.492517,24.976547,-0.0013364191,-0.0016653585,-0.0018622036,-0.002027932,-0.0019405825,-0.0017053576
18.249075,26.410751,-0.0013908441,-0.0016427028,-0.0017388725,-0.001857804,-0.001832108,-0.0016402397
17.694471,26.479567,-0.0014117429,-0.0015659794,-0.0016432619,-0.001764944,-0.0017320943,-0.0015425849
17.957636,25.949972,-0.0013949361,-0.0016026776,-0.0017157426,-0.001853909,-0.0018009725,-0.0015945294
17.016195,26.505112,-0.0014283832,-0.0014754777,-0.0015302171,-0.00164665,-0.0015909622,-0.0013981943
16.601082,26.00106,-0.0014463229,-0.0014688252,-0.0015365224,-0.0016429169,-0.0015247719,-0.0013037772
16.185966,25.497011,-0.0014712315,-0.0015246556,-0.001605164,-0.0016814441,-0.0014863663,-0.0012278433
17.279358,25.975515,-0.0014244623,-0.0015311999,-0.001624197,-0.0017515955,-0.0016728282,-0.0014617634
16.864244,25.471466,-0.0014433394,-0.0015505143,-0.001662482,-0.0017731776,-0.0016304974,-0.0013887
17.54252,25.44592,-0.0014088277,-0.0015877485,-0.0017245824,-0.001861325,-0.0017608545,-0.0015315545
15.957969,26.745764,-0.001430142,-0.001325934,-0.0013270826,-0.0014158931,-0.0013182955,-0.0011213663
16.071968,26.121387,-0.0014546757,-0.0014116635,-0.0014497621,-0.0015357094,-0.0013890209,-0.0011631763
16.487082,26.625437,-0.001432983,-0.0014019747,-0.0014313967,-0.0015358288,-0.0014613662,-0.0012671235
15.517043,26.441378,-0.0014449973,-0.0013158126,-0.0013094378,-0.0013759113,-0.0012178207,-0.0009984965
15.0761175,26.136993,-0.0014657126,-0.0013424954,-0.0013303442,-0.001364222,-0.0011422696,-0.00089788134
15.6310425,25.817003,-0.0014761529,-0.0014409748,-0.001475581,-0.0015302615,-0.0013185606,-0.0010649002
14.363972,24.887735,-0.0015712078,-0.001578872,-0.001437121,-0.0013912597,-0.0011046911,-0.00081451365
14.971304,25.090826,-0.0015331461,-0.0015999861,-0.0015793784,-0.0015631407,-0.0012689338,-0.000968025
15.578635,25.293919,-0.0015003352,-0.0015630119,-0.0016138535,-0.0016441229,-0.00138508,-0.0010988839
14.416379,25.410818,-0.0015316241,-0.0014926452,-0.0014288962,-0.0013938787,-0.0010962329,-0.00081181363
15.02371,25.61391,-0.0015012376,-0.0014706666,-0.0014753123,-0.0014835169,-0.0012117825,-0.0009347232
14.468785,25.9339,-0.0014866361,-0.0013624527,-0.001322908,-0.0013117747,-0.001038028,-0.0007766066
13.705886,25.517187,-0.0015398498,-0.0013953228,-0.0012550725,-0.0011955979,-0.0009076397,-0.0006467183
14.034929,25.202461,-0.0015612738,-0.0014908728,-0.0013493677,-0.0012956824,-0.0010057542,-0.0007287765
14.087336,25.725544,-0.0015108917,-0.0013923683,-0.0013159445,-0.0012758317,-0.0009837906,-0.0007164008
13.507166,25.113983,-0.0015892375,-0.0014083612,-0.0011871662,-0.0011206854,-0.00084981497,-0.00059769984
13.308445,24.710781,-0.0016385107,-0.0013710201,-0.0010826321,-0.001010834,-0.00075592764,-0.0005201475
13.836208,24.799257,-0.0016032098,-0.0014894204,-0.001258773,-0.0011996763,-0.0009314514,-0.0006660675
11.587818,24.040237,-0.0018092558,-0.0011373677,-0.0007773866,-0.00062985846,-0.00032804234,-0.00017056281
11.836873,23.586737,-0.0018268623,-0.0012082682,-0.0008665034,-0.00070903235,-0.00035992436,-0.00018270641
12.085927,23.133238,-0.0018006945,-0.0012606537,-0.00094447954,-0.0007768542,-0.0003861075,-0.00019077331
12.068458,24.083092,-0.0017759531,-0.0011591134,-0.00080935116,-0.0006784336,-0.00039102108,-0.00021824962
12.3175125,23.629593,-0.0017826546,-0.0012043603,-0.0008608879,-0.0007227523,-0.00040576226,-0.00021997052
12.549097,24.125948,-0.0017380378,-0.0012083135,-0.00086467894,-0.00075420504,-0.0004833222,-0.0002921465
11.180735,23.35217,-0.0018848001,-0.0013038593,-0.00096556323,-0.00078710273,-0.0003722909,-0.0001889537
11.63333,23.242704,-0.0018503015,-0.0012860391,-0.00096456404,-0.0007880973,-0.00037708718,-0.00018665152
11.384276,23.696203,-0.0018530329,-0.001201735,-0.0008470058,-0.00068305427,-0.00033141047,-0.00016607529
6.812003,20.141235,-0.0011298179,-0.0016673954,-0.0015969956,-0.0015716243,-0.0008035966,-0.00024923473
6.5872836,20.616137,-0.0013244848,-0.0013871389,-0.0013152728,-0.0013199833,-0.00066951755,-0.00016905529
6.3625646,21.09104,-0.0014052182,-0.001119875,-0.0010577213,-0.0010867765,-0.00054444367,-9.294564e-05
6.337552,20.112206,-0.001086416,-0.001557857,-0.001505753,-0.0014856779,-0.00069687085,-0.00013500745
6.112833,20.587107,-0.0012731581,-0.0012826849,-0.0012353859,-0.0012476556,-0.00057806977,-6.6978755e-05
5.8631015,20.083176,-0.0010398142,-0.001453826,-0.0014165719,-0.0013981652,-0.0005898481,-2.3965657e-05
6.324621,19.409782,-0.00060980517,-0.0018247791,-0.0018074808,-0.0017162807,-0.0007623413,-0.00013287454
6.568312,19.775509,-0.00089411513,-0.0017626145,-0.0017177834,-0.0016677108,-0.000798441,-0.00020066553
6.093861,19.746479,-0.00084403675,-0.0016559863,-0.0016205258,-0.0015679416,-0.0006786872,-7.939893e-05
7.6241145,21.06219,-0.0015493422,-0.0014814048,-0.0013336062,-0.0013240046,-0.0007843562,-0.00035720642
7.660783,21.512594,-0.0016460142,-0.0013018446,-0.0011357925,-0.0011418171,-0.00069232663,-0.00031649118
7.6974516,21.963,-0.0016914272,-0.0011367307,-0.0009523733,-0.0009746061,-0.00060628087,-0.0002766722
7.128691,21.230106,-0.0015306983,-0.0012570543,-0.001139199,-0.001154541,-0.00065557106,-0.00023797232
7.16536,21.680511,-0.0015807534,-0.0010800121,-0.0009493411,-0.0009816571,-0.00057478267,-0.00020603233
6.6332684,21.398024,-0.0014719381,-0.0010559115,-0.0009724788,-0.0010074844,-0.00053823955,-0.00012615639
7.3534107,20.755203,-0.0014330199,-0.0015353927,-0.0014152247,-0.0014042547,-0.00079873303,-0.0003296419
6.8579874,20.92312,-0.00143745,-0.0013179798,-0.0012251091,-0.0012362022,-0.00066568167,-0.00020672947
7.082707,20.44822,-0.0012951622,-0.0015991564,-0.0015047479,-0.0014892678,-0.00080653146,-0.000294159
10.724601,23.051859,-0.0019167755,-0.0014490847,-0.0011192431,-0.00093557674,-0.0004575482,-0.00024815375
10.26793,22.95892,-0.0019334411,-0.0015085444,-0.0011665903,-0.0009980482,-0.00051542575,-0.0002928732
9.811259,22.86598,-0.001934959,-0.0015173159,-0.0011690093,-0.001029011,-0.000564971,-0.00032973033
10.721065,22.642082,-0.0019005762,-0.0015973258,-0.0013067572,-0.0011133499,-0.00056073145,-0.0003126915
10.264394,22.549143,-0.0019187336,-0.0016645102,-0.0013614661,-0.0011848598,-0.00062966807,-0.00036557298
10.717527,22.232304,-0.0018475244,-0.0017369137,-0.0014887016,-0.001290732,-0.0006745291,-0.00038552744
11.177197,22.942392,-0.001883533,-0.0014283836,-0.0011256771,-0.00093354314,-0.00044500356,-0.00023126823
11.17366,22.532616,-0.0018489504,-0.0015550365,-0.0012934547,-0.0010913021,-0.00053386315,-0.00028548032
11.629794,22.832926,-0.0018317425,-0.0013804624,-0.0010947902,-0.0009035854,-0.0004277132,-0.00021284443
8.1709,21.17944,-0.0016244423,-0.0016163883,-0.001432867,-0.0014002514,-0.0008613544,-0.00045384985
8.717687,21.29669,-0.0016848429,-0.0017653069,-0.0015562377,-0.0014906947,-0.0009263428,-0.00053195434
9.264472,21.41394,-0.0017253485,-0.0019002418,-0.0016789616,-0.0015725949,-0.00096407015,-0.00057847437
8.207569,21.629845,-0.0017306634,-0.0014508872,-0.0012423883,-0.0012212584,-0.0007601562,-0.00040244253
8.754355,21.747095,-0.0017968187,-0.0016165201,-0.0013748946,-0.0013139573,-0.00081401283,-0.00046802216
8.244238,22.08025,-0.0017870173,-0.0012971659,-0.0010634344,-0.0010543632,-0.0006646703,-0.00035216505
9.326908,22.593193,-0.0019169479,-0.0015187077,-0.0011939621,-0.0010926928,-0.00064106134,-0.00037736684
8.785573,22.336721,-0.0018669949,-0.0014229799,-0.0011383424,-0.0010872404,-0.00067180046,-0.00038421495
9.295691,22.003567,-0.0018637299,-0.0017139168,-0.0014409625,-0.0013340487,-0.000799336,-0.00047632176
10.233175,21.959517,-0.001831481,-0.0018681631,-0.0016237468,-0.0014461474,-0.0008082405,-0.0004816194
9.780042,22.276354,-0.0019042189,-0.0017299977,-0.0014362817,-0.0012892917,-0.00073282915,-0.00043696887
9.748824,21.68673,-0.0017911114,-0.0019203481,-0.0016834829,-0.0015387497,-0.0009087854,-0.00055022625
7.249479,19.06142,-0.0004304443,-0.0020889123,-0.0021264867,-0.0020136316,-0.0010484507,-0.00038928658
7.103654,19.421358,-0.0006803616,-0.0020096032,-0.001992334,-0.0019101646,-0.0009842406,-0.00035180955
6.9578285,19.781296,-0.0009204498,-0.0018588509,-0.0018058002,-0.0017536714,-0.0008988333,-0.00030322582
6.859963,19.055634,-0.00038235908,-0.0019996383,-0.0020297444,-0.001907312,-0.00092707545,-0.0002701345
6.7141376,19.415571,-0.0006459773,-0.0019179048,-0.0019011657,-0.001815302,-0.00087330106,-0.00024093682
6.4704466,19.049845,-0.00033281356,-0.0019060712,-0.0019267163,-0.0017936799,-0.00080502825,-0.00015375525
4.8249273,17.681028,0.0010320533,-0.00030202823,-0.0002681592,-0.00028631478,8.281464e-05,0.000532494
4.6949196,17.357279,0.0012249904,0.00010163158,0.00011246771,5.6867e-06,0.00021299308,0.0006092281
4.5649123,17.033531,0.0013744719,0.0004174165,0.0004040262,0.0002365083,0.00030535262,0.00065400783
5.1230435,17.416382,0.0011419401,-0.00010215837,-0.00011258537,-0.00017955928,0.00010978884,0.0005463046
4.9930363,17.092634,0.0013081956,0.00026043577,0.0002329728,9.113616e-05,0.00023451704,0.0006225328
5.42116,17.151737,0.001229877,6.8781796e-05,2.0428837e-05,-8.468872e-05,0.00013740628,0.0005624461
5.4399977,17.863758,0.0008153407,-0.00076382834,-0.00077562884,-0.0006994923,-0.00015166336,0.0003699326
5.1324625,17.772392,0.0009287352,-0.00052941067,-0.00051505765,-0.0004856165,-2.7554333e-05,0.00045889086
5.430579,17.507748,0.0010461471,-0.00032269413,-0.0003509918,-0.00037164264,2.3072958e-07,0.00047071022
4.396357,16.618671,0.0015170324,0.0006932189,0.00065682904,0.0004489314,0.00036212915,0.0006530098
4.168983,16.309252,0.0016062383,0.0008291704,0.000784826,0.0005664992,0.0003668985,0.00060496514
4.6559258,16.262915,0.0015820379,0.00081069296,0.000753451,0.0005312721,0.0003635797,0.0006325373
4.824481,16.677774,0.0014664204,0.00059740135,0.0005510501,0.00035218615,0.00033170075,0.0006621656
5.0840497,16.322018,0.0015350726,0.0007357878,0.00066714804,0.00044942182,0.0003482961,0.0006574849
5.252605,16.736877,0.0014078283,0.00046673793,0.00040588898,0.00022565787,0.0002782983,0.00064688345
5.8742375,18.099983,0.0005581541,-0.001209055,-0.0012607909,-0.0011102862,-0.0003876222,0.00019321818
5.8648186,17.743973,0.0008207387,-0.00078799564,-0.0008485211,-0.0007735217,-0.00023054653,0.00030086798
5.8553996,17.38796,0.0010421817,-0.00035381038,-0.00042413123,-0.00043997198,-6.4260545e-05,0.0004167761
6.299058,17.980196,0.0005636226,-0.0012390149,-0.0013398157,-0.0011931681,-0.00048372537,0.000103572784
6.289639,17.624186,0.00081266445,-0.00082028634,-0.000926662,-0.00084890827,-0.00031210523,0.00022428506
6.723879,17.860409,0.0005538389,-0.0012708647,-0.0014173365,-0.0012725405,-0.0005801235,8.065403e-06
6.084742,18.374746,0.0002953586,-0.0015405936,-0.0016017185,-0.0014196811,-0.0005571354,6.391901e-05
6.5095625,18.25496,0.00031029337,-0.0015811108,-0.0016887017,-0.0015125191,-0.0006662944,-3.8237395e-05
6.2952466,18.649508,2.757591e-05,-0.0017727618,-0.0018290334,-0.0016530693,-0.00069911295,-5.267793e-05
7.074279,18.661083,-0.00010762102,-0.0019816917,-0.00207974,-0.0019269462,-0.00096498517,-0.0002990232
6.6847625,18.655296,-4.0012183e-05,-0.0018805229,-0.001959762,-0.0017946975,-0.00083191687,-0.00017371541
6.899079,18.260746,0.000225676,-0.0017088666,-0.0018478041,-0.0016745791,-0.0008073502,-0.00016624409
20.123108,22.391678,-0.0012384496,-0.0016423332,-0.0021526495,-0.0023985524,-0.0022001886,-0.0019365735
20.364737,22.68292,-0.0012415068,-0.0015933698,-0.0020795227,-0.0023279507,-0.0021364058,-0.001876422
19.956373,22.686754,-0.0012421289,-0.0016646958,-0.0021354286,-0.002374333,-0.0021945233,-0.0019298696
19.414394,22.229128,-0.0012331307,-0.0018205872,-0.0022854952,-0.0025085406,-0.0023135094,-0.0020337058
19.706211,22.184952,-0.0012314499,-0.0017565252,-0.0022537466,-0.0024881233,-0.0022885324,-0.0020152184
19.998026,22.140778,-0.0012296279,-0.0016876698,-0.0022131435,-0.0024568553,-0.0022491089,-0.0019819618
19.539474,22.480028,-0.0012412567,-0.0017599545,-0.0022202497,-0.0024462843,-0.0022624144,-0.0019889323
19.831291,22.435854,-0.0012395644,-0.0017029329,-0.0021903983,-0.0024274264,-0.0022380908,-0.001969739
19.664557,22.73093,-0.0012440054,-0.0017131701,-0.0021621499,-0.0023909302,-0.0022175384,-0.0019491601
19.187973,22.459057,-0.0012425778,-0.0018352084,-0.0022630226,-0.0024741802,-0.0022889092,-0.0020070754
19.313055,22.709957,-0.0012474988,-0.0017767804,-0.0022007641,-0.0024154838,-0.0022418813,-0.00196691
19.438135,22.96086,-0.0012480764,-0.0017316255,-0.0021450592,-0.0023630743,-0.002200744,-0.0019316059
18.961552,22.688986,-0.0012523537,-0.0018426089,-0.0022353686,-0.0024336944,-0.002255088,-0.0019715882
19.086634,22.939886,-0.001255421,-0.0017860152,-0.0021755928,-0.0023783208,-0.0022121668,-0.0019361927
18.735132,22.918915,-0.0012644511,-0.0018434934,-0.0022035623,-0.002388675,-0.0022140292,-0.0019291592
18.835407,23.308905,-0.0012704541,-0.0017739153,-0.0021205032,-0.0023093366,-0.002153378,-0.0018791852
19.186909,23.329878,-0.001256999,-0.0017335198,-0.002099929,-0.0023046397,-0.0021564828,-0.0018891467
18.935682,23.698896,-0.0012728781,-0.0017263293,-0.0020486477,-0.002240497,-0.0021040398,-0.0018400545
13.789762,23.393055,-0.0016259617,-0.0013627954,-0.0010121742,-0.0009378889,-0.0006892527,-0.00046414978
13.981165,23.891281,-0.0016276655,-0.0014755034,-0.0011541138,-0.0010984456,-0.0008562946,-0.0006065369
14.172568,24.389507,-0.0016065497,-0.0015629015,-0.0013127804,-0.0012635763,-0.0010055501,-0.0007314404
13.453402,23.802805,-0.0016733242,-0.0013433538,-0.0009993262,-0.00091923506,-0.00066577824,-0.00044212682
13.644805,24.301031,-0.0016460819,-0.0014310388,-0.0011235414,-0.001059069,-0.0008092886,-0.00056441815
13.117042,24.212553,-0.0016893792,-0.0013066223,-0.0009735011,-0.00088864344,-0.0006342183,-0.0004171694
12.885457,23.716198,-0.0017269993,-0.0012456434,-0.0008978353,-0.00078838103,-0.00050883775,-0.00030749757
12.653872,23.219843,-0.0017401981,-0.0012284939,-0.0008937431,-0.00075333554,-0.00042261678,-0.00022651201
13.221817,23.306448,-0.0016806631,-0.0012627649,-0.00091320614,-0.00080503017,-0.00052299735,-0.00031694394
18.507769,23.97502,-0.0013048453,-0.0017266929,-0.0020077801,-0.0021802892,-0.0020433755,-0.0017788253
18.23605,24.418848,-0.0013373141,-0.0016923638,-0.0019287053,-0.0020898385,-0.0019637162,-0.0017075448
17.96433,24.862679,-0.0013700009,-0.0016520849,-0.001845128,-0.0019961728,-0.0018816426,-0.0016362326
17.979582,23.86115,-0.00133634,-0.0017764234,-0.0020356593,-0.0021802865,-0.0020126314,-0.0017316408
17.707863,24.304981,-0.0013717181,-0.0017217575,-0.0019428286,-0.002077397,-0.001915896,-0.0016431283
17.451395,23.747282,-0.0013675194,-0.0018436606,-0.0020630818,-0.0021735902,-0.0019695219,-0.001668013
18.30722,23.195038,-0.001290617,-0.0018574061,-0.0021670947,-0.0023274694,-0.0021482892,-0.001857698
18.407495,23.585028,-0.0012993087,-0.0017819443,-0.0020831742,-0.0022499238,-0.0020909852,-0.0018134022
17.879309,23.47116,-0.0013260655,-0.0018569818,-0.0021201232,-0.0022553839,-0.002065806,-0.0017695056
17.286055,24.888224,-0.0014161033,-0.0016422115,-0.0018090553,-0.0019303847,-0.0017757545,-0.0015163188
16.607777,24.913769,-0.0014576716,-0.0016443281,-0.0017757933,-0.001859118,-0.0016535273,-0.0013749833
17.029587,24.330526,-0.0014208626,-0.0017515259,-0.0019285579,-0.0020225516,-0.001815095,-0.0015220217
15.5589695,23.66821,-0.0014950103,-0.001838541,-0.0017129426,-0.0017162728,-0.001470325,-0.0011573622
16.189777,23.694567,-0.0014519119,-0.0019052568,-0.0019251904,-0.0019560638,-0.0017030389,-0.001377014
16.820587,23.720924,-0.0014096694,-0.001896157,-0.0020361613,-0.0021044943,-0.001866107,-0.0015459745
15.767969,24.27781,-0.001504368,-0.0017980847,-0.0018137532,-0.001823954,-0.0015505957,-0.0012289977
16.398777,24.304167,-0.0014633209,-0.0017882829,-0.0019028478,-0.001953473,-0.0017033217,-0.0013903322
15.976968,24.887411,-0.0014924321,-0.0016617008,-0.0017467671,-0.0017874225,-0.0015322809,-0.0012338414
14.762304,24.481226,-0.0015669649,-0.0016773529,-0.0015342231,-0.0015008831,-0.0012247489,-0.00092268985
15.160637,24.074717,-0.0015412662,-0.0017635488,-0.0016248774,-0.0016078703,-0.0013458858,-0.0010363731
15.369637,24.684319,-0.0015280094,-0.0017052958,-0.0017020077,-0.0016970487,-0.0014108674,-0.0010973499
14.570901,23.983,-0.0015820788,-0.0016370129,-0.0013814184,-0.0013466259,-0.0011005545,-0.00081888994
14.379498,23.484772,-0.0015762796,-0.0015220371,-0.0011970378,-0.0011551885,-0.0009244724,-0.0006715747
14.9692335,23.57649,-0.0015333156,-0.0016998963,-0.0014474988,-0.0014308111,-0.0011994712,-0.0009145843
13.304937,21.960676,-0.0014301953,-0.001129756,-0.00084711344,-0.0006831554,-0.00034900004,-0.0001681903
13.466545,22.438135,-0.0015282283,-0.0011898165,-0.0008613401,-0.0007289062,-0.00042814214,-0.00023800618
13.628153,22.915594,-0.0015933702,-0.0012672906,-0.0009163447,-0.00081549457,-0.0005452879,-0.0003399907
12.898601,22.35153,-0.0015869312,-0.0012145102,-0.0009258471,-0.0007586537,-0.00038361293,-0.00018394119
13.060208,22.828989,-0.0016511779,-0.001224154,-0.00089365704,-0.0007560938,-0.00043246587,-0.00023390824
12.492264,22.742384,-0.0017139434,-0.0012579999,-0.00095893245,-0.00079064746,-0.00039682657,-0.00019292027
11.941668,21.768936,-0.0015763058,-0.0014901562,-0.0013219728,-0.0011115861,-0.0005453919,-0.00027645045
12.3960905,21.83285,-0.0015264433,-0.0013263767,-0.0011291783,-0.0009263993,-0.0004381216,-0.00020486455
12.850514,21.896763,-0.0014767783,-0.0012013635,-0.0009626426,-0.00077515584,-0.0003672386,-0.00016479712
11.989755,22.223703,-0.0016905575,-0.0014154658,-0.0011890035,-0.00098765,-0.0004710799,-0.00023036414
12.444178,22.287617,-0.0016386447,-0.0012938433,-0.0010399761,-0.0008523031,-0.00040733535,-0.00019007975
12.037841,22.67847,-0.0017652828,-0.0013346401,-0.0010582873,-0.0008715833,-0.0004160002,-0.00020071011
11.533621,21.923393,-0.0016809823,-0.0016113763,-0.0014263353,-0.0012162142,-0.0006103383,-0.00032541805
11.581707,22.378159,-0.0017774783,-0.0014983554,-0.0012600438,-0.0010561631,-0.0005091277,-0.00026107364
11.125574,22.077848,-0.0017730241,-0.0016972848,-0.0014842191,-0.0012774272,-0.0006538504,-0.00036269004
7.8821936,20.664333,-0.0014286007,-0.0017379568,-0.0015951145,-0.0015610881,-0.0009307235,-0.00045817287
8.140273,20.266478,-0.0012468862,-0.0019797499,-0.0018588721,-0.0018044312,-0.0010869928,-0.00056562165
8.398352,19.868624,-0.0010278025,-0.0021831635,-0.0021061788,-0.0020364646,-0.001245083,-0.00067539245
8.42898,20.781584,-0.0014935996,-0.0018631935,-0.0016961703,-0.001640162,-0.0010130039,-0.0005587283
8.687058,20.38373,-0.0013090597,-0.0020855328,-0.0019516242,-0.0018791037,-0.001172358,-0.00066879205
8.975765,20.898836,-0.0015429158,-0.0019885218,-0.0018094769,-0.0017237716,-0.0010768533,-0.00063508184
7.6324368,19.330488,-0.0006562925,-0.0021481665,-0.0021462168,-0.0020602774,-0.0011452239,-0.0005071474
8.015394,19.599556,-0.00085466175,-0.0021734857,-0.0021317787,-0.0020597673,-0.0012086573,-0.0006025434
7.4866114,19.690426,-0.0008885646,-0.002023634,-0.0019712448,-0.0019082291,-0.0010527289,-0.00045110518
7.869569,19.959494,-0.0010701077,-0.0020246215,-0.0019375684,-0.0018813278,-0.0010967641,-0.00053268654
7.340786,20.050364,-0.0011043876,-0.0018488984,-0.0017653432,-0.0017242841,-0.00094754464,-0.0003883944
7.61149,20.35735,-0.0012788615,-0.0017910912,-0.001677383,-0.0016425848,-0.0009445129,-0.00042880874
10.766769,21.79121,-0.0017411103,-0.0018603525,-0.0016635909,-0.0014651131,-0.0007960828,-0.00046386605
10.282417,21.518423,-0.0017060742,-0.0019987696,-0.0018043702,-0.0016290259,-0.00094142416,-0.00056849985
9.798065,21.245636,-0.0016473493,-0.0020590867,-0.0018686675,-0.0017261255,-0.001045114,-0.0006385246
10.81601,21.350117,-0.0015903802,-0.001959157,-0.0018182888,-0.0016239171,-0.00091822987,-0.0005444189
10.331659,21.07733,-0.001536714,-0.0021088452,-0.001967985,-0.0017992615,-0.0010753117,-0.0006570731
10.8652525,20.909023,-0.0014041531,-0.0020303212,-0.0019522524,-0.0017642782,-0.0010360763,-0.0006240342
11.174816,21.636755,-0.0016445213,-0.0017908766,-0.0016329074,-0.0014260788,-0.0007604726,-0.0004314869
11.224057,21.195662,-0.0014775787,-0.001855315,-0.0017595639,-0.0015556801,-0.00086410483,-0.0005006478
11.582863,21.4823,-0.0015347591,-0.0016677261,-0.0015421009,-0.0013303497,-0.0006936751,-0.0003793598
9.907462,20.105938,-0.0011135865,-0.002329733,-0.0022849273,-0.0021622472,-0.0013925841,-0.000865965
9.693132,20.541939,-0.001348442,-0.0022348862,-0.0021165386,-0.0019946857,-0.0012597432,-0.00077531225
9.478802,20.97794,-0.0015597322,-0.0020866736,-0.0019110455,-0.0017932358,-0.0011127262,-0.00067699177
9.404426,20.026833,-0.0011011016,-0.0023227863,-0.0022557226,-0.0021569452,-0.001387305,-0.0008443251
9.190095,20.462833,-0.0013364401,-0.0021795633,-0.0020478396,-0.0019528236,-0.0012353582,-0.0007411266
8.901388,19.947727,-0.0010725136,-0.0022655334,-0.0021880844,-0.002106894,-0.0013320444,-0.0007761136
10.226726,20.373632,-0.0012224257,-0.00226233,-0.0022049637,-0.002059561,-0.0013001948,-0.0008085347
10.545989,20.641329,-0.0013195297,-0.002162357,-0.0020953035,-0.001927129,-0.0011793973,-0.0007258173
10.012396,20.809633,-0.001449986,-0.0021865892,-0.002055843,-0.0019103289,-0.0011801131,-0.00072769244
7.577063,18.83854,-0.0003106676,-0.0021411006,-0.0022268465,-0.0021031941,-0.0011476087,-0.00047948773
7.401863,18.438202,-3.284514e-06,-0.0019626583,-0.0021114345,-0.0019545332,-0.0010347471,-0.00037218697
7.2266626,18.037865,0.00031084818,-0.0016251393,-0.0018074267,-0.001640789,-0.0008420923,-0.00021705133
7.904647,18.61566,-0.0002093907,-0.002149877,-0.002289833,-0.0021591343,-0.0012326657,-0.0005645779
7.729447,18.215322,7.8597724e-05,-0.0019075584,-0.0021054465,-0.001947097,-0.0010855623,-0.00043701654
8.232231,18.392778,-0.00012835175,-0.002116859,-0.002312168,-0.0021755262,-0.0012955837,-0.00063898927
7.9600205,19.107607,-0.00053450087,-0.0022352824,-0.0022783612,-0.0021815293,-0.0012598896,-0.0006072393
8.287604,18.884727,-0.0004267593,-0.0022786828,-0.002376457,-0.002271645,-0.0013614845,-0.0007020579
8.3429785,19.376675,-0.00073086575,-0.0022829734,-0.0022830411,-0.0022011406,-0.0013321352,-0.0007070797
5.192575,15.510095,0.001681612,0.0009941203,0.0009166631,0.00068298646,0.0003679947,0.00056899444
4.949054,15.135093,0.0017698541,0.0010715463,0.0010050936,0.0007752184,0.00035175032,0.00047860807
5.4696555,15.11303,0.0017257856,0.0010762679,0.000997679,0.00076225563,0.00038448136,0.00054188626
6.033894,15.208308,0.0016553436,0.0010226724,0.000923376,0.0006876525,0.00041130395,0.0006287493
6.3210526,15.70065,0.001543536,0.00079712336,0.0006746168,0.00045921796,0.00035672562,0.0006736779
6.6082106,16.192993,0.001394691,0.00044050926,0.00029951136,0.00014219397,0.00021828503,0.0006098155
5.7568135,15.605372,0.0016159127,0.0009250538,0.0008283629,0.0005955626,0.00037918752,0.00063926977
6.043972,16.097715,0.001493095,0.00066162506,0.000549509,0.00034540647,0.00031006616,0.00066060585
5.479733,16.002438,0.0015685126,0.0008143279,0.00072662183,0.00050086895,0.00035596697,0.0006534633
5.8168435,16.832155,0.0013062062,0.00022457355,0.00013710397,2.2518038e-06,0.00016264766,0.0005778183
5.6482882,16.417295,0.0014584069,0.00057496113,0.00048531074,0.0002890877,0.00029229157,0.0006537718
6.2125273,16.512573,0.0013597651,0.000345684,0.00022775024,7.6212345e-05,0.00018854994,0.00059334555
6.2510834,17.068378,0.0011331635,-0.00016682441,-0.00027738124,-0.00032987696,-2.9764711e-05,0.00043209642
6.6467667,16.748798,0.0011961207,-1.846987e-05,-0.00015945226,-0.0002330435,9.558618e-06,0.00045301003
6.6853228,17.304604,0.0009145588,-0.00061564596,-0.0007591868,-0.0007180348,-0.00027606613,0.00023050063
7.194246,17.628197,0.0005870027,-0.0011995105,-0.0013904801,-0.0012558214,-0.0006293667,-6.298047e-05
7.1556897,17.072392,0.00091791217,-0.00056819967,-0.00074338587,-0.0007008713,-0.0002961641,0.00019003147
7.1171336,16.516586,0.0011841404,-8.55118e-06,-0.00017395883,-0.00023212201,-1.4406443e-07,0.00043172974
7.6646123,17.395987,0.00058846944,-0.0011326704,-0.0013543491,-0.0012203336,-0.0006558965,-0.00012244802
7.626056,16.84018,0.00089378783,-0.0005372408,-0.0007301851,-0.0006737104,-0.00029923636,0.00015913814
8.134979,17.163774,0.00056057185,-0.001068938,-0.0013052844,-0.0011592644,-0.0006508961,-0.00016226822
8.167397,17.573442,0.00033881373,-0.0014836306,-0.0017437513,-0.0015776424,-0.0009271677,-0.00037048585
8.199814,17.98311,0.000109309614,-0.0018493476,-0.0020985422,-0.0019388826,-0.0011520605,-0.0005329054
7.6970296,17.805655,0.0003401727,-0.0015607834,-0.0017889834,-0.0016271279,-0.0009018372,-0.00030328232
6.183626,13.830945,0.0019157345,0.0013797913,0.0013370491,0.0010893097,0.00054533,0.00055266375
5.9651814,14.273456,0.001836447,0.0012606651,0.0011993744,0.00095913454,0.0004686112,0.00052694173
5.7468405,13.8249235,0.0019792304,0.0013668494,0.0013326764,0.0010845738,0.0005031337,0.0004965081
6.7942686,12.703251,0.0022030475,0.0018363056,0.0018575706,0.001559606,0.00088241906,0.0007693462
6.59817,13.045843,0.0020999438,0.001668082,0.0016685851,0.0013915,0.0007577953,0.00068129535
6.4454947,12.638225,0.0022986776,0.0018649506,0.0018919087,0.0015797503,0.0008757152,0.0007658705
20.39464,21.758308,-0.0011982031,-0.0016034141,-0.0021833451,-0.0024335084,-0.0021905776,-0.0019330807
20.499435,21.420015,-0.0011477161,-0.0015972946,-0.0021981904,-0.0024425564,-0.0021735434,-0.0019217611
20.749632,21.718403,-0.001185639,-0.0014898014,-0.0020781243,-0.0023268538,-0.0020647072,-0.0018202153
20.047138,21.844479,-0.0012096603,-0.0017031727,-0.0022550193,-0.0025002388,-0.0022748965,-0.0020072064
19.804434,21.592354,-0.001183862,-0.0018140962,-0.002357718,-0.0025970852,-0.002362603,-0.0020849742
19.56173,21.340229,-0.0011479047,-0.0019378082,-0.0024651946,-0.002699614,-0.0024518375,-0.0021612733
20.151936,21.506184,-0.0011696365,-0.0017119673,-0.0022915609,-0.0025365478,-0.0022869913,-0.0020208573
19.909231,21.254059,-0.0011311426,-0.0018403521,-0.0024086442,-0.0026482034,-0.002387692,-0.0021095462
20.256731,21.16789,-0.0011061564,-0.001726625,-0.0023230268,-0.0025623038,-0.0022848959,-0.0020220906
19.463505,21.932827,-0.0012158831,-0.001855571,-0.0023426136,-0.002570167,-0.0023601367,-0.0020770372
19.512617,21.636528,-0.001188498,-0.0018946273,-0.0024025412,-0.002634119,-0.0024068267,-0.0021201738
19.755322,21.888653,-0.0012135153,-0.0017825984,-0.0023044944,-0.0025419758,-0.0023260422,-0.002050602
19.143816,22.080881,-0.0012246139,-0.0019088907,-0.002349771,-0.0025631094,-0.002360542,-0.002070818
18.873238,21.932636,-0.0012120354,-0.0019974667,-0.0024074258,-0.0026116048,-0.002399946,-0.0020993527
18.602661,21.78439,-0.0011946893,-0.0020757047,-0.002448503,-0.0026451368,-0.0024249025,-0.0021141144
19.192928,21.784582,-0.0012014795,-0.0019524941,-0.002412387,-0.002631805,-0.0024144754,-0.0021204874
18.92235,21.636335,-0.0011823995,-0.0020437543,-0.002471264,-0.0026837692,-0.0024577575,-0.0021524325
19.24204,21.488283,-0.0011677754,-0.0019980243,-0.0024775844,-0.002702944,-0.0024679713,-0.0021692908
18.917395,22.31081,-0.001237811,-0.001916429,-0.002319987,-0.0025199805,-0.002325187,-0.0020333198
18.690975,22.54074,-0.0012511604,-0.0019176836,-0.0022863613,-0.0024720733,-0.0022818365,-0.0019879786
18.646818,22.162565,-0.0012292211,-0.0019981544,-0.002369619,-0.0025588481,-0.0023536836,-0.0020511323
17.78059,22.363798,-0.0012525406,-0.0020743648,-0.0023023689,-0.0024425578,-0.0022282868,-0.0019096623
18.098772,22.548838,-0.001262522,-0.0020114093,-0.0022996971,-0.002452585,-0.0022463377,-0.0019359107
18.416952,22.733875,-0.0012660837,-0.0019278888,-0.0022593804,-0.0024280695,-0.0022368198,-0.0019389181
17.670858,22.82496,-0.0012964554,-0.0020083426,-0.0022352173,-0.0023589057,-0.0021448107,-0.0018282945
17.98904,23.009998,-0.0012959478,-0.0019356126,-0.0022129472,-0.002354393,-0.0021554048,-0.0018507099
17.561127,23.286121,-0.0013345747,-0.001929112,-0.0021553552,-0.0022694324,-0.002058128,-0.0017470756
18.054615,22.170662,-0.0012309372,-0.0020814748,-0.0023566515,-0.0025166047,-0.0023030252,-0.0019868012
18.328638,21.977526,-0.0012121787,-0.0020821276,-0.0024056572,-0.0025846625,-0.0023692637,-0.0020556417
18.372795,22.355701,-0.0012443828,-0.002008288,-0.0023373032,-0.0025087872,-0.0023045382,-0.001998006
14.910574,22.155785,-0.0013116784,-0.0013348355,-0.0010036378,-0.0009750784,-0.0007992664,-0.00060335116
15.126705,22.659925,-0.0014042711,-0.0015613799,-0.001251755,-0.0012478089,-0.0010566302,-0.00081500394
15.342837,23.164066,-0.001464672,-0.0017450094,-0.0015020032,-0.0015067816,-0.0012935143,-0.0010107951
14.536969,22.568209,-0.0014356937,-0.0013618917,-0.0010154531,-0.0009656369,-0.00075275236,-0.0005414384
14.753101,23.07235,-0.0015004835,-0.0015479631,-0.0012254763,-0.0012000444,-0.0009854881,-0.0007359486
14.163365,22.98063,-0.0015437059,-0.0013714464,-0.0010195625,-0.00095534546,-0.00071944576,-0.00049792486
13.84015,22.025711,-0.0013797798,-0.0011197062,-0.00079700665,-0.00067062525,-0.00040751867,-0.00023742682
14.375361,22.090748,-0.0013399766,-0.0011905907,-0.0008500441,-0.0007703176,-0.00055947,-0.0003835178
14.001758,22.503172,-0.0014772296,-0.0012416553,-0.0008930386,-0.00079995865,-0.0005509027,-0.00035622317
16.527563,22.32239,-0.0012725506,-0.0019428703,-0.0018626904,-0.0019490676,-0.0017671847,-0.001473433
16.835506,22.797354,-0.0013288913,-0.0020240413,-0.0020742957,-0.0021540846,-0.0019336757,-0.0016126594
17.143452,23.272318,-0.0013581235,-0.0019659582,-0.0021278483,-0.0022154606,-0.0019873609,-0.0016659348
16.204699,22.770996,-0.001356083,-0.001921567,-0.0018097897,-0.0018632469,-0.0016597455,-0.0013579146
16.512642,23.24596,-0.0013944862,-0.001971225,-0.0020007992,-0.0020535446,-0.0018173013,-0.0014925094
15.881834,23.219603,-0.0014328026,-0.0018874912,-0.0017619095,-0.0017878638,-0.0015627549,-0.0012538395
17.362915,22.349995,-0.0012579527,-0.0020800347,-0.0022166516,-0.002337342,-0.0021250627,-0.0018055992
17.253183,22.811157,-0.0013121305,-0.0020349605,-0.0021823111,-0.002282556,-0.002060412,-0.0017377154
16.945238,22.336193,-0.0012644391,-0.0020367962,-0.0020670886,-0.0021705665,-0.0019705372,-0.001659498
15.44957,22.211319,-0.0012914386,-0.0015330298,-0.0012434466,-0.0012638908,-0.0011064044,-0.000880873
15.988566,22.266855,-0.0012794967,-0.001752956,-0.0015465392,-0.0016062396,-0.0014459791,-0.001185359
15.665702,22.71546,-0.0013777852,-0.0017563486,-0.001523302,-0.0015525987,-0.0013633848,-0.0010906918
14.277548,20.851582,-0.0009601422,-0.0007065128,-0.000457943,-0.0003271695,-0.00021824127,-0.00014089304
14.488557,21.286316,-0.0010913499,-0.000910862,-0.0006130443,-0.00051662716,-0.0003801468,-0.0002656608
14.699565,21.72105,-0.0012101126,-0.0011223516,-0.00079693587,-0.0007358988,-0.0005760539,-0.00042151648
13.953344,21.221281,-0.0011154306,-0.00087527925,-0.0006140514,-0.00046289212,-0.0002552164,-0.00013860589
14.164353,21.656013,-0.0012362365,-0.0010273725,-0.0007142258,-0.00059827144,-0.0003879326,-0.00024376351
13.629141,21.590979,-0.0012749142,-0.0010193081,-0.00074654253,-0.0005858832,-0.00030328016,-0.00015028029
13.714233,20.677702,-0.0009444049,-0.0006983591,-0.0005317083,-0.0003437124,-0.00014275605,-5.5464327e-05
13.39003,21.0474,-0.0011154854,-0.0009120174,-0.0007326408,-0.0005367623,-0.00023294812,-9.377342e-05
13.065826,21.417097,-0.0012904808,-0.0010897431,-0.0008927856,-0.0006959849,-0.00031618957,-0.00013456827
13.150919,20.50382,-0.0009354499,-0.0008192072,-0.0007649203,-0.00054216344,-0.00021536929,-8.259732e-05
12.826715,20.873518,-0.0011203205,-0.0010706685,-0.0009889384,-0.0007690125,-0.00034520822,-0.00015244013
12.5876045,20.329939,-0.0009286316,-0.0010597187,-0.0011181381,-0.0008842011,-0.00041948754,-0.00020861083
12.1569805,21.28927,-0.001377697,-0.0014275436,-0.001323657,-0.0011078632,-0.0005497504,-0.00027828198
12.3722925,20.809605,-0.0011558303,-0.0012867847,-0.0012592926,-0.0010357347,-0.0005112119,-0.0002576061
12.611403,21.353184,-0.0013332264,-0.0012353685,-0.0010914836,-0.0008805969,-0.00041084702,-0.00018785053
11.798175,21.002632,-0.0013172522,-0.0016072395,-0.0015602448,-0.0013453035,-0.000716487,-0.0003940268
11.43937,20.715996,-0.0012438302,-0.0018047013,-0.0017992203,-0.0015937333,-0.00090731366,-0.00052953843
12.013487,20.522966,-0.0010822191,-0.0014610052,-0.0015095954,-0.0012876344,-0.00069025403,-0.00038136105
8.744879,18.562078,-0.00029807288,-0.0022572698,-0.0024429443,-0.0023259448,-0.0014614163,-0.000811647
9.257526,18.73138,-0.0004297624,-0.0023347572,-0.0025130438,-0.0024044218,-0.0015698152,-0.0009379821
9.770174,18.90068,-0.00052480894,-0.0023416956,-0.0025246756,-0.002408616,-0.0016055817,-0.0010013087
8.800252,19.054028,-0.0005672439,-0.0023616261,-0.00244204,-0.0023490926,-0.001481122,-0.00084071164
9.312901,19.22333,-0.00067584595,-0.0024035985,-0.0024753641,-0.0023809548,-0.0015517635,-0.0009356876
8.855626,19.545977,-0.0008461485,-0.0023414702,-0.002326045,-0.002243596,-0.0014184695,-0.0008180185
9.861699,19.704185,-0.00091018394,-0.0023795534,-0.002398523,-0.0022850255,-0.0014961166,-0.00093244156
9.358663,19.62508,-0.0008874071,-0.002385187,-0.0023804626,-0.0022869206,-0.0014835448,-0.0008994723
9.815937,19.302433,-0.0007115584,-0.0023893218,-0.002485268,-0.002375224,-0.0015728767,-0.0009811006
10.334655,19.867094,-0.00096040446,-0.002298435,-0.002336504,-0.0021961422,-0.0014227262,-0.0008932727
10.288893,19.465342,-0.0007684932,-0.002308374,-0.0024235302,-0.002289229,-0.0015101347,-0.0009543446
10.24313,19.063591,-0.0005881754,-0.0022684832,-0.0024709967,-0.002334639,-0.001559181,-0.0009909368
10.761848,19.628252,-0.0008100198,-0.002139253,-0.0022861068,-0.002122177,-0.0013701816,-0.00086310296
10.716086,19.2265,-0.00063266855,-0.0020986393,-0.0023362855,-0.0021715078,-0.0014272364,-0.0009093266
11.189042,19.389408,-0.00066561083,-0.0018340311,-0.0021082389,-0.0019140241,-0.0012133651,-0.0007632857
11.65523,19.702919,-0.00075899175,-0.0015597059,-0.0018032637,-0.0015870016,-0.0009417694,-0.0005704642
12.121417,20.016428,-0.0008475283,-0.0012868101,-0.001456042,-0.0012251746,-0.00066047796,-0.00037320834
11.081112,19.895947,-0.0009054046,-0.0019917607,-0.002122707,-0.0019388065,-0.0012102227,-0.0007496455
11.547299,20.209457,-0.0009996945,-0.0017289076,-0.0018359268,-0.0016281157,-0.0009527705,-0.0005662866
10.973183,20.402485,-0.0011577533,-0.002048272,-0.002061863,-0.0018784561,-0.0011420798,-0.0006976755
10.653919,20.13479,-0.001063318,-0.0021903804,-0.0022167396,-0.0020540764,-0.0012961521,-0.00080691127
8.586211,17.325638,0.00033527892,-0.001363962,-0.001635324,-0.0014531424,-0.00088046154,-0.00038304811
9.037444,17.487503,0.00013925594,-0.0015908851,-0.0018954218,-0.0016954603,-0.0010791442,-0.0005797842
9.488676,17.649366,-1.4797985e-05,-0.0017349222,-0.0020710125,-0.0018605042,-0.0012226346,-0.0007315379
8.6186285,17.735306,0.00013438624,-0.0017360578,-0.0020221071,-0.0018502817,-0.0011479625,-0.00057825044
9.069861,17.897171,-3.636819e-05,-0.0019168078,-0.0022210882,-0.0020532282,-0.0013254187,-0.0007533947
8.651046,18.144974,-7.169229e-05,-0.002042264,-0.0022972873,-0.002151197,-0.001341855,-0.000716229
9.582509,18.066471,-0.00017691952,-0.002017314,-0.0023420276,-0.0021738838,-0.0014457107,-0.00088785845
9.676341,18.483576,-0.00034507422,-0.0022222556,-0.0024885242,-0.002354096,-0.0015710413,-0.00097488717
9.163693,18.314276,-0.00023020655,-0.0021751719,-0.0024329575,-0.0022990813,-0.001495182,-0.00087757234
9.186021,16.580498,0.00044787664,-0.0008262203,-0.0010176187,-0.0007855349,-0.00041017204,-8.6323795e-05
9.286906,16.936789,0.00028262942,-0.0011419327,-0.0013908865,-0.0011423845,-0.00068582495,-0.00032044464
9.387791,17.293077,0.00012949103,-0.0014501095,-0.0017542104,-0.0015149178,-0.00096832495,-0.00054320344
8.835673,16.774923,0.0004943718,-0.00092035776,-0.0011395102,-0.00094744115,-0.0005266286,-0.00013729816
8.936559,17.131212,0.00031233852,-0.0012630086,-0.0015302846,-0.0013218429,-0.0008069115,-0.00036900525
8.485327,16.969349,0.0005334806,-0.0009981957,-0.0012318663,-0.0010681587,-0.0006044832,-0.00016114957
7.342586,11.754269,0.002604424,0.0024736845,0.0025311334,0.0021425742,0.0013030262,0.0010813818
7.1664767,12.057464,0.0024542722,0.0022409083,0.0022938182,0.0019396868,0.0011595645,0.0009736604
7.0391493,11.701379,0.0027053945,0.0025237522,0.0025796602,0.002170619,0.0013184681,0.0011166391
6.2571564,14.695539,0.0017180056,0.001151192,0.0010618201,0.0008240401,0.00046331066,0.00061121123
6.475601,14.253029,0.0017763247,0.0012628004,0.0011878185,0.00094805355,0.00052815623,0.0006180553
6.6940465,13.810518,0.0018471732,0.0013887193,0.0013339717,0.001089448,0.0006153683,0.0006482486
6.767576,14.675113,0.0016639064,0.0011174324,0.0010087197,0.00077852816,0.0005044874,0.0006918678
6.9860215,14.232602,0.0017152763,0.0012418766,0.0011487394,0.0009173307,0.0005887274,0.00071749586
7.2779965,14.654686,0.0016063087,0.0010521341,0.00092234655,0.00071484345,0.00053409854,0.00075766654
7.0547347,15.167455,0.0015506765,0.00087950536,0.0007369575,0.0005361723,0.0004265732,0.00071436446
6.8314724,15.680223,0.0014850037,0.000682718,0.0005361938,0.00035036082,0.00032564206,0.00067048403
6.5443144,15.187881,0.0016065784,0.0009679634,0.0008477988,0.0006217832,0.00042643206,0.00068177836
7.624157,15.018318,0.0014948952,0.0008073644,0.0006512932,0.0004932765,0.00044642776,0.0007385892
7.9703174,15.38195,0.0013406062,0.00048788017,0.00032344763,0.00024144619,0.00031161492,0.0006435422
8.316478,15.745583,0.0011192007,0.00010854691,-4.9621165e-05,-3.746444e-05,0.0001365003,0.00048201316
7.400895,15.531087,0.0014264008,0.0005932066,0.00042862957,0.00028554385,0.00031320757,0.0006608929
7.7470555,15.894719,0.0012451818,0.00022435826,5.0815524e-05,-8.218586e-06,0.00014370341,0.00052424613
7.177633,16.043856,0.0013346713,0.00034015006,0.00017512172,5.9131562e-05,0.0001760959,0.00057000585
8.255979,16.218313,0.0009552853,-0.00023785717,-0.00041257028,-0.00035417278,-8.575684e-05,0.00029611963
8.195478,16.691044,0.00076839037,-0.0006315747,-0.00083326607,-0.0007271071,-0.00035152156,7.301229e-05
7.686556,16.367449,0.0010873456,-0.00012527329,-0.0003055163,-0.00031125837,-5.634457e-05,0.00035993714
8.8961735,16.302193,0.0006684789,-0.00052959163,-0.00069278915,-0.00052409037,-0.00020876032,0.00012286752
8.545826,16.496618,0.000723818,-0.0005853875,-0.0007738262,-0.00064094266,-0.00029405314,8.90488e-05
8.606325,16.023888,0.0009006738,-0.0002119959,-0.0003660808,-0.0002734702,-2.5363028e-05,0.00031597083
8.024884,12.34181,0.0021289662,0.00201439,0.0020375743,0.0017672279,0.001195982,0.0010508442
7.680045,12.348094,0.0021937068,0.0020304164,0.0020621184,0.0017683911,0.0011294589,0.00097374007
7.335206,12.354377,0.0022596994,0.0020369035,0.002074543,0.0017631268,0.0010697455,0.00091183797
7.8561544,12.044898,0.0023181855,0.002226954,0.0022721153,0.0019541648,0.0012563954,0.001054428
7.511316,12.051181,0.0023858347,0.002238076,0.002288876,0.0019505381,0.0012010388,0.0010022898
7.687425,11.747986,0.002535117,0.002465921,0.0025209626,0.0021500154,0.0013367404,0.0010964127
7.232502,12.706394,0.0021183018,0.0018347292,0.0018494907,0.0015663755,0.00094398065,0.0008335318
7.4746366,13.052129,0.0019427729,0.0016589711,0.0016384842,0.0013886404,0.00089667935,0.0008533859
7.716771,13.397863,0.001798274,0.0014924915,0.0014326186,0.0012120929,0.00085551874,0.00089338917
7.036403,13.0489855,0.0020211218,0.0016700855,0.0016623574,0.0013959055,0.000820023,0.0007537064
7.2785378,13.39472,0.0018686757,0.0015209729,0.0014779129,0.0012352624,0.00078327605,0.0007874865
6.8403044,13.391578,0.0019408173,0.0015310877,0.0015019381,0.0012471885,0.00071178237,0.0006878595
7.570513,13.816804,0.0017199628,0.0013363414,0.0012479436,0.0010326254,0.0007365646,0.00083973975
7.424255,14.235745,0.001658309,0.0011928473,0.0010810809,0.00086921355,0.000630125,0.00079508586
7.13228,13.813662,0.0017830234,0.0013729951,0.0013025498,0.0010672781,0.0006779336,0.0007449383
7.9221797,12.693828,0.001994183,0.0018142967,0.0018113069,0.0015653042,0.001075737,0.0009929991
7.8194757,13.045845,0.0018854671,0.0016423893,0.0016104708,0.001380321,0.0009617905,0.0009404234
7.5773406,12.700111,0.0020556464,0.0018293953,0.001836339,0.0015687456,0.0010076738,0.00090789073
7.78782,10.959562,0.003130817,0.0032031732,0.0032057634,0.002706389,0.0016863398,0.0013753294
7.653258,11.2053175,0.0029450727,0.0029618673,0.0029939753,0.0025312493,0.00156915,0.0012841607
7.518134,10.938936,0.0032056186,0.0032425027,0.0032459183,0.002731111,0.001715178,0.0014337888
20.699463,20.730204,-0.00096100144,-0.001614059,-0.0021970095,-0.002401044,-0.0020728537,-0.0018442278
20.794693,20.378687,-0.0008212314,-0.0016346264,-0.0021676025,-0.0023282145,-0.00197025,-0.001763349
21.051132,20.63763,-0.0008940373,-0.0014501116,-0.001985238,-0.002147215,-0.0018039641,-0.00161618
20.531395,20.098097,-0.00072739035,-0.0018459749,-0.0023673621,-0.002520503,-0.0021358177,-0.0019058096
20.436165,20.449614,-0.00088197045,-0.0018047068,-0.002375115,-0.0025726524,-0.002225313,-0.0019775752
20.340933,20.801132,-0.0010079145,-0.0017644517,-0.0023592997,-0.002583753,-0.0022727703,-0.0020148817
20.172867,20.169024,-0.0007881928,-0.0020043775,-0.0025602675,-0.0027490226,-0.0023705873,-0.0020997734
20.077637,20.520542,-0.00093063456,-0.0019460716,-0.0025248264,-0.0027424304,-0.002408484,-0.0021309736
19.814339,20.239952,-0.0008378092,-0.002122836,-0.0026884312,-0.0028986756,-0.0025301776,-0.002230276
19.645933,20.973469,-0.0010749233,-0.001990272,-0.002540925,-0.0027757483,-0.0024962814,-0.002201518
19.730135,20.60671,-0.0009723321,-0.0020514969,-0.0026168309,-0.002844937,-0.0025255175,-0.0022271117
19.993433,20.8873,-0.0010467638,-0.0018874848,-0.0024691685,-0.0027024546,-0.0024086216,-0.0021297494
19.256113,21.096777,-0.001101665,-0.0020736686,-0.0025739574,-0.0028046973,-0.002540458,-0.0022329623
18.950495,20.853327,-0.0010425439,-0.0021760066,-0.002650163,-0.0028814906,-0.002599177,-0.0022763691
18.644876,20.609875,-0.00096970494,-0.0022166367,-0.0026641767,-0.0029010787,-0.002606965,-0.0022755575
19.340315,20.730019,-0.0010138468,-0.0021308828,-0.002659717,-0.0028925126,-0.0025915105,-0.0022775882
19.034697,20.486567,-0.00093923573,-0.002226884,-0.0027375792,-0.002971918,-0.002647501,-0.0023175096
19.424519,20.363258,-0.0008960641,-0.0021959106,-0.0027468815,-0.0029729798,-0.0026245948,-0.0023047465
18.936422,21.244831,-0.0011250488,-0.0021126946,-0.0025603767,-0.002782785,-0.0025326286,-0.0022189114
18.616734,21.392885,-0.0011427614,-0.0021356167,-0.0025244632,-0.0027346315,-0.0024966053,-0.0021789968
18.630804,21.001379,-0.0010693464,-0.0021822003,-0.0025963576,-0.0028211824,-0.0025594698,-0.00223491
18.228188,21.604391,-0.0011653397,-0.0021398307,-0.0024495383,-0.0026392494,-0.0024150852,-0.002095921
17.853716,21.424393,-0.0011264639,-0.0021301117,-0.0023615207,-0.00255021,-0.0023391235,-0.0020230776
17.479242,21.244394,-0.0010779398,-0.002025972,-0.0021651646,-0.0023566398,-0.0021817395,-0.0018839927
18.24226,21.212887,-0.0011002586,-0.0021654887,-0.0024926339,-0.0027022604,-0.0024670556,-0.0021450634
17.867786,21.032888,-0.0010477348,-0.0021042414,-0.0023552522,-0.0025696736,-0.0023592114,-0.0020467534
18.256332,20.82138,-0.0010136571,-0.0021692954,-0.0025257731,-0.0027557954,-0.0025043215,-0.0021800615
17.680141,21.990664,-0.0012101829,-0.0021118708,-0.0023049207,-0.0024556243,-0.0022448224,-0.0019265309
17.57969,21.617529,-0.0011526403,-0.0020986632,-0.0022599185,-0.00242846,-0.002230788,-0.0019195745
17.954165,21.797527,-0.0011870479,-0.0021288055,-0.0023798812,-0.0025507326,-0.0023347405,-0.0020158815
17.262465,21.97686,-0.0012070355,-0.0020689142,-0.0021574965,-0.0022928491,-0.0020983228,-0.0017885065
16.84479,21.963058,-0.0012049527,-0.001970222,-0.0019464554,-0.0020659484,-0.0018959742,-0.0016044169
17.162016,21.603725,-0.0011409926,-0.0019966154,-0.0020460405,-0.002201399,-0.002035499,-0.0017429237
16.346575,21.799881,-0.0011739576,-0.0017459211,-0.0015940109,-0.0016948032,-0.0015672011,-0.0013164153
15.807579,21.744347,-0.0011671591,-0.0014947016,-0.0012473821,-0.001304786,-0.0011944821,-0.0009848962
15.268583,21.688812,-0.0011688052,-0.0012644496,-0.0009629288,-0.00096358854,-0.0008451796,-0.0006717666
16.165588,21.277374,-0.0010456591,-0.001447519,-0.001266952,-0.0013738871,-0.0013149543,-0.0011161782
15.626593,21.22184,-0.0010277493,-0.0011762662,-0.0009237939,-0.0009689475,-0.0009238153,-0.00076987536
15.984601,20.754868,-0.0008917404,-0.0010895245,-0.00090596516,-0.0010125157,-0.0010393009,-0.00089524896
16.98103,21.081219,-0.0010194895,-0.0017744078,-0.0017831621,-0.0019671728,-0.0018624034,-0.0016068418
16.663801,21.44055,-0.0010955994,-0.0017564663,-0.0016753161,-0.001816411,-0.0017071944,-0.0014568932
16.482815,20.918043,-0.00095571094,-0.0014387183,-0.0013358316,-0.0014926662,-0.001461452,-0.0012605214
14.846566,20.819344,-0.00091824797,-0.0007351757,-0.00046570282,-0.00040632038,-0.0003824609,-0.00030369766
15.415584,20.787106,-0.000895907,-0.00086584815,-0.0006176904,-0.00064146094,-0.0006641689,-0.0005609973
15.057574,21.254078,-0.0010499324,-0.001000751,-0.0007069994,-0.00067839626,-0.0006021743,-0.000476631
15.024469,19.746323,-0.00053624494,-0.00020070082,3.1415166e-05,4.174131e-05,-0.00015890747,-0.00016247183
15.344513,20.082504,-0.00065800006,-0.00045846397,-0.0002303024,-0.0002649675,-0.00041995078,-0.00037737828
15.664557,20.418686,-0.00077715283,-0.00075795443,-0.00054826884,-0.00062220125,-0.0007165397,-0.0006245256
14.775496,20.114742,-0.0006769,-0.000351368,-0.00012432701,-5.982357e-05,-0.00016453367,-0.00015052992
15.095539,20.450924,-0.0007878686,-0.00058785564,-0.00034168988,-0.0003229416,-0.00039317852,-0.00033691866
14.526522,20.483162,-0.0008167816,-0.00052705535,-0.0002938009,-0.00018888194,-0.00018381674,-0.00014162595
13.908527,19.58279,-0.0005152507,-0.00012226684,-4.6094e-05,0.0001431765,0.00012283414,8.90035e-05
14.031534,20.00572,-0.00066998583,-0.00031745297,-0.0001836515,-1.196605e-05,1.077336e-05,1.5981615e-05
14.154541,20.428652,-0.00081830105,-0.0005115624,-0.00031852443,-0.00016603022,-9.969932e-05,-5.8090984e-05
13.46822,19.83184,-0.0006421929,-0.00039306027,-0.00039335137,-0.00016836768,-7.628977e-06,2.4633586e-05
13.591227,20.25477,-0.00079614646,-0.00054933294,-0.00046388656,-0.00025603466,-7.4286756e-05,-1.3045132e-05
13.027912,20.080889,-0.00077939493,-0.0007163771,-0.00076499255,-0.00052809843,-0.0002008186,-8.071524e-05
14.280508,19.6373,-0.000517089,-9.3296585e-05,6.0744704e-05,0.0001991586,9.0099755e-05,5.253166e-05
14.652489,19.69181,-0.0005238612,-0.0001199823,8.733505e-05,0.00016428989,-5.5871606e-06,-3.173691e-05
14.403515,20.060232,-0.0006705886,-0.00030720382,-0.00011487251,7.470548e-06,-4.597026e-05,-4.3340744e-05
12.7070875,19.711752,-0.0006590491,-0.00075027137,-0.0009333933,-0.00068523793,-0.00029560475,-0.00014828354
12.2409,19.398241,-0.0005722275,-0.0009567321,-0.0012760827,-0.0010282953,-0.0005363794,-0.00031360632
11.774713,19.08473,-0.00048687987,-0.0012155933,-0.0016265285,-0.0013862834,-0.0008166218,-0.00051102263
12.82657,19.093563,-0.00039718396,-0.00033491928,-0.00059609587,-0.00032974227,-6.719262e-05,-2.6367246e-05
12.360382,18.780054,-0.0003144422,-0.00049372105,-0.0008986867,-0.00061861094,-0.00026479107,-0.00016789204
12.946053,18.475376,-0.00014110381,0.00017276377,-6.581169e-05,0.0002313103,0.00028699488,0.00017588514
13.587702,19.213652,-0.00038836486,-1.0031759e-05,-3.9595187e-05,0.00018739169,0.00019855636,0.00014070504
13.147395,19.462702,-0.00052020844,-0.00035279137,-0.0004822579,-0.00023386723,-2.0618498e-05,1.3548792e-05
13.266877,18.844515,-0.00026143415,8.666366e-05,-5.5281937e-05,0.00020584291,0.00024869436,0.00016664165
10.029782,17.663786,-8.6239874e-05,-0.0016481592,-0.002022485,-0.0017675576,-0.0011764965,-0.0007546268
10.570888,17.678204,-0.00011039454,-0.0013952835,-0.0018137629,-0.001496227,-0.0009861711,-0.00066905835
11.111994,17.692623,-9.1105285e-05,-0.00095200306,-0.0014009753,-0.0010226765,-0.00063922675,-0.00046774678
10.123614,18.08089,-0.00021876341,-0.0019003792,-0.0022765803,-0.0020739003,-0.0013958943,-0.0008988448
10.664721,18.095308,-0.00022308117,-0.0016229767,-0.0020657883,-0.0018118515,-0.0012078162,-0.0008035851
10.217447,18.497995,-0.00036270337,-0.0020898762,-0.0024170526,-0.0022521724,-0.0015168259,-0.000973445
11.16336,18.823812,-0.0004377554,-0.0016423824,-0.002055178,-0.0018389442,-0.0011854148,-0.00076568825
10.690403,18.660904,-0.00040826373,-0.0019214608,-0.0022903858,-0.0021005813,-0.0013991446,-0.00090735394
11.137676,18.258217,-0.00024585015,-0.0013388238,-0.0018309641,-0.0015557506,-0.0010049514,-0.0006759182
11.749029,18.519135,-0.00027723558,-0.00090137013,-0.001402649,-0.0011200195,-0.00065104227,-0.00043414335
11.723347,17.95354,-9.890133e-05,-0.0005029941,-0.0009764462,-0.0006104036,-0.00031703527,-0.00025512892
12.3347,18.214458,-0.000109486165,-9.3741e-05,-0.0004918519,-0.00015672595,3.181547e-05,-1.0521471e-05
9.522037,16.620987,0.00032409639,-0.0008914817,-0.0010834932,-0.00079751306,-0.00042568118,-0.0001484037
9.858051,16.661474,0.00022338695,-0.0009016526,-0.0010929487,-0.000749445,-0.00039753778,-0.00017967373
10.194067,16.701963,0.0001503753,-0.0008434418,-0.001031508,-0.00062736135,-0.0003162585,-0.00017233044
9.622921,16.977276,0.00018089503,-0.0011821277,-0.0014429602,-0.0011527863,-0.0007039681,-0.0003795076
9.958937,17.017763,0.000103057326,-0.0011648121,-0.0014372577,-0.0011008905,-0.0006751631,-0.00040371853
9.723806,17.333565,4.9759805e-05,-0.0014632001,-0.0017868142,-0.00151809,-0.0009837652,-0.00059428316
10.500043,17.032183,4.4077336e-05,-0.0009457439,-0.0012190595,-0.0007945681,-0.00046230943,-0.0003207708
10.806018,17.362402,-3.082377e-05,-0.0009781299,-0.0013446533,-0.0009322267,-0.0005764752,-0.00042245584
10.264913,17.347984,-1.7977536e-05,-0.0013174486,-0.0016666651,-0.0013299627,-0.00085950404,-0.0005669163
9.383645,16.26239,0.0004966089,-0.0005944682,-0.0007310515,-0.00048122864,-0.00017795425,7.899946e-05
9.093798,15.984085,0.0007172305,-0.0003260353,-0.00044851715,-0.00027404504,-2.107054e-05,0.00025879234
8.803949,15.70578,0.0009483237,-3.438765e-05,-0.00016082912,-6.8121255e-05,0.00012531228,0.00042362922
9.581269,15.9442835,0.00054020114,-0.000365583,-0.00044269257,-0.00017695624,5.3401887e-05,0.0002408337
9.291422,15.6659775,0.0007604279,-0.00012785608,-0.00020665652,-2.5294363e-05,0.00016463036,0.00038720126
9.778893,15.626176,0.0005821602,-0.00013343817,-0.00014901906,0.00012928719,0.00028170054,0.00039258332
9.719661,16.30288,0.0003705577,-0.00063642795,-0.0007590263,-0.00044340332,-0.00015345008,4.109281e-05
9.917285,15.984771,0.000414272,-0.00037771804,-0.00042501837,-8.582217e-05,0.00011850447,0.00022756476
10.0556755,16.343367,0.00027075713,-0.0006147974,-0.00072021584,-0.00033570724,-8.0151614e-05,3.6655365e-05
7.807275,11.452921,0.0027170908,0.0027157825,0.0027627845,0.002351699,0.0014650287,0.001187448
7.941837,11.207166,0.0028830986,0.0029387644,0.0029662834,0.0025207114,0.0015739384,0.0012652908
8.076399,10.9614105,0.0030708332,0.0031732453,0.003168609,0.002686646,0.0016789131,0.0013412524
8.095854,11.454769,0.0026554149,0.0026903762,0.0027312774,0.002340649,0.0014906635,0.0012007141
8.230415,11.209014,0.0028225672,0.0029060869,0.0029254518,0.0025012319,0.0015889063,0.0012646689
8.384433,11.456618,0.0025952503,0.0026556423,0.0026876477,0.002321599,0.0015221796,0.0012288571
8.264584,11.751682,0.0024131194,0.0024187411,0.0024610753,0.002133405,0.001415679,0.0011698422
8.144733,12.046746,0.0022588,0.0022046652,0.0022425768,0.0019470172,0.0013060045,0.0011100674
7.976004,11.749834,0.0024734314,0.0024463055,0.0024961852,0.0021448613,0.0013734112,0.001126278
8.864427,12.107416,0.0020923456,0.0020812522,0.0021019964,0.0018897109,0.001401175,0.0012451877
8.584579,12.185548,0.0021009182,0.002062665,0.0020824962,0.0018479801,0.0013404407,0.0011899233
8.304731,12.2636795,0.002113494,0.002040924,0.0020620113,0.0018076987,0.0012707601,0.0011232218
8.704429,11.890484,0.0022415253,0.002257131,0.0022858887,0.002023695,0.0014404845,0.0012356992
8.424582,11.968615,0.0022483286,0.002233826,0.0022673171,0.0019869208,0.0013768577,0.0011759825
8.544431,11.673551,0.0024093392,0.002448626,0.0024821092,0.0021685516,0.0014789334,0.0012259502
8.129668,13.716016,0.0016610991,0.0013042006,0.0012064064,0.0010350966,0.00082728476,0.00094572536
8.542565,14.034167,0.0015277109,0.0010752444,0.0009648451,0.00086444704,0.0007644839,0.00092746346
8.955462,14.35232,0.0013531263,0.00081137364,0.0007272701,0.0007165565,0.000684245,0.00084698386
7.9834104,14.134956,0.0015995639,0.0011417497,0.0010192697,0.0008510775,0.0006964082,0.0008758921
8.396307,14.453109,0.0014656673,0.0008917293,0.0007607245,0.0006653661,0.000617917,0.0008379702
7.837152,14.553898,0.0015459664,0.0009805855,0.0008389172,0.00067596714,0.0005737619,0.0008096556
8.529472,15.281162,0.0012064703,0.0003564152,0.00021940941,0.00021765083,0.00031858438,0.0006122526
8.183312,14.91753,0.0014070559,0.00069612137,0.000545602,0.00045343916,0.00046130223,0.0007407722
8.742468,14.816741,0.0012821434,0.00058731576,0.0004748549,0.00046573824,0.00049941294,0.00073191395
9.504416,15.201557,0.0008512363,0.00017068905,0.00014758915,0.00032326646,0.00041909688,0.00056017726
9.016945,15.24136,0.0010388346,0.0002344355,0.00014504427,0.00022826142,0.000341268,0.00057594577
9.229939,14.776938,0.0011233888,0.0004940922,0.0004422154,0.0005193343,0.0005520801,0.00071212335
8.315416,12.562812,0.0019762923,0.001854917,0.0018523317,0.0016300092,0.0011861481,0.0010994702
8.605949,12.7838125,0.0018433433,0.0016980612,0.0016726037,0.0015025974,0.0011680092,0.0011357251
8.896482,13.004813,0.0017261069,0.0015434684,0.0015074206,0.0013943071,0.0011372685,0.0011396799
8.212712,12.914829,0.0018626056,0.0016725084,0.0016405053,0.0014356787,0.0010670319,0.0010448284
8.503245,13.13583,0.0017479329,0.0015260482,0.0014706197,0.0013131528,0.0010461583,0.0010755811
8.110008,13.266847,0.0017723229,0.0015114007,0.0014500108,0.0012556157,0.00095116894,0.0009903335
8.916142,13.453982,0.0015970592,0.0013059499,0.0012437697,0.0011651821,0.0009929499,0.0010578994
8.935802,13.9031515,0.0014786515,0.0010661717,0.0009883818,0.00094199984,0.0008419413,0.0009594192
8.522905,13.584999,0.0016302696,0.0013017895,0.0012136195,0.0010848437,0.00090835325,0.0010102758
8.875112,12.4065485,0.0019479406,0.001886117,0.0018915072,0.0017184458,0.0013174376,0.0012185111
8.8857975,12.705681,0.0018274598,0.0017086106,0.0016936519,0.0015533385,0.001229352,0.0011835737
8.595264,12.48468,0.001960394,0.0018710858,0.0018702998,0.0016712771,0.0012555337,0.0011654787
8.206643,10.699685,0.0032986868,0.0034322096,0.0033798362,0.0028573314,0.0017849226,0.0014206353
8.490905,10.685564,0.0032606637,0.0033961644,0.003326815,0.0028235163,0.0017758303,0.0013898311
8.7751665,10.671443,0.0032240509,0.0033420757,0.003253124,0.0027740502,0.0017679863,0.0013705044
8.360661,10.947289,0.0030280896,0.0031483367,0.0031306306,0.002667351,0.0016863556,0.0013291283
8.644922,10.933168,0.0029871068,0.003109185,0.0030753377,0.0026352068,0.0016961069,0.0013287334
8.514677,11.194893,0.0027779255,0.0028780845,0.0028848872,0.0024829474,0.0016135273,0.0012812443
8.444987,10.266732,0.00373056,0.0038551018,0.0036956803,0.0031092344,0.0019399462,0.0015388789
8.610077,10.469088,0.0034719224,0.003597095,0.003474741,0.0029396876,0.0018414832,0.0014348035
8.160726,10.280853,0.003760076,0.0038963598,0.0037573082,0.0031564918,0.0019844808,0.0016144958
8.325815,10.483209,0.0035053694,0.0036457863,0.0035435662,0.0029885613,0.0018659625,0.0014817114
8.0415535,10.49733,0.0035404058,0.0036756035,0.0035903188,0.003021057,0.0018948446,0.0015411659
7.90903,10.248586,0.00383854,0.003966856,0.0038328464,0.0032174767,0.0020546122,0.0017172137
21.109064,19.472397,-0.00035898882,-0.0014508285,-0.0017742035,-0.0016919889,-0.0013303402,-0.0012598538
21.352743,19.661722,-0.00042117745,-0.0012349811,-0.0015257468,-0.001423088,-0.0010988581,-0.0010656161
20.999495,19.749783,-0.0005095373,-0.0015838904,-0.001971458,-0.0019873036,-0.0016033428,-0.0014737683
20.89696,19.167805,-0.00022741419,-0.0015959158,-0.001943343,-0.0018345399,-0.0014390056,-0.001353698
20.78739,19.44519,-0.00038005263,-0.0017611776,-0.002149136,-0.002139698,-0.0017197423,-0.0015741114
20.677818,19.722576,-0.00053293473,-0.0018330951,-0.002277456,-0.0023505022,-0.0019351558,-0.0017448216
20.575285,19.140598,-0.00023958736,-0.0019153295,-0.0023262727,-0.0022843813,-0.001814867,-0.0016520562
20.465714,19.417984,-0.00039657028,-0.0020139518,-0.0024587614,-0.0025037222,-0.0020398723,-0.0018309862
20.253609,19.113392,-0.00024814613,-0.0021604656,-0.0026296147,-0.002638273,-0.0021123358,-0.0018861585
20.31929,19.793505,-0.0006029893,-0.002037314,-0.002542922,-0.002675715,-0.0022486483,-0.001999586
19.960762,19.864431,-0.0006644881,-0.002179053,-0.0027234855,-0.002894983,-0.0024687387,-0.0021779544
20.107185,19.488913,-0.0004635969,-0.0022103589,-0.0027148777,-0.002820899,-0.0023369936,-0.00206844
19.520432,19.916183,-0.00071031693,-0.0022883757,-0.0028488974,-0.0030484481,-0.0026273187,-0.0023034187
19.226524,19.592415,-0.00056179194,-0.0023865409,-0.0029473396,-0.0031306203,-0.0026528216,-0.0023134777
18.932617,19.268648,-0.00039394814,-0.0023927833,-0.002943154,-0.003099563,-0.0025783794,-0.0022398492
19.666855,19.540665,-0.0005184422,-0.0023508256,-0.002900941,-0.0030520312,-0.0025602567,-0.0022446963
19.372948,19.216896,-0.00035345607,-0.0024437278,-0.0030078376,-0.0031279007,-0.0025682445,-0.0022393255
19.813278,19.165144,-0.00030411297,-0.0023719743,-0.0029046754,-0.0029792464,-0.0024183001,-0.0021254765
19.130611,20.039492,-0.00077273377,-0.0023013689,-0.0028464475,-0.0030685,-0.0026761075,-0.002338585
18.740791,20.162798,-0.0008206342,-0.0022620482,-0.0027600098,-0.0029978869,-0.0026463699,-0.002307647
18.836704,19.715723,-0.0006278151,-0.0023253707,-0.0028581326,-0.0030722304,-0.0026436248,-0.0023007486
18.262981,20.343184,-0.00087227067,-0.0021519852,-0.0025501351,-0.0027984234,-0.0025171756,-0.0021916425
17.881084,20.076492,-0.0007587839,-0.001958751,-0.0022795766,-0.0025396934,-0.0023090926,-0.0020101448
17.49919,19.8098,-0.0006325887,-0.0016600508,-0.0018742289,-0.002138354,-0.0019916864,-0.0017373989
18.358894,19.896107,-0.0007033387,-0.002170768,-0.0026188893,-0.0028634241,-0.0025250542,-0.0021965085
17.977,19.629416,-0.00057159766,-0.0019563264,-0.0023149834,-0.0025621038,-0.0022780634,-0.001981596
18.45481,19.449032,-0.0004926677,-0.0022140313,-0.0026921586,-0.0029004451,-0.0024846692,-0.0021576376
17.874435,20.55469,-0.00092211156,-0.0020375887,-0.0023243509,-0.0025680454,-0.0023534521,-0.002046879
17.485891,20.766197,-0.00096218113,-0.0019159026,-0.002080851,-0.0023071507,-0.002151867,-0.0018679452
17.49254,20.287998,-0.00081539113,-0.0017823768,-0.001980037,-0.0022348142,-0.0020917766,-0.0018220575
16.987679,20.60302,-0.0008879679,-0.0015881243,-0.0016244825,-0.001842011,-0.0017800172,-0.0015477438
16.489464,20.439844,-0.0008109551,-0.0012049448,-0.0011285489,-0.0013140502,-0.0013445887,-0.0011729102
16.994328,20.124823,-0.00072939094,-0.001397321,-0.0014572969,-0.0017019276,-0.0016737735,-0.0014632458
15.416302,19.513018,-0.00044260127,-0.00020385128,2.999586e-05,-4.159504e-05,-0.0002825404,-0.0002721849
15.808134,19.279715,-0.00034608704,-0.00028332,-7.400471e-05,-0.0002162996,-0.00044002157,-0.00040562302
16.199966,19.046412,-0.0002416783,-0.00043693025,-0.0002829507,-0.0004657913,-0.0006198116,-0.0005563307
15.736346,19.8492,-0.0005764368,-0.000495596,-0.00029669554,-0.0004087835,-0.00059309514,-0.000533253
16.128178,19.615896,-0.00049381546,-0.0006038502,-0.00045429022,-0.00063311204,-0.00079807907,-0.000711825
16.05639,20.185383,-0.0007071534,-0.00082330185,-0.0006713729,-0.00081608444,-0.00092892343,-0.0008172367
16.633041,19.300875,-0.0003699146,-0.0008431116,-0.00078896526,-0.0010129368,-0.0010827698,-0.0009556113
17.066114,19.555338,-0.0005017839,-0.0012613658,-0.0013374129,-0.0015902357,-0.0015560162,-0.0013633356
16.561253,19.87036,-0.0006113358,-0.0009910575,-0.0009397534,-0.0011602083,-0.0012358844,-0.0010876419
14.918924,19.335028,-0.00037646966,2.616781e-05,0.00025751823,0.0002734503,1.5151441e-05,-2.4998724e-05
14.813379,18.923733,-0.00020503289,0.00026291938,0.0004848823,0.00050742476,0.00020233625,0.00012487167
14.707835,18.512438,-2.1981776e-05,0.0005321831,0.00073329156,0.0007608718,0.00040894456,0.0002914943
15.310757,19.101725,-0.00027045925,2.6370943e-05,0.00027057738,0.0002035169,-7.625681e-05,-9.994036e-05
15.205213,18.69043,-8.452755e-05,0.00027764504,0.0005111622,0.0004509067,0.00014717715,8.877653e-05
15.70259,18.86842,-0.00015783602,-4.989058e-05,0.00016937059,3.9857805e-05,-0.00019661098,-0.00019557339
14.546944,19.280518,-0.0003653837,0.00010096115,0.00029207295,0.0003787555,0.0001505894,8.535999e-05
14.174963,19.226006,-0.0003592754,0.000120346966,0.00024241107,0.00039418883,0.00022962326,0.00015004391
14.441399,18.869223,-0.00019688183,0.00033833404,0.0005095052,0.00060627214,0.00032237382,0.00021526331
13.854138,18.856869,-0.00022465187,0.0002903418,0.00032775206,0.00052797457,0.00037001795,0.00024780934
13.533313,18.48773,-9.269553e-05,0.00045498364,0.00040749545,0.0006559643,0.00049660675,0.00032528205
14.120574,18.500084,-5.2726806e-05,0.00057461683,0.0006830487,0.0008347415,0.00052303687,0.00035981362
12.909356,17.87444,8.605808e-05,0.00064719864,0.0004976601,0.0008429479,0.00066133396,0.00039752288
12.298003,17.613522,8.216876e-05,0.00038720554,0.00013282674,0.00054941553,0.0004815492,0.00024718468
11.68665,17.352604,5.5217206e-05,-4.2570413e-05,-0.0003375457,0.00013847393,0.00018870634,4.1588723e-05
12.87266,17.273502,0.00029910367,0.0011622043,0.0011996679,0.0015637851,0.0010832796,0.0006734542
12.261307,17.012585,0.00024817462,0.0008858661,0.0008694858,0.0013275265,0.0009758233,0.00056223245
12.835963,16.672567,0.00049816223,0.001659781,0.0018879352,0.0021849612,0.0014253245,0.0009342045
13.317776,16.831,0.0005687675,0.0017731308,0.0020309396,0.0022206216,0.0013933635,0.0009730634
13.799588,16.989433,0.0006096963,0.0017585645,0.0020252066,0.002097841,0.0013030681,0.0009699354
14.281402,17.147867,0.0006205606,0.0016309142,0.0018789095,0.0018460632,0.001173502,0.00092254014
13.354472,17.431936,0.0003294558,0.0012747769,0.0013755531,0.0016489148,0.0010877677,0.00072274014
13.836285,17.59037,0.00033575337,0.0012693924,0.0014200716,0.0015868735,0.0010115309,0.00071632
13.391169,18.032873,8.4433974e-05,0.00076475425,0.00072809117,0.0010073471,0.0007221317,0.0004667253
14.56569,18.05758,0.0001894998,0.00088143867,0.0010635086,0.0010932846,0.00066625734,0.00049872533
13.97843,18.045227,0.00014220232,0.00090851204,0.0010141844,0.0011806702,0.0007585496,0.00052999967
14.423546,17.602724,0.00040594,0.001259561,0.0014582286,0.0014710355,0.0009312915,0.00071531197
10.584086,16.443895,0.0001699652,-0.00044501168,-0.0005248252,-3.7429392e-05,0.00011779874,8.848041e-05
10.445695,16.0853,0.00026932426,-0.00026980383,-0.00026859503,0.0001858601,0.0003016276,0.0002594251
10.307303,15.726705,0.00039254254,-8.49424e-05,-3.362137e-05,0.0003657555,0.00044542926,0.00040596098
10.974106,16.18583,0.00021770949,6.535715e-05,0.00012314504,0.0006543569,0.00060455984,0.00038549895
10.835714,15.827233,0.00029839366,0.00018603247,0.00031243556,0.00080236903,0.0007271561,0.0005071496
11.364124,15.927762,0.00030531353,0.0006800589,0.0008769674,0.0013754263,0.0010720816,0.00067677017
10.890061,16.774117,9.550423e-05,-0.00044848974,-0.0006096831,-9.4652714e-05,4.716772e-05,-1.0877192e-05
11.280081,16.516048,0.00017440217,0.00015407223,0.00014747708,0.00069839566,0.00060416217,0.00033886952
11.196037,17.104336,4.845375e-05,-0.0003982535,-0.00065854844,-0.00015620475,-1.7113745e-05,-8.152252e-05
11.854737,16.176031,0.00035139985,0.001114171,0.0013220449,0.0017745418,0.0012833219,0.00079027837
12.34535,16.4243,0.00042890114,0.0014651599,0.0016804276,0.0020583845,0.0014073123,0.00088305323
11.770694,16.764317,0.00020318264,0.0005497393,0.00052954716,0.0010503692,0.00081543345,0.0004512319
10.431584,14.627108,0.0007379176,0.00069346896,0.0008608474,0.0011389089,0.00096154684,0.00077648397
10.214021,14.96013,0.0006746468,0.00039608162,0.00050834793,0.00079798215,0.0007496709,0.0006674976
9.996457,15.293153,0.00062464376,0.000121708814,0.00017174381,0.00045997615,0.0005197925,0.00053814595
9.939544,14.535512,0.0009366726,0.0006121878,0.0006855935,0.00087298674,0.0007981295,0.0007669334
9.72198,14.868534,0.000890752,0.0003836598,0.0004090485,0.0005923666,0.0006098885,0.000668775
9.447503,14.443916,0.0011600516,0.0006720945,0.0006581654,0.0007447352,0.00071244617,0.0007995652
10.742431,15.060659,0.0005208978,0.00061109156,0.00082188693,0.0011977415,0.0009962992,0.0007332005
11.053278,15.49421,0.00038009472,0.00061524624,0.0008413481,0.0012946554,0.0010447245,0.000707427
10.524867,15.393682,0.00044920295,0.00024962967,0.00038738627,0.00078662817,0.0007367496,0.00058452983
12.779094,15.344404,0.0009407453,0.0025282565,0.002854467,0.0028131942,0.0016238017,0.0011680183
12.79805,15.787126,0.0007880763,0.0022844304,0.0026276575,0.0027047077,0.0016323194,0.001148356
12.817006,16.229847,0.00064234826,0.0019937244,0.0023084106,0.002504097,0.0015735397,0.0010726991
12.307437,15.538857,0.00066560216,0.0020611123,0.002398674,0.0025793414,0.0016308909,0.0010852737
12.326394,15.981578,0.00054437347,0.0017829604,0.0020877672,0.0023737622,0.0015643216,0.0010173998
11.835781,15.73331,0.00045010037,0.0014055585,0.0017023945,0.0020751604,0.0014519253,0.0009252748
8.683771,11.446131,0.0025444285,0.0026202248,0.0026407163,0.002302257,0.0015577287,0.0012678285
8.814016,11.184406,0.0027295277,0.0028315478,0.0028236508,0.0024501223,0.0016354098,0.001305119
8.944261,10.922681,0.0029417702,0.0030474814,0.002995603,0.0025849456,0.0017013311,0.0013352023
8.98311,11.435644,0.0024970751,0.0025757484,0.0025850183,0.0022773074,0.001584569,0.0013044996
9.113355,11.173919,0.0026843695,0.0027738768,0.0027513616,0.0024088998,0.0016472235,0.0013275624
9.282449,11.425157,0.0024547388,0.002527133,0.0025276355,0.0022509699,0.001596098,0.0013281369
9.003767,11.879996,0.0021955178,0.0022233648,0.0022481864,0.0020187239,0.0014767112,0.0012810196
8.843769,11.663064,0.002360157,0.00241287,0.0024375133,0.0021543475,0.0015172715,0.0012737832
9.143108,11.652576,0.0023157904,0.002373101,0.0023918112,0.0021406112,0.0015424795,0.0013090534
9.171736,12.170293,0.002012104,0.0020028972,0.0020257493,0.0018591294,0.0014139027,0.0012721476
9.479045,12.23317,0.0019395094,0.0019383053,0.001975132,0.0018510537,0.0014139548,0.001268795
9.786354,12.296046,0.0018721555,0.0018983891,0.001960206,0.0018701367,0.0014039307,0.0012349315
9.182421,12.469425,0.0018749645,0.0018154995,0.0018277135,0.001701108,0.0013313618,0.0012374634
9.48973,12.532302,0.0018061781,0.001759135,0.0017922008,0.0017091613,0.0013359814,0.0012264929
9.193106,12.768558,0.001758946,0.0016418129,0.0016392176,0.0015465784,0.0012436147,0.0011928855
9.311076,11.942873,0.0021120957,0.0021400151,0.0021681017,0.0019832377,0.0014802857,0.0012995658
9.450417,11.715453,0.0022291227,0.0022829445,0.002305238,0.0020969033,0.0015344095,0.0013178239
9.618385,12.00575,0.0020378567,0.002074866,0.0021164373,0.001970333,0.0014693366,0.0012869139
9.354761,13.139658,0.0016094346,0.0014260464,0.001421915,0.0013855734,0.0011448007,0.0011220112
9.813039,13.274503,0.0014680693,0.0013505027,0.0014118591,0.0014467792,0.0011596455,0.0010625067
10.2713175,13.409348,0.0012997389,0.0013557702,0.001494823,0.0015867243,0.0012011838,0.0009935378
9.374421,13.588827,0.0014656252,0.0011792841,0.0011636529,0.0011665182,0.0010011435,0.001022348
9.8327,13.723672,0.0012933443,0.001096539,0.0011566754,0.0012401677,0.0010323295,0.00096503965
9.394081,14.037996,0.0013178983,0.0009224593,0.00090299407,0.00094443746,0.00085003657,0.00091091625
10.378162,14.221188,0.00091759104,0.00091965095,0.0010811429,0.0012951068,0.0010484939,0.00085306447
9.886122,14.129592,0.0011179249,0.0008593897,0.0009270477,0.0010603953,0.00091823906,0.00086887734
10.324739,13.815268,0.001107225,0.0011405573,0.0012913656,0.0014435797,0.001126748,0.0009239649
9.948009,12.667147,0.0016845942,0.0017010913,0.0017862845,0.0017583584,0.0013249359,0.0011568542
10.109663,13.038247,0.0014975674,0.0015223395,0.0016332112,0.0016647243,0.0012556486,0.0010727096
9.651384,12.903402,0.0016382942,0.001548953,0.0015918927,0.001569295,0.0012453132,0.0011506038
9.5763645,10.673987,0.003081388,0.0030611057,0.0029274798,0.0025395278,0.0016955995,0.001334103
9.478393,10.924377,0.002848235,0.0028890786,0.0028111043,0.0024603063,0.0016750908,0.0013394518
9.380421,11.1747675,0.0026392501,0.0027089785,0.0026766183,0.0023633929,0.0016417656,0.0013375821
9.3092985,10.67314,0.0031279542,0.0031648488,0.0030442541,0.002625967,0.0017311625,0.0013479815
9.211327,10.923529,0.002893629,0.0029711286,0.0029052491,0.0025249457,0.0016948367,0.0013406825
9.0422325,10.672291,0.0031756666,0.0032601792,0.0031549153,0.0027052797,0.0017535357,0.0013577285
8.588423,9.941155,0.0041068206,0.00416283,0.0039110654,0.0032782638,0.0020457534,0.0016294795
8.896948,9.817935,0.004224107,0.004171075,0.003864161,0.0032364621,0.0020055221,0.0015652628
8.753512,10.143511,0.0038300916,0.0038966255,0.0036852115,0.003101509,0.0019305806,0.0015023084
9.062037,10.02029,0.0039362153,0.0038939794,0.0036290872,0.003054965,0.0019010071,0.0014565134
8.918602,10.345867,0.0035606085,0.0036288647,0.0034568605,0.002928536,0.0018428402,0.0014166122
9.452734,10.347563,0.0034654068,0.0033928456,0.0031887903,0.0027249092,0.0017580342,0.0013477764
9.185668,10.346715,0.0035139844,0.0035198564,0.0033306829,0.0028335599,0.0018043251,0.0013795261
9.329103,10.021138,0.0038894601,0.0037513745,0.0034707927,0.0029299823,0.0018354349,0.0013931632
8.5303545,9.630516,0.004516302,0.004499795,0.0041726707,0.0034900194,0.002207859,0.0018054199
21.155928,18.874897,-6.6749635e-05,-0.0010626562,-0.0013565826,-0.0010992473,-0.00083874614,-0.00088180264
20.834253,18.847692,-7.117659e-05,-0.001511817,-0.0018793223,-0.0016982622,-0.0013104324,-0.0012553909
20.512577,18.820486,-7.3738156e-05,-0.0018760309,-0.0023105335,-0.0021949743,-0.001703218,-0.0015629821
21.093222,18.554785,7.2894036e-05,-0.0008402491,-0.0011638164,-0.00085608085,-0.00065763335,-0.00074232725
20.771547,18.527578,8.1241546e-05,-0.0013417907,-0.001750772,-0.0015047943,-0.0011443534,-0.0011251908
21.415045,18.74207,2.1352173e-06,-0.0004803329,-0.0007058123,-0.0003553372,-0.000264669,-0.00042481904
20.045763,18.710455,-3.3535063e-05,-0.0022204623,-0.002747723,-0.0026836405,-0.002077653,-0.0018503611
19.837915,18.307516,0.00018886036,-0.0021565154,-0.0027667612,-0.0026201636,-0.0019485516,-0.0017357778
19.63007,17.90458,0.00041232628,-0.0019644375,-0.0026391344,-0.0024151115,-0.0017191472,-0.0015381837
20.304731,18.417547,0.00013112635,-0.0018517566,-0.0023740535,-0.0021894895,-0.0016448896,-0.0015102968
20.096886,18.01461,0.00033803456,-0.0017143565,-0.0023214198,-0.0020758635,-0.0015015297,-0.0013848305
20.5637,18.124641,0.00026802105,-0.0012237453,-0.0017145963,-0.0014331418,-0.0010674214,-0.0010579701
19.605433,18.762205,-7.878595e-05,-0.0024139227,-0.002987538,-0.0029893199,-0.002342002,-0.0020520743
19.165102,18.813957,-0.00012239176,-0.0024378495,-0.0030168584,-0.0030673938,-0.0024357608,-0.0021183835
19.397585,18.359268,0.00015711016,-0.0023251276,-0.002953516,-0.0028664283,-0.0021566076,-0.0018896685
18.53969,18.823967,-0.00013828141,-0.0022298016,-0.002728102,-0.0028236837,-0.00229103,-0.0019869606
18.14676,18.379286,0.00013457864,-0.0018551418,-0.0022697235,-0.0022838132,-0.0018032131,-0.0015679884
17.753832,17.934607,0.00041116565,-0.0012911463,-0.0016224589,-0.001561348,-0.0011791744,-0.0010304642
18.772173,18.369278,0.00014588684,-0.0022236505,-0.0027946415,-0.002758576,-0.0021124894,-0.001836864
18.379244,17.924597,0.00042205138,-0.0017770906,-0.0022957125,-0.00217463,-0.0015972571,-0.0013951921
19.004656,17.914587,0.00042315526,-0.002046454,-0.0026977356,-0.0025247973,-0.0018160124,-0.0015936651
18.06188,19.00435,-0.0002452417,-0.0019509285,-0.0023235169,-0.0024886027,-0.002110365,-0.0018328903
17.58407,19.184736,-0.00033754163,-0.0016038914,-0.0018292404,-0.0020483283,-0.0018388638,-0.0016027507
17.668951,18.559671,1.96051e-05,-0.0015259137,-0.0017787953,-0.0018744061,-0.0015688381,-0.0013667464
17.150995,18.930273,-0.00019274003,-0.0011721952,-0.0012534313,-0.0014483855,-0.0013498946,-0.001181675
16.717922,18.67581,-5.080849e-05,-0.00070842606,-0.0006773577,-0.0008402448,-0.0008376618,-0.0007382627
17.235876,18.305208,0.00017104238,-0.0010213938,-0.0011607299,-0.0012285871,-0.0010350351,-0.00090528163
15.987827,17.462172,0.00063349574,0.00060405536,0.00063722127,0.00056457706,0.00045047133,0.0003967275
16.576496,17.61965,0.000572278,1.2744844e-05,-4.827982e-05,-6.1807696e-05,-1.970631e-05,-1.4055312e-05
17.165163,17.777128,0.00049735303,-0.000637723,-0.0008167616,-0.0007851892,-0.00058278855,-0.00050940376
16.05854,17.990252,0.00032311387,0.00018963809,0.00026630395,0.00016998762,7.263464e-05,5.5701195e-05
16.64721,18.14773,0.00025319,-0.00039505298,-0.00040617757,-0.0004852367,-0.00044357925,-0.00039110333
16.129253,18.518332,2.8021754e-05,-0.00016485792,-2.7219356e-05,-0.00016998679,-0.00029515178,-0.00027053934
15.631876,18.34034,0.00010804647,0.0002659182,0.0004474048,0.00033394474,0.000111546455,7.455438e-05
15.134499,18.16235,0.0001766786,0.00063502736,0.0008304948,0.0007633323,0.00043696444,0.00033835263
15.561163,17.81226,0.0003967032,0.00065362355,0.00078067963,0.0006758661,0.0004516005,0.00037643808
14.992354,17.707493,0.00040979713,0.0010210357,0.0012002683,0.0011210719,0.0007322139,0.00059215777
14.85021,17.252636,0.0006462259,0.0014080924,0.0016055555,0.0014874134,0.0010067549,0.0008356723
15.419019,17.357403,0.0006488785,0.0010581121,0.0011775384,0.0010559044,0.00077272457,0.00066469616
14.182165,16.650988,0.0008581161,0.0019874473,0.0022796069,0.0021491814,0.0013626204,0.0011093464
13.700353,16.492554,0.0008173332,0.002108807,0.0024346586,0.002403631,0.0014655237,0.0011299496
13.21854,16.334122,0.0007403731,0.002114418,0.00244483,0.0025346647,0.0015447502,0.0011153936
14.08293,16.154108,0.0010880632,0.0022823943,0.0025740704,0.0023291265,0.0014615626,0.0012302517
13.601117,15.995675,0.0010151572,0.0024019834,0.0027336897,0.0025831594,0.0015363846,0.0012219978
13.983694,15.657229,0.0013092308,0.002513318,0.00276159,0.0024072109,0.0014800268,0.0012787256
13.180627,15.44868,0.0010870566,0.0026253534,0.002940819,0.0027779504,0.0015773373,0.001214159
13.582161,15.552955,0.0012128248,0.0026122755,0.0029035138,0.0026286372,0.0015264311,0.0012524558
13.199583,15.8914,0.0009115357,0.0023953142,0.002740171,0.0027022033,0.0015923342,0.0011920294
15.2677555,16.146843,0.0013345805,0.001798522,0.0018885398,0.0016355052,0.0012552467,0.0011655693
14.938971,16.480518,0.0010959392,0.001832171,0.0020070963,0.0017613983,0.0012672596,0.0011279087
14.610186,16.814192,0.0008539161,0.0017829986,0.0020223947,0.001851202,0.0012401461,0.0010443897
14.839735,15.983639,0.0013561863,0.002080009,0.0022188749,0.0018895512,0.0013605775,0.0012467456
14.51095,16.317314,0.0011064367,0.0020870613,0.0023248359,0.0020538988,0.0013791504,0.0012006907
14.411715,15.820435,0.0013499346,0.0023215585,0.0025166622,0.0021467428,0.0014301725,0.0012810025
15.50778,16.585287,0.0011131763,0.0014701476,0.001557991,0.0013864265,0.0010850701,0.0009895905
15.747804,17.02373,0.0008781151,0.0010683613,0.0011285086,0.001021534,0.0008137693,0.00072893326
15.178995,16.91896,0.0008785605,0.0014755888,0.0016267839,0.0014548736,0.00106421,0.00093100255
10.880597,14.438494,0.0007284002,0.0010967484,0.0013476867,0.0016236234,0.0012201071,0.00086836476
11.329609,14.249881,0.000807763,0.0016368132,0.0019293394,0.0021198324,0.0014187894,0.00094138284
11.778622,14.061268,0.0009921736,0.002229813,0.0024964355,0.0025230483,0.0014968929,0.0009780673
11.191443,14.8720455,0.00056670257,0.0011463595,0.0014410744,0.001775836,0.0013055668,0.00087842555
11.640456,14.683433,0.000702043,0.0017822972,0.0021057588,0.002308122,0.0015133185,0.0009869317
11.502291,15.305597,0.00047844546,0.0012583355,0.0015694622,0.001936296,0.001389473,0.0009029111
10.827174,14.032575,0.0009038927,0.0012847214,0.0015197974,0.0017253204,0.0012547713,0.00090389914
10.773752,13.626655,0.0010973344,0.001469171,0.0016837277,0.0018187104,0.0012812075,0.00093648426
11.276187,13.843961,0.0009809885,0.0017780948,0.0020403815,0.0021596393,0.001399745,0.0009354667
12.445602,14.916692,0.00093791477,0.0025216294,0.002826294,0.0027990805,0.0016109466,0.0011136093
11.973947,15.111145,0.0006666631,0.0019567395,0.002293088,0.002483758,0.0015936069,0.0010435195
12.112112,14.48898,0.00094427296,0.002412354,0.0026979432,0.002696775,0.001567409,0.0010449019
13.005137,14.961228,0.0012097029,0.002790578,0.0030580391,0.002828495,0.0015412922,0.001176661
12.671646,14.533516,0.0012145786,0.0028201465,0.0030564016,0.0028496704,0.0015201798,0.0011033787
12.338156,14.1058035,0.0012238397,0.0027505974,0.0029603601,0.0027881623,0.0014837828,0.0010238003
13.231181,14.5780525,0.0015061641,0.0029334158,0.0031127748,0.0027107159,0.0014328957,0.0011610318
12.89769,14.15034,0.0015257483,0.0029993686,0.0031467685,0.0027696076,0.001399343,0.0010751504
13.457225,14.194877,0.0018147182,0.0029561939,0.0030305681,0.0024933668,0.0013230962,0.0011327228
13.406671,15.065504,0.0013637552,0.002796173,0.0030360585,0.0026897383,0.0014928184,0.0012233267
13.632714,14.682328,0.0016551395,0.002850457,0.0029862404,0.00249508,0.0013966674,0.0012090673
13.808205,15.169779,0.0014884791,0.0027042709,0.00290024,0.0024693937,0.0014539356,0.0012634383
9.822463,10.897145,0.0028220573,0.002805833,0.0027102546,0.0023855672,0.0016272049,0.0013160935
10.068562,11.120302,0.002595514,0.0026052275,0.002547347,0.0022735018,0.0015536966,0.0012791586
10.31466,11.34346,0.002402339,0.002464756,0.002443275,0.0022055912,0.0014774604,0.0012158976
9.724491,11.147534,0.002612411,0.002650896,0.0026050054,0.0023180493,0.0016140385,0.0013260851
9.97059,11.370692,0.0024077923,0.0024631287,0.002450477,0.0022161908,0.0015473099,0.001289774
9.626519,11.397924,0.0024258175,0.0024873135,0.0024802475,0.0022311083,0.0015870394,0.001327602
9.794488,11.688221,0.002205477,0.0022716972,0.0022985982,0.0021114945,0.0015232482,0.0012975488
10.138558,11.660989,0.0021932935,0.0022883879,0.0023188586,0.0021360044,0.0014847984,0.0012398572
9.962456,11.978518,0.0020167513,0.0020943256,0.002153226,0.0020212058,0.001459785,0.001246572
10.245335,12.356092,0.0017919888,0.0019235329,0.0020280522,0.001959094,0.0013828988,0.0011462522
10.421436,12.038563,0.0019492598,0.0021309052,0.0022139011,0.0020857272,0.0014039155,0.0011373363
10.597539,11.721034,0.0021365082,0.002322648,0.0023587232,0.002164791,0.0013906985,0.0011119704
10.704315,12.416138,0.0017254839,0.0020431438,0.0021718277,0.002088687,0.0013498202,0.0010333109
10.880418,12.098608,0.0019087878,0.0022581907,0.0023401843,0.0021789083,0.0013300362,0.0010061435
11.163296,12.476183,0.0017059186,0.0022613287,0.0023767233,0.0022413654,0.0013066187,0.00092756026
10.568644,13.098292,0.0013843772,0.001638452,0.0018101964,0.0018585538,0.001297328,0.0010008464
10.406989,12.727192,0.0015893906,0.0017712478,0.0019106783,0.0018999872,0.0013307476,0.0010684781
10.86597,12.787238,0.0015170851,0.0019497433,0.002116125,0.0020860801,0.0013346301,0.0009771327
11.071078,13.315599,0.001233059,0.0018416143,0.0020565186,0.002104393,0.0013500375,0.0009364857
11.368404,13.004544,0.0014295649,0.002217224,0.0023864517,0.0023140097,0.0013444019,0.0009071159
11.573513,13.532906,0.0011864734,0.0022134576,0.0024333063,0.0024151169,0.0014138108,0.0009283871
9.859112,10.497731,0.0032213095,0.0030743917,0.0028894497,0.0024979368,0.001652524,0.0013014092
9.735481,10.171307,0.0036217526,0.0033799352,0.0031202952,0.0026591273,0.0017090674,0.0013104754
9.611851,9.844882,0.0040623615,0.0037173817,0.0033798232,0.0028460103,0.0017776089,0.0013439532
10.14186,10.321475,0.00336256,0.003045164,0.00281135,0.0024143716,0.0015732641,0.0012463918
10.0182295,9.99505,0.0037726369,0.0033126005,0.0030041179,0.0025469519,0.0016244812,0.0012529363
10.424607,10.145219,0.0034942667,0.0029694776,0.0026920396,0.0022873245,0.0014604601,0.0011727887
10.10521,10.720888,0.002951798,0.0028331636,0.0026914177,0.0023537865,0.0015714678,0.0012700529
10.387959,10.544632,0.0030850882,0.0028265482,0.0026376676,0.0022821254,0.0014805823,0.0012024302
10.35131,10.944046,0.0027192163,0.0026569534,0.0025557652,0.0022561587,0.0014864664,0.0012169852
10.411101,9.698696,0.004006344,0.0031424102,0.0027712279,0.002314999,0.0014496832,0.0011407018
10.004723,9.548529,0.004344876,0.003591478,0.003180708,0.0026563269,0.0016416993,0.0012456909
9.598344,9.39836,0.004669562,0.00407466,0.003628885,0.003020924,0.0018451829,0.0014032822
10.397594,9.252174,0.0045409827,0.0033081584,0.002853146,0.00234945,0.0014360528,0.0011131864
9.991216,9.102006,0.004935164,0.0038579197,0.0033560276,0.0027707128,0.0016742735,0.001275505
9.526221,8.93175,0.0053258925,0.004478934,0.003935487,0.003255332,0.001989296,0.0015630474
20.935188,17.769142,0.00037700313,-7.053763e-05,-0.00037132794,-7.364184e-05,-0.00011447483,-0.000296207
20.468372,17.659111,0.0004667563,-0.0007615791,-0.0012321873,-0.00094648846,-0.00070551544,-0.0007579699
20.001558,17.54908,0.00055925554,-0.0012870512,-0.0018837347,-0.0015972481,-0.0011122475,-0.0010612789
20.83986,17.303612,0.0005262002,0.00040137523,0.00023608154,0.00043545527,0.00024016184,2.0357073e-05
20.373045,17.19358,0.0006407866,-0.00025685126,-0.0005799785,-0.0003658486,-0.00029572015,-0.0004061995
21.245337,17.5545,0.00039451593,0.0007689318,0.0006990771,0.0009597606,0.00063800137,0.00033853765
19.426823,17.366978,0.0006950912,-0.0015284271,-0.0021808897,-0.0018903913,-0.0012648172,-0.0011517988
19.223576,16.829378,0.0009512629,-0.0010294471,-0.0015221195,-0.0012278534,-0.0007549277,-0.0007088614
19.02033,16.291779,0.0011769362,-0.00054873904,-0.00082116516,-0.00055894855,-0.00026075082,-0.00026658256
19.798311,17.01148,0.00079746527,-0.0008306432,-0.0012821273,-0.0010218935,-0.00067326217,-0.00068076333
19.595064,16.473879,0.0010091553,-0.0003815928,-0.00059167296,-0.0003875676,-0.00020395857,-0.00026284368
20.169798,16.655981,0.00083187,0.00014643806,3.9538325e-05,0.00015269083,9.2281756e-05,-5.0092756e-05
18.80141,17.376987,0.0007327856,-0.0015551177,-0.0021716529,-0.0019129567,-0.0012847629,-0.0011404261
18.175997,17.386997,0.0007472729,-0.0012265334,-0.001699007,-0.0014976359,-0.001013186,-0.0008919688
18.598164,16.839388,0.0010155258,-0.0009971805,-0.0014765925,-0.00119978,-0.0007300392,-0.0006554471
18.349388,16.114517,0.0013427429,-0.00030700976,-0.00055021624,-0.0003261543,-8.7677065e-05,-7.133919e-05
17.927221,16.662127,0.0011453137,-0.00044405277,-0.0007511893,-0.0005511418,-0.00027882773,-0.00023768956
17.505056,17.209736,0.00085315126,-0.0005219279,-0.00079889974,-0.0006608196,-0.00040203054,-0.00034861665
17.678446,15.937256,0.0014858976,0.00022095675,8.2546176e-05,0.0001932134,0.0002637915,0.00027356524
17.256279,16.484865,0.0012557859,0.0002274341,8.7601125e-05,0.0001807918,0.00024563022,0.000247652
17.007504,15.759995,0.0016069073,0.00080011983,0.00074360654,0.0007317223,0.0006495046,0.00064667885
16.327719,16.89478,0.0009997968,0.00072428223,0.0006984138,0.000674087,0.0005957469,0.00055049034
16.667612,16.327387,0.0013369151,0.00079111714,0.00074778835,0.00074168056,0.00066276116,0.0006377744
16.916388,17.052258,0.0009337415,0.00012661403,-5.8937667e-06,5.800289e-05,0.00013562864,0.00013466447
15.8476715,16.017895,0.0014668141,0.0014938922,0.0015109563,0.0013479309,0.0011046734,0.0010555844
16.427588,15.888945,0.0015583168,0.0011583596,0.0011371932,0.0010552697,0.0008967008,0.00087488786
16.087696,16.456337,0.0012401968,0.001151031,0.0011638365,0.0010774112,0.00090489717,0.0008494782
15.272079,15.576836,0.0016449337,0.0019528713,0.0019674469,0.0016623292,0.0012891779,0.0012359562
15.276403,15.006827,0.0019284706,0.00202137,0.0019501696,0.0016136789,0.0012526741,0.0012273359
15.280727,14.436819,0.0021769062,0.0020205365,0.0018719439,0.0015251703,0.001180007,0.0011710329
15.851995,15.4478855,0.0017581034,0.0016418939,0.0016066075,0.0013995828,0.0011427503,0.0011211481
15.856319,14.877877,0.0020102467,0.0017117662,0.0016145977,0.0013770227,0.0011148882,0.0011119761
16.431911,15.318936,0.0018177367,0.0013203644,0.0012699256,0.0011386848,0.00095015235,0.00094685785
14.844059,15.4136305,0.0016631113,0.0022162963,0.002260229,0.0018643079,0.0013573122,0.0012847586
14.4160385,15.250426,0.001650012,0.002457732,0.0025491246,0.0020873896,0.0013968478,0.0012931671
14.848383,14.843622,0.001950244,0.0022657467,0.0022079768,0.0017771525,0.0012978229,0.0012552824
14.240549,14.762975,0.0018471108,0.0025957914,0.0026267217,0.002101632,0.001349052,0.0012542867
14.065059,14.275524,0.0020314774,0.0026931243,0.0026662177,0.0020918255,0.0012801656,0.0011878562
14.672894,14.356172,0.0021469288,0.002352887,0.0022367176,0.0017590241,0.001243288,0.0012061853
14.281198,13.103494,0.0025893254,0.002373602,0.0021389585,0.0016058522,0.001047411,0.0010167838
14.614374,13.5479355,0.0024685406,0.0022733298,0.002054623,0.0015807571,0.0011078859,0.0010869846
14.947551,13.992377,0.0023311118,0.0021593107,0.0019691878,0.0015573024,0.0011545729,0.0011412124
14.00654,13.467288,0.0023904415,0.0026358815,0.0024848094,0.0018802194,0.0011303168,0.0010642996
14.339717,13.91173,0.0022787284,0.0025024924,0.0023640494,0.0018171454,0.0011930389,0.0011439438
13.731882,13.831082,0.0021245088,0.0028450103,0.0028028938,0.0021901035,0.0012210826,0.0011028929
11.724487,12.474896,0.0018403234,0.0026354436,0.0026748476,0.0024055662,0.0012209377,0.0008383774
12.285679,12.473611,0.0020957594,0.0029433274,0.0028886767,0.0024394684,0.0011103435,0.00080790464
12.84687,12.472325,0.0023933768,0.003003908,0.002872553,0.002257743,0.0010163083,0.00082896417
11.929596,13.003259,0.0016055574,0.002691062,0.0027846757,0.0025469174,0.001297019,0.0008731517
12.4907875,13.001972,0.0019002027,0.003018795,0.0030220666,0.0025825405,0.0012000041,0.0008801879
12.134705,13.53162,0.0014058561,0.002744666,0.0028925424,0.0026814304,0.0013861656,0.00093820423
13.253774,13.620693,0.0020031175,0.0030296994,0.0030327672,0.0024556809,0.001225439,0.0010305013
12.694239,13.576157,0.0017004776,0.0030418325,0.0031156822,0.0027010937,0.0013028297,0.0009755668
13.050322,13.046509,0.0021961103,0.0030468826,0.0029810886,0.0023782759,0.001121809,0.00092606444
13.803088,12.893105,0.0025770774,0.0026351828,0.0024377909,0.0018095279,0.0010289077,0.00096388144
13.528431,13.256899,0.0023204975,0.0028842692,0.0027818622,0.0021365953,0.0011194039,0.0009993991
13.32498,12.682714,0.0025091225,0.00287606,0.0027172056,0.0020525497,0.0010140486,0.00089637324
10.761405,11.243695,0.002465775,0.002530491,0.0024709338,0.0021889256,0.0013467636,0.0010843291
10.798054,10.844281,0.0027758062,0.0026399957,0.0024982227,0.0021629105,0.0013222423,0.0010831875
10.8347025,10.444868,0.0031164312,0.0027098574,0.0024863,0.002108501,0.001288086,0.0010711016
11.208149,11.14393,0.00256367,0.002605249,0.0024881887,0.0021323534,0.0011765452,0.0009369888
11.244798,10.744517,0.002851506,0.0026238346,0.002431637,0.0020327072,0.001124372,0.0009337811
11.654893,11.044167,0.002699356,0.0026575995,0.0024711299,0.0020220361,0.0009944476,0.00080634066
11.044283,11.621269,0.0022212425,0.0024799646,0.002468143,0.0022028522,0.0012705612,0.0009762196
11.491027,11.521505,0.002362496,0.0026373104,0.0025516786,0.0021883578,0.0011193809,0.0008476509
11.327162,11.998844,0.0020229921,0.0024982882,0.0025186862,0.0022632962,0.0012286296,0.0008902802
11.888353,11.997558,0.0021957182,0.0027694807,0.0027011223,0.002306779,0.0010900722,0.00078745646
12.052218,11.520219,0.0025393972,0.0027835902,0.002614471,0.002117497,0.0009529199,0.0007416601
12.449545,11.996272,0.0024496526,0.002927495,0.002773634,0.0022160178,0.00096846715,0.00075674435
10.879985,9.926911,0.0035891773,0.0027429033,0.0024216624,0.0020050334,0.0012298661,0.0010350713
10.866478,9.480389,0.00402599,0.002769928,0.002375393,0.0019362912,0.0011930761,0.0009972624
10.852971,9.033866,0.004452072,0.0027855993,0.0023303365,0.0018738427,0.0011469508,0.000948255
11.3353615,9.708603,0.0035991585,0.002441615,0.0020894127,0.0016540799,0.00097187655,0.0008922767
11.321856,9.262081,0.003906772,0.0023171087,0.0019167009,0.001495092,0.00091511436,0.00085459417
11.790739,9.490295,0.0034962378,0.0020861584,0.0017105694,0.0012647085,0.00072937243,0.00076810166
11.29008,10.226561,0.0032332211,0.0025727863,0.002292564,0.0018620372,0.0010528298,0.00092254824
11.745457,10.008252,0.003288374,0.0023601765,0.0020301465,0.0015490408,0.00082026236,0.00079139177
11.700175,10.52621,0.0030130034,0.0025535831,0.0022875299,0.0018046851,0.0009059281,0.0007996301
11.772308,8.957824,0.0036599236,0.001785911,0.0013798723,0.0009946116,0.00064103457,0.00072061154
11.303425,8.7296095,0.0042140693,0.0021482152,0.001705821,0.0013085046,0.0008259091,0.00077826495
10.83454,8.501395,0.0048928615,0.0027872291,0.0022813778,0.001812355,0.0010962582,0.0009086594
11.753878,8.425353,0.0037147917,0.0014515348,0.0010238319,0.0007074179,0.0005107326,0.0006213202
11.284994,8.197139,0.004394549,0.0019487868,0.0014821234,0.0011177645,0.0007199816,0.0006979889
10.759564,8.004816,0.0052589034,0.0028639813,0.0023302073,0.001853097,0.0011329699,0.00096244947
20.498474,15.700367,0.0008765115,0.0014390158,0.0016184306,0.0015579639,0.0012699857,0.0010889482
20.621504,16.269224,0.0007776918,0.0011750464,0.0013071194,0.0012924194,0.00096359104,0.00074321596
19.92374,15.518266,0.0011026425,0.001049643,0.0013011355,0.0012698345,0.0010183201,0.00084151025
20.04677,16.087124,0.0009831843,0.00064461224,0.0007696132,0.0007888493,0.00059134525,0.000416779
19.472034,15.905022,0.0011799831,0.00013342565,0.00019699472,0.00032712883,0.0003239078,0.00021413987
21.001379,15.979633,0.00066890375,0.0015735292,0.0017501087,0.001727038,0.0014377766,0.0012590184
14.248992,11.91245,0.0028624588,0.0020109534,0.001700756,0.0012595583,0.00084513566,0.000843295
14.2597275,12.309464,0.0028051257,0.0021427888,0.001848545,0.0013715411,0.0009084167,0.0008970966
14.270462,12.706479,0.0027122335,0.0022657781,0.0019963984,0.0014879822,0.0009763431,0.0009554481
13.781618,12.099075,0.002836915,0.0023847504,0.0021094012,0.0015233078,0.00087919895,0.00084674545
13.792354,12.49609,0.0027215057,0.0025210718,0.0022800707,0.0016672154,0.0009526653,0.00090376945
13.314244,12.2857,0.002677865,0.002768652,0.0025582905,0.0018888817,0.0009320363,0.00083950895
19.82228,14.882115,0.0011898713,0.0014328513,0.0017130022,0.0016540714,0.0014033709,0.0012508287
19.370575,15.268872,0.0013175373,0.0006650342,0.00093661493,0.0009938688,0.0008514914,0.00071058125
18.918869,15.655628,0.0013734755,-1.5175879e-05,-2.7143062e-05,0.00017318815,0.0002784299,0.00022052568
19.269115,14.632722,0.0014135856,0.0011147986,0.0014698353,0.0014752946,0.0012705717,0.0011269884
18.81741,15.019478,0.0015193258,0.0004483766,0.00062370487,0.0007594537,0.0007337875,0.00064387126
18.71595,14.3833275,0.0016204944,0.00086064235,0.0011450677,0.0012196345,0.001113627,0.0010080686
18.247929,15.478367,0.0015595293,0.00013865274,4.756111e-05,0.00021126073,0.00031404823,0.0003031859
17.576986,15.3011055,0.001721139,0.00058352086,0.00050641433,0.0005435695,0.0005221214,0.00052672526
18.14647,14.8422165,0.0017233662,0.00049831,0.0005079355,0.0006153392,0.000631648,0.000601273
18.13811,14.094978,0.0018211956,0.0008499083,0.0009735536,0.001037344,0.0009894323,0.00093107787
17.568626,14.553867,0.0019061913,0.00082960835,0.0007824416,0.000776422,0.0007150449,0.0007085876
16.999146,15.012756,0.0018860889,0.0010385399,0.00097144453,0.0008939399,0.00076243444,0.00076919934
17.560268,13.806628,0.0020067405,0.0010287532,0.0010188718,0.0009961991,0.00092198607,0.0008977279
16.990786,14.265517,0.0020776263,0.001173192,0.0010808115,0.0009702267,0.0008246073,0.00082838244
16.982426,13.518278,0.0021802764,0.0012576894,0.0011568447,0.0010430847,0.00090829364,0.0009012856
15.84796,14.130638,0.0022714424,0.0017212138,0.001552691,0.0012986583,0.0010402084,0.0010464754
16.415194,13.824458,0.0022667819,0.0014616661,0.0013097281,0.0011224303,0.0009202022,0.00092619506
16.423553,14.571697,0.0020864448,0.0014323167,0.0013259897,0.0011512847,0.00094459526,0.0009525017
15.563812,12.594833,0.002578301,0.0016546106,0.0013967018,0.0011469984,0.0009181146,0.0009217338
16.036684,12.902649,0.0024525647,0.0015532627,0.0013399496,0.0011296163,0.00092634483,0.00092790695
16.509556,13.210464,0.002319891,0.0014248767,0.001264409,0.0010959554,0.0009212808,0.00091982645
15.469451,13.208829,0.002529735,0.0017853002,0.0015390349,0.0012512136,0.000982296,0.000986967
15.942323,13.516644,0.0024030828,0.0016382327,0.0014362802,0.0011995353,0.00096465106,0.00097082177
15.37509,13.822824,0.0023924331,0.0019170456,0.0017058263,0.0013835268,0.0010759754,0.0010774022
14.708735,12.93394,0.0026569886,0.0020750219,0.0017994276,0.0013847465,0.0009966716,0.0009901838
15.136274,12.764387,0.0026472674,0.0018343468,0.0015555582,0.0012376552,0.00094942277,0.0009527244
15.041913,13.378382,0.002532155,0.0020064944,0.001756897,0.001388391,0.0010449557,0.0010427018
14.698001,12.536925,0.0027364783,0.0019725293,0.0016773643,0.0012896371,0.00093461125,0.00093322364
14.687265,12.139911,0.0027821232,0.001865045,0.0015585352,0.0012000313,0.00087833253,0.0008816938
15.125539,12.3673725,0.0026853418,0.0017519875,0.0014634919,0.0011673135,0.0009029798,0.0009076318
12.217806,10.868284,0.0029103188,0.0026092767,0.0023340364,0.0017671767,0.00079119153,0.0006991977
12.263087,10.3503275,0.0030991258,0.0023674027,0.0020369578,0.0014800848,0.0006973795,0.00068673363
12.30837,9.83237,0.0032026973,0.00205687,0.0016874414,0.0011790543,0.00061137095,0.0006787886
12.780718,10.692402,0.0030310096,0.0023588561,0.0020291063,0.0014231171,0.00066684815,0.00065791217
12.826,10.174445,0.003064191,0.0020427746,0.0016820579,0.001141921,0.0005834398,0.0006371083
13.343631,10.5165205,0.0029884258,0.0019537238,0.0016111507,0.0011044875,0.0006207618,0.0006562032
12.615131,11.344337,0.0028214646,0.002724264,0.0024655033,0.001838603,0.00080396363,0.00069958874
13.178044,11.168455,0.0029776178,0.0023888582,0.0020799355,0.001459055,0.0007244887,0.0007005166
13.012457,11.82039,0.0027633987,0.0027667943,0.0025293764,0.0018641524,0.0008573522,0.00075891777
13.947205,11.44714,0.002927115,0.0020117606,0.001694634,0.0012223229,0.00077080436,0.0007734031
13.479831,11.633765,0.0029159607,0.002405846,0.002116766,0.0015032444,0.0008001022,0.00076775067
13.645418,10.98183,0.002967774,0.0019972424,0.0016705312,0.0011736646,0.00069442124,0.00070801587
12.22422,8.107698,0.0029830914,0.00075564376,0.00031732552,0.000121495184,0.00022278445,0.000474883
12.712994,8.322516,0.0025962223,0.0007472896,0.000309524,0.00011803478,0.00024741216,0.0005195155
13.201767,8.5373335,0.0023702441,0.0008584041,0.0004444427,0.00025083966,0.0003406505,0.000568633
12.242651,8.64017,0.003193454,0.0012419085,0.00082062,0.00050767034,0.00040575452,0.00060661405
12.731424,8.854987,0.002853828,0.0012193652,0.00080335373,0.000483664,0.0003891291,0.0005994152
12.261082,9.172641,0.0032574576,0.0016378899,0.0012372623,0.00082826323,0.00051993126,0.00066738983
12.778712,9.514716,0.003011001,0.0016582189,0.0012697463,0.00083020586,0.00049483625,0.00062613195
13.249055,9.1970625,0.0026784963,0.0013101879,0.00092580647,0.00060338015,0.00045442433,0.0006061968
13.296343,9.8567915,0.002880405,0.0016428609,0.0012806039,0.00086202327,0.00053519243,0.0006234965
13.170812,7.967631,0.0019093604,0.00023426289,-0.00020764404,-0.0002350021,0.00015073198,0.00045867628
12.682037,7.7528133,0.0021024696,9.578169e-06,-0.0004431482,-0.00044742925,-2.1756232e-05,0.00033077234
12.193264,7.5379963,0.0025092831,2.9403627e-05,-0.00041308027,-0.00043924336,-6.799036e-05,0.00027143568
13.139855,7.397928,0.0011047025,-0.0006437984,-0.0011114321,-0.000968144,-0.00021270996,0.00021204227
12.651082,7.183111,0.0012531467,-0.0009834056,-0.0014439888,-0.001270814,-0.00045567568,3.9360464e-05
12.164374,6.9793086,0.001716268,-0.0009297014,-0.0013662286,-0.0012217612,-0.0004336801,6.122678e-05
19.189304,14.003937,0.001465104,0.0015016603,0.0018597441,0.0018287315,0.0015969005,0.0014655876
19.662659,13.624546,0.0012538952,0.0019060846,0.002110408,0.0020525393,0.001851479,0.001769114
19.74247,14.253331,0.0012359967,0.0017164788,0.0019614364,0.0018963857,0.001672977,0.0015573831
20.215824,13.8739395,0.0010001278,0.0017998171,0.0018847041,0.0018386279,0.0017472915,0.0017255411
20.295635,14.502725,0.0009885129,0.0017507925,0.0018740005,0.0018078027,0.0016620273,0.0015929603
20.754383,14.146024,0.0007392306,0.0015449376,0.0015728736,0.0015570879,0.0015847426,0.0016290827
14.566586,11.573247,0.002809743,0.0017529321,0.0014380331,0.0011017628,0.0008069457,0.00081649394
14.264799,11.107938,0.002844036,0.0017297693,0.0014076633,0.001050765,0.0007398624,0.0007571811
13.963012,10.642628,0.0028522215,0.0016949654,0.0013652019,0.0009891972,0.00066805165,0.00069985096
14.88418,11.234045,0.0026770553,0.0015819578,0.0012806087,0.0010202713,0.00080320257,0.00081378786
14.582393,10.768735,0.0026786414,0.0015468183,0.0012353181,0.00096320006,0.0007438435,0.0007638578
15.201774,10.894842,0.0024961857,0.0014891567,0.0012133594,0.0010094795,0.00085270306,0.0008586182
15.004859,11.800709,0.0027099585,0.0016677461,0.0013695341,0.0010904956,0.0008482198,0.0008549957
15.3224535,11.461506,0.0025747514,0.0015442524,0.0012691207,0.0010480842,0.0008630456,0.0008663472
15.443132,12.02817,0.0026029644,0.0016007146,0.0013304958,0.001093894,0.00088522333,0.00088806526
19.58595,12.979759,0.0012431818,0.0020288448,0.0022114788,0.0021649976,0.0019709035,0.0019127087
19.112598,13.35915,0.0014822126,0.0018219771,0.0021481286,0.0020951238,0.0018482456,0.0017341041
18.639244,13.738541,0.0016727061,0.0012556267,0.0015925831,0.0016097674,0.0014478507,0.0013366519
19.03589,12.714363,0.0014684139,0.0020658928,0.0023597574,0.0022947493,0.0020328632,0.0019331045
18.562536,13.093754,0.0016861558,0.0016105209,0.0019510713,0.0019238925,0.0017237592,0.0016144123
18.48583,12.448967,0.0016649008,0.0019146509,0.0022331553,0.0021765241,0.0019474921,0.0018422055
17.48356,13.161841,0.0020514084,0.0012082009,0.0012237334,0.0011876249,0.0011068478,0.0010715241
17.984695,12.805404,0.001876174,0.0014301834,0.001638053,0.0016288438,0.0015141129,0.0014366722
18.061401,13.4501915,0.0018705874,0.001145988,0.0013250274,0.0013484359,0.001262383,0.0011918898
17.949434,12.184073,0.0018312158,0.0017096109,0.0019329691,0.001901082,0.0017573538,0.0016738944
17.448301,12.54051,0.002035176,0.0013816142,0.0014320345,0.0013945026,0.0013124151,0.0012664146
16.947166,12.896948,0.0022078156,0.0013296995,0.0012358198,0.0011300026,0.0010121369,0.0009957976
17.41304,11.919179,0.0019778477,0.0015697465,0.0016487798,0.0016133089,0.0015274701,0.0014729223
16.911907,12.275617,0.0021818075,0.001410922,0.0013358664,0.0012455854,0.0011486177,0.0011237154
16.876646,11.654285,0.0021099162,0.0015104684,0.001460054,0.0013898625,0.001313427,0.0012811909
16.001423,12.281318,0.002458506,0.0015160465,0.001296702,0.0011060524,0.000931107,0.00092795223
16.439035,11.967801,0.0022949472,0.0014584594,0.0013046351,0.0011729775,0.0010534477,0.0010386839
16.474295,12.589132,0.0023366394,0.0014363494,0.0012727203,0.0011191816,0.0009693355,0.0009609546
15.880744,11.714654,0.0024358993,0.0015012856,0.0012760333,0.0010987573,0.0009470472,0.00094165985
15.760064,11.14799,0.0023690767,0.0014857373,0.0012597103,0.0010989142,0.00097499223,0.0009690666
16.318356,11.401137,0.0022415656,0.001490027,0.0013368487,0.0012201485,0.001124486,0.0011072974
13.820582,8.733366,0.002161985,0.0009730915,0.0006067948,0.0004400777,0.0004977736,0.00065040105
14.439398,8.929399,0.0020250482,0.0011118097,0.0007977981,0.0006654047,0.00071151444,0.0008010907
15.058212,9.125431,0.0019191761,0.001272892,0.0010210214,0.0009296412,0.0009798297,0.0010246716
13.86787,9.393095,0.002474782,0.0012869487,0.0009407586,0.00068293425,0.00055769965,0.0006524128
14.486686,9.589128,0.0023153767,0.0013092647,0.0010003691,0.00080299226,0.00071175233,0.00076256366
13.915158,10.052824,0.0027091866,0.0015085959,0.0011729846,0.0008502583,0.00060933013,0.0006659526
15.15392,10.305038,0.0023423797,0.0014302921,0.0011622553,0.0009873942,0.00087756914,0.0008882651
14.534539,10.178931,0.0025201398,0.0014322252,0.0011230602,0.0008855385,0.0007191839,0.00075065414
15.106067,9.715235,0.002152852,0.001366517,0.0011070662,0.0009681029,0.0009236879,0.000945836
14.392287,7.4143662,0.00043898576,0.00011564249,-0.00023106819,-0.000119780125,0.0005284752,0.00081001705
13.995447,7.7886887,0.001201221,0.00022131867,-0.00017195135,-0.00012667566,0.00038659613,0.00065249053
13.598607,8.163011,0.0018405461,0.00049706694,8.8256296e-05,3.0553758e-05,0.00033360522,0.00057722087
13.964491,7.218986,0.00022729296,-0.00043355758,-0.00085498195,-0.0007139254,9.7168384e-05,0.0004762382
13.567651,7.5933084,0.00113059,-0.00020729691,-0.0006505123,-0.00055876025,8.63747e-05,0.00043219226
13.5366955,7.023606,3.5969675e-05,-0.0010268879,-0.001499618,-0.0013260279,-0.00036667305,0.00012402768
14.614263,7.984721,0.0012046752,0.00069069286,0.00038842385,0.00041397565,0.0007931103,0.00096556754
14.836238,8.555077,0.0016567864,0.0010612893,0.0007900519,0.0007442307,0.0009212608,0.0010152364
14.2174225,8.359043,0.001728652,0.000783102,0.0004371714,0.000374525,0.00060350413,0.00076442043
13.511635,6.492283,-0.0010672589,-0.0017112608,-0.0022057728,-0.002054063,-0.0009376884,-0.0002755156
13.9143715,6.15634,-0.0017135005,-0.0014976707,-0.0019636478,-0.0018436336,-0.00081850105,-0.00019889027
13.939431,6.687663,-0.0008511544,-0.0010286303,-0.0014720206,-0.0013116498,-0.0003330112,0.00016727298
14.342168,6.3517203,-0.0014370814,-0.00074243406,-0.0011252046,-0.0009733472,-9.423405e-05,0.0003507809
14.367228,6.8830433,-0.00055608375,-0.00035621744,-0.00071799377,-0.00055740983,0.00026829285,0.00063581316
13.542026,5.960127,-0.0018821463,-0.00216087,-0.0026696387,-0.0025751935,-0.0014158116,-0.0006244512
18.962,12.074099,0.0014249339,0.0022444057,0.002519775,0.0024467325,0.0021658773,0.0020755075
19.438171,11.69923,0.0011401501,0.002148464,0.0023569388,0.0023161746,0.0020888466,0.0020504512
19.512062,12.339495,0.0012054086,0.0021023604,0.0022888226,0.0022496376,0.002045631,0.0020012946
19.988234,11.964626,0.0008936929,0.0017507067,0.0018724465,0.0018727174,0.0017852221,0.0018154182
20.062122,12.604891,0.00095372763,0.0017770786,0.0018656283,0.0018597664,0.0017935452,0.0018183398
20.54106,12.230293,0.0006192483,0.0012707066,0.0013180122,0.0013513942,0.001407403,0.0015099602
16.683226,9.948105,0.0017663327,0.0017987929,0.0017877417,0.0017792258,0.0017499733,0.0017121091
16.7477,10.516832,0.0019088178,0.0017062316,0.0016839514,0.0016533732,0.0016094656,0.0015712581
16.812172,11.085559,0.0020222692,0.001607851,0.001572433,0.001520732,0.0014608951,0.0014247141
16.189407,10.263684,0.0020044942,0.0015660153,0.0014412303,0.0013781595,0.0013497262,0.0013317252
16.253881,10.832411,0.0021366586,0.0015263391,0.0013865905,0.0012949138,0.0012311101,0.0012120471
15.695591,10.579263,0.0022459058,0.0014722147,0.0012556796,0.0011206499,0.0010360961,0.0010311427
15.6477375,9.989459,0.0020809236,0.0014613004,0.0012595587,0.0011586128,0.0011267605,0.0011269359
15.599884,9.399655,0.0018791299,0.0014394483,0.0012536111,0.0011935987,0.0012284413,0.001240901
16.141554,9.673881,0.0018294029,0.0016086788,0.0015031805,0.0014745522,0.0014868584,0.0014736223
19.37276,11.072372,0.0010417948,0.0021725325,0.00240946,0.0023583907,0.0021018987,0.0020651922
18.89659,11.447241,0.0013506183,0.0023685503,0.0026395475,0.0025589152,0.0022556086,0.0021704722
18.420418,11.822109,0.001610507,0.002160009,0.0024514913,0.0023780433,0.002123826,0.0020218014
18.831179,10.820383,0.0012428194,0.002450225,0.0027273402,0.0026374846,0.0023091969,0.0022262817
18.355007,11.195251,0.0015266743,0.0023491296,0.0026186476,0.0025365434,0.0022585224,0.0021584167
18.289597,10.568393,0.0014080596,0.0024854913,0.002742649,0.0026557308,0.0023536105,0.0022541813
17.34763,11.292321,0.0018956657,0.0017521944,0.001841711,0.0018115616,0.0017215519,0.0016619158
17.818613,10.930357,0.0016674633,0.0021559733,0.0023554235,0.002308496,0.002122067,0.0020342988
17.884024,11.557215,0.0017643352,0.0019509835,0.0021649057,0.0021214227,0.001955921,0.0018700184
17.218683,10.154868,0.0016681995,0.0020406155,0.0021326619,0.0021210432,0.0020195465,0.0019551157
17.75414,10.36163,0.0015508857,0.0023035575,0.0024913445,0.0024450459,0.0022397875,0.0021507482
17.283155,10.723595,0.0017964134,0.0019048548,0.0019967214,0.0019751773,0.0018805309,0.0018178892
16.505432,8.588375,0.0011670719,0.0019228577,0.0019361406,0.001975377,0.0019790607,0.0019559388
16.564697,9.041618,0.001431467,0.0019023318,0.00190552,0.0019296999,0.00192273,0.001892366
16.62396,9.494862,0.0016228108,0.0018584318,0.0018541131,0.001862401,0.0018445792,0.0018093986
16.023026,8.767394,0.0014360017,0.0016154394,0.001531477,0.0015561366,0.0016417037,0.0016494322
16.08229,9.220637,0.001662869,0.0016221718,0.001527195,0.0015245342,0.0015715113,0.0015666676
15.540619,8.946412,0.0016829929,0.0013942819,0.0012171712,0.001191638,0.0012894359,0.0013190465
15.761372,7.538143,0.00029924721,0.001345467,0.0012790795,0.0013866873,0.0016277208,0.001704173
15.526985,8.067239,0.0010052071,0.0012652831,0.0011247969,0.0011855006,0.001425582,0.0015007482
15.292599,8.596335,0.0015413518,0.001245626,0.001041285,0.0010295801,0.0011947508,0.0012558546
15.305011,7.4968843,0.0003344435,0.0009388756,0.0007793259,0.0008937873,0.0012871828,0.0014277797
15.070624,8.02598,0.0010993967,0.00096613495,0.00074150605,0.00078464503,0.0011045971,0.0012273045
14.848649,7.4556255,0.00037691684,0.00052530714,0.00026928895,0.0003812551,0.0009123172,0.0011222715
16.257412,8.238298,0.0009580917,0.0017772221,0.0017643633,0.0018219538,0.0018871202,0.0018888402
15.775005,8.417316,0.0012586374,0.0014672141,0.0013554692,0.0013947086,0.0015461693,0.0015824771
16.009392,7.888221,0.0006722397,0.0015881829,0.0015500207,0.0016301784,0.0017729845,0.0018073049
15.494682,6.3079267,-0.0011992684,0.0008861851,0.0007914366,0.00093544857,0.0012846227,0.0014306946
15.127217,6.6767397,-0.0008908821,0.00047677464,0.0002886185,0.00045589393,0.0010101704,0.001230814
14.759752,7.045553,-0.0003099156,0.0001960978,-7.739836e-05,7.6302946e-05,0.0007413921,0.0010111894
15.102158,6.1454167,-0.001457232,0.0003553576,0.00015328162,0.00030077546,0.000820486,0.0010553537
14.734693,6.5142303,-0.0011643319,-9.929997e-05,-0.0003872934,-0.00021926743,0.0005089349,0.00082830805
14.709633,5.9829073,-0.0017184692,-0.00027495009,-0.0005835224,-0.00045136458,0.00023790878,0.0005925502
15.672476,7.128071,-0.00024944407,0.001188652,0.0011225438,0.001256712,0.0015553713,0.0016608768
15.216114,7.086812,-0.00028340012,0.0007083973,0.00054047623,0.0006905369,0.0011788158,0.0013622075
15.583579,6.717999,-0.0007791639,0.0010274868,0.0009512214,0.0011002097,0.0014409446,0.0015712557
15.458166,5.898481,-0.0014312012,0.0008375811,0.0007453994,0.00086315913,0.0011575522,0.0013018865
15.065641,5.735971,-0.0016686146,0.00029691786,9.070152e-05,0.00020019858,0.0006621508,0.00090792985
14.673116,5.5734615,-0.0019048376,-0.00036294467,-0.00067936425,-0.0005890294,7.358545e-05,0.00045514578
15.42165,5.489035,-0.0014884258,0.0008039493,0.0007417602,0.0008310518,0.0010664525,0.001209828
15.029124,5.326525,-0.0017014217,0.00026433653,8.440679e-05,0.0001629166,0.00059593434,0.00085103506
14.742238,5.136812,-0.0018445008,-0.00020865112,-0.00046102816,-0.00038266164,0.00024004644,0.00058965536
18.758755,10.188165,0.0010930495,0.002494373,0.0027839523,0.0026832942,0.002330069,0.0022475324
19.227913,9.807938,0.0007307028,0.0021717395,0.0024660772,0.002377283,0.0020590462,0.0020184317
19.300337,10.440155,0.0009082584,0.0021846176,0.0024514708,0.002382561,0.0020933656,0.0020550713
19.769495,10.059927,0.00054473965,0.0017042026,0.0019380136,0.0018904466,0.001685514,0.0017012153
19.841919,10.692144,0.0006912755,0.0017197842,0.0019197025,0.0018956657,0.001731926,0.0017549514
20.321531,10.312527,0.00033435816,0.0011736491,0.0013309617,0.0013240624,0.001243258,0.0013155532
19.130726,9.1765585,0.000520616,0.0021408838,0.0024626192,0.0023576159,0.0020154004,0.0019704795
18.66157,9.556787,0.0008980164,0.0025040465,0.0028093334,0.0026990452,0.0023252058,0.0022416878
18.192411,9.937015,0.0012523857,0.0025663867,0.0028182773,0.0027296066,0.0024081531,0.0023087668
18.564383,8.925408,0.0006376023,0.0024592057,0.0027853479,0.0026717277,0.0022865,0.0022033367
18.095226,9.305636,0.0010271139,0.0025964202,0.0028535114,0.00276432,0.002425971,0.0023271919
17.99804,8.674258,0.00071349996,0.0025623946,0.0028377967,0.002752113,0.0024035273,0.002307087
17.121496,9.523489,0.0014811092,0.0021478706,0.0022368499,0.0022361733,0.0021292244,0.0020658164
17.559769,9.098874,0.0011289272,0.0024710426,0.0026502446,0.0026100436,0.002371657,0.002283696
17.656954,9.730252,0.0013805947,0.002411891,0.002589821,0.0025469111,0.0023251239,0.0022360636
17.002968,8.6170025,0.0010270085,0.0022365474,0.002338359,0.0023487473,0.002226798,0.0021678824
17.500504,8.64563,0.0008757371,0.002478043,0.0026694527,0.0026308352,0.002379984,0.0022937031
17.062233,9.070246,0.0012878737,0.0022065807,0.0022991186,0.002304379,0.0021900444,0.00212815
17.048016,7.6490703,0.00018812554,0.002242926,0.0024281994,0.0024381343,0.0022577185,0.0021985883
17.36469,7.9907994,0.0004194545,0.002398034,0.0026143794,0.002589118,0.002339965,0.0022610384
17.681364,8.332529,0.00059301563,0.0025058375,0.002752572,0.0026947532,0.0023891707,0.0022978573
16.867155,7.962172,0.0005241856,0.0021831556,0.0023032012,0.0023279071,0.0022129344,0.0021654158
17.183828,8.303901,0.00073041196,0.0023512526,0.0025062028,0.0024988046,0.0023107496,0.0022404613
16.686293,8.275273,0.0008613934,0.0020673107,0.0021308118,0.002167729,0.002118101,0.0020832634
16.438272,7.925196,0.0005998678,0.0019064536,0.0019468847,0.002007049,0.0020214515,0.0020117601
16.190252,7.575119,0.00026453775,0.0017043457,0.0017212715,0.0018079157,0.0019006114,0.0019232092
16.619135,7.6120944,0.00022786611,0.002014521,0.0021144648,0.0021664477,0.0021149935,0.002091548
15.937877,6.3756,-0.0010105305,0.0013578272,0.0013835487,0.0015023332,0.0016529241,0.0017200699
16.38107,6.4432735,-0.0008389936,0.0016951347,0.0018385772,0.0019263568,0.0019068675,0.001912888
16.824263,6.510947,-0.000687996,0.0019003578,0.0021526872,0.002210372,0.002058006,0.0020193548
16.026773,6.785672,-0.0006457439,0.001476822,0.0015059013,0.001623085,0.0017668486,0.0018236847
16.469967,6.853346,-0.0005283428,0.0018171754,0.0019494377,0.002027648,0.0020001894,0.0019982867
16.11567,7.1957445,-0.00018444115,0.0016035304,0.0016300936,0.0017338461,0.0018526268,0.0018921866
16.97343,7.2696958,-0.00014760882,0.0021430997,0.0023515949,0.0023760067,0.0022040955,0.0021527186
16.54455,7.2327204,-0.00016380173,0.0019236851,0.0020408721,0.0021063767,0.0020673242,0.0020550203
16.898848,6.8903213,-0.0004518371,0.002024764,0.0022558642,0.0022970284,0.0021357508,0.0020919356
16.287933,5.484116,-0.0010298715,0.0014886517,0.0017381377,0.001836287,0.0017490628,0.0017325411
16.023516,5.7587194,-0.0011794881,0.0013819532,0.0014913979,0.0015860648,0.0016144,0.0016464614
15.7591,6.033323,-0.0012509389,0.0011719327,0.0011652679,0.0012801981,0.001460885,0.001548356
15.987,5.3492737,-0.0011519053,0.0013123045,0.001487823,0.0015853607,0.0015744977,0.0015954687
15.722583,5.6238775,-0.0013312827,0.0011275888,0.0011530352,0.0012478228,0.0013698849,0.0014491935
15.686067,5.214432,-0.0012807498,0.0010735126,0.0011692111,0.0012636814,0.0013543363,0.0014272428
16.46671,5.826393,-0.0009768148,0.0016242545,0.0018655321,0.001952794,0.0018515239,0.0018296075
16.645487,6.16867,-0.00086262997,0.0017599192,0.0020044732,0.0020798082,0.0019582624,0.001929967
16.202293,6.1009965,-0.0010458629,0.0015373635,0.0016614713,0.0017568956,0.001768683,0.0017889313
16.258272,5.1555996,-0.00096409634,0.0014097095,0.0017341487,0.0018603447,0.0017652173,0.0017376094
15.957338,5.0207577,-0.0010691495,0.0012439344,0.0015030229,0.0016328531,0.00162603,0.0016370454
15.656405,4.8859153,-0.0011833108,0.0010162449,0.001206022,0.0013433492,0.0014582634,0.0015192578
16.228611,4.8270836,-0.0008680497,0.0013244927,0.0017538104,0.0019478183,0.0018813405,0.0018371987
15.927677,4.692241,-0.00096026616,0.0011678863,0.0015494156,0.0017660353,0.0018042501,0.0017932215
15.707241,4.5359063,-0.0010115127,0.0010089173,0.0013891497,0.001656847,0.0017965529,0.0018050394
19.656572,8.829868,0.00018635028,0.0015833194,0.0018747367,0.0017937984,0.0015311656,0.0015320263
19.090229,8.578717,0.00027385514,0.0020224904,0.0023699808,0.0022628512,0.0019155584,0.0018711004
18.523886,8.327567,0.00032515757,0.002328859,0.0026853594,0.002578572,0.0021946868,0.0021157898
19.616074,8.232027,1.468128e-05,0.0014620547,0.0017865767,0.0017095213,0.0014329486,0.0014245772
19.04973,7.9808764,3.767246e-05,0.0018562222,0.0022354475,0.0021423907,0.00179954,0.0017537012
20.123144,8.43871,-3.6777557e-05,0.0010531866,0.0013130455,0.0012664347,0.0010623131,0.0010855441
18.18736,6.9039664,-0.00031290203,0.001915683,0.0023570093,0.0023350066,0.0019972974,0.0019176407
18.650099,7.1473727,-0.0002157846,0.0017866358,0.0022284703,0.002182344,0.0018389707,0.0017717256
19.112839,7.390779,-0.00015402753,0.0015799082,0.0019960026,0.0019380403,0.001614544,0.0015681443
18.124252,7.4940634,-6.333977e-05,0.0022025548,0.002587635,0.0025254765,0.0021676407,0.0020839844
18.586992,7.73747,7.61646e-06,0.002079451,0.0024765567,0.0023907942,0.0020231747,0.0019527631
18.061146,8.084161,0.00030715603,0.0024323172,0.0027606396,0.0026773468,0.002313035,0.0022220665
17.427797,7.4007025,-6.886488e-05,0.0022761398,0.0025650286,0.0025469828,0.0022711558,0.0021937357
17.807579,7.152334,-0.0002344318,0.0021536464,0.002531352,0.002502699,0.0021765374,0.0020936313
17.744473,7.7424316,0.00014135594,0.0023801522,0.0026911444,0.0026379242,0.0023106246,0.0022226626
17.353212,7.021328,-0.00032729108,0.0021461307,0.0024607864,0.002464273,0.0022018298,0.0021300884
17.27863,6.6419535,-0.0005318952,0.0020068323,0.002346746,0.0023743664,0.0021263119,0.002058865
17.732994,6.7729597,-0.00040733296,0.0020084141,0.0024123557,0.0024127145,0.002103978,0.0020234894
17.736452,5.937874,-0.00054593495,0.001649782,0.0021573408,0.0022316384,0.0019399924,0.0018491311
17.886755,6.259905,-0.0004943655,0.0017388718,0.002219436,0.0022603278,0.0019550873,0.0018693991
18.037058,6.5819354,-0.00041524656,0.0018289523,0.0022884696,0.0022972098,0.001975954,0.0018936567
17.432388,6.128898,-0.0006192294,0.001797606,0.0022277152,0.0022852344,0.0020177132,0.00193926
17.582691,6.450929,-0.000529717,0.0019024091,0.0023177834,0.0023470358,0.0020602487,0.0019815918
17.128326,6.3199224,-0.00067378744,0.0018881707,0.0022330207,0.0022845918,0.002061235,0.0019993796
17.131416,5.458971,-0.00068482355,0.0015918808,0.002083383,0.0022041623,0.0019625963,0.0018747494
17.029032,5.80963,-0.0007569349,0.0017147021,0.0021110405,0.002195871,0.001976787,0.0019086008
16.926647,6.1602883,-0.00076907355,0.0018197141,0.002138052,0.0022039555,0.0020154805,0.0019637719
16.850254,5.467353,-0.0007865389,0.0016038418,0.0020252645,0.0021375876,0.0019336868,0.0018630719
16.747871,5.8180113,-0.0008619209,0.0016950867,0.0020185846,0.002103498,0.0019352675,0.001886932
16.569094,5.475734,-0.00090173585,0.0015724115,0.0019128477,0.0020174389,0.0018641284,0.0018167939
17.534773,5.7782397,-0.00059516414,0.0016397868,0.0021437882,0.002234293,0.0019571595,0.0018661141
17.230711,5.969264,-0.00068931753,0.0017613363,0.0021758743,0.0022480064,0.0020038958,0.0019299474
17.333094,5.618605,-0.0006417149,0.001620635,0.0021191435,0.0022250498,0.0019644273,0.0018743353
16.8937,4.7359443,-0.0005889297,0.0013846298,0.0020445106,0.002314918,0.002138379,0.0020208405
16.691776,4.985335,-0.0007300301,0.0014537318,0.0019679647,0.0021506285,0.001976085,0.0018928628
16.489855,5.2347255,-0.0008819626,0.0014945355,0.0018718133,0.0019984783,0.0018521793,0.0018014178
16.662115,4.6568184,-0.0006395264,0.0013619852,0.0019978846,0.0022848083,0.0021543636,0.0020465492
16.460194,4.906209,-0.0007958098,0.0014032319,0.0018771834,0.0020650974,0.001938447,0.0018722463
16.430532,4.577693,-0.00069660024,0.0013154779,0.0019249034,0.002231204,0.0021558786,0.0020609172
17.052177,5.2179623,-0.0006643053,0.0015195594,0.002054529,0.002208445,0.0019757417,0.0018804655
16.771015,5.2263436,-0.00076570443,0.0015283088,0.0019901216,0.0021304686,0.0019347747,0.0018584733
16.972939,4.976953,-0.0006309605,0.0014500857,0.0020397452,0.0022405195,0.0020276795,0.0019233814
16.862455,4.5021906,-0.0005303433,0.0013265848,0.0020881759,0.0024612006,0.002325989,0.0021839675
16.630873,4.423065,-0.0005759636,0.0013053019,0.0020570022,0.002460243,0.0023720746,0.0022353758
16.39929,4.3439393,-0.00062874396,0.0012611239,0.0020034588,0.002440407,0.0024040088,0.0022750802
16.831213,4.2684374,-0.0004713145,0.0012816109,0.0021798755,0.002693249,0.0025959983,0.002417555
16.59963,4.1893115,-0.0005131889,0.0012631452,0.0021735593,0.0027310825,0.0026712127,0.0024926942
16.434433,4.078442,-0.0005307313,0.0012323413,0.0022053174,0.0028363718,0.0028003526,0.0026104844
19.51978,6.6808,-0.00026342613,0.0010174554,0.0014838715,0.0015042247,0.0012260599,0.0011758447
19.547678,7.1574926,-0.00020700412,0.0011662681,0.0015790794,0.0015562341,0.0012737747,0.0012394208
19.057041,6.4373937,-0.00030895334,0.001228637,0.0017425821,0.001773614,0.0014713045,0.001401844
19.08494,6.9140863,-0.0002510248,0.0014048844,0.0018643423,0.0018455086,0.0015322032,0.001476378
18.6222,6.67068,-0.00032269914,0.0015885448,0.0020740714,0.0020716467,0.0017451273,0.0016718273
19.968695,6.7895665,-0.00025060898,0.0007409386,0.0011623866,0.0011949353,0.000952259,0.00091695256
18.596548,5.69798,-0.00037744886,0.0011940184,0.0018153858,0.0019361334,0.0016362622,0.0015324741
18.89499,5.866689,-0.000346474,0.0011010282,0.0016973892,0.0017999146,0.0015054236,0.0014120063
19.193436,6.035398,-0.00031938107,0.0009930155,0.0015581669,0.0016451268,0.0013606134,0.001279078
18.460152,6.0999756,-0.00039791138,0.0014242937,0.0019749617,0.0020356693,0.0017240224,0.0016347422
18.758596,6.2686844,-0.00034985357,0.0013366073,0.0018730175,0.0019174812,0.0016073904,0.001526927
18.323755,6.501971,-0.00038520008,0.0016684971,0.002159552,0.0021736776,0.0018496723,0.0017685704
18.02315,5.857909,-0.00047876508,0.0015172451,0.0020731143,0.0021592393,0.0018563623,0.0017592006
18.309849,5.7779446,-0.0004222694,0.0013626912,0.001956703,0.0020584883,0.0017533259,0.0016520162
18.173452,6.17994,-0.00044312436,0.0015929434,0.0021132107,0.0021618821,0.0018491779,0.0017608275
17.950888,5.197413,-0.00043501,0.0012934927,0.0019810542,0.002174545,0.0018855543,0.0017592807
18.166107,5.3642683,-0.0004181424,0.0012676687,0.0019339098,0.0021007669,0.0018042817,0.0016845603
18.381329,5.531124,-0.00039876992,0.0012345748,0.0018789547,0.0020217714,0.0017221036,0.001609899
17.87941,5.444233,-0.00048025875,0.0014075489,0.002029,0.0021727444,0.0018792903,0.0017668438
18.09463,5.6110888,-0.00045234876,0.0013893929,0.0019979218,0.0021201775,0.0018194222,0.0017120013
17.80793,5.6910534,-0.00051918224,0.0015273154,0.0020884632,0.0021933154,0.001899949,0.0017994461
17.606253,5.5314193,-0.0005544954,0.0015268199,0.002091814,0.0022147167,0.0019326947,0.0018300343
17.404573,5.371785,-0.00058675534,0.0015178612,0.0020855488,0.0022269578,0.0019593902,0.0018557053
17.67773,5.284599,-0.0005033818,0.0014156585,0.002049077,0.0022149528,0.0019320507,0.0018157761
17.471249,4.7794833,-0.00045286806,0.0013103804,0.00206449,0.002350871,0.002112461,0.0019704814
17.357971,5.005979,-0.0005285116,0.0014041949,0.0020644313,0.0022776718,0.0020255065,0.0019036946
17.244694,5.2324753,-0.00060740096,0.0015000007,0.002072777,0.0022320652,0.0019795476,0.0018753476
17.278732,4.7649703,-0.0004924925,0.001347542,0.0020758437,0.0023575698,0.0021354838,0.0019995798
17.165455,4.991466,-0.00057678326,0.0014339042,0.0020615978,0.002268938,0.0020342837,0.0019201407
17.086216,4.7504573,-0.0005377246,0.0013728729,0.002069728,0.0023461503,0.0021445958,0.0020167222
17.631128,4.918793,-0.00044907362,0.0013086298,0.0020382027,0.0022879962,0.0020259256,0.0018894174
17.791008,5.058103,-0.00044320207,0.0013029268,0.0020106935,0.0022301876,0.001951775,0.0018203144
17.51785,5.145289,-0.00051724486,0.0014123106,0.0020585884,0.0022464627,0.0019761985,0.0018569195
17.351923,4.2259502,-0.00034858566,0.0012190192,0.0022237862,0.0027844259,0.002644144,0.0024367943
17.199183,4.3959484,-0.00041878945,0.0012722571,0.00215494,0.0026037772,0.002448361,0.0022735598
17.04644,4.565946,-0.0004987813,0.001329026,0.002097459,0.0024488366,0.0022801247,0.0021353632
17.167938,4.1621947,-0.00036645515,0.0012413013,0.002270476,0.002870672,0.002751006,0.0025366985
17.015198,4.332193,-0.00044318015,0.0012825232,0.0021725218,0.00265228,0.0025254064,0.002348445
16.983955,4.098439,-0.00038793092,0.0012540672,0.0023101827,0.0029517266,0.0028512005,0.0026304265
17.431473,4.594972,-0.00041966088,0.0012715664,0.0020917044,0.002448911,0.002240107,0.0020823493
17.238956,4.580459,-0.00045642143,0.0013061798,0.0021032733,0.0024578802,0.0022670568,0.002114806
17.391699,4.4104614,-0.00038464885,0.0012403934,0.0021417993,0.0025898782,0.0024162203,0.0022370706
17.256845,3.8923662,-0.0002860258,0.0012181022,0.002491359,0.003291399,0.00317649,0.0029038175
17.304384,4.0591583,-0.00031742436,0.0012123819,0.002335663,0.003013251,0.0028939326,0.0026557427
17.072863,3.828611,-0.0003018244,0.0012441037,0.0025764564,0.003419631,0.0033038487,0.0030201331
17.120401,3.9954028,-0.00033405953,0.0012357977,0.0023994553,0.003121517,0.0030136216,0.0027659307
16.936417,3.9316473,-0.0003546198,0.0012502325,0.0024584,0.0032239733,0.0031238524,0.0028676086
16.954882,3.7265782,-0.00029892498,0.0012638416,0.002712992,0.003620597,0.0034904093,0.003186634
18.871696,5.4919605,-0.00034114366,0.0009813237,0.0016404889,0.0018047891,0.001520423,0.0014094576
19.146847,5.285941,-0.00031572682,0.00077875087,0.0014616292,0.0016745093,0.0014141197,0.0012971301
19.170141,5.66067,-0.0003240891,0.0008782603,0.0015002541,0.0016440378,0.0013694456,0.0012710748
19.445292,5.4546504,-0.00031050545,0.00066915795,0.0013037121,0.0014921952,0.0012440811,0.0011415402
19.468586,5.8293786,-0.00030959613,0.000763961,0.0013443973,0.0014710856,0.0012100168,0.0011250844
19.813742,5.5006332,-0.0003076356,0.00048445957,0.0010754743,0.0012662823,0.0010452985,0.00095380703
18.642685,4.758744,-0.00030154592,0.00088666455,0.0017033491,0.0020393028,0.0017940521,0.0016397955
18.902454,4.8658032,-0.00029949934,0.00079350657,0.0015701952,0.0018790241,0.0016346517,0.001490772
19.162226,4.9728627,-0.0002992359,0.000694894,0.0014295228,0.0017146311,0.0014767351,0.0013439324
18.627306,5.0718226,-0.0003338993,0.00097078196,0.0017152874,0.0019616107,0.0016865887,0.00155104
18.887075,5.1788816,-0.00032358986,0.0008782379,0.0015938425,0.0018225391,0.0015528004,0.001425962
18.611927,5.384901,-0.00036008412,0.0010745926,0.0017546793,0.0019314366,0.0016408217,0.0015220499
18.181486,5.05119,-0.00037936599,0.0011572471,0.0018987039,0.0021351713,0.0018518501,0.0017147401
18.412086,4.904967,-0.00033518416,0.0010202818,0.0018050659,0.0020893915,0.0018206327,0.0016741066
18.396708,5.218045,-0.00037091642,0.001118839,0.0018293972,0.0020339505,0.0017443886,0.0016160955
17.66013,4.6430664,-0.00038898402,0.0012246792,0.0020527735,0.0023994134,0.0021695662,0.0020104356
17.620354,4.458555,-0.0003572741,0.0011952019,0.0020970257,0.0025272907,0.0023310157,0.0021528187
17.58058,4.2740445,-0.0003240691,0.0011750876,0.0021693625,0.0027038963,0.002543334,0.0023399696
17.84901,4.5066495,-0.0003351732,0.0011377647,0.0020347848,0.0024486259,0.0022348112,0.002058811
17.809235,4.322139,-0.00030493623,0.0011189473,0.0020987806,0.0026087344,0.0024309815,0.0022327076
18.037891,4.3702326,-0.00029056222,0.0010525407,0.0020135865,0.0025006202,0.0023095403,0.0021171889
18.441086,4.62924,-0.00029845577,0.0009452204,0.0018052869,0.0021825223,0.0019483914,0.0017829824
18.210487,4.775463,-0.00033810906,0.0010694225,0.0018869605,0.0022051523,0.0019468513,0.0017917518
17.979889,4.921686,-0.0003892234,0.0011956625,0.0019596638,0.0022235294,0.0019507174,0.0018075061
18.239489,4.4997363,-0.00029471,0.0010005872,0.0019080229,0.0023349149,0.0021190962,0.0019413242
18.00889,4.6459594,-0.00034041624,0.0011137307,0.0019659533,0.0023245965,0.0020843316,0.0019202264
17.82001,4.7823763,-0.00039001304,0.0012116029,0.0020055473,0.0023067067,0.0020516224,0.0019010567
17.370321,3.728873,-0.00023294121,0.0012134535,0.002666847,0.003579396,0.0034521944,0.003144686
17.531334,3.7321715,-0.00021502214,0.0011810401,0.002625585,0.0035357485,0.0034128074,0.0031073445
17.41786,3.895665,-0.00026362878,0.0011902035,0.0024650334,0.0032633166,0.0031460146,0.0028730007
17.578873,3.8989637,-0.00024495347,0.0011557755,0.0024280152,0.003223352,0.003105269,0.0028333717
17.465397,4.062457,-0.00029407794,0.0011818805,0.0023123862,0.0029891855,0.0028630926,0.002623559
17.694054,4.110551,-0.0002759536,0.0011299448,0.0022325537,0.0028764303,0.002738258,0.0025068827
17.807528,3.9470577,-0.00023267705,0.0010956812,0.0023205318,0.0030790872,0.0029590428,0.0026989458
17.922709,4.158645,-0.00026292712,0.0010672512,0.0021393292,0.0027512168,0.002601984,0.0023796954
17.416197,3.5577784,-0.00019029838,0.0012393706,0.00290453,0.0039112326,0.0037605755,0.0034209462
19.286812,4.60135,-0.0002731057,0.00057465857,0.0013653531,0.0017614627,0.0015779911,0.0014276516
19.354404,4.840636,-0.00028924827,0.0005787651,0.0013151498,0.0016381848,0.0014279191,0.0012929144
19.027042,4.4942904,-0.0002635756,0.0006764287,0.0015278459,0.0019640662,0.0017802747,0.0016153994
19.094633,4.7335763,-0.00028374608,0.00068042846,0.0014674962,0.0018192296,0.0016025739,0.0014549746
18.834864,4.6265173,-0.00027963644,0.0007782935,0.0016156652,0.0020005712,0.001783075,0.0016230106
19.566044,4.582934,-0.00027677923,0.00044805545,0.001198879,0.0015996869,0.0014421167,0.0012995541
19.053751,4.2491107,-0.00023932153,0.0006460177,0.0015705118,0.0021171211,0.001984193,0.0017996499
18.861572,4.3813376,-0.000253228,0.00073527783,0.0016408208,0.0021262143,0.0019542594,0.001775894
18.669394,4.513564,-0.00027258997,0.0008314411,0.0017141879,0.0021412699,0.0019345565,0.0017629826
18.888283,4.136158,-0.00022527248,0.0007113196,0.001708533,0.0023202903,0.002201618,0.0019994199
18.696104,4.2683845,-0.00024214393,0.000794228,0.0017605941,0.0023032525,0.0021466482,0.00195295
18.467796,4.3840604,-0.0002641676,0.00089595123,0.0018374603,0.0023218163,0.002132731,0.0019460111
18.2662,4.2545567,-0.00025523527,0.00095873896,0.0019676539,0.0025205591,0.0023538547,0.0021492657
18.494507,4.1388807,-0.00022896678,0.00086674304,0.0019149935,0.002534172,0.002396943,0.0021824613
18.16873,3.9350014,-0.00020807583,0.0009842562,0.0021942733,0.0029542947,0.00284209,0.002587966
18.10331,4.152617,-0.0002483428,0.0010083768,0.002078881,0.0026941283,0.002545955,0.0023248713
18.053547,3.723414,-0.00017620737,0.0010416057,0.002450365,0.0033571315,0.0032546408,0.0029607117
17.988129,3.9410295,-0.00021848088,0.0010424681,0.0022627146,0.003022579,0.0029054182,0.002647659
17.872948,3.7294421,-0.000186446,0.0010949542,0.0025179072,0.0034251534,0.0033143673,0.0030156903
18.397038,3.8193254,-0.00018313152,0.0009133987,0.0021863077,0.0030182314,0.0029276868,0.0026626512
18.559925,3.9212651,-0.00019688159,0.00084503193,0.0020156184,0.0027728176,0.0026776649,0.0024347971
18.331617,4.036941,-0.00021848184,0.000925451,0.0020489516,0.0027360693,0.0026131463,0.002379811
17.96623,3.5358236,-0.00014575892,0.0011078868,0.0027380162,0.0037537257,0.0036366743,0.0033089023
19.131296,4.0261364,-0.00021730477,0.0006138639,0.0016209274,0.002288614,0.0022075407,0.0020020488
18.561043,3.6822255,-0.00016190368,0.0008732759,0.002238843,0.0031539523,0.0030818651,0.0028026737
