x,y,pred_e_110,pred_e_1116,pred_e_1130,pred_e_1143,pred_e_1163,pred_e_1171
1.8311099,38.687588,0.002782873,0.0044096266,0.003944052,0.0033863944,0.004831866,0.006715666
2.074575,38.61109,0.002092019,0.0033087635,0.0028748428,0.0025127213,0.0038681645,0.0058368524
2.3180404,38.53459,0.00148087,0.0022929641,0.001886448,0.001730863,0.003020739,0.005047774
2.5615056,38.458096,0.0009561636,0.0013861324,0.0010070656,0.0010500732,0.0022859469,0.00434871
1.993373,38.8901,0.002400119,0.0037340736,0.0033149603,0.0029103504,0.004166673,0.0060355305
2.2464602,38.80496,0.0017507833,0.002659136,0.0022367954,0.0020489802,0.0032774117,0.0052235876
2.4995472,38.719814,0.001194621,0.0016929372,0.0012661484,0.0012945432,0.0025064396,0.004504836
2.17488,39.07532,0.0020404947,0.0030547618,0.0026268947,0.0023994616,0.003535392,0.0053934525
2.4375892,38.981537,0.0014521697,0.002037284,0.0015739225,0.0015718458,0.0027303458,0.0046573495
2.3756309,39.24326,0.0017234504,0.0024045685,0.0019205159,0.0018761563,0.0029546556,0.004805148
1.4549216,37.968254,0.003584341,0.0059145414,0.0051756706,0.0044551943,0.0068301815,0.0088040475
1.7320184,37.959023,0.002829902,0.0046926616,0.00405971,0.0034530736,0.005431703,0.0075030173
2.0091152,37.949795,0.0020926613,0.0034959847,0.0029653169,0.0025181314,0.00418478,0.0063198037
2.286212,37.940563,0.0014014643,0.0023692471,0.0019413003,0.0016806009,0.0031113469,0.0052765487
1.5621117,38.218517,0.0034243923,0.0055588144,0.0048915576,0.0041665556,0.006191297,0.00812776
1.8483115,38.204044,0.0025974882,0.0042427103,0.0036862986,0.003127147,0.004834967,0.0068678423
2.1345112,38.18957,0.0018248883,0.0029892037,0.0025298232,0.002179719,0.0036577552,0.0057502217
1.6875077,38.458294,0.0031417797,0.0050362903,0.0044762027,0.0038067966,0.005515194,0.0074224924
1.9828106,38.43858,0.0022867,0.0036773076,0.0032046414,0.0027506405,0.0042324336,0.0062305806
6.447986,38.965843,-0.0006564735,8.7254346e-05,0.0015419716,0.0008763006,-0.0005099736,0.0010916028
6.6878014,39.15118,-0.0005471881,-0.00013184772,0.0009798318,0.00040782758,-0.0010532676,0.00069352344
6.9276166,39.336517,-0.0004554291,-0.00036212744,0.0002736064,-0.00024606005,-0.0016161535,0.00025247858
7.167432,39.521854,-0.00038989677,-0.00058786647,-0.0004728496,-0.0010996792,-0.0021962943,-0.00022849842
6.282333,39.28026,-0.00076038257,0.00013170353,0.0016017762,0.00079429237,-0.0004538439,0.0012285139
6.5301204,39.48429,-0.0006358689,-6.3897e-05,0.001041665,0.00032864473,-0.001011313,0.00082208274
6.777908,39.68832,-0.00052744953,-0.0002854386,0.000312403,-0.00034046412,-0.0015969308,0.00036350838
6.116679,39.59467,-0.0008414739,0.00019188612,0.0016563683,0.0006849082,-0.00036825135,0.0013794776
6.372439,39.817398,-0.0007033603,2.080217e-05,0.0011030599,0.00022330016,-0.00093814137,0.00096524303
5.951026,39.909084,-0.00089633884,0.00026501567,0.0017123915,0.0005519624,-0.00025396392,0.0015429185
7.1331334,38.76385,-0.00031738967,-0.00042206794,0.00029113397,-5.1966756e-05,-0.0015127717,0.00016775228
7.450928,38.849033,-0.00023982585,-0.000714625,-0.0005527152,-0.00097414287,-0.0021435963,-0.00038300038
7.768723,38.934216,-0.00020762249,-0.0009755406,-0.0013352825,-0.0020691713,-0.0028067017,-0.000972234
8.086518,39.019398,-0.0002169174,-0.0012077934,-0.0020292317,-0.0032329215,-0.0035450952,-0.0016115372
7.144566,39.01652,-0.00034704135,-0.0004878743,3.8871392e-05,-0.0003708452,-0.0017479311,3.6641733e-05
7.462616,39.10311,-0.0002754882,-0.0007646675,-0.0007959196,-0.0013648326,-0.002392348,-0.0005342485
7.7806654,39.189705,-0.0002496776,-0.0010144159,-0.0015588303,-0.002511847,-0.003081438,-0.0011490055
7.1559987,39.269188,-0.00037121013,-0.00054184167,-0.00021648392,-0.0007203309,-0.0019750437,-9.4873605e-05
7.4743032,39.357193,-0.00030711608,-0.00080910546,-0.0010388896,-0.0017829653,-0.0026377153,-0.0006884034
8.828586,38.68565,-0.0002460435,-0.001681685,-0.0030926615,-0.004971108,-0.005029163,-0.0028750957
8.578567,38.79061,-0.00022142724,-0.0015170814,-0.0027411282,-0.004395904,-0.0044603376,-0.0024212217
8.33121,38.90186,-0.00021133304,-0.0013607208,-0.0023899816,-0.0038178219,-0.003971303,-0.0020033647
8.630538,38.502308,-0.00016987488,-0.0015350385,-0.002636425,-0.004068564,-0.004196109,-0.0022709225
8.381851,38.610413,-0.0001574035,-0.0013744079,-0.0022831596,-0.0034960257,-0.003727454,-0.001870587
8.135827,38.724808,-0.0001618582,-0.0012155706,-0.0019144751,-0.0029134536,-0.0033200758,-0.0014950512
8.432491,38.318966,-0.00010302872,-0.0013964061,-0.0021944186,-0.003196739,-0.0034767694,-0.00173413
8.185135,38.430214,-0.00010480836,-0.001228971,-0.0018146364,-0.0026148348,-0.0030866265,-0.0013745807
8.234444,38.135624,-4.6921e-05,-0.001246842,-0.0017278396,-0.0023361435,-0.0028445465,-0.0012490622
8.861869,37.984898,-0.00010789648,-0.0016856863,-0.0027164721,-0.0039233225,-0.004055248,-0.0022576312
9.05914,38.085526,-0.00017455638,-0.0018174101,-0.003073985,-0.0046175555,-0.004767158,-0.0027701813
9.256412,38.186153,-0.00024723052,-0.0019615907,-0.003453769,-0.0053364257,-0.0055786185,-0.0033453596
9.453683,38.28678,-0.00032542436,-0.0021301121,-0.0038797902,-0.0060970853,-0.0064899577,-0.0039929166
8.850775,38.218483,-0.00015321061,-0.0016760363,-0.002823419,-0.004249215,-0.004374734,-0.0024595344
9.053646,38.328793,-0.00022298172,-0.0018192239,-0.003217001,-0.005005967,-0.005154972,-0.0030204146
9.256516,38.439106,-0.0002994713,-0.0019830496,-0.0036492264,-0.005800273,-0.006045924,-0.0036527885
8.83968,38.452065,-0.00019931435,-0.0016743736,-0.0029480828,-0.0045979605,-0.0046993885,-0.0026652603
9.048151,38.57206,-0.00027248354,-0.0018329574,-0.0033862812,-0.005425021,-0.0055517363,-0.0032773644
3.2379718,39.719036,0.0006336189,0.00066547224,9.01103e-06,0.00039947024,0.0015534707,0.003365536
2.9353228,39.58808,0.001034296,0.0011059893,0.00043802708,0.00075289526,0.0018671006,0.0037002384
2.6478758,39.42949,0.0013775761,0.0016849557,0.0010976822,0.0012602254,0.0023356183,0.004178627
3.2805686,39.388187,0.00046937703,0.00032390663,-0.00033398642,0.00015640527,0.001341154,0.0032067427
2.9855206,39.243416,0.0007859166,0.0007132597,7.810168e-05,0.0004701534,0.0016374313,0.0035412812
2.7056746,39.071003,0.0010644053,0.001258808,0.0007192843,0.00093821547,0.0020923447,0.0040231086
3.3231654,39.057343,0.00029085853,-2.1822229e-05,-0.000623204,-5.203679e-05,0.0011330582,0.0030486446
3.0357187,38.89875,0.0005275155,0.00033279872,-0.0002148208,0.00022748433,0.0014111856,0.0033812684
3.3657625,38.726494,9.757981e-05,-0.00035288796,-0.0008323996,-0.00021494538,0.00093354465,0.0028930362
4.1614065,38.9873,-0.00058831304,-0.000495325,-0.0006049539,2.8765724e-05,0.00088148547,0.002554129
4.279971,39.32223,-0.00072742254,-0.00022601231,-0.00012498767,0.00022814215,0.0010283255,0.0026521527
4.3985353,39.657166,-0.00084900396,-3.5025178e-07,0.00041921422,0.00039824954,0.0011409705,0.002735319
4.5171,39.992096,-0.00092622655,0.00018143408,0.0009610563,0.0005039387,0.0012076959,0.0027938986
3.8535948,39.231213,-0.00027125387,-0.0002920869,-0.0006729753,-8.935585e-05,0.0009810665,0.0027507853
3.9660122,39.58669,-0.00040109217,-5.1198527e-05,-0.00023552522,0.00011555016,0.0011475538,0.002855819
4.0784297,39.942165,-0.0005317277,0.00014974951,0.00027953365,0.00031185694,0.0012983261,0.0029584104
3.5457833,39.475124,0.00013865076,9.3140676e-05,-0.00047402785,3.0155183e-05,0.0011994254,0.0030168444
3.6520536,39.851143,3.133513e-05,0.00029676937,-0.00010614872,0.00022060603,0.0013577096,0.0031086355
5.477366,39.97626,-0.001066273,0.00037638194,0.001943,0.00068180216,0.00042768425,0.0020928287
4.999391,40.003933,-0.0011054215,0.00031195438,0.0016482016,0.00065402867,0.00093130633,0.0025121642
5.7606454,39.515438,-0.0010121367,0.00031464978,0.001919861,0.0009156433,0.00021031931,0.0018173951
5.284828,39.562862,-0.0011433656,0.0002873935,0.0017085925,0.00089024735,0.00073231466,0.002252055
4.804695,39.570778,-0.0010881465,0.00010504633,0.0010340172,0.00067548605,0.0010278733,0.0025458648
5.5702653,39.12179,-0.0010820011,0.00030209497,0.0017994889,0.0011532077,0.0005904858,0.0020185877
5.09229,39.14946,-0.0011370194,0.00011082865,0.0011921622,0.00095543853,0.0009119329,0.0023286801
5.379885,38.728146,-0.0010767425,0.00019011527,0.0014106076,0.0012778273,0.000859078,0.0021450473
1.1737292,36.94111,0.0031344264,0.0053636837,0.0051982906,0.0049325633,0.008644966,0.01084365
1.4947075,37.00582,0.0026274717,0.0045806705,0.0043064016,0.0039640684,0.006963698,0.009238081
1.8156857,37.070534,0.0020951228,0.0037237215,0.003351813,0.0029817773,0.005298706,0.007618265
2.1366642,37.135246,0.0015241009,0.0028133332,0.0024032642,0.0020664698,0.0038149636,0.006136026
1.2398866,37.29027,0.0034377503,0.005888441,0.005386091,0.0049084197,0.008221388,0.010329637
1.5746516,37.351593,0.0028068686,0.004843885,0.0043110102,0.0038168342,0.006426824,0.008624356
1.9094166,37.412914,0.00212806,0.003709672,0.0031833614,0.0027437569,0.0047470387,0.006997771
1.3336174,37.632652,0.0036088217,0.0060913377,0.0053827576,0.0047471635,0.0076036993,0.009636833
1.6821691,37.690586,0.0028165772,0.004760699,0.004122789,0.0035471532,0.005758211,0.007891084
9.326107,37.456306,-0.00012505888,-0.002025572,-0.003161559,-0.0043736976,-0.004510548,-0.0026597166
9.599195,37.529343,-0.00022278383,-0.0022081856,-0.003586235,-0.0051679183,-0.0055254833,-0.0033777594
9.872282,37.60238,-0.0003275615,-0.002420458,-0.004065615,-0.0060129906,-0.006679461,-0.0042162086
10.14537,37.67542,-0.00043974654,-0.0026825415,-0.004634264,-0.006926647,-0.007929579,-0.00518278
9.368632,37.73313,-0.00018988788,-0.0020380626,-0.0033514493,-0.0048905397,-0.0051314086,-0.0030749799
9.642258,37.805965,-0.00028890252,-0.0022432404,-0.0038272387,-0.0057447418,-0.0062327385,-0.0038608974
9.915883,37.8788,-0.00039606303,-0.002493144,-0.0043836813,-0.0066630067,-0.007460568,-0.0047735786
9.411158,38.009956,-0.00025655286,-0.0020710286,-0.003587187,-0.005463059,-0.005791817,-0.0035190135
9.685321,38.082584,-0.0003575845,-0.0023082935,-0.0041316347,-0.006386584,-0.006976385,-0.004376284
11.564095,36.468864,-0.00078114885,-0.0038516617,-0.006109819,-0.008379808,-0.010199913,-0.007783089
11.494565,36.253357,-0.00070572225,-0.0036931396,-0.005716037,-0.0077654086,-0.009457881,-0.00709026
11.4250345,36.03785,-0.000635287,-0.0035758836,-0.0053871237,-0.0071871756,-0.00871191,-0.006415514
11.355504,35.822342,-0.00056857883,-0.0034947682,-0.0051218937,-0.00665617,-0.007974473,-0.005767511
11.735493,36.345623,-0.0008287209,-0.003987195,-0.006288231,-0.008562013,-0.010421928,-0.008091468
11.667287,36.13195,-0.0007519595,-0.0038210852,-0.005890651,-0.007957666,-0.009701049,-0.0074100317
11.599081,35.918278,-0.0006804086,-0.0036959446,-0.0055551804,-0.0073843235,-0.008974396,-0.006743184
11.909539,36.22605,-0.000877917,-0.0041230773,-0.0064694034,-0.008748349,-0.010637812,-0.008395939
11.842658,36.014214,-0.00079952093,-0.0039489465,-0.006068149,-0.008155052,-0.009938328,-0.00772884
12.086235,36.11015,-0.0009286635,-0.004259235,-0.006653042,-0.008937996,-0.010847271,-0.0086938385
2.1219835,35.912125,0.0007824832,0.0016205428,0.0019949519,0.0019717661,0.0041273283,0.006675279
1.8058988,36.25512,0.0014183888,0.0025577343,0.0028299564,0.002791859,0.005548619,0.008064264
1.4898139,36.598114,0.00220313,0.0038234359,0.003929055,0.003808736,0.007089758,0.009480437
1.7350696,35.79215,0.001110505,0.0018738892,0.0024936623,0.0027080495,0.0058936714,0.008523033
1.4223251,36.134678,0.0018231033,0.0030154716,0.0035478175,0.0037268866,0.0074539115,0.009962787
1.1095805,36.47721,0.0026713521,0.0044305865,0.004754062,0.004814793,0.008970758,0.011296587
1.3481557,35.672176,0.0014977136,0.0022321255,0.0030667603,0.003545661,0.007694186,0.010303628
1.0387514,36.01424,0.0022652196,0.0034992043,0.0042194603,0.0046187593,0.009162765,0.011597327
0.9612417,35.5522,0.0019488466,0.00268014,0.0036427574,0.004347454,0.009215917,0.0117225135
9.966084,36.761005,-0.00021243349,-0.0025220609,-0.0037569953,-0.0049361284,-0.005262517,-0.003257445
10.282975,36.847897,-0.00034064322,-0.0027313596,-0.004220438,-0.0057970416,-0.0065716207,-0.004240815
10.599866,36.934788,-0.00047509535,-0.0029953264,-0.004786459,-0.0067508514,-0.007967614,-0.005385807
10.916758,37.021683,-0.0006190714,-0.00333807,-0.005483267,-0.0077896253,-0.009362081,-0.006658241
10.025846,37.065807,-0.00028499513,-0.0025352305,-0.003965868,-0.0055121677,-0.0061016898,-0.003848576
10.344675,37.155262,-0.00041711272,-0.0027921123,-0.004527164,-0.00647891,-0.0075087775,-0.0049422015
10.663505,37.24472,-0.00055862946,-0.0031263821,-0.0052216845,-0.0075396723,-0.008958384,-0.006191151
10.085608,37.370613,-0.00036034302,-0.0025852518,-0.004252791,-0.006174978,-0.0069951178,-0.00449092
10.406375,37.46263,-0.00049835024,-0.0029063052,-0.0049369787,-0.0072514177,-0.008478411,-0.0056945262
10.833222,36.774853,-0.0005376674,-0.0031861193,-0.0050557363,-0.0070667886,-0.008454516,-0.005875198
10.749686,36.528023,-0.00046138288,-0.0030848915,-0.004717256,-0.006409328,-0.0075561674,-0.0051330077
10.666151,36.281197,-0.00038866757,-0.003025831,-0.0044597816,-0.0058263694,-0.00668547,-0.004440074
11.128115,36.831535,-0.00066983985,-0.003508551,-0.0056868647,-0.007976111,-0.009649521,-0.0070263664
11.04679,36.587643,-0.00058835535,-0.0033506686,-0.005258647,-0.0072680917,-0.008768684,-0.006242614
10.965466,36.34375,-0.00051226554,-0.0032434892,-0.004916838,-0.006619609,-0.007891724,-0.005493812
11.343894,36.647263,-0.00072402356,-0.0036800618,-0.0058960984,-0.008173377,-0.009929391,-0.0074033346
11.26478,36.406307,-0.0006420048,-0.0035152233,-0.005466501,-0.007480513,-0.009077985,-0.0066257287
12.52616,35.69359,-0.0010145071,-0.0044864756,-0.006885224,-0.009108291,-0.010980397,-0.009057772
12.388285,35.843197,-0.0009944742,-0.004433552,-0.0068464074,-0.009098477,-0.010995332,-0.008999536
12.241643,35.98205,-0.00096571504,-0.0043578683,-0.0067695407,-0.009042594,-0.010952162,-0.008879579
12.307179,35.604115,-0.0008963777,-0.004215419,-0.0063815685,-0.008440206,-0.010227969,-0.00826554
12.164921,35.748344,-0.00087272224,-0.004148189,-0.0063150437,-0.008395919,-0.010198407,-0.008156362
12.013896,35.88182,-0.00084116147,-0.004061674,-0.006213771,-0.008304388,-0.01010651,-0.0079837935
12.0882,35.51464,-0.0007869236,-0.003988526,-0.0059297592,-0.007772891,-0.009434954,-0.007444131
11.941558,35.653492,-0.00076024904,-0.0039113653,-0.0058411425,-0.0076961084,-0.009356462,-0.0072850306
11.869219,35.425167,-0.0006842211,-0.0038027049,-0.00553704,-0.00712893,-0.008612203,-0.0066088573
2.0759482,34.463024,-1.4370084e-05,-0.00019004375,0.00054319814,0.0009132075,0.0037842756,0.006583547
1.7043794,34.82608,0.00049883523,0.0004576236,0.0013149625,0.0018898726,0.005631963,0.008438885
1.3328105,35.18914,0.0011547196,0.0014239353,0.0023908932,0.0030990236,0.0075086937,0.010203792
1.6320688,34.238457,0.0003374301,-0.00013796032,0.0006323421,0.0013076683,0.005448063,0.008302423
1.2548895,34.602432,0.00093674636,0.0007186249,0.0016749274,0.0025773912,0.007359879,0.010097262
0.8777102,34.966408,0.001653364,0.0018174666,0.0028736251,0.0038600618,0.0090509495,0.011605402
1.1881893,34.013893,0.0008254954,0.00017874375,0.0009769249,0.0019197443,0.0069956756,0.009765107
0.8053996,34.378784,0.001473391,0.0011499876,0.0021188953,0.0032381343,0.008709477,0.011304016
0.74430984,33.789326,0.0013860883,0.0006299083,0.0013892599,0.0024847356,0.008185156,0.010856974
13.059776,35.122444,-0.001073793,-0.004644109,-0.0070008636,-0.009129799,-0.010853154,-0.009186676
12.878378,35.308624,-0.0010551619,-0.004594208,-0.0069579114,-0.009112241,-0.010892299,-0.009145223
12.700506,35.499004,-0.0010353078,-0.00454167,-0.0069193314,-0.009104977,-0.010934843,-0.009102168
12.815469,35.037327,-0.0009494568,-0.004382872,-0.006513682,-0.008464254,-0.010125656,-0.008446581
12.635834,35.22561,-0.00093112915,-0.0043263347,-0.006459781,-0.008438366,-0.010147673,-0.008375213
12.459724,35.41809,-0.0009114538,-0.004265894,-0.0064087003,-0.008421942,-0.010173041,-0.008302989
12.571161,34.95221,-0.00083422556,-0.004165156,-0.0060785194,-0.0077981083,-0.009363157,-0.00767166
12.39329,35.14259,-0.00081617874,-0.0041027367,-0.0060143564,-0.0077641164,-0.009363794,-0.0075689666
12.326854,34.867092,-0.00072610186,-0.0039872606,-0.0057015284,-0.0071565043,-0.008576367,-0.0068719722
2.166426,32.728203,-0.0003634931,-0.0015359144,-0.0014017523,-0.0014016746,0.0015556159,0.004361604
1.6923873,33.081913,0.00010011651,-0.0010856704,-0.0007878009,-0.00040226133,0.0038191034,0.0067358958
1.2183486,33.43562,0.00068987603,-0.00034148456,0.00020046115,0.0009978715,0.0061402638,0.00898252
1.6512784,32.432735,0.00019153774,-0.0013948284,-0.0014022408,-0.0012321791,0.0030599202,0.0059947395
1.1706712,32.78705,0.0007344086,-0.0007083419,-0.00048950524,8.892477e-05,0.005318689,0.008229825
0.6900641,33.141365,0.0013650162,0.00016250297,0.0006016402,0.0015234932,0.0073565207,0.010145797
1.1361307,32.137264,0.0008217512,-0.0010423586,-0.0011672997,-0.0008369133,0.004343465,0.0072948653
0.6489551,32.492188,0.0013862516,-0.00026403664,-0.0001933238,0.00048139945,0.0063084816,0.009185348
0.62098294,31.841797,0.0014121733,-0.0007051455,-0.000996866,-0.00054779946,0.005207819,0.008103322
12.921279,34.1687,-0.0007412811,-0.004134089,-0.005855983,-0.0071735363,-0.008469441,-0.007138853
13.2176,34.242,-0.0008580571,-0.0043128775,-0.006235482,-0.007838613,-0.009218126,-0.007879197
13.513921,34.3153,-0.0009827929,-0.0045319707,-0.006674714,-0.008533991,-0.0099513475,-0.008588327
13.810242,34.3886,-0.0011178238,-0.0047962964,-0.00716704,-0.0092272395,-0.010657826,-0.009263014
12.967444,34.486618,-0.00084735843,-0.00425754,-0.0061575808,-0.007779168,-0.009224235,-0.0077679493
13.263388,34.55922,-0.00097373384,-0.0044831797,-0.00660944,-0.008489297,-0.009996954,-0.008534752
13.559331,34.631824,-0.0011104578,-0.0047558253,-0.0071170568,-0.009196879,-0.010734849,-0.009258945
13.01361,34.80453,-0.0009572804,-0.004422773,-0.0065366006,-0.008439752,-0.010028796,-0.008456595
13.3091755,34.87644,-0.0010957762,-0.004705927,-0.007062593,-0.009165039,-0.010801566,-0.009235168
13.591622,33.38472,-0.00069464924,-0.004189182,-0.005942183,-0.007135824,-0.008274582,-0.007290689
13.933412,33.445305,-0.0008119877,-0.0043701846,-0.0063229185,-0.007803225,-0.008945293,-0.007913798
14.275202,33.50589,-0.00093882694,-0.0045924955,-0.0067670722,-0.008518556,-0.009622564,-0.00852331
14.616991,33.56648,-0.0010784495,-0.0048623206,-0.0072666327,-0.00924561,-0.010296741,-0.009120995
13.664495,33.719345,-0.00082819967,-0.0043468517,-0.0062744473,-0.0077790185,-0.009001829,-0.007878056
14.007419,33.781197,-0.00095795124,-0.0045717214,-0.0067271716,-0.008509584,-0.009719422,-0.008542159
14.350342,33.843044,-0.0010998043,-0.0048456853,-0.0072373827,-0.009246163,-0.010422703,-0.009181682
13.737369,34.053974,-0.00096849055,-0.0045434935,-0.006679662,-0.00849003,-0.00980717,-0.008541059
14.081426,34.117085,-0.0011137156,-0.0048252414,-0.007205554,-0.009241175,-0.010545913,-0.00923212
14.400628,32.71706,-0.0006821148,-0.004300185,-0.0061947405,-0.0074609458,-0.008449398,-0.007638736
14.700843,32.77092,-0.00078778045,-0.0044821836,-0.0065527325,-0.00804776,-0.008976501,-0.008093741
15.001058,32.824783,-0.000904347,-0.0046971533,-0.0069589973,-0.008676156,-0.009525858,-0.008561008
15.301272,32.878647,-0.0010345,-0.0049488987,-0.007406747,-0.009323659,-0.010092039,-0.0090406975
14.472749,33.0002,-0.00080546783,-0.0044580763,-0.0065070703,-0.008018385,-0.0090131005,-0.008083964
14.771416,33.052834,-0.00091852364,-0.0046651335,-0.0069054253,-0.008641059,-0.00956875,-0.008563317
15.070083,33.10547,-0.0010436481,-0.0049084206,-0.007344421,-0.0092778895,-0.010134616,-0.009048366
14.54487,33.283337,-0.000937296,-0.0046428726,-0.0068646045,-0.008623713,-0.009633972,-0.008580333
14.8419895,33.334747,-0.0010593551,-0.004880526,-0.007298536,-0.009253051,-0.010204053,-0.009076477
2.199348,30.855951,2.4239496e-05,-0.0023562359,-0.0029808558,-0.003427368,-0.0006791994,0.0019576028
1.6732264,31.184566,0.00041219464,-0.001972729,-0.0025339203,-0.0027329184,0.0012600714,0.004141314
1.1471046,31.513182,0.0008785366,-0.0014066888,-0.0018398942,-0.0017185037,0.0033076715,0.0062535615
1.670961,30.533825,0.0005509379,-0.0022888065,-0.0030690068,-0.003355435,0.0005310591,0.003365705
1.1384655,30.86253,0.0009465345,-0.0017992012,-0.002495607,-0.0025041425,0.0024259358,0.0053415657
0.60597,31.191233,0.0014065054,-0.0011931058,-0.001790566,-0.0014928232,0.004216064,0.0070844064
1.142574,30.211699,0.0009525781,-0.0022494318,-0.003137815,-0.003204717,0.0016893464,0.004582932
0.6037047,30.540491,0.0013385336,-0.001735793,-0.002558602,-0.0023312957,0.0033991819,0.006238291
0.6141869,29.889572,0.0011877003,-0.0023233877,-0.0032881154,-0.0030571513,0.0027599002,0.0055887224
15.138894,32.214714,-0.0007289164,-0.0045042294,-0.006564126,-0.007958889,-0.008774919,-0.008005494
15.37001,32.272934,-0.00082931685,-0.0046821926,-0.006891982,-0.008464228,-0.0092069525,-0.008364993
15.601127,32.331158,-0.00093928946,-0.004882685,-0.007250671,-0.008997156,-0.009660749,-0.008741621
15.832242,32.38938,-0.0010602092,-0.00510769,-0.0076354174,-0.0095443325,-0.010132675,-0.009134204
15.19302,32.436024,-0.0008234483,-0.0046346188,-0.0068217274,-0.00839374,-0.009184968,-0.008323965
15.42317,32.4934,-0.00092836097,-0.004827124,-0.0071706194,-0.008916807,-0.009633955,-0.008698064
15.65332,32.550777,-0.0010434833,-0.0050437115,-0.007545224,-0.009452512,-0.010098735,-0.009085939
15.247147,32.657333,-0.00092519313,-0.004781999,-0.007103558,-0.008853722,-0.009625862,-0.008669816
15.47633,32.713863,-0.0010353882,-0.004991201,-0.0074695484,-0.009379669,-0.010085752,-0.009055357
15.649534,31.891598,-0.00081600144,-0.004725527,-0.006915868,-0.008415557,-0.009096283,-0.008323529
15.833046,31.91312,-0.00090042053,-0.0048774253,-0.0071817683,-0.008805786,-0.009420187,-0.008594045
16.016558,31.934645,-0.0009915243,-0.0050425273,-0.007464869,-0.009212187,-0.009758167,-0.008876136
16.20007,31.95617,-0.0010898965,-0.0052216374,-0.007763307,-0.009630027,-0.010109234,-0.009169581
15.710437,32.057526,-0.0008919279,-0.0048407246,-0.0071420516,-0.008781735,-0.009425701,-0.008579015
15.90054,32.084446,-0.000984257,-0.0050100638,-0.0074345414,-0.009203318,-0.00977852,-0.008873215
16.090645,32.111366,-0.0010842697,-0.005194701,-0.007742992,-0.009635045,-0.010144203,-0.00917873
15.771339,32.223454,-0.00097322004,-0.0049677207,-0.007382676,-0.009160775,-0.009772119,-0.008849674
15.968035,32.255768,-0.0010744771,-0.005156853,-0.0077004796,-0.009606474,-0.010152292,-0.0091672735
2.2797499,28.991318,0.00044146233,-0.003259794,-0.004301957,-0.004782541,-0.0021270926,0.000356927
1.7245623,29.290735,0.000624577,-0.0030444693,-0.004079174,-0.004384731,-0.0005901663,0.0021866101
1.1693746,29.590153,0.00087460614,-0.002730186,-0.0037357204,-0.003799576,0.0010998436,0.003988935
1.7599926,28.64095,0.0005332017,-0.0035038108,-0.0045839753,-0.0047982763,-0.000953262,0.0018100286
1.198614,28.93994,0.0007042883,-0.0032630074,-0.004317434,-0.0043007624,0.0006617534,0.0035524375
0.6372354,29.23893,0.00094394624,-0.0029335755,-0.003950915,-0.0036450762,0.0022860086,0.0051162653
1.2402353,28.290583,0.00043025464,-0.0037942857,-0.0048142434,-0.004642538,0.00037086292,0.0032505924
0.6726658,28.589144,0.00060613366,-0.003522938,-0.0044975467,-0.00404919,0.0019652804,0.0047885156
0.72047794,27.940216,0.0001946745,-0.004020173,-0.0048763542,-0.0042258613,0.0017846213,0.0045740684
16.072948,31.767452,-0.0009706047,-0.005021479,-0.0073990063,-0.009080335,-0.00962287,-0.008785244
15.945827,31.578735,-0.0008614424,-0.0048439447,-0.0070597874,-0.008549943,-0.0091634765,-0.008424697
15.818705,31.39002,-0.0007613012,-0.004686398,-0.0067520584,-0.008056786,-0.008736899,-0.008090507
16.312374,31.782137,-0.0010982337,-0.0052505885,-0.0077802343,-0.009614576,-0.010066304,-0.009157158
16.185835,31.594013,-0.00098231,-0.0050559235,-0.0074208234,-0.009068546,-0.009589686,-0.008782116
16.059298,31.40589,-0.000876392,-0.0048831166,-0.007087126,-0.0085452795,-0.009140939,-0.008430935
16.425846,31.609291,-0.0011155825,-0.0052906494,-0.007811472,-0.009616961,-0.010042626,-0.009161743
16.29989,31.42176,-0.001003013,-0.0051011704,-0.007456741,-0.009074877,-0.009575139,-0.00879519
16.540483,31.437632,-0.0011422288,-0.005342201,-0.007857824,-0.0096382955,-0.010038277,-0.009183169
2.4302886,27.107105,8.356429e-05,-0.0044451435,-0.005460224,-0.005449222,-0.0026053411,-0.00020728112
1.8603517,27.38481,4.230298e-05,-0.004382625,-0.0053536384,-0.0051789596,-0.0012810777,0.0014185526
1.2904148,27.662512,8.067474e-05,-0.004244326,-0.005164544,-0.004779694,0.00022454388,0.0030678073
1.9325256,26.73807,-0.00029600144,-0.0046875905,-0.005544664,-0.0050960667,-0.0012874618,0.0013415967
1.356562,27.014824,-0.00029997842,-0.0045613134,-0.0053509385,-0.004701238,0.00018852844,0.0029600633
0.7805984,27.291578,-0.00022250414,-0.004345651,-0.0050532026,-0.0041497773,0.0017304772,0.004448707
1.4347628,26.369036,-0.0005796546,-0.0046632346,-0.005332377,-0.0043953694,0.00026283882,0.0029260803
0.8527724,26.64484,-0.00052975386,-0.0044440012,-0.005010635,-0.0038162183,0.0017898092,0.0043957722
0.937,26.0,-0.0006189117,-0.0042954115,-0.0047341203,-0.003235407,0.0019514003,0.0044039367
16.958448,30.716629,-0.0013033182,-0.005600048,-0.008081785,-0.00974111,-0.010054222,-0.009304143
16.825024,30.960714,-0.0012387834,-0.0055022817,-0.007995377,-0.009696988,-0.010038589,-0.009254908
16.685701,31.201048,-0.0011849573,-0.0054164077,-0.007920905,-0.009662776,-0.010032742,-0.009213844
16.665253,30.70676,-0.0011112774,-0.0052849595,-0.007558174,-0.009009009,-0.009467718,-0.008812111
16.52888,30.948969,-0.0010529782,-0.0051928777,-0.007481256,-0.008976308,-0.00945576,-0.00876576
16.386608,31.187428,-0.0010060067,-0.005113001,-0.007416433,-0.008954286,-0.0094552105,-0.008729191
16.372057,30.696892,-0.00093697355,-0.0050020446,-0.0070903287,-0.00834899,-0.008931942,-0.008359007
16.232735,30.937225,-0.0008857401,-0.004917031,-0.007021719,-0.008323341,-0.00892299,-0.008315879
16.078861,30.687023,-0.0007790844,-0.004749087,-0.006682421,-0.007769047,-0.008448494,-0.0079454295
2.6549435,25.223146,-0.00042325899,-0.004688558,-0.005468038,-0.0046857344,-0.0021986144,-3.5124867e-05
2.0822957,25.482098,-0.0005771428,-0.004645096,-0.005321107,-0.0043419474,-0.0009468059,0.0014664346
1.5096478,25.741049,-0.00064349157,-0.0045193136,-0.0050866334,-0.0038710523,0.00046925218,0.0029903138
2.188097,24.841393,-0.00033831014,-0.004245022,-0.004857829,-0.0037069088,-0.0006659369,0.0015853924
1.6106178,25.099352,-0.00043435514,-0.0041233837,-0.004593953,-0.0031568778,0.000737509,0.0030763359
1.0331384,25.357311,-0.00043335228,-0.0038939745,-0.004197749,-0.002427368,0.0022086732,0.004467413
1.7212508,24.459639,6.920844e-05,-0.0034599632,-0.0038170433,-0.0022692038,0.001103319,0.0032216802
1.1389399,24.716606,4.818715e-05,-0.0032230772,-0.0033590263,-0.0014143692,0.0025667525,0.004591088
1.2544043,24.077885,0.0008514566,-0.0022560926,-0.002179814,-0.0002289696,0.0030287087,0.0047797174
16.421799,29.755676,-0.00095836,-0.0050197984,-0.0068280404,-0.007686442,-0.008348953,-0.007975392
16.779427,29.748188,-0.0011836892,-0.0053680046,-0.00735437,-0.008395321,-0.008930902,-0.008480257
17.137056,29.7407,-0.0014274822,-0.0057510193,-0.0079713855,-0.009234253,-0.009585578,-0.009035112
17.494684,29.733212,-0.0016899721,-0.006167167,-0.008667778,-0.0101906955,-0.010308474,-0.009636399
16.600681,30.075993,-0.0010545955,-0.005177138,-0.007169267,-0.008257267,-0.008833546,-0.008359473
16.956474,30.067392,-0.0012861752,-0.005542212,-0.0077555086,-0.009062026,-0.009475293,-0.008905993
17.312267,30.058792,-0.0015396322,-0.005946823,-0.008425329,-0.009984452,-0.010188919,-0.009503695
16.779564,30.39631,-0.0011679914,-0.005367137,-0.007588369,-0.00894791,-0.009402779,-0.008801796
17.133522,30.386599,-0.0014090909,-0.005755784,-0.008228109,-0.009832375,-0.010100327,-0.009388964
3.0792994,20.171354,0.011254846,0.005730691,0.0059208684,0.0050633936,0.004675688,0.0049585532
2.7153385,20.300205,0.011709746,0.0063764774,0.006981594,0.006213995,0.0056679635,0.0058120852
2.3513775,20.429056,0.012137184,0.007133222,0.008232949,0.0075642955,0.006805034,0.0067667593
1.9874164,20.557907,0.012584399,0.00805268,0.0097111,0.009142116,0.00810081,0.007804917
2.8016775,19.89823,0.013080857,0.007728329,0.008491961,0.0074429177,0.0064381207,0.0063532894
2.4381468,20.02715,0.013639777,0.008644179,0.009897312,0.008914486,0.0076461434,0.0073365886
2.0746162,20.156069,0.014202521,0.009736513,0.011500921,0.010583141,0.008986576,0.008365171
2.5240557,19.625105,0.014965045,0.010301408,0.011616355,0.01034007,0.008564652,0.007941707
2.1609554,19.754093,0.015647925,0.011566834,0.013281175,0.012042924,0.009903204,0.008911901
2.2464337,19.35198,0.016891466,0.013527998,0.014988516,0.013461105,0.010805894,0.009402645
2.8843775,23.369287,0.0011649829,-0.0026883716,-0.0033208507,-0.002490896,-0.00078937126,0.00091565744
2.3410532,23.605486,0.0009973123,-0.0026293856,-0.0030606263,-0.001909088,0.0003845984,0.0022247634
1.7977288,23.841686,0.000880635,-0.0025010793,-0.0026999945,-0.0011700947,0.0016721063,0.0035295063
2.4684913,22.972748,0.0021736892,-0.0014262672,-0.0017634927,-0.00086137635,0.00096944737,0.00254455
1.9225723,23.208395,0.00205659,-0.0012666391,-0.0013056194,1.1450052e-06,0.0022415868,0.0038060863
1.3766532,23.444044,0.0020221262,-0.0009778999,-0.00065636844,0.001096298,0.0036051006,0.005048485
2.0526052,22.576206,0.003653309,0.0002298031,0.0003494545,0.0012862727,0.0029205037,0.0041663344
1.5040914,22.811304,0.0036324721,0.0006023151,0.0011811663,0.002554898,0.004314317,0.0054205745
1.6367188,22.179667,0.005726558,0.002423343,0.0032665879,0.0041476907,0.005164997,0.0059137507
3.0128005,21.665962,0.0054592057,0.0012254438,0.0008444446,0.00085463194,0.0017008006,0.0027354658
2.5541067,21.837196,0.005532863,0.0015315755,0.0014796688,0.0017495032,0.0027459753,0.0037481582
2.0954127,22.008432,0.00560078,0.0019089163,0.002257659,0.0028225,0.0038849246,0.0047939564
2.6710057,21.29661,0.007502116,0.002985719,0.003038195,0.0029359914,0.0034817136,0.0042188675
2.2118933,21.467733,0.007666552,0.0034828421,0.004000412,0.004146829,0.0046574282,0.0052746064
1.7527809,21.638857,0.007878865,0.00413739,0.005235668,0.0056492807,0.0060195834,0.006447517
2.329211,20.92726,0.009890322,0.005153448,0.005882044,0.0056036483,0.0055284793,0.0058497624
1.8696802,21.09827,0.010235497,0.005999855,0.007389093,0.007312881,0.0069998573,0.0070857345
3.0781326,19.06455,0.014987176,0.010463038,0.011260217,0.0096850665,0.007863108,0.007299776
2.8008997,19.16036,0.015644299,0.011396088,0.0124563305,0.010901091,0.008833043,0.00803774
2.5236669,19.25617,0.016274871,0.01241807,0.013712861,0.012178955,0.009837315,0.008760978
2.8637395,18.86126,0.016312463,0.012777742,0.013718057,0.011988174,0.009592198,0.00851011
2.5862007,18.957045,0.017007478,0.013882766,0.014961508,0.013245439,0.010557998,0.009167027
2.3086617,19.05283,0.017679613,0.015050363,0.016181326,0.014458345,0.01143748,0.009707046
2.6493464,18.657967,0.017626265,0.015386289,0.016138999,0.0142583065,0.011242094,0.009516639
2.3715014,18.753729,0.018343072,0.016575838,0.017267488,0.01536793,0.011999559,0.009937623
2.4349532,18.454676,0.018887214,0.018047128,0.018216984,0.016163517,0.012469607,0.010083373
2.4876964,18.216167,0.019238906,0.019123916,0.018850958,0.016692767,0.012761512,0.010132749
2.5571673,17.983292,0.019469023,0.019972594,0.019303102,0.017062388,0.012947069,0.010121031
2.643366,17.756048,0.01959526,0.02060687,0.01961047,0.017305877,0.013051534,0.010067872
2.65789,18.412807,0.018208284,0.016894259,0.017263874,0.015254097,0.011905671,0.009823444
2.718997,18.177116,0.01852037,0.017956961,0.017954586,0.01584794,0.012283802,0.009950995
2.7968318,17.947056,0.018714016,0.018812476,0.018461807,0.016279597,0.01255006,0.010006752
2.8808267,18.370941,0.017508425,0.015727304,0.0162125,0.014224377,0.011191473,0.009427526
2.9502976,18.138065,0.017774543,0.016743165,0.016932204,0.014852614,0.011626979,0.009621283
3.1037633,18.329073,0.01679123,0.014575724,0.015098412,0.013117674,0.010371583,0.008916964
16.894823,28.543072,-0.0014137472,-0.0056813345,-0.0074146106,-0.008057825,-0.008558225,-0.008226008
17.358011,28.512974,-0.001734458,-0.006182892,-0.008172738,-0.009015575,-0.009263163,-0.008828446
17.821198,28.482878,-0.0020574103,-0.00667766,-0.009016134,-0.010134575,-0.010042181,-0.009472891
18.284386,28.45278,-0.0023825609,-0.007151544,-0.009896919,-0.011368514,-0.010895134,-0.010162979
17.094778,28.939785,-0.0014869673,-0.0058119963,-0.0077473857,-0.008620596,-0.009038275,-0.0086303055
17.562815,28.912497,-0.0018190806,-0.00632994,-0.008592957,-0.009739639,-0.009853322,-0.009312507
18.030853,28.885208,-0.0021631946,-0.006855818,-0.009518286,-0.011012617,-0.010753211,-0.010046558
17.294731,29.336498,-0.0015760191,-0.005967,-0.008161872,-0.009331547,-0.009618414,-0.009096779
17.767618,29.31202,-0.0019281744,-0.0065183304,-0.009096683,-0.010607945,-0.010551349,-0.009866643
2.758639,17.512957,0.019628953,0.021080539,0.019817388,0.01746113,0.013097261,0.009979658
2.872948,17.269396,0.019657739,0.021480076,0.01999789,0.01759564,0.01310509,0.00986103
2.9862928,17.025364,0.019697817,0.021816092,0.020165525,0.01772158,0.013077949,0.009716238
2.9343457,17.760855,0.018582584,0.019022232,0.018512592,0.016296133,0.012569129,0.009968844
3.0491366,17.517529,0.018620573,0.019606449,0.018819448,0.016554432,0.01272172,0.009950793
3.1629636,17.273731,0.018656867,0.0201096,0.019081369,0.016777113,0.012830488,0.009894519
3.2253256,17.765661,0.01751933,0.017261809,0.017128441,0.014954193,0.011705591,0.009579754
3.3396344,17.5221,0.017564097,0.017938653,0.017551847,0.01533043,0.011977741,0.009656957
3.5163052,17.770468,0.01642639,0.015426916,0.015521165,0.013361365,0.010542992,0.008908307
17.431309,27.009161,-0.002041194,-0.006540381,-0.008237599,-0.008640354,-0.0086287465,-0.008202836
17.985912,26.940346,-0.002382478,-0.007041855,-0.009052083,-0.009629617,-0.0092677185,-0.008754046
18.540514,26.87153,-0.0026849436,-0.007407244,-0.009833259,-0.010721164,-0.009994759,-0.009363271
19.095118,26.802715,-0.0029693062,-0.007663156,-0.010573791,-0.01192351,-0.010858936,-0.01006791
17.715668,27.490368,-0.0021400326,-0.0067450027,-0.008716339,-0.009356123,-0.00925236,-0.008781656
18.27424,27.423737,-0.002481448,-0.0072145546,-0.009601062,-0.010539497,-0.010028155,-0.009424382
18.832813,27.357107,-0.0028033275,-0.0075829993,-0.010453996,-0.011828074,-0.010917678,-0.010144588
18.000027,27.971573,-0.0022449763,-0.0069287955,-0.009256869,-0.010255814,-0.009993997,-0.009422623
18.562569,27.90713,-0.0026083745,-0.0074137305,-0.010228443,-0.011646228,-0.010938051,-0.010184693
3.1318502,16.69378,0.019817874,0.02222425,0.020414632,0.017918395,0.013006128,0.009496349
3.2879746,16.367384,0.019963942,0.022529442,0.020655107,0.018125469,0.012938005,0.009310182
3.454666,16.04617,0.0201555,0.022777712,0.020902764,0.018363018,0.01292035,0.009205205
3.3697913,17.008385,0.018420894,0.020165658,0.019043477,0.016726512,0.012786218,0.009780656
3.520632,16.679396,0.018550271,0.020664224,0.01934052,0.016988378,0.012828364,0.009620982
3.68204,16.355589,0.018711785,0.02102989,0.019589229,0.017209617,0.01281349,0.009449421
3.7532897,16.991407,0.017097339,0.018236771,0.01758212,0.015319489,0.011996835,0.009514252
3.909414,16.665009,0.017246382,0.018830579,0.01796921,0.015698731,0.01221238,0.009485775
4.1367884,16.974428,0.015770573,0.016138956,0.015816206,0.013552465,0.010768653,0.0088727465
19.900255,25.199503,-0.0033361763,-0.0075395894,-0.010587203,-0.012151012,-0.01087368,-0.009984535
19.612156,24.829296,-0.003155442,-0.007446243,-0.009990737,-0.01106452,-0.009968644,-0.009219967
19.324057,24.459091,-0.0029552483,-0.007337607,-0.009389253,-0.010052548,-0.009119312,-0.008470852
19.035957,24.088886,-0.00273018,-0.0071262564,-0.008733414,-0.009093389,-0.0083101215,-0.007716036
20.10933,24.771168,-0.0033867878,-0.0074444227,-0.010525699,-0.012203462,-0.010916766,-0.009989128
19.81634,24.398634,-0.0031658697,-0.007348768,-0.009890885,-0.011056049,-0.009970155,-0.009192509
19.52335,24.026098,-0.002928309,-0.0072271223,-0.009239484,-0.009969429,-0.009064925,-0.008397304
20.308622,24.338175,-0.0034040355,-0.007333706,-0.010438595,-0.01223803,-0.01095409,-0.009984222
20.010742,23.963312,-0.0031409592,-0.007226638,-0.0097553935,-0.011020968,-0.009962764,-0.0091527
20.498135,23.900524,-0.003384025,-0.007210872,-0.010328416,-0.012252066,-0.010978039,-0.009961798
18.220798,25.420376,-0.0025956803,-0.007135561,-0.008805867,-0.009062936,-0.008425516,-0.007881473
18.780617,25.346752,-0.0028512948,-0.007407553,-0.009423871,-0.009927934,-0.009071775,-0.008474389
19.340437,25.273127,-0.003086199,-0.007512492,-0.009998076,-0.01094041,-0.009878561,-0.009170857
18.512238,25.881155,-0.0027411086,-0.0073654074,-0.009399294,-0.009902798,-0.009153986,-0.008578046
19.070036,25.806412,-0.0029882574,-0.0075446074,-0.010017477,-0.010902369,-0.009900867,-0.009220087
19.627832,25.731668,-0.0032368368,-0.0076284986,-0.010624904,-0.012068358,-0.010827329,-0.009980604
18.803679,26.341936,-0.0028529412,-0.0075131413,-0.009969143,-0.01083931,-0.00994884,-0.009292044
19.359453,26.266073,-0.0031132835,-0.0076741576,-0.010626555,-0.011999479,-0.01082621,-0.010011094
4.1849303,14.782154,0.021585371,0.023807384,0.022127245,0.019780405,0.013654936,0.009905637
4.4284515,15.157156,0.019646743,0.021987006,0.020485066,0.018125733,0.013178612,0.0096892025
4.671973,15.532158,0.017720843,0.019644782,0.018498683,0.016247261,0.012397777,0.009383657
4.9154944,15.907159,0.01585341,0.01693194,0.016225018,0.01400688,0.011135191,0.00889383
3.935175,15.199855,0.021002894,0.023427878,0.021673642,0.019224748,0.01327281,0.0094899805
4.1818633,15.576675,0.019138282,0.021508165,0.020025587,0.017646076,0.01288032,0.009381723
4.4285517,15.953496,0.017289594,0.0190959,0.018077677,0.015825566,0.012176532,0.009258246
3.6917536,15.621193,0.020511558,0.023085281,0.021261886,0.018747129,0.013019592,0.009241193
3.9416087,15.999833,0.018733975,0.021085864,0.019648591,0.017274212,0.012763114,0.009336463
20.261969,23.594294,-0.0031468375,-0.0071065617,-0.009740464,-0.011225461,-0.010155604,-0.009275323
20.025803,23.288061,-0.0029192995,-0.006976773,-0.009128283,-0.010211684,-0.009334052,-0.008568145
19.789637,22.98183,-0.0027123815,-0.006759288,-0.00846704,-0.0092245815,-0.00852073,-0.007836545
20.667843,23.588467,-0.003373189,-0.007121092,-0.010296561,-0.012367593,-0.011078112,-0.010005265
20.432922,23.283232,-0.0031238412,-0.0069972347,-0.009677194,-0.011306376,-0.0102393245,-0.009307662
20.198,22.977997,-0.0028959478,-0.006844076,-0.009028184,-0.010244501,-0.009389578,-0.008580418
20.84004,23.2784,-0.0033546763,-0.007031687,-0.010275005,-0.012502611,-0.011186624,-0.010048683
20.606363,22.974161,-0.0031005102,-0.0068830266,-0.009621764,-0.011408471,-0.010334033,-0.009341962
21.014727,22.970325,-0.0033320272,-0.006944882,-0.0102660945,-0.012655363,-0.01129801,-0.010086417
5.746736,14.715966,0.016751407,0.018368492,0.017393671,0.015276254,0.012499568,0.010392869
5.2261343,14.738029,0.018446047,0.020506425,0.019285992,0.017085463,0.01326345,0.010444514
4.705532,14.760092,0.020072574,0.02236513,0.020892717,0.018589862,0.013618835,0.010209634
5.528395,14.267434,0.019019589,0.021156693,0.020019023,0.017912382,0.0141740395,0.011431216
5.003923,14.287075,0.020730656,0.022960773,0.021575365,0.019385839,0.014326765,0.010951068
4.4794507,14.306716,0.02229436,0.024255397,0.022683654,0.020491324,0.014180449,0.010470945
5.3100543,13.818902,0.021365568,0.023450818,0.022255534,0.020257575,0.015045678,0.01162372
4.781712,13.836121,0.02297772,0.02463937,0.023238089,0.021239173,0.0146838045,0.010985625
5.091714,13.37037,0.023591576,0.024874212,0.023706213,0.021937516,0.015033435,0.01134119
6.402071,13.388434,0.018955654,0.020751346,0.020109579,0.018439539,0.015613061,0.013182359
5.9652853,13.382413,0.020637488,0.022578403,0.021787168,0.020068374,0.015787536,0.012636762
5.5284996,13.376391,0.02220499,0.02397216,0.022972709,0.021212542,0.01547305,0.011916219
6.2493963,12.980816,0.021073734,0.022715142,0.022104485,0.020599367,0.0160925,0.0128410235
5.8098593,12.972907,0.022679307,0.024084914,0.023279792,0.021742865,0.015656417,0.0120681
5.3703227,12.964998,0.024056282,0.024926012,0.023962922,0.022401279,0.015139922,0.011490058
6.096721,12.573198,0.023094682,0.02406397,0.023384307,0.022009918,0.0155928405,0.012036035
5.6544333,12.563401,0.024439568,0.024842925,0.02402743,0.02263058,0.015047344,0.011493218
5.944046,12.16558,0.02472686,0.024650276,0.023902645,0.022591915,0.014789956,0.011374163
6.1626697,11.872422,0.024866503,0.024449851,0.02370733,0.022406776,0.014523114,0.011222974
6.3841157,11.581364,0.024931999,0.024206843,0.02344208,0.022115838,0.01421486,0.011029082
6.608384,11.292405,0.02491299,0.023923175,0.023118174,0.02174339,0.013879973,0.010797661
6.29282,12.230606,0.02357394,0.024076603,0.023422366,0.02211368,0.01530686,0.011818769
6.5128546,11.9384985,0.023767108,0.02392072,0.023268916,0.021967735,0.015048859,0.011645919
6.735712,11.64849,0.023890946,0.023716044,0.023041118,0.021711526,0.014747653,0.011432039
6.6415935,12.295633,0.022133756,0.023035526,0.022533882,0.021222321,0.01587409,0.012501622
6.8630395,12.004575,0.022334576,0.022902166,0.022408348,0.021102566,0.015656956,0.012326304
6.990367,12.36066,0.020485058,0.021491973,0.021098288,0.019747796,0.01615553,0.0132452175
21.354822,21.976885,-0.0031363713,-0.0065770727,-0.009856115,-0.012435702,-0.011042863,-0.009693276
21.263784,22.31777,-0.0032093478,-0.0067223515,-0.01005033,-0.012603304,-0.011210387,-0.009895013
21.15042,22.648916,-0.003277526,-0.0068425117,-0.010184234,-0.012673738,-0.011293876,-0.010025477
20.999828,22.01679,-0.00297687,-0.0064611514,-0.009218126,-0.011305056,-0.010245281,-0.009103274
20.897629,22.352806,-0.0030299444,-0.006628883,-0.00942617,-0.011459188,-0.010375661,-0.009271045
20.7731,22.679085,-0.0030795978,-0.0067705517,-0.009575339,-0.011520084,-0.0104263155,-0.009368513
20.644836,22.056696,-0.0028332479,-0.0063707125,-0.008623146,-0.010204997,-0.009411826,-0.008459654
20.531471,22.387844,-0.0028683871,-0.006563997,-0.008847183,-0.010355188,-0.009520189,-0.008604219
20.289843,22.096603,-0.0026998871,-0.0062635564,-0.008070753,-0.009209529,-0.008601282,-0.007798004
7.113325,10.65193,0.024542691,0.023137666,0.022205325,0.020696552,0.013049548,0.010125756
7.2484484,10.918311,0.023987973,0.023092978,0.02227155,0.020797377,0.013778793,0.010645827
7.383572,11.184692,0.022967115,0.022606447,0.021967962,0.020537753,0.01462121,0.011378766
7.518696,11.451073,0.021576025,0.021620674,0.021164672,0.019757943,0.015349073,0.01225237
6.9458117,10.865777,0.024715142,0.023424359,0.022539087,0.021074923,0.013343487,0.010379213
7.0805354,11.131981,0.024072371,0.02333818,0.022562327,0.021135693,0.014057373,0.0108882
7.2152586,11.398184,0.022986831,0.022821253,0.022220396,0.020835757,0.014876596,0.011607915
6.7774982,11.079268,0.024837894,0.023685364,0.022842841,0.021424387,0.013619394,0.0106017
6.9118214,11.345294,0.024107825,0.023559088,0.022822255,0.02144111,0.014317913,0.011099922
20.60423,21.081722,-0.0027186095,-0.005434219,-0.007144699,-0.008524723,-0.008095664,-0.007192678
20.955902,20.98915,-0.0028206408,-0.0055949055,-0.007746473,-0.00954242,-0.008882112,-0.007819315
21.307573,20.896576,-0.0029368377,-0.0057685203,-0.008420192,-0.01065745,-0.009640065,-0.008392433
21.659243,20.804003,-0.0030893844,-0.0060088844,-0.009149629,-0.011748187,-0.01028666,-0.008871565
20.854427,21.38011,-0.002802611,-0.0059050536,-0.008096179,-0.009819042,-0.009108621,-0.008082239
21.20197,21.286026,-0.002916053,-0.0060243947,-0.008697123,-0.01088013,-0.009861624,-0.008646535
21.549511,21.191942,-0.0030495853,-0.006186139,-0.009350498,-0.011948934,-0.0105359685,-0.009132724
21.104624,21.678497,-0.0029403525,-0.0062746173,-0.009002981,-0.011148877,-0.010102631,-0.008919919
21.448036,21.582903,-0.003070935,-0.0063849394,-0.009594914,-0.012183495,-0.010792348,-0.009413582
7.255689,10.428331,0.024356686,0.0228272,0.021842094,0.020293336,0.012697044,0.009818951
7.3928504,10.2002125,0.024113324,0.022474721,0.021434734,0.019852025,0.012306847,0.009468963
7.52481,9.967575,0.02380762,0.022072347,0.020976711,0.019366981,0.011873458,0.0090739755
7.3830104,10.672556,0.023974795,0.022867015,0.021972824,0.020448744,0.013360354,0.010281137
7.5227733,10.446697,0.023848165,0.022591302,0.021631625,0.020065648,0.012971481,0.009923395
7.657334,10.216319,0.023668671,0.022275403,0.021246243,0.019644573,0.012534336,0.009514177
7.652696,10.693181,0.02314015,0.022328047,0.02152826,0.01999782,0.013778854,0.010569279
7.789858,10.465063,0.02306588,0.022095153,0.02121857,0.019648636,0.0133591285,0.010152603
7.9223814,10.713807,0.02201564,0.021429949,0.020764433,0.019230453,0.014205375,0.010972968
21.949673,19.762985,-0.0036222464,-0.0061323685,-0.009136027,-0.0115303565,-0.009848425,-0.00848895
21.868174,20.114244,-0.0033783026,-0.0059480863,-0.009036992,-0.011547477,-0.009943023,-0.008553878
21.771364,20.46125,-0.0031990749,-0.0059276465,-0.009063266,-0.011643626,-0.010106282,-0.008693611
21.596424,19.851046,-0.0033096087,-0.005397591,-0.008074837,-0.010435201,-0.009265073,-0.007974989
21.507269,20.20018,-0.0031286133,-0.005420186,-0.008095696,-0.010437016,-0.009340996,-0.008054929
21.402803,20.545057,-0.0030032974,-0.0055545466,-0.008204349,-0.010492197,-0.009455984,-0.008186858
21.243174,19.939108,-0.0031127345,-0.0049094977,-0.00708253,-0.009177118,-0.008528545,-0.0073657692
21.146364,20.286114,-0.002971096,-0.00507305,-0.0072171227,-0.009200453,-0.008578835,-0.0074480576
20.889923,20.02717,-0.002986877,-0.0045850193,-0.0062436326,-0.007949792,-0.0076823337,-0.00666894
8.279898,10.064376,0.021824,0.020836253,0.019934474,0.018349119,0.012844671,0.0095006125
8.028202,10.032109,0.022810852,0.021565389,0.020532507,0.018911248,0.012423301,0.009228023
7.776506,9.999842,0.023452811,0.02194116,0.020845974,0.019217469,0.012082529,0.009090593
8.221829,9.7537365,0.022404127,0.021034794,0.019915812,0.018282408,0.01177465,0.008572397
7.9626966,9.7155905,0.023028282,0.021400966,0.020220313,0.018562766,0.011448745,0.008477252
7.703564,9.6774435,0.023322262,0.021495521,0.020327244,0.018688818,0.011280791,0.008519389
8.163761,9.443097,0.022503583,0.020786235,0.019519664,0.01783765,0.010774569,0.007828504
7.8971915,9.399072,0.022753878,0.020860706,0.019612305,0.017943306,0.010642108,0.007917926
8.105693,9.132458,0.022119146,0.020173779,0.018831443,0.017123653,0.009963055,0.007293475
21.218636,19.19501,-0.0034463615,-0.004670337,-0.006621444,-0.008764892,-0.008229843,-0.0070742834
21.47775,19.062181,-0.0036535405,-0.0053386595,-0.0076614954,-0.009928536,-0.008879882,-0.0076360893
21.736866,18.929354,-0.003942853,-0.006257613,-0.008876603,-0.011053873,-0.009457322,-0.0081583895
21.995981,18.796526,-0.0043032523,-0.0071764584,-0.010053923,-0.012021557,-0.009955377,-0.008638681
21.462315,19.384335,-0.003464753,-0.0051236297,-0.007478379,-0.009755455,-0.008815497,-0.0075812233
21.733776,19.252008,-0.003733555,-0.0058757677,-0.008532237,-0.010813476,-0.009374445,-0.008075971
22.005236,19.11968,-0.0040874616,-0.0067699943,-0.009633611,-0.011752954,-0.0098608285,-0.008535936
21.705994,19.57366,-0.003522818,-0.005622132,-0.008340025,-0.01069189,-0.009357276,-0.008054854
21.9898,19.441833,-0.0038573558,-0.0064094723,-0.009322739,-0.011585666,-0.00982039,-0.00848296
8.3881,8.8413105,0.02130459,0.019317886,0.017844463,0.016087465,0.009162139,0.0065797456
8.68257,8.5621195,0.02041085,0.018391795,0.016791645,0.015021782,0.008423445,0.005976077
8.989104,8.294884,0.01946009,0.017417565,0.015735803,0.014031264,0.00783224,0.005538372
8.472286,9.319877,0.021766331,0.02015918,0.018887823,0.017238326,0.010566934,0.0074723903
8.760725,9.034707,0.020894913,0.019213717,0.017886065,0.016281754,0.009832596,0.0067944117
9.061227,8.761494,0.01989792,0.01813186,0.016792389,0.015300556,0.009213019,0.0062778187
8.83888,9.507296,0.020010538,0.018853404,0.017973848,0.016571172,0.011699689,0.008267874
9.133349,9.228104,0.018813454,0.017506352,0.016743612,0.015566012,0.011120325,0.007732406
9.205472,9.694715,0.016759764,0.015498,0.015099152,0.01396627,0.012573456,0.009533473
21.030516,18.234673,-0.0039001405,-0.0053722644,-0.0071781618,-0.009230885,-0.008475977,-0.0073199845
21.340664,18.020031,-0.004255791,-0.007036567,-0.009470482,-0.011347345,-0.009525178,-0.008257344
21.650812,17.80539,-0.004752858,-0.008605559,-0.011590197,-0.013045891,-0.010339645,-0.009033505
21.960958,17.590748,-0.0052418504,-0.009567612,-0.013052754,-0.0142279,-0.010940892,-0.009642307
21.352337,18.421957,-0.0039653527,-0.0059581883,-0.00818923,-0.010319041,-0.009034644,-0.007790895
21.663538,18.207031,-0.004406452,-0.007507673,-0.010250918,-0.012051528,-0.009874742,-0.008573821
21.97474,17.992105,-0.004911885,-0.008645037,-0.011876805,-0.013345856,-0.010525507,-0.009229648
21.67416,18.609241,-0.0041048215,-0.0066097574,-0.009197378,-0.011262382,-0.009523321,-0.008227903
21.986412,18.394032,-0.0045951023,-0.007827223,-0.010834838,-0.012577168,-0.010186733,-0.008881391
10.384088,8.805652,0.009635496,0.0073455423,0.0075180586,0.00798786,0.010695057,0.008859327
9.919093,8.635396,0.015012775,0.013005749,0.012895975,0.012731118,0.010382168,0.0073920675
9.454099,8.465139,0.018493548,0.016596489,0.015383729,0.014188772,0.008802713,0.0059763025
10.309112,8.309073,0.013511193,0.011172999,0.011234255,0.011543044,0.009980191,0.0073299683
9.840928,8.135521,0.017161546,0.015029168,0.0139770685,0.013145497,0.008454725,0.005809169
9.3727455,7.961969,0.018249989,0.016172076,0.014488528,0.012990747,0.007325129,0.005219029
10.234136,7.8124943,0.01586112,0.013542823,0.01271024,0.012281697,0.008285121,0.0058258753
9.762763,7.635646,0.017101834,0.014969328,0.013403321,0.012237053,0.0070661725,0.0050964276
10.159159,7.3159156,0.015975136,0.013809743,0.012466973,0.011730489,0.007013819,0.0051204357
20.744534,16.838081,-0.004860623,-0.008848489,-0.010926935,-0.012104082,-0.009991327,-0.008860432
21.124409,16.54849,-0.0055297976,-0.010826168,-0.01337223,-0.014096813,-0.010974046,-0.009750961
21.504282,16.2589,-0.005986839,-0.011590323,-0.014613841,-0.015163157,-0.011509274,-0.0102383075
21.884157,15.969309,-0.006113571,-0.01158131,-0.01514347,-0.015741728,-0.011794525,-0.010480522
21.15001,17.08897,-0.0049776454,-0.009567598,-0.01219996,-0.013313982,-0.010541963,-0.009286814
21.531736,16.799046,-0.0056130914,-0.0109637,-0.0141156735,-0.014863649,-0.011322742,-0.0100268535
21.913462,16.50912,-0.0059527247,-0.011335717,-0.015028033,-0.015716318,-0.01177839,-0.010456914
21.555485,17.339859,-0.00511628,-0.009779026,-0.012891838,-0.013983166,-0.010819175,-0.009511057
21.939062,17.0496,-0.005653158,-0.010668342,-0.014363277,-0.015226105,-0.011473593,-0.010158833
11.735447,7.8928814,0.0027382104,0.0032899915,0.0033427,0.0045378865,0.009379054,0.009153592
11.210017,7.7005596,0.009093874,0.0077073793,0.0079312995,0.009118159,0.009642505,0.007976365
10.684588,7.5082374,0.0141636245,0.011968637,0.011474532,0.011528363,0.00842033,0.0061597447
11.706556,7.3341937,0.0068831053,0.0074577495,0.007714854,0.009175369,0.009923118,0.008610937
11.176788,7.1363416,0.012075653,0.010829343,0.010571379,0.011073547,0.008689658,0.006696469
10.64702,6.9384894,0.014459629,0.012501984,0.011512775,0.011384075,0.0072322804,0.0053563714
11.677667,6.7755055,0.009884371,0.010652462,0.010494951,0.011473542,0.009426392,0.0076023247
11.143559,6.5721235,0.012588954,0.011458143,0.010859442,0.011442236,0.007840967,0.0059105353
11.648776,6.216818,0.010570861,0.011103077,0.011020963,0.012529131,0.008978145,0.006896338
20.375446,15.13151,-0.0062197577,-0.010633903,-0.01168515,-0.0119869765,-0.0096594505,-0.008543904
20.834192,14.774809,-0.006426982,-0.011495335,-0.01304959,-0.013236062,-0.010263004,-0.009079952
21.29294,14.418108,-0.006249907,-0.011375703,-0.013577565,-0.013846045,-0.010500485,-0.009271138
21.751688,14.061407,-0.00601937,-0.010995163,-0.013706162,-0.014142697,-0.010568153,-0.00929372
20.87835,15.410776,-0.006258158,-0.011528842,-0.013340857,-0.0136523545,-0.010642703,-0.009487093
21.339558,15.053933,-0.006289138,-0.011674903,-0.014117387,-0.014438705,-0.010975778,-0.009750425
21.800766,14.69709,-0.0061188964,-0.011289859,-0.014316933,-0.014808255,-0.0110888835,-0.009806187
21.381254,15.6900425,-0.0062039467,-0.011786413,-0.014466446,-0.014875663,-0.011322468,-0.01008859
21.844921,15.333057,-0.0061630006,-0.011524408,-0.014847901,-0.015386806,-0.011529965,-0.010232668
13.108899,6.8282256,0.001257518,0.008846145,0.010783808,0.012129183,0.013622607,0.013501211
12.622191,6.624423,0.005219564,0.012235067,0.012808681,0.014143224,0.012862363,0.01135675
12.135484,6.4206204,0.008744815,0.012128452,0.011936281,0.0134653505,0.010772851,0.008821273
13.13929,6.2960696,0.0042547537,0.013572105,0.014832059,0.01643134,0.015295534,0.013917093
12.648681,6.08608,0.0073674936,0.0139617445,0.013936144,0.016155673,0.013234288,0.01096539
12.1580715,5.87609,0.009138849,0.012088946,0.012725782,0.01526615,0.010924076,0.008459373
13.169681,5.7639136,0.006241968,0.014229464,0.014978623,0.017629981,0.015702806,0.013591312
12.67517,5.5477366,0.007621882,0.012748572,0.01392834,0.017302265,0.013579016,0.01072778
13.20007,5.2317576,0.0064935107,0.0128561985,0.014365768,0.017963879,0.015743293,0.013180763
20.136013,13.245154,-0.0064875297,-0.0104169,-0.01069046,-0.0106729735,-0.008189739,-0.0072352085
20.61495,12.870557,-0.006135928,-0.010472848,-0.011425066,-0.011491682,-0.008678676,-0.00767347
21.093887,12.495959,-0.005796743,-0.010246321,-0.01178475,-0.011951867,-0.008882623,-0.0078109936
21.572824,12.121362,-0.0054999446,-0.010008813,-0.011988748,-0.0122414315,-0.008923294,-0.0077613955
20.674572,13.517239,-0.0063260905,-0.010869888,-0.011957573,-0.012037195,-0.009184302,-0.008044735
21.155918,13.142858,-0.0059963446,-0.010634713,-0.012345841,-0.012539344,-0.009403584,-0.00822736
21.637266,12.7684765,-0.0057054795,-0.0103512835,-0.012516334,-0.0128247095,-0.0094555095,-0.008223056
21.21313,13.789323,-0.006154461,-0.01102164,-0.012947855,-0.01317099,-0.009951824,-0.008730034
21.696888,13.415158,-0.0058789533,-0.010678301,-0.013090708,-0.013463169,-0.010011134,-0.008747214
14.317107,5.8203974,0.00295587,0.010102212,0.014597357,0.016345713,0.01586739,0.015996287
13.944762,5.624184,0.0042623645,0.013068773,0.016631125,0.018941598,0.017744908,0.016764387
13.572416,5.427971,0.0055710245,0.013854039,0.015699977,0.018568762,0.017056325,0.015228651
14.3862295,5.383748,0.0038173562,0.01163888,0.016617838,0.019115677,0.017830595,0.017117063
14.0114765,5.1829047,0.0047985804,0.0132521065,0.016616227,0.019512223,0.018127631,0.01663321
13.636724,4.982061,0.005574972,0.012977199,0.015059608,0.018500317,0.016927429,0.014819525
14.455352,4.947099,0.0043265987,0.0121245375,0.017022688,0.020063313,0.018586166,0.017280653
14.078192,4.7416253,0.0049722116,0.012735277,0.015965749,0.019264383,0.017850708,0.016052667
14.524474,4.51045,0.004606668,0.011928935,0.016516315,0.019865738,0.0183612,0.016699193
19.914343,11.324363,-0.0055675353,-0.009324149,-0.009469146,-0.009430128,-0.0075670686,-0.0072051496
20.393957,10.944744,-0.0052509992,-0.009218182,-0.010007527,-0.010073693,-0.007810753,-0.0074015916
20.87357,10.565126,-0.004956716,-0.009017295,-0.010345829,-0.010477109,-0.0078053684,-0.0072814994
21.353184,10.185508,-0.004670659,-0.008814637,-0.010585643,-0.010759261,-0.007678909,-0.006975304
20.46717,11.590029,-0.0056002177,-0.009651243,-0.0104417205,-0.010500937,-0.007961642,-0.007364329
20.949034,11.210986,-0.005281061,-0.009449236,-0.0107948985,-0.01092714,-0.00805965,-0.0073413025
21.430899,10.8319435,-0.0049861497,-0.009249021,-0.011040122,-0.011223964,-0.008017737,-0.0071307714
21.019997,11.855695,-0.005561918,-0.009856498,-0.011267739,-0.011412463,-0.00842399,-0.0075135026
21.504112,11.477227,-0.005261669,-0.009644746,-0.011502356,-0.011712906,-0.008438363,-0.0073932516
15.385134,5.0795894,0.0027413755,0.006616371,0.012187874,0.0140682245,0.012885695,0.012786467
15.098247,4.8898764,0.0034580433,0.009157984,0.015518869,0.018313818,0.016541386,0.015730582
14.81136,4.700163,0.004100954,0.011001224,0.016784864,0.020005278,0.018340277,0.01700266
15.435968,4.7295804,0.003107481,0.007650918,0.014128918,0.016795421,0.01484798,0.013970363
15.147846,4.5371013,0.0037759722,0.009706314,0.016070057,0.019345775,0.017431052,0.016043922
14.859723,4.3446226,0.004326629,0.010980509,0.016393196,0.01984793,0.018180944,0.01651977
15.486804,4.379571,0.00336994,0.008248409,0.014815142,0.0180523,0.015857212,0.014328726
15.197445,4.1843266,0.0039653145,0.0097708395,0.015693262,0.019230507,0.01733826,0.015589024
15.53764,4.029562,0.00351481,0.008334601,0.014378819,0.017913835,0.015768228,0.01385914
19.69707,9.42771,-0.0041634575,-0.007933308,-0.008407735,-0.008469427,-0.0081450725,-0.007838029
20.163641,9.036551,-0.003980224,-0.007769997,-0.008778094,-0.008939361,-0.008058419,-0.007816559
20.630213,8.645394,-0.0037725074,-0.007533405,-0.008990555,-0.009202972,-0.007709406,-0.0075004753
21.096785,8.254236,-0.0035189586,-0.007254043,-0.00912391,-0.009359849,-0.007241483,-0.0069871885
20.249107,9.680309,-0.0044391197,-0.008292901,-0.009206778,-0.009320697,-0.007882472,-0.0076623596
20.71776,9.290068,-0.0041985773,-0.008067965,-0.009467522,-0.009638754,-0.0076410584,-0.007391053
21.186413,8.899827,-0.003930478,-0.0078208195,-0.00964104,-0.009842918,-0.0072913216,-0.006929823
20.801146,9.932908,-0.004598184,-0.008564524,-0.009918558,-0.010062627,-0.007669013,-0.0073057525
21.27188,9.543584,-0.0043182736,-0.008340798,-0.010125797,-0.010305829,-0.007436112,-0.0069159223
16.19895,4.498567,0.0019882843,0.0038471455,0.008748615,0.010261884,0.0087732235,0.007880119
15.978513,4.342232,0.0025301892,0.0055784406,0.011658276,0.014194352,0.011880266,0.010438404
15.758077,4.185897,0.0030467703,0.007118182,0.013473733,0.016686942,0.014291925,0.012507661
16.23409,4.23307,0.0021527566,0.0044124704,0.009882624,0.012060586,0.009811153,0.008295869
16.013304,4.075729,0.0026645558,0.005913888,0.011887445,0.014883451,0.012372668,0.010474005
15.792516,3.9183877,0.0031363976,0.007155286,0.013018153,0.016454428,0.0141488025,0.012113775
16.269234,3.9675725,0.002274543,0.004718817,0.010078882,0.0127392,0.010254272,0.008317974
16.048096,3.8092253,0.002740862,0.0059345756,0.011385385,0.014611166,0.012232008,0.010113079
16.304377,3.7020752,0.0023442754,0.004728909,0.009568277,0.012465857,0.010158802,0.008034532
19.575577,7.634186,-0.0028292728,-0.006373654,-0.0074134897,-0.0077773645,-0.008789564,-0.008027924
19.996593,7.266259,-0.0027790803,-0.0061996896,-0.0075879055,-0.007967451,-0.008551898,-0.007900245
20.41761,6.898333,-0.0026774644,-0.005911255,-0.0076797134,-0.008056394,-0.008057852,-0.0075559956
20.838627,6.530407,-0.0025098873,-0.005497947,-0.0076977126,-0.008074303,-0.0073846583,-0.0070141186
20.082645,7.8408694,-0.0031477213,-0.0067368816,-0.007998758,-0.008294865,-0.0083858995,-0.007932585
20.505426,7.473792,-0.003006702,-0.0064773685,-0.008109679,-0.008420848,-0.007924834,-0.0075895134
20.928207,7.1067147,-0.0028067464,-0.006127738,-0.008165359,-0.00848148,-0.0073258076,-0.0070653297
20.589716,8.047553,-0.003375609,-0.0070124934,-0.008562268,-0.008821521,-0.007783294,-0.007546101
21.01426,7.6813245,-0.0031522398,-0.006712068,-0.008645802,-0.00891855,-0.0072641443,-0.007042272
16.79997,4.0346837,0.0013098408,0.0019993638,0.0055240924,0.0065497216,0.0050767795,0.0037763298
16.634773,3.9238143,0.0016669787,0.002976027,0.007224769,0.009024169,0.0069543268,0.005269517
16.469574,3.8129447,0.002013672,0.0038965933,0.008557659,0.010993601,0.0086777285,0.0067119473
16.818436,3.8296149,0.0014238564,0.002290451,0.0058630593,0.0073377877,0.005573637,0.003982197
16.6556,3.723436,0.0017505904,0.0031232396,0.0071424637,0.009253969,0.00719206,0.005307661
16.492764,3.617257,0.002063746,0.003888473,0.008171399,0.010773318,0.008639072,0.0065644835
16.836899,3.6245458,0.0015133419,0.002440556,0.005795523,0.007599352,0.0058711744,0.0040905518
16.676426,3.5230577,0.0018063906,0.0031287714,0.0068076416,0.009104712,0.007237357,0.005245485
16.855364,3.4194767,0.0015743629,0.0024604923,0.0055275476,0.0075340117,0.005997113,0.00410758
20.389711,6.4216404,-0.002459453,-0.0054230094,-0.0073805274,-0.007827526,-0.008056345,-0.007408479
19.940796,6.312874,-0.0023411615,-0.005306582,-0.0070860516,-0.0076440866,-0.008561574,-0.007566657
19.49188,6.2041073,-0.0021518953,-0.005115501,-0.0068080183,-0.007517977,-0.008749412,-0.007463872
20.759354,6.0818777,-0.0023277048,-0.0049881823,-0.0073345588,-0.007784303,-0.0074018594,-0.0069061154
20.298195,5.97862,-0.0022986045,-0.004970785,-0.00707935,-0.0076331715,-0.008072677,-0.0072362367
19.837036,5.875362,-0.002195918,-0.004907452,-0.006853521,-0.0075558787,-0.008496511,-0.007299438
20.655594,5.644366,-0.0021944628,-0.0045085424,-0.006957278,-0.007511263,-0.007395599,-0.00675465
20.182192,5.5466166,-0.0021800294,-0.0045658224,-0.006770628,-0.0074704806,-0.008021337,-0.0069978833
20.527346,5.2178707,-0.0020944332,-0.0040950244,-0.006555585,-0.0072330683,-0.0073604058,-0.006580219
17.209309,3.7255743,0.0008933191,0.0009155966,0.003049334,0.0036551289,0.0027865137,0.0015943801
17.091326,3.6235418,0.0011314948,0.0014764032,0.004007006,0.0051574744,0.0039431225,0.002467052
16.973345,3.5215092,0.001359123,0.0019931865,0.004825831,0.0064480733,0.0050203544,0.0033098073
17.255184,3.5544796,0.00094109325,0.0009987016,0.0029556237,0.0038307302,0.0029866442,0.0016525558
17.133492,3.4441493,0.0011693356,0.0014953484,0.0037781638,0.005140434,0.0040552914,0.0024687776
17.011799,3.3338192,0.0013833451,0.0019408533,0.004491107,0.0062483526,0.005019844,0.0032366384
17.30106,3.383385,0.0009762249,0.0010271248,0.0027702474,0.0038542266,0.0031219446,0.0016855889
17.175655,3.264757,0.001190638,0.0014588751,0.003501119,0.0049942895,0.0040816474,0.002429466
17.346935,3.2122903,0.0009979353,0.0010160822,0.002554205,0.003772214,0.0031800878,0.001682157
20.056915,4.3068156,-0.0018007238,-0.0034031295,-0.0056594037,-0.006634468,-0.0074034305,-0.0062917215
20.243841,4.595356,-0.0019322978,-0.00361881,-0.005930752,-0.0067862757,-0.0073744827,-0.0063864477
20.400652,4.899041,-0.0020219395,-0.0038355554,-0.006235551,-0.0070046573,-0.007348103,-0.0064670737
19.845276,4.564518,-0.0018934499,-0.0037966657,-0.005931888,-0.0069770366,-0.0076143323,-0.0063565145
20.017143,4.8606305,-0.002011551,-0.0040022624,-0.0062036156,-0.007134405,-0.0077222423,-0.0065415357
20.158895,5.171888,-0.0020964972,-0.0042233523,-0.006482124,-0.007293257,-0.0078119123,-0.006730099
19.633636,4.82222,-0.0019372792,-0.004102135,-0.006172921,-0.007264286,-0.0078261,-0.0064290315
19.790445,5.125905,-0.0020438428,-0.004305774,-0.006419505,-0.007377105,-0.008044435,-0.006705715
19.421997,5.0799217,-0.001932386,-0.0043135514,-0.0063513946,-0.007449459,-0.008010612,-0.0065130102
17.5509,3.1726913,0.0007791441,0.0005559509,0.0015211077,0.0024134542,0.0021902416,0.00089431746
17.75932,3.1534662,0.00056566513,0.00014521487,0.00054973527,0.0011100328,0.0012503925,0.00017642163
17.972195,3.154615,0.00035398072,-0.00023034573,-0.00037604154,-0.00016241998,0.00033682288,-0.00049650104
17.462072,3.3866837,0.0007712464,0.0005788845,0.0018404243,0.0025737602,0.0021723295,0.0009357162
17.668264,3.3572717,0.0005442702,0.000105486884,0.00075733376,0.0011254656,0.0011461136,0.00013864599
17.878912,3.3482335,0.00031847635,-0.0003286828,-0.00027065753,-0.00028599516,0.00014952845,-0.00060520053
17.57721,3.5610769,0.00051376666,3.974639e-05,0.0009435429,0.0010328246,0.00096284307,7.601604e-05
17.78563,3.5418518,0.00027720348,-0.00044671312,-0.00018798978,-0.00050232426,-0.0001102145,-0.0007367301
17.692347,3.7354703,0.00023312375,-0.00058668497,-0.00018095941,-0.000783229,-0.00037826135,-0.0008498527
19.219221,4.3620634,-0.001603177,-0.0036908423,-0.005711708,-0.007042101,-0.007176823,-0.0058006225
19.296764,4.139089,-0.0014991962,-0.0033879238,-0.0054935883,-0.006895989,-0.007025303,-0.0057003796
19.37431,3.9161146,-0.0013638063,-0.0030138856,-0.0052794246,-0.0068288683,-0.0067668394,-0.005510008
19.451853,3.69314,-0.001202249,-0.0025870884,-0.0050872657,-0.006835917,-0.0062735635,-0.0051593333
19.498453,4.3436475,-0.0017058055,-0.0036584185,-0.0057296045,-0.0069668056,-0.0074085067,-0.006051951
19.586876,4.111452,-0.0015921311,-0.0033233673,-0.005505315,-0.006800696,-0.0072601903,-0.0059554284
19.675299,3.8792565,-0.0014462407,-0.0029239582,-0.005297789,-0.0067423354,-0.006991478,-0.00575693
19.777683,4.3252316,-0.0017711003,-0.0035573049,-0.00570501,-0.006820887,-0.0074825347,-0.006216606
19.876986,4.083815,-0.0016462288,-0.0031914013,-0.0054692733,-0.0066273618,-0.0073247547,-0.0061163143
18.234148,3.7173858,-0.0003592713,-0.0016968345,-0.002814132,-0.0042371075,-0.0029788113,-0.0027500903
18.14683,3.5297954,-0.000103378,-0.001147955,-0.0019020601,-0.0028475516,-0.0017805295,-0.0019502626
18.059513,3.3422053,0.0001381582,-0.00064907817,-0.0010739656,-0.0013958074,-0.00063153537,-0.001172693
18.398155,3.5802855,-0.00038872688,-0.0016406326,-0.0030232102,-0.0044212732,-0.003031558,-0.002819668
18.312643,3.3804789,-0.00013195888,-0.001107937,-0.0021834623,-0.0030084325,-0.0018087606,-0.0020005822
18.227133,3.1806722,0.00010354683,-0.00064303516,-0.0014216752,-0.0016453273,-0.00073087617,-0.0012589805
18.56216,3.4431856,-0.00040200815,-0.0015444715,-0.0031971978,-0.0045056934,-0.002993396,-0.0028170538
18.478456,3.2311623,-0.00014606386,-0.0010317181,-0.0024057631,-0.003095244,-0.0017953725,-0.0020024774
18.726168,3.3060856,-0.000400759,-0.0014167683,-0.0033280044,-0.004502803,-0.002897457,-0.0027636879
18.722815,4.023205,-0.0010627909,-0.0029472392,-0.004892007,-0.006496932,-0.0057086092,-0.004663538
18.723932,3.7841651,-0.00085320784,-0.0024580653,-0.004424564,-0.0061738295,-0.005000484,-0.004171828
18.72505,3.5451252,-0.00062671734,-0.001929454,-0.0038990062,-0.0055437614,-0.004000934,-0.0035028667
18.965826,3.9131832,-0.0011398245,-0.0028955752,-0.0050127334,-0.0066813002,-0.0060342536,-0.004916609
18.975128,3.6627398,-0.0009162682,-0.0023750348,-0.004623964,-0.0064423215,-0.0052229036,-0.004351036
18.98443,3.4122963,-0.0006781824,-0.001829605,-0.004171763,-0.0058000763,-0.004118136,-0.0036067402
19.20884,3.8031616,-0.0011855216,-0.0027699727,-0.0050720777,-0.006788904,-0.0062259925,-0.0050817607
19.226324,3.5413144,-0.0009476529,-0.0022236605,-0.004752538,-0.006596664,-0.005283943,-0.0044265985
2.469741,38.285583,0.0010704813,0.001675224,0.0013062642,0.0012414372,0.002522877,0.0046204734
2.2262757,38.362083,0.0016388329,0.0026258547,0.0022050121,0.0019472692,0.0033197051,0.0053799693
2.3779764,38.113075,0.0012226911,0.0020089971,0.0016211851,0.0014524385,0.002797675,0.0049295044
6.904751,38.831184,-0.00041676775,-0.00023770421,0.0007694909,0.00034397273,-0.0011761945,0.00048813052
6.916184,39.08385,-0.00043947579,-0.00030677125,0.00052637776,6.394252e-05,-0.0014008487,0.00037028693
6.6763687,38.898514,-0.00053153053,-6.44543e-05,0.0011965369,0.0006521478,-0.0008401947,0.000797403
7.556132,38.234528,-0.00010773495,-0.0006763613,-0.00029264958,-0.00048734053,-0.0017398484,-0.00022251785
7.7329273,38.49615,-0.00013123541,-0.0008884586,-0.00092085806,-0.0013209567,-0.0023072516,-0.0006527774
7.9097223,38.757774,-0.00016752184,-0.0010588336,-0.0014959972,-0.0022479866,-0.0028997767,-0.00111139
7.4151325,38.41097,-0.00017309889,-0.00058871764,-9.320706e-05,-0.00032894342,-0.0016732446,-9.92395e-05
7.5919275,38.672592,-0.00018344626,-0.0008007592,-0.0007367374,-0.0011441355,-0.0022295157,-0.0005214834
7.2741327,38.58741,-0.00024342135,-0.0005043718,0.00010179989,-0.00018302083,-0.0015977679,3.1019896e-05
8.00834,38.16859,-4.8162638e-05,-0.0010706033,-0.0012904225,-0.0016994135,-0.0024581263,-0.0008985613
7.959031,38.463184,-0.000108885615,-0.0010644678,-0.0013884981,-0.0019643256,-0.0026843965,-0.0010080856
7.782236,38.201557,-6.7798195e-05,-0.00088024215,-0.0008090368,-0.0010734409,-0.0020934911,-0.0005571848
8.652727,38.03514,-7.6943186e-05,-0.0015438471,-0.0024106493,-0.0034155839,-0.0036084992,-0.0019041767
8.641633,38.268723,-0.000123197,-0.0015365018,-0.0025166334,-0.0037322766,-0.0039006425,-0.0020861523
8.443585,38.08538,-5.6011824e-05,-0.0013985463,-0.0020836622,-0.0028861577,-0.0032080985,-0.0015698029
2.7449021,38.28141,0.00056555116,0.0007568084,0.00043385386,0.0005875386,0.0017792952,0.0038783145
2.6531377,38.1089,0.0006599289,0.0010321036,0.00072304043,0.00076456857,0.0019791527,0.004113031
2.5613732,37.93639,0.0007948003,0.0013569233,0.0010307623,0.00096366234,0.002216894,0.004384802
2.9282987,38.104725,0.00022139333,0.00021647729,-2.3937748e-05,0.00021599651,0.0013310253,0.003446747
2.8365343,37.932213,0.000297015,0.00048286238,0.00025559327,0.00037791245,0.001494,0.003643921
3.1116955,37.92804,-7.528543e-05,-0.00022704288,-0.00035770654,-5.4685996e-05,0.0009499736,0.0030607712
2.829591,38.54756,0.00057269394,0.0006009367,0.00020100638,0.00047323285,0.0016591155,0.0037046147
3.0976768,38.637028,0.0003052102,2.1836906e-05,-0.00042471825,4.3779015e-05,0.0012091836,0.0032220352
2.767633,38.809284,0.00081235723,0.0009129402,0.0004322049,0.000688381,0.0018732921,0.0038648606
3.1963844,38.19419,-3.9354785e-05,-0.00038375362,-0.0006060134,-0.00015962526,0.0009021193,0.0029670107
3.2810733,38.460342,3.100738e-05,-0.00041599735,-0.00076888443,-0.00021288723,0.0008987724,0.0029126287
3.0129879,38.370876,0.0002442939,6.450057e-05,-0.00026321993,0.000106798114,0.0012479686,0.0033137791
3.6309772,38.81343,-0.000105877516,-0.0005420278,-0.0009959493,-0.0002910903,0.0008151511,0.0026974338
3.8961918,38.900364,-0.0003367841,-0.0005778971,-0.00091353344,-0.00019717649,0.00081495754,0.0025978505
3.58838,39.144276,2.2479147e-05,-0.00022471235,-0.0007715963,-0.00015221104,0.0010025103,0.0028553659
6.091953,38.886612,-0.0008416219,0.00028798147,0.0019041249,0.0011950532,8.946791e-05,0.0015467246
5.926299,39.201023,-0.00094197737,0.00029167533,0.0019123784,0.0010657645,0.0001347001,0.0016745367
5.735919,38.807377,-0.0009976935,0.00033258513,0.001842739,0.0013266099,0.0005628992,0.0019016957
4.567566,38.900913,-0.0008992371,-0.00036012917,-1.1876076e-05,0.00047003865,0.0009360792,0.0024427935
4.973726,38.81453,-0.0010662967,-8.800715e-05,0.0007337865,0.0009402478,0.0009573642,0.0023232894
4.6861305,39.235847,-0.0010176712,-9.928718e-05,0.0005112001,0.00060448755,0.0010091848,0.0025087234
2.8099315,37.40873,0.00027003995,0.00078212545,0.00056853937,0.0005056911,0.001510811,0.0037204265
2.9105196,37.581833,0.000112576556,0.0004038521,0.00024428227,0.00029252723,0.001279698,0.0034580904
3.0111074,37.754936,-5.4029374e-06,5.8056714e-05,-6.902069e-05,0.00010401249,0.0010928622,0.0032386514
2.6353583,37.586006,0.0006016462,0.001210789,0.00091340713,0.0008093086,0.0019859765,0.0042025824
2.7359464,37.75911,0.0004309606,0.00083045586,0.00057950703,0.0005821511,0.0017180608,0.0039017636
2.4607852,37.763287,0.0009791077,0.0017423532,0.001373554,0.001203667,0.002521702,0.004723292
3.009824,37.357628,-5.43575e-05,0.00029791318,0.0001988484,0.00021559924,0.0010534374,0.0032237112
3.2097166,37.306522,-0.00032437535,-0.00010874256,-7.6106044e-05,1.9591227e-05,0.00069592166,0.00281175
3.409609,37.25542,-0.0005360858,-0.0004354137,-0.00025342347,-7.5796095e-05,0.00044272013,0.002487015
3.1104121,37.53073,-0.00017988608,-6.755009e-05,-0.000112259535,2.8484017e-05,0.000877514,0.003017382
3.3103044,37.479626,-0.00041237756,-0.00045430823,-0.00036928058,-0.00013767049,0.00057532993,0.0026602978
3.211,37.703835,-0.00025831818,-0.0003836784,-0.00040429682,-0.00012939691,0.0007461336,0.0028527766
2.2363627,37.672127,0.0014709217,0.0025721095,0.0021101169,0.001796,0.003315482,0.005534824
1.959266,37.681355,0.002133839,0.0036420757,0.0030851925,0.0026260824,0.0044521354,0.006645974
2.1865134,37.403687,0.0015194002,0.0027346916,0.002268593,0.00192792,0.003551367,0.005822161
2.585509,37.31757,0.00068297045,0.0014713277,0.0011475654,0.0009615125,0.0021454045,0.0043994696
2.4109359,37.494846,0.0010541523,0.0019711957,0.0015742081,0.0013365975,0.0027018345,0.0049501685
2.3610866,37.226406,0.0011131929,0.0021594996,0.0017649458,0.0014858933,0.0029141288,0.0052065
7.567591,37.990646,-5.5360346e-05,-0.0006159048,-0.00012232662,-0.00024043157,-0.0015096883,-0.000101212114
7.57905,37.74677,3.8243832e-07,-0.00053848146,4.317969e-05,-1.2568086e-05,-0.0012691608,2.671674e-05
7.5905094,37.50289,5.9786515e-05,-0.00044093205,0.00020095185,0.00019749165,-0.0010176715,0.00016300984
7.793695,37.95768,-1.5996546e-05,-0.0008393162,-0.0006507708,-0.00080035627,-0.0018562739,-0.00042597592
7.8051543,37.713802,3.8036032e-05,-0.0007853727,-0.0004927862,-0.00054525374,-0.0016109205,-0.00028947816
8.019799,37.924713,2.881512e-06,-0.0010478903,-0.0011502127,-0.001407309,-0.002210571,-0.0007559368
6.9578114,38.47685,-0.00034228206,-0.00017365649,0.00093603344,0.00057566166,-0.00095858664,0.0005575893
6.729429,38.544178,-0.00045984148,4.74371e-06,0.0013401723,0.00086610444,-0.00063633843,0.00085246784
6.5010467,38.61151,-0.0005889061,0.00015521035,0.0016517781,0.0010794176,-0.00032250493,0.0011315274
6.7824893,38.189842,-0.0003702642,0.00011292272,0.0014545004,0.0010568138,-0.0004019934,0.0009245722
6.5541067,38.257175,-0.0004998371,0.00026362957,0.0017312285,0.0012633896,-0.00010387719,0.0011885755
6.6071672,37.90284,-0.00038976417,0.0004120996,0.0017767483,0.0014348875,0.00014666669,0.0012669218
6.145013,38.532276,-0.00076888263,0.00035808445,0.0019311976,0.0013847633,0.000257357,0.0015670559
5.788979,38.45304,-0.0009165618,0.00037609556,0.0018025818,0.0015150467,0.0006977354,0.001898683
6.1980734,38.17794,-0.0006683724,0.0004649938,0.0019372713,0.0015666618,0.00045677132,0.0016062163
7.2398105,38.123962,-0.00016839936,-0.0003156352,0.0005713708,0.00036647692,-0.0010960241,0.00031416267
6.9234886,38.0134,-0.00026715503,7.0945025e-05,0.0013106905,0.0009936673,-0.00045918048,0.0008162164
7.2512693,37.880085,-0.000111971196,-0.00021558895,0.0007281144,0.00055947294,-0.0008648512,0.000427422
6.934948,37.769524,-0.00020326227,0.00020292506,0.001411272,0.0011471038,-0.00022652656,0.00092235184
7.2627287,37.636208,-4.994705e-05,-9.3847215e-05,0.0008671143,0.00073682127,-0.0006208098,0.00054974476
7.0988107,38.300407,-0.00025336564,-0.00024230272,0.00075973227,0.0004796209,-0.0010317388,0.00043292693
8.735597,37.785393,-4.1433497e-05,-0.0016062899,-0.0024248704,-0.0032927871,-0.0034601872,-0.0018379475
8.526455,37.835636,-1.5638918e-05,-0.0014558561,-0.0020993992,-0.002775302,-0.0030673516,-0.0015147348
8.317313,37.88588,-1.1930615e-06,-0.0012970206,-0.0017425461,-0.0022357882,-0.0027107382,-0.0012046938
8.6093235,37.585888,2.2245273e-05,-0.0015190233,-0.0021245654,-0.0026737822,-0.00291848,-0.0014510177
8.400182,37.63613,4.238427e-05,-0.0013517858,-0.0017655869,-0.002143743,-0.0025679183,-0.0011511308
8.483051,37.386383,8.3492996e-05,-0.0014102809,-0.0017958756,-0.002059582,-0.0024170317,-0.0010881359
8.185537,37.42522,0.00010651648,-0.0011256327,-0.0011908454,-0.001257383,-0.0019287689,-0.0006631716
8.102668,37.674965,5.5669247e-05,-0.0010862184,-0.0011675839,-0.0013289265,-0.0020744135,-0.00071480364
7.8880234,37.464054,0.00010019124,-0.0007995641,-0.0005089897,-0.00048519508,-0.0014692293,-0.00024731515
9.016615,37.8087,-0.000108633045,-0.0017955552,-0.0028668814,-0.004081753,-0.0042017084,-0.0023939125
9.171361,37.632504,-0.000114501265,-0.0019090121,-0.0030151934,-0.004231636,-0.004353521,-0.0025275939
9.213886,37.90933,-0.00018000096,-0.0019259513,-0.003213213,-0.004757658,-0.0049470584,-0.002923003
8.890343,37.609196,-3.9215087e-05,-0.0017216254,-0.002591145,-0.0034698767,-0.003577496,-0.0019590028
8.76407,37.40969,2.8039292e-05,-0.001641422,-0.0023107477,-0.0028706836,-0.0030111785,-0.0015597044
9.045089,37.433,-4.2745396e-05,-0.0018403418,-0.002754063,-0.0036378133,-0.0036997634,-0.0020761134
7.954517,36.817905,0.0002607061,-0.00059144315,-0.00020011753,7.3587894e-06,-0.00081088947,0.00013168849
8.130695,37.007397,0.00020503938,-0.0009431362,-0.0007759582,-0.00062591134,-0.0013380476,-0.00027073218
8.306873,37.19689,0.00014647789,-0.001212515,-0.0013193886,-0.0013254259,-0.0018672537,-0.0006740476
7.833181,37.046234,0.00019986235,-0.00053617463,-6.3416956e-05,7.46195e-05,-0.0008871047,0.00013010233
8.009359,37.235725,0.0001555884,-0.0008688378,-0.00064089237,-0.00055404083,-0.0014071349,-0.0002648233
7.711845,37.274563,0.00013274752,-0.00048601165,7.081076e-05,0.00013837166,-0.00095654174,0.00014051393
4.186655,38.584507,-0.0005872779,-0.0008028507,-0.0008372143,-2.5252104e-05,0.0007272341,0.002396621
4.2119036,38.181717,-0.0006070933,-0.0010795908,-0.0009007895,-4.462898e-06,0.0005963634,0.0022520693
4.237152,37.778927,-0.0006604186,-0.0012429128,-0.00075673714,0.00011607595,0.00050129165,0.002127275
4.5928144,38.498123,-0.0008326456,-0.00059789227,-0.00022969246,0.00050704466,0.0008592792,0.0023219716
4.6180634,38.095333,-0.00075761916,-0.00081911875,-0.00029351367,0.0006040264,0.0008070867,0.0022163293
4.9989743,38.41174,-0.00096994714,-0.00023478895,0.0005482806,0.0010657914,0.00097427645,0.002251453
3.9214404,38.497574,-0.0004100959,-0.0009112869,-0.0010939426,-0.00027822374,0.00063028577,0.0024302625
3.6562257,38.410637,-0.00026514768,-0.0008734883,-0.0011223252,-0.00038685845,0.00061514054,0.0025310481
3.946689,38.09478,-0.0005187222,-0.0011750167,-0.001090561,-0.00027112573,0.00047224938,0.0022763894
3.6854568,37.429924,-0.0006752792,-0.0009794981,-0.00062578946,-0.00019401849,0.00029104933,0.0022235804
3.9613044,37.604424,-0.0006803626,-0.0012561526,-0.0008087744,-0.00012543604,0.0003315313,0.002122469
3.5861523,37.65413,-0.0005568878,-0.0009850464,-0.00078860717,-0.0003071338,0.00037421114,0.002357317
3.862,37.82863,-0.0005830185,-0.0012333398,-0.0009961013,-0.00028161408,0.0003707482,0.0022227117
3.4868476,37.878334,-0.00041146323,-0.0009001201,-0.00086799054,-0.00035015776,0.00049590744,0.0025112333
3.5715368,38.144485,-0.00033367067,-0.0009481539,-0.0010509081,-0.0003977248,0.0005377189,0.002506387
5.493349,37.52784,-0.0006411156,0.00015324705,0.0013100924,0.0019627463,0.0012919502,0.0021507712
5.455528,37.92794,-0.00082533655,0.00013990299,0.0012502073,0.0016939383,0.0011113444,0.0021213791
5.4177065,38.32804,-0.00097382127,0.00015818655,0.0012961532,0.0014724012,0.00096890866,0.0021218767
5.074617,37.611534,-0.00069808454,-0.0004199046,0.000622059,0.0014970005,0.001108649,0.0021695094
5.0367956,38.011635,-0.000842419,-0.00035630807,0.0005073811,0.0012480216,0.0010216202,0.0021965962
4.6558847,37.69523,-0.0006994504,-0.0009402694,-0.00014174863,0.0008066993,0.00080061774,0.0021351683
5.864622,37.65284,-0.00062396674,0.00053246535,0.0017282006,0.0019779878,0.0011440259,0.0019966671
6.2358947,37.77784,-0.000531595,0.0006237698,0.0019256155,0.0017856166,0.0007450009,0.0016979808
5.826801,38.05294,-0.00079189107,0.00044549993,0.0017476492,0.0017347569,0.00090323767,0.0019338012
2.8643565,37.152718,0.00018036745,0.00081116677,0.0006223146,0.00050553796,0.001382642,0.0035939359
2.639934,37.061558,0.00056781946,0.0014194967,0.0011327296,0.0009211972,0.0020065513,0.004273496
2.4155116,36.970398,0.00095230585,0.0019994075,0.0016737266,0.0014014893,0.0027641065,0.0050825356
2.9187815,36.89671,0.00010895878,0.0008773206,0.00072220626,0.0005515898,0.0012777981,0.0034755827
2.694359,36.80555,0.00046005993,0.001381476,0.0011546502,0.00091833505,0.0018854529,0.0041521364
2.9732065,36.6407,4.988603e-05,0.00096123584,0.0008586243,0.00063972577,0.0011977006,0.0033669441
3.2641416,37.050514,-0.0003850633,5.1765368e-05,0.000120199475,0.00012786254,0.0006145524,0.0027015477
3.064249,37.101616,-0.00012659236,0.00039592013,0.00032509482,0.00026876503,0.0009465456,0.0031032905
3.118674,36.845608,-0.00017427132,0.0005424217,0.0005006588,0.0003729646,0.00086781266,0.0029943872
3.5695508,37.070248,-0.0006743164,-0.00046469658,-0.00014211044,2.9050485e-05,0.0003125924,0.0022717747
3.4240832,36.86534,-0.00053949596,2.090335e-05,0.00020744845,0.00020416573,0.00043811544,0.0024400873
3.2786157,36.660435,-0.00034424348,0.00049528736,0.00055884704,0.00041831293,0.0006425694,0.0026833117
3.7294927,36.885075,-0.00077248603,-0.00039527565,7.496886e-05,0.00023978583,0.00026304132,0.0021110296
3.5840251,36.680164,-0.0006537086,8.694246e-05,0.00040063233,0.00038757862,0.00034558983,0.002236342
3.8894343,36.699898,-0.00083197444,-0.00023226425,0.00038986577,0.00055362814,0.00029599055,0.0020067436
3.8453984,37.244747,-0.00077239244,-0.00097126496,-0.00043384626,-4.3652952e-07,0.00025485523,0.0020868958
4.00534,37.059574,-0.00083107577,-0.0008674319,-0.0001436837,0.00029115527,0.0002917993,0.0019985228
4.1212463,37.41925,-0.00074164016,-0.0012197568,-0.0005506,0.00014314555,0.00036887563,0.0020446375
2.1317706,36.72754,0.0013205563,0.0025557089,0.002352656,0.0020822422,0.0039403136,0.0063344412
1.8107922,36.662827,0.0017685075,0.0031987869,0.00313257,0.0029126217,0.0054429676,0.007859595
2.126877,36.31983,0.001063129,0.002139564,0.002225546,0.0020634166,0.004055947,0.0065243416
2.6894655,36.397842,0.00040804586,0.0014271713,0.0013467926,0.001086893,0.0019877965,0.0042674355
2.410618,36.56269,0.0008262622,0.0018930122,0.0017438835,0.0014885466,0.002871625,0.0052359845
2.4057245,36.154984,0.000641749,0.0016200271,0.0017274023,0.0015378617,0.002975567,0.00538774
7.4313593,37.235474,0.00010011651,-6.031744e-05,0.00074948027,0.00074534916,-0.00044151992,0.00056754536
7.1035786,37.36879,-2.6984215e-05,0.00028460496,0.0013059586,0.0011835453,-5.534865e-05,0.00092789717
6.775798,37.50211,-0.00019357308,0.0005335028,0.0016993708,0.001512001,0.000309598,0.0012618777
7.272209,36.96806,0.00014827661,0.00036699363,0.001183452,0.0012079361,0.00015060804,0.00097402977
6.9444284,37.101376,9.779408e-06,0.0006602818,0.0016020617,0.0015753369,0.00051291264,0.0012986907
7.113059,36.700645,0.00021297224,0.0007736983,0.0015012166,0.0016344764,0.0007507186,0.0013802835
7.674031,36.77882,0.00026659085,-0.000106200874,0.0004905708,0.0006460306,-0.00028789014,0.0005639517
7.552695,37.007145,0.00018642761,-8.000955e-05,0.0006215107,0.00069790974,-0.0003684406,0.00055948796
7.393545,36.73973,0.00024949922,0.0003719394,0.0010679347,0.0011786342,0.0002385483,0.0009851889
6.1432843,36.79898,-0.00010397494,0.0009568745,0.0020302515,0.0025887424,0.0017270575,0.0021795526
6.4665422,36.7662,8.649751e-06,0.0010844726,0.0019942792,0.0023640243,0.0015228625,0.0019939279
6.7898006,36.73342,0.000118292424,0.0010241418,0.0018203763,0.0020359985,0.0011856998,0.0017231228
6.2979116,37.16693,-0.00025101035,0.0008879001,0.0019354877,0.0021656635,0.0012523219,0.0018997571
6.62117,37.134155,-0.0001177755,0.0008704747,0.0018602413,0.0019162637,0.0009328781,0.0016352403
6.4525394,37.534885,-0.0003469576,0.00070430443,0.0019028342,0.0017953297,0.0007203234,0.0015951976
5.7099943,37.284885,-0.00048242285,0.0004343263,0.0016210679,0.0022335916,0.0014397257,0.0021507198
5.926639,37.04193,-0.0002998385,0.000709939,0.0018625291,0.002442579,0.0015871843,0.0021612458
6.081267,37.409885,-0.0004431732,0.0007236792,0.0018675488,0.002099486,0.001200841,0.0019456623
9.81252,37.297577,-0.0002514088,-0.0023706884,-0.0037775463,-0.005345019,-0.0058149626,-0.00361054
9.539433,37.224537,-0.00014833227,-0.0021890446,-0.003364396,-0.004573195,-0.0047546057,-0.002854703
9.752758,36.99277,-0.00017793491,-0.0023551397,-0.0035629636,-0.0047602123,-0.0050066966,-0.003053239
10.432796,36.44113,-0.00032841027,-0.0028598874,-0.0042294366,-0.005537663,-0.0062142,-0.0040219114
10.516331,36.68796,-0.00040023684,-0.0029083025,-0.0044696773,-0.006106592,-0.007072854,-0.004677915
10.19944,36.601067,-0.00026933715,-0.0026917225,-0.003995301,-0.00524132,-0.005735864,-0.0036265831
11.125719,35.975292,-0.00050926686,-0.0033427416,-0.0049059982,-0.0063872207,-0.0075741853,-0.0053219097
11.19525,36.1908,-0.00057397725,-0.0034116823,-0.0051546665,-0.006908199,-0.008319968,-0.0059584975
10.895935,36.128242,-0.0004491094,-0.003186096,-0.004684962,-0.006110321,-0.0071425075,-0.0048763645
9.176317,37.121666,-1.9749627e-05,-0.0019610473,-0.0028380495,-0.003570476,-0.003556258,-0.0020086742
9.026527,36.78703,8.5124746e-05,-0.001880063,-0.0025115246,-0.0028021473,-0.002716155,-0.0014288037
8.876737,36.452393,0.00019293971,-0.0017311765,-0.0021158054,-0.0020303202,-0.0019582831,-0.0008919343
9.389643,36.8899,-4.1594656e-05,-0.0021347583,-0.003064577,-0.0037996816,-0.0037445284,-0.0021645785
9.239853,36.555264,6.556026e-05,-0.0020691003,-0.0027730064,-0.0030699628,-0.0028574066,-0.0015543057
9.602968,36.658134,-7.0468035e-05,-0.0023094986,-0.00328327,-0.0040135453,-0.003945693,-0.002322032
8.61428,37.075054,0.00012587548,-0.0015133842,-0.0018963946,-0.0020426149,-0.0022717016,-0.0010386945
8.745508,36.76372,0.00016218379,-0.0016213905,-0.002003932,-0.0020330257,-0.0021178047,-0.0009728868
8.895298,37.098362,5.939312e-05,-0.001757295,-0.0024063184,-0.0028314716,-0.002867534,-0.0015014241
8.261924,36.696068,0.00026736342,-0.0010015176,-0.00087884144,-0.00063723803,-0.001177298,-0.00021144077
8.56933,36.57423,0.00024251558,-0.0013857479,-0.0015299619,-0.001331964,-0.0015538181,-0.0005510438
8.438102,36.88556,0.00019760415,-0.0012984817,-0.0014229183,-0.0013260863,-0.0017145707,-0.000621417
7.9026313,36.514034,0.0003482475,-0.00030011803,0.00013567462,0.00039845466,-0.000338006,0.0004586128
7.850745,36.210167,0.0004483767,3.535472e-05,0.0004442466,0.0007632917,0.00015538678,0.0008092882
7.7988596,35.906296,0.0005632194,0.0003857132,0.00073369814,0.0011252749,0.0006723726,0.0011877636
8.210038,36.392197,0.00035264945,-0.00075731234,-0.0005295767,-0.00019539997,-0.00070596946,0.00012335413
8.158152,36.08833,0.000448042,-0.00044775425,-0.00018064126,0.00021512836,-0.0002199009,0.00047977173
8.517445,36.27036,0.00032528423,-0.0012013081,-0.001207728,-0.0008577588,-0.0010768097,-0.0002084805
7.622145,36.47495,0.00036270358,0.00022101335,0.0007666333,0.0009840117,0.0001969216,0.00089193985
7.341659,36.43586,0.00035790406,0.0006862033,0.0012727279,0.0014919662,0.00072982133,0.0013088244
7.5702596,36.171078,0.0004750523,0.00055439427,0.0010145422,0.0013210375,0.0007039149,0.0012447899
10.7353735,35.540413,-0.0002942343,-0.003155805,-0.004320789,-0.0050530513,-0.0053475867,-0.0034654671
10.942083,35.634388,-0.00038437636,-0.0032488352,-0.004545632,-0.0055361716,-0.0062050186,-0.0041769077
11.148793,35.728363,-0.00047536896,-0.0033586926,-0.0048083,-0.006068907,-0.0070858137,-0.004947907
10.712299,35.78734,-0.000325848,-0.0031058937,-0.0043455237,-0.0052780677,-0.00577199,-0.0037740231
10.919009,35.881317,-0.00041669517,-0.0032125092,-0.0046019764,-0.005805776,-0.0066633914,-0.0045177126
10.689225,36.034267,-0.0003571424,-0.0030612827,-0.0043902476,-0.0055352766,-0.006218936,-0.004099326
11.697981,35.557556,-0.0006470855,-0.0037051893,-0.005404441,-0.006977998,-0.00841957,-0.0063398285
11.770319,35.785885,-0.00072096067,-0.0038063251,-0.0057014413,-0.0075440486,-0.009175763,-0.007022119
11.526742,35.68995,-0.0006084591,-0.0036024118,-0.005265942,-0.0068203337,-0.008207007,-0.006058434
11.31114,35.289803,-0.00045750858,-0.0034700835,-0.0048190374,-0.0058097867,-0.0066484273,-0.0046856767
11.497167,35.334923,-0.0005315903,-0.0035659785,-0.0050301515,-0.006220721,-0.0073115365,-0.005313963
11.683193,35.380043,-0.00060692726,-0.003675834,-0.00526842,-0.006661353,-0.00796786,-0.0059581525
11.325928,35.467316,-0.0004942673,-0.0034694886,-0.004898748,-0.006065733,-0.0070741964,-0.0050291573
11.511954,35.512436,-0.00056978536,-0.0035788978,-0.0051362677,-0.0065077036,-0.0077519733,-0.0056777936
11.340715,35.64483,-0.0005311817,-0.0034769212,-0.0049986774,-0.006347934,-0.007517099,-0.005390123
11.119218,35.37334,-0.00040408567,-0.003367911,-0.0046544583,-0.0055590575,-0.0062263715,-0.004265756
11.134006,35.550854,-0.00043969273,-0.0033598198,-0.004722076,-0.005801048,-0.006647338,-0.0045983507
10.927296,35.456875,-0.0003496258,-0.003263352,-0.0044887285,-0.005307208,-0.0057908385,-0.0038571476
5.352923,37.148125,-0.00048675598,-8.674637e-06,0.0012915883,0.0021569836,0.001432897,0.0022144841
4.9341908,37.23182,-0.0006037366,-0.0005945595,0.00063473254,0.0015647949,0.001089247,0.002142016
4.515458,37.315517,-0.0007039277,-0.0010413779,-4.8308597e-05,0.00080248027,0.00067467464,0.0020511863
5.2124968,36.76841,-0.0004084304,1.2911931e-05,0.0015205168,0.002411979,0.0015311607,0.002261019
4.7937646,36.852104,-0.00062438054,-0.00047439666,0.0009138413,0.0017176814,0.0010527748,0.0021081932
5.0720706,36.388695,-0.00044277878,0.00037320092,0.0019949682,0.002760602,0.0016214205,0.0023053316
5.786213,36.66222,-0.00013707354,0.0007186851,0.0020542627,0.0028548979,0.0019200689,0.0023528994
5.569568,36.90517,-0.00032385692,0.00035731046,0.0017070201,0.002538318,0.0016751969,0.0022756734
5.4291415,36.525455,-0.00023633182,0.0004700438,0.002040993,0.0029174644,0.0018720808,0.0023866044
4.2836466,36.596165,-0.00085368496,-0.00022090807,0.0008151042,0.0011885419,0.0005661361,0.001959221
4.6778584,36.49243,-0.00070098176,4.4607373e-06,0.0014046347,0.0019973929,0.0010616604,0.0020956057
4.3995523,36.95584,-0.00078532845,-0.00079637155,0.00030022606,0.0009370758,0.0005928643,0.0019889975
3.1952772,36.230217,-0.0001723358,0.0009936327,0.0010695005,0.0008084095,0.0008829154,0.0029025597
2.9115365,35.98736,9.450756e-05,0.0011964578,0.0013247299,0.0010603799,0.0015043272,0.0036669201
2.6277955,35.7445,0.00024408064,0.0011485688,0.0014545107,0.0012892401,0.0022965777,0.0046386356
3.4173481,35.819736,-0.00030227183,0.0011957964,0.0014930326,0.0012250617,0.00077207776,0.0025660032
3.1336071,35.576878,-0.00012443081,0.0011390364,0.0014920183,0.0012434674,0.0011896525,0.0031647363
3.639419,35.409252,-0.0003538233,0.0015109534,0.0020658984,0.0018550041,0.00087991764,0.0023795706
3.8060958,36.269684,-0.00070555316,0.0005972715,0.0010875196,0.0010164849,0.00042288034,0.0020689545
3.5006866,36.24995,-0.0004710461,0.00078556896,0.0010212256,0.0008242074,0.0005260935,0.0023680842
3.7227576,35.83947,-0.0005076692,0.001237455,0.001689378,0.0014898475,0.0006381975,0.0022027683
4.200308,36.16595,-0.0008111341,0.0006800225,0.0015708017,0.0016932944,0.0006834768,0.0019915686
4.1169696,35.735733,-0.0006497274,0.0014876798,0.0022694278,0.0022350722,0.00089632365,0.0020909808
4.59452,36.062214,-0.0007278816,0.0008990525,0.0021897834,0.0025499382,0.0012194032,0.0021490988
2.1066384,35.429092,0.000468719,0.0009725807,0.0016020637,0.0017543229,0.0041514933,0.0067990683
1.7197245,35.309116,0.0007674833,0.0011139947,0.0019264886,0.0023539045,0.005833041,0.0085659055
2.0912933,34.946056,0.00019682072,0.00035494924,0.0011010653,0.0013949956,0.004037639,0.006773116
2.6124504,35.261467,2.8080567e-05,0.00071094354,0.0012637606,0.0012184803,0.0023350155,0.004732007
2.5971053,34.778435,-0.00018866673,0.00022058323,0.0009079397,0.00096993276,0.0022360084,0.0046950174
3.118262,35.09384,-0.00021903262,0.00092707,0.0015182057,0.0013642865,0.0012918129,0.0032462024
6.2391143,36.357613,0.00017371938,0.001217475,0.0023252275,0.0030196428,0.0021549896,0.0024006588
6.3349447,35.916245,0.0004409097,0.0015769232,0.0027769052,0.0035537076,0.0026576202,0.0027016015
6.4307747,35.474876,0.000678319,0.0020683475,0.0033854125,0.0042020506,0.0032416536,0.003090432
6.5623727,36.324833,0.00027742595,0.0013001488,0.0021644118,0.0027137625,0.001961231,0.0022314524
6.6582026,35.883465,0.00054528855,0.001566634,0.002476694,0.003155751,0.0024607948,0.0025432007
6.885631,36.292053,0.0003605996,0.0012256459,0.0018998182,0.002311588,0.0016291776,0.0019724967
7.114231,36.02727,0.00052529864,0.0012244893,0.0017821682,0.00223155,0.0016710496,0.0019698949
6.886803,35.618683,0.00072352536,0.0016752881,0.0024824606,0.0031639326,0.0025975397,0.0026276454
7.342831,35.76249,0.0006615245,0.0011739121,0.0016284129,0.0021194231,0.0016955562,0.0019692818
5.8820434,36.22085,0.000107661115,0.0011387232,0.0025921972,0.0034319046,0.0023649517,0.0025805777
5.524972,36.08409,-7.009864e-05,0.0011271117,0.0028145092,0.003645538,0.0023408753,0.0026180833
5.9778733,35.779484,0.00032466406,0.0017224395,0.0032828979,0.0041238638,0.0029070172,0.0028992696
10.399228,36.080475,-0.00025837467,-0.0028868765,-0.004078654,-0.0050072162,-0.0053381906,-0.0033820355
10.165873,36.24041,-0.00019908085,-0.002725333,-0.0038559258,-0.0047236644,-0.004893266,-0.0030286312
9.932516,36.400345,-0.00014133856,-0.0025586563,-0.0036239796,-0.00442665,-0.004461261,-0.0027024238
10.132305,35.87975,-0.00012883559,-0.0027738558,-0.0037663812,-0.004285804,-0.0041173305,-0.0024801388
9.898949,36.03969,-7.007584e-05,-0.0026046939,-0.0035306234,-0.003985371,-0.0037226474,-0.0021900304
9.865381,35.679028,3.4410507e-06,-0.0026375311,-0.0034478414,-0.0035869163,-0.0030433016,-0.0017131625
10.445376,35.586617,-0.00019616172,-0.0030005032,-0.004051213,-0.004585721,-0.0045298045,-0.0028077387
10.422302,35.833546,-0.00022748693,-0.0029428215,-0.004057719,-0.004782798,-0.004923657,-0.0030882156
10.155379,35.632824,-9.6774995e-05,-0.0028320164,-0.0037675588,-0.0041051847,-0.0037542111,-0.0022246651
9.569401,36.297474,2.9557943e-06,-0.0023448272,-0.00317186,-0.00355326,-0.0032622076,-0.0018565973
9.206285,36.194603,0.00014428436,-0.0020557272,-0.0026143086,-0.0026007616,-0.0022675418,-0.0011476326
9.535833,35.936817,7.879913e-05,-0.0023590196,-0.0030569404,-0.0031211984,-0.002627284,-0.0014161493
10.370044,35.0308,-7.424161e-05,-0.0030424094,-0.0039459853,-0.004012336,-0.0033708138,-0.0019571052
10.49182,35.20067,-0.00014908254,-0.0030898785,-0.0040690596,-0.0043421444,-0.0039886804,-0.0024199693
10.613597,35.37054,-0.00022218391,-0.0031241984,-0.004189086,-0.0046835216,-0.0046474,-0.0029210353
10.201823,35.246876,-4.8552603e-05,-0.0029154324,-0.0037873406,-0.0038756423,-0.003251145,-0.0018647893
10.3236,35.416748,-0.00012325689,-0.002964816,-0.003921728,-0.0042260815,-0.003868361,-0.002317014
10.033603,35.46295,-2.2345557e-05,-0.0027799255,-0.0036210269,-0.0037338573,-0.0031422204,-0.0017844336
9.4909115,35.520184,0.00017440267,-0.0023081054,-0.0028703946,-0.002614963,-0.0019315677,-0.0009164807
9.161364,35.777973,0.00024371616,-0.0019597968,-0.0023619158,-0.002047339,-0.0016086786,-0.0006744748
8.831815,36.03576,0.00029616765,-0.001583054,-0.001796862,-0.0014479219,-0.0013297992,-0.00044252753
9.116441,35.36134,0.00035299623,-0.001747167,-0.0020194976,-0.0014886097,-0.0009749426,-0.00019206807
8.786893,35.619125,0.0004109808,-0.0013124223,-0.0014014705,-0.00088012544,-0.0007078269,2.8535127e-05
8.741971,35.20249,0.0005394619,-0.00091894896,-0.0009454167,-0.0003247455,-7.5502845e-05,0.0005378526
8.11323,35.671696,0.00059271837,-8.804128e-06,0.00022327252,0.0006971191,0.00043268315,0.0009744774
8.427601,35.437096,0.0005820699,-0.0004511735,-0.00034189568,0.00021284095,0.00018336087,0.00075706444
8.472523,35.85373,0.0004453256,-0.00087768,-0.00078668684,-0.0003104931,-0.00045906738,0.0002513714
7.6674805,34.800606,0.001062576,0.0015776922,0.0020552003,0.0027568182,0.0026917667,0.0027532363
8.025644,34.934566,0.00089727767,0.0008351181,0.001053929,0.0016828168,0.0017274204,0.002011993
8.383807,35.06853,0.00071823003,-1.4773906e-05,8.371286e-05,0.0006943853,0.0007938875,0.0012591317
7.7112737,35.16917,0.0008893329,0.0011517067,0.0014874829,0.0020942986,0.00196958,0.002181032
8.069437,35.30313,0.0007389006,0.0004089328,0.00060516765,0.0011545097,0.0010563709,0.0014674992
7.7550664,35.537735,0.00071900344,0.0007686801,0.0010668183,0.0015652706,0.0012993985,0.0016602247
7.255245,35.025364,0.0010281784,0.0019138675,0.0026506674,0.0033833503,0.0030466947,0.0029796672
7.2990384,35.393925,0.00084685104,0.0015051313,0.0020501458,0.0026787436,0.0023485413,0.0024504182
6.84301,35.25012,0.0009005554,0.002086271,0.00311328,0.003888834,0.0032430538,0.003095236
11.1897745,35.145824,-0.00038944156,-0.0034248172,-0.0046685673,-0.0054345443,-0.005986684,-0.004111974
10.997852,35.229362,-0.00033642308,-0.0033275902,-0.004513735,-0.0051963604,-0.0055626524,-0.0037092685
10.80593,35.312897,-0.00028210177,-0.0032262981,-0.0043553184,-0.0049545355,-0.0051302286,-0.0033227045
11.068408,35.00185,-0.00032165824,-0.0033881026,-0.004543639,-0.0051002544,-0.0053496133,-0.003572898
10.876486,35.085384,-0.00026865632,-0.0032928765,-0.004394187,-0.004869993,-0.004926568,-0.0031895726
10.947042,34.857872,-0.0002535498,-0.0033536905,-0.0044359136,-0.004798776,-0.004738881,-0.0030680131
10.562376,34.973156,-0.00013569265,-0.0031572348,-0.004123522,-0.0042902287,-0.0038170062,-0.002301182
10.754709,34.915512,-0.00019548237,-0.0032600474,-0.0042852694,-0.0045506204,-0.004275483,-0.0026720762
10.684154,35.14303,-0.00020954937,-0.0031951887,-0.0042360974,-0.0046109296,-0.0044542383,-0.0027917314
12.021764,35.23914,-0.0007011655,-0.0038715738,-0.005597724,-0.007142874,-0.008611095,-0.006705653
12.174309,35.053116,-0.0007152304,-0.0039331513,-0.0056525515,-0.007152032,-0.008598751,-0.006793295
12.240745,35.328617,-0.0008030252,-0.004049155,-0.00597477,-0.0077707083,-0.009405059,-0.0075123333
11.782619,35.206116,-0.0006083417,-0.0037210507,-0.0052856384,-0.0065998174,-0.0078678345,-0.0059391223
11.696021,34.98707,-0.0005348073,-0.0036670577,-0.0050912197,-0.0061323624,-0.007153875,-0.0053077107
11.609422,34.768017,-0.00046246083,-0.0036319965,-0.004943469,-0.00572941,-0.006478953,-0.004718553
11.935164,35.020092,-0.00062391727,-0.0037902899,-0.005353738,-0.0066244947,-0.007887189,-0.006053478
11.848566,34.80104,-0.0005488837,-0.0037347234,-0.00516414,-0.0061674505,-0.007196514,-0.005439608
12.087709,34.834064,-0.0006364225,-0.0038517476,-0.005415469,-0.0066442695,-0.007896594,-0.006161692
11.410567,35.115875,-0.0004609114,-0.0035286695,-0.0048622955,-0.005781482,-0.0065900637,-0.004692353
11.5099945,34.941948,-0.00046263292,-0.003582815,-0.0049039186,-0.005754701,-0.0065332605,-0.0047030146
11.596594,35.160995,-0.00053406804,-0.003618511,-0.0050612283,-0.0061757923,-0.0072323703,-0.00530945
11.289202,34.971897,-0.00039272307,-0.0034854293,-0.0047210236,-0.005422733,-0.005948441,-0.0041286154
11.167835,34.82792,-0.00032475294,-0.0034492665,-0.0046037133,-0.0051042503,-0.0053306557,-0.003597279
11.388628,34.79797,-0.0003942664,-0.0035409022,-0.0047712047,-0.00541241,-0.00591324,-0.004150904
4.1356826,35.120667,-0.00041624517,0.002207473,0.003138721,0.003136932,0.0014136168,0.0023205332
4.6319466,34.83208,-0.00033364474,0.0030482053,0.0043711276,0.004676232,0.0025311103,0.0028084686
5.12821,34.543495,-0.00012504398,0.003856597,0.0054783965,0.006068241,0.0038657272,0.0035990125
4.613233,35.447147,-0.000570648,0.0022004754,0.0034372627,0.0036828727,0.0018150714,0.002419972
5.109497,35.15856,-0.00029442325,0.0029442264,0.00452891,0.0050542597,0.0029853564,0.0030301458
5.0907836,35.77363,-0.00039612144,0.0016267243,0.003262622,0.0038556857,0.0021925918,0.0025811081
5.9965863,35.164413,0.00046703295,0.0028221281,0.004534791,0.0053487583,0.0038170398,0.0035048784
5.543685,35.46902,2.2256225e-05,0.0023196933,0.0040763323,0.004812237,0.0030992455,0.0030639267
5.5623984,34.853954,8.593932e-05,0.0035852173,0.005332092,0.006043688,0.0040488704,0.003687282
3.6506188,33.613445,-0.0005249056,0.00084099313,0.0019052166,0.0020242021,0.0009496431,0.0021397374
3.6468854,34.212048,-0.00039400533,0.0012619916,0.0022754828,0.0023227436,0.0011791526,0.0024279663
3.6431522,34.81065,-0.0003199634,0.0015321702,0.0023553306,0.00226524,0.0011347401,0.002483847
3.1257286,33.89664,-0.00058342697,2.5761872e-05,0.00083554396,0.00085318624,0.0008772246,0.0028065473
3.1219954,34.495243,-0.00039916486,0.0005104792,0.0012894133,0.001254141,0.0012029911,0.0031385976
2.6008384,34.179832,-0.0004232852,-0.000354058,0.0003367211,0.00045003445,0.0018527817,0.00435682
4.6356797,34.23348,-0.00014304578,0.0033358156,0.00481632,0.0052582608,0.0030978883,0.0031453422
4.1394157,34.522064,-0.00027428716,0.0023858345,0.0035370798,0.0036761335,0.0018304524,0.0025206185
4.1431494,33.923462,-0.00025725216,0.0022130422,0.003529915,0.0038141126,0.002001056,0.0025452524
2.1061075,33.88475,-0.00021879569,-0.00074274227,-0.00015117899,0.00017699212,0.0031364602,0.0059655416
1.662228,33.660183,0.00017302923,-0.0006706598,-0.000113237205,0.00046341092,0.004684472,0.0075754616
2.1362667,33.306477,-0.00033252776,-0.0011833544,-0.0008052224,-0.0006143874,0.0023731953,0.005204111
2.661157,33.023285,-0.00068902195,-0.0012303222,-0.0008491038,-0.0009213345,0.0005326242,0.0030100623
3.1558878,33.318367,-0.00072812574,-0.0004008974,0.00032351396,0.0003043949,0.0003540182,0.0022518935
2.6309977,33.60156,-0.0005921328,-0.00082610606,-0.00025415703,-0.00019591316,0.00124569,0.003747762
6.5456195,34.873512,0.00092192105,0.002952354,0.0044351625,0.00527955,0.004183439,0.003776592
6.111431,34.563053,0.0006047522,0.0039484776,0.0057056253,0.006542714,0.004883226,0.0042828466
5.677243,34.25259,0.00023179442,0.004531713,0.006317747,0.007115348,0.0051347557,0.0044858004
6.6604643,34.27215,0.001068244,0.003952274,0.0055660536,0.0064552845,0.00525438,0.004622714
6.226276,33.96169,0.000685591,0.0048968857,0.0066967667,0.0076042856,0.0059802528,0.00517475
6.775309,33.670784,0.0011203019,0.0048872633,0.006602262,0.007562516,0.0063517354,0.0055617755
7.37009,34.424,0.0012609246,0.0025474362,0.0035114342,0.0043298923,0.003983626,0.0037375314
6.9578547,34.648754,0.0011502847,0.002834137,0.0040720403,0.004909503,0.004189293,0.003826543
7.0726995,34.047394,0.0013008872,0.0037328051,0.005171986,0.006073888,0.0052545303,0.004700148
9.677385,34.587376,0.0002913253,-0.002283981,-0.0027903896,-0.0021866683,-0.0010913901,-0.00025042548
9.740051,34.95126,0.00018883288,-0.0024973722,-0.0030951393,-0.0026804686,-0.0016979467,-0.0007279934
9.802716,35.315144,9.294241e-05,-0.0026065402,-0.003304351,-0.0031410223,-0.0023434309,-0.0012100983
9.365581,34.792416,0.00038225204,-0.0018681092,-0.0022094534,-0.0015615429,-0.00071748614,2.7342736e-05
9.4282465,35.1563,0.00027428352,-0.0021455516,-0.0025886672,-0.0021009909,-0.0013126881,-0.00044925197
9.053776,34.997456,0.00046734622,-0.0014063864,-0.0015842759,-0.00093110325,-0.0003839341,0.00028665454
10.139157,34.88299,4.1357504e-05,-0.002886256,-0.0036757176,-0.003486197,-0.0025444871,-0.0013444652
9.970937,35.099068,6.7253335e-05,-0.0027507306,-0.0034941733,-0.0033160413,-0.0024364914,-0.0012715289
9.908272,34.735184,0.00016283349,-0.002645191,-0.0033041583,-0.0028840143,-0.0017887164,-0.0007836877
10.403185,34.839054,-5.2337797e-05,-0.003076846,-0.0039676577,-0.003936082,-0.003169216,-0.0018087374
10.436325,34.647305,-2.9486195e-05,-0.0031031924,-0.0039874357,-0.003866645,-0.002979352,-0.0016666623
10.469466,34.45556,-5.6742133e-06,-0.0031204247,-0.0040039895,-0.0038030082,-0.002801575,-0.0015311216
10.595517,34.78141,-0.00011362344,-0.003193618,-0.0041464823,-0.00421332,-0.0036101467,-0.002150406
10.628658,34.589664,-9.0479254e-05,-0.0032226795,-0.0041689635,-0.0041448595,-0.0034169047,-0.002007711
10.78785,34.723766,-0.00017290995,-0.0032963157,-0.0043065012,-0.0044698548,-0.004062763,-0.0025183742
10.205439,34.4995,8.8546054e-05,-0.0029086738,-0.0036885994,-0.003339424,-0.0021855144,-0.0010661499
10.172298,34.691246,6.458439e-05,-0.0029026694,-0.003684938,-0.0034110527,-0.0023602594,-0.0012032528
9.941412,34.543438,0.00018770933,-0.0026340752,-0.0032877498,-0.0027994865,-0.0016149952,-0.00064314646
9.307089,34.32158,0.0005210316,-0.0013875901,-0.0016406567,-0.0008847514,5.841553e-06,0.0006474389
8.995284,34.52662,0.0006177362,-0.0008674113,-0.000982527,-0.00025167048,0.00035912415,0.0009255093
8.683479,34.731655,0.00070301903,-0.0003485641,-0.0003491695,0.00033454024,0.00069366256,0.0011913059
8.936793,34.055782,0.00077324046,-0.0002176039,-0.00026981055,0.0004944072,0.0011677332,0.001646896
8.624989,34.26082,0.0008750813,0.0002936066,0.000348358,0.001076751,0.0015437109,0.0019334984
8.566497,33.78998,0.0010393689,0.0010074102,0.0012271822,0.0020029559,0.002513994,0.002776295
7.9671526,34.46373,0.0011031866,0.0014373655,0.001820815,0.0025455921,0.0026769214,0.0027916615
8.266825,34.126858,0.0010926286,0.001245096,0.0015436537,0.0022938084,0.00261747,0.0028013736
8.325316,34.597694,0.00090616685,0.0005843587,0.000718645,0.0013985676,0.0016508665,0.001982519
7.669762,34.087124,0.0013242993,0.0025152103,0.003385501,0.004217111,0.004080908,0.0038845944
7.3723717,33.710518,0.0014066935,0.0037869287,0.0051636547,0.006093347,0.0054925513,0.004970717
7.9694343,33.75025,0.0013264683,0.0024161225,0.003199755,0.0040474925,0.004112833,0.0039878977
12.524996,34.634293,-0.00073723734,-0.00404826,-0.00576265,-0.007169592,-0.008553096,-0.00697642
12.723137,34.401497,-0.0007423751,-0.004097029,-0.0058139837,-0.0071750474,-0.0085165305,-0.007065238
12.769303,34.719414,-0.0008438373,-0.0042169094,-0.0061220694,-0.0077919234,-0.009299987,-0.0077281822
10.999196,34.587345,-0.0002220498,-0.0034028315,-0.0044642757,-0.004686073,-0.004449789,-0.0028629554
11.05135,34.316822,-0.00018785968,-0.003439322,-0.004495135,-0.0045947637,-0.0041944725,-0.0026813333
11.103503,34.0463,-0.00015093178,-0.0034607195,-0.0045252796,-0.004521763,-0.0039741737,-0.0025240236
11.219989,34.557396,-0.00029169605,-0.0034939295,-0.004619931,-0.0049715675,-0.005024567,-0.0033828747
11.272142,34.286873,-0.00025574386,-0.0035277503,-0.004641266,-0.00486377,-0.004755384,-0.0031958574
11.440783,34.527447,-0.0003592187,-0.0035783518,-0.004771214,-0.0052545704,-0.0055877115,-0.003924497
10.680812,34.31914,-5.7922305e-05,-0.0032525104,-0.0042022676,-0.0040689413,-0.0031827295,-0.0018323462
10.892158,34.18272,-0.0001064536,-0.003365245,-0.0043749963,-0.0043076365,-0.003576572,-0.0021639708
10.840004,34.453243,-0.00014093086,-0.0033386247,-0.0043417425,-0.0043805074,-0.0038039994,-0.0023309586
12.209594,34.586212,-0.00062121614,-0.0038834857,-0.0054088775,-0.0065187514,-0.0076969024,-0.006082344
12.092334,34.30533,-0.0005193995,-0.003812691,-0.005195268,-0.0059863967,-0.0068865675,-0.0053591495
11.975075,34.02445,-0.00041892915,-0.0037585401,-0.0050435904,-0.005561068,-0.0061557293,-0.0047047273
12.407736,34.353413,-0.0006292653,-0.0039413865,-0.005476905,-0.00654727,-0.0077135824,-0.006228593
12.290476,34.072533,-0.000524396,-0.0038637435,-0.005265465,-0.006030008,-0.0069490317,-0.0055479347
12.605878,34.120617,-0.00063122244,-0.0039862073,-0.005533723,-0.006567921,-0.0077182017,-0.006361965
11.731306,34.52016,-0.0004521972,-0.0036852062,-0.0049804393,-0.005666267,-0.006355634,-0.0046969997
11.85319,34.272305,-0.0004377535,-0.0037276763,-0.005014136,-0.0056102695,-0.0062472993,-0.004692005
11.970449,34.553185,-0.0005362907,-0.003778354,-0.005180619,-0.0060731284,-0.0070346934,-0.005392049
11.68455,34.031734,-0.00033278615,-0.0036691218,-0.0048732753,-0.0052109896,-0.0054667634,-0.003970638
11.562667,34.27959,-0.00034808158,-0.0036300658,-0.0048248195,-0.0052298345,-0.005518321,-0.003937695
11.394027,34.039017,-0.00024385631,-0.0035736947,-0.0047067273,-0.0048723705,-0.0047367853,-0.0032359087
13.441048,33.980675,-0.00084682746,-0.004334513,-0.006258136,-0.007811051,-0.009111536,-0.007885263
13.144727,33.907375,-0.00073293806,-0.0041633477,-0.0058937967,-0.0071664075,-0.008409452,-0.0072061946
13.368175,33.646046,-0.0007170941,-0.0041808565,-0.0059219026,-0.007153135,-0.008343278,-0.0072561284
14.20308,33.22275,-0.0008095406,-0.004412981,-0.006414145,-0.007910381,-0.008980179,-0.008005721
13.861291,33.162167,-0.00069259317,-0.004224871,-0.0060259886,-0.0072447886,-0.0083402395,-0.00742815
14.1309595,32.939613,-0.0006875235,-0.004260498,-0.0061088908,-0.007351875,-0.008396529,-0.007541349
4.161722,33.321587,-0.00032584637,0.0018704822,0.003241157,0.0036058724,0.0018893346,0.00232978
4.6728253,33.029728,-6.504409e-05,0.0029819333,0.004634431,0.0052763587,0.0033767691,0.0031796722
5.1839285,32.737865,0.00017785496,0.004057176,0.005910997,0.006769555,0.004994825,0.0043789
4.6542525,33.631603,-5.3188352e-05,0.003276085,0.0048902873,0.005468073,0.0034171618,0.0033068378
5.1653557,33.33974,0.00015241213,0.0042870473,0.0061121886,0.0069273496,0.0049846466,0.0044112075
5.146783,33.941616,4.3838845e-05,0.004259749,0.0059883683,0.0066980566,0.004585813,0.0041173277
5.714389,33.04884,0.0003526087,0.005216459,0.0071471413,0.0081135705,0.0064342762,0.0056076753
6.2448487,33.359814,0.00063899613,0.005572536,0.0074407994,0.008421975,0.006891864,0.0059948163
5.695816,33.650715,0.0003006559,0.005060224,0.006915557,0.007804835,0.0059545035,0.0051700566
2.6800668,32.420692,-0.0007059683,-0.0015978132,-0.0014564423,-0.0016989525,-0.00021728128,0.0022174127
3.1937077,32.113186,-0.0008600123,-0.0012531984,-0.0009497088,-0.0012386777,-0.0010606914,0.0008062001
3.7073483,31.805676,-0.0008292137,-0.00056955335,-9.887666e-07,-0.00017497495,-0.00095560116,0.00024665758
3.1747978,32.715775,-0.00082755147,-0.0008429436,-0.0003036782,-0.00043957724,-0.00032873615,0.0015601356
3.6884384,32.408264,-0.0007687299,-9.16113e-05,0.0007183133,0.0007029343,-0.00018901721,0.0009845203
3.6695285,33.010857,-0.0006592204,0.00038558722,0.0013739041,0.001470297,0.0004794333,0.0016370199
4.6917353,32.427135,-0.00014593423,0.002540224,0.004119903,0.0047202213,0.0029754895,0.0027748542
4.180632,32.718998,-0.00043829545,0.0014165161,0.0027146498,0.0030533671,0.0014666505,0.0018782527
4.199542,32.116405,-0.0005555408,0.00090099097,0.0020222762,0.002234381,0.0007820338,0.0012478554
1.6622523,31.808651,0.00028583832,-0.0016873829,-0.001987799,-0.0020332758,0.0021231412,0.005045194
2.188374,31.480036,-0.00015721291,-0.0021046717,-0.0025020188,-0.0028535062,-8.5137035e-06,0.0026974953
2.1774,32.10412,-0.0002952583,-0.0018416004,-0.0019797788,-0.0021780415,0.0007488656,0.0035136768
3.2046816,31.489101,-0.0008100407,-0.0016568716,-0.0016213782,-0.0020568671,-0.0017812754,4.87227e-05
2.6910408,31.79661,-0.0006335077,-0.0019292114,-0.0020490834,-0.0024524666,-0.000938572,0.0014353766
2.702015,31.172527,-0.0004806252,-0.0022225808,-0.002591459,-0.0031061054,-0.0015832783,0.0007188024
7.8570976,32.498894,0.0013636845,0.0049366425,0.0065786545,0.007659949,0.007123695,0.0065015084
8.093564,32.929256,0.0013841012,0.003556149,0.004783495,0.005774461,0.005657858,0.005310403
8.33003,33.35962,0.0012548291,0.0022015912,0.0028766817,0.0037414366,0.0040345537,0.0040176422
7.4965014,32.889523,0.0013820081,0.0050264853,0.006684785,0.007729457,0.0070008663,0.0063025476
7.732968,33.31989,0.0014424735,0.0037170416,0.005018288,0.0059797303,0.005633682,0.0051889634
7.1359053,33.280155,0.0012983487,0.005017715,0.0066997623,0.0077047325,0.0067489864,0.005988655
6.5931735,31.849783,0.00054705865,0.0062661488,0.008255989,0.0093186125,0.008122591,0.007253812
6.6538854,32.456783,0.0007382274,0.0062282546,0.008156969,0.009220735,0.007994679,0.007099219
6.714597,33.063786,0.00094944,0.0057779765,0.007614393,0.008640397,0.0073909424,0.006501427
6.1234255,32.14581,0.00045334548,0.0056804526,0.00767138,0.008712088,0.007356313,0.0064883716
6.184137,32.75281,0.0005342016,0.005823627,0.007771663,0.008804799,0.0073683984,0.006469803
5.653677,32.441837,0.00034239836,0.0049332953,0.0068879966,0.007868279,0.0063091842,0.0055041243
7.4357896,32.282524,0.0011743982,0.0060278876,0.007866996,0.008956014,0.008066043,0.0072655887
7.0751934,32.673153,0.0011014456,0.0059541916,0.007786168,0.008847514,0.0077995355,0.006947594
7.0144815,32.06615,0.00083262706,0.00647783,0.008409197,0.009488237,0.008400092,0.0075353645
10.361884,34.137497,9.8282326e-05,-0.0029843526,-0.0038134414,-0.0034026252,-0.0021161183,-0.0009979947
10.254302,33.81943,0.00020532728,-0.0027486552,-0.0035146284,-0.0029411537,-0.001472278,-0.00048114418
10.14672,33.501366,0.00031309403,-0.002391189,-0.0030729794,-0.0023893036,-0.0008469133,4.2758213e-05
10.57323,34.001076,4.4822245e-05,-0.0031405098,-0.0040521096,-0.0037138397,-0.002495359,-0.0012886502
10.465648,33.68301,0.00014981895,-0.0029413467,-0.003809365,-0.0033090622,-0.001850773,-0.0007675746
10.784575,33.864655,-4.2844563e-06,-0.0032708657,-0.0042563565,-0.0039909394,-0.0028959673,-0.0016119863
9.83383,34.225372,0.00029994786,-0.0023444153,-0.002901789,-0.0022479922,-0.0009771925,-0.0001330626
9.463534,33.959576,0.00052958785,-0.0013988896,-0.0017012794,-0.0009145202,0.00015198215,0.00080444664
9.093238,33.69378,0.00077904627,-0.0001733084,-0.00024020151,0.00055114226,0.0013709241,0.0018606988
9.990275,33.86337,0.00030699244,-0.0023814712,-0.0029981434,-0.0023169494,-0.0008941078,-3.3403187e-05
9.619979,33.597572,0.0005306725,-0.0013906244,-0.0017394642,-0.0009399915,0.00027750529,0.00095147
10.097857,34.181435,0.0001960329,-0.0027047456,-0.0034088963,-0.002865473,-0.0015247003,-0.00054975617
9.073307,32.307762,0.0009507819,0.0020125038,0.002653269,0.0035832936,0.0041616056,0.0042953272
9.431111,32.70563,0.00076289964,0.00030771992,0.00034256355,0.0011610085,0.0021568807,0.0026454795
9.788916,33.1035,0.0005416369,-0.0012290542,-0.0016008366,-0.00080937624,0.000527099,0.0012256446
8.90437,32.801834,0.0010260724,0.0016270648,0.0020911493,0.0029623585,0.003583725,0.0037755126
9.262175,33.199703,0.00078567,3.9658473e-05,3.9631127e-06,0.00081370317,0.0017554957,0.002247245
8.735434,33.29591,0.0010558174,0.0012911104,0.0016130942,0.0024351594,0.0030341574,0.0032663418
8.262501,32.43518,0.0013029234,0.004044458,0.0054482818,0.0065126605,0.0063384157,0.005925766
8.667904,32.37147,0.0011450532,0.0030514179,0.004100433,0.0051109884,0.0053270813,0.0051765824
8.498967,32.865547,0.0012288117,0.002609689,0.0034620303,0.0043961657,0.0046770535,0.0045983763
12.786226,33.839237,-0.00060836197,-0.0040022754,-0.0055410336,-0.0064931633,-0.0075951978,-0.006379584
12.651174,33.509773,-0.00048002423,-0.0038987624,-0.0053141075,-0.005956122,-0.006837743,-0.005714047
12.516121,33.18031,-0.00035521924,-0.0038068749,-0.0051595597,-0.005556929,-0.006198338,-0.0051342607
13.009674,33.57791,-0.00059625925,-0.004024497,-0.005581881,-0.0065052942,-0.0075898953,-0.006505446
12.874621,33.248444,-0.00046499207,-0.003911063,-0.0053544403,-0.005986827,-0.0068902867,-0.0058976267
13.233122,33.31658,-0.0005773625,-0.004035106,-0.00561201,-0.0065114647,-0.007576855,-0.0066106725
12.155423,33.74307,-0.00040415197,-0.0037908955,-0.005093932,-0.005561212,-0.0061636064,-0.00484146
12.335772,33.46169,-0.00038271173,-0.0038063466,-0.0051322575,-0.0055597443,-0.006178424,-0.004986731
12.470824,33.791153,-0.0005056107,-0.00388888,-0.0052949353,-0.005992932,-0.0068895817,-0.0056293504
11.773957,33.72113,-0.00028918727,-0.0036813915,-0.004894023,-0.005127095,-0.0052810395,-0.0038821823
11.57284,33.417812,-0.00016040503,-0.0035872108,-0.004778586,-0.0047849254,-0.0044763475,-0.0031173963
11.371723,33.11449,-3.301665e-05,-0.0034438097,-0.0046365256,-0.00446379,-0.003702404,-0.0023820905
11.954306,33.43975,-0.00027348922,-0.0037045472,-0.004955021,-0.0051647145,-0.0053717243,-0.0040777177
11.753189,33.13643,-0.00014516071,-0.0036004323,-0.0048466604,-0.0048550903,-0.0046433546,-0.0033561343
12.134655,33.15837,-0.0002517937,-0.0037109966,-0.0050026565,-0.005198119,-0.005467891,-0.004285365
11.19291,33.735695,-0.00011491373,-0.003477769,-0.0045743114,-0.004492173,-0.0038425946,-0.0024450712
11.282316,33.425095,-7.535383e-05,-0.003472241,-0.004612793,-0.0044744806,-0.0037532395,-0.0023986234
11.483434,33.728413,-0.00020416439,-0.0035905296,-0.0047456585,-0.004820526,-0.0045839404,-0.0031584264
10.873982,33.554054,2.8986782e-05,-0.003264224,-0.0042932113,-0.003977756,-0.0027949256,-0.0015324162
10.555055,33.37241,0.00017886065,-0.0028961312,-0.0038052534,-0.0032832443,-0.0017505803,-0.0006671187
10.963388,33.24345,6.435372e-05,-0.0032315082,-0.0043103714,-0.003967923,-0.00272886,-0.0014777131
14.892806,32.38216,-0.00070686714,-0.0044249417,-0.0064295037,-0.0077822073,-0.008659194,-0.007881276
14.946932,32.603474,-0.0008023703,-0.0045528524,-0.0066815843,-0.008215279,-0.009076182,-0.008206751
14.646717,32.54961,-0.0006921063,-0.004357677,-0.0063072545,-0.0076173483,-0.008552248,-0.0077609844
15.479321,31.999302,-0.0007811609,-0.004644019,-0.0067896317,-0.008253604,-0.008980541,-0.008210609
15.540224,32.16523,-0.0008576751,-0.0047575817,-0.00701254,-0.008618034,-0.009311692,-0.008468216
15.309108,32.107006,-0.00075237436,-0.004570449,-0.0066727125,-0.008101844,-0.008873911,-0.008105121
13.48689,33.0188,-0.0005488665,-0.0040368424,-0.0056360643,-0.006513159,-0.007554488,-0.0067049116
13.382158,32.65288,-0.00041076005,-0.0039059608,-0.0054119444,-0.0060368776,-0.006965721,-0.0062183635
13.277426,32.28696,-0.0002808383,-0.00378757,-0.0052592135,-0.005693326,-0.006495039,-0.005813229
13.756558,32.796246,-0.0005437368,-0.004061601,-0.005705969,-0.0066181524,-0.007647841,-0.0068713794
13.651827,32.43033,-0.00040449173,-0.00392227,-0.005469135,-0.0061363135,-0.007081919,-0.006409498
14.026227,32.573692,-0.00053704454,-0.0040887017,-0.0057768053,-0.0067229224,-0.0077289217,-0.007009561
13.128389,32.950665,-0.00044059812,-0.0039124764,-0.005387519,-0.006013792,-0.006934437,-0.006074616
12.769889,32.882526,-0.0003355497,-0.0038087105,-0.005203024,-0.0056090634,-0.00632017,-0.0054011657
13.023658,32.584743,-0.00030995667,-0.0038003684,-0.0052346177,-0.0056533106,-0.006418435,-0.0056280955
14.376654,32.4191,-0.0005743389,-0.004179325,-0.005960651,-0.007024646,-0.007996332,-0.0072906194
14.35268,32.121147,-0.0004740411,-0.004073279,-0.00576708,-0.006657285,-0.0076056095,-0.0069908286
14.328706,31.82319,-0.00038177683,-0.0039803386,-0.005613068,-0.006357551,-0.0072731995,-0.0067343074
14.622743,32.251656,-0.00058534177,-0.004234253,-0.0060650893,-0.00717562,-0.008106289,-0.007419536
14.598768,31.953697,-0.00048739955,-0.004127398,-0.0058640074,-0.0068013477,-0.0077201296,-0.007124701
14.868832,32.084206,-0.00060247333,-0.0043004793,-0.0061808373,-0.0073364675,-0.008220695,-0.0075470842
13.978279,31.97778,-0.00034388498,-0.0038997221,-0.0054731383,-0.0061154454,-0.007029065,-0.0064663934
14.002254,32.275738,-0.00043721692,-0.003989203,-0.0056063966,-0.0063859015,-0.0073492713,-0.006716403
13.627852,32.13237,-0.0003115636,-0.0038372339,-0.0053571905,-0.0058958586,-0.0067748064,-0.006166696
4.221201,31.518461,-0.00064286916,0.00036385746,0.0012417416,0.0012695735,-5.0303937e-05,0.0005061611
4.735054,31.231245,-0.00035688223,0.0014225126,0.0025894886,0.0028249763,0.0013484142,0.0013910477
5.2489066,30.94403,-4.7274454e-05,0.0025192343,0.0039243824,0.004332282,0.0029463375,0.0026632855
4.7133946,31.829191,-0.00025420502,0.0020144342,0.0034250205,0.0038797902,0.002274413,0.0021650135
5.227247,31.541977,4.876256e-05,0.0031408032,0.0047787307,0.005429061,0.003929574,0.0034577083
5.205588,32.13992,0.00013436026,0.0036621315,0.0054539586,0.006261585,0.0046348553,0.004044167
6.1450844,31.547865,0.00039761365,0.0054111667,0.007377142,0.008358151,0.0071020867,0.006295949
5.6753364,31.843893,0.00031183794,0.004587898,0.0064947987,0.007416672,0.005983848,0.0052287537
5.6969957,31.245949,0.00024912937,0.004089932,0.0058633066,0.006624629,0.005307202,0.0046858634
2.7289739,30.566637,-0.000285061,-0.0024860213,-0.0030638056,-0.0036410808,-0.002152673,6.588146e-05
3.2585995,30.27732,-0.00047943936,-0.0023374208,-0.0027691275,-0.0033618694,-0.0029628908,-0.0012684524
3.7882254,29.988007,-0.00054177956,-0.0019227369,-0.0021383427,-0.0026703388,-0.0030648177,-0.0019211598
3.2316406,30.883211,-0.00068198144,-0.0020037487,-0.0022115062,-0.0027448195,-0.0024100153,-0.0006483981
3.7612665,30.593895,-0.00072571635,-0.0014782171,-0.0014403207,-0.0018902151,-0.0024212084,-0.001244612
3.7343075,31.199785,-0.0008192836,-0.0010270486,-0.00072246685,-0.0010501483,-0.0017128591,-0.000512228
4.762013,30.625357,-0.0004183191,0.00078531844,0.0016608419,0.0016545433,0.00031445175,0.0005010321
4.24816,30.91257,-0.00067326444,-0.00018795014,0.00040918865,0.00024221033,-0.0009330362,-0.0003041093
4.2751193,30.30668,-0.00062288926,-0.0007536581,-0.00044945956,-0.00078221323,-0.0017962178,-0.0011296324
2.2261486,30.234407,0.00020109951,-0.002624404,-0.0034301234,-0.0039296937,-0.0012826244,0.0012814007
1.6977617,29.912281,0.0006200432,-0.0026456015,-0.0035786391,-0.0039037783,-0.00010521754,0.0026912934
2.2529492,29.612862,0.0003518287,-0.002921961,-0.0038664876,-0.0043796855,-0.0017670451,0.00074499083
3.2854002,29.655777,-0.00021621614,-0.0026729566,-0.0033079921,-0.0039319755,-0.003447131,-0.001802265
2.7557745,29.945091,-5.437456e-05,-0.0027584773,-0.0035174566,-0.0041256803,-0.002641415,-0.0004926212
2.7825751,29.323547,0.00016703278,-0.0030461866,-0.003951922,-0.00456294,-0.0030295367,-0.0009229764
7.9217887,32.048683,0.0012382822,0.0055547617,0.007339535,0.008456551,0.007812771,0.007125041
7.5004807,31.832312,0.0010116431,0.0064480184,0.008359862,0.009455842,0.008527453,0.0077142105
7.0791726,31.615942,0.0006855348,0.0066577457,0.008632347,0.00970395,0.008629725,0.0077802064
7.9864798,31.598473,0.0010626523,0.006103395,0.00799989,0.009126962,0.008376231,0.007639231
7.5651717,31.382101,0.00081778766,0.0067660855,0.008736972,0.009821229,0.0088557005,0.008036909
8.05117,31.148262,0.00084696047,0.0065719746,0.008553906,0.009669208,0.008824193,0.008049086
8.327192,31.984972,0.0011957057,0.0047221645,0.00634476,0.0074707703,0.00713037,0.0066089295
8.391883,31.534761,0.0010345834,0.005375346,0.0071786814,0.008338233,0.007828586,0.007213017
8.732595,31.92126,0.0010564958,0.0037346475,0.0050641093,0.0061616953,0.0061851842,0.005894403
6.6713114,31.266113,0.0004322242,0.006201201,0.0081967,0.0092100585,0.008090384,0.00727727
6.2232223,30.964195,0.0003469179,0.005108748,0.0069915582,0.007842543,0.006704241,0.0060197716
5.7751336,30.66228,0.00020323649,0.0036333785,0.0052285045,0.005775151,0.0045798086,0.004134403
6.7494493,30.682444,0.00032664195,0.0059846127,0.007936913,0.0088386955,0.007820281,0.0071228747
6.3013606,30.380527,0.00030422,0.0046777963,0.0064149047,0.007065509,0.0060501625,0.0055503193
6.827587,30.098776,0.00025100118,0.005620297,0.007472342,0.008200902,0.0073025776,0.0067866957
7.6433096,30.798433,0.00053955824,0.0070302514,0.009055809,0.010097014,0.009114346,0.008309954
7.1573105,31.032272,0.00048069126,0.006736359,0.008744236,0.009771461,0.008730732,0.007921718
7.2354484,30.448605,0.0002899318,0.0066507054,0.0086539015,0.009589069,0.008624292,0.007913114
9.301704,31.054893,0.00063924625,0.003816957,0.005245924,0.0064210105,0.006458518,0.00618167
9.225572,31.472515,0.0007772047,0.003178553,0.004337643,0.0054317163,0.005677776,0.0055520847
9.14944,31.890139,0.00088213786,0.002574694,0.0034660995,0.004474212,0.0049058767,0.0049195467
8.88486,31.086016,0.00075272575,0.004951922,0.0067156833,0.00791923,0.0075723515,0.007047666
8.808727,31.50364,0.00092329155,0.0043407395,0.005899157,0.007060532,0.0069005806,0.0064909877
8.468015,31.11714,0.0008422764,0.0059085363,0.007840198,0.009007336,0.008362148,0.007676384
11.0867,32.69405,0.00013934761,-0.0030766707,-0.0042326306,-0.0038801378,-0.0025811386,-0.0013401977
10.678366,32.82301,0.00024141528,-0.0026974792,-0.0036570537,-0.0031343633,-0.001531087,-0.0004426971
10.270032,32.95197,0.0003647063,-0.0021354596,-0.0028361708,-0.002155529,-0.0005384442,0.00035945541
10.801678,32.27361,0.00029566654,-0.0023906818,-0.0033673549,-0.0028989958,-0.0013250567,-0.00021563843
10.393343,32.40257,0.00040265598,-0.0017705451,-0.002451501,-0.0018196038,-0.00022512257,0.0006923095
10.516655,31.85317,0.00042092695,-0.0012926876,-0.0018883421,-0.001319,0.00016438715,0.0010898858
9.554423,32.15623,0.0007307174,0.0008684732,0.001097671,0.0019424346,0.0028640523,0.0032878174
10.035539,32.0047,0.00055380934,-0.00027716963,-0.00045208872,0.00028645538,0.0015325383,0.002213174
9.912228,32.5541,0.000562257,-0.0008044881,-0.0011131103,-0.00034904198,0.0009861718,0.0016872208
9.706688,31.320986,0.0006054308,0.0020081794,0.0027168116,0.0036864418,0.004313152,0.0045091147
10.111671,31.587078,0.0005303328,0.00024585045,0.00024854406,0.0009951555,0.00211178,0.002734068
9.630555,31.73861,0.0006822094,0.0014106887,0.00185849,0.0027524272,0.0035466477,0.003874491
12.330613,32.82105,-0.0002141729,-0.0036955762,-0.0050370903,-0.0052169943,-0.0055477982,-0.004493596
12.145106,32.461784,-7.9941005e-05,-0.0035593563,-0.004934847,-0.004962214,-0.0049675577,-0.00387807
11.9595995,32.102524,4.4703036e-05,-0.0033616882,-0.0047759004,-0.0047100545,-0.004384053,-0.0032263994
12.584382,32.523266,-0.00019507378,-0.0036880802,-0.005080521,-0.005288603,-0.0057435315,-0.004828856
12.398875,32.164005,-6.3568354e-05,-0.0035459525,-0.0049783196,-0.005051615,-0.0052318214,-0.004270909
12.83815,32.225483,-0.00017148972,-0.003672706,-0.0051116347,-0.0053494913,-0.0059028314,-0.0051161335
11.567682,32.77717,-1.1611357e-05,-0.0034370667,-0.0047073965,-0.004560715,-0.0039291205,-0.0026463247
11.76364,32.439846,1.4857277e-05,-0.003408346,-0.0047535924,-0.004643517,-0.0041626794,-0.0029351169
11.949148,32.799107,-0.00011503652,-0.0035889798,-0.00490007,-0.004912666,-0.0048059253,-0.0036139125
11.478618,32.019405,0.00016792826,-0.002998867,-0.004314256,-0.0041069863,-0.0031347836,-0.00186159
11.28266,32.356728,0.00015183799,-0.0030498267,-0.0042903367,-0.0040070442,-0.0028568858,-0.0015899168
10.997637,31.936289,0.0002928596,-0.0023456719,-0.0033955425,-0.0030238575,-0.0015671231,-0.0003937301
15.475689,31.774902,-0.00071462436,-0.0045593716,-0.006607218,-0.007932756,-0.008679536,-0.007986487
15.305476,31.882607,-0.0006828162,-0.0044845147,-0.006491468,-0.007781256,-0.0085686,-0.007876599
15.1352625,31.990313,-0.00065679656,-0.004417437,-0.0063847094,-0.0076392293,-0.0084656635,-0.0077729733
15.301844,31.658207,-0.00062016654,-0.0044099204,-0.0063311844,-0.0074916626,-0.0082918815,-0.0076712538
15.131631,31.765911,-0.00059106544,-0.0043413974,-0.0062263375,-0.007351631,-0.008185822,-0.007564133
15.127999,31.541512,-0.0005318765,-0.0042754887,-0.006089461,-0.007097438,-0.007934889,-0.0073778667
14.8615675,31.635405,-0.00047288134,-0.004160812,-0.005907557,-0.006826529,-0.0077022146,-0.0071583586
14.8652,31.859804,-0.0005347602,-0.0042261416,-0.0060335905,-0.0070643895,-0.007946729,-0.0073414356
14.595137,31.729298,-0.0004235229,-0.004062982,-0.005749556,-0.0065809367,-0.0074833054,-0.0069459234
15.705924,31.724405,-0.0007926491,-0.004706185,-0.006853083,-0.00828499,-0.008964297,-0.008235351
15.762315,31.557213,-0.00077434286,-0.0046930956,-0.0067983703,-0.008165247,-0.008844524,-0.008157746
15.889436,31.745928,-0.00087829353,-0.00485734,-0.007116745,-0.008672847,-0.00928575,-0.008503991
15.53208,31.60771,-0.00069253606,-0.004543809,-0.0065527274,-0.007814464,-0.008558673,-0.007907226
15.358234,31.491014,-0.0005991715,-0.004397443,-0.0062859342,-0.0073885066,-0.008183255,-0.0076013394
15.5884695,31.440517,-0.00067535863,-0.0045341146,-0.0065063317,-0.0077076005,-0.008449818,-0.007838051
14.568277,31.120335,-0.0002733007,-0.003915596,-0.005519064,-0.0061165895,-0.0069540525,-0.0065386053
14.754851,31.260727,-0.00035379664,-0.0040235342,-0.0056728185,-0.006389671,-0.007246384,-0.0067975814
14.941425,31.40112,-0.00043978528,-0.004142536,-0.005861265,-0.0067146732,-0.0075720656,-0.0070758485
14.4884205,31.35462,-0.0003027788,-0.003930449,-0.005541482,-0.0061826534,-0.0070450795,-0.0065928306
14.6749935,31.495012,-0.0003850448,-0.0040393705,-0.0057056462,-0.006476767,-0.0073559238,-0.0068650125
14.408563,31.588905,-0.00033920855,-0.0039521623,-0.0055725174,-0.006262354,-0.00715104,-0.006657807
12.582973,31.294918,9.190887e-05,-0.0032780701,-0.0048261024,-0.0049084914,-0.005030266,-0.004144296
12.814457,31.625599,-1.9176752e-05,-0.0034955353,-0.005010186,-0.005151148,-0.0055304086,-0.0047688633
13.045941,31.95628,-0.00014400661,-0.0036515635,-0.005127221,-0.0053847744,-0.0059920372,-0.0052995062
12.375182,31.564121,7.56105e-05,-0.0033095998,-0.00482215,-0.0048578084,-0.00485641,-0.003878588
12.606666,31.894802,-4.1606054e-05,-0.0035216762,-0.00499841,-0.0051057977,-0.0053970027,-0.0045400267
12.167391,31.833323,5.9402733e-05,-0.0033385819,-0.0048062885,-0.0047922884,-0.004640946,-0.0035700733
14.096926,31.562841,-0.00025940896,-0.0038360162,-0.005403406,-0.0059553445,-0.006813945,-0.0063291807
13.746499,31.717432,-0.00022341788,-0.0037670576,-0.0052979277,-0.005757646,-0.006579733,-0.0060512507
13.396072,31.872023,-0.00019224614,-0.00371361,-0.005212048,-0.0055782436,-0.006326449,-0.005728445
13.865146,31.302494,-0.00014766082,-0.003705027,-0.005254243,-0.005655611,-0.006422912,-0.00595583
13.514719,31.457085,-0.00011270314,-0.0036411905,-0.0051728236,-0.0054928972,-0.0061900383,-0.0056552286
13.633366,31.042147,-4.595801e-05,-0.00357086,-0.0051326174,-0.005423652,-0.006072544,-0.00558379
14.25664,31.094273,-0.0001897633,-0.0037904726,-0.005362259,-0.0058440273,-0.006647154,-0.0062323716
14.176783,31.328556,-0.00022155762,-0.0038106514,-0.005380079,-0.005894697,-0.0067248456,-0.0062772036
13.9450035,31.068209,-0.00011453852,-0.0036780608,-0.005237651,-0.005617043,-0.006358128,-0.0059205675
12.933104,31.21066,4.7851056e-05,-0.0033876759,-0.004949117,-0.0050969087,-0.0054546623,-0.004735955
13.283235,31.126404,2.6942043e-06,-0.0034811085,-0.0050441776,-0.005260966,-0.005789857,-0.0052047153
13.164588,31.541342,-6.5441054e-05,-0.0035690784,-0.0050917463,-0.0053199003,-0.0058872546,-0.005257938
5.30072,30.35534,-0.000100608915,0.0019093498,0.0030504167,0.0032032533,0.0019335309,0.0018225745
4.8138266,30.036663,-0.00039744764,0.00019048974,0.0007812506,0.0005798422,-0.00062049436,-0.0003548214
4.326933,29.717989,-0.00047631367,-0.0012611236,-0.0012155608,-0.001653503,-0.0025255848,-0.001868739
5.3525343,29.766645,-0.00010409638,0.0012242591,0.0020706253,0.0019925279,0.0008397919,0.00086119206
4.8656406,29.44797,-0.0002896939,-0.0004419984,-0.00013677179,-0.0004776135,-0.0015354644,-0.0012276892
5.404348,29.177952,-2.8154403e-05,0.00047665313,0.0010237214,0.000777185,-0.00026117847,-0.00015819326
5.8787613,29.484894,0.00016133413,0.0022421568,0.0032979124,0.0033295962,0.0023347428,0.0022506227
6.353174,29.791834,0.00028510077,0.0040391344,0.005556736,0.0059518022,0.005043994,0.0047564222
5.826947,30.073586,0.00016217284,0.0029907632,0.0043351073,0.0046154093,0.00352697,0.0032816231
3.834284,29.380972,-0.00028220192,-0.0023354115,-0.0027711047,-0.0033457917,-0.0036221761,-0.0025188816
3.3314588,29.048742,5.001232e-05,-0.0029875326,-0.0037842726,-0.0044145053,-0.0038435115,-0.0022361071
2.8286335,28.716513,0.00032904602,-0.0033497363,-0.0043605943,-0.0049423035,-0.0033387137,-0.0012630434
3.8803425,28.773937,2.7093216e-05,-0.0027411098,-0.0033725195,-0.003964745,-0.0041008294,-0.0030106402
3.3775172,28.441708,0.00029313497,-0.0033112906,-0.0042414544,-0.0048517305,-0.0041442574,-0.0025436985
3.926401,28.1669,0.00034048647,-0.0031351084,-0.0039361287,-0.0045241048,-0.0044818507,-0.0033746152
4.911699,28.840935,-7.0438684e-05,-0.0011296826,-0.0011052398,-0.0015312962,-0.0024422104,-0.0021085895
4.3729916,29.110952,-0.00022912964,-0.0018054588,-0.0020139783,-0.0025155265,-0.0032360775,-0.0025857247
4.41905,28.503918,0.00010062575,-0.0023366273,-0.0027733506,-0.0033064156,-0.0038642162,-0.0032056188
2.3299294,28.363247,0.00043627835,-0.0036432373,-0.0047344943,-0.005126083,-0.0024136046,4.216179e-05
1.8101721,28.01288,0.00033724337,-0.003962981,-0.005019024,-0.005073771,-0.0011897192,0.0015494016
2.380109,27.735176,0.00031917088,-0.0040539233,-0.0051358594,-0.0053621535,-0.00257051,-0.0001400669
3.427697,27.813637,0.0004687833,-0.0036629355,-0.0046937685,-0.0052371253,-0.004350381,-0.0027378113
2.8788133,28.088442,0.0004140014,-0.0036984636,-0.004777051,-0.005274587,-0.0035512429,-0.0014909004
2.9289927,27.460371,0.00037595458,-0.0040773214,-0.005170047,-0.005508865,-0.0036531747,-0.0016021775
6.9076,29.551865,0.00021950848,0.0051616807,0.006871324,0.007398538,0.0066057723,0.006285326
6.4331865,29.244925,0.00030549726,0.0034149594,0.004707947,0.0048795044,0.00405537,0.003930785
5.9587736,28.937983,0.0002315113,0.0015549528,0.0023561486,0.0022176225,0.0013062727,0.0013157417
6.9876122,29.004955,0.00023443527,0.00458101,0.006106207,0.006411292,0.0056986897,0.0055593015
6.513199,28.698013,0.00037277193,0.0026969973,0.003748893,0.0037210549,0.0029600658,0.0029535145
7.0676246,28.458044,0.00030013025,0.0038938476,0.0051991125,0.005278419,0.004620735,0.004623058
7.4272747,29.932713,0.00014389784,0.006653294,0.008641052,0.009480798,0.008601495,0.008007426
7.507287,29.385803,2.3626611e-05,0.00635983,0.008274037,0.008950756,0.008168046,0.007760467
7.5873,28.838892,-3.1768905e-05,0.005931318,0.007721762,0.008194129,0.0074900906,0.0072777085
8.026962,29.766651,7.978447e-05,0.007333172,0.009413369,0.010333539,0.009430387,0.008749766
8.106975,29.21974,-0.00015045986,0.007294156,0.009351517,0.010139924,0.009302353,0.008779887
8.62665,29.600588,-1.11906975e-05,0.007531861,0.009696716,0.010706126,0.009801734,0.0090422975
8.242997,30.63237,0.00058089214,0.0069036204,0.008958812,0.010056107,0.009170086,0.008378613
7.835136,30.282541,0.00031773598,0.007196584,0.009255421,0.010246166,0.009296364,0.008536436
8.434823,30.11648,0.0002869221,0.007221492,0.009339359,0.010402539,0.009497171,0.008705408
9.076686,30.570126,0.00048791303,0.0054546036,0.007387474,0.0086213,0.008137299,0.007521601
8.659842,30.601248,0.00055792736,0.006339134,0.0083824545,0.009550158,0.008814768,0.008077053
8.851667,30.085358,0.00025563792,0.006776478,0.008918035,0.010068503,0.009264542,0.008483746
9.616808,30.775843,0.00049038674,0.003457805,0.0047820834,0.0059470385,0.006113974,0.005930228
9.931911,30.496792,0.00037768253,0.0031068372,0.0043183183,0.0054544974,0.005745892,0.0056596072
10.247015,30.217741,0.00030111984,0.002776398,0.0038700975,0.004956973,0.005361141,0.005375839
10.021791,31.041935,0.0004948085,0.0016102986,0.0021720605,0.0030801988,0.0038242768,0.004145269
10.336895,30.762884,0.00041479044,0.0012388282,0.0016486528,0.002470493,0.003310991,0.0037581527
10.426775,31.308027,0.0004525239,-0.00013569891,-0.00030756101,0.00033310027,0.0015345025,0.0022876484
9.391789,30.291075,0.00032502637,0.005186752,0.0070982464,0.008365559,0.007978434,0.007402739
9.166772,29.806305,8.949012e-05,0.006664864,0.008849151,0.010038168,0.009285037,0.008507671
9.706893,30.012024,0.0002006241,0.0049191564,0.0067941183,0.008087311,0.0078037367,0.007271695
12.222413,31.162416,0.00017551244,-0.0029894393,-0.004498247,-0.004531522,-0.0042830957,-0.003190927
12.014622,31.43162,0.00016570493,-0.0030229467,-0.004492175,-0.0044631036,-0.0040428923,-0.0028773672
11.80683,31.70082,0.00015687317,-0.0030499417,-0.004467743,-0.00437119,-0.0037554204,-0.0025300742
11.861853,31.029917,0.00024947667,-0.0025439025,-0.0039127157,-0.0038962346,-0.00322905,-0.0019843837
11.654061,31.299118,0.0002476698,-0.002572124,-0.0038950539,-0.003799169,-0.002934922,-0.0016642199
11.501292,30.897415,0.00031013577,-0.001879773,-0.002960531,-0.0028446997,-0.001815765,-0.00057165517
11.1730795,31.216,0.00033277622,-0.0017435737,-0.0026871765,-0.0024247908,-0.001151971,2.4525523e-05
11.325849,31.617704,0.00026455865,-0.0024833155,-0.0036848956,-0.003458934,-0.0022695423,-0.0010123114
10.844867,31.534586,0.00036821896,-0.001551991,-0.002330628,-0.0019113774,-0.00047654897,0.00058508135
11.0831995,30.670856,0.0003564141,-0.00064978184,-0.0011394594,-0.00078289554,0.00036513223,0.001364243
10.754988,30.98944,0.00039463432,-0.0004231572,-0.0007592219,-0.0002536063,0.00095970713,0.0018411583
10.665108,30.444298,0.00035566054,0.0009561775,0.0012341882,0.0019521601,0.0028422826,0.0034036995
15.161766,31.292522,-0.00048661605,-0.004234203,-0.005994412,-0.0069035757,-0.0077343327,-0.0072362977
15.195533,31.043535,-0.00045028463,-0.004203496,-0.005918598,-0.0067391614,-0.007560937,-0.007115541
15.2293005,30.794546,-0.0004231155,-0.00418289,-0.0058600395,-0.006601156,-0.0074124876,-0.007013604
15.392001,31.242025,-0.00055790914,-0.0043577794,-0.0061829723,-0.0071804477,-0.007976742,-0.0074569834
15.425769,30.993036,-0.0005262178,-0.0043298323,-0.0061004646,-0.0070028524,-0.007798124,-0.0073343203
15.622237,31.191528,-0.0006384717,-0.0044961865,-0.006396405,-0.007486961,-0.008238696,-0.007691975
14.788618,31.011738,-0.00031415268,-0.003991855,-0.005617135,-0.0062625767,-0.007096387,-0.0066906405
15.008959,30.903143,-0.00036370338,-0.00408061,-0.005730175,-0.006423271,-0.0072482014,-0.0068478454
14.975192,31.15213,-0.00039747,-0.0041070106,-0.0057876385,-0.0065562306,-0.00739797,-0.0069527794
15.905423,31.155687,-0.00075577764,-0.004693898,-0.006711468,-0.007938346,-0.008618041,-0.008023349
15.992142,30.921354,-0.0007616405,-0.0047147004,-0.0066881864,-0.007842484,-0.008522154,-0.007975313
16.146015,31.171558,-0.00087518914,-0.0048929555,-0.007045342,-0.008422899,-0.009020285,-0.008363578
15.708955,30.957195,-0.00063658477,-0.004510231,-0.006371746,-0.0073941695,-0.008141316,-0.0076406836
15.512487,30.758705,-0.0005274488,-0.0043485956,-0.0060903514,-0.0069352286,-0.0077214604,-0.0072976504
15.795673,30.722864,-0.00064584566,-0.0045367656,-0.0063629956,-0.0073222723,-0.008065338,-0.007606841
14.532233,30.869743,-0.00021687552,-0.0038558256,-0.005441007,-0.005956677,-0.006759677,-0.006379267
14.496188,30.61915,-0.00016732798,-0.0037990464,-0.005373933,-0.0058213086,-0.0065874965,-0.00623245
14.460144,30.368559,-0.00012441323,-0.0037419552,-0.005310991,-0.0057029976,-0.006431643,-0.0060924618
14.752574,30.761147,-0.00026136547,-0.003934772,-0.005533242,-0.006091993,-0.006899331,-0.0065324623
14.716529,30.510555,-0.00021568834,-0.0038820375,-0.005462433,-0.0059478567,-0.0067258137,-0.0063883867
14.972915,30.65255,-0.0003150277,-0.0040263576,-0.005640416,-0.006241977,-0.0070486604,-0.006690722
14.220595,30.84368,-0.00013375893,-0.0037284,-0.0052977744,-0.005713458,-0.006470782,-0.006078766
13.908958,30.817617,-5.9405713e-05,-0.0036091732,-0.0051783114,-0.0055078585,-0.00619381,-0.0057654395
14.184551,30.593088,-8.424744e-05,-0.0036650235,-0.005236307,-0.0055994205,-0.006310327,-0.005931026
12.601062,30.942423,0.00015130498,-0.0030994278,-0.004662348,-0.0047678053,-0.0048239734,-0.003912477
12.619151,30.58993,0.00019987732,-0.0028770505,-0.004421479,-0.0045641614,-0.004559458,-0.003608846
12.63724,30.237434,0.00023712344,-0.0026017195,-0.004084319,-0.0042695687,-0.004208542,-0.0032105064
12.951193,30.858166,0.00010950647,-0.0032449383,-0.0048301644,-0.004984433,-0.005274194,-0.0045384998
12.969282,30.505672,0.00016030319,-0.0030688953,-0.00465287,-0.0048307437,-0.0050581205,-0.0042891447
13.301324,30.773909,6.479956e-05,-0.0033670831,-0.0049550408,-0.0051602684,-0.005621854,-0.005031461
12.240501,30.809923,0.00022369422,-0.0027294732,-0.0042076646,-0.004283649,-0.003980849,-0.0028578085
11.879942,30.677422,0.00028311036,-0.0021755416,-0.0034417212,-0.003462326,-0.0027690923,-0.0015197147
12.258591,30.457428,0.00026018554,-0.00240902,-0.0038071019,-0.003926011,-0.0035738533,-0.0024194508
13.693121,30.02348,9.5460564e-05,-0.0032653408,-0.0048476523,-0.005101147,-0.005587125,-0.0050805514
13.6732025,30.363035,5.9244037e-05,-0.0033848183,-0.0049746064,-0.005225286,-0.0057587246,-0.005271777
13.653284,30.70259,1.21415405e-05,-0.0034844214,-0.005065452,-0.005328096,-0.005916265,-0.005435248
13.341161,30.094797,0.00015194945,-0.0030767517,-0.0046561323,-0.004887402,-0.005240458,-0.004597214
13.321242,30.434353,0.00011360131,-0.0032363236,-0.004831554,-0.0050430126,-0.0054469197,-0.0048372196
12.989201,30.166117,0.00019834212,-0.002861386,-0.0044125235,-0.00462418,-0.004798717,-0.003985822
13.948795,30.138506,2.9268786e-05,-0.0034477669,-0.0050276513,-0.0053060134,-0.0058903242,-0.0054694973
14.20447,30.253532,-4.4021755e-05,-0.003602141,-0.0051741414,-0.0054988535,-0.0061637736,-0.0057972535
13.928877,30.478062,-9.288788e-06,-0.0035337633,-0.0051129414,-0.005409116,-0.006041018,-0.005622809
5.4587145,28.589275,0.00015405312,-0.000299675,-3.3099725e-05,-0.00038380802,-0.0013086763,-0.0011604242
4.9660654,28.252258,0.00024805628,-0.0017653556,-0.0019819788,-0.0024523498,-0.0032144678,-0.0028612835
4.4734163,27.915241,0.00045556613,-0.0028104668,-0.0034413873,-0.003985705,-0.00436362,-0.0036820942
5.513081,28.000597,0.0004507541,-0.001068748,-0.0010628519,-0.0014780976,-0.0022777384,-0.0020975687
5.020432,27.66358,0.00063178496,-0.0023605777,-0.0028024947,-0.0033010035,-0.0038871604,-0.0035027992
5.567447,27.411919,0.00083393604,-0.0017880445,-0.0020345713,-0.0024969869,-0.0031415243,-0.0029271632
6.0131397,28.349304,0.00038303918,0.000674185,0.001188561,0.0009110349,7.867061e-05,0.00015092842
6.0675063,27.760628,0.000643487,-0.00020849466,2.8344766e-05,-0.00034425498,-0.0010842514,-0.00097434566
6.5675654,28.109335,0.0005142859,0.0017616189,0.0025235787,0.002310919,0.0016033422,0.0016752243
2.0074108,26.110085,-0.0005389319,-0.0047870036,-0.005542695,-0.004816589,-0.0011781517,0.0013565513
2.5800586,25.851133,-0.00041219487,-0.0048308736,-0.005669013,-0.005116022,-0.0024448987,-0.00018388331
2.5051734,26.479118,-0.00020021797,-0.0047302637,-0.0056527727,-0.005372015,-0.0025802762,-0.00024252891
4.0886464,26.324997,0.0006750441,-0.00425429,-0.00534018,-0.005605233,-0.004980777,-0.0037578964
3.5358605,26.585701,0.0004065851,-0.0043725325,-0.005451043,-0.0056538945,-0.0044616256,-0.0028243207
2.9830744,26.846403,0.00020665281,-0.004437216,-0.0054900134,-0.0056033013,-0.0036606414,-0.0016271864
3.6107454,25.957714,0.00021077447,-0.004639955,-0.0056822808,-0.0056311097,-0.004401989,-0.0027819204
3.0579596,26.218416,-3.2864064e-05,-0.004711918,-0.005695273,-0.00554152,-0.0036056363,-0.0016148175
3.1328444,25.590431,-0.00021175102,-0.004808302,-0.0057279957,-0.0053109694,-0.0034535492,-0.001520683
3.4817786,27.199669,0.0005137542,-0.004022718,-0.005103518,-0.0055135125,-0.00445393,-0.0028267503
4.0345645,26.938965,0.0007233931,-0.0038984139,-0.0049367677,-0.00538061,-0.0049216915,-0.0037386823
3.9804828,27.552933,0.0005978828,-0.0035190207,-0.0044590044,-0.005005975,-0.004756923,-0.0036167193
5.074514,27.049612,0.001015414,-0.0029239475,-0.0035910003,-0.00409915,-0.0044659306,-0.0040339315
4.5274982,27.301273,0.00078762876,-0.0032722342,-0.0040867133,-0.0046159225,-0.004771458,-0.0040441407
4.58158,26.687305,0.000984477,-0.003699833,-0.004665849,-0.0051252637,-0.005053635,-0.0042698462
7.1911235,26.760399,0.0009135471,0.00100224,0.0013843552,0.00090238557,0.00039499573,0.00057100994
7.149957,27.32628,0.0006541266,0.0019919465,0.0026946848,0.0023537711,0.0017830435,0.0019354005
7.108791,27.892162,0.00044534073,0.002970103,0.0039859056,0.0038339787,0.0032174932,0.0033182597
6.649898,26.977571,0.0010290905,-0.000113678725,5.8921203e-05,-0.0003893274,-0.0009502943,-0.0008126989
6.6087317,27.543453,0.0007343675,0.00081046554,0.0012800778,0.0009322553,0.0002847404,0.00039676108
6.1086726,27.194746,0.0009815024,-0.0010374597,-0.0010741976,-0.001516626,-0.002138659,-0.0019972401
7.6067743,28.224424,4.063733e-05,0.00509506,0.006635921,0.006810902,0.006174417,0.0061669885
7.6479406,27.658543,0.00018270165,0.0042389543,0.005494164,0.005394242,0.0048032277,0.004925311
7.689107,27.09266,0.00038966478,0.0032809868,0.004207632,0.0038615197,0.0033156932,0.0035135013
8.145925,27.990805,-0.00028926478,0.0062885587,0.0080316635,0.008296433,0.0076045133,0.0075469334
8.187091,27.424923,-0.00017884403,0.0055557047,0.0070344587,0.006996429,0.006354748,0.006459735
8.685074,27.757185,-0.00057011604,0.0073932745,0.009292478,0.0096494425,0.008855019,0.008705443
8.6656,28.371653,-0.00051622017,0.0077678896,0.009832802,0.010474652,0.009634873,0.0092499815
8.646125,28.98612,-0.00031664103,0.0078118383,0.009959706,0.010815778,0.009933719,0.009325033
8.12645,28.605272,-0.00029419645,0.0069280984,0.008877111,0.009438223,0.008680507,0.008396032
10.157869,28.58113,-0.0002927059,0.007104274,0.0094537195,0.010694336,0.009976207,0.009153206
9.647463,28.920948,-0.00030105398,0.007371045,0.009688685,0.010839504,0.010030794,0.009221189
9.137056,29.260769,-0.0001995793,0.0075254682,0.009772578,0.010842122,0.009972416,0.009186693
9.666938,28.30648,-0.00053677574,0.008284956,0.010579049,0.011540788,0.010630257,0.009911493
9.156531,28.646301,-0.00048017502,0.00812026,0.010342435,0.011241688,0.01033705,0.0096768895
9.176006,28.031834,-0.000663937,0.008357935,0.010486413,0.011162876,0.010254953,0.009804515
10.2173,29.672203,0.00012819484,0.0042274594,0.0059129656,0.0071965056,0.007165123,0.006781916
9.677178,29.466486,-4.6575664e-05,0.0062234635,0.008418179,0.009691749,0.009080528,0.008333967
10.187585,29.126665,-7.949859e-05,0.0057085413,0.007842336,0.009182084,0.0087498315,0.008061778
12.262101,29.95565,0.00029307895,-0.0017960157,-0.0029606193,-0.003105102,-0.0026725645,-0.0014915561
11.883451,30.175644,0.0003099268,-0.001481071,-0.0024712526,-0.0024921338,-0.0017632549,-0.0005497839
11.504802,30.395638,0.00032801525,-0.0011046813,-0.0018701144,-0.0017257951,-0.0007431525,0.00040770904
11.886961,29.673866,0.00030833177,-0.00059769064,-0.0011631821,-0.0010799813,-0.00035764367,0.0007216166
11.508311,29.89386,0.0003135743,-0.0001461488,-0.0004557307,-0.00017512903,0.00070669176,0.0016641063
11.511822,29.392084,0.0002693819,0.0009991131,0.0012615407,0.0017977385,0.0025161672,0.0031576338
11.08671,30.169079,0.000326531,0.000364716,0.00034085632,0.00084624975,0.0017943453,0.0025696976
10.668617,29.942522,0.00026712046,0.0021343865,0.002955702,0.0038973647,0.0044852328,0.004711468
11.0902195,29.667303,0.00026136608,0.0015399983,0.0020800235,0.0028321857,0.0035324895,0.0039735693
11.060504,29.121765,0.00015106589,0.0030883462,0.0043340866,0.0054275156,0.005760576,0.005713578
10.638902,29.396984,0.00012543277,0.0036482436,0.0051264274,0.006341678,0.0065124286,0.006286598
10.609187,28.851446,-4.6379195e-05,0.0052435608,0.007267607,0.008626591,0.008359683,0.007748921
15.281058,30.518972,-0.0004093167,-0.0041794823,-0.0058235186,-0.0064913975,-0.0072902306,-0.006934892
15.332817,30.243399,-0.00040736957,-0.004187364,-0.005801937,-0.006404641,-0.0071920143,-0.0068738484
15.384575,29.967825,-0.00041699977,-0.004205646,-0.005792961,-0.0063379514,-0.007115249,-0.006828023
15.564245,30.483131,-0.000521013,-0.0043520904,-0.006049743,-0.006812261,-0.0075942897,-0.007218501
15.616004,30.207558,-0.00052700995,-0.004368788,-0.006027467,-0.0067160004,-0.007493432,-0.007158937
15.847432,30.44729,-0.0006469655,-0.0045468314,-0.006318301,-0.0071864254,-0.007933611,-0.007527281
15.024673,30.376976,-0.00030142203,-0.004021472,-0.0056149303,-0.006157958,-0.00694568,-0.0066224993
14.768288,30.234982,-0.00020202815,-0.0038715429,-0.0054401965,-0.005881506,-0.006636616,-0.006325279
15.076431,30.101402,-0.0002988802,-0.0040250844,-0.0055988897,-0.006090736,-0.006862101,-0.0065677254
16.193172,30.376574,-0.00081967306,-0.004815357,-0.0067009754,-0.007704613,-0.008382505,-0.007930887
16.307486,30.066124,-0.0008798742,-0.004905763,-0.006749813,-0.007677635,-0.008350672,-0.007942411
16.486368,30.386442,-0.0009860991,-0.005076927,-0.0071134027,-0.008283273,-0.008865814,-0.008346585
15.961745,30.13684,-0.00069207785,-0.0046192114,-0.0063534053,-0.0071521536,-0.007893457,-0.0075296722
15.730316,29.897108,-0.0005753066,-0.0044430913,-0.0060727065,-0.0067055156,-0.0074746376,-0.0071740868
16.076057,29.826391,-0.00075608416,-0.004713861,-0.0064144917,-0.0071502076,-0.007883948,-0.0075549823
14.445127,29.993965,-8.2891434e-05,-0.003668239,-0.0052287364,-0.0055677225,-0.0062488844,-0.005920964
14.430109,29.619373,-5.4440276e-05,-0.0035788154,-0.00512317,-0.0054312986,-0.006070795,-0.005736219
14.4150915,29.24478,-3.6451744e-05,-0.0034606892,-0.0049745007,-0.0052726553,-0.005877078,-0.005516659
14.75327,29.860388,-0.00017030284,-0.0038161397,-0.005366065,-0.0057422817,-0.0064608646,-0.0061695212
14.738253,29.485794,-0.00015160293,-0.0037512237,-0.0052794297,-0.005612257,-0.0062982487,-0.006009926
15.061414,29.726809,-0.00027828367,-0.00398733,-0.0055313073,-0.005946717,-0.006692475,-0.0064253444
13.933778,29.763912,6.767243e-05,-0.0033087456,-0.0048732734,-0.0051464373,-0.005675886,-0.005225452
14.174435,29.504347,2.4566576e-05,-0.0033728813,-0.0049139876,-0.005201765,-0.005770132,-0.0053682234
14.189452,29.878939,-3.777966e-06,-0.003501994,-0.0050667347,-0.00536221,-0.0059750946,-0.005600688
13.475226,29.62661,0.00017080136,-0.002890604,-0.004414712,-0.004686594,-0.0050298204,-0.004373368
13.257331,29.22974,0.00022847905,-0.0023094078,-0.003651548,-0.003956225,-0.004134836,-0.0032837964
13.039435,28.83287,0.00026801796,-0.0014348828,-0.0023990287,-0.002659952,-0.002635411,-0.0016395206
13.715883,29.367043,0.00014136836,-0.0029334778,-0.0044340356,-0.0047247894,-0.0051343427,-0.0045442786
13.497988,28.970173,0.00020166814,-0.0023509013,-0.0036702286,-0.0039940653,-0.0042633326,-0.0034835124
13.95654,29.107477,9.865254e-05,-0.0029956358,-0.0044677486,-0.0047718748,-0.005240081,-0.004708499
13.123266,29.697927,0.00022059299,-0.0026102257,-0.0040831612,-0.0043473262,-0.0045216274,-0.003693576
12.771306,29.769247,0.00025848753,-0.0022798525,-0.0036525761,-0.003893487,-0.003847133,-0.0028419578
12.905371,29.30106,0.00026710355,-0.0018960609,-0.0030964648,-0.0033678424,-0.0033343083,-0.0023246938
12.396166,29.487463,0.00029715805,-0.0013099562,-0.0022510223,-0.0023987568,-0.002008959,-0.00087222515
12.021027,29.205679,0.0002917152,7.148534e-05,-0.00015527502,3.2648964e-05,0.0006580789,0.0015833324
12.530231,29.019276,0.00029359572,-0.00073681475,-0.0013832436,-0.0014746322,-0.0011222165,-6.949097e-05
2.2645752,24.22344,0.00017575249,-0.00357776,-0.004111657,-0.0028900565,-0.00020271704,0.0018627901
2.8078995,23.98724,0.00034838036,-0.0036230213,-0.00431574,-0.003370431,-0.0013820301,0.00050746923
2.7314215,24.605194,-0.00017412141,-0.0042885803,-0.0050267517,-0.0041039186,-0.0018498071,0.00019142471
2.9699929,22.233738,0.0036585755,-0.00024752243,-0.0007216299,-0.0003882438,0.00077534525,0.0020591004
2.9271853,22.801512,0.002234041,-0.0015695826,-0.002125064,-0.0015042137,-5.9240683e-05,0.0014502498
2.511299,22.404972,0.003652164,-3.731385e-05,-0.00024125382,0.00037304952,0.0018093315,0.003110217
3.0571332,20.669558,0.009316943,0.004120822,0.004054287,0.0034939165,0.00360669,0.0041565974
3.0349667,21.167759,0.0073269997,0.0026325285,0.0023788547,0.002104613,0.0026226388,0.0034212824
2.6931722,20.798409,0.009614373,0.0045984574,0.0048924605,0.0044665914,0.004513317,0.004965414
8.769727,26.17032,-0.0001866369,0.0051705,0.006262026,0.005726324,0.00508589,0.0053572203
8.741509,26.699274,-0.00035858556,0.006096506,0.0075045074,0.007255591,0.0065586246,0.006734018
8.713292,27.22823,-0.00050372945,0.0068477225,0.008533088,0.008597639,0.007846916,0.007876616
8.2435255,26.367012,0.0002185487,0.0037124413,0.004548675,0.003993038,0.0034516358,0.003719973
8.215308,26.895967,6.5432487e-06,0.004690358,0.0058592474,0.0055388897,0.0049474766,0.005159457
7.7173247,26.563705,0.00062189536,0.0022934992,0.0028947007,0.0023687326,0.0018720442,0.0021001133
4.634611,26.077738,0.0009885557,-0.004079867,-0.005149786,-0.00546494,-0.005211745,-0.0043720566
5.1805754,25.830479,0.0013090938,-0.0038506233,-0.0048787417,-0.005240868,-0.0051927096,-0.0046508904
5.72654,25.58322,0.0015808902,-0.0035547828,-0.0045140046,-0.0049301134,-0.0049684104,-0.004618766
5.127545,26.440044,0.0012635653,-0.0034218193,-0.0042900075,-0.0047617243,-0.0049004112,-0.00441289
5.673509,26.192785,0.001508554,-0.0030529113,-0.003803491,-0.004294962,-0.0045193057,-0.0042131967
5.620478,26.802353,0.0012335193,-0.0024615615,-0.002968042,-0.0034641742,-0.003908013,-0.0036497503
6.1617036,26.585178,0.0013647835,-0.0018320761,-0.0021588309,-0.0026598466,-0.0031104488,-0.0029325872
6.2147346,25.975613,0.0016433372,-0.0025378107,-0.0031426204,-0.0036708522,-0.0039187167,-0.003702941
6.702929,26.368006,0.0013652407,-0.0010255015,-0.0011669593,-0.001699113,-0.002122859,-0.0019592103
4.334944,24.459606,0.00044077955,-0.004483437,-0.005576804,-0.0052185617,-0.004645526,-0.0034640967
3.7749436,24.714119,0.00010015294,-0.0045912643,-0.0055811643,-0.005101368,-0.0040336535,-0.002513721
3.2149436,24.968634,-0.00019430011,-0.0046649473,-0.0055481684,-0.004928463,-0.0032190573,-0.0013672967
3.8514218,24.096167,0.00035266674,-0.004200422,-0.005182081,-0.004620929,-0.0036953997,-0.0022560388
3.2914217,24.35068,6.6270455e-05,-0.0042646313,-0.0051270127,-0.0044001294,-0.002870981,-0.0011191439
3.3678997,23.732727,0.00058201386,-0.003605796,-0.004445495,-0.0037368513,-0.0024085054,-0.0007812352
3.6928446,25.335917,6.811075e-05,-0.0047318153,-0.0057390165,-0.005443534,-0.0042643906,-0.002683956
4.252845,25.081404,0.00040795325,-0.0046128123,-0.005705301,-0.0055151256,-0.004852158,-0.0036348463
4.170746,25.7032,0.0005271424,-0.004516459,-0.0056110807,-0.005648688,-0.004962502,-0.0037332159
5.262675,25.208681,0.0012228616,-0.004158499,-0.005297769,-0.0054849642,-0.005346324,-0.004773781
4.71671,25.45594,0.0008752972,-0.004355955,-0.005485204,-0.0055985935,-0.005263729,-0.0043971813
4.798809,24.834143,0.0007714036,-0.004467128,-0.0056308215,-0.0055333073,-0.0052115573,-0.0043364693
7.372452,25.12849,0.0014296282,-0.0014812989,-0.0019339822,-0.002645573,-0.002781667,-0.002572301
7.312009,25.67246,0.0013410288,-0.0007039851,-0.0008905992,-0.0015548717,-0.0018462108,-0.0016440846
7.2515664,26.216429,0.0011556512,0.00013140187,0.00022353127,-0.0003608151,-0.00077849923,-0.0005880943
6.8238144,25.280067,0.0016946235,-0.0023937852,-0.0030457843,-0.0036429376,-0.0037438422,-0.003539231
6.763372,25.824036,0.0015911183,-0.0017451207,-0.002150153,-0.0027355028,-0.0030018014,-0.0028148137
6.2751775,25.431643,0.0017358608,-0.0030658888,-0.0038891863,-0.0043896358,-0.0044709104,-0.0042287135
7.7777677,26.019737,0.0008184963,0.001360788,0.0016590538,0.0009989468,0.0005669325,0.00080469326
7.83821,25.475767,0.0009507947,0.0004341247,0.00044669383,-0.0003154613,-0.0006495905,-0.00041258588
8.303968,25.823044,0.00037599498,0.0027454847,0.003271761,0.0025426801,0.00204994,0.0023338953
3.0785215,19.433485,0.013863976,0.008670815,0.009327579,0.007992467,0.0066704517,0.0064464635
3.0789106,19.80242,0.012620284,0.007109351,0.007540767,0.0064493967,0.0056147403,0.0056652324
2.8012886,19.529295,0.01442675,0.00944091,0.010420848,0.009112089,0.0075768814,0.007175171
3.0952199,18.574232,0.016239986,0.013124244,0.013833615,0.01197371,0.009528618,0.008406989
3.0866764,18.819391,0.015639111,0.011745286,0.012542317,0.010818827,0.00868153,0.007857707
2.8722832,18.6161,0.016939914,0.014231828,0.014998688,0.013132656,0.010415346,0.00900487
9.278968,26.437756,-0.00059038145,0.007325662,0.008928527,0.008770914,0.007940492,0.008040217
9.78821,26.705193,-0.00071202696,0.0088436315,0.010794845,0.011079648,0.010087664,0.009888789
10.297451,26.97263,-0.00058548985,0.009411783,0.01158106,0.012249104,0.011206865,0.010685211
9.250751,26.966711,-0.00068905996,0.007945449,0.009776795,0.009938411,0.009061091,0.008990015
9.759992,27.234148,-0.0007235208,0.008982375,0.011074261,0.011622888,0.010633078,0.010245386
9.222533,27.495667,-0.00072348013,0.008299373,0.010305421,0.010750145,0.009847608,0.009587237
10.204396,28.044962,-0.0004466358,0.008139737,0.010506039,0.011588049,0.010718277,0.009918669
9.713465,27.770315,-0.0006681305,0.008779245,0.010987575,0.011758486,0.010798644,0.010231885
10.250924,27.508797,-0.00054668606,0.008937447,0.0112223495,0.012107526,0.011134306,0.010451092
11.560763,28.871227,0.00020829745,0.0022390343,0.0030962348,0.0039376556,0.0044230814,0.004669888
11.609706,28.35037,0.00014459626,0.0036385185,0.005084375,0.006227187,0.006399762,0.006207147
11.6586485,27.829515,9.769604e-05,0.0051622484,0.007099665,0.008434234,0.008234789,0.0076525803
12.069968,28.684824,0.00026241996,0.0012269042,0.0015882908,0.002072722,0.0025875485,0.0031769678
12.118911,28.163967,0.00023592793,0.0025891596,0.0035801644,0.0044274204,0.0047350987,0.004882083
12.579173,28.498419,0.0002887632,0.00028764567,0.00017631725,0.00031451933,0.00067228166,0.0015102696
11.109447,28.600908,4.7236903e-05,0.0044526686,0.0062191803,0.0075197257,0.007497518,0.007067771
10.658129,28.330591,-0.00018350572,0.0065469574,0.008844585,0.010179076,0.009616529,0.00881695
11.158388,28.080053,-4.5391695e-05,0.005888,0.008044826,0.009419744,0.009041745,0.00832017
10.7511835,27.258259,-0.0003563556,0.008877414,0.011218792,0.01221987,0.0112655815,0.010482898
11.204916,27.543886,-0.00010879979,0.0073544765,0.00971248,0.011009228,0.010321446,0.0094503695
10.704656,27.794424,-0.00029468135,0.007819595,0.010212135,0.0114100445,0.010616914,0.009764832
15.45469,29.570726,-0.00044800804,-0.004244932,-0.0057944776,-0.006267481,-0.007032267,-0.0067787995
15.524805,29.173628,-0.0004988864,-0.004298917,-0.005811495,-0.0062266653,-0.0069797616,-0.0067467475
15.594919,28.776531,-0.0005658461,-0.0043620006,-0.0058374787,-0.0062083914,-0.0069476985,-0.0067212596
15.800431,29.50001,-0.0006226407,-0.004506478,-0.006087834,-0.006635047,-0.007397089,-0.007134932
15.870545,29.102913,-0.0006898424,-0.004589506,-0.006127094,-0.006602973,-0.0073537123,-0.0071155797
16.146172,29.429295,-0.00081873056,-0.0047993017,-0.006441073,-0.007077587,-0.0078073763,-0.0075203455
15.131529,29.329712,-0.0003072004,-0.0040048426,-0.0055187577,-0.0058890386,-0.00661928,-0.006369295
14.808368,29.088696,-0.00017614708,-0.003727553,-0.005222383,-0.0055373185,-0.006208895,-0.0059190816
15.201644,28.932613,-0.00035264672,-0.0040255715,-0.0055048587,-0.005843565,-0.0065617897,-0.0063158087
16.579473,29.351475,-0.001090209,-0.0052101314,-0.0069838376,-0.007763994,-0.008396735,-0.008052959
16.737148,28.947273,-0.0012443033,-0.005433726,-0.007182437,-0.007891476,-0.008472195,-0.008142072
16.937103,29.343987,-0.0013262223,-0.0055755563,-0.007530444,-0.008484351,-0.008974725,-0.008553586
16.303846,29.025093,-0.0009552808,-0.0049912916,-0.0066028466,-0.007179096,-0.007880008,-0.0076100873
16.028221,28.698711,-0.0008267619,-0.0047710943,-0.0062791617,-0.006713113,-0.007438334,-0.0072057317
16.461523,28.620892,-0.00111241,-0.005212877,-0.006800639,-0.00732288,-0.007974124,-0.0077058915
14.393408,28.804548,-2.2142529e-05,-0.003258801,-0.0047081406,-0.0050173886,-0.0055872034,-0.0051689637
14.371723,28.364317,-8.443147e-06,-0.002956999,-0.004296246,-0.0046316837,-0.005170771,-0.004666873
14.350039,27.924086,1.5525147e-05,-0.0025062745,-0.0036690843,-0.0040253275,-0.004528848,-0.0039224583
14.786683,28.648464,-0.0001740025,-0.003587898,-0.005030424,-0.0053391396,-0.005983717,-0.0056546377
14.764999,28.208233,-0.000170518,-0.0033661562,-0.004727117,-0.005051849,-0.005672181,-0.0052754944
15.179959,28.492382,-0.00036510138,-0.003941976,-0.0053743445,-0.0056891404,-0.0063840877,-0.006113221
13.934855,28.667246,0.000119151846,-0.0026335407,-0.0039714486,-0.0043069976,-0.004729854,-0.004100512
13.476303,28.529942,0.00022259213,-0.0017654289,-0.002822163,-0.0031405233,-0.003336069,-0.0024668823
13.913171,28.227013,0.00014294058,-0.0021164585,-0.0032364356,-0.0035828769,-0.003953354,-0.0032210343
13.93922,27.666204,0.0001814635,-0.0012695859,-0.0020001673,-0.002277295,-0.0025837142,-0.0018011795
13.502353,27.969133,0.00025101617,-0.0008374445,-0.0014395197,-0.0016424384,-0.0017575647,-0.00089309306
13.065485,28.272062,0.0002824294,-0.00042789162,-0.0008776355,-0.0009732109,-0.00086898846,4.3562053e-05
13.528402,27.408325,0.0003172166,0.0004611074,0.0004738102,0.0005695814,0.0005053199,0.0011577655
13.091535,27.711254,0.00031883724,0.0009201208,0.0011327456,0.0013882373,0.0015120704,0.0021222534
13.117584,27.150446,0.0004084421,0.0026407158,0.0035808503,0.0043044076,0.0042732973,0.0043757074
12.631272,27.376802,0.00033701173,0.0035116328,0.004822207,0.0058134943,0.005816725,0.0056766514
12.605223,27.93761,0.00029375972,0.0017473677,0.00234649,0.0028969664,0.003169428,0.0035787679
12.14496,27.603159,0.00022838012,0.004354198,0.0060019284,0.0072047715,0.007146641,0.0067675747
10.223857,25.436295,-0.0005965437,0.008227828,0.009963336,0.009752127,0.008775154,0.008840915
10.248388,25.948406,-0.0005882947,0.009032753,0.010939855,0.011050914,0.010005664,0.009884438
10.27292,26.460518,-0.000599305,0.009442608,0.011484707,0.0118918335,0.010823822,0.010500849
9.739147,25.68097,-0.0005989586,0.0073661255,0.008883906,0.008507357,0.007632189,0.007800964
9.763679,26.19308,-0.00065858633,0.008271411,0.010032786,0.009994503,0.009045706,0.009045641
9.254437,25.925644,-0.00045453623,0.0063289637,0.007629103,0.0071420157,0.006386681,0.00662602
3.4166598,19.990086,0.010989132,0.0053948816,0.005301094,0.0043366663,0.003991649,0.004346881
3.416271,19.621151,0.012208453,0.006663373,0.0067880657,0.0056153415,0.0048786793,0.0050285687
3.415882,19.252216,0.013307557,0.008093648,0.008435129,0.0070391092,0.0058667273,0.005773872
3.7540202,19.808817,0.01059407,0.0050622122,0.0047331476,0.0036800997,0.003358134,0.0037759638
3.7536314,19.439882,0.011664921,0.0062305983,0.006104753,0.004867,0.004209744,0.004448275
4.0913806,19.627546,0.010052506,0.0047209514,0.0042013433,0.0030771731,0.0027606112,0.0032318158
4.301654,21.00909,0.005358738,0.00085704116,-0.00015457273,-0.00070803,-0.0004980883,0.00032030224
3.8720362,21.228048,0.0055161905,0.0010006935,0.00016443976,-0.00024549558,0.00017035469,0.0010855446
3.4424183,21.447004,0.0055404236,0.0011203339,0.0004934647,0.0002706729,0.00090349274,0.0018942964
3.8942025,20.729845,0.0071503334,0.002225952,0.0014535177,0.0008071844,0.0010568969,0.0018370925
3.4645846,20.948803,0.007309731,0.0024359773,0.0018993506,0.0014180578,0.0018114266,0.0026148274
3.4867508,20.4506,0.009138821,0.0038063657,0.0034192335,0.002688291,0.002768789,0.0033705137
4.161472,20.08806,0.008538258,0.0033400839,0.002576805,0.0016410381,0.0016045874,0.0022382492
4.231563,20.548576,0.0069329008,0.0020663764,0.0011409586,0.00038947508,0.0005190133,0.001263081
3.8241115,20.269331,0.008906619,0.003581032,0.0029888107,0.0021444922,0.0021724214,0.0027958853
3.5022824,21.986362,0.0037596382,-0.00034580438,-0.0010720704,-0.0010273079,-0.00023366124,0.0009347546
3.9917643,22.306763,0.002497559,-0.0016406483,-0.0025708412,-0.0024602783,-0.001906095,-0.0007820547
4.481246,22.627163,0.0016825726,-0.0026628745,-0.0037193096,-0.003532611,-0.0032615,-0.0022800306
3.4594748,22.554136,0.0023962506,-0.0016034432,-0.002364236,-0.0020294457,-0.0010543907,0.0002842041
3.9489565,22.874537,0.0015498245,-0.0026705868,-0.0036118722,-0.0032574213,-0.0025915033,-0.0013526164
3.416667,23.121912,0.0013682239,-0.002683785,-0.0034838903,-0.0029169398,-0.0017696418,-0.0002802302
3.9001892,23.485352,0.0008244896,-0.003558253,-0.00452143,-0.003999505,-0.003204217,-0.0018545003
4.432479,23.237976,0.0010560494,-0.0035041946,-0.004572588,-0.0042047137,-0.0038394798,-0.002770862
4.3837113,23.848791,0.0006483975,-0.004114644,-0.005199671,-0.004772169,-0.0042999894,-0.0031618755
4.361518,21.548447,0.0037785964,-0.00045145155,-0.0014908765,-0.0017892908,-0.0015390323,-0.00065476
4.421382,22.087805,0.0025496623,-0.0016440185,-0.0026872295,-0.0027260734,-0.0024632856,-0.0015254528
3.9319003,21.767405,0.0038168323,-0.0003886561,-0.0012841779,-0.0014319883,-0.00092597946,0.00010740518
8.9691305,24.667059,-0.00010282785,0.0024555817,0.0027839828,0.0017936055,0.0013085823,0.0015768693
8.902663,25.168146,-6.42626e-05,0.0033974964,0.003963775,0.0030823422,0.0025224178,0.0028242713
8.836195,25.669233,-8.9894536e-05,0.004317382,0.005136486,0.004399302,0.0037969088,0.0041045914
8.436904,24.82087,0.00044169388,0.0009889656,0.0010107802,7.0561764e-05,-0.00025969505,-3.8451703e-06
8.370437,25.321957,0.00044261097,0.0018641001,0.0021329622,0.0012864964,0.0008552034,0.0011306246
7.904678,24.97468,0.0009879078,-0.00035418078,-0.0005888997,-0.0014223274,-0.0016312675,-0.0013990124
9.387373,24.923471,-0.0004380779,0.00452533,0.005343026,0.0044743037,0.003803047,0.0040999656
9.805614,25.179882,-0.0006075248,0.0065179546,0.00783073,0.0072182636,0.006396178,0.0066464166
9.320905,25.424559,-0.00040934264,0.005476315,0.0065286625,0.005816719,0.005103725,0.0054006362
10.140345,24.266087,-0.00083152903,0.005331592,0.0064720283,0.0057096914,0.004954206,0.0051662414
10.168181,24.656157,-0.0007326747,0.006382963,0.007743284,0.0071095256,0.0062785214,0.006505319
10.196019,25.046225,-0.00064529496,0.0073718107,0.008933978,0.008486419,0.0075819613,0.007757492
9.74994,24.399744,-0.0006903256,0.0044564963,0.005304866,0.00440767,0.0037181538,0.0039635873
9.777778,24.789814,-0.0006421484,0.0055076773,0.0065900763,0.005810289,0.005049772,0.005323734
9.359535,24.533401,-0.0004405217,0.0034845937,0.0040598796,0.003086781,0.002491678,0.0027551765
5.0758696,22.959091,0.0012767306,-0.0034684234,-0.004637477,-0.004413092,-0.004428334,-0.0036906213
5.6704936,23.291021,0.0012761918,-0.0039283843,-0.0051873135,-0.0050056837,-0.005142719,-0.0046762615
6.265117,23.62295,0.0014783121,-0.004016529,-0.005298102,-0.0052876594,-0.0053587337,-0.005095492
5.0271025,23.569906,0.0009895547,-0.0040198225,-0.0052088182,-0.0049165543,-0.0048308535,-0.0040478893
5.621726,23.901834,0.0012241266,-0.0041882824,-0.0054502077,-0.0053288015,-0.005338722,-0.0048522274
4.978335,24.180721,0.0008508603,-0.0043417946,-0.00553691,-0.00530339,-0.005111995,-0.004307651
5.906066,24.929796,0.0015578488,-0.0038608427,-0.004968055,-0.0052552302,-0.00520545,-0.004860288
5.4422,24.555258,0.0011882829,-0.004266224,-0.0054821474,-0.0054933233,-0.005389626,-0.0048491997
6.0855913,24.276373,0.001505054,-0.0040261634,-0.0052461014,-0.005372049,-0.005338405,-0.0050205095
7.0033402,24.626644,0.0016518031,-0.0028845018,-0.0037597357,-0.0043182783,-0.0042752856,-0.0040715043
6.454703,24.778221,0.0017112221,-0.0034573388,-0.0044695414,-0.0048833285,-0.004845489,-0.0046035815
6.6342287,24.124798,0.0016326344,-0.0037181198,-0.0048815403,-0.0051516187,-0.005096564,-0.00488268
7.940308,23.809774,0.0010558754,-0.0021641427,-0.0030274487,-0.0037714564,-0.0036499791,-0.0034771974
7.7510223,24.249348,0.0012022195,-0.0019697722,-0.0026942568,-0.00345743,-0.003405903,-0.0032064605
7.561737,24.68892,0.0013336167,-0.0017385463,-0.0023260757,-0.0030763661,-0.0031126773,-0.002901935
7.381911,23.7475,0.0014522102,-0.0031765222,-0.00426207,-0.004714595,-0.0046012746,-0.0044497056
7.1926255,24.187073,0.0015610687,-0.003053103,-0.004039392,-0.004555519,-0.0044607804,-0.0042755236
6.823514,23.685225,0.0015773197,-0.0037571234,-0.0049791695,-0.0051708655,-0.0051494925,-0.004979889
8.283249,24.095537,0.00067974016,-0.0009025486,-0.0014241142,-0.002367634,-0.0023897914,-0.0021805605
8.62619,24.381298,0.0002684096,0.0006692141,0.00056069356,-0.0004613231,-0.00071654544,-0.00047958284
8.093964,24.535109,0.0008431156,-0.00063908263,-0.0010125837,-0.0019130151,-0.0020311566,-0.0018040584
3.3511956,18.419256,0.015668467,0.012536431,0.013091384,0.011184121,0.008898298,0.007935071
3.5986276,18.50944,0.014537704,0.010697621,0.01112717,0.009317218,0.007464036,0.006898354
3.8460598,18.599625,0.013403025,0.009091641,0.009314649,0.0076218178,0.0061686016,0.005918856
3.3426518,18.664415,0.015116005,0.01121392,0.01181658,0.010044307,0.008050298,0.007364105
3.590084,18.7546,0.013992656,0.009540964,0.009924379,0.008259033,0.006685184,0.006341706
3.3341084,18.909575,0.014522997,0.0099953525,0.010571583,0.008945511,0.0072491323,0.0068025715
3.9278333,18.942265,0.012312486,0.0073859547,0.00737918,0.005903478,0.0048946487,0.004950908
4.0096073,19.284906,0.011201462,0.0059560193,0.0056854016,0.004400064,0.0037760173,0.0040678084
3.6718578,19.09724,0.012848893,0.007741126,0.007891428,0.006450409,0.005362146,0.005346124
3.2412775,18.142872,0.016692918,0.014870373,0.015242036,0.013193535,0.010416949,0.008907184
3.0878115,17.951862,0.017657554,0.017012572,0.017034313,0.014903308,0.011663494,0.009599963
3.3787913,17.95667,0.016567837,0.015155468,0.015383836,0.013275283,0.010474476,0.008904701
3.4887094,18.233055,0.015569964,0.012819495,0.01326031,0.011278645,0.008954423,0.007939539
3.6262233,18.046854,0.015446338,0.0130986385,0.013431205,0.011381597,0.009025813,0.007955012
3.7361417,18.323238,0.014435146,0.010948382,0.011304558,0.009420063,0.0075249393,0.006914431
4.3636174,19.397367,0.009701338,0.004653935,0.0040530185,0.0028509486,0.0024779986,0.0029585694
4.2818437,19.054726,0.010759639,0.0058430918,0.0054877563,0.0041335886,0.0034892708,0.0038052828
4.20007,18.712084,0.011812729,0.007225874,0.0071252002,0.0055896635,0.0046021966,0.0046926145
4.635854,19.167187,0.009218844,0.0045453813,0.003892672,0.002628569,0.0022070878,0.0026988124
4.5540805,18.824545,0.010223984,0.005687679,0.005282824,0.0038753022,0.0032198208,0.0035608052
4.9080906,18.937006,0.008655321,0.0043908777,0.003718366,0.0024074083,0.001946852,0.0024503919
12.687632,26.782942,0.00046876437,0.005503886,0.0073756897,0.008641649,0.008212525,0.0075651314
12.20132,27.009298,0.0002914437,0.006257821,0.0083623575,0.009706265,0.0092067,0.008423736
11.715008,27.235655,9.4380826e-05,0.006938147,0.009209648,0.010553636,0.009948293,0.009088254
12.257679,26.415436,0.00045380733,0.008052874,0.010339919,0.011598868,0.010727626,0.009756856
11.771366,26.641792,0.0001719024,0.008535679,0.010882895,0.012064818,0.011154396,0.010224182
11.827725,26.047932,0.00032952242,0.009678512,0.011971887,0.012939657,0.011843288,0.010991117
10.75848,25.640173,-0.0003710413,0.00956788,0.011607636,0.011867962,0.010758584,0.010515324
11.293103,25.844053,-1.4554709e-05,0.010093221,0.012288588,0.012933566,0.0117844315,0.0112192575
10.783011,26.152285,-0.00036165668,0.009857477,0.011977925,0.0124997925,0.0113801565,0.010938986
11.317635,26.356165,-4.950829e-05,0.009726978,0.011994923,0.012862681,0.011778824,0.01103843
10.807543,26.664396,-0.00035802097,0.009645935,0.01186934,0.012634389,0.0115642585,0.010934413
11.261275,26.950026,-0.000114540904,0.00875714,0.011119077,0.012216639,0.011285112,0.010422991
15.677936,28.307734,-0.0006593065,-0.004437643,-0.0058687096,-0.006204156,-0.0069193407,-0.0066818832
15.760952,27.838936,-0.0007599558,-0.004496766,-0.005882098,-0.0061992514,-0.0068757106,-0.0066062
15.843968,27.370138,-0.00085860386,-0.0045136856,-0.0058496757,-0.006164229,-0.0067825727,-0.006460526
16.111237,28.229914,-0.000942536,-0.0049035116,-0.0063675153,-0.006744515,-0.007428884,-0.007188834
16.194254,27.761116,-0.0010652638,-0.005028413,-0.0064526564,-0.0067889006,-0.0074091814,-0.007141067
16.544538,28.152094,-0.0012441421,-0.00538561,-0.0069262697,-0.0073687662,-0.007957851,-0.007684205
15.262976,28.023584,-0.0004356472,-0.0039142873,-0.0052872794,-0.0056025926,-0.006281587,-0.005974717
14.848016,27.739435,-0.00020824566,-0.003163333,-0.004414591,-0.0047617895,-0.005373602,-0.004913881
15.345992,27.554787,-0.0005041616,-0.003830176,-0.0051304144,-0.0054600704,-0.0061134542,-0.005750017
17.073652,28.031767,-0.0016253875,-0.005986746,-0.0077029006,-0.0082610035,-0.008626116,-0.00827557
17.25248,27.520464,-0.001838317,-0.006281586,-0.007988683,-0.008467042,-0.008656076,-0.008271566
17.536839,28.00167,-0.0019401074,-0.006477384,-0.008455906,-0.009193939,-0.009278901,-0.008831547
16.723368,27.64079,-0.0014555325,-0.005671293,-0.007193197,-0.007579145,-0.008036363,-0.0077264877
16.373081,27.249813,-0.0012627504,-0.005251206,-0.0066489284,-0.0069591617,-0.0074572875,-0.007136584
16.902195,27.129486,-0.0016656788,-0.0059377383,-0.007445759,-0.007779073,-0.008062438,-0.0077017588
14.40709,27.435051,3.3803357e-05,-0.001939665,-0.0028525454,-0.0031940597,-0.0036710615,-0.0029982692
14.464141,26.946018,8.9757814e-05,-0.0011164806,-0.0016827242,-0.0019361211,-0.0023856135,-0.0017142685
14.521192,26.456985,0.00019914351,3.2903106e-05,-7.68055e-05,-0.00013340071,-0.00060499297,-6.950483e-05
14.9050665,27.250402,-0.00021385372,-0.0027620369,-0.0038461143,-0.0042127525,-0.0048023844,-0.0042584767
14.962117,26.76137,-0.00018513158,-0.002132584,-0.0029745435,-0.0033293737,-0.003893122,-0.0032859112
15.403043,27.065754,-0.00054056034,-0.0035821665,-0.0047760922,-0.00513232,-0.0057454193,-0.0052986396
13.996272,27.177172,0.00024402849,-0.00031461238,-0.0006123444,-0.00071941345,-0.0009916347,-0.00029702307
13.585454,26.919292,0.0004246103,0.0018199929,0.0024049913,0.0028578169,0.0027079994,0.0030030767
14.053323,26.688139,0.00036173343,0.0009564548,0.0011859356,0.0013704549,0.0010576147,0.0014994789
13.376843,25.831913,0.0010010428,0.0067807524,0.008730047,0.009943993,0.009021507,0.008129782
13.758293,26.04027,0.0007893635,0.0045867413,0.006025691,0.006998488,0.006330368,0.0058822418
14.139743,26.248629,0.0005109222,0.0022292372,0.002917959,0.003383725,0.002902299,0.003024507
13.290423,26.271423,0.00073631294,0.0053896825,0.007113804,0.008277896,0.007669834,0.0070412033
13.671873,26.479782,0.0005747277,0.0031389364,0.0041835983,0.0049329097,0.0045704334,0.0044930107
13.204004,26.710936,0.0005384075,0.0039693504,0.0053470577,0.0063402313,0.0060525024,0.005771584
12.860471,25.90392,0.0009002205,0.008058796,0.01024958,0.011490553,0.010500304,0.00947765
12.774052,26.34343,0.00065143534,0.006842369,0.008931631,0.01023047,0.0094945,0.008609168
12.344098,25.975925,0.0006589004,0.009032719,0.011326747,0.012465694,0.011415442,0.010424781
11.338763,24.493736,-0.00018527999,0.008729431,0.010894344,0.011017504,0.010035196,0.009913364
11.501751,25.0118,0.0001555454,0.009808755,0.012040878,0.012474273,0.011350874,0.010976886
11.664739,25.529867,0.00031107425,0.010180656,0.012422865,0.0131267,0.011960081,0.011329699
10.967128,24.807922,-0.00036914766,0.008690812,0.010702303,0.010687597,0.009674155,0.009622929
11.1301155,25.325987,-0.00013399079,0.009742435,0.01187294,0.012211739,0.011085001,0.010779356
10.595492,25.122108,-0.0005120681,0.008523485,0.010388586,0.010261124,0.0092505235,0.009261899
10.539817,24.34197,-0.0007772648,0.006635164,0.008180102,0.0076674307,0.0068320413,0.0069999113
10.93929,24.417852,-0.0005519308,0.0077810897,0.009681826,0.0094765425,0.008568822,0.008624545
10.567655,24.732038,-0.0006260757,0.007643904,0.009369067,0.009024255,0.008098967,0.008220325
4.523804,19.769747,0.008285987,0.0033499121,0.0024825954,0.0014267117,0.0012662102,0.0018762806
4.9562273,19.911947,0.006587957,0.0021649697,0.001045791,5.6560486e-05,-9.901732e-05,0.0005324915
5.388651,20.054146,0.0050217807,0.001119899,-0.00016902223,-0.0010742502,-0.0013059628,-0.000741799
4.593895,20.23026,0.0068947156,0.0021497717,0.0011111948,0.00022522979,0.00020213619,0.00088360993
5.0263186,20.372461,0.0053635105,0.0010960052,-0.00012653395,-0.0009438698,-0.0010523845,-0.00041998163
4.663986,20.690775,0.005467389,0.001006909,-0.00012150556,-0.00082288013,-0.0007856919,-6.84008e-05
5.0682774,19.309385,0.007378108,0.003185004,0.0022356308,0.0010595749,0.0007492754,0.0013400421
5.228464,19.681767,0.0061715674,0.0021110685,0.0009531177,-9.2807415e-05,-0.00033417746,0.00026772448
4.7960405,19.539566,0.007892074,0.0032888127,0.0023675135,0.0012440782,0.0010041626,0.001603127
4.9137177,21.194708,0.003724225,-0.00041906282,-0.001613874,-0.0020853754,-0.00211148,-0.001425284
5.5257816,21.380323,0.0024989822,-0.0014852621,-0.0027555758,-0.0031026101,-0.0033680452,-0.0028876353
6.1378455,21.56594,0.001717604,-0.002346559,-0.003626817,-0.003835324,-0.0042673075,-0.0040257
4.973582,21.734064,0.002618006,-0.0015398387,-0.0027074832,-0.0029251182,-0.002966687,-0.0022680596
5.5856457,21.919682,0.0018702331,-0.0024107285,-0.0036390275,-0.0037544286,-0.004036479,-0.0035711103
5.033446,22.273422,0.0018488977,-0.0025189675,-0.00367073,-0.0036541075,-0.0037055474,-0.0029922705
5.6280694,22.60535,0.0014469267,-0.0033275425,-0.004552268,-0.004445905,-0.004687992,-0.004219395
6.1802692,22.251612,0.0014719511,-0.0032163786,-0.0044694077,-0.0044570267,-0.0048357965,-0.0046025496
6.2226934,22.93728,0.0014259475,-0.0037895048,-0.005069381,-0.004968932,-0.005213314,-0.004966649
5.6383824,20.558077,0.0035359962,-0.00017278254,-0.0015308382,-0.0022154117,-0.0025034642,-0.0020371648
5.888114,21.06201,0.002400536,-0.0013405554,-0.0026736103,-0.0031159662,-0.0034881418,-0.0031356853
5.27605,20.876392,0.0037171715,-0.0002689801,-0.0015539457,-0.0021454392,-0.0023164896,-0.0017495365
10.728138,23.461637,-0.0010198664,0.004915555,0.0061835726,0.0056000524,0.004997585,0.005024014
10.93168,23.80567,-0.0008591299,0.0062422366,0.0078916745,0.0075094295,0.006779263,0.006852802
11.1352215,24.149702,-0.0005562979,0.0075515104,0.009513238,0.009360831,0.008511732,0.008542418
10.532207,23.729788,-0.000976294,0.0050795693,0.0063112294,0.0056525744,0.00497352,0.0050732805
10.735748,24.07382,-0.0008210127,0.0064565516,0.008056083,0.007598643,0.006805135,0.0069325007
10.336275,23.997938,-0.0009132089,0.005220661,0.006407755,0.005688276,0.0049591367,0.005121052
9.098796,24.172312,-0.00021780327,0.0017613024,0.0018949648,0.00081613776,0.00043682568,0.0006610014
8.755855,23.88655,0.0001700627,7.318519e-05,-0.00026511983,-0.0013372247,-0.0014439665,-0.0012424361
8.412914,23.60079,0.00058872375,-0.0013720386,-0.0021220096,-0.0030341966,-0.0029305285,-0.0027615547
9.22846,23.677567,-0.00030532284,0.001105599,0.0010055439,-0.00013660446,-0.00035014228,-0.00017772138
8.88552,23.391804,8.9207366e-05,-0.00045776696,-0.0010541518,-0.002114623,-0.0020567705,-0.001904393
9.358126,23.18282,-0.00036452874,0.0005097806,0.00012803219,-0.0010201748,-0.0010240732,-0.0009105681
9.879604,23.904999,-0.0008045501,0.003656112,0.0043439474,0.0033815634,0.0027886047,0.0029569296
9.489201,24.038656,-0.0005562527,0.0027383917,0.0031351235,0.0020799395,0.001583049,0.0017852208
9.618865,23.54391,-0.0006306587,0.0020260534,0.002198468,0.001075455,0.0007542275,0.00088782335
10.075536,23.636848,-0.00090192,0.0036013282,0.004314452,0.0033769319,0.0028297526,0.0029410212
9.814796,23.275759,-0.00074173615,0.0020296092,0.0021864336,0.0010697043,0.00082094816,0.00090410677
10.271467,23.368698,-0.00097324967,0.0035260306,0.0042569763,0.0033588065,0.0028857035,0.0029320263
7.7341204,22.413404,0.0010609046,-0.0034151447,-0.0046281666,-0.004796592,-0.004855209,-0.0048936335
7.2444525,22.816587,0.001373574,-0.0036541407,-0.0049058474,-0.0050030025,-0.0051001287,-0.0050586965
6.754785,23.219769,0.0015087523,-0.0038479918,-0.0051247287,-0.005162431,-0.0052638375,-0.005124016
7.2020288,22.130917,0.0011976842,-0.0034660655,-0.004685907,-0.0047216443,-0.00503051,-0.0050736493
6.712361,22.5341,0.0014041534,-0.0036250895,-0.0048899488,-0.0048584784,-0.005159112,-0.005072373
6.669937,21.848429,0.0013397213,-0.0030559702,-0.004304937,-0.004377194,-0.0048253317,-0.0047706664
7.8715787,23.344318,0.0011226353,-0.0028031284,-0.0038878883,-0.004431902,-0.004278931,-0.0041637244
7.313182,23.282043,0.0014347935,-0.0035254,-0.004737217,-0.0049892487,-0.0049482123,-0.0048481375
7.8028493,22.878862,0.0011303687,-0.0032219624,-0.0044228565,-0.004751769,-0.0046701785,-0.004628658
8.344185,23.135332,0.0006932828,-0.0021528222,-0.0031768936,-0.0038942248,-0.0037000985,-0.0035947282
8.275455,22.669876,0.00073217857,-0.0027242445,-0.0038982714,-0.004381514,-0.0042098016,-0.0041861082
8.816791,22.926348,0.00020723768,-0.0013643797,-0.0023025917,-0.0031893319,-0.0029695136,-0.0028794885
4.0729766,18.38164,0.013018396,0.00903685,0.009176264,0.007422017,0.0059926976,0.0057564597
3.9630585,18.105255,0.014035661,0.010888375,0.011139108,0.009192076,0.007341157,0.006745102
3.8531404,17.82887,0.015034349,0.0130266985,0.0132412445,0.011131413,0.008835736,0.007782631
4.299894,18.163656,0.012612906,0.008960175,0.009043158,0.0072384235,0.0058445362,0.005619824
4.1899757,17.887272,0.013628844,0.010815785,0.01098594,0.0089874985,0.0071912194,0.006604604
4.5268106,17.945673,0.012218242,0.0088671455,0.0089175645,0.0070729065,0.0057256795,0.0055091586
4.653904,18.276117,0.011000872,0.007049272,0.006908,0.005281144,0.004315728,0.0044303117
4.7809973,18.606562,0.009802181,0.005594624,0.005192905,0.00374238,0.0030709459,0.003421631
4.426987,18.4941,0.011408452,0.007152711,0.007018295,0.0054314584,0.004448806,0.004551817
3.7231328,17.505121,0.016177798,0.015714025,0.01564261,0.0134271225,0.010610447,0.008893046
3.546462,17.256754,0.017314522,0.01811763,0.01757856,0.015328858,0.01199352,0.009592534
3.9299605,17.239775,0.015950559,0.015953228,0.01574307,0.013493142,0.010689922,0.0088835815
4.059968,17.563522,0.014801536,0.013333069,0.013426988,0.01124932,0.008947741,0.007814491
4.2667956,17.298176,0.014601507,0.01361546,0.013603735,0.011379528,0.009088104,0.007866892
4.3968034,17.621925,0.013420368,0.0110904565,0.011199509,0.009130334,0.0073280307,0.0066719996
5.299037,18.97269,0.007137471,0.0033362063,0.0024630418,0.00121384,0.000817538,0.0013914304
5.689984,19.008373,0.0056925337,0.0023880906,0.001353053,0.0001671569,-0.00023122416,0.00034499497
6.08093,19.044058,0.004354615,0.0015264478,0.00036733283,-0.00074443757,-0.0011799666,-0.00065446465
5.4592237,19.34507,0.005954565,0.00228767,0.0011687973,4.3904558e-05,-0.0002834551,0.00030170323
5.85017,19.380754,0.0046214997,0.0014704121,0.00022414267,-0.0008372666,-0.0012162414,-0.00068717706
5.6194105,19.71745,0.00488191,0.0013305094,4.3915807e-05,-0.00094800023,-0.0012576448,-0.0007173036
5.4494166,18.21977,0.008135837,0.004493479,0.004066171,0.0026361581,0.0020686598,0.0025273752
5.268975,18.458849,0.008260309,0.0044886903,0.00396028,0.0025600076,0.0020113224,0.0024871377
5.0885324,18.697927,0.008440729,0.004457134,0.0038454873,0.0024848306,0.0019721775,0.0024621927
5.1418815,18.128405,0.00948029,0.0057364786,0.005476651,0.003933628,0.0032061902,0.0035116517
4.961439,18.367483,0.009619709,0.0056742434,0.0053362097,0.0038351512,0.0031272739,0.0034571975
4.8343463,18.037039,0.010845894,0.007179962,0.007082497,0.00540019,0.0044139903,0.0044942135
5.659921,18.494534,0.0067639095,0.003336831,0.0026403496,0.0013262454,0.0008539501,0.0014095904
5.8704257,18.769295,0.005491176,0.002370038,0.0014200485,0.0002061104,-0.0002306582,0.0003400638
5.4794793,18.733612,0.006923314,0.0033570845,0.0025601774,0.0012729347,0.00083092856,0.0013959571
13.178123,25.428709,0.0012666319,0.008608394,0.010777292,0.011946828,0.010776934,0.009697935
12.661751,25.500715,0.0010449765,0.009452672,0.01172076,0.012802026,0.011637885,0.0106218625
12.145378,25.572721,0.0006868863,0.009970974,0.012254694,0.013179511,0.012017132,0.011162742
12.979403,25.025507,0.0014253296,0.00969612,0.011957684,0.012992509,0.011738845,0.010711711
12.46303,25.097513,0.0010668616,0.010088074,0.012394519,0.013297502,0.012093927,0.011236629
12.780683,24.622303,0.001372888,0.010003084,0.012361271,0.0132632945,0.0120488955,0.011197179
11.819403,24.536592,0.00034513196,0.009482514,0.011824094,0.012284764,0.011229933,0.010864032
12.300042,24.579447,0.00090119767,0.009915303,0.012309832,0.013030624,0.011901669,0.011282835
11.98239,25.054657,0.00063693814,0.010147956,0.01245122,0.013149529,0.011982452,0.011359025
19.53841,23.35085,-0.002718333,-0.0069142813,-0.008567901,-0.009162199,-0.008424242,-0.0077804397
19.774576,23.65708,-0.0029263622,-0.0071136206,-0.009185933,-0.01007711,-0.009185542,-0.008475286
19.287184,23.719868,-0.0027273726,-0.0070386576,-0.008659909,-0.009121379,-0.008353885,-0.007739155
18.764236,24.532717,-0.0027249665,-0.0071914983,-0.008819402,-0.00911294,-0.008332269,-0.007754402
19.052338,24.902922,-0.0029217917,-0.007398914,-0.009431246,-0.009996958,-0.009082414,-0.008461413
18.492517,24.976547,-0.0026828337,-0.0071960986,-0.0088481875,-0.009109198,-0.008374312,-0.0078116185
18.249075,26.410751,-0.0025831426,-0.00724585,-0.009278797,-0.009809764,-0.009228066,-0.008679202
17.694471,26.479567,-0.0022744108,-0.0068234443,-0.008536411,-0.008882695,-0.008619818,-0.008143418
17.957636,25.949972,-0.00246323,-0.0070229303,-0.008728574,-0.009023818,-0.008544244,-0.008028092
17.016195,26.505112,-0.0018259065,-0.0060628424,-0.0075148963,-0.0077819307,-0.007870454,-0.0074454155
16.601082,26.00106,-0.0015103505,-0.0051798793,-0.006436086,-0.0067174407,-0.006882562,-0.0063850624
16.185966,25.497011,-0.0010389473,-0.003435685,-0.0043309303,-0.0047132922,-0.005038762,-0.004421503
17.279358,25.975515,-0.0020426088,-0.0063039493,-0.007736909,-0.007953647,-0.0078046657,-0.007320115
16.864244,25.471466,-0.0016862585,-0.00527812,-0.0064668152,-0.006713808,-0.006688133,-0.00612701
17.54252,25.44592,-0.0022039274,-0.0064594313,-0.007843624,-0.0080062235,-0.0076594623,-0.007128964
15.957969,26.745764,-0.00097284006,-0.0044182157,-0.005672383,-0.006002965,-0.0065135993,-0.006095899
16.071968,26.121387,-0.0010413703,-0.0040934044,-0.0052175135,-0.005576029,-0.0059677614,-0.005441738
16.487082,26.625437,-0.0014106409,-0.005301571,-0.0066440445,-0.0069322074,-0.0072670924,-0.006863662
15.517043,26.441378,-0.00057610153,-0.0030880643,-0.004091047,-0.004475373,-0.005027553,-0.0044789077
15.0761175,26.136993,-0.000113441645,-0.0010262431,-0.0014495077,-0.0017086987,-0.0022898694,-0.0017105804
15.6310425,25.817003,-0.0005473043,-0.0022054987,-0.0028957648,-0.003272856,-0.0038051128,-0.0032005704
14.363972,24.887735,0.0012942456,0.006746769,0.008486207,0.009395239,0.008054397,0.007234342
14.971304,25.090826,0.0005431785,0.0033385735,0.0043068486,0.004692697,0.0036046826,0.0034864855
15.578635,25.293919,-0.0002878423,-0.00043233306,-0.0005480698,-0.00079953554,-0.0014984293,-0.0009852854
14.416379,25.410818,0.0008581269,0.004529835,0.0058379807,0.0065934104,0.0055763423,0.0051626605
15.02371,25.61391,0.00016380794,0.00094823836,0.0012017977,0.0012346045,0.00048778421,0.00081540673
14.468785,25.9339,0.00047575877,0.002124141,0.0027551323,0.0031279952,0.0024811022,0.002601719
13.705886,25.517187,0.0011712881,0.006836173,0.008718273,0.009858771,0.008786204,0.007889346
14.034929,25.202461,0.0012768641,0.0068331673,0.008644829,0.009685014,0.008465308,0.007589783
14.087336,25.725544,0.0008554328,0.0045892354,0.005964908,0.0068443203,0.0059970915,0.0055524707
13.507166,25.113983,0.0014958429,0.0086193,0.0107340645,0.011856735,0.010580033,0.00948934
13.308445,24.710781,0.0016681484,0.009614964,0.011857393,0.012884,0.011568023,0.010520413
13.836208,24.799257,0.0016406146,0.0085628275,0.010621025,0.011673421,0.010297911,0.009225253
11.587818,24.040237,-0.00022662923,0.008137899,0.010367293,0.010517359,0.00966495,0.009550826
11.836873,23.586737,-0.0003535293,0.0074509997,0.009700693,0.009919694,0.009234417,0.009091561
12.085927,23.133238,-0.0005314453,0.006743102,0.0089540845,0.009266384,0.008751604,0.008538701
12.068458,24.083092,0.0003436246,0.008934636,0.011365279,0.011850295,0.010915496,0.0105758775
12.3175125,23.629593,0.00019024513,0.0082563665,0.010736524,0.011269796,0.010489081,0.010164793
12.549097,24.125948,0.00094215863,0.009477967,0.011964961,0.012704849,0.011658371,0.011076186
11.180735,23.35217,-0.00094177545,0.0056626163,0.007295272,0.007013089,0.0064362884,0.0063961786
11.63333,23.242704,-0.0007647979,0.0062644263,0.008215409,0.008240715,0.0077077914,0.007586664
11.384276,23.696203,-0.000653387,0.0069190287,0.008899428,0.008817857,0.008112615,0.008093005
6.812003,20.141235,0.0015278532,-0.0010753333,-0.0024723723,-0.0030817091,-0.0036080605,-0.0034977908
6.5872836,20.616137,0.0017068457,-0.0014406277,-0.0028178184,-0.0033124047,-0.0038188184,-0.0036911904
6.3625646,21.09104,0.0017579492,-0.0018760486,-0.0032061988,-0.0035648942,-0.0040425067,-0.0038708318
6.337552,20.112206,0.0025252933,-0.00041022687,-0.0018360906,-0.002569225,-0.0030234503,-0.0027347715
6.112833,20.587107,0.0025437754,-0.00083859265,-0.0022334,-0.0028328472,-0.0032493537,-0.002943657
5.8631015,20.083176,0.0036939848,0.00031752384,-0.0010695376,-0.0019017793,-0.0022508188,-0.0018082659
6.324621,19.409782,0.0031810307,0.0005878952,-0.00075141445,-0.0017161198,-0.0021721409,-0.0017578457
6.568312,19.775509,0.0022443428,-0.00027352409,-0.0016878466,-0.0024825407,-0.0029738229,-0.0027059764
6.093861,19.746479,0.0034747177,0.00049101346,-0.0008920859,-0.0017995979,-0.0022056573,-0.001782924
7.6241145,21.06219,0.00050669385,-0.002865665,-0.0039787167,-0.0041526146,-0.004581611,-0.004779855
7.660783,21.512594,0.00070611126,-0.0031941552,-0.004317693,-0.004428252,-0.0047607715,-0.004928163
7.6974516,21.963,0.0009058652,-0.0033867967,-0.004555592,-0.0046587344,-0.0048619565,-0.0049727005
7.128691,21.230106,0.0009833358,-0.0027030634,-0.0039251596,-0.0041167163,-0.004612078,-0.0047018896
7.16536,21.680511,0.0010713099,-0.003147086,-0.0043507908,-0.004437645,-0.004859309,-0.00493883
6.6332684,21.398024,0.0013852939,-0.0025232679,-0.0037998336,-0.0040075355,-0.004503796,-0.0044426965
7.3534107,20.755203,0.0006653589,-0.0023832796,-0.0035913193,-0.0038746435,-0.004388173,-0.004531047
6.8579874,20.92312,0.0012393962,-0.0021257747,-0.0034278035,-0.0037574924,-0.004284572,-0.0042831423
7.082707,20.44822,0.0009959004,-0.0017724573,-0.0030888498,-0.0035253966,-0.004066893,-0.0041015088
10.724601,23.051859,-0.0010600307,0.0039541437,0.004935965,0.0042554904,0.003858391,0.00379053
10.26793,22.95892,-0.0009470068,0.002606758,0.0029901417,0.0019978937,0.0017869401,0.0017704474
9.811259,22.86598,-0.0006898242,0.0011794432,0.0009597292,-0.0001746513,-0.00015459463,-0.00011641801
10.721065,22.642082,-0.0010433617,0.0030515809,0.003669365,0.002885065,0.0027713443,0.002632289
10.264394,22.549143,-0.0009029519,0.0017475077,0.0017256866,0.00069857476,0.0007918179,0.0007310319
10.717527,22.232304,-0.0010064773,0.0021917317,0.0023900496,0.0015568673,0.0017589107,0.0015748844
11.177197,22.942392,-0.0010434256,0.0047031385,0.006070351,0.0057084616,0.005317466,0.005168531
11.17366,22.532616,-0.0010644558,0.003803296,0.004839285,0.004368044,0.0042265505,0.003980258
11.629794,22.832926,-0.0009459865,0.0053129173,0.007017438,0.006977745,0.006612909,0.00638612
8.1709,21.17944,0.000121159406,-0.0030949349,-0.004094343,-0.0042544226,-0.0044732527,-0.0047030984
8.717687,21.29669,-0.00023685009,-0.0028873396,-0.0038833981,-0.004145312,-0.004073017,-0.004263374
9.264472,21.41394,-0.00056935474,-0.0021948263,-0.0032447313,-0.0036916428,-0.003323921,-0.003454388
8.207569,21.629845,0.00039163022,-0.0031711154,-0.004259093,-0.004441551,-0.0045316513,-0.0046985834
8.754355,21.747095,1.8791481e-05,-0.0026613027,-0.0037857485,-0.004158461,-0.003970702,-0.004087615
8.244238,22.08025,0.00059535366,-0.0030819785,-0.004254301,-0.004525306,-0.0044805193,-0.004568023
9.326908,22.593193,-0.00028542252,-0.00059858395,-0.0014540504,-0.002435793,-0.002160375,-0.0021196846
8.785573,22.336721,0.0002006977,-0.0021404556,-0.003295242,-0.0039030672,-0.0036330514,-0.0036434513
9.295691,22.003567,-0.00032945842,-0.001508937,-0.0026078015,-0.0033039772,-0.0029069704,-0.0029532528
10.233175,21.959517,-0.00087501394,0.00053139543,-4.31367e-05,-0.00094364164,-0.00046689823,-0.0005736101
9.780042,22.276354,-0.0006370066,1.151748e-05,-0.0007306857,-0.001715446,-0.0013528933,-0.0013762389
9.748824,21.68673,-0.0007257812,-0.0010032302,-0.0019996115,-0.0027036888,-0.0021682163,-0.0022553583
7.249479,19.06142,0.0011850407,-0.0005997577,-0.0017999553,-0.0025848437,-0.0031344814,-0.0029656761
7.103654,19.421358,0.0012381392,-0.0006686173,-0.0019874359,-0.0027344394,-0.0032806091,-0.003137195
6.9578285,19.781296,0.0013763097,-0.00083409535,-0.00221449,-0.0029010219,-0.0034380346,-0.0033160031
6.859963,19.055634,0.0021334244,6.6091416e-05,-0.0011797455,-0.0020981596,-0.0026251334,-0.0023056287
6.7141376,19.415571,0.0021531102,-5.9027225e-05,-0.0014173351,-0.0022842889,-0.0027960343,-0.0025049353
6.4704466,19.049845,0.0031857712,0.0007731371,-0.00045422092,-0.0014811713,-0.0019657416,-0.0015264137
4.8249273,17.681028,0.011704343,0.008640172,0.008669567,0.006799689,0.005547129,0.005352122
4.6949196,17.357279,0.0129270395,0.010867448,0.010920166,0.008829757,0.007153702,0.006517432
4.5649123,17.033531,0.014134502,0.013333386,0.013258057,0.011024238,0.00888111,0.007693005
5.1230435,17.416382,0.011269643,0.008422208,0.008449454,0.0065708007,0.005427068,0.005243175
4.9930363,17.092634,0.012515789,0.0106494045,0.010663842,0.008574921,0.007041606,0.0064207483
5.42116,17.151737,0.010911825,0.008229055,0.008261051,0.006390516,0.0053694956,0.0051895846
5.4399977,17.863758,0.009033411,0.005449715,0.005256334,0.0037082147,0.0030296454,0.003346445
5.1324625,17.772392,0.010364663,0.006926844,0.006856648,0.0051592104,0.004245666,0.0043438477
5.430579,17.507748,0.009966377,0.0066847177,0.0066540213,0.0049556405,0.004128509,0.004232257
4.396357,16.618671,0.015689425,0.016417481,0.015960317,0.013703062,0.010911793,0.008877678
4.168983,16.309252,0.017206546,0.018950677,0.018004492,0.015741767,0.012182631,0.009343679
4.6559258,16.262915,0.015723085,0.01666025,0.01607998,0.013842208,0.011017173,0.008864076
4.824481,16.677774,0.01410885,0.013731709,0.013541598,0.011304411,0.009181701,0.007865706
5.0840497,16.322018,0.014177701,0.014100687,0.013780851,0.011560471,0.009445245,0.0080282735
5.252605,16.736877,0.012542702,0.01110521,0.011050953,0.008940762,0.007444254,0.0067143454
5.8742375,18.099983,0.0069269873,0.0034785164,0.0030077666,0.0016527438,0.0011564404,0.0016780662
5.8648186,17.743973,0.007859524,0.0043104403,0.004085369,0.0026378473,0.0020982642,0.0025191372
5.8553996,17.38796,0.008826866,0.005426394,0.005379883,0.003808056,0.0031960583,0.003447876
6.299058,17.980196,0.005811681,0.00248889,0.0019987961,0.00073501555,0.00027337976,0.0008085753
6.289639,17.624186,0.006754245,0.0032240022,0.002982576,0.0016456885,0.0011890377,0.0016581346
6.723879,17.860409,0.0047670524,0.0015177529,0.0010309934,-0.00011602074,-0.0005698076,-6.901086e-05
6.084742,18.374746,0.0055773733,0.0024467912,0.0017116225,0.00046059638,-6.406903e-06,0.0005555643
6.5095625,18.25496,0.0044979127,0.0015599532,0.00081827387,-0.0003448999,-0.00082036154,-0.00029199108
6.2952466,18.649508,0.004342322,0.0015909809,0.00061202864,-0.00054154726,-0.0010131202,-0.0004809931
7.074279,18.661083,0.0021189712,-1.701504e-05,-0.0010668903,-0.0019910168,-0.0025226558,-0.0021940107
6.6847625,18.655296,0.003181313,0.0007616899,-0.00027953595,-0.0013317682,-0.0018361644,-0.001385241
6.899079,18.260746,0.0033329565,0.0006426683,-0.00015459434,-0.0011942148,-0.0016907539,-0.0012407451
20.123108,22.391678,-0.0026953358,-0.0064402167,-0.008202929,-0.009203653,-0.00856914,-0.007812543
20.364737,22.68292,-0.0028792734,-0.0067079775,-0.008936458,-0.010293968,-0.009453653,-0.008594916
19.956373,22.686754,-0.0026997018,-0.0066064196,-0.008336078,-0.009209363,-0.00854203,-0.007824955
19.414394,22.229128,-0.0023964138,-0.0057448987,-0.006768985,-0.0072464254,-0.0068958662,-0.006231838
19.706211,22.184952,-0.0024968956,-0.0059809596,-0.0072228257,-0.007853475,-0.0074263085,-0.0067510353
19.998026,22.140778,-0.0025972747,-0.006148076,-0.007649102,-0.008498753,-0.007991745,-0.0072709145
19.539474,22.480028,-0.0024849419,-0.0061755264,-0.0074015316,-0.00792423,-0.0074521196,-0.006802367
19.831291,22.435854,-0.0025888525,-0.0063360585,-0.007807348,-0.008534994,-0.007988791,-0.0073026465
19.664557,22.73093,-0.002590581,-0.0065109516,-0.007964018,-0.008580762,-0.007991922,-0.0073344875
19.187973,22.459057,-0.0023454498,-0.0057815784,-0.006736117,-0.0071051395,-0.006751032,-0.0060972553
19.313055,22.709957,-0.002444755,-0.0062326165,-0.00737979,-0.0077763004,-0.0072962884,-0.0066659595
19.438135,22.96086,-0.0025584465,-0.0065799397,-0.007942305,-0.008414043,-0.007818101,-0.007189744
18.961552,22.688986,-0.0022969285,-0.0057957456,-0.006697686,-0.006976849,-0.0066204243,-0.0059706084
19.086634,22.939886,-0.002407532,-0.006268949,-0.0073560085,-0.0076474086,-0.0071601677,-0.0065411967
18.735132,22.918915,-0.0022491114,-0.0057826103,-0.0066485656,-0.00685711,-0.0065012313,-0.0058507985
18.835407,23.308905,-0.0024002665,-0.0064050974,-0.0074976,-0.007693621,-0.007165309,-0.006559611
19.186909,23.329878,-0.0025603664,-0.006729664,-0.008069523,-0.008415409,-0.0077780294,-0.0071731554
18.935682,23.698896,-0.0025655788,-0.006840318,-0.008179621,-0.008429804,-0.007761283,-0.0071722013
13.789762,23.393055,0.0012501171,0.008967786,0.011428636,0.012335455,0.011226586,0.010525894
13.981165,23.891281,0.0017534065,0.009275212,0.011507957,0.012428285,0.0110816695,0.01014687
14.172568,24.389507,0.0017093814,0.008579409,0.010601192,0.011542275,0.010095511,0.009075315
13.453402,23.802805,0.0015087422,0.009418522,0.011855128,0.012784041,0.0115904,0.010793187
13.644805,24.301031,0.001808413,0.0095099285,0.0117475,0.01273185,0.011369885,0.010356588
13.117042,24.212553,0.0015409865,0.00976702,0.012168612,0.013091926,0.011876312,0.01102881
12.885457,23.716198,0.000921417,0.009034491,0.011586826,0.012393011,0.011413672,0.010836279
12.653872,23.219843,4.4564007e-05,0.0077265357,0.010238851,0.010879812,0.01021011,0.009864814
13.221817,23.306448,0.00070032856,0.00851105,0.011102468,0.01195423,0.011053457,0.010530778
18.507769,23.97502,-0.0024499097,-0.0066778148,-0.007892624,-0.008016956,-0.0074102837,-0.006825728
18.23605,24.418848,-0.0024365792,-0.006718913,-0.007998411,-0.0081039,-0.0075064693,-0.0069322903
17.96433,24.862679,-0.0023859958,-0.0066898917,-0.008032679,-0.008149679,-0.0076111727,-0.0070509342
17.979582,23.86115,-0.0021171994,-0.00575455,-0.0066825165,-0.0067803375,-0.0064107357,-0.005767561
17.707863,24.304981,-0.0020779374,-0.0057861316,-0.006809729,-0.0069167274,-0.006554714,-0.0059283986
17.451395,23.747282,-0.0016886045,-0.004107483,-0.004711159,-0.0049678846,-0.0049678003,-0.0042182743
18.30722,23.195038,-0.002105688,-0.0054181707,-0.0061847474,-0.0063416213,-0.006065666,-0.0053839847
18.407495,23.585028,-0.0022764495,-0.0061575915,-0.0071474384,-0.0072548813,-0.006789586,-0.006170748
17.879309,23.47116,-0.0019233157,-0.004867429,-0.0055570556,-0.0057356143,-0.005575222,-0.004855836
17.286055,24.888224,-0.0019242092,-0.0055868076,-0.0067061423,-0.00687572,-0.006634894,-0.006032079
16.607777,24.913769,-0.001306714,-0.003689084,-0.004500717,-0.0048468946,-0.005008632,-0.0043440913
17.029587,24.330526,-0.001522439,-0.0039234734,-0.004632259,-0.004926234,-0.004974908,-0.004265854
15.5589695,23.66821,0.0006124705,0.005704873,0.007203392,0.0074800444,0.006088306,0.005720547
16.189777,23.694567,-0.00024383694,0.0023888669,0.0032482815,0.00300115,0.0017822714,0.0021317245
16.820587,23.720924,-0.0010502526,-0.0012625275,-0.001257179,-0.0017255653,-0.0023336895,-0.0015615331
15.767969,24.27781,3.7481936e-05,0.0025320286,0.003348511,0.0032955538,0.0021089972,0.002284381
16.398777,24.304167,-0.00081361475,-0.0010411149,-0.0011081141,-0.0015135817,-0.002147178,-0.001488529
15.976968,24.887411,-0.0005744514,-0.00092594966,-0.0010947649,-0.0014392196,-0.0020859342,-0.0015029927
14.762304,24.481226,0.0011994018,0.00658215,0.008244623,0.00895827,0.0075298147,0.0068120314
15.160637,24.074717,0.0009625895,0.0062355846,0.007817019,0.008312481,0.006881191,0.006312979
15.369637,24.684319,0.0003262391,0.0030275572,0.0039270474,0.0040981155,0.0029232374,0.0029250127
14.570901,23.983,0.0015695767,0.008302897,0.010259365,0.01104919,0.009620551,0.008703482
14.379498,23.484772,0.0014871722,0.008869391,0.011064833,0.011886171,0.010649491,0.009809211
14.9692335,23.57649,0.0012528849,0.007879321,0.009765958,0.010392399,0.009073827,0.008281752
13.304937,21.960676,-0.0011457792,0.0055094315,0.007859757,0.008527189,0.008306561,0.008138969
13.466545,22.438135,-0.0005428281,0.0067648087,0.009330305,0.010124509,0.009665546,0.009430024
13.628153,22.915594,0.000365154,0.008014452,0.010620178,0.0114925625,0.010701012,0.010259986
12.898601,22.35153,-0.00079768524,0.006004216,0.00831334,0.008922129,0.008544441,0.00827048
13.060208,22.828989,-0.00016308158,0.0072794612,0.009822975,0.010569254,0.009968247,0.0096431365
12.492264,22.742384,-0.00060191023,0.0064063347,0.008669542,0.009160465,0.00872881,0.008436722
11.941668,21.768936,-0.0010383086,0.003566004,0.0047538197,0.004679008,0.004726999,0.0042139534
12.3960905,21.83285,-0.0010685264,0.00432344,0.006004004,0.006238869,0.0060872417,0.005624496
12.850514,21.896763,-0.0011137486,0.004957227,0.0070217215,0.007506675,0.0072629116,0.0069506527
11.989755,22.223703,-0.0009985432,0.0045923684,0.0061901547,0.0062681423,0.0061050183,0.0056824386
12.444178,22.287617,-0.00091978506,0.00534657,0.007344141,0.0077249957,0.0074339104,0.007066029
12.037841,22.67847,-0.0008516259,0.0056325006,0.0075634443,0.007779081,0.0074388115,0.0071412693
11.533621,21.923393,-0.0010324338,0.0032156692,0.0040866826,0.003751657,0.0038982492,0.0034696693
11.581707,22.378159,-0.0010325301,0.0042503458,0.005582173,0.005395544,0.0052620177,0.0049120146
11.125574,22.077848,-0.0010367957,0.002754162,0.0032920223,0.0026924224,0.0028862082,0.0025817298
7.8821936,20.664333,5.0748735e-05,-0.0027058888,-0.0037403447,-0.0039581074,-0.00437384,-0.004621992
8.140273,20.266478,-0.00046897278,-0.0025874162,-0.003518421,-0.0037671172,-0.0041534617,-0.0044353325
8.398352,19.868624,-0.0010120696,-0.0025230222,-0.0033218432,-0.0035887475,-0.003935501,-0.004238442
8.42898,20.781584,-0.00040129988,-0.0029661083,-0.003847693,-0.0040347744,-0.0042242385,-0.0044922316
8.687058,20.38373,-0.0009663993,-0.0028586842,-0.0036126,-0.0038201099,-0.003964462,-0.0042531774
8.975765,20.898836,-0.00075603125,-0.0027932536,-0.0036591322,-0.003921488,-0.0038003814,-0.0040181363
7.6324368,19.330488,0.00018562339,-0.0013657395,-0.0025067986,-0.0030891765,-0.0036289913,-0.0036801952
8.015394,19.599556,-0.0005416317,-0.002019684,-0.0030011553,-0.0033981807,-0.0038741708,-0.00409615
7.4866114,19.690426,0.0003674826,-0.0014508362,-0.0026847036,-0.003229649,-0.003773259,-0.0038379775
7.869569,19.959494,-0.00024399608,-0.002124775,-0.003187347,-0.0035498785,-0.0040337946,-0.004255253
7.340786,20.050364,0.0006010346,-0.0016198488,-0.0028991504,-0.0033883906,-0.003932215,-0.0040043886
7.61149,20.35735,0.00023976542,-0.0022204893,-0.0033755593,-0.0037078524,-0.004212865,-0.0044019176
10.766769,21.79121,-0.0009982185,0.0014070113,0.0012449,0.0004885125,0.00097434415,0.00074332056
10.282417,21.518423,-0.0009666793,-0.00015658484,-0.00091370137,-0.0016254322,-0.000976825,-0.0011235243
9.798065,21.245636,-0.0009555486,-0.0015072818,-0.0024736947,-0.0030005896,-0.0024215113,-0.0025511044
10.81601,21.350117,-0.0010571121,0.0006288755,0.00022220031,-0.00037916616,0.0002955929,2.3083314e-05
10.331659,21.07733,-0.0011604371,-0.0007928862,-0.0015837349,-0.002109048,-0.0013794906,-0.0015598244
10.8652525,20.909023,-0.001224949,-0.00012582287,-0.00062865304,-0.0010571879,-0.00029985578,-0.00061100407
11.174816,21.636755,-0.0010232847,0.0019346615,0.0021065422,0.0015452122,0.0019975589,0.0016365818
11.224057,21.195662,-0.0010792747,0.0010963236,0.0010036681,0.00056447147,0.0011775037,0.0007686064
11.582863,21.4823,-0.0010329766,0.0023615868,0.0028814254,0.0025509936,0.0029015073,0.0024100968
9.907462,20.105938,-0.001964051,-0.0023886815,-0.0030117065,-0.0032933909,-0.0028386181,-0.003053398
9.693132,20.541939,-0.0014777068,-0.002317033,-0.003078667,-0.0034007025,-0.002954244,-0.0031410574
9.478802,20.97794,-0.001007376,-0.0022561532,-0.0031678528,-0.0035459423,-0.0031333542,-0.0032972437
9.404426,20.026833,-0.0018525117,-0.0027157736,-0.0033045644,-0.0035499977,-0.0033868146,-0.003639813
9.190095,20.462833,-0.001301966,-0.002747211,-0.0034676397,-0.0037184125,-0.0035729879,-0.0038108493
8.901388,19.947727,-0.0015284623,-0.0027690632,-0.0033957828,-0.003619371,-0.0037424327,-0.004045795
10.226726,20.373632,-0.0017135866,-0.0018588149,-0.002547856,-0.002871865,-0.0022212877,-0.0024290674
10.545989,20.641329,-0.001446899,-0.0010953025,-0.0017653899,-0.00214154,-0.001380825,-0.0016227912
10.012396,20.809633,-0.0013151558,-0.0016796999,-0.0025143623,-0.0029286807,-0.0022929444,-0.0024585156
7.577063,18.83854,0.0006659101,-0.001013686,-0.0020414924,-0.0027388895,-0.0032813137,-0.003202281
7.401863,18.438202,0.0016397814,-0.00053039717,-0.001413449,-0.0022358145,-0.0027654232,-0.002521134
7.2266626,18.037865,0.002873904,7.488638e-05,-0.00057635026,-0.0015097548,-0.0020073028,-0.0016314794
7.904647,18.61566,0.00017689973,-0.0014795406,-0.0022838674,-0.0028666437,-0.0033843166,-0.0034097028
7.729447,18.215322,0.0011796948,-0.0010833726,-0.0017593004,-0.002447675,-0.002970305,-0.0028366477
8.232231,18.392778,-0.0003041698,-0.0019642226,-0.0025135959,-0.0029657304,-0.0034608264,-0.0036054289
7.9600205,19.107607,-0.00035101504,-0.0016968704,-0.0026368469,-0.003139512,-0.0036458732,-0.0037821573
8.287604,18.884727,-0.00086553616,-0.00205869,-0.002759716,-0.0031714046,-0.003630327,-0.003851562
8.3429785,19.376675,-0.0010854476,-0.0022462485,-0.003024937,-0.0033683383,-0.0037816125,-0.004058693
5.192575,15.510095,0.016116377,0.0173689,0.01651987,0.014321452,0.011405476,0.0091144135
4.949054,15.135093,0.018060792,0.02004321,0.018834732,0.01659866,0.012719762,0.009774939
5.4696555,15.11303,0.016424038,0.017865043,0.016914718,0.014743942,0.011853551,0.009613324
6.033894,15.208308,0.014244839,0.014735438,0.014068561,0.011932642,0.010126217,0.008826003
6.3210526,15.70065,0.011860834,0.010881465,0.010584723,0.00859332,0.007575934,0.0070617096
6.6082106,16.192993,0.009538429,0.0071532554,0.007180439,0.0054842597,0.0049868273,0.0050223377
5.7568135,15.605372,0.014003967,0.01417454,0.013616954,0.011451162,0.009578864,0.008271597
6.043972,16.097715,0.011680741,0.010301002,0.010129588,0.008146717,0.007103411,0.0066170176
5.479733,16.002438,0.013776396,0.013613619,0.013217049,0.011037412,0.009159452,0.0079062525
5.8168435,16.832155,0.010435402,0.007865555,0.0079032285,0.0060818936,0.0052540195,0.005116046
5.6482882,16.417295,0.012098341,0.010682936,0.010573641,0.0085264295,0.00726543,0.0066439076
6.2125273,16.512573,0.009993874,0.0075224806,0.0075569097,0.005799168,0.0051543387,0.0050918595
6.2510834,17.068378,0.00836457,0.0050431476,0.005065686,0.0035429967,0.003047461,0.00329288
6.6467667,16.748798,0.007911975,0.00467653,0.004763,0.0033035052,0.0029118448,0.0031707075
6.6853228,17.304604,0.0063069724,0.0027438318,0.0026251953,0.0013608305,0.00094793853,0.0013693516
7.194246,17.628197,0.0038924331,0.0005931614,0.00021987251,-0.00076912565,-0.0012408571,-0.000836084
7.1556897,17.072392,0.005382702,0.0018005287,0.001765189,0.00064792566,0.0002232726,0.0005998849
7.1171336,16.516586,0.006943486,0.0036335164,0.0037715244,0.0024445476,0.0021033955,0.0024283966
7.6646123,17.395987,0.003007368,-0.00032264605,-0.0005244692,-0.001317332,-0.0018736066,-0.0016231819
7.626056,16.84018,0.0044228868,0.0008160464,0.0008880125,-6.9481284e-05,-0.00059542176,-0.00030085014
8.134979,17.163774,0.0020796387,-0.0012228929,-0.0012042252,-0.0017964916,-0.0025119877,-0.0024841921
8.167397,17.573442,0.001167854,-0.0016680537,-0.0018393807,-0.0023429506,-0.0029782462,-0.003007214
8.199814,17.98311,0.00035798253,-0.0018868999,-0.0022590838,-0.0027264524,-0.003272612,-0.0033564575
7.6970296,17.805655,0.0020358367,-0.000819211,-0.0012646551,-0.0019920645,-0.002523846,-0.0023173592
6.183626,13.830945,0.018185621,0.020075297,0.019267581,0.017400943,0.014695095,0.012518946
5.9651814,14.273456,0.017450757,0.019275535,0.018338574,0.01631776,0.013576077,0.011497859
5.7468405,13.8249235,0.019815203,0.021938374,0.020953303,0.019006373,0.015112903,0.012211126
6.7942686,12.703251,0.019978581,0.021311948,0.020874508,0.019464802,0.016199833,0.013417251
6.59817,13.045843,0.019464534,0.021066546,0.020544613,0.019023754,0.016029302,0.013412936
6.4454947,12.638225,0.021613674,0.022914512,0.022385273,0.02100857,0.01608044,0.0127383005
20.39464,21.758308,-0.0026858079,-0.0060044117,-0.0077697183,-0.00897908,-0.008434154,-0.007601298
20.499435,21.420015,-0.0026909763,-0.0057250937,-0.0074583,-0.008747668,-0.008262612,-0.007396331
20.749632,21.718403,-0.0028082996,-0.006147967,-0.00836361,-0.010012018,-0.0092636235,-0.008275869
20.047138,21.844479,-0.0025753211,-0.0058658854,-0.0072835903,-0.008162185,-0.007732529,-0.006997626
19.804434,21.592354,-0.0024817474,-0.0053314148,-0.0064196647,-0.007147368,-0.0068747527,-0.0061553167
19.56173,21.340229,-0.002418331,-0.004680063,-0.0054769074,-0.006141347,-0.0060181655,-0.0052554505
20.151936,21.506184,-0.0025870579,-0.0055585396,-0.0069379206,-0.007899514,-0.0075385594,-0.0067739617
19.909231,21.254059,-0.0025218285,-0.0050011678,-0.0060476507,-0.006864823,-0.0066583734,-0.0059065456
20.256731,21.16789,-0.0026210505,-0.0052444534,-0.006590443,-0.007642189,-0.0073471298,-0.0065499437
19.463505,21.932827,-0.0023838126,-0.005395732,-0.006342432,-0.006878434,-0.0066096764,-0.0059176725
19.512617,21.636528,-0.0023904864,-0.0050351024,-0.005907161,-0.006507691,-0.0063155848,-0.005590329
19.755322,21.888653,-0.002480106,-0.005665362,-0.0068282094,-0.007503139,-0.007154852,-0.00645967
19.143816,22.080881,-0.0022804064,-0.0051586144,-0.0059392154,-0.0063655563,-0.0061621265,-0.005453442
18.873238,21.932636,-0.0021692382,-0.0044152276,-0.0049693133,-0.0054134266,-0.0053783045,-0.0045770104
18.602661,21.78439,-0.002061414,-0.0035214836,-0.0038444393,-0.004354226,-0.004499796,-0.0035559118
19.192928,21.784582,-0.0022847853,-0.004772367,-0.005474846,-0.005974293,-0.005852067,-0.0051004845
18.92235,21.636335,-0.0021936784,-0.0040198546,-0.004489785,-0.0050083627,-0.005045572,-0.004182631
19.24204,21.488283,-0.0023109098,-0.004397616,-0.005021747,-0.0055912156,-0.005539234,-0.0047389865
18.917395,22.31081,-0.0022153798,-0.005143966,-0.005870387,-0.0062173908,-0.0060221874,-0.005311228
18.690975,22.54074,-0.0021507973,-0.005101491,-0.0057873707,-0.006071439,-0.0058866222,-0.005170248
18.646818,22.162565,-0.0020849465,-0.0043230997,-0.00483018,-0.005224137,-0.0052152984,-0.004402418
17.78059,22.363798,-0.0016086878,-0.0019476895,-0.0019239358,-0.0025151127,-0.0029826122,-0.0019223656
18.098772,22.548838,-0.001838782,-0.0035721897,-0.0039106733,-0.004305948,-0.0044578626,-0.0035715585
18.416952,22.733875,-0.002052415,-0.004849227,-0.0054657008,-0.0057200966,-0.005590449,-0.0048480546
17.670858,22.82496,-0.0015893434,-0.002648136,-0.002815292,-0.0032828187,-0.0036225843,-0.0026926976
17.98904,23.009998,-0.0018631093,-0.004241667,-0.004749166,-0.005021816,-0.0050186682,-0.0042271763
17.561127,23.286121,-0.0016230653,-0.0033989132,-0.0037790881,-0.004125942,-0.004295224,-0.0034677696
18.054615,22.170662,-0.001779394,-0.0025822627,-0.0026915146,-0.00323753,-0.0035780377,-0.002540505
18.328638,21.977526,-0.0019290469,-0.0031038946,-0.0033255063,-0.0038413566,-0.0040760282,-0.0030812186
18.372795,22.355701,-0.00196961,-0.0039927624,-0.0044158995,-0.0047971965,-0.0048614335,-0.004011066
14.910574,22.155785,-0.0005798985,0.0071472316,0.009576621,0.010386794,0.010147691,0.009627101
15.126705,22.659925,0.0004248809,0.0077952403,0.009925303,0.010585073,0.009825099,0.009148061
15.342837,23.164066,0.0008170297,0.007383777,0.009219079,0.009710867,0.008537721,0.007882334
14.536969,22.568209,0.00015523285,0.007813002,0.010259599,0.0110673355,0.0104776025,0.009943091
14.753101,23.07235,0.0010260845,0.0083784005,0.01053964,0.011262992,0.010248771,0.009498299
14.163365,22.98063,0.0007895465,0.008428268,0.010889339,0.01174498,0.010833686,0.010234105
13.84015,22.025711,-0.001109821,0.006102848,0.008661173,0.009464741,0.0093315,0.0091870725
14.375361,22.090748,-0.00091263634,0.0066902055,0.009280529,0.010133397,0.010017645,0.009715285
14.001758,22.503172,-0.00021321028,0.00737695,0.009985101,0.010839296,0.010320122,0.009978529
16.527563,22.32239,-0.0005950557,0.004341285,0.0058677183,0.005708418,0.0044977306,0.004839301
16.835506,22.797354,-0.0007991272,0.0016822346,0.0025286076,0.0019730646,0.00084475847,0.0016233982
17.143452,23.272318,-0.0012321925,-0.001482911,-0.0014495056,-0.0019651274,-0.0025404,-0.0016682775
16.204699,22.770996,-0.00013051525,0.0049839835,0.0064919996,0.0064860363,0.005200558,0.0052334312
16.512642,23.24596,-0.0005045776,0.002111141,0.002978515,0.002576666,0.0013761128,0.0019198045
15.881834,23.219603,0.00028025583,0.0054350053,0.0069325417,0.007065231,0.0057260487,0.0055257
17.362915,22.349995,-0.0012890361,4.4358523e-05,0.0005577707,-0.00015532433,-0.00097480015,0.00013157613
17.253183,22.811157,-0.0012237772,-0.00064418523,-0.0003544767,-0.0009784107,-0.0017161162,-0.0007411514
16.945238,22.336193,-0.0009364648,0.0022685388,0.003344858,0.0027758328,0.0016439509,0.002506862
15.44957,22.211319,-0.00031934708,0.00713702,0.009304339,0.009975901,0.009463399,0.008865936
15.988566,22.266855,-0.0003140852,0.006283132,0.008177845,0.008549336,0.007637852,0.007316375
15.665702,22.71546,0.00029376478,0.006910408,0.008755382,0.009176258,0.008157579,0.0076433676
14.277548,20.851582,-0.0026379854,0.003738647,0.00595331,0.0068422677,0.007835417,0.0077212383
14.488557,21.286316,-0.002297961,0.004866232,0.0073469933,0.008280228,0.008969028,0.008791348
14.699565,21.72105,-0.0015840919,0.006057713,0.0086261155,0.009534545,0.009792153,0.009463705
13.953344,21.221281,-0.0020919351,0.0043144613,0.00659572,0.00734788,0.007889735,0.00783414
14.164353,21.656013,-0.0016917079,0.005475547,0.00800089,0.008837305,0.009113182,0.008989263
13.629141,21.590979,-0.0015831159,0.0049217492,0.007255586,0.007945459,0.008041998,0.007961117
13.714233,20.677702,-0.0022708792,0.0028814964,0.004710817,0.0053743375,0.0061536795,0.0060606934
13.39003,21.0474,-0.0017955799,0.0034947665,0.005394407,0.0059252866,0.0062237238,0.0060848147
13.065826,21.417097,-0.0014122854,0.0040900046,0.0060242834,0.006483423,0.006436403,0.0061849467
13.150919,20.50382,-0.0019013016,0.0019265627,0.003285951,0.0037738192,0.004253301,0.004010713
12.826715,20.873518,-0.0014918352,0.0025703693,0.003936642,0.004253835,0.0044075507,0.0040396396
12.5876045,20.329939,-0.0016863979,0.0008938808,0.0017327144,0.0020568012,0.0023782107,0.0019324032
12.1569805,21.28927,-0.001109915,0.0028136831,0.003833366,0.0038314855,0.003959489,0.0033999456
12.3722925,20.809605,-0.0013098223,0.0019179508,0.0028188764,0.0029532546,0.0031454521,0.00261513
12.611403,21.353184,-0.001228927,0.0035103802,0.005039635,0.005284785,0.005240413,0.004794752
11.798175,21.002632,-0.00112624,0.0016266442,0.0020380593,0.0018793133,0.0022708708,0.0017048026
11.43937,20.715996,-0.0012584734,0.00042691067,0.00034922175,0.0001245237,0.0007329567,0.00023125522
12.013487,20.522966,-0.0013828088,0.00075921474,0.0011659038,0.0012091532,0.0015759546,0.0009957623
8.744879,18.562078,-0.001554826,-0.002574408,-0.002930851,-0.003217832,-0.0036238956,-0.0039666635
9.257526,18.73138,-0.0024754514,-0.0029151547,-0.0031540268,-0.003382318,-0.0036224187,-0.0040284516
9.770174,18.90068,-0.0029834704,-0.0030233508,-0.0032693362,-0.0035076863,-0.0034936804,-0.003874849
8.800252,19.054028,-0.0018088605,-0.0025716596,-0.0030565024,-0.003332545,-0.0036486047,-0.003988916
9.312901,19.22333,-0.002415339,-0.0028090053,-0.0031914723,-0.003429433,-0.0035190005,-0.0038610296
8.855626,19.545977,-0.0017481659,-0.0026635604,-0.0032330316,-0.003478145,-0.0036958666,-0.004021375
9.861699,19.704185,-0.0023689454,-0.00262321,-0.0031239206,-0.003380419,-0.0030621064,-0.0033185137
9.358663,19.62508,-0.002183189,-0.002768042,-0.003252154,-0.0034889579,-0.003453712,-0.0037489163
9.815937,19.302433,-0.002729283,-0.002816595,-0.0031949943,-0.0034431154,-0.0032732731,-0.003584782
10.334655,19.867094,-0.0022375884,-0.0022286652,-0.002765581,-0.003024423,-0.0024575044,-0.0027188463
10.288893,19.465342,-0.0026817673,-0.0025927539,-0.0030178982,-0.0032618511,-0.002831111,-0.0031335705
10.24313,19.063591,-0.003083573,-0.0029373795,-0.003239407,-0.003479953,-0.0032000404,-0.003559547
10.761848,19.628252,-0.0024453916,-0.002183301,-0.0025790161,-0.0027738237,-0.0021768918,-0.0025403572
10.716086,19.2265,-0.002926128,-0.0026909239,-0.002996983,-0.0031876755,-0.002705688,-0.0030995046
11.189042,19.389408,-0.0026486963,-0.0022955127,-0.0024914758,-0.0025724154,-0.0020183702,-0.0024920136
11.65523,19.702919,-0.0021865852,-0.0014626886,-0.0014366774,-0.0013754313,-0.00086646795,-0.0014073198
12.121417,20.016428,-0.0018385478,-0.00037761615,5.307049e-07,0.00020712927,0.0005978687,5.650088e-05
11.081112,19.895947,-0.0020588036,-0.0015668051,-0.0018946587,-0.0020436947,-0.0013890724,-0.0018178199
11.547299,20.209457,-0.0016386015,-0.0005173749,-0.00057218404,-0.00063246785,-6.457128e-05,-0.00060354633
10.973183,20.402485,-0.0015670524,-0.00085901545,-0.001305735,-0.0015661697,-0.0008263518,-0.0011971458
10.653919,20.13479,-0.0018984072,-0.0016454925,-0.0021874364,-0.0024469085,-0.0017440165,-0.002041482
8.586211,17.325638,0.00042419753,-0.002353697,-0.0022450436,-0.0025833582,-0.003390959,-0.00367603
9.037444,17.487503,-0.0010814469,-0.0031421548,-0.0029268963,-0.0030941796,-0.003921376,-0.004466278
9.488676,17.649366,-0.0023564843,-0.003668596,-0.0034149224,-0.0035181004,-0.0042529283,-0.004912821
8.6186285,17.735306,-0.00034167423,-0.002530598,-0.0025907694,-0.002881559,-0.0035304867,-0.003837325
9.069861,17.897171,-0.0016637174,-0.0031017084,-0.003054918,-0.0032258278,-0.00382483,-0.0043230327
8.651046,18.144974,-0.0009753421,-0.002554291,-0.0027878422,-0.0030795408,-0.0035879207,-0.0039057254
9.582509,18.066471,-0.0028149593,-0.0034966052,-0.0034194184,-0.0035702395,-0.004003853,-0.0045681363
9.676341,18.483576,-0.0030238025,-0.0032596826,-0.003352686,-0.0035595286,-0.0037457955,-0.004213921
9.163693,18.314276,-0.002199482,-0.0030244982,-0.00312948,-0.0033302677,-0.0037295914,-0.004187196
9.186021,16.580498,-0.00010865286,-0.003263271,-0.0028617084,-0.0031205309,-0.0043773167,-0.005051241
9.286906,16.936789,-0.0009788529,-0.0035506648,-0.0031275665,-0.0032908164,-0.0044522346,-0.005185973
9.387791,17.293077,-0.0017387853,-0.003679883,-0.0033081411,-0.0034162952,-0.0043995287,-0.005119196
8.835673,16.774923,0.0006622182,-0.002544005,-0.0022193922,-0.002572872,-0.003636524,-0.004069279
8.936559,17.131212,-0.0002618189,-0.002934279,-0.0026352333,-0.002870624,-0.0038531679,-0.0043725944
8.485327,16.969349,0.001392008,-0.0018701772,-0.0016803152,-0.0021448776,-0.003021484,-0.0032074077
7.342586,11.754269,0.021271022,0.021630596,0.021221388,0.019858329,0.015700517,0.012653011
7.1664767,12.057464,0.02089939,0.021586632,0.021199157,0.019858286,0.015976759,0.012988056
7.0391493,11.701379,0.022699669,0.022891834,0.022356076,0.021022532,0.015294513,0.011989488
6.2571564,14.695539,0.015033019,0.016041605,0.015289584,0.013228467,0.011383102,0.0099990405
6.475601,14.253029,0.015653526,0.016919577,0.016195394,0.014258263,0.012492398,0.011139152
6.6940465,13.810518,0.01630378,0.017667318,0.01701985,0.015237451,0.013594169,0.012245322
6.767576,14.675113,0.013253247,0.013484943,0.012947769,0.010985596,0.009914398,0.00919318
6.9860215,14.232602,0.013785053,0.014270674,0.013723502,0.011865291,0.010889945,0.010195834
7.2779965,14.654686,0.011392994,0.01067465,0.010340202,0.008521868,0.00797261,0.007785518
7.0547347,15.167455,0.010779601,0.00961015,0.009381732,0.007550782,0.0069718785,0.00681555
6.8314724,15.680223,0.010164255,0.008412051,0.00831055,0.006525448,0.0059744567,0.005904994
6.5443144,15.187881,0.012547928,0.012245277,0.011787223,0.009771593,0.008687934,0.008037591
7.624157,15.018318,0.00904611,0.0070161903,0.0069424594,0.005305097,0.004913143,0.0050951065
7.9703174,15.38195,0.006768716,0.00364434,0.0037588095,0.0023942858,0.0018681475,0.0021978098
8.316478,15.745583,0.004587966,0.00082823617,0.0010295724,4.6823175e-06,-0.00080185535,-0.0005851011
7.400895,15.531087,0.008523417,0.006129714,0.006178355,0.0045991824,0.004227756,0.0044310354
7.7470555,15.894719,0.0063222726,0.003035214,0.0032309303,0.001957504,0.0015022026,0.0018313515
7.177633,16.043856,0.007973147,0.0051477673,0.0052721137,0.0037822498,0.0034459915,0.003703534
8.255979,16.218313,0.0037348927,-8.125827e-06,0.00023136928,-0.000628887,-0.0014247657,-0.0012911217
8.195478,16.691044,0.0028955033,-0.000704035,-0.000520452,-0.0012285565,-0.0020027729,-0.0019391287
7.686556,16.367449,0.0053672804,0.001829042,0.0020195234,0.00091146154,0.00043168262,0.0007534139
8.8961735,16.302193,0.001346337,-0.0023071487,-0.001989623,-0.0024527032,-0.0036313569,-0.004021021
8.545826,16.496618,0.0021445823,-0.0014777507,-0.001207413,-0.0017937986,-0.002761346,-0.0029047132
8.606325,16.023888,0.0029177296,-0.0009597899,-0.0007118955,-0.0014432509,-0.0024676127,-0.002519254
8.024884,12.34181,0.015648259,0.015381856,0.014739784,0.012974385,0.012956781,0.012484932
7.680045,12.348094,0.01737781,0.017730914,0.017236942,0.015653415,0.0147890095,0.013427576
7.335206,12.354377,0.018989228,0.019772686,0.019375198,0.017936464,0.015831608,0.013606514
7.8561544,12.044898,0.017660093,0.017735744,0.017243894,0.015630176,0.014811128,0.013325684
7.511316,12.051181,0.019354753,0.01985193,0.019469012,0.018025493,0.015766967,0.013413773
7.687425,11.747986,0.019674819,0.01988417,0.019498935,0.018030787,0.0156018175,0.013122694
7.232502,12.706394,0.018085796,0.019063469,0.018613283,0.017120028,0.015490822,0.0136630265
7.4746366,13.052129,0.015712736,0.016282912,0.01573055,0.014092224,0.013404383,0.012656479
7.716771,13.397863,0.013431757,0.013297499,0.012711509,0.010955041,0.010638374,0.010515264
7.036403,13.0489855,0.017639998,0.018856114,0.018355828,0.016807245,0.015190897,0.013508855
7.2785378,13.39472,0.015359758,0.016105186,0.015552427,0.013884456,0.013020184,0.012249521
6.8403044,13.391578,0.01719668,0.018582873,0.018013623,0.016371224,0.014696982,0.013132677
7.570513,13.816804,0.012723459,0.012516745,0.0120047545,0.010239887,0.009806427,0.00964084
7.424255,14.235745,0.012045563,0.011644058,0.011217272,0.009425461,0.008915943,0.008720773
7.13228,13.813662,0.014550502,0.015235953,0.014678837,0.012922521,0.011991178,0.011276612
7.9221797,12.693828,0.014888003,0.014722743,0.014075206,0.012312829,0.012214397,0.011966027
7.8194757,13.045845,0.014146112,0.014030958,0.013402714,0.011645296,0.0114345215,0.011288997
7.5773406,12.700111,0.016532956,0.017024003,0.016492557,0.014885453,0.014176837,0.013177237
7.78782,10.959562,0.021943478,0.021542482,0.02095833,0.01946467,0.014629049,0.011442683
7.653258,11.2053175,0.021794632,0.02160418,0.021090815,0.019641474,0.015009914,0.011868144
7.518134,10.938936,0.02309478,0.022493118,0.0217773,0.020295724,0.014215287,0.010991395
20.699463,20.730204,-0.0027725517,-0.005121918,-0.0068012034,-0.008273884,-0.007907003,-0.0069686854
20.794693,20.378687,-0.0028611964,-0.0048293727,-0.0064892597,-0.008070204,-0.007759808,-0.006784569
21.051132,20.63763,-0.002874779,-0.005318719,-0.00745762,-0.009339982,-0.008708779,-0.007611186
20.531395,20.098097,-0.0028988076,-0.004309423,-0.005518596,-0.006848744,-0.0067849825,-0.005891264
20.436165,20.449614,-0.002772944,-0.0045757806,-0.005815864,-0.0070432816,-0.0069034696,-0.006042127
20.340933,20.801132,-0.0026800043,-0.00488382,-0.006165689,-0.007298327,-0.0070845485,-0.006256253
20.172867,20.169024,-0.0028214317,-0.0040396727,-0.004888681,-0.005927026,-0.005940397,-0.005094235
20.077637,20.520542,-0.0026885336,-0.004295432,-0.005196299,-0.0061640125,-0.00610656,-0.005286534
19.814339,20.239952,-0.0027445853,-0.0037333125,-0.004291024,-0.005125203,-0.0051720333,-0.004290255
19.645933,20.973469,-0.0024907072,-0.0043057515,-0.0050239237,-0.0057638963,-0.0057062996,-0.0048986273
19.730135,20.60671,-0.0025992726,-0.0039866334,-0.0046235085,-0.0054203775,-0.0054173092,-0.0045680553
19.993433,20.8873,-0.0025874167,-0.004629039,-0.005603251,-0.006499542,-0.006368747,-0.0055817193
19.256113,21.096777,-0.002368825,-0.0038658255,-0.0043475633,-0.004983966,-0.005019507,-0.004131887
18.950495,20.853327,-0.0023589488,-0.0030089938,-0.0031816626,-0.0038081289,-0.003968893,-0.0028645503
18.644876,20.609875,-0.0024031238,-0.0021645634,-0.0020105543,-0.0026169622,-0.0028310842,-0.0014170094
19.340315,20.730019,-0.0024842788,-0.0035696996,-0.003964135,-0.004643508,-0.0047109816,-0.0037635488
19.034697,20.486567,-0.002523951,-0.0028484769,-0.002930578,-0.0035524077,-0.0036956756,-0.0025129635
19.424519,20.363258,-0.0026375812,-0.0033560186,-0.0036645574,-0.0043589687,-0.0044424194,-0.003444584
18.936422,21.244831,-0.002249126,-0.0034553087,-0.0037785096,-0.004372589,-0.004495095,-0.0035187786
18.616734,21.392885,-0.0021153658,-0.002918834,-0.003084631,-0.0036770236,-0.0039039468,-0.0028201735
18.630804,21.001379,-0.0022284167,-0.0024564893,-0.002462334,-0.0030886955,-0.0033380461,-0.0020949494
18.228188,21.604391,-0.0019192412,-0.0021040223,-0.0020686134,-0.0027059745,-0.0030807643,-0.0018779428
17.853716,21.424393,-0.0018089585,-0.00046843424,5.1026047e-05,-0.0006934993,-0.0012412748,0.00021079622
17.479242,21.244394,-0.001785077,0.0012518433,0.0024117155,0.0017527699,0.0011166048,0.0025768375
18.24226,21.212887,-0.00203598,-0.0016014149,-0.0013829134,-0.0020575274,-0.002436175,-0.0010482419
17.867786,21.032888,-0.002020051,-0.00015586197,0.00058314955,-0.00012028813,-0.00056084944,0.001075935
18.256332,20.82138,-0.0022236977,-0.0013015511,-0.0009003982,-0.0015503727,-0.0018590443,-0.00027306526
17.680141,21.990664,-0.0015558706,-0.000669474,-0.00029859453,-0.0010263622,-0.0016729985,-0.00043876006
17.57969,21.617529,-0.0016039194,0.00043505727,0.0011878203,0.00042812736,-0.0002810137,0.0010997524
17.954165,21.797527,-0.0017490701,-0.0014485865,-0.0012615239,-0.0019459666,-0.002443443,-0.0012022918
17.262465,21.97686,-0.0012810092,0.0013635234,0.0022964275,0.0015907488,0.0006552153,0.0018077493
16.84479,21.963058,-0.0010194806,0.003414843,0.0048845327,0.0045217318,0.0034222435,0.0041436297
17.162016,21.603725,-0.0014199079,0.0023647281,0.003715875,0.0031660227,0.0022686042,0.0033820772
16.346575,21.799881,-0.0009844882,0.0053818696,0.0073603536,0.00764239,0.0067938142,0.006787239
15.807579,21.744347,-0.001124686,0.0063219396,0.008577054,0.009290379,0.00891891,0.008441543
15.268583,21.688812,-0.0014620076,0.006336059,0.00880171,0.009702087,0.009778661,0.009259579
16.165588,21.277374,-0.0018750747,0.005355724,0.007765214,0.00849812,0.008171983,0.007907288
15.626593,21.22184,-0.0022770115,0.0054920637,0.008058635,0.009092868,0.009315909,0.008807608
15.984601,20.754868,-0.0029516674,0.004581721,0.0073221717,0.008461223,0.008680641,0.0082535315
16.98103,21.081219,-0.0019164898,0.003232685,0.005211246,0.005120417,0.004500721,0.0053628474
16.663801,21.44055,-0.0014780144,0.0043951464,0.0064093512,0.0065274877,0.005738616,0.006124569
16.482815,20.918043,-0.002349009,0.004398516,0.006921887,0.0075701214,0.0072511197,0.0073013986
14.846566,20.819344,-0.0030132616,0.0041324454,0.0065723658,0.00769924,0.008755112,0.008448044
15.415584,20.787106,-0.0031284154,0.004491574,0.007129144,0.008378645,0.009125776,0.00863378
15.057574,21.254078,-0.0024107522,0.0052487133,0.007818398,0.008877444,0.009487344,0.009086896
15.024469,19.746323,-0.003967919,0.0022892125,0.0044322032,0.005886791,0.0074471,0.006898131
15.344513,20.082504,-0.003911853,0.0031369831,0.005630852,0.0070852507,0.008291459,0.007732457
15.664557,20.418686,-0.0035927475,0.0039000236,0.0066347118,0.00801405,0.008760502,0.008220398
14.775496,20.114742,-0.0035695143,0.0026875383,0.0047970503,0.0060533686,0.007564646,0.007192203
15.095539,20.450924,-0.0034994518,0.0036032575,0.0060453643,0.007341507,0.008537604,0.00810812
14.526522,20.483162,-0.003120482,0.0031725378,0.0053108544,0.0063677896,0.007685821,0.0074638277
13.908527,19.58279,-0.0031676001,0.000499896,0.0018263626,0.0028913056,0.004437845,0.004160763
14.031534,20.00572,-0.002981199,0.0016200193,0.00320799,0.0041724616,0.0056028543,0.005402674
14.154541,20.428652,-0.002830792,0.0027086455,0.0046128444,0.005506816,0.006747998,0.00660938
13.46822,19.83184,-0.0026397603,0.00051681953,0.0016979185,0.002497546,0.003587612,0.003369447
13.591227,20.25477,-0.0024206773,0.001725389,0.0032014782,0.003909435,0.004873657,0.0047191186
13.027912,20.080889,-0.0021271273,0.0006743339,0.0017127421,0.0022698054,0.002880964,0.0025908202
14.280508,19.6373,-0.003433497,0.0011382829,0.0027134183,0.0039176913,0.0056215096,0.0052800863
14.652489,19.69181,-0.0037159598,0.0017481957,0.003594966,0.004932038,0.006644438,0.006205355
14.403515,20.060232,-0.00328857,0.0021762624,0.004018564,0.005126457,0.0066751405,0.006410153
12.7070875,19.711752,-0.0023299619,-0.000607048,0.00010011122,0.0006202553,0.0011769793,0.0008117996
12.2409,19.398241,-0.0025835473,-0.001725436,-0.0013584171,-0.0010092802,-0.0005270302,-0.00097147987
11.774713,19.08473,-0.0029684042,-0.002616151,-0.0025243282,-0.0023752747,-0.0018792142,-0.0023622564
12.82657,19.093563,-0.0030697428,-0.0019194823,-0.0013407393,-0.000694831,0.00016184799,-0.00012260064
12.360382,18.780054,-0.0033583485,-0.002937059,-0.0026618582,-0.002248116,-0.0015586587,-0.0018669717
12.946053,18.475376,-0.0037265366,-0.0029635888,-0.0025974936,-0.0019127415,-0.000701734,-0.0009233275
13.587702,19.213652,-0.0032513714,-0.00074331375,0.0002692455,0.0012840858,0.0027244398,0.0024242825
13.147395,19.462702,-0.0027907079,-0.0007596527,0.00010643952,0.00086672767,0.0018353892,0.0015647741
13.266877,18.844515,-0.0034465385,-0.00190046,-0.0012059395,-0.0003259182,0.0009843261,0.00070172315
10.029782,17.663786,-0.003379565,-0.004238764,-0.003997525,-0.004103546,-0.0046582385,-0.0053384425
10.570888,17.678204,-0.004039166,-0.0047381115,-0.004613951,-0.0047251396,-0.0049109976,-0.0055175675
11.111994,17.692623,-0.0043722163,-0.005095912,-0.0051069045,-0.005148771,-0.0049294066,-0.005403546
10.123614,18.08089,-0.003552733,-0.0038841963,-0.0038230282,-0.0039923573,-0.00420105,-0.0047680014
10.664721,18.095308,-0.0039474512,-0.004205734,-0.0042092735,-0.0043617366,-0.0042611277,-0.0047975373
10.217447,18.497995,-0.0034940655,-0.0034796374,-0.0035854601,-0.0038032674,-0.0037489277,-0.004217035
11.16336,18.823812,-0.003348832,-0.003201425,-0.003318758,-0.003396777,-0.0029331648,-0.0034153992
10.690403,18.660904,-0.0035269177,-0.0034113114,-0.0035684342,-0.0037545073,-0.0034403938,-0.0038998616
11.137676,18.258217,-0.0039485036,-0.004139457,-0.0041917157,-0.0042647235,-0.0038933253,-0.004378868
11.749029,18.519135,-0.0036693185,-0.0036943115,-0.0036619026,-0.0035283137,-0.0029814208,-0.0033854973
11.723347,17.95354,-0.004267974,-0.00475422,-0.0048223417,-0.0047062216,-0.004101758,-0.0044045574
12.3347,18.214458,-0.0039800717,-0.004020818,-0.003963322,-0.0036031557,-0.0027174186,-0.0029071467
9.522037,16.620987,-0.0012133498,-0.004010359,-0.0035609943,-0.0037157352,-0.005053577,-0.0059034564
9.858051,16.661474,-0.002229405,-0.0046670013,-0.004216735,-0.0043184976,-0.005636918,-0.006536932
10.194067,16.701963,-0.0031155276,-0.005252817,-0.004864809,-0.0049508093,-0.0061058705,-0.0069416375
9.622921,16.977276,-0.0019689898,-0.0041402145,-0.0036817587,-0.0037802423,-0.0049593365,-0.005799635
9.958937,17.017763,-0.002842056,-0.0046669897,-0.0042333333,-0.0043084337,-0.005392141,-0.0062346994
9.723806,17.333565,-0.0025910903,-0.00413423,-0.0037484742,-0.0038270736,-0.004757989,-0.0055307252
10.500043,17.032183,-0.0039006693,-0.005447532,-0.005176159,-0.005248481,-0.005941029,-0.0066402433
10.806018,17.362402,-0.004304878,-0.005390304,-0.005280386,-0.0053446055,-0.005527177,-0.006096635
10.264913,17.347984,-0.003636511,-0.00481951,-0.0045210095,-0.0046032993,-0.0052626114,-0.005986931
9.383645,16.26239,-0.00022503034,-0.003635659,-0.0032655727,-0.0035222715,-0.0049245763,-0.0056762816
9.093798,15.984085,0.001258277,-0.002623009,-0.0023550044,-0.0028159898,-0.0041295425,-0.004582383
8.803949,15.70578,0.0028595275,-0.0012073234,-0.0010275388,-0.001767376,-0.0029156685,-0.0029971683
9.581269,15.9442835,-0.00038321866,-0.0040667504,-0.0037872088,-0.0040462865,-0.0055513303,-0.0063137524
9.291422,15.6659775,0.0011244421,-0.0030114793,-0.0028468955,-0.0033092939,-0.0047215717,-0.005180993
9.778893,15.626176,-0.00058819517,-0.0045434977,-0.0043900465,-0.004661962,-0.006207817,-0.006894489
9.719661,16.30288,-0.0013698644,-0.004453883,-0.004060826,-0.004221271,-0.005681859,-0.006568147
9.917285,15.984771,-0.0015655388,-0.0049381475,-0.004655318,-0.0048306095,-0.006350785,-0.0071891504
10.0556755,16.343367,-0.0024178075,-0.0051691346,-0.004801569,-0.004919946,-0.0063120048,-0.0071888794
7.807275,11.452921,0.020185571,0.020166261,0.019763201,0.018280305,0.015398558,0.012697944
7.941837,11.207166,0.020376377,0.020163108,0.019726532,0.018213056,0.015132028,0.012317397
8.076399,10.9614105,0.020499198,0.020117912,0.019634603,0.018093009,0.014814084,0.011882711
8.095854,11.454769,0.018618936,0.018330084,0.017874613,0.016251657,0.014946052,0.012878757
8.230415,11.209014,0.018743748,0.018288909,0.017823802,0.016182149,0.014779926,0.012547594
8.384433,11.456618,0.01688828,0.016134987,0.015533209,0.01373958,0.01380856,0.012575065
8.264584,11.751682,0.01651997,0.01591191,0.015289001,0.0134954825,0.013597837,0.012673881
8.144733,12.046746,0.016100613,0.015660923,0.015023504,0.013240784,0.013308284,0.012641982
7.976004,11.749834,0.018162472,0.018048055,0.017578186,0.015959239,0.014940365,0.01316997
8.864427,12.107416,0.011578909,0.009231782,0.008232056,0.006112493,0.0074425363,0.008344342
8.584579,12.185548,0.01305859,0.011491276,0.010601571,0.008558509,0.009420674,0.00993937
8.304731,12.2636795,0.014411617,0.013540864,0.012776193,0.010863993,0.011304995,0.011369599
8.704429,11.890484,0.013313367,0.011592268,0.010692934,0.008655254,0.0097727,0.010231981
8.424582,11.968615,0.014774252,0.013738514,0.01296703,0.011039907,0.011668849,0.011609835
8.544431,11.673551,0.015090708,0.013902361,0.013137689,0.011211641,0.012016282,0.011761266
8.129668,13.716016,0.0105642835,0.009031625,0.008465943,0.006632375,0.006529916,0.0069710924
8.542565,14.034167,0.007784689,0.004702148,0.00421148,0.0024903538,0.002184594,0.0029843366
8.955462,14.35232,0.005133735,0.00082305504,0.0004171176,-0.0009467666,-0.0016873841,-0.0009261848
7.9834104,14.134956,0.010007238,0.008368037,0.007973116,0.006226297,0.0059586526,0.0062835217
8.396307,14.453109,0.0073668174,0.004267676,0.0039989185,0.0024308846,0.0019235912,0.002504068
7.837152,14.553898,0.009456529,0.0076245624,0.0073993998,0.0057198163,0.0053587323,0.005599769
8.529472,15.281162,0.0048332363,0.00095341384,0.0010206127,-8.771375e-05,-0.0009882753,-0.0007118325
8.183312,14.91753,0.0070899576,0.004024422,0.0039808475,0.0025323755,0.0019674078,0.0023679766
8.742468,14.816741,0.0050183358,0.00095374434,0.00080251304,-0.00041921987,-0.0013212643,-0.0008703962
9.504416,15.201557,0.0011334042,-0.0034033954,-0.003439904,-0.0039598574,-0.0053839134,-0.0056662215
9.016945,15.24136,0.0029891587,-0.0013786356,-0.001381156,-0.0021951313,-0.0034107482,-0.0033841324
9.229939,14.776938,0.0030430257,-0.00165868,-0.0018908902,-0.002801147,-0.0039511747,-0.0036725372
8.315416,12.562812,0.0133062955,0.012256031,0.01145651,0.009501015,0.009914074,0.010260162
8.605949,12.7838125,0.010994983,0.0089286845,0.008021841,0.0059384177,0.006591652,0.007454265
8.896482,13.004813,0.0087416535,0.0055186837,0.0045743696,0.0025091749,0.0032244045,0.0045507886
8.212712,12.914829,0.012660887,0.011656997,0.0109012425,0.008976657,0.009192124,0.009562588
8.503245,13.13583,0.010471714,0.008416051,0.0075998353,0.0055838213,0.005941836,0.006759653
8.110008,13.266847,0.012028434,0.011017479,0.010335947,0.008457421,0.008491522,0.008835214
8.916142,13.453982,0.0074535524,0.0037790698,0.0029756238,0.0010843824,0.0012849387,0.0025927124
8.935802,13.9031515,0.006256235,0.0022025013,0.0015870994,-5.870849e-05,-0.0003748414,0.0007221421
8.522905,13.584999,0.009079032,0.006510435,0.0058283885,0.003924125,0.003969667,0.0048417686
8.875112,12.4065485,0.010588696,0.007964532,0.0069466406,0.004801474,0.0060061407,0.0070955013
8.8857975,12.705681,0.009642269,0.0067231273,0.0057235914,0.0035955957,0.0045946557,0.0058318246
8.595264,12.48468,0.012003517,0.010205868,0.009289913,0.0072101126,0.007991888,0.008715212
8.206643,10.699685,0.02062137,0.020090373,0.019540722,0.017981302,0.014413483,0.011341555
8.490905,10.685564,0.018937271,0.018248795,0.017746693,0.016121313,0.014287169,0.011620757
8.7751665,10.671443,0.016986,0.015894715,0.015327309,0.013618491,0.01362804,0.01164066
8.360661,10.947289,0.018879957,0.018294957,0.017815445,0.016172362,0.014569907,0.0121217165
8.644922,10.933168,0.017034328,0.016026383,0.015442235,0.013674974,0.013745682,0.012027226
8.514677,11.194893,0.017000806,0.016103802,0.015509298,0.013717132,0.013804307,0.012339366
8.444987,10.266732,0.020512206,0.0197667,0.01909876,0.01754695,0.013610615,0.010341812
8.610077,10.469088,0.018847132,0.018075468,0.017552812,0.015960457,0.013986325,0.011163218
8.160726,10.280853,0.021945942,0.021084359,0.020261997,0.018682506,0.013342053,0.010029285
8.325815,10.483209,0.020595191,0.01995322,0.01934523,0.017781483,0.01403525,0.010862286
8.0415535,10.49733,0.022010861,0.021281252,0.020538537,0.018976664,0.013794132,0.010520505
7.90903,10.248586,0.022968644,0.021854782,0.020899808,0.0193002,0.012910691,0.009708508
21.109064,19.472397,-0.0032718128,-0.004500426,-0.0063268514,-0.008333627,-0.007962818,-0.006856693
21.352743,19.661722,-0.0032718813,-0.004930366,-0.007191386,-0.009396378,-0.008635869,-0.0074360776
20.999495,19.749783,-0.0031186265,-0.0044917236,-0.006221018,-0.0080757355,-0.007783611,-0.0067247883
20.89696,19.167805,-0.0033682394,-0.0041513336,-0.005590437,-0.0074175983,-0.007355222,-0.006323905
20.78739,19.44519,-0.003215087,-0.0040890104,-0.0054193814,-0.0070751947,-0.0070697577,-0.006087076
20.677818,19.722576,-0.0030716264,-0.004137345,-0.0053962218,-0.0068993457,-0.0068878937,-0.005946458
20.575285,19.140598,-0.0033441347,-0.0037815166,-0.0047593135,-0.006209386,-0.0064205783,-0.0054979073
20.465714,19.417984,-0.003195139,-0.0037695216,-0.00467297,-0.005976032,-0.006151808,-0.00525677
20.253609,19.113392,-0.0033519643,-0.0035141783,-0.0041088713,-0.005210065,-0.0055025364,-0.0046284567
20.31929,19.793505,-0.0029989504,-0.0038664252,-0.004723003,-0.005876435,-0.005969365,-0.0050999927
19.960762,19.864431,-0.0029328512,-0.0035998803,-0.0041381246,-0.005032961,-0.005136086,-0.0042489017
20.107185,19.488913,-0.0031403184,-0.0035186035,-0.004063746,-0.00503887,-0.005226916,-0.0043458445
19.520432,19.916183,-0.0028705269,-0.0031953894,-0.003404088,-0.0040859296,-0.0041839783,-0.003144747
19.226524,19.592415,-0.0030612247,-0.0028128987,-0.0027013225,-0.0032207137,-0.003293134,-0.0019920024
18.932617,19.268648,-0.0033141375,-0.0026140206,-0.002201858,-0.002558244,-0.0025159407,-0.00084046426
19.666855,19.540665,-0.0030980587,-0.0031983375,-0.0033889741,-0.0040841545,-0.00421588,-0.0032036006
19.372948,19.216896,-0.0033172457,-0.002968061,-0.0028518916,-0.0033547163,-0.0034395552,-0.00220067
19.813278,19.165144,-0.0033323502,-0.003243326,-0.0034433305,-0.0041802647,-0.004388554,-0.003427034
19.130611,20.039492,-0.002772252,-0.0027703207,-0.0027461923,-0.0033261161,-0.0034313488,-0.0021704666
18.740791,20.162798,-0.0026744485,-0.0021906917,-0.0019260563,-0.0024620777,-0.002585261,-0.0010449761
18.836704,19.715723,-0.0029845536,-0.0023543192,-0.0019995845,-0.0024430023,-0.0024728195,-0.0008397937
18.262981,20.343184,-0.0025404328,-0.0011943058,-0.00056797685,-0.0011133574,-0.0012534845,0.0005857256
17.881084,20.076492,-0.002823276,-0.00034545286,0.0009019494,0.0005313615,0.0006517774,0.0027188314
17.49919,19.8098,-0.0032601035,0.00033544673,0.0023212868,0.002340944,0.0028174988,0.004588364
18.358894,19.896107,-0.0028872723,-0.0015330084,-0.0008197889,-0.0012327096,-0.0011929424,0.00081142754
17.977,19.629416,-0.003220353,-0.001003154,0.00026190936,5.3795055e-05,0.00046586097,0.002728975
18.45481,19.449032,-0.0032437043,-0.001974164,-0.001217231,-0.0015009285,-0.0012986735,0.0008340129
17.874435,20.55469,-0.0023819183,-7.821575e-05,0.0009327551,0.0003641957,0.00016030722,0.0020203576
17.485891,20.766197,-0.002212285,0.0012972037,0.0027827665,0.0023069354,0.001954731,0.003542046
17.49254,20.287998,-0.002730946,0.00095145777,0.002731691,0.002495633,0.002525735,0.0042205066
16.987679,20.60302,-0.0025612842,0.002820985,0.0051566567,0.005344408,0.0050895764,0.0059344526
16.489464,20.439844,-0.003126126,0.0036259624,0.0064580105,0.0073848595,0.0073927008,0.0073848795
16.994328,20.124823,-0.0032074875,0.002121848,0.0047531365,0.0052217524,0.0053666322,0.0061776685
15.416302,19.513018,-0.0043063974,0.0022978992,0.0046919654,0.006304901,0.0076374426,0.0069215144
15.808134,19.279715,-0.0045305826,0.002191588,0.0048715533,0.006554691,0.0075713913,0.0067863464
16.199966,19.046412,-0.0046368665,0.0018256343,0.0047534825,0.0063994373,0.007188901,0.0065093352
15.736346,19.8492,-0.004162196,0.002968244,0.0056973035,0.00724428,0.008175548,0.0075407173
16.128178,19.615896,-0.0042899693,0.0025940295,0.0055572265,0.007082698,0.0077458946,0.007199711
16.05639,20.185383,-0.00375229,0.0035141937,0.0064298897,0.0077991,0.0082797585,0.0078175375
16.633041,19.300875,-0.0043152957,0.0015846401,0.0046379506,0.005924601,0.0065949433,0.00652388
17.066114,19.555338,-0.003808751,0.0010310675,0.0037512905,0.004424559,0.005091541,0.0059565115
16.561253,19.87036,-0.0038289463,0.0025510353,0.0055882083,0.006730405,0.007067849,0.0070489333
14.918924,19.335028,-0.00410002,0.0014776238,0.0034152165,0.0049657538,0.006681815,0.006035546
14.813379,18.923733,-0.0042075687,0.0007049067,0.0024778342,0.004112907,0.0059062648,0.0051408885
14.707835,18.512438,-0.0043035317,3.2605825e-05,0.0016494569,0.0033188823,0.00511891,0.004232008
15.310757,19.101725,-0.0044417246,0.0016176588,0.0038327193,0.0055453465,0.0070255785,0.006183256
15.205213,18.69043,-0.004530579,0.0009900456,0.003061409,0.0048587574,0.006406158,0.005415154
15.70259,18.86842,-0.004684457,0.0016606504,0.004186636,0.0059837396,0.007127803,0.006168543
14.546944,19.280518,-0.0038506102,0.00084879383,0.0024935105,0.0039299126,0.005756876,0.0052208006
14.174963,19.226006,-0.0036084354,0.00017081366,0.0015458349,0.002840101,0.004624488,0.0041935123
14.441399,18.869223,-0.003988639,1.9461737e-05,0.0014929161,0.0029920442,0.004862374,0.0042221253
13.854138,18.856869,-0.0036641764,-0.0009922804,5.9361755e-05,0.001265245,0.0029770606,0.0025518334
13.533313,18.48773,-0.0038102197,-0.0020930858,-0.0014031748,-0.00037276,0.0012401661,0.0008697822
14.120574,18.500084,-0.004004127,-0.0010414113,8.341633e-05,0.0014639667,0.0033068617,0.0026897478
12.909356,17.87444,-0.0042384304,-0.003981007,-0.0039596097,-0.0033668077,-0.0019192676,-0.002060496
12.298003,17.613522,-0.004540588,-0.0051146485,-0.0053304397,-0.0050328136,-0.0039548664,-0.0039987774
11.68665,17.352604,-0.0047528637,-0.0058356333,-0.0060382895,-0.0059269406,-0.0053263623,-0.005500983
12.87266,17.273502,-0.0046828073,-0.004914703,-0.005254326,-0.0047528325,-0.0031173015,-0.003151995
12.261307,17.012585,-0.0050018476,-0.0061283023,-0.0066111838,-0.006358641,-0.005159791,-0.005045488
12.835963,16.672567,-0.0050863386,-0.005762933,-0.0064163865,-0.0059964033,-0.0042503644,-0.0041643335
13.317776,16.831,-0.0048254407,-0.004499925,-0.004846579,-0.0041590463,-0.0023472423,-0.0025952763
13.799588,16.989433,-0.004642339,-0.0031156926,-0.0029294258,-0.0019010375,-0.00023750067,-0.00089858385
14.281402,17.147867,-0.0045912103,-0.0017716878,-0.00095016166,0.00042425893,0.0018901653,0.00082960905
13.354472,17.431936,-0.0044764145,-0.0037747151,-0.0037801582,-0.0029787116,-0.0012060684,-0.0015149198
13.836285,17.59037,-0.004370829,-0.0025478017,-0.0020553349,-0.0009049284,0.00086695957,0.00023307808
13.391169,18.032873,-0.0041039707,-0.0029681115,-0.0026061798,-0.0017030968,-4.2551383e-05,-0.0003776847
14.56569,18.05758,-0.0043872064,-0.0006294769,0.0007598954,0.002387033,0.004132147,0.0031428302
13.97843,18.045227,-0.0041818335,-0.0018193321,-0.0009876691,0.00030092747,0.0021119653,0.0014612
14.423546,17.602724,-0.004476816,-0.0012116486,-9.3128234e-05,0.0014317563,0.003057394,0.0020064793
10.584086,16.443895,-0.0037909215,-0.006091205,-0.0058882553,-0.0059886803,-0.006926719,-0.007575865
10.445695,16.0853,-0.0032222348,-0.006057719,-0.005871839,-0.0060097664,-0.0072224843,-0.007899707
10.307303,15.726705,-0.0024908425,-0.005892335,-0.0057694446,-0.00595317,-0.0073461467,-0.00799688
10.974106,16.18583,-0.0044244183,-0.0068826703,-0.00694959,-0.007047851,-0.0075671887,-0.007900277
10.835714,15.827233,-0.004000272,-0.006905468,-0.006977188,-0.0071345884,-0.007926915,-0.008264355
11.364124,15.927762,-0.0049975337,-0.007539405,-0.007912381,-0.007967266,-0.007911206,-0.007883853
10.890061,16.774117,-0.00441234,-0.00622148,-0.006142416,-0.0061965627,-0.0066104634,-0.0071106036
11.280081,16.516048,-0.0048728283,-0.0069013876,-0.0070895613,-0.0070990105,-0.00709481,-0.0072903847
11.196037,17.104336,-0.004680199,-0.006078277,-0.0061320597,-0.0061295344,-0.0060472805,-0.0064202156
11.854737,16.176031,-0.0054031354,-0.0074849282,-0.008088386,-0.007992363,-0.0071847527,-0.0069525368
12.34535,16.4243,-0.0053641815,-0.0068568466,-0.0075884038,-0.0073516727,-0.0059544747,-0.0056885453
11.770694,16.764317,-0.0051152958,-0.0067549394,-0.007152219,-0.007033248,-0.006360382,-0.0063303066
10.431584,14.627108,-0.0017229663,-0.0062680687,-0.006531128,-0.006896676,-0.007973319,-0.007904208
10.214021,14.96013,-0.0012738929,-0.00568508,-0.0058193114,-0.0061506005,-0.00750125,-0.0077482397
9.996457,15.293153,-0.00089801283,-0.0051058405,-0.005098263,-0.0053946595,-0.0068972306,-0.007407582
9.939544,14.535512,0.0004282046,-0.004606707,-0.004910091,-0.005454378,-0.006646775,-0.006465379
9.72198,14.868534,0.00081909425,-0.0039856513,-0.0041668583,-0.0046998058,-0.0060580713,-0.006148824
9.447503,14.443916,0.002738346,-0.0022696531,-0.0026620673,-0.0035902418,-0.004610309,-0.00409323
10.742431,15.060659,-0.003238194,-0.0070062154,-0.0072344947,-0.0075020995,-0.008393229,-0.0084749
11.053278,15.49421,-0.004341991,-0.0074347113,-0.0077147,-0.00788954,-0.00835188,-0.008407123
10.524867,15.393682,-0.0028363199,-0.0064566513,-0.006509164,-0.0067375,-0.007943583,-0.008332398
12.779094,15.344404,-0.005896898,-0.007197329,-0.008174753,-0.007844343,-0.0059421086,-0.0056457426
12.79805,15.787126,-0.005635394,-0.0067774476,-0.0077096885,-0.007374127,-0.0055253278,-0.0052879406
12.817006,16.229847,-0.0053653554,-0.006301403,-0.007125311,-0.006756335,-0.0049552578,-0.0047881543
12.307437,15.538857,-0.0058348193,-0.007835879,-0.008757705,-0.008570098,-0.007042063,-0.006602968
12.326394,15.981578,-0.0056122164,-0.0073872567,-0.008239005,-0.008034343,-0.0065775095,-0.0062181116
11.835781,15.73331,-0.005536886,-0.007924613,-0.008616972,-0.008560053,-0.0077225035,-0.007384641
8.683771,11.446131,0.014975832,0.013577565,0.012799523,0.010871395,0.011920146,0.011609758
8.814016,11.184406,0.014961915,0.013423021,0.012656561,0.010765688,0.012023855,0.011524687
8.944261,10.922681,0.014862848,0.013215221,0.012474089,0.010656493,0.012112191,0.011383717
8.98311,11.435644,0.012907635,0.010737305,0.009820773,0.007846036,0.009558563,0.010029732
9.113355,11.173919,0.012754199,0.010454018,0.009568346,0.007695027,0.009707674,0.010079236
9.282449,11.425157,0.010701754,0.007675538,0.006685668,0.004774362,0.0071505164,0.008147487
9.003767,11.879996,0.011367392,0.008768786,0.0077502583,0.0056582754,0.007322339,0.008274588
8.843769,11.663064,0.013150538,0.01119413,0.010278661,0.008254784,0.009661216,0.010135655
9.143108,11.652576,0.011077354,0.00824881,0.00723227,0.0052081137,0.0072238445,0.008207654
9.171736,12.170293,0.009387822,0.0059838616,0.0048975926,0.0027958083,0.0046311826,0.006041961
9.479045,12.23317,0.0071720397,0.0027191334,0.0016311142,-0.0002641879,0.0019391547,0.0039056968
9.786354,12.296046,0.0049794973,-0.0003178607,-0.0013127157,-0.002825582,-0.0005477552,0.0018995072
9.182421,12.469425,0.00850543,0.0047938926,0.0037165426,0.0016325995,0.003198669,0.004799041
9.48973,12.532302,0.006412911,0.0016846206,0.00062979973,-0.0012011738,0.0005379539,0.0026313365
9.193106,12.768558,0.0076640155,0.0036619895,0.0026291537,0.00061192404,0.0018077587,0.0035183013
9.311076,11.942873,0.009057962,0.005413704,0.004325419,0.0023027367,0.004558369,0.0060314494
9.450417,11.715453,0.008645979,0.0047980454,0.0037351716,0.0018366728,0.0045243516,0.006033873
9.618385,12.00575,0.0067324312,0.002086708,0.0010209371,-0.0007409574,0.0019380074,0.0039922297
9.354761,13.139658,0.005850519,0.0011131957,0.00018434152,-0.0015640338,-0.0008965589,0.00093299226
9.813039,13.274503,0.0030566612,-0.0025750406,-0.0033530467,-0.004520312,-0.00418356,-0.0023269104
10.2713175,13.409348,0.00042968735,-0.0052271024,-0.005805149,-0.006486926,-0.0064801467,-0.004990126
9.374421,13.588827,0.004775649,-0.00018442706,-0.0009514849,-0.002446783,-0.002485968,-0.0009865463
9.8327,13.723672,0.0021997765,-0.0033490872,-0.0039767213,-0.00492977,-0.0052957577,-0.0040286034
9.394081,14.037996,0.0037652724,-0.0012729252,-0.0018510811,-0.0030630254,-0.0036835151,-0.0026706106
10.378162,14.221188,-0.0010452567,-0.0060322923,-0.006404178,-0.006861591,-0.0077153593,-0.007269001
9.886122,14.129592,0.0012901565,-0.0040656496,-0.0045341193,-0.0052681486,-0.0061208033,-0.0054236613
10.324739,13.815268,-0.00032670394,-0.005693052,-0.0061701667,-0.0067333197,-0.007232858,-0.006306469
9.948009,12.667147,0.0032945054,-0.002430693,-0.003295154,-0.004499337,-0.003031206,-0.00056710304
10.109663,13.038247,0.0017871915,-0.004044552,-0.004759507,-0.005671684,-0.0050170356,-0.0029432666
9.651384,12.903402,0.004648519,-0.00068221375,-0.0016180532,-0.0031357259,-0.0020643435,0.00010602206
9.5763645,10.673987,0.010353216,0.0073846905,0.006659361,0.0052870004,0.008357951,0.008994211
9.478393,10.924377,0.010517404,0.0074966354,0.0066588097,0.0050739003,0.007934277,0.008723861
9.380421,11.1747675,0.010636522,0.007595779,0.0066697826,0.0049040895,0.007533333,0.008439915
9.3092985,10.67314,0.012681352,0.010363233,0.009610262,0.00802451,0.010464255,0.0103553785
9.211327,10.923529,0.012743529,0.010422183,0.009593207,0.007847908,0.01008365,0.010245948
9.0422325,10.672291,0.014905358,0.013242176,0.012553799,0.010840697,0.012342643,0.01126203
8.588423,9.941155,0.020503297,0.019589264,0.018808,0.017295683,0.012839893,0.009446204
8.896948,9.817935,0.018815834,0.017837405,0.017235387,0.015867641,0.012765019,0.009457871
8.753512,10.143511,0.018868223,0.018006124,0.017446503,0.015949456,0.013454148,0.0103547005
9.062037,10.02029,0.016875692,0.015686162,0.015218624,0.013841135,0.01309032,0.010346056
8.918602,10.345867,0.0169674,0.015827619,0.015301861,0.013726674,0.013436851,0.011056624
9.452734,10.347563,0.012398974,0.010075071,0.009454198,0.008135906,0.010830981,0.0103364
9.185668,10.346715,0.014755533,0.013056763,0.01245978,0.010943676,0.012458771,0.010937581
9.329103,10.021138,0.014549632,0.012825403,0.012360027,0.011112434,0.012455393,0.010479101
8.5303545,9.630516,0.0213764,0.020141523,0.019094508,0.017531447,0.01171964,0.008366396
21.155928,18.874897,-0.0035893756,-0.0047030407,-0.0065381676,-0.008671738,-0.008170038,-0.00702188
20.834253,18.847692,-0.003517353,-0.004124318,-0.0054455562,-0.007263032,-0.0072762845,-0.006254847
20.512577,18.820486,-0.0035074854,-0.0037380843,-0.0045973035,-0.0060197143,-0.006320146,-0.0054091876
21.093222,18.554785,-0.003739153,-0.0049224114,-0.0067030964,-0.008815832,-0.008250436,-0.00710175
20.771547,18.527578,-0.0036701572,-0.0042673047,-0.0055236723,-0.0073343203,-0.0073469603,-0.006329757
21.415045,18.74207,-0.0038028818,-0.005544821,-0.0077837743,-0.010002881,-0.008893061,-0.0076525332
20.045763,18.710455,-0.0035948604,-0.0034287816,-0.00375275,-0.0046651135,-0.0050211395,-0.004143183
19.837915,18.307516,-0.0038622636,-0.0035757953,-0.0037034012,-0.0044378918,-0.0047487556,-0.00383663
19.63007,17.90458,-0.0041414676,-0.0038714267,-0.0038840664,-0.0044471426,-0.0045988588,-0.0036129768
20.304731,18.417547,-0.0037271292,-0.0037743128,-0.004381814,-0.0056139566,-0.0060018883,-0.005132852
20.096886,18.01461,-0.0039669657,-0.0040442715,-0.004490584,-0.0055248807,-0.0058647282,-0.0050218794
20.5637,18.124641,-0.00386037,-0.004487504,-0.0055476897,-0.007172041,-0.007236919,-0.0062739067
19.605433,18.762205,-0.0036119937,-0.0032182198,-0.0031781518,-0.0037453496,-0.00392682,-0.002852807
19.165102,18.813957,-0.0036299156,-0.0030095119,-0.002672965,-0.003023575,-0.0030032075,-0.0015134488
19.397585,18.359268,-0.0039148643,-0.003396706,-0.003186438,-0.003601898,-0.0036577422,-0.0024189933
18.53969,18.823967,-0.0037377942,-0.002605002,-0.0018400075,-0.0019795408,-0.0015487861,0.00071815593
18.14676,18.379286,-0.0041974015,-0.0026331944,-0.0015888505,-0.0014702384,-0.00024060934,0.0023188093
17.753832,17.934607,-0.004628939,-0.0022854377,-0.00092178193,-0.0004124905,0.0017635348,0.003732211
18.772173,18.369278,-0.004031494,-0.003164078,-0.002570275,-0.002708482,-0.002287061,-0.00022791133
18.379244,17.924597,-0.004442051,-0.0032099425,-0.002428575,-0.0023374616,-0.001146722,0.0013642779
19.004656,17.914587,-0.0042947573,-0.0036259932,-0.003217392,-0.0033973164,-0.0030258822,-0.0013007398
18.06188,19.00435,-0.0037437582,-0.0018701432,-0.000652723,-0.0006611009,0.00016758553,0.0026347903
17.58407,19.184736,-0.0038213665,-0.00075845345,0.0011489057,0.0013913985,0.0024807309,0.0044164355
17.668951,18.559671,-0.0042654867,-0.0016894452,-4.6538935e-05,0.00035359687,0.0020417897,0.0040553184
17.150995,18.930273,-0.0042852745,-6.051153e-05,0.0024825735,0.003313449,0.0046078097,0.005490188
16.717922,18.67581,-0.0046669226,0.0006972371,0.003602823,0.005015559,0.006056664,0.0058791707
17.235876,18.305208,-0.0046303393,-0.00088337885,0.001338445,0.0023025875,0.004188105,0.0050019263
15.987827,17.462172,-0.005070215,0.0011284273,0.0038358956,0.0058354232,0.0062985183,0.0046852273
16.576496,17.61965,-0.005078661,0.00061399734,0.003413853,0.005219267,0.006088994,0.0050696116
17.165163,17.777128,-0.0049076136,-0.0008444853,0.0013497132,0.002572394,0.0045924736,0.00487382
16.05854,17.990252,-0.0049912157,0.0011117124,0.0038563616,0.0057942746,0.0065508247,0.0052717184
16.64721,18.14773,-0.004913838,0.0004902477,0.0033187876,0.004958016,0.006041143,0.0054605855
16.129253,18.518332,-0.0048589534,0.0013559588,0.0041723694,0.005982671,0.006841032,0.0058813854
15.631876,18.34034,-0.0048165508,0.0011408672,0.0035676854,0.0054826573,0.0066107595,0.005401775
15.134499,18.16235,-0.0046386607,0.00044079183,0.0023979016,0.004254482,0.005726806,0.0045163957
15.561163,17.81226,-0.004894288,0.0008485962,0.0031966907,0.005169535,0.0061314716,0.0046537393
14.992354,17.707493,-0.004671002,-1.1236668e-05,0.0017511718,0.0035693685,0.004931787,0.0035755315
14.85021,17.252636,-0.0047114426,-0.00040414633,0.0011433997,0.002860375,0.0040191887,0.0025571925
15.419019,17.357403,-0.0049107145,0.0006455511,0.002853238,0.0048031416,0.005560175,0.0038729317
14.182165,16.650988,-0.004761726,-0.0022441635,-0.001678337,-0.00048262448,0.00077231094,-0.00028881655
13.700353,16.492554,-0.0048921155,-0.0037344045,-0.0038438933,-0.0029906624,-0.0013982947,-0.001980778
13.21854,16.334122,-0.0051420783,-0.0052278666,-0.005847054,-0.0052944054,-0.0034648061,-0.0035881274
14.08293,16.154108,-0.004970293,-0.002728688,-0.0023975978,-0.0014047457,-0.00032572448,-0.0013365389
13.601117,15.995675,-0.005173394,-0.0043569235,-0.0047105635,-0.004022103,-0.0024665128,-0.0029370445
13.983694,15.657229,-0.005213396,-0.0032430864,-0.0031072437,-0.002291324,-0.0013289927,-0.002245187
13.180627,15.44868,-0.0056664054,-0.006048109,-0.0068597617,-0.0064046527,-0.004575293,-0.004590075
13.582161,15.552955,-0.0054129357,-0.004681312,-0.00510974,-0.0044968966,-0.0030195802,-0.0034533124
13.199583,15.8914,-0.0054040425,-0.005657901,-0.0064065475,-0.005918481,-0.0040901233,-0.0041565807
15.2677555,16.146843,-0.005099413,0.00067069003,0.002841825,0.004500429,0.0041149473,0.0019269282
14.938971,16.480518,-0.004924698,-0.00021122307,0.0014392474,0.0030354052,0.0034035607,0.0015884567
14.610186,16.814192,-0.0047547435,-0.0010379349,0.00015227981,0.0016523711,0.0026532698,0.0012248794
14.839735,15.983639,-0.0050496813,-0.00043401791,0.0011043526,0.0024977108,0.0024766624,0.0005938111
14.51095,16.317314,-0.0048974156,-0.0013792785,-0.00037314548,0.00092522264,0.0016183896,0.00015809573
14.411715,15.820435,-0.0050781127,-0.0017569421,-0.0009202108,0.00017171957,0.0006013255,-0.0008333974
15.50778,16.585287,-0.0050720596,0.0010035431,0.0033987402,0.005257313,0.005136188,0.0030333516
15.747804,17.02373,-0.0050720545,0.0011447169,0.0037117214,0.0056924713,0.0058670514,0.0039591547
15.178995,16.91896,-0.0048973397,0.000277266,0.0022258563,0.00404329,0.00461288,0.0028133357
10.880597,14.438494,-0.0032479716,-0.007410964,-0.007822733,-0.008148171,-0.008603475,-0.0082434155
11.329609,14.249881,-0.0046421015,-0.008321781,-0.008934287,-0.009132852,-0.008712308,-0.00809742
11.778622,14.061268,-0.005767516,-0.008890664,-0.009669233,-0.009632394,-0.008327025,-0.0075909807
11.191443,14.8720455,-0.00444237,-0.007913249,-0.008393724,-0.008608123,-0.008706217,-0.008419938
11.640456,14.683433,-0.005441398,-0.008541634,-0.009263359,-0.009319521,-0.008519674,-0.007974189
11.502291,15.305597,-0.0051921145,-0.008098157,-0.008680238,-0.008760466,-0.00840225,-0.008099016
10.827174,14.032575,-0.0027583914,-0.007305418,-0.007761015,-0.0081323655,-0.008415471,-0.0077762087
10.773752,13.626655,-0.002231016,-0.0071317977,-0.00762301,-0.00803406,-0.008042212,-0.007035586
11.276187,13.843961,-0.0043669133,-0.008310712,-0.008918129,-0.0091376165,-0.00858326,-0.0077774
12.445602,14.916692,-0.00615927,-0.008146828,-0.009120225,-0.008863835,-0.007046202,-0.0065528457
11.973947,15.111145,-0.0058329143,-0.008395602,-0.009234103,-0.009153359,-0.007949937,-0.007438355
12.112112,14.48898,-0.0061597885,-0.008732137,-0.009620034,-0.009452092,-0.007842495,-0.007217356
13.005137,14.961228,-0.0060246866,-0.0068969484,-0.007795444,-0.0073766303,-0.0054446612,-0.005276114
12.671646,14.533516,-0.0063525396,-0.007993025,-0.008936187,-0.008561767,-0.0065334267,-0.0061075287
12.338156,14.1058035,-0.0064736917,-0.008750499,-0.009641703,-0.009324208,-0.0073464387,-0.006727451
13.231181,14.5780525,-0.0061064493,-0.006417681,-0.007128736,-0.0066169472,-0.004826369,-0.0048418487
12.89769,14.15034,-0.006473554,-0.0076439446,-0.008472484,-0.007973401,-0.005896092,-0.0056043155
13.457225,14.194877,-0.006130917,-0.0057668244,-0.0061963866,-0.0056049945,-0.004124345,-0.0043697082
13.406671,15.065504,-0.005758616,-0.0055592717,-0.0061732973,-0.00564659,-0.004034739,-0.0042520277
13.632714,14.682328,-0.0058199507,-0.004924006,-0.0052293134,-0.0046332898,-0.003400202,-0.0038612753
13.808205,15.169779,-0.00550539,-0.004065939,-0.0041849967,-0.003518144,-0.0024684712,-0.0031616807
9.822463,10.897145,0.0076123546,0.0037986212,0.0030379137,0.0017795218,0.005549375,0.0068105008
10.068562,11.120302,0.0050291545,0.00045689903,-0.00030377656,-0.001354376,0.0029349828,0.004841925
10.31466,11.34346,0.0026724888,-0.0023903386,-0.0030698383,-0.0038348127,0.00035211473,0.0029649707
9.724491,11.147534,0.0078664385,0.003937332,0.00305255,0.0015730512,0.005107876,0.0064858063
9.97059,11.370692,0.005367826,0.00061500195,-0.00025495558,-0.0015045409,0.0024199185,0.0044708927
9.626519,11.397924,0.0080744205,0.0040807533,0.0031005652,0.0014320968,0.0046719033,0.006158814
9.794488,11.688221,0.0061205514,0.0013520435,0.0003591551,-0.0011754573,0.0021448922,0.004231866
10.138558,11.660989,0.0035696232,-0.0017421772,-0.0025623005,-0.0036074715,-2.2000893e-05,0.0026136902
9.962456,11.978518,0.004343305,-0.0010377094,-0.0019665207,-0.0032665634,-0.00032729865,0.0022531175
10.245335,12.356092,0.0018790984,-0.003927274,-0.0046691652,-0.0055466224,-0.0035478377,-0.00080621406
10.421436,12.038563,0.0010852672,-0.00453983,-0.005195084,-0.005879882,-0.0032769197,-0.0003398715
10.597539,11.721034,0.00017909863,-0.0050838236,-0.005637711,-0.006116184,-0.0029263329,0.00013317034
10.704315,12.416138,-0.001016197,-0.0063932515,-0.006931743,-0.007371853,-0.0057421904,-0.0032573568
10.880418,12.098608,-0.0018823184,-0.006842881,-0.0073299785,-0.007616963,-0.005458169,-0.002780313
11.163296,12.476183,-0.003552721,-0.007954911,-0.008473149,-0.008633381,-0.0070336293,-0.0050956947
10.568644,13.098292,-0.000791391,-0.0062787514,-0.0068255425,-0.007355529,-0.006861474,-0.0051354184
10.406989,12.727192,0.0004663954,-0.005299008,-0.005927934,-0.0066021187,-0.0054673175,-0.0031445427
10.86597,12.787238,-0.0021432792,-0.0072015827,-0.00772416,-0.008085281,-0.007042221,-0.0051593576
11.071078,13.315599,-0.003382773,-0.007895914,-0.008446722,-0.008738923,-0.00810481,-0.0069040502
11.368404,13.004544,-0.0045513497,-0.008524045,-0.009129113,-0.009234707,-0.007945441,-0.0066502886
11.573513,13.532906,-0.005289671,-0.008825956,-0.009521682,-0.009558705,-0.008314036,-0.0073826257
9.859112,10.497731,0.008255928,0.004921996,0.0043675033,0.003382736,0.0070873303,0.008002911
9.735481,10.171307,0.0103109125,0.0075931693,0.007134122,0.006210945,0.009570316,0.009598968
9.611851,9.844882,0.012514577,0.010348715,0.009986258,0.009102906,0.0116226105,0.010139831
10.14186,10.321475,0.006048491,0.0025922582,0.0022425984,0.0016839558,0.0059898663,0.007103633
10.0182295,9.99505,0.008118563,0.0052143694,0.004985301,0.0044958224,0.008360483,0.008825345
10.424607,10.145219,0.0038032043,0.0005403629,0.0003781844,0.0002305571,0.0050587626,0.0063346834
10.10521,10.720888,0.00549092,0.001460863,0.000876009,3.8576425e-05,0.004488515,0.005948954
10.387959,10.544632,0.0033017749,-0.00061866996,-0.0010153992,-0.001428277,0.003569104,0.005231871
10.35131,10.944046,0.0029478597,-0.0015902052,-0.0021603527,-0.0027810044,0.0019901388,0.004157364
10.411101,9.698696,0.0051898845,0.0025678547,0.0026605611,0.0027676537,0.007144579,0.007968963
10.004723,9.548529,0.009754764,0.0072914152,0.007204417,0.00693636,0.010514114,0.00960118
9.598344,9.39836,0.014310144,0.012532231,0.012384037,0.011777316,0.011970464,0.009243137
10.397594,9.252174,0.007079863,0.004809801,0.004991947,0.0052630235,0.009465075,0.009090837
9.991216,9.102006,0.011861726,0.009660183,0.00972336,0.009712081,0.011343212,0.009032363
9.526221,8.93175,0.01688909,0.015296213,0.014861184,0.01414539,0.010714892,0.007470565
20.935188,17.769142,-0.0041665216,-0.006413651,-0.008372818,-0.010218062,-0.008994838,-0.007826165
20.468372,17.659111,-0.004104405,-0.005303455,-0.006480224,-0.008020133,-0.007764644,-0.0068017845
20.001558,17.54908,-0.0042171995,-0.0046318006,-0.0051417514,-0.006118517,-0.0062845135,-0.0054585217
20.83986,17.303612,-0.004486916,-0.0076877545,-0.00979067,-0.011313815,-0.009570451,-0.008406341
20.373045,17.19358,-0.0043708174,-0.0062515675,-0.0075515723,-0.008951763,-0.00830861,-0.007356824
21.245337,17.5545,-0.0045888694,-0.008314281,-0.01091722,-0.0124152275,-0.010056049,-0.008783018
19.426823,17.366978,-0.004487344,-0.004219155,-0.004183927,-0.004601734,-0.0045342166,-0.0034487897
19.223576,16.829378,-0.0048131794,-0.0042027384,-0.004064903,-0.0043808864,-0.0041434304,-0.0028971331
19.02033,16.291779,-0.005126234,-0.0038302445,-0.003531754,-0.0037640936,-0.0033205044,-0.0018845265
19.798311,17.01148,-0.004520919,-0.005052624,-0.005494171,-0.0063143186,-0.0063293157,-0.005511954
19.595064,16.473879,-0.0048195277,-0.005136745,-0.0054297578,-0.0061189667,-0.006055883,-0.005181074
20.169798,16.655981,-0.0046897396,-0.0068453937,-0.007993656,-0.009143751,-0.008372857,-0.0074813943
18.80141,17.376987,-0.0046778917,-0.0037373335,-0.003275752,-0.0033246202,-0.0025472187,-0.0005575344
18.175997,17.386997,-0.004828676,-0.003029415,-0.0021531363,-0.0018729173,-4.8796833e-06,0.0023699922
18.598164,16.839388,-0.00503112,-0.0033764439,-0.0027865684,-0.0027253777,-0.0015257306,0.0005969048
18.349388,16.114517,-0.0054690447,-0.0023636103,-0.0015223132,-0.001318527,0.00044783056,0.002164263
17.927221,16.662127,-0.0052714855,-0.0020077785,-0.00085223006,-0.00031833112,0.002105731,0.003584513
17.505056,17.209736,-0.0050689043,-0.0015033125,0.00012362935,0.0010570063,0.003561052,0.004347514
17.678446,15.937256,-0.0056616575,-0.0004962762,0.0010393149,0.001829941,0.00409165,0.0042036083
17.256279,16.484865,-0.005400021,1.6765072e-05,0.0020812242,0.0033478676,0.0051178997,0.0045828307
17.007504,15.759995,-0.005674501,0.0015654764,0.0040330393,0.0054329545,0.0059133763,0.00429626
16.327719,16.89478,-0.0052210744,0.0013820726,0.0042683077,0.0061908895,0.0062178294,0.0044564544
16.667612,16.327387,-0.0054077236,0.0016018501,0.0044234395,0.006126893,0.0061303396,0.0043588406
16.916388,17.052258,-0.0052053826,0.0002604758,0.0027569286,0.004373031,0.005614759,0.0047633876
15.8476715,16.017895,-0.0052975607,0.0018817454,0.004750593,0.006501204,0.005455437,0.0030010215
16.427588,15.888945,-0.005491124,0.0023037135,0.0053128386,0.0069772266,0.0061011002,0.003804866
16.087696,16.456337,-0.005262267,0.0017805162,0.004694002,0.006567048,0.006005654,0.003836348
15.272079,15.576836,-0.0052568056,0.0008474372,0.0031487488,0.0046494813,0.003581505,0.0011832111
15.276403,15.006827,-0.0054146666,0.00095424376,0.0033918119,0.0047504078,0.0030395484,0.00051164045
15.280727,14.436819,-0.0055397446,0.0009720831,0.0034954392,0.0047090356,0.0024874106,-6.5489934e-05
15.851995,15.4478855,-0.0054477043,0.0022099053,0.0052064345,0.0067928093,0.0050789164,0.0023633493
15.856319,14.877877,-0.005596022,0.0023878214,0.005477639,0.0069170357,0.0045883865,0.0017028088
16.431911,15.318936,-0.005674502,0.0027246021,0.0057650884,0.007284643,0.005878595,0.0032879794
14.844059,15.4136305,-0.0052367668,-0.00039417,0.00123245,0.0024771236,0.0018751067,-0.00013816476
14.4160385,15.250426,-0.0053002215,-0.0018375666,-0.00095075625,1.2510419e-05,1.693137e-05,-0.0014752175
14.848383,14.843622,-0.005413027,-0.00039170415,0.0013481274,0.0024692377,0.0013419217,-0.00073053804
14.240549,14.762975,-0.00551876,-0.0025745826,-0.0019311432,-0.0011293221,-0.0010678639,-0.0023269528
14.065059,14.275524,-0.0057449983,-0.0033542698,-0.0029352708,-0.00223628,-0.001969089,-0.0029741907
14.672894,14.356172,-0.0055446816,-0.0010426536,0.00044610008,0.0013802109,0.00030017688,-0.0015330822
14.281198,13.103494,-0.0057805898,-0.0024631778,-0.0016303937,-0.0010142354,-0.0014130829,-0.0026872135
14.614374,13.5479355,-0.0056583667,-0.0012859959,0.00010050267,0.00084714266,-0.00031156643,-0.0020034676
14.947551,13.992377,-0.005580395,-0.000119886994,0.0018629247,0.0028295382,0.0010031759,-0.0011414872
14.00654,13.467288,-0.0059272144,-0.0036305028,-0.003204356,-0.0025578798,-0.002290768,-0.0032130461
14.339717,13.91173,-0.005710467,-0.002317476,-0.0013846834,-0.0006469764,-0.0011083303,-0.0024687033
13.731882,13.831082,-0.006053611,-0.0047601475,-0.004780041,-0.00413872,-0.0032100338,-0.0037804293
11.724487,12.474896,-0.0057940795,-0.0089640925,-0.00958975,-0.009384319,-0.0073419856,-0.005992087
12.285679,12.473611,-0.006810359,-0.008972652,-0.009660513,-0.009103024,-0.006721808,-0.0058880043
12.84687,12.472325,-0.006815625,-0.007829266,-0.008433151,-0.007705661,-0.0054883314,-0.0051859147
11.929596,13.003259,-0.006248093,-0.009164748,-0.009885337,-0.009617816,-0.0076262816,-0.006648459
12.4907875,13.001972,-0.0068608094,-0.008792756,-0.009528067,-0.008950652,-0.006616174,-0.006000299
12.134705,13.53162,-0.0064749825,-0.009096816,-0.009901075,-0.009591608,-0.007594238,-0.00682524
13.253774,13.620693,-0.006451796,-0.0066515715,-0.0071666203,-0.0065286118,-0.00474298,-0.0047767907
12.694239,13.576157,-0.0067401323,-0.008342746,-0.00913042,-0.008581894,-0.006348925,-0.005893973
13.050322,13.046509,-0.0066875555,-0.0073567387,-0.00792251,-0.0072263693,-0.005182603,-0.0050443797
13.803088,12.893105,-0.0060712947,-0.0043290188,-0.004152512,-0.003528509,-0.0028514082,-0.0035637312
13.528431,13.256899,-0.006293212,-0.0055763274,-0.005763965,-0.005099593,-0.003800701,-0.0041551734
13.32498,12.682714,-0.00646255,-0.006222604,-0.0065518455,-0.005852285,-0.004239533,-0.004423801
10.761405,11.243695,-0.00059795886,-0.0051828744,-0.005617654,-0.0058665783,-0.0017535363,0.0012986917
10.798054,10.844281,-0.00051816134,-0.004548067,-0.004900587,-0.005020007,-0.00012588174,0.0026284077
10.8347025,10.444868,-0.00033587977,-0.0037094248,-0.0039462936,-0.0038982695,0.0015361224,0.0037951707
11.208149,11.14393,-0.0034467543,-0.0069604977,-0.0073105055,-0.0072265333,-0.0034832163,-0.0004063259
11.244798,10.744517,-0.0034558577,-0.0064291023,-0.0067180567,-0.0065310667,-0.0020001598,0.0010416596
11.654893,11.044167,-0.0054772836,-0.007878405,-0.008309692,-0.007980604,-0.0046635144,-0.0020353629
11.044283,11.621269,-0.0026670431,-0.006994865,-0.0074138474,-0.007518543,-0.004550562,-0.001596734
11.491027,11.521505,-0.0049392413,-0.00811036,-0.008559087,-0.008375429,-0.0055713817,-0.0031059075
11.327162,11.998844,-0.0042662583,-0.008123945,-0.008608227,-0.00859639,-0.006361738,-0.004128757
11.888353,11.997558,-0.006237013,-0.008890794,-0.009491263,-0.009115285,-0.0067278706,-0.005286208
12.052218,11.520219,-0.006515969,-0.008578582,-0.009171897,-0.0086682355,-0.006061432,-0.004557028
12.449545,11.996272,-0.0068701264,-0.008523718,-0.009179326,-0.008516472,-0.0060952706,-0.0053456402
10.879985,9.926911,0.00020735107,-0.0022398666,-0.002258041,-0.0019261215,0.003585562,0.0051868926
10.866478,9.480389,0.0015898596,-0.00021361739,1.5490205e-05,0.0005930942,0.0055327187,0.0067683994
10.852971,9.033866,0.0036340302,0.0021376822,0.0024930402,0.0031994507,0.00783441,0.008350134
11.3353615,9.708603,-0.0027439476,-0.004053125,-0.004111744,-0.0035241158,0.0023827145,0.0043429476
11.321856,9.262081,-0.0014272421,-0.0021429425,-0.0019845413,-0.0011348926,0.0043861764,0.0059133507
11.790739,9.490295,-0.004665771,-0.0050188894,-0.005289591,-0.0046091676,0.0013333502,0.0036065602
11.29008,10.226561,-0.0032792997,-0.005447684,-0.005643422,-0.0052923798,0.00017052457,0.0027888818
11.745457,10.008252,-0.005222383,-0.0062838793,-0.0066302978,-0.006128264,-0.0010167636,0.0017331284
11.700175,10.52621,-0.005442308,-0.007204914,-0.007593949,-0.007190907,-0.0030611868,-0.00019660026
11.772308,8.957824,-0.0031852806,-0.0029300945,-0.002953915,-0.0019410504,0.0039870115,0.0057513416
11.303425,8.7296095,0.0011016903,0.0007120338,0.001075067,0.0020843998,0.0070531364,0.007998474
10.83454,8.501395,0.0071011577,0.005255703,0.0054418715,0.006254722,0.009965837,0.008767424
11.753878,8.425353,-0.0007124995,-5.9239046e-05,0.00020611129,0.0014098857,0.0067806374,0.008047575
11.284994,8.197139,0.0047178753,0.0038883977,0.004025069,0.0050553656,0.00944758,0.0088075185
10.759564,8.004816,0.01139507,0.009132919,0.009322256,0.010129711,0.009751402,0.0075941407
20.498474,15.700367,-0.0058274507,-0.0104001,-0.011849458,-0.012365463,-0.010017324,-0.008945059
20.621504,16.269224,-0.0053520743,-0.009840534,-0.011662913,-0.012469807,-0.010160049,-0.009079675
19.92374,15.518266,-0.0055117165,-0.008142777,-0.008878964,-0.009503669,-0.008291108,-0.0072952695
20.04677,16.087124,-0.005082565,-0.0075786775,-0.008583286,-0.009483943,-0.008468772,-0.007557083
19.472034,15.905022,-0.0051165367,-0.0053090076,-0.005502247,-0.0061125434,-0.00589664,-0.004924476
21.001379,15.979633,-0.00595324,-0.011370092,-0.013563263,-0.0140458215,-0.010934396,-0.00976224
14.248992,11.91245,-0.0057153767,-0.0020541735,-0.0014335407,-0.0009910719,-0.0013566832,-0.002676223
14.2597275,12.309464,-0.005732779,-0.002230236,-0.0015318597,-0.001034478,-0.0013940127,-0.002693435
14.270462,12.706479,-0.0057614567,-0.0023723848,-0.0015994065,-0.0010430655,-0.0014195021,-0.0026998604
13.781618,12.099075,-0.0059851212,-0.0039645894,-0.0038165355,-0.0032645983,-0.0026666897,-0.003463517
13.792354,12.49609,-0.0060380916,-0.004178859,-0.004009762,-0.0034169375,-0.0027694737,-0.0035193563
13.314244,12.2857,-0.0064185737,-0.006039602,-0.0063580805,-0.0056692874,-0.004109174,-0.004332239
19.82228,14.882115,-0.0060082763,-0.00876536,-0.00915137,-0.00948655,-0.007983737,-0.0068911575
19.370575,15.268872,-0.00547387,-0.0057270383,-0.0057768524,-0.006236785,-0.0056853853,-0.0046260674
18.918869,15.655628,-0.0054235924,-0.0035673147,-0.0031669908,-0.0033690261,-0.0027360308,-0.001380573
19.269115,14.632722,-0.005847271,-0.006285829,-0.006100052,-0.006331901,-0.0053352797,-0.0043336074
18.81741,15.019478,-0.0057027666,-0.0035157548,-0.002976936,-0.0030760907,-0.0021458014,-0.0011075396
18.71595,14.3833275,-0.005936633,-0.0037627458,-0.0030411298,-0.0029560328,-0.0017770894,-0.0012766805
18.247929,15.478367,-0.0057951356,-0.0016408829,-0.0006464438,-0.00034660712,0.0015703391,0.002521559
17.576986,15.3011055,-0.0059708757,0.00040655799,0.0021331192,0.0030417389,0.004742992,0.0039764233
18.14647,14.8422165,-0.0060669943,-0.0011571868,2.9761568e-05,0.00048654125,0.0022495044,0.002254701
18.13811,14.094978,-0.006204573,-0.0014543475,-0.00011998758,0.00047514559,0.0016308258,0.0008365615
17.568626,14.553867,-0.006259759,0.00070521014,0.0025686123,0.0035576362,0.0044456925,0.002966751
16.999146,15.012756,-0.0059799654,0.0021359504,0.0046305894,0.005949431,0.0057437723,0.003635696
17.560268,13.806628,-0.0063755284,0.0004910861,0.0025283315,0.0036221566,0.0033649236,0.0013601983
16.990786,14.265517,-0.0062148613,0.0022163303,0.004790381,0.006087727,0.0049854075,0.002483194
16.982426,13.518278,-0.0063114855,0.0018787617,0.004539758,0.005832574,0.0036171663,0.00095484237
15.84796,14.130638,-0.005731432,0.002332167,0.005415444,0.0066684233,0.0037089998,0.0007931584
16.415194,13.824458,-0.0060294704,0.0027083673,0.0057361536,0.0070060194,0.0041402276,0.0012082026
16.423553,14.571697,-0.00589187,0.0029184662,0.0059802006,0.0073593897,0.005230252,0.0023662068
15.563812,12.594833,-0.0057258965,0.0013363487,0.00350178,0.004220217,0.0012757905,-0.0010764082
16.036684,12.902649,-0.005905805,0.002063174,0.0047602276,0.0057295775,0.0021795745,-0.00046775222
16.509556,13.210464,-0.006125933,0.0022997237,0.005186305,0.0063805883,0.003025145,0.00022985741
15.469451,13.208829,-0.0056710634,0.0012853655,0.0037371588,0.004629119,0.001767241,-0.00071813003
15.942323,13.516644,-0.0058279717,0.002267524,0.0052220095,0.00633469,0.0030361468,0.00020337143
15.37509,13.822824,-0.0056270044,0.001170444,0.0037650669,0.004827457,0.0021584318,-0.00040065692
14.708735,12.93394,-0.005632173,-0.0008844741,0.0005050709,0.0011315766,-0.00020536274,-0.0019627116
15.136274,12.764387,-0.005616525,0.00040913603,0.0022466062,0.0029097688,0.00072990777,-0.0013986321
15.041913,13.378382,-0.005610093,0.00014831909,0.002148312,0.002970739,0.0008756584,-0.0012784929
14.698001,12.536925,-0.0056213127,-0.0008283752,0.00041373863,0.00095071906,-0.000305863,-0.0020331582
14.687265,12.139911,-0.0056257593,-0.00074149756,0.00034909853,0.00080611923,-0.00038724364,-0.0020875428
15.125539,12.3673725,-0.0056313933,0.00039556294,0.002005396,0.0025552057,0.00047865688,-0.0015647445
12.217806,10.868284,-0.0065750675,-0.007826104,-0.008442317,-0.007875173,-0.0050481022,-0.0033529764
12.263087,10.3503275,-0.0064366404,-0.0071208854,-0.0077495854,-0.0071879113,-0.0039613973,-0.0019015766
12.30837,9.83237,-0.006173046,-0.0062741297,-0.006909504,-0.00633722,-0.0024063338,-5.0007104e-05
12.780718,10.692402,-0.0064790742,-0.006490565,-0.0071465815,-0.006524375,-0.0044421847,-0.0037668473
12.826,10.174445,-0.006298153,-0.0057402723,-0.00639597,-0.0058296113,-0.0037327008,-0.0027892257
13.343631,10.5165205,-0.0060658995,-0.004323682,-0.004627157,-0.0041361796,-0.0031732626,-0.0034032606
12.615131,11.344337,-0.0067328773,-0.007642575,-0.0082938075,-0.0076113935,-0.0053056483,-0.004619886
13.178044,11.168455,-0.006290695,-0.0056108595,-0.0060473774,-0.0054379515,-0.0039523346,-0.004073084
13.012457,11.82039,-0.0065893875,-0.006847498,-0.007366744,-0.0066547813,-0.004728306,-0.004639101
13.947205,11.44714,-0.00581911,-0.0028374745,-0.002555433,-0.0021189412,-0.0020058544,-0.003058902
13.479831,11.633765,-0.0061368644,-0.0048374264,-0.0050089215,-0.004428123,-0.003350719,-0.0038548673
13.645418,10.98183,-0.0059429933,-0.0036050421,-0.0036265831,-0.0031675696,-0.002637227,-0.0033614384
12.22422,8.107698,-0.0015186562,6.699413e-05,0.00014698856,0.0014089465,0.0070442255,0.008581275
12.712994,8.322516,-0.003721283,-0.0016701983,-0.0021901892,-0.0014703192,0.003938501,0.006164325
13.201767,8.5373335,-0.0049448092,-0.0018032889,-0.0024176668,-0.0023646837,0.00074191956,0.0027695643
12.242651,8.64017,-0.0038612098,-0.0028800499,-0.003200403,-0.002184878,0.0038588536,0.005876067
12.731424,8.854987,-0.0050930814,-0.003595212,-0.004261674,-0.0037453247,0.0006966447,0.0029088452
12.261082,9.172641,-0.0052965567,-0.004820084,-0.005364905,-0.0046650562,0.00087675336,0.003214731
12.778712,9.514716,-0.0059642494,-0.004929828,-0.0056001456,-0.0050839977,-0.0022407435,-0.00054032134
13.249055,9.1970625,-0.005720341,-0.0030763072,-0.0035013156,-0.0032442003,-0.0017029006,-0.0005889015
13.296343,9.8567915,-0.0059940754,-0.0038043582,-0.0041428925,-0.0037286228,-0.0027478302,-0.0024892413
13.170812,7.967631,-0.003657694,0.0001657983,-0.00037523822,-0.00010289758,0.004379207,0.0067566736
12.682037,7.7528133,-0.0014085587,0.0016979355,0.0017926231,0.0029010915,0.008084162,0.009737251
12.193264,7.5379963,0.0019768192,0.004241755,0.0042912764,0.005685845,0.010140903,0.010029772
13.139855,7.397928,-0.001647977,0.0034389598,0.003933085,0.0049325824,0.009289621,0.011049611
12.651082,7.183111,0.0017222143,0.0066708713,0.0074154017,0.008874656,0.0117267,0.011556763
12.164374,6.9793086,0.005846567,0.009175306,0.009553375,0.010999147,0.010926299,0.00964665
19.189304,14.003937,-0.0061754845,-0.006968445,-0.0065089427,-0.006503697,-0.0051117535,-0.0043366593
19.662659,13.624546,-0.0065850355,-0.009450008,-0.009214042,-0.009175205,-0.007170288,-0.006269259
19.74247,14.253331,-0.006402107,-0.009233247,-0.009276996,-0.009389182,-0.007588383,-0.0065202718
20.215824,13.8739395,-0.0065846676,-0.010660156,-0.011112681,-0.01114729,-0.008692661,-0.007581338
20.295635,14.502725,-0.006510315,-0.01076339,-0.011476051,-0.01160934,-0.009219601,-0.008059569
20.754383,14.146024,-0.006428239,-0.011226772,-0.012523886,-0.012639862,-0.009738511,-0.008545342
14.566586,11.573247,-0.005686206,-0.0008779722,-6.048061e-05,0.00030193687,-0.0006890635,-0.0022575045
14.264799,11.107938,-0.0057791905,-0.0015445398,-0.0010348074,-0.00070247904,-0.0012615748,-0.0025662435
13.963012,10.642628,-0.00588624,-0.002216043,-0.0019723184,-0.0016391001,-0.0018280331,-0.0028020178
14.88418,11.234045,-0.005774623,4.621558e-05,0.00097646477,0.0012433885,-0.0004135728,-0.0020462724
14.582393,10.768735,-0.005870165,-0.0005005492,0.00013773203,0.00033738694,-0.0009070332,-0.0022516998
15.201774,10.894842,-0.005789208,0.00072432595,0.0017377725,0.0018579034,-0.0005429669,-0.0020576243
15.004859,11.800709,-0.005678354,0.00018381,0.001409643,0.0018063497,7.886663e-06,-0.001844834
15.3224535,11.461506,-0.005774596,0.0008470102,0.0021619352,0.0024764733,-1.0881573e-05,-0.0018415953
15.443132,12.02817,-0.005737879,0.0010450977,0.0027489192,0.0032558083,0.0005800606,-0.0015189458
19.58595,12.979759,-0.0065326286,-0.009470275,-0.009051747,-0.008919071,-0.00688129,-0.0062147556
19.112598,13.35915,-0.0063734595,-0.0075538848,-0.006828842,-0.006621369,-0.005050442,-0.0045742155
18.639244,13.738541,-0.0060881632,-0.00440384,-0.0034884417,-0.0031787253,-0.001968002,-0.0019971444
19.03589,12.714363,-0.0063525415,-0.007906586,-0.006994732,-0.0066505177,-0.0051905196,-0.0049724444
18.562536,13.093754,-0.0061290455,-0.005135743,-0.0040241494,-0.0034970893,-0.0025008856,-0.0029016996
18.48583,12.448967,-0.006019184,-0.005756401,-0.004495497,-0.0038188784,-0.0032363057,-0.0038138628
17.48356,13.161841,-0.006301117,0.00019647695,0.002399501,0.0035884797,0.0020721992,-0.00013275146
17.984695,12.805404,-0.0060286145,-0.0024938004,-0.0008762755,7.623829e-05,-0.0003595625,-0.0018445052
18.061401,13.4501915,-0.006195205,-0.0018574367,-0.0003537518,0.00043578082,0.00082304043,-0.00049368665
17.949434,12.184073,-0.0057320874,-0.0033672536,-0.0017354984,-0.00072355283,-0.0017032693,-0.0030534298
17.448301,12.54051,-0.0060371775,-0.00043019728,0.0017800117,0.002971065,0.0005470684,-0.0014950429
16.947166,12.896948,-0.006248361,0.0014596705,0.0041312263,0.0053701084,0.002186373,-0.0003499
17.41304,11.919179,-0.005583558,-0.0011814765,0.00093484326,0.00204981,-0.0008933038,-0.002613774
16.911907,12.275617,-0.006013381,0.0009517095,0.0035198275,0.004610626,0.0007246123,-0.0014783313
16.876646,11.654285,-0.0055389716,0.00038711206,0.002764954,0.003622704,-0.0005719629,-0.0023643419
16.001423,12.281318,-0.00590063,0.0017410228,0.004056635,0.0048034284,0.0011446008,-0.0011956462
16.439035,11.967801,-0.0059051192,0.001480265,0.0039036728,0.0046892148,0.00047358483,-0.0016503327
16.474295,12.589132,-0.006082775,0.00188178,0.0045729317,0.005606475,0.0017125469,-0.0008022165
15.880744,11.714654,-0.0058243866,0.001476744,0.0033785582,0.0038604282,0.00029657772,-0.0017144047
15.760064,11.14799,-0.0056621195,0.0012958379,0.0028295899,0.0030343598,-0.00040632815,-0.002070532
16.318356,11.401137,-0.0055739097,0.0012368923,0.0033477372,0.0038112872,-0.00042410864,-0.002181705
13.820582,8.733366,-0.0055744066,-0.0009640758,-0.0013692109,-0.0017828222,-0.0011218636,-5.54844e-05
14.439398,8.929399,-0.005193442,0.00010754794,1.4326647e-05,-0.0007016978,-0.0015990632,-0.0012546568
15.058212,9.125431,-0.00420194,0.00091086345,0.0012222101,0.00039469154,-0.0017180084,-0.0018577294
13.86787,9.393095,-0.0059944154,-0.0015754225,-0.0016094799,-0.0016370688,-0.0018106647,-0.0017344503
14.486686,9.589128,-0.0058390116,-0.00019101024,7.626586e-05,-0.00021495312,-0.0015652834,-0.001970283
13.915158,10.052824,-0.00599623,-0.001958791,-0.0018051453,-0.00158064,-0.0018814878,-0.0025077385
15.15392,10.305038,-0.005610664,0.000766173,0.0015671127,0.0014190308,-0.0010647023,-0.002174315
14.534539,10.178931,-0.0059683784,-0.00036419093,0.000115047245,0.00012637518,-0.0012474152,-0.0022062685
15.106067,9.715235,-0.0050756447,0.0008314638,0.0014100823,0.0009175904,-0.0015065308,-0.002141764
14.392287,7.4143662,-0.0020457578,0.0017952455,0.0015612033,0.0012362882,0.002466116,0.0041925604
13.995447,7.7886887,-0.0036165589,0.00090794265,0.0002643647,-0.0002454366,0.0018129954,0.0038338024
13.598607,8.163011,-0.0046732957,-0.0002572666,-0.0009827156,-0.0013679443,0.0012605328,0.0033495903
13.964491,7.218986,-0.0019763138,0.0026610948,0.00282909,0.0030970788,0.0058935545,0.008146861
13.567651,7.5933084,-0.0032103318,0.0015678379,0.0012170819,0.0013864869,0.005174141,0.0076082908
13.5366955,7.023606,-0.0010426447,0.004902748,0.006209703,0.007247292,0.010607698,0.012297814
14.614263,7.984721,-0.0029452145,0.001074412,0.0007050565,-0.00016330287,-0.0002698107,0.0007961062
14.836238,8.555077,-0.0036179053,0.000896323,0.0008227442,-0.00016484126,-0.0014280067,-0.0009959027
14.2174225,8.359043,-0.004577321,0.00022928431,-0.00028664872,-0.0011268024,-0.0007723758,0.00040757513
13.511635,6.492283,0.0017911621,0.010151557,0.012959625,0.014272179,0.014952695,0.01498909
13.9143715,6.15634,0.0025674794,0.010538816,0.014162611,0.015638921,0.015687143,0.015828708
13.939431,6.687663,0.00011763655,0.0058783786,0.007846739,0.008779902,0.011063989,0.012674212
14.342168,6.3517203,0.0012434231,0.0063464264,0.008863122,0.009764691,0.011083142,0.012499435
14.367228,6.8830433,-0.0005547415,0.0033720399,0.00403108,0.0043867216,0.00611239,0.008021075
13.542026,5.960127,0.0043993443,0.013682204,0.015929542,0.017887525,0.016775403,0.015624286
18.962,12.074099,-0.006103752,-0.008030659,-0.0070382245,-0.0066251177,-0.0055148844,-0.0054603005
19.438171,11.69923,-0.0058941175,-0.00907386,-0.008571507,-0.008375916,-0.00689029,-0.006585192
19.512062,12.339495,-0.006282023,-0.00933015,-0.008829362,-0.008649333,-0.0067925723,-0.0063379044
19.988234,11.964626,-0.0059494125,-0.009726016,-0.009857217,-0.00981242,-0.0076038865,-0.007077172
20.062122,12.604891,-0.0062626414,-0.0100952415,-0.010267555,-0.010227871,-0.0078120823,-0.0070735817
20.54106,12.230293,-0.00589517,-0.010066177,-0.010911313,-0.010971226,-0.0082545765,-0.007445042
16.683226,9.948105,-0.0035393257,-0.0008268629,0.0007491937,0.00089822174,-0.002779864,-0.0036068845
16.7477,10.516832,-0.0042237598,-0.0004820198,0.0014116475,0.0017583885,-0.0022315048,-0.0033473365
16.812172,11.085559,-0.0049233795,-6.14503e-05,0.002096758,0.0026918072,-0.001502163,-0.002939632
16.189407,10.263684,-0.004245748,0.0006913476,0.002264998,0.0021174676,-0.0017793839,-0.0028234296
16.253881,10.832411,-0.00500309,0.0009614947,0.0028004188,0.002945757,-0.0011847862,-0.002575192
15.695591,10.579263,-0.005269255,0.0011923187,0.002462944,0.0023706227,-0.001023812,-0.0023136456
15.6477375,9.989459,-0.004535643,0.0010965641,0.0021350684,0.0017160543,-0.001551681,-0.0024376116
15.599884,9.399655,-0.0036227899,0.000987255,0.0017802599,0.0010892268,-0.0018888633,-0.002380242
16.141554,9.673881,-0.003408038,0.00039238803,0.0016813417,0.0013205145,-0.002236887,-0.0029465884
19.37276,11.072372,-0.0054263677,-0.008750229,-0.008320665,-0.008135913,-0.007134096,-0.006901007
18.89659,11.447241,-0.0056819986,-0.007978903,-0.007009523,-0.006588233,-0.005962072,-0.005969802
18.420418,11.822109,-0.0057446975,-0.0061836867,-0.004867383,-0.0041426714,-0.0040455814,-0.004632258
18.831179,10.820383,-0.0051426995,-0.0077758934,-0.0069154054,-0.0065331245,-0.0064548766,-0.0064491117
18.355007,11.195251,-0.0053006797,-0.006367145,-0.005096312,-0.0044111283,-0.0048198556,-0.0053249504
18.289597,10.568393,-0.0047237123,-0.006338428,-0.005215964,-0.004642976,-0.005516671,-0.0058887415
17.34763,11.292321,-0.005002332,-0.0018114962,0.00015741207,0.0011193573,-0.0020620092,-0.003440997
17.818613,10.930357,-0.004818748,-0.004378651,-0.0028855312,-0.0020237057,-0.003788122,-0.0046938527
17.884024,11.557215,-0.0053257807,-0.003978314,-0.0023708837,-0.001385174,-0.0028332842,-0.0039790384
17.218683,10.154868,-0.0038383072,-0.0025665676,-0.0010734159,-0.00049181684,-0.0035571433,-0.004381476
17.75414,10.36163,-0.0042721536,-0.004522541,-0.0032212716,-0.0025300104,-0.00448515,-0.0051758997
17.283155,10.723595,-0.0044293827,-0.002262261,-0.00049373106,0.00028400228,-0.0029011064,-0.0039893766
16.505432,8.588375,-0.0019674965,-0.0010898876,-0.00049659907,-0.00053010107,-0.0032255007,-0.003460294
16.564697,9.041618,-0.00249441,-0.001084475,-0.0001359725,-0.00016424165,-0.0032296372,-0.00364959
16.62396,9.494862,-0.0030162865,-0.0009962909,0.00028402478,0.0003184007,-0.0030721652,-0.0036889184
16.023026,8.767394,-0.0022687223,0.00014967307,0.00089827017,0.00043454475,-0.0024044,-0.0026545203
16.08229,9.220637,-0.0028260308,0.00024385758,0.0012724058,0.00081623526,-0.0024086912,-0.0028804452
15.540619,8.946412,-0.0029619979,0.00092415407,0.0014977911,0.0006916997,-0.0019304635,-0.0021332724
15.761372,7.538143,-0.0007911317,0.0004584953,0.00058328366,0.0005069045,-0.0009828514,-0.0006529319
15.526985,8.067239,-0.0016520737,0.00080979953,0.0010467237,0.0004655031,-0.0013560749,-0.0011182319
15.292599,8.596335,-0.002768104,0.0010221665,0.0012875613,0.00038206368,-0.0016570314,-0.001549147
15.305011,7.4968843,-0.0009835346,0.0011783234,0.0012642405,0.0009674415,6.0403345e-06,0.00063894334
15.070624,8.02598,-0.0021535277,0.0011645064,0.001125739,0.0003193252,-0.0008120337,-0.00023439378
14.848649,7.4556255,-0.0014282919,0.0016005703,0.0015155866,0.0010992591,0.0010305222,0.002134274
16.257412,8.238298,-0.0015583492,-0.00054250954,-0.0001496932,-0.0002715081,-0.0026681495,-0.0027461469
15.775005,8.417316,-0.0019493769,0.00049708894,0.00097468676,0.00040884866,-0.001975028,-0.0020012658
16.009392,7.888221,-0.0011692841,-3.46981e-05,0.00019000069,5.039938e-05,-0.0019385116,-0.0018321334
15.494682,6.3079267,0.0008448601,0.0019289711,0.00255626,0.0032372111,0.003313341,0.0042931666
15.127217,6.6767397,0.00032433696,0.002285912,0.0028307796,0.0032176387,0.0033905029,0.0045535443
14.759752,7.045553,-0.0006488045,0.0022741656,0.0025025916,0.0025196117,0.0030807664,0.004497669
15.102158,6.1454167,0.0013289052,0.0037344259,0.005343177,0.0060864617,0.0066863094,0.0079595065
14.734693,6.5142303,0.0006457833,0.0038165336,0.004999759,0.0055520637,0.0065656886,0.008136917
14.709633,5.9829073,0.0019954657,0.0065024137,0.009781214,0.010827593,0.011352757,0.012442419
15.672476,7.128071,-0.00028137997,0.0007324668,0.000828743,0.0010116826,2.0200536e-05,0.0005557322
15.216114,7.086812,-0.00037366152,0.0015670615,0.0017619873,0.0018019483,0.0013992626,0.002293515
15.583579,6.717999,0.000256541,0.0011780136,0.0014012596,0.0018555275,0.0013889408,0.0021490448
15.458166,5.898481,0.0014535565,0.0029782886,0.0044992967,0.005321169,0.0057386514,0.006781505
15.065641,5.735971,0.002127898,0.0056148823,0.009024968,0.01008734,0.010317862,0.011252586
14.673116,5.5734615,0.0029693467,0.009050328,0.014118953,0.015990535,0.015236289,0.0153876385
15.42165,5.489035,0.0020935347,0.004596074,0.007951424,0.008984733,0.009073431,0.009806868
15.029124,5.326525,0.002906298,0.007859612,0.013302012,0.015220297,0.014224359,0.01430395
14.742238,5.136812,0.0036509696,0.010443804,0.016256884,0.018940305,0.017435227,0.01673163
18.758755,10.188165,-0.004533004,-0.0074413377,-0.006765838,-0.0064662625,-0.006937066,-0.006860503
19.227913,9.807938,-0.004338599,-0.0078899,-0.00777275,-0.0076820897,-0.007814384,-0.0075193793
19.300337,10.440155,-0.0048985006,-0.008349815,-0.008047708,-0.007895037,-0.0074564368,-0.0072258585
19.769495,10.059927,-0.004662454,-0.008434685,-0.008758026,-0.008767005,-0.007880199,-0.0076306476
19.841919,10.692144,-0.0051357113,-0.00889685,-0.00910748,-0.009085063,-0.0076728477,-0.0074052983
20.321531,10.312527,-0.0048634727,-0.008770548,-0.009604159,-0.009687371,-0.0077932533,-0.007514238
19.130726,9.1765585,-0.0037600899,-0.00735009,-0.007447999,-0.007455425,-0.0081432,-0.007726559
18.66157,9.556787,-0.0038899696,-0.006970877,-0.0065412642,-0.0063698413,-0.0073356456,-0.007150417
18.192411,9.937015,-0.004052608,-0.006052776,-0.0051672123,-0.0047563426,-0.0060453387,-0.0062753903
18.564383,8.925408,-0.0032513107,-0.0064268177,-0.0063195527,-0.00633726,-0.0076531377,-0.0073159845
18.095226,9.305636,-0.003358065,-0.0056503047,-0.00510685,-0.0049096714,-0.0064550424,-0.0065149576
17.99804,8.674258,-0.0026819324,-0.005154857,-0.005048828,-0.005095088,-0.006710415,-0.0065787374
17.121496,9.523489,-0.0031409161,-0.0026257122,-0.0015201877,-0.0011487578,-0.004028607,-0.004592167
17.559769,9.098874,-0.0028658502,-0.004132181,-0.0035666341,-0.0033208758,-0.0053902543,-0.0056421864
17.656954,9.730252,-0.0035828298,-0.0044018226,-0.0034110409,-0.0029395646,-0.0050307326,-0.0055017043
17.002968,8.6170025,-0.002110718,-0.0024862105,-0.0021035986,-0.0019365604,-0.004332487,-0.00454585
17.500504,8.64563,-0.002366868,-0.0038930834,-0.0036938332,-0.0035990023,-0.005541638,-0.005631953
17.062233,9.070246,-0.0026255078,-0.0025970917,-0.0018350057,-0.0015822039,-0.00424834,-0.0046333238
17.048016,7.6490703,-0.0011804602,-0.0024596897,-0.002981882,-0.002924105,-0.0044734627,-0.004312485
17.36469,7.9907994,-0.0016645525,-0.0033415866,-0.0036945248,-0.0037459475,-0.0053967685,-0.005274689
17.681364,8.332529,-0.002167937,-0.004250201,-0.0043711644,-0.004459618,-0.0061342497,-0.00602224
16.867155,7.962172,-0.0013817196,-0.0020836457,-0.0022303858,-0.002105514,-0.004039668,-0.004023886
17.183828,8.303901,-0.0018628011,-0.0029666645,-0.0029636282,-0.0028683727,-0.0048690266,-0.0049225693
16.686293,8.275273,-0.0016449993,-0.0016269393,-0.0013893605,-0.0012951774,-0.0036221147,-0.0037367893
16.438272,7.925196,-0.0012138851,-0.0010084384,-0.0009275414,-0.00085220544,-0.0029207747,-0.002903928
16.190252,7.575119,-0.0008001326,-0.00042381926,-0.0004386066,-0.0003221813,-0.0020312045,-0.00185688
16.619135,7.6120944,-0.000943889,-0.0014207072,-0.00169423,-0.0015113874,-0.0032153553,-0.003093151
15.937877,6.3756,0.00051900605,0.00061618595,0.0005945451,0.0012820261,0.00096476707,0.001654642
16.38107,6.4432735,0.00016859687,-0.0005113262,-0.0011362163,-0.00056186155,-0.0010489142,-0.0005185434
16.824263,6.510947,-0.00020925775,-0.0015465228,-0.002673368,-0.0023988574,-0.0029009061,-0.0023977254
16.026773,6.785672,6.29393e-05,0.00013237886,-3.2927393e-05,0.00046522514,-0.0003574747,0.00014563934
16.469967,6.853346,-0.00020520463,-0.0008921783,-0.0014946104,-0.0010751694,-0.0020164787,-0.0016327373
16.11567,7.1957445,-0.00038330376,-0.00020426034,-0.0003455384,-5.6157856e-05,-0.0013497053,-0.0010236747
16.97343,7.2696958,-0.0008250302,-0.0021637408,-0.0029446257,-0.0028499358,-0.004082388,-0.00380309
16.54455,7.2327204,-0.00056335377,-0.0011719036,-0.0016454045,-0.0013603537,-0.0026931805,-0.0024409734
16.898848,6.8903213,-0.000501388,-0.0018618054,-0.0028495246,-0.0026768832,-0.003561114,-0.0031678723
16.287933,5.484116,0.0009595512,0.0006651858,0.00085599243,0.0014857209,0.0020667952,0.0027551681
16.023516,5.7587194,0.0010419544,0.001121782,0.0015104024,0.002290379,0.0026314384,0.003419075
15.7591,6.033323,0.0010139131,0.0015534541,0.0021054645,0.0028978547,0.003060115,0.0039398926
15.987,5.3492737,0.0014893743,0.0021554441,0.0037985463,0.004535345,0.005002828,0.0056494586
15.722583,5.6238775,0.001531582,0.0025887939,0.0041985796,0.0050300085,0.0054493193,0.0063074203
15.686067,5.214432,0.002088365,0.004166013,0.007836905,0.008894286,0.008742073,0.009154159
16.46671,5.826393,0.00051049667,-0.00029812366,-0.0009532563,-0.0003628266,-0.000112160444,0.00056260615
16.645487,6.16867,0.00013459586,-0.0009798236,-0.0019952457,-0.001538872,-0.0016813264,-0.0010905403
16.202293,6.1009965,0.0005716637,0.0001670301,-0.00015330761,0.0005618914,0.0004936748,0.0011681034
16.258272,5.1555996,0.0012735357,0.0014642141,0.002749344,0.0032951785,0.003894961,0.004378697
15.957338,5.0207577,0.0018832922,0.003362194,0.006773563,0.007688923,0.007545796,0.0077352673
15.656405,4.8859153,0.002545135,0.005687167,0.011197456,0.013007152,0.011699203,0.011375145
16.228611,4.8270836,0.0016240067,0.0025774732,0.0056424136,0.0063506905,0.0062485365,0.0061973105
15.927677,4.692241,0.0022881571,0.004762307,0.010049153,0.0117378365,0.010326687,0.009724792
15.707241,4.5359063,0.0028434396,0.0066265957,0.013028139,0.015662337,0.0135140745,0.012366769
19.656572,8.829868,-0.0036950093,-0.007436305,-0.008097511,-0.008237965,-0.008399534,-0.007984159
19.090229,8.578717,-0.0032485472,-0.0068430426,-0.007214838,-0.0073671015,-0.008435806,-0.007857416
18.523886,8.327567,-0.0027096684,-0.005940618,-0.006209678,-0.006453718,-0.007922031,-0.0073893387
19.616074,8.232027,-0.0032433749,-0.0069125355,-0.00776077,-0.008003605,-0.008624122,-0.008054046
19.04973,7.9808764,-0.002776113,-0.00630708,-0.0069600856,-0.007290708,-0.008641734,-0.007871171
20.123144,8.43871,-0.0035556562,-0.0072646253,-0.0083979145,-0.008621393,-0.008226072,-0.007904612
18.18736,6.9039664,-0.001518936,-0.0043826257,-0.0056558126,-0.0063895746,-0.007463366,-0.0065395776
18.650099,7.1473727,-0.0019921816,-0.0051980275,-0.006250285,-0.006918762,-0.00835561,-0.007337049
19.112839,7.390779,-0.0024350663,-0.005863505,-0.006831648,-0.0073306714,-0.008796747,-0.007823561
18.124252,7.4940634,-0.0018046172,-0.0046736575,-0.0055060224,-0.0060548894,-0.007378001,-0.006708999
18.586992,7.73747,-0.0023058755,-0.005577026,-0.0062455116,-0.0067171734,-0.008213268,-0.0074353446
18.061146,8.084161,-0.0021996577,-0.0049503334,-0.005322867,-0.00563276,-0.007127208,-0.0067252424
17.427797,7.4007025,-0.0012250878,-0.0032340824,-0.0041140737,-0.0043358966,-0.005534725,-0.005164427
17.807579,7.152334,-0.0013467722,-0.003877979,-0.004996244,-0.005523937,-0.006565537,-0.0059276973
17.744473,7.7424316,-0.001705441,-0.004093681,-0.004730618,-0.00505979,-0.0064358264,-0.0060570915
17.353212,7.021328,-0.0009160101,-0.0028969722,-0.0040547675,-0.00426756,-0.005171314,-0.00469345
17.27863,6.6419535,-0.0006468511,-0.002569803,-0.0039655715,-0.0041289325,-0.004691428,-0.0041145994
17.732994,6.7729597,-0.0010866177,-0.0035252857,-0.004938019,-0.0054869633,-0.006230165,-0.0054937573
17.736452,5.937874,-0.00082928746,-0.0031327181,-0.005073971,-0.005719964,-0.00566359,-0.0046869474
17.886755,6.259905,-0.0010363022,-0.003531943,-0.005311017,-0.0060273064,-0.0063932524,-0.005414567
18.037058,6.5819354,-0.0012637264,-0.00394801,-0.005487467,-0.0062379404,-0.006988578,-0.0060291113
17.432388,6.128898,-0.0005844064,-0.00264934,-0.004409482,-0.004751763,-0.0047968654,-0.0040104715
17.582691,6.450929,-0.0008254169,-0.0030817133,-0.004708076,-0.005171244,-0.0055819494,-0.004815316
17.128326,6.3199224,-0.0003712289,-0.0021168864,-0.0036027844,-0.0036149735,-0.0038565623,-0.0032328183
17.131416,5.458971,-8.121177e-05,-0.0017076151,-0.0032418263,-0.0033543198,-0.0026072187,-0.00185262
17.029032,5.80963,-8.276567e-05,-0.0016673751,-0.0031790428,-0.0031094505,-0.0027748896,-0.0020637473
16.926647,6.1602883,-0.0001187104,-0.0016124939,-0.0029727095,-0.0027738966,-0.0028622139,-0.0022438746
16.850254,5.467353,0.00025598347,-0.0010141191,-0.0021201102,-0.0019303762,-0.0012178809,-0.000529629
16.747871,5.8180113,0.00021424174,-0.0010132982,-0.002146918,-0.0017855956,-0.0014941798,-0.00082649395
16.569094,5.475734,0.0006042198,-0.00023089483,-0.0007636073,-0.0003180784,0.0003328547,0.001000446
17.534773,5.7782397,-0.0006016527,-0.0027020096,-0.0046251267,-0.0051091816,-0.004788505,-0.0038865106
17.230711,5.969264,-0.00034193127,-0.0021761279,-0.0038674343,-0.0040057283,-0.0038516135,-0.0031089913
17.333094,5.618605,-0.00035536705,-0.0022352056,-0.0040329737,-0.0043321727,-0.0037809866,-0.0029526567
16.8937,4.7359443,0.0006050918,-0.00012760922,0.00020217277,2.9707327e-05,0.0010154435,0.0012135772
16.691776,4.985335,0.0007437351,0.000113256574,0.00031198366,0.00044142836,0.0013882738,0.001800064
16.489855,5.2347255,0.00086890644,0.0003818769,0.0005376004,0.00094812585,0.0017411166,0.002315795
16.662115,4.6568184,0.0010379864,0.0010002952,0.0027001742,0.0028349597,0.003265009,0.0031605405
16.460194,4.906209,0.0011672786,0.0012269422,0.0026922484,0.0030284142,0.003614319,0.0038336504
16.430532,4.577693,0.0015020492,0.0023383696,0.0056794304,0.006370631,0.0058941017,0.0054156035
17.052177,5.2179623,0.00010736689,-0.0013298886,-0.0025398575,-0.0026479661,-0.0016548525,-0.00097512436
16.771015,5.2263436,0.000479765,-0.0005373071,-0.0011644113,-0.0009899151,-6.88237e-05,0.00054039084
16.972939,4.976953,0.00033418662,-0.00082244637,-0.001458015,-0.0015999235,-0.00046918957,4.3254047e-05
16.862455,4.5021906,0.0008305434,0.0005439686,0.0020210613,0.0019258885,0.0023630376,0.0021228574
16.630873,4.423065,0.0012856104,0.0018039034,0.004853591,0.0053676907,0.0048517324,0.004191549
16.39929,4.3439393,0.0017623211,0.00321646,0.007768566,0.009150077,0.007589864,0.006484868
16.831213,4.2684374,0.0010719716,0.0012922133,0.0039944216,0.004323056,0.0037848335,0.003003357
16.59963,4.1893115,0.0015332594,0.0025961688,0.006689827,0.007907868,0.0063374657,0.00509013
16.434433,4.078442,0.0019087064,0.0036867904,0.008612785,0.010627708,0.008396265,0.0067485445
19.51978,6.6808,-0.0023165927,-0.005520131,-0.0069606053,-0.0075409175,-0.008852264,-0.007740849
19.547678,7.1574926,-0.0025454771,-0.005943766,-0.007163269,-0.0076313107,-0.008857907,-0.007925942
19.057041,6.4373937,-0.0019835264,-0.005060424,-0.0065696286,-0.007345398,-0.008677558,-0.0073626633
19.08494,6.9140863,-0.0021749062,-0.005448648,-0.006669057,-0.0073087527,-0.008787452,-0.0076404894
18.6222,6.67068,-0.0017611064,-0.0048171883,-0.0061965506,-0.0070035676,-0.008241357,-0.0070590638
19.968695,6.7895665,-0.0025326675,-0.0057544406,-0.007318773,-0.0077766217,-0.008593963,-0.007775433
18.596548,5.69798,-0.0015422441,-0.004224682,-0.0062090196,-0.0072552287,-0.00766741,-0.0062331613
18.89499,5.866689,-0.0017664282,-0.0045671826,-0.00642505,-0.0073994654,-0.008246022,-0.0067739887
19.193436,6.035398,-0.001968882,-0.004861313,-0.006612475,-0.007463027,-0.008606293,-0.0071826726
18.460152,6.0999756,-0.001487738,-0.004275309,-0.0060775257,-0.0070205834,-0.007703273,-0.0064007733
18.758596,6.2686844,-0.0017431832,-0.0046933684,-0.006331712,-0.0072205383,-0.008295769,-0.0069498625
18.323755,6.501971,-0.001473761,-0.0043304074,-0.005881572,-0.0067269905,-0.007631731,-0.0065049734
18.02315,5.857909,-0.001083276,-0.0035702747,-0.0055668866,-0.0064213444,-0.00646673,-0.0053214063
18.309849,5.7779446,-0.0013236708,-0.0039374586,-0.005940169,-0.006925885,-0.007138442,-0.0058334833
18.173452,6.17994,-0.0012676493,-0.003939584,-0.0057439925,-0.0066122646,-0.0071143997,-0.0059634717
17.950888,5.197413,-0.00093018246,-0.003211927,-0.005257452,-0.0062061287,-0.005465529,-0.0043448927
18.166107,5.3642683,-0.0011593071,-0.0035928667,-0.005694857,-0.006721332,-0.006340616,-0.0050811623
18.381329,5.531124,-0.0013603865,-0.0039248858,-0.0059961826,-0.0070564505,-0.00706989,-0.005704598
17.87941,5.444233,-0.00089697255,-0.0031901884,-0.0052588666,-0.006100572,-0.0055756,-0.004471653
18.09463,5.6110888,-0.0011200939,-0.0035811728,-0.0056570875,-0.006594954,-0.006424827,-0.0052086962
17.80793,5.6910534,-0.0008592834,-0.0031602234,-0.005192606,-0.0059328587,-0.0056405757,-0.0045876433
17.606253,5.5314193,-0.0006305713,-0.0027409792,-0.0047138105,-0.005310097,-0.004733566,-0.0037763512
17.404573,5.371785,-0.0003752242,-0.0022689768,-0.0040611625,-0.0044931388,-0.00367489,-0.002822064
17.67773,5.284599,-0.0006610824,-0.0027739024,-0.004732332,-0.005450757,-0.0046323407,-0.0036526578
17.471249,4.7794833,-0.00024525358,-0.0019629996,-0.0032657962,-0.0039822017,-0.0026794868,-0.0020464263
17.357971,5.005979,-0.00020139873,-0.0019173701,-0.0033643448,-0.0038743406,-0.0026942682,-0.001976561
17.244694,5.2324753,-0.00014304757,-0.0018259569,-0.003350687,-0.0036567755,-0.0026702494,-0.001913826
17.278732,4.7649703,2.045296e-05,-0.0014318208,-0.002336722,-0.0028854941,-0.0016017739,-0.0011131833
17.165455,4.991466,5.8462174e-05,-0.0014040242,-0.0025035082,-0.0028291612,-0.0016468944,-0.0010362178
17.086216,4.7504573,0.0003041201,-0.0008231461,-0.0011916276,-0.0015604113,-0.00037607626,-3.1794607e-05
17.631128,4.918793,-0.0005047904,-0.0024654279,-0.0041510053,-0.0049444777,-0.0037602442,-0.0029284453
17.791008,5.058103,-0.0007317159,-0.002872365,-0.0047893827,-0.005663639,-0.004677072,-0.0036864816
17.51785,5.145289,-0.00044591023,-0.0023837935,-0.0041504987,-0.004763043,-0.0037378722,-0.0028762282
17.351923,4.2259502,0.00028975442,-0.00063651876,-0.0001380989,-0.0008447814,-0.0001433827,-0.00032769472
17.199183,4.3959484,0.0003831122,-0.00049581693,-2.9577464e-05,-0.0005939445,0.00024517038,0.00016205758
17.04644,4.565946,0.00048969395,-0.00032439159,7.329084e-05,-0.00030878544,0.0006356795,0.0006858851
17.167938,4.1621947,0.0006163643,0.00016393424,0.0016622639,0.001373412,0.0014457792,0.00090256234
17.015198,4.332193,0.00071886985,0.00034635997,0.0018741839,0.0016619456,0.0019143793,0.0014984854
16.983955,4.098439,0.0009578556,0.0010492903,0.003600488,0.0039104633,0.0032024584,0.0022782504
17.431473,4.594972,-8.889794e-05,-0.0016047115,-0.0024733557,-0.0032434498,-0.0019364111,-0.0015132506
17.238956,4.580459,0.00019115374,-0.0010084866,-0.0013272198,-0.0019214546,-0.00073522644,-0.0004944715
17.391699,4.4104614,9.114318e-05,-0.0011578074,-0.0014182304,-0.0022147046,-0.0010882306,-0.00094013574
17.256845,3.8923662,0.0006993383,0.0004396698,0.0022499366,0.0023112171,0.0018468833,0.0009695122
17.304384,4.0591583,0.000494908,-9.303719e-05,0.0011441329,0.00072963093,0.00084817916,0.0003175544
17.072863,3.828611,0.001023634,0.0012476048,0.0038596136,0.0045958697,0.0034779788,0.0022312028
17.120401,3.9954028,0.00082410424,0.0007306181,0.002925015,0.003105876,0.0024949675,0.0015830183
16.936417,3.9316473,0.0011628993,0.0016106692,0.004691984,0.0055714934,0.004247324,0.0029608386
16.954882,3.7265782,0.0012734693,0.0018669101,0.004916329,0.0062237806,0.004716777,0.003176059
18.871696,5.4919605,-0.0017128729,-0.004355499,-0.006359412,-0.0074509596,-0.007922455,-0.00639707
19.146847,5.285941,-0.0018461021,-0.0043881712,-0.0064039314,-0.0075120223,-0.008034555,-0.0064859646
19.170141,5.66067,-0.0019014765,-0.0046096533,-0.006535251,-0.0075117312,-0.008363858,-0.006851684
19.445292,5.4546504,-0.0019992278,-0.004559461,-0.0065577077,-0.0075245933,-0.008333888,-0.0068540843
19.468586,5.8293786,-0.0020640017,-0.0048227157,-0.0066977125,-0.0075290166,-0.008583409,-0.0071811997
19.813742,5.5006332,-0.0021174892,-0.004597134,-0.006663918,-0.0074942308,-0.008304488,-0.007010539
18.642685,4.758744,-0.0014311741,-0.0038191443,-0.0058198534,-0.0071183387,-0.0067012124,-0.0053395974
18.902454,4.8658032,-0.0016364636,-0.00405418,-0.0060710544,-0.007340244,-0.007304051,-0.005826132
19.162226,4.9728627,-0.0018020712,-0.004212784,-0.006233992,-0.007433499,-0.0077386457,-0.0062137665
18.627306,5.0718226,-0.0014975785,-0.0039843405,-0.0060445983,-0.007263492,-0.0070726248,-0.0056313123
18.887075,5.1788816,-0.001687886,-0.004215923,-0.0062566157,-0.0074423337,-0.0076338258,-0.0061061387
18.611927,5.384901,-0.0015263618,-0.004104991,-0.0061679846,-0.0073001343,-0.007399163,-0.00593624
18.181486,5.05119,-0.0011245124,-0.0034891325,-0.0055396236,-0.00665046,-0.0059623504,-0.0047410596
18.412086,4.904967,-0.0012934309,-0.0036955029,-0.0057248496,-0.0069513815,-0.0063728285,-0.005069134
18.396708,5.218045,-0.0013408546,-0.0038231367,-0.005914051,-0.007057056,-0.006752089,-0.005387375
17.66013,4.6430664,-0.0004137233,-0.0022490667,-0.0036319708,-0.0045637325,-0.0032455337,-0.0025878483
17.620354,4.458555,-0.00025163338,-0.0018836458,-0.0028630067,-0.0038489436,-0.0025458806,-0.0021068966
17.58058,4.2740445,-6.6576526e-05,-0.0014355521,-0.0018628367,-0.0028669506,-0.0017489104,-0.0015806536
17.84901,4.5066495,-0.00056313677,-0.0024810836,-0.003930431,-0.0050491355,-0.0037630438,-0.003068797
17.809235,4.322139,-0.0003935869,-0.0021032193,-0.0031924986,-0.0043682535,-0.0031012183,-0.0026244866
18.037891,4.3702326,-0.0006897801,-0.00264885,-0.004165115,-0.005442695,-0.0042279256,-0.0034853339
18.441086,4.62924,-0.0012221497,-0.0035301887,-0.0054698186,-0.0067752064,-0.00603752,-0.0048317183
18.210487,4.775463,-0.0010735302,-0.0033676464,-0.005310632,-0.006507721,-0.0056174058,-0.004480125
17.979889,4.921686,-0.0008936687,-0.003119837,-0.0050552315,-0.006097383,-0.005118068,-0.0040614903
18.239489,4.4997363,-0.0009755881,-0.0031479448,-0.0049484693,-0.006245443,-0.0052254056,-0.0042238696
18.00889,4.6459594,-0.00081663864,-0.0029475105,-0.0047055786,-0.005854245,-0.0047075646,-0.0037798965
17.82001,4.7823763,-0.000670163,-0.002732761,-0.004463324,-0.005450159,-0.004259211,-0.0033801782
17.370321,3.728873,0.00066266174,0.0003670006,0.001910668,0.0020804957,0.0016516063,0.00069839985
17.531334,3.7321715,0.00044242226,-0.00013400347,0.000828916,0.00059223943,0.0005966356,-0.000114696624
17.41786,3.895665,0.00046538227,-0.00011520386,0.0010483472,0.00069732306,0.00069814356,6.829046e-05
17.578873,3.8989637,0.00024287037,-0.00061701075,-6.551281e-05,-0.0007723713,-0.00035668715,-0.00074270385
17.465397,4.062457,0.0002612176,-0.0006350647,-5.3608717e-05,-0.00079322874,-0.00027054295,-0.0005648187
17.694054,4.110551,-8.517146e-05,-0.0014012516,-0.0017335512,-0.0028381068,-0.0018344866,-0.0017490475
17.807528,3.9470577,-8.9836714e-05,-0.0013341228,-0.0016428529,-0.0027910096,-0.0018634443,-0.0018552803
17.922709,4.158645,-0.00040430308,-0.0020465876,-0.0030673337,-0.0043717986,-0.0031668853,-0.002746427
17.416197,3.5577784,0.00072252867,0.00049781275,0.0019261879,0.0024011643,0.0019408294,0.00082762796
19.286812,4.60135,-0.001746911,-0.003949525,-0.0059585255,-0.007211539,-0.0074768527,-0.0060373247
19.354404,4.840636,-0.0018532308,-0.004146736,-0.0061709858,-0.007353417,-0.007754115,-0.006270274
19.027042,4.4942904,-0.0015726467,-0.0038007356,-0.0057881554,-0.007127532,-0.007062084,-0.005672876
19.094633,4.7335763,-0.0017048843,-0.004033266,-0.006035139,-0.007307232,-0.0074142707,-0.005942262
18.834864,4.6265173,-0.0015152828,-0.003844096,-0.0058276914,-0.007158392,-0.0069043636,-0.0055194483
19.566044,4.582934,-0.0018387355,-0.0039056104,-0.0059598093,-0.007120465,-0.0076227933,-0.0062400685
19.053751,4.2491107,-0.001449161,-0.0035072672,-0.0055272174,-0.0069445632,-0.006815439,-0.0055021495
18.861572,4.3813376,-0.0014128153,-0.0036028207,-0.005572785,-0.006970108,-0.0066428063,-0.00534409
18.669394,4.513564,-0.001349598,-0.0036285066,-0.0055790655,-0.006942535,-0.006422566,-0.0051503666
18.888283,4.136158,-0.001268819,-0.0032616847,-0.0052676005,-0.0067789997,-0.0063351174,-0.0051290654
18.696104,4.2683845,-0.0012264167,-0.0033413302,-0.005269197,-0.006724885,-0.0061175264,-0.00494834
18.467796,4.3840604,-0.0011167597,-0.0032891773,-0.0051496895,-0.006542366,-0.0057124076,-0.0046219225
18.2662,4.2545567,-0.0008454531,-0.0028393574,-0.004494418,-0.005908243,-0.004821798,-0.0039708978
18.494507,4.1388807,-0.0009697941,-0.002937736,-0.004732266,-0.006252355,-0.0053172032,-0.0043614674
18.16873,3.9350014,-0.0004884033,-0.0020635528,-0.0032627785,-0.0047574486,-0.0035480196,-0.003101886
18.10331,4.152617,-0.0006014739,-0.0023913728,-0.0037385833,-0.0051451586,-0.003947063,-0.0033380003
18.053547,3.723414,-0.00017720401,-0.0013856296,-0.0020595854,-0.0032671941,-0.0022028617,-0.0021934374
17.988129,3.9410295,-0.00029732584,-0.0017299445,-0.0025278865,-0.003877477,-0.002756111,-0.0025204683
17.872948,3.7294421,2.0308942e-05,-0.0010164817,-0.0011802963,-0.0021148499,-0.0013381823,-0.0015632574
18.397038,3.8193254,-0.00060928124,-0.0021684023,-0.0036908274,-0.005314337,-0.0040378715,-0.0034800333
18.559925,3.9212651,-0.0008452268,-0.002588287,-0.004383817,-0.0060430937,-0.004953354,-0.0041209473
18.331617,4.036941,-0.0007389441,-0.0025356233,-0.0041055507,-0.0056507434,-0.0045129317,-0.0037838686
17.96623,3.5358236,7.97604e-05,-0.0008244269,-0.0010925613,-0.0017432563,-0.0009854772,-0.0013787715
19.131296,4.0261364,-0.0013319908,-0.003172946,-0.0052971635,-0.0068332087,-0.006610402,-0.00535743
18.561043,3.6822255,-0.00062660634,-0.0020692723,-0.0038042045,-0.0054716025,-0.0040742545,-0.003530761
