x,y,pred_e_120,pred_e_1216,pred_e_1230,pred_e_1243,pred_e_1263,pred_e_1271
1.8311099,38.687588,0.000102282764,4.23944e-05,-0.0002747041,-0.00033696782,-0.0007444595,-0.00074149476
2.074575,38.61109,-9.664625e-05,-0.00028822196,-0.0005852009,-0.0006152835,-0.0010874184,-0.0011006861
2.3180404,38.53459,-0.0002561426,-0.0005837529,-0.0008755859,-0.0008758808,-0.0013893184,-0.0014231072
2.5615056,38.458096,-0.00037541855,-0.00083800306,-0.0011370421,-0.0011133672,-0.0016488439,-0.0017057149
1.993373,38.8901,-9.8677636e-05,-0.00024896502,-0.0004954262,-0.00052199507,-0.001106876,-0.0011448712
2.2464602,38.80496,-0.0002634617,-0.00055401074,-0.00079739344,-0.0007905951,-0.001417935,-0.0014746069
2.4995472,38.719814,-0.0003854873,-0.00081878866,-0.0010723956,-0.0010374449,-0.0016855765,-0.0017637471
2.17488,39.07532,-0.0002608392,-0.00050922344,-0.000709301,-0.00069779204,-0.0014427094,-0.0015226909
2.4375892,38.981537,-0.00038734626,-0.0007827514,-0.0009947912,-0.0009524064,-0.0017180191,-0.0018175482
2.3756309,39.24326,-0.0003828337,-0.0007345035,-0.000907656,-0.0008612113,-0.0017473861,-0.0018677467
1.4549216,37.968254,0.0007362729,0.0009971393,0.0003859568,0.00026986087,0.00046826963,0.00057642977
1.7320184,37.959023,0.0004490365,0.00051711925,-2.1497965e-05,-0.00011652833,-9.864807e-05,-6.3871144e-06
2.0091152,37.949795,0.00017830664,6.987649e-05,-0.0004111495,-0.0004807682,-0.0006037442,-0.0005352355
2.286212,37.940563,-6.116837e-05,-0.00032978714,-0.0007701547,-0.0008140268,-0.0010423568,-0.0010052096
1.5621117,38.218517,0.00055112666,0.0006878475,0.00016952664,6.091094e-05,5.483067e-05,0.0001320861
1.8483115,38.204044,0.00024713457,0.00020776868,-0.0002369678,-0.00031571664,-0.00048353194,-0.00042630493
2.1345112,38.18957,-1.975268e-05,-0.00022611844,-0.00061991357,-0.00066510186,-0.00095284736,-0.00092411647
1.6875077,38.458294,0.00032986462,0.00036146372,-5.1477193e-05,-0.00014232082,-0.00035251534,-0.00031023752
1.9828106,38.43858,3.476262e-05,-9.951162e-05,-0.000452317,-0.00050476624,-0.0008531648,-0.0008358209
6.447986,38.965843,-0.00042552172,-0.00051311706,-0.00053148565,-0.0012718586,-0.0027194177,-0.0028788594
6.6878014,39.15118,-0.00038612008,-0.0006023833,-0.00073036324,-0.0014129797,-0.0029771638,-0.003060339
6.9276166,39.336517,-0.00035575413,-0.0007213386,-0.0010223878,-0.0016486594,-0.0032397304,-0.003255096
7.167432,39.521854,-0.00034066488,-0.0008600197,-0.0013630899,-0.0019874547,-0.0035071801,-0.003462902
6.282333,39.28026,-0.0005034374,-0.00043946123,-0.00034141386,-0.001185706,-0.0027617498,-0.0029027967
6.5301204,39.48429,-0.0004474088,-0.0005038533,-0.0005385232,-0.0013248717,-0.0030242347,-0.0030843834
6.777908,39.68832,-0.00039987813,-0.0006088798,-0.00084471225,-0.001567324,-0.0032939052,-0.0032826352
6.116679,39.59467,-0.0005846319,-0.00038036538,-0.0001582836,-0.0010990218,-0.002794015,-0.0029198432
6.372439,39.817398,-0.0005114597,-0.0004149015,-0.00034930813,-0.001236884,-0.0030593935,-0.0031005912
5.951026,39.909084,-0.0006680577,-0.00033695804,1.2976944e-05,-0.0010125521,-0.0028161784,-0.0029303674
7.1331334,38.76385,-0.00028994668,-0.00088928686,-0.0012571217,-0.0017390894,-0.0030957537,-0.0031684465
7.450928,38.849033,-0.00028876495,-0.0010951185,-0.0016650736,-0.0021290847,-0.0033765612,-0.0033922528
7.768723,38.934216,-0.00031680954,-0.0012998065,-0.002065906,-0.0026133715,-0.003673418,-0.003632792
8.086518,39.019398,-0.00037186156,-0.0014943625,-0.0024315773,-0.0031426176,-0.004004002,-0.0038954492
7.144566,39.01652,-0.00031001924,-0.00087962975,-0.0012853263,-0.0018079146,-0.0032380733,-0.0032695755
7.462616,39.10311,-0.00030887735,-0.0010848131,-0.0017074646,-0.0022393838,-0.0035222382,-0.0034982185
7.7806654,39.189705,-0.0003386898,-0.001290167,-0.002113288,-0.0027548275,-0.0038273039,-0.003746089
7.1559987,39.269188,-0.0003268473,-0.00086949195,-0.0013207278,-0.0018907205,-0.0033750376,-0.0033674778
7.4743032,39.357193,-0.0003266115,-0.0010759046,-0.0017545315,-0.0023619055,-0.003664,-0.0036021043
8.828586,38.68565,-0.00051927555,-0.0019253072,-0.003050695,-0.0040364796,-0.0046125147,-0.004347277
8.578567,38.79061,-0.00046189237,-0.0017901028,-0.0028649431,-0.0037487913,-0.0043752836,-0.0041795922
8.33121,38.90186,-0.00041211426,-0.001646514,-0.0026592098,-0.0034500447,-0.004174665,-0.0040302733
8.630538,38.502308,-0.0004438609,-0.0018371886,-0.0028736368,-0.0036566963,-0.004224925,-0.0040713754
8.381851,38.610413,-0.00039408766,-0.0016959254,-0.0026707062,-0.0033632545,-0.0040314896,-0.0039279526
8.135827,38.724808,-0.0003536663,-0.001545216,-0.0024455918,-0.0030616298,-0.00386733,-0.003798479
8.432491,38.318966,-0.00037428783,-0.0017491244,-0.0026860791,-0.0032804927,-0.0038816938,-0.0038207488
8.185135,38.430214,-0.00033338415,-0.0015994328,-0.002462959,-0.0029846726,-0.0037238197,-0.0036965637
8.234444,38.135624,-0.00031117833,-0.0016557887,-0.002481562,-0.0029112338,-0.0035735683,-0.0035892748
8.861869,37.984898,-0.00044492184,-0.0019964995,-0.0030032205,-0.0036807656,-0.004094357,-0.003974731
9.05914,38.085526,-0.00051352073,-0.0020754023,-0.0031486822,-0.0039868974,-0.004425801,-0.004205891
9.256412,38.186153,-0.0005853764,-0.0021531554,-0.003284948,-0.004288949,-0.0047977054,-0.004462212
9.453683,38.28678,-0.0006598944,-0.0022328987,-0.003417441,-0.0045837536,-0.0052086893,-0.004747271
8.850775,38.218483,-0.00047040833,-0.0019691463,-0.0030153466,-0.0037947856,-0.0042684167,-0.0041001346
9.053646,38.328793,-0.00054239406,-0.002054179,-0.0031687412,-0.004120855,-0.004627745,-0.004350591
9.256516,38.439106,-0.00061801984,-0.0021401672,-0.0033156152,-0.004441347,-0.0050309235,-0.0046294453
8.83968,38.452065,-0.0004952046,-0.0019451786,-0.003030696,-0.003913304,-0.00444122,-0.0042242864
9.048151,38.57206,-0.0005706775,-0.0020379582,-0.0031945256,-0.0042597367,-0.0048289336,-0.0044947
3.2379718,39.719036,-0.00071215176,-0.001222912,-0.0012799915,-0.0011929675,-0.0024303012,-0.0026566968
2.9353228,39.58808,-0.00059584604,-0.0011218347,-0.0012432422,-0.0011500181,-0.0022995314,-0.0024976358
2.6478758,39.42949,-0.00049528945,-0.000960405,-0.0011123192,-0.0010337736,-0.0020680195,-0.002232119
3.2805686,39.388187,-0.0006557869,-0.001273585,-0.0014104525,-0.001316532,-0.0023820114,-0.0026009688
2.9855206,39.243416,-0.0005677011,-0.0011794158,-0.0013645474,-0.0012702831,-0.0022453752,-0.002427154
2.7056746,39.071003,-0.00048778643,-0.0010163679,-0.0012232405,-0.0011492398,-0.00200775,-0.0021466636
3.3231654,39.057343,-0.00060533884,-0.001319336,-0.0015293804,-0.001432264,-0.0023279048,-0.0025349301
3.0357187,38.89875,-0.00054474734,-0.001225675,-0.0014693827,-0.0013803912,-0.0021854397,-0.0023466377
3.3657625,38.726494,-0.00056388666,-0.0013557249,-0.0016291188,-0.0015349878,-0.002266726,-0.002457695
4.1614065,38.9873,-0.0007257838,-0.001265463,-0.0013500563,-0.0013544913,-0.0022473626,-0.00256966
4.279971,39.32223,-0.00086252496,-0.0011771778,-0.0010723518,-0.0011801039,-0.0022794846,-0.002611395
4.3985353,39.657166,-0.0009840298,-0.0010850414,-0.0007654803,-0.001009539,-0.0023175331,-0.0026440301
4.5171,39.992096,-0.0010752396,-0.0009861371,-0.00045068847,-0.00085773383,-0.0023659114,-0.0026735454
3.8535948,39.231213,-0.00074936845,-0.0013163568,-0.0013864492,-0.0013456537,-0.00235144,-0.002634386
3.9660122,39.58669,-0.0008909651,-0.0012518209,-0.0011377197,-0.0011671344,-0.002380195,-0.002676733
4.0784297,39.942165,-0.0010245971,-0.0011825108,-0.0008551391,-0.00098353,-0.0024039813,-0.0027015992
3.5457833,39.475124,-0.00074518344,-0.0013036593,-0.0013679379,-0.0012963697,-0.0024184817,-0.0026682615
3.6520536,39.851143,-0.00088454876,-0.00126076,-0.0011578659,-0.001129244,-0.0024597473,-0.0027235479
5.477366,39.97626,-0.0008580059,-0.00043366037,0.00013637489,-0.00087037275,-0.0025793763,-0.0027820715
4.999391,40.003933,-0.0010117858,-0.00068972504,-5.0993265e-05,-0.0008157686,-0.0024188056,-0.002693558
5.7606454,39.515438,-0.0007041651,-0.00040475582,-5.593288e-05,-0.0010011245,-0.0025526905,-0.0027652755
5.284828,39.562862,-0.00086378003,-0.0005800681,-0.0001391496,-0.0009346343,-0.0023694749,-0.0026588594
4.804695,39.570778,-0.0009562614,-0.0008655112,-0.00046879362,-0.0009558963,-0.0022848912,-0.0026175247
5.5702653,39.12179,-0.00070322084,-0.0005033623,-0.00028550578,-0.0010498075,-0.0023080306,-0.0026141072
5.09229,39.14946,-0.0008115954,-0.0007397298,-0.0005267681,-0.0010517053,-0.0021940856,-0.0025514937
5.379885,38.728146,-0.00065063976,-0.00063353195,-0.0006297283,-0.0011387753,-0.0020937934,-0.0024750475
1.1737292,36.94111,0.00096627197,0.001585364,0.0011193897,0.0010606858,0.0019690064,0.0021761728
1.4947075,37.00582,0.0007681754,0.0011703531,0.0006276617,0.00054932036,0.0011809941,0.0013705408
1.8156857,37.070534,0.0005534737,0.0007315876,0.00013451921,4.219681e-05,0.00041883037,0.00058385683
2.1366642,37.135246,0.0003186965,0.00028630198,-0.00033270085,-0.00042947876,-0.00026389956,-0.00013415194
1.2398866,37.29027,0.00097115245,0.001538666,0.00092075067,0.0008241763,0.0015208822,0.0016964454
1.5746516,37.351593,0.00071215857,0.0010178342,0.0003934766,0.0002956475,0.0007075235,0.0008638404
1.9094166,37.412914,0.0004307038,0.000483309,-0.00012166279,-0.0002126249,-4.2801737e-05,8.559483e-05
1.3336174,37.632652,0.00090165774,0.0013372881,0.0006676974,0.0005538866,0.0010126599,0.001156265
1.6821691,37.690586,0.00056981086,0.0007255367,0.00012306898,2.3748338e-05,0.00020242453,0.0003233878
9.326107,37.456306,-0.00050918804,-0.0022459913,-0.0032677741,-0.00395712,-0.0042196433,-0.0040424955
9.599195,37.529343,-0.00060100923,-0.002338428,-0.0034237485,-0.0043028006,-0.0046849404,-0.0043594246
9.872282,37.60238,-0.00069521985,-0.0024293233,-0.003568157,-0.0046356698,-0.0052066864,-0.0047253454
10.14537,37.67542,-0.000791151,-0.0025243768,-0.0037107335,-0.004947762,-0.0057635736,-0.0051421854
9.368632,37.73313,-0.00055934594,-0.0022345108,-0.003311811,-0.004159355,-0.0045398143,-0.0042704777
9.642258,37.805965,-0.00065302465,-0.0023329195,-0.0034691787,-0.004509945,-0.005038233,-0.0046133026
9.915883,37.8788,-0.00074917986,-0.0024336982,-0.003621344,-0.0048411526,-0.005585531,-0.0050071077
9.411158,38.009956,-0.0006095575,-0.0022292156,-0.0033600726,-0.0043687895,-0.004870181,-0.004505376
9.685321,38.082584,-0.0007052747,-0.002336655,-0.0035240378,-0.004720402,-0.0053984737,-0.004874882
11.564095,36.468864,-0.0010056384,-0.0029615217,-0.0041491133,-0.005421724,-0.006507501,-0.005917192
11.494565,36.253357,-0.0009451822,-0.0029310742,-0.004087465,-0.0052603763,-0.0061327848,-0.00557318
11.4250345,36.03785,-0.00088563643,-0.002906003,-0.0040304814,-0.0050846753,-0.00574893,-0.0052312952
11.355504,35.822342,-0.0008267945,-0.0028832231,-0.0039729625,-0.004896159,-0.005362077,-0.004895715
11.735493,36.345623,-0.0010285586,-0.0030017432,-0.0041943407,-0.0054722605,-0.0065657706,-0.005998446
11.667287,36.13195,-0.0009678112,-0.0029685744,-0.004131241,-0.005314882,-0.0061976737,-0.0056582354
11.599081,35.918278,-0.00090797484,-0.0029403218,-0.004072244,-0.005142166,-0.005819971,-0.0053187762
11.909539,36.22605,-0.0010514081,-0.0030405107,-0.004239335,-0.005523197,-0.0066191214,-0.006075345
11.842658,36.014214,-0.0009902982,-0.0030044145,-0.004174524,-0.005369573,-0.0062575736,-0.0057402677
12.086235,36.11015,-0.0010741977,-0.0030779706,-0.0042842333,-0.0055745714,-0.006667488,-0.0061468156
2.1219835,35.912125,0.00038944435,0.00042359708,9.600204e-05,2.8814196e-05,0.0006813461,0.000937887
1.8058988,36.25512,0.0005341882,0.00071943214,0.00038836373,0.00035162256,0.0010945702,0.0013419475
1.4898139,36.598114,0.00072554627,0.0011138181,0.0007433609,0.00070958136,0.0015331862,0.0017616
1.7350696,35.79215,0.00049576204,0.0006312134,0.0005266977,0.0005716176,0.0015685637,0.0018833184
1.4223251,36.134678,0.00067586184,0.0010183733,0.00090113794,0.00095451943,0.0020376025,0.0023213006
1.1095805,36.47721,0.00090131623,0.0014868238,0.0012945823,0.001319121,0.00247683,0.0027288904
1.3481557,35.672176,0.0006144537,0.0008820213,0.0010004294,0.0011592951,0.0024868378,0.0028314032
1.0387514,36.01424,0.00082350057,0.0013280554,0.0014109026,0.0015437241,0.0029330954,0.0032335306
0.9612417,35.5522,0.0007536402,0.0011735432,0.001485795,0.00173097,0.0033233895,0.0036713462
9.966084,36.761005,-0.00059900177,-0.0025253028,-0.0035488834,-0.0042508603,-0.0044280854,-0.004142316
10.282975,36.847897,-0.00070548034,-0.0026072492,-0.003691969,-0.0046035913,-0.005027588,-0.0045755655
10.599866,36.934788,-0.000812709,-0.0026923572,-0.0038291484,-0.004939221,-0.005658059,-0.005072526
10.916758,37.021683,-0.0009209334,-0.0027880531,-0.0039722803,-0.0052442127,-0.006277967,-0.005616251
10.025846,37.065807,-0.00066252926,-0.0025173493,-0.0035975953,-0.0044817463,-0.004862354,-0.004461733
10.344675,37.155262,-0.0007720102,-0.0026081027,-0.003743958,-0.004837475,-0.005499173,-0.0049388134
10.663505,37.24472,-0.0008827381,-0.0027082877,-0.0038941174,-0.005163012,-0.0061444845,-0.0054752757
10.085608,37.370613,-0.0007265068,-0.0025151514,-0.0036486029,-0.004715758,-0.005310186,-0.004795548
10.406375,37.46263,-0.0008393526,-0.0026204095,-0.0038072139,-0.005065122,-0.005971613,-0.005314813
10.833222,36.774853,-0.00085418246,-0.0027621875,-0.0039054647,-0.00504515,-0.005836195,-0.0052344133
10.749686,36.528023,-0.00078852236,-0.0027454242,-0.0038473425,-0.004834047,-0.0053882655,-0.004863022
10.666151,36.281197,-0.0007237047,-0.0027333684,-0.003790738,-0.0046154135,-0.00494378,-0.0045064804
11.128115,36.831535,-0.0009494566,-0.0028492436,-0.004032417,-0.005302934,-0.0063621844,-0.0057183593
11.04679,36.587643,-0.00088283396,-0.002821622,-0.003966135,-0.0051112887,-0.005928642,-0.005334094
10.965466,36.34375,-0.0008173089,-0.0028021277,-0.003907335,-0.004905749,-0.00548693,-0.0049577733
11.343894,36.647263,-0.0009777233,-0.0029070515,-0.004091336,-0.0053621,-0.0064390353,-0.005819624
11.26478,36.406307,-0.0009111067,-0.0028769155,-0.004024698,-0.0051770853,-0.0060147117,-0.0054359655
12.52616,35.69359,-0.0010946782,-0.0031413913,-0.004357479,-0.0056260643,-0.0065607023,-0.0061110407
12.388285,35.843197,-0.0010940911,-0.003126855,-0.0043408917,-0.0056218468,-0.006629017,-0.006154534
12.241643,35.98205,-0.001087239,-0.0031056304,-0.004316417,-0.0056045717,-0.006664901,-0.006167038
12.307179,35.604115,-0.0010203338,-0.0030749526,-0.0042581772,-0.0054418193,-0.0062170574,-0.0057793465
12.164921,35.748344,-0.0010167648,-0.0030582934,-0.004238737,-0.005433323,-0.006265403,-0.0057996353
12.013896,35.88182,-0.0010070598,-0.0030353428,-0.004211514,-0.005409939,-0.0062795626,-0.0057879216
12.0882,35.51464,-0.0009474312,-0.0030150714,-0.004162954,-0.0052389544,-0.0058544544,-0.0054308143
11.941558,35.653492,-0.00094098673,-0.0029973178,-0.0041419338,-0.005224986,-0.005880228,-0.005427829
11.869219,35.425167,-0.00087569084,-0.0029601105,-0.004068971,-0.005020138,-0.005476612,-0.005071831
2.0759482,34.463024,0.00023347842,5.878329e-05,0.00015067207,0.00023831516,0.001357946,0.0018478611
1.7043794,34.82608,0.00036026712,0.00032129794,0.00051135337,0.00069886196,0.002059466,0.002524157
1.3328105,35.18914,0.0005328133,0.0006980383,0.0009802498,0.0012309765,0.002739835,0.0031495704
1.6320688,34.238457,0.00031928814,0.00022417736,0.00052168034,0.0007833711,0.0023109978,0.0028606267
1.2548895,34.602432,0.00047934707,0.0005741555,0.0010064995,0.0013618479,0.0030629276,0.003547475
0.8777102,34.966408,0.0006818969,0.0010113486,0.0015277468,0.0019001146,0.0036840753,0.0040910947
1.1881893,34.013893,0.00045260074,0.00050776685,0.0010282205,0.001466278,0.0032689266,0.0038101044
0.8053996,34.378784,0.0006377076,0.00090764544,0.0015500796,0.0020319202,0.00392746,0.004389486
0.74430984,33.789326,0.00062016206,0.0008570781,0.0015736952,0.0021511437,0.0040847436,0.0045761233
13.059776,35.122444,-0.0010833808,-0.0031706705,-0.0044004493,-0.005615918,-0.006229353,-0.005882596
12.878378,35.308624,-0.0010880015,-0.0031643473,-0.004388172,-0.0056208805,-0.0063435803,-0.0059616184
12.700506,35.499004,-0.0010917753,-0.0031546005,-0.0043737674,-0.0056241415,-0.006454331,-0.006038053
12.815469,35.037327,-0.0010069344,-0.0030983353,-0.004288944,-0.005405769,-0.0058978633,-0.0055798115
12.635834,35.22561,-0.0010115143,-0.0030936345,-0.0042803492,-0.0054179733,-0.0060060117,-0.0056461967
12.459724,35.41809,-0.0010151371,-0.003084736,-0.0042684595,-0.0054276646,-0.0061106286,-0.0057101077
12.571161,34.95221,-0.00093198265,-0.0030307646,-0.004177716,-0.0051757293,-0.0055516497,-0.005258164
12.39329,35.14259,-0.0009364816,-0.003028429,-0.004174173,-0.005195236,-0.0056512086,-0.005310998
12.326854,34.867092,-0.00085827685,-0.0029663406,-0.0040647276,-0.0049314774,-0.0051941476,-0.004921581
2.166426,32.728203,0.00015327132,-0.00012848074,5.698544e-05,0.0001818859,0.001113473,0.0016444735
1.6923873,33.081913,0.00026449494,8.783996e-05,0.0004196917,0.00071236707,0.0021710922,0.0027725406
1.2183486,33.43562,0.00042022622,0.00042601998,0.0009613148,0.0014359616,0.0032279638,0.0037951274
1.6512784,32.432735,0.00030231284,0.00014910573,0.00054107077,0.0009005128,0.0022415207,0.0028027762
1.1706712,32.78705,0.00044449494,0.00045842584,0.0010439942,0.0015865427,0.0033097004,0.003858656
0.6900641,33.141365,0.00062658876,0.0008485674,0.001614862,0.002283135,0.0041766474,0.004664685
1.1361307,32.137264,0.00049002195,0.00052942696,0.0011688076,0.0017705144,0.003294983,0.0038357878
0.6489551,32.492188,0.0006533919,0.00087459973,0.0016778389,0.0024192897,0.0041617067,0.0046448642
0.62098294,31.841797,0.0006938299,0.0009217676,0.0017478687,0.0025162247,0.0040332433,0.0045286156
12.921279,34.1687,-0.00081036653,-0.0028948726,-0.003964734,-0.00471437,-0.004751981,-0.004679602
13.2176,34.242,-0.00088782003,-0.0029787498,-0.00411667,-0.0050028632,-0.005078612,-0.00497779
13.513921,34.3153,-0.0009667876,-0.003064704,-0.004265637,-0.00528376,-0.0054001883,-0.0052589662
13.810242,34.3886,-0.0010475329,-0.0031541772,-0.0044114087,-0.0055460013,-0.0057134954,-0.005522408
12.967444,34.486618,-0.00090136955,-0.0030014701,-0.004140772,-0.005059529,-0.0052307523,-0.005061747
13.263388,34.55922,-0.0009814865,-0.0030825667,-0.004279598,-0.005330755,-0.005569369,-0.005366648
13.559331,34.631824,-0.0010632506,-0.0031678819,-0.004416455,-0.0055816164,-0.0058953017,-0.005649659
13.01361,34.80453,-0.0009923229,-0.0030911022,-0.0042827027,-0.0053633237,-0.0057286117,-0.005465876
13.3091755,34.87644,-0.001075339,-0.0031734786,-0.0044126636,-0.0056046518,-0.006069054,-0.005771354
13.591622,33.38472,-0.0007254876,-0.0027072898,-0.0037007947,-0.004298937,-0.004212089,-0.004368666
13.933412,33.445305,-0.00080316816,-0.0028139567,-0.0039000835,-0.0046250857,-0.0044943546,-0.004613128
14.275202,33.50589,-0.0008833915,-0.0029249946,-0.0041028727,-0.0049618487,-0.0047838287,-0.0048498777
14.616991,33.56648,-0.00096678437,-0.0030414367,-0.004304334,-0.0052930764,-0.005078112,-0.005080214
13.664495,33.719345,-0.00083038566,-0.0028767395,-0.003981996,-0.0047578067,-0.004675527,-0.0047234753
14.007419,33.781197,-0.00091216184,-0.0029805799,-0.0041696625,-0.0050838226,-0.004980579,-0.004979587
14.350342,33.843044,-0.0009965227,-0.003089023,-0.0043546814,-0.005398432,-0.005285051,-0.005223273
13.737369,34.053974,-0.00093809137,-0.0030250154,-0.0042192983,-0.0051832325,-0.0051815715,-0.005110834
14.081426,34.117085,-0.0010240903,-0.0031270662,-0.0043905224,-0.005483247,-0.0054998137,-0.005372736
14.400628,32.71706,-0.000693449,-0.002552765,-0.0035016742,-0.0040300903,-0.003946154,-0.004239562
14.700843,32.77092,-0.00076243747,-0.0026668152,-0.0037141442,-0.004344072,-0.0041765296,-0.0044248425
15.001058,32.824783,-0.00083514355,-0.0027885956,-0.0039362265,-0.00467681,-0.0044210274,-0.0046147685
15.301272,32.878647,-0.0009123323,-0.002918292,-0.004162081,-0.005016648,-0.004678298,-0.004809598
14.472749,33.0002,-0.0007791283,-0.0027250575,-0.0037950058,-0.00446554,-0.0042903386,-0.0044977423
14.771416,33.052834,-0.0008499688,-0.0028371953,-0.0039999345,-0.004782716,-0.004533808,-0.004688794
15.070083,33.10547,-0.00092447386,-0.0029556765,-0.0042064833,-0.0051024924,-0.004786982,-0.0048817396
14.54487,33.283337,-0.00087065814,-0.0028893328,-0.0040667634,-0.0048959013,-0.004669694,-0.004779009
14.8419895,33.334747,-0.0009433751,-0.002997939,-0.004255472,-0.0051967776,-0.0049211145,-0.004972597
2.199348,30.855951,0.00033766116,0.0001914559,0.0005848983,0.00083906075,0.00096958946,0.0013471375
1.6732264,31.184566,0.00041923914,0.00035024513,0.0008609745,0.001272437,0.0020312578,0.00257654
1.1471046,31.513182,0.0005372955,0.0006007982,0.0012725997,0.0018731119,0.0031243186,0.0036838092
1.670961,30.533825,0.00050908735,0.00050387444,0.0010296571,0.0013622923,0.0018754987,0.0024593691
1.1384655,30.86253,0.0006053305,0.00070453197,0.0013719066,0.001901751,0.0029241706,0.0035232152
0.60597,31.191233,0.0007407515,0.0009721601,0.0017730423,0.00249239,0.0038198,0.0043444596
1.142574,30.211699,0.00067053974,0.0007752825,0.0013436648,0.0017512016,0.0026636843,0.0033232092
0.6037047,30.540491,0.00078438263,0.000991457,0.0016810253,0.0023003635,0.0035490484,0.0041228198
0.6141869,29.889572,0.00080745737,0.0009260479,0.0014294948,0.001952231,0.0032393679,0.0038830657
15.138894,32.214714,-0.00072684884,-0.0025082885,-0.0034665412,-0.003984745,-0.0039060153,-0.0042438945
15.37001,32.272934,-0.0007890068,-0.0026250614,-0.0036773053,-0.0042792717,-0.004107892,-0.0044003003
15.601127,32.331158,-0.0008548282,-0.0027489867,-0.0038960376,-0.004588959,-0.0043223733,-0.004563561
15.832242,32.38938,-0.000924764,-0.0028795523,-0.0041178535,-0.004905955,-0.004548418,-0.0047332216
15.19302,32.436024,-0.0007831129,-0.0026456127,-0.0037065258,-0.0043270015,-0.004144339,-0.004420259
15.42317,32.4934,-0.00084660493,-0.0027619873,-0.0039133634,-0.004625041,-0.0043544276,-0.004580335
15.65332,32.550777,-0.00091375934,-0.0028841863,-0.0041223513,-0.004928637,-0.004574942,-0.0047458466
15.247147,32.657333,-0.0008451332,-0.0027833185,-0.003941382,-0.004675809,-0.0044023218,-0.004609163
15.47633,32.713863,-0.00090995146,-0.002897699,-0.0041379156,-0.0049664904,-0.004618465,-0.004771545
15.649534,31.891598,-0.00079453626,-0.0025484816,-0.003542507,-0.0040754094,-0.003974757,-0.0043158387
15.833046,31.91312,-0.0008459115,-0.0026439924,-0.003709647,-0.0043010903,-0.0041265865,-0.004433618
16.016558,31.934645,-0.0009002186,-0.0027454186,-0.0038836494,-0.004537562,-0.0042867833,-0.004556578
16.20007,31.95617,-0.000957709,-0.0028525868,-0.00406255,-0.004782022,-0.004455129,-0.0046846233
15.710437,32.057526,-0.00083399593,-0.0026573988,-0.0037368508,-0.004348682,-0.004155707,-0.004448619
15.90054,32.084446,-0.00088875927,-0.002759585,-0.003913358,-0.004592156,-0.0043220054,-0.0045756814
16.090645,32.111366,-0.00094673695,-0.0028673888,-0.004093925,-0.0048425095,-0.0044964976,-0.004707745
15.771339,32.223454,-0.00087745645,-0.0027682518,-0.0039302274,-0.004627902,-0.004347202,-0.004587928
15.968035,32.255768,-0.0009359559,-0.0028763863,-0.0041122055,-0.0048837825,-0.0045277546,-0.0047240714
2.2797499,28.991318,0.0006379218,0.0005882945,0.0007694809,0.0006785105,0.0005030444,0.0010272745
1.7245623,29.290735,0.00065543957,0.00064101396,0.0009263444,0.0010099309,0.0013955092,0.0021043187
1.1693746,29.590153,0.0007109099,0.0007545684,0.0011537735,0.001448771,0.0023628788,0.0030971665
1.7599926,28.64095,0.00066723954,0.00051629887,0.000625391,0.00063454884,0.0011293336,0.0019226914
1.198614,28.93994,0.00070309243,0.0005957638,0.0008073216,0.00103113,0.0020487001,0.0028711504
0.6372354,29.23893,0.0007801209,0.00072799454,0.0010354728,0.0014981425,0.0029084955,0.0036369672
1.2402353,28.290583,0.0005993551,0.00028344023,0.00036274502,0.00056335947,0.0017375537,0.0026483594
0.6726658,28.589144,0.0006641762,0.00039278026,0.0005620765,0.0010020671,0.002575029,0.0033923602
0.72047794,27.940216,0.0004369031,-2.8999031e-05,8.267164e-05,0.00052072026,0.0022547268,0.0031539006
16.072948,31.767452,-0.0008978038,-0.0026979942,-0.0037935067,-0.0044006333,-0.0041990625,-0.0044980394
15.945827,31.578735,-0.00084410893,-0.002548191,-0.0035245873,-0.0040302663,-0.0039587086,-0.004320581
15.818705,31.39002,-0.00079656387,-0.002406072,-0.003266849,-0.0036847082,-0.0037358867,-0.00415342
16.312374,31.782137,-0.00097395136,-0.002837924,-0.004026486,-0.004713166,-0.0044118357,-0.0046614124
16.185835,31.594013,-0.000918288,-0.002684763,-0.003756506,-0.004334779,-0.004162725,-0.0044798357
16.059298,31.40589,-0.00086898304,-0.0025375728,-0.0034899658,-0.0039713266,-0.00392933,-0.00430741
16.425846,31.609291,-0.0009983901,-0.002833096,-0.004002304,-0.0046602855,-0.0043826136,-0.0046492456
16.29989,31.42176,-0.0009470259,-0.0026819997,-0.0037328177,-0.0042861053,-0.004139846,-0.004472304
16.540483,31.437632,-0.001031191,-0.0028389255,-0.003991392,-0.004624613,-0.004367243,-0.004647917
2.4302886,27.107105,0.00037015654,-0.00018968749,-0.00032145093,-0.00046166647,-9.312505e-05,0.0006850676
1.8603517,27.38481,0.00036076133,-0.00017203605,-0.00022855759,-0.00021461975,0.0006351664,0.0015853927
1.2904148,27.662512,0.00038198236,-0.00012072796,-9.42353e-05,0.00011516452,0.0014557277,0.0024433336
1.9325256,26.73807,2.9369772e-05,-0.0006304941,-0.0006845605,-0.0006273712,0.00040643563,0.0014196996
1.356562,27.014824,6.1313214e-05,-0.0005625453,-0.0005383129,-0.00030739247,0.0011881484,0.002239266
0.7805984,27.291578,0.00012178844,-0.00045886528,-0.00034976518,9.1705086e-05,0.0019582587,0.0029235724
1.4347628,26.369036,-0.00027887142,-0.0009553206,-0.0009232904,-0.00066788733,0.00095165765,0.0020457553
0.8527724,26.64484,-0.00020871795,-0.0008296678,-0.00070946704,-0.0002648183,0.0016919306,0.002701764
0.937,26.0,-0.00047738303,-0.0011095887,-0.0009918675,-0.00054240215,0.0014571666,0.002486467
16.958448,30.716629,-0.0012257692,-0.00292662,-0.0040061604,-0.004544086,-0.0043583405,-0.004684596
16.825024,30.960714,-0.0011495965,-0.002883801,-0.0039869985,-0.004555096,-0.0043501635,-0.0046641245
16.685701,31.201048,-0.0010844474,-0.0028546194,-0.003982234,-0.0045819534,-0.004352665,-0.0046513486
16.665253,30.70676,-0.0011069733,-0.0027030744,-0.0036468715,-0.004092946,-0.004058764,-0.0044520446
16.52888,30.948969,-0.0010348151,-0.0026695337,-0.003639916,-0.004114325,-0.004056468,-0.00443582
16.386608,31.187428,-0.0009745629,-0.0026505613,-0.0036487351,-0.004152812,-0.004065719,-0.0044284915
16.372057,30.696892,-0.0009966976,-0.0025009485,-0.0033221904,-0.0036916828,-0.0037875595,-0.004236331
16.232735,30.937225,-0.0009292321,-0.0024766913,-0.0033253513,-0.003720614,-0.0037910747,-0.0042249076
16.078861,30.687023,-0.0008946359,-0.0023218135,-0.003038729,-0.003345277,-0.003545302,-0.0040384396
2.6549435,25.223146,-0.0006304549,-0.0014498506,-0.0015816315,-0.001516375,-0.0005623571,0.00038967867
2.0822957,25.482098,-0.0005988408,-0.0013623444,-0.0014224557,-0.0012673946,6.65915e-05,0.0011540505
1.5096478,25.741049,-0.0005493388,-0.0012514528,-0.0012289325,-0.000945912,0.00076654,0.001879263
2.188097,24.841393,-0.0007741838,-0.0015886746,-0.0016983032,-0.0015058304,-8.1496415e-05,0.0010079195
1.6106178,25.099352,-0.00071882893,-0.0014579705,-0.0014726769,-0.0011656374,0.00059130904,0.0016979818
1.0331384,25.357311,-0.00064282573,-0.0012958688,-0.001200093,-0.0007408364,0.0012537154,0.0022752082
1.7212508,24.459639,-0.0007808859,-0.0015791403,-0.0016458315,-0.0013164062,0.00044702186,0.0015196889
1.1389399,24.716606,-0.00070079433,-0.0013999752,-0.0013362876,-0.00086216105,0.0010831462,0.0020676248
1.2544043,24.077885,-0.00066419947,-0.0014378971,-0.0014009646,-0.0009138982,0.00094518904,0.0018634495
16.421799,29.755676,-0.0011753612,-0.0024230417,-0.0030110064,-0.0032079357,-0.0034862023,-0.004034596
16.779427,29.748188,-0.0013193191,-0.0026757093,-0.0033791533,-0.0036385737,-0.0037967034,-0.004288955
17.137056,29.7407,-0.0014690735,-0.0029600372,-0.0038154903,-0.004157998,-0.0041473964,-0.004563809
17.494684,29.733212,-0.001622846,-0.0032681446,-0.0043052877,-0.0047569997,-0.0045346483,-0.004855684
16.600681,30.075993,-0.0011768881,-0.0025595736,-0.0032821747,-0.0035683822,-0.003736688,-0.0042278124
16.956474,30.067392,-0.0013241738,-0.0028280257,-0.0036950344,-0.004062642,-0.004074177,-0.0044962754
17.312267,30.058792,-0.0014792903,-0.0031254692,-0.004164253,-0.0046373517,-0.004451228,-0.004785279
16.779564,30.39631,-0.0011929141,-0.0027285165,-0.0036189638,-0.004017232,-0.004027454,-0.00444444
17.133522,30.386599,-0.0013443972,-0.0030094075,-0.00406246,-0.00456405,-0.004390029,-0.0047258167
3.0792994,20.171354,-0.00015699565,-0.001934905,-0.0018385784,-0.0017906824,-0.00043409574,0.00014731735
2.7153385,20.300205,0.00010783386,-0.0016377319,-0.0014361927,-0.0013514885,-4.9696682e-05,0.0004532387
2.3513775,20.429056,0.00038332562,-0.0013110901,-0.0009682504,-0.0008396889,0.00036351004,0.0007757197
1.9874164,20.557907,0.00067988544,-0.0009362487,-0.00041324593,-0.000237633,0.00081208465,0.0011222264
2.8016775,19.89823,0.00043794615,-0.0015233918,-0.0011904198,-0.0011533907,-3.4509183e-05,0.00042149218
2.4381468,20.02715,0.0007312625,-0.0011461115,-0.00066867744,-0.0005990963,0.00040505925,0.0007596948
2.0746162,20.156069,0.0010578327,-0.00070792914,-5.5044293e-05,4.705417e-05,0.0008793534,0.001123669
2.5240557,19.625105,0.0012300081,-0.00086141896,-0.00024481976,-0.00023664915,0.00049483194,0.0007765296
2.1609554,19.754093,0.0015793848,-0.00035096586,0.00042536843,0.000450296,0.0009881787,0.0011545715
2.2464337,19.35198,0.0022661472,0.00019616634,0.0010710573,0.0010093984,0.0011611436,0.0012247858
2.8843775,23.369287,-0.00090641784,-0.0019232413,-0.002243814,-0.0020759238,-0.000752262,0.00020146162
2.3410532,23.605486,-0.0008239919,-0.0017777208,-0.0020006776,-0.0017545652,-0.00020128775,0.0008191431
1.7977288,23.841686,-0.000748487,-0.0016217867,-0.0017268249,-0.0013731073,0.00037860035,0.0013846464
2.4684913,22.972748,-0.00076139235,-0.0018130885,-0.0020731797,-0.0018313817,-0.00026542592,0.000677435
1.9225723,23.208395,-0.00065514183,-0.0016321143,-0.0017628871,-0.0014093131,0.00029312962,0.0012096487
1.3766532,23.444044,-0.00054978643,-0.0014253376,-0.0013937496,-0.0009063072,0.00084254734,0.001668104
2.0526052,22.576206,-0.0005189084,-0.0016201003,-0.001742827,-0.001410664,0.00023417968,0.0010418294
1.5040914,22.811304,-0.00037356187,-0.0013775803,-0.0013177956,-0.00085203635,0.00077592244,0.0014884071
1.6367188,22.179667,-0.0001529137,-0.0013081449,-0.0011791069,-0.00076253974,0.0007427894,0.0013335609
3.0128005,21.665962,-0.000733513,-0.0020111422,-0.0022931471,-0.00215547,-0.00061628857,0.00015452868
2.5541067,21.837196,-0.0005235249,-0.0017882537,-0.0019711193,-0.0017567492,-0.00017114771,0.0005749265
2.0954127,22.008432,-0.00033568774,-0.0015612177,-0.0016102651,-0.0013009277,0.00028025877,0.0009643855
2.6710057,21.29661,-0.0004208895,-0.001810165,-0.0019197253,-0.0017505268,-0.00019770514,0.0004659268
2.2118933,21.467733,-0.00017654145,-0.0015369214,-0.001505534,-0.0012508935,0.0002584007,0.00084765605
1.7527809,21.638857,6.527454e-05,-0.0012313272,-0.0010052357,-0.0006531386,0.00074002414,0.001229198
2.329211,20.92726,2.0192027e-05,-0.0014949213,-0.0013449182,-0.0011566485,0.0002469005,0.0007537252
1.8696802,21.09827,0.00032575184,-0.0011208089,-0.0007610289,-0.0004913362,0.00076151476,0.001157453
3.0781326,19.06455,0.0015132141,-0.001041937,-0.00047048402,-0.000546129,3.548664e-05,0.00036241772
2.8008997,19.16036,0.0017264719,-0.0006789647,-8.296847e-06,-7.394963e-05,0.00039751246,0.00063764205
2.5236669,19.25617,0.0019764348,-0.0002686168,0.00050668605,0.00044801127,0.0007774534,0.0009281615
2.8637395,18.86126,0.0023353323,-0.00020016634,0.00055345043,0.00043160783,0.00059100817,0.00072107883
2.5862007,18.957045,0.0025828243,0.00025514103,0.0010976794,0.00097520434,0.0009731142,0.0010167091
2.3086617,19.05283,0.0028775167,0.00076918904,0.0016850062,0.0015480089,0.001350574,0.0013131804
2.6493464,18.657967,0.0032520003,0.0009437633,0.0018147078,0.0016171479,0.0012418609,0.001149254
2.3715014,18.753729,0.0035467,0.001501257,0.0024127122,0.0021892665,0.0016038531,0.001440341
2.4349532,18.454676,0.0042403354,0.002387958,0.003235971,0.0029162606,0.001931488,0.0016161095
2.4876964,18.216167,0.0047830967,0.003176216,0.003927782,0.0035276518,0.0022451696,0.0017943344
2.5571673,17.983292,0.005254873,0.0039225724,0.004552395,0.004079823,0.0025658067,0.0019826223
2.643366,17.756048,0.0056508104,0.004594807,0.005092763,0.0045591635,0.002884468,0.0021790809
2.65789,18.412807,0.0039066705,0.0017794992,0.0026343833,0.0023577728,0.0016049934,0.0013590088
2.718997,18.177116,0.0044321152,0.0025092065,0.00330012,0.0029522472,0.001912482,0.0015293634
2.7968318,17.947056,0.0048933215,0.0032158762,0.003913242,0.0034987053,0.0022286475,0.0017111831
2.8808267,18.370941,0.0036106464,0.0012193454,0.002048085,0.0017985211,0.0012590885,0.0010905903
2.9502976,18.138065,0.0041215043,0.0018888284,0.0026787773,0.0023657794,0.0015538521,0.0012467767
3.1037633,18.329073,0.0033507796,0.0007100082,0.0014887416,0.0012540466,0.00090671325,0.00082239846
16.894823,28.543072,-0.0016796802,-0.0028683748,-0.0033664645,-0.0034523264,-0.0036412491,-0.0041719754
17.358011,28.512974,-0.0018487381,-0.0032182336,-0.0038812014,-0.004045007,-0.004045327,-0.0044826274
17.821198,28.482878,-0.0020016069,-0.0035707117,-0.004462822,-0.004745708,-0.0044859303,-0.004803216
18.284386,28.45278,-0.002135183,-0.0039010253,-0.0050624264,-0.0055152825,-0.004956863,-0.0051334333
17.094778,28.939785,-0.0016488828,-0.002965342,-0.003604579,-0.0037835282,-0.003892686,-0.004375264
17.562815,28.912497,-0.0018282518,-0.0033436385,-0.004195656,-0.0044832197,-0.004347311,-0.0047166105
18.030853,28.885208,-0.001995252,-0.003723042,-0.004836926,-0.0052822963,-0.004842044,-0.0050710407
17.294731,29.336498,-0.0016277226,-0.0030974296,-0.003919112,-0.0042178063,-0.0041887434,-0.0046016956
17.767618,29.31202,-0.001820849,-0.003503253,-0.004574107,-0.005019543,-0.004696703,-0.004975934
2.758639,17.512957,0.005997969,0.0052212602,0.0055786506,0.0049932976,0.0032185912,0.0023989705
2.872948,17.269396,0.006313053,0.0058217086,0.0060345507,0.0054050856,0.003571568,0.0026558188
2.9862928,17.025364,0.00659634,0.00637621,0.006449887,0.005785548,0.0039261794,0.0029408822
2.9343457,17.760855,0.005118396,0.003551291,0.0041761673,0.0037275048,0.0023826875,0.0017836752
3.0491366,17.517529,0.005499247,0.0042296518,0.004726802,0.0042197905,0.0027382348,0.0020119415
3.1629636,17.273731,0.0058442145,0.0049008653,0.0052580717,0.0046978537,0.003123767,0.002287285
3.2253256,17.765661,0.004643294,0.0025640107,0.0032327718,0.0028427558,0.0018235206,0.001347271
3.3396344,17.5221,0.0050538224,0.0032735514,0.0038329687,0.003383692,0.0021954393,0.0015748348
3.5163052,17.770468,0.004223808,0.0016633549,0.0023110746,0.0019547828,0.0012456541,0.00091243203
17.431309,27.009161,-0.002139649,-0.003410934,-0.0038701459,-0.0038688001,-0.0037624703,-0.0041696597
17.985912,26.940346,-0.002251326,-0.003690918,-0.0043623094,-0.0044715125,-0.0041579795,-0.0044586286
18.540514,26.87153,-0.0023197003,-0.003895871,-0.0048454707,-0.00513222,-0.0045823585,-0.0047599343
19.095118,26.802715,-0.0023521422,-0.0040291185,-0.0052965255,-0.0058352347,-0.0050517675,-0.005088797
17.715668,27.490368,-0.0021421013,-0.003553389,-0.0041938857,-0.0042952383,-0.0041095885,-0.0044707526
18.27424,27.423737,-0.0022514882,-0.0038471099,-0.0047659525,-0.005025095,-0.0045631197,-0.004790797
18.832813,27.357107,-0.0023220323,-0.0040676543,-0.005308649,-0.005800776,-0.005053937,-0.0051302966
18.000027,27.971573,-0.0021342868,-0.0037096797,-0.0045893625,-0.0048389058,-0.0045006745,-0.004785998
18.562569,27.90713,-0.0022527757,-0.004027703,-0.0052315206,-0.0056951153,-0.0050256336,-0.0051488806
3.1318502,16.69378,0.0069465972,0.007047686,0.0069514546,0.006254045,0.0043865796,0.0033548065
3.2879746,16.367384,0.007234648,0.0075578718,0.0073353336,0.0066222926,0.0047668195,0.0037400946
3.454666,16.04617,0.0074835187,0.007938257,0.0076276376,0.0069099064,0.0050646854,0.004072839
3.3697913,17.008385,0.0060594943,0.005350425,0.005583016,0.004989053,0.0034255444,0.0025208064
3.520632,16.679396,0.006426138,0.0061377636,0.0061965534,0.005554022,0.0039585857,0.0029973765
3.68204,16.355589,0.006728487,0.006760223,0.006681295,0.006009461,0.0044151014,0.003454531
3.7532897,16.991407,0.0056007365,0.0043614735,0.0046513374,0.0041099647,0.0028333727,0.0020096144
3.909414,16.665009,0.0059761587,0.0052278885,0.00535272,0.004757925,0.0034223709,0.0025289927
4.1367884,16.974428,0.0052106725,0.0034775033,0.0037488532,0.0032317257,0.0022327786,0.0015015069
19.900255,25.199503,-0.00229564,-0.0036478348,-0.004978219,-0.0057963417,-0.005060816,-0.0049849343
19.612156,24.829296,-0.0022663146,-0.0035377145,-0.004561675,-0.005169434,-0.004593911,-0.0046117483
19.324057,24.459091,-0.0022084413,-0.0034173722,-0.004149941,-0.004574335,-0.0041349307,-0.004227278
19.035957,24.088886,-0.002118173,-0.0032488245,-0.0037220279,-0.004001408,-0.0036755668,-0.003819201
20.10933,24.771168,-0.0022590784,-0.0035164799,-0.0048488914,-0.0057612928,-0.0050612236,-0.004954305
19.81634,24.398634,-0.0022175258,-0.0034095664,-0.004417999,-0.005109896,-0.004573867,-0.004562665
19.52335,24.026098,-0.0021477123,-0.0032874723,-0.0039879833,-0.004483487,-0.0040873056,-0.0041525005
20.308622,24.338175,-0.0022188802,-0.003387094,-0.0047083185,-0.0057129906,-0.0050497646,-0.004911446
20.010742,23.963312,-0.0021658286,-0.003282308,-0.0042615766,-0.005035336,-0.004541146,-0.0044998485
20.498135,23.900524,-0.0021784138,-0.0032664957,-0.0045623123,-0.0056533734,-0.005022745,-0.004851769
18.220798,25.420376,-0.002260077,-0.0035328541,-0.004016991,-0.004085003,-0.0037301998,-0.0039808904
18.780617,25.346752,-0.002301237,-0.0036355716,-0.0043445793,-0.0045876116,-0.004118579,-0.004285485
19.340437,25.273127,-0.002308381,-0.003661851,-0.004658352,-0.005153523,-0.0045591937,-0.0046185744
18.512238,25.881155,-0.0023234633,-0.0037187347,-0.0044279913,-0.0046087466,-0.0041518435,-0.0043566185
19.070036,25.806412,-0.0023407955,-0.0037875038,-0.0047771907,-0.0051832427,-0.004571633,-0.004667542
19.627832,25.731668,-0.002332086,-0.0038035975,-0.0051168646,-0.0058214096,-0.0050511356,-0.005014235
18.803679,26.341936,-0.0023465294,-0.0038715783,-0.0048465,-0.0051830276,-0.0045836736,-0.004717931
19.359453,26.266073,-0.0023529152,-0.0039363243,-0.0052287555,-0.005839307,-0.0050497614,-0.0050496194
4.1849303,14.782154,0.008439145,0.008847996,0.008354362,0.0076431558,0.005689934,0.0048386073
4.4284515,15.157156,0.0076076514,0.008072312,0.007719483,0.0070299986,0.0054248204,0.0045901355
4.671973,15.532158,0.006808489,0.0069351066,0.0067096353,0.006037348,0.0047697914,0.0040273257
4.9154944,15.907159,0.006065112,0.0056028636,0.0054725,0.004862886,0.0038215285,0.0030705566
3.935175,15.199855,0.0081121065,0.008600147,0.008155987,0.0074438453,0.005553495,0.0046693236
4.1818633,15.576675,0.0072747273,0.007666461,0.0073929424,0.0067033498,0.005147558,0.0042849546
4.4285517,15.953496,0.0064736954,0.006338728,0.006215701,0.0055653425,0.004298825,0.0034911295
3.6917536,15.621193,0.007793793,0.008311295,0.0079229465,0.007207115,0.0053550373,0.0044219815
3.9416087,15.999833,0.006940339,0.007160516,0.00698643,0.0063036354,0.004761073,0.00385079
20.261969,23.594294,-0.0021310886,-0.0031835665,-0.0041933,-0.0050942916,-0.0046038236,-0.0045105037
20.025803,23.288061,-0.0020718283,-0.0030889157,-0.0038235525,-0.0045413855,-0.0041751084,-0.0041481834
19.789637,22.98183,-0.0020043263,-0.0029593501,-0.0034462581,-0.00400467,-0.0037404045,-0.0037622543
20.667843,23.588467,-0.002153777,-0.0031909274,-0.004490241,-0.0056642774,-0.005035904,-0.0048285834
20.432922,23.283232,-0.002105878,-0.0031106381,-0.004116894,-0.0050982777,-0.004612007,-0.004481461
20.198,22.977997,-0.0020490938,-0.003018362,-0.0037431836,-0.0045341454,-0.004174572,-0.0041104206
20.84004,23.2784,-0.002133464,-0.003127254,-0.004430745,-0.00568555,-0.0050462997,-0.0047989613
20.606363,22.974161,-0.0020867658,-0.0030506672,-0.004054765,-0.00511554,-0.0046195267,-0.0044474835
21.014727,22.970325,-0.0021165567,-0.0030768642,-0.004385616,-0.00571603,-0.005049794,-0.0047591086
5.746736,14.715966,0.0067940988,0.0070146816,0.006638228,0.005952379,0.0049348962,0.0043765064
5.2261343,14.738029,0.0073300293,0.0077238185,0.0073477067,0.0066519612,0.0053610494,0.004651585
4.705532,14.760092,0.007883134,0.00836752,0.007952923,0.007264509,0.00560642,0.0047856346
5.528395,14.267434,0.0076633985,0.00817746,0.0077508716,0.007054371,0.005666807,0.004914348
5.003923,14.287075,0.008252324,0.008742717,0.0082627805,0.0075739184,0.0057897693,0.004963476
4.4794507,14.306716,0.008812201,0.00911656,0.0085681565,0.007851725,0.0058046645,0.004973453
5.3100543,13.818902,0.008606067,0.00908058,0.008565674,0.00787909,0.0059407866,0.005098295
4.781712,13.836121,0.009167271,0.009377752,0.008786931,0.008060072,0.0059012217,0.005074603
5.091714,13.37037,0.00949738,0.009621456,0.009013212,0.008277455,0.0059932023,0.005160159
6.402071,13.388434,0.007898982,0.008506219,0.008125229,0.0074764253,0.0060601574,0.0052445945
5.9652853,13.382413,0.008478478,0.009047856,0.008601065,0.007949511,0.006099179,0.005232211
5.5284996,13.376391,0.009025388,0.009415624,0.008880735,0.008195182,0.0060521737,0.005192958
6.2493963,12.980816,0.008760442,0.009287684,0.008856624,0.008228809,0.0062104105,0.005313695
5.8098593,12.972907,0.009313471,0.009632423,0.009105328,0.008428643,0.0061404686,0.0052658534
5.3703227,12.964998,0.009768477,0.009812086,0.009206856,0.0084688235,0.0060709454,0.0052286442
6.096721,12.573198,0.00959571,0.0098204985,0.009299979,0.008627785,0.006206919,0.0053210612
5.6544333,12.563401,0.010026051,0.009979626,0.009382587,0.008644819,0.006140404,0.00529001
5.944046,12.16558,0.0102742575,0.010129337,0.009534561,0.00879233,0.006195588,0.005340204
6.1626697,11.872422,0.010454337,0.010233505,0.009633167,0.008880856,0.0062258695,0.005368603
6.3841157,11.581364,0.010630892,0.010334745,0.009722141,0.008952911,0.006247943,0.0053896476
6.608384,11.292405,0.010802868,0.010434838,0.009803751,0.009011226,0.0062639555,0.00540474
6.29282,12.230606,0.009894479,0.009991377,0.009458009,0.008772127,0.006236985,0.005350167
6.5128546,11.9384985,0.010096962,0.010106496,0.009563689,0.008863952,0.006258956,0.005369167
6.735712,11.64849,0.010296105,0.010216671,0.009656963,0.008934736,0.006271697,0.0053797206
6.6415935,12.295633,0.009395114,0.009723396,0.0092718,0.008639264,0.006295405,0.0053766225
6.8630395,12.004575,0.009605647,0.009847087,0.009383286,0.008734868,0.006312166,0.005388149
6.990367,12.36066,0.008804608,0.009284315,0.008914724,0.00831045,0.006329324,0.005404247
21.354822,21.976885,-0.0020371638,-0.0029756417,-0.004124415,-0.00549433,-0.0047336286,-0.00436115
21.263784,22.31777,-0.002071239,-0.00300086,-0.0042243507,-0.0056088455,-0.004886417,-0.004534459
21.15042,22.648916,-0.0020964933,-0.0030342727,-0.0043116696,-0.0056822435,-0.0049910867,-0.0046668844
20.999828,22.01679,-0.0020259004,-0.0029370931,-0.0038274736,-0.0049943873,-0.0044281175,-0.004151988
20.897629,22.352806,-0.0020518217,-0.0029673404,-0.003923274,-0.005086125,-0.004545984,-0.0042980076
20.7731,22.679085,-0.0020722232,-0.0030067873,-0.004009164,-0.00514142,-0.0046206093,-0.0044055693
20.644836,22.056696,-0.0020022083,-0.0028833137,-0.0035375499,-0.004481805,-0.0040790276,-0.0038985838
20.531471,22.387844,-0.0020222517,-0.0029242812,-0.0036337834,-0.004559397,-0.0041716523,-0.004024162
20.289843,22.096603,-0.0019688192,-0.0028086295,-0.0032612735,-0.0039964365,-0.0037133447,-0.0036167002
7.113325,10.65193,0.011163965,0.010656091,0.00996544,0.009106327,0.006294215,0.00543009
7.2484484,10.918311,0.010819557,0.010500989,0.00986243,0.009049085,0.006278447,0.0053849835
7.383572,11.184692,0.010325002,0.010244624,0.009679807,0.008924002,0.006297198,0.0053727403
7.518696,11.451073,0.009690719,0.009849737,0.009376881,0.008674687,0.006324048,0.0053803734
6.9458117,10.865777,0.011046861,0.010582646,0.009914325,0.009078595,0.0062830662,0.005421214
7.0805354,11.131981,0.010686701,0.010425822,0.0098119415,0.009026749,0.0062764823,0.0053857933
7.2152586,11.398184,0.010180982,0.010168185,0.009629586,0.008904849,0.006302005,0.0053805565
6.7774982,11.079268,0.010926029,0.010508667,0.009860405,0.009047344,0.0062735956,0.0054132636
6.9118214,11.345294,0.0105500175,0.010349284,0.009756718,0.008997272,0.006273635,0.0053850915
20.60423,21.081722,-0.001909567,-0.0027055987,-0.0030228258,-0.0037738127,-0.0033874693,-0.003178486
20.955902,20.98915,-0.0019061464,-0.0028134675,-0.0033160015,-0.0042339703,-0.0036751123,-0.0033960247
21.307573,20.896576,-0.0018801977,-0.0028887324,-0.0036123232,-0.004681076,-0.0038951258,-0.0035514855
21.659243,20.804003,-0.0018273059,-0.0029176911,-0.0038739147,-0.00503775,-0.004008902,-0.0036256486
20.854427,21.38011,-0.0019488079,-0.0028326998,-0.003381865,-0.0043253624,-0.003842298,-0.0035949673
21.20197,21.286026,-0.0019433104,-0.0029013562,-0.0036630589,-0.004784246,-0.0041007907,-0.0037725535
21.549511,21.191942,-0.0019154423,-0.0029403348,-0.0039338046,-0.0051929285,-0.0042783283,-0.003883
21.104624,21.678497,-0.0019933325,-0.002918233,-0.0037502588,-0.0049103578,-0.0042960877,-0.0039912295
21.448036,21.582903,-0.0019847378,-0.0029557624,-0.0040153544,-0.0053410134,-0.0045183934,-0.0041298824
7.255689,10.428331,0.011292507,0.010733652,0.010017153,0.0091345785,0.0063129826,0.0054480983
7.3928504,10.2002125,0.01141937,0.010811669,0.010068903,0.009167065,0.00634224,0.005475651
7.52481,9.967575,0.011547662,0.010892078,0.010123767,0.009209916,0.006387183,0.0055171796
7.3830104,10.672556,0.011004411,0.010601159,0.009927476,0.009079093,0.006282357,0.005390663
7.5227733,10.446697,0.011150869,0.010683796,0.009978883,0.009102076,0.006292008,0.0053989124
7.657334,10.216319,0.011294968,0.01076622,0.010030039,0.009129715,0.006311314,0.0054158573
7.652696,10.693181,0.010754628,0.010476433,0.009826782,0.0089904815,0.0062812734,0.005358618
7.789858,10.465063,0.010919342,0.010564778,0.009876905,0.009008262,0.00628118,0.0053562773
7.9223814,10.713807,0.0103946095,0.010250212,0.009633999,0.008804499,0.0062754904,0.0053266366
21.949673,19.762985,-0.0015603369,-0.002729292,-0.0036430454,-0.004397846,-0.0031724682,-0.0029704713
21.868174,20.114244,-0.0016378459,-0.0028149239,-0.003752964,-0.004662297,-0.003455077,-0.0031697
21.771364,20.46125,-0.0017334474,-0.002879231,-0.0038288082,-0.0048805103,-0.0037445913,-0.003396366
21.596424,19.851046,-0.0016651246,-0.0028366689,-0.0035882897,-0.0043923925,-0.0032719707,-0.002997605
21.507269,20.20018,-0.0017368504,-0.0028579426,-0.003590487,-0.0045078164,-0.0034869509,-0.0031667657
21.402803,20.545057,-0.0018122102,-0.0028746857,-0.0035887924,-0.0045910515,-0.0036930575,-0.0033510374
21.243174,19.939108,-0.0017578705,-0.0028139534,-0.0033409977,-0.004143543,-0.0032424259,-0.002938433
21.146364,20.286114,-0.0018104287,-0.0028009964,-0.0032961296,-0.0041496134,-0.00337944,-0.003067999
20.889923,20.02717,-0.0018266061,-0.0027201858,-0.0030252633,-0.0037446008,-0.0030810041,-0.0027849292
8.279898,10.064376,0.010898799,0.010513254,0.009773703,0.008871644,0.0062747514,0.0053145858
8.028202,10.032109,0.01122203,0.010727991,0.009971803,0.009061857,0.006308924,0.005377396
7.776506,9.999842,0.011428717,0.010844044,0.010080195,0.009165328,0.0063422616,0.005443263
8.221829,9.7537365,0.011378879,0.010810492,0.010016678,0.009101593,0.0063508768,0.005405636
7.9626966,9.7155905,0.011594821,0.01094508,0.010147963,0.009228282,0.0064025377,0.005490975
7.703564,9.6774435,0.011713457,0.011000979,0.010203371,0.009288233,0.0064671547,0.005586523
8.163761,9.443097,0.011775663,0.011059941,0.010232171,0.009324654,0.006486639,0.0055543487
7.8971915,9.399072,0.011904449,0.011132696,0.010308291,0.009407587,0.006572694,0.0056722513
8.105693,9.132458,0.012154371,0.01131391,0.0104608275,0.009585731,0.0067030466,0.005772866
21.218636,19.19501,-0.0017305888,-0.0029510946,-0.0034656706,-0.0040943422,-0.00303117,-0.0027624378
21.47775,19.062181,-0.0016591853,-0.0029601955,-0.0036356368,-0.0042018318,-0.003012992,-0.0028092884
21.736866,18.929354,-0.0016040651,-0.0028784394,-0.0036652812,-0.0041590603,-0.0029378505,-0.0028194285
21.995981,18.796526,-0.001583057,-0.0027517609,-0.0035664467,-0.004015474,-0.002837445,-0.0028102503
21.462315,19.384335,-0.001664981,-0.0028779488,-0.0035294958,-0.0041916207,-0.0030624198,-0.0028239442
21.733776,19.252008,-0.0015897235,-0.0028129902,-0.0035959554,-0.0041806153,-0.002978107,-0.002818174
22.005236,19.11968,-0.0015390998,-0.002661574,-0.0034920454,-0.004013811,-0.0028443623,-0.0027808752
21.705994,19.57366,-0.0016076211,-0.0028090845,-0.0035978083,-0.004295489,-0.0031103124,-0.002894169
21.9898,19.441833,-0.0015290624,-0.0026677188,-0.0035406374,-0.0041659516,-0.002965959,-0.002840048
8.3881,8.8413105,0.012550488,0.011621184,0.010721051,0.009872961,0.006869439,0.0058923885
8.68257,8.5621195,0.013088638,0.012069333,0.011094007,0.010246714,0.0070577227,0.0060307165
8.989104,8.294884,0.013705626,0.012619777,0.011541445,0.010655473,0.0072577186,0.0061869933
8.472286,9.319877,0.0117443325,0.0110282395,0.010179815,0.009289378,0.0064903926,0.0055208546
8.760725,9.034707,0.01200953,0.011189302,0.010294264,0.009439213,0.006611547,0.005607983
9.061227,8.761494,0.012392577,0.01143877,0.010474924,0.009646486,0.0067668515,0.0057316558
8.83888,9.507296,0.010955315,0.010417098,0.00961319,0.008745974,0.0063190293,0.0053272247
9.133349,9.228104,0.011041,0.010360909,0.0095308935,0.0087205935,0.006389317,0.005389578
9.205472,9.694715,0.009616356,0.009190615,0.008476826,0.0076154955,0.006066237,0.005147325
21.030516,18.234673,-0.0018038236,-0.0036802925,-0.0043358966,-0.004760978,-0.0034221401,-0.0031224852
21.340664,18.020031,-0.0017544893,-0.0037578053,-0.004665665,-0.0050224266,-0.0035254564,-0.0033071009
21.650812,17.80539,-0.0017649296,-0.0037867636,-0.0049018133,-0.0052146604,-0.0036102242,-0.003460122
21.960958,17.590748,-0.0018128213,-0.0038136411,-0.0051317695,-0.0054231705,-0.0037179294,-0.0036042086
21.352337,18.421957,-0.0017232664,-0.0033903704,-0.0041446337,-0.0045746397,-0.0032341247,-0.003024364
21.663538,18.207031,-0.0017054492,-0.003378717,-0.004310883,-0.004681834,-0.003262816,-0.003143507
21.97474,17.992105,-0.001745354,-0.0033867355,-0.0044535855,-0.004794718,-0.0033103738,-0.0032575903
21.67416,18.609241,-0.0016484073,-0.0030650154,-0.0038780475,-0.0043107662,-0.003029164,-0.0029140748
21.986412,18.394032,-0.0016617428,-0.0030034247,-0.0038846722,-0.0042745997,-0.0029927979,-0.002973907
10.384088,8.805652,0.009324736,0.0075099277,0.00656782,0.006112728,0.0061949897,0.0055476753
9.919093,8.635396,0.011485645,0.0101646725,0.009213453,0.00856966,0.0066915466,0.0057289386
9.454099,8.465139,0.012904727,0.011760354,0.010686657,0.009870067,0.006975212,0.0059155393
10.309112,8.309073,0.012093896,0.010405346,0.0093249455,0.008745507,0.0070238654,0.0060817716
9.840928,8.135521,0.013566526,0.01221689,0.011023298,0.010203042,0.007282613,0.0062099574
9.3727455,7.961969,0.014423063,0.01329552,0.01209932,0.011147144,0.007534531,0.006427645
10.234136,7.8124943,0.014021453,0.012520553,0.011283573,0.010507297,0.0076494818,0.0065738945
9.762763,7.635646,0.014867993,0.013699992,0.012467896,0.011514765,0.007831279,0.00670995
10.159159,7.3159156,0.015021546,0.013782703,0.012603058,0.011756647,0.008166487,0.0070395065
20.744534,16.838081,-0.0017732499,-0.0047074715,-0.0056273174,-0.005846964,-0.004307376,-0.0040274602
21.124409,16.54849,-0.0017686633,-0.0048493743,-0.0060892305,-0.006269013,-0.0045436476,-0.004271014
21.504282,16.2589,-0.001768778,-0.0047502317,-0.0063657956,-0.006605549,-0.0047614123,-0.004450001
21.884157,15.969309,-0.0017313219,-0.0044889776,-0.006501849,-0.0068838815,-0.004968829,-0.0045910385
21.15001,17.08897,-0.001794516,-0.004629687,-0.00577624,-0.0059925225,-0.0042728274,-0.0040052077
21.531736,16.799046,-0.0018214933,-0.004645522,-0.006120829,-0.0063299984,-0.004472555,-0.0042146537
21.913462,16.50912,-0.0018211481,-0.0044953367,-0.006346524,-0.006635296,-0.0046815816,-0.004387777
21.555485,17.339859,-0.0018106998,-0.004292449,-0.00558951,-0.0058349976,-0.0040612225,-0.0038512344
21.939062,17.0496,-0.0018524149,-0.0042774635,-0.005902105,-0.0061580376,-0.004259043,-0.0040529654
11.735447,7.8928814,0.0088011855,0.007056968,0.006186568,0.0063069,0.007510948,0.00708772
11.210017,7.7005596,0.0120214205,0.010312147,0.009328049,0.009067165,0.008000776,0.0071119624
10.684588,7.5082374,0.014051325,0.012483292,0.011316662,0.010686248,0.008091868,0.0070170527
11.706556,7.3341937,0.011238504,0.010362564,0.009706104,0.009664597,0.008785273,0.007842021
11.176788,7.1363416,0.013735475,0.012430585,0.011459319,0.011055507,0.008763817,0.0076438216
10.64702,6.9384894,0.014890457,0.013610987,0.012575484,0.011974459,0.008673949,0.00751921
11.677667,6.7755055,0.012728898,0.012248787,0.011539466,0.011432954,0.0095510185,0.008331328
11.143559,6.5721235,0.014371991,0.013311339,0.012478122,0.012206315,0.009339453,0.008099761
11.648776,6.216818,0.013146431,0.012835666,0.0122672105,0.012451452,0.01013569,0.008749714
20.375446,15.13151,-0.0014342662,-0.004359429,-0.005209452,-0.005458744,-0.0043819584,-0.00409989
20.834192,14.774809,-0.0013577227,-0.004369873,-0.005667748,-0.0060397084,-0.0047545894,-0.004365316
21.29294,14.418108,-0.001276543,-0.0040987553,-0.0058119167,-0.0063733053,-0.004988418,-0.0045039966
21.751688,14.061407,-0.0012315088,-0.003797815,-0.0057774545,-0.0065260734,-0.005112455,-0.0045540486
20.87835,15.410776,-0.0015476679,-0.004685449,-0.0059302617,-0.0061889053,-0.004735605,-0.0044063586
21.339558,15.053933,-0.0014711198,-0.0044246404,-0.006151451,-0.0065904744,-0.005015369,-0.0045784796
21.800766,14.69709,-0.0014131091,-0.0040571718,-0.006142579,-0.0068063233,-0.0052009393,-0.004671775
21.381254,15.6900425,-0.0016471135,-0.004689986,-0.0063445396,-0.0066528246,-0.0049222717,-0.004555203
21.844921,15.333057,-0.001582651,-0.0043089506,-0.006415541,-0.006945028,-0.005157367,-0.0046909563
13.108899,6.8282256,0.004512795,0.007459447,0.007700478,0.008283491,0.009447485,0.0087609375
12.622191,6.624423,0.0073676403,0.010040179,0.010075612,0.010563361,0.0102725895,0.00909859
12.135484,6.4206204,0.010799645,0.011847495,0.0114301955,0.01175349,0.010329737,0.008969512
13.13929,6.2960696,0.0046613235,0.008963354,0.00950972,0.010382192,0.010688381,0.0095259985
12.648681,6.08608,0.0072300234,0.010670905,0.010805302,0.011724824,0.011031372,0.0095602535
12.1580715,5.87609,0.010399262,0.0118246935,0.011748261,0.012568986,0.010938695,0.009385322
13.169681,5.7639136,0.0044626943,0.009390183,0.010207129,0.01151157,0.011438774,0.009981996
12.67517,5.5477366,0.0066767554,0.010379606,0.0109684365,0.012367548,0.011584695,0.00993184
13.20007,5.2317576,0.0041539385,0.009344472,0.01045651,0.012101603,0.011912764,0.010293253
20.136013,13.245154,-0.0007663062,-0.0032638265,-0.0040431903,-0.0045238193,-0.0039084856,-0.0036442457
20.61495,12.870557,-0.00068684027,-0.003248589,-0.004362469,-0.00494456,-0.004155103,-0.0038218817
21.093887,12.495959,-0.000638377,-0.0031497506,-0.0045229103,-0.005189306,-0.004251163,-0.0038473415
21.572824,12.121362,-0.00060410536,-0.0030503164,-0.0046019503,-0.005336906,-0.004253609,-0.003771432
20.674572,13.517239,-0.0009203267,-0.003618845,-0.0048128837,-0.005358617,-0.004433959,-0.0040380955
21.155918,13.142858,-0.0008608428,-0.0034565376,-0.004949527,-0.0056198253,-0.0045777443,-0.0041135685
21.637266,12.7684765,-0.00082571723,-0.0032981234,-0.004982218,-0.0057519986,-0.004610392,-0.004080734
21.21313,13.789323,-0.0010735466,-0.0037777005,-0.005388014,-0.006022948,-0.004830402,-0.0043386817
21.696888,13.415158,-0.0010349967,-0.0035444498,-0.0053777085,-0.0061575403,-0.004906546,-0.004349834
14.317107,5.8203974,0.0019357679,0.0066664414,0.008229281,0.009295236,0.009929454,0.009045192
13.944762,5.624184,0.0024121036,0.0077917487,0.009449403,0.01074478,0.0110156275,0.009822232
13.572416,5.427971,0.0030988427,0.008719792,0.010083437,0.011574784,0.011629013,0.010183401
14.3862295,5.383748,0.001893109,0.007160947,0.009346527,0.010722534,0.010801272,0.009607133
14.0114765,5.1829047,0.0022601725,0.0081092855,0.010048933,0.0115959905,0.011567701,0.010148313
13.636724,4.982061,0.0028477912,0.008796359,0.010327767,0.01202623,0.011968333,0.010397598
14.455352,4.947099,0.0019100418,0.0075290804,0.010091565,0.011686487,0.011397725,0.009958617
14.078192,4.7416253,0.0021999187,0.008330667,0.010406774,0.012105775,0.011905376,0.010340281
14.524474,4.51045,0.002005906,0.007832576,0.010580065,0.012287488,0.011762384,0.010154702
19.914343,11.324363,3.9675593e-05,-0.0021665555,-0.0028040605,-0.0033022193,-0.0031438952,-0.0031134477
20.393957,10.944744,5.5484234e-05,-0.0022212162,-0.0031299787,-0.0036604055,-0.0031976313,-0.0031265526
20.87357,10.565126,7.330048e-05,-0.0022335872,-0.0033635402,-0.003917329,-0.0031553966,-0.0030076895
21.353184,10.185508,9.395724e-05,-0.0022311115,-0.0035315547,-0.0041111875,-0.003068861,-0.0028122086
20.46717,11.590029,-0.00019765722,-0.0025583068,-0.0035143248,-0.004075297,-0.0035072465,-0.0033579601
20.949034,11.210986,-0.00016707825,-0.0025467782,-0.0037336482,-0.0043316507,-0.003515881,-0.0032832068
21.430899,10.8319435,-0.00013806617,-0.0025230132,-0.0038842126,-0.004518973,-0.0034659156,-0.0031245013
21.019997,11.855695,-0.00040655505,-0.002850051,-0.0041167624,-0.0047543566,-0.0038869323,-0.0035655044
21.504112,11.477227,-0.00037370657,-0.0027945046,-0.0042385086,-0.004926167,-0.0038657188,-0.0034474644
15.385134,5.0795894,0.001483211,0.0055517647,0.008091172,0.009430664,0.00933261,0.008223461
15.098247,4.8898764,0.0016904166,0.006359899,0.00938743,0.0109799495,0.010497188,0.009144369
14.81136,4.700163,0.0018571111,0.007129615,0.010200615,0.01187764,0.011283735,0.0097676115
15.435968,4.7295804,0.0016708674,0.0058926432,0.009112028,0.010762364,0.010106954,0.0087152645
15.147846,4.5371013,0.0018594777,0.0066700936,0.010118231,0.011871749,0.011032479,0.009461576
14.859723,4.3446226,0.0020060497,0.0074122497,0.010667591,0.01241708,0.011605508,0.009941987
15.486804,4.379571,0.0018777587,0.006190586,0.009913102,0.011748005,0.010692546,0.0090663005
15.197445,4.1843266,0.0020483923,0.006949755,0.010649766,0.012473328,0.0113876555,0.009656681
15.53764,4.029562,0.0020932464,0.006454518,0.010498193,0.012406468,0.011082151,0.009286449
19.69707,9.42771,0.0007496344,-0.0011346552,-0.0017886118,-0.0022091824,-0.0024909882,-0.0024834734
20.163641,9.036551,0.0006887485,-0.0011855203,-0.002066058,-0.0024857854,-0.002389812,-0.002395011
20.630213,8.645394,0.00064134033,-0.00120642,-0.0022726392,-0.002677968,-0.002197063,-0.0022028266
21.096785,8.254236,0.0006065925,-0.0012046522,-0.0024285016,-0.002819055,-0.0019654066,-0.0019383687
20.249107,9.680309,0.0005119118,-0.0015487453,-0.0024248324,-0.0028861042,-0.0026525354,-0.002658647
20.71776,9.290068,0.0004936612,-0.0015721892,-0.002645032,-0.003106174,-0.0025030116,-0.002478114
21.186413,8.899827,0.00048399257,-0.0015773005,-0.002808363,-0.0032701907,-0.0023184929,-0.0022266344
20.801146,9.932908,0.00029567475,-0.0019154359,-0.0030106893,-0.0035200815,-0.0028227572,-0.0027444586
21.27188,9.543584,0.00030662102,-0.0019179455,-0.0031759467,-0.003699027,-0.002686459,-0.002515234
16.19895,4.498567,0.0015426672,0.004673381,0.0077219643,0.009226644,0.008573702,0.0072768014
15.978513,4.342232,0.0017544253,0.0052822074,0.008906736,0.0107032545,0.009638314,0.008100627
15.758077,4.185897,0.0019389101,0.0058726263,0.009832479,0.011743195,0.010475459,0.00877232
16.23409,4.23307,0.0017423065,0.004914789,0.008554282,0.01033007,0.009206102,0.007684061
16.013304,4.075729,0.0019442857,0.0054990803,0.009552789,0.01148931,0.010107618,0.00839188
15.792516,3.9183877,0.0021170932,0.006073851,0.010301091,0.012260506,0.010785768,0.008956304
16.269234,3.9675725,0.0019422547,0.00513391,0.009239555,0.011171037,0.009702633,0.008000589
16.048096,3.8092253,0.0021315736,0.0056972275,0.010050471,0.012036892,0.0104353735,0.008594813
16.304377,3.7020752,0.0021375848,0.0053375973,0.0097663505,0.011747967,0.010045062,0.008223392
19.575577,7.634186,0.0009020264,-0.00011251855,-0.0010116952,-0.0012933909,-0.0017318503,-0.0016059936
19.996593,7.266259,0.00077310455,-0.00011916882,-0.0011875128,-0.0014174768,-0.0015910185,-0.001500219
20.41761,6.898333,0.00067226356,-0.0001005491,-0.0013204764,-0.0015014978,-0.0013590559,-0.0013208254
20.838627,6.530407,0.0006042728,-6.633758e-05,-0.0014035546,-0.0015534488,-0.0010577424,-0.0010616948
20.082645,7.8408694,0.0008065765,-0.00050030637,-0.0014814211,-0.0017891882,-0.0018699032,-0.0018275663
20.505426,7.473792,0.00071880314,-0.0004904417,-0.0016337932,-0.0018988432,-0.0016423777,-0.0016419963
20.928207,7.1067147,0.0006537563,-0.00045699824,-0.0017484837,-0.0019787739,-0.0013660043,-0.0013885153
20.589716,8.047553,0.0007083301,-0.00086388754,-0.0019593742,-0.0023013467,-0.0019130965,-0.0019260782
21.01426,7.6813245,0.0006578243,-0.0008441924,-0.002087832,-0.0024030076,-0.0016635095,-0.0016740623
16.79997,4.0346837,0.0016694672,0.0041166754,0.0076377937,0.0092328405,0.00814501,0.006774607
16.634773,3.9238143,0.001838623,0.0045318636,0.008462366,0.010272144,0.008874194,0.0073124217
16.469574,3.8129447,0.0019949507,0.0049374592,0.009172248,0.011104337,0.009508652,0.0077956934
16.818436,3.8296149,0.001845133,0.0043329364,0.008294124,0.010068236,0.00862692,0.007102334
16.6556,3.723436,0.0020005784,0.004719398,0.008980681,0.010879602,0.009233408,0.007557129
16.492764,3.617257,0.0021437597,0.0050998447,0.009564085,0.011521609,0.009755645,0.0079655945
16.836899,3.6245458,0.002016269,0.004542614,0.00883599,0.010695582,0.008995909,0.0073616714
16.676426,3.5230577,0.0021580239,0.004902212,0.009394572,0.0113139115,0.009489466,0.0077419146
16.855364,3.4194767,0.0021819435,0.0047477502,0.009262454,0.011132685,0.009251304,0.007555477
20.389711,6.4216404,0.0006007584,0.00018593145,-0.0010869936,-0.0012100299,-0.001093081,-0.0010151893
19.940796,6.312874,0.00060262665,0.00043578946,-0.0007813319,-0.0008945663,-0.0010490275,-0.00086545455
19.49188,6.2041073,0.00061270065,0.00068448734,-0.00049122033,-0.0006070849,-0.00086897315,-0.00061049784
20.759354,6.0818777,0.00054731633,0.00020956814,-0.0011052906,-0.0012111592,-0.0007909054,-0.0007591416
20.298195,5.97862,0.00052703667,0.00043360182,-0.00080157316,-0.00089493976,-0.00081484235,-0.0006763836
19.837036,5.875362,0.00051643956,0.0006472658,-0.00050695834,-0.00060655345,-0.00072490226,-0.00047710954
20.655594,5.644366,0.0004884804,0.00043237637,-0.00074794533,-0.0008333778,-0.00048098923,-0.00039800667
20.182192,5.5466166,0.00045903077,0.00061488035,-0.0004455204,-0.00053953624,-0.0004706236,-0.00026430894
20.527346,5.2178707,0.00044176672,0.00059352245,-0.00030433547,-0.00037517512,-8.44534e-05,5.4482938e-05
17.209309,3.7255743,0.0017745156,0.0038625635,0.0076845624,0.009303964,0.007939579,0.0065835393
17.091326,3.6235418,0.0019179973,0.0041663926,0.008283362,0.01003412,0.00843614,0.006942289
16.973345,3.5215092,0.0020537474,0.0044608684,0.008808232,0.010638433,0.008872318,0.007265274
17.255184,3.5544796,0.0019153433,0.0040283473,0.008132748,0.009837912,0.008225211,0.0067907968
17.133492,3.4441493,0.0020616704,0.0043337704,0.008678595,0.01046228,0.008666565,0.0071163448
17.011799,3.3338192,0.0021997837,0.004629326,0.009146651,0.010967305,0.0090453755,0.007405449
17.30106,3.383385,0.002053448,0.004195763,0.008507205,0.010239483,0.008435496,0.006955956
17.175655,3.264757,0.0022021225,0.0045017237,0.008995604,0.010763116,0.008818099,0.0072469395
17.346935,3.2122903,0.0021885303,0.0043634456,0.008810467,0.010524665,0.0085738,0.007081341
20.056915,4.3068156,0.00049812725,0.000904304,0.0011504459,0.0013806352,0.0015288782,0.0017093095
20.243841,4.595356,0.00043856542,0.0007815678,0.000589437,0.00065313233,0.0008345638,0.0010326727
20.400652,4.899041,0.00042527288,0.00068902125,0.00011041385,7.8919235e-05,0.00031573742,0.00049254915
19.845276,4.564518,0.00044032084,0.0008650966,0.0008480058,0.00087080745,0.0009699611,0.001248204
20.017143,4.8606305,0.00041088616,0.0007754945,0.00034129858,0.0002765262,0.0003755857,0.00064781087
20.158895,5.171888,0.00042048626,0.0006965157,-8.788669e-05,-0.00018036902,-7.1580886e-05,0.00016514993
19.633636,4.82222,0.00041458177,0.0008691327,0.0005808699,0.00048870157,0.00056103227,0.0008904248
19.790445,5.125905,0.00041228876,0.00079801405,0.0001315943,1.3997912e-05,4.2477728e-05,0.00035505852
19.421997,5.0799217,0.00041956743,0.000908344,0.0003573247,0.0002209785,0.0002734644,0.000618048
17.5509,3.1726913,0.0021530262,0.0041901222,0.008556553,0.010213001,0.008277474,0.006883995
17.75932,3.1534662,0.0020978344,0.0040019997,0.008261327,0.009866147,0.007970034,0.0066809496
17.972195,3.154615,0.002021505,0.0037928848,0.00791455,0.0094734095,0.007646176,0.0064661414
17.462072,3.3866837,0.0019898925,0.0039953003,0.008194421,0.009870226,0.008130445,0.00674097
17.668264,3.3572717,0.0019388316,0.0037998315,0.007889115,0.0095007215,0.007811322,0.006526548
17.878912,3.3482335,0.0018664284,0.003584908,0.007524996,0.009070368,0.0074673095,0.0062964717
17.57721,3.5610769,0.0017770343,0.0036022845,0.007423051,0.008967873,0.007553501,0.006318344
17.78563,3.5418518,0.0017091448,0.0033802467,0.007048415,0.008505741,0.007194634,0.0060750726
17.692347,3.7354703,0.0015522258,0.0031862336,0.0064918734,0.007779255,0.0068319584,0.0058045993
19.219221,4.3620634,0.0005465053,0.0011094285,0.0016052483,0.0016980501,0.0019022943,0.0021387637
19.296764,4.139089,0.00064237474,0.0012149075,0.002057547,0.0023360439,0.0025283378,0.0026630622
19.37431,3.9161146,0.0007741839,0.0013863667,0.002607412,0.00313353,0.0032698745,0.0032502713
19.451853,3.69314,0.0009403925,0.0016274849,0.003273663,0.004107176,0.004071736,0.0038628425
19.498453,4.3436475,0.0005191957,0.0010227261,0.001443106,0.0015655031,0.0017062587,0.0019557045
19.586876,4.111452,0.0006128382,0.0011272116,0.0018753315,0.0022100625,0.0023577693,0.0024992095
19.675299,3.8792565,0.0007429093,0.0012951127,0.0023958206,0.0030093084,0.0031340772,0.0031138516
19.777683,4.3252316,0.0005032741,0.00095647457,0.0012935036,0.0014627103,0.0015815278,0.0018113508
19.876986,4.083815,0.000595358,0.0010606895,0.0017074574,0.0021186136,0.002265862,0.0023781944
18.234148,3.7173858,0.00133611,0.0025750827,0.005334116,0.006329096,0.0057969666,0.0051002917
18.14683,3.5297954,0.0015712699,0.0029965185,0.0063418187,0.0076457066,0.0065658363,0.005653405
18.059513,3.3422053,0.001802435,0.0034078802,0.007210871,0.008703103,0.0071827425,0.006108447
18.398155,3.5802855,0.0014143855,0.0026471561,0.0056088953,0.0067451876,0.0059754876,0.005246057
18.312643,3.3804789,0.0016634737,0.0030910636,0.0066034477,0.007996377,0.006693421,0.005774119
18.227133,3.1806722,0.0019039658,0.003514267,0.00742609,0.008933465,0.007235733,0.0061897472
18.56216,3.4431856,0.0014981034,0.0027400083,0.0058785193,0.0071418416,0.0061403853,0.005388534
18.478456,3.2311623,0.0017592163,0.0032018542,0.0068428805,0.008291849,0.006789746,0.0058818823
18.726168,3.3060856,0.0015860641,0.0028482156,0.0061339634,0.0074994215,0.0062819947,0.0055211936
18.722815,4.023205,0.0008625936,0.0016570037,0.0030789438,0.003482344,0.0037288957,0.0036064705
18.723932,3.7841651,0.0010769807,0.0019916184,0.0040456653,0.004767415,0.0046813237,0.0043197456
18.72505,3.5451252,0.0013245802,0.0024037568,0.0051198076,0.0062096124,0.0055705896,0.00497767
18.965826,3.9131832,0.00088024646,0.0016224415,0.0031317663,0.0036479998,0.0037934699,0.00366316
18.975128,3.6627398,0.0011111669,0.0019890124,0.00413481,0.0050059487,0.0047760224,0.0044004433
18.98443,3.4122963,0.001374368,0.0024310718,0.0052255415,0.006453788,0.005643411,0.005055044
19.20884,3.8031616,0.0009064017,0.0016145172,0.0031991892,0.0038596173,0.003909175,0.0037497468
19.226324,3.5413144,0.0011535471,0.0020116314,0.0042353873,0.0052784053,0.0049054464,0.0045030285
2.469741,38.285583,-0.00029296457,-0.0006949813,-0.0010316282,-0.0010314515,-0.0014669794,-0.0014920629
2.2262757,38.362083,-0.00014841622,-0.0004174627,-0.0007553115,-0.0007789474,-0.0011812118,-0.0011833061
2.3779764,38.113075,-0.00018704867,-0.0005245739,-0.0009089202,-0.00093175017,-0.0012650889,-0.0012585641
6.904751,38.831184,-0.00032049013,-0.00074264215,-0.0009861379,-0.0015464927,-0.0029674463,-0.0030649458
6.916184,39.08385,-0.00034007253,-0.0007325145,-0.0009988622,-0.0015906474,-0.003106524,-0.0031618057
6.6763687,38.898514,-0.00036617566,-0.00061428454,-0.0007396872,-0.0013919856,-0.0028413911,-0.002967906
7.556132,38.234528,-0.00023372173,-0.0012094976,-0.0017364684,-0.0020604366,-0.0031023999,-0.0032022442
7.7329273,38.49615,-0.00027347778,-0.0013105377,-0.001974128,-0.0023733578,-0.0033910184,-0.0034247695
7.9097223,38.757774,-0.0003191017,-0.0014036621,-0.0022071032,-0.002740573,-0.0036882625,-0.0036539678
7.4151325,38.41097,-0.00024770974,-0.001101213,-0.0015816971,-0.0019516362,-0.0031031237,-0.0031930585
7.5919275,38.672592,-0.0002790997,-0.001202932,-0.0018229502,-0.00225153,-0.0033851038,-0.0034096504
7.2741327,38.58741,-0.0002663604,-0.0009940556,-0.0014216086,-0.0018442599,-0.003100933,-0.0031817192
8.00834,38.16859,-0.00027458882,-0.0015157355,-0.0022506176,-0.0026130567,-0.0034067149,-0.003455036
7.959031,38.463184,-0.00029793574,-0.0014591702,-0.0022288223,-0.0026750918,-0.0035510377,-0.0035573612
7.782236,38.201557,-0.00024825608,-0.0013661238,-0.0020001025,-0.0023250827,-0.0032511808,-0.0033263832
8.652727,38.03514,-0.00039540828,-0.0018913456,-0.0028470964,-0.0034336748,-0.0039011298,-0.0038376793
8.641633,38.268723,-0.00042005075,-0.0018628808,-0.002859167,-0.0035429979,-0.0040638237,-0.003955285
8.443585,38.08538,-0.00035039245,-0.0017779571,-0.0026736178,-0.0031762805,-0.0037287974,-0.0037098895
2.7449021,38.28141,-0.00042242097,-0.0009755424,-0.0013067912,-0.0012795435,-0.001767387,-0.0018299214
2.6531377,38.1089,-0.00035059082,-0.0008383316,-0.0012063743,-0.0012031101,-0.0016005598,-0.0016315232
2.5613732,37.93639,-0.00025489402,-0.00067254994,-0.0010871473,-0.0011075672,-0.0014130301,-0.0014125918
2.9282987,38.104725,-0.00045342828,-0.0010861753,-0.0014505626,-0.0014246434,-0.001861174,-0.0019315559
2.8365343,37.932213,-0.00039184975,-0.00095339224,-0.0013549381,-0.0013542222,-0.0017104517,-0.0017495425
3.1116955,37.92804,-0.00046911967,-0.0011690515,-0.0015656165,-0.0015439927,-0.0019260317,-0.002007041
2.829591,38.54756,-0.0004798584,-0.0010890982,-0.0013776299,-0.0013213163,-0.0019407083,-0.0020429706
3.0976768,38.637028,-0.0005326592,-0.0012602702,-0.0015455233,-0.001464797,-0.0021473942,-0.0022939548
2.767633,38.809284,-0.0004857836,-0.0010600075,-0.0013074075,-0.0012398938,-0.0019764346,-0.0020973205
3.1963844,38.19419,-0.0005083027,-0.001277736,-0.0016302468,-0.0015750655,-0.0020654225,-0.0021853528
3.2810733,38.460342,-0.00053353596,-0.0013358699,-0.0016515683,-0.0015711947,-0.0021779505,-0.0023351503
3.0129879,38.370876,-0.00050137663,-0.0011964377,-0.0015178047,-0.0014607696,-0.002017528,-0.002127161
3.6309772,38.81343,-0.00060030055,-0.001382475,-0.001622321,-0.001531227,-0.002306983,-0.0025431677
3.8961918,38.900364,-0.00065567484,-0.0013496215,-0.001526301,-0.0014639691,-0.002290976,-0.002572525
3.58838,39.144276,-0.0006692387,-0.0013450383,-0.0015026847,-0.0014194024,-0.0023664099,-0.0026115612
6.091953,38.886612,-0.0005130365,-0.00044403493,-0.00038230038,-0.0011624611,-0.0024565882,-0.0027025614
5.926299,39.201023,-0.00060822687,-0.00041605116,-0.00021260548,-0.0010831649,-0.0025094394,-0.0027375764
5.735919,38.807377,-0.0005958722,-0.00048620283,-0.00042859267,-0.0011240147,-0.002240677,-0.0025658493
4.567566,38.900913,-0.0007436678,-0.0010875115,-0.0011107449,-0.0012501582,-0.0021420717,-0.0025111365
4.973726,38.81453,-0.0007198906,-0.0008556739,-0.00084730075,-0.0011699335,-0.002081406,-0.0024724207
4.6861305,39.235847,-0.00086528016,-0.00097652664,-0.000793129,-0.001094632,-0.0022061234,-0.0025651623
2.8099315,37.40873,-0.00022837949,-0.00066432776,-0.0012024845,-0.0012630312,-0.001428528,-0.0014141058
2.9105196,37.581833,-0.00033365868,-0.0008616964,-0.001345668,-0.0013797971,-0.001619419,-0.0016359471
3.0111074,37.754936,-0.00041457568,-0.0010319724,-0.0014674749,-0.0014737557,-0.0017851185,-0.0018335799
2.6353583,37.586006,-0.0001872549,-0.00058241154,-0.0010855229,-0.0011346851,-0.0013218437,-0.0012970832
2.7359464,37.75911,-0.00030145538,-0.000781464,-0.0012302982,-0.0012553283,-0.0015283833,-0.0015351148
2.4607852,37.763287,-0.00013170058,-0.00047058845,-0.0009403143,-0.0009834417,-0.0011918712,-0.0011596016
3.009824,37.357628,-0.00030871783,-0.00082108163,-0.0013573708,-0.0014140891,-0.0015971245,-0.0016103211
3.2097166,37.306522,-0.00036516678,-0.0009515959,-0.0014837829,-0.0015336045,-0.0017212874,-0.001764377
3.409609,37.25542,-0.00039702415,-0.0010566869,-0.0015812315,-0.0016195398,-0.0017992243,-0.0018750028
3.1104121,37.53073,-0.00039361845,-0.0010041909,-0.0014878035,-0.001514702,-0.001760239,-0.0018045119
3.3103044,37.479626,-0.00042813693,-0.0011187706,-0.0016004137,-0.001617062,-0.0018562214,-0.0019307374
3.211,37.703835,-0.00045215964,-0.0011559795,-0.0015944844,-0.0015910319,-0.0018979355,-0.00197437
2.2363627,37.672127,7.5661126e-05,-0.00012568051,-0.0006452327,-0.00070990756,-0.0008052895,-0.0007348024
1.959266,37.681355,0.0003147838,0.00028036564,-0.00027596057,-0.0003582424,-0.00033434413,-0.00023452389
2.1865134,37.403687,0.0002076692,8.784449e-05,-0.000497799,-0.0005805042,-0.0005452551,-0.00044412923
2.585509,37.31757,-5.7372035e-05,-0.00036561955,-0.00094373967,-0.0010224509,-0.0011020203,-0.0010460629
2.4109359,37.494846,1.7656683e-06,-0.00026091217,-0.000807726,-0.00087588263,-0.000963645,-0.00089888345
2.3610866,37.226406,0.00013175368,-4.3742002e-05,-0.00065192115,-0.0007428919,-0.00071263005,-0.00061780284
7.567591,37.990646,-0.00020662272,-0.0012300068,-0.0017271725,-0.0020048264,-0.0029619578,-0.0031002993
7.57905,37.74677,-0.00017680085,-0.0012444259,-0.0017171496,-0.0019551588,-0.002816578,-0.002993195
7.5905094,37.50289,-0.00014398807,-0.0012499708,-0.0017060298,-0.0019103545,-0.0026663505,-0.0028803325
7.793695,37.95768,-0.00022216605,-0.0013901811,-0.0019857553,-0.0022516474,-0.003107863,-0.0032218094
7.8051543,37.713802,-0.00019383681,-0.0014091586,-0.0019688806,-0.0021838073,-0.0029602142,-0.0031126528
8.019799,37.924713,-0.00024893237,-0.0015429396,-0.0022351951,-0.0025252122,-0.0032589727,-0.0033469815
6.9578114,38.47685,-0.0002774445,-0.0007942891,-0.0010580674,-0.0015515975,-0.0028109765,-0.0029587273
6.729429,38.544178,-0.0003173766,-0.00066126644,-0.0008358349,-0.0014150328,-0.00268812,-0.0028650027
6.5010467,38.61151,-0.0003701247,-0.00055504084,-0.00065413537,-0.0013099485,-0.0025698424,-0.0027793923
6.7824893,38.189842,-0.00026163517,-0.00070248387,-0.0009396613,-0.0014403809,-0.0025217084,-0.0027498598
6.5541067,38.257175,-0.00030683196,-0.00059244194,-0.000786587,-0.001348122,-0.0024069434,-0.0026672354
6.6071672,37.90284,-0.00023523855,-0.0006244814,-0.0009217094,-0.001381166,-0.0022314095,-0.0025409814
6.145013,38.532276,-0.0004398333,-0.00047583866,-0.0005537341,-0.0012187763,-0.0023081044,-0.002602539
5.788979,38.45304,-0.0005017436,-0.00051187584,-0.00063155807,-0.0011899904,-0.0020972914,-0.002465542
6.1980734,38.17794,-0.000356704,-0.0005073111,-0.00073068426,-0.0012684249,-0.0021466785,-0.0024884047
7.2398105,38.123962,-0.0002167555,-0.0009932036,-0.001364054,-0.0017247094,-0.0028062782,-0.0029685716
6.9234886,38.0134,-0.00021991658,-0.0007864066,-0.0010736028,-0.001506738,-0.0025138617,-0.0027465874
7.2512693,37.880085,-0.00018468821,-0.001004967,-0.0013744746,-0.0017002099,-0.0026645814,-0.002865739
6.934948,37.769524,-0.00017967701,-0.0007922728,-0.0011196622,-0.0015057608,-0.00237018,-0.0026416082
7.2627287,37.636208,-0.0001488831,-0.0010088771,-0.0013876577,-0.0016793048,-0.0025174546,-0.0027566685
7.0988107,38.300407,-0.0002444664,-0.0008917048,-0.0012123347,-0.0016368681,-0.0028099823,-0.0029644566
8.735597,37.785393,-0.0003863821,-0.0019582058,-0.0028916365,-0.0034132376,-0.0037979893,-0.003762364
8.526455,37.835636,-0.00034028816,-0.0018475787,-0.0027232394,-0.003163891,-0.0036286593,-0.003638329
8.317313,37.88588,-0.00029937958,-0.001727522,-0.0025363914,-0.0029067583,-0.0034761033,-0.003521087
8.6093235,37.585888,-0.00032948708,-0.0019160822,-0.0027701727,-0.0031501942,-0.0035227814,-0.003561171
8.400182,37.63613,-0.00028694712,-0.0017976774,-0.0025877699,-0.002900619,-0.0033729568,-0.0034473152
8.483051,37.386383,-0.00027389085,-0.0018646839,-0.0026345286,-0.0028923932,-0.0032644195,-0.0033677784
8.185537,37.42522,-0.00021601557,-0.0016799049,-0.002344564,-0.0025318915,-0.0030527543,-0.0032002348
8.102668,37.674965,-0.0002327397,-0.0016135679,-0.0022928086,-0.0025298395,-0.0031585384,-0.003276536
7.8880234,37.464054,-0.00017177462,-0.001472525,-0.0020269724,-0.002195888,-0.002856512,-0.0030383482
9.016615,37.8087,-0.0004660468,-0.002083599,-0.0030979118,-0.0037805205,-0.0041349307,-0.0039988616
9.171361,37.632504,-0.0004875698,-0.0021667953,-0.0031859584,-0.003872562,-0.0041768197,-0.004021422
9.213886,37.90933,-0.00053647446,-0.0021567282,-0.0032330528,-0.004076797,-0.0044823936,-0.0042386875
8.890343,37.609196,-0.00040536845,-0.0020495148,-0.0029940286,-0.0035189928,-0.003823865,-0.0037781128
8.76407,37.40969,-0.00034603535,-0.0020112363,-0.0028799267,-0.0032610197,-0.0035359992,-0.00356982
9.045089,37.433,-0.00042515766,-0.0021364647,-0.0030889448,-0.003616971,-0.0038508167,-0.00379173
7.954517,36.817905,-8.4742365e-05,-0.001475478,-0.001982366,-0.002064057,-0.0024591738,-0.0027276035
8.130695,37.007397,-0.00014714945,-0.0016366574,-0.0022101107,-0.0023060187,-0.0027207073,-0.002941415
8.306873,37.19689,-0.00020971311,-0.0017652429,-0.0024328127,-0.0025865326,-0.0029866777,-0.003153305
7.833181,37.046234,-0.000102361795,-0.0014075607,-0.0018999735,-0.0020174661,-0.0025320672,-0.0027836552
8.009359,37.235725,-0.00015865397,-0.001557793,-0.0021229624,-0.0022532917,-0.0027906245,-0.0029925285
7.711845,37.274563,-0.00012205207,-0.0013319462,-0.0018077093,-0.0019660445,-0.0026012168,-0.0028345308
4.186655,38.584507,-0.0005919949,-0.0013101714,-0.0015397264,-0.0014938914,-0.0021642155,-0.0024843635
4.2119036,38.181717,-0.00047530927,-0.0013521014,-0.0016865941,-0.0016034285,-0.0020674854,-0.0023775005
4.237152,37.778927,-0.00038656508,-0.001372002,-0.0017687012,-0.0016678227,-0.0019531897,-0.0022466797
4.5928144,38.498123,-0.0005937935,-0.0011337085,-0.0013347503,-0.0013790564,-0.0020382763,-0.0024184266
4.6180634,38.095333,-0.0004469856,-0.0011872539,-0.0015188728,-0.0014798349,-0.0019216345,-0.0023042045
4.9989743,38.41174,-0.00057378603,-0.0009034722,-0.0010966117,-0.0012778994,-0.0019503573,-0.0023673396
3.9214404,38.497574,-0.00055079797,-0.0013915757,-0.0016781368,-0.0015933241,-0.0022108064,-0.0024799933
3.6562257,38.410637,-0.0005319753,-0.0014142264,-0.001735191,-0.0016438491,-0.0022233662,-0.0024385706
3.946689,38.09478,-0.00047161794,-0.001416633,-0.0017793559,-0.0016873182,-0.0021152792,-0.0023652834
3.6854568,37.429924,-0.00043438317,-0.0012803026,-0.0017428993,-0.0017227854,-0.0019337438,-0.0020774736
3.9613044,37.604424,-0.00041158055,-0.0013854186,-0.0018082324,-0.0017348143,-0.0019738453,-0.0021917757
3.5861523,37.65413,-0.00046393907,-0.0013245841,-0.0017568541,-0.0017221316,-0.0020065075,-0.0021475067
3.862,37.82863,-0.00044837702,-0.0014117857,-0.0018121091,-0.0017335931,-0.0020587272,-0.0022713288
3.4868476,37.878334,-0.0004884193,-0.0013467862,-0.0017475218,-0.0016990437,-0.002064896,-0.0022057542
3.5715368,38.144485,-0.0005057579,-0.0014035479,-0.0017664729,-0.0016895181,-0.0021553012,-0.002334551
5.493349,37.52784,-0.00022148776,-0.0007970668,-0.0012596945,-0.0012981606,-0.0015836691,-0.0020598536
5.455528,37.92794,-0.00037601124,-0.00072897604,-0.0010986031,-0.0012798127,-0.0017675663,-0.002220603
5.4177065,38.32804,-0.0005213012,-0.00067339983,-0.0008776915,-0.0012218751,-0.0019374429,-0.0023582869
5.074617,37.611534,-0.00026585723,-0.0010167427,-0.0014417855,-0.0013901051,-0.0016470555,-0.0020917912
5.0367956,38.011635,-0.0004186673,-0.00095717586,-0.0013012014,-0.0013553356,-0.0018063856,-0.002241424
4.6558847,37.69523,-0.00031847716,-0.0012272772,-0.0016293341,-0.0015309779,-0.0017859224,-0.0021653618
5.864622,37.65284,-0.00025096512,-0.00061055826,-0.0010581292,-0.0012766042,-0.001714672,-0.0021701055
6.2358947,37.77784,-0.0002532928,-0.00054381345,-0.00092161633,-0.001304737,-0.0019384323,-0.0023329721
5.826801,38.05294,-0.00038446308,-0.000554502,-0.00086129736,-0.0012474593,-0.0019126805,-0.0023284627
2.8643565,37.152718,-0.00016642953,-0.0005511324,-0.0011526798,-0.001243118,-0.0013429018,-0.0013165652
2.639934,37.061558,-3.5780667e-07,-0.00026364267,-0.000895118,-0.0010001998,-0.0010141032,-0.0009456657
2.4155116,36.970398,0.00017180413,3.1861007e-05,-0.0006083828,-0.00071971264,-0.000621781,-0.0005134277
2.9187815,36.89671,-0.00010134435,-0.00042229248,-0.0010777566,-0.0012006263,-0.0012453948,-0.001210358
2.694359,36.80555,5.3270876e-05,-0.00015818846,-0.0008260642,-0.00095934345,-0.0009167183,-0.0008381957
2.9732065,36.6407,-3.7351965e-05,-0.00028845167,-0.0009806278,-0.0011364605,-0.0011359653,-0.0010954
3.2641416,37.050514,-0.00030633283,-0.00081915257,-0.001411172,-0.0014945668,-0.0016237763,-0.0016589803
3.064249,37.101616,-0.00024694263,-0.00069675257,-0.0012959336,-0.0013850953,-0.0015063623,-0.0015095792
3.118674,36.845608,-0.00017908835,-0.0005525075,-0.0012071484,-0.0013310706,-0.0014020537,-0.0013989832
3.5695508,37.070248,-0.0003758173,-0.0010319055,-0.0015790638,-0.0016263858,-0.0017611345,-0.0018563829
3.4240832,36.86534,-0.0002944193,-0.0007913747,-0.0014076887,-0.0015056902,-0.0016054703,-0.0016606688
3.2786157,36.660435,-0.00017705477,-0.0005274133,-0.0012042772,-0.0013475874,-0.00140489,-0.0014226867
3.7294927,36.885075,-0.00034565662,-0.0009850266,-0.0015459326,-0.0016000193,-0.0016932703,-0.0018125533
3.5840251,36.680164,-0.00027345502,-0.000740935,-0.0013719002,-0.0014823471,-0.0015552855,-0.0016352176
3.8894343,36.699898,-0.00030736506,-0.00091688265,-0.0014805621,-0.001539051,-0.0015964621,-0.0017444456
3.8453984,37.244747,-0.00039767433,-0.0012513937,-0.0017284025,-0.0017089756,-0.0018589703,-0.0020246783
4.00534,37.059574,-0.00035294078,-0.0012032029,-0.0016859015,-0.0016646942,-0.0017595583,-0.0019512742
4.1212463,37.41925,-0.00036250066,-0.0013521672,-0.0017848696,-0.0017055897,-0.0018737899,-0.0021163616
2.1317706,36.72754,0.00038851087,0.00042849628,-0.00016270936,-0.00027063073,5.6852816e-05,0.00022200179
1.8107922,36.662827,0.0005635112,0.000773424,0.000279512,0.000203704,0.00076310546,0.0009655444
2.126877,36.31983,0.00040798017,0.00046993524,-1.0739804e-05,-0.00010968166,0.00038012138,0.00058601383
2.6894655,36.397842,0.00016402763,5.1973344e-05,-0.00060878694,-0.0007770356,-0.0006227275,-0.00051479397
2.410618,36.56269,0.00026376717,0.00020812244,-0.000416803,-0.00055271137,-0.00031679118,-0.00017475618
2.4057245,36.154984,0.00030510826,0.00028373342,-0.00024368179,-0.0003822918,-8.500695e-06,0.00017256814
7.4313593,37.235474,-8.967108e-05,-0.0011074531,-0.0015326298,-0.0017389583,-0.0023723587,-0.0026485596
7.1035786,37.36879,-0.00010178989,-0.0008816341,-0.0012819577,-0.0015656305,-0.0022275897,-0.002533611
6.775798,37.50211,-0.00013741308,-0.00069989107,-0.0010968924,-0.001438306,-0.0020896487,-0.0024314113
7.272209,36.96806,-2.7338385e-05,-0.000952675,-0.0014121209,-0.0016088146,-0.0020726237,-0.002408956
6.9444284,37.101376,-4.2912005e-05,-0.00076520524,-0.0012376758,-0.00147691,-0.001935109,-0.0023048911
7.113059,36.700645,4.759866e-05,-0.0008101354,-0.0013359033,-0.001492437,-0.0017688688,-0.0021611098
7.674031,36.77882,-3.285563e-05,-0.001232492,-0.0017042882,-0.0018230812,-0.0022290468,-0.0025355262
7.552695,37.007145,-5.9930444e-05,-0.0011738142,-0.0016238061,-0.0017834686,-0.0023024837,-0.002594516
7.393545,36.73973,1.069051e-05,-0.001000389,-0.0014856718,-0.0016381496,-0.0019975395,-0.0023451338
6.1432843,36.79898,6.310785e-05,-0.000666273,-0.0011944474,-0.001202823,-0.0013002964,-0.0018008817
6.4665422,36.7662,6.626332e-05,-0.00063181604,-0.0011890939,-0.0012699844,-0.0014158675,-0.0018905858
6.7898006,36.73342,6.162822e-05,-0.00067799137,-0.0012329556,-0.0013681422,-0.0015768558,-0.0020129285
6.2979116,37.16693,-6.628507e-05,-0.00060769334,-0.0011382353,-0.0013003569,-0.001596882,-0.0020552273
6.62117,37.134155,-5.083859e-05,-0.00064166915,-0.0011520507,-0.0013731052,-0.0017490588,-0.0021663154
6.4525394,37.534885,-0.00016745484,-0.0005894687,-0.0010203659,-0.0013499066,-0.0019090513,-0.002301856
5.7099943,37.284885,-0.00012217886,-0.0007432332,-0.0012414902,-0.0012662691,-0.0014814314,-0.0019705535
5.926639,37.04193,-2.6459515e-05,-0.00070063246,-0.001219235,-0.0012336338,-0.0013867347,-0.001883937
6.081267,37.409885,-0.00015493465,-0.00059985556,-0.0010975803,-0.0012875767,-0.0016524486,-0.002111121
9.81252,37.297577,-0.0006325758,-0.0024313845,-0.0035147613,-0.004398066,-0.004776242,-0.0044112476
9.539433,37.224537,-0.0005402093,-0.002347245,-0.0033717214,-0.0040679174,-0.004290133,-0.0040772697
9.752758,36.99277,-0.0005703429,-0.0024404558,-0.0034652366,-0.004165649,-0.0043605044,-0.00411056
10.432796,36.44113,-0.0006843181,-0.0026709104,-0.0037178583,-0.0045046983,-0.0047775116,-0.0043790992
10.516331,36.68796,-0.0007481284,-0.002679245,-0.003772741,-0.0047239964,-0.00521401,-0.0047176606
10.19944,36.601067,-0.0006426233,-0.0026017309,-0.003637616,-0.0043834574,-0.004603639,-0.004257025
11.125719,35.975292,-0.0007951534,-0.0028385448,-0.003917315,-0.0048110504,-0.0052411803,-0.004769966
11.19525,36.1908,-0.0008527945,-0.0028564252,-0.003971039,-0.004999209,-0.0056286375,-0.0050989203
10.895935,36.128242,-0.00076074764,-0.002788701,-0.003856748,-0.0047176303,-0.0051007187,-0.0046388116
9.176317,37.121666,-0.0004202132,-0.002223518,-0.003150479,-0.003611035,-0.0037324652,-0.0036974726
9.026527,36.78703,-0.00033165468,-0.0021845798,-0.0030078664,-0.0032715779,-0.0032910267,-0.0033764793
8.876737,36.452393,-0.00024167729,-0.0021047988,-0.002822865,-0.0029320936,-0.002886279,-0.003069304
9.389643,36.8899,-0.00044907033,-0.0023280277,-0.0032622104,-0.003729751,-0.0037737852,-0.003711538
9.239853,36.555264,-0.00035806178,-0.0022905255,-0.0031266722,-0.003397883,-0.0033070412,-0.0033737612
9.602968,36.658134,-0.0004775828,-0.002422534,-0.0033609075,-0.0038341656,-0.0038168235,-0.0037230663
8.61428,37.075054,-0.00026355268,-0.0019569995,-0.002709983,-0.0029131193,-0.0031455497,-0.0032781668
8.745508,36.76372,-0.00025287367,-0.002038165,-0.0027733673,-0.0029266682,-0.0030192414,-0.0031786633
8.895298,37.098362,-0.00033923448,-0.002102336,-0.0029488474,-0.0032693362,-0.003417496,-0.003478087
8.261924,36.696068,-0.0001261598,-0.0017052988,-0.0022777868,-0.0023322147,-0.0025943564,-0.0028423509
8.56933,36.57423,-0.00017966473,-0.0019173757,-0.002563837,-0.0026284799,-0.002734091,-0.0029557447
8.438102,36.88556,-0.00019468284,-0.0018488693,-0.0025057602,-0.0026118136,-0.0028637405,-0.003059501
7.9026313,36.514034,-2.1031738e-05,-0.0013662803,-0.0018642858,-0.0019305709,-0.002203282,-0.0025146508
7.850745,36.210167,5.094439e-05,-0.0012269774,-0.0017455431,-0.0018018176,-0.001940596,-0.0022884393
7.7988596,35.906296,0.00013203388,-0.0010671617,-0.0016181072,-0.0016636683,-0.0016690806,-0.0020473076
8.210038,36.392197,-6.352395e-05,-0.0016034766,-0.002138556,-0.0021642884,-0.002335217,-0.0026269245
8.158152,36.08833,5.7100056e-06,-0.0014620565,-0.0019893802,-0.0020047936,-0.00207206,-0.0023997484
8.517445,36.27036,-0.00011757272,-0.0018304073,-0.0024214014,-0.002433362,-0.0024673357,-0.0027365966
7.622145,36.47495,3.6786496e-05,-0.0011154386,-0.0016184641,-0.0017188743,-0.0019707736,-0.0023185483
7.341659,36.43586,8.882004e-05,-0.0008964436,-0.001433348,-0.0015476459,-0.0017370535,-0.002124775
7.5702596,36.171078,0.00011664617,-0.0009827664,-0.0015277097,-0.0016050035,-0.0017041329,-0.002087194
10.7353735,35.540413,-0.0006156093,-0.0027450218,-0.0037003641,-0.00422247,-0.0041317153,-0.0038645763
10.942083,35.634388,-0.0006858685,-0.0027925544,-0.0037956347,-0.0044446695,-0.0045356685,-0.0041867713
11.148793,35.728363,-0.0007561611,-0.002837615,-0.0038858724,-0.0046708575,-0.0049484125,-0.004532339
10.712299,35.78734,-0.00065252115,-0.0027493339,-0.0037399826,-0.004354887,-0.0043984447,-0.004076141
10.919009,35.881317,-0.0007237304,-0.00279401,-0.003830607,-0.0045829294,-0.0048167543,-0.0044114394
10.689225,36.034267,-0.00068849983,-0.0027445073,-0.0037693349,-0.0044860556,-0.00466974,-0.004290403
11.697981,35.557556,-0.0008612441,-0.002937858,-0.004040081,-0.0049835797,-0.0054513467,-0.0050213756
11.770319,35.785885,-0.0009253768,-0.0029703903,-0.0041084276,-0.0051856246,-0.005856649,-0.005378446
11.526742,35.68995,-0.0008449379,-0.0029122434,-0.004008084,-0.00494227,-0.0054131513,-0.004962307
11.31114,35.289803,-0.00071410916,-0.002839521,-0.0038464866,-0.004500672,-0.004596203,-0.004260014
11.497167,35.334923,-0.0007679145,-0.002879169,-0.003921815,-0.004674182,-0.0048949234,-0.0045273886
11.683193,35.380043,-0.00082172547,-0.0029190578,-0.003995808,-0.004848356,-0.0051892097,-0.0047994414
11.325928,35.467316,-0.0007518887,-0.002858129,-0.00389468,-0.004635238,-0.0048474716,-0.0044669933
11.511954,35.512436,-0.0008065218,-0.0028974432,-0.0039678556,-0.004810544,-0.0051525207,-0.0047425213
11.340715,35.64483,-0.0007894255,-0.0028722533,-0.003936442,-0.0047675483,-0.0051032924,-0.0046791313
11.119218,35.37334,-0.00068290374,-0.002810772,-0.0038008352,-0.004411979,-0.004449473,-0.0041252216
11.134006,35.550854,-0.00071965443,-0.0028265077,-0.0038464523,-0.004541924,-0.004696508,-0.004326283
10.927296,35.456875,-0.0006500717,-0.002779442,-0.0037523427,-0.004319409,-0.0042937403,-0.003992577
5.352923,37.148125,-8.582866e-05,-0.0009414854,-0.0013925036,-0.0012937303,-0.0014013449,-0.0018780838
4.9341908,37.23182,-0.00015872896,-0.0011368135,-0.0015581929,-0.0014259605,-0.001523512,-0.0019416116
4.515458,37.315517,-0.00025850118,-0.0012856115,-0.0017053038,-0.0015868525,-0.001702076,-0.0020339466
5.2124968,36.76841,5.203426e-06,-0.0009989955,-0.0013782231,-0.0012293275,-0.0012293011,-0.0016853176
4.7937646,36.852104,-0.00011775577,-0.0011331681,-0.0015237667,-0.0013940695,-0.0013990672,-0.0017752973
5.0720706,36.388695,3.0176938e-05,-0.0008857572,-0.001203256,-0.0010841223,-0.0010512775,-0.0014767281
5.786213,36.66222,0.000108693836,-0.00077796855,-0.0012167359,-0.0011182916,-0.0011338391,-0.0016450781
5.569568,36.90517,1.2834549e-05,-0.0008609711,-0.0013096957,-0.0012073845,-0.0012638947,-0.0017604365
5.4291415,36.525455,0.0001056959,-0.0008761191,-0.0012227179,-0.0010782261,-0.0010542774,-0.0015388667
4.2836466,36.596165,-0.00024145245,-0.000973047,-0.0014531545,-0.0014487804,-0.0014596637,-0.0017009815
4.6778584,36.49243,-0.000117187024,-0.00095939793,-0.0013476459,-0.0012767707,-0.0012552034,-0.0015936133
4.3995523,36.95584,-0.00024794196,-0.0012064318,-0.0016400549,-0.0015597848,-0.0015982443,-0.0018828087
3.1952772,36.230217,3.6955475e-06,-0.0001621492,-0.0008736668,-0.0010772485,-0.0010551114,-0.001040286
2.9115365,35.98736,0.00015813553,7.308513e-05,-0.0005618961,-0.00076772866,-0.00060908543,-0.0005185398
2.6277955,35.7445,0.00025247328,0.00019402933,-0.0002794591,-0.00044213736,-7.6815304e-05,0.00010298562
3.4173481,35.819736,5.3352833e-05,-1.230669e-05,-0.0006927426,-0.0009277618,-0.00090004684,-0.0009267906
3.1336071,35.576878,0.00016243833,0.00011629725,-0.00046069277,-0.0006879144,-0.0005389079,-0.00047993325
3.639419,35.409252,0.00010724318,0.00015209007,-0.00045274472,-0.0006948539,-0.0006717399,-0.0007551111
3.8060958,36.269684,-0.00018340981,-0.0004951725,-0.0011471531,-0.0012965406,-0.0013325614,-0.0014538675
3.5006866,36.24995,-0.0001056593,-0.00033067464,-0.0010344053,-0.0012229871,-0.0012497708,-0.001301988
3.7227576,35.83947,-2.5346279e-05,-0.00010137385,-0.0007776815,-0.0009954225,-0.0010135113,-0.0011172895
4.200308,36.16595,-0.00017480052,-0.00055634405,-0.0011086543,-0.0012021166,-0.00121906,-0.0014360159
4.1169696,35.735733,-5.3837477e-05,-0.00011184716,-0.00070901704,-0.00088482583,-0.0009217063,-0.0011279068
4.59452,36.062214,-9.3685034e-05,-0.00056626473,-0.0009896577,-0.0010134391,-0.0010158223,-0.001333025
2.1066384,35.429092,0.00034214504,0.00030942756,0.0001644954,0.00015430684,0.0009967213,0.0013272628
1.7197245,35.309116,0.00042424048,0.00046766677,0.00053759024,0.00066035904,0.0018580385,0.002246768
2.0912933,34.946056,0.00028506882,0.00017643756,0.00017426038,0.00022015894,0.001224097,0.0016352732
2.6124504,35.261467,0.00024038053,0.00014635093,-0.00015372348,-0.0002794186,0.00022468722,0.0004686217
2.5971053,34.778435,0.0002016639,5.171925e-05,-9.818935e-05,-0.00018016707,0.00043827278,0.00075333536
3.118262,35.09384,0.00019258278,0.00014889454,-0.00026398493,-0.00046586024,-0.00022498977,-0.00012700038
6.2391143,36.357613,0.00021982622,-0.00063759007,-0.0011068262,-0.0010549028,-0.0010370328,-0.0015545367
6.3349447,35.916245,0.0003643275,-0.0005070312,-0.0008804268,-0.0008126389,-0.0007441578,-0.0012764598
6.4307747,35.474876,0.0004893041,-0.00025285137,-0.0005169603,-0.0004654764,-0.00041391753,-0.0009650611
6.5623727,36.324833,0.00021248365,-0.0006142029,-0.0011464715,-0.001152953,-0.0011531619,-0.001649105
6.6582026,35.883465,0.00035408317,-0.0005176232,-0.0009789129,-0.0009514428,-0.0008650303,-0.0013774916
6.885631,36.292053,0.00019001807,-0.00065701426,-0.0012243649,-0.0012812356,-0.0013148995,-0.0017766419
7.114231,36.02727,0.00024000638,-0.0006759741,-0.0012444352,-0.0012904364,-0.0012619599,-0.0017142872
6.886803,35.618683,0.00041039122,-0.0004569025,-0.0009141544,-0.000900327,-0.0007773708,-0.0012829913
7.342831,35.76249,0.00027573848,-0.00069764757,-0.0012651542,-0.0013020841,-0.0012116386,-0.0016534396
5.8820434,36.22085,0.00025368665,-0.0006685599,-0.0010104267,-0.00089667964,-0.00085630897,-0.0013801762
5.524972,36.08409,0.00021564704,-0.00064914464,-0.0009020252,-0.0007838681,-0.0007561733,-0.0012549843
5.9778733,35.779484,0.00037536013,-0.00042128205,-0.0006573858,-0.00056717766,-0.00054035615,-0.0010807936
10.399228,36.080475,-0.00061648095,-0.002677651,-0.00366395,-0.004265231,-0.0042957054,-0.004008949
10.165873,36.24041,-0.0005765805,-0.0026143498,-0.0035872492,-0.0041495254,-0.004141739,-0.003909265
9.932516,36.400345,-0.0005346055,-0.002542459,-0.0035004092,-0.0040215296,-0.0039892383,-0.0038170952
10.132305,35.87975,-0.00050966715,-0.0026112276,-0.0035187984,-0.003922185,-0.0037002696,-0.0035744563
9.898949,36.03969,-0.0004692292,-0.0025439144,-0.003434401,-0.003799044,-0.003569977,-0.0035023626
9.865381,35.679028,-0.00040216875,-0.0025163197,-0.003342723,-0.0035780636,-0.003171493,-0.003196536
10.445376,35.586617,-0.00054696045,-0.002681604,-0.0035965033,-0.004020256,-0.0037916084,-0.0036132727
10.422302,35.833546,-0.0005821941,-0.0026848388,-0.0036353765,-0.004142829,-0.0040413886,-0.003810297
10.155379,35.632824,-0.00047575808,-0.0026071654,-0.003479534,-0.0038078527,-0.0034678336,-0.003390834
9.569401,36.297474,-0.00041429067,-0.0024294425,-0.0032964877,-0.0036151232,-0.0034299812,-0.003434928
9.206285,36.194603,-0.00029442203,-0.0022699032,-0.003033284,-0.0031790861,-0.0029654389,-0.0031107005
9.535833,35.936817,-0.0003490261,-0.0024071021,-0.0032060428,-0.0033958368,-0.0030602193,-0.003151575
10.370044,35.0308,-0.0004304826,-0.0025864912,-0.003408765,-0.0036436457,-0.0031006674,-0.0030713878
10.49182,35.20067,-0.0004924127,-0.0026526346,-0.0035164542,-0.0038343873,-0.0034254636,-0.003318984
10.613597,35.37054,-0.0005540528,-0.0027043638,-0.0036130648,-0.004026099,-0.0037693887,-0.0035828648
10.201823,35.246876,-0.00042336105,-0.0025748892,-0.0033992324,-0.003633556,-0.0031257768,-0.0031135078
10.3236,35.416748,-0.00048534514,-0.0026355318,-0.0035039,-0.0038267998,-0.003448443,-0.0033552684
10.033603,35.46295,-0.00041380702,-0.0025513982,-0.0033770704,-0.0036115046,-0.0031493506,-0.003155585
9.4909115,35.520184,-0.00026840807,-0.00232379,-0.003052682,-0.0031257553,-0.0026474409,-0.0028228846
9.161364,35.777973,-0.00021490347,-0.0021858865,-0.002874671,-0.0029111318,-0.0025796308,-0.002800292
8.831815,36.03576,-0.00016319775,-0.0020178729,-0.0026595488,-0.0026737985,-0.002523418,-0.0027744633
9.116441,35.36134,-0.00012970627,-0.0020237938,-0.002656104,-0.0026281876,-0.0022061167,-0.0024822988
8.786893,35.619125,-7.750392e-05,-0.0018522457,-0.0024438815,-0.0024108172,-0.0021655897,-0.0024665948
8.741971,35.20249,1.6171276e-05,-0.0016076363,-0.0021778774,-0.002136322,-0.001805832,-0.0021398095
8.11323,35.671696,0.000105674146,-0.0012417223,-0.001791175,-0.0018027369,-0.0017189733,-0.0020821714
8.427601,35.437096,6.558013e-05,-0.001425315,-0.0019804973,-0.0019610634,-0.0017645597,-0.0021139707
8.472523,35.85373,-3.1090738e-05,-0.0016631654,-0.002218841,-0.002200558,-0.0021199074,-0.0024366432
7.6674805,34.800606,0.00046692856,-0.00037461877,-0.0008317429,-0.0008503194,-0.000599362,-0.0010638259
8.025644,34.934566,0.00031285256,-0.00074998476,-0.0012966155,-0.0013132592,-0.0010299294,-0.0014400376
8.383807,35.06853,0.0001605274,-0.0011668816,-0.0017284461,-0.0017199697,-0.0014325395,-0.0018025471
7.7112737,35.16917,0.00035078824,-0.00064587104,-0.0011888655,-0.0012101885,-0.0009849619,-0.0014185375
8.069437,35.30313,0.00020557457,-0.0010095554,-0.0015754421,-0.0015883788,-0.0013867336,-0.0017741503
7.7550664,35.537735,0.000237068,-0.00087013224,-0.0014408103,-0.0014718358,-0.0013385743,-0.001745572
7.255245,35.025364,0.0005186209,-0.00026148962,-0.0006602643,-0.00066477,-0.0004879353,-0.0009916101
7.2990384,35.393925,0.0003979665,-0.0005136223,-0.0010240636,-0.0010364215,-0.000864396,-0.0013356198
6.84301,35.25012,0.0005287211,-0.00021796966,-0.0005473167,-0.00052722957,-0.0004202876,-0.0009553941
11.1897745,35.145824,-0.00065700355,-0.002799368,-0.0037638878,-0.004310661,-0.0042569404,-0.0039738445
10.997852,35.229362,-0.0006259594,-0.002771996,-0.003719688,-0.0042257626,-0.0041100704,-0.0038464093
10.80593,35.312897,-0.00059319375,-0.002741426,-0.0036719413,-0.0041364017,-0.0039565535,-0.0037233625
11.068408,35.00185,-0.00060018327,-0.0027535334,-0.0036755905,-0.00412684,-0.003927924,-0.0037013073
10.876486,35.085384,-0.00056919,-0.0027267765,-0.0036325797,-0.004045593,-0.0037824612,-0.0035823793
10.947042,34.857872,-0.00054352736,-0.0027002105,-0.0035817027,-0.0039494927,-0.0036105928,-0.003442758
10.562376,34.973156,-0.00046988117,-0.0026301723,-0.003472988,-0.0037531198,-0.0032679406,-0.0031855884
10.754709,34.915512,-0.00050755084,-0.002667634,-0.0035300364,-0.0038544277,-0.0034390783,-0.0033096513
10.684154,35.14303,-0.00053159485,-0.0026920256,-0.0035771031,-0.003942799,-0.0036033806,-0.0034459934
12.021764,35.23914,-0.0008723209,-0.0029684163,-0.0040745493,-0.0049990164,-0.005393022,-0.005028978
12.174309,35.053116,-0.0008665241,-0.0029705735,-0.0040733432,-0.0049696956,-0.005298577,-0.004978664
12.240745,35.328617,-0.0009431498,-0.0030245343,-0.0041714855,-0.0052208533,-0.005758352,-0.0053751115
11.782619,35.206116,-0.0008095074,-0.0029183216,-0.003984842,-0.004796163,-0.005071797,-0.0047186892
11.696021,34.98707,-0.00074379705,-0.002870516,-0.0038890415,-0.0045649637,-0.0046761543,-0.0043780296
11.609422,34.768017,-0.0006783986,-0.0028134116,-0.0037802362,-0.0043341964,-0.0042947303,-0.0040524113
11.935164,35.020092,-0.00080517126,-0.002920023,-0.003981538,-0.0047672195,-0.0049931845,-0.004681359
11.848566,34.80104,-0.0007384647,-0.0028642958,-0.0038753801,-0.0045287157,-0.0046043904,-0.0043465337
12.087709,34.834064,-0.00079834677,-0.0029149014,-0.00397026,-0.0047291494,-0.0049046087,-0.0046382076
11.410567,35.115875,-0.00070380676,-0.0028371888,-0.0038317642,-0.0044514355,-0.004498872,-0.0041915765
11.5099945,34.941948,-0.00069191435,-0.0028285743,-0.0038098255,-0.0043960544,-0.0043981886,-0.0041221557
11.596594,35.160995,-0.0007566507,-0.0028777982,-0.00390892,-0.004622757,-0.0047874707,-0.004453454
11.289202,34.971897,-0.0006467297,-0.0027920932,-0.003743517,-0.0042611826,-0.0041672606,-0.0039088586
11.167835,34.82792,-0.00058995746,-0.00274079,-0.0036498595,-0.004077864,-0.0038457904,-0.0036389732
11.388628,34.79797,-0.0006348505,-0.0027780933,-0.003715602,-0.004205522,-0.004075053,-0.0038437352
4.1356826,35.120667,0.00011737794,0.00033914,-0.00017419124,-0.00038008,-0.00042537344,-0.00065848173
4.6319466,34.83208,0.00016980106,0.0006222074,0.00026375215,0.00012509328,-2.3224354e-06,-0.00038464725
5.12821,34.543495,0.0002633807,0.00095866737,0.0007744386,0.00070239947,0.00046684287,-4.514265e-05
4.613233,35.447147,2.6153863e-05,8.849746e-05,-0.00034171986,-0.00045597315,-0.00053253426,-0.0008781675
5.109497,35.15856,0.00016921115,0.00035905006,0.0001115523,5.70091e-05,-9.369284e-05,-0.0005675032
5.0907836,35.77363,9.606635e-05,-0.0003484082,-0.00061528885,-0.0005904254,-0.0006205435,-0.0010574921
5.9965863,35.164413,0.0004718505,0.00017753332,7.847381e-05,0.000107689855,-3.2251478e-06,-0.00058022427
5.543685,35.46902,0.000291589,-7.2125855e-05,-0.00022910345,-0.00019192659,-0.00027119459,-0.0007940278
5.5623984,34.853954,0.00033866894,0.0006644251,0.00055677065,0.0005339297,0.00030105835,-0.0002661617
3.6506188,33.613445,0.00016843004,0.00028421372,0.000221327,9.897828e-05,0.00020764947,0.0001391676
3.6468854,34.212048,0.00019981986,0.00032401388,9.12475e-05,-8.1565675e-05,4.0629566e-05,-2.5012076e-05
3.6431522,34.81065,0.00019051248,0.00030186688,-0.00012314177,-0.00034178174,-0.00026011193,-0.00033624066
3.1257286,33.89664,0.00012724352,1.30970475e-05,-6.178975e-05,-0.00017800057,0.00015692723,0.00033564484
3.1219954,34.495243,0.00017219842,9.7776116e-05,-0.00012514001,-0.0002819245,3.6490143e-05,0.00018081182
2.6008384,34.179832,0.00014513993,-7.014555e-05,-9.661746e-05,-0.0001421423,0.00053918746,0.00092823175
4.6356797,34.23348,0.0002793402,0.00093257317,0.00070948835,0.00059481466,0.00045533592,5.4480075e-05
4.1394157,34.522064,0.00022468687,0.0005737642,0.0002200737,3.8333594e-05,1.3813972e-05,-0.00023211812
4.1431494,33.923462,0.00025899053,0.0006635724,0.000492184,0.0003577222,0.00034114235,8.460396e-05
2.1061075,33.88475,0.00018126762,-5.592078e-05,8.277154e-05,0.00018355197,0.0013185296,0.0018778875
1.662228,33.660183,0.00027802878,0.00012764025,0.0004467433,0.0007253791,0.0022564973,0.002858912
2.1362667,33.306477,0.00015401524,-0.00011827326,4.3132426e-05,0.00014893102,0.0012149122,0.0017942617
2.661157,33.023285,7.717145e-05,-0.00020554329,-0.00012615847,-0.0001428265,0.0003835966,0.00078671833
3.1558878,33.318367,8.717245e-05,-5.1448584e-05,-2.8501392e-05,-0.000113124195,0.0001504289,0.00032499456
2.6309977,33.60156,0.00010084349,-0.00015814816,-0.00011969,-0.0001509586,0.00048854965,0.000912379
6.5456195,34.873512,0.00061854377,0.00028278376,0.0001712389,0.00018462533,0.00011521936,-0.0004783758
6.111431,34.563053,0.0005433314,0.00087575795,0.000870759,0.0008661103,0.00058762287,-4.5611978e-05
5.677243,34.25259,0.0004085926,0.0012947586,0.0012748885,0.0012528582,0.00089907285,0.00028046162
6.6604643,34.27215,0.00069623464,0.0009425704,0.00097531424,0.00097429263,0.00072484335,6.9857415e-05
6.226276,33.96169,0.000580311,0.0015303341,0.001629295,0.0016346695,0.0012059567,0.0005192112
6.775309,33.670784,0.00072351,0.0016021793,0.0017801805,0.0018027606,0.0013721003,0.00065288134
7.37009,34.424,0.0006461158,0.00018859899,-2.9577672e-05,-4.2385698e-05,5.7423116e-05,-0.00049151585
6.9578547,34.648754,0.0006620163,0.00027344318,0.00011713952,0.00011621207,0.000119013486,-0.00046082638
7.0726995,34.047394,0.00074527157,0.0008928074,0.0009215836,0.0009209894,0.0007427559,9.627533e-05
9.677385,34.587376,-0.00015966177,-0.0020899845,-0.0027553244,-0.0027422872,-0.0020080195,-0.0022473526
9.740051,34.95126,-0.00024314415,-0.0022942019,-0.003006102,-0.003045723,-0.00237514,-0.0025605846
9.802716,35.315144,-0.00032402456,-0.0024339533,-0.0031984458,-0.0033211962,-0.0027611093,-0.0028751816
9.365581,34.792416,-0.000102638245,-0.0019561385,-0.002585402,-0.002545571,-0.0019326118,-0.0022138653
9.4282465,35.1563,-0.00018739939,-0.0021743965,-0.0028484163,-0.0028473488,-0.0022835885,-0.002520772
9.053776,34.997456,-4.29765e-05,-0.0017926671,-0.0023884496,-0.0023388905,-0.0018673211,-0.0021793589
10.139157,34.88299,-0.00034275258,-0.0024663964,-0.0032370605,-0.0033720077,-0.0027001973,-0.0027754845
9.970937,35.099068,-0.00033443488,-0.002456317,-0.0032243992,-0.003352697,-0.0027304206,-0.0028253847
9.908272,34.735184,-0.0002527709,-0.0023050162,-0.0030242042,-0.0030738069,-0.0023373193,-0.0025041446
10.403185,34.839054,-0.00040474153,-0.002550499,-0.0033542104,-0.0035562944,-0.0029442601,-0.002939969
10.436325,34.647305,-0.00037824546,-0.002504673,-0.003291524,-0.003465192,-0.0027908045,-0.0028095564
10.469466,34.45556,-0.00035106443,-0.0024490957,-0.0032205149,-0.0033697353,-0.0026405386,-0.0026804642
10.595517,34.78141,-0.00044313454,-0.0025939895,-0.0034167767,-0.0036617608,-0.0031060562,-0.003051013
10.628658,34.589664,-0.0004155941,-0.002548206,-0.003352603,-0.0035670113,-0.0029478515,-0.0029182048
10.78785,34.723766,-0.00047967685,-0.002630732,-0.0034714288,-0.0037579965,-0.003271521,-0.0031718062
10.205439,34.4995,-0.00029132105,-0.0023581227,-0.0030998792,-0.0031893936,-0.002409021,-0.0025214339
10.172298,34.691246,-0.00031733763,-0.0024173222,-0.0031729594,-0.0032832432,-0.0025535254,-0.0026482986
9.941412,34.543438,-0.00022756135,-0.0022403107,-0.0029464564,-0.0029796276,-0.0021978188,-0.0023788372
9.307089,34.32158,4.0617583e-06,-0.0015988274,-0.0021809363,-0.0021359234,-0.0014983696,-0.0018131324
8.995284,34.52662,6.831437e-05,-0.0014274038,-0.0019922806,-0.001953248,-0.0014379319,-0.001776404
8.683479,34.731655,0.00013323671,-0.0012469479,-0.0018052874,-0.0017820714,-0.0013766479,-0.0017344832
8.936793,34.055782,0.00018248934,-0.000988617,-0.0015034026,-0.001493348,-0.0009747068,-0.0013341814
8.624989,34.26082,0.0002555555,-0.0008257954,-0.0013392485,-0.001343181,-0.0009053791,-0.0012857207
8.566497,33.78998,0.00037509622,-0.00034525178,-0.00073708163,-0.00075820804,-0.0003632816,-0.0007833074
7.9671526,34.46373,0.0004535596,-0.00035777641,-0.00079934346,-0.0008222518,-0.0005197756,-0.00096857216
8.266825,34.126858,0.00042137376,-0.00034929442,-0.0007689594,-0.00079268514,-0.00044135927,-0.000875141
8.325316,34.597694,0.00029061074,-0.0007883848,-0.0013204609,-0.0013306524,-0.000969412,-0.0013643138
7.669762,34.087124,0.00063996314,0.00026950092,7.765663e-05,6.111753e-05,0.00018619889,-0.00035679864
7.3723717,33.710518,0.00075856433,0.0010241008,0.0011065294,0.0011161736,0.00093488186,0.00027769362
7.9694343,33.75025,0.0006090707,0.00032963627,0.00017043042,0.0001566146,0.00030683298,-0.00022930825
12.524996,34.634293,-0.0008460486,-0.0029531145,-0.0040451423,-0.004875388,-0.0050577703,-0.004848645
12.723137,34.401497,-0.00082999625,-0.0029293117,-0.0040120804,-0.0048032505,-0.004909235,-0.00476728
12.769303,34.719414,-0.00091855385,-0.00302102,-0.004165344,-0.0051253573,-0.0053971265,-0.0051642084
10.999196,34.587345,-0.0005034741,-0.0026451235,-0.0034944792,-0.0038075529,-0.0033736862,-0.003249699
11.05135,34.316822,-0.00046168172,-0.0025718794,-0.003391355,-0.0036591063,-0.0031468468,-0.0030636138
11.103503,34.0463,-0.0004184128,-0.002481341,-0.0032731567,-0.0035031934,-0.0029313688,-0.0028858066
11.219989,34.557396,-0.0005479422,-0.0026857303,-0.003559316,-0.0039252555,-0.003597299,-0.0034395899
11.272142,34.286873,-0.0005041165,-0.002612802,-0.0034522838,-0.0037664508,-0.0033602468,-0.0032490063
11.440783,34.527447,-0.0005907985,-0.0027225777,-0.003621677,-0.0040413323,-0.0038141985,-0.0036372815
10.680812,34.31914,-0.0003768089,-0.002469252,-0.0032507186,-0.0034301144,-0.0027373787,-0.0027389894
10.892158,34.18272,-0.0003992442,-0.002479529,-0.0032677173,-0.0034742127,-0.002835568,-0.0028075634
10.840004,34.453243,-0.0004402212,-0.0025641408,-0.0033773303,-0.0036200013,-0.003048854,-0.0029866346
12.209594,34.586212,-0.00076827395,-0.0028820839,-0.0039132447,-0.004605115,-0.0046942816,-0.0044924375
12.092334,34.30533,-0.00067914656,-0.0027812857,-0.0037372499,-0.004275387,-0.0042219344,-0.004087406
11.975075,34.02445,-0.00059105456,-0.002661098,-0.0035420437,-0.0039572553,-0.0037837343,-0.0037093335
12.407736,34.353413,-0.00075436255,-0.0028551058,-0.003873796,-0.0045328555,-0.004571685,-0.004436526
12.290476,34.072533,-0.00066378096,-0.0027395606,-0.003677704,-0.004189595,-0.0041173454,-0.0040496937
12.605878,34.120617,-0.0007367679,-0.0028169956,-0.0038194614,-0.0044437996,-0.00443906,-0.0043744217
11.731306,34.52016,-0.00065208913,-0.0027764416,-0.0037174048,-0.0042213458,-0.0041227923,-0.003933139
11.85319,34.272305,-0.0006229054,-0.002725557,-0.0036379357,-0.0040957257,-0.0039517316,-0.0038181872
11.970449,34.553185,-0.0007102454,-0.0028295703,-0.0038149138,-0.004408924,-0.004412947,-0.0042150607
11.68455,34.031734,-0.00053528335,-0.0026063719,-0.0034523106,-0.0038028713,-0.0035174284,-0.0034328212
11.562667,34.27959,-0.00056438305,-0.0026712818,-0.003544751,-0.0039282986,-0.003664347,-0.003531888
11.394027,34.039017,-0.000477939,-0.0025477181,-0.0033644524,-0.0036542434,-0.0032318397,-0.00315477
13.441048,33.980675,-0.0008605996,-0.0029336482,-0.004058119,-0.004890612,-0.004876312,-0.004850484
13.144727,33.907375,-0.0007847767,-0.0028440298,-0.0038944574,-0.004595246,-0.0045706066,-0.004577127
13.368175,33.646046,-0.00075606635,-0.0027809506,-0.0038059559,-0.00445588,-0.004388778,-0.004472472
14.20308,33.22275,-0.0007902551,-0.0027699347,-0.0038486319,-0.0045465208,-0.0043869014,-0.00455336
13.861291,33.162167,-0.000713022,-0.0026564165,-0.0036362128,-0.0042112586,-0.004115152,-0.0043250243
14.1309595,32.939613,-0.0007016461,-0.002603837,-0.003568359,-0.004119668,-0.0040250914,-0.004280575
4.161722,33.321587,0.00024514805,0.0006813079,0.00068832334,0.00061560905,0.00055462756,0.00026622874
4.6728253,33.029728,0.0003337543,0.0011575492,0.0012819276,0.0012896567,0.0010532589,0.00058847346
5.1839285,32.737865,0.0004067895,0.001664168,0.00193811,0.0020299659,0.001596621,0.0009967466
4.6542525,33.631603,0.00033215774,0.0010951096,0.0010413709,0.0009773314,0.0008104345,0.0003877397
5.1653557,33.33974,0.00039841517,0.0015609029,0.0016567142,0.0016664808,0.0013253414,0.0007721311
5.146783,33.941616,0.00034851042,0.0013429557,0.0012799497,0.0012350399,0.000952579,0.00042076877
5.714389,33.04884,0.00045504468,0.0020370174,0.0022898165,0.0023601088,0.0018289993,0.0011677068
6.2448487,33.359814,0.0005575194,0.0020675063,0.0022935828,0.002338659,0.0017800223,0.0010628309
5.695816,33.650715,0.00043967972,0.0017530235,0.0018483943,0.001858117,0.001419593,0.0007808002
2.6800668,32.420692,8.062488e-05,-0.00020654332,-8.4657964e-05,-6.200302e-05,0.00030453605,0.0006190907
3.1937077,32.113186,6.0527742e-05,-0.00010577953,5.2160085e-05,7.032442e-05,7.338643e-06,4.0406583e-05
3.7073483,31.805676,8.975756e-05,0.00016601586,0.00043576478,0.0005255343,0.00016309947,-7.380557e-05
3.1747978,32.715775,6.0899256e-05,-9.830779e-05,-2.5323034e-06,-4.6248435e-05,7.929701e-05,0.0002106042
3.6884384,32.408264,9.779614e-05,0.00018763906,0.00036905438,0.00037519436,0.00023085374,7.8924415e-05
3.6695285,33.010857,0.00012843723,0.00023357778,0.00030804903,0.00024344033,0.0002611928,0.00016402769
4.6917353,32.427135,0.00030551982,0.0011575029,0.0014571688,0.0015602397,0.0012062095,0.00068150996
4.180632,32.718998,0.00020962757,0.0006552349,0.0008240248,0.0008305418,0.00066227594,0.0003253702
4.199542,32.116405,0.00017488546,0.0006119582,0.0009198032,0.0010211597,0.0006818844,0.0002854684
1.6622523,31.808651,0.0003502873,0.00022924608,0.0006793698,0.0010873842,0.002160508,0.0026986622
2.188374,31.480036,0.0002497917,3.415197e-05,0.00035067662,0.00059889,0.0010384506,0.001428186
2.1774,32.10412,0.00018690556,-7.519442e-05,0.00016307968,0.00034628398,0.0010763184,0.0015239692
3.2046816,31.489101,9.41928e-05,-6.34771e-05,0.00016685712,0.00026707642,-3.907752e-05,-0.000117019656
2.6910408,31.79661,0.00011769736,-0.00015013313,3.5140456e-05,0.00013150251,0.00027748846,0.0004765953
2.702015,31.172527,0.00018851245,-3.3001244e-05,0.00023723298,0.00040154383,0.0002606666,0.0003832221
7.8570976,32.498894,0.0007215818,0.0020337973,0.0025209298,0.0026395381,0.002116415,0.0013230392
8.093564,32.929256,0.00067103043,0.0011860828,0.0014031318,0.0014589978,0.001294606,0.0006268264
8.33003,33.35962,0.0005430264,0.00036799954,0.00024662138,0.00024189752,0.00042213427,-0.00010278875
7.4965014,32.889523,0.0007651232,0.0019322182,0.0023122302,0.0023938299,0.0018968482,0.0011250529
7.732968,33.31989,0.0007337962,0.0011206571,0.0012694617,0.0012989704,0.0011261979,0.00046211327
7.1359053,33.280155,0.00076589925,0.0017928862,0.0020675506,0.0021167183,0.001649463,0.0009020599
6.5931735,31.849783,0.0004516075,0.002937857,0.003642868,0.0038756505,0.0029357853,0.002071418
6.6538854,32.456783,0.000555676,0.0026935334,0.0031998125,0.0033397565,0.002546485,0.0017416229
6.714597,33.063786,0.00065799785,0.0022561697,0.002588313,0.0026598978,0.0020351647,0.0012679709
6.1234255,32.14581,0.00045151386,0.002557371,0.0031335596,0.0033415623,0.002542029,0.0017528335
6.184137,32.75281,0.0005022102,0.002404275,0.0027907582,0.0029020691,0.00222218,0.0014830782
5.653677,32.441837,0.00044313553,0.002125826,0.0025548057,0.0027151909,0.0020904273,0.0013884895
7.4357896,32.282524,0.00069041026,0.0026568717,0.0032423006,0.0033847508,0.0026157615,0.0017661275
7.0751934,32.673153,0.0006913622,0.0024763164,0.00293352,0.0030403396,0.0023396157,0.0015304951
7.0144815,32.06615,0.0005640515,0.0029579964,0.003601708,0.0037780262,0.0028769393,0.0020131841
10.361884,34.137497,-0.00026476252,-0.0022657872,-0.0029947034,-0.0030747065,-0.0022340494,-0.0023498049
10.254302,33.81943,-0.00017895723,-0.0020310897,-0.0027142172,-0.002744124,-0.001850227,-0.002029348
10.14672,33.501366,-9.4828785e-05,-0.0017401889,-0.0023655978,-0.0023649258,-0.0014792315,-0.0017098461
10.57323,34.001076,-0.00029051566,-0.0022905802,-0.0030311383,-0.0031412402,-0.0023240037,-0.0024007226
10.465648,33.68301,-0.00020540631,-0.0020667328,-0.0027646795,-0.0028218846,-0.0019337574,-0.0020756754
10.784575,33.864655,-0.000312693,-0.0023033605,-0.0030511222,-0.0031888166,-0.0024196869,-0.0024630795
9.83383,34.225372,-0.00013935662,-0.0019982115,-0.002655498,-0.0026429282,-0.0018295113,-0.0020669056
9.463534,33.959576,2.0729125e-05,-0.0014785668,-0.0020443234,-0.0020074071,-0.001308899,-0.0016205953
9.093238,33.69378,0.00019410378,-0.0008379644,-0.0013091434,-0.0013051471,-0.00075994787,-0.001120984
9.990275,33.86337,-0.00011763912,-0.0018804852,-0.0025251566,-0.0025174946,-0.0016523398,-0.0018864664
9.619979,33.597572,3.581482e-05,-0.0013358776,-0.0018748688,-0.0018469411,-0.0011155538,-0.001424836
10.097857,34.181435,-0.00020448255,-0.0021488771,-0.00284516,-0.0028743648,-0.00202176,-0.0022023888
9.073307,32.307762,0.0003799961,0.0007094854,0.00080688135,0.00087991037,0.0009665596,0.00041268423
9.431111,32.70563,0.00022666162,-0.0002220515,-0.00047391927,-0.0004591286,-2.2372365e-05,-0.0004234711
9.788916,33.1035,6.6048386e-05,-0.0010627718,-0.0015367664,-0.0015177163,-0.0008076145,-0.001122571
8.90437,32.801834,0.00039743914,0.00032795794,0.00023750025,0.00025434291,0.0004880875,-6.307602e-06
9.262175,33.199703,0.0002164684,-0.000546592,-0.0009239067,-0.0009236536,-0.00040550553,-0.00078070676
8.735434,33.29591,0.0003959478,-2.8284132e-05,-0.0002856791,-0.00029890632,4.2388976e-05,-0.0004069891
8.262501,32.43518,0.0006398468,0.0016201417,0.0020350323,0.0021504564,0.0018129292,0.0010759565
8.667904,32.37147,0.0005151812,0.0011683746,0.001440824,0.0015392199,0.001417496,0.00076542306
8.498967,32.865547,0.0005412479,0.0007564007,0.0008252284,0.00086118566,0.0009068141,0.000324108
12.786226,33.839237,-0.0007001911,-0.002744989,-0.0037114378,-0.0042747012,-0.0042272783,-0.0042478074
12.651174,33.509773,-0.00059291365,-0.0025726047,-0.0034321474,-0.0038483306,-0.0037572351,-0.0038541346
12.516121,33.18031,-0.00048986933,-0.0023836403,-0.0031488095,-0.003455885,-0.0033440199,-0.0034976401
13.009674,33.57791,-0.00067366543,-0.0026760774,-0.0036128478,-0.004135077,-0.004072455,-0.0041735675
12.874621,33.248444,-0.0005666139,-0.0024893566,-0.003312873,-0.003696741,-0.0036326528,-0.003808938
13.233122,33.31658,-0.00064505124,-0.0025968743,-0.0034983004,-0.0039785155,-0.0039193043,-0.0040970384
12.155423,33.74307,-0.0005599093,-0.002581029,-0.0034279465,-0.0038069924,-0.0036338673,-0.0036329199
12.335772,33.46169,-0.00052578474,-0.002487423,-0.0032955445,-0.003638648,-0.0034863066,-0.0035624309
12.470824,33.791153,-0.0006297914,-0.0026632561,-0.0035649815,-0.0040283385,-0.003935399,-0.003949606
11.773957,33.72113,-0.00048360275,-0.0024945864,-0.0032974668,-0.0035982775,-0.0032832955,-0.0032597543
11.57284,33.417812,-0.00037986945,-0.0023059403,-0.0030528253,-0.0032679248,-0.0028182114,-0.0028368062
11.371723,33.11449,-0.00028094472,-0.0020937405,-0.0028006635,-0.0029473042,-0.002374093,-0.002431683
11.954306,33.43975,-0.00045335828,-0.0024001375,-0.0031706276,-0.0034467846,-0.003171207,-0.003210247
11.753189,33.13643,-0.00035174072,-0.002203344,-0.0029212842,-0.0031191634,-0.0027419233,-0.0028084035
12.134655,33.15837,-0.00042100667,-0.0022964124,-0.0030307379,-0.003280499,-0.003062656,-0.0031693683
11.19291,33.735695,-0.00037346006,-0.0023663768,-0.0031302767,-0.0033294526,-0.002729815,-0.0027202968
11.282316,33.425095,-0.0003272835,-0.0022355847,-0.0029714166,-0.003143373,-0.002543711,-0.0025685893
11.483434,33.728413,-0.0004295547,-0.002434699,-0.0032162971,-0.003466505,-0.0030160989,-0.0029876623
10.873982,33.554054,-0.00027158402,-0.0021733383,-0.0028990025,-0.0030180775,-0.002236114,-0.0023006555
10.555055,33.37241,-0.00016899515,-0.001918434,-0.0025929704,-0.0026426602,-0.0017555732,-0.0019085117
10.963388,33.24345,-0.00023006392,-0.0020293926,-0.002730515,-0.002833345,-0.002064907,-0.0021489777
14.892806,32.38216,-0.00070951734,-0.0025144888,-0.0034666047,-0.0039861705,-0.003906868,-0.004234432
14.946932,32.603474,-0.00076978706,-0.002652091,-0.0037049137,-0.0043290704,-0.0041536577,-0.004418014
14.646717,32.54961,-0.0006989145,-0.0025301434,-0.0034793925,-0.004002545,-0.003920968,-0.0042338422
15.479321,31.999302,-0.000767419,-0.0025281978,-0.0035080414,-0.0040346417,-0.003943856,-0.0042856857
15.540224,32.16523,-0.0008092226,-0.0026377994,-0.0037025963,-0.004308725,-0.004127606,-0.0044212136
15.309108,32.107006,-0.00074501813,-0.0025150585,-0.0034830412,-0.0040047844,-0.0039211595,-0.0042619263
13.48689,33.0188,-0.0006117492,-0.0024974332,-0.003352643,-0.0037850437,-0.0037522707,-0.0040092617
13.382158,32.65288,-0.00050623546,-0.002280238,-0.0030085482,-0.0033172031,-0.003361945,-0.0036953215
13.277426,32.28696,-0.0004113064,-0.0020707555,-0.0027011074,-0.0029176641,-0.0030356483,-0.0034216542
13.756558,32.796246,-0.0006014152,-0.0024376754,-0.0032707658,-0.00368435,-0.0036776003,-0.003985961
13.651827,32.43033,-0.0005000063,-0.0022186895,-0.0029208083,-0.0032146077,-0.0033085565,-0.0036909604
14.026227,32.573692,-0.0005938827,-0.0023793979,-0.0031903659,-0.0035857405,-0.0036096387,-0.003960446
13.128389,32.950665,-0.00053561974,-0.0023864908,-0.0031638383,-0.0035097303,-0.003493136,-0.0037531743
12.769889,32.882526,-0.0004616164,-0.002279551,-0.003001153,-0.0032782955,-0.0032374791,-0.0034776626
13.023658,32.584743,-0.0004344752,-0.0021735292,-0.002849175,-0.0030954252,-0.0031333165,-0.0034520454
14.376654,32.4191,-0.0006202128,-0.0023836289,-0.0032162103,-0.0036320228,-0.0036521773,-0.0040180744
14.35268,32.121147,-0.0005560329,-0.002220151,-0.0029453859,-0.0032714505,-0.0033958245,-0.003821333
14.328706,31.82319,-0.00050218037,-0.0020692,-0.0027040544,-0.002959236,-0.0031746335,-0.0036477083
14.622743,32.251656,-0.0006305167,-0.0023619279,-0.0031923056,-0.0036053152,-0.0036385232,-0.0040216907
14.598768,31.953697,-0.00057241117,-0.0022021804,-0.0029239508,-0.0032493873,-0.0033923474,-0.0038334078
14.868832,32.084206,-0.00064712786,-0.0023489222,-0.00318043,-0.0035925503,-0.0036359006,-0.004031758
13.978279,31.97778,-0.00046579374,-0.0020610031,-0.0026867548,-0.0029262542,-0.0031242413,-0.0035804415
14.002254,32.275738,-0.00052531395,-0.0022149163,-0.00292486,-0.0032334041,-0.003349008,-0.0037587066
13.627852,32.13237,-0.00043622064,-0.0020627407,-0.0026873227,-0.0029140657,-0.0030802917,-0.0035082798
4.221201,31.518461,0.00015853041,0.0005784857,0.0010036919,0.0011991932,0.00063470803,0.0001711272
4.735054,31.231245,0.00024931075,0.0010859272,0.0016897876,0.0019889534,0.0012710775,0.0006334644
5.2489066,30.94403,0.0003355865,0.0016453161,0.002436062,0.002810954,0.0019617882,0.0011978279
4.7133946,31.829191,0.00027116798,0.0011263174,0.0015879242,0.0017978437,0.0012821027,0.00069496414
5.227247,31.541977,0.00035588405,0.0016808661,0.0023154682,0.0026203953,0.0019269006,0.0011971417
5.205588,32.13992,0.0003862729,0.0016952517,0.0021526432,0.002350206,0.0017957872,0.0011289675
6.1450844,31.547865,0.00041002047,0.0026594792,0.0034370094,0.0037497692,0.0028362398,0.0019724849
5.6753364,31.843893,0.00042011845,0.0021857463,0.0028075876,0.003077962,0.0023334723,0.0015596888
5.6969957,31.245949,0.00039398804,0.0021942644,0.003000981,0.0033680387,0.0025132145,0.0016799398
2.7289739,30.566637,0.00028422088,0.00013142353,0.00047367706,0.0006306421,0.00020366412,0.00029881674
3.2585995,30.27732,0.0002663008,0.00020032334,0.00056858454,0.00068556337,-0.0001566006,-0.0003281677
3.7882254,29.988007,0.00028473872,0.00040365168,0.00086317206,0.0009773688,-0.00014270109,-0.00052225974
3.2316406,30.883211,0.00016238671,4.0513514e-05,0.00035174572,0.0005031509,-8.521455e-05,-0.0002370994
3.7612665,30.593895,0.00017810971,0.0002691828,0.0006995257,0.0008882598,-1.1585593e-05,-0.0003880657
3.7343075,31.199785,0.00011447543,0.0001908272,0.00054582977,0.0007135014,8.706909e-05,-0.00023853051
4.762013,30.625357,0.00025752693,0.001065271,0.0017827596,0.0021129528,0.0011621958,0.0004982819
4.24816,30.91257,0.00017365825,0.0005779603,0.0011043134,0.0013608106,0.0005312114,1.0194421e-05
4.2751193,30.30668,0.00023060995,0.0006235708,0.0012168804,0.0014536136,0.00036830976,-0.00017571604
2.2261486,30.234407,0.00043961994,0.0003682702,0.0007788021,0.0009458614,0.0008383042,0.0012355516
1.6977617,29.912281,0.00059060473,0.00061429944,0.0010563468,0.0012585627,0.0016418474,0.0022793063
2.2529492,29.612862,0.00054752297,0.0005243922,0.0008574457,0.0008889901,0.0006793799,0.001127987
3.2854002,29.655777,0.0004053596,0.0004004352,0.0007485684,0.00073982094,-0.00026128077,-0.00040370334
2.7557745,29.945091,0.00040653825,0.00033233888,0.00068347616,0.00074000575,0.00011368638,0.00023000968
2.7825751,29.323547,0.0005393883,0.0005130273,0.00077389955,0.0006847495,-4.802227e-06,0.00017165554
7.9217887,32.048683,0.0006743551,0.0025161947,0.0031672507,0.0033329725,0.0026204146,0.001762588
7.5004807,31.832312,0.00061139977,0.003038905,0.0037647,0.003950639,0.0030295071,0.0021278218
7.0791726,31.615942,0.00048013442,0.003221707,0.004012209,0.004242974,0.0032210778,0.0023016369
7.9864798,31.598473,0.0006028491,0.0029664186,0.0037599443,0.003966791,0.0030825024,0.0021628398
7.5651717,31.382101,0.0005168892,0.0033779468,0.0042356015,0.0044645434,0.003413992,0.0024551845
8.05117,31.148262,0.0005138075,0.003378231,0.00429107,0.004534904,0.0035115539,0.0025306973
8.327192,31.984972,0.00060998194,0.002131801,0.0027445375,0.0029196967,0.0023684455,0.0015506062
8.391883,31.534761,0.00055590534,0.0026292314,0.0034094406,0.0036354288,0.0028880525,0.001994955
8.732595,31.92126,0.0004995466,0.0016753314,0.0021740345,0.0023475066,0.0020048583,0.0012601351
6.6713114,31.266113,0.00037595138,0.0031425834,0.004045162,0.0043607904,0.0033082098,0.0023670956
6.2232223,30.964195,0.00037766565,0.0027646623,0.003729536,0.004115943,0.0031160263,0.0021938854
5.7751336,30.66228,0.00038562855,0.0022432567,0.0032124396,0.0036221256,0.0026599378,0.0018019455
6.7494493,30.682444,0.00031800062,0.0033054801,0.0043771155,0.0047447397,0.0036397127,0.0026498137
6.3013606,30.380527,0.00036994566,0.0028467402,0.0039550946,0.004357184,0.0033068694,0.0023799348
6.827587,30.098776,0.00029999178,0.0034336925,0.004614098,0.0049821315,0.0038756966,0.002899911
7.6433096,30.798433,0.00038664986,0.003757914,0.0047624228,0.005042656,0.003886187,0.002856659
7.1573105,31.032272,0.00036828115,0.003507792,0.004476492,0.0047724303,0.003642949,0.002649856
7.2354484,30.448605,0.00027800794,0.003741189,0.004849191,0.0051851324,0.004024792,0.0029900523
9.301704,31.054893,0.00031355923,0.0019974473,0.002687058,0.002994452,0.0025497817,0.0017401453
9.225572,31.472515,0.00034915787,0.0015654034,0.0020653978,0.0022921162,0.0020175057,0.0012972105
9.14944,31.890139,0.00037210013,0.0011336813,0.0014328847,0.0015779634,0.0014852008,0.00085185666
8.88486,31.086016,0.00040864642,0.002566278,0.0034064245,0.0037034035,0.0030079708,0.0021054472
8.808727,31.50364,0.00046125325,0.0021252902,0.0028075338,0.0030470781,0.0025169486,0.0016914274
8.468015,31.11714,0.00048662027,0.0030490598,0.0039527942,0.0042185346,0.0033260093,0.0023693147
11.0867,32.69405,-0.00015293073,-0.0017387301,-0.0023856722,-0.0024581475,-0.0017561027,-0.0018751897
10.678366,32.82301,-9.976923e-05,-0.0016053361,-0.0022196616,-0.0022541448,-0.0014230458,-0.0016000055
10.270032,32.95197,-3.362727e-05,-0.0014009837,-0.001956566,-0.0019544505,-0.0011196367,-0.0013677856
10.801678,32.27361,-3.962487e-05,-0.0012676748,-0.0018004847,-0.0018188918,-0.0011041015,-0.0013020085
10.393343,32.40257,1.813674e-05,-0.0010271001,-0.0014836958,-0.0014732584,-0.0007551787,-0.0010226198
10.516655,31.85317,5.617547e-05,-0.00063579343,-0.00096463965,-0.00093071745,-0.00036959446,-0.0006618246
9.554423,32.15623,0.00024131936,0.00024785768,0.00019159913,0.0002542072,0.00052214024,6.271333e-05
10.035539,32.0047,0.00013416898,-0.0002171321,-0.0004115473,-0.00035499156,8.060682e-05,-0.00029540967
9.912228,32.5541,0.00010778564,-0.0006524533,-0.0010048421,-0.0009805575,-0.00038400127,-0.0007226
9.706688,31.320986,0.00023286312,0.0010440239,0.0013551075,0.0015616434,0.0015158975,0.00091248774
10.111671,31.587078,0.0001461116,0.00014582569,0.0001003384,0.00020368469,0.0004968945,7.5710115e-05
9.630555,31.73861,0.00024319469,0.00064242055,0.0007638412,0.00088933494,0.001001176,0.0004769406
12.330613,32.82105,-0.00037819374,-0.002161688,-0.0028487153,-0.003062426,-0.0029262924,-0.0031129664
12.145106,32.461784,-0.00027627838,-0.001938219,-0.0025779805,-0.0027198764,-0.002550101,-0.0027462803
11.9595995,32.102524,-0.00018595278,-0.0017089961,-0.0023183955,-0.0024061094,-0.0021872243,-0.0023755536
12.584382,32.523266,-0.00035419106,-0.0020584383,-0.002704512,-0.002893406,-0.002861754,-0.003129662
12.398875,32.164005,-0.00025819885,-0.001844866,-0.0024489127,-0.002569892,-0.0025265284,-0.0027961368
12.83815,32.225483,-0.0003331449,-0.0019593043,-0.0025646396,-0.0027279644,-0.0027960916,-0.0031384253
11.567682,32.77717,-0.0002480123,-0.0019625241,-0.0026383495,-0.002768634,-0.002301617,-0.0023956213
11.76364,32.439846,-0.00021554876,-0.001832251,-0.002474749,-0.0025847345,-0.002240251,-0.0023789033
11.949148,32.799107,-0.0003133806,-0.0020702586,-0.0027496081,-0.0029207345,-0.0026410385,-0.002770867
11.478618,32.019405,-0.00010653841,-0.0014900375,-0.0020794382,-0.0021349238,-0.0016832725,-0.0018268734
11.28266,32.356728,-0.00012886208,-0.0016112993,-0.002230206,-0.002295843,-0.0017132498,-0.0018407701
10.997637,31.936289,-2.7332902e-05,-0.0011491312,-0.0016513129,-0.001668171,-0.0010566982,-0.0012459863
15.475689,31.774902,-0.0007363168,-0.0024175034,-0.003308907,-0.003759622,-0.0037652596,-0.0041554053
15.305476,31.882607,-0.00070949126,-0.0024008001,-0.0032803626,-0.0037253245,-0.0037368573,-0.0041265334
15.1352625,31.990313,-0.0006872554,-0.0023910103,-0.003261072,-0.0037015034,-0.0037160353,-0.004103517
15.301844,31.658207,-0.00068150094,-0.0022938105,-0.0030897688,-0.0034692134,-0.0035704374,-0.0040032757
15.131631,31.765911,-0.00065477955,-0.0022802844,-0.0030669824,-0.00344128,-0.0035445027,-0.003975579
15.127999,31.541512,-0.0006298653,-0.002178463,-0.0028897657,-0.003208201,-0.0033907008,-0.0038596855
14.8615675,31.635405,-0.00058116374,-0.0021310335,-0.0028104354,-0.003105477,-0.0033075742,-0.0037824088
14.8652,31.859804,-0.0006106083,-0.0022356715,-0.0029867396,-0.003335269,-0.0034626564,-0.003900962
14.595137,31.729298,-0.0005389361,-0.0020952944,-0.0027493497,-0.0030233827,-0.0032363515,-0.0037126837
15.705924,31.724405,-0.0007897246,-0.0024953603,-0.003443357,-0.00393407,-0.003886232,-0.0042549046
15.762315,31.557213,-0.00079032645,-0.00244766,-0.0033510455,-0.003803525,-0.0038066893,-0.004200807
15.889436,31.745928,-0.00084225414,-0.0025934514,-0.0036141376,-0.0041607767,-0.0040381346,-0.0043736547
15.53208,31.60771,-0.00073322287,-0.0023651228,-0.0032117781,-0.0036258698,-0.003682309,-0.004097649
15.358234,31.491014,-0.0006801617,-0.0022431659,-0.0029977264,-0.00334589,-0.0034934273,-0.003948978
15.5884695,31.440517,-0.000735551,-0.002318688,-0.0031230403,-0.0035041661,-0.0036080761,-0.004046537
14.568277,31.120335,-0.00048047816,-0.0018550602,-0.002376829,-0.0025429272,-0.0028879524,-0.0034335027
14.754851,31.260727,-0.00052689936,-0.0019510909,-0.0025190492,-0.0027287898,-0.0030385952,-0.003566514
14.941425,31.40112,-0.0005765958,-0.0020588236,-0.0026897546,-0.0029495086,-0.003205628,-0.0037081179
14.4884205,31.35462,-0.00047863042,-0.0019145266,-0.0024672542,-0.002659486,-0.0029699549,-0.003495073
14.6749935,31.495012,-0.0005282235,-0.0020171858,-0.002624659,-0.0028643713,-0.0031301684,-0.0036342144
14.408563,31.588905,-0.0004860902,-0.0019862133,-0.0025764466,-0.0027980313,-0.0030651784,-0.0035663247
12.582973,31.294918,-0.00016234815,-0.0015077702,-0.0020449795,-0.0020878734,-0.0021721125,-0.0025111008
12.814457,31.625599,-0.00023280382,-0.0016906279,-0.0022372098,-0.0023186612,-0.0024520145,-0.0028332234
13.045941,31.95628,-0.00031586492,-0.001872834,-0.0024437371,-0.0025834087,-0.0027292408,-0.0031269174
12.375182,31.564121,-0.0001645316,-0.0015655436,-0.0021247864,-0.0021817521,-0.0021813435,-0.0024720703
12.606666,31.894802,-0.00024263859,-0.0017631656,-0.0023370422,-0.0024375292,-0.002489266,-0.0028178059
12.167391,31.833323,-0.00017298496,-0.0016329917,-0.002216482,-0.002288712,-0.0021864467,-0.0024257812
14.096926,31.562841,-0.00042633378,-0.0019048208,-0.0024570809,-0.002637379,-0.002922112,-0.0034277416
13.746499,31.717432,-0.00038700437,-0.0018976694,-0.0024521209,-0.0026195473,-0.0028722386,-0.0033531613
13.396072,31.872023,-0.00035484208,-0.0018987011,-0.0024626632,-0.0026200952,-0.0028242536,-0.0032678666
13.865146,31.302494,-0.00035927747,-0.0017635926,-0.0022693935,-0.0023889674,-0.0027046872,-0.003223948
13.514719,31.457085,-0.00031674575,-0.0017540673,-0.002271387,-0.002380608,-0.0026517992,-0.0031373242
13.633366,31.042147,-0.0003004818,-0.0016402276,-0.0021274057,-0.0021974677,-0.002511333,-0.0030254975
14.25664,31.094273,-0.0004165839,-0.0017752983,-0.0022723475,-0.0024020404,-0.002753294,-0.003299466
14.176783,31.328556,-0.0004170997,-0.0018342384,-0.0023559255,-0.0025095586,-0.002831747,-0.0033594323
13.9450035,31.068209,-0.0003567314,-0.0017052667,-0.0021916786,-0.0022891902,-0.0026299085,-0.0031661438
12.933104,31.21066,-0.00020345033,-0.00155895,-0.0020787078,-0.002126131,-0.002311889,-0.0027242398
13.283235,31.126404,-0.0002491299,-0.0016011242,-0.0021028765,-0.0021592684,-0.002419828,-0.0028910409
13.164588,31.541342,-0.0002728224,-0.0017232312,-0.0022524986,-0.0023458572,-0.002560388,-0.0030019206
5.30072,30.35534,0.0003473963,0.0016468121,0.00255562,0.0029289194,0.0019125697,0.0011485453
4.8138266,30.036663,0.00031014293,0.0011019869,0.0018808814,0.0021570022,0.0009949844,0.00033148538
4.326933,29.717989,0.000333733,0.00073197414,0.0013284237,0.0014592841,0.00018886477,-0.00034626795
5.3525343,29.766645,0.0004003779,0.0016604017,0.0026096555,0.0028997064,0.0017294245,0.0009974992
4.8656406,29.44797,0.00041193148,0.001166262,0.0019133706,0.0020586567,0.00074600533,0.00011273873
5.404348,29.177952,0.00050547364,0.0016781981,0.0025581142,0.002708433,0.0014297419,0.0007503574
5.8787613,29.484894,0.00047351446,0.0022526896,0.0033247208,0.003601925,0.0024519633,0.001689201
6.353174,29.791834,0.00040769286,0.002875521,0.004047303,0.004399118,0.0033153268,0.0024483304
5.826947,30.073586,0.0004070446,0.002252467,0.003320775,0.003697476,0.0026370292,0.0018100805
3.834284,29.380972,0.00043115258,0.00057797774,0.0009798562,0.000945814,-0.00029698503,-0.0006447645
3.3314588,29.048742,0.00055676093,0.0005773778,0.0008105929,0.0006460258,-0.00039430536,-0.00048031783
2.8286335,28.716513,0.00065193314,0.0005947454,0.00070039346,0.00048394655,-0.00015616631,9.451026e-05
3.8803425,28.773937,0.0006038001,0.00072682713,0.0009747775,0.0007729994,-0.0004752847,-0.0007579157
3.3775172,28.441708,0.0006961267,0.00065756356,0.000717303,0.00041932485,-0.00054301455,-0.0005453404
3.926401,28.1669,0.00076722616,0.00077286793,0.0008194771,0.00048021687,-0.00066589925,-0.0008584352
4.911699,28.840935,0.0005711566,0.0012264975,0.0018230845,0.0017947195,0.0004201063,-0.0001528027
4.3729916,29.110952,0.00048787266,0.0008588934,0.0013510601,0.0013141677,-4.4806897e-05,-0.00053361047
4.41905,28.503918,0.00067664427,0.0009486816,0.0012435251,0.0010339553,-0.00030204188,-0.0007155178
2.3299294,28.363247,0.00067067175,0.00049550825,0.0005132354,0.0003463163,0.00029173034,0.0008958629
1.8101721,28.01288,0.0005786873,0.00023334795,0.00022287513,0.00021254593,0.00086777407,0.0017416868
2.380109,27.735176,0.0005938809,0.00022486907,0.00013086945,-4.9000977e-05,9.044379e-05,0.00078180083
3.427697,27.813637,0.0007715895,0.0005679662,0.00045654754,8.048439e-05,-0.0007046641,-0.00060309947
2.8788133,28.088442,0.00070684863,0.0005151393,0.00045773538,0.00016456336,-0.00032170725,2.2381782e-05
2.9289927,27.460371,0.000636798,0.0002415406,7.775194e-05,-0.00022276485,-0.00048540032,-3.922075e-05
6.9076,29.551865,0.00033296554,0.0035222974,0.0047292104,0.005051992,0.003962761,0.003058991
6.4331865,29.244925,0.0004857448,0.0029086228,0.004053796,0.004316763,0.0032078265,0.0024239167
5.9587736,28.937983,0.0005826188,0.002265163,0.00324929,0.003406105,0.0022057616,0.0015113461
6.9876122,29.004955,0.0004194571,0.0035520855,0.004710327,0.0049598827,0.0038913111,0.0030920838
6.513199,28.698013,0.0006082907,0.0028837533,0.00392081,0.0040799086,0.002964046,0.002271421
7.0676246,28.458044,0.000550305,0.0034944057,0.004542569,0.0047078948,0.00366851,0.0029802546
7.4272747,29.932713,0.00022952288,0.003998308,0.0051680035,0.0055014645,0.0043580844,0.003328448
7.507287,29.385803,0.00022613823,0.0041326946,0.0053184754,0.0056283907,0.0045381896,0.003583095
7.5873,28.838892,0.00028147476,0.004183802,0.005329551,0.0055909534,0.004556337,0.0037164302
8.026962,29.766651,0.0002241181,0.0043406356,0.0054767355,0.0058005024,0.004658219,0.0035905996
8.106975,29.21974,0.00017479193,0.0045422534,0.0056940075,0.0060136938,0.004937595,0.003936374
8.62665,29.600588,0.00021021074,0.0043706708,0.005510938,0.0058678845,0.004780607,0.0036909457
8.242997,30.63237,0.00040619218,0.0037402343,0.004758474,0.005044501,0.0039442736,0.0029035178
7.835136,30.282541,0.00029772078,0.004064336,0.005154768,0.0054627433,0.004287535,0.0032187428
8.434823,30.11648,0.00030151475,0.004073425,0.0051663085,0.0054914067,0.0043722866,0.003290133
9.076686,30.570126,0.0003148501,0.0029550367,0.003933534,0.004298594,0.0034968585,0.0025229682
8.659842,30.601248,0.0003795487,0.0034325742,0.0044497233,0.0047669364,0.0037832214,0.002763072
8.851667,30.085358,0.000275917,0.0037872063,0.004891893,0.005258076,0.0042373016,0.0031668376
9.616808,30.775843,0.00023579806,0.0018728103,0.002547341,0.0028949385,0.0025281287,0.0017388122
9.931911,30.496792,0.00017437112,0.0017291431,0.0023810463,0.0027630487,0.0024838152,0.0017207406
10.247015,30.217741,0.00012749791,0.001574708,0.0021987434,0.0026069046,0.0024189795,0.0016871593
10.021791,31.041935,0.0001744821,0.00091173983,0.0011962934,0.0014222455,0.0014343013,0.00086510193
10.336895,30.762884,0.00012979323,0.00076927437,0.001022484,0.0012591424,0.001329343,0.0007982764
10.426775,31.308027,0.000107182386,2.932191e-05,-4.27897e-05,6.502855e-05,0.0003861652,1.5295147e-06
9.391789,30.291075,0.00023522342,0.0028492918,0.0038478083,0.0042726006,0.0035502848,0.0025775214
9.166772,29.806305,0.0002067002,0.0037395016,0.004886941,0.0053093075,0.0043583075,0.0032819777
9.706893,30.012024,0.000170686,0.0027191362,0.0037268067,0.004211677,0.0035847358,0.0026191848
12.222413,31.162416,-0.000102873026,-0.0013370861,-0.0018673317,-0.001898158,-0.0018520068,-0.0021077176
12.014622,31.43162,-0.000102514205,-0.0013873972,-0.0019370147,-0.0019772588,-0.0018323458,-0.0020483222
11.80683,31.70082,-0.00010747916,-0.0014463385,-0.002016326,-0.002066143,-0.0018060931,-0.0019856764
11.861853,31.029917,-4.8744918e-05,-0.0010978931,-0.0015808424,-0.0016023868,-0.0014066912,-0.0016024731
11.654061,31.299118,-4.5418023e-05,-0.0011391699,-0.0016383382,-0.0016636924,-0.001364503,-0.0015410878
11.501292,30.897415,-1.2236833e-07,-0.00075960957,-0.00113048,-0.0011248738,-0.00081111875,-0.0010117118
11.1730795,31.216,1.7443956e-05,-0.0007228271,-0.0010824469,-0.0010675207,-0.00064067397,-0.0008596226
11.325849,31.617704,-3.616226e-05,-0.0011446781,-0.001647915,-0.0016717154,-0.0012076539,-0.0013773063
10.844867,31.534586,3.4592806e-05,-0.0006822866,-0.0010269325,-0.0010011948,-0.00048753072,-0.000740724
11.0831995,30.670856,5.150312e-05,-0.00014654624,-0.00026301527,-0.00016710734,0.00013452524,-0.00017437029
10.754988,30.98944,7.7170014e-05,-6.0660837e-05,-0.00015388119,-4.8155605e-05,0.00027468716,-7.205266e-05
10.665108,30.444298,9.331858e-05,0.00065078563,0.00088263553,0.0011275178,0.0012424099,0.0007465162
15.161766,31.292522,-0.0006204065,-0.002091268,-0.0027382693,-0.0030101605,-0.0032601333,-0.0037623476
15.195533,31.043535,-0.0006216952,-0.0020185271,-0.002611238,-0.002842999,-0.0031473204,-0.0036779032
15.2293005,30.794546,-0.00063395646,-0.0019609614,-0.0025086708,-0.0027048888,-0.00305081,-0.0036054573
15.392001,31.242025,-0.0006752696,-0.0021593547,-0.0028453947,-0.0031440745,-0.0033636708,-0.0038540987
15.425769,30.993036,-0.00068149116,-0.002090136,-0.0027171632,-0.0029732026,-0.0032517868,-0.003772286
15.622237,31.191528,-0.0007354734,-0.0022389279,-0.0029710135,-0.0032994032,-0.0034797115,-0.003954652
14.788618,31.011738,-0.00052489707,-0.0018804832,-0.0024076505,-0.002583076,-0.0029331313,-0.0034841353
15.008959,30.903143,-0.00057587447,-0.0019153226,-0.0024510575,-0.0026365195,-0.0029869312,-0.0035409369
14.975192,31.15213,-0.00057093834,-0.0019796672,-0.0025581855,-0.0027784696,-0.0030880885,-0.003618568
15.905423,31.155687,-0.0008174125,-0.0023631034,-0.0031708241,-0.0035470892,-0.0036565312,-0.0041026482
15.992142,30.921354,-0.000850119,-0.0023347663,-0.0030945397,-0.0034340702,-0.0035932618,-0.004064525
16.146015,31.171558,-0.0008931475,-0.002499847,-0.0033982333,-0.003833931,-0.0038520303,-0.0042597954
15.708955,30.957195,-0.0007618183,-0.0022025981,-0.0028891722,-0.003183845,-0.0034113773,-0.0039107497
15.512487,30.758705,-0.0007132088,-0.0020616923,-0.0026522602,-0.0028803698,-0.0031939822,-0.0037349586
15.795673,30.722864,-0.00079993095,-0.002181364,-0.0028278322,-0.0030921793,-0.003358037,-0.00387879
14.532233,30.869743,-0.0004667263,-0.001775406,-0.0022623285,-0.0023905362,-0.0027646122,-0.003328596
14.496188,30.61915,-0.0004616779,-0.001710044,-0.0021728245,-0.0022669497,-0.0026560803,-0.0032328176
14.460144,30.368559,-0.0004650017,-0.0016571084,-0.0021037732,-0.0021671895,-0.0025595764,-0.0031437937
14.752574,30.761147,-0.00051688554,-0.0018049566,-0.0022940917,-0.002430933,-0.0028117357,-0.0033825808
14.716529,30.510555,-0.0005177858,-0.0017441376,-0.0022060093,-0.002307946,-0.0027053147,-0.003290482
14.972915,30.65255,-0.00057387934,-0.001843949,-0.0023380686,-0.0024840764,-0.0028673406,-0.0034426688
14.220595,30.84368,-0.0004014983,-0.0016995496,-0.002172719,-0.0022680163,-0.002637197,-0.0031960453
13.908958,30.817617,-0.00034045053,-0.0016314217,-0.0021026793,-0.0021694398,-0.0025187202,-0.0030616994
14.184551,30.593088,-0.00039464104,-0.001636166,-0.0020941186,-0.0021588425,-0.0025336205,-0.003099451
12.601062,30.942423,-0.0001361565,-0.001375074,-0.0018921748,-0.0019162594,-0.0020101375,-0.0023470148
12.619151,30.58993,-0.00012250466,-0.0012428521,-0.0017340697,-0.001747346,-0.0018380276,-0.0021641136
12.63724,30.237434,-0.00012102747,-0.0011035053,-0.0015568045,-0.0015636731,-0.0016401638,-0.0019495877
12.951193,30.858166,-0.00018130922,-0.0014442907,-0.0019495996,-0.0019736295,-0.0021666242,-0.002578708
12.969282,30.505672,-0.00017274034,-0.0013352602,-0.0018245238,-0.0018337902,-0.0020204072,-0.0024224815
13.301324,30.773909,-0.0002324444,-0.0015005409,-0.0019896047,-0.002018015,-0.0022852458,-0.0027595044
12.240501,30.809923,-8.1193924e-05,-0.0011774537,-0.0016705185,-0.0016903897,-0.0016523029,-0.0019035765
11.879942,30.677422,-3.2028674e-05,-0.0008958385,-0.0013106157,-0.0013188912,-0.001140191,-0.0013425954
12.258591,30.457428,-7.0940136e-05,-0.0010081736,-0.0014494747,-0.0014608474,-0.001420245,-0.001664266
13.693121,30.02348,-0.00031640517,-0.0014186476,-0.0018733416,-0.0018702435,-0.0021693038,-0.0026807943
13.6732025,30.363035,-0.0002966516,-0.0014822505,-0.0019463932,-0.0019612506,-0.0022771445,-0.0027972797
13.653284,30.70259,-0.0002911724,-0.0015542156,-0.0020276099,-0.0020667692,-0.0023886561,-0.0029098745
13.341161,30.094797,-0.00024222136,-0.0013315877,-0.0017965373,-0.0017933053,-0.0020368272,-0.0024917808
13.321242,30.434353,-0.00023070145,-0.0014142368,-0.001892861,-0.0019021143,-0.0021626959,-0.0026312862
12.989201,30.166117,-0.00017735075,-0.0012295536,-0.0016962684,-0.0016975137,-0.0018681398,-0.00225341
13.948795,30.138506,-0.00036384785,-0.0015041088,-0.0019531895,-0.0019642734,-0.002305363,-0.0028534308
14.20447,30.253532,-0.00041332544,-0.0015809273,-0.0020255346,-0.0020592695,-0.0024318895,-0.003003711
13.928877,30.478062,-0.00034445905,-0.001560594,-0.002018827,-0.0020548624,-0.0024065108,-0.0029556898
5.4587145,28.589275,0.0006644181,0.0016688029,0.0023716986,0.0023645035,0.0010511671,0.0004414466
4.9660654,28.252258,0.00076382904,0.0012375619,0.0016096589,0.0014204097,8.6439846e-05,-0.00040595318
4.4734163,27.915241,0.00085342093,0.00093530765,0.0010078266,0.0006661407,-0.0005536624,-0.0008760892
5.513081,28.000597,0.0008583672,0.0015805163,0.0020366467,0.0018833072,0.0006231352,0.00010145026
5.020432,27.66358,0.0009490947,0.0011371411,0.0012613076,0.0009453742,-0.0002586597,-0.00065264176
5.567447,27.411919,0.0010366054,0.0013727237,0.0015654018,0.0012959278,0.00017399437,-0.00024328005
6.0131397,28.349304,0.0007459921,0.0021750554,0.002966404,0.0029862304,0.0017792449,0.0011680628
6.0675063,27.760628,0.0009322226,0.0019800842,0.002522052,0.002416776,0.0012756849,0.0007587645
6.5675654,28.109335,0.0007794474,0.0027169117,0.0035637722,0.0036096163,0.0025198383,0.0019264666
2.0074108,26.110085,-0.0003168261,-0.0010395658,-0.0010846204,-0.0009780668,0.00021734786,0.0012766428
2.5800586,25.851133,-0.00033333813,-0.0010982757,-0.0012100617,-0.0012129911,-0.00043543207,0.00047158453
2.5051734,26.479118,3.27124e-05,-0.00065753615,-0.0007806988,-0.00085733784,-0.0002783934,0.0005691503
4.0886464,26.324997,0.0005333576,-0.00014305234,-0.00042243124,-0.00078131043,-0.0012350911,-0.001095666
3.5358605,26.585701,0.00046634104,-0.00015993416,-0.00040418637,-0.0007267047,-0.0010179282,-0.00069950114
2.9830744,26.846403,0.0004087641,-0.00017912757,-0.00037347543,-0.00062398135,-0.00064076117,-9.704912e-05
3.6107454,25.957714,7.924819e-05,-0.00068746746,-0.0009140228,-0.001139035,-0.00117354,-0.00075828267
3.0579596,26.218416,4.935366e-05,-0.00067514315,-0.0008548745,-0.001022312,-0.0007999314,-0.00017183328
3.1328444,25.590431,-0.00033991993,-0.0011472151,-0.0013145062,-0.0013879274,-0.00094023644,-0.00023725677
3.4817786,27.199669,0.0007086288,0.00028532447,6.909424e-05,-0.00031184196,-0.0008641957,-0.0006546617
4.0345645,26.938965,0.0007965646,0.0003358819,8.751375e-05,-0.00033356904,-0.0010523397,-0.0010268643
3.9804828,27.552933,0.0008589404,0.00065171515,0.0005159103,9.910774e-05,-0.0008607837,-0.0009484594
5.074514,27.049612,0.0010506356,0.0008730376,0.0007732045,0.00038043794,-0.0006172251,-0.0008968134
4.5274982,27.301273,0.0009569506,0.0007553925,0.00062477915,0.00020492649,-0.00081748044,-0.0010305394
4.58158,26.687305,0.0008879759,0.00038948617,0.00013211304,-0.00029381405,-0.0010721631,-0.0011697481
7.1911235,26.760399,0.00096138206,0.0024012856,0.0028592963,0.0027648865,0.0020246496,0.0016687947
7.149957,27.32628,0.0008744048,0.0029009858,0.0035806966,0.003567473,0.002676127,0.0022075751
7.108791,27.892162,0.00072084344,0.0032648798,0.0041465373,0.0042203534,0.003232545,0.0026563648
6.649898,26.977571,0.0010668206,0.0020044304,0.0023782717,0.0022327423,0.0013618789,0.0009745697
6.6087317,27.543453,0.0009472052,0.0024228913,0.003041943,0.002986196,0.0019746143,0.0014794178
6.1086726,27.194746,0.0010826786,0.001662754,0.0019461137,0.0017390217,0.0007327667,0.00032049656
7.6067743,28.224424,0.0004264649,0.0040380615,0.005078935,0.0052604405,0.0042845453,0.0035949687
7.6479406,27.658543,0.0005791365,0.0037820511,0.0046805167,0.0047812695,0.0038781695,0.0033150825
7.689107,27.09266,0.0007082494,0.0033784322,0.0041015167,0.004120622,0.0033301578,0.0028857011
8.145925,27.990805,0.00028295463,0.004496897,0.005532067,0.0057425573,0.004821752,0.0041215937
8.187091,27.424923,0.0003904457,0.0042533414,0.0051688813,0.005302287,0.0044663195,0.0039038553
8.685074,27.757185,0.0001555698,0.0048474832,0.0058873524,0.0061397436,0.0052715396,0.004551425
8.6656,28.371653,0.00011971354,0.0048763226,0.0059928275,0.0063106413,0.0053634318,0.0044802832
8.646125,28.98612,0.00013833737,0.004710778,0.005861279,0.0062151374,0.0051884255,0.004166927
8.12645,28.605272,0.00019176632,0.0046070525,0.0057278685,0.006007428,0.005011365,0.0041512037
10.157869,28.58113,4.8977257e-05,0.0038765937,0.005161046,0.0057741227,0.005071522,0.004000031
9.647463,28.920948,8.602357e-05,0.0041328142,0.005380131,0.005893503,0.0050369324,0.00395314
9.137056,29.260769,0.0001430754,0.0043131774,0.0055033034,0.005927189,0.0049405238,0.003850565
9.666938,28.30648,4.7970534e-05,0.0046944665,0.0059163976,0.006393869,0.0055562067,0.004545538
9.156531,28.646301,8.77645e-05,0.004757248,0.005936233,0.006343175,0.0054017846,0.004385394
9.176006,28.031834,6.393683e-05,0.005014969,0.0061381054,0.0064980173,0.005624701,0.0047485195
10.2173,29.672203,0.00010376638,0.0023328809,0.0032784133,0.0038292394,0.0034160533,0.002504097
9.677178,29.466486,0.00012771606,0.0034591414,0.004644395,0.005167059,0.004376435,0.0033121763
10.187585,29.126665,7.522345e-05,0.0031160193,0.0042986297,0.0049200105,0.0043214206,0.003284286
12.262101,29.95565,-7.162458e-05,-0.0007182064,-0.0010433923,-0.0010315985,-0.0009643376,-0.0012024413
11.883451,30.175644,-2.3207605e-05,-0.0005547161,-0.00082570245,-0.00079693284,-0.0006244681,-0.0008506007
11.504802,30.395638,1.5185892e-05,-0.0003649615,-0.00056459045,-0.0005062209,-0.00024898528,-0.00050031504
11.886961,29.673866,-3.1660973e-05,-0.00014662015,-0.0002147454,-0.00010415542,6.764698e-05,-0.00022041761
11.508311,29.89386,1.3156771e-05,9.2079164e-05,0.000119213226,0.00027718116,0.00047959376,0.00013886589
11.511822,29.392084,-1.0091067e-06,0.00062523544,0.0009282907,0.0012423167,0.0013884401,0.0009088921
11.08671,30.169079,5.4136934e-05,0.00035772755,0.0004855288,0.0006912093,0.0008770226,0.00046303068
10.668617,29.942522,8.292961e-05,0.0012425937,0.0017641392,0.0021605934,0.0021208671,0.0014703486
11.0902195,29.667303,4.358363e-05,0.0009233558,0.0013363598,0.0016992274,0.001774657,0.0012106366
11.060504,29.121765,2.692765e-05,0.0016703164,0.002435038,0.0030046455,0.0029298235,0.002155582
10.638902,29.396984,6.4339045e-05,0.0019981556,0.0028615776,0.003436346,0.0032018581,0.0023525758
10.609187,28.851446,4.343033e-05,0.0028076717,0.003950401,0.004635734,0.0042097447,0.0032085017
15.281058,30.518972,-0.0006643386,-0.0019202586,-0.0024291787,-0.0025914274,-0.0029687528,-0.0035450477
15.332817,30.243399,-0.00070835784,-0.0018979865,-0.0023750225,-0.0025057597,-0.0029029308,-0.0034970383
15.384575,29.967825,-0.00076535356,-0.0018932506,-0.0023433957,-0.0024444347,-0.0028516187,-0.0034600615
15.564245,30.483131,-0.0007500237,-0.002025672,-0.002570479,-0.0027619114,-0.003113324,-0.0036782941
15.616004,30.207558,-0.0008005584,-0.0020087361,-0.0025151134,-0.0026727214,-0.0030496584,-0.003634563
15.847432,30.44729,-0.00084308384,-0.0021507458,-0.0027444996,-0.0029688682,-0.003279179,-0.0038260599
15.024673,30.376976,-0.0006064571,-0.0018105427,-0.0022769913,-0.0023928394,-0.0027943186,-0.0033863569
14.768288,30.234982,-0.00055212557,-0.0017165893,-0.0021595808,-0.002234591,-0.002639349,-0.0032365364
15.076431,30.101402,-0.00065213523,-0.0017940165,-0.0022378387,-0.0023254175,-0.0027353882,-0.003340702
16.193172,30.376574,-0.00097092916,-0.002328555,-0.0029957423,-0.0032627124,-0.003503416,-0.004020706
16.307486,30.066124,-0.0010654641,-0.0023627018,-0.002987306,-0.0032180757,-0.003484613,-0.004020411
16.486368,30.386442,-0.0010782446,-0.0025167116,-0.0032848807,-0.0036106077,-0.0037506856,-0.00422385
15.961745,30.13684,-0.00092727435,-0.0021688042,-0.0027234873,-0.0029143132,-0.003249454,-0.003815824
15.730316,29.897108,-0.0008918072,-0.0020374327,-0.0025139675,-0.0026419905,-0.0030300764,-0.003630241
16.076057,29.826391,-0.0010288622,-0.0022132297,-0.0027339645,-0.0028931166,-0.0032406535,-0.0038216228
14.445127,29.993965,-0.0004943174,-0.0016053461,-0.0020366178,-0.0020630355,-0.0024457888,-0.0030343323
14.430109,29.619373,-0.0005404145,-0.0015679426,-0.0019874661,-0.0019838614,-0.002342546,-0.0029264446
14.4150915,29.24478,-0.00060008373,-0.0015349108,-0.0019407242,-0.0019145786,-0.002238347,-0.00280862
14.75327,29.860388,-0.0005943766,-0.0016773854,-0.0020996232,-0.0021346835,-0.0025324398,-0.0031377496
14.738253,29.485794,-0.000653127,-0.0016552614,-0.0020617484,-0.0020629754,-0.0024387203,-0.003043725
15.061414,29.726809,-0.0007073482,-0.0017670003,-0.0021833978,-0.0022282782,-0.002634791,-0.003251759
13.933778,29.763912,-0.00039304054,-0.0014407882,-0.0018802091,-0.0018696502,-0.0021828422,-0.0027167934
14.174435,29.504347,-0.00048756658,-0.0014788801,-0.001902212,-0.0018840343,-0.0022050047,-0.002758307
14.189452,29.878939,-0.00044283856,-0.0015269705,-0.0019616073,-0.0019654164,-0.002318097,-0.0028854026
13.475226,29.62661,-0.00030112325,-0.0012552721,-0.0016909031,-0.0016762422,-0.0019035684,-0.0023507243
13.257331,29.22974,-0.00029174675,-0.0010091444,-0.001375589,-0.0013565591,-0.0014911166,-0.0018554608
13.039435,28.83287,-0.00028262305,-0.00062952685,-0.0008400202,-0.00078306976,-0.00079802965,-0.0011018432
13.715883,29.367043,-0.00038642442,-0.0012880483,-0.0017076813,-0.0016847636,-0.0019263817,-0.0023987698
13.497988,28.970173,-0.00038215006,-0.0010497782,-0.0014015699,-0.0013735234,-0.0015233702,-0.001913546
13.95654,29.107477,-0.00048861955,-0.0013346935,-0.0017368594,-0.0017052313,-0.0019542635,-0.0024489146
13.123266,29.697927,-0.00022247898,-0.0011220493,-0.0015470803,-0.0015394605,-0.0017000264,-0.0020777069
12.771306,29.769247,-0.00015447044,-0.0009618548,-0.0013560322,-0.0013526315,-0.0014279517,-0.0017347425
12.905371,29.30106,-0.00020952796,-0.000808167,-0.0011228464,-0.0011010013,-0.0011558154,-0.0014581853
12.396166,29.487463,-0.00010748678,-0.00051076757,-0.0007268772,-0.0006798814,-0.0006112155,-0.0008683282
12.021027,29.205679,-6.706774e-05,0.00014271188,0.00023745048,0.00043574607,0.0006002329,0.00024642234
12.530231,29.019276,-0.00015905488,-0.000273643,-0.00035471225,-0.00024752866,-0.00015565264,-0.00044600273
2.2645752,24.22344,-0.0008403115,-0.0017167954,-0.0018865913,-0.0016611973,-0.00015864718,0.0009108776
2.8078995,23.98724,-0.0008956642,-0.0018384153,-0.0020965557,-0.0019443377,-0.0007222705,0.00025606752
2.7314215,24.605194,-0.0008130301,-0.0016898485,-0.001876562,-0.0017588877,-0.0006587098,0.0003179744
2.9699929,22.233738,-0.00080990425,-0.0019872745,-0.0023232552,-0.0021641345,-0.00067492237,0.00017174715
2.9271853,22.801512,-0.0008700471,-0.0019619407,-0.0023090257,-0.0021390065,-0.0007240473,0.00018682635
2.511299,22.404972,-0.00065475714,-0.0018048572,-0.0020476517,-0.001811988,-0.00022379338,0.0006266891
3.0571332,20.669558,-0.0004605577,-0.0020080337,-0.0020745287,-0.0019904133,-0.00049462344,0.00014546257
3.0349667,21.167759,-0.0006302066,-0.0020206433,-0.002213513,-0.0020996605,-0.00055180397,0.00015089942
2.6931722,20.798409,-0.00021852601,-0.0017587801,-0.0017330755,-0.0016014072,-0.0001319663,0.00044885374
8.769727,26.17032,0.00023539281,0.0038072795,0.0044932757,0.004492122,0.003967476,0.003645113
8.741509,26.699274,0.00024964142,0.0043207356,0.0051430995,0.0052346736,0.0045576585,0.0041060024
8.713292,27.22823,0.00020814783,0.0046642646,0.0056076213,0.0057862164,0.004998703,0.0044152886
8.2435255,26.367012,0.00050734903,0.0033309888,0.003943302,0.0039144685,0.003345302,0.0030253052
8.215308,26.895967,0.00047980712,0.0038670243,0.0046399673,0.004692787,0.0039688363,0.0035288038
7.7173247,26.563705,0.00076582446,0.002851533,0.0033894381,0.0033328596,0.0026928103,0.0023603458
4.634611,26.077738,0.0006015172,-0.00012603521,-0.00042437733,-0.00079058215,-0.0013098072,-0.0012935242
5.1805754,25.830479,0.00064640853,-0.00012012082,-0.00042068862,-0.00077094603,-0.0012738904,-0.0013245586
5.72654,25.58322,0.0006441136,-0.00012326903,-0.00040775753,-0.0007266568,-0.0011528197,-0.0012213698
5.127545,26.440044,0.000963766,0.00044298286,0.00019915152,-0.00020358348,-0.0009577608,-0.0011206442
5.673509,26.192785,0.000998037,0.00049730967,0.0002881156,-7.190382e-05,-0.00074028195,-0.00091939745
5.620478,26.802353,0.0011169204,0.0010082469,0.00096183846,0.0006180921,-0.00029350424,-0.0005920304
6.1617036,26.585178,0.0011308115,0.0011931707,0.0012270993,0.0009456035,0.00014992511,-0.00013910508
6.2147346,25.975613,0.0009775531,0.000594329,0.00044634085,0.00013792205,-0.00041661668,-0.00058201957
6.702929,26.368006,0.0010691335,0.0014279382,0.0015545981,0.0013347409,0.0006755334,0.0004159528
4.334944,24.459606,-0.00069354783,-0.0016528815,-0.0019464075,-0.0019862792,-0.0017223912,-0.0013211974
3.7749436,24.714119,-0.00066833117,-0.0015868159,-0.0018339265,-0.0018580414,-0.0014446047,-0.00087898684
3.2149436,24.968634,-0.0006507697,-0.0015215558,-0.0017147197,-0.0017060129,-0.0010629346,-0.00030293583
3.8514218,24.096167,-0.00089974806,-0.0018796046,-0.0021960016,-0.0021528015,-0.0015461014,-0.00092881825
3.2914217,24.35068,-0.0008523489,-0.0017860595,-0.0020428267,-0.0019731086,-0.0011556462,-0.0003541113
3.3678997,23.732727,-0.00096226047,-0.0019604936,-0.0022959763,-0.0021908446,-0.0012193123,-0.0003971226
3.6928446,25.335917,-0.00033156705,-0.001183737,-0.0013997777,-0.0015180055,-0.001317774,-0.00082020095
4.252845,25.081404,-0.0003228817,-0.0012211057,-0.0014788314,-0.0016195332,-0.0015763264,-0.0012483357
4.170746,25.7032,0.00012116521,-0.0006946708,-0.00095903943,-0.0012148388,-0.0014124421,-0.0011733312
5.262675,25.208681,0.00016236931,-0.00073774555,-0.0010428854,-0.0012968432,-0.0015585929,-0.0015100025
4.71671,25.45594,0.00015463114,-0.00070985686,-0.0010006953,-0.0012637669,-0.0015307202,-0.0014127804
4.798809,24.834143,-0.00032576584,-0.0012637795,-0.0015544401,-0.0017015032,-0.0017328941,-0.0015257291
7.372452,25.12849,0.0003742168,0.0003724394,0.00032499887,0.00010006708,-2.2661865e-05,-2.292645e-05
7.312009,25.67246,0.0007350799,0.0011366939,0.0012155096,0.0010066819,0.00067370007,0.00055829633
7.2515664,26.216429,0.0009252555,0.00182319,0.00207726,0.0019163731,0.0013684025,0.0011301058
6.8238144,25.280067,0.00055938674,0.00014394647,-1.2939275e-05,-0.00026576317,-0.00050113094,-0.0005389898
6.763372,25.824036,0.0009026914,0.00082076574,0.0007756086,0.0005211232,7.683158e-05,-6.6855966e-05
6.2751775,25.431643,0.0006464181,-1.0077179e-05,-0.0002463708,-0.0005339955,-0.00087730505,-0.0009428383
7.7777677,26.019737,0.0006947792,0.0022168523,0.002572091,0.002445534,0.0020022325,0.0017913147
7.83821,25.475767,0.00046724957,0.0014555306,0.0016493583,0.0014657951,0.0012412576,0.0011594599
8.303968,25.823044,0.00040344993,0.0026664122,0.0031212722,0.0030154649,0.0026455817,0.0024514818
3.0785215,19.433485,0.0007779964,-0.0015086678,-0.0011015672,-0.0011254555,-0.00020315779,0.00024454296
3.0789106,19.80242,0.00022737062,-0.00178384,-0.0015389934,-0.0015229743,-0.0003461212,0.00017998225
2.8012886,19.529295,0.0009917072,-0.0012028683,-0.000698856,-0.00070731,0.00013424271,0.0005018491
3.0952199,18.574232,0.0027021402,-2.3614586e-05,0.00071691966,0.00054484815,0.0005417717,0.00062272424
3.0866764,18.819391,0.0020811623,-0.00060293043,6.346053e-05,-5.5742144e-05,0.00025365304,0.00047206355
2.8722832,18.6161,0.0029601255,0.00043428765,0.0012475881,0.0010672999,0.00089074066,0.0008829131
9.278968,26.437756,5.3314507e-05,0.004669691,0.0055292714,0.0056596994,0.005034545,0.0045714285
9.78821,26.705193,-3.0483066e-05,0.005166115,0.0061518075,0.00643099,0.005759864,0.0051348163
10.297451,26.97263,-3.170377e-05,0.005189843,0.00629154,0.0067226277,0.006066389,0.005276722
9.250751,26.966711,6.7795154e-05,0.004962574,0.00592512,0.0061497,0.0054187453,0.0048182
9.759992,27.234148,2.2087693e-06,0.005186422,0.006260517,0.0066229184,0.0058853338,0.005122218
9.222533,27.495667,6.206727e-05,0.0050739627,0.006125968,0.0064282003,0.00562069,0.0048813676
10.204396,28.044962,2.5817335e-05,0.004446682,0.0057193413,0.006294086,0.0055818316,0.0045607025
9.713465,27.770315,2.427119e-05,0.005019183,0.006176658,0.006605154,0.005813393,0.004916967
10.250924,27.508797,2.778828e-06,0.004902259,0.006100672,0.0066108494,0.0059182104,0.0050004967
11.560763,28.871227,-2.5984049e-05,0.0011975729,0.0017869575,0.0022877338,0.002372465,0.001725399
11.609706,28.35037,-4.9862625e-05,0.0018546359,0.0027250166,0.0034087487,0.0034022108,0.0025816115
11.6586485,27.829515,-6.6728055e-05,0.002589274,0.003687211,0.004489393,0.0043603294,0.0034104723
12.069968,28.684824,-0.000100888494,0.00066055835,0.0010262985,0.0013998228,0.0015692079,0.0010741419
12.118911,28.163967,-0.00013256281,0.0012836356,0.0019397036,0.002519547,0.0026621544,0.001988516
12.579173,28.498419,-0.00020693731,0.00017126185,0.00032885707,0.0005750948,0.00073078356,0.00035188405
11.109447,28.600908,5.5503847e-06,0.0023287903,0.0033526034,0.0040645967,0.0038631759,0.002939724
10.658129,28.330591,2.3507655e-05,0.0034732237,0.0047460636,0.005455602,0.004934105,0.0038830233
11.158388,28.080053,-1.1094153e-05,0.0030377866,0.0042451946,0.005023504,0.0047001173,0.0036882071
10.7511835,27.258259,-1.4024138e-05,0.0047111646,0.0059386105,0.0065306094,0.005945395,0.005009939
11.204916,27.543886,-2.3428262e-05,0.0037833706,0.005062376,0.0058186282,0.005401486,0.0043826564
10.704656,27.794424,6.8246723e-06,0.004140567,0.0054351776,0.006105296,0.005532274,0.004507732
15.45469,29.570726,-0.0008664937,-0.0019128112,-0.0023295411,-0.0023900247,-0.0027972506,-0.0034206838
15.524805,29.173628,-0.0009870937,-0.0019609118,-0.002347791,-0.0023708963,-0.0027636075,-0.0033953427
15.594919,28.776531,-0.0011203288,-0.002031169,-0.0023894282,-0.0023787227,-0.0027441487,-0.0033772606
15.800431,29.50001,-0.0010042372,-0.0020713324,-0.0025056964,-0.0025898437,-0.002983602,-0.0036007494
15.870545,29.102913,-0.0011337341,-0.0021354493,-0.0025329017,-0.0025762983,-0.0029590426,-0.0035854941
16.146172,29.429295,-0.0011501539,-0.0022607704,-0.002730426,-0.0028421315,-0.0032006325,-0.0037993246
15.131529,29.329712,-0.0008116633,-0.0017912735,-0.0021846453,-0.0021955972,-0.0025858602,-0.0032095613
14.808368,29.088696,-0.0007578007,-0.0016728309,-0.0020601111,-0.0020357652,-0.0023835464,-0.0029862965
15.201644,28.932613,-0.00093252136,-0.0018358664,-0.002205805,-0.0021867293,-0.0025496406,-0.0031739527
16.579473,29.351475,-0.0013384274,-0.0025429989,-0.0030931449,-0.0032500478,-0.003520805,-0.0040748627
16.737148,28.947273,-0.0015103284,-0.002695498,-0.0032156077,-0.0033352938,-0.0035759448,-0.004124097
16.937103,29.343987,-0.0014824832,-0.0028073287,-0.0034735044,-0.0036906763,-0.003836863,-0.0043303394
16.303846,29.025093,-0.0013210222,-0.0023934322,-0.002831339,-0.0029074245,-0.0032450738,-0.0038450984
16.028221,28.698711,-0.0013084882,-0.0022738734,-0.0026426679,-0.00265477,-0.003006722,-0.0036308407
16.461523,28.620892,-0.001497034,-0.0025545126,-0.0029652629,-0.0030080634,-0.0033061819,-0.0038968348
14.393408,28.804548,-0.00068010506,-0.0014838782,-0.0018638185,-0.0018200739,-0.0020911666,-0.0026331902
14.371723,28.364317,-0.00076278363,-0.0013985168,-0.0017327288,-0.001677121,-0.0018835046,-0.002385252
14.350039,27.924086,-0.00083603896,-0.0012495345,-0.0015067705,-0.0014352652,-0.0015613249,-0.0020158296
14.786683,28.648464,-0.00085228775,-0.001656232,-0.0020192633,-0.001970451,-0.0022670068,-0.002849855
14.764999,28.208233,-0.0009456972,-0.0016140793,-0.0019402548,-0.0018752073,-0.0021082435,-0.002658822
15.179959,28.492382,-0.001038517,-0.0018494371,-0.0021928148,-0.0021426769,-0.0024561158,-0.0030671873
13.934855,28.667246,-0.0005558883,-0.0012108582,-0.0015595941,-0.0015185019,-0.0017042832,-0.0021535396
13.476303,28.529942,-0.0004353429,-0.0008187623,-0.0010607435,-0.0010059543,-0.0010752379,-0.0014242106
13.913171,28.227013,-0.00062167837,-0.0010215087,-0.0012785686,-0.0012178852,-0.0013232573,-0.0017249678
13.93922,27.666204,-0.0007054874,-0.00069493806,-0.00077861047,-0.0006526573,-0.0006358613,-0.0010122951
13.502353,27.969133,-0.00051190186,-0.00044275605,-0.0004861759,-0.00034594728,-0.00029555953,-0.00064222346
13.065485,28.272062,-0.00034594844,-0.00020576453,-0.00019180798,-2.6216627e-05,6.669504e-05,-0.0002688371
13.528402,27.408325,-0.00056022574,0.00011253953,0.0003452885,0.000656172,0.0008344272,0.00040191278
13.091535,27.711254,-0.0003945348,0.00038353866,0.0006929769,0.0010534126,0.0012495231,0.0007907755
13.117584,27.150446,-0.0004080397,0.0011646472,0.0018025703,0.0024058952,0.0026268722,0.0019699244
12.631272,27.376802,-0.00026221396,0.0016455484,0.0024450747,0.0031483711,0.0033053206,0.0025439851
12.605223,27.93761,-0.00024606872,0.0008267461,0.0013042863,0.0017762437,0.001976968,0.0014230225
12.14496,27.603159,-0.00014860285,0.0021196697,0.0030761028,0.0038502049,0.0038876343,0.0030240766
10.223857,25.436295,-0.0003683009,0.004616536,0.0054857237,0.005590931,0.0051890267,0.0048376704
10.248388,25.948406,-0.00019021606,0.005075388,0.006006487,0.006231191,0.005701617,0.005198243
10.27292,26.460518,-8.909893e-05,0.0052629854,0.0062702894,0.006602989,0.005993213,0.00534476
9.739147,25.68097,-0.00020459914,0.004413225,0.005215525,0.0052714306,0.0048314203,0.0044990624
9.763679,26.19308,-8.6412074e-05,0.0049101156,0.0058044144,0.005977813,0.0053990153,0.0049186405
9.254437,25.925644,-5.454421e-07,0.0041369903,0.004877681,0.004898766,0.004420292,0.00409833
3.4166598,19.990086,-0.00034448577,-0.0021820092,-0.002134395,-0.00211762,-0.0007638482,-0.00012754416
3.416271,19.621151,7.0723116e-05,-0.0020470265,-0.0018593099,-0.001869435,-0.0006864375,-9.427255e-05
3.415882,19.252216,0.00066597643,-0.0017872297,-0.0014481827,-0.0014945964,-0.0005541885,-3.4350516e-05
3.7540202,19.808817,-0.00052188145,-0.0024278278,-0.0024101916,-0.0024165497,-0.0010862687,-0.0004032278
3.7536314,19.439882,-5.664766e-05,-0.0022997018,-0.0021499738,-0.0021799707,-0.0010124133,-0.0003626591
4.0913806,19.627546,-0.0006788887,-0.0026735154,-0.0026706299,-0.0026929884,-0.0014027945,-0.0006827097
4.301654,21.00909,-0.0015203835,-0.0027404882,-0.0031206685,-0.0030916433,-0.0017476577,-0.0010898464
3.8720362,21.228048,-0.001217404,-0.0024745397,-0.002846035,-0.0027988849,-0.0013901611,-0.00067679095
3.4424183,21.447004,-0.0009539852,-0.002232164,-0.0025711646,-0.0024881768,-0.0010116677,-0.00025802743
3.8942025,20.729845,-0.0011721553,-0.0025486678,-0.002825036,-0.0027981515,-0.0013425254,-0.00063239643
3.4645846,20.948803,-0.00088470423,-0.002275515,-0.0025234947,-0.0024621682,-0.00095174706,-0.00023518121
3.4867508,20.4506,-0.00072745123,-0.0022952447,-0.0024179434,-0.0023801494,-0.00090245606,-0.00021849036
4.161472,20.08806,-0.0011578626,-0.0027693296,-0.0029197477,-0.002923879,-0.0015279659,-0.0008088266
4.231563,20.548576,-0.0014137195,-0.002778543,-0.0030578389,-0.003046348,-0.0016397849,-0.0009461298
3.8241115,20.269331,-0.00094216707,-0.002528203,-0.0026722974,-0.0026601015,-0.0012172034,-0.0005107962
3.5022824,21.986362,-0.0010266005,-0.0022145892,-0.002624814,-0.0025281205,-0.0011615852,-0.0003781941
3.9917643,22.306763,-0.001229961,-0.0023528975,-0.0028270974,-0.0027450796,-0.0016262671,-0.0009425256
4.481246,22.627163,-0.0013377577,-0.0024162172,-0.0029047485,-0.0028230243,-0.0019626443,-0.001429939
3.4594748,22.554136,-0.0010238823,-0.0021460329,-0.0025699588,-0.002456657,-0.0012058023,-0.00039251734
3.9489565,22.874537,-0.0011498358,-0.002233184,-0.0026873488,-0.002596324,-0.00163031,-0.00095240166
3.416667,23.121912,-0.0010093768,-0.0020709552,-0.0024686519,-0.0023503262,-0.0012283701,-0.00040030765
3.9001892,23.485352,-0.0010477848,-0.0020827588,-0.0024775425,-0.0023966068,-0.0016037754,-0.00094610156
4.432479,23.237976,-0.0011657844,-0.0022173496,-0.0026554356,-0.0025839543,-0.0019117747,-0.0014049669
4.3837113,23.848791,-0.00096508214,-0.001975627,-0.0023386707,-0.0023062148,-0.001831477,-0.0013672708
4.361518,21.548447,-0.001514452,-0.002652698,-0.003111095,-0.0030591735,-0.0018445846,-0.0012277125
4.421382,22.087805,-0.0014434783,-0.0025450233,-0.0030392776,-0.0029671087,-0.0019195811,-0.0013433207
3.9319003,21.767405,-0.0012478884,-0.0024217525,-0.002866876,-0.0028007717,-0.0015187747,-0.0008139972
8.9691305,24.667059,-0.00057436037,0.0015667789,0.0019621567,0.0017612152,0.0018335371,0.0018845479
8.902663,25.168146,-0.00016111923,0.002464866,0.0029339772,0.0027831986,0.0026420031,0.0025643783
8.836195,25.669233,0.000104487,0.0032141968,0.0037824993,0.0037014047,0.0033559753,0.003153407
8.436904,24.82087,-0.00022493422,0.0010876607,0.0013197253,0.0011130604,0.001154534,0.0012068067
8.370437,25.321957,0.00016202254,0.0019336898,0.0022640766,0.0020976965,0.0019326519,0.0018610585
7.904678,24.97468,0.00010398936,0.00068061816,0.00076299097,0.00055220065,0.00052652677,0.00055997923
9.387373,24.923471,-0.0005095502,0.0027487655,0.0033292924,0.0031875863,0.0030909008,0.003023188
9.805614,25.179882,-0.00044709336,0.00380342,0.0045450227,0.004506128,0.004238353,0.0040377
9.320905,25.424559,-0.00018568969,0.0035340285,0.0041834177,0.0041158916,0.0038144188,0.0036181917
10.140345,24.266087,-0.0012726601,0.0024661908,0.0032360167,0.0031086002,0.0031936627,0.0031999212
10.168181,24.656157,-0.0008852054,0.0033464478,0.004140732,0.004071605,0.003970459,0.0038606247
10.196019,25.046225,-0.00058317353,0.004066796,0.0048944997,0.0049062176,0.004639675,0.0044095404
9.74994,24.399744,-0.0010757908,0.0021946963,0.0028375816,0.0026715603,0.0027583558,0.0027867376
9.777778,24.789814,-0.0007176156,0.0030694199,0.0037562724,0.003643218,0.0035453106,0.0034601016
9.359535,24.533401,-0.00083840895,0.0018883285,0.0024056244,0.0022160439,0.0023006273,0.0023443836
5.0758696,22.959091,-0.0013552182,-0.0023952064,-0.00286027,-0.0027868557,-0.0022009898,-0.0018438598
5.6704936,23.291021,-0.0012378875,-0.0022412715,-0.002657318,-0.002623054,-0.0022639374,-0.002045836
6.265117,23.62295,-0.0010008198,-0.0019505502,-0.0023059377,-0.002344666,-0.0021310553,-0.0019944177
5.0271025,23.569906,-0.0010738991,-0.0020966672,-0.002497119,-0.0024677056,-0.0020846697,-0.0017665621
5.621726,23.901834,-0.0008336019,-0.0018253175,-0.002182158,-0.0022267294,-0.0020638532,-0.0018901814
4.978335,24.180721,-0.0007399695,-0.0017294708,-0.0020634285,-0.0021098347,-0.0019355181,-0.0016754533
5.906066,24.929796,0.00012054169,-0.0007749524,-0.0010761182,-0.0013085884,-0.0014964668,-0.0014722184
5.4422,24.555258,-0.000355587,-0.0013189135,-0.0016342303,-0.0017783259,-0.0018182899,-0.0016965551
6.0855913,24.276373,-0.00045435881,-0.0013975846,-0.0017152585,-0.00184861,-0.0018260897,-0.0017319976
7.0033402,24.626644,-3.354007e-05,-0.00063104485,-0.0008380131,-0.0010439529,-0.0010471389,-0.0009820128
6.454703,24.778221,8.918762e-05,-0.0007145573,-0.000984096,-0.0012044116,-0.0013130092,-0.001281197
6.6342287,24.124798,-0.0005360279,-0.0013932708,-0.0016839426,-0.0018187121,-0.0017250318,-0.0016255853
7.940308,23.809774,-0.0010491768,-0.0012377027,-0.0013438937,-0.0014942246,-0.0011557163,-0.0009604069
7.7510223,24.249348,-0.00053595303,-0.0006947087,-0.0007878618,-0.0009728508,-0.0007744881,-0.00062587723
7.561737,24.68892,-5.075681e-05,-0.00015052277,-0.00022789228,-0.0004387636,-0.00039340128,-0.00031165124
7.381911,23.7475,-0.00096094894,-0.0015801986,-0.0018063833,-0.0019209177,-0.0016461739,-0.0014931461
7.1926255,24.187073,-0.0004901892,-0.0011119976,-0.0013278044,-0.0014897734,-0.0013480374,-0.0012301911
6.823514,23.685225,-0.0009528011,-0.0017982636,-0.0021031357,-0.0021815305,-0.0019589006,-0.0018314295
8.283249,24.095537,-0.0008768238,-0.00049834204,-0.00046089376,-0.0006564677,-0.00036009515,-0.00016597843
8.62619,24.381298,-0.00071563234,0.00045917378,0.00067269476,0.00045451825,0.0006646098,0.0008105806
8.093964,24.535109,-0.00035694696,0.00010692483,0.00016060329,-5.009085e-05,9.1860595e-05,0.0002136622
3.3511956,18.419256,0.0027310965,-0.00020604492,0.00047266745,0.0002800398,0.00030699908,0.0004193032
3.5986276,18.50944,0.0021505852,-0.00095547974,-0.0004021759,-0.0005610104,-0.00022449064,6.954163e-05
3.8460598,18.599625,0.0016039116,-0.0015607921,-0.0011314605,-0.0012610444,-0.00067921664,-0.00023042894
3.3426518,18.664415,0.0020937847,-0.00079543015,-0.00018764079,-0.00032666052,2.4338365e-06,0.00026248526
3.590084,18.7546,0.0015297103,-0.0014129978,-0.0009425571,-0.0010551728,-0.00046265995,-4.6624424e-05
3.3341084,18.909575,0.0015005284,-0.0012394885,-0.0007222978,-0.0008171409,-0.00022393178,0.00015101909
3.9278333,18.942265,0.00067316793,-0.0021322807,-0.0018504759,-0.0019267858,-0.001023855,-0.00042318355
4.0096073,19.284906,-9.628439e-05,-0.0024763432,-0.0023391896,-0.0023820596,-0.0012470366,-0.0005625099
3.6718578,19.09724,0.0006492698,-0.0019667156,-0.001660052,-0.0017224062,-0.0007958998,-0.00023223246
3.2412775,18.142872,0.003641613,0.0009809342,0.0017290898,0.0014553057,0.0009823106,0.000826296
3.0878115,17.951862,0.0043849773,0.0022089847,0.0029444918,0.002593195,0.0016718517,0.0012835672
3.3787913,17.95667,0.0039355303,0.0012991108,0.0020041254,0.0016895974,0.0010946136,0.00085507927
3.4887094,18.233055,0.0030442972,2.1077632e-05,0.0006865983,0.0004562016,0.00035705997,0.00040652507
3.6262233,18.046854,0.0033665467,0.00030190402,0.0009424194,0.0006712914,0.00044500057,0.00041751078
3.7361417,18.323238,0.0024788457,-0.0007780919,-0.00022448742,-0.0004175273,-0.00020004952,4.250306e-05
4.3636174,19.397367,-0.0006600132,-0.0028494191,-0.0028235235,-0.002858622,-0.0016394879,-0.00089829066
4.2818437,19.054726,3.5623492e-05,-0.0026167203,-0.0024653426,-0.0025246097,-0.0014670452,-0.00076125574
4.20007,18.712084,0.0009119612,-0.0022160998,-0.001934461,-0.0020329857,-0.0012109181,-0.00059928047
4.635854,19.167187,-0.0005562469,-0.0030122777,-0.0029609504,-0.0030064424,-0.0018665232,-0.0011109004
4.5540805,18.824545,0.00026323055,-0.00272959,-0.0025644607,-0.002639826,-0.0016674205,-0.0009518846
4.9080906,18.937006,-0.00034842562,-0.0031521907,-0.003077147,-0.0031324616,-0.002078568,-0.0013185409
12.687632,26.782942,-0.00025068878,0.0025944037,0.0036357965,0.004468251,0.004490379,0.003577548
12.20132,27.009298,-0.0001496659,0.0030455736,0.00419292,0.0050358367,0.0049247933,0.003959358
11.715008,27.235655,-7.556289e-05,0.0034714995,0.0047007343,0.005514534,0.005250595,0.004251982
12.257679,26.415436,-0.00013349569,0.0039360514,0.0051199268,0.005898419,0.0056645656,0.004709836
11.771366,26.641792,-8.1769766e-05,0.0042834557,0.00549553,0.006218921,0.005868053,0.004922761
11.827725,26.047932,-0.0001076926,0.0048610563,0.005984709,0.006584017,0.0062041148,0.0053734123
10.75848,25.640173,-0.00027992247,0.005133239,0.0061009577,0.0063757356,0.0059134075,0.0053963414
11.293103,25.844053,-0.00017072058,0.0052275863,0.006270245,0.0067048706,0.006252095,0.0055741663
10.783011,26.152285,-0.0001381765,0.0052816654,0.0063056517,0.0066886595,0.00615546,0.0054935864
11.317635,26.356165,-8.4670246e-05,0.0050246143,0.0061476226,0.0066946424,0.0062215175,0.005406896
10.807543,26.664396,-5.904418e-05,0.005135839,0.0062510096,0.0067406544,0.006174207,0.005373156
11.261275,26.950026,-4.170376e-05,0.004514118,0.0057435464,0.0064068516,0.005938871,0.0049978187
15.677936,28.307734,-0.0012824491,-0.002131609,-0.0024560895,-0.002410768,-0.002728642,-0.0033538223
15.760952,27.838936,-0.0014351283,-0.002234426,-0.002524512,-0.0024508862,-0.0027052588,-0.0033115782
15.843968,27.370138,-0.0015633765,-0.0023176617,-0.0025722543,-0.00247675,-0.0026531392,-0.0032299394
16.111237,28.229914,-0.0014730311,-0.0023997398,-0.0027310252,-0.002703074,-0.0030064464,-0.0036211868
16.194254,27.761116,-0.001623413,-0.0025282474,-0.0028259964,-0.0027644993,-0.0030009155,-0.0035946006
16.544538,28.152094,-0.0016566841,-0.0026932913,-0.0030629092,-0.003061487,-0.0033090496,-0.0038870214
15.262976,28.023584,-0.0011885231,-0.0019093789,-0.002216423,-0.0021437188,-0.0023987947,-0.0029919606
14.848016,27.739435,-0.0010745238,-0.0015936133,-0.0018631942,-0.0017825919,-0.0019468623,-0.002468319
15.345992,27.554787,-0.0013213941,-0.0019488202,-0.0022116194,-0.002121007,-0.002304367,-0.0028700582
17.073652,28.031767,-0.0018681046,-0.0030782933,-0.0035540662,-0.0036007324,-0.0037047868,-0.0042029354
17.25248,27.520464,-0.0020239307,-0.0032674433,-0.00373189,-0.0037488823,-0.003749547,-0.0042044437
17.536839,28.00167,-0.0020126763,-0.0034035186,-0.0040507624,-0.004177326,-0.0040890533,-0.0044913157
16.723368,27.64079,-0.0018397268,-0.0029017471,-0.0032492995,-0.003215267,-0.0033701153,-0.003910916
16.373081,27.249813,-0.0017890326,-0.002709107,-0.0029811235,-0.0028951187,-0.003035503,-0.003589099
16.902195,27.129486,-0.0019840794,-0.0030806889,-0.003414842,-0.0033570582,-0.0034039079,-0.0038971815
14.40709,27.435051,-0.000925277,-0.0010557057,-0.0011953724,-0.0010868318,-0.0011161707,-0.0015400606
14.464141,26.946018,-0.00097322214,-0.00073710596,-0.0007117163,-0.00052947295,-0.00044793214,-0.0008721597
14.521192,26.456985,-0.00096494186,-0.0002525803,-1.2199938e-05,0.00029284394,0.00046736133,-1.5708863e-05
14.9050665,27.250402,-0.001167261,-0.0014840859,-0.0016689964,-0.0015668863,-0.0016401571,-0.002123632
14.962117,26.76137,-0.0012120988,-0.001259363,-0.0013235795,-0.0011818398,-0.0011520939,-0.0016083953
15.403043,27.065754,-0.0014114279,-0.0019103083,-0.00211343,-0.0020064402,-0.0020993939,-0.0026256714
13.996272,27.177172,-0.0007581696,-0.000306167,-0.00019012988,4.490477e-05,0.00017478479,-0.00023697305
13.585454,26.919292,-0.00057510816,0.00071197696,0.0012062012,0.0017063349,0.0019404079,0.0013658486
14.053323,26.688139,-0.0007630243,0.00024075955,0.0006011029,0.000998373,0.0012117162,0.00069608976
13.376843,25.831913,-0.00031220628,0.0030785894,0.0041291574,0.004928113,0.0049046953,0.003971937
13.758293,26.04027,-0.0005087507,0.0019649626,0.0028355576,0.0035773402,0.0037090937,0.0028797803
14.139743,26.248629,-0.0007354728,0.00080275396,0.0013738797,0.0019156202,0.002133238,0.0014927099
13.290423,26.271423,-0.00037452055,0.0024327415,0.0034098784,0.004214439,0.004290052,0.0034046106
13.671873,26.479782,-0.0005622869,0.0013036104,0.0020065086,0.002654093,0.0028660279,0.0021546646
13.204004,26.710936,-0.00040776585,0.0017730225,0.0026065498,0.0033429265,0.0035123948,0.002724165
12.860471,25.90392,-0.00019153429,0.0038075594,0.004932163,0.0057060295,0.0055560344,0.0046166494
12.774052,26.34343,-0.00022913206,0.0032331238,0.004348498,0.0051785456,0.005103786,0.004153397
12.344098,25.975925,-0.0001268763,0.004406803,0.0055508655,0.006249273,0.0059766355,0.005078276
11.338763,24.493736,-0.0008629956,0.004232874,0.0052926503,0.0054786988,0.005306744,0.005009443
11.501751,25.0118,-0.0004411862,0.00493081,0.0059683295,0.006291639,0.005971505,0.005480003
11.664739,25.529867,-0.00020426702,0.005145831,0.00619643,0.006650769,0.0062653646,0.0055970945
10.967128,24.807922,-0.00070059916,0.004439581,0.0054220213,0.005572429,0.0053167203,0.0050028157
11.1301155,25.325987,-0.00036360478,0.0050635394,0.006060214,0.0063570933,0.005963856,0.0054603214
10.595492,25.122108,-0.00053515984,0.004564829,0.005482472,0.005605897,0.0052744085,0.004942439
10.539817,24.34197,-0.0011881104,0.0031735844,0.004068644,0.004025297,0.004008316,0.0039244476
10.93929,24.417852,-0.0010473924,0.0037702913,0.0047641164,0.004829682,0.0047235717,0.004537827
10.567655,24.732038,-0.0008165487,0.003961111,0.004863889,0.004896436,0.0047062985,0.004499449
4.523804,19.769747,-0.0012721707,-0.0030359293,-0.0031444477,-0.0031615573,-0.0018453413,-0.0011130243
4.9562273,19.911947,-0.0018037349,-0.003349454,-0.003532013,-0.0035326576,-0.0022454394,-0.0015693827
5.388651,20.054146,-0.0022663365,-0.003627202,-0.0038520207,-0.003821144,-0.0025839673,-0.002008995
4.593895,20.23026,-0.0016370865,-0.0030583097,-0.0032958165,-0.0032948132,-0.0019425524,-0.0012605162
5.0263186,20.372461,-0.0020607181,-0.003313971,-0.0036046219,-0.003582787,-0.002303647,-0.0017112772
4.663986,20.690775,-0.0017963026,-0.0030154043,-0.0033597408,-0.0033391842,-0.002025638,-0.0014059333
5.0682774,19.309385,-0.001229742,-0.0034223981,-0.0034608569,-0.003485357,-0.002310721,-0.0015675443
5.228464,19.681767,-0.0018628646,-0.0035673848,-0.0037065158,-0.0037039355,-0.0024720135,-0.0018002363
4.7960405,19.539566,-0.0012954784,-0.0032338977,-0.0033079118,-0.0033298663,-0.0020811176,-0.0013412277
4.9137177,21.194708,-0.0019308537,-0.0030093717,-0.0034437312,-0.0033920575,-0.0022206984,-0.0017068087
5.5257816,21.380323,-0.0022347732,-0.0032133502,-0.0036561103,-0.003560948,-0.0025509773,-0.0021905622
6.1378455,21.56594,-0.002420905,-0.0033399968,-0.0037597527,-0.0036212201,-0.0027556724,-0.0025209999
4.973582,21.734064,-0.0018047191,-0.0028513765,-0.0033390226,-0.0032641874,-0.0022503638,-0.0017941805
5.5856457,21.919682,-0.001995579,-0.0029759344,-0.0034554428,-0.0033493123,-0.0025139628,-0.0022037097
5.033446,22.273422,-0.0016264089,-0.0026701335,-0.0031713771,-0.003084373,-0.002254774,-0.0018458324
5.6280694,22.60535,-0.001632151,-0.0026331353,-0.003105782,-0.0030155773,-0.0024180685,-0.002151905
6.1802692,22.251612,-0.0019844663,-0.0029223876,-0.0033703484,-0.0032548867,-0.002614534,-0.0024168964
6.2226934,22.93728,-0.0015170783,-0.0024723168,-0.0028892523,-0.0028341818,-0.0024162922,-0.0022457824
5.6383824,20.558077,-0.0025449519,-0.003627017,-0.00394303,-0.0038681212,-0.002697451,-0.0022621828
5.888114,21.06201,-0.0025691853,-0.0035266094,-0.0039074747,-0.003792007,-0.0027525125,-0.0024329938
5.27605,20.876392,-0.0022466087,-0.0033045688,-0.0036885184,-0.0036292735,-0.0024575077,-0.0019898538
10.728138,23.461637,-0.0022121114,0.0012093137,0.0021598346,0.0020748891,0.0024736682,0.002592063
10.93168,23.80567,-0.0017461077,0.0023895735,0.003410832,0.003388216,0.0035750533,0.0035717464
11.1352215,24.149702,-0.0012794322,0.0034221464,0.004475382,0.004545954,0.0045344117,0.0043906965
10.532207,23.729788,-0.0019013034,0.0016732955,0.0025668305,0.0024603885,0.0027482982,0.0028344856
10.735748,24.07382,-0.001461748,0.0028091678,0.0037657733,0.0037288275,0.0038098225,0.003767737
10.336275,23.997938,-0.0015845536,0.0020948206,0.0029252009,0.0028041028,0.0029876905,0.0030359507
9.098796,24.172312,-0.0011223663,0.00066788244,0.0010311382,0.00081026385,0.0010819341,0.0012473335
8.755855,23.88655,-0.0012963134,-0.0003999902,-0.00023150456,-0.00043745266,-5.0478757e-05,0.00018228745
8.412914,23.60079,-0.0014509241,-0.0012469982,-0.0012560955,-0.001414354,-0.0009653707,-0.00072363473
9.22846,23.677567,-0.0017219308,-0.00028077222,4.259062e-05,-0.00016962671,0.000290057,0.00054620014
8.88552,23.391804,-0.0018809906,-0.0012298647,-0.0011207411,-0.001292405,-0.00074398675,-0.00046362306
9.358126,23.18282,-0.0023006387,-0.0011966559,-0.0009486587,-0.0011304538,-0.00049523416,-0.00019053578
9.879604,23.904999,-0.0016523562,0.0011891113,0.0018413088,0.0016544184,0.0019554903,0.002098526
9.489201,24.038656,-0.0014035236,0.00093373767,0.0014391097,0.0012275397,0.0015187563,0.0016783193
9.618865,23.54391,-0.0020079827,-8.950788e-05,0.00038555783,0.00017880953,0.0006711186,0.00092555926
10.075536,23.636848,-0.0019999081,0.0007807473,0.0014856528,0.0013106732,0.0017123852,0.0018932482
9.814796,23.275759,-0.0023595127,-0.0004875585,1.22922065e-05,-0.00017999887,0.0004110693,0.00069191796
10.271467,23.368698,-0.002334578,0.0003408103,0.001089489,0.0009326339,0.0014392206,0.0016505559
7.7341204,22.413404,-0.0022672457,-0.002926704,-0.0032045974,-0.0031575551,-0.0025450864,-0.002397851
7.2444525,22.816587,-0.0017846983,-0.0025614968,-0.0028862604,-0.0028627028,-0.0023951326,-0.0022524204
6.754785,23.219769,-0.0013562049,-0.0022363262,-0.002586823,-0.0025927767,-0.002258707,-0.0021202841
7.2020288,22.130917,-0.0023408723,-0.0031581002,-0.003499998,-0.0033820258,-0.0027483164,-0.0026217995
6.712361,22.5341,-0.0019001557,-0.002786777,-0.0031830987,-0.003097051,-0.0025782122,-0.0024335042
6.669937,21.848429,-0.0024116235,-0.003294386,-0.003684287,-0.0035339457,-0.0028087734,-0.0026533245
7.8715787,23.344318,-0.001489529,-0.0019006892,-0.0020832852,-0.0021735148,-0.0017361005,-0.0015408279
7.313182,23.282043,-0.0013901416,-0.0021100312,-0.0023904562,-0.0024375173,-0.0020672826,-0.0019142171
7.8028493,22.878862,-0.0018932823,-0.0024492894,-0.0026929115,-0.0027164835,-0.0021909594,-0.0020164333
8.344185,23.135332,-0.0018795523,-0.0019868412,-0.002096239,-0.002195096,-0.0016399733,-0.0014056498
8.275455,22.669876,-0.0022618398,-0.002592959,-0.0027780952,-0.0028127541,-0.002167799,-0.0019657423
8.816791,22.926348,-0.0022951136,-0.0020533262,-0.0020769967,-0.0021916847,-0.0015229693,-0.0012531002
4.0729766,18.38164,0.0019268608,-0.0015120367,-0.0010941051,-0.001255078,-0.0007666787,-0.000339182
3.9630585,18.105255,0.0028079245,-0.0006336528,-0.000116461095,-0.00035043334,-0.00022907829,-3.2999516e-05
3.8531404,17.82887,0.003664262,0.0005412953,0.0011146755,0.0007964466,0.00048288985,0.00038346447
4.299894,18.163656,0.0022899294,-0.0013945083,-0.0009994475,-0.0011970113,-0.0008071171,-0.0004199654
4.1899757,17.887272,0.0031499595,-0.00040491938,5.9408365e-05,-0.00022116506,-0.00019805491,-6.959319e-05
4.5268106,17.945673,0.0026658832,-0.0011886088,-0.0008341388,-0.0010754131,-0.00078812026,-0.00046359195
4.653904,18.276117,0.0016310164,-0.0021436769,-0.0018673479,-0.0020200673,-0.0013883763,-0.0008212236
4.7809973,18.606562,0.00059579295,-0.0027647533,-0.0025862956,-0.0026797594,-0.0017982825,-0.0010920224
4.426987,18.4941,0.0012461763,-0.0022114958,-0.0019266966,-0.002049765,-0.0013201843,-0.0007217653
3.7231328,17.505121,0.004596268,0.002222007,0.002762066,0.0023472463,0.001507414,0.0010347783
3.546462,17.256754,0.005345887,0.0038146023,0.004242545,0.0037445421,0.0024947056,0.0017602553
3.9299605,17.239775,0.0049270284,0.002840183,0.003250174,0.0027803187,0.001842472,0.0012302498
4.059968,17.563522,0.004087159,0.0011078593,0.0015932088,0.0012100774,0.00073982147,0.0004922857
4.2667956,17.298176,0.004460605,0.0017719301,0.0021418591,0.0016954279,0.0010926775,0.0006828564
4.3968034,17.621925,0.0036139984,0.00014049893,0.0005343247,0.00018515819,4.3322147e-05,2.6118814e-05
5.299037,18.97269,-0.000788412,-0.0035175881,-0.0034966716,-0.0035333051,-0.002470542,-0.0017207662
5.689984,19.008373,-0.0011977962,-0.003858034,-0.0038740467,-0.003883663,-0.0028291417,-0.0021297089
6.08093,19.044058,-0.0015735909,-0.004177842,-0.0042162673,-0.0041891336,-0.0031452999,-0.0025222965
5.4592237,19.34507,-0.0016392361,-0.0037400755,-0.003811803,-0.00381327,-0.0026594014,-0.0019688406
5.85017,19.380754,-0.0020094614,-0.004042007,-0.0041303523,-0.004098421,-0.0029670754,-0.0023536214
5.6194105,19.71745,-0.002230924,-0.00384993,-0.0040031127,-0.003970844,-0.0027751613,-0.0021811
5.4494166,18.21977,0.0010794929,-0.0029499768,-0.0028304968,-0.0029551315,-0.0022226605,-0.001557001
5.268975,18.458849,0.0005598637,-0.0031023545,-0.0029789791,-0.0030725235,-0.0022242588,-0.0015058002
5.0885324,18.697927,6.917882e-05,-0.003160634,-0.0030543536,-0.0031257349,-0.0021706533,-0.0014226383
5.1418815,18.128405,0.001606625,-0.0024573775,-0.002272501,-0.0024321384,-0.0017913915,-0.0011882125
4.961439,18.367483,0.0010900885,-0.0026617004,-0.0024692926,-0.0025909634,-0.0018256563,-0.0011584295
4.8343463,18.037039,0.0021346442,-0.0018797857,-0.0016168689,-0.0018146494,-0.0013179046,-0.0008287258
5.659921,18.494534,0.00012506306,-0.0035082398,-0.0034443026,-0.003511367,-0.0026397915,-0.0019272285
5.8704257,18.769295,-0.0007780622,-0.0039018078,-0.003892312,-0.0039109243,-0.0029402766,-0.0022502984
5.4794793,18.733612,-0.00036598695,-0.0035462037,-0.0034959326,-0.0035448316,-0.0025731206,-0.001833372
13.178123,25.428709,-0.00018238902,0.0039845854,0.005073187,0.005793677,0.005646764,0.004733163
12.661751,25.500715,-0.00013558228,0.00452008,0.005623,0.0062762895,0.0060359486,0.0051819175
12.145378,25.572721,-0.00014254099,0.0049113273,0.0059995875,0.0065648183,0.006239016,0.005463981
12.979403,25.025507,-0.00014693213,0.0045116134,0.0055897324,0.006200364,0.0060047335,0.0051959245
12.46303,25.097513,-0.00018529916,0.0048370995,0.005916419,0.0064525157,0.0061909123,0.0054703937
12.780683,24.622303,-0.00026519762,0.00461874,0.005712806,0.006227083,0.0060461545,0.005380627
11.819403,24.536592,-0.00065103057,0.004537601,0.0056396318,0.0059545133,0.00575341,0.005332772
12.300042,24.579447,-0.00043701698,0.0046660146,0.005775392,0.006199936,0.005998401,0.0054545966
11.98239,25.054657,-0.00029679548,0.0049821674,0.006047448,0.00648274,0.0061803465,0.0055737724
19.53841,23.35085,-0.0020314455,-0.0030475487,-0.0035282278,-0.003988447,-0.0037109994,-0.0037791624
19.774576,23.65708,-0.002104908,-0.0031834536,-0.0039007,-0.00450453,-0.004128111,-0.0041503417
19.287184,23.719868,-0.0020708165,-0.0031469045,-0.0036231317,-0.003989518,-0.0036892237,-0.0037974892
18.764236,24.532717,-0.0021792878,-0.003369295,-0.0038518256,-0.004048492,-0.003693349,-0.0038719946
19.052338,24.902922,-0.0022618466,-0.0035374989,-0.0042610136,-0.004588117,-0.0041250247,-0.0042549437
18.492517,24.976547,-0.0022300195,-0.0034684038,-0.003955635,-0.0040814853,-0.0037136287,-0.003926873
18.249075,26.410751,-0.0023086676,-0.0037418962,-0.0044383467,-0.0045745485,-0.004169042,-0.0044176406
17.694471,26.479567,-0.002228872,-0.0035320367,-0.0040107574,-0.004017047,-0.0037907204,-0.0041374424
17.957636,25.949972,-0.0022673544,-0.0035698628,-0.004058918,-0.0040886146,-0.0037767496,-0.0040709437
17.016195,26.505112,-0.0020682148,-0.003156848,-0.0034583206,-0.0033755116,-0.0033101763,-0.0037529755
16.601082,26.00106,-0.0019126133,-0.002735364,-0.0029250684,-0.0028047748,-0.0027152682,-0.0031574669
16.185966,25.497011,-0.0016417347,-0.0019116143,-0.0019308309,-0.0017893425,-0.0016631628,-0.0020863914
17.279358,25.975515,-0.0021298474,-0.0032429695,-0.003543191,-0.003465939,-0.0032963352,-0.0036788464
16.864244,25.471466,-0.0019319882,-0.002728479,-0.002886786,-0.0027727499,-0.0026144185,-0.003001623
17.54252,25.44592,-0.0021382375,-0.0032424917,-0.0035291424,-0.0034701165,-0.0032345143,-0.00356434
15.957969,26.745764,-0.0016761583,-0.0023550144,-0.0025572486,-0.00244136,-0.0024988574,-0.0030235476
16.071968,26.121387,-0.0017036289,-0.0022416096,-0.0023731107,-0.0022431558,-0.0021858993,-0.0026541238
16.487082,26.625437,-0.0018907295,-0.002787362,-0.0030231886,-0.0029137908,-0.0029329867,-0.0034326958
15.517043,26.441378,-0.0014702756,-0.0017556318,-0.0018558241,-0.0017227052,-0.0016956216,-0.0021749653
15.0761175,26.136993,-0.001203574,-0.00080386974,-0.0006640724,-0.00043430174,-0.00029854404,-0.0007706666
15.6310425,25.817003,-0.0014338392,-0.0013707231,-0.0013175312,-0.0011421848,-0.001025045,-0.0014811812
14.363972,24.887735,-0.00041321278,0.002870895,0.003816362,0.004481216,0.0044536507,0.003548735
14.971304,25.090826,-0.000809384,0.0012445354,0.0019529347,0.0024774268,0.0025425986,0.0018090483
15.578635,25.293919,-0.0012497426,-0.0005233966,-0.00022118652,3.9971947e-05,0.0001605491,-0.0003395096
14.416379,25.410818,-0.00062495243,0.0018336386,0.0026614629,0.0033222924,0.0034081344,0.0025872698
15.02371,25.61391,-0.0010362018,0.00010938459,0.0005426663,0.00092924165,0.0010869522,0.0005099497
14.468785,25.9339,-0.00082608784,0.0007040421,0.0012686439,0.0017854858,0.0019790537,0.0013327162
13.705886,25.517187,-0.00034393274,0.0030324406,0.004051163,0.004816884,0.0047984077,0.0038713135
14.034929,25.202461,-0.000375064,0.0029633103,0.0039471844,0.004668526,0.004648413,0.0037292684
14.087336,25.725544,-0.00056891475,0.0019080793,0.0027593211,0.0034676977,0.0035814696,0.0027535465
13.507166,25.113983,-0.00019481599,0.003894568,0.004951535,0.005645763,0.0055275443,0.0046207816
13.308445,24.710781,-0.00016546583,0.004347892,0.0054105837,0.0060098623,0.005864778,0.0050633685
13.836208,24.799257,-0.00021617902,0.0037763729,0.00479861,0.005458275,0.00536632,0.004467759
11.587818,24.040237,-0.0012337142,0.003592801,0.0047359625,0.00490918,0.0048986506,0.0046895714
11.836873,23.586737,-0.0016776186,0.0027921554,0.004012391,0.004184813,0.004368603,0.0042453166
12.085927,23.133238,-0.0021549668,0.001879203,0.003139913,0.0033182597,0.0037248568,0.0036789994
12.068458,24.083092,-0.000956358,0.003978152,0.0051557072,0.0054578837,0.0053983713,0.0050618486
12.3175125,23.629593,-0.0013542722,0.0032638917,0.00450951,0.0048034415,0.004919886,0.004671795
12.549097,24.125948,-0.0006734885,0.00420979,0.0053757746,0.0057855407,0.0057028853,0.00523608
11.180735,23.35217,-0.0022526588,0.0014786661,0.0025699462,0.0025677409,0.0029635371,0.0030294852
11.63333,23.242704,-0.002228716,0.0016981912,0.0028944584,0.0029827342,0.0033818446,0.0033928114
11.384276,23.696203,-0.0017412122,0.002623374,0.003761741,0.0038341766,0.0040148087,0.0039547174
6.812003,20.141235,-0.0031915011,-0.004491209,-0.004640156,-0.0044488907,-0.0033390475,-0.003055745
6.5872836,20.616137,-0.0030769329,-0.004112545,-0.0043573296,-0.004180636,-0.0031196647,-0.002868569
6.3625646,21.09104,-0.002788814,-0.0037177147,-0.004059876,-0.0039017496,-0.0029266123,-0.002691576
6.337552,20.112206,-0.002953147,-0.0042237425,-0.0044145146,-0.0042843167,-0.0031411315,-0.0027690192
6.112833,20.587107,-0.0028421998,-0.0038800058,-0.004168452,-0.004044852,-0.0029340228,-0.002597249
5.8631015,20.083176,-0.002643729,-0.003934358,-0.0041517783,-0.004076976,-0.0028925547,-0.0024207125
6.324621,19.409782,-0.0023781639,-0.004387659,-0.0044757533,-0.0043912963,-0.0032819228,-0.0027720865
6.568312,19.775509,-0.0029067602,-0.004485986,-0.004609774,-0.0044688154,-0.0033363027,-0.0029457966
6.093861,19.746479,-0.00260489,-0.004178317,-0.004325431,-0.0042444435,-0.0030855155,-0.0025943918
7.6241145,21.06219,-0.00323058,-0.004198582,-0.004371271,-0.0041410583,-0.0032300758,-0.0031124235
7.660783,21.512594,-0.0029495887,-0.003786718,-0.004020886,-0.003843329,-0.0030361423,-0.0029225103
7.6974516,21.963,-0.0026200009,-0.0033603292,-0.00363339,-0.0035192713,-0.0028130498,-0.0026875616
7.128691,21.230106,-0.0029888654,-0.0039016886,-0.0041688792,-0.0039625964,-0.0030847145,-0.002948646
7.16536,21.680511,-0.002683296,-0.0035356903,-0.0038530708,-0.0036837526,-0.0029293008,-0.0028051843
6.6332684,21.398024,-0.0027158724,-0.0036124815,-0.003964742,-0.0037918068,-0.0029285818,-0.0027525306
7.3534107,20.755203,-0.0033047958,-0.0043645883,-0.004528101,-0.004283388,-0.0032998996,-0.0031538615
6.8579874,20.92312,-0.0030718904,-0.004036797,-0.0042952034,-0.004092423,-0.0031197113,-0.002938333
7.082707,20.44822,-0.0033033667,-0.004462307,-0.0046194536,-0.004390348,-0.0033349933,-0.0031329612
10.724601,23.051859,-0.0026921197,7.232404e-05,0.0009518059,0.0008535784,0.0014672407,0.0016693723
10.26793,22.95892,-0.0027759203,-0.0007208,-9.7441975e-05,-0.00025480497,0.000444078,0.0007222606
9.811259,22.86598,-0.0027649344,-0.0014133621,-0.0010646046,-0.0012359632,-0.0004841169,-0.00016973901
10.721065,22.642082,-0.003096849,-0.0009949304,-0.00027910183,-0.00038903928,0.00042469555,0.000681553
10.264394,22.549143,-0.0031368446,-0.001658568,-0.0012277495,-0.0013782893,-0.0005092995,-0.0002055428
10.717527,22.232304,-0.0034051929,-0.0019192654,-0.0014357759,-0.0015568809,-0.0005740726,-0.0002965405
11.177197,22.942392,-0.0027448763,0.00032563324,0.0013583432,0.001336144,0.0019589532,0.0021071506
11.17366,22.532616,-0.003156085,-0.00077706063,0.00010206384,5.784154e-05,0.000892757,0.0010981888
11.629794,22.832926,-0.0027363868,0.00055416656,0.0017011481,0.001760809,0.0023951626,0.002490526
8.1709,21.17944,-0.0033060575,-0.0042053657,-0.0043324674,-0.0041407347,-0.0032248397,-0.003101925
8.717687,21.29669,-0.0033954482,-0.0041087233,-0.0042190314,-0.0041086194,-0.0031398288,-0.002980483
9.264472,21.41394,-0.003502317,-0.003905117,-0.0040093963,-0.0039946814,-0.0029531498,-0.002745501
8.207569,21.629845,-0.003032158,-0.0037324196,-0.003920117,-0.003800714,-0.0029651364,-0.0028311277
8.754355,21.747095,-0.0031481632,-0.003581431,-0.0037337455,-0.0036973706,-0.0027935095,-0.0026154218
8.244238,22.08025,-0.002718998,-0.0032504455,-0.0034647093,-0.0034163431,-0.0026605593,-0.0025012789
9.326908,22.593193,-0.0028119793,-0.0022798209,-0.0022293993,-0.0023529816,-0.0015408134,-0.0012501045
8.785573,22.336721,-0.0027592005,-0.00286771,-0.0029985195,-0.0030419908,-0.0022431484,-0.0020200282
9.295691,22.003567,-0.0032024921,-0.003142015,-0.0032244425,-0.0032860036,-0.0023383857,-0.0020985054
10.233175,21.959517,-0.0035016018,-0.0027711324,-0.0026337442,-0.0027642346,-0.001709009,-0.0014224993
9.780042,22.276354,-0.003208548,-0.002522717,-0.0024212352,-0.0025504217,-0.0016107806,-0.0013172003
9.748824,21.68673,-0.0035179416,-0.00341104,-0.003463029,-0.0035404405,-0.0024715276,-0.002218574
7.249479,19.06142,-0.0023381563,-0.0049995575,-0.0050317827,-0.004854415,-0.0038376728,-0.003466371
7.103654,19.421358,-0.0028025636,-0.004904224,-0.004956977,-0.0047684163,-0.00368294,-0.003331057
6.9578285,19.781296,-0.0030901805,-0.00472611,-0.0048185126,-0.0046251635,-0.0035100826,-0.0031915822
6.859963,19.055634,-0.0021068845,-0.0047456133,-0.0047890563,-0.0046675922,-0.0036448694,-0.00319124
6.7141376,19.415571,-0.0026083603,-0.004654856,-0.0047292775,-0.0045947717,-0.0034990492,-0.0030707908
6.4704466,19.049845,-0.0018535813,-0.004470916,-0.004516376,-0.0044459724,-0.0034154707,-0.0028760105
4.8249273,17.681028,0.003077815,-0.00082930207,-0.000560021,-0.00086381246,-0.0006937661,-0.00047038792
4.6949196,17.357279,0.00393735,0.00064562,0.0009143581,0.0004978261,0.00026481503,0.00011873537
4.5649123,17.033531,0.0046917424,0.002299027,0.0025234465,0.0020233465,0.0013881567,0.0008616354
5.1230435,17.416382,0.003428846,-0.00029718268,-0.00013757938,-0.00051300763,-0.00046111835,-0.00037651253
4.9930363,17.092634,0.0041992823,0.0012649767,0.0014068002,0.00092747103,0.000619383,0.00032991712
5.42116,17.151737,0.003703064,0.0003718106,0.000429106,-1.5234948e-05,-7.532567e-05,-0.00015408992
5.4399977,17.863758,0.0020647936,-0.0021882015,-0.0020647103,-0.002275093,-0.001766472,-0.0012561921
5.1324625,17.772392,0.002575518,-0.001562013,-0.0013706464,-0.0016263033,-0.001255911,-0.00086297275
5.430579,17.507748,0.0029478283,-0.0010572808,-0.0009633448,-0.0012890829,-0.0010537796,-0.0008001223
4.396357,16.618671,0.0055429945,0.0043193186,0.0044217897,0.0038579588,0.0028161674,0.0019904487
4.168983,16.309252,0.006236253,0.00583702,0.005820988,0.005192617,0.0038886834,0.003014361
4.6559258,16.262915,0.0058208113,0.005030161,0.0050007217,0.0044089137,0.0033614335,0.0025397094
4.824481,16.677774,0.0050559775,0.0032839447,0.003364243,0.002815487,0.0020855851,0.001394731
5.0840497,16.322018,0.0053496184,0.0041203625,0.0040958594,0.0035292173,0.0027521632,0.002005273
5.252605,16.736877,0.0045822244,0.002350624,0.0023915977,0.0018549447,0.0014126088,0.0009116543
5.8742375,18.099983,0.0010363344,-0.003148781,-0.0030988583,-0.0032216539,-0.0025400815,-0.0019191443
5.8648186,17.743973,0.0019766607,-0.0023029542,-0.0022771095,-0.0024954223,-0.002025537,-0.0015566653
5.8553996,17.38796,0.0028086368,-0.0011027994,-0.0011093926,-0.0014475979,-0.001227398,-0.0010064339
6.299058,17.980196,0.00095179444,-0.0032823444,-0.0033047132,-0.0034188791,-0.0028122335,-0.0022803103
6.289639,17.624186,0.0018331961,-0.002342742,-0.0024006753,-0.0026184344,-0.0022301916,-0.0018529106
6.723879,17.860409,0.0008061738,-0.0033545548,-0.003437616,-0.0035290122,-0.0030267506,-0.002624887
6.084742,18.374746,9.49139e-05,-0.0037458085,-0.0037242332,-0.0037778174,-0.0029677348,-0.0023199115
6.5095625,18.25496,3.6166013e-05,-0.003933599,-0.0039588725,-0.003990366,-0.0032514152,-0.0027012124
6.2952466,18.649508,-0.00080769835,-0.0041691596,-0.004177655,-0.0041715386,-0.0032593065,-0.0026440592
7.074279,18.661083,-0.0014328032,-0.004742231,-0.0047793123,-0.004671694,-0.003775836,-0.0033411074
6.6847625,18.655296,-0.0011238775,-0.0044667157,-0.0044952636,-0.0044430103,-0.0035402507,-0.0030126977
6.899079,18.260746,-0.00034403265,-0.004232143,-0.004285775,-0.004263646,-0.0035409385,-0.0030858375
20.123108,22.391678,-0.001976592,-0.0028438135,-0.0033066263,-0.003985894,-0.0037227,-0.003669351
20.364737,22.68292,-0.0020339089,-0.0029641713,-0.0036810755,-0.004541294,-0.0041751573,-0.0040711053
19.956373,22.686754,-0.0019874643,-0.0028946558,-0.003369223,-0.0039891717,-0.0037313541,-0.0037175564
19.414394,22.229128,-0.0018611413,-0.0024834303,-0.002582272,-0.002962309,-0.0028465227,-0.0028751965
19.706211,22.184952,-0.0019008423,-0.0026220356,-0.0028220834,-0.0032942267,-0.0031327705,-0.0031330877
19.998026,22.140778,-0.0019368349,-0.0027281747,-0.0030447845,-0.003634956,-0.0034208235,-0.003379578
19.539474,22.480028,-0.0019067238,-0.0026744423,-0.002887642,-0.003310903,-0.0031527672,-0.0031911125
19.831291,22.435854,-0.0019433228,-0.0027723585,-0.0031010776,-0.0036390973,-0.0034345416,-0.0034336653
19.664557,22.73093,-0.0019549811,-0.00283216,-0.0031743569,-0.0036573883,-0.0034501925,-0.0034858852
19.187973,22.459057,-0.0018486411,-0.0024665066,-0.0025418596,-0.00286124,-0.0027619377,-0.0028248592
19.313055,22.709957,-0.0019011091,-0.002680849,-0.002867052,-0.0032186226,-0.003070507,-0.003144938
19.438135,22.96086,-0.0019559548,-0.002856892,-0.0031666614,-0.0035666495,-0.0033657465,-0.0034397845
18.961552,22.688986,-0.0018389801,-0.0024552532,-0.0025102796,-0.002770943,-0.0026816071,-0.002775847
19.086634,22.939886,-0.0018995303,-0.0026926857,-0.0028555035,-0.0031388751,-0.0029943204,-0.0031011205
18.735132,22.918915,-0.0018324166,-0.0024473495,-0.0024857007,-0.002689929,-0.0026048508,-0.00272814
18.835407,23.308905,-0.0019251708,-0.002781382,-0.0029531785,-0.0031621084,-0.0029967728,-0.0031424975
19.186909,23.329878,-0.0019837064,-0.0029468304,-0.003258524,-0.0035738645,-0.0033541636,-0.003469448
18.935682,23.698896,-0.0020232738,-0.0030450716,-0.0033617492,-0.0035966597,-0.00335118,-0.0035026441
13.789762,23.393055,-0.00078555575,0.0035442829,0.0046480894,0.0051195817,0.00523437,0.004689849
13.981165,23.891281,-0.00034396912,0.0039105206,0.0049292184,0.0054599526,0.0054442235,0.0047059148
14.172568,24.389507,-0.00025151717,0.003694851,0.0046770303,0.005278189,0.005211649,0.0043377546
13.453402,23.802805,-0.00054541125,0.0039421963,0.00505402,0.005547405,0.005554981,0.004966051
13.644805,24.301031,-0.00022652399,0.0041524735,0.0051955716,0.0057633943,0.0056799254,0.004908136
13.117042,24.212553,-0.00037320697,0.004309776,0.0054181097,0.005924781,0.005832522,0.0052030054
12.885457,23.716198,-0.00091323245,0.0037176737,0.0049203844,0.005335855,0.00538305,0.0049649808
12.653872,23.219843,-0.0016998727,0.0026108637,0.0038886098,0.004197072,0.004488128,0.004295978
13.221817,23.306448,-0.0012136976,0.0031806808,0.0043966123,0.0048090364,0.0050008865,0.004637588
18.507769,23.97502,-0.0020191032,-0.0030181417,-0.0032564092,-0.0033714098,-0.0031389832,-0.0033365851
18.23605,24.418848,-0.0020774421,-0.0031353463,-0.0033999782,-0.0034505697,-0.0031881682,-0.003421062
17.96433,24.862679,-0.0021253233,-0.003225392,-0.0035119494,-0.0035105257,-0.003236756,-0.0035059103
17.979582,23.86115,-0.0018711844,-0.002570114,-0.0026270961,-0.002654295,-0.0025169367,-0.0027414614
17.707863,24.304981,-0.0019187051,-0.002693411,-0.0027917996,-0.0027642455,-0.0025875245,-0.0028527374
17.451395,23.747282,-0.0016649128,-0.0017970849,-0.0016739379,-0.0016779045,-0.0016531216,-0.0018907195
18.30722,23.195038,-0.0017912287,-0.0022922081,-0.0022700266,-0.002389781,-0.002330658,-0.0024908339
18.407495,23.585028,-0.0019041561,-0.0027005167,-0.0028069438,-0.0029131523,-0.0027630024,-0.0029496218
17.879309,23.47116,-0.001737336,-0.002079585,-0.0020062504,-0.002060301,-0.002021462,-0.0022180644
17.286055,24.888224,-0.0019464467,-0.002751132,-0.0028846601,-0.0028010884,-0.0026086865,-0.0029322838
16.607777,24.913769,-0.0016764897,-0.0019227484,-0.0018960491,-0.001777434,-0.0016462656,-0.0020162067
17.029587,24.330526,-0.0016766008,-0.0018744608,-0.0017981972,-0.0017285079,-0.0016390653,-0.0019463986
15.5589695,23.66821,-0.0006858208,0.0024497823,0.0032683734,0.003626484,0.0034803085,0.002741827
16.189777,23.694567,-0.0010247552,0.001061612,0.0017212002,0.0018711952,0.0016687402,0.0011743822
16.820587,23.720924,-0.0013742999,-0.00052591396,-0.00014980436,-0.00014072185,-0.00024837302,-0.0005440314
15.767969,24.27781,-0.000966743,0.0009879994,0.0016389164,0.0019400454,0.0018546737,0.0012511575
16.398777,24.304167,-0.0013503722,-0.00059224915,-0.00024931144,-0.0001298058,-0.00014315659,-0.0005342751
15.976968,24.887411,-0.0013320426,-0.0006851306,-0.0003922484,-0.00019165385,-0.000114241484,-0.00056972454
14.762304,24.481226,-0.00047159087,0.0027669477,0.0036650081,0.0042426796,0.0041935863,0.0033191715
15.160637,24.074717,-0.00056163763,0.0026284575,0.0034818673,0.0039567063,0.0038703051,0.0030486684
15.369637,24.684319,-0.00088280335,0.0011348748,0.0018165737,0.0022406783,0.0022350564,0.0015498548
14.570901,23.983,-0.00034383702,0.0035102258,0.0044445507,0.004979129,0.004936524,0.0040887753
14.379498,23.484772,-0.0005115855,0.0036318866,0.004614143,0.0051012784,0.005146887,0.004430288
14.9692335,23.57649,-0.00048452424,0.0033095297,0.004202971,0.0046617878,0.0046229474,0.003813387
13.304937,21.960676,-0.002940598,0.000203053,0.0014160273,0.0017023861,0.002602125,0.002640206
13.466545,22.438135,-0.0022686701,0.001545242,0.0027965254,0.0031377154,0.0037458872,0.003623219
13.628153,22.915594,-0.0014826931,0.0027216454,0.003919851,0.004329608,0.004654252,0.004321138
12.898601,22.35153,-0.0027157865,0.00069609476,0.0019435,0.002194435,0.0029447037,0.0029569636
13.060208,22.828989,-0.0019881208,0.0020552436,0.003327937,0.0036562486,0.0041103465,0.00395491
12.492264,22.742384,-0.0024511805,0.0012650035,0.002535015,0.002754195,0.0033377463,0.0033187903
11.941668,21.768936,-0.0035560469,-0.0017700037,-0.0010035039,-0.0009653212,0.00013659966,0.00031628244
12.3960905,21.83285,-0.0034065256,-0.0011579882,-0.00017660523,-4.4757486e-05,0.0010069691,0.0011463334
12.850514,21.896763,-0.0032019606,-0.00049422967,0.00063768093,0.0008525357,0.0018384123,0.001939544
11.989755,22.223703,-0.0032299967,-0.00066599227,0.00037587545,0.00045964867,0.0013781062,0.0015111127
12.444178,22.287617,-0.0030038925,1.0103583e-05,0.0011890907,0.0013593545,0.0022011665,0.0022799834
12.037841,22.67847,-0.0027533374,0.0005923942,0.0017967324,0.0019244846,0.0026006894,0.0026631078
11.533621,21.923393,-0.0035404735,-0.0018343037,-0.0011511331,-0.0011777717,-0.000108456254,0.00010049057
11.581707,22.378159,-0.003210228,-0.0007235756,0.0002489797,0.0002684091,0.0011471746,0.001312196
11.125574,22.077848,-0.003493948,-0.0018821722,-0.0012931162,-0.0013738485,-0.00034405626,-9.981185e-05
7.8821936,20.664333,-0.0034696264,-0.004631456,-0.0047083427,-0.004441153,-0.003445887,-0.0033164683
8.140273,20.266478,-0.0035814529,-0.0050371494,-0.005037586,-0.0047415467,-0.0036855582,-0.0035316134
8.398352,19.868624,-0.0035497705,-0.005380184,-0.0053375666,-0.0050263526,-0.0039443946,-0.0037578316
8.42898,20.781584,-0.0035504575,-0.004653964,-0.0046961135,-0.004469195,-0.0034628701,-0.003322039
8.687058,20.38373,-0.0036830234,-0.0050734133,-0.005053269,-0.004798951,-0.0037261206,-0.0035515896
8.975765,20.898836,-0.0036329108,-0.0045583034,-0.0046066814,-0.00446723,-0.0034096264,-0.003226617
7.6324368,19.330488,-0.0029099938,-0.0052237567,-0.005235251,-0.0049834214,-0.003924191,-0.0036473833
8.015394,19.599556,-0.00330207,-0.0053521986,-0.005333292,-0.005031453,-0.0039553023,-0.0037430767
7.4866114,19.690426,-0.0032134666,-0.005059374,-0.005093821,-0.0048377127,-0.003743701,-0.0034914408
7.869569,19.959494,-0.0034662175,-0.005128405,-0.005135259,-0.0048373286,-0.0037571492,-0.0035715895
7.340786,20.050364,-0.0033567562,-0.004825033,-0.004901605,-0.004649123,-0.0035585847,-0.0033372687
7.61149,20.35735,-0.0034645495,-0.0047678086,-0.0048408867,-0.004564866,-0.003517868,-0.0033564996
10.766769,21.79121,-0.0036378335,-0.0027126698,-0.0024565782,-0.0025789791,-0.0014619096,-0.0011867916
10.282417,21.518423,-0.0036917753,-0.003422592,-0.0034140395,-0.0035197963,-0.0023717356,-0.0020976334
9.798065,21.245636,-0.0036985846,-0.0039851544,-0.0040655024,-0.004098235,-0.002962582,-0.0027128605
10.81601,21.350117,-0.0037854072,-0.0033920298,-0.003312802,-0.0034218654,-0.0022233243,-0.0019423226
10.331659,21.07733,-0.0038165883,-0.0040152036,-0.0040760976,-0.0041424204,-0.0029438261,-0.0026569872
10.8652525,20.909023,-0.0038681077,-0.003992727,-0.004026083,-0.004100945,-0.0028686596,-0.0025594872
11.174816,21.636755,-0.0037002973,-0.002690577,-0.0023536591,-0.0024477667,-0.0012917563,-0.0010360259
11.224057,21.195662,-0.0038207932,-0.0033765312,-0.0032435113,-0.0033308368,-0.0021065183,-0.0018301967
11.582863,21.4823,-0.0037279625,-0.002646838,-0.0022282014,-0.002274179,-0.0010889769,-0.0008567177
9.907462,20.105938,-0.0038597465,-0.0052712318,-0.0053156796,-0.0051918984,-0.0040240455,-0.003696826
9.693132,20.541939,-0.0038352585,-0.0048732106,-0.0049182097,-0.0048296326,-0.0036674733,-0.0033934175
9.478802,20.97794,-0.0037170006,-0.004404097,-0.004474144,-0.0044242567,-0.0033049097,-0.0030752807
9.404426,20.026833,-0.0037855639,-0.0054109725,-0.005397443,-0.0051916232,-0.00405617,-0.003785309
9.190095,20.462833,-0.0037670927,-0.0050225486,-0.0050227623,-0.004844887,-0.003729333,-0.0035071815
8.901388,19.947727,-0.0036791135,-0.005448046,-0.0053997673,-0.0051233754,-0.0040215603,-0.0038057438
10.226726,20.373632,-0.0038912178,-0.004913285,-0.004996099,-0.0049526338,-0.0037559443,-0.0034193215
10.545989,20.641329,-0.003889825,-0.0044844635,-0.004573982,-0.0046006995,-0.0033802304,-0.0030508314
10.012396,20.809633,-0.0038358793,-0.0044745873,-0.004552142,-0.004549539,-0.0033642726,-0.0030795431
7.577063,18.83854,-0.0021363206,-0.0051425844,-0.0051636104,-0.0049595786,-0.0040138783,-0.0036936612
7.401863,18.438202,-0.0012103898,-0.0047779563,-0.0048257452,-0.004693164,-0.003905345,-0.0035597924
7.2266626,18.037865,-0.00015333998,-0.0041018142,-0.0041870717,-0.0041495687,-0.003584379,-0.0032647294
7.904647,18.61566,-0.0019615453,-0.0052132052,-0.0052282102,-0.0049929586,-0.0041472805,-0.0038969212
7.729447,18.215322,-0.0010509087,-0.0047143763,-0.0047668596,-0.0045985556,-0.0039656037,-0.0037386732
8.232231,18.392778,-0.0018359422,-0.0051976824,-0.0052008424,-0.004925193,-0.004222927,-0.004063211
7.9600205,19.107607,-0.0027656974,-0.0054016435,-0.0053919214,-0.005117475,-0.0041090455,-0.0038583297
8.287604,18.884727,-0.002630559,-0.005518597,-0.0054972167,-0.005201434,-0.004266194,-0.0040505524
8.3429785,19.376675,-0.003217365,-0.005549191,-0.005508882,-0.0051965956,-0.00414717,-0.003933579
5.192575,15.510095,0.0063246554,0.006141189,0.005914574,0.0052836686,0.004245154,0.0035896883
4.949054,15.135093,0.007071133,0.0073446967,0.0070375153,0.006352171,0.0050865286,0.004378878
5.4696555,15.11303,0.0065659257,0.006601733,0.0062892707,0.005631155,0.004600127,0.004015028
6.033894,15.208308,0.0058753677,0.005591341,0.0053520724,0.0047647096,0.003959199,0.0034137482
6.3210526,15.70065,0.0049749995,0.004083136,0.004048668,0.0035302544,0.003004476,0.0025225335
6.6082106,16.192993,0.0040095206,0.0023594175,0.0024645783,0.0019907309,0.001657141,0.0013272612
5.7568135,15.605372,0.0056655686,0.005099403,0.0049372585,0.00437251,0.0036026859,0.0029804811
6.043972,16.097715,0.0047567575,0.003427642,0.0034253038,0.0029031998,0.0024528957,0.0019430132
5.479733,16.002438,0.0054233125,0.0044842865,0.0043980745,0.0038384786,0.003115355,0.0024283775
5.8168435,16.832155,0.0039002157,0.001182719,0.0011818741,0.00068722677,0.0005209626,0.00027121234
5.6482882,16.417295,0.0047030975,0.0029678508,0.0029621683,0.0024200436,0.0019744541,0.0014300796
6.2125273,16.512573,0.003997819,0.001877284,0.0019127376,0.0014171806,0.0011636211,0.0008269525
6.2510834,17.068378,0.003031065,-0.00028190063,-0.00032423472,-0.00072394405,-0.0007041737,-0.000706928
6.6467667,16.748798,0.0031282573,0.00047780303,0.0005183563,0.0001053347,-7.5403215e-05,-0.0002454897
6.6853228,17.304604,0.0020720297,-0.0016223864,-0.0017093488,-0.001974978,-0.0018585423,-0.0017264213
7.194246,17.628197,0.00077796663,-0.0031104411,-0.0032163234,-0.0032806846,-0.0030293432,-0.002849729
7.1556897,17.072392,0.001912257,-0.0012710887,-0.0012741033,-0.0015106068,-0.0016899144,-0.001759918
7.1171336,16.516586,0.0028871098,0.00064254954,0.00080385845,0.00042808132,5.699539e-05,-0.00015959072
7.6646123,17.395987,0.000627597,-0.0028174038,-0.002835731,-0.0028401923,-0.002944817,-0.0030017642
7.626056,16.84018,0.0016471391,-0.0010502832,-0.00090066483,-0.0010925217,-0.0015987009,-0.0018236915
8.134979,17.163774,0.00037882317,-0.002572364,-0.002421264,-0.00236724,-0.0028590614,-0.0031190172
8.167397,17.573442,-0.0003488747,-0.0037062378,-0.0036613464,-0.0034777676,-0.0035443234,-0.0036536483
8.199814,17.98311,-0.0010994133,-0.0046158307,-0.0046215695,-0.004371442,-0.00399648,-0.003948223
7.6970296,17.805655,-0.00019746769,-0.0039376467,-0.004005904,-0.0039045392,-0.003604383,-0.0034967132
6.183626,13.830945,0.007509954,0.0080576055,0.007653964,0.0069655054,0.005775219,0.0050580744
5.9651814,14.273456,0.007144608,0.0075602788,0.007150937,0.0064467257,0.00538494,0.0047693704
5.7468405,13.8249235,0.008062503,0.008641676,0.008196875,0.0075191646,0.00592244,0.005105619
6.7942686,12.703251,0.008485435,0.009043437,0.008684234,0.008082112,0.0062853266,0.005381648
6.59817,13.045843,0.008183581,0.008785447,0.008421067,0.0078019532,0.0061992262,0.005331304
6.4454947,12.638225,0.009072827,0.009515029,0.009079678,0.0084574735,0.0062663807,0.0053542787
20.39464,21.758308,-0.0019506215,-0.0027607633,-0.0031583542,-0.0039038234,-0.0036047054,-0.00347263
20.499435,21.420015,-0.0019313833,-0.0027267546,-0.0030778733,-0.0038281751,-0.0034950448,-0.0033248877
20.749632,21.718403,-0.0019781608,-0.0028525814,-0.0034488393,-0.0043968568,-0.0039643818,-0.0037507678
20.047138,21.844479,-0.00191824,-0.0026525618,-0.002904294,-0.003489067,-0.003277967,-0.0032109872
19.804434,21.592354,-0.0018711844,-0.002440528,-0.0025281352,-0.0030047293,-0.0028429832,-0.0027798219
19.56173,21.340229,-0.0018338421,-0.002181059,-0.0021316276,-0.0025360698,-0.0024078365,-0.0023206368
20.151936,21.506184,-0.0019060809,-0.0026005993,-0.0028070202,-0.0034033493,-0.0031704144,-0.0030630536
19.909231,21.254059,-0.0018691235,-0.002394133,-0.0024449592,-0.0029336815,-0.0027413731,-0.0026322016
20.256731,21.16789,-0.0018954988,-0.0025671863,-0.0027369803,-0.0033407402,-0.0030692639,-0.0029191207
19.463505,21.932827,-0.001844329,-0.0023653612,-0.0024103355,-0.0028019794,-0.002694592,-0.0026894112
19.512617,21.636528,-0.0018350743,-0.002262289,-0.0022576742,-0.0026579595,-0.0025467714,-0.0025027704
19.755322,21.888653,-0.0018833101,-0.002525653,-0.0026669498,-0.003142387,-0.0029866113,-0.002957394
19.143816,22.080881,-0.001804027,-0.0022039185,-0.0021762433,-0.0024974765,-0.0024377771,-0.0024589305
18.873238,21.932636,-0.0017477152,-0.0018543438,-0.0017131309,-0.002002081,-0.0019995535,-0.0019929411
18.602661,21.78439,-0.0016960894,-0.001442756,-0.0011970752,-0.0014727176,-0.0015229367,-0.0014677123
19.192928,21.784582,-0.0017944294,-0.002075679,-0.0020002685,-0.0023380923,-0.0022811885,-0.0022596612
18.92235,21.636335,-0.0017493111,-0.00173007,-0.0015466055,-0.001852738,-0.0018438636,-0.0017840172
19.24204,21.488283,-0.0017950333,-0.0019734728,-0.0018546509,-0.002203362,-0.0021347967,-0.0020652395
18.917395,22.31081,-0.001784042,-0.0021569515,-0.0021090002,-0.0023818498,-0.0023447748,-0.002397379
18.690975,22.54074,-0.0017656751,-0.0021141781,-0.0020486827,-0.0022737703,-0.0022527333,-0.002335268
18.646818,22.162565,-0.0017179602,-0.001766364,-0.0016055919,-0.0018576127,-0.0018855366,-0.0019093989
17.78059,22.363798,-0.0015168184,-0.00063363,-0.00025192808,-0.00047590543,-0.00065574754,-0.00067298935
18.098772,22.548838,-0.0016238609,-0.0013785432,-0.0011392081,-0.0013259164,-0.0014229249,-0.0014921981
18.416952,22.733875,-0.0017319268,-0.0019872028,-0.001884539,-0.0020622606,-0.0020661077,-0.0021726298
17.670858,22.82496,-0.0015287775,-0.0009665926,-0.0006548177,-0.0008069037,-0.0009492537,-0.001059623
17.98904,23.009998,-0.001665444,-0.0017175716,-0.0015552398,-0.0016742948,-0.001714193,-0.0018554608
17.561127,23.286121,-0.0015815474,-0.0013734413,-0.0011492769,-0.0012228941,-0.0012904104,-0.0014733284
18.054615,22.170662,-0.0015840236,-0.00093475915,-0.00060290407,-0.0008406441,-0.0009817277,-0.00096808944
18.328638,21.977526,-0.0016434783,-0.0012035798,-0.00091614295,-0.0011701721,-0.0012682441,-0.0012317847
18.372795,22.355701,-0.0016736089,-0.0015848228,-0.0013846642,-0.001601386,-0.0016662015,-0.0017119962
14.910574,22.155785,-0.0017018825,0.002412323,0.0034895362,0.0038870755,0.0042364025,0.0037650238
15.126705,22.659925,-0.0010086972,0.0030809522,0.0040307636,0.0044212593,0.0045265355,0.0038745622
15.342837,23.164066,-0.0006669191,0.0031106381,0.0039821556,0.0043622237,0.00430298,0.0035513903
14.536969,22.568209,-0.0013802613,0.0027731834,0.003847125,0.004264207,0.00456548,0.0040776515
14.753101,23.07235,-0.00073987746,0.0033589602,0.0043165213,0.00475484,0.004845535,0.004158439
14.163365,22.98063,-0.0010663067,0.003150597,0.0042358977,0.0046800803,0.004897504,0.0043858523
13.84015,22.025711,-0.0025727267,0.0010123563,0.0022419342,0.0025969772,0.0033593287,0.003264965
14.375361,22.090748,-0.002143076,0.0017823176,0.0029589096,0.003354948,0.0039283563,0.0036469188
14.001758,22.503172,-0.0018176638,0.0022322382,0.0034168048,0.003815104,0.0042765397,0.003979285
16.527563,22.32239,-0.0011756906,0.0019879336,0.0028253864,0.0028482056,0.0025503703,0.0022063132
16.835506,22.797354,-0.0012023593,0.00092120573,0.0015733922,0.0014700661,0.0011625479,0.0009308461
17.143452,23.272318,-0.0014063455,-0.00051504135,-0.00012707853,-0.00020752657,-0.00036869335,-0.0005768181
16.204699,22.770996,-0.0009756492,0.0022459428,0.0030649623,0.0032045064,0.0029413342,0.0024275375
16.512642,23.24596,-0.0010996762,0.001038438,0.0016981553,0.0017203351,0.0014475469,0.0010719497
15.881834,23.219603,-0.0008090864,0.0023926797,0.003204217,0.0034550496,0.003248738,0.0026050506
17.362915,22.349995,-0.0013903244,0.00024371642,0.00079042924,0.00055622496,0.0002969433,0.0002663359
17.253183,22.811157,-0.0013715514,-7.450676e-05,0.00040188938,0.00023761988,4.5797824e-06,-0.00012564725
16.945238,22.336193,-0.0012683005,0.0011753914,0.0018947019,0.0017414318,0.0014217158,0.0012774474
15.44957,22.211319,-0.0013543767,0.0027453953,0.003724348,0.004076021,0.0041886475,0.003600586
15.988566,22.266855,-0.0011751727,0.0026380757,0.003550762,0.0037863154,0.0036631222,0.003109109
15.665702,22.71546,-0.00090098527,0.002914083,0.0037934098,0.004101339,0.0040164916,0.0033481803
14.277548,20.851582,-0.0033812195,-0.00091731583,0.00015266126,0.0006108235,0.0018285069,0.0018168489
14.488557,21.286316,-0.0030030084,0.00022209072,0.0014075894,0.001832505,0.002785128,0.0026712085
14.699565,21.72105,-0.002413469,0.0014053645,0.0025823042,0.0029888467,0.0036293196,0.0033487931
13.953344,21.221281,-0.003285295,-0.0006295065,0.00049210165,0.0008762302,0.0020202037,0.002055411
14.164353,21.656013,-0.0028118072,0.000584124,0.001793263,0.0021753097,0.0030523601,0.0029605813
13.629141,21.590979,-0.0031380262,-0.00025511466,0.00091510196,0.0012410863,0.0022743344,0.002325595
13.714233,20.677702,-0.0035916434,-0.0019258107,-0.0010713623,-0.0006629049,0.00070686487,0.0008019474
13.39003,21.0474,-0.0035519109,-0.0016649478,-0.00074629235,-0.0004293728,0.0008426597,0.00097532634
13.065826,21.417097,-0.0034651952,-0.0013156007,-0.00032521476,-8.0598176e-05,0.001080797,0.0012189666
13.150919,20.50382,-0.0037219597,-0.002815814,-0.0022654391,-0.0019598906,-0.00056173274,-0.00040153135
12.826715,20.873518,-0.0037199769,-0.002574614,-0.0019700974,-0.0017633521,-0.00045426618,-0.00027217387
12.5876045,20.329939,-0.0038003658,-0.0035820957,-0.0033450841,-0.0031743709,-0.0018225921,-0.0015931458
12.1569805,21.28927,-0.0037195224,-0.0024986549,-0.0019452494,-0.0018905855,-0.0006735177,-0.00047327875
12.3722925,20.809605,-0.0037943043,-0.0030974268,-0.0027274357,-0.0026286335,-0.0013370051,-0.0011157832
12.611403,21.353184,-0.0036134624,-0.0019394039,-0.0011474814,-0.0009917178,0.00020551724,0.00037310075
11.798175,21.002632,-0.0038234137,-0.0032683625,-0.0030303616,-0.003047965,-0.0017976557,-0.0015441388
11.43937,20.715996,-0.003874817,-0.003923438,-0.0039050325,-0.003948167,-0.002695666,-0.00238751
12.013487,20.522966,-0.00384947,-0.0037885394,-0.0036801633,-0.0036413942,-0.0023578133,-0.00207795
8.744879,18.562078,-0.0024791888,-0.005553087,-0.005521793,-0.0051888465,-0.0044080927,-0.004265365
9.257526,18.73138,-0.0029857988,-0.0057812543,-0.0057585523,-0.0054314565,-0.004542975,-0.00435785
9.770174,18.90068,-0.0033601846,-0.005867159,-0.005893172,-0.0056180097,-0.004619066,-0.004355934
8.800252,19.054028,-0.00308511,-0.005729878,-0.0056880233,-0.005370918,-0.0043873293,-0.004176704
9.312901,19.22333,-0.0034253444,-0.005818016,-0.0057956264,-0.005511805,-0.0044660624,-0.0042081056
8.855626,19.545977,-0.0034976916,-0.0056541283,-0.0056013307,-0.0052986387,-0.004221957,-0.003997082
9.861699,19.704185,-0.0037803492,-0.005595711,-0.005628697,-0.005448479,-0.0043107704,-0.003973266
9.358663,19.62508,-0.0036611804,-0.0056779385,-0.0056539956,-0.0054029482,-0.0042955247,-0.004019413
9.815937,19.302433,-0.0036153935,-0.0058010495,-0.0058311494,-0.005604252,-0.0045165257,-0.0041963565
10.334655,19.867094,-0.0038606983,-0.005361973,-0.005452857,-0.0053489385,-0.004178388,-0.0037990995
10.288893,19.465342,-0.003762269,-0.0056475108,-0.005735125,-0.0055762753,-0.0044451486,-0.0040682973
10.24313,19.063591,-0.0035937978,-0.0058107767,-0.005894527,-0.0056821266,-0.004607228,-0.004270971
10.761848,19.628252,-0.0038329526,-0.0053929957,-0.0055273944,-0.0054281275,-0.004256344,-0.0038518752
10.716086,19.2265,-0.0037262712,-0.005636661,-0.0057720384,-0.005617339,-0.0044852262,-0.0041009984
11.189042,19.389408,-0.0037853175,-0.0053689913,-0.0055321245,-0.005416695,-0.0042296527,-0.0038341826
11.65523,19.702919,-0.0038249497,-0.004906992,-0.0050384426,-0.004952109,-0.003706255,-0.0033360573
12.121417,20.016428,-0.0038282499,-0.004312196,-0.0043186666,-0.0042179665,-0.0029181018,-0.002611466
11.081112,19.895947,-0.003871254,-0.0050404663,-0.0051800297,-0.00513029,-0.003919903,-0.0035230613
11.547299,20.209457,-0.0038754973,-0.0044767265,-0.004554216,-0.0045372173,-0.0032853526,-0.0029345665
10.973183,20.402485,-0.0038998441,-0.0045717936,-0.0046728957,-0.0046892404,-0.0034576964,-0.0030993132
10.653919,20.13479,-0.003896488,-0.0050033703,-0.005118295,-0.005080745,-0.0038767185,-0.0034969568
8.586211,17.325638,-0.0004906089,-0.0034048925,-0.0031973037,-0.0029735346,-0.0034190398,-0.0037116427
9.037444,17.487503,-0.0012769882,-0.004122836,-0.0038848673,-0.0035242888,-0.0038237749,-0.004101513
9.488676,17.649366,-0.0019600044,-0.0047276816,-0.0045197112,-0.0040768124,-0.004116419,-0.0043248674
8.6186285,17.735306,-0.0011539313,-0.0043785926,-0.0042782393,-0.0039567486,-0.003924133,-0.0040499144
9.069861,17.897171,-0.0018586331,-0.004927894,-0.0048092697,-0.0044045052,-0.004202195,-0.0042984276
8.651046,18.144974,-0.0018121961,-0.0051028635,-0.005062584,-0.0047214045,-0.004247294,-0.004214904
9.582509,18.066471,-0.0025053597,-0.0053801485,-0.0053034727,-0.0048824917,-0.0044184756,-0.004433543
9.676341,18.483576,-0.0029798413,-0.0057483194,-0.005745614,-0.005401011,-0.004589272,-0.004440662
9.163693,18.314276,-0.002467418,-0.005499813,-0.0054512676,-0.0050749485,-0.0044505843,-0.004384032
9.186021,16.580498,-0.00032410002,-0.0022916794,-0.0018728453,-0.0018289267,-0.0028469276,-0.0033873357
9.286906,16.936789,-0.0008860741,-0.0031244522,-0.0027192507,-0.0025043942,-0.003327229,-0.0038186044
9.387791,17.293077,-0.0014348454,-0.003967721,-0.003638134,-0.0032733525,-0.0037590202,-0.0041288044
8.835673,16.774923,-6.0385464e-05,-0.002310154,-0.001937008,-0.0018797227,-0.0027985754,-0.003271592
8.936559,17.131212,-0.00067405426,-0.0032335888,-0.0029063092,-0.0026779247,-0.0033558875,-0.0037639341
8.485327,16.969349,0.000177028,-0.0024022118,-0.0021209903,-0.002055778,-0.0028003782,-0.0031818862
7.342586,11.754269,0.009393175,0.009671302,0.009244212,0.008587217,0.0063387607,0.005398028
7.1664767,12.057464,0.0090955,0.00948265,0.009090478,0.008467151,0.0063424674,0.005407124
7.0391493,11.701379,0.009895958,0.010012039,0.009514663,0.008832574,0.0063104145,0.0053871386
6.2571564,14.695539,0.006264668,0.0063086892,0.005972544,0.0053306906,0.004477588,0.004005258
6.475601,14.253029,0.0065744803,0.006828435,0.0064545586,0.005779904,0.004933019,0.0044706916
6.6940465,13.810518,0.006897168,0.0073035057,0.00692898,0.0062474348,0.0053896843,0.0048623225
6.767576,14.675113,0.005702524,0.005567444,0.005332444,0.0047303615,0.00401568,0.0036090408
6.9860215,14.232602,0.005973018,0.0060330485,0.0057448526,0.005107945,0.0043812357,0.004018645
7.2779965,14.654686,0.0050751106,0.004732814,0.004623598,0.0040315385,0.0033957057,0.0030954261
7.0547347,15.167455,0.0047579487,0.004126312,0.004116219,0.0035767483,0.003017847,0.0026950208
6.8314724,15.680223,0.0044123353,0.003369577,0.0034486388,0.002954661,0.002501267,0.0021657522
6.5443144,15.187881,0.005350165,0.0048966617,0.0047591277,0.004206201,0.0035634295,0.003108445
7.624157,15.018318,0.0041426504,0.0033748979,0.0034568382,0.0028915938,0.0022646247,0.0020735597
7.9703174,15.38195,0.0031498193,0.0019644962,0.0021951413,0.0016765523,0.00092679984,0.0007854349
8.316478,15.745583,0.002110373,0.0005787368,0.0008938574,0.000478594,-0.00045373393,-0.0006684536
7.400895,15.531087,0.0038401042,0.0027484384,0.0029214674,0.0024248017,0.0018855522,0.0016720605
7.7470555,15.894719,0.0028480387,0.0013060481,0.0015920016,0.0011672903,0.00050139194,0.00030712123
7.177633,16.043856,0.0034850363,0.0019089634,0.0021173768,0.0016789192,0.0012384646,0.0010001947
8.255979,16.218313,0.0015919202,-0.00029458402,4.4997872e-05,-0.0002322793,-0.0011457441,-0.0014547998
8.195478,16.691044,0.001020102,-0.0013467923,-0.0010608368,-0.0011752722,-0.0019816104,-0.002332277
7.686556,16.367449,0.0022838234,0.00023489982,0.00050524983,0.0001857053,-0.00045280324,-0.000696592
8.8961735,16.302193,0.00044933514,-0.001403783,-0.0010176641,-0.0011444642,-0.0022184262,-0.0026927167
8.545826,16.496618,0.0007499996,-0.0013359513,-0.0009791624,-0.0010986135,-0.0020691184,-0.0024864164
8.606325,16.023888,0.0012677228,-0.00045472692,-0.00010269064,-0.00038804807,-0.0014297008,-0.0017748845
8.024884,12.34181,0.0071225287,0.0073671592,0.0069570155,0.0061546615,0.005437824,0.0049958285
7.680045,12.348094,0.00773138,0.008143911,0.0077918745,0.007091065,0.0060136043,0.005296962
7.335206,12.354377,0.008290489,0.008784881,0.008450177,0.007822818,0.0062707984,0.0053984053
7.8561544,12.044898,0.007971903,0.008332888,0.00796075,0.007225443,0.006053543,0.005301013
7.511316,12.051181,0.008565096,0.008991286,0.008638144,0.007990126,0.0062942533,0.005398548
7.687425,11.747986,0.008847674,0.009188428,0.008803162,0.008119453,0.0062944503,0.0053820917
7.232502,12.706394,0.007833071,0.008358658,0.008029006,0.00739232,0.0061449977,0.0053510577
7.4746366,13.052129,0.0069043688,0.007267226,0.006916723,0.006225176,0.005471135,0.004997693
7.716771,13.397863,0.006026931,0.0061264215,0.005806721,0.0051019085,0.0044285734,0.0041978415
7.036403,13.0489855,0.007561025,0.008098713,0.0077596284,0.0071134362,0.0060131336,0.0052790474
7.2785378,13.39472,0.006690637,0.0070283716,0.00668299,0.0060056415,0.005268734,0.004838939
6.8403044,13.391578,0.0073067695,0.007822399,0.0074650156,0.0068002087,0.005815584,0.0051549952
7.570513,13.816804,0.0056933886,0.005687209,0.005425923,0.0047585755,0.004074739,0.0038263274
7.424255,14.235745,0.005379344,0.005227492,0.0050364137,0.004405348,0.0037324256,0.0034543544
7.13228,13.813662,0.0063185543,0.006539713,0.0062117917,0.0055492865,0.0048242253,0.004459405
7.9221797,12.693828,0.006726323,0.006946882,0.006557507,0.0057879146,0.0051231235,0.0047943136
7.8194757,13.045845,0.006362392,0.006534618,0.0061747427,0.005438159,0.004778269,0.004521938
7.5773406,12.700111,0.0072998344,0.0077052396,0.007353882,0.006656739,0.0057842336,0.0051880227
7.78782,10.959562,0.0101738665,0.0101282345,0.009562107,0.008774279,0.0062904917,0.005343762
7.653258,11.2053175,0.009937837,0.009994202,0.009476561,0.008732337,0.0063076867,0.005362508
7.518134,10.938936,0.010547806,0.0103650065,0.009758163,0.008961378,0.0062874476,0.0053643645
20.699463,20.730204,-0.0018836044,-0.0026913923,-0.0029833436,-0.0037258645,-0.0032687646,-0.003023765
20.794693,20.378687,-0.0018557297,-0.0026936284,-0.002980805,-0.0037135377,-0.0031642977,-0.0028888034
21.051132,20.63763,-0.0018609181,-0.0028032865,-0.0032901226,-0.004180335,-0.0035265307,-0.0032250772
20.531395,20.098097,-0.0018707424,-0.0025867133,-0.0027050271,-0.0032976132,-0.0028111672,-0.0025388435
20.436165,20.449614,-0.0018767103,-0.0025460166,-0.0026609488,-0.0032561284,-0.0028600611,-0.0026245122
20.340933,20.801132,-0.0018842348,-0.0025388822,-0.0026693416,-0.003266472,-0.0029423446,-0.002748508
20.172867,20.169024,-0.0018948113,-0.0024216617,-0.0023966327,-0.0028714188,-0.0024910683,-0.0022347397
20.077637,20.520542,-0.0018801042,-0.002363133,-0.002344602,-0.002825018,-0.0025236607,-0.0023134965
19.814339,20.239952,-0.0019044317,-0.002222958,-0.002086295,-0.0024705802,-0.0021545524,-0.0018929747
19.645933,20.973469,-0.0018462196,-0.0021387825,-0.002048885,-0.0024552927,-0.002283393,-0.0021387092
19.730135,20.60671,-0.0018703631,-0.0021502194,-0.0020302057,-0.0024292606,-0.002194087,-0.0019903504
19.993433,20.8873,-0.0018706437,-0.0023580913,-0.0023677964,-0.0028550157,-0.0026170234,-0.0024574986
19.256113,21.096777,-0.0018081163,-0.0018471715,-0.0016644853,-0.002008739,-0.0019086953,-0.0017645078
18.950495,20.853327,-0.001813471,-0.0015172741,-0.0012196706,-0.0015190081,-0.0014249352,-0.0011804653
18.644876,20.609875,-0.001862599,-0.0012342056,-0.0008286867,-0.0010961845,-0.0009820918,-0.0005895261
19.340315,20.730019,-0.0018462476,-0.001863869,-0.0016507653,-0.0019882838,-0.0018234022,-0.001609032
19.034697,20.486567,-0.0018821453,-0.0016282973,-0.0013095015,-0.001591888,-0.0014101197,-0.0010787615
19.424519,20.363258,-0.0018976689,-0.0019541834,-0.0017214922,-0.002042088,-0.0017924472,-0.0015072402
18.936422,21.244831,-0.0017663483,-0.0015754565,-0.001329911,-0.0016406291,-0.0016050867,-0.001459849
18.616734,21.392885,-0.0017169188,-0.0012575721,-0.0009506248,-0.0012404686,-0.0012682386,-0.0011168682
18.630804,21.001379,-0.0017729753,-0.0011816882,-0.0008215016,-0.0011079962,-0.0010794781,-0.0008151821
18.228188,21.604391,-0.0016418565,-0.00081083295,-0.000429477,-0.00071081164,-0.00081367587,-0.00066549383
17.853716,21.424393,-0.0016274017,-0.00012803715,0.00041438892,0.00011225307,-1.6162097e-05,0.000230604
17.479242,21.244394,-0.0016839913,0.0005253798,0.0012776597,0.0010045652,0.0008680301,0.0011332318
18.24226,21.212887,-0.0017071811,-0.00070065306,-0.0002603885,-0.00055037416,-0.00060188817,-0.00032990825
17.867786,21.032888,-0.0017543372,-0.00014220332,0.0004693848,0.00017316068,0.00012446957,0.00050731585
18.256332,20.82138,-0.0018137022,-0.00073460804,-0.0002396177,-0.0005189513,-0.00048774254,-7.527643e-05
17.680141,21.990664,-0.0014984249,-9.307158e-05,0.0004045606,0.00012901337,-7.752693e-05,1.319468e-06
17.57969,21.617529,-0.0015495287,0.00031184097,0.00093172735,0.0006366561,0.00044534757,0.00062304403
17.954165,21.797527,-0.0015746497,-0.00046941423,-3.4541965e-05,-0.0003149017,-0.00047057652,-0.0003483802
17.262465,21.97686,-0.0014117748,0.00077071023,0.001448288,0.0012023752,0.00093049,0.0009556874
16.84479,21.963058,-0.0013549977,0.0015865102,0.002422204,0.0023228754,0.002026941,0.001878349
17.162016,21.603725,-0.0015269305,0.001092779,0.001902542,0.0016956743,0.0014568751,0.0015192396
16.346575,21.799881,-0.0014734663,0.0022213336,0.003189268,0.00333278,0.0031671743,0.0027872701
15.807579,21.744347,-0.0017087907,0.0023372334,0.003371857,0.0036830138,0.0037649588,0.0032685222
15.268583,21.688812,-0.0020831951,0.0019558407,0.0030677014,0.0034573742,0.0038355435,0.0034021067
16.165588,21.277374,-0.002026754,0.0018352427,0.002948514,0.0032093984,0.0032485146,0.002893188
15.626593,21.22184,-0.0024050684,0.0014823396,0.002645033,0.003032979,0.003390541,0.0030108085
15.984601,20.754868,-0.0026391968,0.000969019,0.0021898202,0.0025671602,0.0028731995,0.002584494
16.98103,21.081219,-0.0018640569,0.0011800905,0.0021935673,0.002120719,0.0019960415,0.0020621156
16.663801,21.44055,-0.0016820866,0.0017583977,0.0027636266,0.002803665,0.00262607,0.0024465898
16.482815,20.918043,-0.002204374,0.0013524215,0.0025220483,0.002711642,0.0027240799,0.0025422848
14.846566,20.819344,-0.0031895319,-0.00020905661,0.00093780924,0.0014295717,0.0024293456,0.0022761796
15.415584,20.787106,-0.002940652,0.00047123607,0.0016646262,0.0021345862,0.0028020076,0.0025290258
15.057574,21.254078,-0.0027236885,0.0009144413,0.0021004104,0.0025355048,0.0032232571,0.0029469565
15.024469,19.746323,-0.0034111876,-0.0015746866,-0.00067972613,2.3157418e-05,0.0012546496,0.0010228702
15.344513,20.082504,-0.0033107018,-0.00077063276,0.00029560435,0.00090003054,0.0018616108,0.0016296625
15.664557,20.418686,-0.003055896,0.0001089772,0.0013011615,0.0017976295,0.0024339017,0.0021771633
14.775496,20.114742,-0.003454996,-0.0014362007,-0.00049242494,0.0001272369,0.001399974,0.0012578709
15.095539,20.450924,-0.0032810254,-0.00052065455,0.0005865395,0.001135561,0.0021367255,0.0019473718
14.526522,20.483162,-0.0034461108,-0.0012177414,-0.00021332895,0.0003227086,0.0015903271,0.0015235033
13.908527,19.58279,-0.0035528273,-0.003090433,-0.0025976095,-0.0019902252,-0.000419415,-0.00046333516
14.031534,20.00572,-0.0035918683,-0.0025012307,-0.0018194326,-0.0012541842,0.00024919212,0.00024126208
14.154541,20.428652,-0.0035469655,-0.0017790147,-0.00089109817,-0.00038056684,0.0010068731,0.0010156462
13.46822,19.83184,-0.0036592165,-0.003328846,-0.0029278756,-0.0024736314,-0.0009492118,-0.00086792745
13.591227,20.25477,-0.0036661243,-0.0026915274,-0.0020748805,-0.0016382369,-0.00016711473,-7.391971e-05
13.027912,20.080889,-0.0037419763,-0.0034906277,-0.0031765618,-0.0028716158,-0.0014339339,-0.0012617122
14.280508,19.6373,-0.003510471,-0.0026022329,-0.001958356,-0.0012812131,0.00024259329,0.00012696076
14.652489,19.69181,-0.0034662562,-0.0020917412,-0.0013140996,-0.000605078,0.00080521515,0.00062527065
14.403515,20.060232,-0.0035310225,-0.001979428,-0.0011555988,-0.0005476742,0.0008739911,0.00079952774
12.7070875,19.711752,-0.0037403516,-0.0041649654,-0.0040799812,-0.0038312331,-0.002430263,-0.0022061781
12.2409,19.398241,-0.0037337341,-0.004771843,-0.0048594764,-0.0046737045,-0.0033537454,-0.0030564948
11.774713,19.08473,-0.003697619,-0.0052352534,-0.0054046423,-0.0052315886,-0.0039888895,-0.003656249
12.82657,19.093563,-0.0035940923,-0.004509773,-0.0045131287,-0.004177068,-0.0027360562,-0.0025758934
12.360382,18.780054,-0.0035666632,-0.004981526,-0.0051189326,-0.0048423405,-0.0035048218,-0.003292991
12.946053,18.475376,-0.0033727547,-0.0045689335,-0.0046293163,-0.0041919122,-0.0027492405,-0.0027345452
13.587702,19.213652,-0.0035064467,-0.0037220602,-0.0034497944,-0.0028909973,-0.0013117277,-0.0013370744
13.147395,19.462702,-0.0036390943,-0.00398757,-0.0038168621,-0.0034239655,-0.0019232873,-0.0018038555
13.266877,18.844515,-0.0034425282,-0.004215584,-0.004131312,-0.0036416808,-0.002111929,-0.0021100186
10.029782,17.663786,-0.0024590492,-0.0050310316,-0.0048763957,-0.0044079786,-0.0042252783,-0.004390901
10.570888,17.678204,-0.0028484806,-0.0052274284,-0.005176137,-0.0047163935,-0.00424876,-0.00436142
11.111994,17.692623,-0.003103867,-0.0052684434,-0.0053219134,-0.004883766,-0.0041665914,-0.0042381412
10.123614,18.08089,-0.0028903065,-0.0055388156,-0.005523826,-0.005119991,-0.004481963,-0.004449396
10.664721,18.095308,-0.003169218,-0.005586472,-0.005652298,-0.0052838405,-0.0044620275,-0.0043813637
10.217447,18.497995,-0.0032527952,-0.005789979,-0.005850123,-0.0055430946,-0.0046263076,-0.0044260463
11.16336,18.823812,-0.0036209144,-0.0056004524,-0.005769915,-0.005572898,-0.0044357884,-0.004109807
10.690403,18.660904,-0.0034912548,-0.0057574185,-0.0058824583,-0.00563878,-0.004594529,-0.0043142373
11.137676,18.258217,-0.0033871508,-0.005580082,-0.0057245614,-0.0054176026,-0.0044015213,-0.004237764
11.749029,18.519135,-0.0035297838,-0.0053767525,-0.005566074,-0.005309296,-0.004111775,-0.0038827104
11.723347,17.95354,-0.0033235855,-0.005265197,-0.005434289,-0.00506326,-0.0040115323,-0.0039685927
12.3347,18.214458,-0.003384151,-0.005014303,-0.005190579,-0.0048309737,-0.0035569544,-0.0034802489
9.522037,16.620987,-0.00083798287,-0.0027336692,-0.0022965907,-0.0021699925,-0.0031395622,-0.0037040792
9.858051,16.661474,-0.0013140878,-0.003150299,-0.0027162938,-0.0025082827,-0.003364638,-0.003919907
10.194067,16.701963,-0.0017474204,-0.0035378875,-0.0031358358,-0.002848456,-0.0035204182,-0.004044847
9.622921,16.977276,-0.0013525604,-0.0035201774,-0.0031101212,-0.0028194662,-0.003543982,-0.0040249275
9.958937,17.017763,-0.0017781748,-0.0038906117,-0.0035091448,-0.00315003,-0.0037043449,-0.004151535
9.723806,17.333565,-0.00184795,-0.004299473,-0.003987837,-0.0035682253,-0.003909272,-0.004248842
10.500043,17.032183,-0.0023213949,-0.004312698,-0.0040307604,-0.0035956826,-0.0038084788,-0.0042032837
10.806018,17.362402,-0.002774948,-0.0049091903,-0.004806318,-0.0043205633,-0.0040252004,-0.0042618364
10.264913,17.347984,-0.0023739992,-0.0046730423,-0.0044429963,-0.0039757425,-0.004020324,-0.004308807
9.383645,16.26239,-0.00025260914,-0.0019517192,-0.0015450834,-0.0015871758,-0.0026835462,-0.0032500662
9.093798,15.984085,0.0005092044,-0.001125673,-0.0007652366,-0.0009683107,-0.002095334,-0.0025614414
8.803949,15.70578,0.0013201497,-0.00022603321,9.115976e-05,-0.00026407753,-0.0013553003,-0.0016688808
9.581269,15.9442835,-0.00021846473,-0.001718976,-0.001358708,-0.0014682736,-0.0025920034,-0.0031592955
9.291422,15.6659775,0.0005331011,-0.0009512982,-0.00064433075,-0.0009073491,-0.002052677,-0.0024989166
9.778893,15.626176,-0.00021705055,-0.0015752974,-0.0012797009,-0.0014375529,-0.0025575857,-0.0031107122
9.719661,16.30288,-0.00077817764,-0.002405295,-0.0019877043,-0.0019449957,-0.0029861399,-0.003585657
9.917285,15.984771,-0.0007535411,-0.0021738396,-0.0018068642,-0.0018288881,-0.0028890176,-0.0034961547
10.0556755,16.343367,-0.0012648546,-0.0028285156,-0.0024154405,-0.0022872544,-0.003209585,-0.0038069815
7.807275,11.452921,0.009216153,0.009455237,0.009022362,0.008301035,0.0062936638,0.005361493
7.941837,11.207166,0.009458383,0.009608721,0.009130393,0.008366993,0.0062754746,0.005335087
8.076399,10.9614105,0.009690731,0.009749639,0.009220622,0.00841437,0.0062543834,0.005306661
8.095854,11.454769,0.008660785,0.008902709,0.008471603,0.0076781935,0.006152888,0.005295402
8.230415,11.209014,0.008879208,0.009049096,0.008576267,0.00774153,0.0061408076,0.00526438
8.384433,11.456618,0.008029135,0.008177813,0.007688405,0.006770018,0.005806831,0.005130313
8.264584,11.751682,0.0077167964,0.007910792,0.007452295,0.0065718037,0.0057137543,0.00511369
8.144733,12.046746,0.007413013,0.0076395194,0.0072068693,0.0063661174,0.005591189,0.0050711706
7.976004,11.749834,0.008311355,0.008621912,0.008226556,0.0074652093,0.0061182245,0.00530755
8.864427,12.107416,0.0057100053,0.005319358,0.004721227,0.0037006212,0.0032555233,0.0034297376
8.584579,12.185548,0.006238235,0.006099885,0.0055634887,0.004594998,0.004094978,0.004092189
8.304731,12.2636795,0.006707157,0.0067803394,0.006309832,0.0054206885,0.004842568,0.004622969
8.704429,11.890484,0.0064590937,0.0062885755,0.005692613,0.0046669054,0.004256326,0.004234995
8.424582,11.968615,0.0069662845,0.0070179105,0.006507087,0.0055640745,0.005011451,0.0047326847
8.544431,11.673551,0.007233261,0.007252503,0.0067012846,0.0057055564,0.005168386,0.0048130737
8.129668,13.716016,0.0049209865,0.0046027116,0.0043907813,0.0036541873,0.002933039,0.002826707
8.542565,14.034167,0.0037677789,0.0029998876,0.0029154983,0.0021632554,0.0013187822,0.0013150186
8.955462,14.35232,0.0025824467,0.0014395816,0.0014589822,0.0007736945,-0.00022084772,-0.00022627521
7.9834104,14.134956,0.0046453797,0.004220197,0.0041065547,0.0034250221,0.0027084223,0.0025653297
8.396307,14.453109,0.0035385303,0.0026803424,0.002708816,0.0020258941,0.0011708856,0.0011219908
7.837152,14.553898,0.004373339,0.0038006525,0.0037861234,0.0031578399,0.0024677105,0.0023022152
8.529472,15.281162,0.0023109117,0.0009952727,0.0012383679,0.0007214968,-0.00026615642,-0.00041248632
8.183312,14.91753,0.003359922,0.002377794,0.002517353,0.0019155998,0.0010996489,0.0010019998
8.742468,14.816741,0.002465336,0.0012712119,0.0014105141,0.00080309494,-0.00020891582,-0.00028743374
9.504416,15.201557,0.00064369757,-0.0007226979,-0.0005162202,-0.00085688033,-0.001990138,-0.002376252
9.016945,15.24136,0.0014743236,8.225471e-05,0.00031116928,-0.00014127564,-0.0012501663,-0.0014924313
9.229939,14.776938,0.0015803346,0.00025827246,0.00037799723,-0.00014909107,-0.0012388512,-0.0014077908
8.315416,12.562812,0.006197935,0.00617886,0.0057321023,0.0048629567,0.0042690868,0.0041834535
8.605949,12.7838125,0.0052702622,0.0049286475,0.0044987807,0.0035926932,0.002953447,0.0030224437
8.896482,13.004813,0.0043342193,0.0036429917,0.0032685527,0.0023589162,0.0016687458,0.001809335
8.212712,12.914829,0.005862021,0.0058079045,0.0054203705,0.004603485,0.003958756,0.0038784337
8.503245,13.13583,0.0049886624,0.0046149543,0.004272465,0.0034206137,0.0027210955,0.002739675
8.110008,13.266847,0.005549584,0.005440186,0.005118687,0.004349285,0.003668282,0.0035636774
8.916142,13.453982,0.0037182015,0.0028683038,0.002627481,0.0017789962,0.0009802798,0.0010932684
8.935802,13.9031515,0.0031382341,0.0021357797,0.0020289454,0.0012539914,0.00034998707,0.0004188876
8.522905,13.584999,0.0043608993,0.0037951989,0.0035768123,0.0027701592,0.0019981451,0.0020041184
8.875112,12.4065485,0.005222798,0.0047350065,0.004200675,0.0032176252,0.00267939,0.0028611002
8.8857975,12.705681,0.004765577,0.004177303,0.003718964,0.0027723722,0.0021549792,0.0023163839
8.595264,12.48468,0.0057379887,0.0055022286,0.005010341,0.0040729945,0.0035019158,0.0035662593
8.206643,10.699685,0.009947335,0.009903991,0.00931684,0.008470446,0.006236033,0.0052803755
8.490905,10.685564,0.009368009,0.009370258,0.00879542,0.007894607,0.0061210743,0.0052032513
8.7751665,10.671443,0.008657486,0.0086038625,0.00799178,0.00698897,0.0058650346,0.0050689043
8.360661,10.947289,0.009130126,0.0092190085,0.0086967815,0.007825102,0.006131675,0.005233009
8.644922,10.933168,0.008459692,0.008480339,0.007909427,0.0069207,0.0058494727,0.005089683
8.514677,11.194893,0.0082494775,0.008337391,0.0078085153,0.006850023,0.0058319257,0.005112174
8.444987,10.266732,0.010290217,0.0100832,0.00940539,0.008512801,0.0062158294,0.005248409
8.610077,10.469088,0.009526085,0.009452834,0.008835124,0.00791733,0.0061088386,0.0051798997
8.160726,10.280853,0.01074049,0.010433104,0.00973182,0.008845288,0.006265439,0.0053101764
8.325815,10.483209,0.010124304,0.009999469,0.009365748,0.008491565,0.00622227,0.005260788
8.0415535,10.49733,0.010573801,0.010346337,0.009686571,0.008824999,0.006266825,0.0053152605
7.90903,10.248586,0.011074571,0.010648321,0.009924983,0.009031545,0.0062893834,0.0053620716
21.109064,19.472397,-0.0017632527,-0.002851407,-0.0032796327,-0.0039631957,-0.0030360317,-0.0027426335
21.352743,19.661722,-0.0017093187,-0.002842859,-0.0034293856,-0.004174925,-0.0031498098,-0.002869637
20.999495,19.749783,-0.001796318,-0.002774593,-0.003132625,-0.0038439354,-0.0030540987,-0.002751801
20.89696,19.167805,-0.0018196574,-0.0029463395,-0.0032661185,-0.0038615665,-0.0029623713,-0.0026481366
20.78739,19.44519,-0.0018406099,-0.0028027855,-0.0030362178,-0.0036433463,-0.0028907266,-0.0025760964
20.677818,19.722576,-0.0018567654,-0.0026917711,-0.0028623466,-0.0034668592,-0.0028412088,-0.0025381274
20.575285,19.140598,-0.0019020037,-0.0029215545,-0.0030702238,-0.0035725578,-0.002815257,-0.002469025
20.465714,19.417984,-0.0019091205,-0.002744089,-0.0028163753,-0.003310719,-0.0026807457,-0.002349752
20.253609,19.113392,-0.0019758022,-0.0028957892,-0.0029114385,-0.0033000465,-0.0026178674,-0.0022373649
20.31929,19.793505,-0.001906654,-0.0025561375,-0.002563336,-0.0030464467,-0.0025548977,-0.0022561222
19.960762,19.864431,-0.0019390999,-0.0023928813,-0.0022760876,-0.0026568274,-0.00223641,-0.0019260109
20.107185,19.488913,-0.0019650988,-0.0026174416,-0.002547927,-0.0029289955,-0.0023888564,-0.0020383964
19.520432,19.916183,-0.0019703386,-0.002164286,-0.0019267403,-0.0022174006,-0.001841904,-0.0014724869
19.226524,19.592415,-0.00206982,-0.0022416788,-0.0019364401,-0.0021520448,-0.0016833397,-0.0011442037
18.932617,19.268648,-0.0021854138,-0.0024431276,-0.0021119446,-0.0022731214,-0.0016836302,-0.00091264746
19.666855,19.540665,-0.0020205546,-0.0024502564,-0.0022515063,-0.0025278311,-0.0020270315,-0.0016099518
19.372948,19.216896,-0.0021193856,-0.0026361174,-0.0024024986,-0.0025979267,-0.0019787394,-0.0013965606
19.813278,19.165144,-0.0020537844,-0.0027828384,-0.0026566028,-0.0029240914,-0.0022867064,-0.0018356768
19.130611,20.039492,-0.0019779983,-0.0018754614,-0.0015469593,-0.0017978471,-0.0014851452,-0.001046376
18.740791,20.162798,-0.001983342,-0.001524365,-0.0011045495,-0.0013397717,-0.001093066,-0.00056640897
18.836704,19.715723,-0.0020980649,-0.0019412003,-0.0015395023,-0.0017370397,-0.0013321758,-0.00067446375
18.262981,20.343184,-0.0019844084,-0.0009706134,-0.0004179095,-0.0006637877,-0.00049560214,0.00011072558
17.881084,20.076492,-0.0021818338,-0.0008401346,-0.00010213172,-0.00031187892,-3.725958e-05,0.0007244129
17.49919,19.8098,-0.0024326553,-0.0008442179,9.3748095e-05,-5.676508e-06,0.0004107928,0.0011260934
18.358894,19.896107,-0.0021317338,-0.0014515434,-0.00091013504,-0.0011131088,-0.00078438426,-9.734452e-06
17.977,19.629416,-0.0023238168,-0.0014833871,-0.000812312,-0.0009717287,-0.00049309706,0.00045794714
18.45481,19.449032,-0.0022442613,-0.002019278,-0.0015444456,-0.001703972,-0.0011890405,-0.00025658763
17.874435,20.55469,-0.0019611337,-0.00037430035,0.00031794925,5.5220724e-05,0.00014532261,0.0007113143
17.485891,20.766197,-0.0019339743,0.00029404784,0.0011517882,0.0009196467,0.00091697654,0.0013274414
17.49254,20.287998,-0.0022050834,-0.00019112503,0.00074397767,0.00057196413,0.0007530124,0.0013191127
16.987679,20.60302,-0.0022114615,0.0006865172,0.0018135755,0.0018052721,0.0018334301,0.0020029182
16.489464,20.439844,-0.002589122,0.0006450333,0.0018988354,0.002157514,0.0023248282,0.0022284894
16.994328,20.124823,-0.002515161,8.606315e-06,0.0011945344,0.0012606506,0.0014827764,0.0017539149
15.416302,19.513018,-0.0033152713,-0.0013602487,-0.00042782366,0.00030192666,0.0013438434,0.0010370419
15.808134,19.279715,-0.0031981773,-0.0012030484,-0.00022632373,0.0004924866,0.0013280322,0.0009992461
16.199966,19.046412,-0.0030578002,-0.0011786197,-0.00016551436,0.0005024572,0.0011908142,0.00092149567
15.736346,19.8492,-0.003224619,-0.0006668483,0.00043257445,0.0010284034,0.0017925396,0.001539094
16.128178,19.615896,-0.0031125355,-0.00067651377,0.00046072283,0.0010084222,0.0016023674,0.0014041604
16.05639,20.185383,-0.0029811426,7.422608e-05,0.0013017256,0.001753975,0.002213559,0.0020040274
16.633041,19.300875,-0.002935495,-0.0009836103,0.00013651932,0.0005580313,0.0011234229,0.0011537084
17.066114,19.555338,-0.0027096968,-0.0008808107,0.00022255165,0.00035972914,0.0008696134,0.0012739411
16.561253,19.87036,-0.00285742,-0.0002392838,0.0010047295,0.0013339482,0.0016917365,0.0016937704
14.918924,19.335028,-0.0033566146,-0.0020806226,-0.0013212074,-0.0005156964,0.0008238797,0.00052134966
14.813379,18.923733,-0.0032251296,-0.00243359,-0.0017855228,-0.0008848197,0.0005098201,0.00010756326
14.707835,18.512438,-0.0030433945,-0.0026185317,-0.00205971,-0.0010773451,0.00030772298,-0.0002155255
15.310757,19.101725,-0.0032383977,-0.0017808086,-0.0009666479,-0.00011607271,0.0010283747,0.00062491745
15.205213,18.69043,-0.0030824828,-0.0020305896,-0.00130463,-0.00033698903,0.0008475741,0.00031538267
15.70259,18.86842,-0.0031051903,-0.0015167228,-0.00064543914,0.00021021253,0.0011320902,0.0006740563
14.546944,19.280518,-0.003386332,-0.0025720578,-0.001935459,-0.0011443805,0.00034518898,9.56105e-05
14.174963,19.226006,-0.0034185534,-0.003055283,-0.0025586972,-0.001827114,-0.0002526146,-0.00043049312
14.441399,18.869223,-0.0032465544,-0.002903255,-0.0023848924,-0.001526966,-8.30704e-06,-0.00034817183
13.854138,18.856869,-0.0033357793,-0.0035972695,-0.0032991553,-0.0026070443,-0.0010164347,-0.0011944121
13.533313,18.48773,-0.0032495228,-0.0040018708,-0.0038842505,-0.003258841,-0.0017230009,-0.0018922617
14.120574,18.500084,-0.0031296583,-0.003337154,-0.0029953904,-0.002158618,-0.00062618026,-0.0009917896
12.909356,17.87444,-0.0031532927,-0.0044594416,-0.0045687426,-0.0040394287,-0.0027422842,-0.002901362
12.298003,17.613522,-0.0031775055,-0.004777143,-0.0049354844,-0.0044577266,-0.0034063978,-0.0035379997
11.68665,17.352604,-0.003086424,-0.0048629697,-0.004932395,-0.0044391872,-0.0037428478,-0.0039427583
12.87266,17.273502,-0.0029437118,-0.0040690363,-0.0041400376,-0.003504597,-0.0025492124,-0.0029109416
12.261307,17.012585,-0.0029824409,-0.0042854776,-0.0043367236,-0.0037731095,-0.00313483,-0.0034773613
12.835963,16.672567,-0.0027648753,-0.0034804535,-0.003422186,-0.0027681026,-0.0022868013,-0.0028076714
13.317776,16.831,-0.002637148,-0.0031276713,-0.0029954556,-0.0022045856,-0.0016079596,-0.0022369141
13.799588,16.989433,-0.0024988533,-0.002677705,-0.002398633,-0.001438321,-0.00079153443,-0.0015712591
14.281402,17.147867,-0.002395112,-0.0021779141,-0.0017133433,-0.00058891845,6.410754e-05,-0.0008648205
13.354472,17.431936,-0.0028484073,-0.0037133547,-0.0036914176,-0.0029413737,-0.0018491005,-0.0023083992
13.836285,17.59037,-0.0027556343,-0.003267447,-0.0030828628,-0.0021793733,-0.0010127355,-0.0016041829
13.391169,18.032873,-0.0030898876,-0.0040597105,-0.0040380503,-0.0033915963,-0.0019784782,-0.0022384725
14.56569,18.05758,-0.002817937,-0.0026532135,-0.0021762047,-0.0011213964,0.00015854674,-0.00050807215
13.97843,18.045227,-0.002937407,-0.0033920645,-0.0031523705,-0.0022838488,-0.00087417685,-0.0013500057
14.423546,17.602724,-0.0025942002,-0.0024931545,-0.0020544352,-0.0009428482,9.0100286e-05,-0.0007197543
10.584086,16.443895,-0.0019627884,-0.003469388,-0.003111291,-0.002835012,-0.0034263993,-0.00397699
10.445695,16.0853,-0.0015387736,-0.0028586893,-0.0025004782,-0.0023712579,-0.0031976013,-0.0038001155
10.307303,15.726705,-0.0010805383,-0.0022994885,-0.0019907234,-0.0019969512,-0.0029718566,-0.0035788803
10.974106,16.18583,-0.0021753288,-0.0034008927,-0.003102858,-0.0028216757,-0.0033061367,-0.0038668064
10.835714,15.827233,-0.001814447,-0.0028974104,-0.0026039714,-0.0024561023,-0.00315422,-0.0037469135
11.364124,15.927762,-0.0023592757,-0.0032875992,-0.0030461464,-0.0027544731,-0.003145954,-0.0037011667
10.890061,16.774117,-0.0024611421,-0.004140628,-0.0038877276,-0.0034606133,-0.0036344896,-0.0040822225
11.280081,16.516048,-0.0025838842,-0.003936723,-0.0037241245,-0.0032985497,-0.0034257069,-0.0039104195
11.196037,17.104336,-0.0028331543,-0.0046590785,-0.00456775,-0.004069542,-0.0037902207,-0.0041047656
11.854737,16.176031,-0.002695312,-0.0035571523,-0.0033926917,-0.0029630456,-0.0030324683,-0.0035432926
12.34535,16.4243,-0.0028026428,-0.0036057967,-0.0035196124,-0.0029794464,-0.0027516184,-0.003241872
11.770694,16.764317,-0.002878995,-0.0042260764,-0.0041616145,-0.0036434717,-0.003363901,-0.0037646876
10.431584,14.627108,-0.0004263097,-0.0015490297,-0.0014675161,-0.0016623575,-0.0026825967,-0.003146462
10.214021,14.96013,-0.0003346709,-0.0015104769,-0.0013629474,-0.0015606572,-0.0026199913,-0.0031204962
9.996457,15.293153,-0.00026279403,-0.001513764,-0.0012930166,-0.0014795517,-0.0025745363,-0.0031049566
9.939544,14.535512,0.00048664844,-0.0008083937,-0.0007543584,-0.0011105003,-0.0021809253,-0.0025110163
9.72198,14.868534,0.000577662,-0.00074014557,-0.0006118277,-0.0009697143,-0.0020757222,-0.002435418
9.447503,14.443916,0.0015036566,0.00018233251,0.00021809059,-0.00032591866,-0.0013830198,-0.0015172423
10.742431,15.060659,-0.0011971787,-0.002157228,-0.001986265,-0.002031982,-0.0029273583,-0.0034800358
11.053278,15.49421,-0.0018518848,-0.002736597,-0.0025005483,-0.0023829027,-0.0030614443,-0.0036384254
10.524867,15.393682,-0.0011287836,-0.002203662,-0.001966011,-0.0019995165,-0.0029377996,-0.0035234047
12.779094,15.344404,-0.0024361592,-0.002244011,-0.0020049314,-0.0016818239,-0.001928054,-0.0024866958
12.79805,15.787126,-0.0025440012,-0.0025806832,-0.0023552247,-0.0019013471,-0.0019814097,-0.0025715774
12.817006,16.229847,-0.0026500158,-0.0030063605,-0.00284483,-0.0022673826,-0.0021054158,-0.0026869907
12.307437,15.538857,-0.002567815,-0.0027955112,-0.0026086331,-0.0022788215,-0.0025000835,-0.0030280834
12.326394,15.981578,-0.0026859874,-0.0031635351,-0.0030030494,-0.0025594144,-0.002593222,-0.0031251926
11.835781,15.73331,-0.002539987,-0.0031378411,-0.0029430862,-0.0026217953,-0.0028982454,-0.0034328667
8.683771,11.446131,0.0073223705,0.007272687,0.006671311,0.005621921,0.005151871,0.0047876504
8.814016,11.184406,0.0074870377,0.0073753907,0.0067276023,0.005637579,0.0052150288,0.00479919
8.944261,10.922681,0.0076386114,0.007458149,0.0067678923,0.0056552333,0.005278389,0.0048074485
8.98311,11.435644,0.0065423893,0.0062055388,0.0054883957,0.004377391,0.0041900733,0.0042087226
9.113355,11.173919,0.006644902,0.006230327,0.005456095,0.0043221805,0.004277682,0.0042678495
9.282449,11.425157,0.005699568,0.00501326,0.0042276755,0.003148508,0.003071947,0.0034085666
9.003767,11.879996,0.0057249838,0.0052462276,0.004583628,0.0035282406,0.0031853737,0.0034151901
8.843769,11.663064,0.006509586,0.0062607313,0.0056048105,0.0045306445,0.0042209886,0.004221744
9.143108,11.652576,0.0057223462,0.005144604,0.0044183373,0.0033421426,0.0031222068,0.0034066401
9.171736,12.170293,0.004839456,0.0040929657,0.0034852957,0.0024805998,0.0020523043,0.0023526882
9.479045,12.23317,0.0039438843,0.0028409094,0.002267755,0.00134625,0.0009338979,0.0013083677
9.786354,12.296046,0.0030551367,0.0016537159,0.0011498389,0.0003751805,-7.222265e-05,0.00034793868
9.182421,12.469425,0.0043862155,0.003552125,0.003027831,0.0020629289,0.0015376568,0.0018060738
9.48973,12.532302,0.0035285873,0.0023640918,0.0018805695,0.0010021987,0.00047666993,0.0008090959
9.193106,12.768558,0.0039586853,0.0030400294,0.002603995,0.0016802533,0.0010633054,0.0013021932
9.311076,11.942873,0.004804676,0.0039533535,0.0032855715,0.0022778788,0.0019571409,0.0023277344
9.450417,11.715453,0.0047518387,0.0037873916,0.0030658091,0.0020718253,0.0018729169,0.0023172605
9.618385,12.00575,0.003870225,0.0026583965,0.0020389033,0.0011458086,0.00083500333,0.0012791094
9.354761,13.139658,0.0031155115,0.0019730905,0.0016574593,0.0008247221,9.051907e-05,0.00030975067
9.813039,13.274503,0.0019173807,0.00049887574,0.00026006444,-0.00036184012,-0.0011839513,-0.0010392938
10.2713175,13.409348,0.00082760217,-0.0006027101,-0.00076330494,-0.0011625603,-0.002094241,-0.0021466813
9.374421,13.588827,0.0025575494,0.001335559,0.001150113,0.0004015715,-0.00046876955,-0.00034063339
9.8327,13.723672,0.0014327323,4.2892694e-05,-8.627689e-05,-0.0006261958,-0.0015685926,-0.001588531
9.394081,14.037996,0.002030672,0.00075093,0.0006865494,3.4505487e-05,-0.0009468881,-0.0009415615
10.378162,14.221188,-2.8755248e-05,-0.0012429906,-0.0012423889,-0.0015085725,-0.0025318284,-0.0028890986
9.886122,14.129592,0.00094764854,-0.00040068137,-0.00043597686,-0.00088410877,-0.0019057979,-0.002087626
10.324739,13.815268,0.00038757367,-0.00093513774,-0.0010141873,-0.001347336,-0.0023428716,-0.002562438
9.948009,12.667147,0.0022359793,0.0007310486,0.00035954046,-0.0002806846,-0.0009187692,-0.00059605564
10.109663,13.038247,0.0014964445,-1.2949228e-05,-0.00026943994,-0.0007813408,-0.0015906178,-0.0014389209
9.651384,12.903402,0.0026876822,0.0013505396,0.0009946163,0.00023788714,-0.00043631924,-0.000159891
9.5763645,10.673987,0.0060714274,0.0052008354,0.004299038,0.0032651038,0.0037273164,0.003955265
9.478393,10.924377,0.005946138,0.0051410175,0.0042646816,0.0032004686,0.003473795,0.003770143
9.380421,11.1747675,0.0058244094,0.005080584,0.0042440523,0.0031652213,0.0032556972,0.0035873214
9.3092985,10.67314,0.0069835614,0.0064651137,0.005633058,0.0045105177,0.0046763197,0.0044857836
9.211327,10.923529,0.006813947,0.006349927,0.0055397893,0.0044012987,0.0044724005,0.004380085
9.0422325,10.672291,0.007856289,0.007626867,0.0069164396,0.0058122,0.0054032365,0.0048470316
8.588423,9.941155,0.010601115,0.0102540795,0.009513981,0.008615197,0.0062382645,0.0052615274
8.896948,9.817935,0.010174387,0.009829116,0.009099526,0.008213018,0.006171815,0.005203868
8.753512,10.143511,0.009842306,0.009642822,0.008965368,0.008051389,0.006125806,0.00517523
9.062037,10.02029,0.009251082,0.0089783175,0.008292593,0.0073580556,0.0059731677,0.0050869645
8.918602,10.345867,0.0089470185,0.008795041,0.008141968,0.0071576685,0.0059117205,0.00506578
9.452734,10.347563,0.0071646166,0.006544385,0.005703014,0.004639806,0.0049058953,0.004599098
9.185668,10.346715,0.008094065,0.0077732666,0.0070452485,0.005985043,0.0055278116,0.004885764
9.329103,10.021138,0.008366457,0.007931726,0.007204892,0.006230971,0.005665033,0.0049461257
8.5303545,9.630516,0.011213933,0.010670126,0.009865393,0.0089663705,0.006339737,0.0053640865
21.155928,18.874897,-0.0017531367,-0.003122437,-0.003646856,-0.004203033,-0.0030704723,-0.0028000975
20.834253,18.847692,-0.0018456873,-0.0031519905,-0.0034915877,-0.004025103,-0.003037754,-0.0027064877
20.512577,18.820486,-0.0019339069,-0.0031574974,-0.0033353444,-0.0037820868,-0.0029242449,-0.0025472469
21.093222,18.554785,-0.0017800168,-0.003372645,-0.003945858,-0.0044340976,-0.003206954,-0.0029247876
20.771547,18.527578,-0.0018708734,-0.0034286822,-0.003823824,-0.0042975214,-0.0032012626,-0.0028483735
21.415045,18.74207,-0.001688541,-0.0031349673,-0.0038284727,-0.004320881,-0.0030727414,-0.0028735336
20.045763,18.710455,-0.0020511004,-0.0032287221,-0.0032596735,-0.0035433264,-0.0027257209,-0.0022671865
19.837915,18.307516,-0.002106184,-0.0035948253,-0.0036955643,-0.0038852163,-0.0029143,-0.0023802696
19.63007,17.90458,-0.0021219582,-0.0038336865,-0.0040109595,-0.00411896,-0.0030437445,-0.0024648022
20.304731,18.417547,-0.0019989265,-0.0035245833,-0.0037302112,-0.0040698806,-0.0031027102,-0.0026692795
20.096886,18.01461,-0.002037529,-0.0038621693,-0.004126271,-0.004368523,-0.0033041358,-0.002834423
20.5637,18.124641,-0.0019249769,-0.0038195066,-0.004249442,-0.004632621,-0.0034541169,-0.0030558228
19.605433,18.762205,-0.0021350498,-0.0031367831,-0.003050224,-0.0032358337,-0.0024286876,-0.001851231
19.165102,18.813957,-0.0022083235,-0.0030051812,-0.0028283033,-0.0029644128,-0.002166854,-0.0013970202
19.397585,18.359268,-0.0021875172,-0.0034884783,-0.0034950203,-0.0036087513,-0.0026256356,-0.0019238285
18.53969,18.823967,-0.0023257604,-0.0027891835,-0.0025043688,-0.0026033744,-0.0017864734,-0.00067860354
18.14676,18.379286,-0.0023971773,-0.0029328866,-0.0027262396,-0.0027192459,-0.0015863065,-0.0003487314
17.753832,17.934607,-0.00236828,-0.0026152506,-0.0023788523,-0.0021671276,-0.0007562139,0.00013900829
18.772173,18.369278,-0.0022864519,-0.0032938751,-0.003214605,-0.0032755027,-0.002262576,-0.0012057275
18.379244,17.924597,-0.00228158,-0.003215753,-0.0031985673,-0.003154983,-0.0019190158,-0.0007265712
19.004656,17.914587,-0.002209701,-0.0036058372,-0.003693182,-0.0037163796,-0.002585279,-0.0016873337
18.06188,19.00435,-0.0024284453,-0.0023360902,-0.0018626867,-0.0019442004,-0.0011350032,2.6048958e-05
17.58407,19.184736,-0.0025639597,-0.0017723888,-0.0010278795,-0.0010394834,-0.00025310565,0.00065168703
17.668951,18.559671,-0.002531654,-0.0024335857,-0.0019771287,-0.0018802139,-0.00072204194,0.0002528396
17.150995,18.930273,-0.0027314944,-0.0016711128,-0.00080343866,-0.000561597,0.00030494918,0.0007696147
16.717922,18.67581,-0.002827869,-0.001483966,-0.0005483698,4.20928e-06,0.0007773162,0.00073847704
17.235876,18.305208,-0.0025860535,-0.0020550413,-0.0014407045,-0.0010664994,0.000106900035,0.00050439575
15.987827,17.462172,-0.0023235679,-0.0006676215,0.00031291664,0.0014637023,0.0017350459,0.00075144175
16.576496,17.61965,-0.0023795548,-0.0009804122,-7.6692166e-05,0.000848699,0.001402314,0.00078978227
17.165163,17.777128,-0.00239399,-0.0017753581,-0.0011894433,-0.00061992253,0.0005498941,0.00061582046
16.05854,17.990252,-0.002637312,-0.0011834678,-0.00028960156,0.00072459585,0.0013346724,0.00061274983
16.64721,18.14773,-0.0026463694,-0.0014309977,-0.00056860375,0.00017976963,0.000955472,0.00064913096
16.129253,18.518332,-0.002899695,-0.0013624519,-0.0004500481,0.0003932703,0.0011234065,0.0006539871
15.631876,18.34034,-0.0028682705,-0.0015842353,-0.00077656424,0.00024068517,0.0011269563,0.00046217887
15.134499,18.16235,-0.0028064784,-0.0020047363,-0.0013298339,-0.00022552501,0.00085402495,0.000117554424
15.561163,17.81226,-0.0025647029,-0.0013151909,-0.00049603987,0.0006690056,0.0013416555,0.0004383572
14.992354,17.707493,-0.002551032,-0.0018355986,-0.0011789533,2.3866356e-05,0.00090090546,-1.3480842e-05
14.85021,17.252636,-0.0023054061,-0.0014911718,-0.0007906375,0.00046068494,0.000980599,-9.111702e-05
15.419019,17.357403,-0.0022928568,-0.00092870404,-4.4723867e-05,0.0012155855,0.0015668588,0.0004629198
14.182165,16.650988,-0.0021968933,-0.0016464323,-0.0010666931,-1.8777311e-05,0.0001425957,-0.000881734
13.700353,16.492554,-0.0023478607,-0.002179093,-0.0017922934,-0.0009271903,-0.00072639826,-0.0015720929
13.21854,16.334122,-0.0025215622,-0.0026589169,-0.0024223046,-0.0017325729,-0.001531098,-0.0022116837
14.08293,16.154108,-0.0020343056,-0.001112484,-0.0004273604,0.00042509253,0.00016730111,-0.0008764508
13.601117,15.995675,-0.0022286319,-0.0017081765,-0.0012400919,-0.00056515826,-0.0007128538,-0.0015528246
13.983694,15.657229,-0.0018985528,-0.00068196474,3.0938565e-05,0.000639364,0.00010031766,-0.0008910909
13.180627,15.44868,-0.0022918505,-0.00180699,-0.0014602648,-0.0010629118,-0.0013347031,-0.001994912
13.582161,15.552955,-0.0020978246,-0.0012698025,-0.0007592088,-0.00026524125,-0.0006445353,-0.0014552582
13.199583,15.8914,-0.0024050407,-0.0021898628,-0.0018705686,-0.0013181943,-0.0013969132,-0.0020896897
15.2677555,16.146843,-0.001622641,0.0007421142,0.0020318646,0.003028511,0.002165661,0.00075150194
14.938971,16.480518,-0.0018651141,-0.0002069713,0.000831435,0.001961841,0.0015747669,0.00026440984
14.610186,16.814192,-0.0021249333,-0.0012141431,-0.00047086322,0.00071396155,0.0008568441,-0.0002893276
14.839735,15.983639,-0.0016480467,0.00036868997,0.0015017698,0.0023986,0.0016047874,0.00026687313
14.51095,16.317314,-0.0019177293,-0.0006265681,0.0002485432,0.0012580653,0.0009253486,-0.00027976846
14.411715,15.820435,-0.0017415341,-0.00012157941,0.00081191387,0.0015716197,0.00088865735,-0.00029753495
15.50778,16.585287,-0.0018254915,0.00034009284,0.0015676101,0.002732654,0.0022004105,0.0008483107
15.747804,17.02373,-0.002064729,-0.00015704226,0.00094461447,0.002168624,0.0020432146,0.0008357483
15.178995,16.91896,-0.0020578431,-0.0005652771,0.0003987704,0.0016594229,0.0016418794,0.0003963817
10.880597,14.438494,-0.0009795802,-0.0019238242,-0.0018637516,-0.0019706518,-0.0028827128,-0.003346712
11.329609,14.249881,-0.0014556827,-0.0021820331,-0.0021342859,-0.0021662593,-0.0029493324,-0.0033793822
11.778622,14.061268,-0.0017922408,-0.0022663332,-0.0022294468,-0.0022161994,-0.0028742203,-0.0032506394
11.191443,14.8720455,-0.001652613,-0.00239069,-0.0022500844,-0.0022218274,-0.0029649052,-0.003486061
11.640456,14.683433,-0.0019994287,-0.0024728184,-0.0023535632,-0.002271533,-0.0028818664,-0.003354608
11.502291,15.305597,-0.0021780976,-0.002794653,-0.0026014394,-0.002429716,-0.0029598407,-0.003499948
10.827174,14.032575,-0.0006249416,-0.0016846537,-0.001696438,-0.0018642821,-0.002817236,-0.0031961522
10.773752,13.626655,-0.00025102604,-0.0014516629,-0.0015334119,-0.0017557403,-0.002723081,-0.002987463
11.276187,13.843961,-0.0011397328,-0.0020032944,-0.0020210752,-0.0021105947,-0.0029554982,-0.0033129377
12.445602,14.916692,-0.0023803124,-0.0023160162,-0.002145258,-0.0019489146,-0.0023162197,-0.0027931337
11.973947,15.111145,-0.0023743752,-0.0026669994,-0.0025005722,-0.002300778,-0.0027213292,-0.0032202925
12.112112,14.48898,-0.0021812879,-0.0023440628,-0.0022383195,-0.0021375623,-0.0026419181,-0.0030629316
13.005137,14.961228,-0.002235168,-0.0017285312,-0.0014560415,-0.0012228204,-0.0015895864,-0.0021440454
12.671646,14.533516,-0.002212937,-0.0019514612,-0.0017953626,-0.0016697823,-0.0020824475,-0.0025219764
12.338156,14.1058035,-0.0020593596,-0.002118193,-0.0020547018,-0.002003132,-0.0025037914,-0.0028648148
13.231181,14.5780525,-0.0019805678,-0.0012188448,-0.00092565524,-0.00078462315,-0.0012638458,-0.0018149179
12.89769,14.15034,-0.0019789273,-0.0015769925,-0.0014438196,-0.0013917683,-0.0018392864,-0.0022483058
13.457225,14.194877,-0.0016699492,-0.00072411296,-0.0004261346,-0.00037231087,-0.0009530951,-0.0015097169
13.406671,15.065504,-0.002046379,-0.001179048,-0.000759153,-0.00046696054,-0.0009299778,-0.0016139275
13.632714,14.682328,-0.0017579383,-0.00058050704,-0.00011186623,7.6058444e-05,-0.0005634694,-0.0012680966
13.808205,15.169779,-0.0018267776,-0.00055400695,6.235254e-05,0.00043647524,-0.00020266998,-0.0010600185
9.822463,10.897145,0.004852503,0.003609612,0.0027515788,0.0018581874,0.0022186954,0.002855866
10.068562,11.120302,0.0037396492,0.0021992656,0.0014601398,0.00071766693,0.00089931133,0.001637057
10.31466,11.34346,0.002750074,0.0010244278,0.00042394223,-0.0001731131,-0.00020842504,0.0005234276
9.724491,11.147534,0.0047776517,0.0036029296,0.0027771483,0.0018478414,0.0020111748,0.0026115421
9.97059,11.370692,0.0036992463,0.00222047,0.0015123724,0.00073543104,0.0007530366,0.0014104402
9.626519,11.397924,0.0047034947,0.0035953284,0.0028119597,0.0018563,0.0018488977,0.002393261
9.794488,11.688221,0.0037953404,0.0024480051,0.0017754822,0.0009331685,0.00077611423,0.0013222134
10.138558,11.660989,0.0028624034,0.0012333556,0.00065423193,-2.0895004e-06,-0.00019672143,0.00042225394
9.962456,11.978518,0.0029667006,0.001447105,0.000898589,0.0001806894,-0.00014710904,0.00036712328
10.245335,12.356092,0.0018522089,0.00022021889,-0.0001614157,-0.0006880782,-0.0012891036,-0.00089475856
10.421436,12.038563,0.0017542138,4.9167156e-05,-0.0003604076,-0.0008432957,-0.0013611295,-0.000863456
10.597539,11.721034,0.0016557779,-0.00011276067,-0.00054932415,-0.0009984737,-0.0014082371,-0.0007985599
10.704315,12.416138,0.0008182302,-0.0007835473,-0.0010700049,-0.0014217051,-0.0022022366,-0.0019490343
10.880418,12.098608,0.0007486039,-0.00090175535,-0.0012244174,-0.0015629254,-0.0022703605,-0.001909373
11.163296,12.476183,-1.8838286e-05,-0.0014474279,-0.0016891619,-0.0019375519,-0.0027806053,-0.002695222
10.568644,13.098292,0.0005146155,-0.00092695595,-0.0011126801,-0.0014406164,-0.0023590669,-0.0023805127
10.406989,12.727192,0.0011484518,-0.00042371606,-0.0006972615,-0.0011161236,-0.0019114629,-0.0017159277
10.86597,12.787238,0.00022516554,-0.0012105495,-0.0014189362,-0.0016963108,-0.0025932135,-0.0025665807
11.071078,13.315599,-0.00049643865,-0.0016526397,-0.0017642935,-0.0019484714,-0.0028712691,-0.0030844822
11.368404,13.004544,-0.00069157896,-0.0018095294,-0.0019563066,-0.0021170645,-0.0029742518,-0.0031244273
11.573513,13.532906,-0.0012900785,-0.002073738,-0.0021261778,-0.0021998982,-0.00297743,-0.0032676477
9.859112,10.497731,0.0054163574,0.0042078327,0.0032994861,0.0024128663,0.003120244,0.00359943
9.735481,10.171307,0.006532801,0.005564825,0.004667746,0.0037253867,0.004451349,0.0043928297
9.611851,9.844882,0.0078094867,0.0070732995,0.0062915245,0.0053867227,0.0054287915,0.004862783
10.14186,10.321475,0.0047749695,0.0032516795,0.0023761415,0.0016488988,0.0025689502,0.0032672763
10.0182295,9.99505,0.005922483,0.004589769,0.0036784597,0.0028958349,0.004003809,0.0041982145
10.424607,10.145219,0.0042017265,0.0024056835,0.0015682118,0.0009835752,0.0021008628,0.002979331
10.10521,10.720888,0.0042047235,0.0026756807,0.0018590442,0.0011160478,0.0016301069,0.0024264702
10.387959,10.544632,0.0035940958,0.0018330471,0.0010694953,0.00046474583,0.0011221276,0.0020508433
10.35131,10.944046,0.0031340355,0.0013911457,0.0007069392,9.888136e-05,0.0003750272,0.001221533
10.411101,9.698696,0.005373971,0.003560331,0.0026420115,0.0020738132,0.0036479717,0.0040948153
10.004723,9.548529,0.0072838375,0.0060204575,0.0051725064,0.0044574803,0.005210719,0.0048454585
9.598344,9.39836,0.009246448,0.008492541,0.0077685085,0.007017777,0.0060167736,0.0051748003
10.397594,9.252174,0.0070694466,0.0052355323,0.0042865337,0.0037656012,0.005121985,0.00494496
9.991216,9.102006,0.009121485,0.007863689,0.0070718457,0.0064719147,0.0060451175,0.0053006425
9.526221,8.93175,0.0111422045,0.010203475,0.0093388995,0.008614748,0.0064998395,0.0055109677
20.935188,17.769142,-0.0018221062,-0.0041439757,-0.0049368893,-0.0052795177,-0.0037929073,-0.0034743198
20.468372,17.659111,-0.0019141764,-0.0041895458,-0.0047334544,-0.0050551784,-0.0037732206,-0.0033824958
20.001558,17.54908,-0.0020025268,-0.0040735025,-0.0044192653,-0.0046216333,-0.003524797,-0.0030904217
20.83986,17.303612,-0.0018118962,-0.004506365,-0.005396054,-0.005668567,-0.004109962,-0.0037998115
20.373045,17.19358,-0.001864546,-0.0043708133,-0.0049733613,-0.005257408,-0.0039767115,-0.0036361094
21.245337,17.5545,-0.0017886678,-0.0042480403,-0.0053060646,-0.0055877976,-0.0039349534,-0.003682465
19.426823,17.366978,-0.0020589738,-0.0037798085,-0.003983871,-0.0040306533,-0.003001386,-0.0024509884
19.223576,16.829378,-0.0019299544,-0.0032793756,-0.003381144,-0.003411919,-0.00263409,-0.0021396913
19.02033,16.291779,-0.0017652041,-0.002504827,-0.0024563451,-0.0025039483,-0.0020393156,-0.0015880594
19.798311,17.01148,-0.0019200989,-0.0039203577,-0.0042281775,-0.004403962,-0.0034712667,-0.0031176487
19.595064,16.473879,-0.0017868807,-0.003443334,-0.0036493703,-0.003834043,-0.0031903915,-0.0029170886
20.169798,16.655981,-0.0017775075,-0.0042565176,-0.004799026,-0.005059396,-0.003962484,-0.003700193
18.80141,17.376987,-0.0021118468,-0.0033528036,-0.0034538154,-0.0034022331,-0.0022756725,-0.0013732766
18.175997,17.386997,-0.0021433954,-0.0027577248,-0.0027092395,-0.0025400477,-0.0012165271,-0.0002087649
18.598164,16.839388,-0.001950086,-0.002634911,-0.002589798,-0.0024853959,-0.0015512046,-0.0007314631
18.349388,16.114517,-0.0016952468,-0.001332161,-0.0010186398,-0.00090534816,-0.000306144,0.00020637226
17.927221,16.662127,-0.0018672505,-0.0015019435,-0.0011563118,-0.0008438513,0.00019961738,0.000668514
17.505056,17.209736,-0.0021008654,-0.0016602863,-0.0012404376,-0.000748346,0.00051130546,0.0007319881
17.678446,15.937256,-0.0015705978,-9.9790095e-06,0.0006586282,0.0010105706,0.0014926163,0.001310425
17.256279,16.484865,-0.0017573045,-0.00014364993,0.00069186,0.0013451489,0.001802403,0.0013548897
17.007504,15.759995,-0.0014158265,0.0012992215,0.0024243302,0.0030295344,0.00259899,0.0016738465
16.327719,16.89478,-0.0019653456,0.00017212016,0.0013573725,0.0024385343,0.0022244616,0.0011559888
16.667612,16.327387,-0.0016521949,0.00089071045,0.0021551237,0.0030218973,0.0025525396,0.0015192298
16.916388,17.052258,-0.0020417857,-0.00056892895,0.00031558867,0.001173748,0.0016675278,0.0010890006
15.8476715,16.017895,-0.0014883643,0.0014674048,0.0029377874,0.003841241,0.0027199425,0.0012997763
16.427588,15.888945,-0.0014222352,0.0016890852,0.0031121045,0.0038877372,0.0028715762,0.0016098256
16.087696,16.456337,-0.0017171778,0.000902522,0.0022762786,0.0033145337,0.0025833012,0.001296093
15.272079,15.576836,-0.0013380154,0.0014546755,0.0028142498,0.0035541262,0.0022739954,0.00082995207
15.276403,15.006827,-0.0010638247,0.0018934134,0.0032093602,0.0037468995,0.002185048,0.0007661778
15.280727,14.436819,-0.00078700663,0.0020497069,0.0032616663,0.0036594777,0.0019302685,0.0005806149
15.851995,15.4478855,-0.0012029597,0.002110044,0.003602739,0.004289437,0.0028044924,0.0013334195
15.856319,14.877877,-0.00093526696,0.0024423432,0.0038786926,0.004415102,0.0026663647,0.0011821842
16.431911,15.318936,-0.0011612988,0.0022613388,0.0036613895,0.004270043,0.0029435616,0.0015964422
14.844059,15.4136305,-0.0013827585,0.0010200908,0.002190808,0.0028226671,0.0016604491,0.00033343816
14.4160385,15.250426,-0.0014990815,0.0004648569,0.0014084699,0.0019062501,0.0009206124,-0.00021983481
14.848383,14.843622,-0.0011166566,0.0014108338,0.0025115258,0.0029343157,0.0015488727,0.0002872247
14.240549,14.762975,-0.001386793,0.00047197143,0.001253161,0.001538071,0.0005306284,-0.00045278322
14.065059,14.275524,-0.0012739104,0.00033350312,0.00091342477,0.0010293148,0.000103114784,-0.0007102468
14.672894,14.356172,-0.0009558681,0.001296214,0.0021960181,0.0024470433,0.0010985103,-3.5743712e-06
14.281198,13.103494,-0.00047072695,0.0006624459,0.0009809104,0.00095272966,4.4504643e-05,-0.0006767379
14.614374,13.5479355,-0.0005525513,0.0011816999,0.001800726,0.0018907624,0.000649351,-0.00027584482
14.947551,13.992377,-0.0006551256,0.0016582331,0.0025925736,0.002835016,0.0012870798,0.00013958389
14.00654,13.467288,-0.00087476074,0.00029147364,0.0006060983,0.00056665484,-0.00023667562,-0.0008907851
14.339717,13.91173,-0.0009063511,0.00082900794,0.0014327879,0.0015156667,0.00042165327,-0.00044747174
13.731882,13.831082,-0.0012853463,-0.00018190635,0.00012879955,0.00011834395,-0.0005764323,-0.0011737812
11.724487,12.474896,-0.00070051744,-0.0018857964,-0.0021262397,-0.0022953134,-0.0030140262,-0.003040999
12.285679,12.473611,-0.0010111879,-0.0019168152,-0.0021799102,-0.0023117738,-0.0028149604,-0.0029044028
12.84687,12.472325,-0.0009470067,-0.0015012728,-0.0017715896,-0.0019074224,-0.0022434243,-0.0024141879
11.929596,13.003259,-0.0012446686,-0.0020404777,-0.0021787724,-0.002273951,-0.00294824,-0.0031248974
12.4907875,13.001972,-0.0014175221,-0.0018519558,-0.0019955346,-0.0020798421,-0.0025609154,-0.0027566343
12.134705,13.53162,-0.0016990107,-0.0021041618,-0.0021428613,-0.0021691932,-0.002762598,-0.0030361833
13.253774,13.620693,-0.0015114065,-0.00097423187,-0.0008796291,-0.00092637574,-0.0014125269,-0.0018183097
12.694239,13.576157,-0.0017549947,-0.0017242817,-0.001732314,-0.0017593377,-0.0022204518,-0.0025170888
13.050322,13.046509,-0.0012728211,-0.0012517108,-0.0013485111,-0.0014521686,-0.0018519997,-0.0021332735
13.803088,12.893105,-0.00065358984,-7.846278e-05,-1.6184866e-05,-0.00012548942,-0.00070703635,-0.001212562
13.528431,13.256899,-0.0010966222,-0.00050915143,-0.00043591618,-0.00053116464,-0.0010560161,-0.0014991661
13.32498,12.682714,-0.00084433093,-0.00085182156,-0.0009970636,-0.0011341699,-0.0015078255,-0.0018236845
10.761405,11.243695,0.0017492052,-0.00010796612,-0.0006129837,-0.0010521914,-0.0011807677,-0.0003903017
10.798054,10.844281,0.0020932388,0.00016551817,-0.00042165196,-0.0008720542,-0.0006417638,0.0002898038
10.8347025,10.444868,0.0025303478,0.0005219525,-0.00015468049,-0.0006016084,6.23222e-05,0.0011128691
11.208149,11.14393,0.0009881472,-0.00090712786,-0.0013976916,-0.0017507571,-0.0019523732,-0.0011927177
11.244798,10.744517,0.0013296054,-0.00070396066,-0.0012823419,-0.0016431643,-0.0014712461,-0.00053345
11.654893,11.044167,0.0005116093,-0.0014351252,-0.00198126,-0.002267671,-0.0024598164,-0.0018280006
11.044283,11.621269,0.0008483931,-0.0009098997,-0.0013085376,-0.0016572946,-0.0021628,-0.0016006755
11.491027,11.521505,0.00027531083,-0.0014529387,-0.0018786143,-0.0021642537,-0.002657597,-0.0022108923
11.327162,11.998844,0.000108965934,-0.0014509915,-0.001775678,-0.002044963,-0.0027535039,-0.0024910355
11.888353,11.997558,-0.0004664855,-0.0018522395,-0.0022028217,-0.002399497,-0.0029767815,-0.002879405
12.052218,11.520219,-0.00017229246,-0.001808473,-0.0022878284,-0.0024976563,-0.0028770894,-0.0026572305
12.449545,11.996272,-0.0006481556,-0.0018088602,-0.00220122,-0.0023597912,-0.0027237458,-0.0027449126
10.879985,9.926911,0.0033772974,0.001224924,0.0004127731,-5.3301455e-06,0.0013329944,0.0024388742
10.866478,9.480389,0.004679278,0.0023974886,0.0014411276,0.0010518717,0.0030010352,0.0038120733
10.852971,9.033866,0.0065641026,0.004185168,0.003094479,0.0027428307,0.004806948,0.004978965
11.3353615,9.708603,0.0028994775,0.00042554774,-0.0004549631,-0.00076951383,0.00077683793,0.0020075254
11.321856,9.262081,0.0042516794,0.0016170337,0.0005695666,0.00030199677,0.0025470855,0.0036060582
11.790739,9.490295,0.0027410993,-1.0126948e-05,-0.0010430214,-0.0012923828,0.0004076962,0.0016795803
11.29008,10.226561,0.0019432206,-0.0002943815,-0.0010059233,-0.0013561946,-0.00056431856,0.000561337
11.745457,10.008252,0.0017239394,-0.0007776189,-0.0016196098,-0.001898401,-0.001003327,0.00012323016
11.700175,10.52621,0.0010151872,-0.0012029818,-0.0018837735,-0.0021734128,-0.0019097737,-0.0010140511
11.772308,8.957824,0.004290631,0.001462841,0.00026577,9.720326e-05,0.002695034,0.0038247108
11.303425,8.7296095,0.0065375543,0.003887257,0.0026843157,0.002495101,0.004999957,0.0053271395
10.83454,8.501395,0.009482531,0.0072293608,0.0061215605,0.0058238734,0.006470416,0.0059431563
11.753878,8.425353,0.006350236,0.003808681,0.0026092387,0.002599978,0.0053989235,0.005797166
11.284994,8.197139,0.009364027,0.0071123173,0.00600776,0.005899894,0.006925653,0.006479113
10.759564,8.004816,0.01226989,0.010379007,0.009263938,0.008816891,0.007443374,0.0065405034
20.498474,15.700367,-0.0015798737,-0.004613473,-0.005490087,-0.005690682,-0.004425601,-0.0041761105
20.621504,16.269224,-0.0016929194,-0.0047464226,-0.005648916,-0.005838021,-0.004409402,-0.0041616107
19.92374,15.518266,-0.0014913327,-0.003802309,-0.004287805,-0.004533382,-0.0038013416,-0.0036061134
20.04677,16.087124,-0.0016418523,-0.0040571294,-0.004571201,-0.0048193373,-0.003903752,-0.0037013988
19.472034,15.905022,-0.001612897,-0.0029526812,-0.0031103645,-0.0033312945,-0.0029449076,-0.0027306203
21.001379,15.979633,-0.0016829327,-0.0048577534,-0.0061057536,-0.0063032648,-0.0046867495,-0.0043942425
14.248992,11.91245,0.0002746677,0.00046234357,0.00044931224,0.00037317487,-0.00029456592,-0.00091143226
14.2597275,12.309464,2.396357e-05,0.00050713087,0.0005925013,0.0005267893,-0.00020686389,-0.000849488
14.270462,12.706479,-0.0002263,0.0005795961,0.00077525043,0.0007236141,-9.2387614e-05,-0.00076853397
13.781618,12.099075,-0.000104201856,-0.00017815172,-0.00033162176,-0.00046364093,-0.0008955722,-0.0013340651
13.792354,12.49609,-0.0003844441,-0.00013275575,-0.00018344367,-0.0003083955,-0.0008111529,-0.0012795132
13.314244,12.2857,-0.0005505887,-0.0008833718,-0.0011390791,-0.0012899609,-0.0015948535,-0.0018719772
19.82228,14.882115,-0.0013072594,-0.0035503248,-0.0040244153,-0.004289187,-0.0037018147,-0.0034793562
19.370575,15.268872,-0.0014072394,-0.0025674105,-0.002726143,-0.0029678307,-0.0027476426,-0.0025658498
18.918869,15.655628,-0.0015556451,-0.0017653862,-0.0016456204,-0.0017531706,-0.0015666923,-0.0012481147
19.269115,14.632722,-0.0011837906,-0.0023101468,-0.0024682416,-0.0027123413,-0.0025698775,-0.002431469
18.81741,15.019478,-0.0013381158,-0.0012440862,-0.001109911,-0.0012410391,-0.0011929339,-0.0010610038
18.71595,14.3833275,-0.0010871786,-0.0009554803,-0.00080954644,-0.00092754565,-0.00097478007,-0.0010842441
18.247929,15.478367,-0.0014853087,-0.0004470253,-3.1448602e-05,4.8399448e-05,0.0003980191,0.000526342
17.576986,15.3011055,-0.0013431453,0.0008537301,0.001618856,0.0019411773,0.001975448,0.001397276
18.14647,14.8422165,-0.0012756451,0.00013997323,0.00061530527,0.00070887007,0.00081757223,0.0005093953
18.13811,14.094978,-0.000978601,0.0002680744,0.0007586522,0.0008683102,0.0006215232,-5.7429672e-05
17.568626,14.553867,-0.001106743,0.0012134231,0.0020135518,0.0023255148,0.0019252951,0.0010085714
16.999146,15.012756,-0.00113265,0.0019258468,0.0030320992,0.0035120281,0.002663354,0.0015351676
17.560268,13.806628,-0.00081704604,0.0012149793,0.0020745178,0.0024192242,0.0015016694,0.00031666947
16.990786,14.265517,-0.0008720792,0.002033977,0.0031535334,0.0036031646,0.00233382,0.0010154843
16.982426,13.518278,-0.0005786751,0.0018505616,0.0030013823,0.0034602047,0.001721419,0.00029484706
15.84796,14.130638,-0.0005937237,0.0024341927,0.0037579127,0.0041828123,0.0021983047,0.00075779797
16.415194,13.824458,-0.00055198313,0.0023455701,0.003637693,0.0040891273,0.0021121239,0.00064683973
16.423553,14.571697,-0.0008514543,0.0025193363,0.003857398,0.004349371,0.0026838442,0.0012484818
15.563812,12.594833,0.00014141864,0.0017206293,0.002486728,0.0027004795,0.00087815983,-0.0002648685
16.036684,12.902649,-6.8163696e-05,0.00198005,0.0030502453,0.0033936547,0.0012268504,-9.421778e-05
16.509556,13.210464,-0.00031935977,0.0020498624,0.0032677432,0.0037049456,0.0015370715,9.904212e-05
15.469451,13.208829,-0.00015277327,0.001884853,0.0028281924,0.0030914368,0.0012449069,4.5109748e-05
15.942323,13.516644,-0.00032653534,0.0022294517,0.0034442286,0.0038268103,0.0017275797,0.0003431245
15.37509,13.822824,-0.00046511972,0.002046319,0.0031428256,0.003458449,0.0016223238,0.00034765693
14.708735,12.93394,-0.0001580528,0.0011475317,0.0016084745,0.0016623867,0.00048296715,-0.0003916353
15.136274,12.764387,4.516864e-05,0.0014939053,0.0021092691,0.0022486383,0.00075859716,-0.00025817798
15.041913,13.378382,-0.00029942085,0.0016106265,0.0023936944,0.0025736853,0.0010290687,-4.2253374e-05
14.698001,12.536925,6.792444e-05,0.0010439915,0.0013757519,0.0014015686,0.00031870382,-0.0005106796
14.687265,12.139911,0.00029181642,0.0009708597,0.0011857664,0.0011885522,0.00018553817,-0.000610428
15.125539,12.3673725,0.0002492312,0.0013884201,0.0018627776,0.0019630457,0.0005631812,-0.00040745558
12.217806,10.868284,0.00037326606,-0.0016648804,-0.0023376069,-0.0025467,-0.0025980282,-0.0021759472
12.263087,10.3503275,0.0009539774,-0.0014098235,-0.00224579,-0.0024585056,-0.0021640235,-0.001496936
12.30837,9.83237,0.0016924011,-0.00094361487,-0.0019646473,-0.0021843382,-0.0013823963,-0.00044741976
12.780718,10.692402,0.00059976924,-0.0013467077,-0.0021123923,-0.002284463,-0.002223302,-0.0020365177
12.826,10.174445,0.0011857458,-0.0010133781,-0.0019385034,-0.0021254583,-0.0018434125,-0.0014847093
13.343631,10.5165205,0.00094547635,-0.00056707143,-0.0012595712,-0.001433704,-0.0014494938,-0.001528346
12.615131,11.344337,-7.218212e-05,-0.0016482407,-0.0022251168,-0.0023945903,-0.0025542988,-0.0024788037
13.178044,11.168455,0.00029728562,-0.0010190811,-0.0015938526,-0.0017561559,-0.0018515217,-0.0019626243
13.012457,11.82039,-0.0003458307,-0.0013003971,-0.0017334977,-0.001891182,-0.0020967713,-0.0022320966
13.947205,11.44714,0.0004522437,7.458853e-05,-0.00015697301,-0.0002790761,-0.00071507716,-0.0011862176
13.479831,11.633765,6.8255125e-05,-0.00063517713,-0.0010066283,-0.0011606294,-0.0014037603,-0.0016904422
13.645418,10.98183,0.00066437153,-0.0002852092,-0.00074187,-0.00089553156,-0.0011225498,-0.0014246494
12.22422,8.107698,0.0058949483,0.0039056248,0.0028288164,0.0030175175,0.0059117908,0.0062978575
12.712994,8.322516,0.004006476,0.0021397404,0.0008582252,0.000809644,0.0034968944,0.00444466
13.201767,8.5373335,0.0028090249,0.0015717956,0.00037387307,0.0001596337,0.0016360772,0.0023874098
12.242651,8.64017,0.004290812,0.0016434861,0.0003434452,0.0002556649,0.0030463005,0.0041444716
12.731424,8.854987,0.0030842547,0.00074853934,-0.000545351,-0.0007442825,0.0010293953,0.0020712141
12.261082,9.172641,0.0029732776,0.00015734273,-0.001076011,-0.0012847157,0.0005851263,0.0018101289
12.778712,9.514716,0.0020474864,-0.00037866007,-0.0015187276,-0.0017342011,-0.00092205324,-0.00018779826
13.249055,9.1970625,0.0021756582,0.0005029311,-0.000560034,-0.00078549597,-0.00016439235,0.00027962273
13.296343,9.8567915,0.0015440624,-0.00018772983,-0.0010729735,-0.0012724567,-0.0010708489,-0.00093859766
13.170812,7.967631,0.003330804,0.0028647375,0.0016629535,0.0016024656,0.004156713,0.004855079
12.682037,7.7528133,0.0051376196,0.0043869894,0.0035379683,0.0038707324,0.0066000093,0.006836885
12.193264,7.5379963,0.007945839,0.0073413304,0.0068969727,0.007219151,0.008277911,0.007764102
13.139855,7.397928,0.0038840657,0.0048231287,0.0042081345,0.0045653107,0.007136241,0.007214514
12.651082,7.183111,0.00639642,0.0075637437,0.0075144526,0.00795544,0.008966868,0.008340328
12.164374,6.9793086,0.009810855,0.010400493,0.010093362,0.010256637,0.009564829,0.008509847
19.189304,14.003937,-0.00093207514,-0.0021606493,-0.0023114276,-0.002565206,-0.0024683694,-0.0024065862
19.662659,13.624546,-0.0008580083,-0.0029872123,-0.00342984,-0.0037981835,-0.0034129766,-0.003229744
19.74247,14.253331,-0.0010997831,-0.0032916332,-0.0037572489,-0.0040689865,-0.0035809537,-0.0033535443
20.215824,13.8739395,-0.0010134887,-0.0036532998,-0.004482012,-0.0049011703,-0.004142447,-0.003822124
20.295635,14.502725,-0.0012404991,-0.004032247,-0.0048849923,-0.0052184323,-0.004307611,-0.0039838464
20.754383,14.146024,-0.0011437571,-0.0039982954,-0.0052657262,-0.0057400903,-0.004645427,-0.004229169
14.566586,11.573247,0.0005806773,0.00083542045,0.00086601335,0.00082411565,-2.5620997e-05,-0.00074734876
14.264799,11.107938,0.0007756897,0.0005536189,0.00037652755,0.00028018272,-0.00032856144,-0.0009111979
13.963012,10.642628,0.0009939043,0.00029449284,-9.857732e-05,-0.00023941207,-0.00061682286,-0.0010333762
14.88418,11.234045,0.0008115668,0.0011976867,0.0012667299,0.0012402666,0.00015614164,-0.00066025305
14.582393,10.768735,0.0010168209,0.0010306336,0.00089869864,0.0008119981,-2.0269394e-05,-0.0007047472
15.201774,10.894842,0.001045212,0.0015735351,0.0016890416,0.0016467322,0.00028387998,-0.00061561156
15.004859,11.800709,0.00052940904,0.0012398598,0.0014921483,0.0015245355,0.0003076752,-0.00057965494
15.3224535,11.461506,0.0007248787,0.0015042374,0.0017982309,0.0018368185,0.0003556843,-0.00061031856
15.443132,12.02817,0.00042640607,0.001554645,0.0020662774,0.0021889734,0.0005535548,-0.0004909507
19.58595,12.979759,-0.00057904125,-0.0026564812,-0.0030659786,-0.003480104,-0.0032325045,-0.0031228366
19.112598,13.35915,-0.0006398592,-0.0020022716,-0.002132979,-0.002409591,-0.0024081373,-0.00243973
18.639244,13.738541,-0.0007737834,-0.0008800882,-0.0007254015,-0.0008249739,-0.0010131804,-0.0013355819
19.03589,12.714363,-0.00031932152,-0.0018017291,-0.0019059535,-0.0022062822,-0.0023761392,-0.002488751
18.562536,13.093754,-0.00040439187,-0.0008502045,-0.0006809497,-0.0007717671,-0.0011734522,-0.0016338617
18.48583,12.448967,-5.68527e-06,-0.00078951416,-0.0006096513,-0.0007078947,-0.001371124,-0.0018898736
17.48356,13.161841,-0.00046301508,0.0011863781,0.0021007878,0.0024801504,0.0010138679,-0.00028948163
17.984695,12.805404,-0.00018621921,0.00028617514,0.000823183,0.00099928,-6.9926384e-05,-0.00106573
18.061401,13.4501915,-0.00062902103,0.00031173992,0.0008415163,0.0009957337,0.00034347302,-0.0005723914
17.949434,12.184073,0.000292189,0.00019822722,0.00068237353,0.00082805724,-0.0005207753,-0.0014600958
17.448301,12.54051,-1.15376715e-05,0.0010886241,0.0019658476,0.0023252454,0.00046017204,-0.0008067708
16.947166,12.896948,-0.00025633717,0.0016871839,0.0028174291,0.0032614127,0.0011405027,-0.00027031504
17.41304,11.919179,0.0005360943,0.0010188149,0.0017986064,0.0020951806,-1.9792915e-06,-0.001165548
16.911907,12.275617,0.00017349445,0.0015863094,0.002624105,0.0029998985,0.0006188722,-0.00070011674
16.876646,11.654285,0.00072957034,0.0015705945,0.0024664972,0.0027286697,0.00024825908,-0.00096062076
16.001423,12.281318,0.00024340219,0.0018034596,0.0026592603,0.0029151682,0.00077630166,-0.00044763242
16.439035,11.967801,0.00040604352,0.001776733,0.002700581,0.002971656,0.0005660797,-0.00068419275
16.474295,12.589132,-2.240479e-06,0.0018522409,0.0029450527,0.0033238344,0.0009860807,-0.00036843814
15.880744,11.714654,0.0005846085,0.0017511211,0.002374188,0.0025156583,0.0005000939,-0.00062781427
15.760064,11.14799,0.0009777047,0.0018203567,0.0022361297,0.0022601632,0.00037554224,-0.0006777451
16.318356,11.401137,0.0008717527,0.0018389793,0.0025713944,0.0027035037,0.0003618581,-0.00079806126
13.820582,8.733366,0.0020863374,0.0017831601,0.0008739291,0.00058182585,0.00096622313,0.0010740238
14.439398,8.929399,0.0020500475,0.0022867117,0.0017037976,0.0013559106,0.0010069637,0.00059750973
15.058212,9.125431,0.0023331165,0.002686296,0.002403771,0.0020481686,0.0011025948,0.0003558435
13.86787,9.393095,0.0017291539,0.0010466266,0.00033054757,0.000109412074,2.9130519e-05,-0.00011656165
14.486686,9.589128,0.0016540128,0.0016792712,0.0012783024,0.0010502292,0.00038741724,-0.00015557969
13.915158,10.052824,0.0013518558,0.0005446291,1.9327401e-06,-0.00016922462,-0.00044823467,-0.0007623557
15.15392,10.305038,0.0014424972,0.0018416168,0.0018269484,0.0016910625,0.00037839764,-0.00047995924
14.534539,10.178931,0.0013245814,0.0012775622,0.00101384,0.000869373,9.19444e-05,-0.0005311717
15.106067,9.715235,0.0019003447,0.0022350508,0.0020957468,0.0018464914,0.0006454348,-0.00016873836
14.392287,7.4143662,0.0023144165,0.0037295045,0.0026981567,0.002579144,0.004081449,0.0041618305
13.995447,7.7886887,0.0024138018,0.0031978379,0.0020605854,0.0017901054,0.0033577522,0.0036467677
13.598607,8.163011,0.002508687,0.0024544094,0.0013030329,0.0010335493,0.0025272928,0.0030416856
13.964491,7.218986,0.0024386668,0.004148448,0.0032147064,0.0032656789,0.0056329602,0.005845897
13.567651,7.5933084,0.0027852885,0.0035618672,0.0024408489,0.0024050644,0.0049637305,0.0054069506
13.5366955,7.023606,0.0030545606,0.005346258,0.005045427,0.0054445094,0.0077313464,0.007611647
14.614263,7.984721,0.002476914,0.0033087684,0.002453093,0.002113276,0.0025713071,0.0023170041
14.836238,8.555077,0.0024910374,0.0030015865,0.0024583095,0.0020547924,0.001685671,0.0011343582
14.2174225,8.359043,0.00225867,0.0026735277,0.0018011801,0.0014103503,0.0018044378,0.0017181854
13.511635,6.492283,0.003342279,0.00726458,0.007842499,0.008583953,0.009726888,0.009001227
13.9143715,6.15634,0.0025064854,0.006981937,0.008022776,0.008927379,0.009869366,0.009082023
13.939431,6.687663,0.0024361724,0.0055627404,0.0055730655,0.0060193967,0.007990881,0.0077368766
14.342168,6.3517203,0.00192917,0.005586009,0.00601118,0.0065460135,0.008144419,0.007756407
14.367228,6.8830433,0.0020737427,0.004477346,0.0038322224,0.003980288,0.00598658,0.0060120733
13.542026,5.960127,0.0033142453,0.008316509,0.009398021,0.010516771,0.010920087,0.009756925
18.962,12.074099,1.5623213e-05,-0.0015698997,-0.001653418,-0.0019685067,-0.0023573583,-0.0025217505
19.438171,11.69923,2.377224e-05,-0.0019910648,-0.0023413596,-0.0027791471,-0.002907991,-0.002922614
19.512062,12.339495,-0.00028173267,-0.002323274,-0.0026985654,-0.0031349836,-0.0030638904,-0.0030259227
19.988234,11.964626,-0.00023381316,-0.0025185957,-0.0031910758,-0.003704207,-0.0033867378,-0.0032918176
20.062122,12.604891,-0.00050382543,-0.002883018,-0.0036063876,-0.004117286,-0.0036468753,-0.0034674024
20.54106,12.230293,-0.0004461515,-0.0028975464,-0.0039237393,-0.0045054485,-0.003832323,-0.0035898623
16.683226,9.948105,0.00216495,0.0018648665,0.0022734266,0.0022651716,0.00021240454,-0.00080289866
16.7477,10.516832,0.0018030128,0.0017420488,0.0023263856,0.0023741731,8.0660226e-05,-0.0009833843
16.812172,11.085559,0.0012921093,0.0016389494,0.0023849853,0.002529784,8.814746e-05,-0.001037659
16.189407,10.263684,0.0019683968,0.0021838895,0.002598085,0.0024865137,0.00040637408,-0.000650612
16.253881,10.832411,0.001420932,0.0019843515,0.0025523328,0.002551153,0.00030734116,-0.000791832
15.695591,10.579263,0.0014524927,0.0020295328,0.0022938915,0.002201817,0.00040350054,-0.00060466945
15.6477375,9.989459,0.001997838,0.002343989,0.0024771944,0.0022680645,0.0005954108,-0.00037918307
15.599884,9.399655,0.0024543803,0.0026793685,0.0026764385,0.0023840333,0.000952052,1.9627034e-05
16.141554,9.673881,0.0023969044,0.0023915977,0.0026485217,0.0024771504,0.00065236405,-0.00036581958
19.37276,11.072372,0.00031585444,-0.001673221,-0.0020197139,-0.0024476224,-0.002765797,-0.0028055515
18.89659,11.447241,0.00034244906,-0.0013258465,-0.00140691,-0.0017286426,-0.002332888,-0.00251645
18.420418,11.822109,0.0003758537,-0.00069277646,-0.0005198176,-0.00064017414,-0.0015456277,-0.0020591249
18.831179,10.820383,0.0006513292,-0.001061087,-0.0011614221,-0.0014845739,-0.0022726902,-0.0024525595
18.355007,11.195251,0.0007312363,-0.0005421833,-0.00039587857,-0.0005430132,-0.0016418758,-0.0021229605
18.289597,10.568393,0.001042341,-0.00034726094,-0.0002556138,-0.00043151903,-0.0016457483,-0.0020835963
17.34763,11.292321,0.0010980748,0.0010309276,0.0016889989,0.0019023623,-0.00027797627,-0.0013370751
17.818613,10.930357,0.0011590414,0.00029089217,0.0006352672,0.00067852094,-0.0009636464,-0.0017437319
17.884024,11.557215,0.0007599498,0.00021507597,0.00064175593,0.00074316567,-0.00081266306,-0.0016749469
17.218683,10.154868,0.001837821,0.0011830804,0.0015546157,0.0016336177,-0.00033200395,-0.0012480501
17.75414,10.36163,0.0014443848,0.00041582366,0.0006612456,0.0006538781,-0.00097171235,-0.0016877914
17.283155,10.723595,0.0015296532,0.0010882096,0.0016142019,0.0017519437,-0.00037226165,-0.0013522914
16.505432,8.588375,0.0023320643,0.0022760488,0.002126904,0.002192452,0.0010459922,0.0001599496
16.564697,9.041618,0.002378816,0.002120155,0.002185979,0.0021911783,0.0006949524,-0.00024143803
16.62396,9.494862,0.002326224,0.0019845213,0.0022346878,0.002215709,0.00041546032,-0.0005630059
16.023026,8.767394,0.0025973462,0.0027137692,0.0026450672,0.0025178208,0.0013237945,0.0003994982
16.08229,9.220637,0.0025671963,0.002555193,0.0026645856,0.002490682,0.00094793405,-3.0647992e-05
15.540619,8.946412,0.0026449442,0.002913588,0.0027723808,0.002464526,0.0013357992,0.00046032848
15.761372,7.538143,0.0021169328,0.0032287673,0.0026090704,0.002799769,0.002801198,0.0021245275
15.526985,8.067239,0.0025338598,0.0032392298,0.0027705627,0.0026595711,0.0022989626,0.0015744207
15.292599,8.596335,0.0026623125,0.0031080232,0.0027616601,0.0024289754,0.0017117742,0.000957855
15.305011,7.4968843,0.0022245455,0.0035221353,0.0028169185,0.0028663946,0.0032100892,0.002702342
15.070624,8.02598,0.0025664656,0.0033841075,0.0027390392,0.0024851898,0.0024752025,0.0019371952
14.848649,7.4556255,0.0022819522,0.0036779488,0.002809991,0.00273809,0.0035681182,0.0033264488
16.257412,8.238298,0.0023326492,0.002618761,0.002308433,0.0023986634,0.0015858429,0.0007323499
15.775005,8.417316,0.002603702,0.0029908428,0.0027289817,0.0025958314,0.0017881395,0.0009429497
16.009392,7.888221,0.002260489,0.0029384051,0.0024614835,0.0025942004,0.0021683397,0.0013824112
15.494682,6.3079267,0.0013183202,0.0039493768,0.0036506285,0.0041391114,0.0052268854,0.00487962
15.127217,6.6767397,0.0016266668,0.0040514725,0.0035145546,0.0038251034,0.005042369,0.004813291
14.759752,7.045553,0.0020076924,0.003999805,0.003196114,0.0032922898,0.004659605,0.004572655
15.102158,6.1454167,0.0013884493,0.0046311943,0.004854176,0.0053038257,0.0066809664,0.0063567404
14.734693,6.5142303,0.0016895685,0.0046563325,0.0044379933,0.004732762,0.0064127794,0.006255643
14.709633,5.9829073,0.0015845122,0.005564262,0.006552509,0.007259204,0.008415162,0.007850209
15.672476,7.128071,0.0018241093,0.0034088693,0.0027142747,0.0030413733,0.00344254,0.002880178
15.216114,7.086812,0.0019147049,0.0037303495,0.0030042306,0.0032029643,0.004002848,0.0036488771
15.583579,6.717999,0.0015354197,0.0036281114,0.0030074993,0.0034427228,0.0042149927,0.0037772984
15.458166,5.898481,0.0012218344,0.004364001,0.004746763,0.0052930075,0.006452554,0.006031481
15.065641,5.735971,0.001390093,0.0052629146,0.0065072984,0.0072744265,0.008205059,0.0075680385
14.673116,5.5734615,0.0016533134,0.006299037,0.00823205,0.009393215,0.009791443,0.008843778
15.42165,5.489035,0.001286351,0.0049264766,0.0063735098,0.0071996143,0.007921266,0.007207422
15.029124,5.326525,0.0015230423,0.005929662,0.008193735,0.009446018,0.009595189,0.008571407
14.742238,5.136812,0.0017255794,0.006756306,0.009386814,0.01086695,0.010674335,0.009410944
18.758755,10.188165,0.00092591014,-0.0007698628,-0.0009149107,-0.001237724,-0.0021570658,-0.0023184065
19.227913,9.807938,0.0008289594,-0.0010126051,-0.0014110876,-0.0018056709,-0.0024318562,-0.0024533805
19.300337,10.440155,0.0005924617,-0.0013456956,-0.0017060589,-0.0021178536,-0.0026097894,-0.0026509394
19.769495,10.059927,0.0005476205,-0.001482773,-0.0021114983,-0.002560799,-0.0027094078,-0.0027203306
19.841919,10.692144,0.00030407452,-0.0018249251,-0.0024480228,-0.0029233827,-0.0029222432,-0.00292698
20.321531,10.312527,0.00029585845,-0.0018884916,-0.0027719408,-0.0032688202,-0.0029164515,-0.0028975587
19.130726,9.1765585,0.001012594,-0.0006513673,-0.0011067888,-0.0014809815,-0.002203742,-0.0021938735
18.66157,9.556787,0.0011491745,-0.00043851353,-0.0006548811,-0.0009748533,-0.0019607998,-0.0021005906
18.192411,9.937015,0.0013081557,-7.6508644e-05,-6.751484e-05,-0.0002628281,-0.0015167681,-0.0019245051
18.564383,8.925408,0.0012862002,-8.713192e-05,-0.00042365445,-0.0007397741,-0.001696328,-0.0018070958
18.095226,9.305636,0.0014850758,0.0002243613,9.744155e-05,-0.00011286104,-0.0012936827,-0.0016677169
17.99804,8.674258,0.0015540106,0.00056000135,0.00023111355,2.4066449e-05,-0.00097311614,-0.001311758
17.121496,9.523489,0.002044489,0.0013683288,0.0015386612,0.0015869737,-0.00011491012,-0.0009778998
17.559769,9.098874,0.0017993352,0.00090272166,0.0008018897,0.00074729556,-0.0005485247,-0.0011686661
17.656954,9.730252,0.0016794284,0.00063662033,0.00073881826,0.00069520174,-0.000822329,-0.0014886971
17.002968,8.6170025,0.0020657736,0.0016980977,0.001475312,0.0015631435,0.0004127422,-0.00036557615
17.500504,8.64563,0.0018020682,0.0011111386,0.0008206342,0.0007786499,-0.00029293846,-0.0008752794
17.062233,9.070246,0.0020933638,0.0015190344,0.0015086621,0.0015630065,0.00011536813,-0.0007064444
17.048016,7.6490703,0.0017023046,0.0019753436,0.0012105326,0.0014148236,0.0009772779,0.00035071466
17.36469,7.9907994,0.0017122462,0.0015065216,0.0008919611,0.00093337183,0.00025245838,-0.0002985029
17.681364,8.332529,0.001661368,0.0010297705,0.0005732784,0.00047125388,-0.00039950656,-0.00085026183
16.867155,7.962172,0.0019183747,0.0020543179,0.0014933209,0.0016901548,0.001025701,0.00030023907
17.183828,8.303901,0.0018921389,0.0015870011,0.0011638132,0.0012407174,0.00033530718,-0.0003342191
16.686293,8.275273,0.0021331734,0.0021548034,0.0018059721,0.0019569974,0.0010516093,0.00023883814
16.438272,7.925196,0.0020935868,0.0025187964,0.0020198522,0.0022365323,0.0016515952,0.0008550815
16.190252,7.575119,0.0019865534,0.0028575931,0.0022277154,0.0025176457,0.002296758,0.0015509569
16.619135,7.6120944,0.0018457017,0.0024300334,0.0017319315,0.0020357198,0.0016734657,0.0009454956
15.937877,6.3756,0.0012567035,0.0034407182,0.002865562,0.0034480277,0.0041998303,0.0037099733
16.38107,6.4432735,0.0012123721,0.002990305,0.0021602924,0.0027497797,0.0032646118,0.00270011
16.824263,6.510947,0.0011673723,0.0025578465,0.0015121727,0.0019926485,0.002347958,0.0018163745
16.026773,6.785672,0.0014831973,0.0032192606,0.0024707771,0.0029862355,0.0034383908,0.002853201
16.469967,6.853346,0.0014286509,0.0028000823,0.0018940634,0.0024016441,0.0026357502,0.0020066528
16.11567,7.1957445,0.0017478042,0.0030274324,0.0022853184,0.0026916468,0.002805932,0.0021315464
16.97343,7.2696958,0.0015372322,0.0021907433,0.0012552085,0.001554086,0.0013953336,0.0007970921
16.54455,7.2327204,0.0016447899,0.0026218537,0.0017792453,0.0021872183,0.0021330577,0.0014516321
16.898848,6.8903213,0.0013516056,0.0023871078,0.0013438646,0.0017404448,0.0018497357,0.0012825809
16.287933,5.484116,0.0009953604,0.0034724437,0.0036983076,0.0043056,0.0051712673,0.0046625836
16.023516,5.7587194,0.001056844,0.003659501,0.003689937,0.004305173,0.00524244,0.0047701537
15.7591,6.033323,0.001161285,0.0038216857,0.0036855477,0.004260871,0.005271039,0.0048537403
15.987,5.3492737,0.0011180482,0.0040629883,0.005027944,0.005714093,0.006504725,0.005876769
15.722583,5.6238775,0.0011452192,0.0042262156,0.0048949304,0.005521479,0.0065016407,0.005973899
15.686067,5.214432,0.0012876769,0.004777422,0.006596084,0.0075612236,0.007969525,0.007116534
16.46671,5.826393,0.00097120425,0.0030796882,0.002611986,0.0032134815,0.0039796936,0.0034978443
16.645487,6.16867,0.0010433896,0.002802874,0.0019438019,0.0025074836,0.0030843047,0.0025731758
16.202293,6.1009965,0.0010933755,0.0032730417,0.0027366017,0.0033616142,0.0041181515,0.003618684
16.258272,5.1555996,0.0010913677,0.0037906012,0.0048423293,0.005523307,0.006207815,0.005548639
15.957338,5.0207577,0.001279275,0.0044971397,0.006442103,0.007438621,0.007693899,0.00678505
15.656405,4.8859153,0.0014891453,0.0052636308,0.007989,0.009395138,0.009103959,0.007923147
16.228611,4.8270836,0.0012845807,0.004211906,0.006282864,0.007295391,0.0074070166,0.006456993
15.927677,4.692241,0.0015110751,0.0049693687,0.007859645,0.009322273,0.008845309,0.0075990874
15.707241,4.5359063,0.0017084427,0.0055898996,0.009024397,0.010756141,0.009889218,0.0084188795
19.656572,8.829868,0.00087319285,-0.00081094075,-0.0015193344,-0.0019082553,-0.0022700347,-0.002230717
19.090229,8.578717,0.0010895303,-0.00032962405,-0.0008910439,-0.0012441606,-0.0019695465,-0.0019165832
18.523886,8.327567,0.0013003511,0.00022676206,-0.0002863897,-0.00059262826,-0.0014258472,-0.0014877518
19.616074,8.232027,0.0009259536,-0.0004714458,-0.0012574827,-0.0016021498,-0.0020187744,-0.0019389528
19.04973,7.9808764,0.0010834929,1.3330698e-05,-0.0006911061,-0.0010074506,-0.0016847049,-0.0015863848
20.123144,8.43871,0.0007819689,-0.00085272896,-0.0017700049,-0.002142148,-0.0021385932,-0.002126109
18.18736,6.9039664,0.001053001,0.0012169877,0.0001214186,-1.1151433e-06,-0.00023127985,-0.0002779373
18.650099,7.1473727,0.001024208,0.00074646005,-0.0002205379,-0.00043939197,-0.0009159025,-0.000823848
19.112839,7.390779,0.0009726417,0.00030143023,-0.00059320853,-0.0008499628,-0.0014176165,-0.0012642433
18.124252,7.4940634,0.0012755832,0.0009902628,0.00013771164,-4.807168e-05,-0.0005356635,-0.0006707362
18.586992,7.73747,0.0011926987,0.0004800338,-0.00025594138,-0.00053526904,-0.0011975106,-0.0011786264
18.061146,8.084161,0.0014502229,0.0007579894,0.0001759451,-3.9819657e-05,-0.0007862276,-0.0010183399
17.427797,7.4007025,0.0014598079,0.0016887875,0.00076120126,0.0008462199,0.0005442116,9.9487545e-05
17.807579,7.152334,0.0012448707,0.0014347339,0.00040174183,0.00035905011,0.00012698048,-0.00011422688
17.744473,7.7424316,0.0014817414,0.0012245302,0.00047150222,0.00038126286,-0.00016427504,-0.0005061572
17.353212,7.021328,0.001307198,0.0019111258,0.00082438585,0.0010020875,0.00094873953,0.0005205325
17.27863,6.6419535,0.0011425992,0.0021036535,0.0009318837,0.0012012764,0.0013884265,0.0009784917
17.732994,6.7729597,0.0011042245,0.0016527327,0.00047922964,0.00052223826,0.00051827845,0.0002863244
17.736452,5.937874,0.000778205,0.0018403223,0.00071120315,0.00082949916,0.0012422277,0.001103574
17.886755,6.259905,0.00086473697,0.0016701148,0.0004442498,0.00049031765,0.00069637416,0.0005883478
18.037058,6.5819354,0.00096126593,0.0014620713,0.00026185595,0.00022386432,0.00020954425,0.00013260996
17.432388,6.128898,0.00089507556,0.002076264,0.0009214801,0.0011643391,0.0015828762,0.0012970124
17.582691,6.450929,0.0009969844,0.0018815367,0.00065980526,0.00080929976,0.0010238618,0.00076260057
17.128326,6.3199224,0.0010242789,0.0023172612,0.0011919341,0.0015654473,0.0019605185,0.0015384923
17.131416,5.458971,0.000790408,0.0024395632,0.0019368478,0.0023042823,0.0030352536,0.0027087317
17.029032,5.80963,0.00086373906,0.0024912884,0.0016670552,0.0020939761,0.0027374339,0.0023499723
16.926647,6.1602883,0.000993171,0.002534401,0.0015364983,0.0020056134,0.0025218334,0.0020628243
16.850254,5.467353,0.0008540302,0.0027511844,0.0024350286,0.002913312,0.0036866511,0.0032778145
16.747871,5.8180113,0.0009166847,0.0027760826,0.002111541,0.0026444078,0.0033417472,0.0028895983
16.569094,5.475734,0.0009219463,0.0030939465,0.0030200763,0.0035805607,0.0043985187,0.0039304513
17.534773,5.7782397,0.00076658855,0.002023466,0.0010278324,0.001229382,0.0017714323,0.0015658567
17.230711,5.969264,0.0008740605,0.0022789058,0.0012530463,0.0015928407,0.0021316507,0.0017891313
17.333094,5.618605,0.0007681545,0.002218061,0.001427895,0.0017140014,0.0023623009,0.002094471
16.8937,4.7359443,0.0010549668,0.0031196002,0.0043838024,0.0049491366,0.0054761656,0.004855462
16.691776,4.985335,0.0010033873,0.0032248825,0.004071316,0.0046266443,0.005314689,0.004743036
16.489855,5.2347255,0.0009834663,0.0033469978,0.0038491024,0.0044283937,0.0052221776,0.0046844063
16.662115,4.6568184,0.0012091082,0.0036026463,0.0054786606,0.0063046846,0.0065061096,0.0056657516
16.460194,4.906209,0.0011355671,0.0036911315,0.005129178,0.005862126,0.0063349092,0.005589391
16.430532,4.577693,0.0013752263,0.004128913,0.0066257073,0.0077970414,0.0075620934,0.0064861863
17.052177,5.2179623,0.0008195956,0.0025892225,0.002515307,0.0029060163,0.0036840597,0.0033268956
16.771015,5.2263436,0.00089824403,0.0029472995,0.003124692,0.003618925,0.00441459,0.003962549
16.972939,4.976953,0.00090564427,0.0028077967,0.0033126997,0.003746047,0.0044920547,0.0040491503
16.862455,4.5021906,0.0012331452,0.0034249143,0.005476526,0.006311952,0.0063963165,0.005546593
16.630873,4.423065,0.0014067905,0.0039410503,0.0065990547,0.007798284,0.007424647,0.0063249813
16.39929,4.3439393,0.0015803357,0.0044734348,0.0076733734,0.00921479,0.008413737,0.0070808544
16.831213,4.2684374,0.0014447344,0.0037691416,0.006605,0.007836883,0.0073186033,0.0062016244
16.59963,4.1893115,0.00162257,0.0042849043,0.0076431204,0.009214265,0.008268907,0.0069116154
16.434433,4.078442,0.0017889799,0.004714208,0.008501879,0.010302636,0.009036968,0.007486648
19.51978,6.6808,0.0007294676,0.0004567962,-0.00067265664,-0.00082985236,-0.0011929502,-0.0009825883
19.547678,7.1574926,0.0008318276,0.00017926794,-0.00083689595,-0.001056158,-0.001476556,-0.0013105825
19.057041,6.4373937,0.00072909624,0.00081817247,-0.00033370947,-0.00047413123,-0.00078925263,-0.00055805134
19.08494,6.9140863,0.00086212816,0.00057957484,-0.0004647678,-0.0006603776,-0.0011220181,-0.0009305055
18.6222,6.67068,0.000877369,0.0009929402,-0.00013269638,-0.00028629947,-0.00057383464,-0.00044664156
19.968695,6.7895665,0.000697795,0.00017422395,-0.0009889095,-0.0011523817,-0.0013358649,-0.0012026092
18.596548,5.69798,0.0005810423,0.0012511623,0.00022033454,0.00012656773,0.00026514335,0.00046757958
18.89499,5.866689,0.0005868578,0.001067718,-3.719354e-05,-0.0001493609,-0.00020465016,5.38218e-05
19.193436,6.035398,0.0005985572,0.000880875,-0.00026704025,-0.0003830347,-0.0005823457,-0.000304299
18.460152,6.0999756,0.0007133871,0.001282553,0.00010076576,1.9304096e-05,4.7181427e-05,0.00017638701
18.758596,6.2686844,0.0007218156,0.0010518717,-0.00012250393,-0.0002426269,-0.00041304517,-0.00021589886
18.323755,6.501971,0.0008751283,0.0012682781,7.99905e-05,-1.5434862e-05,-0.00011164743,-6.6148285e-05
18.02315,5.857909,0.00070708233,0.0016219377,0.0005085967,0.0005296941,0.00086563133,0.00085385295
18.309849,5.7779446,0.0006408235,0.0014247189,0.00034746676,0.00029854267,0.00053895306,0.00064363604
18.173452,6.17994,0.00078622514,0.0014658204,0.00025627995,0.0002240169,0.00034664918,0.000365256
17.950888,5.197413,0.00060967944,0.0016921192,0.0012031154,0.0012408008,0.0018291364,0.0018284132
18.166107,5.3642683,0.0005815444,0.0015296217,0.0007969999,0.00077226944,0.0012311824,0.0013094993
18.381329,5.531124,0.0005743667,0.0013871961,0.00047713684,0.00040982242,0.0007146181,0.0008611703
17.87941,5.444233,0.0006405612,0.0017454565,0.0009718598,0.0010330856,0.001581276,0.0015433782
18.09463,5.6110888,0.00063366455,0.0015807309,0.0006225099,0.0006215834,0.0010268042,0.0010634717
17.80793,5.6910534,0.0006984553,0.0017981596,0.0008111702,0.0009025129,0.0013912126,0.0013058935
17.606253,5.5314193,0.0007027799,0.001973198,0.0011748635,0.0013405571,0.0019492634,0.0017946918
17.404573,5.371785,0.0007271563,0.0021716128,0.001637669,0.0018839345,0.002585251,0.0023608394
17.67773,5.284599,0.00066643587,0.0019209159,0.0013934023,0.0015263674,0.0021818723,0.0020691562
17.471249,4.7794833,0.00081316,0.0022629653,0.0027479844,0.003005467,0.0037211343,0.003453266
17.357971,5.005979,0.00077388884,0.002297955,0.002386401,0.0026568612,0.0034099908,0.003148787
17.244694,5.2324753,0.000767413,0.0023616343,0.0021216015,0.0024333228,0.0031877751,0.002902995
17.278732,4.7649703,0.00088736333,0.0025194315,0.0032172345,0.0035607873,0.004257313,0.0038808065
17.165455,4.991466,0.0008367709,0.0025395728,0.0028141618,0.00316529,0.0039267363,0.0035764966
17.086216,4.7504573,0.00096812844,0.0028050533,0.0037628366,0.0042060693,0.00484293,0.0043489174
17.631128,4.918793,0.00071722636,0.0020245467,0.002108432,0.002279597,0.0029940363,0.002840244
17.791008,5.058103,0.00065103767,0.0018394297,0.0016059162,0.0017044644,0.0023697715,0.0023006739
17.51785,5.145289,0.0007074114,0.0020889237,0.0018336604,0.0020321035,0.0027516785,0.0025727185
17.351923,4.2259502,0.0012349033,0.0029553825,0.005196149,0.0059702843,0.005943175,0.005175634
17.199183,4.3959484,0.0011616404,0.0029843845,0.0048796595,0.005545163,0.0057457397,0.0050391327
17.04644,4.565946,0.0011014772,0.0030411673,0.004607713,0.0052048187,0.0055888053,0.004931157
17.167938,4.1621947,0.0013796637,0.0033320275,0.0060299183,0.0070857643,0.006693614,0.005717463
17.015198,4.332193,0.0013010876,0.0033670396,0.005738111,0.0066717416,0.0065313955,0.005620434
16.983955,4.098439,0.0015260899,0.0037220812,0.006853897,0.008197611,0.0074339854,0.0062533165
17.431473,4.594972,0.00092145853,0.0024390547,0.0034300294,0.0037706331,0.0043884874,0.0040050624
17.238956,4.580459,0.0010085108,0.00272578,0.0039836806,0.0044368054,0.0049667046,0.0044512735
17.391699,4.4104614,0.0010639336,0.002672421,0.0042604385,0.004762422,0.005143308,0.004589529
17.256845,3.8923662,0.0015937312,0.0035624632,0.0069366726,0.00833462,0.00735906,0.006173882
17.304384,4.0591583,0.0014111939,0.0032555629,0.006092987,0.007188381,0.0066831303,0.0057002194
17.072863,3.828611,0.0017371195,0.003930262,0.0076575135,0.009271561,0.007999113,0.0066328836
17.120401,3.9954028,0.0015584097,0.0036338535,0.006887559,0.008257215,0.0073897406,0.0062055113
16.936417,3.9316473,0.0017021315,0.0040155267,0.0076414435,0.009247189,0.008067083,0.006696169
16.954882,3.7265782,0.0018806116,0.004240933,0.008284705,0.010050084,0.00852888,0.00701587
18.871696,5.4919605,0.0005062033,0.0011141843,0.00022068847,9.709132e-05,0.00019434094,0.00047481048
19.146847,5.285941,0.00045180335,0.0009985123,0.00026821892,0.00012788689,0.0001938796,0.00052273425
19.170141,5.66067,0.0005111371,0.0009636063,-5.2297473e-05,-0.00017412675,-0.00023650909,7.18531e-05
19.445292,5.4546504,0.0004557539,0.0008755032,-2.738762e-05,-0.00015513957,-0.00020049453,0.00012743067
19.468586,5.8293786,0.0005253842,0.00080704223,-0.00029975118,-0.00041064143,-0.00056791626,-0.00027179683
19.813742,5.5006332,0.00045127372,0.00074287056,-0.00023610819,-0.00034683227,-0.0003896563,-0.00010304123
18.642685,4.758744,0.0005203504,0.0012551865,0.0012724692,0.0012119638,0.001593663,0.0018091821
18.902454,4.8658032,0.0004670859,0.0011129155,0.00091861776,0.00080875057,0.0010637149,0.0013538388
19.162226,4.9728627,0.0004349325,0.001001608,0.0006203259,0.00048681127,0.00062600075,0.00095931423
18.627306,5.0718226,0.0004939676,0.0012400678,0.0008053624,0.0006984012,0.0010296337,0.0012637286
18.887075,5.1788816,0.000465858,0.0011104814,0.00051697536,0.0003827246,0.00057332823,0.00086838286
18.611927,5.384901,0.00051914545,0.0012504054,0.0004608003,0.0003545496,0.0006029953,0.00082780846
18.181486,5.05119,0.0005685031,0.0015217394,0.001187157,0.0011667096,0.0016974991,0.0017841072
18.412086,4.904967,0.0005382991,0.0013745605,0.0012118409,0.0011575313,0.0016175868,0.0017776708
18.396708,5.218045,0.0005322042,0.0013746987,0.0007832372,0.00070766546,0.0011065541,0.0012706317
17.66013,4.6430664,0.00081108644,0.0021171565,0.0027743005,0.0029978605,0.0036678251,0.0034420167
17.620354,4.458555,0.00093388977,0.0023083633,0.0034870042,0.003820044,0.0043683713,0.0040069027
17.58058,4.2740445,0.0010897884,0.0025592758,0.0043452787,0.0048744166,0.0051475167,0.0045973933
17.84901,4.5066495,0.0008184701,0.0019956364,0.0028426528,0.003056911,0.0036653094,0.0034703712
17.809235,4.322139,0.0009558129,0.002206737,0.003588802,0.003943327,0.0044003082,0.0040483656
18.037891,4.3702326,0.0008361086,0.0019035368,0.0029526434,0.0031866003,0.0037158437,0.0035369333
18.441086,4.62924,0.0005937675,0.0014110318,0.0017011332,0.0017136381,0.0021914716,0.0023153697
18.210487,4.775463,0.00060406805,0.0015368857,0.0016391773,0.0016554308,0.0022125382,0.0022821063
17.979889,4.921686,0.0006265153,0.0016938841,0.0016185234,0.0016695523,0.0022939437,0.0022919022
18.239489,4.4997363,0.0006978382,0.0016218325,0.0022448492,0.002353271,0.0028956227,0.0028919068
18.00889,4.6459594,0.00069903734,0.001751368,0.0021821298,0.0022896016,0.002910461,0.0028603263
17.82001,4.7823763,0.00070337846,0.001877237,0.0021263384,0.0022542826,0.0029285273,0.00283191
17.370321,3.728873,0.0017013445,0.0036288362,0.0072873817,0.008800119,0.0075633023,0.0063150204
17.531334,3.7321715,0.0016270264,0.003403306,0.006889036,0.0082898205,0.007193564,0.0060553886
17.41786,3.895665,0.0015163574,0.0033187328,0.006498397,0.007757392,0.006949856,0.005882558
17.578873,3.8989637,0.0014388936,0.003084743,0.006064273,0.007185081,0.006550042,0.005601391
17.465397,4.062457,0.001332311,0.003007123,0.005626251,0.006567313,0.00624748,0.0053887363
17.694054,4.110551,0.0011824281,0.0026156234,0.0047892528,0.0054668877,0.0054875733,0.004848575
17.807528,3.9470577,0.001287244,0.0027040923,0.0052612405,0.006124839,0.005841226,0.0051053404
17.922709,4.158645,0.0010410553,0.0022599688,0.0040152553,0.004489641,0.0047576586,0.004325892
17.416197,3.5577784,0.0018469112,0.0038114204,0.0077791405,0.009406283,0.00788632,0.0065503656
19.286812,4.60135,0.00046537374,0.0010039367,0.0011073397,0.0010683384,0.001228679,0.001537526
19.354404,4.840636,0.0004265361,0.0009457321,0.0006987244,0.00058729196,0.0006978173,0.0010369904
19.027042,4.4942904,0.0005268116,0.0011332427,0.0014776366,0.0014901226,0.0017460268,0.001996708
19.094633,4.7335763,0.0004608692,0.0010479618,0.0010055866,0.0009185242,0.0011217846,0.0014308834
18.834864,4.6265173,0.0005181346,0.0011819274,0.0013654573,0.0013277822,0.0016445807,0.0018873647
19.566044,4.582934,0.00044762628,0.0009261167,0.0009742358,0.000958827,0.0010649665,0.0013738907
19.053751,4.2491107,0.00062729797,0.0012454637,0.002001876,0.0021766687,0.0024350549,0.002589273
18.861572,4.3813376,0.0006006516,0.0012630825,0.0018574807,0.0019433746,0.0022665244,0.0024381361
18.669394,4.513564,0.00058509526,0.0013085137,0.0017326192,0.001761055,0.0021536704,0.0023199762
18.888283,4.136158,0.00073237886,0.00142536,0.0024840373,0.0027598715,0.0030467287,0.0030817857
18.696104,4.2683845,0.00069814146,0.0014349065,0.002319415,0.0024970106,0.0028665639,0.0029253506
18.467796,4.3840604,0.0006933104,0.0015120668,0.0022676054,0.0023954061,0.0028535074,0.0028905668
18.2662,4.2545567,0.00083595415,0.0017864747,0.002961248,0.0032199412,0.0036656528,0.0035230499
18.494507,4.1388807,0.00084473233,0.0017048295,0.0030056871,0.0033205815,0.0036706661,0.003547476
18.16873,3.9350014,0.0011433663,0.0022907222,0.0044687027,0.005139204,0.0051024575,0.0045935623
18.10331,4.152617,0.00097370526,0.0020620702,0.003651811,0.004056281,0.004382854,0.004058939
18.053547,3.723414,0.0014063643,0.002765541,0.005706713,0.0067863576,0.0061245314,0.0053221346
17.988129,3.9410295,0.0012137112,0.002488647,0.004851227,0.005607437,0.0054605356,0.0048414283
17.872948,3.7294421,0.0014786284,0.0029693919,0.006093567,0.007271838,0.00646984,0.005556718
18.397038,3.8193254,0.0011649566,0.002234498,0.0045166835,0.005274758,0.0051102634,0.0046143485
18.559925,3.9212651,0.0010052776,0.0019244385,0.0037493447,0.0043064817,0.004410933,0.00411106
18.331617,4.036941,0.0009851834,0.0019754653,0.0036839906,0.004149027,0.0043721963,0.0040677604
17.96623,3.5358236,0.0016398914,0.0031832452,0.006692162,0.008069581,0.006873067,0.0058586025
19.131296,4.0261364,0.0007488345,0.0013933857,0.002540698,0.0029252567,0.00312912,0.0031497225
18.561043,3.6822255,0.0012412934,0.0023075694,0.004815935,0.0057389294,0.0053427103,0.0047958475
