concentration,mu_h(c)
0.085926031,0.03368354
0.071048654,0.021367311
0.060858766,0.008581877
0.055140338,-0.0047984123
0.05943605,0.0077598095
0.052146544,-0.00603652
0.047038858,-0.020467043
0.044866557,-0.020972967
0.040929906,-0.036519527
0.039813696,-0.052942753
0.142714353,0.09878659
0.118839463,0.084004164
0.100255479,0.06845689
0.083069098,0.051936388
0.142714353,0.07938361
0.106392402,0.062986374
0.083629974,0.045606136
0.117339152,0.057795286
0.084005939,0.039517403
0.051186838,-0.18449593
0.049878135,-0.18119574
0.045736979,-0.1811719
0.038518016,-0.18476486
0.049367395,-0.19222021
0.044572773,-0.18815398
0.039075126,-0.18785858
0.046147235,-0.20013285
0.040973559,-0.19514537
0.044213316,-0.20824242
0.045089931,-0.17034316
0.033941618,-0.17191625
0.021777741,-0.17762446
0.020556879,-0.18715596
0.046044341,-0.17472339
0.03459588,-0.17776966
0.024614825,-0.18502378
0.042799027,-0.17952538
0.033254164,-0.18410063
0.062107197,-0.1988697
0.062107197,-0.19416285
0.043272648,-0.19022393
0.045175706,-0.18500614
0.037065682,-0.18155026
0.023338567,-0.17898035
0.02694625,-0.17306495
0.022251595,-0.17099738
0.015840899,-0.16323614
0.022247985,-0.17274618
0.02359895,-0.18253732
0.028266077,-0.19340587
0.034148001,-0.20517993
0.030246081,-0.18115449
0.044227797,-0.19225526
0.034148001,-0.20448637
0.053418958,-0.1898694
0.069103647,-0.20232058
0.047701209,-0.19285393
0.049828082,-0.145082
0.039921901,-0.097383976
0.034526634,-0.16395617
0.035383612,-0.116029024
0.034815799,-0.06989503
0.023215958,-0.13486147
0.026503166,-0.08759475
0.023879945,-0.10596633
0.012801384,-0.21102643
0.013275033,-0.24232817
0.014555353,-0.26313615
0.016681132,-0.27394152
0.016082812,-0.20749211
0.016213278,-0.2454133
0.014041773,-0.27309465
0.028328952,-0.20127106
0.035658002,-0.24512458
0.035163167,-0.22963238
0.019543766,-0.2547183
0.040306216,-0.2135818
0.02563207,-0.2361548
0.016193622,-0.2550385
0.034608244,-0.21861935
0.018058422,-0.23661232
0.023823567,-0.21891236
0.136911263,0.15753007
0.104447522,0.1418376
0.072432583,0.1251576
0.053831215,0.10716486
0.140638208,0.14079618
0.110485474,0.122979164
0.080381705,0.103857994
0.142550786,0.12136626
0.115376362,0.10105991
0.029355866,-0.16577077
0.021698106,-0.17678404
0.014900884,-0.18886328
0.012778473,-0.20166373
0.020453386,-0.17807913
0.017272177,-0.19024706
0.013432775,-0.20331383
0.017855338,-0.19123745
0.015313452,-0.20448232
0.0126,-0.18528795
0.0126,-0.17349267
0.014247568,-0.16216278
0.016935096,-0.15135121
0.0126,-0.18375683
0.012846141,-0.17225456
0.014237945,-0.16119528
0.012606225,-0.18241167
0.012931759,-0.17121363
0.0126,-0.1812756
0.021976041,0.16285276
0.047189885,0.16019702
0.092767195,0.15841198
0.04610269,0.17900491
0.087130612,0.1773436
0.132350382,0.17652822
0.073881001,0.19401693
0.130007824,0.19341397
0.101169923,0.20838237
0.016072831,-0.15551448
0.0126,-0.16775703
0.0126,-0.18086624
0.0126,-0.19440198
0.015728386,-0.16983128
0.0126,-0.18345499
0.0126,-0.1976974
0.013502213,-0.18525219
0.0126,-0.20014071
0.0126,-0.18011451
0.0126,-0.16652036
0.012665894,-0.1537106
0.0126,-0.19115472
0.0126,-0.17727351
0.0126,-0.16404295
0.0126,-0.18810344
0.0126,-0.17464995
0.0126,-0.17312717
0.0126,-0.17637134
0.0126,-0.17911434
0.012606929,-0.16444612
0.012651052,-0.16720533
0.012685028,-0.16943407
0.013071596,-0.15579629
0.013550226,-0.1580739
0.015455459,-0.14725208
0.050704676,0.20904016
0.04215243,0.20774865
0.045756462,0.20751238
0.048889341,0.22256231
0.036965459,0.2229383
0.03032044,0.2243936
0.046466214,0.23580313
0.037402115,0.23792529
0.055947031,0.24959016
0.0126,-0.16312242
0.0126,-0.16576576
0.0126,-0.16911483
0.0126,-0.15441322
0.0126,-0.15709329
0.0126,-0.16044545
0.0126,-0.14577436
0.0126,-0.14846897
0.0126,-0.13727641
0.031644324,0.24018455
0.049971369,0.241714
0.082150269,0.24480915
0.073391796,0.2511468
0.10675914,0.25516176
0.113526429,0.2608564
0.094534806,0.26424837
0.117731635,0.27104354
0.117734082,0.2804675
0.0126,-0.13048458
0.0126,-0.1398406
0.0126,-0.14948583
0.0126,-0.15935254
0.0126,-0.14030504
0.0126,-0.14975667
0.0126,-0.1593802
0.0126,-0.15121341
0.0126,-0.16068053
0.0126,-0.13260841
0.0126,-0.143929
0.0126,-0.1558578
0.0126,-0.1683383
0.0126,-0.14036775
0.0126,-0.15174389
0.0126,-0.16359425
0.0126,-0.14931464
0.0126,-0.16064405
0.0126,-0.15292883
0.0126,-0.1646688
0.0126,-0.17700243
0.0126,-0.18990445
0.0126,-0.15732646
0.0126,-0.16895199
0.0126,-0.18109465
0.0126,-0.16247702
0.0126,-0.17391682
0.037395791,0.25895238
0.065442419,0.2642405
0.106759919,0.27133822
0.048750585,0.26971102
0.080258706,0.27843928
0.091843116,0.28914452
0.044154095,0.28410816
0.070297324,0.29670858
0.035959362,0.30225205
0.0126,-0.18307781
0.0126,-0.19358397
0.0126,-0.2044754
0.0126,-0.21574116
0.0126,-0.18497252
0.0126,-0.19540548
0.0126,-0.20618963
0.0126,-0.18725109
0.0126,-0.19758129
0.021111488,-0.20984864
0.020468631,-0.21932673
0.019345895,-0.22911
0.023368358,-0.23920107
0.013220305,-0.21165133
0.0126,-0.22140884
0.0126,-0.23147464
0.0126,-0.21361661
0.0126,-0.22364807
0.065495419,0.26159763
0.062214144,0.27346206
0.053789897,0.28690624
0.050889412,0.26906872
0.07632054,0.28589582
0.082898669,0.30416083
0.033706555,0.2777536
0.068498922,0.30000854
0.016421397,0.2867415
0.027005407,-0.23412538
0.040662479,-0.22922492
0.053603352,-0.22452378
0.023368358,-0.24786544
0.036930077,-0.24289942
0.051372224,-0.23810124
0.034810228,-0.25718713
0.042333725,-0.25231194
0.034810228,-0.2671702
0.057896271,0.20462823
0.038761699,0.2326076
0.028892368,0.25977564
0.045069815,0.19257116
0.065941635,0.22791958
0.08166324,0.26170325
0.051434493,0.18405199
0.08166324,0.22537136
0.064494327,0.18471622
0.025079812,-0.31112933
0.025079812,-0.2957244
0.03771127,-0.28106856
0.03284051,-0.29003048
0.043108047,-0.27549076
0.0501909,-0.26166058
0.044704456,-0.27014518
0.058156008,-0.25640345
0.057000304,-0.25143886
0.016223223,0.04437709
0.014054324,0.09256673
0.03150051,0.13950944
0.0126,0.06066227
0.01466334,0.10711932
0.041602685,0.15353036
0.0126,0.10333729
0.0126,0.14625335
0.0126,0.17012286
0.014215888,-0.295568
0.015303311,-0.32292843
0.015809659,-0.35267663
0.014490738,-0.3849094
0.01551064,-0.30046773
0.01408465,-0.32802033
0.013186344,-0.35782576
0.021710783,-0.30566812
0.015845973,-0.3333037
0.213634442,0.60181546
0.219142794,0.60252464
0.21534068,0.60288835
0.224320726,0.60303533
0.262211924,0.57277966
0.266310272,0.5771172
0.278961678,0.58028865
0.327014868,0.51056427
0.339853927,0.5184672
0.400031318,0.425758
0.0126,0.07639313
0.0126,0.1044898
0.0126,0.1359427
0.021416687,0.17317295
0.012722982,0.19662166
0.0126,0.22407603
0.056012189,0.2844758
0.044243069,0.3036306
0.088345587,0.4030354
0.102673848,0.3813138
0.100354297,0.3837359
0.109154728,0.39106894
0.127804004,0.49246216
0.122105936,0.49181437
0.125151836,0.4952364
0.151862528,0.5741513
0.127482759,0.57273316
0.365424919,0.39510286
0.377894549,0.40623719
0.39048456,0.41662198
0.420779153,0.32047027
0.435298244,0.33254623
0.454369369,0.3439557
0.477800567,0.24562326
0.505328979,0.2576533
0.551530953,0.17266071
0.551530953,0.109541014
0.598099775,0.055326648
0.601745257,0.011169156
0.517637539,0.17426965
0.550144902,0.11417933
0.574813137,0.063829914
0.501442615,0.17650259
0.530457056,0.11987786
0.486817094,0.17975843
0.027518722,-0.37093186
0.023109361,-0.4175086
0.015643948,-0.4696622
0.0126,-0.5275233
0.024897901,-0.37554502
0.018795564,-0.42257643
0.0126,-0.47497702
0.019359642,-0.38019514
0.015236067,-0.4275639
0.601745257,-0.025352888
0.60878476,-0.053324632
0.618926494,-0.07438147
0.573297754,0.034909707
0.579458284,0.0008997356
0.586171462,-0.024777785
0.548673716,0.059590146
0.554921904,0.027864091
0.525680525,0.08556889
0.026973281,-0.49340796
0.016537716,-0.572629
0.014456308,-0.66152406
0.0126,-0.7592621
0.018953501,-0.5056195
0.012688214,-0.58532524
0.0126,-0.67443347
0.013038734,-0.51690173
0.0126,-0.5969312
0.631637943,-0.096165374
0.640992813,-0.11150758
0.646106624,-0.1236832
0.58393571,-0.036690906
0.592442769,-0.05497895
0.596508499,-0.06795225
0.547641077,0.0012469467
0.551484009,-0.014599094
0.514962081,0.03970009
0.0126,-1.0436196
0.014570887,-1.0145917
0.023228621,-0.98328376
0.032634273,-0.9501238
0.0126,-1.1196415
0.015877164,-1.0874214
0.023986551,-1.0526514
0.0126,-1.191458
0.013521165,-1.1556716
0.0126,-1.2576401
0.022098283,-0.7054999
0.014565145,-0.81263113
0.0126,-0.926167
0.02467006,-0.72557974
0.013111734,-0.8324685
0.0126,-0.9455216
0.016125792,-0.7434077
0.0126,-0.84982395
0.5981987,-0.17626068
0.573953022,-0.10206163
0.539641652,-0.03670332
0.506189024,0.023808904
0.608155659,-0.15628265
0.579862063,-0.086059645
0.544555919,-0.02330672
0.626435516,-0.13893722
0.586956011,-0.07206617
0.012605595,-1.2274852
0.012867401,-1.1951973
0.013439441,-1.1616395
0.0126,-1.3086491
0.0126,-1.2765887
0.0126,-1.242249
0.0126,-1.3571258
0.0126,-1.3229015
0.0126,-1.4029667
0.53033731,-0.0054201707
0.56036779,-0.059256643
0.593418463,-0.115302324
0.600068955,-0.08019865
0.646635609,-0.13854724
0.658165197,-0.20212466
0.674765453,-0.16403523
0.699341693,-0.23033768
0.701354967,-0.26007625
0.589790909,-0.09104423
0.637252864,-0.14480346
0.689042155,-0.20042786
0.642586001,-0.16808638
0.6929744,-0.22577566
0.702256706,-0.2869685
0.705427038,-0.25199038
0.71384332,-0.3141817
0.735291036,-0.3413183
0.759078676,-0.36117244
0.758951088,-0.38049918
0.765809379,-0.39898425
0.729631082,-0.2827222
0.74781052,-0.30281496
0.747965019,-0.32283533
0.695606176,-0.22547662
0.717124646,-0.24476647
0.656676354,-0.16843465
0.0126,-1.4850242
0.0126,-1.4660182
0.0126,-1.4384134
0.0126,-1.4169772
0.0126,-1.3946481
0.0126,-1.3642213
0.0126,-1.3490844
0.0126,-1.3232968
0.0126,-1.2820678
0.785566078,-0.43607807
0.76369965,-0.37967187
0.734368135,-0.31732643
0.698795287,-0.25125664
0.779968781,-0.42430472
0.759166356,-0.36567998
0.730440871,-0.30251613
0.765809379,-0.41183132
0.754174157,-0.35150015
0.013279502,-1.3428473
0.012877477,-1.3997598
0.012770421,-1.4561005
0.01271372,-1.5100231
0.0126,-1.3869345
0.0126,-1.447644
0.0126,-1.5067213
0.0126,-1.4356644
0.0126,-1.4985266
0.78787136,-0.45057184
0.793626405,-0.46388167
0.800760492,-0.47511917
0.77013526,-0.40186423
0.775046214,-0.41849464
0.781107376,-0.43382847
0.753989465,-0.36547083
0.759753859,-0.38394094
0.737980219,-0.32615215
0.012658296,-1.498632
0.01280114,-1.5070307
0.012813244,-1.5110712
0.01319202,-1.4628413
0.013305428,-1.4634366
0.013080275,-1.4601593
0.013788709,-1.4237046
0.013782016,-1.4171176
0.017741346,-1.3826606
0.730297738,-0.37703001
0.76736345,-0.41347468
0.786506964,-0.44589645
0.754005858,-0.41890514
0.789662913,-0.45263302
0.806854601,-0.48227084
0.777013484,-0.4485724
0.806854601,-0.4799649
0.799373614,-0.46712112
0.012927764,-1.4087822
0.012702081,-1.4247677
0.012610571,-1.4341576
0.0126,-1.4356914
0.01295793,-1.4349804
0.012712335,-1.4527142
0.0126,-1.4637012
0.012895394,-1.464493
0.012613164,-1.4843686
0.774762334,-0.43407863
0.748750764,-0.38248026
0.726707193,-0.31111676
0.730725988,-0.41480136
0.689857372,-0.3768127
0.66606508,-0.3165148
0.663048932,-0.3457592
0.622500656,-0.30028546
0.597496191,-0.25352085
0.0126,-1.338876
0.0126,-1.3306494
0.0126,-1.3046093
0.0126,-1.2639434
0.0126,-1.3758161
0.0126,-1.3626733
0.0126,-1.3329949
0.0126,-1.4062464
0.0126,-1.3906724
0.43112977,0.09765658
0.570341738,-0.074499905
0.652829055,-0.2097804
0.530078469,0.08200334
0.650842896,-0.07530449
0.706198987,-0.19893211
0.60762983,0.07811727
0.678761108,-0.067824766
0.621427471,0.07279008
0.013559952,-1.103498
0.012691491,-1.0606918
0.0126,-0.9996095
0.0126,-0.93510985
0.012678082,-1.1704302
0.0126,-1.1140497
0.0126,-1.046283
0.0126,-1.2226295
0.0126,-1.1582549
0.241516848,0.5748229
0.385128474,0.4451943
0.522354049,0.25583425
0.325338752,0.5696019
0.448030797,0.43076003
0.549654974,0.24386501
0.40539321,0.55415595
0.429599423,0.40431494
0.357995447,0.5336031
0.0126,-0.7405398
0.0126,-0.6865001
0.0126,-0.63811135
0.0126,-0.6065378
0.0126,-0.81577563
0.0126,-0.7522397
0.0126,-0.70015335
0.0126,-0.8798821
0.0126,-0.8111887
0.081918792,0.48894668
0.154661635,0.5771489
0.396183485,0.6007321
0.03802092,0.4997549
0.364243425,0.5857675
0.190666659,0.597353
0.325182202,0.5117326
0.030020901,0.59215045
0.074978981,0.52467406
0.0126,-0.40243554
0.0126,-0.40084386
0.0126,-0.41383457
0.0126,-0.4403081
0.0126,-0.47440147
0.0126,-0.46706247
0.0126,-0.47765112
0.0126,-0.5421946
0.0126,-0.5319574
0.049381529,0.28116727
0.08012194,0.35111237
0.334578362,0.43713522
0.110560338,0.2897787
0.284429592,0.35995173
0.110456027,0.4449141
0.237630814,0.30436945
0.113515248,0.3738916
0.090191121,0.32352972
0.013396238,-0.259063
0.014442516,-0.29887176
0.014250188,-0.3410666
0.0126,-0.38466692
0.0126,-0.3178861
0.0126,-0.35581565
0.0126,-0.39824295
0.0126,-0.37820935
0.0126,-0.41543698
0.076244429,0.20480514
0.086849448,0.23939538
0.221802634,0.27842212
0.109634837,0.22208977
0.178327364,0.25771737
0.119582515,0.29754353
0.143008997,0.24137211
0.146704815,0.27795267
0.160673534,0.26214623
0.033673157,-0.2292614
0.015959364,-0.26686358
0.0126,-0.30109787
0.0126,-0.3336277
0.027300577,-0.27867317
0.015115997,-0.3176341
0.0126,-0.3550589
0.017512987,-0.3301351
0.012623947,-0.37130523
0.115936287,0.18476748
0.137835475,0.20946121
0.154376843,0.23516846
0.124936398,0.200135
0.151352908,0.2254188
0.160673534,0.25169253
0.134067817,0.21605897
0.164787591,0.24190831
0.150589426,0.23240256
0.012605893,-0.1907587
0.0126,-0.20992374
0.0126,-0.22800279
0.0126,-0.24662042
0.0126,-0.23664474
0.0126,-0.25851488
0.0126,-0.28008294
0.0126,-0.28402114
0.0126,-0.30935597
0.081829829,0.17750835
0.101453754,0.19549775
0.126393472,0.21377921
0.093687559,0.19013381
0.116740047,0.2079134
0.141127244,0.22596526
0.111687168,0.20293641
0.133698105,0.22048593
0.124010282,0.21587539
0.0126,-0.20363045
0.0126,-0.16282916
0.0126,-0.12380624
0.0126,-0.21788168
0.013365319,-0.17411447
0.0126,-0.13266778
0.022060133,-0.18658686
0.015412704,-0.14229727
0.025427125,-0.15324926
0.077310771,0.17187452
0.092412132,0.1863966
0.110952393,0.20105958
0.089981458,0.18026114
0.107477105,0.19574237
0.124010282,0.21137929
0.103778265,0.18865967
0.124010282,0.20510554
0.105357702,0.19704962
0.0126,-0.06521559
0.015432178,-0.096188545
0.021753927,-0.12557387
0.012858156,-0.06257582
0.013790533,-0.092307806
0.016769419,-0.1204443
0.0126,-0.060548544
0.013145742,-0.089110374
0.0126,-0.05903554
0.105357702,0.18572497
0.0858592,0.17254663
0.066027007,0.15754628
0.095374738,0.17760992
0.08566709,0.16554546
0.074870497,0.15165067
0.074405003,0.15841985
0.065256089,0.14561749
0.055613089,0.13947129
0.0126,-0.003989458
0.012651225,0.0029985905
0.013096397,0.009904385
0.013647402,0.016707182
0.0126,-0.023682833
0.012617449,-0.01736021
0.012968115,-0.01116848
0.0126,-0.044066668
0.012635671,-0.038494825
0.035710466,0.103889704
0.050270927,0.121584654
0.064707315,0.13946915
0.036263982,0.10086393
0.050732936,0.11922908
0.066027007,0.13778543
0.035245312,0.09753585
0.03604899,0.116546154
0.03604899,0.093892336
0.019174798,0.051310778
0.021017033,0.06540966
0.02696591,0.07960868
0.015438424,0.040355206
0.016770667,0.054352045
0.015735362,0.068416834
0.013523924,0.02883172
0.015735362,0.04266715
0.064230064,0.015430689
0.072240913,0.027714014
0.074581485,0.034309864
0.050205839,-0.1736033
0.050648305,-0.17720318
0.051660495,-0.17831612
0.023496751,-0.1594522
0.020899249,-0.16597271
0.017435374,-0.17521524
0.029373364,-0.16295576
0.026864823,-0.16891026
0.036368617,-0.16657925
0.013725144,-0.16079521
0.014766422,-0.16789937
0.017712895,-0.15949845
0.020515391,-0.16898632
0.031585976,-0.17684221
0.017923536,-0.16578078
0.052366592,-0.005724907
0.060152885,0.014819384
0.068307115,0.033960104
0.047531661,-0.0064914227
0.054177898,0.014393806
0.041882923,-0.007133484
0.041213895,-0.035152435
0.030666216,-0.06896734
0.036069428,-0.052336454
0.036313336,-0.037687063
0.030248084,-0.070762396
0.039613692,-0.036469698
0.019286682,-0.14400148
0.014346644,-0.18043447
0.020590925,-0.17296767
0.046547049,-0.19536066
0.04736803,-0.20433855
0.03651125,-0.2082479
0.0126,-0.22636867
0.014266635,-0.22798681
0.013872484,-0.24547195
0.036749387,0.053979397
0.039907843,0.035172462
0.040937859,0.014839888
0.050847018,0.053085327
0.05294198,0.03447318
0.066118651,0.052397013
0.02825183,0.04456711
0.026590255,0.034578085
0.026492239,0.023890257
0.032755992,0.024727106
0.02943772,0.013592243
0.03438144,0.0032453537
0.073112578,0.0717566
0.089509971,0.086811066
0.062658042,0.09013772
0.042622586,0.07335663
0.057136167,0.07243824
0.047563359,0.09099221
0.02128149,-0.15479016
0.023568959,-0.1504066
0.02549737,-0.14629126
0.018361162,-0.1541965
0.021589909,-0.14921093
0.01529985,-0.15482259
0.041147263,-0.16794968
0.041928114,-0.17307043
0.041906792,-0.17950463
0.032250896,-0.16784096
0.031143683,-0.17439103
0.024764318,-0.1690824
0.035596893,-0.19009852
0.026935186,-0.20138144
0.023283643,-0.18433523
0.028927627,-0.15921855
0.029816371,-0.16272855
0.026546777,-0.1555059
0.026941138,-0.15960121
0.02556576,-0.15197396
0.036187391,-0.16348934
0.021684617,-0.16253543
0.018554773,-0.15968776
0.019549006,-0.15747643
0.028844165,-0.15362096
0.025620093,-0.15174174
0.035060363,-0.14605331
0.030572919,-0.14427686
0.022106116,-0.14952636
0.026407459,-0.14430952
0.023334453,-0.17055225
0.026287421,-0.16822958
0.018010116,-0.18039322
0.030049539,-0.16016579
0.037912394,-0.15104485
0.036088306,-0.15770817
0.035513169,-0.13273692
0.040089591,-0.13537359
0.038565445,-0.1397748
0.03402,-0.1371901
0.033477283,-0.13982797
0.02957907,-0.14171076
0.012743038,-0.17780066
0.0126,-0.14167929
0.02035949,-0.10388112
0.0126,-0.2004633
0.014736863,-0.17026973
0.012988502,-0.21006489
0.015597636,-0.14316654
0.021203309,-0.10559559
0.015677533,-0.10487461
0.027505712,-0.013707638
0.022134932,-0.056990862
0.027320528,-0.024917126
0.021049375,-0.06891513
0.029394158,-0.036174774
0.025829498,-0.06993532
0.033909649,-0.17525935
0.020034993,-0.19302511
0.017741166,-0.20743918
0.038265765,-0.16302061
0.017602757,-0.18845844
0.029139656,-0.13785243
0.021329997,-0.18218851
0.019381026,-0.17763329
0.017872,-0.1928575
0.026683055,0.06766367
0.032114329,0.08590722
0.036046626,0.102494955
0.018275002,0.08088255
0.024134904,0.098023415
0.017089244,0.093630075
0.021673696,0.049717665
0.020647459,0.05896187
0.017552658,0.07286286
0.02655565,0.026504993
0.023047639,0.052538633
0.019833641,0.07579517
0.027729221,0.029164553
0.023254304,0.055437088
0.027561559,0.031828642
0.028973623,-0.011492729
0.035306793,-0.009294033
0.030541731,-0.05521202
0.04010399,0.12763906
0.059126124,0.1435554
0.027487015,0.14617562
0.019716643,0.12036538
0.026835466,0.12386966
0.020324452,0.14317536
0.026351255,-0.14416122
0.023921085,-0.15136361
0.024055539,-0.16010928
0.025602702,-0.14333868
0.021796705,-0.1513505
0.026515249,-0.1428647
0.03151954,-0.13486314
0.029502313,-0.13945794
0.028786095,-0.13846684
0.026365118,-0.15371466
0.02466494,-0.15316558
0.02419392,-0.14882183
0.024324809,-0.16455269
0.023156835,-0.15850496
0.022527631,-0.1684537
0.035363478,-0.16799116
0.031458805,-0.16077495
0.024016376,-0.17317557
0.019074489,-0.17346191
0.029170757,-0.16259241
0.023156961,-0.15916872
0.0126,-0.1544671
0.0126,-0.1672535
0.0126,-0.15506816
0.014606603,-0.15222025
0.0126,-0.16316414
0.013150134,-0.15301895
0.045401747,-0.14994001
0.045691295,-0.13670278
0.032693722,-0.12620401
0.036880981,-0.14656568
0.032581245,-0.13308
0.024649255,-0.14304829
0.047184892,-0.13935804
0.045359279,-0.13272238
0.049117213,-0.14385152
0.037129396,-0.12940693
0.036213005,-0.1272757
0.042675524,-0.1334722
0.030639742,-0.12872076
0.027250832,-0.12544036
0.029447071,-0.12260175
0.028680704,-0.12448025
0.022828926,-0.12056041
0.025471775,-0.1213429
0.029443252,-0.13171458
0.030820339,-0.13557196
0.02986633,-0.12883186
0.035544283,-0.12688279
0.027514311,-0.13455367
0.021672156,-0.14275265
0.023366915,-0.1352799
0.018309934,-0.14351702
0.015120996,-0.14423513
0.017582317,-0.14855886
0.014280352,-0.15961146
0.017754196,-0.14993644
0.030614243,-0.12986827
0.025225179,-0.13550091
0.019766409,-0.1413126
0.026320403,-0.13667464
0.021818778,-0.14254689
0.021559874,-0.14384174
0.033861095,-0.12881994
0.026698717,-0.13560367
0.035228809,-0.12782454
0.056273322,-0.14586139
0.05978997,-0.12052059
0.045514019,-0.086574554
0.058145677,-0.10380697
0.061031598,-0.06960058
0.044556989,-0.053248167
0.032437194,-0.13666606
0.048900811,-0.14130354
0.041304129,-0.10176921
0.036047455,0.007357836
0.043833716,-0.021498442
0.050116371,-0.038181067
0.017279329,0.10682392
0.020234386,0.13207221
0.026459133,0.15336823
0.025878099,0.11997509
0.037129455,0.14375973
0.051179445,0.13293386
0.018023874,0.07070851
0.017424368,0.090076685
0.025178287,0.104227066
0.021464894,0.051074505
0.029610378,0.08885217
0.02744894,0.026959896
0.03279241,0.18058062
0.04235028,0.19440627
0.044884134,0.19590473
0.044964991,0.17297101
0.051014056,0.18980646
0.060246461,0.16561818
0.02202769,-0.13699603
0.024920882,-0.118349314
0.042801144,-0.09776187
0.026573035,-0.14067745
0.036892216,-0.1267736
0.032003702,-0.13932681
0.039208097,-0.13240266
0.057766563,-0.12147999
0.047645914,-0.12602878
0.018988988,-0.11268735
0.023955614,-0.071276665
0.016212268,-0.086726665
0.01581132,-0.13940072
0.0126,-0.14020538
0.01446522,-0.1409514
0.022897567,-0.12687707
0.014230194,-0.12792325
0.036366976,-0.11656141
0.038548599,-0.122920275
0.023713098,-0.13088226
0.039921508,-0.11943078
0.018510625,-0.1304717
0.020568586,-0.122718096
0.017827884,-0.11952877
0.070934896,-0.1056056
0.061339332,-0.11183858
0.04762197,-0.118955135
0.069027208,-0.10911775
0.052849471,-0.115570545
0.052522857,-0.112784624
0.034311461,-0.109014034
0.017927839,-0.112797976
0.017866544,-0.11702037
0.026110435,-0.10523105
0.02057608,-0.11000419
0.029807036,-0.10504651
0.03449736,-0.116145134
0.035321338,-0.11030531
0.020939759,-0.11495972
0.081164677,-0.10861683
0.071309619,-0.109752655
0.049264035,-0.10735726
0.07170002,-0.11462045
0.052929013,-0.112948656
0.050327771,-0.11895394
0.090299117,-0.109152555
0.070564115,-0.11915755
0.076137262,-0.10596943
0.038763729,-0.12243581
0.04164872,-0.121465206
0.044429815,-0.12058139
0.044894027,-0.11552811
0.049496789,-0.11467838
0.04647884,-0.109208345
0.062653075,-0.10659695
0.057843865,-0.10780406
0.05537101,-0.11317325
0.014466103,-0.1436112
0.012769635,-0.14026976
0.012786609,-0.15197086
0.019083792,-0.13704991
0.022325799,-0.12748408
0.023689134,-0.118626595
0.016482458,-0.13378263
0.018062114,-0.12458849
0.013615547,-0.13082981
0.03171987,-0.12588716
0.02740641,-0.12213206
0.025092392,-0.13137293
0.036037051,-0.11872506
0.037139139,-0.11209154
0.030648654,-0.11524367
0.064261744,0.12703323
0.04091264,0.118337154
0.036569742,0.105012655
0.03147272,0.07635307
0.015913533,0.058670998
0.021609747,0.0049397945
0.027290229,-0.03603673
0.019123599,-0.014858007
0.026739713,0.040748835
0.022606733,0.20551276
0.036370485,0.18620467
0.067211811,0.16213965
0.019099436,0.20588589
0.041421532,0.18783402
0.036462155,0.20679355
0.047912543,0.15299702
0.055845545,0.15874529
0.03531157,0.18465877
0.048677112,0.22145343
0.054374542,0.23294544
0.02975624,0.23173165
0.024444643,0.23027396
0.023009782,0.21947694
0.02752482,0.21977592
0.066294094,-0.06552553
0.047561681,0.00603652
0.054145909,0.080393076
0.050946785,-0.030207634
0.056995728,0.04640293
0.038461882,0.006294489
0.070750284,-0.09183979
0.075440028,-0.08146787
0.042622359,-0.05351448
0.063333692,-0.093587875
0.071500318,-0.098988295
0.060389876,-0.10667086
0.049391795,-0.096851826
0.047197196,-0.10185003
0.030723508,-0.10067344
0.081392743,-0.099874735
0.077762296,-0.103185415
0.075534033,-0.095846176
0.067473597,-0.10134792
0.059554873,-0.09747362
0.049048824,-0.09400129
0.058928095,-0.102185965
0.049229591,-0.09816718
0.048497839,-0.1032629
0.061365808,-0.09313607
0.072221391,-0.09630966
0.069945961,-0.09298968
0.053149644,-0.09328532
0.043871428,-0.09725189
0.047695994,-0.101661205
0.061910827,-0.09613848
0.069540144,-0.0998106
0.075589462,-0.09813881
0.085776749,-0.104315996
0.087317731,-0.100814104
0.069767026,-0.10438061
0.078758612,-0.09107852
0.058783892,-0.057747602
0.094534979,-0.09101319
0.0126,-0.13426113
0.0126,-0.13196683
0.0126,-0.1426549
0.034827573,-0.10284877
0.025016905,-0.097299576
0.016053045,-0.092615604
0.029046453,-0.10550356
0.020303601,-0.09973669
0.023528749,-0.108478546
0.035506572,-0.0932498
0.024236097,-0.09278011
0.035516495,-0.09760547
0.0126,-0.12566304
0.012676632,-0.115136385
0.012673983,-0.10585904
0.0126,-0.12330985
0.012610808,-0.11343956
0.0126,-0.12169838
0.017822649,-0.11372185
0.014538837,-0.10944724
0.014152682,-0.11953211
0.013543335,-0.100717545
0.017120435,-0.10427594
0.013402902,-0.0962677
0.0126,-0.13944602
0.0126,-0.12992
0.0126,-0.13059664
0.0126,-0.14987755
0.012742095,-0.13793874
0.012847986,-0.14468908
0.027104742,0.20501328
0.053720927,0.20250511
0.063751451,0.19632435
0.05187242,0.1806786
0.065825655,0.1727767
0.061125757,0.14254689
0.045928955,0.15663743
0.042808765,0.092936754
0.058260737,0.122703314
0.053008366,0.23904228
0.069475528,0.23913026
0.054779254,0.23974109
0.039735414,0.2306819
0.045679265,0.23167992
0.021380997,0.22044325
0.053927703,0.21896553
0.03252685,0.22063327
0.051694801,0.23201752
0.081259318,0.2581885
0.050700493,0.25404096
0.059478249,0.24784827
0.043446339,0.24549389
0.06401702,0.24610424
0.031109326,0.251395
0.083848656,-0.032057762
0.08590981,-0.07199478
0.07858652,-0.09215903
0.073012066,-0.017806053
0.084533555,-0.064498186
0.051961945,-0.004930973
0.05385714,0.15003085
0.050611127,0.11253214
0.044166911,0.06316161
0.07994099,0.17188454
0.047208582,0.13824892
0.063848262,0.18695521
0.06129249,0.032293558
0.051246349,0.049182177
0.045632371,0.09800768
0.037703407,-0.08850694
0.033982294,-0.08539367
0.035482251,-0.084686756
0.028464977,-0.08760357
0.027398948,-0.08434987
0.018784526,-0.08703327
0.055120805,-0.089481115
0.051348378,-0.09055734
0.048173815,-0.094395876
0.040961142,-0.08646059
0.041628539,-0.08896899
0.047287546,-0.088621855
0.061780446,-0.09775162
0.035464287,-0.09662533
0.034278417,-0.08940196
0.038014934,-0.09606123
0.028886437,-0.09433937
0.04744164,-0.09621549
0.079349629,-0.0651443
0.070216803,-0.08666587
0.060649944,-0.08872843
0.0126,-0.1194253
0.0126,-0.109868765
0.012961058,-0.10206628
0.0126,-0.1197989
0.013023284,-0.11116886
0.0126,-0.12142134
0.0126,-0.10350633
0.0126,-0.10221386
0.0126,-0.11109209
0.0126,-0.09619832
0.0126,-0.08893156
0.012932087,-0.08444762
0.0126,-0.0947845
0.0126,-0.088483095
0.0126,-0.09444094
0.0126,-0.08866668
0.0126,-0.08591843
0.012699089,-0.0919888
0.01700135,-0.084329605
0.024181572,-0.082962275
0.013771938,-0.08284593
0.0126,-0.17189527
0.0126,-0.17424226
0.0126,-0.16185617
0.019313388,-0.2003746
0.013753695,-0.20233727
0.014585635,-0.19145465
0.014180418,-0.12487149
0.021781547,-0.118867874
0.033977936,-0.114807844
0.014973298,-0.13115501
0.021155256,-0.12602282
0.014007232,-0.13884902
0.015548233,-0.11415815
0.017045496,-0.10466099
0.028764893,-0.108884096
0.0126,-0.15112543
0.016198575,-0.1502881
0.029169906,-0.15042734
0.0126,-0.16077495
0.017044621,-0.16060019
0.0126,-0.17152572
0.024655288,-0.1369276
0.013818504,-0.13735175
0.025805937,-0.12507248
0.038980732,0.23967385
0.04143447,0.237885
0.039222388,0.23282981
0.049676269,0.23048306
0.050746858,0.22555566
0.059827806,0.21360922
0.053503504,0.19094157
0.069282658,0.20503259
0.036717779,0.21721053
0.028436252,0.25485897
0.030315498,0.25180578
0.036598256,0.24900746
0.015457214,0.24957037
0.022352671,0.24815416
0.023341433,0.24510813
0.040073156,0.24175596
0.025100674,0.24429417
0.033010111,0.24621677
0.038622886,0.26224542
0.040778214,0.2728753
0.050763146,0.2635572
0.048463232,0.25194645
0.040223346,0.25666523
0.06303237,0.25597405
0.080071833,-0.012379885
0.062949214,0.054524183
0.039907386,0.11600399
0.091133505,0.0070917606
0.076554414,0.07350063
0.110825182,0.025062561
0.08442398,-0.05208397
0.090918538,-0.03773594
0.083756513,-0.080955744
0.032542388,0.16589093
0.017845109,0.2004981
0.020022141,0.22242427
0.021278188,0.17564678
0.014658128,0.20522189
0.015355539,0.18006444
0.082493153,0.09281731
0.045336814,0.13352895
0.037541745,0.14423203
0.041531373,-0.0997107
0.058346194,-0.0996263
0.072620704,-0.09883666
0.061908387,-0.0691793
0.075664679,-0.0754869
0.086097967,-0.02591443
0.014916235,-0.08343315
0.020582434,-0.08372712
0.030516376,-0.08564544
0.018187902,-0.08886647
0.028043222,-0.09068155
0.027251161,-0.09986138
0.056334913,-0.10217953
0.036399077,-0.10187578
0.037739088,-0.09388614
0.033079612,-0.11378026
0.03085415,-0.11018753
0.048993026,-0.107718945
0.018474865,-0.09517622
0.028408588,-0.09136081
0.036245647,-0.09107208
0.029595952,-0.09880042
0.040345924,-0.09596658
0.042939142,-0.10402393
0.016066504,-0.08506799
0.02495107,-0.087252855
0.018392697,-0.089105844
0.028830959,-0.089966536
0.017990995,-0.08591533
0.021240473,-0.09325361
0.027545388,-0.20196414
0.022232012,-0.19267154
0.017995002,-0.1839199
0.034740919,-0.19432974
0.027771452,-0.1852262
0.04226423,-0.18698478
0.038264012,-0.17384434
0.021798416,-0.172441
0.034642964,-0.16166735
0.031278816,-0.21439695
0.042511422,-0.21929169
0.029905758,-0.2241013
0.038799956,-0.20646906
0.045823,-0.198807
0.050039761,-0.21131277
0.083113007,-0.16642237
0.067200826,-0.17274737
0.053551033,-0.17962909
0.068263075,-0.16043377
0.051246309,-0.16687703
0.049652837,-0.15508914
0.056199099,-0.10864091
0.05129358,-0.10742664
0.047084924,-0.10964751
0.055843702,-0.1016562
0.048659214,-0.10109568
0.048710521,-0.09579182
0.056152572,-0.14349079
0.043303578,-0.13045406
0.043488835,-0.11907768
0.080726947,-0.13807249
0.058146648,-0.12570214
0.086933359,-0.13450241
0.095721052,-0.15438557
0.07975479,-0.14861321
0.100306142,-0.14371061
0.047677933,-0.11550212
0.058705564,-0.12412834
0.049950902,-0.11574459
0.034994858,0.23556018
0.042101693,0.24229717
0.042021159,0.24546647
0.037869706,0.23499799
0.044747791,0.24002981
0.054244854,0.231246
0.045659484,0.2229116
0.023761975,0.20682669
0.018223299,0.22449613
0.049146721,0.2472322
0.065478638,0.24893284
0.065273153,0.25110984
0.054479296,0.24184752
0.056504137,0.24108529
0.051521754,0.23058343
0.054068661,0.23433924
0.048548813,0.24178648
0.058682312,0.23381639
0.040570391,0.25350046
0.018477043,0.2566042
0.035031043,0.23596215
0.057535896,0.22437072
0.045991914,0.2390523
0.061906354,0.21549225
0.031189481,0.17964363
0.052824619,0.20347428
0.070839321,0.21743393
0.046321,0.17575288
0.057654399,0.19691992
0.038521525,0.16854334
0.035445028,0.13875413
0.037461813,0.13928843
0.037499289,0.13602924
0.053903756,0.0853591
0.031412145,0.08817291
0.030007472,0.021381378
0.087273427,0.0272789
0.069971689,0.0909729
0.052459332,0.025960922
0.038364034,-0.07074642
0.061102203,-0.024576902
0.033609164,-0.02580595
0.024488932,-0.11418629
0.014032602,-0.12769628
0.030229803,-0.14025569
0.020621272,-0.12199497
0.033382696,-0.13009143
0.034968831,-0.11487126
0.024522495,-0.09275913
0.02124074,-0.053388596
0.016797209,-0.11334109
0.069093524,-0.1081264
0.064610427,-0.10127568
0.048462056,-0.095479965
0.076491838,-0.11096525
0.065171687,-0.10420084
0.074773866,-0.11688781
0.060790095,-0.10976195
0.042199968,-0.09787679
0.037371387,-0.10409069
0.075968052,-0.12881112
0.055219613,-0.12134552
0.05714056,-0.13935423
0.058315726,-0.19128513
0.073080868,-0.19615579
0.067606808,-0.20155811
0.062416324,-0.20347452
0.071255497,-0.20868897
0.066857886,-0.2163775
0.083802004,-0.1773684
0.072140334,-0.1890719
0.068419158,-0.18406749
0.070327547,-0.2328515
0.067471048,-0.2418294
0.060894168,-0.24691796
0.070606859,-0.22470999
0.066251612,-0.21703982
0.062719023,-0.23365688
0.092986466,-0.16839147
0.088155626,-0.17096615
0.083721676,-0.17412758
0.079369274,-0.1794579
0.073905677,-0.18208861
0.0673433,-0.19129086
0.105472259,-0.15667224
0.109286364,-0.14644003
0.103285913,-0.15964484
0.059669285,-0.1162107
0.065775047,-0.12552762
0.07156581,-0.13633633
0.053028972,-0.12269783
0.066130975,-0.13151526
0.070907871,-0.1310308
0.073004113,-0.1173439
0.076422665,-0.121799946
0.070069345,-0.12824154
0.095057261,-0.1575036
0.09624396,-0.14873195
0.093285207,-0.1410029
0.085750187,-0.14838672
0.080627636,-0.13912725
0.079952526,-0.14134908
0.098037972,-0.16145658
0.093103669,-0.16704702
0.104374063,-0.15342617
0.069418583,0.2237227
0.078794571,0.22391796
0.074873799,0.21928644
0.080734159,0.21075296
0.093982938,0.20568132
0.088205537,0.18869424
0.06809083,0.20840049
0.070304402,0.19326568
0.046584205,0.18684793
0.025718425,0.14199805
0.025562901,0.09765959
0.044083624,0.15663648
0.082233935,0.11263156
0.082076668,0.14617491
0.071996378,0.1765368
0.05737981,0.077546835
0.047619641,0.118640184
0.030984884,0.051562786
0.087049081,0.19448781
0.108848625,0.1714704
0.079880776,0.20905066
0.098974987,0.17264867
0.0990891,0.19226384
0.092900676,0.14630866
0.085735381,0.11550999
0.073674572,0.14300108
0.038780642,0.15911698
0.097350763,0.14509273
0.06629316,0.1712451
0.085614101,0.16927695
0.047777456,0.13324594
0.057143111,0.12414932
0.059704821,0.10795736
0.064847906,0.091403484
0.051903048,0.08323097
0.049255991,0.045105696
0.037220668,0.043702126
0.020719957,0.036048174
0.038908699,0.0925746
0.020924746,-0.12191415
0.015175933,-0.078929186
0.016760303,-0.029880285
0.019583956,-0.062267065
0.020981963,-0.013715982
0.034442216,-0.0035495758
0.029325723,-0.14320707
0.015532404,-0.098740816
0.02736921,-0.13666654
0.06709783,-0.14599752
0.067062306,-0.13978052
0.075644078,-0.13466406
0.064713389,-0.1591978
0.073455904,-0.15386605
0.071578799,-0.17207551
0.081092616,-0.14684916
0.061560828,-0.1533184
0.078879522,-0.16363645
0.075494853,-0.17655206
0.058997471,-0.16216993
0.050024487,-0.16145968
0.056446956,-0.20885277
0.04348721,-0.21671844
0.031592593,-0.22509837
0.051730832,-0.2247653
0.034869049,-0.23305702
0.045618639,-0.24189377
0.056229951,-0.19861436
0.062630567,-0.18952394
0.044890153,-0.20648026
0.033797843,-0.26508117
0.016684009,-0.27978802
0.027879761,-0.2847321
0.024038082,-0.25536466
0.021609846,-0.2463572
0.015238938,-0.26980782
0.074476197,-0.18133378
0.052112746,-0.18946862
0.027627162,-0.19828439
0.049885182,-0.19669557
0.034625368,-0.20464039
0.03316225,-0.21371579
0.079039544,-0.17028904
0.051334023,-0.18387198
0.081861698,-0.17499948
0.069560581,-0.16419792
0.0472556,-0.17386413
0.040747723,-0.18556619
0.049505386,-0.1761899
0.02913078,-0.1846304
0.024694178,-0.18876743
0.073835549,-0.15737605
0.072163209,-0.15264678
0.056179391,-0.16941333
0.061795698,-0.16310287
0.059783063,-0.17579699
0.052381149,-0.17964387
0.0126,0.064785
0.0126,0.028449535
0.012708215,0.01777649
0.063649433,0.25616217
0.026744673,0.15288019
0.061025189,0.2681601
0.175253157,0.57822895
0.136646378,0.4940772
0.167568264,0.57577944
0.068685279,0.005231142
0.056044941,0.028192043
0.049458047,0.040062428
0.047017094,0.045016766
0.044311366,0.06962514
0.054297148,0.0824101
0.059765595,0.07707715
0.046768144,0.037992716
0.057566544,-0.004211426
0.072036832,0.11811495
0.070287105,0.08613086
0.087842785,0.14972186
0.083984142,0.12541127
0.073024258,0.054625273
0.082264073,0.09710908
0.023196112,-0.0965991
0.031230855,-0.05069995
0.020729999,-0.0033476353
0.015244697,-0.064839125
0.015915198,-0.024847507
0.0126,-0.0051972866
0.044138473,0.003709793
0.039943183,-0.045538664
0.058465139,0.033741236
0.031024214,-0.059039593
0.037039279,-0.011674881
0.019095835,-0.09372306
0.046397816,-0.08678579
0.057000051,0.0035398006
0.069605773,0.07109547
0.06345331,-0.059441805
0.070267473,0.030047417
0.064608706,-0.031947136
0.046534045,0.037249565
0.031638541,-0.031387568
0.044686368,0.0003950596
0.310268485,0.49602073
0.256619328,0.56903243
0.319145653,0.50378776
0.445704501,0.24843621
0.404531463,0.3215927
0.460666234,0.24673
0.068580631,-0.015926838
0.057729481,-0.04893136
0.040441382,-0.091900826
0.053750028,-0.0055217743
0.042830305,-0.04928565
0.042475443,-0.0027194023
0.013554831,-0.11092806
0.027089731,-0.0537951
0.027534834,-0.10005498
0.066222643,-0.18718171
0.060127163,-0.19652534
0.053226863,-0.19883251
0.063006905,-0.19230676
0.075169131,-0.20374918
0.054347496,-0.19611573
0.056409033,-0.18304038
0.028153902,-0.15736032
0.027697197,-0.18261647
0.025960441,-0.1362915
0.027484307,-0.17552614
0.018278136,-0.14796424
0.021448489,-0.23771453
0.014894168,-0.25111127
0.014786631,-0.2651596
0.015388354,-0.25982118
0.013263543,-0.27415538
0.013734016,-0.2843709
0.021312836,-0.22627306
0.015911668,-0.21721888
0.013533684,-0.23939443
0.018118849,-0.31847548
0.023412597,-0.3435192
0.021108166,-0.3480103
0.017065879,-0.3066008
0.017560953,-0.29558086
0.023025504,-0.3307631
0.012959709,-0.20897245
0.0126,-0.21961784
0.01850367,-0.22958064
0.0126,-0.22728586
0.012618969,-0.23729157
0.013790003,-0.24921441
0.016097443,-0.20060515
0.027848053,-0.19752502
0.015509226,-0.2118833
0.030778314,-0.2251215
0.02768656,-0.2123053
0.039763228,-0.20222759
0.040221707,-0.22300959
0.038227694,-0.21442008
0.038573176,-0.22073221
0.042192046,-0.21466064
0.056950129,-0.20889878
0.056440326,-0.20837617
0.048544541,-0.105038166
0.058811242,-0.087165594
0.050798298,-0.08439398
0.06552607,-0.07180476
0.072476602,-0.053476572
0.073286683,-0.034585476
0.211430844,0.5976279
0.258017062,0.55261636
0.31231638,0.4687519
0.206344871,0.590073
0.260563212,0.53251505
0.218369691,0.57899547
0.119251176,0.44075274
0.11172713,0.41831493
0.105076671,0.39780712
0.14310911,0.53094006
0.143745725,0.51219416
0.172720124,0.58866835
0.16351588,0.60089636
0.143793715,0.54674613
0.165170723,0.59597087
0.059101786,0.25964594
0.027208332,0.14067888
0.02058658,0.030622482
0.032719088,0.14288068
0.015769016,0.03943038
0.01308305,0.055063248
0.012804336,-0.032812357
0.016478537,-0.055501938
0.013544078,-0.09931755
0.069823404,0.2921791
0.02673801,0.1492238
0.059015011,0.2734778
0.013978269,-0.16943932
0.024561458,-0.092227936
0.055003894,-0.033979177
0.02176517,-0.14235353
0.026489788,-0.06157446
0.023200455,-0.114584446
0.025178235,-0.13273787
0.045820757,-0.11115527
0.04807645,-0.074044704
0.031007987,-0.23020458
0.036235673,-0.17413616
0.040790576,-0.13226461
0.025457398,-0.21196818
0.034000464,-0.15460443
0.019973481,-0.19158196
0.022569514,-0.077955484
0.015325605,-0.16675591
0.013746748,-0.22732449
0.016824088,-0.13635135
0.014383612,-0.18951488
0.01366588,-0.14558339
0.049928757,-0.11351824
0.024417126,-0.14766455
0.024854237,-0.1977644
0.043258941,-0.17505527
0.049298889,-0.14530587
0.018622857,-0.23002887
0.073322489,-0.2947626
0.059386212,-0.23917556
0.040622429,-0.1664269
0.040625676,-0.28170562
0.032922932,-0.23922396
0.015389715,-0.2590406
0.060702397,-0.26574016
0.0306324,-0.21968222
0.043866653,-0.19349742
0.452811796,0.22154093
0.419639786,0.264794
0.386359707,0.30945086
0.411815158,0.29151124
0.378454321,0.3355329
0.370754976,0.36481398
0.325055175,0.41491395
0.268493412,0.51139414
0.317129231,0.44181645
0.50532893,0.14190187
0.547169723,0.08645803
0.524434268,0.11042556
0.474087055,0.1828323
0.490975344,0.15044025
0.441445101,0.2254417
0.245830486,0.5535799
0.292416974,0.47108412
0.346189655,0.37026894
0.269518811,0.5219702
0.314823068,0.43111873
0.288177326,0.48874295
0.041800483,-0.21368241
0.037163234,-0.20529842
0.035430719,-0.19339919
0.038994354,-0.19682574
0.026852589,-0.18254447
0.028593156,-0.1719315
0.02514347,-0.11897564
0.020399581,-0.14313412
0.026867679,-0.11648226
0.020574743,-0.15164375
0.027273867,-0.12524581
0.023929389,-0.16339803
0.01945769,-0.28247333
0.02564259,-0.30048084
0.030986991,-0.31918383
0.02486522,-0.31488085
0.028708271,-0.33533478
0.028066457,-0.35264826
0.017414107,-0.26519823
0.027433017,-0.2517507
0.035144034,-0.28128767
0.028624571,-0.40731168
0.029123491,-0.44800258
0.021295463,-0.45909452
0.031991583,-0.3869102
0.031256007,-0.3670802
0.03472648,-0.42509532
0.042670143,-0.24160361
0.060477736,-0.251935
0.056211913,-0.26089334
0.054489363,-0.26481605
0.059428804,-0.27704263
0.050904915,-0.29630136
0.052804577,-0.23466301
0.05261733,-0.22901797
0.062506148,-0.24179482
0.088847869,-0.22405767
0.074589474,-0.23620677
0.062059157,-0.24810004
0.070112818,-0.22330213
0.064032067,-0.23288512
0.052530553,-0.22281885
0.084311665,-0.20846844
0.058561886,-0.21099424
0.050738291,-0.19200802
0.046128879,-0.19569111
0.045869304,-0.16438103
0.041218054,-0.15982485
0.027771792,-0.16511726
0.021306073,-0.14181376
0.027656546,-0.13531065
0.039535639,-0.21512938
0.04305063,-0.20312381
0.032291585,-0.16764116
0.197707613,0.6008527
0.178649667,0.5989971
0.134155233,0.5721965
0.159089779,0.5795407
0.143590941,0.53676057
0.133361817,0.4918084
0.238540699,0.5717001
0.188317184,0.6030996
0.224331374,0.59001446
0.092891486,0.3401029
0.07068251,0.22904038
0.05675281,0.112083435
0.041466858,0.1860652
0.03627861,0.078564405
0.01697381,0.04940629
0.021501615,-0.07214904
0.03638532,-0.057531357
0.017722906,-0.17506719
0.099379149,0.4495411
0.084515164,0.28271937
0.109739574,0.39595413
0.038047244,-0.35318542
0.054246845,-0.29099822
0.05611893,-0.2355473
0.038522234,-0.3123026
0.04819248,-0.2521124
0.034566244,-0.27101922
0.013579985,-0.2541771
0.029471901,-0.29886365
0.050430436,-0.32517433
0.01371483,-0.33070374
0.019969975,-0.35510135
0.013053821,-0.38460922
0.01916991,-0.2933004
0.016941645,-0.27455878
0.014946718,-0.35066867
0.020762455,-0.33498883
0.014158159,-0.38537216
0.022647542,-0.3741684
0.042430398,-0.2451191
0.034499919,-0.24779367
0.019117347,-0.24329925
0.053744144,-0.14229679
0.037165728,-0.1623187
0.052863419,-0.02071619
0.056481695,-0.31587505
0.034026576,-0.2835815
0.047084448,-0.29815626
0.044069437,-0.3423481
0.037199149,-0.32136226
0.020266571,-0.369452
0.408062306,0.26947492
0.458383961,0.19322735
0.496088792,0.12711143
0.424143366,0.23879716
0.464249806,0.17101473
0.425845567,0.21765241
0.380752753,0.3012818
0.332687064,0.39519572
0.366784027,0.33161366
0.523686468,0.06161225
0.552613511,0.010653645
0.518781289,0.04741647
0.492291418,0.103799716
0.488465495,0.08976576
0.460368765,0.14803609
0.261426147,0.5267229
0.236655932,0.5597377
0.20450205,0.5850302
0.209113996,0.59079015
0.175115391,0.601483
0.147449991,0.59867823
0.31538708,0.38099134
0.311640155,0.41122466
0.301724669,0.4478582
0.35378281,0.32498127
0.346241278,0.35610843
0.393288206,0.27015406
0.276239996,0.46189982
0.242144826,0.5340992
0.271855598,0.493025
0.119080303,-0.21701956
0.097642107,-0.19873166
0.062389716,-0.1796608
0.138080077,-0.21307707
0.108432047,-0.19333506
0.113219455,-0.21716142
0.056994457,-0.19738054
0.082958776,-0.20483303
0.074990323,-0.17764783
0.017108924,-1.0946474
0.016802713,-1.1257744
0.026923153,-1.0236492
0.022712899,-0.86670136
0.015063115,-0.897331
0.013810775,-0.7844379
0.025229209,-0.64553
0.026903835,-0.55677867
0.036718112,-0.6277242
0.025876278,-0.46461892
0.026932309,-0.4352064
0.07444383,-0.4064386
0.020482171,-0.52397656
0.030214454,-0.49035835
0.022729097,-0.5908067
0.034844167,-0.34565926
0.04104516,-0.37428355
0.031503254,-0.3996005
0.042627254,-0.3184607
0.038043468,-0.2947507
0.054833339,-0.34264874
0.114468444,-0.2785616
0.100565417,-0.31073594
0.09730599,-0.35287428
0.088524302,-0.26915956
0.060388278,-0.3013327
0.054257721,-0.2646582
0.10054615,-0.23609304
0.109218587,-0.25381494
0.079468027,-0.24983072
0.127452414,-0.2322371
0.13008383,-0.23355842
0.124442413,-0.25395465
0.050158285,-0.2455616
0.039343452,-0.30751634
0.030554606,-0.37877655
0.049475202,-0.240026
0.045390453,-0.2966678
0.073202792,-0.24208951
0.040296643,-0.3613894
0.034830074,-0.369205
0.048129396,-0.29878736
0.048673429,0.44708323
0.049491509,0.33562517
0.058896225,0.22055769
0.06921889,0.5004282
0.07429953,0.3967228
0.086951673,0.5419955
0.141197,0.6010809
0.083922857,0.5518415
0.104269383,0.5821078
0.015037504,0.060563564
0.02725648,-0.06454563
0.038361841,-0.16748929
0.024527949,0.08244133
0.043368854,-0.040413618
0.046289149,0.09971523
0.022200962,0.19178915
0.029125211,0.20856714
0.033221123,0.3245945
0.026079787,-0.41558433
0.017760058,-0.42426443
0.012841063,-0.41934085
0.01998545,-0.45954967
0.015249522,-0.4504695
0.015279246,-0.47717476
0.029386176,-0.4267969
0.022622135,-0.47571206
0.028598537,-0.43699217
0.015003335,-0.051977634
0.014136981,-0.15968537
0.012602513,-0.25849795
0.020722527,-0.1645186
0.015790533,-0.25681877
0.026820084,-0.25142908
0.0126038,-0.3978088
0.017681662,-0.3390472
0.0126,-0.35482383
0.012959901,-0.43701792
0.012653015,-0.4197507
0.0126,-0.36222196
0.12426969,0.59675074
0.100139086,0.570616
0.072512368,0.5199621
0.148428412,0.60307646
0.119921855,0.59071815
0.175515977,0.59862864
0.41982968,0.20549661
0.451101822,0.14418595
0.480511393,0.09184013
0.408959956,0.2021665
0.444154177,0.14636484
0.396665363,0.20436832
0.343185774,0.3119501
0.383274747,0.2574528
0.370033538,0.25338826
0.514172955,0.032901023
0.548098105,-0.019146577
0.511967983,0.028391637
0.478759722,0.08439532
0.475363833,0.07923443
0.439466886,0.13790575
0.280569238,0.4106145
0.306261385,0.34733307
0.333126434,0.29158777
0.256393732,0.44379646
0.280573704,0.38588697
0.238502436,0.4787115
0.247886393,0.48562384
0.227176259,0.5120351
0.21810323,0.5498955
0.163973722,0.59612906
0.190942508,0.5776676
0.202883194,0.5506135
0.0126,-1.2451823
0.0126,-1.2843924
0.01362276,-1.2050304
0.035087853,-1.1221325
0.02371813,-1.1744037
0.01579196,-1.2277546
0.023974354,-1.1339159
0.017259922,-1.1892304
0.016891784,-1.1474676
0.033848639,-1.0721717
0.022461332,-1.0822556
0.016252641,-1.0940843
0.029101861,-1.0195975
0.019697495,-1.0282066
0.028534411,-0.9647975
0.023806724,-0.9590113
0.020689181,-1.026062
0.032620868,-0.95472884
0.075086784,-0.35900235
0.111591685,-0.313982
0.11786443,-0.28892875
0.090391829,-0.29810238
0.117533708,-0.26702023
0.102138339,-0.2511611
0.063173852,-0.29068875
0.030404985,-0.35888267
0.045024909,-0.35192204
0.02656632,-0.8534968
0.016702989,-0.7730491
0.014047267,-0.6955235
0.024364175,-0.7624128
0.023366481,-0.68500113
0.043472498,-0.6799836
0.037180952,-0.8688798
0.030206971,-0.85998654
0.036532134,-0.77295685
0.022767996,-0.5807774
0.064751749,-0.4815538
0.04646318,-0.5732708
0.070945682,-0.44786334
0.056420951,-0.5099597
0.058335654,-0.5870669
0.076630529,-0.417902
0.063980687,-0.48771453
0.116132927,-0.40728045
0.105796838,-0.32076216
0.090483811,-0.3771386
0.103847402,-0.35765767
0.107036217,-0.34114838
0.088244193,-0.37858534
0.085840612,-0.40830874
0.025007958,-0.56863284
0.02825067,-0.50097656
0.04143143,-0.42363834
0.023461268,-0.50591254
0.020820373,-0.42681408
0.022615997,-0.44127083
0.024732896,-0.53383684
0.025576982,-0.5503373
0.024760719,-0.5610719
0.025994545,-0.51339674
0.025440175,-0.51093864
0.028351899,-0.45573473
0.019930438,-0.51569986
0.02397279,-0.4942925
0.016942801,-0.49707747
0.026746602,0.14139533
0.044103121,0.22772694
0.057854975,0.31221342
0.022035498,0.020813465
0.039229717,0.1025455
0.017603486,-0.09585786
0.085870894,0.54409885
0.065678038,0.44429517
0.070734134,0.48698997
0.055701584,0.36489582
0.051231591,0.41019464
0.038568439,0.27937198
0.014014592,-0.4665501
0.013475091,-0.39425993
0.012611727,-0.29166913
0.01639407,-0.4223776
0.0146771,-0.32102466
0.018637036,-0.34584284
0.017109554,-0.48488617
0.020098237,-0.43709207
0.021986322,-0.5013089
0.036245281,-0.0021276474
0.026702044,-0.10084486
0.01556318,-0.18870139
0.0478956,0.09995103
0.034027583,-0.0018084049
0.055083157,0.20635605
0.026191811,-0.12751198
0.01946325,-0.24340105
0.018222903,-0.21826005
0.117141583,0.59798634
0.157903303,0.5963856
0.19773105,0.5549661
0.112785825,0.59777236
0.152537095,0.5979773
0.116473907,0.5961995
0.080469862,0.549364
0.082994129,0.5505425
0.066462818,0.4543295
0.502414798,0.016004993
0.530425261,-0.046710044
0.507495762,0.0062826956
0.475981037,0.076346256
0.43104401,0.15836304
0.380200512,0.24638838
0.466787068,0.08483963
0.418407059,0.165335
0.461840662,0.092332065
0.378584529,0.2157138
0.423012602,0.15109374
0.373370236,0.22992218
0.321969059,0.30174783
0.319765062,0.31627905
0.272715884,0.39441442
0.222302975,0.505088
0.252940492,0.4301976
0.315956033,0.35574424
0.209390452,0.53326774
0.254090556,0.46852148
0.198329539,0.56055474
0.171639923,0.58874464
0.144025082,0.6025349
0.182256973,0.5726602
0.573514569,-0.059230343
0.55687429,-0.030768536
0.621739526,-0.11069591
0.622419372,-0.1405304
0.596612641,-0.11476216
0.66539222,-0.19579402
0.0126,-1.304946
0.0126,-1.3250282
0.0126,-1.3697054
0.014590329,-1.2426114
0.017731558,-1.2087116
0.019407408,-1.1829989
0.012699659,-1.266043
0.01337208,-1.2342217
0.01318773,-1.2875857
0.033788417,-1.142916
0.028088518,-1.1630912
0.022376296,-1.1920123
0.046685745,-1.0851767
0.053510911,-1.0545242
0.054761076,-1.030688
0.043350359,-1.1094067
0.04448994,-1.0828524
0.030374188,-1.1334295
0.047063,-1.0353649
0.041646672,-0.9828379
0.054246872,-1.0045474
0.060025545,-0.86397624
0.054514123,-0.8890896
0.043024728,-0.92296696
0.055968171,-0.7975235
0.049482406,-0.82934046
0.048368416,-0.7358537
0.058598638,-0.9219763
0.058506588,-0.9777367
0.052392719,-0.9478705
0.073898779,-0.61163974
0.073931761,-0.5447674
0.075331208,-0.48796368
0.061321381,-0.5212524
0.07054843,-0.456326
0.06095984,-0.43510938
0.024773099,-0.5784869
0.045971757,-0.59189224
0.041631862,-0.50648403
0.064390696,-0.72154117
0.061634705,-0.6886773
0.05433312,-0.67437696
0.07004536,-0.62212324
0.063416571,-0.5946171
0.072919381,-0.52941084
0.064453272,-0.8123114
0.057573411,-0.74021506
0.068261891,-0.7649021
0.069837548,-0.6407511
0.060335492,-0.6774838
0.072832933,-0.57941556
0.035313369,-0.66893315
0.050289859,-0.6904061
0.064063268,-0.6635585
0.02455445,-0.65250635
0.031179623,-0.6407554
0.02155747,-0.6178427
0.019757714,-0.59233165
0.01841409,-0.6009073
0.019752929,-0.5913234
0.022067997,-0.50127125
0.01907449,-0.53158426
0.028441709,-0.400635
0.024149594,-0.5250704
0.023841957,-0.47858047
0.021861469,-0.5607345
0.024982059,-0.45832658
0.022149084,-0.3654542
0.028486663,-0.38270283
0.093549802,0.54745257
0.07058518,0.45992184
0.046160723,0.3488574
0.069954046,0.46208835
0.055117853,0.34646416
0.061389952,0.33408737
0.040581627,0.12585902
0.051686612,0.2297318
0.040466128,0.24541855
0.030209536,0.006616354
0.032000945,0.12780285
0.034435685,0.23716283
0.02294166,0.013907671
0.028324922,0.12585068
0.021683665,0.017783165
0.023884043,-0.12569356
0.032313438,-0.26711988
0.018567873,-0.10437369
0.023659962,-0.24990988
0.016285557,-0.23267484
0.021151609,-0.11619878
0.159538505,0.59798896
0.125080552,0.5985863
0.094212938,0.5622158
0.140563457,0.60277915
0.113284323,0.5789423
0.120187138,0.5898335
0.083565686,0.5130272
0.064526692,0.44231558
0.093531538,0.53306305
0.154646563,0.60017383
0.122439129,0.6021892
0.104710476,0.5897262
0.171336385,0.5909759
0.14211524,0.6025729
0.18470237,0.57722306
0.688975847,-0.22226167
0.68246041,-0.19456574
0.725114896,-0.2732552
0.499200326,0.048443183
0.514335915,0.024814993
0.527100848,-0.0013653163
0.465131919,0.106415376
0.474181479,0.08498387
0.430610113,0.17142081
0.419389793,0.19617558
0.407166638,0.22076708
0.449104352,0.1330597
0.388092224,0.262472
0.346954567,0.35809648
0.298869833,0.4534173
0.380125529,0.28505725
0.340510994,0.37923437
0.367353839,0.3094044
0.27427807,0.49159646
0.233369131,0.52789223
0.302151399,0.42345357
0.200895012,0.57337976
0.219813417,0.55189157
0.251027012,0.5219476
0.539259645,-0.0148797445
0.58039706,-0.0711579
0.620446898,-0.1217034
0.591844935,-0.0935529
0.637426529,-0.14633836
0.649454037,-0.17276347
0.580879192,-0.08126429
0.516522182,0.0036340547
0.476076703,0.087215364
0.550993817,-0.057952724
0.507412775,0.021928877
0.545261127,-0.036546018
0.458585556,0.11734407
0.443352658,0.1451965
0.48962634,0.054861292
0.517815163,0.022452101
0.490973146,0.05629105
0.549825833,-0.03205695
0.729761478,-0.301747
0.713713226,-0.27651396
0.747665277,-0.34195745
0.015262639,-1.357413
0.017214843,-1.3706887
0.013322766,-1.4093645
0.024956284,-1.3406324
0.022099866,-1.3236096
0.01661854,-1.3053057
0.031830976,-1.2996731
0.025171945,-1.2784915
0.035701766,-1.2606301
0.014172327,-1.2103136
0.024917931,-1.2365863
0.015768013,-1.2566421
0.016706197,-1.1592448
0.023167605,-1.1457138
0.036870044,-1.136383
0.022020343,-1.1905758
0.032250068,-1.1774919
0.033956856,-1.2184534
0.027004865,-1.114413
0.042937835,-1.0680296
0.033805688,-1.1046951
0.055302111,-1.0051496
0.056869067,-0.98674774
0.049124545,-0.96986246
0.05003049,-1.0484233
0.05160668,-1.031064
0.047233088,-1.0864975
0.064071519,-0.8972218
0.058895518,-0.93446183
0.060061552,-0.95265794
0.070570022,-0.8515582
0.068143406,-0.8082969
0.056250757,-0.8922851
0.050343787,-0.7817352
0.049168623,-0.7405019
0.069661645,-0.70559144
0.026800618,-0.82993865
0.043529692,-0.7848401
0.019388961,-0.84193945
0.030970685,-0.9342718
0.042001418,-0.8616319
0.02025143,-0.8917694
0.061052071,-0.72364664
0.045135395,-0.7806761
0.074427955,-0.7351713
0.022737696,-0.5810528
0.024867476,-0.7027457
0.024712523,-0.79178095
0.029357527,-0.62617135
0.046720285,-0.7229786
0.035513085,-0.657357
0.021790875,-0.37828183
0.016561451,-0.49962378
0.021204571,-0.60361814
0.023073411,-0.38408184
0.020102425,-0.5004327
0.027774744,-0.39174223
0.02065304,-0.44258022
0.022184128,-0.51022434
0.02010706,-0.56256413
0.026949492,-0.25939536
0.020709637,-0.12314129
0.018724817,0.009943485
0.015111836,-0.12765265
0.0126,-0.006139517
0.012911074,-0.026970863
0.023695896,-0.24762177
0.022253735,-0.25201607
0.017513462,-0.13023043
0.064172714,0.49972558
0.052782585,0.4200642
0.04573717,0.33344007
0.063475943,0.4369576
0.052815043,0.35185003
0.04883359,0.35751057
0.029512599,0.15043402
0.039756772,0.2536323
0.041870493,0.25410104
0.019660984,0.12233043
0.027316338,0.20790601
0.013035574,0.08816671
0.122875758,0.60156906
0.092174882,0.58586717
0.069176093,0.554739
0.092256365,0.5885947
0.066097279,0.55993676
0.078920423,0.56243753
0.045649838,0.49335194
0.041328045,0.41746712
0.053040175,0.49864316
0.160057377,0.60035026
0.203656942,0.5738243
0.247667337,0.52222776
0.163971472,0.600963
0.199987502,0.57559764
0.153187269,0.6018387
0.128513854,0.60122275
0.134605534,0.60035944
0.10229942,0.5841317
0.672336521,-0.20812914
0.688936927,-0.23320547
0.703330281,-0.25855908
0.635815497,-0.16079448
0.651663473,-0.18517816
0.592812033,-0.10780509
0.569935083,-0.07406809
0.549079309,-0.043117292
0.612210107,-0.12599425
0.435752541,0.1185655
0.470661445,0.06847924
0.507199012,0.024137076
0.482619259,0.04292585
0.515539199,-0.0029236986
0.536796317,-0.03297486
0.422327418,0.19639707
0.363784801,0.3102535
0.304511561,0.42404735
0.409887812,0.22090995
0.353533844,0.32966483
0.397344137,0.2445285
0.296178451,0.44091558
0.348611854,0.3429476
0.298357644,0.43113273
0.193256449,0.5733788
0.246749731,0.5150583
0.245795107,0.51068
0.481829665,0.0741082
0.429411938,0.16613176
0.384236695,0.25974014
0.465256128,0.10655302
0.419182829,0.19330403
0.452012554,0.13599607
0.358349029,0.31935728
0.331457041,0.37373394
0.391545798,0.25397685
0.416425704,0.16990438
0.400666003,0.21674329
0.450900826,0.11928795
0.702095101,-0.28686857
0.661225808,-0.24223718
0.619210631,-0.19045073
0.662841751,-0.21403563
0.619815784,-0.16310379
0.610384971,-0.13501604
0.693589134,-0.32379282
0.656546401,-0.2615508
0.733844712,-0.363316
0.698393189,-0.30676842
0.737154575,-0.34598303
0.761587416,-0.40037698
0.013932363,-1.4036596
0.013373576,-1.4309773
0.015152395,-1.3944881
0.013378693,-1.3799891
0.015485041,-1.3724086
0.020383763,-1.3607745
0.014890214,-1.3490384
0.019591299,-1.3409371
0.015125306,-1.3151157
0.02891601,-1.3233297
0.037851026,-1.286418
0.02558524,-1.3051012
0.044900546,-1.2433443
0.050199583,-1.2142985
0.058367715,-1.1608806
0.038002577,-1.260169
0.044623195,-1.2150869
0.026386795,-1.2667549
0.046391165,-1.2046349
0.044797095,-1.1660333
0.052599192,-1.1750977
0.046304922,-1.1157084
0.042828831,-1.0756073
0.031365674,-1.008806
0.048439215,-1.1270659
0.04670588,-1.0619838
0.053596416,-1.1118541
0.049092744,-1.0680673
0.039325886,-1.014622
0.033134824,-1.03069
0.022795803,-0.9645388
0.015918942,-0.9009063
0.017702877,-0.95767283
0.016979296,-0.5886028
0.013670877,-0.601382
0.015138861,-0.6208837
0.016816254,-0.72093725
0.014055075,-0.742764
0.012663345,-0.8234811
0.017995832,-0.77387285
0.020560488,-0.90603447
0.013583181,-0.8645756
0.018448563,-0.4595046
0.016084096,-0.3401909
0.015827028,-0.2353425
0.013732176,-0.4633305
0.012618025,-0.3435037
0.0126706,-0.4735284
0.021764523,-0.38963842
0.026515684,-0.325073
0.022583372,-0.27690744
0.026726473,-0.2019763
0.017577236,-0.09647131
0.021870291,-0.16380954
0.024634873,0.05903077
0.042079276,0.16411257
0.05275051,0.27873015
0.069993372,0.12351489
0.084826615,0.22280431
0.065084762,0.17543387
0.083265375,0.11366391
0.099417139,0.058009386
0.093490122,0.0044009686
0.061186252,0.057340622
0.052091927,-0.0051412582
0.01769698,-0.013887167
0.015701294,-0.13747478
0.01642302,-0.07583976
0.049158473,-0.0594244
0.070461488,0.52398694
0.097973737,0.5603868
0.110773961,0.5868168
0.067315603,0.48467183
0.07893121,0.52589667
0.050972372,0.43872213
0.041329334,0.45623207
0.051066131,0.41329288
0.040279031,0.37976837
0.032401525,0.3429265
0.04497166,0.253927
0.063305211,0.3152206
0.123499188,0.60177517
0.123200982,0.60303867
0.138346572,0.6028328
0.170678181,0.5859078
0.179827509,0.5793371
0.236782899,0.5198187
0.078775941,0.5715804
0.06239558,0.51261854
0.09590127,0.5804212
0.024536562,0.27207327
0.018164792,0.24043655
0.030515567,0.20864582
0.019961695,0.31563354
0.022927322,0.2853942
0.027043574,0.3735957
0.547920263,-0.048025705
0.566066711,-0.07349775
0.573118715,-0.099917755
0.504510292,0.0199699
0.520603537,-0.0029399442
0.46289053,0.09615472
0.441418093,0.11220278
0.491019408,0.032044113
0.453094587,0.10475838
0.393669901,0.20491594
0.362935338,0.29467857
0.330282418,0.38365096
0.37881,0.25365642
0.342680265,0.33956236
0.361271702,0.2976514
0.401263999,0.20305666
0.408739998,0.20016727
0.366717248,0.2968058
0.321903739,0.38086182
0.256842612,0.49380863
0.198948001,0.57546616
0.294431269,0.4324301
0.226761061,0.5314685
0.266507734,0.47793484
0.150232929,0.6022761
0.196742228,0.56326103
0.175158774,0.5938319
0.283934454,0.46594095
0.236945428,0.53062654
0.300353833,0.42328256
0.479127203,0.016568577
0.480222245,0.042654514
0.477737289,0.06990979
0.528154683,-0.061731085
0.528133633,-0.032739233
0.575657262,-0.13068984
0.690194065,-0.34675556
0.645636844,-0.30679718
0.655120872,-0.29033446
0.610015186,-0.24618241
0.617528048,-0.2235581
0.520024478,-0.08908266
0.570561192,-0.16164167
0.561891877,-0.1809378
0.710308878,-0.3873769
0.012650954,-1.3932261
0.012723067,-1.3652856
0.0126,-1.332283
0.0126,-1.3707178
0.0126,-1.3418493
0.012600375,-1.4037781
0.01444466,-1.2691765
0.015719894,-1.1978042
0.012917371,-1.1061158
0.0126,-1.2797141
0.012757101,-1.2047398
0.012617013,-1.2833183
0.027720588,-1.2105205
0.048182155,-1.1474924
0.023291973,-1.1272426
0.05081697,-1.0440307
0.028822447,-0.8869109
0.018494629,-0.705879
0.030610819,-1.010277
0.014274833,-0.8453846
0.013777544,-0.9794395
0.052258839,-0.990638
0.040125018,-0.936955
0.033083107,-0.8259318
0.028730602,-0.79940486
0.022484997,-0.6411772
0.028370649,-0.67039895
0.017240012,-0.21205735
0.018888306,-0.3561573
0.023931191,-0.5300369
0.014143068,-0.33056164
0.023421572,-0.49295235
0.015177621,-0.46934652
0.0126,-0.3320334
0.014543859,-0.22152543
0.020230589,-0.2134757
0.035797062,-0.12806034
0.074202721,-0.052609205
0.043028589,-0.12004018
0.088872314,0.060086727
0.071991008,0.10824275
0.046025462,0.16075444
0.060034396,0.110720634
0.039143318,0.15495706
0.058972163,0.15921402
0.032499879,0.22794914
0.046246005,0.19093704
0.025311897,0.19439983
0.060782014,0.05301547
0.078328849,0.031148195
0.093455303,0.01535964
0.062430203,0.09042716
0.072566177,0.07165074
0.056147317,0.12444663
0.053302728,-0.01846075
0.032353267,-0.104925394
0.074215962,-0.037099123
0.102258321,0.57892513
0.081736524,0.53353035
0.050110732,0.48023415
0.056302357,0.5234797
0.044580328,0.4649999
0.041725493,0.45252013
0.131447115,0.5938451
0.147192772,0.6020682
0.100380012,0.55871093
0.031204498,0.3374536
0.026162396,0.3891573
0.032497358,0.40745735
0.038940952,0.27804804
0.048473176,0.3392973
0.046011106,0.40510392
0.057636209,0.29096222
0.068989869,0.34858656
0.063638415,0.3106959
0.050527987,0.24074817
0.062527807,0.26023006
0.065652003,0.20989895
0.421660212,0.14375983
0.367954183,0.26887485
0.318458303,0.38286757
0.423249216,0.16647017
0.370142278,0.2866289
0.416477051,0.18893471
0.372516067,0.2927776
0.331361196,0.38475078
0.335155613,0.3853656
0.273939611,0.49861443
0.274354378,0.50252277
0.263392898,0.5045835
0.212209527,0.57731867
0.212130622,0.57963645
0.151876691,0.60309446
0.181942813,0.59185326
0.224805666,0.55718815
0.166382836,0.6007621
0.126252092,0.5948994
0.105042489,0.5835643
0.077757272,0.5378717
0.435890414,0.071263604
0.476210793,-0.033747017
0.517010796,-0.12455778
0.389797066,0.13813564
0.43032066,0.03691782
0.340354305,0.21546203
0.379148235,0.20174885
0.333863203,0.26751608
0.327028772,0.32576817
0.360219633,0.15174067
0.461389916,-0.022841651
0.545402776,-0.17154086
0.382319006,0.11158095
0.494742562,-0.05250811
0.587441427,-0.20447466
0.012630294,-1.2749357
0.013406656,-1.2122529
0.014536712,-1.1247826
0.01314342,-1.1943846
0.015025791,-1.128803
0.0126,-1.2575738
0.013859915,-0.9839344
0.013414937,-0.85970354
0.012675588,-0.7374778
0.015793148,-1.0078943
0.01393512,-0.8897164
0.015204615,-1.0131674
0.0126,-0.84322286
0.0126,-0.6948705
0.0126,-0.7075527
0.012754919,-0.534076
0.014550075,-0.5015538
0.014579179,-0.4932673
0.025351506,-0.3116176
0.028581327,-0.29098845
0.042030057,-0.10071421
0.018425933,-0.16465116
0.039358516,-0.12564993
0.015627198,-0.31618023
0.047876005,0.03553915
0.044767413,-0.008789778
0.031975676,-0.05513692
0.042314896,0.122933865
0.032097454,0.19295931
0.083700174,0.26142335
0.029173367,0.11681819
0.028194426,0.19458055
0.024472715,0.08068895
0.043351347,0.15238857
0.055892537,0.1798861
0.044712989,0.21576357
0.066628722,0.23238873
0.057538775,0.2835586
0.082104493,0.26986384
0.025945736,0.3920486
0.064008364,0.35275483
0.115518322,0.31009054
0.032597258,0.36128783
0.068775567,0.31634307
0.050843016,0.33317065
0.080965637,0.57711613
0.053104871,0.5283654
0.061518466,0.48524737
0.057005373,0.5281365
0.052822294,0.47261763
0.04359913,0.46917677
0.063230322,0.3701718
0.062697096,0.41044092
0.055711513,0.42899132
0.031430513,0.41392374
0.042327172,0.39036655
0.051951745,0.4444661
0.249595303,0.4848311
0.2519338,0.4433962
0.252939129,0.40197724
0.179398531,0.5597452
0.179353055,0.53547037
0.111211014,0.5974746
0.199828354,0.5703013
0.130765592,0.6004847
0.150748606,0.6025661
0.067216433,0.5854988
0.05985083,0.5921421
0.057835548,0.5444379
0.249047095,0.35680574
0.251486364,0.31489283
0.26773348,0.2920015
0.176505719,0.48182827
0.174103371,0.4626525
0.116876967,0.56859624
0.18112483,0.50376743
0.121259914,0.573313
0.115801071,0.5855204
0.129160217,0.5658488
0.218127515,0.45656365
0.354565174,0.28768912
0.178773225,0.57080317
0.305445799,0.4616757
0.459755873,0.27235892
0.0126,-0.86308646
0.013150152,-0.9849837
0.013861139,-0.78364015
0.013107196,-0.9000144
0.014570355,-0.78285384
0.012633327,-0.9382868
0.078058924,0.47014332
0.064422086,0.45000553
0.037258751,0.42365956
0.068355868,0.4697702
0.048948407,0.4441421
0.064132519,0.47335172
0.017521385,-0.6532347
0.026901313,-0.6656201
0.021846606,-0.62789965
0.026804024,-0.5413232
0.036018923,-0.5143862
0.027839729,-0.39521575
0.017018193,-0.4165418
0.018019829,-0.18270063
0.02280757,-0.29986334
0.044035475,-0.20045066
0.037238634,-0.076864004
0.018376608,0.019881487
0.068356874,0.009695053
0.067131939,0.12061334
0.08191887,0.193506
0.114136383,0.28697467
0.098661402,0.27289295
0.055881326,0.18724465
0.055709483,0.41935778
0.036848856,0.3777945
0.067556703,0.3061998
0.044468737,0.38485742
0.078950467,0.34366703
0.114977543,0.3294468
0.031982655,0.40714312
0.044780236,0.4193728
0.061490239,0.37183595
0.058824837,0.43460083
0.090265832,0.45510697
0.078415529,0.4402218
0.069582735,0.5990778
0.073263069,0.60248184
0.072711638,0.6030289
0.078756826,0.57411015
0.054691951,0.5784147
0.067671161,0.5388417
0.077929752,0.5644717
0.0917488,0.53642666
0.077155139,0.5167544
0.067725771,0.4935851
0.077507976,0.50340724
0.07563644,0.51611304
0.123685391,0.6015754
0.053507963,0.5564517
0.029961734,0.47945738
0.095887029,0.60287404
0.053278958,0.5701759
0.078803175,0.6030574
0.04845982,0.57989025
0.041390769,0.5118134
0.043794669,0.53531075
0.026876294,0.46358132
0.087235465,0.55164135
0.20065205,0.6017897
0.062313123,0.4692886
0.155864737,0.5609927
0.275444681,0.6030946
0.012876657,-0.42193818
0.0126,-0.415097
0.014401707,-0.5276363
0.0126,-0.49662256
0.012601623,-0.6120174
0.0126,-0.5707722
0.074647855,0.4734404
0.054286973,0.48685193
0.061462494,0.4983647
0.049310282,0.4600358
0.038568067,0.46278024
0.034582225,0.4207096
0.099182802,0.45812106
0.073201697,0.4393773
0.09335146,0.43845463
0.0126,-0.32397556
0.0126,-0.31537843
0.028007347,-0.28446364
0.013414742,-0.23520422
0.0313634,-0.1941309
0.022846558,-0.13313174
0.070961308,0.078576565
0.049004083,-0.04441309
0.053104514,-0.10786843
0.023629599,-0.021813631
0.057820521,0.100897074
0.078263062,0.23026204
0.04182264,0.09438324
0.069565946,0.23322201
0.059667167,0.20529222
0.077956877,0.39522362
0.079970822,0.3218689
0.06333242,0.33033085
0.088592402,0.3962872
0.066765694,0.37531996
0.072051693,0.30424523
0.046833442,0.38076854
0.035029745,0.30244374
0.023521567,0.23535109
0.053765056,0.4347396
0.03733318,0.37062
0.056470238,0.4806509
0.033259838,0.36998916
0.038332785,0.4280131
0.030817701,0.30074596
0.036309817,0.25336456
0.042411686,0.3133366
0.032894422,0.38693118
0.051061447,0.3185284
0.045889818,0.38541985
0.065084035,0.3982525
0.024327343,0.22859287
0.018674009,0.21950078
0.038738869,0.29378676
0.047748381,0.4141047
0.032783636,0.33917475
0.046772038,0.3260002
0.029713795,0.2641065
0.038534331,0.25631475
0.034953852,0.4226811
0.012676072,-0.18375874
0.014127139,-0.22196913
0.0126,-0.2608769
0.01260348,-0.28635287
0.0126,-0.33244848
0.0126,-0.35002804
0.053832262,0.08371234
0.046656278,0.12442112
0.048894235,0.16861606
0.093417045,0.19626331
0.06863179,0.2553861
0.070476645,0.3246491
0.079869243,0.2538979
0.060791681,0.18758798
0.095402574,0.13698792
0.018308222,-0.2021308
0.01685653,-0.15671086
0.013264196,-0.10154772
0.022356839,-0.14502311
0.015112968,-0.08906174
0.021992338,-0.08806205
0.035065956,0.07518411
0.019353036,-0.021013498
0.017064062,-0.014397144
0.023664429,0.025661469
0.023752761,-0.03137517
0.029874955,0.05037594
0.068785651,0.04436302
0.091041212,0.048051834
0.07643264,0.060897112
0.058384449,0.09274292
0.079238887,0.10782266
0.042286311,0.15546823
0.029769357,0.10619092
0.014625118,0.1281538
0.021629612,0.16539931
0.022114147,0.14811611
0.01577451,0.174855
0.021930877,0.19596004
0.03828534,0.06314993
0.031133914,0.10853577
0.02301291,0.0839293
0.020016528,0.14413619
0.02345606,0.16936159
0.027553084,0.2058022
0.015160107,0.18191266
0.02341538,0.21187258
0.023613588,0.22590256
0.041343577,0.11615515
0.026694566,0.1576786
0.033904159,0.12840247
0.024584476,0.16002059
0.028719797,0.198987
0.058016968,0.24512649
0.048131067,0.1804049
0.048173497,0.22096467
0.094661158,0.2592938
0.030828055,-0.14097142
0.039643962,-0.18730903
0.028832578,-0.19234204
0.036482911,-0.23628688
0.021943626,-0.2445004
0.026016828,-0.28756714
0.052340669,-0.17976046
0.04198032,-0.13697743
0.030139478,-0.08824515
0.047593925,-0.13095355
0.033171871,-0.087679625
0.035848125,-0.08278656
0.059183933,0.008656263
0.058384877,-0.04192114
0.033689229,-0.039222717
0.089790077,0.0017142296
0.063303626,-0.040561914
0.096855847,0.0023508072
0.053024134,7.176399e-05
0.055213707,-0.02829361
0.05050553,-0.05589342
0.056852589,0.01217103
0.070444898,-0.014636517
0.060118556,0.026879072
0.036784494,0.04761672
0.037192761,0.06960082
0.046884882,0.034420013
0.027939521,0.108356
0.031403738,0.07479143
0.032578099,0.04234624
0.04612979,0.09192705
0.048469346,0.05733919
0.048959361,0.0788188
0.053145912,0.01151824
0.050569762,0.044644117
0.046447584,0.02558279
0.053586354,0.12120652
0.034625817,0.1251738
0.021389833,0.13247108
0.073816629,0.14763808
0.045282821,0.1519742
0.078526441,0.17526865
0.02450927,0.09320378
0.01945114,0.066957
0.018184952,0.0989604
0.081990011,0.14085388
0.102403538,0.16792369
0.104077359,0.1963563
0.103822746,0.16211247
0.125842035,0.18992329
0.130073736,0.21498036
0.028566006,-0.22222519
0.039734651,-0.17309523
0.033784535,-0.12453437
0.017262511,-0.20976114
0.018034325,-0.16008687
0.013347887,-0.25472116
0.014047424,-0.0641489
0.014415164,-0.105718136
0.0126,-0.14794469
0.026350922,-0.078540325
0.021967704,-0.11911607
0.039617564,-0.08478379
0.042237223,-0.024911165
0.024898899,-0.046091318
0.040997586,-0.05521655
0.037805387,-0.0101213455
0.030482281,0.007259369
0.02065976,-0.028140545
0.015384146,0.008267403
0.014574205,-0.016817808
0.013585911,-0.040992737
0.017589008,0.018380642
0.020093202,-0.005429983
0.02311995,0.029533625
0.032276355,0.07053852
0.019849474,0.05878043
0.021057779,0.049165726
0.036219418,0.08724141
0.022391023,0.07586193
0.045900538,0.10406089
0.022017442,0.028973341
0.015717656,0.038541317
0.027887847,0.049709797
0.060723907,0.12668681
0.064999732,0.12397027
0.0638238,0.12199259
0.076346799,0.14575648
0.084503243,0.14287472
0.09729532,0.1650691
0.042191636,0.08865309
0.050411978,0.10525727
0.051195403,0.107372284
0.062890852,0.14317036
0.084001677,0.1625452
0.106110347,0.1822002
0.070256239,0.1601243
0.093612524,0.17983627
0.111832738,0.19777226
0.0126,-0.14883614
0.0126,-0.17144012
0.0126,-0.10411525
0.0126,-0.1275878
0.0126,-0.08455801
0.0126,-0.18759298
0.019402165,-0.03511381
0.014172838,-0.064237595
0.0126,-0.09378886
0.012611952,-0.04676485
0.0126,-0.0752449
0.0126,-0.056732893
0.019628778,-0.00596714
0.020528545,-0.02038455
0.012787372,-0.031743288
0.05012515,0.034288406
0.038646211,0.011212826
0.027624827,-0.011907101
0.040205221,0.025090933
0.030065664,0.0023810863
0.02806693,0.016366959
0.033422623,0.037454367
0.038030617,0.05858326
0.046045832,0.046548843
0.05164179,0.08859968
0.049354869,0.08219528
0.041816056,0.076122284
0.049814989,0.10135913
0.04634068,0.094810486
0.050062301,0.11404085
0.0533775,0.07040882
0.055649505,0.05231619
0.049328379,0.06432414
0.046544704,0.13021898
0.051026201,0.12904882
0.052403178,0.12784123
0.05125411,0.14591861
0.054210384,0.14454961
0.061850351,0.16166759
0.050218117,0.10223079
0.04906006,0.11507034
0.047559564,0.11610651
0.062772551,0.15779924
0.048315732,0.14391208
0.076411944,0.17385316
0.061387244,0.15978289
0.077623648,0.17572117
0.093083818,0.18831682
0.017467148,-0.042666197
0.012971134,-0.050575256
0.0126,-0.07252002
0.0126,-0.08119106
0.0126,-0.10285163
0.0126,-0.11111188
0.027820432,0.013956547
0.01708002,-0.010021687
0.013135695,-0.034333467
0.029956361,-0.0028150082
0.016845139,-0.026516914
0.025158645,-0.019209146
0.046606485,0.02780652
0.040507415,0.021057129
0.036634841,0.004330635
0.049649784,0.08498359
0.045738282,0.09871483
0.043671573,0.1126616
0.045588513,0.08119607
0.040034589,0.09499645
0.037548448,0.07717943
0.033833854,0.03507471
0.046609845,0.041825056
0.052710259,0.048228502
0.036542222,0.056135893
0.047445107,0.06255174
0.05296876,0.06656456
0.069978636,0.1611464
0.062646502,0.15035057
0.055348789,0.14718008
0.048208572,0.13648605
0.042588673,0.1333909
0.037663015,0.11558175
0.035249122,0.11841154
0.03347243,0.09765363
0.082455028,0.16937542
0.013124526,-0.022480726
0.0126,-0.04082966
0.013962274,0.002343893
0.01406693,-0.016078234
0.018296834,0.008315086
0.0126,-0.042172432
0.013456429,0.0144991875
0.016007475,0.020574331
0.023127079,0.026291847
0.015629415,0.03292489
0.019778002,0.038752794
0.02657437,0.04766059
0.029421381,0.06899238
0.020863208,0.06038022
0.028182029,0.09497905
0.029863174,0.08606386
0.041287128,0.11591172
0.028686335,0.10677791
0.047797756,0.1277678
0.02949085,0.08635926
0.021684449,0.06883979
0.024056191,0.077677965
0.056740841,0.13367867
0.012917193,0.021706581
0.028442172,0.08313537
0.106859994,0.358284
0.088638263,0.35781026
0.076574221,0.3578155
0.06995441,0.35836673
0.068490558,0.3412783
0.059473409,0.3402841
0.053369227,0.33997416
0.045212522,0.32212806
0.03966338,0.32094502
0.035830753,0.30138135
0.187140167,0.39736295
0.165959489,0.39648747
0.142553316,0.39569926
0.121439526,0.39487267
0.187140167,0.38646293
0.141697878,0.38441586
0.114378058,0.3822782
0.151748715,0.37358952
0.109043571,0.3700738
0.082218101,0.24445367
0.066990881,0.18128991
0.051703905,0.10914159
0.035988989,0.030058146
0.071660202,0.24051023
0.050524572,0.17658353
0.033729382,0.10258937
0.048081159,0.23653364
0.029064646,0.17227674
0.02199478,0.23242664
0.055158953,0.13048601
0.040492134,0.04347849
0.024594505,-0.04879737
0.0126,-0.14208746
0.05524104,0.09705329
0.040785325,0.008038759
0.026929977,-0.08514452
0.048452777,0.06354356
0.034726307,-0.027136326
0.0126,-0.27868032
0.0126,-0.23432946
0.0126,-0.18855882
0.0126,-0.20880842
0.0126,-0.16262722
0.0126,-0.11579299
0.0126,-0.13565731
0.0126,-0.088513374
0.013394942,-0.060238123
0.014927331,-0.19270706
0.012888574,-0.25079727
0.012898376,-0.3056898
0.0126,-0.35715103
0.0126,-0.22218251
0.0126,-0.28194952
0.0126,-0.33818746
0.0126,-0.25083947
0.0126,-0.31214547
0.0126,0.24386215
0.01447254,0.25461316
0.022809797,0.27554035
0.0126,0.26880908
0.0153415,0.28304052
0.02464024,0.30508637
0.013451871,0.29498506
0.019036514,0.31178594
0.02260543,0.32199597
0.020220673,0.32016373
0.021279542,0.30919766
0.019071827,0.30065155
0.013884303,0.29219365
0.012660159,0.2930057
0.013594188,0.27952123
0.013461012,0.27068567
0.0126,0.2670822
0.0126,0.24938488
0.017951208,0.27838326
0.012986644,0.2983842
0.051253904,0.28708053
0.038188767,0.31589317
0.028548667,0.3191526
0.072524239,0.33037782
0.052636357,0.3428161
0.065283418,0.36309385
0.234492911,0.42764091
0.201647328,0.4276495
0.16710247,0.42859507
0.137198852,0.42993426
0.243409242,0.41898894
0.193751004,0.4183483
0.153946338,0.41807938
0.223996803,0.40916395
0.177051126,0.4072206
0.019806227,-0.22042155
0.01651284,-0.28471422
0.013589546,-0.3430307
0.012676756,-0.3953638
0.015977521,-0.26780057
0.014253373,-0.32991958
0.012739062,-0.38601232
0.013355744,-0.31338096
0.0126,-0.37327957
0.0126,-0.390265
0.0126,-0.3555231
0.013304426,-0.3194759
0.014453493,-0.2820785
0.0126,-0.38531375
0.012705239,-0.35132074
0.013300312,-0.3160975
0.012602661,-0.37968183
0.012741845,-0.34642005
0.0126,-0.37340474
0.078105197,0.46243978
0.105901293,0.4491551
0.169396233,0.4375577
0.089819844,0.45734477
0.131295375,0.4468689
0.196976782,0.43792582
0.108133202,0.45531988
0.156331256,0.44744587
0.126705574,0.4567287
0.014093567,-0.24137259
0.0126,-0.3043847
0.0126,-0.3594787
0.0126,-0.40716362
0.013945431,-0.29516745
0.0126,-0.35564852
0.0126,-0.40828943
0.012988016,-0.34648776
0.0126,-0.40443778
0.0126,-0.36521387
0.0126,-0.32128167
0.012645536,-0.27530026
0.0126,-0.4028654
0.0126,-0.36211967
0.0126,-0.3195176
0.0126,-0.39723015
0.0126,-0.3576498
0.0126,-0.3349924
0.0126,-0.3504231
0.0126,-0.36328316
0.012602963,-0.31341338
0.012621827,-0.32705665
0.012636354,-0.33790803
0.012801633,-0.28949952
0.013006274,-0.3011217
0.013820866,-0.26299906
0.095453851,0.4852593
0.084935064,0.4736836
0.087908997,0.4641857
0.079006093,0.48242545
0.070515793,0.47447753
0.075019014,0.46845913
0.066650379,0.4848125
0.05612561,0.48009086
0.076991242,0.49136853
0.0126,-0.27119613
0.0126,-0.29252076
0.0126,-0.3138349
0.0126,-0.25193977
0.0126,-0.27276373
0.0126,-0.29349875
0.0126,-0.23034477
0.0126,-0.2505455
0.0126,-0.2060988
0.045494789,0.50951576
0.068539942,0.5004442
0.116881107,0.49445605
0.095444043,0.50931454
0.140142291,0.5048089
0.163433321,0.5029776
0.111723903,0.5141518
0.156048052,0.51339936
0.135578136,0.5221523
0.0126,-0.12764525
0.0126,-0.14923811
0.0126,-0.16809702
0.0126,-0.18468428
0.0126,-0.17675066
0.0126,-0.19639826
0.0126,-0.21346045
0.0126,-0.22460938
0.0126,-0.24246597
0.0126,-0.03805375
0.0126,-0.05842161
0.0126,-0.076643705
0.0126,-0.093290806
0.0126,-0.08805609
0.0126,-0.106211185
0.0126,-0.12236667
0.0126,-0.13693547
0.0126,-0.1530459
0.01720861,0.020489931
0.014781557,0.0016262531
0.01284169,-0.016425133
0.012636538,-0.033966064
0.013173311,-0.017991543
0.012640855,-0.03486991
0.012636835,-0.051051855
0.0126,-0.055913925
0.0126,-0.070920944
0.083893337,0.52864337
0.097148914,0.5235636
0.123328928,0.52147293
0.111365525,0.52811456
0.114250463,0.52706206
0.106007077,0.52858746
0.148725265,0.5293896
0.124004013,0.5318322
0.166126412,0.5306761
0.012767703,0.045297146
0.0126,0.027245522
0.0126,0.009488344
0.0126,-0.008081675
0.012798808,0.018684864
0.0126,0.0017940998
0.0126,-0.014847517
0.012628889,-0.007731676
0.0126,-0.023503542
0.020701362,0.049292564
0.019793594,0.035941362
0.018702473,0.02247262
0.021874083,0.008844137
0.013206281,0.029956818
0.0126,0.016311646
0.0126,0.002557993
0.0126,0.01083684
0.0126,-0.003075838
0.151669584,0.5280657
0.148156803,0.52633476
0.16308599,0.5272616
0.123578193,0.51616716
0.156144595,0.51868105
0.169987434,0.52352905
0.087997559,0.5014713
0.137760303,0.50868344
0.054053241,0.48535442
0.025447676,0.03306508
0.037897059,0.05793023
0.050403649,0.08347821
0.021874083,0.015338182
0.033930111,0.039388895
0.047106176,0.064082146
0.030714953,0.020384789
0.03800971,0.044270515
0.030714953,0.02396369
0.088420625,0.46148872
0.072250725,0.46753
0.064134937,0.47545266
0.060243357,0.4279592
0.07953715,0.4409175
0.090345428,0.45550632
0.038911656,0.40496373
0.090345428,0.42497373
0.0126,0.40127516
0.036968022,0.031209946
0.036968022,0.03027296
0.030926067,0.027879477
0.054738987,0.061607838
0.048328837,0.05886054
0.044070918,0.054687977
0.072918632,0.09097886
0.066045942,0.08648372
0.089747254,0.11942935
0.036581571,0.3327906
0.016290856,0.3541515
0.01265813,0.37695336
0.019952011,0.33409905
0.0126,0.36121893
0.0126,0.39004254
0.033833201,0.36099887
0.029644298,0.39340377
0.044500557,0.4105947
0.10281811,0.14873266
0.086442514,0.10546303
0.067982962,0.060144663
0.044996918,0.012711287
0.10260994,0.10764527
0.082145122,0.06654191
0.0614915,0.023396969
0.070944698,0.06852031
0.051570638,0.029548883
0.176869362,0.5942824
0.188039146,0.60042644
0.190360137,0.6030797
0.191942614,0.60085046
0.19879866,0.59855855
0.198647885,0.58951783
0.198061815,0.57440877
0.246932133,0.5393647
0.25857492,0.5105667
0.317148273,0.40329456
0.061618809,0.31840515
0.042198434,0.34715772
0.046580203,0.37801886
0.078756233,0.3730781
0.044015452,0.4054854
0.045022364,0.4395256
0.131538612,0.44380474
0.098868765,0.47803998
0.179189081,0.5231856
0.198828325,0.43741417
0.208291322,0.4651792
0.225420916,0.49417138
0.19557475,0.513746
0.20398101,0.5390308
0.217492748,0.563025
0.185745139,0.58074486
0.188418887,0.5947552
0.249431347,0.4912128
0.27568168,0.46507853
0.299887869,0.4357046
0.318226378,0.36689317
0.341138813,0.33201987
0.371523345,0.29517418
0.399356895,0.20519358
0.43635202,0.16706082
0.501105747,0.02578419
0.501105747,-0.08934124
0.568043054,-0.19342193
0.584331254,-0.28316832
0.455994723,0.07428234
0.503841503,-0.039461646
0.543590857,-0.14395033
0.434605842,0.1235072
0.480204556,0.01248553
0.412863943,0.17279994
0.030882985,0.15400243
0.023402244,0.080298424
0.015474408,0.002172947
0.0126,-0.07986474
0.04002467,0.103377104
0.026029848,0.03194642
0.0126,-0.043598652
0.045454411,0.056388855
0.028465299,-0.012546539
0.584331254,-0.3631518
0.612280593,-0.43054914
0.650480371,-0.48406458
0.549959619,-0.20377049
0.57005501,-0.29346186
0.592310756,-0.3709244
0.513107028,-0.114602044
0.534337124,-0.212661
0.472768601,-0.018021666
0.042529259,0.13357425
0.019687506,0.016104937
0.01497153,-0.10830283
0.0126,-0.2368555
0.020733749,0.053736925
0.012734242,-0.06006217
0.0126,-0.1792736
0.012799035,-0.017154455
0.0126,-0.12647772
0.695595372,-0.5365448
0.743833703,-0.5677265
0.788039091,-0.585212
0.609608346,-0.42257816
0.656600563,-0.48684752
0.705689117,-0.5277834
0.568890679,-0.34301835
0.619083335,-0.41772282
0.530346867,-0.24581951
0.0126,-0.44066715
0.018199151,-0.3534763
0.042795165,-0.25224137
0.072697733,-0.1356647
0.0126,-0.4975319
0.021910193,-0.40404534
0.04494839,-0.29490852
0.0126,-0.55261254
0.015216965,-0.4521258
0.0126,-0.6059394
0.034070128,0.026623964
0.018477545,-0.12768483
0.0126,-0.2848246
0.02925292,-0.07467604
0.013510878,-0.22115684
0.0126,-0.36840892
0.017104385,-0.16207266
0.0126,-0.300138
0.803817321,-0.603081
0.768624352,-0.5818895
0.703399332,-0.51300967
0.626699956,-0.38576084
0.802016976,-0.6016488
0.759929321,-0.5691377
0.68927256,-0.48296964
0.794270119,-0.5967802
0.751907657,-0.5480592
0.012615894,-0.5227835
0.013359668,-0.42809677
0.014530765,-0.32090592
0.0126,-0.6563847
0.0126,-0.571327
0.0126,-0.47467494
0.0126,-0.71020436
0.0126,-0.6237469
0.0126,-0.7684262
0.663248561,-0.44450015
0.721310115,-0.53732145
0.772851169,-0.58760047
0.723785065,-0.5508708
0.779940898,-0.5943018
0.802247085,-0.6022171
0.781018865,-0.5986433
0.807699007,-0.5993048
0.801992817,-0.59452116
0.698202025,-0.53021383
0.74357066,-0.5827137
0.788117307,-0.6026298
0.743557359,-0.5867784
0.789658384,-0.6030991
0.797916533,-0.58880913
0.793991285,-0.6027421
0.803759809,-0.58173466
0.816634937,-0.5734421
0.83114194,-0.5666635
0.824232695,-0.55961597
0.828779558,-0.55270576
0.80935818,-0.6003727
0.820908562,-0.59871376
0.818036373,-0.5967872
0.778180216,-0.5978874
0.795343237,-0.59902155
0.741533552,-0.56360793
0.0126,-0.906126
0.0126,-0.8629024
0.0126,-0.8172617
0.0126,-0.7601645
0.0126,-0.7207513
0.0126,-0.6780834
0.0126,-0.61258054
0.0126,-0.57661605
0.0126,-0.46307778
0.838592646,-0.5400703
0.836118008,-0.5864078
0.817056058,-0.6030977
0.789788888,-0.5861008
0.841000879,-0.5437962
0.83052664,-0.58843744
0.810477962,-0.60305095
0.828779558,-0.54814184
0.824046807,-0.59043217
0.014230271,-0.5762303
0.012972581,-0.75538135
0.012655076,-0.9352312
0.012636752,-1.1123974
0.0126,-0.6984458
0.0126,-0.86361957
0.0126,-1.0294425
0.0126,-0.807925
0.0126,-0.96037173
0.838155368,-0.5323732
0.838282281,-0.5252588
0.844982582,-0.5199361
0.835409595,-0.5784217
0.835943706,-0.5726366
0.839761442,-0.5666095
0.831073348,-0.60028386
0.834803895,-0.5979717
0.827471514,-0.5996381
0.01261884,-1.3059762
0.012665003,-1.2639403
0.012668915,-1.1956334
0.012791326,-1.1472025
0.012827977,-1.0866041
0.012755213,-1.0082049
0.012984162,-0.95747566
0.013213858,-0.8885565
0.022636999,-0.75114036
0.807237323,-0.6030613
0.83837093,-0.59200716
0.843436056,-0.56153727
0.821098314,-0.5928794
0.844262515,-0.56250703
0.848834978,-0.5216954
0.827399151,-0.5704678
0.848834978,-0.53347707
0.836810058,-0.55233693
0.01280913,-0.9152982
0.01263299,-1.0370097
0.012603416,-1.13852
0.0126,-1.2222967
0.012715674,-1.0673828
0.012636304,-1.1858668
0.0126,-1.2802691
0.012695464,-1.1973672
0.012604254,-1.3083923
0.8146632,-0.5786483
0.793587329,-0.59761965
0.771090695,-0.60280645
0.796308037,-0.59443283
0.771627039,-0.6023028
0.748411637,-0.6005224
0.751072627,-0.59310865
0.716018437,-0.5756432
0.677601643,-0.49024963
0.01317982,-0.57322025
0.012935894,-0.6755159
0.01312721,-0.7834904
0.013463745,-0.9015794
0.0126,-0.8159342
0.0126,-0.9159908
0.0126,-1.0130792
0.0126,-1.0373073
0.0126,-1.1259007
0.526612218,-0.16512492
0.653232481,-0.44938576
0.72364787,-0.5754888
0.62692185,-0.35600132
0.72260441,-0.52570415
0.755745685,-0.58519626
0.683616439,-0.4489684
0.726511197,-0.54088855
0.671571397,-0.47411418
0.037897657,0.010933876
0.018406739,-0.17003798
0.013560363,-0.3926947
0.0126,-0.6215658
0.019633747,-0.27774453
0.01545775,-0.4711864
0.013986347,-0.68447447
0.01479825,-0.59470415
0.014675892,-0.77565026
0.435602521,0.30249038
0.531944664,-0.03968356
0.61421602,-0.32992226
0.492629747,0.06501312
0.572908164,-0.20605505
0.623710938,-0.37887335
0.546836671,-0.14117107
0.562166737,-0.29889375
0.527090841,-0.23527306
0.065831745,0.30692244
0.055723845,0.051064968
0.049649817,-0.2390964
0.061609914,-0.52229357
0.032449897,0.03533554
0.026864785,-0.2539084
0.030072457,-0.5412755
0.016360043,-0.2841289
0.021820658,-0.5724008
0.389666498,0.21185073
0.468188344,0.016327355
0.528360538,-0.12259883
0.49466513,0.051468812
0.491879451,-0.0763046
0.490410059,-0.16185981
0.461616751,-0.023077816
0.518889363,-0.10359445
0.459289192,-0.07690849
0.080190234,0.3473792
0.035219668,0.06738448
0.022401141,-0.24255586
0.022714318,-0.5099261
0.070634573,0.083698034
0.02830435,-0.22567606
0.021701018,-0.5082238
0.061033264,-0.21836162
0.041391394,-0.5118761
0.379017071,0.34213525
0.454210228,0.15171053
0.421261193,0.004097742
0.43184553,0.25173485
0.385617098,0.06486755
0.442928358,-0.05924949
0.371731839,0.15647605
0.434456968,-0.016103644
0.426454522,0.067266785
0.035783497,0.25773287
0.022954558,-0.042745113
0.018247649,-0.32589173
0.0126,-0.5374706
0.028865422,0.0074617863
0.016240214,-0.29315305
0.0126,-0.52565575
0.023865933,-0.26287723
0.018916611,-0.5160322
0.349356259,0.50895786
0.404519794,0.38601816
0.332367506,0.22731161
0.353573955,0.45781118
0.344209887,0.31568056
0.390488429,0.1514971
0.336367537,0.40017903
0.334260025,0.2455219
0.259002321,0.34017825
0.057403738,0.048342705
0.020403621,-0.20052147
0.0126,-0.40697217
0.0126,-0.5617404
0.057065751,-0.15401506
0.020231768,-0.38685203
0.0126,-0.55887914
0.027551223,-0.35934758
0.012672639,-0.549433
0.220866976,0.5789032
0.233746537,0.52785873
0.267468007,0.44694304
0.193405893,0.5612103
0.225973585,0.49795234
0.259002321,0.40632963
0.202239471,0.53966105
0.252557712,0.4652688
0.270875545,0.51505965
0.015398051,-0.12811494
0.01355892,-0.27398086
0.016633038,-0.3936832
0.031567955,-0.4874134
0.012776365,-0.27929544
0.0126,-0.4209845
0.0126,-0.5311115
0.0126,-0.42842126
0.0126,-0.5541029
0.153955031,0.6012337
0.173187515,0.58741844
0.224249445,0.5589528
0.178783703,0.59703374
0.227774419,0.577755
0.27733192,0.5441835
0.237772199,0.59055924
0.284942344,0.5661272
0.288552625,0.58196855
0.029806873,-0.3655367
0.02915401,-0.23500109
0.042378248,-0.1015532
0.045415532,-0.43585896
0.043381116,-0.30724216
0.041734635,-0.1712892
0.093411847,-0.36739278
0.063151085,-0.23214436
0.112990718,-0.28546667
0.173696406,0.601537
0.208823429,0.6026912
0.249319864,0.5963839
0.203981932,0.60249174
0.247205043,0.6016288
0.288552625,0.59241354
0.237917482,0.6029916
0.288552625,0.59998655
0.241839804,0.6030892
0.047189387,-0.046035767
0.066705073,-0.13273478
0.098187332,-0.21285129
0.057067592,-0.02085638
0.070922325,-0.10493469
0.080977411,-0.1819861
0.064013451,0.004739523
0.070110906,-0.07574725
0.068774385,0.0309062
0.241839804,0.59929085
0.191993329,0.586398
0.14527067,0.56372714
0.218370377,0.5986316
0.193239368,0.58589816
0.167533598,0.5640905
0.169446379,0.58512735
0.147752313,0.564131
0.128589955,0.56382465
0.037471157,0.17349243
0.028773968,0.17984772
0.02738898,0.18585873
0.029227489,0.19149303
0.042122948,0.100949764
0.033889871,0.1054883
0.032160266,0.1097126
0.046357914,0.027458906
0.039913347,0.030344486
0.082619065,0.478328
0.113110145,0.51075554
0.143756612,0.539451
0.08317325,0.45841885
0.11361911,0.49324012
0.14527067,0.524531
0.081452349,0.4370861
0.084029714,0.47418737
0.084029714,0.414433
0.041110385,0.3394966
0.04316319,0.36546183
0.060711086,0.39046502
0.026442717,0.2920301
0.035171311,0.31780934
0.037899483,0.3427503
0.023963192,0.24250317
0.037899483,0.2678311
0.086770725,0.3721044
0.095434648,0.37083268
0.104828806,0.38427186
0.066414688,0.1727066
0.064401776,0.14105153
0.076020066,0.21090221
0.026690483,0.09762359
0.023223765,0.018564463
0.017905691,-0.061953545
0.034410207,0.10864568
0.031258004,0.030937433
0.043632355,0.11963558
0.015354067,-0.007070303
0.014664049,-0.034965754
0.01905754,0.045911074
0.014854848,-0.15026712
0.01301393,-0.17992115
0.013505321,-0.1059351
0.071057617,0.3681805
0.086917731,0.38166976
0.103130647,0.39359426
0.070198176,0.3787918
0.085137481,0.39201307
0.068575092,0.3901558
0.049015771,0.34588838
0.032161207,0.33305502
0.035279825,0.32569742
0.051475989,0.36844468
0.036772457,0.3452499
0.051420116,0.3567686
0.01780412,0.31549954
0.013270226,0.3150177
0.0126,0.2905867
0.087823948,0.3022926
0.080863733,0.29480982
0.082242352,0.34169006
0.036929947,0.3428638
0.052332441,0.35940194
0.035954043,0.33149314
0.095103316,0.42421675
0.087826461,0.41454315
0.078411009,0.40316963
0.102863258,0.41377282
0.094347265,0.40373635
0.111567742,0.40398264
0.085850086,0.42836094
0.085329381,0.43270755
0.086688731,0.43718648
0.080229818,0.41804647
0.07742082,0.42173743
0.071107198,0.40604115
0.126792375,0.4085915
0.147014846,0.40781498
0.131798949,0.42019796
0.109420449,0.4271524
0.117597851,0.41754627
0.1232175,0.4289546
0.028291016,0.12720585
0.044082547,0.15696383
0.063938362,0.18682289
0.024993915,0.07646799
0.041783,0.1073482
0.020241629,0.024160147
0.052581112,0.20261788
0.060594122,0.23925948
0.069050373,0.27119493
0.045463781,0.26801682
0.051860789,0.29824114
0.050985083,0.32550383
0.073261321,0.32645655
0.065975664,0.36351967
0.053854242,0.35079885
0.034185248,0.1852336
0.041200376,0.2621436
0.040435549,0.21293068
0.054524016,0.287282
0.059448646,0.2405634
0.043173793,0.19408035
0.020467393,-0.13484001
0.02202742,-0.09106469
0.023538113,-0.045878887
0.03214187,-0.07529807
0.034021491,-0.030671358
0.04701589,-0.014591932
0.055401854,0.054098606
0.039263559,0.03873229
0.061629233,0.12207055
0.017405822,-0.2033329
0.018848134,-0.21259522
0.014457336,-0.2600205
0.023852909,-0.14607048
0.033141997,-0.08694267
0.025655169,-0.15601397
0.088879276,0.19803476
0.084639092,0.12893844
0.064726712,0.057541132
0.094137438,0.19368935
0.077763518,0.12513757
0.081127918,0.18997073
0.019659886,0.34459233
0.018069305,0.37159443
0.040093953,0.40077686
0.03207792,0.36460257
0.031508106,0.38826942
0.042927091,0.3809538
0.018122063,0.3432467
0.024592575,0.3471961
0.019285368,0.37371325
0.07439553,0.42562723
0.052608255,0.41225338
0.060499098,0.40855813
0.038028104,0.39428782
0.050056599,0.3912797
0.035094082,0.3690977
0.079718428,0.433635
0.052359064,0.4098208
0.050733013,0.38632298
0.072057787,0.42718577
0.042396315,0.4035337
0.056481492,0.41404104
0.068997241,0.41555262
0.059041071,0.3804772
0.053200359,0.38961315
0.096318529,0.43806672
0.106971197,0.43930745
0.117378915,0.43959236
0.094181669,0.45097613
0.101489554,0.450629
0.091653876,0.46296
0.091877376,0.44841266
0.089266401,0.44314027
0.092515781,0.45691037
0.094523157,0.450423
0.094943678,0.46101832
0.094312193,0.46884418
0.101031672,0.4638722
0.097630731,0.47387004
0.101075481,0.4774158
0.087113196,0.43975425
0.100909684,0.4539745
0.073329364,0.42720437
0.121921284,0.44290805
0.139641535,0.43972182
0.094014925,0.45357275
0.091536924,0.46464634
0.101946364,0.45308065
0.085167221,0.4639895
0.088802223,0.25601315
0.083661455,0.3026836
0.076269809,0.34130788
0.105112973,0.3192122
0.10310721,0.35791278
0.108950037,0.37535906
0.097405213,0.26500225
0.099101051,0.26027393
0.104106219,0.32463002
0.102024088,0.46187806
0.103260757,0.44327712
0.109081828,0.4146371
0.103112819,0.424587
0.104079011,0.39678144
0.075516845,0.3793962
0.097625148,0.44520473
0.110435053,0.4545822
0.086499157,0.42112947
0.015384496,-0.29143167
0.019726617,-0.23035407
0.017140252,-0.23736453
0.0126,-0.26740098
0.0126,-0.3144951
0.0126,-0.25611353
0.013480321,-0.2827475
0.0126,-0.3209045
0.012980169,-0.28054285
0.027701488,-0.13934708
0.031207421,-0.05425477
0.029355541,0.033686638
0.023042567,-0.15046692
0.021193371,-0.06624794
0.017782046,-0.15874338
0.053059887,-0.00014948845
0.043349479,0.015923738
0.03625698,-0.07147694
0.069740642,0.14361238
0.047879819,0.08813763
0.064129254,0.07207513
0.079731662,0.25243592
0.070446262,0.30484366
0.067875091,0.354635
0.059680147,0.20127869
0.051192063,0.25762963
0.040753078,0.14802694
0.088973229,0.31491995
0.100684935,0.36918235
0.083592468,0.36215544
0.02777645,-0.1704247
0.020136326,-0.21097898
0.016656347,-0.24813914
0.01982649,-0.20639133
0.015428431,-0.24626231
0.014342129,-0.24135852
0.014730216,-0.2707038
0.013318443,-0.30925727
0.014803703,-0.277097
0.020302085,-0.19665504
0.017997962,-0.22088146
0.015664036,-0.24294972
0.018466231,-0.2257309
0.016541537,-0.24928093
0.016430842,-0.25420666
0.022874932,-0.18998313
0.018766844,-0.21937013
0.024679415,-0.18127418
0.112747468,0.45717406
0.106602698,0.44865155
0.09110294,0.4378507
0.111917987,0.48054957
0.114621409,0.4729514
0.094811253,0.50520134
0.092557089,0.48319745
0.116253762,0.47120285
0.092858884,0.49575496
0.10315941,0.48822093
0.101929447,0.49750686
0.113833632,0.46339893
0.090146406,0.48432255
0.090148264,0.48298168
0.088601382,0.47968578
0.092684162,0.50513124
0.100523398,0.5010569
0.102651957,0.52502203
0.090452069,0.4996345
0.090320777,0.49247575
0.090299037,0.5151236
0.088536318,0.5133326
0.088517208,0.5314734
0.086122506,0.52463496
0.083560067,0.47104287
0.087436296,0.46579432
0.09263323,0.4784727
0.10113049,0.48824477
0.109286707,0.4949491
0.114505471,0.50999403
0.074442391,0.48813462
0.065712229,0.513767
0.102993618,0.53820646
0.089840137,0.47101378
0.093917061,0.49814987
0.106863255,0.44475055
0.106477395,0.44400215
0.118162737,0.5018561
0.102039435,0.4421556
0.054485199,0.50900316
0.066230043,0.5226737
0.053151075,0.53396475
0.015292012,-0.20817089
0.0126,-0.19642806
0.013402179,-0.18121505
0.022009876,-0.13396597
0.014512193,-0.11832404
0.038035411,-0.052891016
0.033468487,-0.13681912
0.021906081,-0.17299533
0.037658764,-0.097631216
0.015141994,-0.095541954
0.016472525,-0.00083994865
0.020352039,-0.029977322
0.061977247,-0.03182292
0.051000809,-0.079956055
0.038274459,-0.12618351
0.063057879,-0.04078293
0.046987838,-0.089763165
0.051726783,-0.047816753
0.050986881,0.049482584
0.030663533,0.07806301
0.02479865,0.11136222
0.064582884,0.15804148
0.049016742,0.18933105
0.080225291,0.26608586
0.0634335,0.32630825
0.069332769,0.29632926
0.042102511,0.22320938
0.133693376,0.4987309
0.10789162,0.43746233
0.093083549,0.35870767
0.10555381,0.4559281
0.083836528,0.38420606
0.086914025,0.40763974
0.136432626,0.5191307
0.118971834,0.48315406
0.133223124,0.532176
0.023786441,-0.16127634
0.027198719,-0.15314436
0.031928861,-0.14291334
0.027697226,-0.12422776
0.03411966,-0.11458635
0.030853646,-0.0854907
0.050739601,-0.051980972
0.042125104,-0.06985593
0.042375024,-0.09841561
0.013397862,-0.24493146
0.012672528,-0.22592425
0.012679786,-0.27045107
0.015372179,-0.22387815
0.016758317,-0.18323588
0.017341218,-0.14103794
0.014259966,-0.20604634
0.014935356,-0.16569066
0.013034202,-0.18728423
0.020774801,-0.17872524
0.018930559,-0.16017008
0.017941188,-0.20235538
0.022620635,-0.14358592
0.023091839,-0.10680699
0.020316798,-0.12526655
0.103510572,0.55183697
0.108175458,0.57537544
0.145052181,0.5920377
0.083321869,0.5554807
0.077014017,0.5739372
0.072153752,0.5437869
0.109518629,0.5679915
0.077700106,0.55856323
0.120081487,0.5862496
0.143550797,0.54998505
0.160377796,0.5452578
0.126179804,0.5374485
0.13191049,0.5245738
0.127788496,0.51852226
0.112663265,0.5024619
0.182784564,0.585989
0.150853147,0.5637493
0.190612144,0.5706022
0.087826644,0.49382687
0.078994587,0.49168372
0.050217956,0.50190353
0.054903837,0.5161307
0.097133146,0.53013
0.089696764,0.5095973
0.148391165,0.5686269
0.171383592,0.5916505
0.199310514,0.6005912
0.19039198,0.5918672
0.228328112,0.60275817
0.230151906,0.60287976
0.169560929,0.55509865
0.165325968,0.56433105
0.1957197,0.5892508
0.089236134,0.17343688
0.087500374,0.0967617
0.066948434,0.02098751
0.096949083,0.20135474
0.08014364,0.12529159
0.09296793,0.23265123
0.07612109,0.033272505
0.078639029,0.026183367
0.081413635,0.10209346
0.059079707,-0.003938675
0.053104774,0.024382353
0.045096629,0.053092003
0.047976807,-0.02389121
0.041249022,0.0046396255
0.036029868,-0.04160285
0.059950736,0.08963966
0.068513066,0.061276674
0.075593575,0.12994671
0.112850631,0.29329252
0.123202378,0.321429
0.116136997,0.35057735
0.145420625,0.40404248
0.154431967,0.42786193
0.165867905,0.49475098
0.155720818,0.4974115
0.177035962,0.49589753
0.134273371,0.43228102
0.192917978,0.5576
0.219480387,0.5925598
0.212291669,0.5594336
0.0126,-0.18068624
0.0126,-0.15442896
0.0126,-0.20388055
0.02266233,-0.046009302
0.019767665,-0.005711794
0.015115588,0.03526807
0.019631768,-0.067242384
0.015932682,-0.026882648
0.017272645,-0.08568287
0.031750509,0.044748068
0.021295,0.038845778
0.027697192,-0.0017507076
0.0126,-0.1562674
0.012632764,-0.10408044
0.012717167,-0.049501657
0.0126,-0.13141346
0.012604621,-0.07991624
0.0126,-0.105760336
0.014832972,-0.11122656
0.01342896,-0.08065987
0.013263858,-0.13521767
0.013056123,-0.025702953
0.014532736,-0.05605364
0.013026474,0.0024385452
0.0126,-0.118388176
0.0126,-0.09740019
0.0126,-0.06737876
0.012797843,-0.037335157
0.013472569,-0.017032623
0.014632919,0.0026392937
0.153466882,0.5747951
0.197056804,0.59458303
0.246112605,0.60308146
0.205462997,0.59182966
0.237229906,0.6025939
0.220455471,0.6000079
0.269690542,0.5983918
0.264480594,0.5977086
0.244982363,0.60272753
0.076094405,0.52216697
0.10320679,0.53863406
0.118411989,0.5579245
0.086085319,0.5346074
0.1175657,0.5560107
0.105131276,0.55353796
0.202254509,0.59555364
0.141154989,0.5768758
0.158748487,0.5776826
0.106485878,0.51711845
0.084772694,0.523388
0.082500257,0.51686144
0.078572748,0.54216886
0.08685611,0.5277734
0.065089647,0.53270924
0.260479035,0.60019004
0.224131809,0.5965799
0.180777687,0.5602026
0.268643041,0.6018629
0.240640765,0.5949125
0.256072404,0.6029401
0.288492609,0.54098225
0.291116568,0.56421256
0.276474989,0.5926553
0.312830726,0.57390237
0.294044677,0.58318865
0.281210871,0.59612525
0.272525387,0.5726125
0.281520808,0.58313024
0.281179988,0.54093015
0.039748745,0.12798476
0.046949199,0.20387459
0.06513133,0.27929544
0.032280944,0.11839843
0.041336285,0.19332123
0.022873813,0.11113334
0.072966248,0.20714808
0.098745983,0.32355
0.107232447,0.42986226
0.060035596,0.24256492
0.081364117,0.3549323
0.053246265,0.16604114
0.162851175,0.5804298
0.091850647,0.51136136
0.0819301,0.4058602
0.090067133,0.5565834
0.060969588,0.47188783
0.105255408,0.5274048
0.224626719,0.60296226
0.1899402,0.59662604
0.152248632,0.5815505
0.0126,-0.071255445
0.0126,-0.012209654
0.013341708,0.049474
0.0126,-0.041976213
0.013469536,0.015898705
0.0126,-0.013015747
0.012653109,-0.016827106
0.0126,0.016295195
0.0126,-0.046156168
0.013302439,0.018894672
0.01511421,0.091703415
0.019295162,0.16836691
0.013334253,0.050558805
0.014873141,0.12205768
0.0126,0.08261919
0.014779243,0.07927036
0.016574778,0.123741865
0.014071173,0.046859264
0.026098415,0.15450859
0.046813935,0.23529267
0.022912725,0.19815159
0.014826925,0.038887024
0.013702943,0.011115551
0.016645494,0.030543089
0.019161613,0.049003363
0.013727613,0.029133558
0.014540744,0.047653913
0.016592722,0.01903534
0.03392119,0.077785015
0.059382453,0.13804841
0.021283491,0.03815055
0.039317001,0.09478474
0.025025537,0.05583477
0.018480279,0.04744959
0.021809665,0.07994461
0.04485093,0.109689
0.022413807,0.059081554
0.031727945,0.09759045
0.048842456,0.13596725
0.020468954,0.067424536
0.028441679,0.10415673
0.017175149,0.074006796
0.050715125,0.13758922
0.033202591,0.09674144
0.05351443,0.13804984
0.136141007,0.5779041
0.185354024,0.59482455
0.214896981,0.6030196
0.201549866,0.59552586
0.237242602,0.6030996
0.249476768,0.60309434
0.2786301,0.5685251
0.281093775,0.5945213
0.244919492,0.59518373
0.077598055,0.5366726
0.093986073,0.5478829
0.128281252,0.56170917
0.059073668,0.5455159
0.091253669,0.5611446
0.080327406,0.5597719
0.167039236,0.59378934
0.115165378,0.5778959
0.127948462,0.5774784
0.10136398,0.5320381
0.131155535,0.52944326
0.127143078,0.5323956
0.13286622,0.54855883
0.106788002,0.5388534
0.147129395,0.53799045
0.263419795,0.5824255
0.270934939,0.5367316
0.265106034,0.5100257
0.270200831,0.5471045
0.268765676,0.49381983
0.280626534,0.4974776
0.250183503,0.59730756
0.261901224,0.5738591
0.237130222,0.6030781
0.251141447,0.5225399
0.234087538,0.564602
0.213526595,0.5952405
0.228791318,0.5127867
0.213503737,0.56506
0.21905372,0.51204
0.268108395,0.44113374
0.245499417,0.4763806
0.241705239,0.45563877
0.220015751,0.5955819
0.218946713,0.60309553
0.214614918,0.59718895
0.251351663,0.57265604
0.248049608,0.595593
0.268375257,0.5361941
0.032445589,0.27949095
0.051297574,0.31422615
0.080753867,0.35424328
0.053475013,0.38968635
0.085360714,0.4251604
0.093076311,0.4888258
0.162609505,0.55577946
0.127912965,0.52414656
0.11094496,0.46910477
0.169329349,0.5987084
0.132666453,0.559721
0.173328044,0.58231497
0.026400011,0.12268901
0.051953281,0.19922471
0.074102688,0.27793527
0.049462057,0.15098119
0.076104261,0.22495246
0.073993176,0.17850494
0.027674753,0.20509481
0.049402605,0.24182248
0.028543353,0.16081858
0.063846511,0.34564233
0.041362005,0.31273103
0.057399583,0.41797662
0.02706153,0.07131958
0.022179609,0.070967674
0.018173881,0.06959653
0.034865464,0.09398723
0.028279587,0.09361434
0.043171625,0.11735034
0.043636556,0.12466979
0.026128901,0.09947133
0.047157421,0.13080215
0.030094345,0.061335325
0.040540373,0.07273102
0.02836469,0.047265053
0.037717452,0.0837996
0.045617177,0.10689998
0.048381573,0.095644
0.099031555,0.20302081
0.0769842,0.17342424
0.058346097,0.14488077
0.085750544,0.18182015
0.062443852,0.15269685
0.068307495,0.15945935
0.089858823,0.3436203
0.086334316,0.27277398
0.082172697,0.20384288
0.094995286,0.32272315
0.086547972,0.24944353
0.091353539,0.3007114
0.082973761,0.18366027
0.073899134,0.18745422
0.077087794,0.19041753
0.112059124,0.23389077
0.088759782,0.24001193
0.115337578,0.28644085
0.120155223,0.2299366
0.106780439,0.20737004
0.130063766,0.25766277
0.075368565,0.32355928
0.085181395,0.30466342
0.081301342,0.2558205
0.179385235,0.60284734
0.144973237,0.5930791
0.14941444,0.5772284
0.168201585,0.60242677
0.160791211,0.5917959
0.196714389,0.6015699
0.212750169,0.59962726
0.213854746,0.5713459
0.186938244,0.59730136
0.1607115,0.5613029
0.167118527,0.5467775
0.15472428,0.532784
0.165793358,0.55817044
0.147263726,0.5402434
0.128133246,0.5502037
0.172704073,0.58918905
0.17332786,0.5754149
0.153107754,0.57108104
0.114106064,0.51680994
0.071122279,0.4972179
0.090275546,0.49534702
0.123212458,0.52528656
0.125497927,0.5198147
0.113617381,0.49537325
0.244167196,0.51741385
0.247244781,0.5764735
0.23794623,0.6010473
0.270992781,0.52777433
0.246816363,0.58275557
0.252974685,0.5413716
0.251920818,0.4323215
0.279179585,0.43328863
0.294741646,0.44505113
0.291988101,0.36513203
0.310461749,0.35089833
0.315291743,0.33741373
0.282710471,0.44318694
0.275745358,0.40013158
0.2931474,0.38770998
0.267564617,0.5327287
0.279272754,0.48388976
0.298660913,0.4222191
0.20391297,0.5957941
0.206797433,0.5958687
0.227648681,0.5958066
0.148805286,0.5984838
0.170221471,0.5984497
0.131423767,0.55941784
0.267534486,0.5321467
0.307989522,0.41549867
0.270859206,0.5316459
0.108262863,0.3986416
0.107692003,0.37974072
0.092549667,0.35998178
0.128413569,0.45425773
0.116995365,0.4379878
0.145249071,0.5073166
0.129468684,0.50022316
0.09026443,0.42741418
0.100245279,0.4938538
0.172817904,0.56598365
0.152782575,0.56244147
0.195913752,0.59943354
0.059828409,0.1406231
0.074598934,0.1631198
0.077436115,0.1848476
0.061579254,0.12871861
0.073286687,0.149755
0.064218807,0.11598325
0.093742803,0.19814444
0.076266201,0.19212508
0.072766422,0.16888928
0.065170832,0.096829176
0.077819653,0.108810425
0.055022067,0.07598281
0.076190817,0.12984395
0.081837829,0.16411734
0.087894457,0.14236999
0.107207174,0.2342534
0.096708754,0.26539898
0.084879988,0.29639506
0.088351324,0.22807908
0.079973847,0.2579639
0.075895574,0.2207737
0.125062002,0.2627964
0.131311736,0.29205275
0.112285357,0.2954619
0.09071299,0.39291334
0.096734539,0.43899274
0.103732436,0.48110533
0.07420211,0.37151003
0.077705751,0.41677165
0.087122981,0.35082936
0.117203771,0.44639087
0.142878269,0.4982326
0.128436915,0.4896698
0.079477765,0.4075899
0.093396471,0.36914802
0.107958317,0.32867837
0.079424371,0.43257356
0.082461751,0.3929429
0.077892926,0.45705247
0.084321655,0.3699956
0.086676496,0.33282185
0.107200532,0.33184862
0.192322145,0.59992003
0.154802103,0.5847962
0.129010273,0.56260085
0.171919182,0.5964911
0.132840502,0.57604504
0.147645799,0.5889269
0.212741979,0.6027218
0.188464494,0.6028923
0.216304268,0.59154177
0.027212826,0.3874066
0.042815787,0.37124276
0.063993963,0.41771722
0.101207904,0.45509124
0.104312497,0.45579004
0.099643703,0.45787406
0.082908807,0.39955473
0.075651624,0.4082315
0.060430363,0.35580468
0.119753839,0.4983468
0.123519982,0.5034485
0.122182073,0.53378487
0.104065393,0.5572525
0.11794937,0.54465485
0.100341802,0.51097846
0.229824415,0.5957718
0.243712122,0.58003783
0.235447509,0.56128037
0.204909121,0.6030545
0.20653856,0.59905577
0.170445229,0.5993161
0.290598947,0.47920346
0.290374508,0.51084244
0.288839715,0.5432389
0.338524819,0.4035285
0.332117281,0.44346982
0.360486836,0.32813394
0.351925431,0.29866052
0.337858719,0.29892308
0.324970474,0.36701632
0.321331996,0.33366066
0.325801532,0.3233614
0.331301819,0.3233816
0.355225229,0.2485672
0.354983042,0.2662813
0.370027729,0.25329465
0.265800794,0.54638124
0.300247729,0.4301949
0.289921798,0.44922042
0.14347097,0.5433626
0.165908666,0.5516758
0.171577674,0.5596832
0.177039183,0.5880554
0.192994389,0.59311104
0.206537506,0.6028379
0.200702215,0.59656096
0.230826018,0.59929526
0.222424391,0.6015911
0.244665045,0.56822014
0.256626308,0.5579138
0.281966677,0.46734285
0.077630109,0.20671582
0.08066488,0.22750425
0.084654737,0.2472539
0.089558439,0.18402886
0.102616623,0.20287037
0.105072938,0.16025901
0.069091395,0.24385071
0.067912426,0.28212237
0.066653112,0.26584458
0.103657097,0.13148403
0.118619656,0.14123058
0.088151613,0.10049629
0.122943251,0.17328405
0.108739406,0.21685576
0.116599117,0.18411016
0.065847019,0.33848643
0.068424676,0.3793311
0.070570721,0.4186659
0.061335856,0.32181835
0.066886382,0.360595
0.065052794,0.3030963
0.07417569,0.4135592
0.070931153,0.41727805
0.071471866,0.3759215
0.078475545,0.47249746
0.086718777,0.5308918
0.106922762,0.57664824
0.076979607,0.47661543
0.084316867,0.5333606
0.072429827,0.4788947
0.083044312,0.49718022
0.10100525,0.52041245
0.101154863,0.55233514
0.139511995,0.57242084
0.176832523,0.60104156
0.138705054,0.59212613
0.027758341,0.3324213
0.037339565,0.30579758
0.034651237,0.31035566
0.172086346,0.3855691
0.103955675,0.3457787
0.156689905,0.41389775
0.183443884,0.55076265
0.190520854,0.4931934
0.189396773,0.56634426
0.314963537,0.47328
0.346706671,0.41770107
0.364079656,0.36808097
0.277440597,0.53161156
0.319809925,0.4869932
0.25238082,0.5729501
0.079367536,0.45688438
0.076258397,0.46056366
0.09757765,0.4667771
0.087373548,0.5208504
0.113126079,0.532779
0.126547435,0.5709497
0.153141597,0.58544683
0.132787193,0.54917943
0.170019038,0.5972644
0.079175466,0.27720332
0.072590727,0.294461
0.0521506,0.31306005
0.080005087,0.26611757
0.052138714,0.28738332
0.063147374,0.28062248
0.073428528,0.34163046
0.073502,0.32829309
0.084113224,0.39252448
0.067699792,0.3830297
0.067728587,0.38687944
0.063274401,0.31666565
0.104342016,0.552119
0.148726034,0.59311914
0.189906137,0.6030656
0.11202016,0.51960206
0.139961059,0.5728569
0.110157886,0.49053478
0.207642633,0.5954697
0.141740495,0.60242677
0.230728684,0.5712544
0.215455094,0.5721805
0.191281153,0.6020856
0.235655246,0.5575974
0.352660927,0.29994643
0.295296064,0.40751582
0.375174316,0.25333917
0.361621681,0.3518952
0.383489215,0.2505562
0.391040428,0.19896132
0.380795091,0.30248898
0.386234601,0.2245112
0.378487044,0.26747873
0.352461151,0.25450653
0.375116299,0.22230315
0.37252486,0.21038479
0.221071563,0.58481514
0.246745855,0.5348736
0.27901258,0.45265692
0.194526577,0.5988264
0.225859941,0.5693338
0.164755401,0.60308754
0.26509579,0.50286674
0.305568226,0.36799115
0.285585741,0.408903
0.376397952,0.21373504
0.331565329,0.3068426
0.336583131,0.27448606
0.08394425,0.27449417
0.074252197,0.29995942
0.055083338,0.32387924
0.09489295,0.24068475
0.069558158,0.26284456
0.091140163,0.20432043
0.072032519,0.33222437
0.072643822,0.3909402
0.067434279,0.35953832
0.072634941,0.1541028
0.048100721,0.15578413
0.061313309,0.10633445
0.058954805,0.211617
0.046515135,0.27211523
0.038176301,0.21558022
0.063847103,0.4629221
0.046887911,0.5038471
0.043437102,0.54035115
0.055381391,0.43375134
0.030959453,0.47456717
0.042280963,0.4004469
0.068113111,0.5206673
0.094246174,0.5680194
0.058759083,0.5562501
0.080317367,0.5866418
0.104943028,0.594779
0.137487285,0.5996386
0.138001426,0.602875
0.16647388,0.60008717
0.196188951,0.57030344
0.230982024,0.5378952
0.198960527,0.5885937
0.26134644,0.49766564
0.367631055,0.31685913
0.382175392,0.2582464
0.389806563,0.21745104
0.345912109,0.3655187
0.367796435,0.3002684
0.331727733,0.4192539
0.161146816,0.59115076
0.171869581,0.6028564
0.187268498,0.5776583
0.138477501,0.5884447
0.144031942,0.60309243
0.121616183,0.5863981
0.122033526,0.3950851
0.142961387,0.4056034
0.169936404,0.41996932
0.138156246,0.46783876
0.165928034,0.4788947
0.157932253,0.54060185
0.119415608,0.53209853
0.122043018,0.4631555
0.136453251,0.53545475
0.163025847,0.35958266
0.118392098,0.2961862
0.081705771,0.24967217
0.122101151,0.31961322
0.090031021,0.27011228
0.080616285,0.29311347
0.083352201,0.25876427
0.074379013,0.2390387
0.083909468,0.24754333
0.11483884,0.32943177
0.101493001,0.28095412
0.138137328,0.34296203
0.195566224,0.5985999
0.222156121,0.568148
0.272763324,0.5220922
0.14337216,0.6007457
0.170889434,0.5974277
0.090045895,0.58143973
0.260181795,0.5332663
0.326165135,0.42420012
0.293602024,0.4756232
0.289251973,0.5032946
0.324507129,0.43760496
0.353533976,0.37362093
0.263322344,0.54733205
0.29693039,0.48802316
0.230750524,0.5801146
0.050878394,0.21864724
0.030013101,0.21513963
0.020950281,0.24545765
0.06341195,0.22878623
0.042464645,0.2492404
0.072018415,0.26087213
0.080297439,0.38452005
0.063506757,0.30753136
0.041231467,0.30480266
0.066762699,0.43659186
0.076496791,0.40582228
0.025992332,0.32218552
0.128654933,0.42248034
0.110419436,0.46651602
0.087470512,0.51236343
0.065786662,0.34120512
0.052409614,0.38557434
0.022837282,0.28207064
0.150410045,0.5163467
0.161558317,0.5874934
0.122155095,0.5527779
0.354700548,0.29881263
0.296076166,0.40850013
0.23736791,0.4946556
0.293912357,0.40870547
0.235141423,0.4946494
0.23307485,0.49349076
0.15748495,0.5790713
0.123583677,0.6030977
0.165800342,0.5786569
0.438241055,0.111381754
0.505001304,-0.051223606
0.463251243,0.047173157
0.381503987,0.24316227
0.405020707,0.18275443
0.323440684,0.36214012
0.117165693,0.5915513
0.131284493,0.60241354
0.184345746,0.5693766
0.123131217,0.59618926
0.162443092,0.60020494
0.15046042,0.5999334
0.278831141,0.4481815
0.301911936,0.39203435
0.323377018,0.33966613
0.358649503,0.28695464
0.364253756,0.24565122
0.408947176,0.19364598
0.397570137,0.22850433
0.41322608,0.18396643
0.404096581,0.19635066
0.401010278,0.18601805
0.401724109,0.18778104
0.377587545,0.22453353
0.029054456,0.35046124
0.022909107,0.3757515
0.042244114,0.40029097
0.023181172,0.29420114
0.023081362,0.31530738
0.018614797,0.2324667
0.017945533,0.429456
0.038704615,0.5033407
0.043309031,0.45688915
0.016967764,0.15078712
0.032652891,0.14374685
0.01496329,0.069070816
0.030404458,0.23447609
0.046712818,0.3226776
0.055538494,0.23359752
0.075603559,0.56768346
0.118864486,0.5886661
0.173795198,0.6011828
0.077220803,0.5338155
0.116724251,0.5608982
0.074825952,0.48821473
0.109955217,0.6004646
0.176067482,0.5911752
0.172370094,0.60193825
0.351533897,0.41049755
0.29760328,0.5257635
0.236038107,0.5911075
0.305606881,0.47562343
0.238395122,0.56643736
0.242440205,0.5308527
0.378035697,0.3118509
0.33270679,0.37794334
0.40022143,0.23636669
0.381925327,0.2728996
0.415901185,0.21104336
0.421827342,0.18130845
0.386275094,0.28455815
0.407710111,0.21834135
0.379822468,0.29928556
0.327025785,0.41841692
0.362177155,0.33817792
0.356768724,0.354742
0.113301763,0.54615295
0.102537022,0.49746537
0.082343973,0.44799256
0.110212427,0.47880697
0.098059806,0.4258778
0.108715567,0.40781116
0.1222107,0.565979
0.104708457,0.5112467
0.116440814,0.55609727
0.09489456,0.32583594
0.094105557,0.26994014
0.093953769,0.23047948
0.082106741,0.27111554
0.083887347,0.2281735
0.065374764,0.23576093
0.049062828,0.20606637
0.072826292,0.20073175
0.026162966,0.2057538
0.085508552,0.35998416
0.101655458,0.28440142
0.097984702,0.33963823
0.274506362,0.52164257
0.31911844,0.43206298
0.354221976,0.3448497
0.280433311,0.51552874
0.323402867,0.42495596
0.284237536,0.50943625
0.181450416,0.60135686
0.149079335,0.5514033
0.128394762,0.4620142
0.157870016,0.5820937
0.113746129,0.50653815
0.131738565,0.5496557
0.237843579,0.5838834
0.209925363,0.6008966
0.185577587,0.59992385
0.235001559,0.58712256
0.185471876,0.5987129
0.231621242,0.5897945
0.069050712,0.25147343
0.058130344,0.23671389
0.033720088,0.23553586
0.069940933,0.21295834
0.057408735,0.20322466
0.079487883,0.20803761
0.095424442,0.3469627
0.057807292,0.27889585
0.075188996,0.28910542
0.093296586,0.38716054
0.078531215,0.32717633
0.082325625,0.4356506
0.270652775,0.4669178
0.344270212,0.31958765
0.41855928,0.13000552
0.3034882,0.43389195
0.368834863,0.27245632
0.326693717,0.39567077
0.258818916,0.53410006
0.197665157,0.5950924
0.226851941,0.5539601
0.487449328,-0.104603514
0.54950381,-0.28453243
0.505945204,-0.18210265
0.438429405,0.04155699
0.461693114,-0.041514836
0.395006529,0.1892218
0.144995506,0.58611023
0.141791573,0.5663054
0.136674233,0.54380774
0.118254393,0.540766
0.111300777,0.51478744
0.088645768,0.48233962
0.217828179,0.5925038
0.200929838,0.60099375
0.174819185,0.6030493
0.248012175,0.5593115
0.227024057,0.58139265
0.285982043,0.49527973
0.183996937,0.6017935
0.158782138,0.5806396
0.165957328,0.59589195
0.384869042,0.29453504
0.405341041,0.22472423
0.420618857,0.187965
0.408835372,0.21971744
0.425204654,0.18771413
0.404878779,0.19299927
0.401150935,0.22189614
0.408060256,0.19439933
0.432300191,0.18566757
0.025409537,-0.25543356
0.024539612,-0.35983372
0.053359359,-0.194036
0.05132217,-0.07860947
0.021430391,-0.18856335
0.027379,-0.02432847
0.028734476,-0.026792288
0.044034994,0.10253477
0.048948172,0.066562414
0.068994954,0.2520795
0.089080974,0.37798834
0.134628468,0.5002589
0.069251408,0.23153949
0.069337679,0.36968446
0.044694087,0.20773959
0.072209019,0.43223882
0.100685788,0.4651823
0.072312906,0.3491404
0.110271662,0.52137256
0.161619224,0.5858923
0.152755937,0.55309904
0.351763993,0.45863688
0.294799351,0.58618927
0.214148832,0.58971477
0.303401327,0.54865813
0.225127171,0.6029427
0.244615032,0.59588194
0.348227284,0.42444456
0.349359039,0.4405614
0.304088946,0.5368289
0.382733339,0.30904275
0.397245928,0.23243582
0.382264057,0.32662207
0.359258718,0.29520777
0.335298521,0.32219106
0.317455661,0.35514808
0.374513888,0.24098855
0.352458321,0.26616022
0.38216133,0.20967394
0.293297268,0.46037394
0.304168982,0.40221822
0.328363151,0.37157643
0.048347374,0.36401606
0.066556205,0.31024885
0.087713212,0.26381016
0.058034664,0.38723803
0.078740747,0.33186412
0.061075413,0.41541672
0.097236022,0.4857633
0.062640335,0.4237995
0.070636025,0.45154357
0.042737249,0.26147485
0.052955412,0.24046683
0.063743905,0.2367847
0.059551157,0.24243999
0.066505045,0.21898508
0.078536426,0.2320571
0.046576167,0.28297067
0.063449375,0.26990104
0.049259929,0.31815386
0.240874351,0.5721617
0.204275174,0.60309815
0.160446099,0.5737324
0.21577396,0.59926796
0.183829766,0.5915277
0.19290591,0.60092664
0.262175003,0.52390355
0.236047568,0.5734328
0.277758038,0.46944886
0.034548259,0.2775662
0.036799419,0.31642532
0.067544611,0.3774898
0.052476894,0.2724247
0.066498508,0.32927418
0.069904642,0.28507757
0.111834621,0.47953296
0.082888955,0.36952496
0.103086405,0.4178946
0.154664579,0.5458951
0.14162381,0.5154736
0.119424129,0.45807385
0.089459146,0.4824388
0.075653907,0.4457116
0.057837186,0.40596533
0.106152421,0.5033617
0.086891166,0.46528482
0.121470921,0.5238097
0.345178816,0.35015702
0.410748621,0.13769014
0.476973486,-0.08155451
0.359450516,0.30429345
0.424796216,0.095854
0.369877423,0.2645675
0.261023969,0.53672945
0.302279939,0.4608333
0.314874367,0.4232087
0.57269273,-0.31273663
0.662835657,-0.4574663
0.606861664,-0.35687572
0.512496725,-0.15878524
0.543676624,-0.21019468
0.455991161,0.013901042
0.201353018,0.5985606
0.239993379,0.55754364
0.290513678,0.46594584
0.189625041,0.60175776
0.226418446,0.5729401
0.182745886,0.6030264
0.172970315,0.5991881
0.164188754,0.5957539
0.151512648,0.57445335
0.121292185,0.5379747
0.136854388,0.557323
0.151183364,0.5839217
0.0126,-0.41074586
0.0126,-0.5233836
0.014415443,-0.36383057
0.052516885,-0.0921762
0.032335149,-0.21574903
0.018265863,-0.33963084
0.032789957,-0.1743865
0.020871557,-0.29277158
0.020218098,-0.25077152
0.050245434,-0.022867441
0.030104281,-0.10577655
0.020263859,-0.18277836
0.040479771,0.041060925
0.026130813,-0.041630268
0.033151722,0.10015607
0.039631546,0.0110423565
0.035054175,-0.12321377
0.069146397,-0.067655325
0.392846559,0.2453269
0.403086718,0.25988814
0.382147906,0.33548033
0.391447226,0.22125345
0.396160583,0.24333957
0.391703681,0.20429501
0.372412072,0.22556964
0.346630788,0.28652185
0.371502243,0.24879491
0.076059653,0.05377817
0.059506801,0.098670006
0.040012061,0.14070606
0.078943319,0.24358702
0.074168952,0.2735319
0.101428247,0.41883135
0.042310013,0.22251439
0.062014321,0.1334498
0.067613863,0.32932496
0.038983408,0.3260424
0.104665634,0.47925043
0.102593978,0.45246434
0.292616454,0.5272523
0.222627353,0.60155725
0.150899279,0.5602596
0.25305805,0.60021806
0.175587265,0.57077396
0.204595551,0.5778233
0.345026712,0.4787706
0.329075793,0.5018345
0.281597386,0.5940803
0.375034499,0.3625632
0.383428382,0.29059702
0.350949382,0.39553636
0.279541658,0.43072426
0.323296167,0.34300083
0.369305393,0.2779794
0.300804083,0.3938334
0.342385592,0.30896533
0.313822596,0.3683535
0.231896687,0.57723796
0.251589611,0.5299175
0.268133848,0.47720546
0.262456891,0.5156815
0.2822056,0.45036864
0.28980183,0.4346385
0.21924649,0.59217894
0.249590745,0.54439366
0.204540077,0.60194206
0.032538462,0.29590273
0.036215798,0.3305447
0.053106955,0.3607006
0.029734355,0.3071077
0.04927737,0.33550572
0.032161064,0.3392961
0.05942876,0.43205
0.044569878,0.38965034
0.050154692,0.39707255
0.03476733,0.3584187
0.042982884,0.35943007
0.037190823,0.32153988
0.166707515,0.5844288
0.138548368,0.51388836
0.10672297,0.43355107
0.134673774,0.55680025
0.118346602,0.48339033
0.110752398,0.5234299
0.173210215,0.598611
0.139304223,0.5776578
0.187460558,0.6030705
0.077359087,0.39437366
0.080360807,0.392581
0.067780676,0.38577056
0.080243848,0.37059927
0.060300264,0.35733032
0.076258714,0.35908747
0.093771633,0.42634392
0.104254886,0.47084188
0.105988596,0.43183732
0.08574873,0.4905243
0.120811308,0.5449321
0.153313737,0.58870244
0.087583913,0.49602222
0.122742034,0.5502888
0.097436223,0.4990425
0.057200778,0.4403112
0.067508261,0.4450543
0.055676421,0.3991959
0.644533047,-0.410649
0.71624913,-0.5267297
0.659595151,-0.42933446
0.587355436,-0.23995525
0.50270518,0.016363895
0.399982569,0.26249805
0.574517979,-0.21687606
0.482332524,0.045910932
0.553283844,-0.18671659
0.378508895,0.24386829
0.469240147,0.020665675
0.391612226,0.24438766
0.294344464,0.44002062
0.30245962,0.42730463
0.230613236,0.5562047
0.18000055,0.6030097
0.214933482,0.5624002
0.2949167,0.4617008
0.182472369,0.60308874
0.230102315,0.57174015
0.187220678,0.60291123
0.155961616,0.5853281
0.124756046,0.54598045
0.152880611,0.5880892
0.688466716,-0.5062537
0.674970069,-0.47795206
0.732882461,-0.56866014
0.714319761,-0.55342567
0.697584622,-0.54236686
0.756497592,-0.5929382
0.0126,-0.49271917
0.0126,-0.52986336
0.0126,-0.6513059
0.016988201,-0.33917356
0.026610633,-0.20454669
0.040900759,-0.06297755
0.012819725,-0.36600494
0.01836231,-0.22938609
0.014088313,-0.4011984
0.053774423,-0.07931113
0.049162082,-0.069003105
0.031725763,-0.20881748
0.07518638,0.046347857
0.093656594,0.1847601
0.107234343,0.31440067
0.076434248,0.0627985
0.090954443,0.20160747
0.065389591,0.07512474
0.07314751,0.11258793
0.059228362,0.17264104
0.089793936,0.24647593
0.116842049,0.50754285
0.072540653,0.3924935
0.050450694,0.25077748
0.087598023,0.48248506
0.054742093,0.3611896
0.086467816,0.45125055
0.107314878,0.45517612
0.1088561,0.39075685
0.081109627,0.32429314
0.348436169,0.379205
0.344849406,0.37116706
0.320631055,0.42914248
0.353786023,0.32432586
0.362811313,0.32635278
0.379730792,0.27970412
0.294710083,0.39258796
0.321700776,0.3737055
0.342625023,0.32056022
0.273246687,0.57376695
0.179749073,0.6029054
0.121105169,0.5484296
0.260993328,0.5538213
0.19294366,0.60274863
0.268189323,0.53774285
0.170596919,0.5828872
0.131087037,0.5697892
0.225002227,0.60262966
0.349832489,0.41985828
0.3313165,0.495012
0.312415035,0.45764607
0.226987395,0.55513084
0.275350809,0.4947213
0.318802578,0.42801565
0.239325033,0.5185393
0.278700197,0.4434536
0.25915622,0.47523892
0.196217801,0.5849334
0.222719452,0.564108
0.243095195,0.5362345
0.19431716,0.60264945
0.205355488,0.5978464
0.186251992,0.59012794
0.206024836,0.5982934
0.191352542,0.60248446
0.226509886,0.57288873
0.168104539,0.5958117
0.138034136,0.55433035
0.174125634,0.5758915
0.085927504,0.4472294
0.067383876,0.40577936
0.034195894,0.38078833
0.071810124,0.40638542
0.061414318,0.3833964
0.075041113,0.37678623
0.06136536,0.3830266
0.070947304,0.37389803
0.039490653,0.3779919
0.07582262,0.4057815
0.045684695,0.3860817
0.024674674,0.37352467
0.067389932,0.4088347
0.033724594,0.3815832
0.059342467,0.4057622
0.118604157,0.46368527
0.172711113,0.5349574
0.10157898,0.44692922
0.143582992,0.5119717
0.108484594,0.4865892
0.094832481,0.44051933
0.160944125,0.5831938
0.132401275,0.53710294
0.099953669,0.47893906
0.130745199,0.5432334
0.106642535,0.48872757
0.104795933,0.4955666
0.080137,0.43031907
0.057599263,0.39727664
0.086125837,0.44038367
0.176400829,0.59552
0.148179077,0.569757
0.122739071,0.5277257
0.191064391,0.6001859
0.16239533,0.57797694
0.190026282,0.602232
0.777282679,-0.5792309
0.765752888,-0.5716919
0.802518232,-0.60177934
0.612575582,-0.3086125
0.630993796,-0.35347807
0.645095068,-0.39306498
0.568207091,-0.13515274
0.588222867,-0.18621564
0.512228997,0.054795504
0.485738203,0.12182921
0.445859922,0.18876404
0.536781833,-0.061163053
0.426349219,0.27260315
0.345695973,0.43120462
0.287555873,0.53262234
0.399297662,0.32276338
0.325090122,0.46530753
0.361342767,0.37593395
0.259101918,0.5663537
0.222937612,0.59310865
0.279510964,0.5220138
0.218692491,0.60204816
0.222840005,0.5981122
0.250701776,0.5807307
0.627809825,-0.31632996
0.671448923,-0.4262966
0.707323129,-0.50816697
0.700607158,-0.43748844
0.732771828,-0.5186802
0.750425507,-0.5287397
0.667121478,-0.4729759
0.592716501,-0.33280116
0.550577919,-0.14920726
0.646020186,-0.45787048
0.602841866,-0.31304026
0.651978721,-0.44118208
0.552248112,-0.08339332
0.536811209,-0.0146202035
0.601574251,-0.2527232
0.588834666,-0.26475176
0.549572685,-0.20902327
0.628154641,-0.381912
0.820703487,-0.5962455
0.805780249,-0.5916747
0.830187091,-0.6024184
0.018637487,-0.62760997
0.022428686,-0.68753934
0.013105633,-0.818784
0.042311698,-0.5383377
0.035923425,-0.48326373
0.022612872,-0.43441892
0.061065432,-0.33076763
0.045641344,-0.2837391
0.070653055,-0.13498425
0.033765336,-0.07575822
0.050262008,-0.10011506
0.025081467,-0.25138974
0.055996167,0.10560346
0.076166734,0.25346255
0.098876254,0.36742973
0.058494679,0.08818078
0.076019046,0.22678304
0.069795896,0.058049917
0.080732112,0.23550797
0.108462638,0.34879708
0.104553454,0.36678958
0.126409586,0.4586351
0.164356634,0.55162466
0.198450054,0.5947354
0.138320443,0.47566295
0.172432668,0.553645
0.138151657,0.477345
0.160757312,0.5572462
0.184585218,0.58387244
0.135730015,0.5151832
0.223234059,0.60032535
0.273857342,0.5936965
0.227695893,0.60301685
0.314611037,0.5422101
0.3422065,0.48205823
0.337099377,0.4473542
0.293405576,0.54411876
0.304096127,0.51685035
0.250120082,0.57326984
0.226455815,0.6005565
0.266522207,0.5787517
0.242222912,0.5838579
0.262928956,0.55081487
0.26542551,0.5569762
0.307594977,0.49780434
0.177082589,0.6028435
0.191615939,0.5981116
0.220931635,0.58762157
0.188180607,0.59738326
0.235322012,0.5813787
0.208179172,0.5822623
0.136492108,0.59572744
0.141934806,0.60301614
0.177868695,0.5906333
0.148661645,0.59426856
0.167710594,0.6027982
0.175600376,0.59242964
0.14618481,0.60163784
0.16385311,0.60308313
0.159267365,0.6007172
0.145654516,0.5473262
0.106027372,0.473634
0.063956742,0.40359044
0.07677697,0.49449682
0.054399536,0.41666412
0.061251878,0.45260572
0.118546369,0.5661545
0.121622408,0.55626893
0.084560106,0.515059
0.077029403,0.4292946
0.079748846,0.38582015
0.079669002,0.35415554
0.06850932,0.3910725
0.069564531,0.35936856
0.043370553,0.371562
0.029451147,0.36189604
0.035328963,0.35792112
0.058977747,0.34125066
0.039381824,0.35511208
0.039178966,0.33817363
0.03562518,0.37400794
0.138991118,0.5752773
0.104311055,0.54510474
0.085120437,0.5094223
0.116197295,0.5386456
0.091474766,0.50247145
0.096746027,0.49168038
0.082348198,0.44878054
0.08263107,0.39382172
0.07964511,0.4389937
0.169006178,0.5978985
0.212790545,0.6013162
0.247156619,0.5786687
0.154354868,0.59834373
0.191842568,0.6013396
0.128910286,0.59738946
0.127214493,0.57929754
0.115172725,0.5797293
0.098362866,0.55015683
0.773263881,-0.54745233
0.787204948,-0.5560671
0.793229778,-0.5640651
0.734841349,-0.48485404
0.740088632,-0.49432856
0.677789898,-0.39680523
0.668613649,-0.37141716
0.653054617,-0.34468508
0.71853138,-0.46177375
0.501772802,-0.011210306
0.545771196,-0.12416899
0.590021749,-0.22676763
0.560067865,-0.15104689
0.6090234,-0.25533646
0.618554545,-0.2820794
0.479645033,0.11573759
0.382226594,0.34195453
0.276777833,0.49492478
0.477894182,0.17375654
0.369399434,0.37867403
0.448567808,0.22974887
0.284804769,0.51780576
0.356595183,0.40462315
0.278562778,0.5054563
0.163783793,0.6007557
0.224594369,0.57309294
0.209586982,0.5698054
0.541073597,-0.13877048
0.452260753,0.05746842
0.369034273,0.24325734
0.505068667,-0.08212592
0.432354627,0.11031519
0.498814315,-0.023084711
0.338858147,0.34829104
0.312550769,0.43190998
0.408063351,0.2358357
0.455845692,0.07812439
0.411404081,0.16378054
0.499216224,-0.033278745
0.783382252,-0.5735924
0.730506854,-0.51902735
0.676249184,-0.433376
0.737932728,-0.5071286
0.678476724,-0.4221487
0.678933002,-0.40996164
0.769766787,-0.5830842
0.72644217,-0.52515674
0.811182427,-0.60265386
0.774697491,-0.578791
0.820944818,-0.60157824
0.832749988,-0.59490895
0.014414922,-0.87591434
0.012850001,-1.0210493
0.0166147,-0.8185406
0.013981199,-0.72127557
0.01848071,-0.6795614
0.030611852,-0.6234071
0.018241365,-0.522279
0.02970862,-0.48158288
0.019091571,-0.33168173
0.053367066,-0.40975332
0.074858826,-0.2084465
0.045517421,-0.2782569
0.082152031,0.013391495
0.081190031,0.13600683
0.090304717,0.2358346
0.065199104,-0.053617477
0.067268762,0.081748724
0.038586688,-0.107301
0.082280255,0.18284869
0.087247983,0.3258934
0.087398341,0.2770357
0.110312683,0.46346068
0.108102884,0.5197382
0.105001406,0.54877996
0.095224423,0.41789532
0.101451795,0.47597384
0.096451724,0.3710885
0.144556412,0.5436418
0.176639075,0.5900537
0.130760063,0.57513976
0.179249162,0.6030437
0.188191866,0.6004821
0.130763986,0.59543276
0.161485636,0.60275865
0.143905477,0.5995213
0.133743935,0.5911174
0.170777955,0.602882
0.145336491,0.6006042
0.183492904,0.6006415
0.124169719,0.58143485
0.112314403,0.5678296
0.132219275,0.5989883
0.161303578,0.6012316
0.146810509,0.594818
0.129475869,0.5868969
0.148857263,0.599517
0.141390424,0.59532213
0.140113077,0.59633183
0.152505405,0.59810996
0.144633031,0.59039235
0.140651166,0.5869734
0.123553843,0.56195235
0.087697211,0.5173793
0.116320582,0.5635706
0.061500233,0.4231403
0.056330777,0.36770797
0.078082051,0.3604815
0.082677999,0.43086863
0.100610688,0.3975773
0.067037862,0.46150184
0.098853326,0.5018759
0.140115062,0.5453383
0.155677618,0.57790697
0.091861896,0.4803784
0.106667511,0.530756
0.072939373,0.4836998
0.108602371,0.5789578
0.088007448,0.54345775
0.126202666,0.57551205
0.080775264,0.49255586
0.083430991,0.529487
0.090967626,0.55967045
0.069052449,0.4766798
0.073512716,0.50790095
0.055125255,0.46811938
0.080312232,0.43928814
0.072113118,0.43480015
0.085155867,0.39171648
0.036580469,0.4443326
0.053262178,0.44225287
0.086392504,0.4036486
0.108766874,0.58469915
0.102111669,0.5900842
0.110927192,0.5945046
0.132235035,0.6030632
0.144259329,0.6022464
0.198692709,0.57548237
0.085937367,0.5476215
0.071060011,0.50668144
0.087175584,0.5538058
0.080364134,0.5207808
0.043879013,0.505409
0.037153611,0.48565245
0.055540767,0.48735738
0.035883933,0.46724916
0.041918255,0.46841288
0.614074063,-0.28128597
0.613934312,-0.29168683
0.612149055,-0.30053627
0.549750899,-0.1413459
0.545571187,-0.1470782
0.483345527,0.014559858
0.499972202,-0.0053607496
0.556818632,-0.14744282
0.49459793,0.0032007033
0.433145732,0.1578536
0.367959071,0.31205803
0.303536003,0.4374451
0.390174558,0.23725903
0.326319332,0.37516946
0.346637333,0.30927956
0.432119004,0.16750404
0.4238993,0.17964292
0.36635359,0.3234018
0.279971505,0.43309832
0.198516408,0.55294466
0.149185284,0.6007923
0.253621927,0.4976318
0.174419099,0.5814513
0.227731335,0.5435803
0.125435641,0.5964093
0.150721635,0.59777975
0.138812435,0.60266876
0.230940892,0.52618206
0.175364766,0.57852495
0.252012325,0.48278207
0.478915226,-0.029242769
0.477738078,-0.015115282
0.48015334,-0.000785953
0.549993476,-0.18269622
0.547858395,-0.16512212
0.617622194,-0.32053792
0.771220978,-0.59162307
0.730626116,-0.5556222
0.735792784,-0.541749
0.684971908,-0.47214454
0.685366449,-0.45314956
0.549509005,-0.19725072
0.622584986,-0.3388093
0.620821801,-0.35811454
0.784467246,-0.6030662
0.012785442,-0.8260579
0.013275139,-0.6309893
0.014223763,-0.436131
0.012760231,-0.7101307
0.014476261,-0.5172117
0.012600121,-0.9391935
0.020065559,-0.16695333
0.028108592,-0.0008068085
0.034123025,0.15414095
0.019432322,-0.23503947
0.029642738,-0.03481555
0.019137272,-0.2822013
0.039694998,0.021100998
0.070989111,0.17411566
0.036544416,0.14517021
0.085040645,0.33782458
0.049619217,0.41512322
0.057604576,0.49097013
0.0471389,0.3048854
0.025316807,0.40757918
0.032314637,0.30328703
0.103976352,0.4293604
0.110070797,0.502599
0.090777624,0.478158
0.119249115,0.5378021
0.136875647,0.5677631
0.128321758,0.53152454
0.176547209,0.60221684
0.165242765,0.59402347
0.137009831,0.5600133
0.167034424,0.5951371
0.1613919,0.5776038
0.147917179,0.5898566
0.146441465,0.5950171
0.131037114,0.5929234
0.155379142,0.5985441
0.137841397,0.5939026
0.16221716,0.5977342
0.169956437,0.60238814
0.159520375,0.587517
0.119612559,0.5575154
0.066257087,0.5174856
0.146084611,0.5953543
0.096361074,0.567909
0.160610189,0.5994866
0.096000616,0.548931
0.126744356,0.579051
0.060181503,0.5354146
0.241071259,0.57326436
0.204963318,0.5999929
0.177812545,0.59980774
0.219860732,0.5885556
0.181572334,0.603063
0.188466214,0.6016059
0.220910951,0.59009767
0.195684299,0.6013267
0.188966834,0.6028297
0.111482599,0.5590061
0.113811793,0.53966403
0.105514643,0.53316426
0.08762031,0.52330565
0.095756018,0.513896
0.072820167,0.49254084
0.130820621,0.5757644
0.132080119,0.5899706
0.121786981,0.55617976
0.106762873,0.5159614
0.081492119,0.49630332
0.103138002,0.51985526
0.124982542,0.5482656
0.129893815,0.5377331
0.121186475,0.5355791
0.157544539,0.5730326
0.157944273,0.55917454
0.18141184,0.5927646
0.149697963,0.5765774
0.182830561,0.5962167
0.181946068,0.5986204
0.391408459,0.17137912
0.325382803,0.34127003
0.283036695,0.4678588
0.396791816,0.18098044
0.333065921,0.3474205
0.404988348,0.19104671
0.353222928,0.33420056
0.296485447,0.45699275
0.307677913,0.44652843
0.229902183,0.5554123
0.238825476,0.56106687
0.234002201,0.56638575
0.176674455,0.6005906
0.178583994,0.60149825
0.13305063,0.5971472
0.140524552,0.6030992
0.176302761,0.59271955
0.135877432,0.6012471
0.118462225,0.58275855
0.105285234,0.577139
0.106656105,0.5542004
0.422635857,0.08660175
0.49241307,-0.084425226
0.561388567,-0.26138213
0.384819698,0.1976456
0.444547709,0.032175947
0.350043245,0.29649496
0.347553929,0.27515757
0.322903444,0.36517626
0.296020128,0.42137057
0.399246743,0.17016935
0.509512888,-0.12728849
0.615489712,-0.40242928
0.456432228,0.0112837255
0.574047626,-0.29198012
0.675995053,-0.5256385
0.016262368,-0.35571337
0.035720226,-0.08249807
0.061285263,0.13020849
0.02840747,-0.15222001
0.063727708,0.10066414
0.015106644,-0.4629755
0.082618682,0.3193717
0.120986255,0.4622798
0.147576115,0.5645608
0.098879406,0.32622766
0.102109674,0.47256184
0.073821455,0.29834938
0.073877258,0.41643047
0.042678135,0.49267006
0.10874437,0.5258219
0.204296526,0.6029291
0.127563461,0.59162927
0.091807803,0.5736425
0.276535941,0.5737928
0.215475846,0.59834146
0.319528388,0.50625604
0.194121913,0.59919775
0.2676678,0.5688549
0.150006781,0.60195804
0.288776777,0.5329422
0.314212853,0.50719917
0.249937715,0.57344866
0.272322439,0.5265681
0.298590416,0.4743575
0.319520289,0.42945695
0.306881027,0.46026832
0.325227832,0.39089596
0.318691108,0.41882902
0.253372846,0.56008744
0.229365953,0.59151614
0.281302671,0.52663463
0.231970637,0.5933728
0.210830815,0.59717286
0.273047824,0.530228
0.259783703,0.5532485
0.279927096,0.5104054
0.305704327,0.46472216
0.222191409,0.5912539
0.242291684,0.5652443
0.197476177,0.60308814
0.096334404,0.5779438
0.105398883,0.57246494
0.151451068,0.5864055
0.091109977,0.5608767
0.115480801,0.5649295
0.10206901,0.5470283
0.174970569,0.58879304
0.14041947,0.56027937
0.150868139,0.5862905
0.22430433,0.5972272
0.190221477,0.6021888
0.186402975,0.6006899
0.233544848,0.55870557
0.2500252,0.53182995
0.266006776,0.49602997
0.192836464,0.59673846
0.206987917,0.5856639
0.161879128,0.6029973
0.185233923,0.59978104
0.148846672,0.60165024
0.138322551,0.599535
0.092916119,0.58505344
0.116796742,0.5923805
0.127147455,0.5841255
0.285294008,0.43274784
0.31963025,0.33734798
0.366917718,0.20723975
0.241008401,0.5187447
0.265956795,0.45538175
0.204408818,0.563583
0.222307931,0.55987597
0.187344478,0.588017
0.175919853,0.6003852
0.242887011,0.5158119
0.341657379,0.34403694
0.472500452,0.007879512
0.341117538,0.44095242
0.458113673,0.1786162
0.580674006,-0.20348132
0.039873949,0.24427915
0.033579011,0.1525929
0.079903688,0.48158264
0.05696803,0.41260505
0.112564559,0.55510235
0.017483944,-0.049375057
0.29381729,0.5274009
0.285053926,0.53622556
0.271846803,0.5448588
0.257989635,0.588066
0.240988261,0.59329367
0.204954371,0.6024611
0.119914047,0.5179801
0.155410455,0.59196234
0.184303677,0.60289645
0.186298892,0.60209584
0.219488288,0.5879334
0.238429782,0.5603516
0.237418551,0.5660691
0.281424696,0.4750576
0.258639728,0.48827267
0.311895153,0.4410709
0.318768309,0.3736303
0.316712156,0.38387293
0.369359112,0.32817566
0.374499106,0.29867822
0.401970061,0.26837453
0.366973101,0.32962203
0.392139366,0.27262723
0.351556285,0.32291383
0.344883265,0.33292574
0.370921985,0.28494626
0.395605393,0.2609705
0.349355977,0.3478917
0.379113434,0.29561037
0.342235179,0.3801477
0.30017815,0.47455978
0.331316776,0.39420062
0.321298032,0.42379624
0.307041992,0.46697414
0.313286457,0.46084964
0.328252774,0.39255202
0.159824996,0.6009816
0.16431899,0.6029761
0.172183977,0.597684
0.194927258,0.6030961
0.176269336,0.5996622
0.22508094,0.58777666
0.176631774,0.59735274
0.230890557,0.60222316
0.196107197,0.59977627
0.276861915,0.5564996
0.241606044,0.5985459
0.259064462,0.57627344
0.33980802,0.4886455
0.266413913,0.5514996
0.23647751,0.5591959
0.256474366,0.5467138
0.216355974,0.5733721
0.197905246,0.5765337
0.183394147,0.5892997
0.207216801,0.56675553
0.201554838,0.57637393
0.274431734,0.5341469
0.328718761,0.47736084
0.41000371,0.32102978
0.317328643,0.4327466
0.391168698,0.2643148
0.471519168,0.05183129
0.199633155,0.60309494
0.146048392,0.5373194
0.156976695,0.5324993
0.124881218,0.34474945
0.104452774,0.33146358
0.094421706,0.07361555
0.304426367,0.47042155
0.286907682,0.5052688
0.272730156,0.53351307
0.311368549,0.4264186
0.294861852,0.46204525
0.315630082,0.4067818
0.325257614,0.40899926
0.325534906,0.37868905
0.332307929,0.3538844
0.110835678,0.5320004
0.178518706,0.6030731
0.252940993,0.5491563
0.146282572,0.60190773
0.245960627,0.55626357
0.193375012,0.5749903
0.376976428,0.32589883
0.310948551,0.4503774
0.330936848,0.42881674
0.224608428,0.50019187
0.314661185,0.36354405
0.397723727,0.2788691
0.238707221,0.4249344
0.311240184,0.31710225
0.274483172,0.377316
0.340957359,0.30262113
0.30949057,0.31484753
0.356313701,0.27754554
0.330851008,0.33404952
0.333477922,0.3721736
0.315138687,0.35979098
0.24445897,0.54049134
0.2535241,0.5223022
0.272252821,0.51812345
0.242748471,0.5301081
0.271230149,0.49324524
0.260125781,0.52790904
0.306788073,0.4380893
0.287802913,0.47290242
0.291992662,0.47755742
0.258867019,0.53849447
0.283397319,0.5323746
0.27171615,0.54368305
0.270040554,0.48656762
0.28762021,0.5038848
0.316914987,0.3840509
0.277613695,0.552534
0.266605542,0.5432477
0.271793589,0.5400306
0.398485483,0.21828964
0.388815179,0.2750913
0.310834117,0.40076053
0.313130414,0.4569037
0.257687584,0.5144032
0.480675254,0.09682661
0.094739659,0.59560883
0.063666325,0.48618484
0.082499055,0.5157509
0.048778776,0.30432463
0.058686359,0.33370638
0.036162046,0.04473281
0.256212492,0.5542178
0.268750103,0.5021471
0.280445735,0.43975532
0.308926206,0.47515053
0.317599174,0.41578686
0.324225549,0.41659337
0.310898119,0.46909225
0.290032486,0.5199768
0.29490876,0.53235626
0.064881261,0.43904185
0.092456462,0.57834005
0.138400009,0.5944741
0.093288698,0.5450467
0.114304955,0.60309565
0.107512977,0.59325266
0.222391746,0.49107045
0.142833222,0.58606064
0.172198319,0.5483166
0.207477168,0.5840056
0.145675113,0.602203
0.216163545,0.5450951
0.229174325,0.6028142
0.255934934,0.5991899
0.25777509,0.582867
0.261411322,0.5874095
0.281587554,0.5649276
0.27249294,0.55072
0.226285777,0.6025063
0.243201635,0.59163415
0.26274107,0.5587902
0.236789337,0.5963137
0.264139896,0.57157075
0.247796505,0.5719795
0.21638722,0.60242474
0.247653852,0.59037566
0.215990523,0.6022098
0.20309986,0.6030967
0.230319045,0.5955845
0.235586074,0.56796455
0.249376735,0.5805657
0.265508259,0.5537205
0.312378574,0.4976759
0.224833975,0.60047376
0.22575176,0.5983819
0.211864717,0.60092604
0.227910794,0.597069
0.30009718,0.5399095
0.371282667,0.40747863
0.286755518,0.5690166
0.363035563,0.4631884
0.424380512,0.32038838
0.096174685,0.49317408
0.08473129,0.29851437
0.082099729,0.3760488
0.088761425,0.12345338
0.051196262,0.19587564
0.054664784,-0.09816551
0.061426966,0.22308254
0.090124516,0.42909622
0.111269914,0.5641782
0.083334065,0.3540671
0.113729972,0.51454806
0.117369994,0.44897723
0.217406107,0.60240114
0.168109771,0.5676899
0.154888452,0.5969269
0.206527363,0.5835695
0.16366425,0.531919
0.227471034,0.5998149
0.162981389,0.49402642
0.149031682,0.47821593
0.139695398,0.46403122
0.172776215,0.5476662
0.172817544,0.53970087
0.196646253,0.58674836
0.191590598,0.58558154
0.207560594,0.5863831
0.185356118,0.54916453
0.166100918,0.58651185
0.147226554,0.543926
0.129750329,0.4835887
0.200431443,0.57629824
0.18569364,0.53066874
0.215052505,0.5773113
0.172330014,0.47564125
0.19365671,0.53428257
0.167402812,0.47122598
0.17744638,0.59451544
0.16508175,0.59837675
0.174528902,0.60155797
0.233847419,0.60236335
0.224779393,0.60057735
0.293656765,0.57715285
0.117208838,0.56322956
0.102113767,0.5224097
0.124205329,0.5743476
0.224980878,0.60285425
0.270144066,0.58990645
0.318409139,0.5369334
0.241032163,0.5984484
0.27181897,0.5602554
0.297797528,0.4951442
0.02750856,-0.027789354
0.038085529,0.13810873
0.071022809,0.27006745
0.016892852,-0.088922024
0.019496464,0.06955528
0.013288592,-0.24831033
0.096312878,0.22164106
0.057064874,0.1147356
0.021441148,-0.0014677048
0.102015642,0.2682464
0.058228265,0.17604208
0.107131156,0.35079646
0.146005386,0.4066062
0.124189277,0.31438112
0.128719058,0.37727284
0.151057113,0.39804006
0.127959716,0.40686798
0.120295546,0.31942296
0.095964608,0.35485077
0.104446341,0.301229
0.105692673,0.2561803
0.093411913,0.3998072
0.11108681,0.35465622
0.098992838,0.4424827
0.110234026,0.5065181
0.084180946,0.4922619
0.089954361,0.48316073
0.122803932,0.5445492
0.096696453,0.53127396
0.150891828,0.5743704
0.098087559,0.40820694
0.078430976,0.4471016
0.100759312,0.45930314
0.155173671,0.5873904
0.177183945,0.5903866
0.186299349,0.59264684
0.175359753,0.6016787
0.215963001,0.60245013
0.19704164,0.599959
0.131298962,0.53844047
0.154379427,0.57056415
0.149389919,0.5661267
0.146147555,0.598084
0.167469389,0.6026447
0.18657763,0.58888984
0.141814381,0.60289025
0.162033911,0.59641874
0.168371179,0.57570565
0.028843645,-0.13163543
0.018908725,-0.14040709
0.04785047,0.0062172413
0.031901877,-0.00959444
0.066583749,0.114911556
0.019064288,-0.26406503
0.086892506,0.18010068
0.070791164,0.087613106
0.056301655,-0.0065977573
0.085854015,0.17974997
0.068105087,0.093854904
0.088368379,0.19218993
0.108092955,0.30076647
0.098645797,0.24237537
0.098263707,0.24247622
0.128451567,0.38326788
0.115243969,0.31789327
0.101040111,0.24981499
0.122718612,0.37196255
0.110686233,0.30814123
0.109301308,0.3621223
0.113355626,0.417897
0.11929851,0.4703703
0.125467564,0.4292035
0.130864747,0.5155015
0.135421222,0.512727
0.125818127,0.5096097
0.133003048,0.54476595
0.13452804,0.5417967
0.137141371,0.56898475
0.132193637,0.47532487
0.134574648,0.43088746
0.13329026,0.47288156
0.108375966,0.5731356
0.122345867,0.5787933
0.133516943,0.58350885
0.114578867,0.59215677
0.127228878,0.595525
0.128638466,0.6020442
0.123624562,0.5372634
0.1263934,0.5632802
0.115235966,0.55662096
0.140532724,0.59582615
0.107471056,0.58623934
0.167608585,0.60296416
0.136063743,0.59965086
0.156202903,0.6028452
0.195018867,0.6006787
0.076834964,0.1308837
0.068464458,0.081032276
0.063038456,0.033733606
0.061581907,-0.019336939
0.0528219,-0.0645864
0.054656302,-0.126122
0.080087398,0.27403784
0.066844774,0.19547486
0.068720091,0.11411309
0.093350307,0.24096847
0.076880734,0.16223073
0.091253569,0.20905733
0.117003243,0.34920144
0.104551114,0.31271863
0.10655708,0.28041577
0.119679043,0.49701786
0.110125236,0.5202682
0.102287041,0.54136527
0.106341635,0.47644377
0.095760411,0.5010469
0.089153104,0.45380235
0.084376102,0.33772826
0.108914771,0.37379527
0.124049566,0.40727615
0.087356896,0.39800835
0.109459378,0.43100715
0.123695133,0.4541316
0.157938166,0.59422255
0.142179926,0.5814595
0.124659652,0.58405566
0.110245098,0.5674064
0.096076062,0.5705037
0.089137142,0.5374973
0.085387194,0.5330802
0.082249917,0.49596524
0.187683963,0.5966579
0.052531711,0.12622333
0.064217491,0.07853484
0.045036642,0.20798516
0.05895611,0.16120505
0.059472635,0.24156737
0.053650084,0.05299282
0.032008498,0.23043203
0.043505153,0.2639606
0.062559712,0.2963171
0.031701264,0.28591394
0.045563998,0.3182106
0.06583292,0.35937595
0.068868579,0.4186015
0.047902457,0.3803773
0.067934478,0.47075105
0.072669842,0.46257663
0.096337116,0.5109446
0.072266663,0.5037756
0.111473126,0.53964436
0.066660335,0.43540025
0.047328845,0.38888264
0.056244888,0.4272771
0.128454019,0.5397446
0.022857387,0.2366705
0.062682965,0.413558
0.136820997,0.4965031
0.123590518,0.49368882
0.115045286,0.49212313
0.110730333,0.4921112
0.109957594,0.48041773
0.103388934,0.47845602
0.100179109,0.47834015
0.089200509,0.46429467
0.088694559,0.46412134
0.078323052,0.44955564
0.196586848,0.5378748
0.179448261,0.5325092
0.160597116,0.5273719
0.144442297,0.52283263
0.196586848,0.5259428
0.160857339,0.51964974
0.139985809,0.51391363
0.169470559,0.5121193
0.137457351,0.50512075
0.212936772,0.48784733
0.19386367,0.43450642
0.168013746,0.3644519
0.138433027,0.27833843
0.201120912,0.4871726
0.171860015,0.43333125
0.145045066,0.36139202
0.182711497,0.48639488
0.154109461,0.43242836
0.165626213,0.48543477
0.169860914,0.3802564
0.113252372,0.28551865
0.055305421,0.17466521
0.0126,0.054590464
0.166046933,0.34779954
0.110995642,0.24696279
0.067420042,0.13174152
0.150555614,0.3137648
0.109364385,0.20736432
0.0126,-0.13779235
0.0126,-0.074293375
0.0126,-0.009756327
0.0126,-0.043461323
0.0126,0.021106005
0.0126,0.08524823
0.0126,0.05281639
0.0126,0.1165781
0.013697795,0.14851856
0.018638862,-0.029797792
0.013620618,-0.10858393
0.013655286,-0.1842854
0.0126,-0.2560904
0.0126,-0.06648135
0.0126,-0.14818263
0.0126,-0.22617745
0.0126,-0.10249853
0.0126,-0.18685603
0.039534913,0.439502
0.048561453,0.43198133
0.061173793,0.43612456
0.0505266,0.45337224
0.063475915,0.44952512
0.078728263,0.4562099
0.063503876,0.4680457
0.077644238,0.46748686
0.070477028,0.4833281
0.061852702,0.51806283
0.066418847,0.5195317
0.070897214,0.5210941
0.083763579,0.52135706
0.042603197,0.49265027
0.034212365,0.49379706
0.041171364,0.4966848
0.040716758,0.46578145
0.029179313,0.4648702
0.15421151,0.51955295
0.12696627,0.53079486
0.181966657,0.5231023
0.156693179,0.54046404
0.11969154,0.53848565
0.188970905,0.54765654
0.1522131,0.55203366
0.166421195,0.5624081
0.261273751,0.5682895
0.221136156,0.56449294
0.180668012,0.5601896
0.155973025,0.5555458
0.259953729,0.56061935
0.207504944,0.5551832
0.16844547,0.54915047
0.235819074,0.5506902
0.189834869,0.54324245
0.038086724,-0.07778549
0.026438791,-0.1671009
0.016099789,-0.24955702
0.012871468,-0.3244772
0.024545494,-0.13897419
0.01844759,-0.22623062
0.01309183,-0.3060925
0.015272888,-0.19848919
0.0126,-0.28329873
0.0126,-0.35562372
0.0126,-0.3096416
0.016276002,-0.26185727
0.02227233,-0.21230578
0.0126,-0.35342932
0.013149182,-0.30849957
0.016254532,-0.26185298
0.012613889,-0.35028863
0.01334021,-0.306386
0.0126,-0.3462298
0.133159049,0.5824909
0.156185405,0.5772339
0.210071973,0.57245946
0.153506467,0.5835645
0.200153609,0.57951045
0.255359079,0.5759058
0.184941774,0.5846267
0.246105394,0.5816134
0.215806218,0.5861256
0.029178556,-0.12256217
0.019057581,-0.21169925
0.013859198,-0.2910502
0.012911435,-0.3606186
0.018720274,-0.19262338
0.012897468,-0.27904224
0.012698183,-0.35526466
0.013972322,-0.26001167
0.0126,-0.34331942
0.014956862,-0.30477738
0.019400819,-0.24632287
0.02649882,-0.18534732
0.012987169,-0.36068654
0.013429089,-0.3065493
0.016289844,-0.24993229
0.0126,-0.3590324
0.0126,-0.30654168
0.0126,-0.3063445
0.0126,-0.32330132
0.0126,-0.3366692
0.01261546,-0.27440834
0.012713905,-0.28885627
0.012789713,-0.29941392
0.013652211,-0.2391429
0.014720116,-0.25076032
0.01897101,-0.20030522
0.139123204,0.59521425
0.140328478,0.5917947
0.156186231,0.5886955
0.13064117,0.5949068
0.133595892,0.5926547
0.145614252,0.5909084
0.127563885,0.59603643
0.119250878,0.59505725
0.139178414,0.59848666
0.0126,-0.23408532
0.0126,-0.2584498
0.0126,-0.28259206
0.0126,-0.20524573
0.0126,-0.22876787
0.0126,-0.2519889
0.0126,-0.17304182
0.0126,-0.1955595
0.0126,-0.13716888
0.154016117,0.60101604
0.164314412,0.5995475
0.18251065,0.5986328
0.189835347,0.60119486
0.217357885,0.60088634
0.234272808,0.60113704
0.220484968,0.602201
0.235515047,0.60254884
0.240653503,0.60302734
0.0126,-0.046952724
0.0126,-0.07916331
0.0126,-0.107526064
0.0126,-0.1325028
0.0126,-0.11090326
0.0126,-0.14076209
0.0126,-0.16681576
0.0126,-0.17337179
0.0126,-0.2008903
0.019616925,0.059417486
0.013816125,0.030061007
0.0126,0.003843069
0.0126,-0.019775867
0.01526183,-0.005661726
0.012687009,-0.032532454
0.0126,-0.056241274
0.012855144,-0.06975889
0.01261222,-0.09409332
0.033858573,0.12880039
0.029037629,0.10368419
0.02396215,0.07992959
0.017934875,0.057305813
0.015257482,0.078950405
0.01444779,0.056060553
0.01466787,0.034525156
0.0126,0.02935481
0.0126,0.008731127
0.179002532,0.6027179
0.209654596,0.60253906
0.248964525,0.60270584
0.21628274,0.6024802
0.258693157,0.6027969
0.262314617,0.60309374
0.248261563,0.60239756
0.258627754,0.6030431
0.243008294,0.60252583
0.053123,0.16055083
0.039946901,0.13807988
0.029095856,0.116200686
0.018511485,0.09486532
0.040044545,0.12613344
0.03034332,0.10491848
0.021939919,0.08431125
0.028325731,0.091692686
0.020831528,0.07177067
0.04835843,0.16913891
0.037512184,0.15354991
0.028216374,0.13804007
0.034802928,0.12259245
0.029617918,0.14424968
0.019468463,0.12822318
0.0126,0.112330675
0.023561307,0.119482756
0.018511485,0.103084564
0.207045896,0.59851885
0.214751711,0.59933686
0.229747614,0.6009271
0.185129135,0.59368455
0.203947833,0.5971954
0.215243915,0.6006923
0.147971127,0.59082866
0.184817573,0.59713984
0.122003152,0.59277725
0.044582306,0.1531446
0.072220224,0.18431449
0.101352268,0.21602821
0.034802928,0.13354206
0.061704041,0.16368222
0.089915958,0.19441772
0.061253182,0.14294624
0.074465615,0.17267966
0.061253182,0.15080428
0.152630201,0.5646899
0.156374361,0.5735656
0.145645838,0.5834532
0.153148617,0.56332064
0.196568301,0.57705474
0.228528282,0.589419
0.163933619,0.57392967
0.228528282,0.5884681
0.16886672,0.5900917
0.068109921,0.17600322
0.068109921,0.16899753
0.073687886,0.1606226
0.087714772,0.20709682
0.092185332,0.19870138
0.092656894,0.18895149
0.112116781,0.23765063
0.118969759,0.22794747
0.136136066,0.26761222
0.100440988,0.5364176
0.084543576,0.55634725
0.119136202,0.57492113
0.07216325,0.5588037
0.067264319,0.57848036
0.129781563,0.59349453
0.109356429,0.58389497
0.095592216,0.59759617
0.130888167,0.60122883
0.104963686,0.31498885
0.093389862,0.2724309
0.077422493,0.22813916
0.050562782,0.18242168
0.102459,0.26773095
0.084150105,0.2268827
0.062999132,0.18467593
0.086302818,0.221282
0.065252722,0.18256283
0.277713045,0.57859373
0.314486813,0.55599105
0.341219681,0.52372944
0.359593218,0.48105633
0.323626944,0.51166666
0.365335437,0.4691671
0.392011406,0.41676044
0.386614804,0.38861948
0.419872315,0.32813048
0.447512632,0.20977345
0.127402918,0.5528929
0.139308382,0.5744802
0.155634801,0.59125805
0.156489408,0.58298445
0.170959186,0.5973085
0.171300335,0.6030805
0.195185506,0.6019783
0.204211204,0.60108864
0.227675336,0.5916195
0.232834586,0.59334373
0.226741987,0.60177636
0.229492289,0.60205054
0.264386936,0.60265064
0.260836256,0.5942278
0.262619661,0.5730159
0.299792716,0.5737603
0.281643277,0.53873706
0.355433023,0.35229486
0.385351047,0.30855954
0.419065861,0.2608111
0.416916373,0.20003593
0.442470674,0.15127945
0.471342889,0.10066055
0.4881316,0.02353758
0.526133622,-0.023630813
0.577916884,-0.1565584
0.577916884,-0.26115113
0.630282144,-0.3515113
0.672793031,-0.42524177
0.534290979,-0.104940206
0.570815343,-0.2110917
0.605120355,-0.30450386
0.509997075,-0.051303685
0.545689039,-0.1575116
0.48733481,0.0035486845
0.095900258,0.34205127
0.070110837,0.27431822
0.035649631,0.20265937
0.021420621,0.1287229
0.083721672,0.2871771
0.049193666,0.22030902
0.017221227,0.15070319
0.067263923,0.23378134
0.036900072,0.16890049
0.672793031,-0.48664665
0.727993661,-0.53445005
0.793567491,-0.56846917
0.625796961,-0.35463345
0.665478334,-0.42848694
0.70354173,-0.4888562
0.589659566,-0.27047023
0.624580991,-0.35583752
0.550038181,-0.17498681
0.138113923,0.35079527
0.112044863,0.25140142
0.063698738,0.14676905
0.030748937,0.041761637
0.09047504,0.2717626
0.060824222,0.1729896
0.029282218,0.072185755
0.035066673,0.19728255
0.023561058,0.10187125
0.790624698,-0.5951346
0.790464001,-0.6030419
0.792644341,-0.59958065
0.721495163,-0.52637637
0.725380837,-0.5700917
0.726138063,-0.59277475
0.651774893,-0.46246338
0.655840934,-0.52299434
0.597041625,-0.37596005
0.014713476,-0.05479431
0.021875685,0.028065681
0.051672741,0.12140608
0.088876847,0.22473693
0.0126,-0.077653885
0.024463062,0.010363817
0.054603371,0.10987234
0.0126,-0.09773922
0.020695424,-0.0038061142
0.016071408,-0.11570382
0.087885546,0.29963923
0.052786539,0.18066001
0.027256678,0.061043024
0.085345129,0.20478535
0.058522558,0.0896883
0.023468234,-0.022677183
0.063499579,0.11846447
0.041156404,0.00970602
0.799807584,-0.5543554
0.766497145,-0.597986
0.712900776,-0.592505
0.663531812,-0.5124656
0.783478268,-0.57000995
0.741855234,-0.6026784
0.687719887,-0.5747119
0.77696334,-0.58640575
0.719328779,-0.6008692
0.028918148,-0.037427187
0.051323498,0.04928541
0.064793863,0.14433384
0.018973474,-0.13808036
0.035271663,-0.05760026
0.058397352,0.031396627
0.020929864,-0.16405582
0.035219634,-0.08143473
0.015410168,-0.19538713
0.705326389,-0.56576407
0.752248998,-0.60155797
0.792239407,-0.5934086
0.780689473,-0.60305405
0.83804966,-0.58610845
0.850960358,-0.5388582
0.850040563,-0.57924104
0.888617851,-0.5253594
0.871581297,-0.5123651
0.76394925,-0.60081625
0.805983542,-0.5968815
0.850714273,-0.56547856
0.811855181,-0.594581
0.852281541,-0.55891824
0.860048158,-0.50034523
0.848151428,-0.5521693
0.858843758,-0.4873047
0.863097117,-0.47329783
0.86436456,-0.4625547
0.849399593,-0.45201206
0.849602959,-0.44241428
0.852156583,-0.53877985
0.850946245,-0.53318965
0.842417585,-0.5279443
0.821104936,-0.5829538
0.824043454,-0.5811868
0.787536608,-0.602584
0.019674181,-0.2737441
0.0126,-0.24679947
0.0126,-0.22109127
0.021704061,-0.14498067
0.024232681,-0.12729192
0.029798743,-0.108826876
0.047825678,-0.02511406
0.05138398,-0.01409173
0.079992251,0.088468075
0.85415532,-0.42856908
0.855689236,-0.5072892
0.83957533,-0.5651077
0.815837714,-0.59689116
0.860122396,-0.4318781
0.851720806,-0.5096235
0.834300294,-0.56560135
0.849602959,-0.43671846
0.845977313,-0.5126302
0.080247422,0.04806161
0.06940713,-0.10431957
0.05351161,-0.27813983
0.03427762,-0.4740677
0.056879099,-0.06543374
0.044093368,-0.2126441
0.032447075,-0.37982965
0.029917085,-0.17320347
0.029132564,-0.3147614
0.852714088,-0.41975498
0.85171872,-0.4123323
0.862632301,-0.40768576
0.85287278,-0.49409842
0.852671909,-0.48681855
0.857860218,-0.48019218
0.84999287,-0.5488961
0.854948828,-0.54426646
0.848313638,-0.5874437
0.016397751,-0.7819891
0.024536831,-0.6960137
0.030238995,-0.58577394
0.047662679,-0.573071
0.056168729,-0.46708107
0.056939595,-0.36027694
0.080848427,-0.3404193
0.084884921,-0.24074101
0.107934329,-0.11720443
0.854123405,-0.58190787
0.868177723,-0.53618336
0.865144254,-0.47544646
0.866906473,-0.5437155
0.877072383,-0.48218274
0.880826846,-0.4139967
0.876474209,-0.49995184
0.880826846,-0.4345553
0.887347472,-0.46575356
0.053312842,-0.4044435
0.037095599,-0.55635715
0.023798054,-0.67048526
0.014595173,-0.74972296
0.046156491,-0.5423534
0.027257269,-0.69295096
0.0126,-0.7982645
0.033955861,-0.6684966
0.013917981,-0.81177855
0.872805288,-0.51205826
0.852003052,-0.5533947
0.815689123,-0.5837116
0.854209162,-0.5525193
0.828618213,-0.5794841
0.799991503,-0.59788716
0.824513607,-0.6028029
0.783366332,-0.59909093
0.767969458,-0.5473181
0.024620393,-0.19621539
0.019177822,-0.28692484
0.0188957,-0.38552117
0.022914457,-0.4971838
0.024478266,-0.40104032
0.015606948,-0.49141026
0.0126,-0.5791092
0.020952875,-0.5904434
0.014660948,-0.66797876
0.585398981,-0.24454862
0.692748171,-0.5087318
0.760176579,-0.6012671
0.654110576,-0.44024146
0.731513288,-0.58244133
0.771306438,-0.60163414
0.694586578,-0.5447866
0.731854107,-0.5998143
0.693465976,-0.5815532
0.108528333,0.27206826
0.058437964,0.1205492
0.02406823,-0.06448698
0.0126,-0.24166584
0.080503068,0.03823614
0.046725969,-0.13911438
0.029155137,-0.3175547
0.038850514,-0.23567963
0.037389367,-0.40174866
0.468006797,0.11275509
0.578945909,-0.21530196
0.655881681,-0.47544742
0.547127124,-0.14923358
0.635372909,-0.40452027
0.66795275,-0.5442145
0.628235281,-0.37421834
0.630501021,-0.5071094
0.618524561,-0.4716193
0.133263681,0.47696757
0.097124294,0.32983637
0.05518742,0.15172482
0.050059899,-0.043205976
0.072822731,0.29907584
0.05702079,0.1051147
0.059248204,-0.09733224
0.026523591,0.047829628
0.046744465,-0.16330504
0.416286496,-0.027568404
0.550280916,-0.23526785
0.638951444,-0.37379223
0.585031782,-0.246095
0.630823095,-0.34462065
0.601702745,-0.41560048
0.622994427,-0.3194039
0.620564425,-0.36858815
0.619405872,-0.3613981
0.120322439,0.52717066
0.067231124,0.39702225
0.055067162,0.23085308
0.082247225,0.042618513
0.071404271,0.3886025
0.024571161,0.22170258
0.041447778,0.028890848
0.045126919,0.19868064
0.032654633,-0.0003566742
0.533163192,-0.06500768
0.619422609,-0.24153537
0.609244577,-0.32371938
0.609345193,-0.19122356
0.601210016,-0.32112914
0.620877854,-0.37818152
0.599438097,-0.30055162
0.613133262,-0.39524382
0.619547814,-0.39309394
0.135989512,0.5207279
0.112613522,0.36403966
0.093835347,0.17354941
0.082418636,-0.010139942
0.11280712,0.38888788
0.090436802,0.20780706
0.083033839,0.021295547
0.090889131,0.22806072
0.083302233,0.039782047
0.479458152,0.13728152
0.577553292,-0.09916353
0.588881394,-0.28125829
0.531023849,-0.0046772556
0.592572357,-0.2219145
0.60847529,-0.37015206
0.58386069,-0.13807349
0.590198958,-0.32391196
0.569544104,-0.25182775
0.130133659,0.40808415
0.067116262,0.20649791
0.064825675,0.013691425
0.049222723,-0.14433217
0.128781056,0.27022552
0.092707481,0.07243824
0.07977431,-0.09610009
0.100983779,0.12668729
0.089919424,-0.050410748
0.392892527,0.2910536
0.470913384,0.102051914
0.553107312,-0.08819722
0.425506841,0.19101882
0.51333523,-0.0025013338
0.569544104,-0.18127212
0.466471863,0.09028591
0.560841173,-0.09837818
0.528189943,-0.0050910483
0.072188184,0.17224932
0.033363474,-0.0006322861
0.013420313,-0.14982104
0.013969392,-0.27406025
0.065221276,0.054296255
0.029392736,-0.1024971
0.014792189,-0.23158312
0.042734845,-0.052204132
0.018141728,-0.1878922
0.316218015,0.39583445
0.377317147,0.27256203
0.453782799,0.1349895
0.359328709,0.33077383
0.43110651,0.2017394
0.505739646,0.065330565
0.420262082,0.2622387
0.489123436,0.1316131
0.46726736,0.19286716
0.013427755,-0.19522548
0.015586106,-0.097952366
0.023997422,0.017887354
0.0148903,-0.30201364
0.016080701,-0.2163279
0.015451149,-0.108368635
0.044948816,-0.31620765
0.022441215,-0.21802688
0.055227666,-0.30871105
0.312832217,0.47256893
0.363094797,0.3918224
0.421886877,0.2968871
0.351300926,0.44388872
0.410714782,0.35275906
0.46726736,0.24865428
0.393668682,0.41407
0.46726736,0.31339687
0.39580154,0.38367867
0.037246954,-0.14244223
0.039055243,-0.22502494
0.050391288,-0.27973342
0.027583277,-0.10465312
0.021698179,-0.17771506
0.026478761,-0.22236204
0.018629714,-0.05761218
0.014900245,-0.119393826
0.014129779,-0.001095295
0.39580154,0.46397144
0.320638791,0.53331363
0.25301207,0.58240795
0.363159869,0.48243922
0.32484445,0.54361904
0.285759905,0.58640134
0.295661378,0.5539031
0.261035079,0.5902213
0.237680612,0.59376085
0.032881312,0.14093375
0.040602112,0.14859843
0.052721341,0.16067386
0.065579211,0.1763463
0.033564975,0.040598154
0.041184418,0.045157433
0.052523024,0.054700375
0.034240832,-0.054596663
0.042363832,-0.05252552
0.163316828,0.5709125
0.2070932,0.5970831
0.251406012,0.60213435
0.163889147,0.55483294
0.207999875,0.5894271
0.25301207,0.6030519
0.162521296,0.5357795
0.167359191,0.5787189
0.167359191,0.5141394
0.079365196,0.3853054
0.098912118,0.4295261
0.129643245,0.4732952
0.064676244,0.31755328
0.087938419,0.36458588
0.097343525,0.41258454
0.061168111,0.2470839
0.097343525,0.295861
0.121404158,0.5027604
0.127420676,0.5033045
0.133342882,0.5130763
0.19572874,0.42313623
0.190023394,0.39466548
0.208016128,0.45896816
0.082987577,0.33865333
0.058025025,0.251405
0.031430142,0.15552258
0.109622456,0.35290694
0.084829306,0.26850963
0.138237653,0.36681414
0.016403298,0.21564412
0.021425449,0.18538499
0.046921212,0.2795968
0.01700743,0.028702974
0.013409087,-0.0076317787
0.014369581,0.088487625
0.110623905,0.4996884
0.120996699,0.50952315
0.131698669,0.5191257
0.108578761,0.50800896
0.118616347,0.5169754
0.105436729,0.51699567
0.09627041,0.484905
0.083814637,0.48150158
0.08863208,0.47069478
0.092100671,0.5046153
0.081026912,0.493109
0.096091986,0.49439812
0.059113901,0.49092102
0.048160173,0.5032985
0.052644918,0.47797656
0.216708373,0.5297611
0.210453953,0.52656484
0.19921718,0.5529249
0.102525063,0.54209566
0.137864638,0.5573435
0.112437795,0.541168
0.130378847,0.5409436
0.12340856,0.533162
0.114874103,0.52508044
0.133563519,0.53443897
0.127054075,0.52589667
0.137967771,0.52838707
0.125452779,0.54272985
0.123032521,0.54536414
0.121278393,0.5488764
0.117357763,0.5354376
0.113425063,0.5387124
0.107924874,0.5280591
0.148076186,0.5352396
0.162433421,0.5390332
0.151095936,0.54614043
0.139333378,0.5457506
0.14280282,0.5402813
0.146909894,0.5507095
0.079399051,0.3673849
0.091399595,0.39517307
0.10263895,0.42187333
0.051067371,0.31132078
0.066390422,0.3423307
0.023152901,0.24988341
0.17687769,0.44746304
0.189105738,0.48004556
0.197031566,0.5059273
0.169736513,0.50018525
0.176244507,0.5230522
0.160850674,0.53907263
0.198359012,0.54316866
0.17995256,0.5630497
0.174620217,0.5556412
0.129213821,0.42749858
0.157860459,0.4940703
0.126005266,0.45068502
0.15221213,0.51150274
0.127284992,0.47264743
0.158099532,0.43776608
0.030324081,0.045215607
0.02842945,0.10392928
0.029267492,0.1628933
0.049691174,0.12028265
0.048008376,0.178092
0.071178969,0.19412088
0.075152946,0.2777803
0.05039425,0.263489
0.081730737,0.35488963
0.027483886,-0.047487736
0.033776007,-0.06351876
0.018765717,-0.12468171
0.042838572,0.027076483
0.060624598,0.10209656
0.051240019,0.0104420185
0.120599578,0.42434382
0.115768485,0.35586143
0.092946656,0.27827287
0.121174996,0.4229796
0.101597005,0.35501337
0.11173567,0.4221747
0.06284843,0.5279795
0.05944102,0.5388739
0.07745077,0.5505636
0.092895975,0.5504489
0.086778893,0.55913067
0.120829928,0.5656091
0.055245548,0.5156903
0.062890752,0.5063989
0.054372643,0.52924347
0.105254177,0.5457933
0.081799334,0.54615045
0.09371415,0.5348997
0.070007667,0.5351726
0.084966054,0.52349865
0.071716267,0.5140903
0.142532059,0.5877423
0.136288189,0.5802574
0.145836034,0.57178116
0.127764289,0.58149016
0.11128913,0.5737581
0.103072795,0.56846964
0.150402684,0.58349144
0.158325047,0.5694382
0.159595929,0.57400393
0.134619491,0.55093014
0.141631312,0.5547857
0.146320507,0.5587468
0.139331036,0.560019
0.14472425,0.5629642
0.151468544,0.5681832
0.131030322,0.55568755
0.13170172,0.55294585
0.139542368,0.56223273
0.126975729,0.55773914
0.135910005,0.5635145
0.14515476,0.56906784
0.131999849,0.56638
0.137852648,0.571174
0.131236547,0.57460856
0.114478909,0.55587244
0.126985422,0.56550467
0.102764938,0.5570357
0.151749991,0.5668218
0.169933557,0.5697601
0.140777394,0.57569027
0.15434464,0.574041
0.146802138,0.57003546
0.14677003,0.57884514
0.125030831,0.4818263
0.141084918,0.51971054
0.151113182,0.54663336
0.135256857,0.5284424
0.141745233,0.5543442
0.136691405,0.56214774
0.127515861,0.48480058
0.128846307,0.4831345
0.132578575,0.53050137
0.137914971,0.5967078
0.138003905,0.59192705
0.138698835,0.58147585
0.146215137,0.58636296
0.144444579,0.5749397
0.152925824,0.56806946
0.147928216,0.59191
0.145292339,0.5947962
0.151198849,0.58541465
0.022448105,-0.18176389
0.03820861,-0.09641433
0.030363909,-0.11138582
0.030541322,-0.16880059
0.021306809,-0.23118234
0.030496407,-0.14787889
0.01711429,-0.2072308
0.0126,-0.25779152
0.01930556,-0.19830155
0.063525989,0.02711916
0.07112034,0.13327122
0.060364393,0.23740196
0.052906237,0.0073940754
0.053122856,0.11321449
0.043788298,-0.008880615
0.090959169,0.2068162
0.083315729,0.22123337
0.0765421,0.116708994
0.105113837,0.36710262
0.082919037,0.30377102
0.100003068,0.29027224
0.114477488,0.47116852
0.108731479,0.5114505
0.110817504,0.544644
0.095612595,0.42200446
0.089553326,0.47092986
0.071496998,0.36549306
0.121777965,0.521405
0.130308209,0.55715775
0.118193827,0.5512742
0.065698326,-0.05464077
0.046328928,-0.111138344
0.03313661,-0.16370726
0.046352106,-0.09923601
0.029861386,-0.15527558
0.032649512,-0.1428411
0.023716389,-0.20617723
0.016349148,-0.25721264
0.024099879,-0.21021485
0.052792815,-0.10239673
0.040768904,-0.13773131
0.028589468,-0.1703372
0.043212533,-0.13969445
0.033168649,-0.17431283
0.03259099,-0.17634845
0.059394793,-0.08915925
0.044287481,-0.1267519
0.062081501,-0.07326794
0.150489765,0.59262586
0.142947769,0.5848961
0.124171052,0.5720607
0.145994493,0.5961453
0.144836666,0.5885323
0.1323719,0.5990722
0.135110203,0.5999776
0.147662533,0.59708583
0.134508568,0.60029185
0.131822077,0.5840428
0.134004524,0.59281635
0.140253206,0.5775671
0.161397862,0.58015466
0.173130478,0.5836251
0.160802566,0.586414
0.160825503,0.59021807
0.172061704,0.59175444
0.162143884,0.59778786
0.130664676,0.585008
0.147155591,0.58218
0.143624847,0.5927324
0.122578619,0.59217644
0.134277903,0.59809256
0.124540314,0.5983434
0.137384183,0.5883422
0.147004294,0.5883038
0.142455447,0.5923927
0.159610702,0.5923153
0.152604721,0.5961691
0.170949234,0.5970211
0.125824711,0.6013137
0.129152822,0.60309696
0.181337113,0.6013187
0.131318643,0.5985805
0.144854784,0.60242164
0.137442101,0.5915606
0.139413798,0.5907085
0.177206704,0.6026659
0.147489133,0.5893624
0.117390802,0.60280836
0.122706999,0.60296774
0.133205822,0.6024616
0.045600909,-0.09292221
0.047710173,-0.07166958
0.043868793,-0.04609251
0.070550677,0.0068206787
0.062029388,0.032382727
0.08867862,0.111991644
0.078003373,-0.0051407814
0.058630138,-0.04946637
0.088196677,0.050607443
0.047393822,0.069105625
0.042353836,0.18998647
0.055674981,0.14765954
0.119119034,0.124115944
0.107703024,0.063329935
0.086692343,0.0035898685
0.120055669,0.117660284
0.099019984,0.055734873
0.105174389,0.11361027
0.082959973,0.2390604
0.048796189,0.27832174
0.044515051,0.32133102
0.079266152,0.36185622
0.066148198,0.39907455
0.098080812,0.46781588
0.108920242,0.52284503
0.10328104,0.49686122
0.071695036,0.4361732
0.207166894,0.6019807
0.167651528,0.5847528
0.131653015,0.5409384
0.17428573,0.5925468
0.136885629,0.55910635
0.14168707,0.5734203
0.224311548,0.6030513
0.185931818,0.60009396
0.217495727,0.60201097
0.07097569,-0.054725885
0.076231284,-0.039755344
0.080761016,-0.022114277
0.083275541,-0.0053961277
0.089547977,0.011268854
0.084163314,0.045408726
0.10823492,0.095368385
0.102687738,0.06911039
0.098128717,0.03597355
0.016763591,-0.18057966
0.012978484,-0.15948558
0.013016356,-0.2179892
0.027066433,-0.14827728
0.034299898,-0.094486
0.037341728,-0.03908038
0.021262419,-0.12891126
0.024786897,-0.07557154
0.014865856,-0.108195305
0.055259654,-0.0820992
0.045635597,-0.060971975
0.040472632,-0.11651087
0.064892013,-0.034897804
0.067350957,0.013883352
0.05286959,-0.014255285
0.167803386,0.60278344
0.17664752,0.6005976
0.214228709,0.5875783
0.141957087,0.60302377
0.153079131,0.5997144
0.12479313,0.603057
0.201571738,0.5946269
0.153363437,0.6006665
0.206073046,0.5888628
0.186893062,0.6025448
0.178629575,0.60309935
0.177660575,0.6020225
0.141701696,0.60241556
0.153667201,0.60076165
0.134597791,0.5991492
0.228538788,0.5934069
0.19632317,0.6024432
0.218131705,0.5994667
0.135405982,0.59779
0.144178798,0.59750843
0.139588087,0.59965277
0.158239966,0.6019516
0.166062054,0.6030139
0.139338144,0.6009116
0.245529847,0.591223
0.259364049,0.57554686
0.273110571,0.5639436
0.275471409,0.5692868
0.305920277,0.54145455
0.314908633,0.53134406
0.248672317,0.59668326
0.260094009,0.5926192
0.275205979,0.5710392
0.11710116,0.36543107
0.1294574,0.28468227
0.115305243,0.19940233
0.11432045,0.3987
0.107471988,0.32178235
0.101921782,0.4334774
0.131344013,0.20529008
0.133177025,0.2012062
0.125456899,0.28668857
0.112128691,0.15617204
0.097936075,0.18831325
0.079954941,0.22041988
0.100328359,0.12814045
0.082405185,0.16104603
0.084786512,0.10249162
0.098300702,0.26679993
0.116306924,0.23611736
0.114282813,0.3155887
0.11611669,0.4811406
0.119837114,0.50761366
0.133798684,0.53225553
0.145717501,0.5627208
0.170205483,0.5772332
0.201230675,0.6002383
0.21596462,0.6015222
0.219270545,0.6009135
0.173989586,0.58102155
0.261098688,0.59594357
0.300430497,0.5649835
0.280027062,0.5955211
0.0126,-0.10835099
0.0126,-0.07814264
0.0126,-0.14256477
0.061794745,0.092345476
0.038986662,0.13962913
0.020810955,0.18693852
0.04929481,0.0615232
0.030049748,0.10958481
0.036983882,0.033916235
0.056831075,0.20643854
0.03802758,0.1952939
0.059266094,0.14885616
0.0126,-0.071055174
0.012770979,-0.0024952888
0.017838558,0.068069935
0.0126,-0.04311037
0.01545952,0.024327517
0.0126,-0.013864517
0.02425261,-0.004205942
0.016925871,0.031592846
0.016064295,-0.039462328
0.017528961,0.10281277
0.022685852,0.06797147
0.014950138,0.14244318
0.014233603,-0.042280436
0.015841004,-0.01136899
0.018781805,0.024294853
0.01361366,0.05532217
0.017913287,0.08389807
0.019308775,0.10721421
0.22545327,0.59543705
0.275867462,0.57486486
0.325250104,0.53369534
0.259122643,0.5838829
0.303259159,0.5501114
0.276859668,0.5694994
0.344021854,0.49428952
0.344122677,0.49083573
0.315212828,0.53019536
0.18767929,0.6025623
0.222010119,0.6029943
0.224704024,0.59991646
0.193362254,0.60309446
0.224407298,0.60045886
0.200825992,0.6014173
0.294358345,0.5682361
0.239573537,0.59194064
0.259346225,0.58988965
0.203043225,0.60213804
0.180121939,0.60253453
0.180183874,0.60198796
0.189253611,0.60286474
0.198892573,0.6028967
0.168052418,0.60303473
0.381101502,0.48426235
0.329840251,0.555877
0.259508954,0.5957253
0.37587213,0.49788684
0.332018161,0.55987847
0.350449614,0.51351154
0.427301233,0.32549918
0.408740296,0.38681966
0.370259775,0.4646098
0.413603022,0.40017295
0.38035671,0.43703663
0.368594214,0.47422558
0.408163556,0.40089923
0.400010861,0.4313174
0.429866443,0.3353057
0.059131511,0.30516243
0.067684494,0.38510537
0.097115905,0.45720387
0.047705576,0.29085803
0.063008255,0.3711629
0.032486094,0.2790525
0.095701441,0.39550734
0.111062878,0.5029831
0.130679212,0.5751705
0.080808787,0.4263289
0.112987276,0.52451277
0.076848255,0.34990215
0.237827056,0.5836843
0.169180795,0.6017319
0.136604585,0.5568322
0.185737634,0.59816706
0.129895198,0.5921453
0.18069748,0.6030648
0.334374786,0.52210426
0.280347489,0.5565599
0.253899904,0.58109426
0.018077795,0.02717805
0.031770553,0.103452444
0.049499463,0.18100214
0.02410344,0.061168194
0.036973532,0.13542914
0.027067767,0.09505868
0.027494578,0.10533357
0.040331714,0.14315987
0.022069505,0.06373906
0.029735103,0.15525413
0.047200384,0.2440567
0.062837503,0.3319385
0.046364911,0.19017625
0.06529985,0.2759428
0.062698207,0.22545505
0.027146921,0.23610139
0.04509839,0.28463864
0.029086247,0.19350314
0.047651958,0.3244524
0.078244571,0.4110756
0.056018676,0.3686111
0.050819276,0.15173626
0.036578652,0.115829706
0.043374005,0.14107537
0.052056307,0.16725111
0.036767363,0.14166474
0.05199379,0.16437364
0.030798788,0.13283062
0.05482559,0.20645499
0.082968246,0.2791903
0.035581754,0.1546452
0.066911183,0.2253182
0.049431399,0.1751926
0.040935501,0.17156196
0.055954757,0.2146914
0.06723474,0.24769378
0.056573324,0.17795229
0.081170517,0.22613454
0.107955769,0.27304554
0.064801418,0.18812108
0.087699606,0.23415828
0.069587491,0.19663739
0.101618683,0.27551198
0.07466568,0.22601914
0.090938715,0.2773049
0.230311233,0.58933806
0.271121851,0.5652025
0.312808664,0.5198473
0.298454707,0.5649408
0.33360605,0.5178329
0.344554238,0.52248454
0.402066953,0.37313032
0.38248354,0.45702833
0.360830182,0.45066255
0.171374268,0.6030574
0.174607295,0.6028249
0.185437917,0.6004971
0.155733619,0.6027601
0.169439208,0.5998193
0.175438839,0.59967077
0.25365626,0.56798744
0.198765623,0.58987176
0.202395901,0.5913495
0.195361162,0.6025431
0.220108897,0.60171556
0.205092487,0.6015687
0.18950387,0.6030636
0.188496557,0.6029178
0.199775959,0.60203767
0.391950651,0.42060882
0.416832647,0.32591993
0.425110733,0.2722357
0.395824461,0.3415296
0.409598809,0.24856925
0.399127398,0.25361234
0.358063222,0.46763408
0.365642702,0.39523506
0.31758748,0.51280785
0.403759401,0.27588028
0.380077929,0.3509261
0.351071523,0.4444844
0.392560257,0.24285442
0.377891011,0.34159952
0.391562886,0.22729823
0.407249181,0.16022874
0.402619213,0.20407656
0.403425257,0.15710688
0.315689701,0.45847255
0.297978372,0.51504964
0.282219174,0.5562079
0.340730617,0.38926494
0.331059722,0.4589334
0.373820314,0.3162819
0.084767623,0.44624972
0.100608288,0.48109722
0.128706153,0.51725245
0.116755103,0.5387585
0.148927901,0.5641835
0.16947051,0.5939262
0.232223275,0.599548
0.207311995,0.60267115
0.175758117,0.58853316
0.266770174,0.5532514
0.223329287,0.5991881
0.254034251,0.5834259
0.075780409,0.26958632
0.103481806,0.35628366
0.126839439,0.43744516
0.085761892,0.29932523
0.11499026,0.38140917
0.096374072,0.32824254
0.083782256,0.36822867
0.106389833,0.4036739
0.088113997,0.3166778
0.123534166,0.50085497
0.099506125,0.4743135
0.123804288,0.5565126
0.069564334,0.1962552
0.068203031,0.19452238
0.068514425,0.1918416
0.089278678,0.22399545
0.086794698,0.22244787
0.109248683,0.2523067
0.109572553,0.26009107
0.088546921,0.2287612
0.109209804,0.26693082
0.064203236,0.18555975
0.081751141,0.20118952
0.052977158,0.16932559
0.086241576,0.21292162
0.104724815,0.24085426
0.102813447,0.22878885
0.167438835,0.35227013
0.147696812,0.31861544
0.128316646,0.28522897
0.14949332,0.32758498
0.128751092,0.29361272
0.129116577,0.30116796
0.126719679,0.49443507
0.11218746,0.42793393
0.104106874,0.35496426
0.135201185,0.4767418
0.117243763,0.4054048
0.137703681,0.45763063
0.139070912,0.3293383
0.120837281,0.3341298
0.108525069,0.33855033
0.161860787,0.3854537
0.12849443,0.3923471
0.161243622,0.43999553
0.180465241,0.38151264
0.164012433,0.3563292
0.182854004,0.41077995
0.107193172,0.47594762
0.122347649,0.45787978
0.108730296,0.4096663
0.29802983,0.52360106
0.242111121,0.571061
0.209722156,0.593091
0.287213936,0.5314387
0.23849271,0.57595587
0.278934384,0.54239523
0.333541178,0.46699262
0.37144458,0.3518566
0.347030998,0.452061
0.194744858,0.6016512
0.197841938,0.60286534
0.191679044,0.59899557
0.192014506,0.60294366
0.179421045,0.6004611
0.173081043,0.60224915
0.232915074,0.5834285
0.211912891,0.59635603
0.200731807,0.6004915
0.170522376,0.5915599
0.143025013,0.58460116
0.149979102,0.57969093
0.163352551,0.5924268
0.162286108,0.5911131
0.153159078,0.5768182
0.38810384,0.2267797
0.360203793,0.36465007
0.319820733,0.48057044
0.384233746,0.24038383
0.344858883,0.38616407
0.374183392,0.26679713
0.41014593,0.11435248
0.411617519,0.10187319
0.414649306,0.10694197
0.431566303,0.048487015
0.438448576,0.02002771
0.457145424,0.030524213
0.406164038,0.1695371
0.419220643,0.09826212
0.436266998,0.09311174
0.384061985,0.30438602
0.398682744,0.22683114
0.444742296,0.1371376
0.317801935,0.4596275
0.331477631,0.46052945
0.339426224,0.46104085
0.258677634,0.55528843
0.27103778,0.5566679
0.218997188,0.59976804
0.398282418,0.3008795
0.454274647,0.12545864
0.407943111,0.29790908
0.153623896,0.53898764
0.1581504,0.5254605
0.147033371,0.51076293
0.17842636,0.5751922
0.172259535,0.5663761
0.198732147,0.5980532
0.190539383,0.596349
0.151297684,0.56100154
0.170332866,0.59487164
0.232023308,0.5982255
0.227500275,0.5991943
0.278248449,0.5542835
0.130834675,0.28140664
0.153508179,0.30912423
0.15064042,0.3354373
0.131377324,0.268646
0.147085299,0.2951231
0.131070446,0.2552216
0.168636186,0.3476653
0.155482769,0.3420918
0.149949887,0.31439972
0.129290147,0.23482656
0.13731291,0.252012
0.111330755,0.21198416
0.143258333,0.27401996
0.147855622,0.31378937
0.144083727,0.29121065
0.177758762,0.38710523
0.170628076,0.42036605
0.163813692,0.4518094
0.163326618,0.38138795
0.155691655,0.41369772
0.150667905,0.37471342
0.189519423,0.41664672
0.190496348,0.4457841
0.185160999,0.44979668
0.130386348,0.53413904
0.138531641,0.5655894
0.147982531,0.5879519
0.112179027,0.51716685
0.124692181,0.5511162
0.133862618,0.4998188
0.16000257,0.5702572
0.185349502,0.59492373
0.164510646,0.5915698
0.16661418,0.5454594
0.166598281,0.5156436
0.166020595,0.48035192
0.151782007,0.56189644
0.141924229,0.5340464
0.134907077,0.57614434
0.173584982,0.5169749
0.171330812,0.4854474
0.181905161,0.48372436
0.263627837,0.5561304
0.221190789,0.59208345
0.188849756,0.6030705
0.24217354,0.57294846
0.198350858,0.6004132
0.20924757,0.59071887
0.291447055,0.5054285
0.262004219,0.5350784
0.321795628,0.4249903
0.124886521,0.5573051
0.124177896,0.5404421
0.140734535,0.5504148
0.170694955,0.55421674
0.164615398,0.55485857
0.149398165,0.55840755
0.159933552,0.5316528
0.149786888,0.53970265
0.138326294,0.5254116
0.165644065,0.5767772
0.181030074,0.5791738
0.174933064,0.5955471
0.1638534,0.6024914
0.176835557,0.5994084
0.165463368,0.5838342
0.314783067,0.4547974
0.34504811,0.38067752
0.36209746,0.31766343
0.278079979,0.5238747
0.299752694,0.47182345
0.232604026,0.5673777
0.41731289,0.14915337
0.407116969,0.20226249
0.385643836,0.27420768
0.458791662,0.05257763
0.435376419,0.099453986
0.457995419,-0.014380667
0.465631077,-0.03237204
0.466488018,-0.020023512
0.447375118,0.02207528
0.477256413,0.020896137
0.481989533,0.014526701
0.47313376,0.01685546
0.48920719,-0.057377093
0.481408781,-0.04429616
0.474023017,-0.06251178
0.397060549,0.32505572
0.450961081,0.1393593
0.447706479,0.16044119
0.180849065,0.6030774
0.192386146,0.6024246
0.216884169,0.6007091
0.229606347,0.58172214
0.241634626,0.57334137
0.291394351,0.5129707
0.258596,0.56480193
0.320626774,0.48001635
0.302495222,0.49729878
0.36135126,0.3739835
0.376411796,0.34955204
0.427673027,0.1834077
0.141216495,0.36157012
0.131700832,0.38588238
0.123478702,0.4084208
0.139727504,0.3385527
0.132632756,0.3616252
0.139104666,0.3144467
0.138674609,0.40077662
0.142262198,0.43924308
0.128026145,0.42487955
0.12347835,0.2859645
0.116504564,0.30171514
0.105583048,0.25398707
0.129958035,0.332824
0.12300134,0.3797853
0.117006419,0.3486762
0.151907905,0.49164557
0.146917987,0.5264003
0.141544307,0.55550694
0.133213235,0.47812223
0.129928631,0.51270914
0.119828581,0.4626646
0.169181235,0.55029786
0.156869958,0.5536386
0.164356611,0.5226195
0.167237688,0.58461547
0.186439035,0.6026428
0.223937115,0.59223795
0.170026936,0.586921
0.186361686,0.6029011
0.160331516,0.58838534
0.164249505,0.5946013
0.167185676,0.60093236
0.198922339,0.60224795
0.21306968,0.59562933
0.265072779,0.54875076
0.246029553,0.57484233
0.117937309,0.56551707
0.111698041,0.54365575
0.102101174,0.5378511
0.19194589,0.5795002
0.151845172,0.5653666
0.188838008,0.59382224
0.275337105,0.6004858
0.261275266,0.60202837
0.295437133,0.59124804
0.396048849,0.16466591
0.421943559,0.07957338
0.444554079,0.021617055
0.361774933,0.25884387
0.409147489,0.16696456
0.340017246,0.36201894
0.159100431,0.5569068
0.159128059,0.5622772
0.178517885,0.57001257
0.159419024,0.5900241
0.181022525,0.596529
0.184840229,0.6025746
0.214929582,0.5953902
0.202861773,0.60206735
0.244239911,0.57517564
0.14275587,0.48656678
0.15074932,0.5005188
0.125539256,0.51747274
0.12697711,0.4950478
0.116387772,0.51588964
0.116038354,0.5195999
0.158685602,0.51281834
0.167189989,0.50349355
0.166716131,0.5270369
0.15527849,0.5281588
0.155041474,0.5259069
0.14331231,0.4979794
0.212197243,0.60293376
0.239035919,0.58106303
0.270956459,0.5252111
0.213748002,0.59806347
0.221361603,0.6007763
0.198241512,0.58495677
0.290002427,0.45626193
0.236815902,0.54265964
0.31811771,0.36754757
0.322620163,0.46584433
0.295714252,0.5378264
0.353074852,0.4299236
0.439221187,0.13553326
0.393128457,0.25346607
0.462567338,0.07979382
0.455215301,0.024858423
0.501886991,-0.053559706
0.517285643,-0.09002003
0.464747563,-0.02547305
0.500026621,-0.077488475
0.470204315,-0.05443295
0.496362313,-0.053393073
0.494974869,-0.08005526
0.50678168,-0.08680001
0.340772378,0.42068565
0.391830879,0.29456472
0.432829593,0.15102299
0.316971089,0.477049
0.370461542,0.37111235
0.290417057,0.52312154
0.407005387,0.23751578
0.460023083,0.05305045
0.452940192,0.09682661
0.50652578,-0.08571653
0.477818335,-0.015147224
0.488066906,-0.039764713
0.113805667,0.43836474
0.101066093,0.4650135
0.10152426,0.4886384
0.10774195,0.4079094
0.087648607,0.43314672
0.099026482,0.37452555
0.114642548,0.49090123
0.122940642,0.5375531
0.110339689,0.51546264
0.093242085,0.3276682
0.090713011,0.33656502
0.089213865,0.28171062
0.085299331,0.38748002
0.092196296,0.44601107
0.095040869,0.3970182
0.144713682,0.5818666
0.15828606,0.59823334
0.173910754,0.60298705
0.132907701,0.56694865
0.146223755,0.58848083
0.123017219,0.5470878
0.171373767,0.6015811
0.210862987,0.5969293
0.186615732,0.6008303
0.207159389,0.5795181
0.237583336,0.5662396
0.262606233,0.5526154
0.25394251,0.50391763
0.288319506,0.4779042
0.30380175,0.3609571
0.354523847,0.28842372
0.336023705,0.42691886
0.402989924,0.21711099
0.484458133,0.040798787
0.524007727,-0.025396656
0.523778281,-0.068321705
0.469535628,0.06880266
0.499051999,-0.005657697
0.433999113,0.10857239
0.252847128,0.58866084
0.272228863,0.554315
0.297156834,0.48766708
0.226264511,0.5952847
0.247898849,0.56658494
0.2113284,0.59931386
0.164397563,0.5542778
0.187855418,0.5687829
0.210991888,0.58222556
0.202181053,0.58828795
0.236472725,0.59667397
0.238689653,0.6030935
0.187504678,0.59991896
0.17913205,0.5809901
0.209799346,0.60225177
0.171281753,0.5593641
0.124324732,0.51774955
0.107621124,0.4803915
0.147008191,0.5425657
0.120539746,0.50464606
0.125687781,0.5293226
0.121802019,0.49679756
0.116675793,0.47531152
0.121661569,0.47743773
0.129788737,0.5236337
0.101186503,0.49807668
0.147775613,0.5417893
0.324252837,0.47623515
0.341191087,0.37326705
0.369908118,0.26175973
0.255879344,0.54929566
0.275271892,0.46927345
0.194896178,0.5901921
0.375572793,0.30979788
0.431933364,0.15321311
0.40559825,0.2012119
0.408435897,0.28383267
0.429875844,0.19343674
0.453443701,0.110313624
0.381404155,0.34704483
0.403774828,0.2476396
0.353757608,0.41319633
0.107248555,0.45284748
0.101736464,0.45005155
0.108397139,0.4736824
0.112625515,0.46057534
0.115974454,0.47077727
0.12116781,0.4755664
0.175829544,0.53620374
0.141892882,0.4971161
0.135670663,0.5027113
0.170618604,0.5732374
0.179113293,0.5531641
0.117759177,0.51903534
0.203592615,0.58114254
0.192495494,0.5916984
0.187648277,0.60032535
0.146135069,0.5404477
0.140905216,0.5563041
0.109275949,0.50176334
0.240831719,0.6029357
0.275394156,0.5770246
0.217495745,0.6011646
0.439426581,0.1410752
0.392184509,0.2690695
0.344359747,0.37904334
0.391153212,0.26288214
0.342893012,0.373264
0.342537226,0.36437052
0.274623608,0.50362355
0.233448782,0.57163525
0.281175431,0.49689627
0.508117307,-0.05500917
0.565387449,-0.21475828
0.529644183,-0.1152166
0.461292963,0.08492203
0.482408632,0.024988532
0.414168487,0.21891174
0.212084459,0.59874856
0.240407635,0.567739
0.292336442,0.4917782
0.218202909,0.59736705
0.259376467,0.5611274
0.233736805,0.59479177
0.386600824,0.13060828
0.428901424,0.063750505
0.459177461,0.011737818
0.464813968,-0.040509228
0.484520791,-0.06899232
0.510941435,-0.095496535
0.518671671,-0.035507306
0.526348281,-0.08132162
0.531443577,-0.07579291
0.516966211,-0.097142905
0.522927983,-0.09523414
0.500644059,-0.08078396
0.115162209,0.513026
0.136086471,0.53413904
0.164946615,0.55246925
0.109143811,0.4695828
0.131222722,0.49069
0.106531543,0.41838837
0.136450006,0.5668497
0.165927841,0.59883714
0.165321965,0.58237743
0.09613954,0.3479843
0.114608911,0.35054326
0.066324547,0.27466464
0.128559891,0.42668414
0.159960645,0.5005255
0.15045746,0.4324317
0.1963997,0.5954608
0.226213135,0.57415164
0.265278279,0.53443515
0.197032172,0.6030978
0.226288295,0.59769166
0.197097395,0.5955019
0.219719645,0.54306304
0.276320117,0.425058
0.265306231,0.48400533
0.433835263,0.07562497
0.374515042,0.24655288
0.314050063,0.41710216
0.39104558,0.16418502
0.324849698,0.34151566
0.339052546,0.26432398
0.467042739,-0.02210747
0.427375082,0.04200639
0.491605473,-0.07613558
0.498594466,0.042761862
0.52259519,-0.032113276
0.525162618,-0.08028864
0.499207348,0.042784832
0.52003272,-0.03357063
0.486840471,0.041822687
0.445714458,0.18481389
0.482464594,0.10544534
0.465996803,0.10831949
0.186424943,0.60006666
0.161260579,0.5799947
0.128725505,0.5488869
0.165927974,0.5794933
0.141014756,0.54795504
0.149225201,0.5498836
0.195491484,0.60133576
0.162567516,0.5812497
0.191593759,0.6005137
0.11075687,0.50485444
0.117050993,0.45854473
0.134887184,0.42764997
0.083638133,0.47653913
0.106269775,0.4403875
0.076092523,0.45878243
0.099199811,0.4371524
0.128374801,0.4263568
0.102179931,0.44356227
0.120406302,0.4977877
0.134791571,0.45378232
0.125454707,0.4996276
0.39139826,0.3161254
0.441227389,0.21017143
0.478025584,0.1192902
0.403520543,0.3067615
0.447133064,0.19845036
0.41039809,0.2963092
0.313457326,0.53815234
0.263070066,0.59792376
0.220296283,0.5966425
0.280138777,0.57519054
0.220579663,0.60309315
0.240854669,0.5940014
0.362435887,0.423737
0.337430395,0.48583817
0.306288348,0.53694713
0.358502825,0.4308827
0.303057217,0.53865886
0.350400305,0.4367985
0.136789693,0.4900062
0.140877939,0.47693086
0.118232579,0.47219348
0.148937439,0.4442067
0.135495457,0.44009638
0.144563047,0.42207646
0.174784317,0.5512674
0.141085995,0.50720096
0.153433624,0.51976347
0.179059653,0.5747609
0.148238504,0.54711604
0.170137706,0.5942036
0.367375118,0.34772784
0.432033932,0.17549261
0.496044688,-0.02408348
0.385557183,0.31015036
0.446581162,0.12798136
0.398295885,0.26730636
0.333836788,0.44278234
0.279392279,0.54849946
0.317759103,0.47019356
0.569987952,-0.25193602
0.643251839,-0.41483057
0.58102557,-0.31966066
0.514201119,-0.10724649
0.532996515,-0.18370482
0.46632721,0.0445143
0.212589465,0.6030359
0.192216568,0.59893274
0.171252533,0.5867095
0.174839537,0.5907874
0.151887749,0.57384825
0.134900389,0.56082153
0.273809521,0.5458522
0.263567552,0.56945074
0.248529225,0.58516526
0.307013817,0.48326194
0.295546,0.5206512
0.348353841,0.3906288
0.236083532,0.5941949
0.202809332,0.60234606
0.225274772,0.6008023
0.478695374,-0.03574023
0.499173316,-0.081389144
0.516393592,-0.09328216
0.511496423,-0.080754735
0.523840673,-0.08670591
0.522616356,-0.076536335
0.512704368,-0.010810252
0.521095178,-0.051488146
0.532166886,-0.067131646
0.054459347,0.17242551
0.04395875,0.08032966
0.070685225,0.19881201
0.072413328,0.24887824
0.033382649,0.15059066
0.06399495,0.27398157
0.094817243,0.22858715
0.118080221,0.33494854
0.105186816,0.31738806
0.134871438,0.45482612
0.147993818,0.5465567
0.2178788,0.60077643
0.10596516,0.4464388
0.129107765,0.54580796
0.104507884,0.4375491
0.191999112,0.5729246
0.198360311,0.5894884
0.167339845,0.5239172
0.21708583,0.602767
0.251658202,0.575474
0.245137688,0.5992415
0.461182684,0.13843572
0.385112748,0.38923526
0.30107154,0.56513655
0.395667716,0.28944814
0.311830234,0.50865054
0.320766816,0.4356041
0.440039176,0.09193313
0.455404455,0.112803146
0.384630645,0.26597133
0.489011276,-0.022958625
0.516932461,-0.07232316
0.505877199,-0.006160016
0.483003944,0.07437139
0.456342214,0.10470417
0.439615383,0.13606198
0.496073792,0.015976418
0.482659243,0.044370867
0.515854985,-0.03018114
0.406856124,0.24358517
0.42019062,0.18373793
0.449059411,0.15184043
0.082806706,0.468884
0.100897629,0.44738793
0.124725741,0.4334395
0.093078803,0.49158
0.113987005,0.4691484
0.099120233,0.51963496
0.128722732,0.5497894
0.095256561,0.50720596
0.106077046,0.5338751
0.096013548,0.44142294
0.110248777,0.45025158
0.122982505,0.46724272
0.106685928,0.42563462
0.132324419,0.43029308
0.126489235,0.42150402
0.091022534,0.43515992
0.099578145,0.42909336
0.085858865,0.44468212
0.348953448,0.3961519
0.312058824,0.504256
0.263813356,0.5769597
0.304245048,0.46983516
0.269095959,0.553972
0.258926699,0.53009117
0.364674302,0.32114655
0.322666914,0.4019174
0.384972789,0.2553868
0.092242939,0.47675753
0.080640403,0.5240966
0.104979892,0.5686228
0.100757996,0.49414277
0.099112262,0.54493
0.114079135,0.5161793
0.185471775,0.60264516
0.132082437,0.5716013
0.139307468,0.59033275
0.209367599,0.5950326
0.204182004,0.6016083
0.161842511,0.59909046
0.112443313,0.53650534
0.101798454,0.51267266
0.09028485,0.48977923
0.129268912,0.5543921
0.11414854,0.5305772
0.150349131,0.5716696
0.409964721,0.21807256
0.48051121,-0.0038986057
0.548783497,-0.2196432
0.427784318,0.16947377
0.498880006,-0.044507265
0.44634058,0.12665108
0.319528675,0.44897002
0.36307526,0.3475294
0.382261167,0.30194122
0.614395661,-0.43797928
0.665029954,-0.55483854
0.63945219,-0.48196733
0.57380577,-0.29690462
0.602313197,-0.3543235
0.528605656,-0.13012677
0.254250651,0.5628172
0.302140768,0.48052466
0.363224002,0.35199368
0.249125264,0.5752281
0.297812043,0.5058809
0.253860054,0.5846666
0.219738651,0.59939635
0.217016645,0.6021241
0.1906164,0.5998492
0.156930775,0.5768087
0.173568951,0.5905534
0.206446688,0.60212064
0.084718514,0.11113119
0.057187124,0.010829687
0.079031522,0.1291852
0.123803033,0.34261346
0.114248622,0.26185083
0.102013742,0.17691135
0.096622067,0.27489734
0.095125625,0.19427419
0.077204359,0.20820189
0.10437862,0.3768587
0.076106314,0.31024837
0.060434741,0.24432063
0.081662419,0.40775013
0.057210955,0.34284568
0.07476111,0.43588448
0.067165301,0.36245131
0.059619622,0.2682407
0.091015689,0.2910123
0.538623471,-0.03684775
0.548612222,-0.049006164
0.50736595,0.004874916
0.54125739,-0.053984553
0.535854157,-0.0627204
0.531580398,-0.06675281
0.518378467,-0.016419439
0.483022964,0.06062971
0.517357824,0.000697757
0.103490871,0.3662145
0.096714321,0.38334346
0.09966274,0.401263
0.121927458,0.49560976
0.129455633,0.5041418
0.179882963,0.5855932
0.100716942,0.50025415
0.101970252,0.43381023
0.134175039,0.55103254
0.113942038,0.52642024
0.18578565,0.59754825
0.186859815,0.5925696
0.389604837,0.25781354
0.323383414,0.46417886
0.255998462,0.58946025
0.33299259,0.45276803
0.260797442,0.584301
0.286901324,0.5802597
0.437901192,0.17039871
0.404720104,0.21014681
0.363850468,0.4193493
0.482612063,0.03433301
0.514395738,-0.025235455
0.45419562,0.07270656
0.430210602,0.19056508
0.473630864,0.0931903
0.514637627,0.01616641
0.441261005,0.162132
0.485935084,0.07271914
0.442022595,0.14432335
0.324279379,0.41788375
0.364665378,0.33283013
0.401424102,0.2555498
0.366253761,0.31400323
0.405400843,0.23062909
0.403926411,0.21650058
0.297810066,0.45340306
0.342563847,0.354371
0.272951482,0.49188918
0.09367271,0.45276284
0.098140353,0.46612597
0.110146478,0.47914767
0.086771436,0.48623013
0.104042312,0.49533153
0.079399473,0.52936673
0.095167606,0.5008426
0.094690569,0.47994256
0.09187746,0.4805231
0.092853895,0.46545768
0.086696394,0.46169114
0.090206321,0.449203
0.224308097,0.5706606
0.189066037,0.60281825
0.147841001,0.58988416
0.199194564,0.5947529
0.169945104,0.6005173
0.177724857,0.6030493
0.24086209,0.54704964
0.213765662,0.583959
0.265995014,0.5211165
0.12377191,0.551836
0.124549123,0.55961037
0.110456409,0.5650332
0.129889963,0.52608347
0.108418371,0.5286281
0.129083922,0.4996333
0.138705654,0.57552576
0.156560109,0.5950551
0.148466172,0.5840311
0.117098789,0.54078746
0.167379776,0.5804918
0.218763047,0.60295045
0.128843366,0.54431677
0.176098428,0.5835364
0.147001537,0.54655206
0.092565356,0.5065713
0.107926788,0.5111666
0.101418243,0.48865962
0.678499865,-0.5374901
0.726547812,-0.5986388
0.689120546,-0.55427027
0.640072533,-0.41363716
0.577195083,-0.16598198
0.488939411,0.09710869
0.630102188,-0.38448
0.55851898,-0.12309855
0.613208763,-0.34468883
0.460577784,0.09924485
0.541903982,-0.13436373
0.476673322,0.08932786
0.382689627,0.3155356
0.399014828,0.29267997
0.320550829,0.47428966
0.258612065,0.5842236
0.311758379,0.48119843
0.390469739,0.32806188
0.250726443,0.5858362
0.305321933,0.49483407
0.24150149,0.5905199
0.211367659,0.6020889
0.180730009,0.5799693
0.215593547,0.60280883
0.746079012,-0.59466064
0.728704262,-0.58355
0.79405912,-0.6016948
0.777862589,-0.6030997
0.772060088,-0.6025467
0.814597887,-0.58947396
0.07523347,0.0840528
0.075044403,0.07177138
0.047919499,-0.040006876
0.103128366,0.19332123
0.118915874,0.29932427
0.131012258,0.39877963
0.095456714,0.1913557
0.110199089,0.29763818
0.093132221,0.18077779
0.135376899,0.36466074
0.136008726,0.38385892
0.121355183,0.28194332
0.14496971,0.43500066
0.164807694,0.5139282
0.181185647,0.570642
0.155413309,0.4549818
0.169278687,0.5285034
0.150572403,0.4709127
0.130831406,0.464849
0.114326567,0.49097657
0.156526115,0.53748214
0.199929522,0.60194016
0.149549924,0.587435
0.113155815,0.5269612
0.185566173,0.6028578
0.135698989,0.5719733
0.180674334,0.5976651
0.182006212,0.60169375
0.180892692,0.59122443
0.14943382,0.5665895
0.460592846,0.06196271
0.468764895,0.04603544
0.447437225,0.114686474
0.488276932,0.018141348
0.496772485,0.0050464915
0.522380781,-0.01392604
0.453643717,0.13027827
0.463143974,0.083815634
0.492810791,0.04463426
0.374813977,0.35891336
0.304817247,0.5007503
0.236829044,0.59401774
0.388139497,0.31492376
0.318415266,0.47951382
0.394220034,0.28124434
0.262811319,0.56342244
0.246301477,0.57923067
0.32465772,0.47661853
0.453288655,0.09420137
0.433462857,0.20066348
0.437645355,0.15115313
0.343777399,0.3278044
0.388784339,0.22487384
0.431565092,0.12976393
0.369578921,0.27884692
0.421948182,0.1737921
0.401410485,0.23205253
0.318955176,0.41041076
0.338906702,0.3715526
0.36577862,0.3313468
0.299583459,0.49930203
0.302501796,0.4726013
0.261876106,0.5713198
0.294117828,0.480233
0.270582654,0.53338134
0.33200606,0.40535814
0.243002255,0.5613686
0.201155262,0.59908044
0.230331549,0.58871496
0.136984354,0.51514006
0.126549124,0.5020845
0.110036214,0.5057633
0.117172124,0.4980564
0.117865489,0.50387406
0.124406248,0.4945252
0.117348785,0.53384805
0.124878434,0.51269627
0.10976769,0.5179062
0.12286501,0.5570376
0.112489534,0.53689075
0.106609057,0.5179846
0.12288225,0.5579519
0.110986679,0.53504777
0.120797001,0.5566876
0.156076978,0.58854055
0.208823436,0.6028868
0.141837232,0.58093894
0.18250906,0.6019597
0.157300407,0.59756327
0.138255802,0.5794463
0.209221656,0.60126674
0.181477588,0.5724218
0.156533632,0.5322225
0.187094523,0.5774106
0.166648902,0.5394727
0.163975608,0.5443065
0.145988685,0.50768137
0.127755351,0.50021887
0.147627797,0.5130515
0.219992679,0.60233927
0.18686823,0.5948806
0.1679994,0.5654621
0.230908478,0.59882975
0.200727006,0.5990118
0.235288053,0.5942749
0.80496534,-0.59942544
0.797381373,-0.6013502
0.826735326,-0.5739727
0.667695036,-0.47570276
0.688635313,-0.5114221
0.705520363,-0.5391635
0.638022815,-0.32851762
0.651908487,-0.37716752
0.586596934,-0.13935946
0.571611083,-0.06850038
0.532823619,0.007516633
0.607459214,-0.2529063
0.513903399,0.099703655
0.43243627,0.28605044
0.359769931,0.42361057
0.487140351,0.15308486
0.405100789,0.32559603
0.451854643,0.21726683
0.322283454,0.4798612
0.278918541,0.5413673
0.356301901,0.406883
0.265628832,0.57319355
0.274263164,0.5561602
0.309988649,0.5098458
0.69034365,-0.48334163
0.729226969,-0.5588232
0.758426664,-0.59536755
0.743205924,-0.56360567
0.770309531,-0.5979035
0.782441829,-0.59974396
0.737064428,-0.58276176
0.683262385,-0.49904466
0.62384136,-0.34174067
0.72765317,-0.57600474
0.675504164,-0.48431635
0.722118103,-0.5675026
0.600965495,-0.27869195
0.591588782,-0.21032187
0.660589942,-0.43568593
0.673462635,-0.44361514
0.647352445,-0.3963284
0.705546062,-0.53270066
0.840775927,-0.5907129
0.828847154,-0.59395885
0.849967563,-0.55700254
0.089797361,0.013249397
0.100317499,-0.041176558
0.07908565,-0.16136265
0.118367421,0.079769135
0.109770707,0.13319278
0.098971946,0.16760588
0.127453573,0.24323678
0.11904627,0.27960443
0.135922246,0.373379
0.124088245,0.4024315
0.12860509,0.39474392
0.109195116,0.29540062
0.147259493,0.49563122
0.16440519,0.5602248
0.185250747,0.5933225
0.143542154,0.4929502
0.157846267,0.5525472
0.143641409,0.47982717
0.167791921,0.54934263
0.187943639,0.5849776
0.189617633,0.5917556
0.20090034,0.60276544
0.243053996,0.58487535
0.293692009,0.5289686
0.215230068,0.60289454
0.256306581,0.58037734
0.220346346,0.6024065
0.238068826,0.5849446
0.268211974,0.55678284
0.210242473,0.59966326
0.303122674,0.51901954
0.358273837,0.41688406
0.323222958,0.4751925
0.409504555,0.27288616
0.439804277,0.1641134
0.433679705,0.12675028
0.409152649,0.2519881
0.409717134,0.20811445
0.378350827,0.30260566
0.351669718,0.42631322
0.375179261,0.34810174
0.373125285,0.33594054
0.358056979,0.29885453
0.371948124,0.2862401
0.398370956,0.20294046
0.289847817,0.46574003
0.311913651,0.41333842
0.346397976,0.35430855
0.302825435,0.42678642
0.336656457,0.3584848
0.323710924,0.38018507
0.256657659,0.5461625
0.278843759,0.49015927
0.309506589,0.41589105
0.259994838,0.5553224
0.291259144,0.4936148
0.270197108,0.56393385
0.269736946,0.51508576
0.28024101,0.48726213
0.289272371,0.45558906
0.215039283,0.60054386
0.151794542,0.5935594
0.114652122,0.55845857
0.137927027,0.6002941
0.102800645,0.5689416
0.101926362,0.5871974
0.211148544,0.5892774
0.205913656,0.5964917
0.148410898,0.60303617
0.137816571,0.50292516
0.150836113,0.48209357
0.158681635,0.47327232
0.139438652,0.4922371
0.147598936,0.48340464
0.122906522,0.4974773
0.111670034,0.5212734
0.121260215,0.50507545
0.139831954,0.48951197
0.101654618,0.52100253
0.110499483,0.49080896
0.086414789,0.5368637
0.188693343,0.59865034
0.159931555,0.5809605
0.147567057,0.5568881
0.159241312,0.5742345
0.139666351,0.5484135
0.146288589,0.5398159
0.145791882,0.51328826
0.155602077,0.48266172
0.138522598,0.5059552
0.225678802,0.60062945
0.269563215,0.5692606
0.31080913,0.5078261
0.227261291,0.59998477
0.262292087,0.5706278
0.217183445,0.6007689
0.192624942,0.6010716
0.198288118,0.6017237
0.171919276,0.58693194
0.801123455,-0.6023985
0.811836168,-0.6028887
0.815843,-0.60307956
0.765790536,-0.5829054
0.76830937,-0.5846243
0.711780811,-0.530424
0.705635277,-0.5177193
0.69661745,-0.502122
0.75403727,-0.5743668
0.544783143,-0.16786522
0.596782098,-0.2994209
0.647712842,-0.40472376
0.599958638,-0.31921703
0.650096297,-0.4255008
0.656135575,-0.4424078
0.530331746,-0.05859381
0.421743005,0.21018341
0.336804645,0.40153718
0.516583192,0.001008194
0.429232129,0.24327838
0.514810088,0.058053523
0.365495115,0.40853524
0.440847728,0.26249874
0.354663123,0.40239435
0.254446491,0.57141566
0.302038659,0.5033656
0.290569295,0.5064937
0.618590379,-0.32296067
0.543842253,-0.10696077
0.472002836,0.11844985
0.605656942,-0.26882452
0.529649526,-0.052036278
0.584319319,-0.2096067
0.418199891,0.23782185
0.36589888,0.3309685
0.474470756,0.09065668
0.521117802,-0.06979861
0.496448908,0.027367115
0.570868558,-0.20604154
0.813905629,-0.60301316
0.773463246,-0.5887773
0.732521085,-0.5347128
0.769390683,-0.5871192
0.72078664,-0.5349424
0.713748152,-0.53359973
0.822916423,-0.6028706
0.783088271,-0.58823335
0.846188879,-0.5829997
0.814652909,-0.60291946
0.84770764,-0.58492684
0.857700007,-0.5393069
0.072004915,-0.31269312
0.063333699,-0.44659376
0.090419783,-0.21166515
0.064380011,-0.20415854
0.081261548,-0.11345887
0.10097524,-0.023323536
0.064703569,-0.01487422
0.084031469,0.065932274
0.062919148,0.14722729
0.114784318,0.1652689
0.129697302,0.31499267
0.094292596,0.23758411
0.142868257,0.44940948
0.142294079,0.49960876
0.154499035,0.53455746
0.118064819,0.3925662
0.121015146,0.44911408
0.083943183,0.3237064
0.152538732,0.53287053
0.171178219,0.5836704
0.161685518,0.56407547
0.208421907,0.6028435
0.229151099,0.59088504
0.246406456,0.5697366
0.19422064,0.6012435
0.215625842,0.60158896
0.184805459,0.5907273
0.24506616,0.58216155
0.288997226,0.5303397
0.264968432,0.54690325
0.321947529,0.4504248
0.334332528,0.39358634
0.289927835,0.49161834
0.285539752,0.48260307
0.279353714,0.5037774
0.270839624,0.5286579
0.305938139,0.44465518
0.29060712,0.48113734
0.32897823,0.40156537
0.267605699,0.5335834
0.263488438,0.54627514
0.290873763,0.47473097
0.272243966,0.5091832
0.251964577,0.53971136
0.219133889,0.56032276
0.26815325,0.5152794
0.249653331,0.5358865
0.267360368,0.5254525
0.263087289,0.53045785
0.253270874,0.55608857
0.237908088,0.5607462
0.207629672,0.5908997
0.141593049,0.6030941
0.188365024,0.5894469
0.093548005,0.56632304
0.120216863,0.51437354
0.157535029,0.48319674
0.143587433,0.5580467
0.18295318,0.52016616
0.145984083,0.5695665
0.172141452,0.5933714
0.20713962,0.60297847
0.231064622,0.5878397
0.142494991,0.5902691
0.154971332,0.60309017
0.104610899,0.5967908
0.177953765,0.57590127
0.13184926,0.6003549
0.195781425,0.58469117
0.164849657,0.55162203
0.177658028,0.5784489
0.187861394,0.5952685
0.171688249,0.5509455
0.17740672,0.572016
0.151078943,0.5567448
0.161403915,0.5140655
0.16319185,0.5235559
0.164761771,0.4862697
0.122583448,0.54842174
0.136916317,0.5524771
0.1723272,0.5113082
0.205433749,0.6027136
0.207023714,0.6030865
0.21159174,0.60232127
0.22692609,0.5894412
0.241739284,0.58090436
0.276649125,0.5234933
0.18382361,0.5924156
0.169314691,0.5760739
0.187592149,0.5939717
0.146631484,0.59705937
0.124062007,0.59231186
0.12187966,0.58288777
0.125468859,0.58151174
0.115727466,0.57040524
0.122704867,0.5664644
0.652397852,-0.4343127
0.655376217,-0.43373066
0.664011887,-0.4302771
0.59143587,-0.28936586
0.594614234,-0.2822798
0.528945695,-0.10310948
0.538198675,-0.15108259
0.595192228,-0.30657977
0.532518999,-0.12934794
0.474851006,0.04183431
0.403093943,0.24022076
0.332222612,0.39714468
0.452233485,0.13157064
0.38292029,0.30812502
0.430758306,0.21268737
0.464599391,0.065674484
0.457701551,0.09329568
0.390261902,0.26578125
0.370932687,0.3587525
0.278609687,0.51267576
0.227382361,0.5867634
0.32835728,0.42878664
0.252708973,0.54630303
0.293651847,0.48101002
0.215307903,0.6025162
0.235182544,0.572459
0.222099498,0.5977553
0.283217411,0.49391627
0.246604593,0.55364573
0.327122247,0.4311965
0.562934953,-0.11971398
0.549229661,-0.113846466
0.53726824,-0.108826965
0.62533522,-0.29513305
0.609769188,-0.2889991
0.685116605,-0.4372964
0.842351812,-0.60211015
0.817445345,-0.59360933
0.81619129,-0.5911505
0.780955028,-0.5422255
0.76535761,-0.53840494
0.640568256,-0.2949468
0.710674773,-0.43895984
0.719665221,-0.44272196
0.848583636,-0.5841949
0.043344979,-0.366019
0.050797801,-0.17515993
0.054325559,0.0049579144
0.034124877,-0.29628015
0.044133175,-0.1206274
0.031747422,-0.494066
0.068101184,0.21682453
0.092650016,0.29404807
0.111790788,0.38250613
0.064240612,0.11387992
0.092546927,0.23476815
0.050930483,0.042578697
0.09417692,0.36698127
0.132163964,0.47556877
0.109829575,0.4169774
0.165875895,0.5694308
0.146214822,0.5940578
0.154692246,0.60281134
0.133190716,0.5361438
0.119016046,0.58457136
0.120449782,0.5119195
0.20182876,0.6010699
0.228973014,0.5954838
0.194628335,0.6026578
0.242855779,0.5813186
0.258233481,0.5648788
0.229001972,0.5917624
0.3040901,0.50581014
0.280066527,0.53506494
0.235372547,0.5785835
0.27990909,0.5352944
0.263898492,0.5616225
0.270376833,0.54220486
0.257592126,0.5361378
0.224887565,0.54733026
0.261671409,0.52978927
0.230099164,0.55113304
0.261620056,0.54764724
0.287164064,0.51298285
0.242895312,0.5816121
0.200155775,0.60218835
0.149892623,0.5975077
0.238221797,0.56972206
0.186220555,0.59975255
0.244607391,0.5583005
0.167826622,0.6030736
0.204397058,0.59419906
0.144933318,0.60187626
0.358953598,0.36893725
0.314981108,0.47365874
0.274771433,0.54763806
0.327691246,0.4240142
0.280177772,0.5227401
0.287153258,0.49473643
0.348443675,0.41505998
0.329994447,0.46430755
0.307566684,0.4941616
0.201699384,0.5958774
0.191745639,0.5889635
0.170739592,0.58700633
0.172865429,0.58480275
0.163749279,0.5831766
0.15287801,0.5751262
0.217267013,0.6000973
0.212954157,0.6026906
0.200062696,0.5928575
0.160853349,0.5918548
0.14100895,0.58124065
0.158845707,0.587646
0.181462736,0.60264194
0.182690756,0.5980892
0.177023715,0.5922501
0.21457879,0.60144854
0.209482773,0.60223055
0.246525406,0.5900564
0.211177767,0.59768796
0.247057102,0.5775573
0.249370207,0.56502724
0.476806775,0.11613996
0.399806787,0.31769252
0.334096421,0.458341
0.466665615,0.12058425
0.388351683,0.32005554
0.457333822,0.12343046
0.385083034,0.29344144
0.326687621,0.44125468
0.322119251,0.42007786
0.259500036,0.5375359
0.256331821,0.54946816
0.25827538,0.55837774
0.216406711,0.59407485
0.204808483,0.59687614
0.183321138,0.6028098
0.213807692,0.59829354
0.232206659,0.57909775
0.197404913,0.6027081
0.194894168,0.60018563
0.179341083,0.597214
0.181189922,0.590822
0.517136889,0.02242788
0.590749889,-0.16528225
0.657401901,-0.3412547
0.473209844,0.15267445
0.539293555,-0.033693835
0.428350812,0.26153108
0.436579367,0.243278
0.398015732,0.34492636
0.367746897,0.40965545
0.477669933,0.113007665
0.591329906,-0.1988123
0.692730979,-0.4645304
0.530292348,-0.06171687
0.640394565,-0.35846078
0.732779918,-0.5672445
0.04087728,-0.018650055
0.085814386,0.19180512
0.125462625,0.34708905
0.087906418,0.14814568
0.126721302,0.3364427
0.042533215,-0.11032963
0.144350781,0.49484253
0.175572573,0.5844557
0.228819564,0.59733236
0.157984682,0.49332333
0.178523966,0.5809214
0.143278273,0.47502828
0.142637676,0.57514644
0.128075759,0.6030967
0.174249592,0.6018605
0.279054217,0.4908197
0.21003554,0.5291222
0.198625411,0.5631155
0.354975689,0.31676257
0.319021472,0.40083772
0.436339,0.18582788
0.333245002,0.43482423
0.384269709,0.3135643
0.281284513,0.4911993
0.417412259,0.2630093
0.440552972,0.19931534
0.385985579,0.34652275
0.402134627,0.26543027
0.440608059,0.17906424
0.453413296,0.11965042
0.473341219,0.14473149
0.515278894,0.05840797
0.495471721,0.080294855
0.364963055,0.34435695
0.32015111,0.44337368
0.395107309,0.27768385
0.313304837,0.45926046
0.294711835,0.48835588
0.379446235,0.29534656
0.347020794,0.38157237
0.379633184,0.2761987
0.420357754,0.18317968
0.30621621,0.48327625
0.33894341,0.38932067
0.274460417,0.5539739
0.15967407,0.5966461
0.172773709,0.59687495
0.214838635,0.60301304
0.168339123,0.59205925
0.188710765,0.5971992
0.170311391,0.5907686
0.239369184,0.59939516
0.2012586,0.5995678
0.22038736,0.6027918
0.303807986,0.522558
0.264573865,0.5774919
0.258488881,0.59121203
0.271086325,0.55192053
0.29588754,0.5235068
0.317877107,0.4821121
0.220378074,0.5904764
0.241058806,0.57604563
0.187105945,0.6013222
0.213002973,0.5949596
0.18140751,0.6029575
0.173963948,0.6030489
0.14548432,0.5992968
0.155106814,0.6020608
0.182364691,0.6010344
0.34590629,0.40217578
0.389232522,0.28171805
0.440774198,0.12296277
0.30762369,0.48387218
0.342498696,0.3933
0.281321788,0.5228274
0.273456323,0.54210985
0.253409232,0.56783557
0.218756453,0.5916538
0.322092885,0.43714464
0.411487413,0.2342582
0.530355104,-0.10315445
0.39209895,0.3054796
0.50499943,0.02233582
0.618075188,-0.3290754
0.095584281,0.433681
0.080074226,0.3713038
0.16962606,0.5739987
0.144524023,0.5406817
0.211159974,0.603034
0.032746488,0.22280526
0.396143994,0.35038817
0.384727109,0.3615235
0.363231905,0.3719138
0.343299305,0.5012857
0.323266008,0.51350397
0.273830491,0.5873003
0.195162018,0.58957577
0.25418891,0.59434986
0.284377584,0.54124415
0.26934317,0.576296
0.327833944,0.46945214
0.324818194,0.41036922
0.332632034,0.3471045
0.411071017,0.15871607
0.369342351,0.22976986
0.389235808,0.1830379
0.452340716,0.060790747
0.502974545,0.044489153
0.476480302,0.02500511
0.539767715,-0.026890721
0.539267056,-0.047837302
0.508521939,-0.0022548197
0.535339813,-0.054311886
0.531864072,-0.014876304
0.475251322,0.02661243
0.500314377,-0.033707116
0.526197852,-0.059149593
0.463816833,0.034302715
0.508440117,-0.030028973
0.463951792,0.06351226
0.397613926,0.22635111
0.443387416,0.10479227
0.428156223,0.13358566
0.414517933,0.22316101
0.431846747,0.22203168
0.454628098,0.1111806
0.184683702,0.60223055
0.220553856,0.594192
0.251321192,0.57333446
0.232778829,0.5905436
0.250809479,0.5695592
0.293355721,0.5193976
0.206422518,0.6027628
0.264746473,0.57450724
0.245312424,0.59898937
0.361585598,0.4225188
0.30528799,0.5483284
0.318087139,0.4793254
0.376807417,0.34397894
0.332590919,0.45220882
0.324805653,0.47232676
0.325726942,0.45169306
0.310751709,0.49666333
0.285119436,0.52059555
0.27829927,0.53759384
0.320648727,0.47741914
0.303357764,0.49344647
0.330384149,0.44257712
0.369820218,0.33881807
0.451644975,0.12327032
0.345148522,0.29618922
0.419471815,0.061547592
0.538165018,-0.17880797
0.25648328,0.56299937
0.184096029,0.59969926
0.190229515,0.59616995
0.127335314,0.5153382
0.135332271,0.4987905
0.086385016,0.3641348
0.411136289,0.24991435
0.3744026,0.31970364
0.365471168,0.38170838
0.414919843,0.18474537
0.389134402,0.2500574
0.412108359,0.15667048
0.453713806,0.1472772
0.444253699,0.10700722
0.473426462,0.06329842
0.175779736,0.60111606
0.239839958,0.55660415
0.321787346,0.38425237
0.230059072,0.5575161
0.31628755,0.38344407
0.308514206,0.40400338
0.479813608,0.020153267
0.403964054,0.17857856
0.402697642,0.16348568
0.379310724,0.2344726
0.456650574,0.053241707
0.528290041,-0.037565883
0.419413082,0.1155764
0.491334402,-0.0020108402
0.446869715,0.060394466
0.49689384,-0.0082663195
0.484442393,8.8134795e-05
0.506828966,-0.04021062
0.474910181,0.035084203
0.4364549,0.090710565
0.447867811,0.054688632
0.358964606,0.43649983
0.373729598,0.39017773
0.376509733,0.3584214
0.37404312,0.39833784
0.38808046,0.3236187
0.371961523,0.37991095
0.408629398,0.21089697
0.392619661,0.27799317
0.397144729,0.28064445
0.321015726,0.43610328
0.326190332,0.4499061
0.332274603,0.46126676
0.320029682,0.36654568
0.329483309,0.41192913
0.356711433,0.2072959
0.331992441,0.45612252
0.354973392,0.42189437
0.348568617,0.4427644
0.48128608,-0.088729456
0.519638847,-0.095788315
0.391139851,0.15841894
0.430933123,0.16386008
0.338743002,0.34723896
0.620528219,-0.24965867
0.226700574,0.56543577
0.178219528,0.5997803
0.178602983,0.6011894
0.140904878,0.53085554
0.128698003,0.5323031
0.10344466,0.3990631
0.365935163,0.3243053
0.378762042,0.22815168
0.402395083,0.13650234
0.425547751,0.21753886
0.420190602,0.12849727
0.428446499,0.157063
0.425841191,0.24042913
0.398881368,0.33073974
0.411948356,0.31697434
0.17709646,0.5947567
0.222006034,0.57857955
0.29115235,0.44153535
0.215773595,0.5924456
0.2555507,0.48587263
0.244336992,0.53083634
0.369750222,0.19693774
0.285753076,0.3770485
0.332923888,0.30061865
0.320255639,0.37106103
0.279878465,0.4453013
0.338923224,0.2830206
0.317147898,0.50490165
0.359265663,0.45562816
0.365364749,0.39473194
0.35532899,0.4440403
0.389290831,0.38601243
0.373596992,0.39346075
0.295281514,0.52801955
0.307996464,0.4818107
0.349429048,0.42601502
0.31395538,0.49485636
0.328534427,0.46428084
0.325159387,0.46483725
0.290013777,0.5181344
0.327131938,0.46651155
0.280459376,0.52658147
0.298238535,0.5077447
0.332145023,0.46265173
0.324280306,0.43513668
0.365963794,0.39091802
0.376352164,0.35338545
0.447541127,0.18445957
0.302202318,0.5354279
0.317133425,0.48948658
0.298221952,0.5316329
0.331709247,0.45346028
0.432525321,0.25926074
0.527728192,-0.003732861
0.401222587,0.33123213
0.515044597,0.06540857
0.599282008,-0.1512132
0.220837622,0.6019331
0.193110759,0.5583112
0.193373373,0.58297896
0.183181948,0.4621923
0.15203459,0.49901533
0.140579619,0.3245933
0.161170809,0.52054334
0.211640392,0.601177
0.245461066,0.56678927
0.197821077,0.5845094
0.241258187,0.5936159
0.227253432,0.6030648
0.324894892,0.45557374
0.284898124,0.5610789
0.27975431,0.5094525
0.297237689,0.548787
0.264101947,0.5871656
0.333469546,0.50765896
0.209872085,0.6012895
0.21828532,0.6023252
0.229240949,0.6029272
0.238131539,0.5839459
0.254537093,0.5853945
0.273872296,0.5503979
0.256337026,0.5568124
0.269364387,0.5593133
0.237494777,0.58568573
0.239330677,0.57073677
0.19754506,0.5990648
0.155869647,0.6008475
0.268080167,0.5751884
0.226378291,0.5984087
0.277872246,0.57050574
0.195930322,0.60309947
0.23573166,0.59425724
0.181357843,0.60208726
0.231783534,0.57294035
0.234351483,0.5583638
0.258382127,0.5368216
0.302456361,0.49413747
0.313261905,0.47724795
0.38797785,0.3462187
0.167160419,0.59992766
0.143304495,0.60295737
0.186357814,0.5898783
0.281038387,0.52457094
0.359800238,0.39013237
0.451198124,0.1889813
0.334953093,0.43061984
0.42153467,0.2399809
0.501910761,0.046864003
0.089431069,0.33424878
0.138354257,0.4566846
0.170865118,0.5432334
0.094817894,0.25271392
0.111590659,0.38071275
0.065459641,0.12977386
0.091162917,0.45933127
0.079843058,0.37349844
0.071578246,0.27513576
0.139551047,0.52710724
0.128714536,0.46377754
0.190727797,0.5812166
0.173398011,0.5940442
0.129496017,0.5464821
0.182772027,0.5882945
0.152453779,0.5856607
0.131069273,0.5787804
0.111339702,0.5322052
0.078848687,0.49728727
0.082787839,0.47704172
0.086783204,0.4648857
0.09382031,0.5492066
0.103670348,0.5377464
0.113846098,0.58366895
0.126917997,0.5893465
0.108996594,0.590112
0.117314914,0.59507275
0.153263115,0.6025646
0.13498542,0.6022322
0.193378777,0.5977143
0.092642932,0.53257203
0.09217967,0.5717268
0.107383486,0.5641985
0.215775893,0.5820799
0.224604842,0.5800698
0.231907499,0.5774045
0.267221422,0.5242056
0.276049092,0.52460825
0.329542715,0.42587167
0.151992385,0.6004641
0.185997375,0.6003207
0.179375898,0.60178375
0.238509344,0.5435536
0.301299602,0.45330375
0.366973048,0.32465535
0.271197085,0.48091376
0.34092044,0.3596208
0.397733145,0.23058459
0.0274921,0.05989766
0.040235219,0.112285614
0.037937996,0.1733911
0.045374113,0.2190764
0.061180597,0.32695842
0.016307297,-0.052823544
0.049066307,0.26967597
0.03554297,0.18037176
0.028063873,0.09560466
0.054824513,0.32655263
0.046272332,0.2496934
0.070787654,0.39182067
0.075117156,0.4340675
0.063251807,0.35721827
0.068850968,0.40820265
0.103394316,0.46846843
0.081958545,0.4023931
0.063882875,0.3353169
0.098106904,0.47256327
0.079684274,0.4153881
0.088177337,0.48251343
0.103798725,0.52538276
0.120670973,0.5633781
0.112897765,0.5230932
0.152136102,0.5887394
0.145397097,0.5875119
0.135469365,0.5876337
0.165316066,0.60190547
0.15694169,0.6010109
0.181318121,0.6002042
0.135644924,0.55745316
0.12003344,0.5157418
0.128545334,0.5592334
0.196066216,0.5925919
0.199975202,0.5890031
0.201262783,0.58547914
0.219291187,0.55488145
0.22236602,0.54875565
0.25644856,0.4886515
0.167076418,0.6001754
0.181048495,0.60166204
0.180685036,0.60267675
0.264535251,0.5279545
0.215529258,0.5680989
0.30861336,0.44737047
0.258228088,0.5087427
0.308613878,0.42165822
0.361302142,0.36124665
0.033318544,0.17788768
0.017638119,0.08631754
0.022448916,0.08232665
0.017045712,-0.011998415
0.020599751,-0.0040385723
0.014196425,-0.12223029
0.055383254,0.29867053
0.028714279,0.19493365
0.016455425,0.09375763
0.050273516,0.27454782
0.025310421,0.17896676
0.049260468,0.26511908
0.091282858,0.41774607
0.073582879,0.36057782
0.068313762,0.34088278
0.146200863,0.5753983
0.158458299,0.5929351
0.172705162,0.602371
0.138187862,0.5571611
0.148824904,0.5808046
0.126279601,0.5339154
0.079173802,0.38374448
0.097373613,0.43720698
0.111061641,0.48421168
0.102786851,0.46432543
0.119177091,0.5071025
0.129276598,0.53470993
0.286652821,0.5280889
0.260473426,0.5687783
0.239153957,0.56810856
0.215053588,0.59309363
0.195519848,0.59270024
0.170327813,0.6021447
0.175223469,0.6018307
0.145950854,0.57860804
0.324625283,0.50616944
0.026642376,0.08334684
0.017683195,0.03575921
0.032141927,0.1932931
0.024818173,0.13850045
0.040604631,0.24622846
0.025931346,-0.013704538
0.040799856,0.2218306
0.046564516,0.2721014
0.060336961,0.32170558
0.055519535,0.3042407
0.065362862,0.3512082
0.083989695,0.41075826
0.10761019,0.49211764
0.08888874,0.44198275
0.139195822,0.55900383
0.12867771,0.54639447
0.184963832,0.59491
0.152887737,0.58759475
0.209384727,0.60309625
0.13345902,0.5220878
0.10111167,0.45841122
0.112622595,0.5067444
0.230528882,0.6028187
0.047175214,0.2326467
0.130961831,0.49881196
0.165153403,0.5854993
0.146822822,0.58266234
0.138862486,0.58043325
0.137957723,0.57908726
0.141745422,0.5767708
0.135125197,0.5740943
0.135858333,0.5725305
0.124360887,0.56715703
0.129720345,0.5653987
0.115539814,0.5577748
0.203126632,0.6015012
0.179402341,0.5993941
0.159481917,0.5967419
0.146368803,0.59389377
0.203126632,0.5981879
0.166920421,0.59482384
0.14604377,0.5911733
0.189138812,0.5928638
0.152512882,0.5883546
0.194434217,0.5999117
0.183189446,0.5895568
0.167194939,0.5681169
0.155404961,0.5322207
0.198544093,0.59948397
0.182641348,0.5887532
0.170070358,0.5663812
0.202078662,0.5990108
0.186795885,0.5880101
0.205581541,0.598475
0.15396604,0.5745909
0.105109807,0.5368862
0.055082012,0.4788959
0.019712476,0.40140557
0.151356815,0.56261396
0.102167154,0.51784134
0.067369553,0.4524374
0.144688715,0.54848695
0.113318234,0.4965253
0.029477309,0.24876595
0.029477309,0.3030603
0.025663606,0.35430813
0.026091752,0.3283527
0.025927902,0.37788725
0.023353482,0.42302608
0.024641351,0.40117455
0.025800082,0.4441681
0.02713186,0.46471
0.023043402,0.33939004
0.016841408,0.2741301
0.017986447,0.20608377
0.018657047,0.13679647
0.019672071,0.30976248
0.021638957,0.2393887
0.018657047,0.1666255
0.026285021,0.27951217
0.028482924,0.20416427
0.100209637,0.55132616
0.104805632,0.5461168
0.105818684,0.54885864
0.112580347,0.5583706
0.121425985,0.5556042
0.130189972,0.5598042
0.127784497,0.56568384
0.133849692,0.5649971
0.128622984,0.573066
0.129513707,0.59223723
0.123368658,0.5941994
0.114913338,0.59616184
0.115876773,0.5976771
0.111803688,0.58065426
0.092416657,0.5829842
0.084927354,0.58617806
0.102854374,0.56640685
0.087023852,0.567858
0.188084319,0.6019014
0.147887188,0.6017959
0.199613453,0.6025847
0.179482748,0.6029593
0.151564062,0.60174704
0.197679198,0.6030226
0.180876148,0.6030899
0.189624103,0.6023822
0.250994695,0.5993167
0.211626019,0.60192347
0.173652048,0.6030369
0.152965031,0.6028178
0.242782563,0.60212255
0.198900963,0.6030971
0.163280886,0.60239697
0.226988599,0.6030927
0.185221154,0.60193133
0.039835528,0.29945397
0.02935969,0.2201109
0.019968848,0.14006543
0.01577508,0.06162381
0.025500465,0.24666572
0.020131771,0.16461062
0.014679946,0.08322024
0.016393713,0.19226003
0.013362739,0.10833764
0.0126,-0.0044181347
0.0126,0.04512143
0.017881726,0.09511042
0.026420471,0.14523411
0.0126,-0.007989883
0.013515349,0.04044485
0.018021644,0.08936334
0.012623149,-0.010972261
0.013833746,0.036343575
0.0126,-0.013366461
0.162048978,0.59665716
0.186611287,0.5981195
0.221625172,0.59894764
0.197666108,0.59210575
0.240534336,0.5932499
0.274994508,0.5937543
0.235872295,0.58613884
0.298253945,0.586578
0.272116623,0.5781615
0.042111639,0.25641012
0.028261261,0.17106986
0.018569337,0.08793473
0.014041573,0.009236336
0.027401576,0.19256806
0.019011024,0.1046865
0.015441738,0.02064848
0.019879245,0.1273644
0.016044628,0.03806305
0.017230828,0.06891036
0.023421306,0.12888384
0.032733203,0.18858385
0.013370995,0.003622055
0.014146791,0.061681986
0.018042335,0.12012625
0.0126,-0.00094151497
0.0126,0.05548048
0.013938286,0.009998083
0.013938286,-0.0016460419
0.0126,-0.009517908
0.015575868,0.050619364
0.015065932,0.041811228
0.014474018,0.037014723
0.018302389,0.09380269
0.01885533,0.08801055
0.026505157,0.13929033
0.205334646,0.57577324
0.197244308,0.5780512
0.204160751,0.57879174
0.235218118,0.5684868
0.225155581,0.5680996
0.194613835,0.56596684
0.273890065,0.55591595
0.26705301,0.5513791
0.288880814,0.5344291
0.012969356,0.060000896
0.012806621,0.043434143
0.014275935,0.026738644
0.01492327,0.09766483
0.015639924,0.08220768
0.015978584,0.0666492
0.016939496,0.13808823
0.018009536,0.12382412
0.019584797,0.18101668
0.185334026,0.5535301
0.221545463,0.5515938
0.28999856,0.54534435
0.228224657,0.5407386
0.287895921,0.5305134
0.301324939,0.51491547
0.273490409,0.51785564
0.289616519,0.49786443
0.271743964,0.48687887
0.020518366,0.23969817
0.019149958,0.19979739
0.016324204,0.16283178
0.013755624,0.12903881
0.017625931,0.18027782
0.016245431,0.14116073
0.014387493,0.10546875
0.015077952,0.12015486
0.013439377,0.08232021
0.031717087,0.30939913
0.016087501,0.2737682
0.0126,0.24083424
0.0126,0.21080828
0.021831312,0.25031114
0.013382729,0.2153275
0.0126,0.18368006
0.015723991,0.1898961
0.012932392,0.1562326
0.042224372,0.34842396
0.033939715,0.32100296
0.025915533,0.29499412
0.018767648,0.27053475
0.016300096,0.30347824
0.014767162,0.27706838
0.015015536,0.2524116
0.0126,0.25743508
0.0126,0.2324481
0.216594632,0.5414784
0.244140469,0.530143
0.275822636,0.51212734
0.225176068,0.53201294
0.272860334,0.5115614
0.282614075,0.48393828
0.238635262,0.5174829
0.265474587,0.4884447
0.227153019,0.49759102
0.05931159,0.36556315
0.044012683,0.34387827
0.031569244,0.32283664
0.019436356,0.30253744
0.04433547,0.33447385
0.032984457,0.31336236
0.023346741,0.29306245
0.030689693,0.30273056
0.022061445,0.28238392
0.052141724,0.37107682
0.039612826,0.35711503
0.029300618,0.34340262
0.036911337,0.3299625
0.032091007,0.34843302
0.020553954,0.33381534
0.012679878,0.31955433
0.025234958,0.32555485
0.019436356,0.31038404
0.173073122,0.56502604
0.186187829,0.549489
0.216478934,0.5271593
0.181914739,0.55965745
0.206905685,0.5372597
0.211559303,0.5076772
0.220402718,0.5450907
0.219711693,0.5156381
0.246786761,0.51983964
0.046884997,0.35784626
0.07544657,0.38576388
0.10646607,0.4134581
0.036911337,0.34138107
0.065039796,0.3686142
0.093755248,0.39582777
0.069147945,0.35169697
0.080875787,0.37829518
0.069147945,0.3609209
0.180967437,0.58643115
0.183744613,0.5713054
0.221056885,0.54924226
0.182254162,0.57272995
0.208088083,0.550127
0.223709761,0.5199218
0.192537611,0.54803145
0.223709761,0.5162897
0.196619803,0.50965655
0.095893265,0.39467168
0.095893265,0.38428473
0.090321966,0.3730409
0.115334753,0.4170506
0.111407052,0.40630507
0.103080743,0.39473343
0.138074115,0.43910074
0.13408148,0.4281714
0.15982113,0.46067214
0.181239274,0.5857725
0.1709573,0.5682516
0.192820484,0.5431024
0.171403992,0.564569
0.206837856,0.53723264
0.214260203,0.500712
0.201677104,0.5302594
0.207178738,0.4897393
0.206030075,0.4768656
0.161616706,0.5054343
0.137572866,0.47919464
0.108816174,0.45098162
0.068932071,0.42116356
0.149803309,0.47044563
0.123295724,0.44358683
0.0915243,0.41545367
0.121956312,0.43317628
0.097103435,0.40665197
0.332749646,0.47619593
0.365314199,0.430277
0.392278251,0.3738714
0.41375759,0.3073777
0.375716259,0.39169478
0.425653143,0.33010596
0.458869668,0.25879422
0.434149679,0.26978356
0.477509909,0.19496831
0.495092217,0.11037271
0.178245215,0.5745901
0.182705297,0.55161226
0.203744077,0.5194932
0.205630913,0.54607034
0.211234733,0.5099925
0.216513632,0.4616289
0.250133256,0.49832445
0.252610964,0.4428026
0.290489007,0.41878432
0.278261845,0.55033815
0.285781963,0.518311
0.300859214,0.47489256
0.302762726,0.5051955
0.313021906,0.4556021
0.324087972,0.39184213
0.336814727,0.42842287
0.325645648,0.35605925
0.353469865,0.27531135
0.396928593,0.22499591
0.450405273,0.16967183
0.424919639,0.14312817
0.462583805,0.088204995
0.508557164,0.030236073
0.512166897,-0.011156445
0.559448074,-0.06548965
0.613552309,-0.17515087
0.613552309,-0.26797172
0.673929299,-0.35312045
0.68976818,-0.42650843
0.565657343,-0.11989915
0.61125057,-0.21336251
0.651140284,-0.30079222
0.541778172,-0.063883595
0.587861487,-0.15653002
0.518444119,-0.008167873
0.118388517,0.5367118
0.077225744,0.50055265
0.031774696,0.45875263
0.013507245,0.4128151
0.104534454,0.5014992
0.057612982,0.46196222
0.013075316,0.41841555
0.087793021,0.46245766
0.046566987,0.42137885
0.68976818,-0.49033475
0.707707345,-0.5414369
0.727199123,-0.5772525
0.653485496,-0.34870762
0.66455375,-0.42511094
0.675642241,-0.4904567
0.611040311,-0.2592863
0.62169075,-0.3458748
0.564548624,-0.16246513
0.130058555,0.5545802
0.093448346,0.5077853
0.055545154,0.45142746
0.03809604,0.39028883
0.077302091,0.5123172
0.045829858,0.45805597
0.024457773,0.39781666
0.020203847,0.46394634
0.0137274,0.40605712
0.741719942,-0.6011534
0.762201331,-0.5996437
0.784937619,-0.58142924
0.67850168,-0.5319835
0.699704063,-0.5794749
0.724843155,-0.6002215
0.629271415,-0.46228713
0.656626891,-0.53088343
0.588187008,-0.37116092
0.019819589,0.3765781
0.041280004,0.43037152
0.092253527,0.48283982
0.151783807,0.5316731
0.0126,0.37818336
0.035896654,0.43345714
0.089855432,0.4870832
0.0126,0.38221073
0.027113694,0.43874717
0.018478475,0.38747454
0.118222919,0.54469097
0.089269121,0.49322844
0.053189316,0.43578005
0.102747852,0.4969182
0.083551664,0.43891954
0.033657849,0.3785851
0.074835731,0.44434142
0.052716687,0.38331175
0.826234939,-0.45213556
0.795816066,-0.5649762
0.737313561,-0.6024035
0.672858371,-0.53327036
0.811602882,-0.49722457
0.772802833,-0.5894135
0.711573208,-0.58906925
0.796371794,-0.542848
0.751465855,-0.60266685
0.04025472,0.43328404
0.079223937,0.4777689
0.111651631,0.519712
0.023392826,0.38601494
0.050992141,0.4319024
0.087867034,0.47639298
0.026705773,0.38184094
0.050189147,0.42784452
0.017358732,0.373497
0.720389625,-0.59276927
0.77150582,-0.59680736
0.814672543,-0.54389775
0.781132596,-0.5858011
0.83137557,-0.5152128
0.852516509,-0.40681458
0.840528608,-0.49175978
0.860489808,-0.3708837
0.861775994,-0.3436005
0.786426756,-0.5947597
0.835007732,-0.54322314
0.865254362,-0.45683074
0.852467378,-0.5358838
0.893185302,-0.44425845
0.896890232,-0.32463717
0.91175483,-0.4345727
0.920356653,-0.30839872
0.943391208,-0.2938435
0.952978,-0.2841127
0.914014278,-0.2758844
0.886993343,-0.27025485
0.929945665,-0.41337705
0.933476748,-0.40889215
0.901944864,-0.40632343
0.885538809,-0.5077362
0.896842458,-0.5069692
0.837849308,-0.57413673
0.015618863,0.34348154
0.0126,0.35648298
0.0126,0.3661816
0.020718874,0.40922356
0.027877738,0.41575265
0.038103819,0.42045474
0.055033601,0.463583
0.064985962,0.4659288
0.096773722,0.50873446
0.873313467,-0.27276015
0.870715415,-0.39356375
0.864788762,-0.48837972
0.853966885,-0.55640876
0.87441544,-0.26956725
0.87356721,-0.38978195
0.868847849,-0.48405218
0.886993343,-0.26901174
0.882624086,-0.38785815
0.060549382,0.49100637
0.043676517,0.42379737
0.033403135,0.33506203
0.024082449,0.22208881
0.040697481,0.44495726
0.026039599,0.37293696
0.021069616,0.28030634
0.021129745,0.39521575
0.019655169,0.3199587
0.873181779,-0.2665038
0.876173392,-0.26077557
0.88488317,-0.2560506
0.871898687,-0.38096166
0.874098186,-0.37763643
0.878511417,-0.37444687
0.870248137,-0.47331238
0.874362006,-0.47282624
0.869036734,-0.5458839
0.015984825,0.045133352
0.021641157,0.088145256
0.024312041,0.15336895
0.041832866,0.16829133
0.045036064,0.22634506
0.040946596,0.28747153
0.06799791,0.29622102
0.064963898,0.34972978
0.094444515,0.40720034
0.8468076,-0.54718053
0.878164693,-0.4707098
0.883162052,-0.3714509
0.865517551,-0.48536968
0.891570571,-0.38331342
0.901388846,-0.26321602
0.883228545,-0.40636015
0.901388846,-0.28610063
0.902727103,-0.32090855
0.059779279,0.26697516
0.04301499,0.19798923
0.027512315,0.14970732
0.016126187,0.11476183
0.047093833,0.19460726
0.028950739,0.12080383
0.0126,0.07190585
0.032579886,0.12040663
0.013980898,0.04400897
0.882255718,-0.37862325
0.873309274,-0.4338596
0.890885131,-0.483433
0.840741822,-0.49222612
0.800037483,-0.5299721
0.801432084,-0.5615457
0.781677424,-0.59318876
0.744591898,-0.6022669
0.720407088,-0.5774803
0.053850647,0.3809917
0.045183763,0.3521626
0.041448277,0.30047917
0.053705579,0.22086692
0.041810851,0.29422474
0.026247697,0.25773454
0.020626933,0.19938993
0.028443533,0.20339632
0.018889915,0.16406131
0.6684152,-0.38872802
0.772203622,-0.57297325
0.830852522,-0.59161365
0.775234258,-0.5418408
0.857654022,-0.6022434
0.903035754,-0.5309272
0.816673125,-0.6005733
0.843879808,-0.5668398
0.777481178,-0.5913385
0.185431218,0.55784225
0.14053357,0.5026946
0.087734541,0.4099841
0.075228933,0.29562712
0.150280805,0.4774196
0.11150579,0.38427067
0.08994381,0.2640698
0.087787429,0.35655499
0.090314352,0.24065566
0.573733743,-0.13139462
0.676388696,-0.40935677
0.731370514,-0.57806087
0.609528344,-0.3465482
0.660108463,-0.53961587
0.717887043,-0.60305834
0.653697928,-0.50875604
0.64608299,-0.5966855
0.65297666,-0.5856643
0.196967406,0.6013484
0.152491512,0.576753
0.113139224,0.5191903
0.118570648,0.42648983
0.141372115,0.5654118
0.099998779,0.4931686
0.099610408,0.3849454
0.088870047,0.4635923
0.090583186,0.3396604
0.540674004,-0.2133713
0.67030163,-0.3919422
0.686515117,-0.51380485
0.784851094,-0.4161716
0.695168182,-0.51013666
0.709171208,-0.5712637
0.703189635,-0.5051942
0.837517054,-0.55474806
0.75445916,-0.55220425
0.186878732,0.6017904
0.118168532,0.5969691
0.093835768,0.5644598
0.11180696,0.50056005
0.13832283,0.59411216
0.080231649,0.5570514
0.085635561,0.48624945
0.114647254,0.5435693
0.093943768,0.46127057
0.616381675,-0.31218517
0.748964033,-0.45262825
0.71477712,-0.5182214
0.699733812,-0.4291805
0.70717433,-0.521183
0.716410532,-0.56033266
0.719655584,-0.5151382
0.703877135,-0.5690075
0.72790108,-0.5712334
0.166431286,0.60140896
0.12426664,0.5944047
0.101228963,0.5518942
0.094737886,0.48082328
0.136022265,0.59771013
0.091829584,0.56286764
0.081213091,0.49770927
0.112192354,0.56691027
0.096176467,0.5042815
0.571334414,-0.16393578
0.68126901,-0.38059115
0.721046453,-0.51147413
0.647967372,-0.3070076
0.733098004,-0.48064166
0.740821439,-0.5652672
0.730824547,-0.42782086
0.740590197,-0.54846597
0.731815339,-0.51440364
0.143581622,0.5947819
0.091746424,0.5437031
0.109439361,0.4648707
0.106277675,0.38138938
0.130987963,0.5703845
0.127198669,0.5027807
0.132286469,0.41975307
0.120443378,0.53211033
0.12746395,0.45425224
0.513155919,-0.00053618534
0.607736895,-0.21800524
0.708100646,-0.39611733
0.561258242,-0.12894005
0.665573385,-0.3283099
0.731815339,-0.47349346
0.614537633,-0.24779743
0.724209855,-0.41795248
0.677876465,-0.34828007
0.090154615,0.49996972
0.04268368,0.42660832
0.019979448,0.3571818
0.033712582,0.29519367
0.091580394,0.4613831
0.051574277,0.3865893
0.032044976,0.31924582
0.089049549,0.42141008
0.057590663,0.34835076
0.437622601,0.10666151
0.509039939,-0.05853343
0.593976209,-0.2141628
0.479627025,0.0008325317
0.559459046,-0.154158
0.642328507,-0.29272056
0.533835475,-0.10034707
0.61066285,-0.23996058
0.551973872,-0.19214848
0.041037609,0.33306694
0.053218313,0.3744669
0.079922972,0.41895914
0.050891459,0.28031635
0.061804195,0.32090187
0.069571059,0.3662212
0.094234542,0.27032924
0.071454241,0.31527925
0.105651224,0.2660327
0.404106309,0.17779791
0.458121193,0.050632745
0.520501085,-0.07480065
0.436217942,0.109636605
0.495986925,-0.022220928
0.551973872,-0.14743166
0.470562225,0.042941652
0.551973872,-0.090305135
0.466312193,-0.020527419
0.02633649,0.31974053
0.054833872,0.28621602
0.088908073,0.270262
0.044360015,0.34353638
0.05782722,0.3171692
0.074771472,0.3055308
0.057520208,0.37019086
0.06683709,0.34980798
0.071231232,0.39871836
0.466312193,0.074143335
0.37885253,0.1801798
0.307596896,0.2935354
0.431899935,0.13776281
0.386769309,0.23717526
0.340269968,0.34131968
0.361508964,0.2942347
0.3166329,0.38741404
0.295746893,0.4300707
0.041075113,0.45812654
0.031371874,0.46662164
0.047095022,0.48048353
0.072427902,0.49910378
0.037003672,0.4109831
0.027390456,0.4158435
0.039767087,0.42674136
0.032763001,0.3643911
0.025870369,0.3651445
0.198109111,0.57924044
0.250292654,0.5190511
0.303859146,0.42072523
0.203599494,0.58344233
0.257454791,0.5238745
0.307596896,0.42388994
0.210218704,0.5871359
0.221126903,0.5286026
0.221126903,0.59043014
0.090867646,0.57345915
0.113873008,0.5943328
0.166024671,0.60309255
0.061895445,0.55242443
0.109573692,0.5807978
0.138833629,0.5999969
0.0611463,0.52735686
0.138833629,0.56204224
0.139756189,0.5845792
0.142236298,0.5861541
0.143096916,0.58957195
0.175561641,0.58719385
0.17404491,0.5786272
0.186532612,0.59528327
0.088869765,0.56063247
0.063361475,0.52129126
0.03702045,0.4678855
0.108956536,0.5656887
0.083484578,0.52928627
0.130405155,0.5703492
0.032538778,0.5033603
0.03241735,0.48598838
0.05809432,0.5354562
0.024967591,0.3840294
0.023975746,0.35659075
0.02509813,0.42612123
0.135829365,0.58184624
0.137966469,0.58672106
0.14049281,0.59119105
0.132518901,0.5849631
0.134624218,0.58917105
0.129304873,0.588336
0.134088018,0.574348
0.132027191,0.57200694
0.134688515,0.5673063
0.127859878,0.5828029
0.128069199,0.5775025
0.132113234,0.57842314
0.124470056,0.57766604
0.120388313,0.5847273
0.120709054,0.5719341
0.202226776,0.603071
0.207630561,0.60290766
0.198313499,0.6025853
0.15720892,0.60076785
0.180233052,0.6030978
0.155243355,0.60140204
0.136226928,0.5980905
0.134729784,0.5952041
0.132195594,0.5918801
0.13940493,0.5965775
0.137053818,0.59313107
0.142834506,0.5951582
0.133114295,0.5980847
0.135840573,0.5984335
0.139751395,0.59913254
0.132861294,0.5954504
0.134060551,0.5961715
0.130389826,0.5925448
0.147673315,0.5983112
0.158614938,0.6003057
0.148946762,0.6012739
0.140817486,0.6001024
0.144199776,0.59916675
0.145528223,0.60176384
0.090910032,0.5716708
0.109014027,0.5811405
0.127418352,0.58898497
0.066858544,0.55005264
0.088012203,0.5630455
0.042542687,0.52163124
0.165846499,0.59352124
0.175989519,0.5992849
0.183000303,0.60210776
0.16541563,0.6019194
0.170368449,0.60306597
0.165893749,0.6026722
0.187059931,0.60280704
0.185102805,0.6012714
0.170948033,0.60147405
0.131347335,0.5894339
0.159093393,0.6014805
0.134930001,0.59501255
0.162326335,0.60285354
0.144710605,0.5991564
0.15276975,0.5916245
0.036007093,0.396163
0.038772628,0.43669724
0.043940559,0.4737885
0.059851685,0.4475987
0.062929175,0.48311353
0.086819357,0.4926436
0.098790412,0.53602934
0.072104592,0.5287889
0.110047006,0.56819
0.028747515,0.325135
0.034734495,0.31177688
0.019540532,0.25981665
0.045468351,0.38291883
0.066984558,0.43575025
0.053225257,0.37033558
0.163648255,0.5905862
0.148811263,0.5693059
0.116853376,0.536613
0.158929313,0.58993673
0.133031457,0.56862855
0.143196073,0.5894048
0.130204525,0.59493685
0.125700384,0.5977497
0.137584177,0.600379
0.155678232,0.6018603
0.15642653,0.6027119
0.178890542,0.6029099
0.120909449,0.58911216
0.120618958,0.58411884
0.114807978,0.5936644
0.138081533,0.59814334
0.130033889,0.5985863
0.129225743,0.59470224
0.120888568,0.59520507
0.122783738,0.59054255
0.119986777,0.586939
0.18999147,0.59514296
0.179717464,0.59859776
0.180874371,0.600947
0.194269195,0.60045075
0.18284554,0.6021013
0.170545179,0.6030998
0.177454976,0.5946754
0.169054994,0.59832466
0.172828609,0.59863377
0.135965401,0.60066926
0.140688684,0.60193706
0.145445597,0.60281515
0.136136572,0.60233283
0.14139283,0.60291886
0.138693721,0.60306334
0.139359817,0.60101485
0.134450825,0.600726
0.137885878,0.60240245
0.146913474,0.60114896
0.145653212,0.6022923
0.144418987,0.60298586
0.154187489,0.60254145
0.15112054,0.6030104
0.158477002,0.6030977
0.147619233,0.60074496
0.160953281,0.60247386
0.149701613,0.6012994
0.156501684,0.60279655
0.17969311,0.601477
0.159004662,0.6006088
0.145902161,0.60262465
0.149071679,0.60277927
0.153774155,0.6004919
0.156728674,0.60075784
0.166583357,0.6030996
0.172047849,0.6017058
0.174112951,0.6028323
0.177025443,0.6000459
0.181322695,0.5975344
0.17265851,0.6014285
0.167282613,0.6010877
0.177273275,0.6026206
0.187246189,0.5809655
0.184434568,0.5839286
0.183195207,0.5902163
0.185463779,0.5900208
0.182066506,0.59462106
0.174097744,0.5979358
0.192932066,0.5904808
0.194158804,0.5856248
0.181664037,0.5921397
0.028655976,0.20494103
0.04280642,0.2826717
0.039540248,0.26825237
0.04010114,0.20835614
0.028287888,0.1484108
0.042670325,0.23102689
0.018922153,0.15680051
0.0126,0.106128454
0.022083204,0.17123985
0.065476212,0.38251948
0.08469954,0.45601964
0.095049519,0.516901
0.061921081,0.36697602
0.075788452,0.4425738
0.060411543,0.353302
0.105604103,0.50007653
0.104690028,0.50818706
0.082243063,0.44542193
0.145849561,0.57374287
0.119711889,0.548952
0.127633802,0.5425768
0.168454528,0.5999899
0.172266576,0.60309935
0.17952084,0.60025847
0.150720279,0.5905335
0.156892316,0.60027194
0.124468089,0.573683
0.175504436,0.6029744
0.181417737,0.59833264
0.17916933,0.59927833
0.083679322,0.3015573
0.058269914,0.24897695
0.04089016,0.1966281
0.058121148,0.2644894
0.036098171,0.2103095
0.040261516,0.226758
0.030982716,0.13979864
0.019480487,0.08794403
0.030068143,0.14175606
0.069735198,0.24681306
0.05439807,0.20985818
0.038868683,0.17393827
0.056030225,0.21332741
0.043140789,0.17594361
0.041038052,0.17942452
0.077004249,0.26353312
0.05652497,0.2303226
0.079475383,0.28180408
0.207040789,0.5932474
0.205422697,0.6002016
0.179046684,0.6030942
0.201282109,0.5914656
0.197618892,0.5995486
0.180695892,0.5890238
0.186773768,0.57922935
0.202249225,0.58662474
0.185803247,0.5829692
0.170824921,0.6021528
0.179006306,0.597839
0.183881481,0.6029273
0.146496892,0.60233164
0.150086868,0.6004847
0.160381351,0.59730005
0.15756729,0.5989585
0.165455179,0.5962275
0.177831083,0.59229815
0.153783109,0.6019733
0.149681225,0.602332
0.159740697,0.59829056
0.159391359,0.5992458
0.167531568,0.59387684
0.165360468,0.5930865
0.173038255,0.59030247
0.191154633,0.58526576
0.186249475,0.58307207
0.176732778,0.5906515
0.190160586,0.5827495
0.185297067,0.5886563
0.175938556,0.56992054
0.183710411,0.5555345
0.249900488,0.5371127
0.180985418,0.5733696
0.19985688,0.5595622
0.187171785,0.58099616
0.194405996,0.58023703
0.23293575,0.55490494
0.206160994,0.58010364
0.167247256,0.5672468
0.172382758,0.5707345
0.195455693,0.5513743
0.058584759,0.27581906
0.063318526,0.29724407
0.062516628,0.3210287
0.091710568,0.3602891
0.086408777,0.3820622
0.120731748,0.4382522
0.099494411,0.34657598
0.074591711,0.31163335
0.113824087,0.39260554
0.075129964,0.4110899
0.082320175,0.49027205
0.094364938,0.46350718
0.154264146,0.44086695
0.137719529,0.3971362
0.110901591,0.35046148
0.15237969,0.43865514
0.12616846,0.3941295
0.137052487,0.43777657
0.132439303,0.5165961
0.104966356,0.5372766
0.101244779,0.55682373
0.145039534,0.57265806
0.132442058,0.58495927
0.168574402,0.60028505
0.175865968,0.60267687
0.168548361,0.6028619
0.138383324,0.5943346
0.257831014,0.5509002
0.220505636,0.58075094
0.194490867,0.60015035
0.22807569,0.5736445
0.196432571,0.59575343
0.20253296,0.59027565
0.275691192,0.5395795
0.24047042,0.562112
0.276185518,0.53442824
0.093722886,0.29082918
0.099314067,0.30796814
0.104024604,0.32649612
0.109706509,0.33395958
0.116871758,0.351269
0.110031205,0.375741
0.141953892,0.41866302
0.13432844,0.39687276
0.126608558,0.37382174
0.024950197,0.15228319
0.021134695,0.1662314
0.018454529,0.108361006
0.038493168,0.19081831
0.048486508,0.24189162
0.05124117,0.2920003
0.031917615,0.2030623
0.036033043,0.253325
0.023173518,0.21621871
0.074299998,0.2615068
0.062032122,0.2765906
0.055621422,0.22568297
0.086332659,0.3046043
0.088607011,0.3467381
0.070639087,0.31873584
0.198178996,0.58010817
0.226293263,0.5566025
0.273962117,0.5190362
0.187988702,0.57834196
0.223141868,0.55134344
0.172836569,0.5746385
0.295027801,0.52262235
0.223115871,0.5492463
0.289486676,0.5168289
0.211183055,0.55056274
0.215291658,0.56535244
0.201264598,0.5800227
0.196276632,0.56522715
0.193181274,0.5771271
0.198817151,0.572808
0.267971381,0.5319365
0.226130034,0.56283534
0.245126697,0.5438001
0.214754925,0.5677719
0.240814523,0.5600771
0.191745378,0.5603684
0.180859063,0.55707204
0.190412907,0.5549816
0.192360386,0.5641794
0.317201069,0.5036951
0.332634666,0.48057044
0.327535415,0.46871084
0.324686443,0.45814693
0.346555702,0.42356646
0.346470458,0.3971808
0.2966794,0.504206
0.309481485,0.4995255
0.318230528,0.45282173
0.182138889,0.57280254
0.18193225,0.53842366
0.156670095,0.49302125
0.181820526,0.58459425
0.166869637,0.5563557
0.176133608,0.59403265
0.175055331,0.49370217
0.174070757,0.49281263
0.181916951,0.538447
0.151227307,0.46116543
0.139092974,0.48054957
0.123773501,0.49890852
0.1356107,0.44037056
0.116422618,0.46120024
0.113857425,0.41986346
0.153490274,0.5264925
0.167135276,0.51064396
0.178035163,0.5515387
0.188062918,0.601833
0.191916486,0.6030915
0.202000859,0.60138667
0.211224873,0.59289503
0.232558791,0.5849341
0.257126745,0.5520127
0.267402248,0.55058944
0.274153638,0.55107033
0.23250162,0.58281255
0.308675138,0.497436
0.337059871,0.43648416
0.3246316,0.49214047
0.018085458,0.19970655
0.018419433,0.21935892
0.016564798,0.15876031
0.080676516,0.4088099
0.052212476,0.44029975
0.026123516,0.4698944
0.063808285,0.38173866
0.037445675,0.415272
0.048275463,0.35541272
0.087991791,0.48819733
0.0548607,0.47848845
0.081818023,0.45010614
0.018386799,0.24468827
0.01636271,0.30703473
0.022843348,0.36688423
0.017579294,0.26185703
0.021099035,0.3225255
0.01919084,0.27989078
0.032445203,0.31702137
0.02080379,0.34205174
0.022583687,0.28017926
0.02080259,0.4007206
0.028000622,0.3781457
0.016481211,0.4353218
0.021670475,0.22508383
0.028034006,0.26291394
0.032423692,0.28627253
0.014363976,0.28881788
0.023964906,0.32261062
0.023635027,0.3357346
0.231656806,0.5246568
0.286920773,0.48117954
0.341098807,0.4140178
0.284703656,0.50554526
0.328315511,0.44569606
0.315607029,0.48222148
0.361699672,0.36278504
0.367417528,0.35379755
0.347239943,0.41572034
0.203710176,0.5513289
0.227068571,0.54269457
0.235799082,0.5256431
0.20011029,0.5473156
0.22209226,0.5292166
0.201190684,0.5376991
0.301451059,0.46188658
0.235554934,0.5088159
0.258981851,0.49910098
0.233008705,0.5334213
0.215490255,0.54228735
0.20395694,0.5468793
0.221868877,0.54075253
0.219956199,0.5470128
0.215037365,0.5449674
0.401481714,0.31220293
0.35846424,0.40900153
0.302675682,0.48882562
0.390919301,0.33663595
0.361046367,0.4213596
0.370767093,0.36479563
0.434435052,0.15221065
0.411848198,0.22202459
0.383816391,0.3117925
0.429433287,0.23757133
0.394173588,0.28594363
0.384690468,0.3304727
0.414493057,0.22351155
0.404036868,0.2649932
0.426475826,0.1611401
0.11593233,0.54388094
0.138682157,0.5772469
0.177685272,0.59737206
0.089114847,0.5351175
0.121109313,0.5709729
0.059074175,0.5269289
0.173829275,0.58248246
0.186911874,0.6030686
0.197283158,0.5859302
0.164537131,0.5908339
0.192261594,0.6023897
0.150169783,0.5650315
0.304408677,0.45274526
0.236005033,0.5445869
0.214930232,0.5960237
0.245624619,0.49362886
0.198740129,0.56887305
0.235750926,0.52639973
0.370901865,0.35569435
0.335370856,0.4033919
0.298336366,0.45038825
0.031910422,0.3082869
0.055276775,0.37410998
0.083813796,0.43532014
0.045811538,0.32910872
0.069276711,0.3922727
0.051109035,0.34994674
0.039767269,0.38995838
0.064155854,0.41288424
0.034662711,0.34844756
0.042767142,0.43553996
0.076558427,0.49626136
0.10747689,0.54602385
0.071534337,0.45494175
0.105858709,0.5115533
0.097857135,0.4740045
0.042605997,0.49795532
0.077152806,0.5234685
0.043691941,0.46700668
0.084494993,0.5480361
0.137598744,0.5841594
0.105062531,0.5662178
0.058992954,0.36038423
0.041373655,0.32803512
0.052507611,0.35461497
0.056819897,0.3696041
0.040189139,0.34634995
0.057511831,0.36775303
0.052462966,0.37332582
0.089095407,0.4328723
0.128756581,0.48621583
0.052872311,0.38405704
0.100524945,0.44117188
0.068821941,0.39463925
0.076466916,0.41288877
0.097910992,0.45278072
0.112578342,0.46988583
0.074196398,0.39029217
0.10739851,0.42964697
0.13726712,0.46600842
0.081435731,0.3949554
0.109947993,0.4328792
0.083198535,0.3991685
0.139116169,0.47234344
0.106683448,0.43514276
0.135616734,0.47898006
0.25629508,0.4964795
0.299076513,0.4495725
0.344880403,0.37834382
0.309590131,0.4506728
0.353905344,0.37741393
0.357680468,0.39015657
0.432374446,0.1993539
0.4029495,0.30108684
0.394718327,0.2866286
0.197135686,0.54649913
0.195993331,0.5452194
0.223742238,0.53692925
0.209680514,0.5412116
0.222274017,0.52948797
0.2249166,0.5258337
0.29588934,0.45741177
0.250686124,0.49982995
0.255889803,0.5080115
0.190582331,0.5457766
0.197662105,0.53950155
0.177800452,0.5543964
0.193035093,0.55384684
0.176753171,0.55265415
0.17749286,0.5628227
0.418214017,0.23564252
0.432972796,0.14383255
0.443886705,0.094901904
0.440718007,0.15074567
0.45578828,0.06731632
0.466910334,0.06533444
0.402031694,0.28368333
0.42855891,0.19974619
0.382431752,0.33723474
0.447053008,0.09444708
0.431429726,0.16774961
0.39943985,0.2762352
0.458601527,0.054155663
0.439867768,0.1532211
0.465703163,0.032907862
0.480863986,-0.016232809
0.466980602,0.024445139
0.478487728,-0.025595825
0.391395006,0.2637148
0.373813393,0.3375541
0.35339816,0.40022063
0.43241353,0.18711439
0.409448136,0.26723132
0.450995688,0.11796187
0.133146718,0.59151244
0.160007966,0.60016274
0.201853312,0.60306203
0.151063012,0.6020851
0.196525071,0.59488106
0.196977795,0.5717242
0.28995464,0.4996295
0.247123979,0.5408535
0.237647993,0.57562804
0.319481322,0.39628446
0.259049413,0.501892
0.307499407,0.45298958
0.117005703,0.49764204
0.143552647,0.5482068
0.162618918,0.58380723
0.129966843,0.51095486
0.158422925,0.5572655
0.146918512,0.5238131
0.129071848,0.5603136
0.144881182,0.5730357
0.128839389,0.5307311
0.152089401,0.6011739
0.134727121,0.59726167
0.145694305,0.59927917
0.075458502,0.3953085
0.074979238,0.39424348
0.076116006,0.39283633
0.097439113,0.41956997
0.095883103,0.4188981
0.119690952,0.44362402
0.123531391,0.45119238
0.102984677,0.4259138
0.130064032,0.45861864
0.068268219,0.3859074
0.086243943,0.40003467
0.055435519,0.3717811
0.092503994,0.4098456
0.113289964,0.43369842
0.109447237,0.42365432
0.184125548,0.5202632
0.163016517,0.4961381
0.141630101,0.47043443
0.168304636,0.50391555
0.146676011,0.4782133
0.152426081,0.48582911
0.151833539,0.5971799
0.150254499,0.5740893
0.153890564,0.5360925
0.16800978,0.59352267
0.160483963,0.5661248
0.173616474,0.58903027
0.168105859,0.50827837
0.158396431,0.5151243
0.154943366,0.522141
0.185457173,0.5449625
0.157910008,0.5515243
0.177014166,0.57415915
0.197702275,0.54021525
0.186094344,0.5251632
0.199490408,0.5583415
0.126464219,0.5909841
0.138602166,0.58322453
0.14305555,0.5631846
0.348013974,0.38700682
0.298189073,0.46902955
0.260770598,0.5185704
0.350430135,0.4062026
0.300616367,0.48619717
0.347645913,0.43321365
0.400454287,0.31647635
0.441236783,0.1658096
0.40818954,0.28865373
0.225478804,0.5482291
0.196299146,0.56575334
0.179133143,0.57427037
0.218506684,0.56330824
0.191423844,0.5787631
0.195056398,0.57913077
0.289291186,0.5100056
0.261020796,0.53471136
0.232264639,0.55483377
0.171356452,0.57517374
0.181300733,0.5672214
0.173859961,0.5824573
0.187105118,0.5899193
0.180224781,0.5846486
0.182657351,0.59168637
0.467288885,0.030429423
0.434507076,0.18694475
0.388132454,0.3455596
0.46450147,0.047369085
0.408719245,0.223443
0.42693784,0.08380368
0.492727751,-0.06851608
0.500761268,-0.08467317
0.496426504,-0.08185843
0.521595542,-0.11907822
0.533086439,-0.14806537
0.528434359,-0.13084093
0.485613211,-0.011828639
0.501141863,-0.0736034
0.508311725,-0.078019045
0.457265708,0.09923437
0.476104992,0.03291191
0.503621112,-0.045041777
0.3743094,0.2650457
0.372861751,0.2674483
0.38560943,0.27057135
0.297665696,0.40208948
0.307415831,0.4078803
0.24876928,0.507626
0.453326919,0.09355278
0.507504115,-0.057347544
0.45384825,0.08941521
0.178562055,0.6030934
0.187136127,0.602808
0.176283135,0.6017841
0.205888935,0.59543836
0.197285709,0.59825206
0.228225079,0.57124066
0.212548662,0.57231677
0.174411522,0.5989611
0.192496263,0.5725149
0.270644386,0.509028
0.255557318,0.50891817
0.325220066,0.4081912
0.142464452,0.4668765
0.166472232,0.48829436
0.170443253,0.50783014
0.140966603,0.45667028
0.159796813,0.47793794
0.138680844,0.44623876
0.183444865,0.51644635
0.172424021,0.5123241
0.164187444,0.49238038
0.134549459,0.43056846
0.150475536,0.4462967
0.118752181,0.4126699
0.155536265,0.4623599
0.167903385,0.4928031
0.165756138,0.47707295
0.193424162,0.54251885
0.187993652,0.5616039
0.181972352,0.5772947
0.182208952,0.53860426
0.177720324,0.55780745
0.173616599,0.53435326
0.203581367,0.5602616
0.203089966,0.57561886
0.198104431,0.5766945
0.148343852,0.6029314
0.159794485,0.60049164
0.174389533,0.5898442
0.125075781,0.60081697
0.139257247,0.6028881
0.145277941,0.59660685
0.185172496,0.5984553
0.219444825,0.5791452
0.198093504,0.58516157
0.17468764,0.60309136
0.176119897,0.5996766
0.177143116,0.59003425
0.163971859,0.60187745
0.153294856,0.6025834
0.150912474,0.59760404
0.181257229,0.5997784
0.183805441,0.5909469
0.191869922,0.5906358
0.313149083,0.46627754
0.241049103,0.53658104
0.202905107,0.57449293
0.267398483,0.5045568
0.218511969,0.56376016
0.259023706,0.54367936
0.341418529,0.39364487
0.309841621,0.44904238
0.361630324,0.2869579
0.177277526,0.5715482
0.186441224,0.58772147
0.184343827,0.58811486
0.206077484,0.6021738
0.199143652,0.60013676
0.187297539,0.5953969
0.201730225,0.6015054
0.198830411,0.5970516
0.1953431,0.59718144
0.193319332,0.5967828
0.205722421,0.5991626
0.196666157,0.591787
0.214093641,0.5863944
0.205226144,0.5907459
0.208407448,0.59975123
0.376389533,0.35060066
0.392598626,0.24547261
0.39120485,0.15470515
0.344648979,0.4435091
0.347371376,0.3626387
0.300823626,0.5059247
0.459905714,-0.037720557
0.444138014,0.026652478
0.437572132,0.11936952
0.496005202,-0.12512618
0.487671937,-0.07491965
0.523967896,-0.17923263
0.533009044,-0.19176742
0.546232028,-0.17606217
0.520017365,-0.15181375
0.544278292,-0.14669058
0.539056906,-0.14777052
0.536668542,-0.14310321
0.563445866,-0.20497864
0.55156056,-0.1940592
0.547850661,-0.21349517
0.447688801,0.11668301
0.499919962,-0.05017881
0.499836675,-0.035646208
0.224092595,0.54925025
0.24355332,0.537876
0.265114787,0.5240598
0.285624299,0.47436643
0.305713951,0.45363253
0.358862335,0.3560803
0.321869496,0.4323675
0.383930306,0.29980293
0.376673979,0.32872832
0.441435986,0.17509472
0.445045251,0.14469191
0.501106367,-0.01713277
0.169987978,0.52636695
0.170711167,0.54265404
0.17190867,0.556741
0.17163369,0.511662
0.178463384,0.52845955
0.175464184,0.49599934
0.168968433,0.5506904
0.170547431,0.5714022
0.166578341,0.56460404
0.163965676,0.4777422
0.170046807,0.49261904
0.143859226,0.45584083
0.183164232,0.51138234
0.1817293,0.5417099
0.180251386,0.5246067
0.17172555,0.5930171
0.164456455,0.6015043
0.157017301,0.6026732
0.162971949,0.5885699
0.156606849,0.5991546
0.159449393,0.58305
0.175204166,0.60305214
0.166306415,0.60287917
0.174476913,0.6008171
0.179770078,0.5935118
0.206693075,0.5617269
0.253483097,0.5032745
0.179351488,0.59180963
0.203444011,0.55876505
0.166692188,0.5903715
0.182684384,0.58366895
0.194309567,0.5698297
0.226867925,0.5410719
0.254011647,0.5119497
0.317140958,0.41539943
0.285687341,0.4639536
0.1745413,0.5586829
0.156549875,0.5790343
0.169560135,0.58280957
0.248590801,0.5608847
0.209468045,0.5685313
0.248479444,0.5343497
0.315731942,0.5126147
0.295011182,0.5354289
0.329981816,0.4753427
0.481649586,0.013205277
0.514969606,-0.0827238
0.531250209,-0.14474846
0.436421978,0.11378752
0.47546148,0.0034265066
0.403592209,0.23355615
0.213047491,0.6028029
0.224762834,0.6028855
0.240693273,0.60256875
0.221835593,0.5988591
0.255363866,0.595907
0.254593707,0.5768262
0.291449185,0.55675626
0.276806078,0.5882269
0.315064967,0.5204048
0.182501643,0.60309744
0.181521759,0.6017293
0.182933302,0.5964054
0.167444006,0.60118675
0.162497615,0.59482956
0.161764822,0.5927137
0.193384417,0.6018758
0.19274933,0.6030996
0.202075821,0.60299814
0.20985407,0.6027026
0.203699662,0.6030041
0.192283655,0.60247195
0.26800621,0.5712415
0.304991921,0.52345407
0.340261877,0.4461335
0.262968605,0.5920192
0.28869126,0.56705046
0.25396163,0.6001164
0.364136957,0.35296023
0.311736137,0.4608361
0.394735735,0.24320486
0.342816628,0.36761594
0.34005107,0.43190676
0.38484055,0.32166034
0.455444325,0.10236305
0.3959841,0.19717243
0.480816537,0.04648795
0.54166817,-0.13272695
0.586434879,-0.2073619
0.618669644,-0.23834547
0.56583826,-0.18383285
0.596976673,-0.22723797
0.561637266,-0.2094832
0.58351607,-0.20440096
0.583545668,-0.22626787
0.603735406,-0.23285046
0.408277241,0.23443976
0.457180725,0.09081918
0.505637442,-0.049844824
0.368624628,0.31011552
0.422338261,0.17611754
0.33183082,0.37657177
0.489194797,0.032619968
0.541009637,-0.12574221
0.530701722,-0.09381281
0.620448206,-0.23517513
0.576796959,-0.18438435
0.581703003,-0.19813529
0.167986844,0.5735321
0.162579557,0.58615494
0.163150667,0.59497976
0.176616975,0.5598093
0.171117019,0.57419777
0.172992647,0.54345286
0.155276211,0.59395957
0.149290751,0.60289335
0.152072175,0.6004764
0.145072065,0.51863885
0.130469835,0.5289428
0.122208599,0.4918096
0.156023707,0.5541353
0.16750111,0.5817714
0.144518295,0.562291
0.161466264,0.5944848
0.182461623,0.5755092
0.211111129,0.5444833
0.159034292,0.6002326
0.173835686,0.58813596
0.1601776,0.6029514
0.187217416,0.5668541
0.235927349,0.5161387
0.213090016,0.5298058
0.26412193,0.46615052
0.274655792,0.44345403
0.296794346,0.42222357
0.329841944,0.33784032
0.342581182,0.30618292
0.392846201,0.15357909
0.431413181,0.07821256
0.383102936,0.24244857
0.473445101,0.009254681
0.528385377,-0.1080652
0.576456477,-0.17889318
0.603931122,-0.22074696
0.512456722,-0.08101929
0.555515976,-0.16039936
0.502934,-0.04241304
0.311310691,0.5046108
0.314081182,0.46411598
0.314660127,0.4024366
0.289460503,0.526876
0.288219177,0.48942214
0.268347051,0.5437472
0.236980844,0.5941857
0.249007837,0.5848092
0.259062961,0.57057047
0.271736175,0.57716656
0.285103238,0.55984545
0.298101232,0.54238
0.263959645,0.57212555
0.254811507,0.58655334
0.282080627,0.5593891
0.221162935,0.5813552
0.173520445,0.596627
0.169013523,0.60257816
0.202240282,0.58592534
0.177013656,0.5985142
0.182365933,0.58953965
0.172506382,0.6000593
0.178174037,0.60294616
0.175807101,0.60308516
0.192960662,0.59870434
0.158018114,0.6012292
0.199169256,0.59202313
0.347170356,0.36198837
0.389200523,0.24710894
0.439728101,0.12345405
0.306040715,0.4590459
0.344422255,0.36145514
0.265900841,0.5297679
0.409492343,0.17720824
0.469807176,0.011396209
0.455126484,0.059871063
0.440757175,0.15138206
0.46482937,0.05692423
0.491341272,-0.032140583
0.407806037,0.21684077
0.435892449,0.112178385
0.375511266,0.28851074
0.180560656,0.60201573
0.177499519,0.598657
0.15983648,0.5984007
0.181432612,0.6017387
0.176549741,0.59957075
0.183699133,0.6017699
0.219043036,0.6027739
0.195336542,0.60123396
0.180375523,0.6008513
0.200587221,0.60138285
0.217792602,0.60308945
0.145702891,0.60196567
0.216355808,0.59761846
0.219471703,0.5929216
0.234517552,0.5846772
0.159495099,0.6030867
0.161266658,0.602839
0.132505745,0.6006963
0.255367875,0.57013214
0.295042625,0.49686998
0.260760913,0.55400264
0.46232995,0.116427064
0.408627433,0.22923207
0.359324561,0.3256716
0.402343862,0.21580887
0.356328786,0.31391758
0.344944722,0.29711497
0.294551993,0.43360198
0.270664239,0.5022264
0.299338051,0.4201764
0.541873161,-0.05551017
0.611382301,-0.20697543
0.564204606,-0.10754672
0.48624793,0.072793365
0.503196255,0.02319733
0.432191485,0.19102147
0.256777541,0.5478072
0.269324955,0.50350225
0.310416949,0.42842185
0.251841712,0.54874945
0.281552505,0.49981683
0.260749061,0.546224
0.485664638,-0.07968524
0.522895389,-0.13213068
0.556763843,-0.16907465
0.571067812,-0.21786004
0.593637355,-0.23331517
0.624635251,-0.25390482
0.59527734,-0.18845055
0.630787625,-0.23566702
0.6343115,-0.22872856
0.636525099,-0.25038517
0.641579449,-0.2451663
0.621693189,-0.236305
0.167819544,0.6010659
0.176407757,0.6030946
0.19263804,0.6015816
0.163483359,0.59171104
0.165555021,0.5982348
0.137666157,0.57473946
0.170729973,0.59927773
0.199745619,0.5714388
0.198233398,0.59093904
0.103710818,0.5450337
0.113404423,0.5507195
0.061733009,0.50773835
0.142684327,0.5807065
0.175472601,0.6007774
0.156714819,0.58482194
0.255336999,0.5033537
0.301399348,0.44632912
0.347849058,0.36839628
0.239728167,0.5439403
0.275096994,0.504709
0.226823744,0.57514346
0.312894875,0.39361644
0.37989727,0.22507793
0.369579148,0.2974608
0.53676466,-0.1377545
0.482875189,0.016982328
0.417873737,0.20391703
0.495042794,-0.0571831
0.433063723,0.12059325
0.440572593,0.043656357
0.568592812,-0.21179438
0.530055748,-0.1584664
0.601236151,-0.24610075
0.545587866,-0.099238634
0.574859491,-0.18335992
0.609755402,-0.23613629
0.540997794,-0.10112457
0.586136973,-0.18568367
0.530847322,-0.10454698
0.484252401,0.04990019
0.525921652,-0.03235902
0.504622428,-0.031560875
0.249289878,0.57777214
0.226169774,0.5948044
0.190522287,0.6018481
0.239580292,0.591725
0.212853716,0.6006191
0.225417857,0.5982121
0.236248606,0.5808451
0.216569196,0.5960939
0.242198877,0.58021855
0.187533583,0.6025392
0.19313204,0.6019138
0.207457748,0.59704566
0.153902773,0.6030972
0.179363596,0.60049427
0.145802009,0.6028167
0.177841355,0.5991154
0.199098184,0.59577346
0.174518809,0.5962019
0.188934089,0.60287464
0.211774718,0.60041046
0.202768125,0.6030941
0.439811012,0.18677416
0.490369342,0.077715926
0.525122206,-0.016695524
0.443847899,0.17625931
0.489385315,0.06496594
0.4456677,0.1648581
0.315860646,0.4363556
0.265079468,0.5377779
0.227616955,0.5859333
0.286389372,0.48954082
0.227992471,0.5629089
0.257823279,0.5260015
0.387484615,0.29880154
0.350881587,0.3695715
0.324400884,0.43280983
0.388065342,0.30684215
0.326557499,0.43545675
0.385857185,0.31411272
0.160799686,0.60030186
0.162796789,0.59850574
0.152360534,0.5978801
0.18781395,0.59505486
0.181834725,0.59483373
0.202024224,0.5936625
0.186234959,0.6028124
0.156676679,0.601387
0.167089177,0.60253453
0.190224386,0.59900355
0.166317421,0.60286057
0.187293814,0.58792937
0.379254072,0.3034892
0.441266191,0.1574351
0.504820152,-0.018978147
0.39276644,0.2733094
0.44953246,0.116876245
0.401766317,0.23582464
0.343092311,0.38751805
0.296737304,0.48762834
0.331847933,0.4115551
0.566049824,-0.23787609
0.623608173,-0.40886348
0.571584109,-0.30884668
0.513076073,-0.09707782
0.528374295,-0.17378122
0.465726999,0.040816557
0.244518548,0.57127273
0.229485086,0.5868926
0.213316154,0.59613585
0.218055579,0.5932183
0.196739367,0.5998821
0.186132424,0.60136986
0.289470861,0.480801
0.281828628,0.51037645
0.270442752,0.53165007
0.315227351,0.4207701
0.307810223,0.45891565
0.351807375,0.3399812
0.261669235,0.54421556
0.237483395,0.57927406
0.25353406,0.5605266
0.575209739,-0.22626576
0.592492243,-0.25328594
0.607470791,-0.25408053
0.600515206,-0.25504753
0.598797114,-0.2494803
0.59609876,-0.24094445
0.564185977,-0.1586767
0.581743064,-0.20666713
0.591786663,-0.22314498
0.107456127,0.5241475
0.072286789,0.48274136
0.128897818,0.527822
0.129704588,0.5345137
0.075468174,0.48704576
0.111089273,0.5388808
0.091689166,0.5021012
0.120375525,0.5513296
0.114261998,0.54764676
0.16255576,0.5929432
0.199082109,0.6014291
0.257511242,0.55564487
0.150253294,0.59201574
0.181870879,0.60118365
0.144600307,0.59110785
0.214932628,0.5944773
0.238102792,0.5804484
0.19153606,0.60307634
0.259230879,0.5473534
0.315371939,0.43942147
0.296550723,0.5038573
0.540000847,-0.087225124
0.462441453,0.16592246
0.352172087,0.4126758
0.482519905,0.056357943
0.384903218,0.31924736
0.412892318,0.22284046
0.536796789,-0.12681559
0.54066743,-0.11026326
0.485348979,0.033528015
0.577091751,-0.21979693
0.596514319,-0.2522373
0.580909276,-0.20908865
0.53474202,-0.0639072
0.52002635,-0.03189865
0.511191531,0.000537774
0.552763555,-0.1285047
0.544334127,-0.09846398
0.575629241,-0.18356672
0.467844381,0.11310424
0.490169168,0.051504716
0.505674779,0.01796132
0.156211854,0.59804916
0.171526186,0.5968883
0.197130247,0.5966532
0.154756147,0.6012074
0.181561452,0.6004851
0.153610381,0.60304224
0.178620114,0.60290027
0.156966803,0.6017915
0.156159164,0.60309887
0.151201245,0.5945308
0.154753026,0.59599066
0.156890034,0.59802246
0.166583058,0.59304786
0.181865661,0.5935905
0.191561872,0.59409356
0.157417305,0.59346044
0.167904147,0.5940528
0.159250292,0.5948086
0.401944576,0.2722058
0.349704806,0.39338577
0.292215766,0.49328023
0.35220622,0.35590178
0.31240947,0.46002924
0.301023929,0.43117124
0.426948339,0.19484583
0.373505953,0.28287596
0.451508271,0.12745233
0.141035125,0.5991938
0.135573253,0.6029351
0.16244472,0.6003587
0.140139369,0.60108757
0.145161878,0.60285664
0.144762282,0.6026013
0.216732306,0.570223
0.164274799,0.59941244
0.186148825,0.5913502
0.259034619,0.5327327
0.249364469,0.5513309
0.217593207,0.5826068
0.161224801,0.60307646
0.162896384,0.6017573
0.160712375,0.59976244
0.175922235,0.60267866
0.1701864,0.60291266
0.194481555,0.6006086
0.410305137,0.18875611
0.478433931,-0.008845593
0.543347496,-0.21520889
0.43359565,0.13854064
0.499235649,-0.0545993
0.467905179,0.09043668
0.332011891,0.38255203
0.368187534,0.29671684
0.399401984,0.24805611
0.619161518,-0.4428069
0.685711957,-0.56754327
0.648612538,-0.49573016
0.574409897,-0.30088764
0.604928616,-0.36843628
0.538669894,-0.14549866
0.277543258,0.49400967
0.328212318,0.40206718
0.40059863,0.27902403
0.263512007,0.50162625
0.323562313,0.41447085
0.252414183,0.5053015
0.245960062,0.5520289
0.228615183,0.55642366
0.22243639,0.58394873
0.182443857,0.59795046
0.201418131,0.59240544
0.209736165,0.5709696
0.110375044,0.5149286
0.079026873,0.47271824
0.114837494,0.5182607
0.14752876,0.58397794
0.138766974,0.56443536
0.124276619,0.5392641
0.134561224,0.5663886
0.127187603,0.54287004
0.123431364,0.5445545
0.145377624,0.59015584
0.132031199,0.5741644
0.122202185,0.55342543
0.14338284,0.59489346
0.132275255,0.5806973
0.149509357,0.5984831
0.149793931,0.5830002
0.133439375,0.5567124
0.166775905,0.55968
0.583641027,-0.21333215
0.60189298,-0.23860803
0.576506117,-0.20140874
0.593902052,-0.22542965
0.599235954,-0.24733722
0.595883036,-0.23422745
0.572510761,-0.17139566
0.536252109,-0.0838951
0.561006075,-0.15753013
0.172822105,0.57935834
0.156620238,0.5811037
0.149709528,0.58366346
0.184459737,0.6028371
0.180374675,0.6029756
0.220288922,0.5806993
0.172731246,0.6030984
0.173744053,0.59638417
0.195812459,0.5980102
0.163981762,0.6028694
0.228422434,0.564131
0.219876691,0.5727079
0.475464333,0.046588413
0.395234753,0.28260404
0.288444237,0.47661692
0.406219072,0.25471225
0.309392638,0.45794743
0.324321267,0.44493252
0.522192891,-0.054668747
0.497158832,-0.010222831
0.43504593,0.20612699
0.55923733,-0.17645329
0.572745438,-0.22199535
0.533789196,-0.13997802
0.476355388,0.050075166
0.51660151,-0.060714453
0.554870086,-0.14913456
0.483824101,0.024098948
0.526336874,-0.07593945
0.494669666,0.0077118045
0.366209883,0.30764323
0.406208136,0.21416718
0.444370668,0.12738933
0.410281364,0.19246599
0.449417368,0.102017656
0.467636015,0.08688487
0.332204118,0.34521967
0.390505182,0.2340737
0.311509012,0.38694447
0.155855291,0.59546685
0.174141168,0.5966352
0.191809933,0.59794545
0.150040959,0.59990966
0.182105647,0.6004391
0.145732717,0.60300565
0.153192794,0.6005496
0.163964642,0.5978446
0.162455441,0.5980716
0.172663877,0.5960462
0.163812514,0.59600747
0.162938983,0.59445906
0.263845339,0.49052346
0.240706877,0.56234646
0.206801916,0.5931637
0.240663511,0.5369375
0.223037884,0.5827265
0.226925062,0.5699867
0.278695114,0.45925468
0.259585645,0.5180465
0.314269289,0.42845154
0.223130857,0.6030816
0.205671108,0.6024902
0.175827528,0.6014279
0.227503689,0.60249496
0.189246971,0.60285044
0.216907627,0.6004696
0.222665301,0.6009846
0.220419093,0.5923226
0.217810731,0.5974057
0.157217232,0.603047
0.186353789,0.59434056
0.212252878,0.5579103
0.165177312,0.6025927
0.195227304,0.5889567
0.187426335,0.60158205
0.144328258,0.60139596
0.159780166,0.60217905
0.167903305,0.5991404
0.696154804,-0.56319416
0.76015575,-0.60207164
0.712689453,-0.58184695
0.651348783,-0.45681155
0.588003827,-0.22386429
0.518151233,0.008407388
0.638921273,-0.4201824
0.570475181,-0.170863
0.619377658,-0.37056398
0.501346335,0.049704492
0.559422251,-0.1647147
0.51051666,0.021836407
0.432202605,0.22836673
0.439796418,0.18691492
0.349982666,0.3628751
0.26692941,0.4871049
0.350079426,0.34617513
0.43379509,0.19401139
0.285793258,0.470263
0.357213066,0.33683634
0.298819102,0.46239525
0.256061352,0.5398413
0.215917863,0.5857147
0.234955511,0.5472717
0.761777305,-0.6018516
0.737106575,-0.6022829
0.802131341,-0.5660975
0.811588665,-0.58161247
0.794449699,-0.5885968
0.865522272,-0.5220479
0.080180408,0.50796676
0.066066939,0.50253797
0.044065325,0.45759964
0.115948059,0.54544175
0.121613192,0.57484746
0.11801716,0.5942482
0.096200507,0.544616
0.102367372,0.57350457
0.081507368,0.53969944
0.14568492,0.5889224
0.134194107,0.5923078
0.134613074,0.5705545
0.158897566,0.5994952
0.169635556,0.6026052
0.181820082,0.5917667
0.153015724,0.6014006
0.159388849,0.6016035
0.136219195,0.6023352
0.161285657,0.6020489
0.16283894,0.6030648
0.17737513,0.60020626
0.241333038,0.53021646
0.193654331,0.5799705
0.171778004,0.60165775
0.238859989,0.54662895
0.197450685,0.5900489
0.231516762,0.564626
0.209970052,0.5572828
0.194351518,0.57761717
0.18417504,0.5926639
0.539594527,-0.14025138
0.54097756,-0.161697
0.522955056,-0.096516445
0.548377173,-0.17429635
0.555833733,-0.19755143
0.567858296,-0.19778955
0.504485048,-0.028961636
0.526423572,-0.09798926
0.540337427,-0.12807351
0.444150744,0.18006507
0.360105765,0.34890527
0.277368997,0.49364477
0.465217541,0.12489109
0.378721611,0.3125568
0.478663453,0.08029423
0.31574844,0.44438922
0.295918381,0.46617293
0.389854513,0.32422918
0.530815941,-0.117777154
0.506486787,-0.0037377868
0.516743582,-0.056829304
0.435092599,0.17376494
0.479000925,0.051151864
0.515110506,-0.061566807
0.450639052,0.13169019
0.49195877,0.008434571
0.461691056,0.08927293
0.388257006,0.28547832
0.402942617,0.24913964
0.415577365,0.20913118
0.342990716,0.40223193
0.358145559,0.37278903
0.304613685,0.5050628
0.355770772,0.38188118
0.33439558,0.45009112
0.385779994,0.29520735
0.31375895,0.48616153
0.261713536,0.5544052
0.293238213,0.53397703
0.197527461,0.60288596
0.199737583,0.6013719
0.189936708,0.600436
0.186811822,0.600647
0.198582914,0.60065913
0.205046941,0.5997803
0.215161914,0.60253716
0.214598143,0.6013702
0.197884322,0.60125995
0.21652492,0.60309577
0.198091553,0.6021724
0.184590646,0.60033345
0.197107653,0.60302997
0.178238413,0.60108805
0.181752418,0.6026399
0.213784605,0.60057676
0.257081491,0.5756358
0.211152117,0.6016842
0.244006419,0.5861112
0.219325402,0.5917189
0.216099353,0.60110223
0.277268451,0.53382504
0.25763144,0.5808524
0.231874501,0.6001072
0.243813864,0.58178127
0.23420798,0.5998945
0.215459448,0.6005043
0.219290705,0.6029713
0.204107962,0.6011636
0.21613767,0.6030061
0.307846338,0.49211353
0.273704636,0.54608285
0.249633714,0.5834609
0.317168261,0.47277796
0.285919323,0.53732693
0.309127194,0.46235406
0.858959722,-0.56167126
0.86079708,-0.56774926
0.881983016,-0.49527907
0.675338776,-0.52088517
0.694107963,-0.5550724
0.712882615,-0.5783113
0.636231749,-0.38852113
0.651252126,-0.4353789
0.584205475,-0.22304317
0.57366644,-0.15896249
0.554044091,-0.08426148
0.613087681,-0.31354433
0.522479669,-0.024989419
0.46780443,0.12472156
0.424032651,0.24092403
0.514726044,0.022747185
0.459745317,0.16195586
0.497055019,0.088389605
0.395380376,0.29612797
0.346370877,0.37166214
0.414363134,0.24053887
0.351340138,0.41170537
0.352303832,0.38520223
0.387929671,0.3264938
0.724369898,-0.52605945
0.768652409,-0.5904454
0.802955134,-0.6017206
0.796423917,-0.5925406
0.827681102,-0.60039306
0.832687282,-0.59911776
0.759847167,-0.6024184
0.684897034,-0.5451145
0.622708701,-0.3986647
0.734169832,-0.6004957
0.677175835,-0.53305626
0.731568857,-0.5967554
0.599221937,-0.34330362
0.590671262,-0.28421205
0.66215396,-0.48952287
0.689727703,-0.49074465
0.646560344,-0.4479252
0.725226961,-0.57235146
0.861519745,-0.54805815
0.857397472,-0.5516676
0.867741517,-0.4799986
0.068244226,0.4732604
0.083214793,0.44572616
0.053796338,0.39277148
0.116652994,0.4917791
0.102384652,0.5164299
0.084209216,0.5323417
0.137363267,0.54918456
0.118077218,0.56363034
0.14882591,0.5837858
0.101834602,0.5937133
0.124155007,0.59063935
0.094609705,0.5708797
0.116927226,0.6030402
0.136675895,0.59783185
0.175214049,0.5818907
0.125399859,0.60274863
0.149907546,0.6005428
0.146124296,0.6012647
0.13981399,0.5991566
0.172521766,0.58510315
0.166215546,0.5812464
0.201476901,0.5540048
0.250423079,0.48924375
0.310544386,0.39783025
0.203058815,0.54504204
0.252737347,0.4816969
0.20813961,0.542845
0.273932094,0.48565412
0.295494929,0.43972892
0.225154531,0.5237856
0.362800857,0.38310182
0.428898302,0.25123706
0.370304745,0.32492042
0.476713266,0.07384659
0.512906108,-0.052864738
0.51974752,-0.08617316
0.474454308,0.031452525
0.492181843,-0.016595025
0.460045319,0.0683591
0.381853036,0.25005248
0.430388248,0.1579086
0.429007708,0.11875746
0.457924134,0.11437379
0.466379537,0.06938958
0.496325434,-0.00046010624
0.375678046,0.2917049
0.412036771,0.213532
0.445998159,0.12964971
0.388102754,0.26096335
0.433907956,0.16635534
0.410269522,0.22095978
0.327631451,0.44338697
0.338495568,0.3679967
0.385149413,0.277065
0.309992857,0.47022808
0.340976885,0.38639045
0.305403186,0.49082166
0.342936447,0.3875507
0.358683205,0.3362285
0.360863741,0.31188184
0.262884844,0.5635246
0.209618995,0.59874535
0.169264648,0.60242724
0.226335163,0.590044
0.174907365,0.6030985
0.201677531,0.5981004
0.299560214,0.5212009
0.273679126,0.54735816
0.250869589,0.5737722
0.211008031,0.6030905
0.193134952,0.60109055
0.176366793,0.59850705
0.207647703,0.60085034
0.188939964,0.597422
0.193407696,0.5990058
0.160955689,0.59798074
0.1751783,0.5974164
0.169204959,0.595
0.14747615,0.59782696
0.143106823,0.5969975
0.150201368,0.6018362
0.273133324,0.5365759
0.239823746,0.5678253
0.215884725,0.58657336
0.241879729,0.574535
0.214329626,0.59141314
0.22472283,0.5962955
0.192069507,0.6012888
0.182411071,0.60252666
0.199364167,0.6027907
0.311020211,0.48424327
0.35445456,0.40946484
0.387842717,0.32867384
0.311602597,0.4870578
0.346241869,0.41967845
0.302609823,0.49803978
0.2757845,0.5303978
0.27982635,0.53159
0.247832984,0.56234276
0.83984489,-0.5944686
0.840795594,-0.59330666
0.835032926,-0.5928041
0.799330994,-0.6009463
0.789956597,-0.60099447
0.736339686,-0.56209946
0.744601061,-0.55309224
0.74440924,-0.54122674
0.799792059,-0.597818
0.576856925,-0.18795219
0.627676255,-0.3311116
0.680282444,-0.44517857
0.630217519,-0.3449241
0.690537392,-0.46197176
0.683741578,-0.47525036
0.527400288,-0.13860422
0.431550763,0.09382728
0.374836674,0.26214853
0.51546785,-0.096416876
0.449119685,0.10708298
0.518449054,-0.05572415
0.421209689,0.23353612
0.464815783,0.11043051
0.405728765,0.24262029
0.338973341,0.43526036
0.378482228,0.33664304
0.358234326,0.35860693
0.63424833,-0.36567062
0.540725219,-0.15188925
0.452872024,0.058273524
0.604229108,-0.318582
0.519223604,-0.11219725
0.580750737,-0.26862594
0.415152564,0.14828296
0.37985739,0.21423134
0.474032874,0.0035260478
0.533064934,-0.09802149
0.494065355,-0.014859961
0.584587905,-0.24164596
0.822748916,-0.59165406
0.766197027,-0.60138834
0.708297991,-0.5613003
0.776144855,-0.601318
0.712184517,-0.5622935
0.721786315,-0.5627767
0.807969936,-0.5933584
0.762474985,-0.60076463
0.850202861,-0.5459205
0.812699112,-0.59238386
0.861484862,-0.54537725
0.871788539,-0.47096562
0.071750145,0.30959845
0.057969135,0.24074244
0.083295825,0.35989642
0.077867367,0.35926008
0.090263117,0.40178347
0.105232966,0.44449973
0.093780679,0.43852496
0.108885117,0.47511554
0.108183543,0.4984069
0.132547283,0.518265
0.156845289,0.5655211
0.133009574,0.53661466
0.167192529,0.595392
0.173557184,0.6003301
0.190809925,0.6024821
0.155911667,0.5802052
0.164763269,0.58807755
0.135536529,0.55539775
0.170487515,0.60304785
0.184972182,0.59226775
0.188825084,0.60111034
0.220411115,0.54927766
0.262703085,0.5020486
0.301706574,0.44109
0.220963292,0.57206357
0.252657445,0.5387268
0.217352571,0.59152794
0.256893018,0.48455983
0.305977874,0.3943789
0.30385199,0.41086245
0.366475137,0.2636425
0.410252726,0.16584867
0.35561974,0.29984033
0.3816122,0.28865385
0.390246159,0.29208308
0.387769397,0.30704132
0.416545115,0.22731677
0.403495597,0.25401908
0.438930013,0.16633525
0.37355561,0.31901485
0.346329585,0.36655235
0.387000836,0.2488398
0.347390343,0.34624505
0.326726568,0.38507116
0.318857622,0.41183347
0.352249685,0.32926136
0.338727878,0.3524692
0.371012957,0.3169908
0.340751434,0.39201778
0.338079916,0.44453955
0.327828245,0.43427396
0.308911264,0.5133642
0.252486231,0.5639874
0.300360953,0.49439585
0.182169562,0.600979
0.162932603,0.6024476
0.171951086,0.6017797
0.2030084,0.59822
0.199304287,0.60245585
0.203778179,0.5891068
0.240450738,0.56632435
0.282487512,0.5159933
0.319930286,0.4386202
0.226769017,0.5801966
0.259144809,0.5359179
0.21544708,0.5819627
0.30130266,0.43361825
0.258508524,0.52192974
0.307723003,0.44279116
0.217488958,0.58939254
0.243929149,0.5738169
0.263667919,0.55586016
0.216069451,0.5910617
0.234721065,0.5821171
0.196532391,0.5919682
0.1883641,0.6006198
0.190289495,0.59915733
0.177507675,0.6030569
0.156995647,0.59579694
0.177842689,0.5954634
0.184897302,0.60209775
0.272212366,0.553797
0.291060187,0.5353135
0.29800622,0.5159106
0.291240659,0.4938562
0.321044326,0.46423864
0.329322055,0.39434135
0.256172377,0.5735365
0.228384429,0.5843855
0.261666365,0.5640633
0.21969766,0.5732713
0.200656081,0.57505465
0.194208024,0.5807576
0.181556281,0.5876328
0.168616877,0.590209
0.169679143,0.5920975
0.664932679,-0.4634022
0.649489506,-0.46056664
0.642753271,-0.45699543
0.598408007,-0.30406785
0.584411747,-0.29625863
0.537991674,-0.10536341
0.564349843,-0.16276065
0.613707866,-0.32611966
0.55270073,-0.13455874
0.506469717,0.02533264
0.446951717,0.21539581
0.388194235,0.35998243
0.468984582,0.09981319
0.40973025,0.26672566
0.428810866,0.16242671
0.502596742,0.057296522
0.492975225,0.08933917
0.444588638,0.24671787
0.368098358,0.2834602
0.298675616,0.43623173
0.264093686,0.52802324
0.341718844,0.32951975
0.28218575,0.45657456
0.323628261,0.36273932
0.266093879,0.547742
0.278715598,0.47717303
0.261453467,0.5395601
0.324020341,0.4407106
0.27906738,0.49318224
0.343106318,0.36808568
0.539254781,-0.14439647
0.533194917,-0.12652302
0.532244928,-0.113895595
0.595462202,-0.32136023
0.588342292,-0.3073465
0.653316591,-0.4667824
0.810922713,-0.5908929
0.769100036,-0.60254896
0.775226663,-0.6016797
0.72868991,-0.57042325
0.721319522,-0.5651245
0.603679381,-0.3358701
0.665785708,-0.4749322
0.672136008,-0.48767936
0.825942779,-0.55271363
0.058256262,0.29084396
0.074681727,0.37157965
0.090989773,0.4417057
0.056157731,0.3300259
0.073915113,0.3968923
0.04304592,0.2405107
0.117450394,0.51249003
0.134683834,0.5304383
0.155094133,0.5581777
0.103268002,0.47734356
0.126843446,0.5182414
0.086074542,0.46314812
0.146071022,0.5584748
0.178808535,0.58863914
0.159088417,0.56662095
0.208862014,0.6023811
0.202512526,0.58540404
0.23214664,0.5099
0.187285622,0.6003289
0.186989174,0.5948466
0.179891412,0.5949073
0.240294433,0.57236564
0.290027656,0.49494267
0.260286642,0.52254224
0.334295344,0.42046225
0.361980057,0.3546763
0.3141896,0.42951477
0.401784284,0.21727258
0.377866606,0.25185055
0.32745338,0.36158323
0.375254149,0.28148276
0.357182653,0.32294142
0.376030125,0.31196016
0.361181244,0.31768984
0.336761699,0.3561353
0.367235565,0.29059327
0.346516532,0.35216123
0.366598829,0.33222365
0.391182099,0.25169376
0.332793388,0.41488236
0.285430114,0.50351703
0.231643248,0.5582533
0.341255225,0.3974644
0.283591566,0.49756217
0.341851877,0.39522737
0.25068831,0.54465294
0.294306263,0.48811156
0.234543319,0.5488664
0.480035584,0.06361736
0.425668805,0.1959312
0.37042442,0.32808256
0.442457112,0.15223114
0.386421463,0.29097033
0.393977914,0.27132812
0.460003636,0.095325276
0.431995696,0.15298468
0.410650745,0.21777311
0.258273383,0.5806011
0.236613491,0.5922183
0.203613507,0.59551823
0.235064009,0.5874529
0.212814549,0.59283304
0.207828882,0.59025836
0.264790136,0.5793828
0.260122304,0.576601
0.244193541,0.5926968
0.220068661,0.5853025
0.19013054,0.59103274
0.198372305,0.5923338
0.253393651,0.5590384
0.234520992,0.579628
0.212287362,0.5907767
0.278788615,0.53645766
0.254490882,0.5688962
0.306305527,0.49911702
0.289682895,0.5125885
0.319768335,0.4650879
0.332390862,0.42806023
0.466839274,0.09605117
0.410410563,0.28999442
0.368820132,0.4204226
0.468412022,0.11029525
0.415446147,0.2981513
0.475120414,0.1184333
0.43259539,0.27653867
0.382465795,0.4083321
0.391871239,0.38787776
0.325643625,0.4922517
0.333791901,0.5076184
0.326131589,0.5169006
0.287106835,0.5580492
0.286450286,0.5640702
0.2588622,0.58570683
0.260105685,0.55812216
0.28366105,0.5328032
0.25963103,0.57624495
0.249453469,0.58826256
0.242603441,0.59383166
0.229340444,0.59617543
0.495884816,-0.017446997
0.557932648,-0.22229168
0.622557266,-0.40623093
0.463225565,0.09333786
0.519508348,-0.11178924
0.435948148,0.18364358
0.430952993,0.20503524
0.405974724,0.28936946
0.377544972,0.36673933
0.500985761,0.000803945
0.59846442,-0.30100295
0.681856587,-0.525097
0.58186521,-0.2043975
0.677524469,-0.45878243
0.747448333,-0.59699
0.085429626,0.4593644
0.130925724,0.5243043
0.170363262,0.5618994
0.150784126,0.52038336
0.186389515,0.5718658
0.090188684,0.42423177
0.202584457,0.5959008
0.244475429,0.5938325
0.305954401,0.524953
0.217826026,0.59988856
0.247634601,0.59523344
0.210654446,0.5997734
0.21365572,0.5994592
0.214516492,0.5302756
0.257963481,0.52490425
0.36937578,0.3086409
0.311648156,0.30004233
0.302875878,0.32746905
0.456112365,0.054407142
0.429174155,0.07779799
0.539226142,-0.09396975
0.440812288,0.092463896
0.499828414,-0.026796877
0.395507456,0.16881245
0.547835119,-0.054116815
0.559384508,-0.10607512
0.503811517,0.0028288853
0.507839321,-0.010897735
0.525664437,-0.05775231
0.54522613,-0.085105404
0.579246679,-0.12240122
0.601909124,-0.16018371
0.588766698,-0.16513011
0.459437234,0.09255542
0.406994899,0.23002729
0.474965,0.05267694
0.392130785,0.27293962
0.370456037,0.32282907
0.464829065,0.090247124
0.439756996,0.18696198
0.479507185,0.079421535
0.517883757,-0.013836063
0.383479545,0.31561065
0.422286542,0.20042121
0.340530394,0.4250474
0.242052293,0.5947963
0.254327069,0.59120584
0.289475143,0.56545746
0.233505691,0.5964565
0.251472906,0.5883212
0.214742031,0.5950513
0.294171608,0.53034127
0.247535119,0.5812471
0.281354275,0.5520866
0.380133109,0.36678237
0.331558133,0.46811277
0.330042966,0.5005517
0.314481743,0.50608826
0.32757297,0.46969068
0.352379716,0.4152093
0.271097116,0.5487362
0.285819929,0.5230939
0.238261334,0.5665885
0.281787123,0.55986035
0.252219122,0.5782106
0.262879068,0.5839751
0.240323886,0.59132814
0.23312306,0.583699
0.273336201,0.5825188
0.392459947,0.30664107
0.455346701,0.14766386
0.528781427,-0.053628027
0.366819362,0.3804471
0.419121783,0.24995771
0.340165728,0.41769516
0.321256243,0.4689175
0.299453995,0.49191546
0.264985503,0.5388061
0.398123257,0.28733838
0.511387946,0.03180992
0.647304145,-0.29681337
0.489444358,0.095079616
0.630021829,-0.20918995
0.75121419,-0.48120785
0.174916497,0.59535575
0.167738951,0.5827892
0.238999956,0.59701586
0.216951023,0.60265195
0.284695985,0.5656569
0.124768135,0.539173
0.47065504,0.14406912
0.464940732,0.15649563
0.451438684,0.17142534
0.423699246,0.33147174
0.402147896,0.35003358
0.352216519,0.48971748
0.261630269,0.58910644
0.316593013,0.5329015
0.359072803,0.43648773
0.328417454,0.50440085
0.395018932,0.36216426
0.391140796,0.30842006
0.437649746,0.16841489
0.519334505,-0.056276575
0.481495454,0.075212635
0.457969572,0.05689744
0.538532874,-0.103322506
0.58192026,-0.16163322
0.532785167,-0.11055869
0.601511824,-0.18660724
0.597232097,-0.18479374
0.613450553,-0.17927378
0.623472744,-0.20757595
0.614370447,-0.20026502
0.577648521,-0.14048511
0.610272268,-0.18335992
0.61093124,-0.19903642
0.587870094,-0.1364272
0.625660758,-0.18801972
0.572329485,-0.11821169
0.508250856,0.027242463
0.556936155,-0.08008991
0.546758289,-0.05393935
0.507898146,0.020378232
0.50547084,0.016705493
0.541182107,-0.07647678
0.24024074,0.56249416
0.267478009,0.53467643
0.294241453,0.49307758
0.295816227,0.51708233
0.293651455,0.48104346
0.348558242,0.39302546
0.28418783,0.5602207
0.343668067,0.47087336
0.329085552,0.5313773
0.430792657,0.23406214
0.384065511,0.41199327
0.384249533,0.32117695
0.461880666,0.14229834
0.382222096,0.3130496
0.357136915,0.36605513
0.392833521,0.30516225
0.346362016,0.3873443
0.337637671,0.41140002
0.310753955,0.44175613
0.347881568,0.37495255
0.336838746,0.37908334
0.377240011,0.3077774
0.436449858,0.14885905
0.52856416,-0.09976518
0.421308156,0.11201614
0.500538347,-0.13339178
0.602751159,-0.3453892
0.319885643,0.48725104
0.254809326,0.575567
0.262639018,0.5821496
0.204172226,0.60287595
0.205862309,0.6029694
0.160755631,0.58748186
0.474854012,0.04458633
0.43450166,0.124736086
0.416475782,0.21163586
0.474246677,-0.0082429
0.444626605,0.06450074
0.477053334,-0.02004003
0.512824516,-0.04700566
0.511012107,-0.07262432
0.545370187,-0.11143689
0.242818392,0.57071567
0.308382082,0.4783222
0.38358604,0.2877893
0.298960008,0.4765566
0.384667219,0.28781277
0.373581375,0.304084
0.537963794,-0.10442571
0.469174908,0.06709432
0.465784307,0.048528463
0.439460604,0.11989541
0.512504749,-0.06761855
0.584540226,-0.16716814
0.478195041,-0.008172213
0.543836783,-0.1303712
0.518951343,-0.07113303
0.577407556,-0.1594261
0.549231473,-0.13863811
0.58357905,-0.17735818
0.548458379,-0.122100905
0.520685274,-0.070138104
0.5340135,-0.08912665
0.401006881,0.3372271
0.415331613,0.27971205
0.418896188,0.22949338
0.411895782,0.28304654
0.431094002,0.19064751
0.411648899,0.23594537
0.463323873,0.048646063
0.439846729,0.11732449
0.444921567,0.13669959
0.383317218,0.3129316
0.386548818,0.33744597
0.378885173,0.35463405
0.397968319,0.21396211
0.395351538,0.27134755
0.451461357,0.01596033
0.364539004,0.34746182
0.38684071,0.30701667
0.394165972,0.34175104
0.617653214,-0.28115714
0.629021718,-0.31169003
0.485387687,-0.045999415
0.508916232,-0.06626672
0.416304362,0.1798397
0.791728081,-0.43964422
0.288744218,0.4820156
0.222975618,0.5703459
0.237783011,0.5687113
0.185992289,0.6004665
0.184115432,0.60072863
0.139736413,0.5982957
0.441241162,0.16452038
0.475166461,0.07917273
0.508439614,-0.0021482834
0.493901411,0.06646699
0.514383904,-0.018900296
0.498846831,-0.0007247013
0.478081091,0.089356095
0.447614444,0.18590459
0.464362167,0.16204977
0.200015877,0.5767628
0.26218436,0.4949633
0.350628264,0.3339877
0.243144104,0.51381934
0.313830143,0.37011564
0.299520757,0.4111572
0.458715447,0.06321853
0.369617066,0.23863909
0.403398814,0.17577678
0.407375829,0.21091211
0.353376345,0.2967167
0.438189988,0.13591799
0.35409935,0.35119057
0.389322018,0.29219285
0.41537078,0.22989172
0.402392884,0.29287153
0.438221144,0.23070434
0.420278969,0.25374675
0.338351177,0.40546632
0.343744968,0.35325587
0.387070155,0.29722852
0.356739389,0.3738224
0.354320484,0.34656948
0.372398434,0.34588218
0.337635084,0.3759361
0.373867693,0.32645863
0.328260504,0.3961184
0.360557688,0.34067357
0.39273848,0.3054908
0.390481981,0.29652247
0.42254103,0.16959155
0.442105783,0.15801033
0.511961345,-0.07783935
0.347191347,0.41381854
0.372656115,0.3600453
0.352954049,0.39733177
0.398944224,0.23631448
0.497056788,-0.015520155
0.60504017,-0.27677166
0.47947996,0.058677085
0.593803867,-0.22659275
0.689263198,-0.41083884
0.252428145,0.5378902
0.211811723,0.59728134
0.206775817,0.58642066
0.174862444,0.6022737
0.163356677,0.6028669
0.13978102,0.58644366
0.202051113,0.6030166
0.248856067,0.56341827
0.293197126,0.4512242
0.231219731,0.5885556
0.270573349,0.4987887
0.240395462,0.54797137
0.373508611,0.2892053
0.303352627,0.4250722
0.332684221,0.35832387
0.318583373,0.4045781
0.279062366,0.47616047
0.34747063,0.34702367
0.257396795,0.53147125
0.248010538,0.5351225
0.244434686,0.53997827
0.281628788,0.47520578
0.281031962,0.47355008
0.313664297,0.41284114
0.304217031,0.43050027
0.316222161,0.4419431
0.286988771,0.4850372
0.304715725,0.44867122
0.256888267,0.52299714
0.210992342,0.57269573
0.31600672,0.46730888
0.27768065,0.5235051
0.321201265,0.46236193
0.253250707,0.5540539
0.286625258,0.5098331
0.241012812,0.56750834
0.311576912,0.4401294
0.314922032,0.40765232
0.331053746,0.37342298
0.389768711,0.28885615
0.393773254,0.26239663
0.477033845,0.07470099
0.235306904,0.52215827
0.201268384,0.55780447
0.257164026,0.48737878
0.367412668,0.34500736
0.457138145,0.134434
0.556158101,-0.112645596
0.434331918,0.19405273
0.537099399,-0.057708524
0.631135371,-0.26547715
0.120053526,0.57448316
0.170042057,0.59639215
0.186263503,0.6028198
0.117687434,0.54088163
0.127950494,0.57286215
0.095796518,0.5050647
0.14451985,0.5839448
0.115641959,0.5582416
0.093385334,0.52954435
0.169734782,0.6018605
0.144672587,0.59113264
0.201635997,0.59388936
0.220689844,0.5854436
0.180763488,0.60302997
0.208739233,0.5901747
0.213055056,0.59466934
0.190385779,0.5987133
0.171545118,0.60151577
0.143953351,0.59360886
0.148924866,0.58780885
0.149903443,0.5844779
0.151821926,0.60301864
0.164738296,0.6021091
0.167426317,0.59619856
0.187004131,0.59284496
0.162574184,0.5912688
0.169179017,0.58513665
0.216331562,0.56377184
0.193181849,0.5647024
0.264328938,0.5135218
0.154070414,0.60132885
0.144955692,0.6010436
0.166137115,0.60256207
0.302192011,0.46969813
0.304839699,0.4645937
0.310218262,0.4544835
0.364262513,0.3466007
0.364439942,0.34842718
0.438309364,0.18422192
0.217763545,0.5760721
0.256095814,0.52879274
0.252731537,0.5398022
0.337797914,0.3786626
0.412378556,0.22006744
0.49024094,0.035627205
0.383340097,0.25404605
0.465302898,0.071538806
0.534766479,-0.09409392
0.05861326,0.44026852
0.055860089,0.46777868
0.095222678,0.47886586
0.078268099,0.50154066
0.114539459,0.5368283
0.030028135,0.39784288
0.123108959,0.5104728
0.111041609,0.47711968
0.097889838,0.44656587
0.128539495,0.5333797
0.114870765,0.50540733
0.132681488,0.5591024
0.146303222,0.5731162
0.135563817,0.54437256
0.138602867,0.5640919
0.168971771,0.5843425
0.149168524,0.561041
0.13433523,0.53553784
0.164662581,0.5858412
0.148961057,0.5661235
0.153682456,0.58918965
0.167521682,0.59995794
0.183881665,0.60276175
0.176830603,0.59930897
0.221078491,0.59398663
0.213508677,0.5953212
0.199075009,0.59489334
0.238813885,0.57051873
0.227493395,0.5750538
0.261502029,0.5297661
0.202103763,0.603091
0.185203625,0.59768414
0.193734209,0.60305727
0.27960304,0.47887945
0.289763392,0.47828758
0.290858577,0.47525287
0.319172023,0.37843233
0.324411085,0.3797363
0.369945709,0.2512752
0.241324294,0.57520187
0.260777989,0.53541267
0.258262118,0.5388342
0.355256651,0.2942377
0.306076241,0.39698917
0.411149746,0.15490139
0.360613159,0.27333942
0.422708284,0.1311589
0.469777648,0.025974441
0.105014604,0.4740882
0.084230292,0.43663716
0.093972884,0.43849492
0.078867691,0.39964652
0.085584111,0.40699077
0.067209724,0.35572004
0.104066887,0.52175534
0.080125857,0.47837782
0.074118429,0.43675923
0.114655288,0.51092005
0.09318844,0.47279072
0.119168166,0.5077603
0.15340904,0.56681967
0.133365977,0.5455904
0.134729973,0.5373069
0.209629657,0.60006607
0.223211105,0.58630884
0.24173435,0.5551033
0.19408671,0.60280025
0.202736016,0.5941553
0.170440442,0.60278404
0.122280554,0.5571079
0.151534815,0.57510865
0.171410434,0.5895896
0.144636638,0.5871234
0.171926578,0.5970179
0.189632966,0.60158587
0.367665705,0.27064016
0.331225101,0.35561365
0.319188351,0.37726957
0.283350829,0.44872826
0.274041004,0.46513474
0.229889272,0.5477793
0.223977541,0.5381441
0.189535719,0.59178627
0.399419896,0.20457074
0.053978565,0.43031716
0.063603798,0.41104507
0.054295938,0.47987294
0.065972431,0.4545281
0.077721354,0.5011687
0.047518535,0.38626862
0.043940485,0.49770665
0.064459572,0.5164242
0.092445456,0.5344204
0.057372254,0.5376636
0.079139166,0.55237055
0.113875403,0.5716474
0.136057717,0.59791183
0.103529651,0.5878707
0.169169043,0.59556913
0.162743217,0.60228026
0.224586517,0.5452813
0.189370236,0.5744481
0.256423308,0.4954611
0.158978462,0.6020595
0.117374018,0.5971315
0.133090689,0.6024499
0.277417254,0.46044892
0.039123748,0.51040196
0.158191819,0.6028075
0.44800056,0.07439326
0.438916709,0.10644601
0.437352238,0.13384777
0.441207042,0.1565821
0.410232452,0.12775843
0.410073663,0.15690571
0.41555566,0.18095875
0.378739354,0.17981505
0.387533565,0.20504916
0.361427075,0.22873122
0.55184729,-0.08200613
0.529611699,-0.030137286
0.508683966,0.016686894
0.493434034,0.057755597
0.55184729,-0.032604393
0.498974733,0.019065311
0.476094198,0.06474231
0.501031409,0.019891739
0.461204112,0.07026959
0.45908613,0.17523137
0.439952403,0.21238938
0.41695099,0.2553076
0.382459443,0.302512
0.417871148,0.1907326
0.391275766,0.22726822
0.362322733,0.2704036
0.369099862,0.20631412
0.342554494,0.24183577
0.323154724,0.22199029
0.449948564,0.22461998
0.389198346,0.27483863
0.321761449,0.3288023
0.27012552,0.38349825
0.432222805,0.25099498
0.360062,0.301939
0.2898548,0.35586637
0.394853081,0.27697602
0.330520271,0.32844406
0.318465737,0.4530754
0.318465737,0.43036765
0.295673157,0.40698147
0.335384439,0.41017473
0.320859866,0.38583767
0.305215339,0.3615411
0.346180034,0.3637191
0.331774221,0.33863705
0.357816779,0.31483233
0.378156836,0.39091176
0.368219031,0.42704022
0.333805179,0.46024317
0.309327799,0.49023205
0.362343197,0.41255283
0.347604565,0.44889444
0.309327799,0.48183036
0.344185045,0.43329436
0.339967335,0.46958047
0.358790917,0.3398695
0.345251074,0.31930327
0.344888627,0.28129327
0.376045066,0.31387615
0.371064586,0.28844815
0.380263767,0.24657515
0.394907028,0.28528512
0.393274637,0.25524375
0.414725978,0.25412467
0.431595967,0.2578034
0.42090647,0.26687494
0.404241541,0.27153483
0.387838977,0.27407134
0.411388366,0.29231066
0.398490535,0.30596542
0.388102706,0.31328171
0.384789057,0.3199252
0.369949535,0.33938003
0.345051676,0.2178415
0.386727382,0.23615909
0.389114106,0.1884614
0.406119486,0.1984888
0.41561741,0.2302078
0.441449052,0.16252565
0.44596389,0.18642437
0.465353537,0.14387566
0.619105594,-0.23100689
0.575157248,-0.17002437
0.532171351,-0.10925083
0.506693203,-0.05274012
0.604475462,-0.1911523
0.558372515,-0.12358889
0.518246661,-0.059082158
0.590815326,-0.14118655
0.54280764,-0.0689231
0.387974223,0.3997385
0.370919126,0.44015217
0.352492039,0.476043
0.303032287,0.5074247
0.3691898,0.43210167
0.343578652,0.4697677
0.320953126,0.5027003
0.341667512,0.46234375
0.312338925,0.49700814
0.200458843,0.52610177
0.220100356,0.5050843
0.243070121,0.48225188
0.263326853,0.457861
0.200242773,0.52878106
0.228084057,0.5083174
0.25311672,0.48606938
0.207816078,0.53168
0.236850344,0.51178676
0.219777709,0.5347898
0.577519563,-0.162666
0.594795081,-0.18055388
0.606772499,-0.20372021
0.634009019,-0.21971598
0.656714811,-0.24377525
0.667135684,-0.270769
0.699643638,-0.274363
0.714168863,-0.3011192
0.742841903,-0.32306588
0.410114332,0.40847266
0.373210395,0.4508314
0.318741312,0.4880231
0.255707415,0.5202403
0.385634346,0.44425392
0.334118298,0.4835766
0.262828512,0.5174347
0.348940526,0.47736347
0.275425111,0.5132279
0.279243639,0.4947453
0.295565193,0.46675348
0.31155787,0.43658972
0.234472736,0.52182746
0.248417706,0.4970386
0.259066259,0.46987575
0.210789836,0.5237787
0.227546466,0.49971044
0.210028916,0.5330684
0.210028916,0.5350131
0.219777709,0.535589
0.240279267,0.51257277
0.242977488,0.5138704
0.2470449,0.51364094
0.275313408,0.48998642
0.275929911,0.49044096
0.296586894,0.46552354
0.565425091,-0.2295951
0.653777777,-0.2576993
0.730445821,-0.28956208
0.612722785,-0.27130762
0.714740754,-0.30568242
0.795428593,-0.3401487
0.673868283,-0.31491375
0.697324222,-0.35062474
0.675090664,-0.35690695
0.241968121,0.5250716
0.232273493,0.5274013
0.211614007,0.530072
0.26826312,0.50301
0.255899191,0.5056362
0.245453806,0.50864685
0.292949496,0.47885388
0.285821007,0.48173648
0.315803393,0.45287812
0.530029399,-0.21723089
0.588574788,-0.26377103
0.66895307,-0.31177628
0.578376527,-0.26212633
0.656939205,-0.31298578
0.681516978,-0.35896546
0.649252104,-0.30777478
0.657163758,-0.35459137
0.625064721,-0.34234935
0.34840222,0.4367786
0.329294498,0.4653105
0.306731346,0.49199903
0.284035456,0.51645684
0.317367855,0.46823633
0.296865393,0.49501562
0.273892837,0.5194507
0.286874294,0.49790835
0.264385461,0.522328
0.325125069,0.4167236
0.307720895,0.4469716
0.271405782,0.47563988
0.2169507,0.5022346
0.325914009,0.45190865
0.299692408,0.48086822
0.238898449,0.50753886
0.316105249,0.48549068
0.273531402,0.5122948
0.313866189,0.41554624
0.297934243,0.44141692
0.282023375,0.46634018
0.272535415,0.4899457
0.285662249,0.44566894
0.266461895,0.4703592
0.24206944,0.4936474
0.256234566,0.47478682
0.221881721,0.49777037
0.557780027,-0.17294735
0.601874024,-0.23468941
0.639440158,-0.2922687
0.600132745,-0.21097982
0.665924287,-0.27021706
0.661433958,-0.32177627
0.68193702,-0.24047169
0.675315319,-0.2940898
0.696333057,-0.2626075
0.327571739,0.42335302
0.317110791,0.4444381
0.307018603,0.46492177
0.300468768,0.48457134
0.309186352,0.4462415
0.299049471,0.46652955
0.289234126,0.48596615
0.290723933,0.46854103
0.280995429,0.48777252
0.343384866,0.43149424
0.336146246,0.44615602
0.320519703,0.46054995
0.299505985,0.4745946
0.325020219,0.44966972
0.313482626,0.46478218
0.305587147,0.47946143
0.310817161,0.46741438
0.300468768,0.48278415
0.519585634,-0.07929623
0.57278428,-0.14557867
0.667648948,-0.20749962
0.558947039,-0.11204328
0.640471486,-0.17510182
0.666478109,-0.23221064
0.613882481,-0.14888161
0.653728287,-0.20761234
0.631146983,-0.19167057
0.326708881,0.45094383
0.368134742,0.42640597
0.393594849,0.40136367
0.299505985,0.4686305
0.338955352,0.44490606
0.381793672,0.42039454
0.318170801,0.46306264
0.346952275,0.43930936
0.318170801,0.45794237
0.528975149,-0.0025111178
0.555046485,-0.06858596
0.599528722,-0.13224618
0.550941271,-0.059639543
0.591720435,-0.12409082
0.614865958,-0.18499097
0.545371089,-0.12410517
0.614865958,-0.18655774
0.523066798,-0.19458681
0.352499799,0.4354607
0.352499799,0.44295555
0.34967382,0.4504791
0.372343933,0.41127402
0.374661775,0.4191674
0.370367335,0.42705947
0.39963643,0.38719893
0.406296869,0.39534295
0.425996003,0.3635289
0.505795176,-0.0007005939
0.533321589,-0.06663462
0.546868794,-0.13181232
0.542043815,-0.07588211
0.607782211,-0.14258723
0.574236577,-0.20726633
0.585677563,-0.15658289
0.602701821,-0.2233724
0.586314452,-0.24180484
0.391791073,0.32187223
0.363610904,0.3516119
0.32344258,0.38285863
0.253571419,0.41507477
0.379358554,0.35917485
0.34487835,0.3888787
0.285630085,0.41940826
0.361690162,0.3973965
0.327885142,0.42628664
0.583264649,-0.2485115
0.638215286,-0.29739916
0.70315008,-0.34543216
0.731806547,-0.39121097
0.620145779,-0.32795918
0.683657714,-0.37452495
0.714134325,-0.41847605
0.674751997,-0.4088108
0.714751157,-0.44985205
0.716007414,-0.48577517
0.521272384,-0.0477757
0.531753876,-0.112599075
0.568515114,-0.17794174
0.561511099,-0.12922296
0.593068769,-0.1963777
0.596847637,-0.26209995
0.6084002,-0.21699181
0.624519348,-0.28444898
0.629324435,-0.30904955
0.56387899,-0.12997694
0.59939638,-0.18981245
0.625779967,-0.25020227
0.635331186,-0.2123535
0.676622271,-0.2734672
0.688773162,-0.33270586
0.709714943,-0.30083334
0.735341768,-0.35973686
0.620456167,-0.3956958
0.648747498,-0.427558
0.684366155,-0.45776856
0.664475894,-0.46391565
0.688570811,-0.49078405
0.716464604,-0.5152835
0.711600721,-0.5258627
0.738795721,-0.54573286
0.763169607,-0.5744262
0.763169607,-0.59260154
0.791024751,-0.6021297
0.803982955,-0.6011995
0.73728695,-0.5589359
0.758581903,-0.5815352
0.778837803,-0.59682393
0.722042759,-0.540267
0.744773678,-0.56655645
0.706586511,-0.5186626
0.373408888,0.2906537
0.345238396,0.33395702
0.31036421,0.38014513
0.285304506,0.42740828
0.345596154,0.33048606
0.29808068,0.37467355
0.264687193,0.4206348
0.307332719,0.37226987
0.241146464,0.41639578
0.803982955,-0.5869198
0.825403865,-0.55494344
0.855028558,-0.502408
0.785598586,-0.6017287
0.802161368,-0.60112476
0.823679056,-0.58478653
0.764280119,-0.58926475
0.786738644,-0.60155094
0.741936618,-0.5644288
0.388892033,0.28064108
0.379799566,0.33962703
0.365201811,0.39810836
0.346760925,0.45305502
0.3728826,0.32878047
0.348164632,0.38762558
0.321638626,0.4450341
0.34672317,0.37764943
0.305337299,0.4356088
0.89295425,-0.39666867
0.925530133,-0.26591063
0.948967985,-0.123752356
0.85260248,-0.5561733
0.884228697,-0.47967982
0.90968414,-0.37586188
0.852116685,-0.59097075
0.877689885,-0.5458404
0.844094217,-0.60309887
0.413176562,0.4587553
0.41343619,0.41385305
0.412573946,0.364654
0.419097473,0.3097882
0.405800566,0.4525637
0.401440057,0.4052024
0.404678521,0.35320455
0.378080469,0.44274753
0.384999565,0.39273155
0.347530448,0.4299302
0.406271003,0.3066375
0.401739266,0.36323416
0.406381644,0.41368866
0.395372295,0.3594346
0.384865723,0.41310835
0.402630306,0.4611603
0.372041938,0.4075297
0.362542079,0.4590581
0.954612802,0.42949462
0.944160089,0.07242489
0.921169612,-0.267828
0.892332789,-0.5120597
0.947340906,0.2559762
0.933188357,-0.09741211
0.908075015,-0.40052342
0.945323566,0.068964005
0.92631539,-0.26534653
0.367408951,0.38841778
0.389958936,0.34419882
0.403703301,0.29727492
0.339801317,0.42307532
0.355129203,0.38101107
0.377735477,0.33663225
0.325339105,0.41671628
0.340491338,0.37443626
0.308606206,0.41150612
0.913608648,-0.27960515
0.939610857,-0.034255505
0.955293867,0.2105546
0.954732899,0.11256981
0.97085126,0.3794794
0.971879816,0.60733986
0.979003633,0.52487135
0.986953538,0.7598491
0.983412893,0.8860338
0.962214183,0.14378095
0.975465926,0.43147063
0.981679903,0.6797371
0.982361347,0.49891782
0.986480044,0.76035166
0.9874,0.9749193
0.982142236,0.81585526
0.98252363,1.042825
0.981827828,1.0886197
0.97821461,1.1067591
0.957698358,1.1091099
0.951418326,1.0931363
0.981072679,0.8745737
0.979395246,0.8805866
0.97003598,0.8677001
0.981961796,0.623482
0.984157699,0.6164403
0.978082902,0.33316255
0.245753244,0.3862769
0.252022629,0.39460623
0.283054045,0.40332264
0.300803486,0.35047793
0.308018242,0.3599757
0.32188947,0.36936814
0.334144381,0.31578392
0.343777989,0.32588202
0.361758294,0.28163782
0.937509523,0.9932449
0.966128389,0.7948241
0.97769705,0.5854616
0.982962938,0.36008668
0.953351934,1.0340149
0.96941817,0.83866763
0.979280715,0.6301062
0.951418326,1.0678792
0.966794229,0.8747616
0.383780952,0.2643144
0.369267377,0.30410904
0.350109689,0.34772074
0.332093614,0.39488447
0.351746687,0.30406815
0.329017063,0.3420663
0.302200534,0.38344473
0.305423959,0.34499347
0.275434021,0.3807361
0.932537505,0.9700339
0.913648826,0.9517946
0.904892449,0.94155884
0.949649521,0.78307104
0.936630159,0.7582848
0.927451559,0.7406678
0.959897676,0.5607195
0.950750518,0.5380914
0.971114937,0.33023643
0.372918659,0.43511587
0.361283652,0.42734057
0.345024977,0.41192573
0.382354128,0.38845825
0.374277496,0.37523317
0.362743324,0.3589852
0.395575967,0.3372391
0.389283683,0.32275873
0.411202707,0.28677952
0.950553558,0.31181312
0.937252689,0.52230144
0.920834552,0.7333677
0.929180482,0.49161792
0.913430997,0.70838046
0.897117928,0.92438173
0.902378782,0.67735696
0.897117928,0.8999224
0.882556971,0.868284
0.403090279,0.3213275
0.398099427,0.34612107
0.390921428,0.36322522
0.378478684,0.3736574
0.394800364,0.36105448
0.389207275,0.38863623
0.388188578,0.4072225
0.383738954,0.39923638
0.380485388,0.42821467
0.88825893,0.8039422
0.921208541,0.7352865
0.956057521,0.6607368
0.908489324,0.50401664
0.901289788,0.43511534
0.927492,0.36425567
0.940915434,0.1501391
0.927230255,0.082730055
0.954909463,-0.17199683
0.376710033,0.21347916
0.367529597,0.20798096
0.36978278,0.21747035
0.383711567,0.253926
0.377978046,0.2658626
0.365327328,0.26665726
0.356416955,0.2815637
0.38063179,0.32100487
0.367797409,0.325117
0.95770845,-0.3929472
0.957188121,-0.108823776
0.954873906,0.2557099
0.974642089,-0.16385627
0.974530598,0.18390894
0.973980769,0.5771506
0.947773156,0.117827654
0.931917073,0.49591923
0.891270374,0.41456413
0.409615705,0.054663315
0.406557564,0.099994525
0.417251453,0.17889929
0.417946386,0.27596906
0.397893039,0.10019542
0.416179473,0.16297218
0.418183442,0.257983
0.397397412,0.16990218
0.408709216,0.24534759
0.901588497,-0.52013373
0.922711586,-0.30455446
0.895971391,0.021996498
0.895265689,-0.34940147
0.855984063,-0.054213047
0.860986842,0.3085258
0.860506318,-0.14362407
0.856200689,0.1829462
0.897675074,0.041027308
0.471218351,0.062046148
0.457483501,0.13268131
0.434777742,0.20753655
0.402307211,0.29093698
0.452445405,0.11775383
0.484216194,0.20078927
0.488557121,0.29539934
0.4431881,0.18338323
0.483026991,0.29108733
0.880493346,-0.5612178
0.928042426,-0.42791247
0.854153072,-0.22271109
0.944309227,-0.47594666
0.859920172,-0.30303597
0.940285695,-0.078112364
0.866001541,-0.3461821
0.958834282,-0.14775348
0.966498492,-0.17989016
0.483549652,0.064294726
0.449144634,0.12937734
0.420995752,0.19639668
0.421323594,0.2675256
0.420361491,0.13002327
0.415257328,0.19865993
0.420320684,0.27280584
0.395624938,0.20233956
0.408151068,0.2818793
0.919218626,-0.5850059
0.965455388,-0.47978282
0.883070623,-0.33475828
0.944920344,-0.5164199
0.879324555,-0.35919666
0.959806411,-0.1942122
0.882444379,-0.40028453
0.946238916,-0.21434689
0.963998914,-0.25554729
0.43055456,0.08752252
0.412329567,0.15807736
0.441334816,0.22957891
0.455760774,0.29847643
0.433982748,0.13965146
0.42526277,0.20903978
0.440051867,0.2790636
0.423856314,0.19823179
0.425912477,0.26896936
0.822018373,-0.60129595
0.919910567,-0.5608059
0.888364298,-0.424541
0.848070909,-0.59028673
0.889328084,-0.4787569
0.918488992,-0.30487514
0.887149231,-0.5318543
0.89239613,-0.3680694
0.901197278,-0.43727803
0.399726268,0.19245118
0.362217661,0.27309495
0.365759701,0.33930737
0.360804622,0.3883465
0.417945845,0.22595584
0.41214723,0.29796717
0.392413704,0.35750252
0.455781873,0.25989687
0.446689134,0.32573235
0.724786444,-0.57552636
0.808592615,-0.6019496
0.879454978,-0.55066395
0.790153111,-0.60174274
0.864128242,-0.57805145
0.901197278,-0.48627138
0.844204179,-0.59508264
0.907783094,-0.52783966
0.885477232,-0.5598602
0.332834672,0.35105175
0.324529433,0.39279103
0.355905362,0.41659063
0.395769563,0.4275605
0.325822475,0.36472583
0.348981003,0.40189075
0.388719832,0.423842
0.336180384,0.37657487
0.359376473,0.4102283
0.734610061,-0.5642251
0.792227727,-0.5995698
0.838569195,-0.597281
0.785037932,-0.594898
0.830663047,-0.60157967
0.875870507,-0.5758836
0.828714876,-0.6029568
0.873096875,-0.5857575
0.887120943,-0.59143174
0.347934219,0.42052275
0.315535968,0.41212624
0.318331402,0.4015271
0.38215488,0.42304063
0.340694002,0.41533095
0.321792278,0.40579897
0.396071325,0.41177636
0.363240101,0.40226978
0.413489944,0.3930657
0.754934347,-0.5629704
0.798212495,-0.59417427
0.840349443,-0.6030264
0.790328949,-0.58783114
0.840161065,-0.60284567
0.887120943,-0.5954741
0.827530121,-0.600626
0.887120943,-0.5997397
0.830435027,-0.6026988
0.443376863,0.2991255
0.42435082,0.34239322
0.419959762,0.37194073
0.42327489,0.32457918
0.407711364,0.36030853
0.393460767,0.38470548
0.39860608,0.34490454
0.379864096,0.3742168
0.368436407,0.36031693
0.830435027,-0.6019496
0.771622451,-0.59353244
0.720284426,-0.5732008
0.801832823,-0.5903032
0.772320934,-0.5725957
0.740876926,-0.5419797
0.742028094,-0.5382421
0.713632567,-0.49858463
0.687698439,-0.44384974
0.446860586,0.24904302
0.471842332,0.20120591
0.495191417,0.14106445
0.514037519,0.06731365
0.443328567,0.2699848
0.464499351,0.22677875
0.483125193,0.17228281
0.441346453,0.2862289
0.457104601,0.24678296
0.624306263,-0.27078977
0.669012156,-0.40357852
0.714300318,-0.5076824
0.631923738,-0.2941739
0.677839573,-0.4277671
0.720284426,-0.5270971
0.638852752,-0.3187188
0.647951261,-0.45159197
0.647951261,-0.3438794
0.525572421,0.053934477
0.564810275,-0.06762459
0.604625344,-0.20591417
0.522777175,0.061401628
0.559827184,-0.06145306
0.578823858,-0.20217979
0.518786369,0.06563387
0.578823858,-0.058609165
0.459375087,0.12394461
0.456918759,0.099435404
0.47756799,0.090929
0.467119119,0.2047526
0.449750822,0.23018315
0.46865754,0.1881088
0.403074988,0.22539726
0.362456691,0.27841333
0.317453299,0.33157212
0.41425361,0.22481173
0.374267053,0.276542
0.42920869,0.22453594
0.351075601,0.28421336
0.332870293,0.3083157
0.375379438,0.25416145
0.372168136,0.36643183
0.354239338,0.38871682
0.365119471,0.34092855
0.454865335,0.15608278
0.47066214,0.124864444
0.486566237,0.09330489
0.464966703,0.15298879
0.479020508,0.12315659
0.470451462,0.14724226
0.427506822,0.19714996
0.41704403,0.23032993
0.403607889,0.22220585
0.451306385,0.18560335
0.432915424,0.22170386
0.441789237,0.19269112
0.418685655,0.26651755
0.423155777,0.26737344
0.402777675,0.29455823
0.458428826,0.14916456
0.426636238,0.16873649
0.465348446,0.13844737
0.447938251,0.2183651
0.459573784,0.17695504
0.435624824,0.22479385
0.475383603,0.05855026
0.473464856,0.088257596
0.472198663,0.117942765
0.482842906,0.060750857
0.480331278,0.09200828
0.489212149,0.0604688
0.466902002,0.07049372
0.46199084,0.07936496
0.457565664,0.085201114
0.466169809,0.099004656
0.460320629,0.10668297
0.464484402,0.12736882
0.496087409,0.019736793
0.511128404,-0.021831702
0.49937779,-0.017154371
0.483280782,0.024760306
0.490619641,0.023477737
0.492782213,-0.012308644
0.412690207,0.20067412
0.426578018,0.17549223
0.437115242,0.14987113
0.39201417,0.22920147
0.407712846,0.20373645
0.373237077,0.25920603
0.469923843,0.17587924
0.47632896,0.15975809
0.4756621,0.14748804
0.481848058,0.1303632
0.486422928,0.118682966
0.487766075,0.08879782
0.481842093,0.12201114
0.482542049,0.111923724
0.498384911,0.09371339
0.445952205,0.17225713
0.476085857,0.12598965
0.451985845,0.14788538
0.475284447,0.10227637
0.455535339,0.12310387
0.462270908,0.173819
0.387660694,0.352212
0.384877931,0.32653248
0.37871067,0.30025586
0.39874739,0.31166148
0.396251014,0.28521568
0.412701186,0.2697333
0.415354184,0.22801507
0.396540906,0.24382699
0.42050992,0.18754265
0.383259964,0.39429927
0.384638437,0.39724708
0.368244972,0.42980736
0.395692753,0.3559118
0.404641909,0.31552666
0.397121051,0.35923916
0.460676865,0.12172496
0.44838839,0.1706864
0.428932102,0.22029203
0.454232269,0.13118607
0.436245212,0.1791819
0.445000363,0.14056844
0.435045345,0.2289944
0.435327534,0.19564635
0.440157139,0.1573939
0.448189808,0.1919896
0.448740402,0.16187862
0.461832549,0.15074708
0.430960512,0.23417282
0.431368483,0.2284796
0.433178574,0.19613126
0.450437904,0.11821312
0.438869357,0.1435634
0.450985671,0.14189276
0.439127551,0.16844532
0.453039496,0.16457063
0.441942971,0.19849211
0.471393959,0.052075125
0.480051686,0.084972054
0.476217733,0.115447775
0.463053101,0.0878309
0.462442583,0.12090632
0.451368976,0.12676655
0.485258156,0.047739647
0.49380567,0.059724174
0.497402636,0.080699444
0.471322019,0.03462902
0.483953641,0.0028254692
0.496821058,-0.03229288
0.471939775,0.011253038
0.489353211,-0.018461313
0.482632207,-0.01146636
0.460656105,0.052720867
0.463985452,0.0452305
0.468104732,0.0204523
0.457323985,0.07013275
0.465954127,0.03964392
0.475729211,0.00959822
0.460107108,0.052871965
0.469936857,0.024351854
0.465561979,0.033430304
0.449065569,0.09961848
0.453119204,0.0789127
0.444847366,0.121626794
0.527165942,-0.093641624
0.560822729,-0.14735448
0.556342922,-0.13056934
0.513186883,-0.05902843
0.520034377,-0.07306634
0.545740566,-0.110036
0.457009163,0.09924492
0.469427478,0.07683175
0.476428469,0.06139142
0.469879746,0.050716817
0.472092807,0.0333494
0.47789952,0.0046950453
0.468265314,0.07783404
0.462859538,0.08854948
0.47385013,0.038429663
0.458174171,-0.031897094
0.467232267,-0.029931463
0.475509862,-0.017429003
0.46249627,0.0049286447
0.466301703,0.014058279
0.479577051,0.044959992
0.463618269,0.021415934
0.450996681,-0.0066671334
0.473594177,0.02490047
0.383165099,0.44261777
0.395053912,0.4035263
0.409526603,0.40642762
0.356143823,0.42824423
0.33724408,0.4592368
0.395140617,0.4189136
0.24771703,0.4514408
0.23364547,0.47635388
0.267450739,0.44438297
0.408308145,0.3443244
0.421639304,0.28469878
0.432562969,0.22177657
0.415819423,0.34901267
0.425779205,0.2901558
0.425121405,0.3528757
0.425484418,0.2542374
0.430249499,0.23823151
0.4147419,0.30038762
0.453212416,0.15356547
0.442213905,0.18735763
0.440029661,0.20405197
0.469940039,0.07770254
0.478256817,0.033407766
0.486015241,-0.011130538
0.462392388,0.1083799
0.471250968,0.06270695
0.45121232,0.14165226
0.476410406,0.035149813
0.482260828,-0.0024556739
0.484709335,-0.007661866
0.350458824,0.3715514
0.303415437,0.402151
0.280682823,0.43089974
0.325420749,0.3937691
0.279501555,0.42357582
0.311365505,0.41549015
0.289288699,0.4632076
0.265392585,0.48836
0.277456757,0.4606607
0.334565477,0.4045781
0.321126424,0.42587835
0.307525718,0.44619024
0.31143579,0.42277807
0.300054777,0.44351077
0.287223817,0.44056565
0.335518038,0.39423627
0.305071342,0.41277027
0.333456737,0.3832543
0.458114927,0.028823934
0.456833047,0.06543613
0.451474356,0.09870635
0.468087168,0.001667667
0.466842896,0.035018034
0.490962777,-0.032288685
0.46296244,-0.03849865
0.455105549,-0.005901415
0.476612324,-0.0360148
0.47104811,0.020491708
0.482446767,-0.002310514
0.457428072,0.062492833
0.498391331,-0.038862113
0.516697693,-0.07800519
0.540208592,-0.12053026
0.503525601,-0.069058746
0.507361265,-0.09928359
0.504080053,-0.10174653
0.483221933,-0.017985905
0.490336414,-0.02533469
0.498351571,-0.06337101
0.488256705,-0.031511977
0.501886903,-0.07854964
0.501521588,-0.05371546
0.592393695,-0.19427472
0.655658104,-0.24306408
0.594780305,-0.21655235
0.541793065,-0.15487361
0.530941473,-0.18050906
0.502263838,-0.13447899
0.476390909,-0.076185025
0.501692109,-0.12325463
0.553409254,-0.17317656
0.483399434,-0.07273554
0.508536885,-0.117864475
0.489730008,-0.05923231
0.497934484,-0.07196491
0.529563579,-0.13676074
0.505089388,-0.08225721
0.480979728,-0.08679235
0.499959848,-0.08961743
0.519143197,-0.1385563
0.371447894,0.38941592
0.414611088,0.3791753
0.429699075,0.3677497
0.43370422,0.33733845
0.453809043,0.32485384
0.462124592,0.28008956
0.392920587,0.3439535
0.376678264,0.36691242
0.434195097,0.3135714
0.438700456,0.3086279
0.435593357,0.24278015
0.45067683,0.26242477
0.437419073,0.2750969
0.417273342,0.30863136
0.386578919,0.34075677
0.444237227,0.2770911
0.421684175,0.31127292
0.45337781,0.2787637
0.460931452,0.20591933
0.448055376,0.1849736
0.443084808,0.1633707
0.46449236,0.12508257
0.458637235,0.103199005
0.473896559,0.041416876
0.47832114,0.0032502492
0.472917109,0.021011282
0.462760095,0.08196978
0.53942832,-0.16928038
0.496487857,-0.105587065
0.481914884,-0.03459058
0.506200401,-0.11574443
0.482630838,-0.05076187
0.494578775,-0.0630811
0.553397956,-0.18240374
0.5267489,-0.13181151
0.56297967,-0.1842247
0.362704154,0.37892896
0.364703661,0.36787003
0.370100778,0.3560865
0.386859664,0.3523783
0.389991812,0.34052092
0.402467432,0.32491136
0.425966322,0.29282838
0.416933144,0.30939728
0.401256913,0.3250966
0.301958645,0.46147597
0.308933461,0.45725852
0.276382002,0.4859481
0.320249574,0.43884933
0.342713725,0.4110254
0.362358168,0.3823039
0.326105884,0.4347642
0.346027687,0.4070056
0.329448336,0.43051654
0.351728886,0.39723104
0.357046458,0.38980144
0.335152199,0.4185027
0.371828213,0.3716262
0.387386233,0.34519386
0.375368555,0.3642661
0.519225839,-0.13710675
0.553380192,-0.19178197
0.596791645,-0.25746936
0.525937519,-0.12883152
0.559220194,-0.18891886
0.52322133,-0.10980599
0.601932678,-0.21574026
0.552627797,-0.16684458
0.605932343,-0.24797213
0.525929184,-0.19234884
0.528020159,-0.1755471
0.513911045,-0.14478008
0.487139185,-0.18378869
0.492517204,-0.16622952
0.502537365,-0.19744274
0.590564541,-0.23539743
0.548649002,-0.17970905
0.572030191,-0.20840862
0.530678367,-0.23152974
0.589119035,-0.26915076
0.532417725,-0.2264533
0.510612886,-0.19146103
0.498005813,-0.18608296
0.498524148,-0.19943091
0.610281451,-0.24604681
0.639975538,-0.2962215
0.63956106,-0.32458723
0.654603737,-0.3225149
0.667642462,-0.37333483
0.68767097,-0.39778978
0.607390664,-0.2513203
0.615940735,-0.2546707
0.665619928,-0.3285063
0.486132318,0.12021443
0.47441508,0.1757035
0.466669654,0.22897151
0.484187436,0.09376052
0.470784286,0.15086053
0.479443463,0.06714696
0.462515643,0.22737592
0.465178967,0.22830689
0.476996203,0.17573285
0.442924601,0.25826308
0.446209005,0.24138153
0.448116371,0.2244673
0.431548376,0.27629578
0.433377627,0.25973526
0.418782688,0.29313156
0.466544157,0.19250038
0.46460298,0.20997408
0.481706429,0.15764098
0.503786951,0.020874068
0.503131416,-0.0062898714
0.500514438,-0.031585857
0.532101969,-0.08229932
0.537124289,-0.10661724
0.579342256,-0.18366042
0.552187501,-0.17729008
0.57076852,-0.18198368
0.521474517,-0.107454225
0.618521956,-0.2662809
0.669782982,-0.35009974
0.628817097,-0.2772959
0.323780688,0.4477452
0.33460947,0.44237417
0.306059157,0.47366834
0.406493014,0.30288208
0.410831887,0.28088742
0.415337304,0.25899544
0.394268501,0.32346177
0.399361794,0.30176204
0.382370146,0.34278482
0.435545033,0.23704216
0.423810631,0.24852976
0.420870906,0.2708029
0.339260551,0.41788042
0.360868386,0.38158083
0.37890247,0.34447467
0.348183923,0.41279662
0.368124312,0.37675834
0.361145283,0.40749264
0.366345382,0.3697105
0.372820376,0.35708463
0.35184708,0.39433992
0.390855921,0.3180595
0.385851085,0.33039194
0.402265584,0.28975412
0.331719388,0.45873612
0.34922254,0.43032575
0.339211183,0.4236307
0.28804762,0.44639677
0.31293832,0.4165312
0.305050575,0.41611344
0.54978542,-0.22396562
0.5839487,-0.27750456
0.630529941,-0.3476559
0.595829929,-0.264132
0.623141472,-0.33556205
0.627536806,-0.30620718
0.657803954,-0.41386402
0.678986892,-0.43610615
0.652578039,-0.3802092
0.511260165,-0.17695677
0.508845681,-0.15391305
0.519080458,-0.15264171
0.50585932,-0.17498851
0.518084883,-0.17984173
0.516466991,-0.19399619
0.599196749,-0.27544323
0.541587456,-0.22403312
0.550880958,-0.2075187
0.572603896,-0.2514115
0.545216764,-0.19212261
0.523829967,-0.20626819
0.510583714,-0.12691231
0.515577961,-0.15897717
0.528040252,-0.1388514
0.700655347,-0.46561313
0.685484791,-0.38007176
0.637181746,-0.28378463
0.706040764,-0.44964898
0.678919392,-0.36790693
0.698493529,-0.4275272
0.725469235,-0.5250453
0.715211454,-0.5102087
0.699784104,-0.46816438
0.696996603,-0.4788422
0.68771975,-0.4707135
0.667223955,-0.41691792
0.718605774,-0.51769406
0.718687573,-0.49685466
0.736366134,-0.5369222
0.463258221,0.17326957
0.482063039,0.11906299
0.503446507,0.061300747
0.452030794,0.18777579
0.471627555,0.13569413
0.44034666,0.20112005
0.493149476,0.10043655
0.516578676,-0.0004479033
0.549209356,-0.106315166
0.497443022,0.08078925
0.529787214,-0.021806553
0.480368553,0.13824624
0.611572168,-0.32208812
0.581171225,-0.19093394
0.545687999,-0.059771396
0.621991369,-0.2748484
0.576290727,-0.14796393
0.609069067,-0.228657
0.674030577,-0.4284553
0.642851846,-0.3803156
0.652832472,-0.3320009
0.364707903,0.39608115
0.368198872,0.3545875
0.376320681,0.3129844
0.355073958,0.38979572
0.357515746,0.34876662
0.340396633,0.38330013
0.384524379,0.33397257
0.382318671,0.3234644
0.373514569,0.3657024
0.398571449,0.29670322
0.416920122,0.24732515
0.436103368,0.19527638
0.399913366,0.28708422
0.418139167,0.23885274
0.398697924,0.27752417
0.421452499,0.2374335
0.429021087,0.21619037
0.409920741,0.26836267
0.44722277,0.17918664
0.477616071,0.112786755
0.451530868,0.15745439
0.322667766,0.42071158
0.303109211,0.44380772
0.31845573,0.41813546
0.338522431,0.4286691
0.321567784,0.4470002
0.33234701,0.42596513
0.331499432,0.37561864
0.355672384,0.33471066
0.386160585,0.29469377
0.330537016,0.37572902
0.364910241,0.33523983
0.340284791,0.37559408
0.345873301,0.3418371
0.367735926,0.3071099
0.373429011,0.3009981
0.340378902,0.3871923
0.366394534,0.35901415
0.389446427,0.33137095
0.344315731,0.389957
0.369338662,0.36193943
0.347931392,0.39273697
0.390436706,0.31965727
0.3682346,0.3473246
0.39051908,0.3075265
0.546245152,-0.17612553
0.59309865,-0.22294319
0.629502209,-0.29009527
0.609330109,-0.2574714
0.645495609,-0.32579744
0.653266414,-0.3445983
0.700669837,-0.4778564
0.676490346,-0.41369015
0.670701888,-0.39531356
0.51200908,-0.114758775
0.493583806,-0.06798075
0.507878182,-0.040398266
0.509303848,-0.09843536
0.511693828,-0.079615906
0.515902166,-0.117742464
0.581584669,-0.17435089
0.539458995,-0.13358241
0.537194287,-0.08552542
0.523580876,-0.1460375
0.580563148,-0.17953515
0.514780187,-0.11369373
0.488909422,-0.033727236
0.488987493,-0.085256994
0.493123358,-0.051349342
0.69652873,-0.5104824
0.720764027,-0.5469718
0.743764945,-0.5531956
0.698008166,-0.5448264
0.720176492,-0.56593347
0.701135953,-0.56801295
0.669684549,-0.47985703
0.679734808,-0.5230366
0.644932755,-0.43665123
0.729752873,-0.53295743
0.702062047,-0.4722535
0.659219038,-0.37305593
0.724632929,-0.5314015
0.683188966,-0.4550717
0.712144215,-0.52066606
0.719210894,-0.57901835
0.738367557,-0.56370854
0.728724999,-0.565825
0.673864752,-0.47398502
0.646093704,-0.42587095
0.619508942,-0.37445843
0.690444529,-0.5218288
0.665471281,-0.48252475
0.694251802,-0.55232143
0.462617411,0.11440408
0.485491569,0.06641676
0.514865836,0.011210879
0.48677313,0.018515348
0.511785597,-0.041054316
0.518973169,-0.096680045
0.575352251,-0.25382927
0.544175358,-0.17676023
0.54506982,-0.11655915
0.630762293,-0.3616656
0.573122661,-0.22923267
0.594480018,-0.30719125
0.398625133,0.26438123
0.426756591,0.21503538
0.449778868,0.1632666
0.400250269,0.25989136
0.429728461,0.21228611
0.405581344,0.25511807
0.438896892,0.1843903
0.444229395,0.17373148
0.422213277,0.22681636
0.465500003,0.09592378
0.462817902,0.10511646
0.483170702,0.009831331
0.359923641,0.4091537
0.353144031,0.4062701
0.347084993,0.40350217
0.376067577,0.38658667
0.368593527,0.3836738
0.392174878,0.36402786
0.387773179,0.35304976
0.368185683,0.37277198
0.387374237,0.34219682
0.36029845,0.42135334
0.377344256,0.4112972
0.352013852,0.4362501
0.377179386,0.3988828
0.392932907,0.37629992
0.394401716,0.38874078
0.434357149,0.28969127
0.422600483,0.31395513
0.408713002,0.3387645
0.416682605,0.3031897
0.404932126,0.32788503
0.401773187,0.3170957
0.416908243,0.15401804
0.411890635,0.20274547
0.408499686,0.24890387
0.433302491,0.15735112
0.424234965,0.20758402
0.446060618,0.16043296
0.409313767,0.29313126
0.404589463,0.28115815
0.405603807,0.26849383
0.418456982,0.25595346
0.406336222,0.24337795
0.416541019,0.21929613
0.431516147,0.26642093
0.420257077,0.27958116
0.427167624,0.24312952
0.396379686,0.17849591
0.398458148,0.19995442
0.401517746,0.22400314
0.61465616,-0.24498847
0.573213884,-0.122386456
0.5339037,-0.039215494
0.596642589,-0.18766317
0.556911252,-0.06660244
0.574521887,-0.12318137
0.614455373,-0.27134985
0.665594457,-0.41856694
0.637091526,-0.32984853
0.505846619,0.00029771752
0.489823397,0.0037477901
0.485875289,-0.015270051
0.494692171,0.042728
0.47201616,0.041750915
0.468658264,0.08481954
0.533444405,-0.0071964674
0.523311151,0.009942125
0.496565453,0.05960559
0.502530467,-0.045313224
0.53996648,-0.08540109
0.503064249,-0.018852323
0.463577914,0.07727605
0.466144998,0.018888464
0.484158744,0.045095682
0.709152957,-0.50184333
0.655641368,-0.3771993
0.594992903,-0.21454331
0.706390387,-0.47166944
0.636403807,-0.32344735
0.677427355,-0.4283268
0.723891345,-0.56979275
0.734477705,-0.56208897
0.735112654,-0.5468967
0.733168642,-0.5897727
0.760340334,-0.58843935
0.751695173,-0.59528875
0.709142506,-0.5821413
0.71934301,-0.5859659
0.722072999,-0.59058714
0.704111596,-0.5513277
0.709800828,-0.5728178
0.722146444,-0.5859386
0.672084164,-0.46448398
0.660722329,-0.45265698
0.640626877,-0.43859935
0.634476347,-0.34372753
0.610177544,-0.323251
0.564837948,-0.20528352
0.695687748,-0.548301
0.732768452,-0.58630645
0.689356024,-0.5438986
0.438414189,0.10345128
0.451301868,0.10501777
0.459976149,0.106198505
0.464319682,0.04119932
0.468178035,0.040855255
0.49091449,-0.037031922
0.494051435,-0.055632018
0.478309104,0.026320823
0.507792927,-0.07576853
0.531632658,-0.16219828
0.544126468,-0.18387997
0.589781651,-0.305021
0.417136742,0.3453079
0.441862491,0.32708257
0.440133986,0.3094386
0.41956924,0.3576516
0.436377197,0.3394643
0.421546875,0.3702491
0.443522392,0.2961051
0.44239473,0.302657
0.433847646,0.32042384
0.420248265,0.3882934
0.42752625,0.37565178
0.399215407,0.4076661
0.433466332,0.3572961
0.43804039,0.32683593
0.434504864,0.34485263
0.441689915,0.2675507
0.438488535,0.24612159
0.436502534,0.22529802
0.440508345,0.274017
0.435369314,0.25268087
0.437399145,0.2806187
0.438719473,0.2446315
0.433159807,0.22147045
0.439713049,0.22340262
0.41618529,0.12460342
0.432225194,0.09373544
0.451873661,0.060466416
0.398598649,0.15088499
0.413665148,0.122475326
0.407235545,0.17352715
0.447139185,0.06997319
0.482146348,0.0011957303
0.470765352,0.033580825
0.442118274,0.14566986
0.433363643,0.17031261
0.424111806,0.1946936
0.433662573,0.121769816
0.419441656,0.14805049
0.425743088,0.09386076
0.442358015,0.17366073
0.439907263,0.19988135
0.438432842,0.19741312
0.541546997,-0.056536704
0.497465414,0.049208768
0.4720074,0.10647987
0.505796798,0.010362674
0.480982978,0.10422699
0.503978774,0.075683124
0.557920444,-0.13910843
0.53654517,-0.061165214
0.601544398,-0.24559718
0.52069453,-0.05948045
0.511631319,0.006398606
0.519773154,0.006375229
0.480860237,0.17235318
0.490817167,0.121003166
0.503756381,0.06119076
0.490879293,0.12957019
0.506119434,0.069598906
0.491628516,0.06917874
0.481536035,0.10427028
0.477426903,0.15321071
0.469364771,0.1232581
0.478180145,0.15673447
0.473451714,0.1507724
0.474370128,0.18603697
0.610129326,-0.18202561
0.633192529,-0.27484062
0.646199922,-0.35861248
0.579162176,-0.0726605
0.587748186,-0.16043878
0.537362128,0.015517317
0.703801489,-0.5068979
0.684525149,-0.4536106
0.671310527,-0.38164616
0.734208591,-0.556218
0.718480201,-0.5213497
0.76407455,-0.58231425
0.781775815,-0.59311604
0.785853911,-0.5965501
0.756134646,-0.578616
0.821583504,-0.59358287
0.792011915,-0.5959246
0.775279916,-0.5965481
0.838881504,-0.6002917
0.805959944,-0.59929466
0.812790311,-0.5981885
0.6866166,-0.52148867
0.737946468,-0.5811807
0.750678424,-0.57193804
0.510199324,-0.029535744
0.52246764,-0.068306535
0.52876476,-0.112814605
0.575242176,-0.1519507
0.575548914,-0.2017687
0.637103353,-0.30288082
0.575137353,-0.25384507
0.628345173,-0.3987617
0.630936775,-0.35281646
0.701117006,-0.4628982
0.692552893,-0.49554193
0.766534086,-0.5599259
0.432567482,0.2916643
0.424630122,0.27470553
0.418379859,0.25857902
0.431442933,0.30905503
0.42585538,0.29211926
0.431159098,0.327183
0.428841596,0.26343095
0.427337798,0.23602
0.420531302,0.24700102
0.412046526,0.34836233
0.402081032,0.3344258
0.388678268,0.37256217
0.422157554,0.31254506
0.420875593,0.2781678
0.413751419,0.29918194
0.433303585,0.19751367
0.428532999,0.17005739
0.424283479,0.14204244
0.420357624,0.20870188
0.413325073,0.18204576
0.410139759,0.22008678
0.446612762,0.14440079
0.437937744,0.14312877
0.440754192,0.1717624
0.453596502,0.09350219
0.481653789,0.02887782
0.526872055,-0.057328433
0.456048731,0.09336096
0.481476246,0.029910978
0.447386628,0.09299484
0.456852916,0.063039795
0.472967099,0.026306335
0.504669692,-0.012337722
0.544959479,-0.07442657
0.622751037,-0.21078905
0.577101613,-0.12680294
0.514254831,-0.09248617
0.499872614,-0.028593209
0.49729002,-0.01264167
0.543348238,-0.099105805
0.537743607,-0.071957126
0.575979907,-0.15765505
0.601494461,-0.20256135
0.599629756,-0.16361162
0.653789585,-0.25177664
0.67371766,-0.47983885
0.708804728,-0.5301988
0.739334949,-0.5632396
0.663741213,-0.40037483
0.697994792,-0.4699161
0.641690349,-0.29710382
0.473905962,0.20964071
0.464337748,0.22966033
0.454996347,0.23025286
0.474276953,0.19932714
0.482282926,0.19109854
0.499085943,0.13849442
0.519687455,0.09165679
0.491456765,0.1575601
0.545432506,0.017721541
0.459300562,0.17934647
0.465428639,0.12378587
0.473187168,0.06287519
0.47401671,0.11170213
0.480007433,0.050881036
0.49588819,0.03506736
0.472034927,0.13011515
0.454769826,0.18486026
0.472964242,0.183115
0.440617894,0.24848667
0.45543894,0.2236149
0.444028499,0.22803178
0.516893159,0.06731828
0.546713075,-0.009718353
0.577654534,-0.09505354
0.484586977,0.14888053
0.515314466,0.08872765
0.463118518,0.20274988
0.609741855,-0.20870507
0.580864336,-0.1155563
0.631281965,-0.32033807
0.602343215,-0.34005588
0.588797953,-0.29124808
0.632958249,-0.37502468
0.675313909,-0.47649992
0.645022175,-0.4349239
0.692085718,-0.50242656
0.718063361,-0.5637616
0.765164318,-0.5944536
0.814245117,-0.6014881
0.752960555,-0.5839075
0.804413677,-0.59931195
0.787952747,-0.59407675
0.893319562,-0.59979343
0.847840971,-0.60075164
0.856339567,-0.6015518
0.705592694,-0.40062612
0.787201188,-0.48813963
0.837363435,-0.5503402
0.682934579,-0.31169283
0.749500493,-0.41578645
0.626329285,-0.22068939
0.790250497,-0.530936
0.854615493,-0.58640814
0.886176156,-0.5730268
0.855287757,-0.60148275
0.871169373,-0.59346426
0.888902254,-0.59784806
0.41124796,0.23646218
0.405498191,0.21589702
0.397513131,0.19662368
0.414975412,0.2565093
0.411968032,0.23671103
0.408558733,0.27812186
0.402974373,0.19848308
0.40373027,0.15988174
0.394406607,0.17773789
0.379459578,0.30856663
0.371411125,0.2981112
0.354493822,0.33954364
0.39496544,0.2658019
0.396489444,0.22503075
0.382687559,0.25614563
0.429041861,0.10645148
0.448203735,0.0657612
0.470013681,0.016391605
0.407018798,0.1271369
0.414639403,0.09072836
0.391285407,0.14740178
0.468477006,0.04884044
0.513963802,-0.029138386
0.497447017,-0.0051418506
0.526161492,-0.085537866
0.551166179,-0.11659655
0.569088191,-0.15173872
0.578186654,-0.23001641
0.602597184,-0.27044907
0.630715079,-0.39995313
0.702289249,-0.46328706
0.678079861,-0.34452146
0.78312215,-0.5140389
0.726719703,-0.5752877
0.74848887,-0.5919045
0.779581052,-0.5991521
0.700115744,-0.55517316
0.728618497,-0.5813961
0.683825405,-0.52466196
0.56562338,-0.21054274
0.572851929,-0.2548692
0.584397763,-0.30655545
0.549569074,-0.17443895
0.556811781,-0.22015661
0.53604999,-0.1412271
0.519999324,0.008182365
0.542524035,-0.03367568
0.558864846,-0.080145486
0.54385555,-0.0666118
0.573182979,-0.113310635
0.565083736,-0.15223464
0.528579339,-0.08297062
0.524925005,-0.034195885
0.544756332,-0.11603169
0.537911259,-0.037055817
0.528528466,0.04655035
0.499777308,0.1229554
0.530662478,-0.01070312
0.525595278,0.070209935
0.521341744,0.012856346
0.500723392,0.09253992
0.493942739,0.145786
0.472678304,0.16486749
0.511806551,0.04984595
0.503600514,0.08784743
0.532423088,0.008429565
0.599333085,-0.27287787
0.624874459,-0.3539346
0.647621984,-0.42350692
0.573763513,-0.15310849
0.604943373,-0.2391845
0.552117368,-0.03506365
0.643203665,-0.42330307
0.683586756,-0.52316654
0.663078487,-0.48092246
0.667235571,-0.46933454
0.688326768,-0.5180662
0.709034469,-0.5524341
0.639968448,-0.41513348
0.662650522,-0.4768483
0.619147933,-0.3491214
0.466037865,0.20176649
0.431397616,0.25701174
0.41239357,0.27497685
0.459674514,0.21968463
0.4278498,0.26477063
0.451229081,0.23164201
0.422796348,0.2543922
0.431927444,0.26039267
0.415222348,0.2690247
0.453672903,0.19053635
0.438712734,0.23399666
0.417643215,0.25427863
0.450109131,0.13191304
0.471721092,0.1146016
0.499229969,0.09274736
0.426672737,0.2126889
0.437938992,0.20371154
0.413964235,0.25865823
0.497611024,0.025501136
0.552475802,-0.11574867
0.523298886,-0.0031675636
0.672267227,-0.46495765
0.638162684,-0.4050113
0.605048026,-0.34249234
0.641315761,-0.41938186
0.608940831,-0.3588323
0.610946337,-0.37672842
0.56465143,-0.26475438
0.54380943,-0.19802645
0.572305218,-0.28484103
0.717820533,-0.53313136
0.756066377,-0.5783957
0.728953731,-0.5486814
0.682873447,-0.48033977
0.694371991,-0.49788725
0.648589691,-0.41996914
0.527566718,-0.12726983
0.540415536,-0.18657345
0.571003375,-0.25757417
0.521648208,-0.1170623
0.547475073,-0.17930731
0.527372947,-0.11112881
0.726981168,-0.54668665
0.803381286,-0.5719881
0.841686903,-0.58685637
0.805996247,-0.5956807
0.839516732,-0.5996529
0.829523204,-0.6026608
0.782366055,-0.59763193
0.815983269,-0.60254157
0.801286115,-0.60142267
0.829789889,-0.60260165
0.825214019,-0.6022748
0.848695993,-0.6009579
0.383775952,0.1750373
0.377820695,0.15389208
0.387639475,0.13203701
0.375333921,0.20593864
0.375353144,0.18835741
0.380668153,0.23935854
0.387001248,0.12195374
0.42689374,0.0567611
0.407157158,0.09430264
0.384141682,0.28349274
0.386801584,0.28050068
0.366746835,0.32937938
0.389103168,0.23217621
0.386917646,0.1788407
0.394857467,0.22819734
0.492095806,-0.040624715
0.521537298,-0.11288299
0.563856243,-0.2021482
0.456400516,0.010420311
0.491216594,-0.04804507
0.431295212,0.057284072
0.546945019,-0.16876644
0.604795326,-0.33507758
0.584684738,-0.268144
0.729720697,-0.5683602
0.680114946,-0.4890964
0.624625945,-0.353621
0.700279284,-0.5316465
0.64327886,-0.41864473
0.661369568,-0.4747736
0.767311914,-0.5932876
0.744928564,-0.57721627
0.804596692,-0.6010387
0.786246374,-0.5914109
0.809728753,-0.601017
0.822472751,-0.602885
0.774926995,-0.5869671
0.79999941,-0.59953713
0.751921635,-0.58164585
0.71243657,-0.5326675
0.757986013,-0.57103086
0.73315725,-0.5624956
0.516207717,-0.063801914
0.494724302,0.0011704407
0.466459407,0.05567067
0.508850586,-0.013575602
0.487019626,0.04580705
0.502566764,0.029739961
0.502928968,-0.045283675
0.48616261,0.008772946
0.509585595,-0.052603036
0.484312546,0.091046184
0.464395407,0.16179508
0.445165906,0.21585661
0.474634831,0.13008973
0.452844875,0.1978338
0.467061959,0.1657188
0.441561597,0.23282474
0.431665435,0.24924785
0.417950011,0.269541
0.458813279,0.11558889
0.461296197,0.1698094
0.476709752,0.10639265
0.669599576,-0.45923752
0.721434782,-0.5285646
0.760846203,-0.5701848
0.671764234,-0.46317405
0.718898516,-0.5308536
0.672960092,-0.46651745
0.578791616,-0.20548347
0.526674228,-0.054747984
0.474640224,0.06903418
0.550083055,-0.14043508
0.498885663,-0.0039189886
0.516339654,-0.0840828
0.617469075,-0.35750723
0.598521465,-0.28491366
0.567829101,-0.2193819
0.614675759,-0.35420775
0.558368176,-0.21879491
0.61077596,-0.35082674
0.435050994,0.22676343
0.417366238,0.25314623
0.414672834,0.26928225
0.428390915,0.25093526
0.420999028,0.26616672
0.428924946,0.24685326
0.426978425,0.18167037
0.416927875,0.23993045
0.415606213,0.2119754
0.44023346,0.13046707
0.438071774,0.16938433
0.462659099,0.068807155
0.615069101,-0.34701616
0.655304911,-0.4297014
0.707268007,-0.5110019
0.627502579,-0.35598046
0.673570721,-0.44339865
0.648670391,-0.3694523
0.598905039,-0.2678355
0.559965553,-0.18152046
0.585813626,-0.2604265
0.769032994,-0.58394516
0.815046819,-0.602046
0.806804013,-0.5979924
0.741122519,-0.53904927
0.778929492,-0.56542015
0.711090386,-0.4758653
0.509532121,-0.059421256
0.490408395,-0.017120032
0.478690355,0.01752104
0.485175424,-0.0016498354
0.465748191,0.034398388
0.461502223,0.047055274
0.564064758,-0.16040821
0.552411242,-0.13921404
0.538104067,-0.12293801
0.588659337,-0.22229543
0.575480212,-0.19923887
0.61567692,-0.2929194
0.531529432,-0.08813496
0.502342492,-0.030197542
0.519546732,-0.07178804
0.762769515,-0.5970279
0.793542363,-0.6022446
0.8213297,-0.60299766
0.789884553,-0.6028452
0.812375607,-0.6030992
0.803739061,-0.6030557
0.814278126,-0.6008903
0.816827179,-0.60304606
0.827319075,-0.6029899
0.410275384,0.30211344
0.39718887,0.34910822
0.414873941,0.30667293
0.41745654,0.3134712
0.413936348,0.36629486
0.409397208,0.3125676
0.390156204,0.3508517
0.401070629,0.2911162
0.412815959,0.30082417
0.410621781,0.21350059
0.446668192,0.12903489
0.486934428,0.0029741852
0.421024978,0.21993387
0.438047368,0.12569961
0.417064631,0.22437796
0.419777145,0.09950447
0.468674531,0.058195926
0.416320177,0.15661666
0.478790979,0.0034960476
0.542763213,-0.13537492
0.519561803,-0.067293726
0.699215416,-0.54919374
0.61341816,-0.39530694
0.545117409,-0.17988867
0.657654992,-0.46761435
0.580120607,-0.26367947
0.621105084,-0.34134978
0.720168719,-0.5643356
0.7114235,-0.5582794
0.674455111,-0.4799509
0.754843758,-0.59594285
0.781660884,-0.6027789
0.752071824,-0.59390295
0.786371068,-0.58817005
0.782127875,-0.58338225
0.789507936,-0.5754869
0.811971337,-0.6000446
0.808725514,-0.598521
0.809619592,-0.6030085
0.707671918,-0.51299536
0.747279743,-0.550745
0.751498638,-0.5621911
0.418449826,0.15208891
0.429943723,0.17780429
0.443676994,0.19938779
0.427981772,0.12883185
0.442729269,0.15176867
0.436081922,0.09631923
0.455732447,0.06893647
0.432555059,0.11362077
0.437087082,0.084242284
0.434170518,0.20688981
0.442267458,0.22068802
0.448974655,0.22785601
0.424178376,0.22272584
0.427208351,0.24013865
0.432093792,0.22612831
0.425400995,0.19801122
0.423395598,0.2049394
0.419090872,0.17954344
0.634130625,-0.3947947
0.579787107,-0.27435023
0.530401591,-0.1438695
0.614842482,-0.32398975
0.563000993,-0.20198011
0.599497437,-0.25491259
0.679485859,-0.4611534
0.656483078,-0.39845407
0.721807211,-0.5110915
0.443539989,0.18574515
0.437957714,0.1459175
0.450325358,0.08609828
0.453751506,0.19099936
0.45020783,0.14029612
0.458361623,0.18818107
0.489048881,0.004643666
0.459213596,0.11804953
0.472570183,0.05887728
0.538629322,-0.11166221
0.512651488,-0.05368053
0.487560616,0.004109489
0.477738407,0.08358596
0.454498488,0.107200414
0.431632983,0.13004987
0.476088314,0.06533839
0.454625582,0.09039965
0.47674145,0.043426402
0.676256004,-0.38728923
0.74255043,-0.49564844
0.809750905,-0.5788071
0.706912114,-0.40947092
0.77245746,-0.5157119
0.737952942,-0.4333074
0.608793609,-0.23944306
0.642835361,-0.31035024
0.672799902,-0.3331682
0.858132022,-0.59182525
0.893868661,-0.48135185
0.875815849,-0.55993307
0.829650739,-0.59918535
0.849388092,-0.60228074
0.799968428,-0.5566591
0.554688179,-0.13359255
0.604483543,-0.21019492
0.670396509,-0.30072272
0.545281012,-0.11367713
0.600114719,-0.18763334
0.536123894,-0.09827775
0.522248334,-0.06636565
0.513563291,-0.050153114
0.500120463,-0.012210051
0.487253355,0.037658267
0.493346909,0.014279885
0.500090185,-0.021386355
0.378490753,0.28517193
0.360607003,0.3305145
0.393188934,0.2906087
0.420492705,0.19632718
0.402901768,0.22600514
0.384143064,0.25419006
0.413511112,0.23026684
0.397970529,0.25831902
0.408616527,0.26410025
0.43163113,0.18757033
0.424556585,0.22366342
0.41783224,0.2590357
0.440416866,0.17882982
0.432421294,0.21708891
0.447582929,0.16975933
0.436318537,0.22004142
0.42393215,0.26330408
0.427472438,0.26711532
0.850240098,-0.6030936
0.804427148,-0.60249805
0.756786433,-0.59279215
0.818082658,-0.6030092
0.78521125,-0.6027756
0.801556774,-0.6029961
0.825425172,-0.6030427
0.83859902,-0.59800553
0.859926517,-0.60298383
0.427721909,0.2398335
0.419350795,0.24282911
0.410292741,0.24151427
0.442415162,0.15246035
0.436247377,0.15453634
0.477881042,0.03887399
0.458533535,0.13381934
0.441769592,0.18942618
0.465765564,0.09052917
0.427237737,0.1420151
0.473143375,0.012281625
0.474526965,0.025068931
0.744110628,-0.47975975
0.663212637,-0.3091845
0.544876806,-0.12080106
0.643257265,-0.3318528
0.55788756,-0.14076845
0.537517476,-0.1510896
0.704810326,-0.53500867
0.72779229,-0.51257014
0.622304815,-0.3683585
0.773798756,-0.5863372
0.831926296,-0.6008551
0.803001687,-0.57427406
0.761183479,-0.5679965
0.821795035,-0.59622943
0.869654424,-0.6028112
0.784879703,-0.57333815
0.85407141,-0.5978508
0.802088343,-0.57594204
0.671132923,-0.40835196
0.702505528,-0.4774667
0.736549578,-0.5307579
0.706936066,-0.48057437
0.745052204,-0.53659844
0.751553552,-0.5384035
0.650946157,-0.36698973
0.684908174,-0.4446597
0.629591311,-0.3157305
0.436884542,0.18264502
0.438254087,0.15835054
0.451577788,0.13694093
0.437190799,0.16033648
0.444311241,0.13640201
0.434030398,0.12099326
0.46570315,0.11532281
0.456144925,0.1332286
0.443043589,0.13596964
0.435213036,0.1514054
0.425842382,0.15722159
0.429096822,0.17462507
0.581472398,-0.19992638
0.518461415,-0.07545163
0.467058932,0.020601962
0.556773812,-0.15360872
0.495976411,-0.04769609
0.535720679,-0.1136395
0.606809134,-0.25759545
0.581768056,-0.20503926
0.628729442,-0.30700964
0.479082344,0.05254831
0.461854051,0.057162046
0.447920242,0.06978224
0.468868072,0.09090105
0.449957885,0.10265128
0.460941074,0.11918643
0.488036277,0.010249671
0.50768071,-0.044777192
0.469676152,0.012072397
0.483059511,0.078404434
0.484753819,0.03220652
0.493379859,-0.030172862
0.479402284,0.0742063
0.476352999,0.027162176
0.475716738,0.071814165
0.480368491,0.10809879
0.484876784,0.10284239
0.473076396,0.1225823
0.900735437,-0.44220233
0.933315902,-0.15118909
0.904524259,-0.36289573
0.862161508,-0.55885065
0.815042165,-0.59147084
0.754541172,-0.48407692
0.860747105,-0.58534443
0.811114387,-0.57189786
0.853636461,-0.6009084
0.759776462,-0.45492685
0.808156187,-0.56644917
0.760296248,-0.47230613
0.697400996,-0.3287801
0.699706867,-0.35500485
0.625567517,-0.21745658
0.543939494,-0.101117805
0.622627907,-0.21983695
0.680374193,-0.3478896
0.545743253,-0.102283955
0.607756987,-0.21951276
0.541836246,-0.09856792
0.503971575,-0.024730008
0.47312336,0.032165166
0.498664347,-0.02925326
0.952525698,0.005743265
0.936198279,-0.1388216
0.968389735,0.27891684
0.975694039,0.28542614
0.974190293,0.22144127
0.980785592,0.5692568
0.362738853,0.27165824
0.372322053,0.26560503
0.340081984,0.30770963
0.385413661,0.23969704
0.41166094,0.19824746
0.441056982,0.15840994
0.389491151,0.231646
0.415976684,0.19311059
0.397526709,0.22785407
0.423015929,0.18067202
0.43071237,0.16786689
0.404873043,0.21080172
0.438375754,0.15227932
0.456671671,0.1058418
0.473808925,0.056776702
0.44605291,0.1383918
0.469467598,0.09469074
0.458882695,0.12804663
0.446274913,0.14033696
0.453489165,0.12810086
0.459653361,0.08954227
0.514216829,-0.052877367
0.478419686,0.029940322
0.463408126,0.10404745
0.514369963,-0.029269286
0.480732789,0.057750247
0.500341652,0.0024805318
0.488960339,-0.012426453
0.475677035,0.02405648
0.468426709,0.061368152
0.825521855,-0.59656584
0.844327639,-0.58856845
0.825525381,-0.55683815
0.850783285,-0.6013253
0.868589905,-0.5969938
0.870539693,-0.6028905
0.797763746,-0.5914364
0.815853443,-0.5988302
0.841836237,-0.6017748
0.693825338,-0.38767517
0.619723243,-0.24938866
0.53899501,-0.10081035
0.742705562,-0.42790574
0.650234011,-0.28292456
0.76804389,-0.45824206
0.571067094,-0.15432352
0.557694062,-0.13242474
0.630753951,-0.26969135
0.804402297,-0.5766705
0.766120596,-0.5125509
0.807981165,-0.539101
0.736524454,-0.5430126
0.767660174,-0.57717407
0.797797262,-0.5935384
0.75276075,-0.54918945
0.785083153,-0.584901
0.760173979,-0.5582719
0.707436879,-0.48133677
0.721383214,-0.48539603
0.725322995,-0.49554574
0.671395458,-0.39449185
0.682973143,-0.39755386
0.629504989,-0.29124632
0.662003876,-0.36662048
0.650602732,-0.3261903
0.694490889,-0.4365843
0.620326582,-0.2699986
0.576820733,-0.17634004
0.608973488,-0.23319426
0.484686041,0.100176394
0.49951621,0.11179252
0.521283472,0.10801184
0.489978293,0.11272392
0.501468081,0.10707277
0.475425951,0.11752452
0.49451644,0.07229528
0.48539386,0.099489
0.515682551,0.091354
0.499561233,0.03214626
0.51149818,0.06245733
0.521850594,0.09099643
0.51160544,0.019612474
0.510012614,0.059725374
0.512018275,0.011534968
0.542640842,-0.07441645
0.585260261,-0.17905074
0.52523685,-0.03540068
0.562347704,-0.12632559
0.531095222,-0.07678995
0.509407869,-0.016209101
0.510361526,-0.022650424
0.489154775,0.04249569
0.478757892,0.09196511
0.48579581,0.03548153
0.478380391,0.08173896
0.47357385,0.07482356
0.47642642,0.1149053
0.496355276,0.11840598
0.482565929,0.10522877
0.518013196,-0.07257803
0.502578479,-0.0038803923
0.489753016,0.052475803
0.528302113,-0.08666296
0.5050479,-0.015106574
0.536985576,-0.09512921
0.984608474,0.3664136
0.982042913,0.35775185
0.98053,0.6312392
0.884074604,-0.47609735
0.907544408,-0.388803
0.926213061,-0.29076457
0.852128552,-0.5846293
0.875734891,-0.55336475
0.814399023,-0.5988345
0.791172186,-0.58011174
0.774210826,-0.54312766
0.827969011,-0.6028503
0.75217081,-0.5293472
0.69263244,-0.43347263
0.634362028,-0.3346522
0.735766473,-0.49159962
0.680532672,-0.3879919
0.718640167,-0.43575948
0.610658815,-0.2663694
0.576699439,-0.18410361
0.646258124,-0.30973107
0.548401313,-0.16164605
0.565741814,-0.17647302
0.589020631,-0.25076243
0.927747591,-0.42991138
0.951452744,-0.20694375
0.964903851,0.060932636
0.98147269,-0.20048428
0.980514197,0.07596278
0.986157948,0.07725859
0.953119935,-0.051899433
0.905813197,-0.38359118
0.861911678,-0.56982076
0.955391179,-0.09865284
0.909969367,-0.41477847
0.943572938,-0.15655613
0.859300485,-0.59324956
0.840177827,-0.60282826
0.896467123,-0.49384356
0.891995243,-0.48606896
0.862403369,-0.533762
0.92193701,-0.29670477
0.979771898,0.3423772
0.982513729,0.35341454
0.974573893,0.57464504
0.394674232,0.26689968
0.403299388,0.2748584
0.380324058,0.31088912
0.425936753,0.23993841
0.418095337,0.23066348
0.408705148,0.22577822
0.441393455,0.19879141
0.434218617,0.19105124
0.46057295,0.1625464
0.44903638,0.15435378
0.454295446,0.15586886
0.425327326,0.18937811
0.477895653,0.11463876
0.50795544,0.074291855
0.519402283,0.036007937
0.482778527,0.11707319
0.50854797,0.084990025
0.485327833,0.12524942
0.492561521,0.08002198
0.494720035,0.040344357
0.512014027,0.03336098
0.496526742,-0.015555618
0.541268556,-0.098637044
0.608869026,-0.19679007
0.514430519,-0.026331268
0.557347679,-0.10548212
0.52585554,-0.027317096
0.539629973,-0.10678014
0.573488138,-0.15466617
0.506427589,-0.05895012
0.607621698,-0.21369517
0.667773269,-0.33122438
0.642856301,-0.26695293
0.735653917,-0.46790898
0.782170465,-0.5535283
0.796449484,-0.58619344
0.77977688,-0.51593757
0.78927648,-0.5674584
0.780407031,-0.5373595
0.701018013,-0.3411094
0.717586651,-0.41138506
0.752713023,-0.46609604
0.745684406,-0.56597733
0.767138686,-0.56700575
0.775818968,-0.5825833
0.699686535,-0.52944636
0.724274644,-0.54894066
0.757243551,-0.5522269
0.704194776,-0.53195846
0.734083519,-0.5572096
0.718403272,-0.5359404
0.64138454,-0.41027516
0.669339795,-0.4601856
0.704418626,-0.5041291
0.635993315,-0.36789554
0.669832552,-0.4268961
0.633347125,-0.32718772
0.661856444,-0.46263415
0.681456459,-0.5027932
0.687152741,-0.502166
0.59304995,-0.22962627
0.547264662,-0.112407446
0.510308363,-0.007671492
0.561495296,-0.16956612
0.519343397,-0.047467597
0.555298911,-0.118239686
0.606141832,-0.32450008
0.599066975,-0.27399355
0.579578912,-0.22429836
0.472426335,0.12409568
0.467303808,0.14428657
0.463774473,0.14806186
0.474483411,0.13248
0.47324196,0.13951743
0.498330551,0.12247874
0.493593825,0.074841864
0.496342189,0.10797106
0.474132084,0.12385681
0.481799524,0.062117673
0.461703017,0.11147869
0.496786519,0.020488538
0.502554052,-0.02043696
0.48800765,0.027310893
0.474919293,0.0686654
0.492334627,0.03923458
0.483138822,0.07663676
0.48274133,0.085248426
0.468563868,0.11911762
0.463684737,0.1455235
0.473312804,0.12293102
0.517848106,-0.093802094
0.545207286,-0.18167555
0.580201102,-0.2671422
0.509636622,-0.10569821
0.531680815,-0.18979824
0.487864727,-0.10489547
0.496979634,-0.037067845
0.484805869,-0.04495263
0.478050406,0.015173309
0.98582289,0.11208367
0.982267301,0.106159925
0.971776453,0.09853482
0.970309469,-0.12964725
0.958512732,-0.13187647
0.936524804,-0.34142637
0.948932514,-0.3702693
0.953428805,-0.39945936
0.978644021,-0.16257954
0.839034433,-0.59978354
0.873841063,-0.5932441
0.904396425,-0.53575635
0.880100701,-0.58595324
0.920113492,-0.5175054
0.911819049,-0.49734473
0.802761688,-0.5842892
0.723804801,-0.47566313
0.628379726,-0.35525
0.80002567,-0.5695771
0.708157159,-0.46554834
0.77423484,-0.550429
0.626185726,-0.36110622
0.698120564,-0.45610702
0.621412371,-0.3672744
0.508258586,-0.19125235
0.562349308,-0.28191316
0.555700695,-0.27206224
0.861056188,-0.58432865
0.791924804,-0.5886829
0.727834215,-0.49598533
0.825246049,-0.59789944
0.770471056,-0.5763533
0.818061154,-0.6030201
0.696916194,-0.4365164
0.669060903,-0.39043337
0.747870953,-0.5268413
0.803566733,-0.5761436
0.76276262,-0.5383558
0.833148493,-0.6028273
0.957638734,0.1021688
0.940587457,-0.11293602
0.923768255,-0.30142093
0.946667309,-0.12355375
0.921086722,-0.3176241
0.925080759,-0.3305869
0.952369661,0.09832907
0.944183371,-0.109568834
0.950100686,0.3139763
0.95029063,0.09841776
0.96047797,0.32051802
0.941744308,0.52811694
0.405603903,0.3146373
0.395245251,0.35194576
0.407615246,0.3017928
0.411425227,0.27894306
0.413964932,0.2707083
0.420605703,0.25807175
0.4163323,0.24084496
0.42306085,0.2318671
0.420126208,0.2103264
0.436413782,0.21526286
0.455610839,0.17893717
0.43481366,0.19635147
0.483567865,0.14098985
0.483957638,0.12978256
0.480990545,0.119674385
0.457496649,0.16179085
0.457118513,0.15448423
0.4345879,0.18013579
0.509137633,0.10481319
0.52215773,0.059716858
0.508795718,0.08962619
0.526601364,-0.018351763
0.551910305,-0.09439047
0.597198418,-0.20134145
0.523334057,0.014659204
0.537894692,-0.060365193
0.509549295,0.04895439
0.551106067,-0.1044586
0.616469192,-0.20530099
0.607510863,-0.204341
0.688719107,-0.3492099
0.7305982,-0.46783376
0.671842097,-0.3518079
0.701907103,-0.5344918
0.696807874,-0.5283182
0.680278438,-0.5063581
0.726008253,-0.53953564
0.706975525,-0.51490104
0.751267706,-0.52530766
0.66485806,-0.44876814
0.644759822,-0.33958477
0.697343767,-0.45669818
0.68202294,-0.50649846
0.666967836,-0.48007953
0.662647341,-0.45396268
0.684240071,-0.5201982
0.6798856,-0.5042166
0.683151636,-0.52339876
0.660407415,-0.47023988
0.637403999,-0.4201156
0.645367106,-0.4343258
0.609325159,-0.3395872
0.593103834,-0.24555507
0.627904334,-0.36431438
0.544426156,-0.060332164
0.489286209,0.06725686
0.466205741,0.13555151
0.533748942,-0.02778501
0.492357076,0.08787969
0.523330174,-0.011397013
0.555009477,-0.13673173
0.588475234,-0.2730857
0.628050432,-0.38875842
0.569682433,-0.15241107
0.605503012,-0.2801159
0.582999685,-0.18242496
0.657284882,-0.42740935
0.62310153,-0.31907117
0.645032296,-0.40743232
0.453533801,0.084972054
0.452567457,0.04207333
0.455757411,-0.0044784835
0.427162275,0.10263054
0.429839904,0.07297781
0.431076269,0.11574812
0.450984118,0.12710494
0.443734274,0.13148946
0.459370198,0.14665994
0.446866346,0.11967078
0.484276982,0.07821224
0.464679204,0.13144262
0.460989168,-0.012713237
0.450352978,-0.054173388
0.464040815,-0.08664651
0.48887204,-0.118151516
0.491873836,-0.16132143
0.553932866,-0.235906
0.439108929,0.040823046
0.429535443,0.084771425
0.443577563,0.013533572
0.508521462,0.012990588
0.509910344,0.0026550903
0.515892428,-0.0049242508
0.468494951,0.08429472
0.473789473,0.08005866
0.441913187,0.1159025
0.898114312,-0.5008879
0.889145393,-0.48997307
0.887912144,-0.47605944
0.852089086,-0.5877713
0.84347358,-0.58162093
0.797496911,-0.5987123
0.830423469,-0.59889984
0.869588516,-0.5873096
0.813239312,-0.5984744
0.774062906,-0.53315616
0.693999753,-0.4130773
0.619123151,-0.28041008
0.73826777,-0.48068625
0.671887676,-0.3547442
0.70790695,-0.42966795
0.757073757,-0.5288571
0.740463886,-0.5273122
0.676380308,-0.4054562
0.651394,-0.32549042
0.577039772,-0.16708642
0.529395002,-0.041303076
0.621811143,-0.28518116
0.547893019,-0.14878711
0.591303405,-0.26081702
0.482441723,-0.019810647
0.517322411,-0.13215733
0.505460196,-0.027615268
0.581825225,-0.17011932
0.556490488,-0.09350538
0.620130964,-0.24568951
0.827010054,-0.5973413
0.806960147,-0.60252464
0.793865428,-0.6025382
0.866914645,-0.5475856
0.849658947,-0.56714296
0.899362032,-0.44723964
0.96068392,0.13247418
0.963162878,-0.029881239
0.966969209,-0.0731647
0.965099388,-0.22135878
0.946732666,-0.26446676
0.897413771,-0.5192971
0.926828745,-0.41111064
0.949810948,-0.36834288
0.935300995,0.31460547
0.400939142,0.29463935
0.405882785,0.25733536
0.415367621,0.22565866
0.388409968,0.25832725
0.400752464,0.22793329
0.390687163,0.31080455
0.433010913,0.19358584
0.457764723,0.17527813
0.47239293,0.14054479
0.428676701,0.19282073
0.458607733,0.15706405
0.40963238,0.17539704
0.444051848,0.17660722
0.458516339,0.15267722
0.462730955,0.16319323
0.494833357,0.07348285
0.539365943,-0.04825399
0.593795,-0.23082271
0.488055305,0.099471316
0.536168414,-0.038020235
0.48198762,0.092450246
0.523682434,-0.038185842
0.571800883,-0.18414533
0.574495082,-0.18834457
0.617610206,-0.3335206
0.649935521,-0.4446174
0.621639833,-0.34513026
0.710757717,-0.5441551
0.685889244,-0.51454085
0.648309084,-0.41496283
0.681342001,-0.5252155
0.657396317,-0.4760115
0.675343208,-0.51219
0.68113073,-0.5193821
0.679959208,-0.49369913
0.687359525,-0.5250803
0.679365033,-0.486399
0.67216194,-0.4817676
0.700388912,-0.53065753
0.605457945,-0.37607765
0.566822222,-0.24827594
0.540435144,-0.10689911
0.577284951,-0.35645407
0.549491822,-0.21809521
0.56895028,-0.32903314
0.534766707,-0.08660802
0.552496707,-0.20805618
0.535384489,-0.09814499
0.702397185,-0.54263246
0.672953203,-0.509722
0.648368581,-0.45827454
0.659377137,-0.5021401
0.627158217,-0.44951224
0.612198777,-0.43302912
0.721685741,-0.5527954
0.727977707,-0.5536933
0.694382703,-0.52500856
0.458520689,0.065121666
0.466264962,0.11658731
0.480652141,0.13571088
0.439906775,0.09570627
0.45087919,0.12381025
0.434247349,0.11329545
0.476812865,0.06342429
0.49984532,0.05864653
0.483999406,0.11808042
0.481918359,0.07712024
0.443031607,0.11408742
0.473313352,0.11777271
0.527685331,-0.03112369
0.518669943,0.049117073
0.509836249,0.10434136
0.554971739,-0.08598313
0.552383984,0.0074788453
0.574738417,-0.15173411
0.54953329,-0.14639705
0.569305653,-0.21205622
0.569863054,-0.27292988
0.751931533,-0.5755451
0.682243273,-0.45732808
0.627080085,-0.30125707
0.732475822,-0.5564089
0.663748737,-0.42492425
0.72833666,-0.5358356
0.662370186,-0.41028184
0.609519311,-0.28243077
0.603489358,-0.2754642
0.557303029,-0.114381775
0.553913158,-0.10928707
0.564938123,-0.11658004
0.533607773,0.004083828
0.523570023,0.005001855
0.518183441,0.0788502
0.533573902,0.01618766
0.547151727,-0.036116052
0.52733973,0.05670526
0.510948883,0.09837146
0.525597843,0.12007986
0.504889126,0.13662249
0.821519978,-0.60303974
0.895793879,-0.55955744
0.936096651,-0.43567133
0.813177343,-0.5964855
0.889361469,-0.5846138
0.796085592,-0.58194077
0.740808366,-0.5445938
0.733172566,-0.5094536
0.670151687,-0.40677392
0.86325538,-0.5980108
0.915280329,-0.49003196
0.933358864,-0.2666986
0.922289598,-0.5269457
0.934738101,-0.338475
0.932423988,-0.022805214
0.378916306,0.14232257
0.423639838,0.115146175
0.462027989,0.10095593
0.395951443,0.08428913
0.432661906,0.058750585
0.38034076,0.1410106
0.47214475,0.051490813
0.485494813,-0.06697645
0.544099733,-0.17391866
0.462768244,0.021008324
0.479962665,-0.053252004
0.44182104,0.012858834
0.505131492,-0.039641734
0.584885673,-0.20280907
0.556300622,-0.19893485
0.644164478,-0.3547082
0.654641521,-0.39545435
0.65710932,-0.41452217
0.713768355,-0.493591
0.705493435,-0.51972663
0.75558618,-0.55610645
0.737251949,-0.55937374
0.737898972,-0.563213
0.707390126,-0.52068484
0.761011812,-0.56874716
0.767797678,-0.57208526
0.759366115,-0.5693505
0.718296921,-0.54274416
0.731564081,-0.53860986
0.71450856,-0.5324056
0.787947316,-0.56736887
0.796287805,-0.56252396
0.808506378,-0.57072496
0.674157806,-0.5014843
0.627212256,-0.4312021
0.683639558,-0.49704266
0.612718014,-0.3880158
0.597537293,-0.33920044
0.657890848,-0.46796882
0.616815255,-0.3895043
0.64974441,-0.45171046
0.676643986,-0.4987477
0.593424827,-0.32226604
0.623934564,-0.4039898
0.587397341,-0.23946184
0.512251998,0.11323646
0.528262817,0.08768739
0.562853903,-0.006508763
0.532159239,0.13068087
0.561927591,0.079912074
0.521766067,0.12629005
0.583410667,-0.08877781
0.560674563,0.052659616
0.592065262,-0.0389034
0.590227981,-0.26999956
0.590540422,-0.17955211
0.587774017,-0.12891774
0.594053688,-0.17831889
0.634857394,-0.28112733
0.680960838,-0.39771616
0.570750515,-0.09286678
0.604534826,-0.18283755
0.559431221,-0.04683236
0.543972551,-0.032247696
0.532430396,0.013927966
0.506854307,0.056262076
0.494870185,0.08090717
0.520716666,0.032668415
0.517379417,0.04065051
0.749958261,-0.53504133
0.850948391,-0.60092425
0.940359649,-0.57606614
0.735416538,-0.47752643
0.835942623,-0.5802164
0.710512637,-0.42141902
0.65507452,-0.32685453
0.637409574,-0.27585897
0.597333997,-0.14809749
0.793710183,-0.5627512
0.911229233,-0.5925467
0.974056403,-0.45019364
0.856807005,-0.6003325
0.943034994,-0.49148083
0.972387127,-0.24251437
0.440495406,0.057813287
0.419161456,0.05009921
0.4751696,-0.014892532
0.446042708,-0.006923301
0.51407898,-0.09844524
0.416652868,0.108006164
0.637355195,-0.3835321
0.628473035,-0.38583618
0.6206463,-0.38758016
0.602180143,-0.2783407
0.595429067,-0.27361512
0.576068544,-0.13917464
0.502576878,-0.01606927
0.558415451,-0.119771436
0.601529083,-0.23376477
0.566590438,-0.12818153
0.649516285,-0.26279017
0.631151223,-0.2715905
0.713861895,-0.4076118
0.787908802,-0.5171577
0.756196528,-0.42995268
0.687544919,-0.40810543
0.775841157,-0.5122664
0.828239861,-0.5557883
0.717619824,-0.49154305
0.77662109,-0.5464549
0.735960859,-0.52842355
0.731335579,-0.5528259
0.739397603,-0.5518085
0.792710646,-0.56356657
0.702395688,-0.5165199
0.722879994,-0.53198373
0.728121642,-0.53610325
0.709811853,-0.52543175
0.726756846,-0.54460144
0.700322957,-0.530141
0.661700743,-0.45992148
0.69466943,-0.4989757
0.68744811,-0.50042087
0.664186602,-0.4546612
0.666815936,-0.4484911
0.687750155,-0.49089915
0.569150488,-0.051267214
0.598131374,-0.13036138
0.634894996,-0.2264432
0.604216868,-0.11484945
0.621135182,-0.17048258
0.629850641,-0.22053862
0.563623997,-0.033043228
0.608225753,-0.15476486
0.559466184,-0.07876709
0.63841998,-0.32634896
0.600160891,-0.21009874
0.642960854,-0.26817495
0.834804536,-0.6029111
0.758281251,-0.53641605
0.693306462,-0.40750432
0.766403126,-0.5466186
0.696772883,-0.39981258
0.702577829,-0.40276825
0.649218718,-0.25533986
0.651019478,-0.29463136
0.634841492,-0.24385262
0.748734381,-0.5383636
0.821405555,-0.60307276
0.878645485,-0.53155327
0.811177558,-0.60294604
0.875684202,-0.5440309
0.915801933,-0.38603616
0.545430177,-0.12338619
0.504961156,-0.011962663
0.48278179,-0.0141191
0.435873998,0.06594338
0.450316065,0.06656573
0.404309003,0.13360871
0.664648143,-0.42539912
0.662660496,-0.3788101
0.652016685,-0.32810694
0.678029596,-0.44380403
0.666217113,-0.40393025
0.666744106,-0.4429468
0.686036317,-0.46961904
0.674320604,-0.47305465
0.68592619,-0.49721056
0.542147367,-0.0071271462
0.572807161,-0.11159815
0.616883057,-0.25784084
0.579446016,-0.096232474
0.635088147,-0.23375365
0.627353477,-0.20433459
0.711035315,-0.46902412
0.689372825,-0.35382986
0.685498452,-0.3869571
0.673567447,-0.30675682
0.700019073,-0.43137395
0.716677281,-0.50621206
0.680542276,-0.38473505
0.707370991,-0.4743107
0.676547404,-0.4326735
0.69576819,-0.5126227
0.688031736,-0.48686802
0.71218674,-0.51569724
0.670813071,-0.48956186
0.648675076,-0.4604838
0.65339583,-0.4575603
0.651075774,-0.33450788
0.644529159,-0.3268026
0.641948575,-0.33691198
0.643250561,-0.30767632
0.647411683,-0.3451404
0.640981248,-0.31455356
0.656754179,-0.40741473
0.65279179,-0.3747251
0.647936603,-0.36944842
0.66019817,-0.42902064
0.661270369,-0.4387532
0.683638825,-0.43089086
0.712475597,-0.5419936
0.731336587,-0.5454701
0.795076095,-0.6026969
0.612819246,-0.34264332
0.625290618,-0.32172525
0.63655135,-0.34710753
0.8831744,-0.5714154
0.914409039,-0.57830024
0.799137209,-0.6001618
0.827622278,-0.594157
0.717067859,-0.521508
0.965966386,-0.48082328
0.560549539,-0.078064375
0.494732524,0.014050633
0.530400674,0.0011472772
0.483315525,0.07306089
0.49837231,0.06607503
0.450285001,0.1309426
0.587851021,-0.31084424
0.606856099,-0.35116404
0.633287648,-0.39248222
0.613695359,-0.37953597
0.625934996,-0.41979766
0.638300258,-0.42461765
0.629924796,-0.38370055
0.623844794,-0.34455067
0.60423342,-0.3374235
0.445040863,0.03404948
0.513124516,-0.056369573
0.60209691,-0.17222139
0.477436107,-0.030109882
0.552384922,-0.1400245
0.520442625,-0.10579319
0.633011504,-0.3385837
0.580391049,-0.22313845
0.632155883,-0.26437736
0.568418089,-0.25818324
0.545415587,-0.18678266
0.595800857,-0.2979002
0.56284463,-0.20569786
0.577964129,-0.24573645
0.583166074,-0.27956885
0.589201486,-0.2772457
0.599499307,-0.30767858
0.619013115,-0.31859344
0.579095978,-0.19319126
0.577918071,-0.26762995
0.613463514,-0.30972853
0.602293736,-0.26744276
0.595229609,-0.3051849
0.628301002,-0.34302205
0.558779922,-0.19852191
0.585180201,-0.27035826
0.562277492,-0.1918689
0.684683511,-0.28699726
0.680681014,-0.35417193
0.662710105,-0.4030283
0.76228815,-0.47392833
0.749692465,-0.5025647
0.845275373,-0.58993757
0.595230399,-0.17816797
0.62691607,-0.28739345
0.632878437,-0.20029297
0.732283426,-0.40904635
0.826519945,-0.5684962
0.902664696,-0.596094
0.776422455,-0.5349598
0.896608628,-0.6025665
0.946665418,-0.5377053
0.477792678,0.0035165506
0.449152719,0.10242048
0.449333057,0.06238415
0.437270261,0.14613332
0.415299838,0.11128336
0.4332005,0.18673244
0.41845035,0.15218893
0.461861758,0.045521297
0.495949721,-0.070278116
0.442910696,0.10264607
0.483518351,-0.022138696
0.4679227,0.04343921
0.559501462,-0.21557763
0.518199791,-0.09445509
0.522645207,-0.146542
0.543637387,-0.13053153
0.505871741,-0.043556407
0.556882697,-0.17759109
0.500135422,0.0406233
0.487913232,0.039082408
0.477634516,0.0393808
0.522297148,-0.051848337
0.515592137,-0.049588338
0.54180187,-0.13611957
0.541852108,-0.12602267
0.555901312,-0.11826223
0.528601954,-0.038680032
0.621350671,-0.101231426
0.554954941,0.04853694
0.490127293,0.15705174
0.584845885,-0.06480561
0.534821718,0.04676594
0.565157938,-0.080614164
0.496689361,0.09393422
0.530624375,0.01090803
0.492257246,0.1365283
0.577070752,-0.16965666
0.628849917,-0.19704795
0.668598271,-0.23826009
0.633760129,-0.3691736
0.693767534,-0.3851099
0.719036323,-0.52917695
0.546697585,0.014474379
0.514242534,0.11647461
0.593074651,-0.035428308
0.583078133,-0.32544422
0.660435599,-0.50176394
0.762658568,-0.59524906
0.629753295,-0.47525966
0.722387501,-0.58606124
0.816312833,-0.5979451
0.363046253,0.24710047
0.389170792,0.21528071
0.414623112,0.17619401
0.344726543,0.30282748
0.362454522,0.2794845
0.337728329,0.32192194
0.381607727,0.3104964
0.361574368,0.32741058
0.343968954,0.34042382
0.40613562,0.23955813
0.384164657,0.26116762
0.437553536,0.144155
0.459958741,0.15395053
0.41527271,0.2450842
0.446469782,0.14904775
0.453102898,0.19892639
0.448823519,0.2292704
0.41314145,0.27704388
0.407144749,0.3060701
0.399504215,0.32066476
0.388869729,0.32046503
0.426379692,0.27210984
0.421458923,0.2827136
0.4497443,0.22326636
0.445089411,0.1495306
0.453933094,0.18315548
0.466235717,0.18464547
0.478281793,0.063848555
0.49340153,0.10883176
0.526204029,-0.04373844
0.419775789,0.27391315
0.434300608,0.23701817
0.431914519,0.22456416
0.54403597,-0.23394826
0.526947375,-0.19966897
0.542227666,-0.17776906
0.599653337,-0.37768185
0.569202607,-0.3471107
0.661757083,-0.4972942
0.459132323,0.0556487
0.491185368,-0.05210457
0.486018499,-0.075375386
0.603833486,-0.36961442
0.666084243,-0.48969918
0.729238817,-0.5703697
0.670389136,-0.48518312
0.732960487,-0.5665182
0.793684256,-0.600585
0.322213254,0.39642668
0.326689786,0.37942183
0.331419211,0.38522947
0.336559553,0.3696401
0.355727831,0.35663772
0.321593869,0.40757203
0.359467607,0.3628621
0.339655497,0.38018686
0.326057319,0.3923931
0.362484989,0.36254263
0.344491131,0.3756808
0.372021471,0.34576392
0.393225857,0.330899
0.376677756,0.3493293
0.381290832,0.34449172
0.406964412,0.26458958
0.392687562,0.3117919
0.376553917,0.34244978
0.407444224,0.28911126
0.392318588,0.325588
0.407496582,0.30254078
0.419475035,0.26132625
0.431200314,0.19835755
0.419573197,0.23606041
0.481025397,0.029389232
0.451850304,0.08293857
0.440521396,0.12289685
0.495558819,-0.04998318
0.467574395,0.009578336
0.512746403,-0.13904378
0.45241645,0.1328906
0.42426165,0.20969734
0.428729578,0.17178181
0.613833125,-0.31421345
0.589932725,-0.28364676
0.562171685,-0.25660145
0.647654575,-0.41780174
0.621889211,-0.3925742
0.686600322,-0.50331634
0.525641568,-0.075075455
0.541022516,-0.16360843
0.568701883,-0.19322073
0.707037721,-0.5036375
0.657637155,-0.41873866
0.745731274,-0.5626755
0.695147679,-0.5028832
0.739251425,-0.5630827
0.789858619,-0.5943841
0.349616947,0.36650568
0.348663107,0.3653593
0.334661775,0.3842289
0.347001552,0.3839013
0.32657534,0.39690816
0.349834181,0.39421296
0.411321888,0.27182811
0.383695704,0.31215942
0.368638543,0.34016097
0.375132989,0.31846076
0.353929545,0.34584504
0.365289302,0.34709233
0.408725505,0.27097613
0.40181736,0.27318594
0.382902541,0.31691867
0.497631883,0.0329806
0.539113581,-0.07317845
0.582919574,-0.19284642
0.512342446,0.032201976
0.55111779,-0.07562264
0.523068616,0.027402151
0.446220272,0.21587983
0.436585579,0.21626604
0.431073188,0.21242052
0.483781594,0.13638881
0.473260187,0.13495255
0.462806008,0.13592075
0.731576942,-0.5310496
0.708219537,-0.49099267
0.685373198,-0.4562906
0.663741093,-0.40232944
0.639618824,-0.3586365
0.604889974,-0.24228573
0.626719361,-0.2931713
0.572296177,-0.1251348
0.766836683,-0.56713295
0.415212614,0.29978383
0.386404368,0.33523822
0.429792683,0.25859448
0.398501817,0.30682224
0.420023623,0.26625714
0.419964655,0.31373918
0.466997312,0.20060605
0.457257193,0.21126363
0.449766109,0.21972036
0.493417351,0.13668194
0.487127225,0.14828545
0.486732069,0.14417069
0.524181683,0.04046637
0.525996356,0.049120486
0.591297056,-0.16508082
0.557727951,-0.06339831
0.642367674,-0.3309096
0.606938385,-0.22835302
0.663139735,-0.3893056
0.590445453,-0.15293553
0.556313908,-0.042022496
0.557995393,-0.050590627
0.688098554,-0.45379484
0.494444595,0.14016014
0.598233181,-0.17855689
0.690912775,-0.45061886
0.672296471,-0.41515005
0.664183115,-0.38055223
0.661403916,-0.34803295
0.649116816,-0.39798784
0.643013108,-0.35996884
0.636003045,-0.32442504
0.650876925,-0.33863622
0.629720051,-0.30004025
0.666909143,-0.27499196
0.816869998,-0.5582211
0.782199544,-0.52727634
0.7464115,-0.49066114
0.7227143,-0.4510075
0.816869998,-0.5316267
0.740299479,-0.4927981
0.705942969,-0.44976562
0.752535532,-0.4959082
0.697147319,-0.4496482
0.654820491,-0.1632902
0.606216782,-0.1338931
0.551599505,-0.09981719
0.489016466,-0.061458513
0.618833957,-0.14324164
0.558195442,-0.11378099
0.503520098,-0.078858435
0.581336303,-0.1227932
0.522434735,-0.09360349
0.545760377,-0.10194817
0.630290173,-0.13741212
0.623465517,-0.10062468
0.61035288,-0.059145123
0.582720583,-0.013717692
0.604824765,-0.11225571
0.577770841,-0.07410553
0.515826405,-0.03127898
0.54166686,-0.08694127
0.48382455,-0.047383063
0.539817832,0.04208549
0.539817832,0.0220148
0.574277616,0.0033252113
0.56278551,-0.003424916
0.58226794,-0.02228121
0.607675899,-0.039432336
0.594501493,-0.047841534
0.610152273,-0.0651322
0.618571237,-0.09078033
0.591498863,-0.031832524
0.571236675,0.0039970875
0.538757688,0.040150438
0.512965108,0.076391764
0.572009894,-0.0073456354
0.539903008,0.030580573
0.512965108,0.06879985
0.544342011,0.017301843
0.51828126,0.057336405
0.644789428,-0.0725163
0.654269191,-0.12579785
0.675349914,-0.19569519
0.620337206,-0.11158289
0.612189708,-0.16809842
0.604323879,-0.23826745
0.59532988,-0.15197231
0.592589671,-0.21064925
0.625691546,-0.19323096
0.637403738,-0.12073541
0.645424251,-0.09162313
0.661026222,-0.069410786
0.665512573,-0.05224417
0.620993515,-0.09676331
0.649459254,-0.060237966
0.669570375,-0.032347508
0.633097691,-0.08026907
0.657238315,-0.0350795
0.583473718,-0.0983389
0.658299578,-0.0799996
0.621713788,-0.13455404
0.651724099,-0.12249504
0.667921894,-0.09873195
0.675524183,-0.16269416
0.683534652,-0.14432086
0.70399708,-0.18795615
0.949130225,-0.6001302
0.881532973,-0.5884986
0.808106485,-0.5659671
0.764996857,-0.5332756
0.93746074,-0.5941758
0.846630615,-0.5738193
0.774495877,-0.5406989
0.898644558,-0.58147144
0.80810742,-0.5491762
0.614035719,-0.03252536
0.591016436,0.009300047
0.567874239,0.05087308
0.526893054,0.09206653
0.586973586,0.0034043468
0.560575867,0.045505732
0.538043307,0.08730039
0.55379862,0.03972569
0.527795611,0.0820836
0.451543729,0.1208013
0.519710385,0.089961976
0.568295757,0.059755117
0.600481807,0.030185036
0.455652014,0.12607221
0.526828769,0.095724985
0.580090532,0.0660313
0.47110395,0.13186488
0.540699399,0.101989046
0.497267118,0.13816334
0.877469078,-0.582814
0.891871948,-0.5895977
0.907304956,-0.59563196
0.9236152,-0.5975677
0.942530827,-0.6009493
0.971024671,-0.60279584
0.95729931,-0.60273755
0.982280498,-0.60305107
0.982914863,-0.6027374
0.624882232,-0.029994074
0.590118197,0.016939553
0.547127281,0.06323258
0.491488444,0.109168485
0.599399639,0.010099511
0.553837901,0.057700768
0.496582272,0.10484351
0.565313564,0.050787136
0.506934045,0.09916648
0.53806087,0.07253574
0.575718714,0.03652882
0.608217289,0.0011222963
0.469340071,0.11211158
0.530283506,0.07636955
0.576012497,0.041308537
0.455247177,0.11599976
0.525162335,0.08112481
0.477148434,0.13926125
0.477148434,0.14106748
0.497267118,0.14071731
0.498531325,0.107396334
0.516186199,0.107810825
0.527896645,0.106088236
0.537291702,0.07580568
0.554494855,0.074831344
0.560612465,0.04441958
0.898206067,-0.5982386
0.925880234,-0.60149956
0.957649046,-0.60300136
0.938281577,-0.6018239
0.966050523,-0.6030421
0.982968086,-0.6027527
0.968091869,-0.60279775
0.979103277,-0.6030421
0.963539306,-0.60301983
0.43786035,0.13239165
0.441340065,0.13402228
0.447864556,0.13630125
0.474844196,0.10001111
0.4777056,0.10149202
0.485488952,0.10362603
0.50471021,0.068000175
0.511511461,0.06927185
0.531358136,0.036238305
0.831923739,-0.592625
0.883716628,-0.5984746
0.93314063,-0.60177314
0.866046634,-0.5949192
0.919445568,-0.59973586
0.905242407,-0.60218334
0.935785126,-0.59622955
0.908026838,-0.60014784
0.918016768,-0.5963968
0.522082788,0.027796336
0.497305121,0.060690314
0.469488626,0.093921795
0.437943555,0.12773356
0.497276038,0.060856782
0.46278411,0.09488052
0.421153624,0.12937024
0.471211868,0.09573203
0.426835399,0.13092634
0.534372843,0.017729172
0.505908326,0.050106496
0.460964997,0.0830877
0.393334292,0.11708823
0.519499194,0.052016065
0.48865111,0.08619693
0.413358123,0.121228024
0.494578816,0.08867018
0.444588659,0.12481327
0.516448038,0.02596835
0.503050676,0.05253336
0.486896617,0.08006006
0.464298216,0.10882352
0.488187334,0.0543909
0.466830473,0.082142875
0.433731969,0.11096652
0.448198221,0.08474937
0.405372926,0.11374737
0.795281596,-0.5673698
0.849251183,-0.5814345
0.92540076,-0.5906974
0.855807891,-0.57008326
0.938182919,-0.58225346
0.938543914,-0.59019053
0.943640926,-0.57017803
0.944916853,-0.58085346
0.95630488,-0.5684272
0.536466775,0.040095255
0.522853266,0.061677694
0.506464465,0.08425267
0.495858848,0.107924655
0.513671354,0.061749943
0.496800077,0.08421026
0.478122253,0.10768525
0.489814943,0.08465469
0.470653525,0.10800354
0.545285537,0.05228296
0.539782238,0.0678243
0.527769953,0.08398381
0.512050089,0.100805745
0.535763263,0.06999663
0.525134296,0.087117895
0.519932551,0.10493913
0.513357424,0.08854298
0.495858848,0.107332826
0.796129402,-0.51141083
0.855481421,-0.53678083
0.945678004,-0.55526185
0.862650751,-0.51597524
0.947456263,-0.53796005
0.970575002,-0.5542419
0.950451034,-0.5215014
0.976628068,-0.54065824
0.97685185,-0.52999765
0.528986793,0.074985914
0.547168665,0.050688937
0.554360476,0.027859751
0.512050089,0.0956981
0.527858565,0.070387706
0.547136288,0.04659041
0.505262581,0.091234356
0.523362006,0.06640791
0.505262581,0.08744198
0.726495281,-0.44819546
0.803370884,-0.48200417
0.907306853,-0.5088739
0.772216789,-0.47176415
0.807309557,-0.5005478
0.818784454,-0.5236193
0.840783168,-0.49726963
0.818784454,-0.5217454
0.914197214,-0.52377677
0.509166443,0.071870305
0.509166443,0.076738454
0.50566355,0.081962466
0.5276663,0.046345994
0.525313947,0.051162735
0.52571402,0.056268908
0.548612595,0.02285245
0.54908387,0.0275639
0.56893943,0.0011064931
0.736431204,-0.4330619
0.790764413,-0.46897364
0.86880895,-0.49900782
0.784384519,-0.47317386
0.859931065,-0.5035862
0.915665372,-0.5288094
0.873634104,-0.51084185
0.87501237,-0.53606427
0.892486133,-0.54482365
0.578275608,-0.0235635
0.558155189,0.0029999893
0.527084537,0.032385267
0.468942063,0.06512192
0.561862131,0.005193228
0.535474321,0.03323607
0.48187595,0.06444962
0.533807274,0.036793273
0.504351928,0.06674717
0.772390625,-0.5816791
0.803724862,-0.59030235
0.84667199,-0.59684396
0.864096282,-0.60111046
0.795422181,-0.5982702
0.823762764,-0.60185516
0.834759992,-0.6030991
0.825742354,-0.60279524
0.849077165,-0.60039353
0.862375225,-0.58977604
0.812353008,-0.46371132
0.865812471,-0.49500442
0.905909398,-0.5220777
0.874346444,-0.50700516
0.938276688,-0.53293395
0.932526719,-0.5546216
0.910415229,-0.54520905
0.943103853,-0.56522465
0.911573066,-0.5762572
0.792384863,-0.5217861
0.835505537,-0.54284465
0.87032846,-0.56113803
0.822925477,-0.5570723
0.876383595,-0.57298875
0.897043057,-0.58570945
0.869461055,-0.5848659
0.913086185,-0.59447086
0.773361504,-0.60187674
0.802156466,-0.5992781
0.835619402,-0.5952364
0.812729491,-0.5892582
0.839501962,-0.5822427
0.874786599,-0.5738957
0.851686144,-0.5597862
0.873412681,-0.5483489
0.881488172,-0.50989366
0.881488172,-0.46773314
0.898880644,-0.41753125
0.917651813,-0.3599124
0.868131167,-0.52738893
0.885885904,-0.49062467
0.908354923,-0.44643092
0.862938396,-0.5433816
0.887840149,-0.51197886
0.855565836,-0.5577103
0.562825181,-0.03358021
0.543860141,0.00645768
0.521604166,0.05128283
0.490765991,0.101443425
0.556131429,-0.0037445659
0.53097303,0.038201783
0.505975806,0.085937485
0.52695086,0.028678186
0.475947972,0.07371036
0.917651813,-0.2896955
0.940491857,-0.20540619
0.966025858,-0.107144356
0.918633428,-0.41546416
0.930940033,-0.35369992
0.941951165,-0.27796054
0.907047711,-0.46563697
0.916893708,-0.41317558
0.885672853,-0.50908685
0.56100306,-0.020736806
0.548696248,0.038370647
0.554877512,0.099373445
0.568542703,0.16191056
0.539571875,0.01884986
0.525939535,0.078535356
0.522417185,0.1424189
0.515956464,0.05822558
0.489204405,0.12108393
0.968911351,0.047540426
0.972856886,0.21001196
0.977158534,0.37003827
0.953867713,-0.20243669
0.959098919,-0.06321025
0.963786487,0.085528135
0.942833434,-0.29611754
0.948970037,-0.17605066
0.931679533,-0.3838961
0.631884859,0.18863612
0.636316832,0.13875762
0.639118971,0.08578779
0.648229766,0.027003195
0.620714464,0.18281263
0.618832982,0.12924124
0.623582568,0.07238365
0.580736334,0.17081758
0.593391241,0.113664865
0.545328957,0.153361
0.603778355,0.021415576
0.624947091,0.08157319
0.6322256,0.13658038
0.595247759,0.0728839
0.615619217,0.13113192
0.620266672,0.18707377
0.586026468,0.11800583
0.587700442,0.17770866
0.9874,0.9099889
0.981025207,0.58856416
0.959534191,0.23652816
0.9299737,-0.103710175
0.98090658,0.75106907
0.970964044,0.4149375
0.949036604,0.06561947
0.977727401,0.57029176
0.967781663,0.22606134
0.573414011,0.10544294
0.58861554,0.056184173
0.597352448,0.005157777
0.540857944,0.14210784
0.572094471,0.09328453
0.588340689,0.043718442
0.551315206,0.13021144
0.580349813,0.08089304
0.574973262,0.118376344
0.984566129,0.23235726
0.986412068,0.49439454
0.986951248,0.7218635
0.986615547,0.63995385
0.987250247,0.8768399
0.9874,1.0667765
0.987362058,1.0066617
0.9874,1.1982241
0.9874,1.3058941
0.9874,0.6753597
0.9874,0.93290687
0.9874,1.1406696
0.9874,0.99279785
0.987353038,1.2107282
0.9874,1.3812213
0.987177349,1.2571871
0.986864082,1.4376538
0.9874,1.4727428
0.984676651,1.4820826
0.969529529,1.473633
0.96758033,1.4442024
0.98681123,1.3020654
0.984568243,1.2997348
0.97871849,1.2761066
0.987365187,1.0923781
0.986778733,1.0763607
0.986040235,0.8355794
0.565552723,0.06560737
0.570326258,0.08411895
0.570273106,0.102078825
0.595470701,0.03325106
0.595318455,0.05178219
0.588036722,0.06925825
0.622087237,0.0027401121
0.61284437,0.020741466
0.641399292,-0.027174745
0.964580708,1.3106048
0.98164958,1.1632547
0.986645269,0.99955463
0.9874,0.8121779
0.974177021,1.3623025
0.983373187,1.2169893
0.9874,1.0537307
0.96758033,1.4077904
0.97892268,1.263408
0.604118055,-0.07199299
0.579456208,-0.041102268
0.564856829,-0.006200958
0.554209139,0.034101903
0.591546647,-0.02801374
0.565646914,0.0022734494
0.543727408,0.036835678
0.583871022,0.017778076
0.548278539,0.04754515
0.961581422,1.2736781
0.953862334,1.2421443
0.955904945,1.2189801
0.972904936,1.135175
0.967654931,1.0987613
0.967417804,1.0698559
0.979147805,0.9459877
0.979247291,0.9135158
0.986677178,0.74339557
0.616698963,0.03973009
0.615566873,0.042342015
0.58308003,0.038583554
0.623386661,-0.008047196
0.612029652,-0.0071819276
0.585348497,-0.008956643
0.626709244,-0.053207308
0.611232867,-0.05150669
0.634047391,-0.09364438
0.986117632,0.70128775
0.983464754,0.87970424
0.968344256,1.0521028
0.975667426,0.8443124
0.966532914,1.0192528
0.95337349,1.1901422
0.957188122,0.98584294
0.95337349,1.1605165
0.944250802,1.1301742
0.622376847,-0.09979847
0.613113857,-0.080018535
0.606203459,-0.06444077
0.60607059,-0.054487094
0.618698695,-0.053872697
0.609959728,-0.028536052
0.595654102,-0.008283964
0.618069774,-0.007025351
0.606542922,0.023349356
0.944848903,1.0793762
0.9607414,1.0314329
0.981359456,0.9847903
0.962950989,0.84491396
0.966768952,0.7882092
0.980391789,0.73497605
0.979576495,0.5479026
0.981422307,0.48741078
0.985388138,0.23764944
0.649115451,-0.21933737
0.64001812,-0.23120221
0.632303626,-0.2376143
0.63129733,-0.2266188
0.631059408,-0.17328006
0.626244977,-0.18078446
0.627373428,-0.18333417
0.615592152,-0.116603866
0.616533611,-0.12095493
0.987058214,0.0014679432
0.986823294,0.3246603
0.985221811,0.6574106
0.987191101,0.29185247
0.985399539,0.61922336
0.983009138,0.9423058
0.974013651,0.5944731
0.96229748,0.9099684
0.955117863,0.88458896
0.645094541,-0.32189822
0.648117736,-0.29812193
0.690666139,-0.25178692
0.711327848,-0.18489292
0.632428308,-0.31185788
0.648933372,-0.28326
0.683881106,-0.22415277
0.633927742,-0.28232145
0.633103895,-0.24445316
0.987036199,-0.098902464
0.987145937,0.2138288
0.972723153,0.551424
0.9874,0.22334838
0.986715677,0.5435419
0.963802905,0.855108
0.984313727,0.52775335
0.984978558,0.81244755
0.980548297,0.7394495
0.683881949,-0.26116744
0.657694204,-0.20255628
0.659479598,-0.14487927
0.681623728,-0.0797528
0.647912245,-0.23349452
0.6287588,-0.1729556
0.623965955,-0.101365834
0.669738751,-0.21540329
0.635834734,-0.13713129
0.977038534,-0.05084443
0.9874,0.23432827
0.984115762,0.49993563
0.982495784,0.13649964
0.983877275,0.40492678
0.9874,0.6341984
0.982418991,0.28730035
0.984781604,0.52003
0.9874,0.41641378
0.749583531,-0.23377159
0.731465957,-0.17471236
0.696397223,-0.11654885
0.667994727,-0.055727996
0.730353009,-0.18083891
0.710458261,-0.123265386
0.698427095,-0.06168481
0.697142793,-0.13215208
0.704802243,-0.068172835
0.98677438,-0.26341152
0.987339205,-0.0043387413
0.979721068,0.2274735
0.9874,-0.12511778
0.985452991,0.13061285
0.9874,0.3378749
0.980986994,0.025723934
0.9874,0.2590487
0.9874,0.1714468
0.728675999,-0.20878103
0.714247994,-0.14271666
0.719247189,-0.076609634
0.720820693,-0.013502838
0.72141803,-0.15920074
0.715820118,-0.09599592
0.723617625,-0.03328608
0.688238098,-0.1089924
0.692295581,-0.0470033
0.956635609,-0.46345472
0.978124709,-0.26516867
0.982652949,-0.036406517
0.963453714,-0.3527646
0.977238791,-0.12777162
0.977658777,0.095614195
0.973491898,-0.22121048
0.974846589,0.009495497
0.982536399,-0.08417559
0.684004119,-0.1251696
0.67186067,-0.04799915
0.629347023,0.018890988
0.594840634,0.07045771
0.697612631,-0.0869614
0.685720595,-0.017588764
0.647417354,0.041120254
0.710643428,-0.05021268
0.698905526,0.011869539
0.930086997,-0.53349507
0.961428095,-0.41717887
0.976681337,-0.26036167
0.960109521,-0.46477914
0.977137948,-0.3237605
0.982536399,-0.15547061
0.981400752,-0.38004327
0.9874,-0.22377777
0.987312536,-0.28660512
0.576619702,0.014322365
0.581910752,0.0632983
0.594620889,0.09347962
0.581432903,0.10752997
0.562178586,0.035804838
0.576049924,0.07927811
0.591690504,0.105849504
0.563443417,0.05429969
0.56695137,0.09224087
0.965375001,-0.54924595
0.985383615,-0.4814229
0.985500512,-0.39227724
0.9843535,-0.5004184
0.9874,-0.42085528
0.9874,-0.3253548
0.983458495,-0.44133425
0.9874,-0.3548212
0.986370936,-0.37606955
0.586672833,0.095309615
0.597782905,0.07936903
0.603683852,0.05895982
0.561983851,0.09829737
0.581701407,0.08372915
0.598010079,0.064318866
0.555006786,0.07816666
0.570215599,0.058935083
0.550270423,0.045065954
0.963730597,-0.5539315
0.977639448,-0.5058923
0.982338424,-0.44574952
0.969979793,-0.52222085
0.9793389,-0.46342063
0.986370936,-0.39416885
0.972770459,-0.48549795
0.986370936,-0.41770887
0.969725193,-0.4455793
0.600895955,-0.11077817
0.57770846,-0.042365223
0.558083959,0.007957653
0.588813131,-0.076188214
0.557939524,-0.0160196
0.552875998,0.02746613
0.58068524,-0.04696449
0.561846888,0.00513013
0.578859975,-0.02348864
0.969725193,-0.4810269
0.956418917,-0.5172181
0.946852236,-0.55189276
0.960421735,-0.520175
0.954178427,-0.5491327
0.943097502,-0.57556987
0.940424283,-0.5752114
0.927205659,-0.59268427
0.911829389,-0.60181904
0.661555274,-0.19407374
0.68051212,-0.25036398
0.710461725,-0.31230712
0.741893011,-0.37754023
0.636974519,-0.16126502
0.653313258,-0.21471372
0.67841163,-0.27456263
0.613415223,-0.13382548
0.627110306,-0.18454799
0.866720575,-0.5799478
0.901763576,-0.6026943
0.937260417,-0.5914459
0.879086292,-0.5849694
0.917342224,-0.6030953
0.946852236,-0.5854256
0.894879951,-0.5897435
0.908583739,-0.6024463
0.908583739,-0.59405136
0.763960218,-0.40220237
0.809145968,-0.48587155
0.860479063,-0.5535952
0.755596132,-0.39164215
0.813430677,-0.4781611
0.850359465,-0.5493361
0.751015686,-0.383519
0.850359465,-0.47243536
0.684154099,-0.38466716
0.685589583,-0.41650003
0.704402892,-0.41910434
0.636496607,-0.148588
0.602056145,-0.12426697
0.647519802,-0.15732755
0.643745111,-0.1517635
0.633195369,-0.10796051
0.623512069,-0.0619113
0.641478753,-0.14730603
0.630685605,-0.104406625
0.637456272,-0.14253183
0.631679665,-0.11253421
0.628919115,-0.08722949
0.638661591,-0.13293165
0.598659526,-0.052053317
0.580764937,-0.027816813
0.60841306,-0.071772754
0.675175284,-0.34106964
0.695275508,-0.37676978
0.714834168,-0.41048837
0.690883009,-0.3365788
0.709251458,-0.37118703
0.707369119,-0.33461297
0.643311514,-0.2920869
0.626193594,-0.23940852
0.613393787,-0.2654139
0.68609861,-0.2881993
0.656939399,-0.24048638
0.660157315,-0.28881013
0.628465644,-0.15731198
0.630426028,-0.13304314
0.607278438,-0.11799626
0.685145019,-0.18140137
0.6567797,-0.15824701
0.701090928,-0.18941206
0.665360836,-0.13917126
0.694706377,-0.16455677
0.66697512,-0.11700022
0.71944302,-0.43290967
0.714057545,-0.4020849
0.709386505,-0.3691995
0.72195093,-0.4371301
0.713845926,-0.40526986
0.723405834,-0.44320476
0.712866933,-0.41466272
0.70839835,-0.3983062
0.704307722,-0.38407755
0.71224656,-0.3836968
0.709866281,-0.36747015
0.711274157,-0.35095584
0.734114784,-0.4826262
0.755022285,-0.51789933
0.746152002,-0.51004606
0.731136863,-0.4687593
0.733560969,-0.47494566
0.74447086,-0.50265586
0.649858985,-0.17493734
0.651726444,-0.1980615
0.653667116,-0.22114399
0.641494801,-0.15655094
0.642691361,-0.18008384
0.63324671,-0.13659364
0.65156562,-0.17781961
0.663605606,-0.18622348
0.677011362,-0.19188988
0.67939354,-0.21543607
0.69400669,-0.2208898
0.699726383,-0.25027895
0.709339169,-0.20993343
0.722874725,-0.21833745
0.727516198,-0.23903036
0.65716721,-0.19012919
0.676001475,-0.22323546
0.663396557,-0.21266448
0.680172101,-0.2452088
0.667344704,-0.2352091
0.652692022,-0.18420032
0.613344381,-0.06919656
0.61571217,-0.08883965
0.621157873,-0.10779433
0.626531749,-0.10585728
0.628479689,-0.1247846
0.635515904,-0.14172211
0.634704134,-0.17056853
0.631960087,-0.15359072
0.639311524,-0.19718093
0.600058783,-0.03207068
0.607289258,-0.03229813
0.580274737,0.0037329528
0.621268657,-0.06953151
0.637589691,-0.106389746
0.628595686,-0.069775194
0.653349272,-0.2558186
0.642427832,-0.21918604
0.64063414,-0.18113941
0.645010866,-0.24443415
0.636459656,-0.20825577
0.648599637,-0.23287228
0.679540673,-0.16353336
0.732358239,-0.20958152
0.729457824,-0.25816113
0.699373383,-0.17707983
0.724195645,-0.21811992
0.712797593,-0.19920847
0.681207653,-0.18068272
0.682747372,-0.20887902
0.739642163,-0.23081356
0.708037915,-0.33772993
0.725054384,-0.29429072
0.720099402,-0.31753135
0.737589569,-0.27134705
0.726977856,-0.29751104
0.71291311,-0.2527705
0.684558123,-0.29289714
0.721112651,-0.25626248
0.723317593,-0.22130182
0.676494811,-0.27602866
0.715230143,-0.236487
0.70026392,-0.2617988
0.714931765,-0.2864273
0.72061705,-0.27298644
0.738915815,-0.2518185
0.722548477,-0.451535
0.738462659,-0.48416996
0.756135174,-0.51490283
0.728415858,-0.46883088
0.748905433,-0.49833238
0.734950352,-0.48477304
0.708848087,-0.42055076
0.714653248,-0.4351321
0.719903879,-0.4542153
0.698173463,-0.3912155
0.709319446,-0.4255247
0.722363914,-0.45713776
0.694341718,-0.39994997
0.711389127,-0.43205434
0.700114386,-0.410156
0.69462698,-0.34869206
0.677657644,-0.36117136
0.698253418,-0.30906695
0.800891993,-0.5551381
0.847654085,-0.580106
0.846681858,-0.5714005
0.776212671,-0.52582586
0.790907672,-0.53993165
0.827645138,-0.55920243
0.66492402,-0.26075974
0.680300379,-0.2720688
0.688369605,-0.27883768
0.681003257,-0.29864475
0.689878929,-0.30703947
0.700036426,-0.33479977
0.666936841,-0.2852755
0.66329574,-0.273127
0.685137769,-0.31174958
0.678443557,-0.36230797
0.692018908,-0.3585475
0.702214325,-0.34933406
0.681557277,-0.3261556
0.683679893,-0.31950307
0.698524016,-0.289086
0.670449677,-0.31826007
0.662235425,-0.34144914
0.695368241,-0.30746526
0.599297636,0.009773978
0.621521226,-0.0316341
0.628923572,-0.030787017
0.607886013,-0.00891308
0.579213679,0.026902817
0.614859817,-0.019289186
0.612695259,0.020826623
0.576583731,0.050686546
0.614423456,0.011139605
0.650696403,-0.08747797
0.680280148,-0.1415049
0.705771846,-0.19448134
0.657188998,-0.08631289
0.68883276,-0.14029758
0.657334287,-0.08500075
0.654260659,-0.1595281
0.679949346,-0.17713344
0.659201524,-0.124066964
0.664995674,-0.23739931
0.686771829,-0.21684334
0.659142437,-0.19909114
0.674954702,-0.2910902
0.697713623,-0.3259548
0.721292443,-0.36040133
0.685173106,-0.27358368
0.705329646,-0.30935073
0.707085265,-0.25380275
0.689591761,-0.3194958
0.705503927,-0.34483552
0.710904193,-0.35331625
0.638521457,-0.06572753
0.629572376,-0.03344079
0.615539258,-0.0015372133
0.638747149,-0.043943107
0.62716091,-0.011426831
0.629611769,-0.021663703
0.573292239,0.039841186
0.567697301,0.07051338
0.586703587,0.03509454
0.601127079,-0.026813265
0.587747993,-0.0028848774
0.574394992,0.020829447
0.600813815,-0.008165961
0.587102641,0.015912699
0.600675191,0.010828678
0.614817998,-0.0394274
0.615677778,-0.020639282
0.628904387,-0.052396476
0.631789795,-0.32697016
0.630243121,-0.31412792
0.662602963,-0.30768195
0.634926494,-0.3653823
0.632633434,-0.35810757
0.673895638,-0.4075806
0.673194919,-0.37745982
0.638031452,-0.353159
0.66930921,-0.3911906
0.68785122,-0.4023537
0.675452096,-0.4020446
0.647618143,-0.3551401
0.748205071,-0.4979086
0.773668922,-0.5324191
0.82156633,-0.5610199
0.767493966,-0.51192945
0.786631748,-0.5398934
0.784416596,-0.52633524
0.740264046,-0.45786595
0.74286203,-0.47649556
0.766706669,-0.49641407
0.736969541,-0.45103377
0.766329785,-0.49087274
0.727211439,-0.45055783
0.888574881,-0.5915978
0.923594223,-0.6004336
0.891814958,-0.59623766
0.842579138,-0.57606626
0.852911314,-0.58539057
0.816059979,-0.5597347
0.712266438,-0.40192723
0.74302813,-0.44117045
0.771481929,-0.47917092
0.720484444,-0.39640665
0.749025131,-0.43397325
0.727615825,-0.38599515
0.738369311,-0.39850408
0.769005543,-0.44861847
0.749536204,-0.40914613
0.714794471,-0.41991252
0.717608958,-0.43642247
0.746654252,-0.4613225
0.637185968,-0.050178997
0.638995129,-0.061077707
0.646418786,-0.07226515
0.656833633,-0.1021093
0.664439618,-0.11385746
0.678358507,-0.15493108
0.651299188,-0.094502255
0.648947784,-0.07254903
0.663930453,-0.12430489
0.679690549,-0.12723383
0.71512002,-0.18227014
0.698279393,-0.16894236
0.665224413,-0.15786031
0.654312806,-0.12683341
0.645622289,-0.09616649
0.671631309,-0.15713224
0.660555426,-0.12566642
0.67445122,-0.15615983
0.70700946,-0.21739909
0.730849804,-0.23090911
0.734054413,-0.24289012
0.72870813,-0.2790528
0.739812356,-0.29070348
0.743898445,-0.33800006
0.734761775,-0.35525864
0.747248977,-0.34772378
0.730229735,-0.30104524
0.808857028,-0.47607648
0.790482966,-0.4352119
0.764704429,-0.38887078
0.786710973,-0.43867385
0.764163215,-0.39565802
0.754252928,-0.39995503
0.808767115,-0.48277593
0.779656652,-0.446586
0.794540232,-0.48398042
0.608580346,-0.05340042
0.622023131,-0.06641374
0.634736496,-0.079815246
0.617693694,-0.080024466
0.630932211,-0.09351505
0.630192528,-0.10683286
0.652819804,-0.14037503
0.640512879,-0.123352304
0.643251079,-0.10993849
0.546367169,0.04169227
0.536198515,0.03896718
0.519340839,0.07254684
0.567743385,0.014263766
0.576568711,-0.015185613
0.5887015,-0.044057608
0.558061624,0.012047371
0.571193888,-0.01686619
0.552010158,0.009843269
0.593684259,-0.03273017
0.590914923,-0.038478535
0.580753265,-0.009116728
0.604395125,-0.05893486
0.616594118,-0.08519912
0.602472466,-0.06429672
0.784876902,-0.53027475
0.792681658,-0.54333746
0.806153863,-0.56078196
0.769791456,-0.5048538
0.787151932,-0.5244829
0.741721308,-0.4719205
0.782283123,-0.51676285
0.7637278,-0.49626434
0.804987737,-0.5450463
0.767177157,-0.5787798
0.773256199,-0.5695554
0.793859326,-0.5527817
0.789384936,-0.5828403
0.807252809,-0.57488024
0.844301855,-0.5907248
0.787132416,-0.5671847
0.77566464,-0.5561732
0.761806069,-0.572235
0.891929983,-0.5980482
0.918436949,-0.60070014
0.861145626,-0.59622514
0.795295382,-0.5896257
0.773530211,-0.58508384
0.822560225,-0.59159994
0.818026693,-0.5272052
0.841944369,-0.559438
0.854190402,-0.57729244
0.883455742,-0.56645095
0.904688618,-0.5879036
0.898702934,-0.59239364
0.846642011,-0.5272367
0.850157429,-0.5296509
0.892903446,-0.5674223
0.707868763,-0.2889778
0.701507528,-0.24426469
0.692188148,-0.19962308
0.71882967,-0.30709225
0.712965085,-0.26233408
0.729236474,-0.32350826
0.682411478,-0.20077595
0.688003409,-0.20036614
0.696126739,-0.24467182
0.665821124,-0.17238298
0.667192532,-0.18675372
0.668346958,-0.20099461
0.654333205,-0.15467058
0.657178122,-0.16878918
0.643935207,-0.13743687
0.68230007,-0.23008585
0.681877348,-0.21547925
0.695781414,-0.2596123
0.729253438,-0.36195803
0.740937523,-0.37782377
0.75529115,-0.39155567
0.758936649,-0.4311118
0.768374456,-0.44377625
0.78937954,-0.4934153
0.804558273,-0.48389113
0.79110494,-0.48958927
0.780118608,-0.4404624
0.837071136,-0.53636014
0.864060682,-0.57592916
0.809565368,-0.54327166
0.526579922,0.033492133
0.522871402,0.030681465
0.502215737,0.0644691
0.635852765,-0.12576368
0.641934216,-0.14423965
0.649580397,-0.16232815
0.622938084,-0.1039674
0.630087515,-0.12221199
0.609636197,-0.08299266
0.661245608,-0.18779334
0.655853454,-0.17487311
0.649577256,-0.15633215
0.553891495,-0.00087587046
0.57550888,-0.03677685
0.595610817,-0.07183122
0.549454417,-0.0027420893
0.571736939,-0.037717905
0.546561316,-0.004663314
0.590813152,-0.053714514
0.593570247,-0.06296895
0.57309323,-0.027022615
0.614031003,-0.100318894
0.611819626,-0.091849685
0.632131088,-0.13040197
0.510354593,0.056402676
0.528590837,0.024548538
0.536214656,0.021190293
0.485538723,0.052389927
0.519300873,0.020853199
0.509596313,0.023569573
0.770813034,-0.5810746
0.783856939,-0.5886364
0.795698007,-0.5976912
0.785463971,-0.5813068
0.811139636,-0.59277034
0.817989822,-0.58182645
0.852726064,-0.6013577
0.887477657,-0.60116816
0.867260231,-0.59458506
0.777848938,-0.58467543
0.749763993,-0.5771104
0.753575366,-0.573439
0.759599775,-0.5832863
0.757900174,-0.58039
0.767767702,-0.5820948
0.767837081,-0.5913185
0.770035317,-0.5844153
0.756871389,-0.58295345
0.852848285,-0.58935
0.796571017,-0.5784849
0.805372411,-0.5867647
0.764742449,-0.56592727
0.770750531,-0.5762855
0.784484028,-0.56454015
0.833340855,-0.60279727
0.807545299,-0.58685195
0.807103274,-0.54811573
0.834186155,-0.6014954
0.817443884,-0.5825062
0.867741452,-0.5983907
0.869716695,-0.59360087
0.873999954,-0.5996027
0.875447949,-0.60300076
0.814363904,-0.6013658
0.858855985,-0.6029364
0.809263424,-0.60277426
0.87623027,-0.59924173
0.876651027,-0.6022397
0.899048087,-0.5927373
0.678855978,-0.24527022
0.696483832,-0.2905971
0.72190297,-0.33686393
0.675777271,-0.23114878
0.693691743,-0.27577752
0.671273989,-0.21716258
0.70325273,-0.3054477
0.736831034,-0.37942243
0.786854688,-0.44927818
0.707045426,-0.32138795
0.755174435,-0.39642024
0.689750813,-0.27538806
0.840202671,-0.568709
0.834968957,-0.5055213
0.783040094,-0.42469442
0.857608188,-0.54674435
0.828541886,-0.47803473
0.832113753,-0.52136993
0.835079459,-0.5987383
0.839528549,-0.58792555
0.835910346,-0.570552
0.552189927,-0.01225066
0.582870828,-0.050560065
0.608958138,-0.08782306
0.558202723,-0.014330154
0.59076446,-0.051432945
0.564296059,-0.016530951
0.595757411,-0.07742543
0.600103594,-0.082745105
0.574991864,-0.044271395
0.619542705,-0.11686854
0.641689902,-0.16315451
0.663516598,-0.21200427
0.619513274,-0.1212329
0.640976876,-0.16646153
0.621713534,-0.12534237
0.65429832,-0.17925778
0.658510307,-0.19578078
0.636897947,-0.14703502
0.678429839,-0.23457128
0.705479268,-0.29403102
0.682384577,-0.25177145
0.530272544,0.035418615
0.510598624,0.0571279
0.523505894,0.030749355
0.539156666,0.048076198
0.527121843,0.06575261
0.538895084,0.044030197
0.558974536,-0.01925295
0.590247001,-0.054092377
0.62114492,-0.08755718
0.544436117,-0.015380966
0.580216096,-0.049340107
0.542450797,-0.011975963
0.596177447,-0.052668847
0.619429978,-0.087510794
0.625487039,-0.08741656
0.540822913,0.0016411596
0.561686577,-0.021183483
0.573823278,-0.04271178
0.548031674,0.0065683285
0.568249093,-0.016051376
0.555318249,0.011367736
0.578334885,-0.05646006
0.565009258,-0.03478637
0.603245458,-0.071300335
0.763433165,-0.5762981
0.788917876,-0.58477545
0.820083066,-0.59534407
0.762492603,-0.5902456
0.79173037,-0.5987314
0.770638588,-0.59931886
0.837198021,-0.5999327
0.793202755,-0.603068
0.835549593,-0.6029916
0.789113958,-0.54948485
0.770242536,-0.53053534
0.733924403,-0.5168654
0.779148338,-0.5503931
0.754841959,-0.5415838
0.766026681,-0.5605941
0.787736444,-0.5730363
0.769742944,-0.56307113
0.749079544,-0.54224265
0.802510616,-0.55245626
0.858951601,-0.55508053
0.800819532,-0.5335593
0.756874471,-0.50586104
0.788023134,-0.5301521
0.774892394,-0.5067884
0.856960313,-0.6005218
0.883487117,-0.5892999
0.896274591,-0.5836699
0.84958277,-0.59027135
0.860582544,-0.57655716
0.830267362,-0.57521296
0.845600235,-0.6030736
0.832792802,-0.5975933
0.83011656,-0.60036194
0.872496159,-0.5879853
0.868531166,-0.59927475
0.848500645,-0.6025909
0.870389424,-0.5853766
0.86021442,-0.60030913
0.872299768,-0.5865935
0.845395324,-0.5607095
0.86433088,-0.5732789
0.86687838,-0.56715465
0.835201458,-0.60309184
0.826671625,-0.59920275
0.824287696,-0.5873027
0.815769911,-0.59747684
0.821656762,-0.6029581
0.825502725,-0.5858896
0.698312422,-0.28677252
0.723604074,-0.3311712
0.750562294,-0.3755958
0.742780526,-0.36905468
0.775773222,-0.4146623
0.79243632,-0.4540825
0.829633469,-0.5403842
0.83720902,-0.50189894
0.80624079,-0.46383142
0.855213799,-0.58493507
0.844214444,-0.5313251
0.840930062,-0.56509066
0.632387085,-0.13193478
0.653375455,-0.1778202
0.674469332,-0.22734311
0.641255182,-0.12995936
0.661641724,-0.1741991
0.651779678,-0.1282536
0.665802798,-0.21738547
0.669541779,-0.22246289
0.643651238,-0.1722948
0.70180281,-0.29678857
0.701561748,-0.29187497
0.737098753,-0.3749526
0.552977544,0.030960038
0.552063948,0.026878867
0.550415379,0.022913072
0.557342272,0.010654924
0.558471772,0.0066391313
0.561759762,-0.008784056
0.564221366,-0.019988028
0.563385562,-0.004706128
0.568440803,-0.031230442
0.549967241,0.043759353
0.552253637,0.03561751
0.545193799,0.059056856
0.555252702,0.022917088
0.559129683,0.003067195
0.557486113,0.015233155
0.568402765,-0.07051834
0.566867163,-0.050312914
0.564699458,-0.029844914
0.568694315,-0.06165372
0.567557876,-0.04100831
0.570736891,-0.052392207
0.640449618,-0.22126263
0.646398054,-0.17261922
0.646888506,-0.12880461
0.657464072,-0.22309735
0.658653528,-0.17332974
0.66862433,-0.2251415
0.576806196,-0.074773036
0.595065889,-0.08961056
0.624769623,-0.10592696
0.579673144,-0.10699853
0.601571434,-0.12354186
0.585458956,-0.14067893
0.569190198,-0.092409104
0.570912509,-0.0837436
0.573157533,-0.115575895
0.619758899,-0.19103163
0.600561612,-0.16434202
0.625754494,-0.1466872
0.811004771,-0.5883018
0.770779834,-0.55496764
0.731430324,-0.51585555
0.786994319,-0.5746021
0.739476388,-0.5287993
0.747303991,-0.55220044
0.798132021,-0.592687
0.848837911,-0.6025548
0.8342635,-0.6000979
0.72241021,-0.48721987
0.743017053,-0.47739035
0.76424554,-0.48034406
0.7209525,-0.45336652
0.738657073,-0.44625765
0.735382592,-0.41704607
0.719154619,-0.49338096
0.712951,-0.48210996
0.726233669,-0.44342345
0.805502601,-0.48718446
0.869720309,-0.49688244
0.784900221,-0.4650973
0.726958665,-0.41414034
0.75475039,-0.45234996
0.710910394,-0.42746973
0.880064234,-0.5905812
0.833477982,-0.6029675
0.772596823,-0.5805775
0.888630421,-0.59628594
0.829420061,-0.59977996
0.866429808,-0.601418
0.873617133,-0.5605049
0.896568311,-0.56306875
0.901525513,-0.57029307
0.874817184,-0.5374247
0.91452802,-0.534544
0.897393517,-0.52740383
0.835174878,-0.55861485
0.853841499,-0.5479437
0.85540374,-0.5421151
0.837578627,-0.58552456
0.83405747,-0.5697738
0.857114493,-0.5516727
0.859386781,-0.6030295
0.874383616,-0.6025977
0.854855105,-0.60157645
0.867256965,-0.5801066
0.841020209,-0.5738894
0.817367297,-0.52026546
0.856128613,-0.58673763
0.884881296,-0.55037713
0.874370585,-0.5886096
0.654779966,-0.27592713
0.668417258,-0.278759
0.684799984,-0.2817792
0.677989954,-0.3391919
0.692896129,-0.34250104
0.712613195,-0.4089588
0.731645882,-0.42500663
0.71732106,-0.35882646
0.759990314,-0.44020593
0.762365914,-0.49739093
0.783328017,-0.5095823
0.815661798,-0.5678451
0.56373294,-0.02257036
0.566865335,-0.03558795
0.573193301,-0.047905177
0.56313807,-0.010896936
0.567571972,-0.024021473
0.562130175,0.0010810423
0.567794041,-0.06290908
0.570629877,-0.055412002
0.566817841,-0.04295163
0.560117017,0.01818055
0.564708283,0.009258762
0.545702435,0.036665224
0.567686393,-0.0077830693
0.573670003,-0.032186817
0.573141732,-0.015961744
0.570491046,-0.087372705
0.576196674,-0.103994235
0.581702005,-0.12061943
0.573664625,-0.07947447
0.579689583,-0.095712185
0.576935583,-0.07172639
0.571066606,-0.10960974
0.574886196,-0.13349074
0.575574486,-0.12686586
0.633364642,-0.24795473
0.643266016,-0.27654794
0.656737482,-0.3075538
0.61665902,-0.21552354
0.628637787,-0.24154723
0.602826812,-0.18699819
0.655235399,-0.30655625
0.685029448,-0.37378186
0.666685114,-0.33956367
0.606939254,-0.20356685
0.596910219,-0.1816814
0.588415464,-0.1608663
0.626788964,-0.2337532
0.613263789,-0.20963022
0.642060717,-0.26828164
0.589996989,-0.17296559
0.58395966,-0.14560275
0.582843535,-0.1529508
0.748015043,-0.5208365
0.74198917,-0.4535414
0.738891802,-0.40342432
0.763118879,-0.4814366
0.736161058,-0.40979868
0.75122523,-0.4361478
0.780678952,-0.5566437
0.781042014,-0.5224565
0.817496878,-0.58757937
0.800084183,-0.46762758
0.731998529,-0.4317038
0.726190207,-0.43655366
0.691555827,-0.32475412
0.681937038,-0.3656261
0.67845115,-0.40888608
0.682504528,-0.35167247
0.67190543,-0.3961438
0.692207205,-0.39109194
0.695658612,-0.38640547
0.698724347,-0.34885854
0.720516894,-0.38075083
0.708586099,-0.36316907
0.712713222,-0.3618487
0.699919024,-0.3246473
0.786704495,-0.5723026
0.805351801,-0.5937091
0.834880674,-0.60255694
0.775951973,-0.5293191
0.798847859,-0.5641259
0.77437795,-0.47992706
0.860719267,-0.5859113
0.835489026,-0.5976751
0.823333426,-0.603083
0.857626137,-0.56031907
0.854931988,-0.5777092
0.89338452,-0.53305113
0.918851447,-0.5194106
0.943300993,-0.5169556
0.902758699,-0.54331505
0.974934527,-0.5330025
0.977059754,-0.52559733
0.940304432,-0.5234935
0.963878481,-0.5024884
0.957904523,-0.50679827
0.932523126,-0.5040889
0.894668928,-0.59661484
0.927721437,-0.55767477
0.956329515,-0.5685196
0.691240901,-0.3946191
0.702390093,-0.43007994
0.735518762,-0.4648372
0.747002792,-0.488576
0.767632074,-0.51976484
0.81790699,-0.5669693
0.795069757,-0.5465827
0.843696162,-0.59572494
0.836352449,-0.58439326
0.892482801,-0.60303783
0.898772324,-0.60156274
0.947627413,-0.5791247
0.580801368,-0.059916988
0.588717597,-0.0712539
0.59487077,-0.081998646
0.581843424,-0.04418902
0.590371618,-0.05537644
0.583104429,-0.027987354
0.584391806,-0.083446026
0.586992098,-0.107438534
0.591967442,-0.094695136
0.572115987,-0.008528476
0.57829801,-0.01676215
0.554600254,0.013235098
0.590180413,-0.036727525
0.596698257,-0.0635109
0.592278925,-0.044248812
0.590473329,-0.14318092
0.604859331,-0.16671145
0.62153142,-0.19201156
0.595442786,-0.12885326
0.601696233,-0.15088654
0.595472933,-0.11506669
0.609096428,-0.1995919
0.617651573,-0.1957959
0.593846439,-0.16982779
0.647312354,-0.25776702
0.692695064,-0.32429683
0.72926745,-0.404786
0.650297435,-0.25257534
0.693457638,-0.31812698
0.65298708,-0.24769175
0.664961378,-0.29482323
0.679638533,-0.3367102
0.711841688,-0.36900586
0.727616069,-0.42890137
0.781570032,-0.52222
0.758947499,-0.46549082
0.830394901,-0.48260367
0.801289865,-0.44977683
0.765754223,-0.43932265
0.81009126,-0.5006479
0.814249042,-0.4811678
0.852834789,-0.5243388
0.767614723,-0.562603
0.774109384,-0.54219496
0.812568549,-0.574685
0.905465011,-0.58817625
0.890656755,-0.56997466
0.885161633,-0.55031335
0.866360179,-0.6021677
0.854683268,-0.5930375
0.825586348,-0.59797835
0.703885389,-0.29578716
0.714548545,-0.28545105
0.700351037,-0.29680496
0.712951918,-0.32040906
0.72562378,-0.33805436
0.739380243,-0.38613677
0.75464572,-0.42919022
0.726280791,-0.37734735
0.756928179,-0.48270756
0.701282431,-0.30276284
0.721256137,-0.3474298
0.721587141,-0.39228034
0.721427298,-0.35616505
0.748579242,-0.3996333
0.764380876,-0.41177255
0.705960351,-0.34572315
0.713888759,-0.30115288
0.698337813,-0.3082678
0.700005133,-0.26077762
0.708942889,-0.27581862
0.701649632,-0.2661093
0.709204831,-0.4604481
0.755321943,-0.5036398
0.783338374,-0.54223025
0.690290428,-0.393804
0.733025999,-0.43817317
0.692090636,-0.33636177
0.829622317,-0.58184505
0.784124213,-0.5543479
0.856494042,-0.6013464
0.771611937,-0.60181856
0.774462164,-0.5939785
0.798128449,-0.6030133
0.824353664,-0.58152115
0.794274854,-0.59540606
0.835211482,-0.57154286
0.930575331,-0.5443865
0.962583526,-0.50408316
0.984381292,-0.4857614
0.922972962,-0.5250908
0.964567919,-0.49468184
0.924695806,-0.5107238
0.975543979,-0.5078175
0.958771715,-0.49389863
0.982021369,-0.4918363
0.859161779,-0.59552157
0.881261552,-0.60266364
0.910624704,-0.5880325
0.813996053,-0.5681124
0.825694054,-0.59703636
0.772888314,-0.52252775
0.92868348,-0.5943508
0.967856982,-0.549827
0.959228553,-0.5695082
0.985643516,-0.49698377
0.968037918,-0.53734887
0.982707845,-0.5197253
0.597614321,-0.09690367
0.599773113,-0.11105387
0.597957881,-0.12475672
0.599799056,-0.07747768
0.603786428,-0.09026837
0.595435616,-0.057318218
0.597284113,-0.13083015
0.607030287,-0.16868263
0.598209585,-0.1465995
0.576197331,-0.029554013
0.572393383,-0.032915957
0.559115949,-0.0018701071
0.591463576,-0.062754594
0.590019657,-0.09591353
0.575058595,-0.06596445
0.643658659,-0.22569764
0.672460963,-0.26508874
0.693798921,-0.31222987
0.624773381,-0.19864783
0.647140658,-0.23333848
0.609982414,-0.17316756
0.683092308,-0.2906093
0.714015409,-0.37220764
0.715024224,-0.34145093
0.726230609,-0.4093154
0.736537346,-0.44199628
0.73740079,-0.4744596
0.748894876,-0.5144868
0.755365151,-0.541518
0.782299136,-0.58891094
0.834001637,-0.60202754
0.787024,-0.5762261
0.878500663,-0.6006794
0.895242711,-0.52420604
0.959268355,-0.5036993
0.977083174,-0.4902277
0.905112266,-0.5462518
0.955728236,-0.52259517
0.91629651,-0.56857586
0.75359101,-0.57478666
0.752949779,-0.58946776
0.74830918,-0.5999503
0.736702946,-0.5673957
0.730650488,-0.58433354
0.7178308,-0.5597234
0.670714908,-0.46436423
0.713503739,-0.4835357
0.761813424,-0.5029484
0.693036955,-0.5095877
0.727310409,-0.5261489
0.737306717,-0.54966474
0.714035699,-0.52943134
0.684349169,-0.49727094
0.722816703,-0.5395435
0.804978476,-0.47258723
0.797216344,-0.41716993
0.750875706,-0.3574798
0.792039122,-0.45009565
0.76025076,-0.3938983
0.775449041,-0.43001348
0.736485078,-0.37276745
0.717573394,-0.33334047
0.694603122,-0.3147365
0.73109539,-0.4275034
0.782902817,-0.3915633
0.783788673,-0.44992566
0.770512138,-0.59810114
0.792181423,-0.60309935
0.865372101,-0.59895205
0.749180076,-0.57095134
0.795461633,-0.5909543
0.738258126,-0.52235734
0.789364821,-0.5975342
0.836965252,-0.5650065
0.849133903,-0.58493817
0.829425088,-0.58494174
0.832862344,-0.56525517
0.848380525,-0.5439999
0.808478815,-0.5979122
0.811503692,-0.5839281
0.790051488,-0.60309076
0.700120426,-0.29060388
0.671245838,-0.24692759
0.676250859,-0.24754998
0.67618676,-0.27147314
0.664615009,-0.24055034
0.667638608,-0.26085025
0.66588413,-0.27067456
0.673495892,-0.24585688
0.667633621,-0.2540898
0.67766225,-0.36065328
0.666346864,-0.3066872
0.681731313,-0.2861501
0.702380223,-0.42423362
0.7004738,-0.43434346
0.705091643,-0.44663733
0.700730725,-0.34536266
0.691704687,-0.35139865
0.696258855,-0.2837
0.721883129,-0.49676466
0.752013441,-0.56079125
0.725239587,-0.50934494
0.825954264,-0.58360267
0.795091917,-0.598238
0.765411451,-0.6030829
0.793950165,-0.59692764
0.765152901,-0.60290265
0.762640999,-0.6025089
0.726096759,-0.59683466
0.714078329,-0.58091843
0.733872652,-0.5984907
0.869655125,-0.5447264
0.903426277,-0.490901
0.881895526,-0.5286844
0.838794071,-0.57592475
0.849648805,-0.5660385
0.80796923,-0.59470594
0.703126424,-0.5582944
0.705265292,-0.5804156
0.733205862,-0.5969864
0.688523517,-0.55733764
0.709492817,-0.58022976
0.690468393,-0.5567485
0.871307165,-0.5947819
0.936045588,-0.5772114
0.960446067,-0.5552993
0.9501627,-0.54232836
0.984504662,-0.5206566
0.97981574,-0.49395084
0.949791534,-0.48909473
0.974430354,-0.4770093
0.98247537,-0.48130393
0.985628043,-0.4859624
0.985386289,-0.48326087
0.985619646,-0.50639415
0.588645128,-0.14082812
0.583237028,-0.15750459
0.594761942,-0.17577118
0.566132767,-0.10848695
0.567491773,-0.12066065
0.560965924,-0.075309046
0.613878434,-0.19486138
0.647209019,-0.26408476
0.612520761,-0.21931899
0.553675221,-0.03247596
0.556116329,-0.027833115
0.53555703,0.010831496
0.566937812,-0.07579086
0.585178957,-0.12513451
0.575367719,-0.073891126
0.687062926,-0.36206567
0.693230251,-0.41932404
0.738339826,-0.4798792
0.639496564,-0.3062594
0.667686317,-0.35670704
0.618063767,-0.25333577
0.724379751,-0.4687388
0.763214449,-0.5633646
0.746446552,-0.5262281
0.86854486,-0.58972025
0.823504338,-0.601953
0.782523435,-0.56374586
0.844911607,-0.60103977
0.794492143,-0.58974075
0.809891398,-0.6019143
0.906587503,-0.5566621
0.888700639,-0.57774806
0.948464625,-0.52089024
0.915037716,-0.49457765
0.928886824,-0.47638154
0.955850718,-0.4757042
0.904660927,-0.50362635
0.940950747,-0.48221564
0.89105401,-0.51360035
0.856625407,-0.5551778
0.887986155,-0.522472
0.869141648,-0.532977
0.706461332,-0.5266821
0.700562698,-0.48996192
0.706752707,-0.4513405
0.691664409,-0.4927044
0.673789774,-0.45346242
0.654731744,-0.45774168
0.681778567,-0.5236731
0.694057813,-0.4882748
0.692306445,-0.52490115
0.647771038,-0.4055485
0.674124498,-0.34682477
0.6878194,-0.3002951
0.727134249,-0.36576122
0.71415035,-0.30845618
0.745426416,-0.32854784
0.695491974,-0.27084902
0.691236112,-0.26607218
0.677176055,-0.2474994
0.679663264,-0.39760882
0.661321934,-0.34518677
0.639896198,-0.40002966
0.812231478,-0.58716905
0.850434394,-0.55678654
0.890629965,-0.5225643
0.82622316,-0.5860758
0.858543041,-0.5556569
0.835344772,-0.58533716
0.783027102,-0.58753633
0.760948662,-0.5392865
0.736780007,-0.4729091
0.785734006,-0.5720161
0.773171059,-0.51717335
0.775026522,-0.55370426
0.805166761,-0.60279036
0.797227684,-0.6003841
0.786037908,-0.59169936
0.799102156,-0.6028446
0.771513894,-0.5918102
0.786384044,-0.60291874
0.716892285,-0.32640493
0.717908616,-0.2933966
0.702209642,-0.26605177
0.697946363,-0.2862925
0.698433244,-0.26236284
0.695216989,-0.2773266
0.717226603,-0.38134617
0.714597328,-0.3136338
0.724610596,-0.3485186
0.742204279,-0.42877567
0.737101637,-0.39258027
0.768930804,-0.47475094
0.777640143,-0.6028949
0.815724551,-0.59167767
0.856170344,-0.5573665
0.791600322,-0.6024214
0.828407416,-0.5877335
0.806186095,-0.60156476
0.763200301,-0.59909916
0.722009226,-0.5815964
0.748720161,-0.5980215
0.89560733,-0.47586417
0.927466116,-0.35961986
0.911895829,-0.43418336
0.871846709,-0.5363531
0.892098747,-0.5088608
0.849307725,-0.5767561
0.677936746,-0.5323987
0.661590369,-0.50620615
0.665999548,-0.47889203
0.681483269,-0.49719816
0.684867985,-0.46993166
0.70568368,-0.4605428
0.732131931,-0.57208216
0.717998738,-0.5669471
0.700840071,-0.5618093
0.755562753,-0.59034204
0.739938249,-0.58604693
0.781059845,-0.6013975
0.700425107,-0.54297924
0.67353679,-0.51139617
0.68583413,-0.5377016
0.894571102,-0.552163
0.922293046,-0.5159764
0.949110865,-0.48952055
0.914897965,-0.5128224
0.924634658,-0.48606133
0.939170757,-0.48420668
0.940151338,-0.4746225
0.944487761,-0.47049856
0.933447019,-0.4726689
0.604625876,0.01449362
0.602061216,0.065480836
0.627380899,0.022115443
0.647082902,0.03144481
0.641098559,0.08703859
0.630533703,0.0296969
0.565391671,0.057506286
0.56685734,-0.0038672648
0.574502789,0.011425456
0.589395678,-0.082923025
0.619610188,-0.16753632
0.664825312,-0.29034773
0.597329424,-0.072484024
0.651681677,-0.16807878
0.621955381,-0.06511137
0.617243087,-0.20441687
0.632340481,-0.24177939
0.602209295,-0.14292815
0.663181629,-0.30094862
0.742303698,-0.4230988
0.695460641,-0.359375
0.844931438,-0.6017691
0.792792064,-0.56835055
0.725610362,-0.4434374
0.818118898,-0.59581375
0.777792668,-0.50620425
0.796664688,-0.55413437
0.855713573,-0.59422696
0.849327054,-0.59845066
0.820895107,-0.59978426
0.884294587,-0.5602206
0.914052158,-0.5210886
0.878392149,-0.5695026
0.929764325,-0.498842
0.928637749,-0.5067949
0.922180203,-0.51954556
0.960804956,-0.47616935
0.955074886,-0.4816215
0.966559227,-0.4699638
0.835560435,-0.56597483
0.886039762,-0.5419283
0.887096955,-0.53062487
0.715930766,-0.36207634
0.712244904,-0.3410173
0.692604948,-0.31979746
0.71818431,-0.3870793
0.696086447,-0.36569363
0.723599854,-0.41797417
0.691376844,-0.4376933
0.711111693,-0.39776355
0.716697801,-0.42808336
0.731133001,-0.31919134
0.720137735,-0.3147512
0.71187262,-0.31682354
0.728896731,-0.30297378
0.708904104,-0.29111865
0.704716769,-0.29601038
0.730975038,-0.32201105
0.727480468,-0.31634033
0.723059099,-0.33675992
0.779584518,-0.5999496
0.764246835,-0.59978473
0.755229234,-0.5737926
0.790177336,-0.6028886
0.762287695,-0.5878562
0.808988008,-0.59654725
0.818145474,-0.58711576
0.828109583,-0.59995866
0.873198976,-0.56839633
0.733730731,-0.34507936
0.758270497,-0.3874718
0.766563837,-0.4413228
0.729486775,-0.35222638
0.746565401,-0.4049719
0.726963136,-0.3656966
0.760471578,-0.51214075
0.750281093,-0.43472624
0.749792367,-0.4734894
0.768039734,-0.5593064
0.747286507,-0.53854895
0.755318359,-0.502201
0.695249716,-0.4036839
0.697900566,-0.39178777
0.705290298,-0.37778932
0.686611246,-0.42766225
0.694542003,-0.41351444
0.677426869,-0.45317298
0.823593685,-0.60039353
0.867841932,-0.5697806
0.911235429,-0.49094605
0.845247291,-0.59881413
0.8890787,-0.56197464
0.875069511,-0.5969223
0.771769202,-0.59138846
0.798734142,-0.6020167
0.823506732,-0.6025078
0.93126129,-0.29951668
0.949803111,-0.057314157
0.928497198,-0.20408368
0.912540544,-0.4354396
0.909507469,-0.36940026
0.900344383,-0.53211856
0.724117679,-0.5564903
0.770632703,-0.579309
0.829369801,-0.59704053
0.72130556,-0.53805447
0.765250876,-0.5632913
0.715333903,-0.51643944
0.696838481,-0.52481985
0.698452226,-0.5043563
0.68127071,-0.49204922
0.691491142,-0.43752354
0.686598665,-0.46505523
0.694779555,-0.475457
0.629432615,-0.017085899
0.601433586,0.03197263
0.611629191,-0.006112857
0.654110693,-0.10353334
0.654353764,-0.07646509
0.651156535,-0.051242717
0.634012403,-0.06739646
0.633244195,-0.041436367
0.613193937,-0.030977711
0.640931203,-0.10861789
0.620213366,-0.070684634
0.60656508,-0.032928318
0.632590952,-0.1146189
0.614898606,-0.074846424
0.635383141,-0.12175624
0.629233363,-0.06939223
0.616489986,-0.025170319
0.643952714,-0.019104872
0.9284328,-0.50776505
0.90332548,-0.53822684
0.879856053,-0.57615495
0.939948836,-0.49549103
0.910627149,-0.5278635
0.9496882,-0.48791194
0.962416864,-0.47361636
0.940110896,-0.4879341
0.941124291,-0.48237562
0.657474595,-0.04682704
0.647338124,-0.04340318
0.629253748,-0.045284368
0.675206779,-0.1367485
0.673102045,-0.13504125
0.713026249,-0.24526805
0.658429185,-0.15567708
0.658123508,-0.09960674
0.684599063,-0.19688025
0.67438274,-0.14907825
0.702191239,-0.2763428
0.722723297,-0.26054984
0.875034573,-0.58848834
0.838750149,-0.5062049
0.768905204,-0.37864864
0.837442708,-0.5264005
0.782495158,-0.39987797
0.724779813,-0.41543096
0.856331391,-0.6030599
0.887129981,-0.5995722
0.800650557,-0.550949
0.894508004,-0.58865523
0.907325449,-0.5572139
0.892869572,-0.59890497
0.940765552,-0.5456672
0.946398358,-0.51330996
0.94078385,-0.4985342
0.924771991,-0.5331471
0.933733796,-0.49765205
0.920586371,-0.52374446
0.869864012,-0.5998149
0.890688322,-0.58593845
0.911313574,-0.56576943
0.887937731,-0.58324707
0.907808459,-0.5584588
0.907327298,-0.55400383
0.862818683,-0.6027672
0.866006721,-0.59256256
0.842507777,-0.6023034
0.721793156,-0.33449256
0.716025733,-0.346672
0.71087259,-0.35415143
0.741169478,-0.35813445
0.729654272,-0.3674693
0.767688689,-0.39721102
0.706457449,-0.372854
0.7115925,-0.35568786
0.70600415,-0.36310583
0.709467193,-0.3485633
0.710119982,-0.3508904
0.717221405,-0.33695793
0.817960799,-0.5846988
0.781143962,-0.54021823
0.773007283,-0.483266
0.808603246,-0.5689585
0.789025068,-0.5201446
0.795867065,-0.54998815
0.838050963,-0.59556127
0.819009708,-0.5832926
0.845593241,-0.60120857
0.733436609,-0.43038028
0.754200472,-0.4384836
0.774313579,-0.4415341
0.716732066,-0.39519024
0.743948851,-0.39877033
0.713607315,-0.36897975
0.754453509,-0.47000456
0.77699467,-0.51141316
0.770798437,-0.4785782
0.699720379,-0.39567792
0.691096751,-0.42685997
0.690473406,-0.46435583
0.69732087,-0.38518077
0.682874978,-0.4135939
0.691935751,-0.37174696
0.713647712,-0.36813426
0.715502086,-0.36079705
0.71871865,-0.35543102
0.947395918,0.013463974
0.97846438,0.37051225
0.973998899,0.12654734
0.954102748,-0.2036066
0.883598484,-0.48954415
0.819852597,-0.5971589
0.924823301,-0.28079987
0.877104365,-0.5264008
0.905451853,-0.35797715
0.893922572,-0.59611225
0.894077289,-0.5270128
0.862079294,-0.5961163
0.844204378,-0.59668195
0.806388673,-0.59574735
0.769514061,-0.55996776
0.707741656,-0.4955685
0.737140068,-0.54247475
0.764248845,-0.58566344
0.690843807,-0.46991384
0.713589748,-0.52020276
0.679163055,-0.43912387
0.672984163,-0.40811282
0.67485573,-0.38613182
0.681438269,-0.43866742
0.986968898,0.5417657
0.985651487,0.39214134
0.987291153,0.7955134
0.986790492,0.80094147
0.9874,0.7464802
0.9874,1.0516272
0.635384151,-0.04499729
0.618553295,-0.060110852
0.610727974,-0.014271764
0.655679093,-0.07128593
0.661933992,-0.11465217
0.665295596,-0.1565636
0.645402403,-0.08723879
0.653751168,-0.12817435
0.630902277,-0.10047795
0.666076693,-0.12324694
0.667843009,-0.14098142
0.663108153,-0.09648338
0.666750977,-0.14699271
0.684945662,-0.19158816
0.707285948,-0.23694941
0.673916858,-0.16467842
0.68572432,-0.20654875
0.673936747,-0.18005791
0.66072523,-0.15507077
0.661656134,-0.16431153
0.691797033,-0.20321476
0.746753966,-0.32147664
0.708234131,-0.25269246
0.668912622,-0.18553379
0.72332795,-0.3018685
0.687200612,-0.22710702
0.715203749,-0.27599797
0.739487609,-0.2902949
0.728466138,-0.2620569
0.701135154,-0.22645348
0.95977786,-0.56931317
0.906495877,-0.5903603
0.868021569,-0.6030458
0.940702689,-0.5485245
0.897656504,-0.57485485
0.931966889,-0.5269389
0.969254952,-0.53292155
0.976557763,-0.5408956
0.957238047,-0.5189893
0.843805733,-0.5403235
0.793066433,-0.4615413
0.751957792,-0.36006504
0.83335155,-0.56159985
0.801160883,-0.485806
0.841371165,-0.5775547
0.778335516,-0.39686865
0.761104214,-0.38164628
0.809502765,-0.4729225
0.927674497,-0.5987072
0.890211463,-0.5952636
0.870125392,-0.60163736
0.89745405,-0.5766374
0.916939225,-0.5628941
0.951559286,-0.55862784
0.921071555,-0.5690515
0.95687813,-0.54929984
0.936625973,-0.55875385
0.890786524,-0.59191465
0.892685406,-0.58853614
0.900174092,-0.58326626
0.850975393,-0.60255706
0.862577924,-0.60192263
0.815073764,-0.5978342
0.859239957,-0.6029812
0.843043656,-0.60203207
0.879058915,-0.5967003
0.833843697,-0.59624326
0.806987269,-0.5728916
0.813723181,-0.5881797
0.710818005,-0.34501487
0.731268617,-0.3369215
0.74936443,-0.34748638
0.730630546,-0.34999883
0.740635557,-0.35747206
0.721727007,-0.35925323
0.733947948,-0.4032184
0.727288967,-0.37592483
0.747205052,-0.3754109
0.743871993,-0.44320607
0.752315678,-0.4091769
0.75783654,-0.3730753
0.763459506,-0.4522875
0.765809042,-0.41140532
0.768786034,-0.45868278
0.771818079,-0.52125394
0.786170298,-0.5705403
0.770101834,-0.4974743
0.786833619,-0.5510818
0.781410511,-0.5270864
0.76235458,-0.48554158
0.684805188,-0.37906098
0.691544274,-0.3278671
0.69337118,-0.29144466
0.680649366,-0.35907155
0.688591191,-0.32258785
0.685635625,-0.3494659
0.700285788,-0.30005956
0.724332212,-0.32030594
0.704361479,-0.32502562
0.723388173,-0.35783213
0.704058873,-0.3214202
0.696045439,-0.29897463
0.710946124,-0.38739705
0.697088944,-0.35124797
0.6903374,-0.41456938
0.9874,0.8366866
0.98582438,0.8453758
0.985647704,1.0739629
0.974787068,-0.03852725
0.980003853,0.0937438
0.987070778,0.22006392
0.955701513,-0.28606677
0.971179781,-0.19601178
0.923387247,-0.4718578
0.898271356,-0.52881646
0.845009655,-0.57224154
0.927187042,-0.3972609
0.866345465,-0.5892925
0.807503434,-0.5968915
0.770563184,-0.5483271
0.829583826,-0.60100925
0.778703092,-0.5849192
0.780542722,-0.6021131
0.743233749,-0.51212394
0.703008432,-0.47336513
0.743356869,-0.55560243
0.739415581,-0.42271525
0.723861387,-0.44964164
0.751943156,-0.48924732
0.963493623,-0.016100168
0.973593005,0.27951837
0.979877341,0.57200885
0.985103706,0.27170944
0.984979405,0.57176876
0.9874,0.5560701
0.977303902,0.46933484
0.958141499,0.08211565
0.936415298,-0.25461936
0.98165491,0.42934942
0.967644922,0.04643345
0.984635424,0.37216544
0.939981247,-0.33247495
0.935755987,-0.406029
0.973815904,-0.07564592
0.948691451,-0.09413767
0.936615505,-0.17467737
0.962793694,0.18570757
0.987002223,0.7669525
0.987275999,0.7910371
0.985148911,0.9735737
0.604873369,-0.0820995
0.61921275,-0.088927954
0.5895008,-0.048021823
0.645874847,-0.13020112
0.635125928,-0.123408005
0.626510374,-0.11441563
0.659148457,-0.16204661
0.651459517,-0.15441588
0.667563618,-0.19060916
0.659598708,-0.17062205
0.662312701,-0.18182269
0.64524571,-0.14274965
0.674351209,-0.20196685
0.684645227,-0.2450107
0.695986657,-0.287888
0.671519601,-0.21168995
0.678918084,-0.25012338
0.670628766,-0.21890935
0.686805604,-0.22815633
0.70450277,-0.25838205
0.701722155,-0.2750212
0.733625948,-0.2998445
0.754398055,-0.36686558
0.773614026,-0.43904823
0.726071162,-0.31720656
0.74467484,-0.38256603
0.718294941,-0.33120394
0.775892436,-0.36452645
0.776185963,-0.40301853
0.75706,-0.33078533
0.803739625,-0.4385684
0.835134996,-0.5104131
0.802782273,-0.4761588
0.88049543,-0.5804975
0.921673449,-0.60303557
0.93693845,-0.5852686
0.896983815,-0.60018253
0.907710502,-0.596648
0.888594433,-0.60261893
0.802831877,-0.5294353
0.844811716,-0.5585507
0.857710959,-0.589489
0.876141964,-0.5760373
0.883233777,-0.5885469
0.901171011,-0.57541704
0.850728962,-0.59324193
0.855928283,-0.5911381
0.873364267,-0.59580183
0.866610906,-0.58869576
0.86399518,-0.5841671
0.883737445,-0.58328855
0.875196363,-0.6030997
0.893072629,-0.5992999
0.900239867,-0.589707
0.847664672,-0.60254455
0.871182678,-0.60119295
0.818226231,-0.6007863
0.877361725,-0.60092413
0.862935264,-0.5964732
0.885144989,-0.59347534
0.795451805,-0.582216
0.77290326,-0.53655064
0.755643775,-0.46957207
0.803983212,-0.5529741
0.765845193,-0.48498154
0.789639103,-0.5082815
0.847001408,-0.5948032
0.82096464,-0.5890204
0.822760371,-0.5647954
0.699544931,-0.26102218
0.709881666,-0.24497175
0.717222807,-0.2472279
0.71247512,-0.28603536
0.728955784,-0.28569967
0.736279365,-0.32154363
0.761773312,-0.39296186
0.75415692,-0.3497193
0.743573473,-0.3186109
0.741827349,-0.39496785
0.725636646,-0.3114066
0.747128757,-0.40868568
0.718477824,-0.31118065
0.713112103,-0.26843736
0.704230719,-0.23174337
0.700366793,-0.28267413
0.696094932,-0.2494466
0.695352282,-0.26977885
0.690161689,-0.20965031
0.698843197,-0.2153827
0.696819171,-0.2340872
0.738597711,-0.3579082
0.749172401,-0.42675912
0.751616147,-0.49454522
0.750931755,-0.35743546
0.740915407,-0.42818898
0.742161907,-0.35375333
0.734628363,-0.30728424
0.745571824,-0.30329865
0.725245999,-0.2605608
0.9874,0.5746825
0.987323368,0.55632067
0.987203562,0.53780293
0.98488888,0.32408142
0.98468476,0.31191278
0.979393732,0.074971914
0.978354895,0.04665351
0.976510302,0.017023087
0.985642153,0.30078554
0.934781022,-0.4853778
0.947541312,-0.3644011
0.955477382,-0.2044909
0.958630608,-0.33981586
0.968182063,-0.17598367
0.972029061,-0.14660692
0.889361022,-0.52786946
0.808056184,-0.6030514
0.732836314,-0.5663017
0.889556569,-0.55285764
0.811201444,-0.6027688
0.87790687,-0.57467246
0.764739154,-0.5616288
0.81548944,-0.6014267
0.746770262,-0.5677247
0.726206706,-0.43307215
0.726202663,-0.50560987
0.715073158,-0.5055603
0.933671096,-0.32305193
0.897375946,-0.522311
0.855188204,-0.5998112
0.91661184,-0.37633085
0.877952749,-0.54528975
0.907810165,-0.4252069
0.806015603,-0.6007532
0.761800335,-0.586607
0.84226159,-0.59041715
0.912463199,-0.54607797
0.881685647,-0.5828053
0.921833823,-0.45523095
0.987105465,0.5310929
0.987392731,0.31556177
0.987376142,0.104902744
0.986857253,0.31195426
0.986494926,0.090895414
0.983294547,0.08127761
0.987220001,0.513849
0.987393841,0.31367636
0.986307991,0.71055055
0.987396416,0.520211
0.986142429,0.72491384
0.979828022,0.89412117
0.627674846,-0.0942601
0.624931581,-0.051525064
0.632383933,-0.09311044
0.633753432,-0.13893062
0.642057296,-0.13385834
0.645739237,-0.13181736
0.657216397,-0.1722267
0.661304636,-0.16784969
0.681688577,-0.19890037
0.662800781,-0.16471511
0.674699417,-0.19293642
0.681649105,-0.19504234
0.676136516,-0.22556606
0.693310859,-0.2558612
0.714955344,-0.28696626
0.690723554,-0.22490099
0.709012009,-0.2509759
0.701183254,-0.2247499
0.674807051,-0.25425157
0.684720481,-0.29007643
0.693235028,-0.2897814
0.708464593,-0.34698588
0.727513155,-0.41786915
0.759221892,-0.49187434
0.704811118,-0.34616387
0.729121421,-0.41426218
0.717697432,-0.34229022
0.733867766,-0.40128618
0.76479459,-0.45985943
0.759281254,-0.47822654
0.801240818,-0.5460973
0.839763287,-0.5951729
0.798070629,-0.5578041
0.843626458,-0.5964161
0.835922058,-0.60084367
0.828503187,-0.60305893
0.85036463,-0.59846365
0.834899409,-0.6030377
0.860446675,-0.6026902
0.814188613,-0.5938188
0.79527342,-0.5579932
0.820916226,-0.59541166
0.846577937,-0.5985179
0.847367225,-0.60223675
0.866913963,-0.60293496
0.838233072,-0.5989866
0.855059078,-0.6014137
0.840026066,-0.6009673
0.855836056,-0.60177803
0.864285328,-0.60300493
0.856377976,-0.6028775
0.849984753,-0.59313655
0.83172699,-0.56139255
0.864021168,-0.59307945
0.760398138,-0.4386651
0.720779369,-0.3217737
0.695349318,-0.2316823
0.734071401,-0.3718527
0.692575218,-0.25172603
0.737677194,-0.32152003
0.755887271,-0.4277528
0.774302245,-0.5196954
0.800298741,-0.5770476
0.771606232,-0.46838737
0.817753402,-0.5439528
0.806668184,-0.5171691
0.880757773,-0.59903324
0.861628128,-0.57311845
0.846286029,-0.5902581
0.700120129,-0.20069548
0.718632471,-0.22622028
0.72615616,-0.2639447
0.687464054,-0.17461416
0.694824597,-0.19440457
0.691381488,-0.1590773
0.682623105,-0.18273127
0.683777467,-0.1647022
0.685721257,-0.19311315
0.695917512,-0.16799793
0.716028204,-0.22478434
0.682331206,-0.1865812
0.702014127,-0.29529852
0.719071697,-0.32217735
0.732211851,-0.34192717
0.718113352,-0.38975966
0.725020768,-0.4161631
0.719669494,-0.48628807
0.692612733,-0.23416603
0.687566238,-0.18536004
0.709099171,-0.25106534
0.744314809,-0.27117348
0.75938563,-0.2826677
0.758371572,-0.29812044
0.725778716,-0.20006925
0.725958326,-0.20831043
0.706140227,-0.16298968
0.974533711,-0.15738535
0.981260485,-0.14373326
0.983352989,-0.12573695
0.958843644,-0.35059452
0.965177047,-0.3330121
0.930494218,-0.49153876
0.938408828,-0.49028468
0.962807535,-0.34692836
0.932654072,-0.49243355
0.896859798,-0.5842258
0.835445884,-0.60027635
0.778382011,-0.5555402
0.867871401,-0.6014687
0.819058928,-0.58450055
0.845691342,-0.6012455
0.886951469,-0.5857643
0.881163224,-0.58589256
0.824999622,-0.5997188
0.797986738,-0.5663843
0.747956142,-0.46274036
0.718965936,-0.3522511
0.756981047,-0.537817
0.722813651,-0.4369442
0.725090082,-0.513375
0.697085739,-0.31296998
0.713386126,-0.41276956
0.701001885,-0.33012116
0.752443158,-0.4795376
0.736998043,-0.4082119
0.780215006,-0.52628726
0.952486402,-0.39546084
0.947057366,-0.43295836
0.937973759,-0.46493888
0.969700569,-0.25546837
0.966496716,-0.29649043
0.980672461,-0.08607721
0.985486696,0.5379126
0.984474851,0.38262558
0.987387678,0.34431338
0.986232767,0.18651772
0.98712716,0.14235783
0.974084138,-0.20489717
0.981594767,-0.03977084
0.985264797,0.013174772
0.974804381,0.6928649
0.626023746,-0.13582878
0.64315109,-0.16926423
0.666813976,-0.19609937
0.637146242,-0.1765661
0.655095814,-0.20184356
0.620094937,-0.124039665
0.700445496,-0.22615942
0.713560322,-0.24828303
0.723089152,-0.27780393
0.688582478,-0.2307109
0.704448758,-0.26013306
0.677316683,-0.24655837
0.716463301,-0.24411315
0.727663705,-0.2712235
0.727171526,-0.264672
0.746048954,-0.33982116
0.795537018,-0.41424108
0.840947058,-0.5059032
0.754328933,-0.32124794
0.809026712,-0.40709257
0.751672202,-0.32295388
0.747132351,-0.41134536
0.765057756,-0.48933005
0.794545609,-0.48795903
0.796011472,-0.55441487
0.818480144,-0.59230256
0.810685998,-0.55720353
0.884702435,-0.6000364
0.87079669,-0.60299134
0.843312552,-0.5813086
0.875716658,-0.60231805
0.835523393,-0.59908915
0.8469769,-0.60305095
0.869860022,-0.601498
0.882788637,-0.60287356
0.883451625,-0.6014265
0.872904911,-0.6029681
0.833549376,-0.60158324
0.864249649,-0.60156035
0.806192501,-0.56329405
0.79264757,-0.49100363
0.777451636,-0.38736176
0.833545416,-0.5467589
0.811620923,-0.4616127
0.812568327,-0.52653086
0.76403516,-0.3576855
0.786980011,-0.44942427
0.786137861,-0.37121743
0.894208586,-0.6022124
0.856877992,-0.60248804
0.814892754,-0.59471846
0.878835455,-0.6005603
0.846899498,-0.58844197
0.852218155,-0.57898927
0.877482131,-0.5993943
0.879245941,-0.5981424
0.840653296,-0.60284543
0.677851964,-0.22827348
0.675733783,-0.18154931
0.679070391,-0.16348663
0.68416873,-0.18820024
0.695778379,-0.16599908
0.6997945,-0.1639052
0.678282312,-0.23925397
0.696634048,-0.2519431
0.680366951,-0.18706575
0.726828973,-0.21161535
0.717691793,-0.17038992
0.701541825,-0.17547083
0.737221701,-0.30974585
0.722720929,-0.2395069
0.700412198,-0.19054192
0.74834442,-0.35167181
0.730045495,-0.2742408
0.779692068,-0.3962062
0.752024549,-0.40111697
0.769592843,-0.44348907
0.770192898,-0.48824322
0.919791721,-0.5448321
0.870772007,-0.602481
0.818135028,-0.57282543
0.903590638,-0.5656494
0.846241743,-0.60262024
0.888106834,-0.5806377
0.827016097,-0.6010084
0.789686793,-0.56290793
0.770451024,-0.556782
0.735589148,-0.4421646
0.736162762,-0.44360524
0.753339118,-0.45365816
0.725217381,-0.3292421
0.719290177,-0.33204764
0.726582387,-0.2461499
0.725614722,-0.30429167
0.732443362,-0.36333716
0.724871335,-0.26789352
0.711141575,-0.21583658
0.733390806,-0.19438842
0.705161541,-0.16982949
0.949508834,-0.45663118
0.975414328,-0.28515482
0.986787213,-0.07743406
0.945073617,-0.50216866
0.97675868,-0.3497715
0.940389234,-0.5353098
0.912434105,-0.57442164
0.902192887,-0.5917876
0.862773709,-0.6013377
0.967605192,-0.40008092
0.982859692,-0.15710473
0.985326704,0.13559055
0.980845969,-0.21429276
0.985129885,0.057742834
0.983842938,0.39533615
0.65339931,-0.27623236
0.676614797,-0.28826296
0.701168151,-0.29786158
0.645019718,-0.31294626
0.670711441,-0.3200407
0.639554351,-0.28764668
0.733244689,-0.3397178
0.746936318,-0.40869212
0.749400797,-0.4611839
0.70607206,-0.34590328
0.715522871,-0.3850034
0.679794098,-0.33824575
0.783406766,-0.4052558
0.858584066,-0.49091315
0.814147943,-0.48480958
0.809307135,-0.54670537
0.878314737,-0.5675713
0.897093046,-0.5779691
0.853026225,-0.5950372
0.893029804,-0.6019707
0.887032653,-0.6022748
0.902632354,-0.59832644
0.897630234,-0.599185
0.915320488,-0.60282516
0.909443749,-0.5953728
0.90152649,-0.59570897
0.903826983,-0.5945451
0.889537787,-0.6027187
0.869072724,-0.6030971
0.848974075,-0.60275114
0.910789009,-0.5973021
0.902466484,-0.59999454
0.915116545,-0.5975696
0.857502835,-0.5991336
0.81485128,-0.5745609
0.834995148,-0.5966294
0.798213471,-0.5502937
0.827364138,-0.51878464
0.829516039,-0.5851295
0.880037804,-0.5402055
0.865893168,-0.5752615
0.834899666,-0.59532404
0.861791878,-0.5012377
0.846503057,-0.5522759
0.823827239,-0.45174193
0.753180626,-0.19959515
0.76651747,-0.20981133
0.769906566,-0.27785128
0.749660447,-0.17456976
0.764025584,-0.2117463
0.718311352,-0.17343813
0.780074781,-0.3444094
0.739923946,-0.23434582
0.783830077,-0.30286926
0.846709613,-0.46368736
0.823123311,-0.40533876
0.799256298,-0.36602283
0.787003461,-0.50419354
0.826034642,-0.5649835
0.871132002,-0.600353
0.772656792,-0.43085152
0.807295592,-0.50451934
0.775097991,-0.37563592
0.745990884,-0.37314153
0.759470713,-0.31656277
0.734612999,-0.27240634
0.764084613,-0.23104933
0.770673712,-0.27626023
0.766439897,-0.2495392
0.927153105,-0.5794387
0.958237868,-0.47760296
0.981030997,-0.31104136
0.908644365,-0.59914505
0.949151171,-0.5299293
0.894171672,-0.60299015
0.86324006,-0.58273554
0.842241489,-0.5592201
0.808100282,-0.46973467
0.948353796,-0.54397964
0.976290413,-0.34697175
0.9874,-0.05625701
0.972288025,-0.36333847
0.984651931,-0.08918238
0.985509937,0.24087334
0.670075614,-0.280083
0.660782627,-0.30531597
0.706251745,-0.32986283
0.688127261,-0.33710015
0.718150012,-0.40236455
0.657761041,-0.26562274
0.787411618,-0.537853
0.812293904,-0.5376383
0.8561807,-0.5383364
0.78699918,-0.46785772
0.817955369,-0.46462327
0.77994909,-0.3723945
0.729241152,-0.31928843
0.730028684,-0.40434378
0.751986544,-0.48205316
0.746298049,-0.40029138
0.766744559,-0.48729694
0.786442559,-0.48331732
0.832079656,-0.56157494
0.88919046,-0.59857285
0.858684419,-0.56477976
0.839343023,-0.54881585
0.8949204,-0.59497416
0.920548142,-0.60286045
0.878013545,-0.5854881
0.919835156,-0.6028322
0.898462096,-0.5994797
0.857590775,-0.6025202
0.883723505,-0.6030166
0.906078527,-0.60104406
0.838552639,-0.6003033
0.869134476,-0.60228705
0.881305559,-0.6021005
0.888261662,-0.6016636
0.867037377,-0.6030992
0.847647358,-0.6023346
0.889098134,-0.5786774
0.874080294,-0.5953462
0.882109569,-0.59539366
0.843633922,-0.5766367
0.792631914,-0.57483387
0.816253545,-0.5933223
0.773886452,-0.35639685
0.792706525,-0.43605727
0.824439943,-0.522818
0.767823067,-0.38690668
0.783039898,-0.4470846
0.780944136,-0.45410496
0.762268226,-0.31309932
0.766149586,-0.39376974
0.759554413,-0.3327874
0.801040911,-0.5043561
0.775535363,-0.42398614
0.7964047,-0.47233403
0.979455547,-0.36204028
0.949959447,-0.54149497
0.885139575,-0.60253274
0.941457509,-0.5473796
0.882650282,-0.6030513
0.894638456,-0.6026256
0.824508226,-0.53855324
0.818235471,-0.562358
0.789729853,-0.49824578
0.951205845,-0.522465
0.987199442,-0.3305447
0.9874,-0.06681895
0.968902117,-0.31217742
0.9874,-0.03758669
0.9874,0.24441648
0.765220774,-0.3897416
0.758892573,-0.30255514
0.757242704,-0.30963406
0.752498739,-0.2376231
0.72133952,-0.24533233
0.712409877,-0.18758222
0.794105177,-0.56589663
0.816501729,-0.5431266
0.806816062,-0.5193169
0.810415915,-0.5790994
0.81784774,-0.5637311
0.819942577,-0.58172643
0.776593335,-0.5869721
0.791796578,-0.5901904
0.777194241,-0.59629524
0.746386818,-0.2952202
0.7457972,-0.37627286
0.78855083,-0.46859187
0.753286141,-0.36180288
0.783146148,-0.44929338
0.793894025,-0.42772025
0.864055229,-0.574721
0.830009444,-0.5135063
0.835158696,-0.53411233
0.811960695,-0.4850276
0.838236538,-0.55578256
0.872363658,-0.5927707
0.811843138,-0.53062665
0.828033197,-0.5804744
0.800163646,-0.56156385
0.787109673,-0.59910285
0.781215676,-0.5894984
0.838311677,-0.5980834
0.768479573,-0.5938376
0.806722835,-0.58568037
0.789321309,-0.579641
0.804185066,-0.5865505
0.800500027,-0.5664971
0.812718316,-0.55436194
0.788179443,-0.54982376
0.800420881,-0.5570288
0.791973719,-0.52796894
0.807661282,-0.5714804
0.805478918,-0.55858254
0.805285154,-0.56096697
0.820596628,-0.59704685
0.834259607,-0.59242797
0.871844858,-0.59644353
0.868897878,-0.5076115
0.905078389,-0.50085473
0.928202059,-0.30934024
0.793928499,-0.59009695
0.802320048,-0.5632447
0.80238207,-0.59277236
0.958397291,-0.10510111
0.969929865,-0.1845274
0.913913955,-0.36688685
0.935294149,-0.43929338
0.855585165,-0.54644954
0.985874542,0.065226555
0.789133374,-0.3462857
0.765442249,-0.27485055
0.764957689,-0.28645647
0.755277143,-0.22144255
0.748511836,-0.22904289
0.724449439,-0.16905147
0.749106032,-0.49791294
0.773069129,-0.5201273
0.792359793,-0.54180276
0.761582647,-0.54648983
0.797508103,-0.5643796
0.79570401,-0.5737258
0.772275204,-0.5586003
0.779985159,-0.5436288
0.74782597,-0.5259994
0.7385165,-0.25828952
0.775057138,-0.32883227
0.79934713,-0.40506244
0.750397731,-0.3084973
0.797869583,-0.38245863
0.757334798,-0.35858446
0.802658817,-0.5045785
0.804700066,-0.43256176
0.810837616,-0.4586532
0.750067218,-0.45696777
0.752473751,-0.40928268
0.781144828,-0.48080564
0.722594298,-0.4370376
0.734483101,-0.46061444
0.740657826,-0.48024255
0.753340191,-0.49634528
0.754755408,-0.5114795
0.788561046,-0.5347574
0.716234056,-0.4704969
0.757866611,-0.51616144
0.791195444,-0.5416347
0.752445576,-0.5421709
0.776783118,-0.55816984
0.787472502,-0.5933126
0.725491583,-0.4409502
0.757459489,-0.50296634
0.724596507,-0.4494477
0.860407705,-0.5792309
0.826156296,-0.5983653
0.805468532,-0.60278785
0.939749884,-0.59459984
0.891916064,-0.5755528
0.977910449,-0.48326278
0.702881475,-0.4837637
0.757553937,-0.5698788
0.76397555,-0.5244938
0.924134238,-0.60308194
0.974044079,-0.53660464
0.9874,-0.34272313
0.94472744,-0.57151365
0.982613915,-0.41007853
0.986942348,-0.19808245
0.70607471,-0.2833183
0.686436484,-0.20513156
0.712740468,-0.23596048
0.70161762,-0.1618993
0.71059466,-0.18946642
0.709673619,-0.11894217
0.668730147,-0.16707084
0.686970955,-0.2526245
0.707816967,-0.3339479
0.67899583,-0.21088597
0.709915335,-0.30114335
0.682129448,-0.2562536
0.732083737,-0.4312315
0.718953028,-0.3500622
0.720576071,-0.383457
0.698222186,-0.37852
0.689122359,-0.31714374
0.720206682,-0.40778255
0.658596884,-0.26746517
0.648897399,-0.26338696
0.65724111,-0.26056042
0.676649165,-0.33078408
0.673394802,-0.3239318
0.699868947,-0.38839626
0.700951566,-0.39009547
0.693991783,-0.39899004
0.677355883,-0.3303445
0.791920045,-0.46958488
0.731148445,-0.3340606
0.678658943,-0.22203827
0.700031216,-0.40816742
0.668025421,-0.29989225
0.671366154,-0.3894531
0.654515235,-0.23573178
0.664219304,-0.30642962
0.655833892,-0.21596968
0.835480702,-0.54385364
0.86539401,-0.55036056
0.874719302,-0.56308043
0.890905853,-0.6012846
0.910175191,-0.60216093
0.927906363,-0.57526064
0.784981679,-0.41367137
0.728777893,-0.2927316
0.804715126,-0.43611056
0.859300987,-0.59614813
0.913645054,-0.58747005
0.943789739,-0.4932282
0.889997479,-0.5949533
0.938360464,-0.51620555
0.959400701,-0.3879907
0.653274546,-0.07988255
0.635554873,-0.11629844
0.631778462,-0.1548062
0.595629906,-0.031057745
0.602970893,-0.061437815
0.607755918,-0.0047671963
0.603052964,-0.048520952
0.589143449,-0.023960132
0.58342385,-0.0036385274
0.60500435,-0.10824075
0.599558702,-0.0840494
0.621415278,-0.18332145
0.635297525,-0.18347192
0.615183624,-0.109107286
0.620770873,-0.18250325
0.636123788,-0.15459491
0.647087616,-0.14156696
0.622411006,-0.08786318
0.638905684,-0.093045145
0.624708372,-0.05847563
0.613019666,-0.04638628
0.651148379,-0.124875695
0.635907779,-0.094653875
0.663511891,-0.16766363
0.699006437,-0.31003335
0.694183725,-0.25163916
0.687510177,-0.22208554
0.736252545,-0.39170986
0.734578008,-0.3291188
0.785156537,-0.47367847
0.655034398,-0.14430752
0.667546145,-0.17763633
0.673867418,-0.21603018
0.814612963,-0.5757625
0.801212345,-0.56304574
0.813038987,-0.5517442
0.859370468,-0.60258293
0.847228344,-0.59988165
0.896272908,-0.5883149
0.723983255,-0.407961
0.762174782,-0.4863155
0.760226797,-0.5044696
0.872238253,-0.6021075
0.908215302,-0.5908761
0.938503062,-0.54049873
0.927021472,-0.5925114
0.94882529,-0.5456604
0.973098056,-0.4741726
0.590988424,0.05847858
0.580894823,0.04244625
0.597063111,0.036245722
0.580200127,0.02412425
0.596269786,0.0011074282
0.591390497,0.07785515
0.614576212,-0.017903512
0.61161561,0.015503276
0.607749241,0.040095396
0.615540889,-0.0071665924
0.607085969,0.017533215
0.607053057,-0.017751165
0.623754888,-0.06246101
0.618323121,-0.0377777
0.616268299,-0.03037285
0.636238571,-0.18143213
0.622537599,-0.10851115
0.616957788,-0.05579622
0.63559,-0.13964605
0.625471603,-0.07997322
0.63619493,-0.11024891
0.656280768,-0.17408124
0.678254197,-0.25991532
0.654497134,-0.21704826
0.735780213,-0.43548435
0.708915171,-0.38915068
0.697088114,-0.34640336
0.760963215,-0.4906733
0.734724434,-0.44878316
0.786863415,-0.5389099
0.696077486,-0.34284657
0.656893404,-0.25561494
0.674582057,-0.29784834
0.882258064,-0.594592
0.861407974,-0.58882964
0.83734704,-0.5823808
0.923238022,-0.60280764
0.900205394,-0.6030296
0.953039714,-0.58727396
0.784805014,-0.50541234
0.810376354,-0.5497471
0.832938034,-0.560933
0.944857349,-0.58838034
0.926222526,-0.60285044
0.968207876,-0.55293703
0.950505919,-0.5879955
0.96959029,-0.5513909
0.98021352,-0.50352263
0.606638098,-0.01457997
0.594369736,-0.0167191
0.60381473,0.020321077
0.589469703,0.01983394
0.602991441,0.046246625
0.580092748,0.041626103
0.645725787,-0.17212489
0.623852588,-0.10939282
0.594631189,-0.06103114
0.61264791,-0.101031855
0.601111081,-0.053324983
0.61109291,-0.050516583
0.637660214,-0.17463824
0.632512034,-0.17169476
0.616772224,-0.10299285
0.745339262,-0.43241304
0.792567453,-0.50329876
0.841127878,-0.55969596
0.754843352,-0.43177205
0.800015471,-0.50304353
0.763807483,-0.4334044
0.67906497,-0.24751958
0.665642072,-0.24881738
0.660999311,-0.25374174
0.718916443,-0.337021
0.707400767,-0.34060246
0.699237671,-0.34032512
0.947492993,-0.5774913
0.93125539,-0.5935035
0.928351369,-0.5998826
0.91015872,-0.6030406
0.90603298,-0.6005459
0.861874695,-0.57563925
0.876047438,-0.58841014
0.820346677,-0.52766836
0.954168535,-0.55204105
0.625790768,-0.12292518
0.593696324,-0.0668005
0.659058105,-0.18498826
0.624248796,-0.11529477
0.656104431,-0.17759767
0.607568867,-0.09738201
0.691447372,-0.25579697
0.690604694,-0.24698839
0.684579991,-0.23997018
0.724271448,-0.32621908
0.72078543,-0.31831557
0.722975487,-0.32619447
0.762553777,-0.42041457
0.763835185,-0.41004425
0.836280643,-0.54311585
0.801288756,-0.4926299
0.88068121,-0.5947772
0.856361276,-0.56899464
0.895591788,-0.6022967
0.831962255,-0.53502357
0.79893296,-0.47295815
0.799163848,-0.48179787
0.913959646,-0.6014439
0.717996133,-0.31805706
0.844263478,-0.54427445
