concentration,j_0(c)
0.085926031,1.710833e-09
0.071048654,1.71671e-09
0.060858766,1.7225535e-09
0.055140338,1.7283506e-09
0.05943605,1.6985587e-09
0.052146544,1.704892e-09
0.047038858,1.7112003e-09
0.044866557,1.6874646e-09
0.040929906,1.6942867e-09
0.039813696,1.6776076e-09
0.142714353,1.7563272e-09
0.118839463,1.7577381e-09
0.100255479,1.7595393e-09
0.083069098,1.7613984e-09
0.142714353,1.7401142e-09
0.106392402,1.7421479e-09
0.083629974,1.7443391e-09
0.117339152,1.7249924e-09
0.084005939,1.7274817e-09
0.051186838,1.9207071e-09
0.049878135,1.9344206e-09
0.045736979,1.9448856e-09
0.038518016,1.9514486e-09
0.049367395,1.8924227e-09
0.044572773,1.9058937e-09
0.039075126,1.915861e-09
0.046147235,1.8645776e-09
0.040973559,1.8777848e-09
0.044213316,1.8371799e-09
0.045089931,1.9899795e-09
0.033941618,2.0083357e-09
0.021777741,2.021409e-09
0.020556879,2.0288256e-09
0.046044341,1.9777082e-09
0.03459588,1.994047e-09
0.024614825,2.0049786e-09
0.042799027,1.9648676e-09
0.033254164,1.9791464e-09
0.062107197,2.0704183e-09
0.062107197,2.0587676e-09
0.043272648,2.0448498e-09
0.045175706,2.083041e-09
0.037065682,2.0685476e-09
0.023338567,2.0518884e-09
0.02694625,2.0921367e-09
0.022251595,2.0748174e-09
0.015840899,2.0976003e-09
0.022247985,2.1294952e-09
0.02359895,2.1237503e-09
0.028266077,2.1153779e-09
0.034148001,2.1044875e-09
0.030246081,2.110076e-09
0.044227797,2.102558e-09
0.034148001,2.0922597e-09
0.053418958,2.0903765e-09
0.069103647,2.0810353e-09
0.047701209,1.6580078e-09
0.049828082,1.6603992e-09
0.039921901,1.6673626e-09
0.034526634,1.6770537e-09
0.035383612,1.6812504e-09
0.034815799,1.6897581e-09
0.023215958,1.6966387e-09
0.026503166,1.7026237e-09
0.023879945,1.7167662e-09
0.012801384,1.726562e-09
0.013275033,1.7178808e-09
0.014555353,1.7116563e-09
0.016681132,1.7075282e-09
0.016082812,1.7014871e-09
0.016213278,1.6895372e-09
0.014041773,1.6801986e-09
0.028328952,1.6787208e-09
0.035658002,1.6636366e-09
0.035163167,1.791043e-09
0.019543766,1.7466434e-09
0.040306216,1.8339763e-09
0.02563207,1.7872919e-09
0.016193622,1.745113e-09
0.034608244,1.8293468e-09
0.018058422,1.7842504e-09
0.023823567,1.824935e-09
0.136911263,1.8274866e-09
0.104447522,1.8216447e-09
0.072432583,1.8175941e-09
0.053831215,1.8146101e-09
0.140638208,1.8025458e-09
0.110485474,1.7979355e-09
0.080381705,1.7948116e-09
0.142550786,1.778794e-09
0.115376362,1.7753652e-09
0.029355866,2.180457e-09
0.021698106,2.1741242e-09
0.014900884,2.1636746e-09
0.012778473,2.149387e-09
0.020453386,2.1561408e-09
0.017272177,2.147715e-09
0.013432775,2.1353332e-09
0.017855338,2.1308013e-09
0.015313452,2.1203659e-09
0.0126,2.20961e-09
0.0126,2.238573e-09
0.014247568,2.2668334e-09
0.016935096,2.2943187e-09
0.0126,2.2116855e-09
0.012846141,2.2408742e-09
0.014237945,2.2693998e-09
0.012606225,2.2125102e-09
0.012931759,2.2418911e-09
0.0126,2.2120417e-09
0.021976041,1.8983262e-09
0.047189885,1.8738084e-09
0.092767195,1.8501459e-09
0.04610269,1.9064763e-09
0.087130612,1.8834887e-09
0.132350382,1.8615178e-09
0.073881001,1.917781e-09
0.130007824,1.8966402e-09
0.101169923,1.9327715e-09
0.016072831,2.2432043e-09
0.0126,2.2293825e-09
0.0126,2.2103512e-09
0.0126,2.186582e-09
0.015728386,2.2132471e-09
0.0126,2.196466e-09
0.0126,2.174682e-09
0.013502213,2.1819406e-09
0.0126,2.162317e-09
0.0126,2.2174635e-09
0.0126,2.247242e-09
0.012665894,2.2758075e-09
0.0126,2.1960558e-09
0.0126,2.2273436e-09
0.0126,2.2576108e-09
0.0126,2.2037718e-09
0.0126,2.2354185e-09
0.0126,2.2230182e-09
0.0126,2.2177646e-09
0.0126,2.2141318e-09
0.012606929,2.252593e-09
0.012651052,2.2476583e-09
0.012685028,2.2442115e-09
0.013071596,2.2804463e-09
0.013550226,2.2756872e-09
0.015455459,2.3063929e-09
0.050704676,1.9995094e-09
0.04215243,1.9759134e-09
0.045756462,1.9536075e-09
0.048889341,2.0194157e-09
0.036965459,1.9986752e-09
0.03032044,1.979325e-09
0.046466214,2.044383e-09
0.037402115,2.0264646e-09
0.055947031,2.0738613e-09
0.0126,2.2385527e-09
0.0126,2.2349245e-09
0.0126,2.2297215e-09
0.0126,2.2725015e-09
0.0126,2.267546e-09
0.0126,2.2610311e-09
0.0126,2.3045574e-09
0.0126,2.298227e-09
0.0126,2.3344906e-09
0.031644324,2.1199738e-09
0.049971369,2.1026916e-09
0.082150269,2.0872573e-09
0.073391796,2.1509587e-09
0.10675914,2.1376267e-09
0.113526429,2.1259745e-09
0.094534806,2.1882163e-09
0.117731635,2.1782196e-09
0.117734082,2.2305533e-09
0.0126,2.3596505e-09
0.0126,2.3225613e-09
0.0126,2.2828421e-09
0.0126,2.2408242e-09
0.0126,2.3203552e-09
0.0126,2.2823392e-09
0.0126,2.241892e-09
0.0126,2.2799325e-09
0.0126,2.2411093e-09
0.0126,2.3737905e-09
0.0126,2.3285922e-09
0.0126,2.2804774e-09
0.0126,2.2298865e-09
0.0126,2.3310507e-09
0.0126,2.2844302e-09
0.0126,2.2351239e-09
0.0126,2.286639e-09
0.0126,2.2387392e-09
0.0126,2.341905e-09
0.0126,2.2975182e-09
0.0126,2.2513569e-09
0.0126,2.2036952e-09
0.0126,2.3059794e-09
0.0126,2.2612052e-09
0.0126,2.214814e-09
0.0126,2.2685744e-09
0.0126,2.2235285e-09
0.037395791,2.2492799e-09
0.065442419,2.2419946e-09
0.106759919,2.2356572e-09
0.048750585,2.2897462e-09
0.080258706,2.2858113e-09
0.091843116,2.2825486e-09
0.044154095,2.334442e-09
0.070297324,2.3332283e-09
0.035959362,2.380629e-09
0.0126,2.2852644e-09
0.0126,2.2472126e-09
0.0126,2.2083255e-09
0.0126,2.1687219e-09
0.0126,2.259085e-09
0.0126,2.2208235e-09
0.0126,2.1817994e-09
0.0126,2.2318578e-09
0.0126,2.1934556e-09
0.021111488,2.2354683e-09
0.020468631,2.206151e-09
0.019345895,2.1764397e-09
0.023368358,2.146374e-09
0.013220305,2.2138629e-09
0.0126,2.1829372e-09
0.0126,2.1516129e-09
0.0126,2.191597e-09
0.0126,2.159042e-09
0.065495419,2.367741e-09
0.062214144,2.3728397e-09
0.053789897,2.3769269e-09
0.050889412,2.40659e-09
0.07632054,2.4146012e-09
0.082898669,2.4213829e-09
0.033706555,2.4392797e-09
0.068498922,2.450436e-09
0.016421397,2.4612743e-09
0.027005407,2.1797029e-09
0.040662479,2.2120248e-09
0.053603352,2.2432356e-09
0.023368358,2.1412885e-09
0.036930077,2.1738122e-09
0.051372224,2.2052973e-09
0.034810228,2.1350468e-09
0.042333725,2.166738e-09
0.034810228,2.1276587e-09
0.057896271,2.3994455e-09
0.038761699,2.4238038e-09
0.028892368,2.444025e-09
0.045069815,2.3924966e-09
0.065941635,2.4220388e-09
0.08166324,2.4473554e-09
0.051434493,2.3706102e-09
0.08166324,2.4063278e-09
0.064494327,2.3481257e-09
0.025079812,2.0972637e-09
0.025079812,2.1079485e-09
0.03771127,2.1180648e-09
0.03284051,2.1448308e-09
0.043108047,2.1559756e-09
0.0501909,2.1664743e-09
0.044704456,2.1917737e-09
0.058156008,2.203307e-09
0.057000304,2.2379443e-09
0.016223223,2.2011428e-09
0.014054324,2.255442e-09
0.03150051,2.3042117e-09
0.0126,2.2053048e-09
0.01466334,2.257038e-09
0.041602685,2.3057474e-09
0.0126,2.288504e-09
0.0126,2.3323383e-09
0.0126,2.4668823e-09
0.014215888,2.2076552e-09
0.015303311,2.1519522e-09
0.015809659,2.0954627e-09
0.014490738,2.0384106e-09
0.01551064,2.1745605e-09
0.01408465,2.1182598e-09
0.013186344,2.0612836e-09
0.021710783,2.1376956e-09
0.015845973,2.0810245e-09
0.213634442,3.6142795e-09
0.219142794,3.6835899e-09
0.21534068,3.752476e-09
0.224320726,3.8208827e-09
0.262211924,3.7943546e-09
0.266310272,3.8658268e-09
0.278961678,3.9370227e-09
0.327014868,3.993797e-09
0.339853927,4.0658406e-09
0.400031318,4.2140162e-09
0.0126,2.3766218e-09
0.0126,2.4058768e-09
0.0126,2.435866e-09
0.021416687,2.6520688e-09
0.012722982,2.6770026e-09
0.0126,2.7015712e-09
0.056012189,2.961985e-09
0.044243069,2.9913982e-09
0.088345587,3.2778573e-09
0.102673848,3.1225555e-09
0.100354297,3.177037e-09
0.109154728,3.2286793e-09
0.127804004,3.3622163e-09
0.122105936,3.4272485e-09
0.125151836,3.4898378e-09
0.151862528,3.591061e-09
0.127482759,3.6660437e-09
0.365424919,4.0467607e-09
0.377894549,4.102565e-09
0.39048456,4.158308e-09
0.420779153,4.2274717e-09
0.435298244,4.282248e-09
0.454369369,4.3370747e-09
0.477800567,4.413601e-09
0.505328979,4.4671116e-09
0.551530953,4.5994875e-09
0.551530953,4.7033244e-09
0.598099775,4.796295e-09
0.601745257,4.878822e-09
0.517637539,4.5396096e-09
0.550144902,4.6406474e-09
0.574813137,4.7313207e-09
0.501442615,4.4795887e-09
0.530457056,4.577765e-09
0.486817094,4.4193165e-09
0.027518722,2.1322508e-09
0.023109361,2.0627846e-09
0.015643948,1.9927624e-09
0.0126,1.9224622e-09
0.024897901,2.10569e-09
0.018795564,2.0335715e-09
0.0126,1.9609916e-09
0.019359642,2.0744912e-09
0.015236067,1.999999e-09
0.601745257,4.958021e-09
0.60878476,5.0369113e-09
0.618926494,5.1156928e-09
0.573297754,4.7781437e-09
0.579458284,4.860999e-09
0.586171462,4.9433604e-09
0.548673716,4.67552e-09
0.554921904,4.762074e-09
0.525680525,4.5705524e-09
0.026973281,2.029912e-09
0.016537716,1.9547632e-09
0.014456308,1.8789794e-09
0.0126,1.8027134e-09
0.018953501,1.9986701e-09
0.012688214,1.9194828e-09
0.0126,1.8400925e-09
0.013038734,1.9629327e-09
0.0126,1.8801252e-09
0.631637943,5.2242863e-09
0.640992813,5.3261804e-09
0.646106624,5.4214753e-09
0.58393571,5.00644e-09
0.592442769,5.116576e-09
0.596508499,5.2192273e-09
0.547641077,4.894925e-09
0.551484009,5.0067266e-09
0.514962081,4.7800746e-09
0.0126,1.6854406e-09
0.014570887,1.7140253e-09
0.023228621,1.7361563e-09
0.032634273,1.7507931e-09
0.0126,1.6491096e-09
0.015877164,1.6738159e-09
0.023986551,1.6915381e-09
0.0126,1.6095577e-09
0.013521165,1.6300081e-09
0.0126,1.5664063e-09
0.022098283,1.8998887e-09
0.014565145,1.8303331e-09
0.0126,1.7588004e-09
0.02467006,1.873428e-09
0.013111734,1.801131e-09
0.0126,1.7274966e-09
0.016125792,1.8404092e-09
0.0126,1.7658465e-09
0.5981987,5.760144e-09
0.573953022,5.5406626e-09
0.539641652,5.310531e-09
0.506189024,5.067421e-09
0.608155659,5.653815e-09
0.579862063,5.4271467e-09
0.544555919,5.1892544e-09
0.626435516,5.5407385e-09
0.586956011,5.3066618e-09
0.012605595,1.5792178e-09
0.012867401,1.5884593e-09
0.013439441,1.5952225e-09
0.0126,1.5287726e-09
0.0126,1.5398895e-09
0.0126,1.5486319e-09
0.0126,1.4894912e-09
0.0126,1.4999237e-09
0.0126,1.4493672e-09
0.53033731,5.3596483e-09
0.56036779,5.4998495e-09
0.593418463,5.6329306e-09
0.600068955,5.611427e-09
0.646635609,5.746224e-09
0.658165197,5.8727756e-09
0.674765453,5.8482046e-09
0.699341693,5.973155e-09
0.701354967,6.058762e-09
0.589790909,5.7092415e-09
0.637252864,5.836704e-09
0.689042155,5.9534813e-09
0.642586001,5.902309e-09
0.6929744,6.0186407e-09
0.702256706,6.120363e-09
0.705427038,6.0707555e-09
0.71384332,6.1687766e-09
0.735291036,6.20448e-09
0.759078676,6.2234373e-09
0.758951088,6.2365584e-09
0.765809379,6.244345e-09
0.729631082,6.117895e-09
0.74781052,6.1393046e-09
0.747965019,6.15373e-09
0.695606176,6.014436e-09
0.717124646,6.0366854e-09
0.656676354,5.8955147e-09
0.0126,1.3561469e-09
0.0126,1.3819684e-09
0.0126,1.4136768e-09
0.0126,1.4029964e-09
0.0126,1.4295515e-09
0.0126,1.4621426e-09
0.0126,1.448445e-09
0.0126,1.4757047e-09
0.0126,1.4922639e-09
0.785566078,6.2456746e-09
0.76369965,6.1762333e-09
0.734368135,6.0912786e-09
0.698795287,5.991051e-09
0.779968781,6.2471774e-09
0.759166356,6.1771925e-09
0.730440871,6.0908354e-09
0.765809379,6.2467542e-09
0.754174157,6.175414e-09
0.013279502,1.458952e-09
0.012877477,1.4142918e-09
0.012770421,1.36731e-09
0.01271372,1.3182285e-09
0.0126,1.4152417e-09
0.0126,1.369359e-09
0.0126,1.3217645e-09
0.0126,1.3816793e-09
0.0126,1.3347448e-09
0.78787136,6.2483303e-09
0.793626405,6.2510424e-09
0.800760492,6.254226e-09
0.77013526,6.185515e-09
0.775046214,6.1877192e-09
0.781107376,6.1897523e-09
0.753989465,6.112209e-09
0.759753859,6.11341e-09
0.737980219,6.025774e-09
0.012658296,1.3619925e-09
0.01280114,1.3362154e-09
0.012813244,1.3216891e-09
0.01319202,1.4181951e-09
0.013305428,1.391211e-09
0.013080275,1.3757125e-09
0.013788709,1.4710628e-09
0.013782016,1.4432656e-09
0.017741346,1.5201977e-09
0.730297738,6.023825e-09
0.76736345,6.115166e-09
0.786506964,6.1920353e-09
0.754005858,6.099527e-09
0.789662913,6.1856738e-09
0.806854601,6.254404e-09
0.777013484,6.1714576e-09
0.806854601,6.249322e-09
0.799373614,6.23863e-09
0.012927764,1.6026939e-09
0.012702081,1.5749508e-09
0.012610571,1.5440649e-09
0.0126,1.5100103e-09
0.01295793,1.5179692e-09
0.012712335,1.4847119e-09
0.0126,1.4484374e-09
0.012895394,1.4372915e-09
0.012613164,1.3992214e-09
0.774762334,6.210584e-09
0.748750764,6.1712737e-09
0.726707193,6.1167467e-09
0.730725988,6.0889107e-09
0.689857372,6.030023e-09
0.66606508,5.951222e-09
0.663048932,5.8932828e-09
0.622500656,5.7988103e-09
0.597496191,5.666679e-09
0.0126,1.8560012e-09
0.0126,1.8418806e-09
0.0126,1.8225188e-09
0.0126,1.7974412e-09
0.0126,1.7407822e-09
0.0126,1.7185401e-09
0.0126,1.6908623e-09
0.0126,1.6244983e-09
0.0126,1.595279e-09
0.43112977,5.0281233e-09
0.570341738,5.4194302e-09
0.652829055,5.8074168e-09
0.530078469,5.1898192e-09
0.650842896,5.6484843e-09
0.706198987,6.0337317e-09
0.60762983,5.454516e-09
0.678761108,5.9262457e-09
0.621427471,5.7889102e-09
0.013559952,2.3183928e-09
0.012691491,2.3355302e-09
0.0126,2.3364923e-09
0.0126,2.3127191e-09
0.012678082,2.1517992e-09
0.0126,2.1519364e-09
0.0126,2.1372069e-09
0.0126,1.9770232e-09
0.0126,1.9595239e-09
0.241516848,4.164255e-09
0.385128474,4.559617e-09
0.522354049,5.1659064e-09
0.325338752,4.2660573e-09
0.448030797,4.849566e-09
0.549654974,5.575263e-09
0.40539321,4.5296478e-09
0.429599423,5.302207e-09
0.357995447,4.9618687e-09
0.0126,2.9200067e-09
0.0126,2.8811462e-09
0.0126,2.789052e-09
0.0126,2.6424258e-09
0.0126,2.7445919e-09
0.0126,2.6987241e-09
0.0126,2.5954183e-09
0.0126,2.5427476e-09
0.0126,2.4846263e-09
0.081918792,3.344456e-09
0.154661635,3.7747436e-09
0.396183485,4.2627515e-09
0.03802092,3.3753056e-09
0.364243425,3.8940553e-09
0.190666659,4.5514654e-09
0.325182202,3.4488925e-09
0.030020901,4.0807024e-09
0.074978981,3.5763574e-09
0.0126,3.1037426e-09
0.0126,2.9382643e-09
0.0126,2.7296039e-09
0.0126,2.4808355e-09
0.0126,2.9780818e-09
0.0126,2.80089e-09
0.0126,2.576569e-09
0.0126,2.8262128e-09
0.0126,2.633286e-09
0.049381529,2.4714797e-09
0.08012194,2.7421045e-09
0.334578362,3.111107e-09
0.110560338,2.4297013e-09
0.284429592,2.7427964e-09
0.110456027,3.1623024e-09
0.237630814,2.4175137e-09
0.113515248,2.7769418e-09
0.090191121,2.4358815e-09
0.013396238,2.8305422e-09
0.014442516,2.5878748e-09
0.014250188,2.320547e-09
0.0126,2.0378077e-09
0.0126,2.7396443e-09
0.0126,2.4843612e-09
0.0126,2.2042617e-09
0.0126,2.6241238e-09
0.0126,2.3544504e-09
0.076244429,1.864691e-09
0.086849448,2.0101296e-09
0.221802634,2.1958217e-09
0.109634837,1.834765e-09
0.178327364,1.999777e-09
0.119582515,2.2106883e-09
0.143008997,1.8193168e-09
0.146704815,2.0060331e-09
0.160673534,1.8180848e-09
0.033673157,2.2860716e-09
0.015959364,2.0230995e-09
0.0126,1.7605449e-09
0.0126,1.5102022e-09
0.027300577,2.2248998e-09
0.015115997,1.9538038e-09
0.0126,1.6862602e-09
0.017512987,2.1424775e-09
0.012623947,1.8637343e-09
0.115936287,1.4930206e-09
0.137835475,1.5810432e-09
0.154376843,1.688486e-09
0.124936398,1.4725171e-09
0.151352908,1.5696201e-09
0.160673534,1.6875498e-09
0.134067817,1.4586232e-09
0.164787591,1.5651881e-09
0.150589426,1.4511106e-09
0.012605893,1.652908e-09
0.0126,1.4430789e-09
0.0126,1.2529416e-09
0.0126,1.0856069e-09
0.0126,1.6191716e-09
0.0126,1.4073687e-09
0.0126,1.2165584e-09
0.0126,1.5716419e-09
0.0126,1.3592317e-09
0.081829829,1.2624449e-09
0.101453754,1.3156439e-09
0.126393472,1.3782389e-09
0.093687559,1.2503607e-09
0.116740047,1.3070625e-09
0.141127244,1.3731211e-09
0.111687168,1.2418511e-09
0.133698105,1.3018954e-09
0.124010282,1.2368271e-09
0.0126,1.1287715e-09
0.0126,1.167324e-09
0.0126,1.2017926e-09
0.0126,9.947629e-10
0.013365319,1.0342571e-09
0.0126,1.0703898e-09
0.022060133,9.1810426e-10
0.015412704,9.549386e-10
0.025427125,8.543037e-10
0.077310771,1.127868e-09
0.092412132,1.1590738e-09
0.110952393,1.195249e-09
0.089981458,1.1094576e-09
0.107477105,1.1434743e-09
0.124010282,1.1830913e-09
0.103778265,1.0928767e-09
0.124010282,1.1299207e-09
0.105357702,1.0780687e-09
0.0126,7.624621e-10
0.015432178,7.8428924e-10
0.021753927,8.1470625e-10
0.012858156,8.179686e-10
0.013790533,8.4684326e-10
0.016769419,8.855462e-10
0.0126,8.797303e-10
0.013145742,9.166952e-10
0.0126,9.483456e-10
0.105357702,1.0215601e-09
0.0858592,9.697897e-10
0.066027007,9.2306063e-10
0.095374738,1.0489086e-09
0.08566709,9.969668e-10
0.074870497,9.499312e-10
0.074405003,1.0265457e-09
0.065256089,9.79006e-10
0.055613089,1.0103848e-09
0.0126,8.5278956e-10
0.012651225,8.153089e-10
0.013096397,7.812726e-10
0.013647402,7.504239e-10
0.0126,8.2106033e-10
0.012617449,7.8242335e-10
0.012968115,7.4743095e-10
0.0126,7.910608e-10
0.012635671,7.5152e-10
0.035710466,9.0781127e-10
0.050270927,9.086056e-10
0.064707315,9.136043e-10
0.036263982,8.7089325e-10
0.050732936,8.707735e-10
0.066027007,8.7492397e-10
0.035245312,8.3616586e-10
0.03604899,8.3532475e-10
0.03604899,8.0352136e-10
0.019174798,8.6776175e-10
0.021017033,8.4257773e-10
0.02696591,8.2122154e-10
0.015438424,8.2588747e-10
0.016770667,7.9984736e-10
0.015735362,7.776903e-10
0.013523924,7.8685763e-10
0.015735362,7.602875e-10
0.064230064,1.7393269e-09
0.072240913,1.733435e-09
0.074581485,1.7503587e-09
0.050205839,1.9678719e-09
0.050648305,1.9566406e-09
0.051660495,1.944703e-09
0.023496751,2.0505844e-09
0.020899249,2.047194e-09
0.017435374,2.0399642e-09
0.029373364,2.0303645e-09
0.026864823,2.0277777e-09
0.036368617,2.0101583e-09
0.013725144,2.0838975e-09
0.014766422,2.0620055e-09
0.017712895,2.068187e-09
0.020515391,2.1205144e-09
0.031585976,2.101926e-09
0.017923536,2.1098807e-09
0.052366592,1.740515e-09
0.060152885,1.7515971e-09
0.068307115,1.7627527e-09
0.047531661,1.7527982e-09
0.054177898,1.7639392e-09
0.041882923,1.7652124e-09
0.041213895,1.7235217e-09
0.030666216,1.7193769e-09
0.036069428,1.7065183e-09
0.036313336,1.7482487e-09
0.030248084,1.7320272e-09
0.039613692,1.7357756e-09
0.019286682,1.7166863e-09
0.014346644,1.719779e-09
0.020590925,1.6974245e-09
0.046547049,1.8890838e-09
0.04736803,1.8612947e-09
0.03651125,1.8564105e-09
0.0126,1.7534358e-09
0.014266635,1.7865233e-09
0.013872484,1.7482934e-09
0.036749387,1.7992015e-09
0.039907843,1.7877538e-09
0.040937859,1.77639e-09
0.050847018,1.7865415e-09
0.05294198,1.7752247e-09
0.066118651,1.7739406e-09
0.02825183,1.8033279e-09
0.026590255,1.8074455e-09
0.026492239,1.811675e-09
0.032755992,1.791853e-09
0.02943772,1.7960576e-09
0.03438144,1.7805705e-09
0.073112578,1.779038e-09
0.089509971,1.7770959e-09
0.062658042,1.796772e-09
0.042622586,1.8045272e-09
0.057136167,1.7917472e-09
0.047563359,1.8096252e-09
0.02128149,2.0648385e-09
0.023568959,2.0787658e-09
0.02549737,2.0923676e-09
0.018361162,2.0834277e-09
0.021589909,2.098325e-09
0.01529985,2.1001505e-09
0.041147263,1.989046e-09
0.041928114,1.9649595e-09
0.041906792,1.9401367e-09
0.032250896,1.9850523e-09
0.031143683,1.9594493e-09
0.024764318,1.9786655e-09
0.035596893,1.9073605e-09
0.026935186,1.8740292e-09
0.023283643,1.9256232e-09
0.028927627,2.030781e-09
0.029816371,2.0063822e-09
0.026546777,2.0435251e-09
0.026941138,2.0178403e-09
0.02556576,2.0559834e-09
0.036187391,2.0098787e-09
0.021684617,2.1422804e-09
0.018554773,2.131367e-09
0.019549006,2.1187812e-09
0.028844165,2.152928e-09
0.025620093,2.140053e-09
0.035060363,2.1613984e-09
0.030572919,2.1418587e-09
0.022106116,2.1209572e-09
0.026407459,2.1187363e-09
0.023334453,2.146742e-09
0.026287421,2.1637308e-09
0.018010116,2.1400783e-09
0.030049539,2.1603819e-09
0.037912394,2.1718929e-09
0.036088306,2.1782327e-09
0.035513169,2.1596445e-09
0.040089591,2.1633175e-09
0.038565445,2.1639481e-09
0.03402,2.1370832e-09
0.033477283,2.140972e-09
0.02957907,2.1146545e-09
0.012743038,1.7471877e-09
0.0126,1.7688593e-09
0.02035949,1.7915999e-09
0.0126,1.7723564e-09
0.014736863,1.7922057e-09
0.012988502,1.804063e-09
0.015597636,1.74198e-09
0.021203309,1.7403682e-09
0.015677533,1.7652462e-09
0.027505712,1.8018259e-09
0.022134932,1.7946707e-09
0.027320528,1.7862771e-09
0.021049375,1.7791087e-09
0.029394158,1.770867e-09
0.025829498,1.7550368e-09
0.033909649,1.8795001e-09
0.020034993,1.8608645e-09
0.017741166,1.8427009e-09
0.038265765,1.8429211e-09
0.017602757,1.8231485e-09
0.029139656,1.8135502e-09
0.021329997,1.9098763e-09
0.019381026,1.9439368e-09
0.017872,1.8918538e-09
0.026683055,1.8169107e-09
0.032114329,1.8222345e-09
0.036046626,1.8272985e-09
0.018275002,1.8347593e-09
0.024134904,1.8400551e-09
0.017089244,1.8527325e-09
0.021673696,1.8252237e-09
0.020647459,1.8210918e-09
0.017552658,1.8389962e-09
0.02655565,1.8250385e-09
0.023047639,1.838545e-09
0.019833641,1.8524015e-09
0.027729221,1.8385561e-09
0.023254304,1.8519658e-09
0.027561559,1.8522645e-09
0.028973623,1.8156099e-09
0.035306793,1.8296717e-09
0.030541731,1.8092874e-09
0.04010399,1.8422884e-09
0.059126124,1.8455198e-09
0.027487015,1.8702069e-09
0.019716643,1.8681074e-09
0.026835466,1.8551114e-09
0.020324452,1.8830373e-09
0.026351255,2.0907258e-09
0.023921085,2.0519155e-09
0.024055539,2.0119824e-09
0.025602702,2.0864606e-09
0.021796705,2.0458022e-09
0.026515249,2.080093e-09
0.03151954,2.1358086e-09
0.029502313,2.1131903e-09
0.028786095,2.1090234e-09
0.026365118,1.9692454e-09
0.02466494,2.0051145e-09
0.02419392,2.042499e-09
0.024324809,1.97237e-09
0.023156835,2.0089432e-09
0.022527631,1.9758915e-09
0.035363478,1.9084305e-09
0.031458805,1.9383575e-09
0.024016376,1.9407165e-09
0.019074489,2.1940108e-09
0.029170757,2.2020317e-09
0.023156961,2.2229605e-09
0.0126,2.2663238e-09
0.0126,2.2389717e-09
0.0126,2.2554503e-09
0.014606603,2.2894973e-09
0.0126,2.2628641e-09
0.013150134,2.2833324e-09
0.045401747,2.206468e-09
0.045691295,2.228445e-09
0.032693722,2.2462379e-09
0.036880981,2.2297415e-09
0.032581245,2.253467e-09
0.024649255,2.2523425e-09
0.047184892,2.189541e-09
0.045359279,2.2178321e-09
0.049117213,2.2001134e-09
0.037129396,2.1913957e-09
0.036213005,2.2203586e-09
0.042675524,2.192075e-09
0.030639742,2.1706366e-09
0.027250832,2.1802993e-09
0.029447071,2.1887183e-09
0.028680704,2.2045086e-09
0.022828926,2.216143e-09
0.025471775,2.2357414e-09
0.029443252,2.144647e-09
0.030820339,2.1161086e-09
0.02986633,2.152363e-09
0.035544283,2.34801e-09
0.027514311,2.332516e-09
0.021672156,2.3145674e-09
0.023366915,2.3242475e-09
0.018309934,2.3080715e-09
0.015120996,2.3001716e-09
0.017582317,2.3030815e-09
0.014280352,2.272878e-09
0.017754196,2.2990532e-09
0.030614243,2.35305e-09
0.025225179,2.33903e-09
0.019766409,2.323445e-09
0.026320403,2.3337767e-09
0.021818778,2.3191895e-09
0.021559874,2.3141968e-09
0.033861095,2.3525768e-09
0.026698717,2.3337294e-09
0.035228809,2.3509048e-09
0.056273322,1.8834387e-09
0.05978997,1.8514652e-09
0.045514019,1.8271595e-09
0.058145677,1.8907085e-09
0.061031598,1.8639e-09
0.044556989,1.901836e-09
0.032437194,1.9397346e-09
0.048900811,1.9110389e-09
0.041304129,1.916725e-09
0.036047455,1.8639186e-09
0.043833716,1.8799238e-09
0.050116371,1.8441033e-09
0.017279329,1.8822977e-09
0.020234386,1.8978263e-09
0.026459133,1.9126885e-09
0.025878099,1.9120598e-09
0.037129455,1.9276913e-09
0.051179445,1.9419073e-09
0.018023874,1.881482e-09
0.017424368,1.8818969e-09
0.025178287,1.9116078e-09
0.021464894,1.8912645e-09
0.029610378,1.9203883e-09
0.02744894,1.904165e-09
0.03279241,1.9318451e-09
0.04235028,1.9410142e-09
0.044884134,1.9655921e-09
0.044964991,1.9457056e-09
0.051014056,1.9785495e-09
0.060246461,1.960941e-09
0.02202769,1.995489e-09
0.024920882,2.0220072e-09
0.042801144,2.0487523e-09
0.026573035,2.0316275e-09
0.036892216,2.0583262e-09
0.032003702,2.0696158e-09
0.039208097,2.1059308e-09
0.057766563,2.0940873e-09
0.047645914,2.1427438e-09
0.018988988,1.9662665e-09
0.023955614,1.944062e-09
0.016212268,1.9931603e-09
0.01581132,2.3024553e-09
0.0126,2.2903301e-09
0.01446522,2.2767477e-09
0.022897567,2.3237607e-09
0.014230194,2.3088111e-09
0.036366976,2.339294e-09
0.038548599,2.3487687e-09
0.023713098,2.3257696e-09
0.039921508,2.3459088e-09
0.018510625,2.2824638e-09
0.020568586,2.2798974e-09
0.017827884,2.3109743e-09
0.070934896,2.3994207e-09
0.061339332,2.383959e-09
0.04762197,2.3667945e-09
0.069027208,2.3799143e-09
0.052849471,2.3652016e-09
0.052522857,2.359856e-09
0.034311461,2.341578e-09
0.017927839,2.3080151e-09
0.017866544,2.2718107e-09
0.026110435,2.3336857e-09
0.02057608,2.2949833e-09
0.029807036,2.3157611e-09
0.03449736,2.232517e-09
0.035321338,2.2750104e-09
0.020939759,2.256513e-09
0.081164677,2.2179927e-09
0.071309619,2.255817e-09
0.049264035,2.2891256e-09
0.07170002,2.209337e-09
0.052929013,2.244911e-09
0.050327771,2.1996378e-09
0.090299117,2.1592257e-09
0.070564115,2.151256e-09
0.076137262,2.1022568e-09
0.038763729,2.3729527e-09
0.04164872,2.3713411e-09
0.044429815,2.3684765e-09
0.044894027,2.3915767e-09
0.049496789,2.3887698e-09
0.04647884,2.40885e-09
0.062653075,2.4040714e-09
0.057843865,2.4072049e-09
0.05537101,2.3870952e-09
0.014466103,2.3163225e-09
0.012769635,2.3256974e-09
0.012786609,2.2896036e-09
0.019083792,2.3361495e-09
0.022325799,2.3648752e-09
0.023689134,2.3925057e-09
0.016482458,2.3464017e-09
0.018062114,2.3754694e-09
0.013615547,2.3560716e-09
0.03171987,2.366447e-09
0.02740641,2.3796072e-09
0.025092392,2.3520723e-09
0.036037051,2.3865647e-09
0.037139139,2.4054052e-09
0.030648654,2.39993e-09
0.064261744,1.9639446e-09
0.04091264,1.9868727e-09
0.036569742,2.0132909e-09
0.03147272,1.9447681e-09
0.015913533,1.9740785e-09
0.021609747,1.9367536e-09
0.027290229,2.0217155e-09
0.019123599,1.9757103e-09
0.026739713,2.0095765e-09
0.022606733,2.0640032e-09
0.036370485,2.0248128e-09
0.067211811,1.9839435e-09
0.019099436,2.0410738e-09
0.041421532,2.0015245e-09
0.036462155,2.0190885e-09
0.047912543,2.0282576e-09
0.055845545,2.0062039e-09
0.03531157,2.0473605e-09
0.048677112,2.0399302e-09
0.054374542,2.0611375e-09
0.02975624,2.0800972e-09
0.024444643,2.0961306e-09
0.023009782,2.0784243e-09
0.02752482,2.0578936e-09
0.066294094,2.0838145e-09
0.047561681,2.0582929e-09
0.054145909,2.0484718e-09
0.050946785,2.118933e-09
0.056995728,2.0949302e-09
0.038461882,2.1537048e-09
0.070750284,2.194376e-09
0.075440028,2.1370992e-09
0.042622359,2.1716557e-09
0.063333692,2.417143e-09
0.071500318,2.3935944e-09
0.060389876,2.3676143e-09
0.049391795,2.3862576e-09
0.047197196,2.3651257e-09
0.030723508,2.3523639e-09
0.081392743,2.4097422e-09
0.077762296,2.3889553e-09
0.075534033,2.4156992e-09
0.067473597,2.4161448e-09
0.059554873,2.4326705e-09
0.049048824,2.4489912e-09
0.058928095,2.4210305e-09
0.049229591,2.4377875e-09
0.048497839,2.4243687e-09
0.061365808,2.441806e-09
0.072221391,2.4258693e-09
0.069945961,2.431199e-09
0.053149644,2.4116062e-09
0.043871428,2.3749396e-09
0.047695994,2.3356301e-09
0.061910827,2.3940814e-09
0.069540144,2.3523403e-09
0.075589462,2.3659679e-09
0.085776749,2.2674786e-09
0.087317731,2.3169584e-09
0.069767026,2.3043814e-09
0.078758612,2.2434876e-09
0.058783892,2.2186097e-09
0.094534979,2.2931992e-09
0.0126,2.3440114e-09
0.0126,2.352423e-09
0.0126,2.313e-09
0.034827573,2.4331406e-09
0.025016905,2.4569837e-09
0.016053045,2.480317e-09
0.029046453,2.4299518e-09
0.020303601,2.4540265e-09
0.023528749,2.4246822e-09
0.035506572,2.46104e-09
0.024236097,2.4714861e-09
0.035516495,2.4481552e-09
0.0126,2.374045e-09
0.012676632,2.4118227e-09
0.012673983,2.4476414e-09
0.0126,2.3839775e-09
0.012610808,2.4221642e-09
0.0126,2.392705e-09
0.017822649,2.411467e-09
0.014538837,2.42987e-09
0.014152682,2.39393e-09
0.013543335,2.4622877e-09
0.017120435,2.4437818e-09
0.013402902,2.4732596e-09
0.0126,2.327653e-09
0.0126,2.3661397e-09
0.0126,2.370898e-09
0.0126,2.3184066e-09
0.012742095,2.365542e-09
0.012847986,2.3549263e-09
0.027104742,2.0868303e-09
0.053720927,2.1084343e-09
0.063751451,2.1296125e-09
0.05187242,2.069287e-09
0.065825655,2.0918718e-09
0.061125757,2.0526592e-09
0.045928955,2.1190727e-09
0.042808765,2.1249824e-09
0.058260737,2.0836437e-09
0.053008366,2.1354734e-09
0.069475528,2.1528812e-09
0.054779254,2.171461e-09
0.039735414,2.1161437e-09
0.045679265,2.1374302e-09
0.021380997,2.1016746e-09
0.053927703,2.1447348e-09
0.03252685,2.1237836e-09
0.051694801,2.1579412e-09
0.081259318,2.1964295e-09
0.050700493,2.2062145e-09
0.059478249,2.1631048e-09
0.043446339,2.190137e-09
0.06401702,2.175897e-09
0.031109326,2.2160933e-09
0.083848656,2.314805e-09
0.08590981,2.3347837e-09
0.07858652,2.3526507e-09
0.073012066,2.2592128e-09
0.084533555,2.2762048e-09
0.051961945,2.20527e-09
0.05385714,2.2120092e-09
0.050611127,2.1917772e-09
0.044166911,2.1720552e-09
0.07994099,2.1790707e-09
0.047208582,2.1516067e-09
0.063848262,2.1523545e-09
0.06129249,2.268941e-09
0.051246349,2.2193143e-09
0.045632371,2.2335322e-09
0.037703407,2.4732871e-09
0.033982294,2.4945574e-09
0.035482251,2.5126428e-09
0.028464977,2.4870013e-09
0.027398948,2.5099618e-09
0.018784526,2.4990188e-09
0.055120805,2.4496327e-09
0.051348378,2.4443962e-09
0.048173815,2.426966e-09
0.040961142,2.4815403e-09
0.041628539,2.476621e-09
0.047287546,2.4632294e-09
0.061780446,2.4790359e-09
0.035464287,2.5045817e-09
0.034278417,2.5161477e-09
0.038014934,2.4430842e-09
0.028886437,2.4665887e-09
0.04744164,2.405164e-09
0.079349629,2.3701066e-09
0.070216803,2.4258981e-09
0.060649944,2.3901383e-09
0.0126,2.4067546e-09
0.0126,2.4513793e-09
0.012961058,2.4932485e-09
0.0126,2.4133604e-09
0.013023284,2.4580544e-09
0.0126,2.4180493e-09
0.0126,2.4643134e-09
0.0126,2.479569e-09
0.0126,2.4374878e-09
0.0126,2.4875835e-09
0.0126,2.5232072e-09
0.012932087,2.5541385e-09
0.0126,2.504677e-09
0.0126,2.5407632e-09
0.0126,2.5202265e-09
0.0126,2.505836e-09
0.0126,2.530496e-09
0.012699089,2.4986997e-09
0.01700135,2.5240854e-09
0.024181572,2.534522e-09
0.013771938,2.5482998e-09
0.0126,2.3058717e-09
0.0126,2.2791171e-09
0.0126,2.324766e-09
0.019313388,2.2527866e-09
0.013753695,2.230882e-09
0.014585635,2.2693936e-09
0.014180418,2.4209585e-09
0.021781547,2.4652538e-09
0.033977936,2.5062952e-09
0.014973298,2.412345e-09
0.021155256,2.4561466e-09
0.014007232,2.4011237e-09
0.015548233,2.4631444e-09
0.017045496,2.5007483e-09
0.028764893,2.5051876e-09
0.0126,2.3713007e-09
0.016198575,2.3987592e-09
0.029169906,2.4240525e-09
0.0126,2.353289e-09
0.017044621,2.379767e-09
0.0126,2.3334248e-09
0.024655288,2.4553175e-09
0.013818504,2.4292488e-09
0.025805937,2.4828206e-09
0.038980732,2.189211e-09
0.04143447,2.206252e-09
0.039222388,2.221792e-09
0.049676269,2.1773028e-09
0.050746858,2.1952633e-09
0.059827806,2.1643423e-09
0.053503504,2.2070614e-09
0.069282658,2.1844704e-09
0.036717779,2.2126698e-09
0.028436252,2.254487e-09
0.030315498,2.26021e-09
0.036598256,2.2659083e-09
0.015457214,2.2255564e-09
0.022352671,2.235701e-09
0.023341433,2.2042284e-09
0.040073156,2.232148e-09
0.025100674,2.2185467e-09
0.033010111,2.2457918e-09
0.038622886,2.2912017e-09
0.040778214,2.3330082e-09
0.050763146,2.3314473e-09
0.048463232,2.2945297e-09
0.040223346,2.2930335e-09
0.06303237,2.3295172e-09
0.080071833,2.333046e-09
0.062949214,2.286937e-09
0.039907386,2.2521667e-09
0.091133505,2.348778e-09
0.076554414,2.3023983e-09
0.110825182,2.3612405e-09
0.08442398,2.3881541e-09
0.090918538,2.4033162e-09
0.083756513,2.444356e-09
0.032542388,2.2365705e-09
0.017845109,2.2317028e-09
0.020022141,2.2359752e-09
0.021278188,2.256141e-09
0.014658128,2.2508546e-09
0.015355539,2.2694246e-09
0.082493153,2.3168623e-09
0.045336814,2.2718916e-09
0.037541745,2.2857525e-09
0.041531373,2.5294684e-09
0.058346194,2.516135e-09
0.072620704,2.4990552e-09
0.061908387,2.4737492e-09
0.075664679,2.4607936e-09
0.086097967,2.4162832e-09
0.014916235,2.5884874e-09
0.020582434,2.5749751e-09
0.030516376,2.5529185e-09
0.018187902,2.611648e-09
0.028043222,2.5899378e-09
0.027251161,2.6225015e-09
0.056334913,2.5375388e-09
0.036399077,2.5860412e-09
0.037739088,2.5529792e-09
0.033079612,2.5747757e-09
0.03085415,2.6063942e-09
0.048993026,2.557849e-09
0.018474865,2.5378482e-09
0.028408588,2.5776479e-09
0.036245647,2.6121496e-09
0.029595952,2.54558e-09
0.040345924,2.5855627e-09
0.042939142,2.5498812e-09
0.016066504,2.5760716e-09
0.02495107,2.5955562e-09
0.018392697,2.5604832e-09
0.028830959,2.6303157e-09
0.017990995,2.610803e-09
0.021240473,2.63423e-09
0.027545388,2.2697026e-09
0.022232012,2.2869078e-09
0.017995002,2.3033606e-09
0.034740919,2.3031508e-09
0.027771452,2.3202202e-09
0.04226423,2.3357436e-09
0.038264012,2.3668405e-09
0.021798416,2.3507847e-09
0.034642964,2.3963265e-09
0.031278816,2.238843e-09
0.042511422,2.2414404e-09
0.029905758,2.2094684e-09
0.038799956,2.2727067e-09
0.045823,2.3057765e-09
0.050039761,2.2749074e-09
0.083113007,2.4363076e-09
0.067200826,2.4041373e-09
0.053551033,2.3705855e-09
0.068263075,2.433958e-09
0.051246309,2.4010844e-09
0.049652837,2.4298399e-09
0.056199099,2.6280669e-09
0.05129358,2.5932605e-09
0.047084924,2.5524627e-09
0.055843702,2.6260163e-09
0.048659214,2.5909241e-09
0.048710521,2.6206264e-09
0.056152572,2.4699602e-09
0.043303578,2.4999998e-09
0.043488835,2.5259215e-09
0.080726947,2.5122833e-09
0.058146648,2.5409475e-09
0.086933359,2.550684e-09
0.095721052,2.4770999e-09
0.07975479,2.4744216e-09
0.100306142,2.5153437e-09
0.047677933,2.6071763e-09
0.058705564,2.5812257e-09
0.049950902,2.5693938e-09
0.034994858,2.2436444e-09
0.042101693,2.254202e-09
0.042021159,2.2700097e-09
0.037869706,2.2610724e-09
0.044747791,2.2730176e-09
0.054244854,2.2740125e-09
0.045659484,2.2660842e-09
0.023761975,2.2634254e-09
0.018223299,2.2538373e-09
0.049146721,2.2939615e-09
0.065478638,2.3248972e-09
0.065273153,2.3599642e-09
0.054479296,2.3186473e-09
0.056504137,2.350038e-09
0.051521754,2.3372517e-09
0.054068661,2.2886621e-09
0.048548813,2.292259e-09
0.058682312,2.3102922e-09
0.040570391,2.3953919e-09
0.018477043,2.4254114e-09
0.035031043,2.4086855e-09
0.057535896,2.3658224e-09
0.045991914,2.3823352e-09
0.061906354,2.3888052e-09
0.031189481,2.2753484e-09
0.052824619,2.269202e-09
0.070839321,2.271951e-09
0.046321,2.273899e-09
0.057654399,2.2682165e-09
0.038521525,2.2643762e-09
0.035445028,2.299407e-09
0.037461813,2.2976583e-09
0.037499289,2.2870672e-09
0.053903756,2.3458877e-09
0.031412145,2.3345847e-09
0.030007472,2.4071767e-09
0.087273427,2.3849736e-09
0.069971689,2.3354623e-09
0.052459332,2.4010802e-09
0.038364034,2.4970204e-09
0.061102203,2.4399547e-09
0.033609164,2.455302e-09
0.024488932,2.568657e-09
0.014032602,2.6027507e-09
0.030229803,2.6305815e-09
0.020621272,2.6104494e-09
0.033382696,2.64036e-09
0.034968831,2.6369213e-09
0.024522495,2.5343883e-09
0.02124074,2.487913e-09
0.016797209,2.5668818e-09
0.069093524,2.6542462e-09
0.064610427,2.6500089e-09
0.048462056,2.6422988e-09
0.076491838,2.6724456e-09
0.065171687,2.6657676e-09
0.074773866,2.6817102e-09
0.060790095,2.6691864e-09
0.042199968,2.6533706e-09
0.037371387,2.6492162e-09
0.075968052,2.6812443e-09
0.055219613,2.6629265e-09
0.05714056,2.6643987e-09
0.058315726,2.34592e-09
0.073080868,2.3542202e-09
0.067606808,2.3605555e-09
0.062416324,2.3154896e-09
0.071255497,2.323323e-09
0.066857886,2.2841637e-09
0.083802004,2.4123608e-09
0.072140334,2.3870785e-09
0.068419158,2.3798048e-09
0.070327547,2.2431743e-09
0.067471048,2.2414217e-09
0.060894168,2.205128e-09
0.070606859,2.2829136e-09
0.066251612,2.3208226e-09
0.062719023,2.279893e-09
0.092986466,2.4526357e-09
0.088155626,2.4668e-09
0.083721676,2.4786855e-09
0.079369274,2.42803e-09
0.073905677,2.4415139e-09
0.0673433,2.402074e-09
0.105472259,2.4928326e-09
0.109286364,2.5303981e-09
0.103285913,2.5063447e-09
0.059669285,2.642812e-09
0.065775047,2.653336e-09
0.07156581,2.6591802e-09
0.053028972,2.6212585e-09
0.066130975,2.6310303e-09
0.070907871,2.594517e-09
0.073004113,2.6669715e-09
0.076422665,2.6829072e-09
0.070069345,2.6752978e-09
0.095057261,2.573377e-09
0.09624396,2.5700995e-09
0.093285207,2.562443e-09
0.085750187,2.6069757e-09
0.080627636,2.6029394e-09
0.079952526,2.6357831e-09
0.098037972,2.5444145e-09
0.093103669,2.5127664e-09
0.104374063,2.539525e-09
0.069418583,2.2819178e-09
0.078794571,2.2984734e-09
0.074873799,2.3206277e-09
0.080734159,2.2833342e-09
0.093982938,2.3002953e-09
0.088205537,2.2753546e-09
0.06809083,2.2719777e-09
0.070304402,2.2639683e-09
0.046584205,2.259162e-09
0.025718425,2.331666e-09
0.025562901,2.2867868e-09
0.044083624,2.3590465e-09
0.082233935,2.2951412e-09
0.082076668,2.3366324e-09
0.071996378,2.3710511e-09
0.05737981,2.2729474e-09
0.047619641,2.3196807e-09
0.030984884,2.2352067e-09
0.087049081,2.3640827e-09
0.108848625,2.3338498e-09
0.079880776,2.3447635e-09
0.098974987,2.2886744e-09
0.0990891,2.3193316e-09
0.092900676,2.2979807e-09
0.085735381,2.1747129e-09
0.073674572,2.2164732e-09
0.038780642,2.2454214e-09
0.097350763,2.212676e-09
0.06629316,2.241629e-09
0.085614101,2.2464044e-09
0.047777456,2.262292e-09
0.057143111,2.230628e-09
0.059704821,2.1881927e-09
0.064847906,2.2626814e-09
0.051903048,2.215571e-09
0.049255991,2.2652313e-09
0.037220668,2.3262898e-09
0.020719957,2.3741318e-09
0.038908699,2.3041091e-09
0.020924746,2.5167697e-09
0.015175933,2.491365e-09
0.016760303,2.4530558e-09
0.019583956,2.424192e-09
0.020981963,2.4032647e-09
0.034442216,2.3349018e-09
0.029325723,2.6111013e-09
0.015532404,2.5375733e-09
0.02736921,2.5740479e-09
0.06709783,2.6793532e-09
0.067062306,2.690056e-09
0.075644078,2.6914098e-09
0.064713389,2.6857936e-09
0.073455904,2.6903135e-09
0.071578799,2.6762894e-09
0.081092616,2.6837395e-09
0.061560828,2.6587883e-09
0.078879522,2.6742404e-09
0.075494853,2.6457418e-09
0.058997471,2.6350069e-09
0.050024487,2.5916855e-09
0.056446956,2.363119e-09
0.04348721,2.3631164e-09
0.031592593,2.3605415e-09
0.051730832,2.3229716e-09
0.034869049,2.3226148e-09
0.045618639,2.2816804e-09
0.056229951,2.4034166e-09
0.062630567,2.441616e-09
0.044890153,2.4021274e-09
0.033797843,2.230764e-09
0.016684009,2.2206168e-09
0.027879761,2.1845903e-09
0.024038082,2.2722852e-09
0.021609846,2.3109499e-09
0.015238938,2.2598814e-09
0.074476197,2.4871978e-09
0.052112746,2.4904185e-09
0.027627162,2.4883158e-09
0.049885182,2.448733e-09
0.034625368,2.4507212e-09
0.03316225,2.4079416e-09
0.079039544,2.5487727e-09
0.051334023,2.5202833e-09
0.081861698,2.5192533e-09
0.069560581,2.5950533e-09
0.0472556,2.6069598e-09
0.040747723,2.6076832e-09
0.049505386,2.5682028e-09
0.02913078,2.5779445e-09
0.024694178,2.537472e-09
0.073835549,2.6262155e-09
0.072163209,2.652127e-09
0.056179391,2.6350482e-09
0.061795698,2.667588e-09
0.059783063,2.6684301e-09
0.052381149,2.64488e-09
0.0126,2.2468523e-09
0.0126,2.2052273e-09
0.012708215,2.1539748e-09
0.063649433,2.880462e-09
0.026744673,2.6171818e-09
0.061025189,2.9223115e-09
0.175253157,3.46463e-09
0.136646378,3.306489e-09
0.167568264,3.5282697e-09
0.068685279,2.0580577e-09
0.056044941,2.1358386e-09
0.049458047,2.2043967e-09
0.047017094,2.0974031e-09
0.044311366,2.1620417e-09
0.054297148,2.1365576e-09
0.059765595,2.247452e-09
0.046768144,2.1916504e-09
0.057566544,2.1268869e-09
0.072036832,2.2556337e-09
0.070287105,2.205623e-09
0.087842785,2.2521136e-09
0.083984142,2.2108388e-09
0.073024258,2.1506186e-09
0.082264073,2.163134e-09
0.023196112,2.0097024e-09
0.031230855,2.0780235e-09
0.020729999,2.1422288e-09
0.015244697,2.0430884e-09
0.015915198,2.0989344e-09
0.0126,2.165426e-09
0.044138473,2.1767552e-09
0.039943183,2.1105606e-09
0.058465139,2.2185835e-09
0.031024214,2.087627e-09
0.037039279,2.15735e-09
0.019095835,2.0392148e-09
0.046397816,1.9362143e-09
0.057000051,2.0384971e-09
0.069605773,2.1172384e-09
0.06345331,2.0042532e-09
0.070267473,2.096332e-09
0.064608706,2.0686752e-09
0.046534045,2.0658562e-09
0.031638541,1.9739985e-09
0.044686368,2.0141777e-09
0.310268485,3.8812185e-09
0.256619328,3.7387746e-09
0.319145653,3.93756e-09
0.445704501,4.2907464e-09
0.404531463,4.1654307e-09
0.460666234,4.352294e-09
0.068580631,2.1000435e-09
0.057729481,2.1653015e-09
0.040441382,2.2574307e-09
0.053750028,2.1853586e-09
0.042830305,2.2623299e-09
0.042475443,2.264754e-09
0.013554831,2.4482956e-09
0.027089731,2.350463e-09
0.027534834,2.360415e-09
0.066222643,2.6467644e-09
0.060127163,2.5995002e-09
0.053226863,2.5334237e-09
0.063006905,2.6360392e-09
0.075169131,2.5870233e-09
0.054347496,2.6102873e-09
0.056409033,2.6038876e-09
0.028153902,2.5369098e-09
0.027697197,2.5424356e-09
0.025960441,2.3613451e-09
0.027484307,2.4580948e-09
0.018278136,2.45901e-09
0.021448489,2.3530669e-09
0.014894168,2.3407443e-09
0.014786631,2.3241864e-09
0.015388354,2.3029154e-09
0.013263543,2.290377e-09
0.013734016,2.2514657e-09
0.021312836,2.3970745e-09
0.015911668,2.4363567e-09
0.013533684,2.3813735e-09
0.018118849,2.1856492e-09
0.023412597,2.1601705e-09
0.021108166,2.1304012e-09
0.017065879,2.2258622e-09
0.017560953,2.2614008e-09
0.023025504,2.1972484e-09
0.012959709,2.4796465e-09
0.0126,2.4640772e-09
0.01850367,2.4420486e-09
0.0126,2.4272107e-09
0.012618969,2.4121145e-09
0.013790003,2.3721398e-09
0.016097443,2.5241125e-09
0.027848053,2.5589713e-09
0.015509226,2.5029598e-09
0.030778314,2.460869e-09
0.02768656,2.5180924e-09
0.039763228,2.5700517e-09
0.040221707,2.4645852e-09
0.038227694,2.5171005e-09
0.038573176,2.4495785e-09
0.042192046,2.4861682e-09
0.056950129,2.5570595e-09
0.056440326,2.5148474e-09
0.048544541,1.9266104e-09
0.058811242,2.0352382e-09
0.050798298,2.1461362e-09
0.06552607,1.96653e-09
0.072476602,2.0662179e-09
0.073286683,2.0116517e-09
0.211430844,3.5692391e-09
0.258017062,3.6941803e-09
0.31231638,3.8398102e-09
0.206344871,3.5235357e-09
0.260563212,3.6496746e-09
0.218369691,3.4775216e-09
0.119251176,3.0134015e-09
0.11172713,3.0548712e-09
0.105076671,3.091466e-09
0.14310911,3.211351e-09
0.143745725,3.2610412e-09
0.172720124,3.4085386e-09
0.16351588,3.3209664e-09
0.143793715,3.1726268e-09
0.165170723,3.3653889e-09
0.059101786,2.8505212e-09
0.027208332,2.5753233e-09
0.02058658,2.312272e-09
0.032719088,2.597963e-09
0.015769016,2.3335582e-09
0.01308305,2.354838e-09
0.012804336,2.1308668e-09
0.016478537,2.099248e-09
0.013544078,1.991421e-09
0.069823404,2.803862e-09
0.02673801,2.5625173e-09
0.059015011,2.8297977e-09
0.013978269,1.7665424e-09
0.024561458,1.872412e-09
0.055003894,1.9717497e-09
0.02176517,1.8132107e-09
0.026489788,1.92e-09
0.023200455,1.8708635e-09
0.025178235,1.8144465e-09
0.045820757,1.8665158e-09
0.04807645,1.916854e-09
0.031007987,1.6958926e-09
0.036235673,1.7664925e-09
0.040790576,1.8450741e-09
0.025457398,1.7122044e-09
0.034000464,1.7871499e-09
0.019973481,1.7358274e-09
0.022569514,2.0595208e-09
0.015325605,1.8784148e-09
0.013746748,1.7808719e-09
0.016824088,1.9313615e-09
0.014383612,1.8520808e-09
0.01366588,1.930184e-09
0.049928757,1.9972726e-09
0.024417126,1.95046e-09
0.024854237,1.8575669e-09
0.043258941,1.8590033e-09
0.049298889,1.9303488e-09
0.018622857,1.7920223e-09
0.073322489,1.6578969e-09
0.059386212,1.7320283e-09
0.040622429,1.8318322e-09
0.040625676,1.6889153e-09
0.032922932,1.7597287e-09
0.015389715,1.7302183e-09
0.060702397,1.6786933e-09
0.0306324,1.7170817e-09
0.043866653,1.7680907e-09
0.452811796,4.2775143e-09
0.419639786,4.13463e-09
0.386359707,3.992469e-09
0.411815158,4.149463e-09
0.378454321,4.0094754e-09
0.370754976,4.027589e-09
0.325055175,3.794064e-09
0.268493412,3.622705e-09
0.317129231,3.816495e-09
0.50532893,4.4690345e-09
0.547169723,4.6264934e-09
0.524434268,4.519527e-09
0.474087055,4.3275072e-09
0.490975344,4.3789385e-09
0.441445101,4.1836086e-09
0.245830486,3.4678804e-09
0.292416974,3.6207242e-09
0.346189655,3.8024996e-09
0.269518811,3.4603225e-09
0.314823068,3.6223207e-09
0.288177326,3.455635e-09
0.041800483,2.3939104e-09
0.037163234,2.4184814e-09
0.035430719,2.435934e-09
0.038994354,2.3054096e-09
0.026852589,2.318859e-09
0.028593156,2.1893471e-09
0.02514347,1.9974646e-09
0.020399581,2.0895592e-09
0.026867679,2.1164626e-09
0.020574743,2.2135414e-09
0.027273867,2.2368636e-09
0.023929389,2.343471e-09
0.01945769,2.3002953e-09
0.02564259,2.2731854e-09
0.030986991,2.2442794e-09
0.02486522,2.2387157e-09
0.028708271,2.2135933e-09
0.028066457,2.175993e-09
0.017414107,2.34375e-09
0.027433017,2.3786522e-09
0.035144034,2.3123015e-09
0.028624571,2.0980946e-09
0.029123491,2.0635582e-09
0.021295463,2.0307622e-09
0.031991583,2.1388167e-09
0.031256007,2.1737652e-09
0.03472648,2.1021032e-09
0.042670143,2.4033497e-09
0.060477736,2.3599431e-09
0.056211913,2.312212e-09
0.054489363,2.3433422e-09
0.059428804,2.3048592e-09
0.050904915,2.2807276e-09
0.052804577,2.4138425e-09
0.05261733,2.4071596e-09
0.062506148,2.3610172e-09
0.088847869,2.2476685e-09
0.074589474,2.2866853e-09
0.062059157,2.3076523e-09
0.070112818,2.3194753e-09
0.064032067,2.348951e-09
0.052530553,2.3870332e-09
0.084311665,2.238149e-09
0.058561886,2.318276e-09
0.050738291,2.2178641e-09
0.046128879,1.7937656e-09
0.045869304,1.9159332e-09
0.041218054,2.0512612e-09
0.027771792,1.8299046e-09
0.021306073,1.9542523e-09
0.027656546,1.8749304e-09
0.039535639,1.7206081e-09
0.04305063,1.7527225e-09
0.032291585,1.7937488e-09
0.197707613,3.3066792e-09
0.178649667,3.1483076e-09
0.134155233,2.9985088e-09
0.159089779,3.1624916e-09
0.143590941,3.009603e-09
0.133361817,3.0154728e-09
0.238540699,3.2812573e-09
0.188317184,3.1342684e-09
0.224331374,3.2934477e-09
0.092891486,2.788995e-09
0.07068251,2.566711e-09
0.05675281,2.3514442e-09
0.041466858,2.5701299e-09
0.03627861,2.3441655e-09
0.01697381,2.3302036e-09
0.021501615,2.0686246e-09
0.03638532,2.0842947e-09
0.017722906,1.8652102e-09
0.099379149,2.802673e-09
0.084515164,2.587757e-09
0.109739574,2.800089e-09
0.038047244,1.6298535e-09
0.054246845,1.663505e-09
0.05611893,1.7195716e-09
0.038522234,1.639539e-09
0.04819248,1.6870663e-09
0.034566244,1.6619884e-09
0.013579985,1.6721136e-09
0.029471901,1.636089e-09
0.050430436,1.6199774e-09
0.01371483,1.611381e-09
0.019969975,1.6009366e-09
0.013053821,1.5993313e-09
0.01916991,1.6396173e-09
0.016941645,1.6518432e-09
0.014946718,1.6052469e-09
0.020762455,1.6189118e-09
0.014158159,1.6018704e-09
0.022647542,1.6123788e-09
0.042430398,1.7836265e-09
0.034499919,1.7514796e-09
0.019117347,1.7483952e-09
0.053744144,1.9380546e-09
0.037165728,1.8937274e-09
0.052863419,2.132144e-09
0.056481695,1.6415423e-09
0.034026576,1.687166e-09
0.047084448,1.6843472e-09
0.044069437,1.6230299e-09
0.037199149,1.6807304e-09
0.020266571,1.6215934e-09
0.408062306,4.021836e-09
0.458383961,4.2185015e-09
0.496088792,4.4161106e-09
0.424143366,4.054821e-09
0.464249806,4.2559036e-09
0.425845567,4.090978e-09
0.380752753,3.853978e-09
0.332687064,3.6387902e-09
0.366784027,3.826099e-09
0.523686468,4.6400612e-09
0.552613511,4.8283364e-09
0.518781289,4.7100577e-09
0.492291418,4.4887627e-09
0.488465495,4.562202e-09
0.460368765,4.330551e-09
0.261426147,3.3180139e-09
0.236655932,3.1903333e-09
0.20450205,3.0724259e-09
0.209113996,3.159876e-09
0.175115391,3.046167e-09
0.147449991,3.0226408e-09
0.31538708,3.5783776e-09
0.311640155,3.5302619e-09
0.301724669,3.4894794e-09
0.35378281,3.743921e-09
0.346241278,3.6878414e-09
0.393288206,3.9163264e-09
0.276239996,3.3788012e-09
0.242144826,3.2120777e-09
0.271855598,3.3452778e-09
0.119080303,2.1633406e-09
0.097642107,2.1403614e-09
0.062389716,2.109347e-09
0.138080077,2.0658344e-09
0.108432047,2.0328397e-09
0.113219455,1.9615902e-09
0.056994457,1.8446141e-09
0.082958776,1.9026216e-09
0.074990323,1.9734478e-09
0.017108924,1.6477512e-09
0.016802713,1.6408769e-09
0.026923153,1.7001158e-09
0.022712899,1.8047306e-09
0.015063115,1.785298e-09
0.013810775,1.8542331e-09
0.025229209,1.9138906e-09
0.026903835,1.9863589e-09
0.036718112,1.9437667e-09
0.025876278,2.0715896e-09
0.026932309,2.1023512e-09
0.07444383,2.1159738e-09
0.020482171,2.0256372e-09
0.030214454,2.0516968e-09
0.022729097,1.9787874e-09
0.034844167,2.2040936e-09
0.04104516,2.1622981e-09
0.031503254,2.1386781e-09
0.042627254,2.23354e-09
0.038043468,2.2480402e-09
0.054833339,2.1826951e-09
0.114468444,2.1162183e-09
0.100565417,2.1451256e-09
0.09730599,2.1433484e-09
0.088524302,2.195002e-09
0.060388278,2.203033e-09
0.054257721,2.2599373e-09
0.10054615,2.2036177e-09
0.109218587,2.159975e-09
0.079468027,2.240627e-09
0.127452414,2.1221978e-09
0.13008383,2.028477e-09
0.124442413,2.081442e-09
0.050158285,1.7351557e-09
0.039343452,1.6993503e-09
0.030554606,1.6927454e-09
0.049475202,1.7842064e-09
0.045390453,1.7427254e-09
0.073202792,1.8394126e-09
0.040296643,1.6458737e-09
0.034830074,1.6672996e-09
0.048129396,1.6781336e-09
0.048673429,2.636681e-09
0.049491509,2.5599372e-09
0.058896225,2.4657174e-09
0.06921889,2.751517e-09
0.07429953,2.6786655e-09
0.086951673,2.8722351e-09
0.141197,2.9207934e-09
0.083922857,2.779319e-09
0.104269383,2.8975138e-09
0.015037504,2.211778e-09
0.02725648,2.0630078e-09
0.038361841,1.9146813e-09
0.024527949,2.253587e-09
0.043368854,2.0947903e-09
0.046289149,2.3007638e-09
0.022200962,2.355756e-09
0.029125211,2.4084137e-09
0.033221123,2.498107e-09
0.026079787,1.6300461e-09
0.017760058,1.6220104e-09
0.012841063,1.6208088e-09
0.01998545,1.6628992e-09
0.015249522,1.6638891e-09
0.015279246,1.7242798e-09
0.029386176,1.651604e-09
0.022622135,1.6898194e-09
0.028598537,1.6766353e-09
0.015003335,2.0865518e-09
0.014136981,1.9857884e-09
0.012602513,1.9131476e-09
0.020722527,1.9468722e-09
0.015790533,1.858323e-09
0.026820084,1.8146177e-09
0.0126038,1.6522615e-09
0.017681662,1.7136466e-09
0.0126,1.7658078e-09
0.012959901,1.7687801e-09
0.012653015,1.70274e-09
0.0126,1.8299765e-09
0.12426969,2.7895612e-09
0.100139086,2.7415568e-09
0.072512368,2.6915474e-09
0.148428412,2.8771403e-09
0.119921855,2.8285136e-09
0.175515977,2.971257e-09
0.41982968,4.1293786e-09
0.451101822,4.3720365e-09
0.480511393,4.603538e-09
0.408959956,4.1704156e-09
0.444154177,4.414646e-09
0.396665363,4.212826e-09
0.343185774,3.7738594e-09
0.383274747,3.9514174e-09
0.370033538,3.990001e-09
0.514172955,4.878668e-09
0.548098105,5.099088e-09
0.511967983,4.974748e-09
0.478759722,4.7077675e-09
0.475363833,4.8087068e-09
0.439466886,4.524124e-09
0.280569238,3.4800487e-09
0.306261385,3.672285e-09
0.333126434,3.8881556e-09
0.256393732,3.3842646e-09
0.280573704,3.5714254e-09
0.238502436,3.2921585e-09
0.247886393,3.2866962e-09
0.227176259,3.1985923e-09
0.21810323,3.1271314e-09
0.163973722,2.9220197e-09
0.190942508,3.0200766e-09
0.202883194,3.082169e-09
0.0126,1.5235021e-09
0.0126,1.511225e-09
0.01362276,1.5582013e-09
0.035087853,1.5932384e-09
0.02371813,1.5609788e-09
0.01579196,1.5272927e-09
0.023974354,1.5916926e-09
0.017259922,1.558233e-09
0.016891784,1.592819e-09
0.033848639,1.6262057e-09
0.022461332,1.628198e-09
0.016252641,1.631745e-09
0.029101861,1.661274e-09
0.019697495,1.6661211e-09
0.028534411,1.6980658e-09
0.023806724,1.7180244e-09
0.020689181,1.6839928e-09
0.032620868,1.736575e-09
0.075086784,1.8363883e-09
0.111591685,1.9245943e-09
0.11786443,2.0241036e-09
0.090391829,1.869606e-09
0.117533708,1.9745665e-09
0.102138339,1.9121278e-09
0.063173852,1.8054583e-09
0.030404985,1.7349575e-09
0.045024909,1.7849648e-09
0.02656632,1.8000234e-09
0.016702989,1.8565053e-09
0.014047267,1.9087565e-09
0.024364175,1.8420824e-09
0.023366481,1.9012114e-09
0.043472498,1.875195e-09
0.037180952,1.7574763e-09
0.030206971,1.7805877e-09
0.036532134,1.8167208e-09
0.022767996,1.979339e-09
0.064751749,2.0408801e-09
0.04646318,1.9605986e-09
0.070945682,1.9415147e-09
0.056420951,1.935539e-09
0.058335654,1.9126856e-09
0.076630529,2.022343e-09
0.063980687,1.9993704e-09
0.116132927,2.0822428e-09
0.105796838,2.058443e-09
0.090483811,1.9998614e-09
0.103847402,2.084639e-09
0.107036217,1.9714508e-09
0.088244193,1.8843977e-09
0.085840612,1.9207511e-09
0.025007958,1.8196112e-09
0.02825067,1.7778274e-09
0.04143143,1.7844708e-09
0.023461268,1.7661521e-09
0.020820373,1.7502291e-09
0.022615997,1.7219233e-09
0.024732896,1.8423267e-09
0.025576982,1.8342795e-09
0.024760719,1.8261713e-09
0.025994545,1.7582132e-09
0.025440175,1.7605586e-09
0.028351899,1.7051125e-09
0.019930438,1.8031694e-09
0.02397279,1.7235322e-09
0.016942801,1.7630327e-09
0.026746602,2.2824125e-09
0.044103121,2.344121e-09
0.057854975,2.3984144e-09
0.022035498,2.163787e-09
0.039229717,2.2336593e-09
0.017603486,2.0693258e-09
0.085870894,2.653247e-09
0.065678038,2.5231652e-09
0.070734134,2.602627e-09
0.055701584,2.4668918e-09
0.051231591,2.5471445e-09
0.038568439,2.4155922e-09
0.014014592,1.814225e-09
0.013475091,1.86872e-09
0.012611727,1.9366588e-09
0.01639407,1.9161024e-09
0.0146771,1.9735162e-09
0.018637036,2.0195023e-09
0.017109554,1.8575739e-09
0.020098237,1.9606934e-09
0.021986322,1.9007247e-09
0.036245281,2.1966686e-09
0.026702044,2.109336e-09
0.01556318,2.0139856e-09
0.0478956,2.2425386e-09
0.034027583,2.1602853e-09
0.055083157,2.3104707e-09
0.026191811,2.1328013e-09
0.01946325,2.0747795e-09
0.018222903,2.0378637e-09
0.117141583,2.7696965e-09
0.157903303,2.9019107e-09
0.19773105,3.066043e-09
0.112785825,2.7519667e-09
0.152537095,2.8844325e-09
0.116473907,2.7363996e-09
0.080469862,2.6381184e-09
0.082994129,2.625062e-09
0.066462818,2.5151983e-09
0.502414798,5.169983e-09
0.530425261,5.407173e-09
0.507495762,5.2673728e-09
0.475981037,5.0501403e-09
0.43104401,4.705717e-09
0.380200512,4.31336e-09
0.466787068,4.9497735e-09
0.418407059,4.592536e-09
0.461840662,4.842395e-09
0.378584529,4.2495456e-09
0.423012602,4.5602486e-09
0.373370236,4.283768e-09
0.321969059,3.920989e-09
0.319765062,3.9530845e-09
0.272715884,3.5963692e-09
0.222302975,3.2393253e-09
0.252940492,3.5426018e-09
0.315956033,3.8952876e-09
0.209390452,3.1896743e-09
0.254090556,3.4893253e-09
0.198329539,3.141813e-09
0.171639923,2.9706826e-09
0.144025082,2.8398146e-09
0.182256973,3.0167602e-09
0.573514569,5.600134e-09
0.55687429,5.4831806e-09
0.621739526,5.7282588e-09
0.622419372,5.8413625e-09
0.596612641,5.7789027e-09
0.66539222,5.9626983e-09
0.0126,1.4725684e-09
0.0126,1.461102e-09
0.0126,1.4279934e-09
0.014590329,1.5147591e-09
0.017731558,1.542692e-09
0.019407408,1.577201e-09
0.012699659,1.502998e-09
0.01337208,1.540346e-09
0.01318773,1.5009127e-09
0.033788417,1.5802686e-09
0.028088518,1.5745809e-09
0.022376296,1.5482993e-09
0.046685745,1.6155273e-09
0.053510911,1.638386e-09
0.054761076,1.662104e-09
0.043350359,1.6068854e-09
0.04448994,1.6347033e-09
0.030374188,1.6064502e-09
0.047063,1.6448837e-09
0.041646672,1.676879e-09
0.054246872,1.6634913e-09
0.060025545,1.7369887e-09
0.054514123,1.7252415e-09
0.043024728,1.712547e-09
0.055968171,1.7743522e-09
0.049482406,1.7675011e-09
0.048368416,1.8228455e-09
0.058598638,1.7106038e-09
0.058506588,1.6856319e-09
0.052392719,1.6937725e-09
0.073898779,1.8136448e-09
0.073931761,1.824417e-09
0.075331208,1.8733317e-09
0.061321381,1.8089571e-09
0.07054843,1.8492771e-09
0.06095984,1.8166024e-09
0.024773099,1.8159204e-09
0.045971757,1.8143981e-09
0.041631862,1.7932574e-09
0.064390696,1.7948425e-09
0.061634705,1.815196e-09
0.05433312,1.8469758e-09
0.07004536,1.8308577e-09
0.063416571,1.8715964e-09
0.072919381,1.881299e-09
0.064453272,1.7609955e-09
0.057573411,1.7974626e-09
0.068261891,1.7802758e-09
0.069837548,1.811667e-09
0.060335492,1.8059719e-09
0.072832933,1.8315469e-09
0.035313369,1.9850146e-09
0.050289859,1.9018898e-09
0.064063268,1.8417944e-09
0.02455445,1.9303237e-09
0.031179623,1.8570756e-09
0.02155747,1.8742345e-09
0.019757714,2.0462019e-09
0.01841409,1.9828739e-09
0.019752929,1.9147823e-09
0.022067997,2.1071964e-09
0.01907449,2.0370305e-09
0.028441709,2.1603452e-09
0.024149594,1.9504458e-09
0.023841957,2.0592745e-09
0.021861469,1.9340767e-09
0.024982059,2.0149105e-09
0.022149084,2.0745592e-09
0.028486663,2.1237272e-09
0.093549802,2.6130296e-09
0.07058518,2.5111504e-09
0.046160723,2.4310047e-09
0.069954046,2.5105102e-09
0.055117853,2.4143536e-09
0.061389952,2.403624e-09
0.040581627,2.2794664e-09
0.051686612,2.3308913e-09
0.040466128,2.3572884e-09
0.030209536,2.233665e-09
0.032000945,2.3076276e-09
0.034435685,2.3766522e-09
0.02294166,2.2753184e-09
0.028324922,2.3410627e-09
0.021683665,2.3189943e-09
0.023884043,2.2770503e-09
0.032313438,2.2264184e-09
0.018567873,2.23225e-09
0.023659962,2.1826267e-09
0.016285557,2.1320794e-09
0.021151609,2.1814346e-09
0.159538505,2.9452631e-09
0.125080552,2.7905849e-09
0.094212938,2.675066e-09
0.140563457,2.8138756e-09
0.113284323,2.6910738e-09
0.120187138,2.7117142e-09
0.083565686,2.5877511e-09
0.064526692,2.5087812e-09
0.093531538,2.5976739e-09
0.154646563,3.0585947e-09
0.122439129,2.8952043e-09
0.104710476,2.7703617e-09
0.171336385,3.0878924e-09
0.14211524,2.919932e-09
0.18470237,3.1155216e-09
0.688975847,5.966942e-09
0.68246041,5.9350356e-09
0.725114896,6.0673266e-09
0.499200326,5.2126237e-09
0.514335915,5.3358598e-09
0.527100848,5.4514055e-09
0.465131919,5.0534252e-09
0.474181479,5.176955e-09
0.430610113,4.8780406e-09
0.419389793,4.7073665e-09
0.407166638,4.519386e-09
0.449104352,4.887398e-09
0.388092224,4.552506e-09
0.346954567,4.1975055e-09
0.298869833,3.834961e-09
0.380125529,4.3647947e-09
0.340510994,3.9985704e-09
0.367353839,4.1597996e-09
0.27427807,3.5904895e-09
0.233369131,3.3528742e-09
0.302151399,3.7416603e-09
0.200895012,3.29133e-09
0.219813417,3.3236256e-09
0.251027012,3.5550458e-09
0.539259645,5.5488587e-09
0.58039706,5.6722187e-09
0.620446898,5.788393e-09
0.591844935,5.707551e-09
0.637426529,5.8265113e-09
0.649454037,5.856622e-09
0.580879192,5.7015352e-09
0.516522182,5.4920073e-09
0.476076703,5.271052e-09
0.550993817,5.6406524e-09
0.507412775,5.4265494e-09
0.545261127,5.5725407e-09
0.458585556,5.1502123e-09
0.443352658,5.0192686e-09
0.48962634,5.3059765e-09
0.517815163,5.4646354e-09
0.490973146,5.371812e-09
0.549825833,5.586127e-09
0.729761478,6.018941e-09
0.713713226,6.007459e-09
0.747665277,6.1037078e-09
0.015262639,1.4690608e-09
0.017214843,1.4897616e-09
0.013322766,1.423754e-09
0.024956284,1.56873e-09
0.022099866,1.5364268e-09
0.01661854,1.5142391e-09
0.031830976,1.6131061e-09
0.025171945,1.5794644e-09
0.035701766,1.6532727e-09
0.014172327,1.5898793e-09
0.024917931,1.6156083e-09
0.015768013,1.553554e-09
0.016706197,1.6251435e-09
0.023167605,1.6791486e-09
0.036870044,1.7383489e-09
0.022020343,1.6492147e-09
0.032250068,1.7138312e-09
0.033956856,1.6856173e-09
0.027004865,1.6486732e-09
0.042937835,1.6710864e-09
0.033805688,1.6968243e-09
0.055302111,1.6961283e-09
0.056869067,1.7316815e-09
0.049124545,1.7692694e-09
0.05003049,1.7144199e-09
0.05160668,1.7594562e-09
0.047233088,1.749256e-09
0.064071519,1.7319775e-09
0.058895518,1.7422296e-09
0.060061552,1.7132855e-09
0.070570022,1.7560721e-09
0.068143406,1.7760431e-09
0.056250757,1.7676214e-09
0.050343787,1.7978193e-09
0.049168623,1.8169313e-09
0.069661645,1.833862e-09
0.026800618,1.8388076e-09
0.043529692,1.868145e-09
0.019388961,1.9125406e-09
0.030970685,1.8152388e-09
0.042001418,1.802086e-09
0.02025143,1.862569e-09
0.061052071,1.9627093e-09
0.045135395,1.938525e-09
0.074427955,1.8865274e-09
0.022737696,2.148621e-09
0.024867476,2.0644222e-09
0.024712523,1.9846014e-09
0.029357527,2.0955553e-09
0.046720285,2.0133786e-09
0.035513085,2.0411217e-09
0.021790875,2.2515656e-09
0.016561451,2.1636812e-09
0.021204571,2.0731459e-09
0.023073411,2.2284277e-09
0.020102425,2.1389681e-09
0.027774744,2.1988291e-09
0.02065304,2.2187439e-09
0.022184128,2.1840743e-09
0.02010706,2.12994e-09
0.026949492,2.2772206e-09
0.020709637,2.3329907e-09
0.018724817,2.3735116e-09
0.015111836,2.3760227e-09
0.0126,2.4211633e-09
0.012911074,2.4622466e-09
0.023695896,2.333906e-09
0.022253735,2.3087592e-09
0.017513462,2.404768e-09
0.064172714,2.6052747e-09
0.052782585,2.5601292e-09
0.04573717,2.5374893e-09
0.063475943,2.533183e-09
0.052815043,2.5005782e-09
0.04883359,2.4654616e-09
0.029512599,2.3998747e-09
0.039756772,2.4244675e-09
0.041870493,2.4706708e-09
0.019660984,2.4447362e-09
0.027316338,2.5075373e-09
0.013035574,2.489509e-09
0.122875758,2.942706e-09
0.092174882,2.8471374e-09
0.069176093,2.77262e-09
0.092256365,2.8062979e-09
0.066097279,2.735669e-09
0.078920423,2.7035338e-09
0.045649838,2.6645162e-09
0.041328045,2.5904598e-09
0.053040175,2.6333151e-09
0.160057377,3.132136e-09
0.203656942,3.377905e-09
0.247667337,3.6469436e-09
0.163971472,3.208186e-09
0.199987502,3.4622476e-09
0.153187269,3.2842993e-09
0.128513854,3.0061773e-09
0.134605534,3.0739837e-09
0.10229942,2.9023863e-09
0.672336521,5.8958225e-09
0.688936927,5.9105236e-09
0.703330281,5.919712e-09
0.635815497,5.790687e-09
0.651663473,5.8026957e-09
0.592812033,5.6775624e-09
0.569935083,5.642543e-09
0.549079309,5.599484e-09
0.612210107,5.7529466e-09
0.435752541,5.29729e-09
0.470661445,5.3849343e-09
0.507199012,5.468809e-09
0.482619259,5.4273377e-09
0.515539199,5.515357e-09
0.536796317,5.5537286e-09
0.422327418,4.978696e-09
0.363784801,4.6504676e-09
0.304511561,4.293136e-09
0.409887812,4.8465263e-09
0.353533844,4.506961e-09
0.397344137,4.7030793e-09
0.296178451,4.0009263e-09
0.348611854,4.358965e-09
0.298357644,4.153769e-09
0.193256449,3.6097239e-09
0.246749731,3.803866e-09
0.245795107,3.9474566e-09
0.481829665,5.363437e-09
0.429411938,5.1689435e-09
0.384236695,4.9576494e-09
0.465256128,5.2747198e-09
0.419182829,5.072989e-09
0.452012554,5.1766555e-09
0.358349029,4.751404e-09
0.331457041,4.5275907e-09
0.391545798,4.8714535e-09
0.416425704,5.1946056e-09
0.400666003,5.0814775e-09
0.450900826,5.2812794e-09
0.702095101,5.9284497e-09
0.661225808,5.8185865e-09
0.619210631,5.6979896e-09
0.662841751,5.813937e-09
0.619815784,5.6985843e-09
0.610384971,5.6917537e-09
0.693589134,5.9220424e-09
0.656546401,5.8126526e-09
0.733844712,6.0272187e-09
0.698393189,5.927103e-09
0.737154575,6.028009e-09
0.761587416,6.1152465e-09
0.013932363,1.5717921e-09
0.013373576,1.4927476e-09
0.015152395,1.5440643e-09
0.013378693,1.671208e-09
0.015485041,1.6366503e-09
0.020383763,1.6052633e-09
0.014890214,1.7358938e-09
0.019591299,1.6981814e-09
0.015125306,1.7962042e-09
0.02891601,1.6519099e-09
0.037851026,1.6937499e-09
0.02558524,1.741973e-09
0.044900546,1.7449633e-09
0.050199583,1.8415319e-09
0.058367715,1.9397595e-09
0.038002577,1.7954862e-09
0.044623195,1.8995803e-09
0.026386795,1.8520754e-09
0.046391165,1.7714303e-09
0.044797095,1.7937959e-09
0.052599192,1.8620726e-09
0.046304922,1.812018e-09
0.042828831,1.8880308e-09
0.031365674,1.9651205e-09
0.048439215,1.8769937e-09
0.04670588,1.9598436e-09
0.053596416,1.9517958e-09
0.049092744,1.814934e-09
0.039325886,1.8171733e-09
0.033134824,1.8844657e-09
0.022795803,1.8733317e-09
0.015918942,1.9300421e-09
0.017702877,1.9473845e-09
0.016979296,2.1659514e-09
0.013670877,2.1837372e-09
0.015138861,2.2028035e-09
0.016816254,2.0811661e-09
0.014055075,2.0978537e-09
0.012663345,1.9998556e-09
0.017995832,2.1231479e-09
0.020560488,2.0440891e-09
0.013583181,2.0216366e-09
0.018448563,2.2336957e-09
0.016084096,2.318488e-09
0.015827028,2.4029179e-09
0.013732176,2.2519786e-09
0.012618025,2.3393758e-09
0.0126706,2.2717654e-09
0.021764523,2.2684314e-09
0.026515684,2.3012958e-09
0.022583372,2.3507511e-09
0.026726473,2.382508e-09
0.017577236,2.4530558e-09
0.021870291,2.4325666e-09
0.024634873,2.5417373e-09
0.042079276,2.557913e-09
0.05275051,2.574684e-09
0.069993372,2.6251838e-09
0.084826615,2.6340963e-09
0.065084762,2.7238847e-09
0.083265375,2.7274472e-09
0.099417139,2.719783e-09
0.093490122,2.696542e-09
0.061186252,2.618772e-09
0.052091927,2.5997648e-09
0.01769698,2.5241629e-09
0.015701294,2.4979616e-09
0.01642302,2.5166484e-09
0.049158473,2.594985e-09
0.070461488,2.7774194e-09
0.097973737,2.9001908e-09
0.110773961,3.0606075e-09
0.067315603,2.7936737e-09
0.07893121,2.9092708e-09
0.050972372,2.825419e-09
0.041329334,2.6775133e-09
0.051066131,2.7025366e-09
0.040279031,2.6104092e-09
0.032401525,2.7617733e-09
0.04497166,2.7349822e-09
0.063305211,2.655383e-09
0.123499188,3.493134e-09
0.123200982,3.4275567e-09
0.138346572,3.3577152e-09
0.170678181,3.741232e-09
0.179827509,3.6794865e-09
0.236782899,4.0107e-09
0.078775941,3.2034402e-09
0.06239558,2.979622e-09
0.09590127,3.1309448e-09
0.024536562,3.0248555e-09
0.018164792,2.9128013e-09
0.030515567,2.8117255e-09
0.019961695,2.9278708e-09
0.022927322,2.8239975e-09
0.027043574,2.8609324e-09
0.547920263,5.5579052e-09
0.566066711,5.567559e-09
0.573118715,5.569042e-09
0.504510292,5.4353273e-09
0.520603537,5.4404907e-09
0.46289053,5.311292e-09
0.441418093,5.3084634e-09
0.491019408,5.434608e-09
0.453094587,5.313312e-09
0.393669901,5.148403e-09
0.362935338,4.986336e-09
0.330282418,4.803799e-09
0.37881,5.0391193e-09
0.342680265,4.8671707e-09
0.361271702,4.9177418e-09
0.401263999,5.1597393e-09
0.408739998,5.1647207e-09
0.366717248,4.9976334e-09
0.321903739,4.676666e-09
0.256842612,4.368591e-09
0.198948001,4.0723958e-09
0.294431269,4.4576756e-09
0.226761061,4.1578576e-09
0.266507734,4.2327266e-09
0.150232929,3.691737e-09
0.196742228,3.950539e-09
0.175158774,3.8840957e-09
0.283934454,4.558125e-09
0.236945428,4.308157e-09
0.300353833,4.623565e-09
0.479127203,5.3254277e-09
0.480222245,5.329336e-09
0.477737289,5.3245572e-09
0.528154683,5.449693e-09
0.528133633,5.448902e-09
0.575657262,5.575051e-09
0.690194065,5.923785e-09
0.645636844,5.8049334e-09
0.655120872,5.8119625e-09
0.610015186,5.684839e-09
0.617528048,5.6959784e-09
0.520024478,5.431574e-09
0.570561192,5.565245e-09
0.561891877,5.5445786e-09
0.710308878,6.0065752e-09
0.012650954,1.6813856e-09
0.012723067,1.7515174e-09
0.0126,1.8168858e-09
0.0126,1.7660248e-09
0.0126,1.8369458e-09
0.012600375,1.6547022e-09
0.01444466,1.9187212e-09
0.015719894,2.0447335e-09
0.012917371,2.1741902e-09
0.0126,1.9468092e-09
0.012757101,2.0807416e-09
0.012617013,1.974862e-09
0.027720588,1.9691924e-09
0.048182155,2.0112605e-09
0.023291973,2.0890087e-09
0.05081697,2.0731081e-09
0.028822447,2.2061508e-09
0.018494629,2.3426936e-09
0.030610819,2.15353e-09
0.014274833,2.2967273e-09
0.013777544,2.24213e-09
0.052258839,2.0766495e-09
0.040125018,2.0777207e-09
0.033083107,2.2024305e-09
0.028730602,2.1609747e-09
0.022484997,2.2438877e-09
0.028370649,2.2903612e-09
0.017240012,2.5761777e-09
0.018888306,2.5017088e-09
0.023931191,2.4234554e-09
0.014143068,2.4391713e-09
0.023421572,2.3658395e-09
0.015177621,2.3162712e-09
0.0126,2.3855597e-09
0.014543859,2.451354e-09
0.020230589,2.5085487e-09
0.035797062,2.5574203e-09
0.074202721,2.6701086e-09
0.043028589,2.6285383e-09
0.088872314,2.8177631e-09
0.071991008,2.8301843e-09
0.046025462,2.826939e-09
0.060034396,2.9513039e-09
0.039143318,2.9517568e-09
0.058972163,3.0930036e-09
0.032499879,3.05007e-09
0.046246005,3.0756295e-09
0.025311897,2.9335678e-09
0.060782014,3.0046012e-09
0.078328849,2.8892424e-09
0.093455303,2.7858105e-09
0.062430203,3.0502778e-09
0.072566177,2.9279001e-09
0.056147317,3.0803609e-09
0.053302728,2.8549443e-09
0.032353267,2.711039e-09
0.074215962,2.7560438e-09
0.102258321,3.4155685e-09
0.081736524,3.3699277e-09
0.050110732,3.361781e-09
0.056302357,3.1705203e-09
0.044580328,3.172694e-09
0.041725493,2.9871017e-09
0.131447115,3.5957344e-09
0.147192772,3.770008e-09
0.100380012,3.5278687e-09
0.031204498,3.1058847e-09
0.026162396,3.0285325e-09
0.032497358,3.2131506e-09
0.038940952,3.1600855e-09
0.048473176,3.2340879e-09
0.046011106,3.3274115e-09
0.057636209,3.2987206e-09
0.068989869,3.3604213e-09
0.063638415,3.429572e-09
0.050527987,3.1916614e-09
0.062527807,3.3341507e-09
0.065652003,3.2204437e-09
0.421660212,5.180354e-09
0.367954183,5.0229763e-09
0.318458303,4.831938e-09
0.423249216,5.179073e-09
0.370142278,5.012497e-09
0.416477051,5.1682427e-09
0.372516067,5.0118683e-09
0.331361196,4.8358144e-09
0.335155613,4.825926e-09
0.273939611,4.5098627e-09
0.274354378,4.5244906e-09
0.263392898,4.5274016e-09
0.212209527,4.2185757e-09
0.212130622,4.2265382e-09
0.151876691,3.9819907e-09
0.181942813,4.048076e-09
0.224805666,4.2687027e-09
0.166382836,4.017476e-09
0.126252092,3.769402e-09
0.105042489,3.767498e-09
0.077757272,3.5606118e-09
0.435890414,5.2172124e-09
0.476210793,5.310781e-09
0.517010796,5.4141e-09
0.389797066,5.100762e-09
0.43032066,5.180941e-09
0.340354305,4.974749e-09
0.379148235,5.076274e-09
0.333863203,4.9602336e-09
0.327028772,4.9124527e-09
0.360219633,4.987121e-09
0.461389916,5.2159836e-09
0.545402776,5.4860925e-09
0.382319006,4.993224e-09
0.494742562,5.271578e-09
0.587441427,5.6270766e-09
0.012630294,1.9972255e-09
0.013406656,2.1162954e-09
0.014536712,2.221361e-09
0.01314342,2.1510764e-09
0.015025791,2.2701985e-09
0.0126,1.9898125e-09
0.013859915,2.3480111e-09
0.013414937,2.540692e-09
0.012675588,2.7518607e-09
0.015793148,2.4128786e-09
0.01393512,2.6218399e-09
0.015204615,2.4793054e-09
0.0126,2.4091407e-09
0.0126,2.4590687e-09
0.0126,2.5972233e-09
0.012754919,2.8801401e-09
0.014550075,2.7121383e-09
0.014579179,2.560567e-09
0.025351506,2.9990104e-09
0.028581327,2.8207745e-09
0.042030057,3.1071674e-09
0.018425933,2.7278455e-09
0.039358516,2.9100804e-09
0.015627198,2.6466236e-09
0.047876005,3.0499294e-09
0.044767413,3.0840985e-09
0.031975676,2.8856972e-09
0.042314896,3.2069762e-09
0.032097454,3.3982734e-09
0.083700174,3.5539414e-09
0.029173367,3.2578567e-09
0.028194426,3.4427774e-09
0.024472715,3.2907028e-09
0.043351347,3.2458551e-09
0.055892537,3.2670517e-09
0.044712989,3.427517e-09
0.066628722,3.395858e-09
0.057538775,3.4988383e-09
0.082104493,3.5427208e-09
0.025945736,3.690422e-09
0.064008364,3.67658e-09
0.115518322,3.6319965e-09
0.032597258,3.633307e-09
0.068775567,3.6031251e-09
0.050843016,3.5448744e-09
0.080965637,3.794863e-09
0.053104871,3.6840557e-09
0.061518466,3.6412828e-09
0.057005373,3.6374548e-09
0.052822294,3.5830803e-09
0.04359913,3.4847758e-09
0.063230322,3.5186494e-09
0.062697096,3.4741146e-09
0.055711513,3.5864842e-09
0.031430513,3.661632e-09
0.042327172,3.6044094e-09
0.051951745,3.6364793e-09
0.249595303,4.575568e-09
0.2519338,4.6613784e-09
0.252939129,4.719028e-09
0.179398531,4.305865e-09
0.179353055,4.377564e-09
0.111211014,4.0716692e-09
0.199828354,4.276904e-09
0.130765592,4.063183e-09
0.150748606,4.0329535e-09
0.067216433,3.835039e-09
0.05985083,3.849861e-09
0.057835548,3.714768e-09
0.249047095,4.742378e-09
0.251486364,4.7439164e-09
0.26773348,4.721672e-09
0.176505719,4.4653468e-09
0.174103371,4.4732995e-09
0.116876967,4.161413e-09
0.18112483,4.4447743e-09
0.121259914,4.1602033e-09
0.115801071,4.1270276e-09
0.129160217,4.171484e-09
0.218127515,4.4434936e-09
0.354565174,4.726065e-09
0.178773225,4.1589083e-09
0.305445799,4.430836e-09
0.459755873,4.875141e-09
0.0126,2.7452252e-09
0.013150152,2.535843e-09
0.013861139,2.9005154e-09
0.013107196,2.6963851e-09
0.014570355,2.8392309e-09
0.012633327,2.5525269e-09
0.078058924,3.660744e-09
0.064422086,3.6905812e-09
0.037258751,3.7010386e-09
0.068355868,3.6603705e-09
0.048948407,3.6705217e-09
0.064132519,3.6501429e-09
0.017521385,3.0760139e-09
0.026901313,3.0542506e-09
0.021846606,2.9902165e-09
0.026804024,3.2128114e-09
0.036018923,3.192827e-09
0.027839729,3.333007e-09
0.017018193,3.1179581e-09
0.018019829,3.232905e-09
0.02280757,3.3128666e-09
0.044035475,3.4451602e-09
0.037238634,3.4334058e-09
0.018376608,3.3614915e-09
0.068356874,3.5391075e-09
0.067131939,3.535115e-09
0.08191887,3.6150956e-09
0.114136383,3.616058e-09
0.098661402,3.6350276e-09
0.055881326,3.5077625e-09
0.055709483,3.7105343e-09
0.036848856,3.6972645e-09
0.067556703,3.664873e-09
0.044468737,3.7183956e-09
0.078950467,3.6870764e-09
0.114977543,3.6674843e-09
0.031982655,3.7200856e-09
0.044780236,3.7262633e-09
0.061490239,3.7093133e-09
0.058824837,3.7156491e-09
0.090265832,3.6903378e-09
0.078415529,3.7083292e-09
0.069582735,3.8521795e-09
0.073263069,3.861941e-09
0.072711638,3.8528993e-09
0.078756826,3.6844525e-09
0.054691951,3.6566212e-09
0.067671161,3.5496965e-09
0.077929752,3.7205345e-09
0.0917488,3.6261427e-09
0.077155139,3.660408e-09
0.067725771,3.6060863e-09
0.077507976,3.6321268e-09
0.07563644,3.5612775e-09
0.123685391,3.866699e-09
0.053507963,3.5847039e-09
0.029961734,3.3790382e-09
0.095887029,3.8609715e-09
0.053278958,3.6116572e-09
0.078803175,3.8679193e-09
0.04845982,3.6400387e-09
0.041390769,3.4390855e-09
0.043794669,3.4949266e-09
0.026876294,3.3306984e-09
0.087235465,3.594426e-09
0.20065205,3.9201824e-09
0.062313123,3.312101e-09
0.155864737,3.6580925e-09
0.275444681,4.038999e-09
0.012876657,3.3007743e-09
0.0126,3.2242873e-09
0.014401707,3.181367e-09
0.0126,3.1015075e-09
0.012601623,3.0427483e-09
0.0126,2.9592084e-09
0.074647855,3.6218346e-09
0.054286973,3.5496064e-09
0.061462494,3.4842318e-09
0.049310282,3.5575998e-09
0.038568067,3.4710237e-09
0.034582225,3.4698178e-09
0.099182802,3.650226e-09
0.073201697,3.5841723e-09
0.09335146,3.6661223e-09
0.0126,3.2106273e-09
0.0126,3.3271241e-09
0.028007347,3.4035321e-09
0.013414742,3.298159e-09
0.0313634,3.4125898e-09
0.022846558,3.3683514e-09
0.070961308,3.5672882e-09
0.049004083,3.4845309e-09
0.053104514,3.494142e-09
0.023629599,3.4206222e-09
0.057820521,3.5364067e-09
0.078263062,3.6200638e-09
0.04182264,3.4584076e-09
0.069565946,3.5740584e-09
0.059667167,3.4818912e-09
0.077956877,3.6614938e-09
0.079970822,3.5841996e-09
0.06333242,3.6491716e-09
0.088592402,3.5940066e-09
0.066765694,3.4911127e-09
0.072051693,3.495057e-09
0.046833442,3.1793153e-09
0.035029745,3.0422234e-09
0.023521567,2.9777827e-09
0.053765056,3.2794e-09
0.03733318,3.195721e-09
0.056470238,3.3859169e-09
0.033259838,3.3195628e-09
0.038332785,3.3363179e-09
0.030817701,3.1519292e-09
0.036309817,2.682661e-09
0.042411686,2.93284e-09
0.032894422,3.1657237e-09
0.051061447,2.8346696e-09
0.045889818,3.0922025e-09
0.065084035,3.0449163e-09
0.024327343,2.748504e-09
0.018674009,2.8483185e-09
0.038738869,2.9728624e-09
0.047748381,3.044035e-09
0.032783636,2.7471718e-09
0.046772038,2.7678013e-09
0.029713795,2.4990876e-09
0.038534331,2.574608e-09
0.034953852,3.0518141e-09
0.012676072,3.2212455e-09
0.014127139,3.0416258e-09
0.0126,3.1474756e-09
0.01260348,2.9611862e-09
0.0126,3.0542835e-09
0.0126,2.8580363e-09
0.053832262,3.0466392e-09
0.046656278,3.2181455e-09
0.048894235,3.3651113e-09
0.093417045,3.2098455e-09
0.06863179,3.3665182e-09
0.070476645,3.352446e-09
0.079869243,3.1816252e-09
0.060791681,2.9941454e-09
0.095402574,3.0227485e-09
0.018308222,2.9005605e-09
0.01685653,3.1039196e-09
0.013264196,3.2786072e-09
0.022356839,2.951863e-09
0.015112968,3.1493876e-09
0.021992338,2.9862672e-09
0.035065956,3.341108e-09
0.019353036,3.1750993e-09
0.017064062,3.3171692e-09
0.023664429,3.0384084e-09
0.023752761,3.0186451e-09
0.029874955,3.2027638e-09
0.068785651,2.5726403e-09
0.091041212,2.738987e-09
0.07643264,2.8974823e-09
0.058384449,2.712378e-09
0.079238887,2.8708493e-09
0.042286311,2.8468925e-09
0.029769357,2.2907636e-09
0.014625118,2.5360951e-09
0.021629612,2.767313e-09
0.022114147,2.3892723e-09
0.01577451,2.6272904e-09
0.021930877,2.5191622e-09
0.03828534,2.4717786e-09
0.031133914,2.6195213e-09
0.02301291,2.3751652e-09
0.020016528,1.9839568e-09
0.02345606,2.2049063e-09
0.027553084,2.440504e-09
0.015160107,2.1028936e-09
0.02341538,2.3313766e-09
0.023613588,2.2620819e-09
0.041343577,2.165897e-09
0.026694566,2.2859639e-09
0.033904159,2.0614694e-09
0.024584476,1.916698e-09
0.028719797,2.0618123e-09
0.058016968,2.251197e-09
0.048131067,1.8768453e-09
0.048173497,2.0498856e-09
0.094661158,2.209768e-09
0.030828055,2.7709863e-09
0.039643962,2.5363778e-09
0.028832578,2.7301177e-09
0.036482911,2.4871059e-09
0.021943626,2.6707314e-09
0.026016828,2.4150153e-09
0.052340669,2.3311346e-09
0.04198032,2.5730122e-09
0.030139478,2.8001732e-09
0.047593925,2.357253e-09
0.033171871,2.592256e-09
0.035848125,2.3666045e-09
0.059183933,2.8359366e-09
0.058384877,2.6082847e-09
0.033689229,2.8239653e-09
0.089790077,2.5087397e-09
0.063303626,2.440821e-09
0.096855847,2.6767115e-09
0.053024134,2.102946e-09
0.055213707,2.1945776e-09
0.05050553,2.283747e-09
0.056852589,2.2621307e-09
0.070444898,2.35336e-09
0.060118556,2.419515e-09
0.036784494,2.3160294e-09
0.037192761,2.2183426e-09
0.046884882,2.1578288e-09
0.027939521,1.8625557e-09
0.031403738,1.7720403e-09
0.032578099,1.7040662e-09
0.04612979,1.9629287e-09
0.048469346,1.890184e-09
0.048959361,2.0871487e-09
0.053145912,1.9597768e-09
0.050569762,2.0185837e-09
0.046447584,1.8250282e-09
0.053586354,1.5654316e-09
0.034625817,1.6948126e-09
0.021389833,1.8342763e-09
0.073816629,1.6413152e-09
0.045282821,1.7739661e-09
0.078526441,1.7405216e-09
0.02450927,1.5860454e-09
0.01945114,1.6334162e-09
0.018184952,1.7194125e-09
0.081990011,1.5257988e-09
0.102403538,1.6171492e-09
0.104077359,1.7329721e-09
0.103822746,1.5018358e-09
0.125842035,1.6091127e-09
0.130073736,1.7041251e-09
0.028566006,2.078059e-09
0.039734651,2.1132587e-09
0.033784535,2.1300985e-09
0.017262511,1.8647979e-09
0.018034325,1.8893904e-09
0.013347887,1.8202891e-09
0.014047424,1.6246295e-09
0.014415164,1.6414587e-09
0.0126,1.6520696e-09
0.026350922,1.8643953e-09
0.021967704,1.8816793e-09
0.039617564,2.1163786e-09
0.042237223,1.9395343e-09
0.024898899,1.7793337e-09
0.040997586,2.0291389e-09
0.037805387,1.7999976e-09
0.030482281,1.6707256e-09
0.02065976,1.6463854e-09
0.015384146,1.3725768e-09
0.014574205,1.4468158e-09
0.013585911,1.531671e-09
0.017589008,1.4767032e-09
0.020093202,1.5559521e-09
0.02311995,1.5872236e-09
0.032276355,1.3566941e-09
0.019849474,1.458952e-09
0.021057779,1.574777e-09
0.036219418,1.4178493e-09
0.022391023,1.518827e-09
0.045900538,1.4869289e-09
0.022017442,1.3608571e-09
0.015717656,1.4643664e-09
0.027887847,1.3550789e-09
0.060723907,1.2902325e-09
0.064999732,1.375428e-09
0.0638238,1.4670656e-09
0.076346799,1.3461665e-09
0.084503243,1.4328544e-09
0.09729532,1.4133642e-09
0.042191636,1.3252447e-09
0.050411978,1.3915913e-09
0.051195403,1.3030316e-09
0.062890852,1.2740938e-09
0.084001677,1.336964e-09
0.106110347,1.4118591e-09
0.070256239,1.2648691e-09
0.093612524,1.3349917e-09
0.111832738,1.3919343e-09
0.0126,1.338447e-09
0.0126,1.4900242e-09
0.0126,1.3329227e-09
0.0126,1.4855379e-09
0.0126,1.4743188e-09
0.0126,1.2985032e-09
0.019402165,1.1855478e-09
0.014172838,1.1903176e-09
0.0126,1.1962225e-09
0.012611952,1.3148864e-09
0.0126,1.3238002e-09
0.0126,1.4616091e-09
0.019628778,1.3073911e-09
0.020528545,1.2451261e-09
0.012787372,1.3797178e-09
0.05012515,1.1592185e-09
0.038646211,1.1636413e-09
0.027624827,1.1728106e-09
0.040205221,1.2239098e-09
0.030065664,1.2322868e-09
0.02806693,1.2949534e-09
0.033422623,1.2874898e-09
0.038030617,1.2862635e-09
0.046045832,1.2206114e-09
0.05164179,1.1661906e-09
0.049354869,1.2247718e-09
0.041816056,1.2881823e-09
0.049814989,1.2032917e-09
0.04634068,1.2618965e-09
0.050062301,1.2444522e-09
0.0533775,1.158954e-09
0.055649505,1.1568587e-09
0.049328379,1.2200755e-09
0.046544704,1.1243712e-09
0.051026201,1.1766553e-09
0.052403178,1.2319193e-09
0.05125411,1.163824e-09
0.054210384,1.2174862e-09
0.061850351,1.2095948e-09
0.050218117,1.1481281e-09
0.04906006,1.1877942e-09
0.047559564,1.1341965e-09
0.062772551,1.1229808e-09
0.048315732,1.1218341e-09
0.076411944,1.1707437e-09
0.061387244,1.1653202e-09
0.077623648,1.2155991e-09
0.093083818,1.2037039e-09
0.017467148,1.099944e-09
0.012971134,1.0209478e-09
0.0126,1.1027597e-09
0.0126,1.021984e-09
0.0126,1.1064475e-09
0.0126,9.885887e-10
0.027820432,9.811181e-10
0.01708002,9.68057e-10
0.013135695,9.57422e-10
0.029956361,1.0403208e-09
0.016845139,1.0297114e-09
0.025158645,1.108316e-09
0.046606485,1.0960761e-09
0.040507415,1.0367556e-09
0.036634841,1.1001143e-09
0.049649784,1.1104383e-09
0.045738282,1.0931118e-09
0.043671573,1.0796426e-09
0.045588513,1.057812e-09
0.040034589,1.0412701e-09
0.037548448,1.0082047e-09
0.033833854,9.861751e-10
0.046609845,1.0421114e-09
0.052710259,1.101856e-09
0.036542222,9.949224e-10
0.047445107,1.0516774e-09
0.05296876,1.1038012e-09
0.069978636,1.0851762e-09
0.062646502,1.0461277e-09
0.055348789,1.0829642e-09
0.048208572,1.0463066e-09
0.042588673,1.0842799e-09
0.037663015,1.0402823e-09
0.035249122,1.0030881e-09
0.03347243,1.0025069e-09
0.082455028,1.0661306e-09
0.013124526,8.8066004e-10
0.0126,9.125219e-10
0.013962274,8.930711e-10
0.01406693,9.230913e-10
0.018296834,9.358111e-10
0.0126,8.4859025e-10
0.013456429,8.558195e-10
0.016007475,8.9601276e-10
0.023127079,9.386862e-10
0.015629415,8.606902e-10
0.019778002,9.0100516e-10
0.02657437,9.464303e-10
0.029421381,9.581288e-10
0.020863208,9.11393e-10
0.028182029,9.379657e-10
0.029863174,9.713537e-10
0.041287128,9.3905e-10
0.028686335,9.691572e-10
0.047797756,9.731199e-10
0.02949085,8.914177e-10
0.021684449,8.7821833e-10
0.024056191,9.2311153e-10
0.056740841,9.422029e-10
0.012917193,8.196548e-10
0.028442172,8.552605e-10
0.106859994,2.0149393e-09
0.088638263,2.02642e-09
0.076574221,2.0412172e-09
0.06995441,2.0593216e-09
0.068490558,1.9802449e-09
0.059473409,1.995715e-09
0.053369227,2.0146893e-09
0.045212522,1.9517452e-09
0.03966338,1.9715138e-09
0.035830753,1.929764e-09
0.187140167,2.1521198e-09
0.165959489,2.1455266e-09
0.142553316,2.1426843e-09
0.121439526,2.144138e-09
0.187140167,2.1029207e-09
0.141697878,2.098786e-09
0.114378058,2.0990967e-09
0.151748715,2.0569568e-09
0.109043571,2.056055e-09
0.082218101,1.8008267e-09
0.066990881,1.7226056e-09
0.051703905,1.648595e-09
0.035988989,1.5792875e-09
0.071660202,1.7646848e-09
0.050524572,1.6856455e-09
0.033729382,1.6110557e-09
0.048081159,1.7299746e-09
0.029064646,1.6504444e-09
0.02199478,1.6966221e-09
0.055158953,1.7211599e-09
0.040492134,1.6500101e-09
0.024594505,1.5829363e-09
0.0126,1.5200753e-09
0.05524104,1.6709636e-09
0.040785325,1.6032375e-09
0.026929977,1.53946e-09
0.048452777,1.6237358e-09
0.034726307,1.5592523e-09
0.0126,1.461627e-09
0.0126,1.4821957e-09
0.0126,1.5017197e-09
0.0126,1.5186097e-09
0.0126,1.5396696e-09
0.0126,1.5595447e-09
0.0126,1.5799704e-09
0.0126,1.6015126e-09
0.013394942,1.6461638e-09
0.014927331,1.5668273e-09
0.012888574,1.5189376e-09
0.012898376,1.4736313e-09
0.0126,1.4306905e-09
0.0126,1.5299079e-09
0.0126,1.4819299e-09
0.0126,1.4366038e-09
0.0126,1.4948801e-09
0.0126,1.4468836e-09
0.0126,1.8945798e-09
0.01447254,1.9003583e-09
0.022809797,1.911051e-09
0.0126,1.9451507e-09
0.0153415,1.9530007e-09
0.02464024,1.9666537e-09
0.013451871,1.9977382e-09
0.019036514,2.007986e-09
0.02260543,2.0524376e-09
0.020220673,2.036121e-09
0.021279542,1.9747197e-09
0.019071827,1.9105544e-09
0.013884303,1.8443768e-09
0.012660159,1.989987e-09
0.013594188,1.9320705e-09
0.013461012,1.8718913e-09
0.0126,1.9424045e-09
0.0126,1.8872208e-09
0.017951208,1.7499195e-09
0.012986644,1.8012533e-09
0.051253904,1.7989736e-09
0.038188767,1.8535312e-09
0.028548667,1.9010664e-09
0.072524239,1.9074478e-09
0.052636357,1.959193e-09
0.065283418,2.0187279e-09
0.234492911,2.3563258e-09
0.201647328,2.333298e-09
0.16710247,2.3126938e-09
0.137198852,2.2959479e-09
0.243409242,2.2875954e-09
0.193751004,2.2642062e-09
0.153946338,2.2445847e-09
0.223996803,2.2192181e-09
0.177051126,2.1967037e-09
0.019806227,1.5815772e-09
0.01651284,1.5248137e-09
0.013589546,1.4714922e-09
0.012676756,1.4212627e-09
0.015977521,1.5276886e-09
0.014253373,1.4744106e-09
0.012739062,1.4242322e-09
0.013355744,1.4775094e-09
0.0126,1.4273801e-09
0.0126,1.3978649e-09
0.0126,1.4406105e-09
0.013304426,1.4858893e-09
0.014453493,1.5339195e-09
0.0126,1.391997e-09
0.012705239,1.4341858e-09
0.013300312,1.4788365e-09
0.012602661,1.3852742e-09
0.012741845,1.4268635e-09
0.0126,1.3776996e-09
0.078105197,2.542335e-09
0.105901293,2.4744469e-09
0.169396233,2.4125881e-09
0.089819844,2.5664761e-09
0.131295375,2.5034208e-09
0.196976782,2.4457736e-09
0.108133202,2.5911169e-09
0.156331256,2.5325095e-09
0.126705574,2.6146378e-09
0.014093567,1.5978122e-09
0.0126,1.5298567e-09
0.0126,1.4666792e-09
0.0126,1.4076962e-09
0.013945431,1.5342108e-09
0.0126,1.470342e-09
0.0126,1.4108058e-09
0.012988016,1.4755319e-09
0.0126,1.4153325e-09
0.0126,1.4569331e-09
0.0126,1.5096023e-09
0.012645536,1.5660558e-09
0.0126,1.4057987e-09
0.0126,1.4545017e-09
0.0126,1.506538e-09
0.0126,1.402526e-09
0.0126,1.4506056e-09
0.0126,1.3779226e-09
0.0126,1.3749747e-09
0.0126,1.3749136e-09
0.012602963,1.4230875e-09
0.012621827,1.4212701e-09
0.012636354,1.4224817e-09
0.012801633,1.4705747e-09
0.013006274,1.4700324e-09
0.013820866,1.5205993e-09
0.095453851,2.825702e-09
0.084935064,2.7480433e-09
0.087908997,2.6778286e-09
0.079006093,2.8452598e-09
0.070515793,2.774059e-09
0.075019014,2.7098865e-09
0.066650379,2.85819e-09
0.05612561,2.7939182e-09
0.076991242,2.8657183e-09
0.0126,1.388965e-09
0.0126,1.386294e-09
0.0126,1.3826019e-09
0.0126,1.4385966e-09
0.0126,1.4348971e-09
0.0126,1.4301341e-09
0.0126,1.4909339e-09
0.0126,1.4861136e-09
0.0126,1.5462408e-09
0.045494789,3.1000649e-09
0.068539942,3.0110177e-09
0.116881107,2.9331482e-09
0.095444043,3.0736078e-09
0.140142291,2.9967053e-09
0.163433321,2.9303007e-09
0.111723903,3.0443408e-09
0.156048052,2.9812104e-09
0.135578136,3.0204927e-09
0.0126,1.5773952e-09
0.0126,1.5129309e-09
0.0126,1.4522614e-09
0.0126,1.3950452e-09
0.0126,1.5096558e-09
0.0126,1.4497696e-09
0.0126,1.3932729e-09
0.0126,1.4470037e-09
0.0126,1.3912291e-09
0.0126,1.6143553e-09
0.0126,1.540724e-09
0.0126,1.4717566e-09
0.0126,1.4070767e-09
0.0126,1.5349764e-09
0.0126,1.4665653e-09
0.0126,1.4023943e-09
0.0126,1.462092e-09
0.0126,1.3983611e-09
0.01720861,1.6006931e-09
0.014781557,1.5348495e-09
0.01284169,1.4727625e-09
0.012636538,1.4142222e-09
0.013173311,1.5314305e-09
0.012640855,1.4705229e-09
0.012636835,1.4130148e-09
0.0126,1.4670295e-09
0.0126,1.4106035e-09
0.083893337,3.236516e-09
0.097148914,3.1515084e-09
0.123328928,3.0799696e-09
0.111365525,3.1658869e-09
0.114250463,3.1024245e-09
0.106007077,3.0501153e-09
0.148725265,3.1143033e-09
0.124004013,3.070963e-09
0.166126412,3.081775e-09
0.012767703,1.5628243e-09
0.0126,1.5093266e-09
0.0126,1.4584827e-09
0.0126,1.4101823e-09
0.012798808,1.5105321e-09
0.0126,1.4602276e-09
0.0126,1.412384e-09
0.012628889,1.461059e-09
0.0126,1.4137227e-09
0.020701362,1.5298202e-09
0.019793594,1.4923471e-09
0.018702473,1.4562016e-09
0.021874083,1.4213397e-09
0.013206281,1.48813e-09
0.0126,1.450275e-09
0.0126,1.4138404e-09
0.0126,1.4482829e-09
0.0126,1.4101413e-09
0.151669584,3.2144318e-09
0.148156803,3.1595326e-09
0.16308599,3.1158154e-09
0.123578193,3.1326837e-09
0.156144595,3.1019414e-09
0.169987434,3.0788019e-09
0.087997559,3.0684628e-09
0.137760303,3.057241e-09
0.054053241,3.0149718e-09
0.025447676,1.4755239e-09
0.037897059,1.5332385e-09
0.050403649,1.5947532e-09
0.021874083,1.4313531e-09
0.033930111,1.485981e-09
0.047106176,1.5441783e-09
0.030714953,1.4408247e-09
0.03800971,1.495851e-09
0.030714953,1.4497191e-09
0.088420625,3.0272858e-09
0.072250725,3.0189335e-09
0.064134937,3.0149565e-09
0.060243357,2.9309244e-09
0.07953715,2.9433114e-09
0.090345428,2.9576284e-09
0.038911656,2.869894e-09
0.090345428,2.900899e-09
0.0126,2.8648117e-09
0.036968022,1.4966045e-09
0.036968022,1.4795491e-09
0.030926067,1.4639363e-09
0.054738987,1.5561193e-09
0.048328837,1.5382725e-09
0.044070918,1.5219765e-09
0.072918632,1.6191515e-09
0.066045942,1.6004578e-09
0.089747254,1.6857921e-09
0.036581571,2.7160079e-09
0.016290856,2.7669773e-09
0.01265813,2.8163165e-09
0.019952011,2.726101e-09
0.0126,2.7970388e-09
0.0126,2.8664193e-09
0.033833201,2.829067e-09
0.029644298,2.9188403e-09
0.044500557,3.0346012e-09
0.10281811,1.8134048e-09
0.086442514,1.7237695e-09
0.067982962,1.6399491e-09
0.044996918,1.5618563e-09
0.10260994,1.6964662e-09
0.082145122,1.6166439e-09
0.0614915,1.5420473e-09
0.070944698,1.591304e-09
0.051570638,1.520219e-09
0.176869362,4.783527e-09
0.188039146,4.91647e-09
0.190360137,5.0449023e-09
0.191942614,5.1685154e-09
0.19879866,5.246083e-09
0.198647885,5.367621e-09
0.198061815,5.481833e-09
0.246932133,5.679181e-09
0.25857492,5.776612e-09
0.317148273,6.0371037e-09
0.061618809,2.739161e-09
0.042198434,2.8361575e-09
0.046580203,2.9347744e-09
0.078756233,3.0072875e-09
0.044015452,3.1166159e-09
0.045022364,3.229406e-09
0.131538612,3.3966965e-09
0.098868765,3.5209637e-09
0.179189081,3.911024e-09
0.198828325,3.5206704e-09
0.208291322,3.6474477e-09
0.225420916,3.77762e-09
0.19557475,4.0192565e-09
0.20398101,4.1628434e-09
0.217492748,4.3073536e-09
0.185745139,4.583636e-09
0.188418887,4.735136e-09
0.249431347,5.846093e-09
0.27568168,5.9162777e-09
0.299887869,5.979819e-09
0.318226378,6.1068226e-09
0.341138813,6.1536545e-09
0.371523345,6.194331e-09
0.399356895,6.2817453e-09
0.43635202,6.304733e-09
0.501105747,6.35498e-09
0.501105747,6.3462324e-09
0.568043054,6.299306e-09
0.584331254,6.225955e-09
0.455994723,6.346114e-09
0.503841503,6.355348e-09
0.543590857,6.3269336e-09
0.434605842,6.3294805e-09
0.480204556,6.3563332e-09
0.412863943,6.3043117e-09
0.030882985,1.9785393e-09
0.023402244,1.8443803e-09
0.015474408,1.7217993e-09
0.0126,1.6106698e-09
0.04002467,1.8215187e-09
0.026029848,1.7023545e-09
0.0126,1.5940141e-09
0.045454411,1.6833916e-09
0.028465299,1.5776849e-09
0.584331254,6.1297345e-09
0.612280593,6.0171805e-09
0.650480371,5.895104e-09
0.549959619,6.2947976e-09
0.57005501,6.22135e-09
0.592310756,6.1276846e-09
0.513107028,6.3400485e-09
0.534337124,6.2930257e-09
0.472768601,6.3569727e-09
0.042529259,2.2020168e-09
0.019687506,2.0079927e-09
0.01497153,1.8340817e-09
0.0126,1.6803262e-09
0.020733749,1.9722286e-09
0.012734242,1.8073254e-09
0.0126,1.6609608e-09
0.012799035,1.7764241e-09
0.0126,1.637269e-09
0.695595372,5.7207923e-09
0.743833703,5.55807e-09
0.788039091,5.410975e-09
0.609608346,6.0451564e-09
0.656600563,5.8968097e-09
0.705689117,5.7554055e-09
0.568890679,6.1751493e-09
0.619083335,6.056532e-09
0.530346867,6.277292e-09
0.0126,1.667605e-09
0.018199151,1.8083e-09
0.042795165,1.968532e-09
0.072697733,2.148155e-09
0.0126,1.6501109e-09
0.021910193,1.7883734e-09
0.04494839,1.9452557e-09
0.0126,1.6291885e-09
0.015216965,1.7645938e-09
0.0126,1.6045105e-09
0.034070128,2.2694406e-09
0.018477545,2.0426154e-09
0.0126,1.8423182e-09
0.02925292,2.044364e-09
0.013510878,1.8521004e-09
0.0126,1.6836229e-09
0.017104385,1.8483648e-09
0.0126,1.6876256e-09
0.803817321,4.9030855e-09
0.768624352,5.344243e-09
0.703399332,5.7431704e-09
0.626699956,6.0763914e-09
0.802016976,5.0665947e-09
0.759929321,5.49295e-09
0.68927256,5.8738228e-09
0.794270119,5.2338662e-09
0.751907657,5.6486607e-09
0.012615894,1.7068965e-09
0.013359668,1.8189816e-09
0.014530765,1.9398916e-09
0.0126,1.5711527e-09
0.0126,1.6680108e-09
0.0126,1.7732553e-09
0.0126,1.5326735e-09
0.0126,1.623391e-09
0.0126,1.4889344e-09
0.663248561,5.8528338e-09
0.721310115,5.5482166e-09
0.772851169,5.2274993e-09
0.723785065,5.4069353e-09
0.779940898,5.059729e-09
0.802247085,4.71576e-09
0.781018865,4.891478e-09
0.807699007,4.5299036e-09
0.801992817,4.3510147e-09
0.698202025,5.359397e-09
0.74357066,5.0130073e-09
0.788117307,4.6738817e-09
0.743557359,4.891562e-09
0.789658384,4.53599e-09
0.797916533,4.205113e-09
0.793991285,4.410729e-09
0.803759809,4.0745514e-09
0.816634937,3.963132e-09
0.83114194,3.894473e-09
0.824232695,3.8390775e-09
0.828779558,3.798113e-09
0.80935818,4.2710773e-09
0.820908562,4.2000345e-09
0.818036373,4.140599e-09
0.778180216,4.6134856e-09
0.795343237,4.5474997e-09
0.741533552,4.9791584e-09
0.0126,1.3848895e-09
0.0126,1.4184339e-09
0.0126,1.4528984e-09
0.0126,1.5013959e-09
0.0126,1.5380134e-09
0.0126,1.5757705e-09
0.0126,1.6283701e-09
0.0126,1.6688222e-09
0.0126,1.7665643e-09
0.838592646,3.7608174e-09
0.836118008,3.998639e-09
0.817056058,4.3059663e-09
0.789788888,4.6600435e-09
0.841000879,3.765507e-09
0.83052664,4.018636e-09
0.810477962,4.333898e-09
0.828779558,3.7782906e-09
0.824046807,4.0445487e-09
0.014230271,1.6036068e-09
0.012972581,1.4680718e-09
0.012655076,1.3434411e-09
0.012636752,1.229169e-09
0.0126,1.5305963e-09
0.0126,1.4052548e-09
0.0126,1.289661e-09
0.0126,1.456971e-09
0.0126,1.3422202e-09
0.838155368,3.7486387e-09
0.838282281,3.7469574e-09
0.844982582,3.7593857e-09
0.835409595,3.9433785e-09
0.835943706,3.9169215e-09
0.839761442,3.8991717e-09
0.831073348,4.1634336e-09
0.834803895,4.123716e-09
0.827471514,4.420716e-09
0.01261884,1.0615944e-09
0.012665003,1.1125509e-09
0.012668915,1.168943e-09
0.012791326,1.1623367e-09
0.012827977,1.2200883e-09
0.012755213,1.2834496e-09
0.012984162,1.272932e-09
0.013213858,1.3383148e-09
0.022636999,1.3940863e-09
0.807237323,4.2884465e-09
0.83837093,4.068943e-09
0.843436056,3.893801e-09
0.821098314,4.093835e-09
0.844262515,3.9284243e-09
0.848834978,3.808248e-09
0.827399151,3.999129e-09
0.848834978,3.890976e-09
0.836810058,4.0005723e-09
0.01280913,1.2174373e-09
0.01263299,1.1355494e-09
0.012603416,1.0592518e-09
0.0126,9.882072e-10
0.012715674,1.1603487e-09
0.012636304,1.0779412e-09
0.0126,1.0015984e-09
0.012695464,1.1089122e-09
0.012604254,1.026578e-09
0.8146632,4.1582333e-09
0.793587329,4.3313664e-09
0.771090695,4.512645e-09
0.796308037,4.1531374e-09
0.771627039,4.3010884e-09
0.748411637,4.47855e-09
0.751072627,4.4896487e-09
0.716018437,4.6415285e-09
0.677601643,5.0177813e-09
0.01317982,1.2677429e-09
0.012935894,1.1755991e-09
0.01312721,1.0909743e-09
0.013463745,1.0147927e-09
0.0126,1.1579417e-09
0.0126,1.0698034e-09
0.0126,9.895568e-10
0.0126,1.0659742e-09
0.0126,9.815304e-10
0.526612218,5.9269527e-09
0.653232481,5.2309534e-09
0.72364787,4.735058e-09
0.62692185,5.5459424e-09
0.72260441,4.999014e-09
0.755745685,4.7369335e-09
0.683616439,5.2612514e-09
0.726511197,4.9460045e-09
0.671571397,5.1307145e-09
0.037897657,1.6071292e-09
0.018406739,1.4976009e-09
0.013560363,1.3888292e-09
0.0126,1.2778402e-09
0.019633747,1.3603819e-09
0.01545775,1.2644338e-09
0.013986347,1.1787774e-09
0.01479825,1.1665713e-09
0.014675892,1.0805666e-09
0.435602521,6.2914745e-09
0.531944664,6.2158847e-09
0.61421602,5.5664557e-09
0.492629747,6.3512604e-09
0.572908164,5.864621e-09
0.623710938,5.324006e-09
0.546836671,6.1461285e-09
0.562166737,5.518324e-09
0.527090841,5.7704654e-09
0.065831745,2.3216244e-09
0.055723845,1.9750672e-09
0.049649817,1.6552237e-09
0.061609914,1.3848707e-09
0.032449897,1.8946584e-09
0.026864785,1.6250941e-09
0.030072457,1.3823258e-09
0.016360043,1.5484781e-09
0.021820658,1.3525834e-09
0.389666498,5.668136e-09
0.468188344,6.1936767e-09
0.528360538,6.3103256e-09
0.49466513,5.9383054e-09
0.491879451,6.3466996e-09
0.490410059,6.0657728e-09
0.461616751,6.2067627e-09
0.518889363,6.2932584e-09
0.459289192,6.3546985e-09
0.080190234,2.4748361e-09
0.035219668,2.0021278e-09
0.022401141,1.6112348e-09
0.022714318,1.2976678e-09
0.070634573,2.0419701e-09
0.02830435,1.6533538e-09
0.021701018,1.3401523e-09
0.061033264,1.6748394e-09
0.041391394,1.3696683e-09
0.379017071,5.0994973e-09
0.454210228,5.6240754e-09
0.421261193,6.095324e-09
0.43184553,5.375873e-09
0.385617098,5.894853e-09
0.442928358,6.283832e-09
0.371731839,5.677788e-09
0.434456968,6.146378e-09
0.426454522,5.9734244e-09
0.035783497,2.2194058e-09
0.022954558,1.7572982e-09
0.018247649,1.3945123e-09
0.0126,1.1117197e-09
0.028865422,1.8600247e-09
0.016240214,1.4802554e-09
0.0126,1.1803167e-09
0.023865933,1.5559269e-09
0.018916611,1.2436944e-09
0.349356259,4.5172484e-09
0.404519794,5.0428643e-09
0.332367506,5.5463762e-09
0.353573955,4.7738644e-09
0.344209887,5.3340288e-09
0.390488429,5.8205916e-09
0.336367537,5.0651687e-09
0.334260025,5.629115e-09
0.259002321,5.3724145e-09
0.057403738,1.8186391e-09
0.020403621,1.4330248e-09
0.0126,1.1432183e-09
0.0126,9.2753494e-10
0.057065751,1.5355669e-09
0.020231768,1.2195731e-09
0.0126,9.812018e-10
0.027551223,1.3046851e-09
0.012672639,1.0438518e-09
0.220866976,3.907231e-09
0.233746537,4.3732977e-09
0.267468007,4.8796034e-09
0.193405893,4.0752064e-09
0.225973585,4.5909654e-09
0.259002321,5.1245697e-09
0.202239471,4.2723394e-09
0.252557712,4.8291233e-09
0.270875545,4.49557e-09
0.015398051,1.4453082e-09
0.01355892,1.1862817e-09
0.016633038,9.883336e-10
0.031567955,8.372895e-10
0.012776365,1.2382247e-09
0.0126,1.0225631e-09
0.0126,8.5894997e-10
0.0126,1.0675418e-09
0.0126,8.889145e-10
0.153955031,3.3677812e-09
0.173187515,3.7026586e-09
0.224249445,4.0817585e-09
0.178783703,3.48806e-09
0.227774419,3.846168e-09
0.27733192,4.2445487e-09
0.237772199,3.6295045e-09
0.284942344,4.008972e-09
0.288552625,3.793219e-09
0.029806873,9.533474e-10
0.02915401,1.0939442e-09
0.042378248,1.2625798e-09
0.045415532,8.277907e-10
0.043381116,9.468716e-10
0.041734635,1.0922654e-09
0.093411847,8.292502e-10
0.063151085,9.539913e-10
0.112990718,8.4205937e-10
0.173696406,2.9905047e-09
0.208823429,3.2271088e-09
0.249319864,3.4945353e-09
0.203981932,3.0376561e-09
0.247205043,3.303005e-09
0.288552625,3.6038446e-09
0.237917482,3.0957061e-09
0.288552625,3.392889e-09
0.241839804,3.1660747e-09
0.047189387,9.510202e-10
0.066705073,8.989509e-10
0.098187332,8.636149e-10
0.057067592,1.0221948e-09
0.070922325,9.73338e-10
0.080977411,9.417789e-10
0.064013451,1.104085e-09
0.070110906,1.0595832e-09
0.068774385,1.1978832e-09
0.241839804,2.8966558e-09
0.191993329,2.6314664e-09
0.14527067,2.3767106e-09
0.218370377,2.8647384e-09
0.193239368,2.6168718e-09
0.167533598,2.3774642e-09
0.169446379,2.61469e-09
0.147752313,2.388386e-09
0.128589955,2.4081241e-09
0.037471157,1.2676645e-09
0.028773968,1.2368357e-09
0.02738898,1.2111657e-09
0.029227489,1.1907942e-09
0.042122948,1.148573e-09
0.033889871,1.1162886e-09
0.032160266,1.0890827e-09
0.046357914,1.0434472e-09
0.039913347,1.0107742e-09
0.082619065,1.9168327e-09
0.113110145,2.0409967e-09
0.143756612,2.1920397e-09
0.08317325,1.8207607e-09
0.11361911,1.9452138e-09
0.14527067,2.0988775e-09
0.081452349,1.731184e-09
0.084029714,1.8566035e-09
0.084029714,1.6480446e-09
0.041110385,1.537552e-09
0.04316319,1.561771e-09
0.060711086,1.5977276e-09
0.026442717,1.4099794e-09
0.035171311,1.429647e-09
0.037899483,1.4607767e-09
0.023963192,1.294619e-09
0.037899483,1.3107918e-09
0.086770725,2.086139e-09
0.095434648,2.0694118e-09
0.104828806,2.1144109e-09
0.066414688,1.7482442e-09
0.064401776,1.6969262e-09
0.076020066,1.7749135e-09
0.026690483,1.7505407e-09
0.023223765,1.6667682e-09
0.017905691,1.590154e-09
0.034410207,1.7407024e-09
0.031258004,1.6583549e-09
0.043632355,1.7309164e-09
0.015354067,1.6801366e-09
0.014664049,1.6337358e-09
0.01905754,1.7149624e-09
0.014854848,1.5926676e-09
0.01301393,1.5546563e-09
0.013505321,1.6191193e-09
0.071057617,2.0950326e-09
0.086917731,2.12145e-09
0.103130647,2.1492497e-09
0.070198176,2.1327855e-09
0.085137481,2.158889e-09
0.068575092,2.1725546e-09
0.049015771,2.0542539e-09
0.032161207,2.0525888e-09
0.035279825,2.0097097e-09
0.051475989,2.131215e-09
0.036772457,2.0913151e-09
0.051420116,2.0918167e-09
0.01780412,2.0515665e-09
0.013270226,2.046985e-09
0.0126,1.9959612e-09
0.087823948,1.8784332e-09
0.080863733,1.837909e-09
0.082242352,1.9526143e-09
0.036929947,2.0460829e-09
0.052332441,2.0404194e-09
0.035954043,1.9745272e-09
0.095103316,2.2531634e-09
0.087826461,2.2249607e-09
0.078411009,2.1981326e-09
0.102863258,2.2147508e-09
0.094347265,2.186083e-09
0.111567742,2.178426e-09
0.085850086,2.270991e-09
0.085329381,2.2909918e-09
0.086688731,2.3129212e-09
0.080229818,2.2438456e-09
0.07742082,2.2646731e-09
0.071107198,2.2178885e-09
0.126792375,2.1931104e-09
0.147014846,2.1929045e-09
0.131798949,2.2437967e-09
0.109420449,2.2640518e-09
0.117597851,2.2275497e-09
0.1232175,2.278398e-09
0.028291016,1.8002186e-09
0.044082547,1.8528171e-09
0.063938362,1.9084667e-09
0.024993915,1.762926e-09
0.041783,1.8137251e-09
0.020241629,1.7263765e-09
0.052581112,1.812511e-09
0.060594122,1.8406565e-09
0.069050373,1.8678663e-09
0.045463781,1.9113906e-09
0.051860789,1.9398523e-09
0.050985083,2.0170392e-09
0.073261321,1.949638e-09
0.065975664,2.0267152e-09
0.053854242,2.025703e-09
0.034185248,1.8357459e-09
0.041200376,1.9252813e-09
0.040435549,1.889715e-09
0.054524016,1.9833137e-09
0.059448646,1.9467232e-09
0.043173793,1.8241298e-09
0.020467393,1.6232523e-09
0.02202742,1.6506897e-09
0.023538113,1.6787697e-09
0.03214187,1.6837616e-09
0.034021491,1.7129241e-09
0.04701589,1.7487236e-09
0.055401854,1.8002679e-09
0.039263559,1.7624578e-09
0.061629233,1.8536646e-09
0.017405822,1.5716293e-09
0.018848134,1.5765428e-09
0.014457336,1.5232564e-09
0.023852909,1.6286714e-09
0.033141997,1.6898687e-09
0.025655169,1.6342043e-09
0.088879276,2.00138e-09
0.084639092,1.9109023e-09
0.064726712,1.8267363e-09
0.094137438,1.9693942e-09
0.077763518,1.8818032e-09
0.081127918,1.9384334e-09
0.019659886,2.1100612e-09
0.018069305,2.1866076e-09
0.040093953,2.2657973e-09
0.03207792,2.126e-09
0.031508106,2.208844e-09
0.042927091,2.1260098e-09
0.018122063,2.1181716e-09
0.024592575,2.120693e-09
0.019285368,2.1920126e-09
0.07439553,2.2989455e-09
0.052608255,2.2846267e-09
0.060499098,2.2504836e-09
0.038028104,2.2363102e-09
0.050056599,2.2035296e-09
0.035094082,2.1618909e-09
0.079718428,2.2967321e-09
0.052359064,2.1993327e-09
0.050733013,2.106599e-09
0.072057787,2.3056124e-09
0.042396315,2.2139393e-09
0.056481492,2.294011e-09
0.068997241,2.2174642e-09
0.059041071,2.1216977e-09
0.053200359,2.1192057e-09
0.096318529,2.303823e-09
0.106971197,2.3147162e-09
0.117378915,2.328978e-09
0.094181669,2.3558233e-09
0.101489554,2.366621e-09
0.091653876,2.4091174e-09
0.091877376,2.3430142e-09
0.089266401,2.3223012e-09
0.092515781,2.3749929e-09
0.094523157,2.3593747e-09
0.094943678,2.3892732e-09
0.094312193,2.4207616e-09
0.101031672,2.4075957e-09
0.097630731,2.4374336e-09
0.101075481,2.4575464e-09
0.087113196,2.3458235e-09
0.100909684,2.394173e-09
0.073329364,2.330665e-09
0.121921284,2.376806e-09
0.139641535,2.3932272e-09
0.094014925,2.4592428e-09
0.091536924,2.449192e-09
0.101946364,2.41074e-09
0.085167221,2.4943534e-09
0.088802223,2.0126756e-09
0.083661455,2.0516944e-09
0.076269809,2.0877509e-09
0.105112973,2.1246331e-09
0.10310721,2.1630788e-09
0.108950037,2.243288e-09
0.097405213,2.0808033e-09
0.099101051,2.0462048e-09
0.104106219,2.1620434e-09
0.102024088,2.4164122e-09
0.103260757,2.3680942e-09
0.109081828,2.3093614e-09
0.103112819,2.2803113e-09
0.104079011,2.2251565e-09
0.075516845,2.1459272e-09
0.097625148,2.3377005e-09
0.110435053,2.3776148e-09
0.086499157,2.2494304e-09
0.015384496,1.5293988e-09
0.019726617,1.5867541e-09
0.017140252,1.5921581e-09
0.0126,1.5764638e-09
0.0126,1.5196481e-09
0.0126,1.5870457e-09
0.013480321,1.5444613e-09
0.0126,1.4961393e-09
0.012980169,1.5551742e-09
0.027701488,1.6702351e-09
0.031207421,1.7690831e-09
0.029355541,1.8795248e-09
0.023042567,1.6765385e-09
0.021193371,1.7766691e-09
0.017782046,1.6830812e-09
0.053059887,1.7899862e-09
0.043349479,1.83354e-09
0.03625698,1.7284025e-09
0.069740642,1.960301e-09
0.047879819,1.9195445e-09
0.064129254,1.8718926e-09
0.079731662,2.0997655e-09
0.070446262,2.2057614e-09
0.067875091,2.3193425e-09
0.059680147,2.0564317e-09
0.051192063,2.1604507e-09
0.040753078,2.0130602e-09
0.088973229,2.1840256e-09
0.100684935,2.2690856e-09
0.083592468,2.2943991e-09
0.02777645,1.6986681e-09
0.020136326,1.6405297e-09
0.016656347,1.5857128e-09
0.01982649,1.6519699e-09
0.015428431,1.5966709e-09
0.014342129,1.6078221e-09
0.014730216,1.5249749e-09
0.013318443,1.4744058e-09
0.014803703,1.5294126e-09
0.020302085,1.6423678e-09
0.017997962,1.6000865e-09
0.015664036,1.5595356e-09
0.018466231,1.6046064e-09
0.016541537,1.563973e-09
0.016430842,1.568483e-09
0.022874932,1.6607795e-09
0.018766844,1.6224071e-09
0.024679415,1.6795454e-09
0.112747468,2.4062285e-09
0.106602698,2.3988573e-09
0.09110294,2.372408e-09
0.111917987,2.5094926e-09
0.114621409,2.4855669e-09
0.094811253,2.6053033e-09
0.092557089,2.504265e-09
0.116253762,2.4556774e-09
0.092858884,2.5676046e-09
0.10315941,2.5116378e-09
0.101929447,2.563062e-09
0.113833632,2.4432598e-09
0.090146406,2.5039468e-09
0.090148264,2.5416813e-09
0.088601382,2.5840607e-09
0.092684162,2.6042017e-09
0.100523398,2.6392113e-09
0.102651957,2.7098177e-09
0.090452069,2.5393303e-09
0.090320777,2.5192775e-09
0.090299037,2.623445e-09
0.088536318,2.5969134e-09
0.088517208,2.6827494e-09
0.086122506,2.6557068e-09
0.083560067,2.6400773e-09
0.087436296,2.65938e-09
0.09263323,2.735199e-09
0.10113049,2.6853761e-09
0.109286707,2.7852405e-09
0.114505471,2.7428744e-09
0.074442391,2.5374134e-09
0.065712229,2.665746e-09
0.102993618,2.8013323e-09
0.089840137,2.489469e-09
0.093917061,2.6188316e-09
0.106863255,2.4295348e-09
0.106477395,2.4636357e-09
0.118162737,2.6635523e-09
0.102039435,2.4968956e-09
0.054485199,2.6254587e-09
0.066230043,2.6867244e-09
0.053151075,2.7531553e-09
0.015292012,1.6508692e-09
0.0126,1.6619557e-09
0.013402179,1.6732609e-09
0.022009876,1.7442421e-09
0.014512193,1.7561713e-09
0.038035411,1.8474448e-09
0.033468487,1.7459367e-09
0.021906081,1.6970527e-09
0.037658764,1.7954731e-09
0.015141994,1.766271e-09
0.016472525,1.8686166e-09
0.020352039,1.8578725e-09
0.061977247,1.896021e-09
0.051000809,1.825912e-09
0.038274459,1.7602363e-09
0.063057879,1.879321e-09
0.046987838,1.8104438e-09
0.051726783,1.8631359e-09
0.050986881,1.9769015e-09
0.030663533,1.988065e-09
0.02479865,1.9993227e-09
0.064582884,2.121613e-09
0.049016742,2.1330853e-09
0.080225291,2.2817737e-09
0.0634335,2.3085063e-09
0.069332769,2.295777e-09
0.042102511,2.1471493e-09
0.133693376,2.7724427e-09
0.10789162,2.6068263e-09
0.093083549,2.440871e-09
0.10555381,2.61263e-09
0.083836528,2.4523759e-09
0.086914025,2.4612248e-09
0.136432626,2.7981741e-09
0.118971834,2.6443738e-09
0.133223124,2.8086566e-09
0.023786441,1.6951657e-09
0.027198719,1.7144814e-09
0.031928861,1.7341871e-09
0.027697226,1.7510116e-09
0.03411966,1.7713231e-09
0.030853646,1.8101467e-09
0.050739601,1.8666308e-09
0.042125104,1.8380165e-09
0.042375024,1.7982609e-09
0.013397862,1.5289086e-09
0.012672528,1.5374558e-09
0.012679786,1.4782336e-09
0.015372179,1.5751486e-09
0.016758317,1.6333286e-09
0.017341218,1.6954897e-09
0.014259966,1.5842682e-09
0.014935356,1.6433304e-09
0.013034202,1.5936509e-09
0.020774801,1.6595807e-09
0.018930559,1.6772893e-09
0.017941188,1.6164755e-09
0.022620635,1.7135093e-09
0.023091839,1.770564e-09
0.020316798,1.7323749e-09
0.103510572,2.8218254e-09
0.108175458,2.9474108e-09
0.145052181,3.0811491e-09
0.083321869,2.800345e-09
0.077014017,2.9214262e-09
0.072153752,2.762063e-09
0.109518629,2.9479277e-09
0.077700106,2.861582e-09
0.120081487,3.0386262e-09
0.143550797,3.104703e-09
0.160377796,2.9751488e-09
0.126179804,2.8423401e-09
0.13191049,2.9975147e-09
0.127788496,2.872159e-09
0.112663265,2.905047e-09
0.182784564,3.088892e-09
0.150853147,2.9578218e-09
0.190612144,3.0934564e-09
0.087826644,2.928304e-09
0.078994587,2.9339038e-09
0.050217956,3.020647e-09
0.054903837,3.113599e-09
0.097133146,3.1135365e-09
0.089696764,3.0145828e-09
0.148391165,2.9994551e-09
0.171383592,3.1405483e-09
0.199310514,3.2197969e-09
0.19039198,3.2089345e-09
0.228328112,3.3401606e-09
0.230151906,3.4274326e-09
0.169560929,3.012917e-09
0.165325968,3.0161875e-09
0.1957197,3.2367948e-09
0.089236134,2.2093731e-09
0.087500374,2.076288e-09
0.066948434,1.9559838e-09
0.096949083,2.233461e-09
0.08014364,2.0987805e-09
0.09296793,2.2577153e-09
0.07612109,1.9920483e-09
0.078639029,1.9737494e-09
0.081413635,2.0963302e-09
0.059079707,1.9389963e-09
0.053104774,1.9838056e-09
0.045096629,2.0305175e-09
0.047976807,1.908564e-09
0.041249022,1.952285e-09
0.036029868,1.8789381e-09
0.059950736,2.0875635e-09
0.068513066,2.038821e-09
0.075593575,2.1471809e-09
0.112850631,2.420241e-09
0.123202378,2.445947e-09
0.116136997,2.4709121e-09
0.145420625,2.654959e-09
0.154431967,2.6798255e-09
0.165867905,2.9070173e-09
0.155720818,2.8188363e-09
0.177035962,2.8636056e-09
0.134273371,2.6436873e-09
0.192917978,3.0750786e-09
0.219480387,3.3185803e-09
0.212291669,3.1344802e-09
0.0126,1.5563281e-09
0.0126,1.5667176e-09
0.0126,1.5001559e-09
0.02266233,1.8657813e-09
0.019767665,1.9247197e-09
0.015115588,1.9871504e-09
0.019631768,1.8242116e-09
0.015932682,1.881035e-09
0.017272645,1.7841287e-09
0.031750509,2.0157598e-09
0.021295,2.0013076e-09
0.027697192,1.9383612e-09
0.0126,1.6211837e-09
0.012632764,1.7027375e-09
0.012717167,1.7916647e-09
0.0126,1.6325781e-09
0.012604621,1.7155549e-09
0.0126,1.6443032e-09
0.014832972,1.7262531e-09
0.01342896,1.7582963e-09
0.013263858,1.6724283e-09
0.013056123,1.8533037e-09
0.014532736,1.818016e-09
0.013026474,1.9183597e-09
0.0126,1.5238519e-09
0.0126,1.5894877e-09
0.0126,1.6018353e-09
0.012797843,1.5362551e-09
0.013472569,1.6101743e-09
0.014632919,1.6056508e-09
0.153466882,3.22835e-09
0.197056804,3.368792e-09
0.246112605,3.5257857e-09
0.205462997,3.2311296e-09
0.237229906,3.3842453e-09
0.220455471,3.2351817e-09
0.269690542,3.5540024e-09
0.264480594,3.5368324e-09
0.244982363,3.3913874e-09
0.076094405,3.2003369e-09
0.10320679,3.3134842e-09
0.118411989,3.4389627e-09
0.086085319,3.2217422e-09
0.1175657,3.342615e-09
0.105131276,3.2294847e-09
0.202254509,3.4989562e-09
0.141154989,3.3565182e-09
0.158748487,3.4733465e-09
0.106485878,3.1208067e-09
0.084772694,3.2112402e-09
0.082500257,3.1657987e-09
0.078572748,3.3847691e-09
0.08685611,3.2685454e-09
0.065089647,3.3130951e-09
0.260479035,3.7613583e-09
0.224131809,3.4860603e-09
0.180777687,3.1954615e-09
0.268643041,3.6569587e-09
0.240640765,3.4053715e-09
0.256072404,3.5454022e-09
0.288492609,4.0276866e-09
0.291116568,3.859471e-09
0.276474989,3.656521e-09
0.312830726,3.858595e-09
0.294044677,3.7113934e-09
0.281210871,3.688634e-09
0.272525387,3.9289496e-09
0.281520808,3.7958676e-09
0.281179988,4.016799e-09
0.039748745,2.15808e-09
0.046949199,2.2985678e-09
0.06513133,2.4526075e-09
0.032280944,2.142061e-09
0.041336285,2.2811903e-09
0.022873813,2.126366e-09
0.072966248,2.2859155e-09
0.098745983,2.5075881e-09
0.107232447,2.7533866e-09
0.060035596,2.3669666e-09
0.081364117,2.5996116e-09
0.053246265,2.2206599e-09
0.162851175,3.4389263e-09
0.091850647,3.0827203e-09
0.0819301,2.7499034e-09
0.090067133,3.252031e-09
0.060969588,2.912905e-09
0.105255408,3.0745388e-09
0.224626719,3.6790464e-09
0.1899402,3.5686296e-09
0.152248632,3.3776193e-09
0.0126,1.6701763e-09
0.0126,1.7726027e-09
0.013341708,1.8859203e-09
0.0126,1.6840314e-09
0.013469536,1.7883837e-09
0.0126,1.6981323e-09
0.012653109,1.8219516e-09
0.0126,1.8533777e-09
0.0126,1.7435615e-09
0.013302439,1.914433e-09
0.01511421,2.051578e-09
0.019295162,2.2047886e-09
0.013334253,1.9486226e-09
0.014873141,2.090048e-09
0.0126,1.9840556e-09
0.014779243,2.0555107e-09
0.016574778,2.1280109e-09
0.014071173,1.9829953e-09
0.026098415,2.2024846e-09
0.046813935,2.3656437e-09
0.022912725,2.283048e-09
0.014826925,1.5758375e-09
0.013702943,1.5228592e-09
0.016645494,1.5884436e-09
0.019161613,1.5409951e-09
0.013727613,1.4988039e-09
0.014540744,1.5520001e-09
0.016592722,1.7145595e-09
0.03392119,1.8254638e-09
0.059382453,1.9483535e-09
0.021283491,1.7103594e-09
0.039317001,1.8211673e-09
0.025025537,1.7057276e-09
0.018480279,1.8068361e-09
0.021809665,1.9065112e-09
0.04485093,1.9273751e-09
0.022413807,1.668791e-09
0.031727945,1.7417471e-09
0.048842456,1.819938e-09
0.020468954,1.655704e-09
0.028441679,1.7277042e-09
0.017175149,1.6421787e-09
0.050715125,1.8623991e-09
0.033202591,1.7813098e-09
0.05351443,1.9051538e-09
0.136141007,3.5734158e-09
0.185354024,3.719533e-09
0.214896981,3.8781094e-09
0.201549866,3.617273e-09
0.237242602,3.7758747e-09
0.249476768,3.6571368e-09
0.2786301,3.9974752e-09
0.281093775,3.822177e-09
0.244919492,3.940121e-09
0.077598055,3.3362522e-09
0.093986073,3.4518097e-09
0.128281252,3.5822025e-09
0.059073668,3.4316079e-09
0.091253669,3.564072e-09
0.080327406,3.5150693e-09
0.167039236,3.8017784e-09
0.115165378,3.6533099e-09
0.127948462,3.7043433e-09
0.10136398,3.245757e-09
0.131155535,3.169522e-09
0.127143078,3.2382164e-09
0.13286622,3.4446395e-09
0.106788002,3.3373748e-09
0.147129395,3.3175673e-09
0.263419795,3.960413e-09
0.270934939,4.107751e-09
0.265106034,4.168512e-09
0.270200831,4.1569077e-09
0.268765676,4.2780997e-09
0.280626534,4.3464246e-09
0.250183503,3.8884873e-09
0.261901224,4.0989043e-09
0.237130222,3.783676e-09
0.251141447,4.187483e-09
0.234087538,4.1292756e-09
0.213526595,4.0529784e-09
0.228791318,4.327029e-09
0.213503737,4.2427972e-09
0.21905372,4.4441135e-09
0.268108395,4.4798947e-09
0.245499417,4.346727e-09
0.241705239,4.500542e-09
0.220015751,4.0358823e-09
0.218946713,3.831858e-09
0.214614918,3.6322607e-09
0.251351663,4.1803117e-09
0.248049608,3.9812535e-09
0.268375257,4.2873674e-09
0.032445589,2.4484568e-09
0.051297574,2.5387918e-09
0.080753867,2.6334672e-09
0.053475013,2.7285223e-09
0.085360714,2.8309806e-09
0.093076311,3.0445175e-09
0.162609505,3.311496e-09
0.127912965,3.1779346e-09
0.11094496,2.9560583e-09
0.169329349,3.7015724e-09
0.132666453,3.3645404e-09
0.173328044,3.5027286e-09
0.026400011,2.0333906e-09
0.051953281,2.1994118e-09
0.074102688,2.3857651e-09
0.049462057,2.0569921e-09
0.076104261,2.2261863e-09
0.073993176,2.0808513e-09
0.027674753,2.2627404e-09
0.049402605,2.3230995e-09
0.028543353,2.143611e-09
0.063846511,2.5848692e-09
0.041362005,2.5154616e-09
0.057399583,2.8046465e-09
0.02706153,1.5856961e-09
0.022179609,1.5973433e-09
0.018173881,1.6087925e-09
0.034865464,1.6448294e-09
0.028279587,1.6569479e-09
0.043171625,1.7074183e-09
0.043636556,1.7444862e-09
0.026128901,1.6921119e-09
0.047157421,1.7819819e-09
0.030094345,1.5511054e-09
0.040540373,1.5727509e-09
0.02836469,1.5126269e-09
0.037717452,1.6083932e-09
0.045617177,1.6690385e-09
0.048381573,1.6314785e-09
0.099031555,1.9477242e-09
0.0769842,1.8623483e-09
0.058346097,1.782361e-09
0.085750544,1.9038673e-09
0.062443852,1.8215909e-09
0.068307495,1.8612649e-09
0.089858823,2.4898974e-09
0.086334316,2.2884843e-09
0.082172697,2.108505e-09
0.094995286,2.454848e-09
0.086547972,2.2571796e-09
0.091353539,2.4200937e-09
0.082973761,1.9458863e-09
0.073899134,1.9922757e-09
0.077087794,2.0390438e-09
0.112059124,2.085156e-09
0.088759782,2.1359183e-09
0.115337578,2.2390207e-09
0.120155223,2.0393802e-09
0.106780439,1.9919266e-09
0.130063766,2.1363797e-09
0.075368565,2.4033238e-09
0.085181395,2.3197904e-09
0.081301342,2.2108246e-09
0.179385235,3.9652392e-09
0.144973237,3.8602024e-09
0.14941444,3.7283123e-09
0.168201585,4.025645e-09
0.160791211,3.8853716e-09
0.196714389,4.0515733e-09
0.212750169,4.198269e-09
0.213854746,4.3268784e-09
0.186938244,4.139109e-09
0.1607115,3.5733414e-09
0.167118527,3.417023e-09
0.15472428,3.2828533e-09
0.165793358,3.533238e-09
0.147263726,3.36578e-09
0.128133246,3.463492e-09
0.172704073,3.8678327e-09
0.17332786,3.7145176e-09
0.153107754,3.6623578e-09
0.114106064,3.1751497e-09
0.071122279,3.087279e-09
0.090275546,3.1134455e-09
0.123212458,3.2884602e-09
0.125497927,3.2262037e-09
0.113617381,3.1451397e-09
0.244167196,4.5337343e-09
0.247244781,4.390965e-09
0.23794623,4.232881e-09
0.270992781,4.598976e-09
0.246816363,4.426422e-09
0.252974685,4.6348845e-09
0.251920818,4.6484057e-09
0.279179585,4.7520166e-09
0.294741646,4.828398e-09
0.291988101,4.812586e-09
0.310461749,4.9408366e-09
0.315291743,4.9028364e-09
0.282710471,4.5418243e-09
0.275745358,4.652384e-09
0.2931474,4.728556e-09
0.267564617,4.391718e-09
0.279272754,4.4924304e-09
0.298660913,4.6911306e-09
0.20391297,4.058161e-09
0.206797433,4.0749337e-09
0.227648681,4.0870782e-09
0.148805286,3.7120162e-09
0.170221471,3.7196053e-09
0.131423767,3.3695786e-09
0.267534486,4.4302104e-09
0.307989522,4.7504916e-09
0.270859206,4.4605444e-09
0.108262863,2.6760418e-09
0.107692003,2.6376619e-09
0.092549667,2.5996192e-09
0.128413569,2.8780545e-09
0.116995365,2.8365092e-09
0.145249071,3.0958953e-09
0.129468684,3.0790517e-09
0.09026443,2.8205918e-09
0.100245279,3.0618934e-09
0.172817904,3.407318e-09
0.152782575,3.3888936e-09
0.195913752,3.7413894e-09
0.059828409,1.7575631e-09
0.074598934,1.8098859e-09
0.077436115,1.8644655e-09
0.061579254,1.7170965e-09
0.073286687,1.7671938e-09
0.064218807,1.6774994e-09
0.093742803,1.920146e-09
0.076266201,1.8923956e-09
0.072766422,1.8361933e-09
0.065170832,1.6245699e-09
0.077819653,1.6549248e-09
0.055022067,1.5720882e-09
0.076190817,1.7100319e-09
0.081837829,1.8027423e-09
0.087894457,1.7431923e-09
0.107207174,2.0296398e-09
0.096708754,2.1166204e-09
0.084879988,2.208898e-09
0.088351324,2.0001705e-09
0.079973847,2.0851327e-09
0.075895574,1.970504e-09
0.125062002,2.1272004e-09
0.131311736,2.2303726e-09
0.112285357,2.2203983e-09
0.09071299,2.6286058e-09
0.096734539,2.7758822e-09
0.103732436,2.9314382e-09
0.07420211,2.53575e-09
0.077705751,2.6766298e-09
0.087122981,2.44592e-09
0.117203771,2.8268656e-09
0.142878269,3.0407912e-09
0.128436915,2.9860918e-09
0.079477765,2.6044595e-09
0.093396471,2.4753117e-09
0.107958317,2.3534905e-09
0.079424371,2.7102194e-09
0.082461751,2.5743376e-09
0.077892926,2.819131e-09
0.084321655,2.4640976e-09
0.086676496,2.3322917e-09
0.107200532,2.3436553e-09
0.192322145,4.035875e-09
0.154802103,3.810501e-09
0.129010273,3.5793217e-09
0.171919182,3.9710497e-09
0.132840502,3.7096515e-09
0.147645799,3.853276e-09
0.212741979,4.2175654e-09
0.188464494,4.148237e-09
0.216304268,4.410631e-09
0.027212826,2.841124e-09
0.042815787,2.8126996e-09
0.063993963,2.923372e-09
0.101207904,3.0828138e-09
0.104312497,3.060163e-09
0.099643703,3.041407e-09
0.082908807,2.909724e-09
0.075651624,2.9161367e-09
0.060430363,2.7825529e-09
0.119753839,3.1876823e-09
0.123519982,3.2387546e-09
0.122182073,3.3658896e-09
0.104065393,3.5589571e-09
0.11794937,3.4563683e-09
0.100341802,3.298912e-09
0.229824415,4.3937978e-09
0.243712122,4.5397406e-09
0.235447509,4.6149076e-09
0.204909121,4.1977786e-09
0.20653856,4.3368273e-09
0.170445229,4.018082e-09
0.290598947,4.848786e-09
0.290374508,4.829865e-09
0.288839715,4.753333e-09
0.338524819,5.0598765e-09
0.332117281,5.048317e-09
0.360486836,5.2464393e-09
0.351925431,5.190493e-09
0.337858719,5.075732e-09
0.324970474,5.0265436e-09
0.321331996,5.042383e-09
0.325801532,5.0325144e-09
0.331301819,4.9872595e-09
0.355225229,5.2551137e-09
0.354983042,5.1854907e-09
0.370027729,5.3201186e-09
0.265800794,4.4284545e-09
0.300247729,4.768036e-09
0.289921798,4.7545505e-09
0.14347097,3.2366403e-09
0.165908666,3.2966245e-09
0.171577674,3.3567527e-09
0.177039183,3.5689116e-09
0.192994389,3.6340597e-09
0.206537506,3.9256625e-09
0.200702215,3.6885919e-09
0.230826018,4.03804e-09
0.222424391,3.983539e-09
0.244665045,4.331455e-09
0.256626308,4.384517e-09
0.281966677,4.72141e-09
0.077630109,1.9237087e-09
0.08066488,1.9854465e-09
0.084654737,2.04971e-09
0.089558439,1.8583962e-09
0.102616623,1.916319e-09
0.105072938,1.7953802e-09
0.069091395,2.0353084e-09
0.067912426,2.1559103e-09
0.066653112,2.1028526e-09
0.103657097,1.7275731e-09
0.118619656,1.7701356e-09
0.088151613,1.6574996e-09
0.122943251,1.8418802e-09
0.108739406,1.968124e-09
0.116599117,1.8893151e-09
0.065847019,2.343682e-09
0.068424676,2.488766e-09
0.070570721,2.6441713e-09
0.061335856,2.2855984e-09
0.066886382,2.4252802e-09
0.065052794,2.227345e-09
0.07417569,2.6195301e-09
0.070931153,2.6328553e-09
0.071471866,2.477311e-09
0.078475545,2.864333e-09
0.086718777,3.149606e-09
0.106922762,3.4588186e-09
0.076979607,2.8809712e-09
0.084316867,3.167538e-09
0.072429827,2.8957092e-09
0.083044312,2.9810312e-09
0.10100525,3.100808e-09
0.101154863,3.2769227e-09
0.139511995,3.4213956e-09
0.176832523,3.767789e-09
0.138705054,3.6121643e-09
0.027758341,2.7441727e-09
0.037339565,2.6585678e-09
0.034651237,2.6575426e-09
0.172086346,3.1692855e-09
0.103955675,2.9075868e-09
0.156689905,3.2808134e-09
0.183443884,4.3260844e-09
0.190520854,3.9005266e-09
0.189396773,4.4555084e-09
0.314963537,5.06437e-09
0.346706671,5.193244e-09
0.364079656,5.2477414e-09
0.277440597,4.8355573e-09
0.319809925,4.977841e-09
0.25238082,4.6073474e-09
0.079367536,3.1111846e-09
0.076258397,3.1416403e-09
0.09757765,3.1735454e-09
0.087373548,3.3678558e-09
0.113126079,3.4447074e-09
0.126547435,3.6745875e-09
0.153141597,3.8140184e-09
0.132787193,3.5448358e-09
0.170019038,3.970788e-09
0.079175466,2.54373e-09
0.072590727,2.606537e-09
0.0521506,2.663332e-09
0.080005087,2.5058935e-09
0.052138714,2.5836877e-09
0.063147374,2.5703275e-09
0.073428528,2.7518956e-09
0.073502,2.71752e-09
0.084113224,2.9056089e-09
0.067699792,2.890705e-09
0.067728587,2.9001694e-09
0.063274401,2.6780982e-09
0.104342016,3.5314804e-09
0.148726034,3.89504e-09
0.189906137,4.185418e-09
0.11202016,3.3828038e-09
0.139961059,3.7046117e-09
0.110157886,3.2652991e-09
0.207642633,4.388154e-09
0.141740495,4.07094e-09
0.230728684,4.611561e-09
0.215455094,5.5070872e-09
0.191281153,5.1461195e-09
0.235655246,5.59603e-09
0.352660927,6.195953e-09
0.295296064,6.0388574e-09
0.375174316,6.2434315e-09
0.361621681,5.370229e-09
0.383489215,5.521554e-09
0.391040428,5.5252967e-09
0.380795091,5.409329e-09
0.386234601,5.4838463e-09
0.378487044,5.390637e-09
0.352461151,5.252954e-09
0.375116299,5.39331e-09
0.37252486,5.4148748e-09
0.221071563,4.2141326e-09
0.246745855,4.5038897e-09
0.27901258,4.7822484e-09
0.194526577,4.0488763e-09
0.225859941,4.3352646e-09
0.164755401,3.8835197e-09
0.26509579,4.6201087e-09
0.305568226,4.981478e-09
0.285585741,4.8922013e-09
0.376397952,5.394636e-09
0.331565329,5.1400155e-09
0.336583131,5.212831e-09
0.08394425,2.1482567e-09
0.074252197,2.252327e-09
0.055083338,2.3618119e-09
0.09489295,2.059533e-09
0.069558158,2.1559583e-09
0.091140163,1.973792e-09
0.072032519,2.3387468e-09
0.072643822,2.5502098e-09
0.067434279,2.456054e-09
0.072634941,1.8681516e-09
0.048100721,1.9233282e-09
0.061313309,1.7725809e-09
0.058954805,2.0366362e-09
0.046515135,2.2279094e-09
0.038176301,2.0999529e-09
0.063847103,2.8413791e-09
0.046887911,3.0518323e-09
0.043437102,3.274172e-09
0.055381391,2.7382232e-09
0.030959453,2.9393112e-09
0.042280963,2.6344196e-09
0.068113111,3.1123757e-09
0.094246174,3.4025789e-09
0.058759083,3.341462e-09
0.080317367,3.6199053e-09
0.104943028,3.6897205e-09
0.137487285,3.753585e-09
0.138001426,3.986871e-09
0.16647388,4.0593675e-09
0.196188951,4.3663673e-09
0.230982024,4.5126085e-09
0.198960527,4.1988732e-09
0.26134644,4.652006e-09
0.367631055,5.46553e-09
0.382175392,5.5641283e-09
0.389806563,5.5780975e-09
0.345912109,5.370829e-09
0.367796435,5.4886233e-09
0.331727733,5.2339733e-09
0.161146816,4.716852e-09
0.171869581,5.083964e-09
0.187268498,5.4557403e-09
0.138477501,4.6466884e-09
0.144031942,5.01808e-09
0.121616183,4.572777e-09
0.122033526,3.297069e-09
0.142961387,3.372118e-09
0.169936404,3.4464847e-09
0.138156246,3.729799e-09
0.165928034,3.8163144e-09
0.157932253,4.232331e-09
0.119415608,4.092892e-09
0.122043018,3.6671846e-09
0.136453251,4.164124e-09
0.163025847,3.0724916e-09
0.118392098,2.729133e-09
0.081705771,2.4815348e-09
0.122101151,2.8160196e-09
0.090031021,2.5637232e-09
0.080616285,2.6499964e-09
0.083352201,2.485996e-09
0.074379013,2.401645e-09
0.083909468,2.4270173e-09
0.11483884,2.944764e-09
0.101493001,2.670362e-09
0.138137328,3.0077645e-09
0.195566224,4.1594466e-09
0.222156121,4.5770547e-09
0.272763324,4.8748263e-09
0.14337216,3.912667e-09
0.170889434,4.3111394e-09
0.090045895,3.7037156e-09
0.260181795,4.73706e-09
0.326165135,5.1886504e-09
0.293602024,5.0452598e-09
0.289251973,4.681925e-09
0.324507129,5.053525e-09
0.353533976,5.3077356e-09
0.263322344,4.514049e-09
0.29693039,4.9071813e-09
0.230750524,4.3355173e-09
0.050878394,2.3002829e-09
0.030013101,2.2242284e-09
0.020950281,2.270873e-09
0.06341195,2.3281699e-09
0.042464645,2.3736713e-09
0.072018415,2.465131e-09
0.080297439,2.878957e-09
0.063506757,2.625228e-09
0.041231467,2.558853e-09
0.066762699,2.9842333e-09
0.076496791,2.9209004e-09
0.025992332,2.5468783e-09
0.128654933,2.643604e-09
0.110419436,2.9631613e-09
0.087470512,3.2652527e-09
0.065786662,2.436555e-09
0.052409614,2.71207e-09
0.022837282,2.3186837e-09
0.150410045,3.0712497e-09
0.161558317,3.5891614e-09
0.122155095,3.407766e-09
0.354700548,6.1958114e-09
0.296076166,6.0292904e-09
0.23736791,5.8113265e-09
0.293912357,6.0343104e-09
0.235141423,5.823644e-09
0.23307485,5.8351435e-09
0.15748495,5.4074922e-09
0.123583677,4.983574e-09
0.165800342,5.432258e-09
0.438241055,6.333923e-09
0.505001304,6.3541585e-09
0.463251243,6.351571e-09
0.381503987,6.250232e-09
0.405020707,6.294472e-09
0.323440684,6.1044565e-09
0.117165693,4.59359e-09
0.131284493,5.0146607e-09
0.184345746,5.45038e-09
0.123131217,4.6138275e-09
0.162443092,5.047008e-09
0.15046042,4.6339466e-09
0.278831141,4.8043094e-09
0.301911936,4.9416102e-09
0.323377018,5.064332e-09
0.358649503,5.1750564e-09
0.364253756,5.2873443e-09
0.408947176,5.437707e-09
0.397570137,5.5938973e-09
0.41322608,5.5771934e-09
0.404096581,5.597479e-09
0.401010278,5.5011546e-09
0.401724109,5.5314393e-09
0.377587545,5.355394e-09
0.029054456,2.4974838e-09
0.022909107,2.639263e-09
0.042244114,2.7855644e-09
0.023181172,2.3506883e-09
0.023081362,2.4789442e-09
0.018614797,2.210065e-09
0.017945533,2.7896885e-09
0.038704615,3.1133012e-09
0.043309031,2.9502722e-09
0.016967764,2.0547524e-09
0.032652891,2.1298767e-09
0.01496329,1.9091169e-09
0.030404458,2.2997204e-09
0.046712818,2.5825635e-09
0.055538494,2.3871716e-09
0.075603559,3.489319e-09
0.118864486,3.7082775e-09
0.173795198,3.9261643e-09
0.077220803,3.314634e-09
0.116724251,3.5191152e-09
0.074825952,3.1366219e-09
0.109955217,3.850654e-09
0.176067482,4.2270063e-09
0.172370094,4.080639e-09
0.351533897,4.8733724e-09
0.29760328,4.580782e-09
0.236038107,4.2583896e-09
0.305606881,4.7310027e-09
0.238395122,4.4132165e-09
0.242440205,4.5587116e-09
0.378035697,5.0932103e-09
0.33270679,4.9658673e-09
0.40022143,5.284098e-09
0.381925327,5.3999982e-09
0.415901185,5.542849e-09
0.421827342,5.5448464e-09
0.386275094,5.449823e-09
0.407710111,5.580492e-09
0.379822468,5.4715805e-09
0.327025785,5.0220965e-09
0.362177155,5.2599742e-09
0.356768724,5.2989333e-09
0.113301763,4.1212775e-09
0.102537022,3.7100985e-09
0.082343973,3.3500807e-09
0.110212427,3.6914818e-09
0.098059806,3.3380698e-09
0.108715567,3.320124e-09
0.1222107,4.140492e-09
0.104708457,3.71348e-09
0.116440814,4.1319064e-09
0.09489456,2.9031382e-09
0.094105557,2.5911981e-09
0.093953769,2.3471192e-09
0.082106741,2.628635e-09
0.083887347,2.3826559e-09
0.065374764,2.426943e-09
0.049062828,2.2280173e-09
0.072826292,2.1705489e-09
0.026162966,2.124578e-09
0.085508552,2.9315925e-09
0.101655458,2.6023717e-09
0.097984702,2.919305e-09
0.274506362,4.187086e-09
0.31911844,4.7569007e-09
0.354221976,5.160053e-09
0.280433311,4.3707264e-09
0.323402867,4.901075e-09
0.284237536,4.537325e-09
0.181450416,3.6999637e-09
0.149079335,3.1182887e-09
0.128394762,2.6386242e-09
0.157870016,3.1876164e-09
0.113746129,2.6538254e-09
0.131738565,2.6975258e-09
0.237843579,4.025979e-09
0.209925363,3.8561483e-09
0.185577587,3.3163112e-09
0.235001559,3.8407055e-09
0.185471876,3.1252567e-09
0.231621242,3.6463215e-09
0.069050712,1.963363e-09
0.058130344,2.0226127e-09
0.033720088,2.1295967e-09
0.069940933,2.0190263e-09
0.057408735,2.0540907e-09
0.079487883,2.152518e-09
0.095424442,2.267378e-09
0.057807292,2.1606983e-09
0.075188996,2.0411066e-09
0.093296586,2.2406446e-09
0.078531215,2.0172184e-09
0.082325625,2.238347e-09
0.270652775,5.8766596e-09
0.344270212,6.156997e-09
0.41855928,6.3210632e-09
0.3034882,5.9412133e-09
0.368834863,6.204178e-09
0.326693717,6.003193e-09
0.258818916,5.5845626e-09
0.197665157,5.1049702e-09
0.226851941,5.516472e-09
0.487449328,6.345795e-09
0.54950381,6.2379915e-09
0.505945204,6.3172627e-09
0.438429405,6.349476e-09
0.461693114,6.3568715e-09
0.395006529,6.2729537e-09
0.144995506,4.2815937e-09
0.141791573,3.9482426e-09
0.136674233,3.6425793e-09
0.118254393,3.827593e-09
0.111300777,3.5413477e-09
0.088645768,3.444602e-09
0.217828179,4.978764e-09
0.200929838,4.856754e-09
0.174819185,4.74192e-09
0.248012175,5.3603832e-09
0.227024057,5.2302322e-09
0.285982043,5.7115273e-09
0.183996937,4.4754533e-09
0.158782138,4.026857e-09
0.165957328,4.375346e-09
0.384869042,5.0940923e-09
0.405341041,5.2812092e-09
0.420618857,5.4341984e-09
0.408835372,5.244365e-09
0.425204654,5.39708e-09
0.404878779,5.3224056e-09
0.401150935,5.4498295e-09
0.408060256,5.4183706e-09
0.432300191,5.501558e-09
0.025409537,2.0163153e-09
0.024539612,1.885237e-09
0.053359359,2.0856694e-09
0.05132217,2.1998472e-09
0.021430391,2.0104793e-09
0.027379,2.2404993e-09
0.028734476,2.0318993e-09
0.044034994,2.2377158e-09
0.048948172,2.2609232e-09
0.068994954,2.5365168e-09
0.089080974,2.9240346e-09
0.134628468,3.3555796e-09
0.069251408,2.574914e-09
0.069337679,2.96153e-09
0.044694087,2.5962537e-09
0.072209019,2.9816465e-09
0.100685788,3.1743945e-09
0.072312906,2.755379e-09
0.110271662,3.353878e-09
0.161619224,3.7529104e-09
0.152755937,3.5626628e-09
0.351763993,4.679157e-09
0.294799351,4.2747783e-09
0.214148832,3.8165764e-09
0.303401327,4.477806e-09
0.225127171,4.0268735e-09
0.244615032,4.2169885e-09
0.348227284,4.821867e-09
0.349359039,4.757376e-09
0.304088946,4.5356354e-09
0.382733339,5.0263482e-09
0.397245928,5.1593547e-09
0.382264057,4.9446496e-09
0.359258718,5.2291753e-09
0.335298521,4.992139e-09
0.317455661,4.692043e-09
0.374513888,5.312127e-09
0.352458321,5.1181086e-09
0.38216133,5.3038662e-09
0.293297268,4.4094337e-09
0.304168982,4.5803312e-09
0.328363151,4.9041415e-09
0.048347374,2.6627864e-09
0.066556205,2.5517033e-09
0.087713212,2.4447127e-09
0.058034664,2.8579905e-09
0.078740747,2.7272793e-09
0.061075413,3.0862966e-09
0.097236022,3.243088e-09
0.062640335,2.9224363e-09
0.070636025,3.1642773e-09
0.042737249,2.1609212e-09
0.052955412,2.056599e-09
0.063743905,1.9830504e-09
0.059551157,2.2123978e-09
0.066505045,2.0976763e-09
0.078536426,2.2755258e-09
0.046576167,2.296325e-09
0.063449375,2.3659983e-09
0.049259929,2.4622677e-09
0.240874351,3.620311e-09
0.204275174,3.0937075e-09
0.160446099,2.6513525e-09
0.21577396,3.0917537e-09
0.183829766,2.6487148e-09
0.19290591,2.692167e-09
0.262175003,3.873668e-09
0.236047568,3.347528e-09
0.277758038,4.094041e-09
0.034548259,2.061713e-09
0.036799419,2.009677e-09
0.067544611,2.009766e-09
0.052476894,1.9849193e-09
0.066498508,1.9634634e-09
0.069904642,1.9475501e-09
0.111834621,2.2076159e-09
0.082888955,1.9956543e-09
0.103086405,2.0171547e-09
0.154664579,2.2739388e-09
0.14162381,2.2165239e-09
0.119424129,2.0717124e-09
0.089459146,2.9698388e-09
0.075653907,2.8604372e-09
0.057837186,2.758934e-09
0.106152421,3.165901e-09
0.086891166,3.0393095e-09
0.121470921,3.3902092e-09
0.345178816,6.059972e-09
0.410748621,6.300326e-09
0.476973486,6.3540138e-09
0.359450516,6.108248e-09
0.424796216,6.3189334e-09
0.369877423,6.145845e-09
0.261023969,5.4225233e-09
0.302279939,5.776319e-09
0.314874367,5.8354943e-09
0.57269273,6.2104104e-09
0.662835657,5.9613945e-09
0.606861664,6.1416987e-09
0.512496725,6.3308825e-09
0.543676624,6.2955743e-09
0.455991161,6.350063e-09
0.201353018,4.7340722e-09
0.239993379,5.18556e-09
0.290513678,5.630971e-09
0.189625041,4.481386e-09
0.226418446,4.927965e-09
0.182745886,4.227969e-09
0.172970315,4.2385904e-09
0.164188754,4.0048023e-09
0.151512648,3.8119303e-09
0.121292185,3.2884997e-09
0.136854388,3.5344099e-09
0.151183364,3.6979173e-09
0.0126,1.8301132e-09
0.0126,1.7236016e-09
0.014415443,1.8878217e-09
0.052516885,2.1590894e-09
0.032335149,2.0197097e-09
0.018265863,1.8889752e-09
0.032789957,2.086764e-09
0.020871557,1.954241e-09
0.020218098,2.0132418e-09
0.050245434,2.2628408e-09
0.030104281,2.1815894e-09
0.020263859,2.0999473e-09
0.040479771,2.3647144e-09
0.026130813,2.2747588e-09
0.033151722,2.4645694e-09
0.039631546,2.3609907e-09
0.035054175,2.1811306e-09
0.069146397,2.254562e-09
0.392846559,4.8943116e-09
0.403086718,4.9286046e-09
0.382147906,4.8558046e-09
0.391447226,5.0667848e-09
0.396160583,5.057284e-09
0.391703681,5.209691e-09
0.372412072,5.1483764e-09
0.346630788,4.90855e-09
0.371502243,4.9581734e-09
0.076059653,2.4276106e-09
0.059506801,2.4840672e-09
0.040012061,2.5272733e-09
0.078943319,2.745258e-09
0.074168952,2.8059288e-09
0.101428247,3.0965073e-09
0.042310013,2.672314e-09
0.062014321,2.5510072e-09
0.067613863,2.883933e-09
0.038983408,2.8991787e-09
0.104665634,3.3055714e-09
0.102593978,3.2185432e-09
0.292616454,4.282965e-09
0.222627353,3.9228376e-09
0.150899279,3.5145211e-09
0.25305805,4.0498005e-09
0.175587265,3.637687e-09
0.204595551,3.71899e-09
0.345026712,4.570709e-09
0.329075793,4.4384834e-09
0.281597386,4.1744013e-09
0.375034499,4.7169317e-09
0.383428382,4.7556212e-09
0.350949382,4.5554844e-09
0.279541658,4.0490313e-09
0.323296167,4.451494e-09
0.369305393,4.740124e-09
0.300804083,4.262218e-09
0.342385592,4.6896034e-09
0.313822596,4.480868e-09
0.231896687,3.2007297e-09
0.251589611,3.5386647e-09
0.268133848,3.8315404e-09
0.262456891,3.6440464e-09
0.2822056,3.998122e-09
0.28980183,4.1861488e-09
0.21924649,3.0342473e-09
0.249590745,3.5056982e-09
0.204540077,2.8599187e-09
0.032538462,2.2142768e-09
0.036215798,2.2689048e-09
0.053106955,2.325051e-09
0.029734355,2.1149256e-09
0.04927737,2.1720188e-09
0.032161064,2.0651942e-09
0.05942876,2.6945544e-09
0.044569878,2.4828104e-09
0.050154692,2.6066551e-09
0.03476733,2.408868e-09
0.042982884,2.5234879e-09
0.037190823,2.3526738e-09
0.166707515,2.4669844e-09
0.138548368,2.197488e-09
0.10672297,2.0808935e-09
0.134673774,2.3761093e-09
0.118346602,2.1986601e-09
0.110752398,2.3687368e-09
0.173210215,2.6330016e-09
0.139304223,2.539294e-09
0.187460558,2.8108007e-09
0.077359087,2.2258768e-09
0.080360807,2.1428055e-09
0.067780676,2.0690818e-09
0.080243848,2.2104294e-09
0.060300264,2.134991e-09
0.076258714,2.2439637e-09
0.093771633,2.2356674e-09
0.104254886,2.280223e-09
0.105988596,2.1498805e-09
0.08574873,2.9328668e-09
0.120811308,3.2429759e-09
0.153313737,3.6462948e-09
0.087583913,2.9001779e-09
0.122742034,3.2009264e-09
0.097436223,2.874434e-09
0.057200778,2.669602e-09
0.067508261,2.6511502e-09
0.055676421,2.4721132e-09
0.644533047,6.002012e-09
0.71624913,5.6467613e-09
0.659595151,5.9285656e-09
0.587355436,6.2268177e-09
0.50270518,6.3557115e-09
0.399982569,6.1308754e-09
0.574517979,6.2653016e-09
0.482332524,6.3459606e-09
0.553283844,6.302051e-09
0.378508895,6.1587317e-09
0.469240147,6.349849e-09
0.391612226,6.154208e-09
0.294344464,5.653609e-09
0.30245962,5.6531553e-09
0.230613236,4.9424926e-09
0.18000055,4.0586894e-09
0.214933482,4.754694e-09
0.2949167,5.464238e-09
0.182472369,3.8929833e-09
0.230102315,4.5562576e-09
0.187220678,3.739679e-09
0.155961616,3.3809398e-09
0.124756046,3.0999585e-09
0.152880611,3.505263e-09
0.688466716,5.539623e-09
0.674970069,5.7048646e-09
0.732882461,5.2162807e-09
0.714319761,5.106971e-09
0.697584622,5.234332e-09
0.756497592,4.7514623e-09
0.0126,1.7209362e-09
0.0126,1.6663595e-09
0.0126,1.5833413e-09
0.016988201,1.867912e-09
0.026610633,1.9711006e-09
0.040900759,2.073343e-09
0.012819725,1.8129996e-09
0.01836231,1.9049102e-09
0.014088313,1.7483999e-09
0.053774423,2.1404987e-09
0.049162082,2.1120785e-09
0.031725763,1.9998752e-09
0.07518638,2.3027238e-09
0.093656594,2.4520115e-09
0.107234343,2.6032172e-09
0.076434248,2.2783355e-09
0.090954443,2.4196758e-09
0.065389591,2.242615e-09
0.07314751,2.416209e-09
0.059228362,2.5274132e-09
0.089793936,2.5756626e-09
0.116842049,3.0881069e-09
0.072540653,2.8794576e-09
0.050450694,2.6682374e-09
0.087598023,3.119288e-09
0.054742093,2.8934977e-09
0.086467816,3.1200498e-09
0.107314878,2.9270364e-09
0.1088561,2.765056e-09
0.081109627,2.7272782e-09
0.348436169,4.205312e-09
0.344849406,4.3559143e-09
0.320631055,4.3814716e-09
0.353786023,4.4542294e-09
0.362811313,4.5667075e-09
0.379730792,4.685675e-09
0.294710083,4.1879487e-09
0.321700776,4.2294483e-09
0.342625023,4.4921085e-09
0.273246687,3.7818633e-09
0.179749073,3.6401198e-09
0.121105169,3.3935492e-09
0.260993328,3.977218e-09
0.19294366,3.7948116e-09
0.268189323,4.1443387e-09
0.170596919,3.3406398e-09
0.131087037,3.3852832e-09
0.225002227,3.5756178e-09
0.349832489,4.1244723e-09
0.3313165,3.9865258e-09
0.312415035,4.198218e-09
0.226987395,3.5424657e-09
0.275350809,3.7462033e-09
0.318802578,3.992077e-09
0.239325033,3.6804761e-09
0.278700197,3.958048e-09
0.25915622,3.8499333e-09
0.196217801,3.4396728e-09
0.222719452,3.4882546e-09
0.243095195,3.56824e-09
0.19431716,3.2850758e-09
0.205355488,3.2434182e-09
0.186251992,3.0879488e-09
0.206024836,3.0632283e-09
0.191352542,3.0391059e-09
0.226509886,3.330924e-09
0.168104539,2.7944669e-09
0.138034136,2.601192e-09
0.174125634,2.8545448e-09
0.085927504,2.646064e-09
0.067383876,2.5033533e-09
0.034195894,2.4372777e-09
0.071810124,2.4756333e-09
0.061414318,2.3732218e-09
0.075041113,2.338305e-09
0.06136536,2.2851423e-09
0.070947304,2.2856659e-09
0.039490653,2.3545503e-09
0.07582262,2.3222657e-09
0.045684695,2.375175e-09
0.024674674,2.4387603e-09
0.067389932,2.4530111e-09
0.033724594,2.5007607e-09
0.059342467,2.6183427e-09
0.118604157,2.7551164e-09
0.172711113,2.9154652e-09
0.10157898,2.5171305e-09
0.143582992,2.6640272e-09
0.108484594,2.4303166e-09
0.094832481,2.3597375e-09
0.160944125,3.3198555e-09
0.132401275,3.0318767e-09
0.099953669,2.8461211e-09
0.130745199,3.053826e-09
0.106642535,2.8285432e-09
0.104795933,2.839698e-09
0.080137,2.6771207e-09
0.057599263,2.542943e-09
0.086125837,2.6475373e-09
0.176400829,3.553437e-09
0.148179077,3.259328e-09
0.122739071,3.0296121e-09
0.191064391,3.595461e-09
0.16239533,3.2787422e-09
0.190026282,3.6592704e-09
0.777282679,4.7625934e-09
0.765752888,4.8695528e-09
0.802518232,4.4369557e-09
0.612575582,6.1135794e-09
0.630993796,6.005064e-09
0.645095068,5.8780305e-09
0.568207091,6.298098e-09
0.588222867,6.2398056e-09
0.512228997,6.3553e-09
0.485738203,6.327212e-09
0.445859922,6.2588468e-09
0.536781833,6.3452656e-09
0.426349219,6.1618852e-09
0.345695973,5.6794813e-09
0.287555873,5.0402065e-09
0.399297662,6.0333933e-09
0.325090122,5.46792e-09
0.361342767,5.8492127e-09
0.259101918,4.633122e-09
0.222937612,4.1715214e-09
0.279510964,5.0521085e-09
0.218692491,3.98199e-09
0.222840005,4.068618e-09
0.250701776,4.499117e-09
0.627809825,5.8893797e-09
0.671448923,5.597895e-09
0.707323129,5.28874e-09
0.700607158,5.5175247e-09
0.732771828,5.1913647e-09
0.750425507,5.0952105e-09
0.667121478,5.489771e-09
0.592716501,5.931483e-09
0.550577919,6.2415464e-09
0.646020186,5.595317e-09
0.602841866,6.0048344e-09
0.651978721,5.6976597e-09
0.552248112,6.311418e-09
0.536811209,6.349529e-09
0.601574251,6.137234e-09
0.588834666,6.0301604e-09
0.549572685,6.1483165e-09
0.628154641,5.773984e-09
0.820703487,4.4932142e-09
0.805780249,4.573679e-09
0.830187091,4.229425e-09
0.018637487,1.5366448e-09
0.022428686,1.4654624e-09
0.013105633,1.4045088e-09
0.042311698,1.5264764e-09
0.035923425,1.6043721e-09
0.022612872,1.6810173e-09
0.061065432,1.6708857e-09
0.045641344,1.755688e-09
0.070653055,1.8275027e-09
0.033765336,2.0006914e-09
0.050262008,1.9167192e-09
0.025081467,1.8348083e-09
0.055996167,2.2034032e-09
0.076166734,2.3256006e-09
0.098876254,2.4331608e-09
0.058494679,2.114861e-09
0.076019046,2.2215105e-09
0.069795896,2.018223e-09
0.080732112,2.3841342e-09
0.108462638,2.5713358e-09
0.104553454,2.5128228e-09
0.126409586,2.8071219e-09
0.164356634,2.9891767e-09
0.198450054,3.1326e-09
0.138320443,2.7505416e-09
0.172432668,2.9018112e-09
0.138151657,2.6669436e-09
0.160757312,3.1466068e-09
0.184585218,3.162576e-09
0.135730015,2.9777412e-09
0.223234059,3.376408e-09
0.273857342,3.5793566e-09
0.227695893,3.3619407e-09
0.314611037,3.731453e-09
0.3422065,3.8548555e-09
0.337099377,3.920141e-09
0.293405576,3.5725654e-09
0.304096127,3.635064e-09
0.250120082,3.3691199e-09
0.226455815,3.2752605e-09
0.266522207,3.5070862e-09
0.242222912,3.347386e-09
0.262928956,3.518465e-09
0.26542551,3.4558916e-09
0.307594977,3.7077617e-09
0.177082589,3.314874e-09
0.191615939,3.2746015e-09
0.220931635,3.293667e-09
0.188180607,3.3635668e-09
0.235322012,3.3795242e-09
0.208179172,3.4366137e-09
0.136492108,3.4024026e-09
0.141934806,3.3944079e-09
0.177868695,3.4310053e-09
0.148661645,3.3383836e-09
0.167710594,3.3603977e-09
0.175600376,3.2320324e-09
0.14618481,3.4037095e-09
0.16385311,3.372315e-09
0.159267365,3.3925611e-09
0.145654516,3.1546812e-09
0.106027372,3.0225085e-09
0.063956742,2.8817588e-09
0.07677697,3.2558394e-09
0.054399536,3.1480512e-09
0.061251878,3.3675427e-09
0.118546369,3.4030658e-09
0.121622408,3.2991092e-09
0.084560106,3.3913505e-09
0.077029403,2.7915361e-09
0.079748846,2.8173532e-09
0.079669002,2.9190603e-09
0.06850932,2.659421e-09
0.069564531,2.7173095e-09
0.043370553,2.5560463e-09
0.029451147,2.6964715e-09
0.035328963,2.595697e-09
0.058977747,2.7952083e-09
0.039381824,2.9597684e-09
0.039178966,3.0535137e-09
0.03562518,3.2250016e-09
0.138991118,3.3774665e-09
0.104311055,3.2568535e-09
0.085120437,3.1836398e-09
0.116197295,3.1356444e-09
0.091474766,3.056961e-09
0.096746027,2.9447975e-09
0.082348198,3.0317244e-09
0.08263107,2.9480813e-09
0.07964511,2.9052676e-09
0.169006178,3.7060925e-09
0.212790545,4.13407e-09
0.247156619,4.6181516e-09
0.154354868,3.864483e-09
0.191842568,4.268992e-09
0.128910286,4.01504e-09
0.127214493,3.5266388e-09
0.115172725,3.6882155e-09
0.098362866,3.4042595e-09
0.773263881,4.9507487e-09
0.787204948,4.8679087e-09
0.793229778,4.7889652e-09
0.734841349,5.254369e-09
0.740088632,5.1796554e-09
0.677789898,5.559423e-09
0.668613649,5.675669e-09
0.653054617,5.7860454e-09
0.71853138,5.387875e-09
0.501772802,6.302336e-09
0.545771196,6.197968e-09
0.590021749,6.0556964e-09
0.560067865,6.1371423e-09
0.6090234,5.9721015e-09
0.618554545,5.8806773e-09
0.479645033,6.34764e-09
0.382226594,6.0651075e-09
0.276777833,5.490515e-09
0.477894182,6.309391e-09
0.369399434,5.938749e-09
0.448567808,6.241977e-09
0.284804769,5.2227778e-09
0.356595183,5.8201843e-09
0.278562778,5.366558e-09
0.163783793,4.467009e-09
0.224594369,4.8050066e-09
0.209586982,4.9426103e-09
0.541073597,6.2071717e-09
0.452260753,6.352985e-09
0.369034273,6.2842456e-09
0.505068667,6.283299e-09
0.432354627,6.3544534e-09
0.498814315,6.3330687e-09
0.338858147,6.0959215e-09
0.312550769,5.817692e-09
0.408063351,6.266742e-09
0.455845692,6.3528995e-09
0.411404081,6.346065e-09
0.499216224,6.3033534e-09
0.783382252,4.6972164e-09
0.730506854,5.0003477e-09
0.676249184,5.3206364e-09
0.737932728,5.088119e-09
0.678476724,5.398704e-09
0.678933002,5.4788156e-09
0.769766787,4.591371e-09
0.72644217,4.9457145e-09
0.811182427,4.321217e-09
0.774697491,4.6402824e-09
0.820944818,4.3659916e-09
0.832749988,4.0892663e-09
0.014414922,1.2702781e-09
0.012850001,1.2142299e-09
0.0166147,1.329543e-09
0.013981199,1.3150301e-09
0.01848071,1.3698898e-09
0.030611852,1.4325068e-09
0.018241365,1.4211651e-09
0.02970862,1.4776267e-09
0.019091571,1.536589e-09
0.053367066,1.5678667e-09
0.074858826,1.714956e-09
0.045517421,1.6162266e-09
0.082152031,1.905652e-09
0.081190031,1.9916213e-09
0.090304717,2.0976476e-09
0.065199104,1.7977562e-09
0.067268762,1.9014468e-09
0.038586688,1.7123457e-09
0.082280255,2.0971318e-09
0.087247983,2.296509e-09
0.087398341,2.1779032e-09
0.110312683,2.5503146e-09
0.108102884,2.6428681e-09
0.105001406,2.7232112e-09
0.095224423,2.4130247e-09
0.101451795,2.5259521e-09
0.096451724,2.3150395e-09
0.144556412,2.7715e-09
0.176639075,2.9892353e-09
0.130760063,2.8381728e-09
0.179249162,3.0971352e-09
0.188191866,3.1582148e-09
0.130763986,2.9427578e-09
0.161485636,3.2422178e-09
0.143905477,3.161584e-09
0.133743935,3.0791014e-09
0.170777955,3.1747631e-09
0.145336491,3.0723244e-09
0.183492904,3.1655305e-09
0.124169719,2.940184e-09
0.112314403,2.824619e-09
0.132219275,2.9955276e-09
0.161303578,3.3592578e-09
0.146810509,3.427548e-09
0.129475869,3.5032381e-09
0.148857263,3.306739e-09
0.141390424,3.396475e-09
0.140113077,3.243391e-09
0.152505405,3.4153396e-09
0.144633031,3.4396008e-09
0.140651166,3.472227e-09
0.123553843,3.4685879e-09
0.087697211,3.4786751e-09
0.116320582,3.5250995e-09
0.061500233,3.4437835e-09
0.056330777,3.314281e-09
0.078082051,3.169483e-09
0.082677999,3.536479e-09
0.100610688,3.4249124e-09
0.067037862,3.6848902e-09
0.098853326,3.7503445e-09
0.140115062,3.7843426e-09
0.155677618,3.7874477e-09
0.091861896,3.605516e-09
0.106667511,3.642323e-09
0.072939373,3.5169756e-09
0.108602371,3.5889016e-09
0.088007448,3.5809675e-09
0.126202666,3.6773022e-09
0.080775264,3.2904655e-09
0.083430991,3.49829e-09
0.090967626,3.7551673e-09
0.069052449,3.428827e-09
0.073512716,3.6229297e-09
0.055125255,3.5988856e-09
0.080312232,3.1621348e-09
0.072113118,3.3186556e-09
0.085155867,3.101904e-09
0.036580469,3.5843135e-09
0.053262178,3.6279282e-09
0.086392504,3.3472076e-09
0.108766874,4.3126698e-09
0.102111669,4.2434847e-09
0.110927192,4.1446837e-09
0.132235035,4.572503e-09
0.144259329,4.530572e-09
0.198692709,4.9679203e-09
0.085937367,4.0519685e-09
0.071060011,3.8066963e-09
0.087175584,3.917553e-09
0.080364134,4.2500354e-09
0.043879013,4.0691144e-09
0.037153611,3.860862e-09
0.055540767,4.0086436e-09
0.035883933,3.812624e-09
0.041918255,3.785226e-09
0.614074063,5.850553e-09
0.613934312,5.7878045e-09
0.612149055,5.724729e-09
0.549750899,6.102545e-09
0.545571187,6.060766e-09
0.483345527,6.282361e-09
0.499972202,6.294931e-09
0.556818632,6.119181e-09
0.49459793,6.2881957e-09
0.433145732,6.3552457e-09
0.367959071,6.254873e-09
0.303536003,6.0144867e-09
0.390174558,6.3134737e-09
0.326319332,6.1297074e-09
0.346637333,6.21958e-09
0.432119004,6.3559273e-09
0.4238993,6.3563466e-09
0.36635359,6.2579324e-09
0.279971505,5.9129417e-09
0.198516408,5.3629514e-09
0.149185284,4.8738023e-09
0.253621927,5.6004525e-09
0.174419099,5.0638147e-09
0.227731335,5.2750044e-09
0.125435641,4.4831063e-09
0.150721635,4.801566e-09
0.138812435,4.661532e-09
0.230940892,5.6266827e-09
0.175364766,5.217762e-09
0.252012325,5.7770997e-09
0.478915226,6.1659424e-09
0.477738078,6.209647e-09
0.48015334,6.248682e-09
0.549993476,5.9266316e-09
0.547858395,5.995731e-09
0.617622194,5.6346887e-09
0.771220978,4.500891e-09
0.730626116,4.7438466e-09
0.735792784,4.834017e-09
0.684971908,5.10316e-09
0.685366449,5.2066507e-09
0.549509005,5.850864e-09
0.622584986,5.536169e-09
0.620821801,5.443387e-09
0.784467246,4.276628e-09
0.012785442,1.2215099e-09
0.013275139,1.3234706e-09
0.014223763,1.4351662e-09
0.012760231,1.2375818e-09
0.014476261,1.3463952e-09
0.012600121,1.14115e-09
0.020065559,1.6184464e-09
0.028108592,1.7431857e-09
0.034123025,1.9139277e-09
0.019432322,1.5290612e-09
0.029642738,1.6650478e-09
0.019137272,1.4494191e-09
0.039694998,1.8053931e-09
0.070989111,2.0022544e-09
0.036544416,1.9448856e-09
0.085040645,2.287631e-09
0.049619217,2.5322449e-09
0.057604576,2.8121991e-09
0.0471389,2.2478726e-09
0.025316807,2.5455742e-09
0.032314637,2.2371733e-09
0.103976352,2.4761873e-09
0.110070797,2.6485243e-09
0.090777624,2.6874032e-09
0.119249115,2.8112728e-09
0.136875647,2.9834577e-09
0.128321758,2.8972058e-09
0.176547209,3.5604182e-09
0.165242765,3.331693e-09
0.137009831,3.07977e-09
0.167034424,3.3544525e-09
0.1613919,3.1300202e-09
0.147917179,3.1919964e-09
0.146441465,3.371968e-09
0.131037114,3.5156502e-09
0.155379142,3.5307852e-09
0.137841397,3.638611e-09
0.16221716,3.7747796e-09
0.169956437,3.7035763e-09
0.159520375,3.9739807e-09
0.119612559,3.972155e-09
0.066257087,3.9334784e-09
0.146084611,4.2340664e-09
0.096361074,4.2189936e-09
0.160610189,4.4910395e-09
0.096000616,4.354813e-09
0.126744356,4.438819e-09
0.060181503,4.1561865e-09
0.241071259,4.354643e-09
0.204963318,4.1337263e-09
0.177812545,3.9384145e-09
0.219860732,4.4356416e-09
0.181572334,4.198049e-09
0.188466214,4.482324e-09
0.220910951,4.0697303e-09
0.195684299,3.8031085e-09
0.188966834,3.9018277e-09
0.111482599,4.2572808e-09
0.113811793,4.245243e-09
0.105514643,4.2759396e-09
0.08762031,4.0826342e-09
0.095756018,4.1497064e-09
0.072820167,3.9225863e-09
0.130820621,4.3817314e-09
0.132080119,4.5101536e-09
0.121786981,4.329276e-09
0.106762873,4.2619503e-09
0.081492119,4.07759e-09
0.103138002,4.2586294e-09
0.124982542,4.4456083e-09
0.129893815,4.4063957e-09
0.121186475,4.355923e-09
0.157544539,4.5969455e-09
0.157944273,4.520979e-09
0.18141184,4.7149133e-09
0.149697963,4.5582405e-09
0.182830561,4.712326e-09
0.181946068,4.645059e-09
0.391408459,6.347698e-09
0.325382803,6.300783e-09
0.283036695,6.061757e-09
0.396791816,6.35477e-09
0.333065921,6.277958e-09
0.404988348,6.3569705e-09
0.353222928,6.2692074e-09
0.296485447,6.0491048e-09
0.307677913,6.033427e-09
0.229902183,5.5171094e-09
0.238825476,5.537551e-09
0.234002201,5.5556706e-09
0.176674455,5.0269655e-09
0.178583994,5.042735e-09
0.13305063,4.6802917e-09
0.140524552,4.8040865e-09
0.176302761,5.1208127e-09
0.135877432,4.739166e-09
0.118462225,4.4843995e-09
0.105285234,4.4631916e-09
0.106656105,4.3454267e-09
0.422635857,6.277238e-09
0.49241307,6.031929e-09
0.561388567,5.6621396e-09
0.384819698,6.343685e-09
0.444547709,6.189513e-09
0.350043245,6.3537176e-09
0.347553929,6.3529693e-09
0.322903444,6.306967e-09
0.296020128,6.208008e-09
0.399246743,6.322074e-09
0.509512888,5.9306515e-09
0.615489712,5.2978386e-09
0.456432228,6.17099e-09
0.574047626,5.610751e-09
0.675995053,4.917252e-09
0.016262368,1.3409218e-09
0.035720226,1.5528162e-09
0.061285263,1.8032476e-09
0.02840747,1.4515403e-09
0.063727708,1.7002411e-09
0.015106644,1.2496365e-09
0.082618682,2.1721873e-09
0.120986255,2.5178513e-09
0.147576115,2.9576366e-09
0.098879406,2.0818878e-09
0.102109674,2.4570568e-09
0.073821455,1.994071e-09
0.073877258,2.5202276e-09
0.042678135,2.8314098e-09
0.10874437,2.8847333e-09
0.204296526,3.5002048e-09
0.127563461,3.3347582e-09
0.091807803,3.1949823e-09
0.276535941,3.979518e-09
0.215475846,3.7438617e-09
0.319528388,4.3706807e-09
0.194121913,3.7583936e-09
0.2676678,4.059971e-09
0.150006781,3.4908902e-09
0.288776777,4.423458e-09
0.314212853,4.43365e-09
0.249937715,4.0930415e-09
0.272322439,4.684493e-09
0.298590416,4.893029e-09
0.319520289,5.0031317e-09
0.306881027,4.7399147e-09
0.325227832,4.9231264e-09
0.318691108,4.7376876e-09
0.253372846,4.730569e-09
0.229365953,4.74136e-09
0.281302671,4.90739e-09
0.231970637,4.843961e-09
0.210830815,4.881534e-09
0.273047824,4.9735758e-09
0.259783703,4.964958e-09
0.279927096,5.0228377e-09
0.305704327,5.033403e-09
0.222191409,4.9054187e-09
0.242291684,4.966572e-09
0.197476177,4.8220112e-09
0.096334404,4.4695834e-09
0.105398883,4.4147117e-09
0.151451068,4.4898374e-09
0.091109977,4.382749e-09
0.115480801,4.4271036e-09
0.10206901,4.357873e-09
0.174970569,4.6620676e-09
0.14041947,4.474351e-09
0.150868139,4.5756323e-09
0.22430433,4.826084e-09
0.190221477,4.7520112e-09
0.186402975,4.6467568e-09
0.233544848,5.686669e-09
0.2500252,5.889638e-09
0.266006776,6.063102e-09
0.192836464,5.276613e-09
0.206987917,5.4842935e-09
0.161879128,4.9247646e-09
0.185233923,5.1570423e-09
0.148846672,4.8362936e-09
0.138322551,4.7549746e-09
0.092916119,4.509215e-09
0.116796742,4.5496082e-09
0.127147455,4.435024e-09
0.285294008,6.231302e-09
0.31963025,6.3358905e-09
0.366917718,6.3512244e-09
0.241008401,5.9762124e-09
0.265956795,6.1618404e-09
0.204408818,5.64652e-09
0.222307931,5.750214e-09
0.187344478,5.400622e-09
0.175919853,5.1491393e-09
0.242887011,5.918805e-09
0.341657379,6.3071597e-09
0.472500452,6.2320726e-09
0.341117538,6.1281598e-09
0.458113673,6.3558954e-09
0.580674006,5.9278187e-09
0.039873949,2.1144657e-09
0.033579011,1.8571674e-09
0.079903688,2.6295763e-09
0.05696803,2.3199618e-09
0.112564559,2.8475782e-09
0.017483944,1.709381e-09
0.29381729,4.860971e-09
0.285053926,4.908443e-09
0.271846803,4.943493e-09
0.257989635,4.745838e-09
0.240988261,4.7914424e-09
0.204954371,4.609726e-09
0.119914047,2.8532585e-09
0.155410455,3.1886973e-09
0.184303677,3.4031358e-09
0.186298892,3.406941e-09
0.219488288,3.72961e-09
0.238429782,3.9261017e-09
0.237418551,3.9565125e-09
0.281424696,4.4050137e-09
0.258639728,4.2615254e-09
0.311895153,4.3781894e-09
0.318768309,4.6326267e-09
0.316712156,4.725397e-09
0.369359112,4.6941153e-09
0.374499106,4.863946e-09
0.401970061,4.879799e-09
0.366973101,5.027902e-09
0.392139366,4.99059e-09
0.351556285,4.9333866e-09
0.344883265,5.0338347e-09
0.370921985,5.012535e-09
0.395605393,4.9635176e-09
0.349355977,5.064207e-09
0.379113434,5.041922e-09
0.342235179,5.0573576e-09
0.30017815,5.029104e-09
0.331316776,5.050966e-09
0.321298032,5.0614233e-09
0.307041992,5.0069078e-09
0.313286457,4.971726e-09
0.328252774,5.0253264e-09
0.159824996,4.6348436e-09
0.16431899,4.7730153e-09
0.172183977,4.954039e-09
0.194927258,4.4825277e-09
0.176269336,4.5363815e-09
0.22508094,4.452998e-09
0.176631774,4.457679e-09
0.230890557,4.477438e-09
0.196107197,4.4909974e-09
0.276861915,4.7091957e-09
0.241606044,4.5920294e-09
0.259064462,4.5524104e-09
0.33980802,5.8737153e-09
0.266413913,5.3128204e-09
0.23647751,4.7704924e-09
0.256474366,5.621503e-09
0.216355974,5.036026e-09
0.197905246,5.33354e-09
0.183394147,4.7262794e-09
0.207216801,4.544399e-09
0.201554838,4.4476454e-09
0.274431734,5.0405897e-09
0.328718761,5.6168266e-09
0.41000371,6.1273937e-09
0.317328643,5.3451075e-09
0.391168698,5.9114647e-09
0.471519168,6.325373e-09
0.199633155,3.5056296e-09
0.146048392,2.9972946e-09
0.156976695,2.9614997e-09
0.124881218,2.4787947e-09
0.104452774,2.4317257e-09
0.094421706,2.028334e-09
0.304426367,4.882991e-09
0.286907682,4.7411586e-09
0.272730156,4.578258e-09
0.311368549,4.8729447e-09
0.294861852,4.7457087e-09
0.315630082,4.827792e-09
0.325257614,4.9636113e-09
0.325534906,4.922285e-09
0.332307929,4.990192e-09
0.110835678,2.9691984e-09
0.178518706,3.5243681e-09
0.252940993,4.003771e-09
0.146282572,3.480248e-09
0.245960627,4.003388e-09
0.193375012,3.9404666e-09
0.376976428,4.691703e-09
0.310948551,4.3872688e-09
0.330936848,4.41822e-09
0.224608428,4.282392e-09
0.314661185,4.6226436e-09
0.397723727,4.8435216e-09
0.238707221,4.5158095e-09
0.311240184,4.771472e-09
0.274483172,4.6700923e-09
0.340957359,4.964742e-09
0.30949057,4.846435e-09
0.356313701,4.919226e-09
0.330851008,4.9110223e-09
0.333477922,4.8363575e-09
0.315138687,4.778755e-09
0.24445897,4.3836916e-09
0.2535241,4.3195723e-09
0.272252821,4.3850577e-09
0.242748471,4.382872e-09
0.271230149,4.464126e-09
0.260125781,4.4678328e-09
0.306788073,4.7017927e-09
0.287802913,4.6094035e-09
0.291992662,4.551346e-09
0.258867019,4.2744985e-09
0.283397319,4.439644e-09
0.27171615,4.6042143e-09
0.270040554,4.642825e-09
0.28762021,4.839911e-09
0.316914987,5.1406284e-09
0.277613695,4.166161e-09
0.266605542,4.235153e-09
0.271793589,4.28191e-09
0.398485483,5.4640648e-09
0.388815179,5.272791e-09
0.310834117,4.919954e-09
0.313130414,4.7151385e-09
0.257687584,4.435871e-09
0.480675254,5.773248e-09
0.094739659,3.3837597e-09
0.063666325,2.7775426e-09
0.082499055,2.8915663e-09
0.048778776,2.3324471e-09
0.058686359,2.4206974e-09
0.036162046,1.9434934e-09
0.256212492,4.288996e-09
0.268750103,4.4381583e-09
0.280445735,4.5649e-09
0.308926206,4.5539106e-09
0.317599174,4.677558e-09
0.324225549,4.7306776e-09
0.310898119,4.5927457e-09
0.290032486,4.4299315e-09
0.29490876,4.395513e-09
0.064881261,2.6331537e-09
0.092456462,3.2435714e-09
0.138400009,3.823356e-09
0.093288698,3.0743097e-09
0.114304955,3.6683552e-09
0.107512977,3.4832093e-09
0.222391746,4.3903308e-09
0.142833222,3.9967656e-09
0.172198319,4.1560306e-09
0.207477168,4.09668e-09
0.145675113,3.8310723e-09
0.216163545,4.2546975e-09
0.229174325,3.864096e-09
0.255934934,4.014871e-09
0.25777509,4.157849e-09
0.261411322,4.1229296e-09
0.281587554,4.264295e-09
0.27249294,4.295475e-09
0.226285777,3.791405e-09
0.243201635,4.0145327e-09
0.26274107,4.215824e-09
0.236789337,3.9250523e-09
0.264139896,4.0879784e-09
0.247796505,4.0624677e-09
0.21638722,3.83901e-09
0.247653852,4.0699235e-09
0.215990523,3.810963e-09
0.20309986,3.8004533e-09
0.230319045,3.969209e-09
0.235586074,4.124175e-09
0.249376735,4.1335326e-09
0.265508259,4.2820756e-09
0.312378574,4.580221e-09
0.224833975,3.7302983e-09
0.22575176,3.9067363e-09
0.211864717,3.7252004e-09
0.227910794,3.936635e-09
0.30009718,4.3830592e-09
0.371282667,4.91652e-09
0.286755518,4.1742654e-09
0.363035563,4.727242e-09
0.424380512,5.2164686e-09
0.096174685,2.8894294e-09
0.08473129,2.3107092e-09
0.082099729,2.4764852e-09
0.088761425,1.955222e-09
0.051196262,2.0913657e-09
0.054664784,1.6474558e-09
0.061426966,2.1649336e-09
0.090124516,2.7160096e-09
0.111269914,3.3013134e-09
0.083334065,2.539305e-09
0.113729972,3.104551e-09
0.117369994,2.903813e-09
0.217406107,3.911844e-09
0.168109771,3.4374084e-09
0.154888452,3.642792e-09
0.206527363,3.6030647e-09
0.16366425,3.2777185e-09
0.227471034,3.760519e-09
0.162981389,3.1687881e-09
0.149031682,3.0901035e-09
0.139695398,3.0031762e-09
0.172776215,3.4096526e-09
0.172817544,3.3500307e-09
0.196646253,3.6439074e-09
0.191590598,3.6351047e-09
0.207560594,3.6288703e-09
0.185356118,3.4200258e-09
0.166100918,3.5195868e-09
0.147226554,3.2480583e-09
0.129750329,2.9660325e-09
0.200431443,3.506569e-09
0.18569364,3.2706617e-09
0.215052505,3.5501366e-09
0.172330014,3.078634e-09
0.19365671,3.332731e-09
0.167402812,3.0088947e-09
0.17744638,3.3412952e-09
0.16508175,3.5122083e-09
0.174528902,3.6649244e-09
0.233847419,3.6675603e-09
0.224779393,3.811075e-09
0.293656765,4.0595265e-09
0.117208838,3.1534713e-09
0.102113767,3.0358114e-09
0.124205329,3.3445098e-09
0.224980878,3.4649208e-09
0.270144066,3.8654737e-09
0.318409139,4.338783e-09
0.241032163,3.6507426e-09
0.27181897,4.135412e-09
0.297797528,4.589412e-09
0.02750856,1.6780128e-09
0.038085529,1.9940325e-09
0.071022809,2.3386635e-09
0.016892852,1.5524181e-09
0.019496464,1.8418912e-09
0.013288592,1.3280257e-09
0.096312878,2.1231212e-09
0.057064874,1.880837e-09
0.021441148,1.652777e-09
0.102015642,2.3425208e-09
0.058228265,2.0891135e-09
0.107131156,2.605852e-09
0.146005386,2.8133196e-09
0.124189277,2.4582163e-09
0.128719058,2.7117326e-09
0.151057113,2.7378724e-09
0.127959716,2.6825029e-09
0.120295546,2.399743e-09
0.095964608,2.222847e-09
0.104446341,2.1763336e-09
0.105692673,2.144446e-09
0.093411913,2.4657985e-09
0.11108681,2.4244642e-09
0.098992838,2.71625e-09
0.110234026,2.6256812e-09
0.084180946,2.719896e-09
0.089954361,2.8334852e-09
0.122803932,2.855623e-09
0.096696453,2.9356824e-09
0.150891828,3.094564e-09
0.098087559,2.3429476e-09
0.078430976,2.5865292e-09
0.100759312,2.4758142e-09
0.155173671,2.9295344e-09
0.177183945,3.0707394e-09
0.186299349,3.208913e-09
0.175359753,3.2128762e-09
0.215963001,3.3424057e-09
0.19704164,3.5377128e-09
0.131298962,2.6986526e-09
0.154379427,2.9468854e-09
0.149389919,2.7978675e-09
0.146147555,3.042086e-09
0.167469389,3.3639955e-09
0.18657763,3.734126e-09
0.141814381,3.186643e-09
0.162033911,3.552922e-09
0.168371179,3.8928545e-09
0.028843645,1.3111313e-09
0.018908725,1.3718795e-09
0.04785047,1.5023912e-09
0.031901877,1.5696833e-09
0.066583749,1.7900171e-09
0.019064288,1.1352557e-09
0.086892506,1.6496396e-09
0.070791164,1.5078815e-09
0.056301655,1.379205e-09
0.085854015,1.7832109e-09
0.068105087,1.6374527e-09
0.088368379,1.9401898e-09
0.108092955,2.0192823e-09
0.098645797,1.8275919e-09
0.098263707,1.9736728e-09
0.128451567,2.0054933e-09
0.115243969,1.8740667e-09
0.101040111,1.7564579e-09
0.122718612,2.0693436e-09
0.110686233,1.9425441e-09
0.109301308,2.1417146e-09
0.113355626,2.2680011e-09
0.11929851,2.4096543e-09
0.125467564,2.2020392e-09
0.130864747,2.3764766e-09
0.135421222,2.4532696e-09
0.125818127,2.5364197e-09
0.133003048,2.54741e-09
0.13452804,2.620122e-09
0.137141371,2.7313922e-09
0.132193637,2.2368878e-09
0.134574648,2.1143893e-09
0.13329026,2.3198927e-09
0.108375966,2.5968192e-09
0.122345867,2.7058424e-09
0.133516943,2.817197e-09
0.114578867,2.8223528e-09
0.127228878,2.931752e-09
0.128638466,3.0780622e-09
0.123624562,2.4350046e-09
0.1263934,2.6183136e-09
0.115235966,2.5076827e-09
0.140532724,2.8371252e-09
0.107471056,2.7068732e-09
0.167608585,3.1140408e-09
0.136063743,2.9563962e-09
0.156202903,3.2401704e-09
0.195018867,3.3565133e-09
0.076834964,1.4805664e-09
0.068464458,1.3302139e-09
0.063038456,1.3501071e-09
0.061581907,1.2116186e-09
0.0528219,1.2333617e-09
0.054656302,1.0727768e-09
0.080087398,1.5610881e-09
0.066844774,1.4257318e-09
0.068720091,1.30532e-09
0.093350307,1.5803759e-09
0.076880734,1.4487742e-09
0.091253569,1.6100805e-09
0.117003243,1.8466051e-09
0.104551114,1.6982789e-09
0.10655708,1.7216356e-09
0.119679043,2.2324516e-09
0.110125236,2.288998e-09
0.102287041,2.3588569e-09
0.106341635,2.0944042e-09
0.095760411,2.1491389e-09
0.089153104,1.9631978e-09
0.084376102,1.6784859e-09
0.108914771,1.8234547e-09
0.124049566,1.979223e-09
0.087356896,1.8112426e-09
0.109459378,1.9647595e-09
0.123695133,2.0976076e-09
0.157938166,2.7795284e-09
0.142179926,2.5858262e-09
0.124659652,2.6443778e-09
0.110245098,2.4669404e-09
0.096076062,2.5300364e-09
0.089137142,2.2909514e-09
0.085387194,2.2271187e-09
0.082249917,2.081436e-09
0.187683963,2.8169151e-09
0.052531711,1.2386315e-09
0.064217491,1.2157516e-09
0.045036642,1.3575913e-09
0.05895611,1.3282141e-09
0.059472635,1.4553408e-09
0.053650084,1.1237721e-09
0.032008498,1.3477592e-09
0.043505153,1.4427243e-09
0.062559712,1.5455862e-09
0.031701264,1.4371331e-09
0.045563998,1.5374799e-09
0.06583292,1.6688212e-09
0.068868579,1.809847e-09
0.047902457,1.667975e-09
0.067934478,1.9237811e-09
0.072669842,1.9395017e-09
0.096337116,2.0660227e-09
0.072266663,2.0690036e-09
0.111473126,2.2292919e-09
0.066660335,1.7736658e-09
0.047328845,1.6482606e-09
0.056244888,1.7879068e-09
0.128454019,2.2064564e-09
0.022857387,1.3183346e-09
0.062682965,1.6825593e-09
0.136820997,2.4103455e-09
0.123590518,2.4040785e-09
0.115045286,2.40282e-09
0.110730333,2.4063036e-09
0.109957594,2.3308235e-09
0.103388934,2.3302618e-09
0.100179109,2.3347442e-09
0.089200509,2.2613422e-09
0.088694559,2.2669027e-09
0.078323052,2.2027806e-09
0.196586848,2.7007243e-09
0.179448261,2.6580298e-09
0.160597116,2.6218634e-09
0.144442297,2.5927016e-09
0.196586848,2.5991715e-09
0.160857339,2.560072e-09
0.139985809,2.5283702e-09
0.169470559,2.50186e-09
0.137457351,2.4676479e-09
0.212936772,1.8698232e-09
0.19386367,1.7698631e-09
0.168013746,1.6738191e-09
0.138433027,1.5827581e-09
0.201120912,1.839532e-09
0.171860015,1.7381083e-09
0.145045066,1.6406281e-09
0.182711497,1.810899e-09
0.154109461,1.7082841e-09
0.165626213,1.7837996e-09
0.169860914,1.7426129e-09
0.113252372,1.6456102e-09
0.055305421,1.5536198e-09
0.0126,1.467181e-09
0.166046933,1.6862295e-09
0.110995642,1.5929339e-09
0.067420042,1.5046705e-09
0.150555614,1.6330157e-09
0.109364385,1.5432768e-09
0.0126,1.3667255e-09
0.0126,1.4009978e-09
0.0126,1.4345442e-09
0.0126,1.4384233e-09
0.0126,1.4738345e-09
0.0126,1.5083076e-09
0.0126,1.5156923e-09
0.0126,1.5521454e-09
0.013697795,1.5989386e-09
0.018638862,1.4801419e-09
0.013620618,1.4185195e-09
0.013655286,1.3604082e-09
0.0126,1.3056349e-09
0.0126,1.4402355e-09
0.0126,1.3784922e-09
0.0126,1.3204245e-09
0.0126,1.4024817e-09
0.0126,1.3407173e-09
0.039534913,2.079812e-09
0.048561453,2.1057414e-09
0.061173793,2.1456361e-09
0.0505266,2.1449789e-09
0.063475915,2.1799185e-09
0.078728263,2.2295918e-09
0.063503876,2.2174695e-09
0.077644238,2.261943e-09
0.070477028,2.2977495e-09
0.061852702,2.2164763e-09
0.066418847,2.1414788e-09
0.070897214,2.0707243e-09
0.083763579,2.0012803e-09
0.042603197,2.1726192e-09
0.034212365,2.1013382e-09
0.041171364,2.0359312e-09
0.040716758,2.1265778e-09
0.029179313,2.0579352e-09
0.15421151,1.8673563e-09
0.12696627,1.942898e-09
0.181966657,1.9053452e-09
0.156693179,1.9857882e-09
0.11969154,2.0517692e-09
0.188970905,2.0305615e-09
0.1522131,2.1038267e-09
0.166421195,2.1575592e-09
0.261273751,3.1047316e-09
0.221136156,3.025501e-09
0.180668012,2.9518676e-09
0.155973025,2.8858789e-09
0.259953729,2.9719929e-09
0.207504944,2.8913723e-09
0.16844547,2.8183016e-09
0.235819074,2.836724e-09
0.189834869,2.7567308e-09
0.038086724,1.4746374e-09
0.026438791,1.4008313e-09
0.016099789,1.3319925e-09
0.012871468,1.2678489e-09
0.024545494,1.4140278e-09
0.01844759,1.344618e-09
0.01309183,1.2798762e-09
0.015272888,1.3578211e-09
0.0126,1.292475e-09
0.0126,1.1963784e-09
0.0126,1.2426576e-09
0.016276002,1.2923337e-09
0.02227233,1.3456761e-09
0.0126,1.1856753e-09
0.013149182,1.2311036e-09
0.016254532,1.2798599e-09
0.012613889,1.1742948e-09
0.01334021,1.2188246e-09
0.0126,1.162267e-09
0.133159049,3.3254566e-09
0.156185405,3.2421739e-09
0.210071973,3.1689638e-09
0.153506467,3.4141943e-09
0.200153609,3.3406269e-09
0.255359079,3.2752154e-09
0.184941774,3.5088972e-09
0.246105394,3.4427663e-09
0.215806218,3.6048193e-09
0.029178556,1.4646294e-09
0.019057581,1.3783443e-09
0.013859198,1.2990511e-09
0.012911435,1.2262673e-09
0.018720274,1.3931902e-09
0.012897468,1.3123053e-09
0.012698183,1.238047e-09
0.013972322,1.3277905e-09
0.0126,1.2519015e-09
0.014956862,1.2806023e-09
0.019400819,1.3394215e-09
0.02649882,1.4031198e-09
0.012987169,1.2175118e-09
0.013429089,1.2709446e-09
0.016289844,1.3287608e-09
0.0126,1.2075375e-09
0.0126,1.2599631e-09
0.0126,1.1529772e-09
0.0126,1.1527698e-09
0.0126,1.1558708e-09
0.01261546,1.203907e-09
0.012713905,1.2051747e-09
0.012789713,1.2099913e-09
0.013652211,1.2585544e-09
0.014720116,1.261515e-09
0.01897101,1.3171536e-09
0.139123204,3.8290255e-09
0.140328478,3.743885e-09
0.156186231,3.669627e-09
0.13064117,3.9337906e-09
0.133595892,3.8601202e-09
0.145614252,3.7949994e-09
0.127563885,4.0295376e-09
0.119250878,3.9643813e-09
0.139178414,4.1072012e-09
0.0126,1.1553508e-09
0.0126,1.1552865e-09
0.0126,1.154493e-09
0.0126,1.2106067e-09
0.0126,1.2097431e-09
0.0126,1.208085e-09
0.0126,1.2702366e-09
0.0126,1.2684331e-09
0.0126,1.3345335e-09
0.154016117,4.319321e-09
0.164314412,4.236729e-09
0.18251065,4.1667976e-09
0.189835347,4.3617376e-09
0.217357885,4.2895474e-09
0.234272808,4.2269375e-09
0.220484968,4.3668904e-09
0.235515047,4.302804e-09
0.240653503,4.3312314e-09
0.0126,1.3596453e-09
0.0126,1.2854832e-09
0.0126,1.2174189e-09
0.0126,1.1550189e-09
0.0126,1.2844747e-09
0.0126,1.2167137e-09
0.0126,1.1545351e-09
0.0126,1.2166219e-09
0.0126,1.1546529e-09
0.019616925,1.398553e-09
0.013816125,1.3151911e-09
0.0126,1.2393722e-09
0.0126,1.1705158e-09
0.01526183,1.3080005e-09
0.012687009,1.2321573e-09
0.0126,1.1632746e-09
0.012855144,1.2271645e-09
0.01261222,1.1581267e-09
0.033858573,1.3908588e-09
0.029037629,1.3183606e-09
0.02396215,1.25179e-09
0.017934875,1.1907276e-09
0.015257482,1.3100901e-09
0.01444779,1.2444041e-09
0.01466787,1.1840849e-09
0.0126,1.2368654e-09
0.0126,1.1773297e-09
0.179002532,4.56469e-09
0.209654596,4.475562e-09
0.248964525,4.3983612e-09
0.21628274,4.4542148e-09
0.258693157,4.3774118e-09
0.262314617,4.310675e-09
0.248261563,4.304646e-09
0.258627754,4.24244e-09
0.243008294,4.132738e-09
0.053123,1.3645032e-09
0.039946901,1.3066506e-09
0.029095856,1.2527581e-09
0.018511485,1.2025794e-09
0.040044545,1.3021607e-09
0.03034332,1.2486969e-09
0.021939919,1.1988862e-09
0.028325731,1.2443365e-09
0.020831528,1.1949238e-09
0.04835843,1.3436386e-09
0.037512184,1.3045808e-09
0.028216374,1.267461e-09
0.034802928,1.2321837e-09
0.029617918,1.2937738e-09
0.019468463,1.2547076e-09
0.0126,1.2176871e-09
0.023561307,1.246808e-09
0.018511485,1.2078641e-09
0.207045896,4.353607e-09
0.214751711,4.2676813e-09
0.229747614,4.194661e-09
0.185129135,4.106381e-09
0.203947833,4.046303e-09
0.215243915,3.9966044e-09
0.147971127,3.8929864e-09
0.184817573,3.86011e-09
0.122003152,3.754303e-09
0.044582306,1.2948908e-09
0.072220224,1.3628522e-09
0.101352268,1.4364818e-09
0.034802928,1.2506178e-09
0.061704041,1.3144917e-09
0.089915958,1.3836636e-09
0.061253182,1.2691163e-09
0.074465615,1.3340984e-09
0.061253182,1.287609e-09
0.152630201,3.82787e-09
0.156374361,3.79457e-09
0.145645838,3.770448e-09
0.153148617,3.692975e-09
0.196568301,3.6942918e-09
0.228528282,3.7010321e-09
0.163933619,3.6728547e-09
0.228528282,3.703654e-09
0.16886672,3.752322e-09
0.068109921,1.3813343e-09
0.068109921,1.3472498e-09
0.073687886,1.316039e-09
0.087714772,1.4416952e-09
0.092185332,1.4065954e-09
0.092656894,1.3745184e-09
0.112116781,1.5068077e-09
0.118969759,1.4706784e-09
0.136136066,1.5769828e-09
0.100440988,3.5873187e-09
0.084543576,3.6423167e-09
0.119136202,3.6969803e-09
0.07216325,3.6716719e-09
0.067264319,3.7546863e-09
0.129781563,3.8361487e-09
0.109356429,3.8422154e-09
0.095592216,3.9506642e-09
0.130888167,4.09828e-09
0.104963686,1.7877094e-09
0.093389862,1.692923e-09
0.077422493,1.6059591e-09
0.050562782,1.5262631e-09
0.102459,1.6358868e-09
0.084150105,1.5536803e-09
0.062999132,1.4782813e-09
0.086302818,1.5009751e-09
0.065252722,1.4298103e-09
0.277713045,5.446242e-09
0.314486813,5.59244e-09
0.341219681,5.728003e-09
0.359593218,5.851479e-09
0.323626944,5.8575487e-09
0.365335437,5.972708e-09
0.392011406,6.072461e-09
0.386614804,6.177269e-09
0.419872315,6.2442203e-09
0.447512632,6.3430083e-09
0.127402918,3.7132426e-09
0.139308382,3.8446277e-09
0.155634801,3.9727723e-09
0.156489408,3.989648e-09
0.170959186,4.1399564e-09
0.171300335,4.288248e-09
0.195185506,4.3679687e-09
0.204211204,4.5360102e-09
0.227675336,4.8504645e-09
0.232834586,4.343298e-09
0.226741987,4.5125876e-09
0.229492289,4.68214e-09
0.264386936,4.814149e-09
0.260836256,4.9938076e-09
0.262619661,5.1689093e-09
0.299792716,5.342117e-09
0.281643277,5.5137277e-09
0.355433023,6.250963e-09
0.385351047,6.2920633e-09
0.419065861,6.322531e-09
0.416916373,6.351464e-09
0.442470674,6.356919e-09
0.471342889,6.353738e-09
0.4881316,6.323878e-09
0.526133622,6.2985395e-09
0.577916884,6.168342e-09
0.577916884,6.0090866e-09
0.630282144,5.8193037e-09
0.672793031,5.6134506e-09
0.534290979,6.224077e-09
0.570815343,6.0883987e-09
0.605120355,5.9210747e-09
0.509997075,6.271825e-09
0.545689039,6.16066e-09
0.48733481,6.3103336e-09
0.095900258,2.0831814e-09
0.070110837,1.9404307e-09
0.035649631,1.8123557e-09
0.021420621,1.6976062e-09
0.083721672,1.8730029e-09
0.049193666,1.7488576e-09
0.017221227,1.637714e-09
0.067263923,1.6881713e-09
0.036900072,1.5804583e-09
0.672793031,5.3869207e-09
0.727993661,5.14922e-09
0.793567491,4.910829e-09
0.625796961,5.8063256e-09
0.665478334,5.5970055e-09
0.70354173,5.371062e-09
0.589659566,5.9824745e-09
0.624580991,5.796366e-09
0.550038181,6.1347207e-09
0.138113923,2.4908364e-09
0.112044863,2.2835993e-09
0.063698738,2.102504e-09
0.030748937,1.943855e-09
0.09047504,2.1860365e-09
0.060824222,2.0146655e-09
0.029282218,1.8641968e-09
0.035066673,1.9234796e-09
0.023561058,1.7812831e-09
0.790624698,4.595099e-09
0.790464001,4.3204635e-09
0.792644341,4.0891703e-09
0.721495163,5.1856617e-09
0.725380837,4.888152e-09
0.726138063,4.629262e-09
0.651774893,5.459052e-09
0.655840934,5.185925e-09
0.597041625,5.7233445e-09
0.014713476,2.0863038e-09
0.021875685,2.2669462e-09
0.051672741,2.466348e-09
0.088876847,2.6920797e-09
0.0126,2.098334e-09
0.024463062,2.270442e-09
0.054603371,2.4605555e-09
0.0126,2.0988213e-09
0.020695424,2.2606652e-09
0.016071408,2.0856608e-09
0.087885546,2.7304954e-09
0.052786539,2.4821467e-09
0.027256678,2.269926e-09
0.085345129,2.4333975e-09
0.058522558,2.2319064e-09
0.023468234,2.0567392e-09
0.063499579,2.173835e-09
0.041156404,2.0079745e-09
0.799807584,3.4503607e-09
0.766497145,4.0297756e-09
0.712900776,4.624217e-09
0.663531812,5.2217417e-09
0.783478268,3.6294878e-09
0.741855234,4.217701e-09
0.687719887,4.827604e-09
0.77696334,3.83724e-09
0.719328779,4.44797e-09
0.028918148,2.2026594e-09
0.051323498,2.3292874e-09
0.064793863,2.4699753e-09
0.018973474,2.0524948e-09
0.035271663,2.1586688e-09
0.058397352,2.2738278e-09
0.020929864,2.0083515e-09
0.035219634,2.103334e-09
0.015410168,1.9535218e-09
0.705326389,4.926365e-09
0.752248998,4.4037205e-09
0.792239407,3.908149e-09
0.780689473,4.2534007e-09
0.83804966,3.735616e-09
0.850960358,3.2628842e-09
0.850040563,3.567672e-09
0.888617851,3.0849039e-09
0.871581297,2.9145735e-09
0.76394925,4.2977515e-09
0.805983542,3.792791e-09
0.850714273,3.3296876e-09
0.811855181,3.664945e-09
0.852281541,3.190414e-09
0.860048158,2.7730132e-09
0.848151428,3.060206e-09
0.858843758,2.6416778e-09
0.863097117,2.5232003e-09
0.86436456,2.4448181e-09
0.849399593,2.3756492e-09
0.849602959,2.3166613e-09
0.852156583,2.9015446e-09
0.850946245,2.8218339e-09
0.842417585,2.7513165e-09
0.821104936,3.3390886e-09
0.824043454,3.2647696e-09
0.787536608,3.831886e-09
0.019674181,1.7921479e-09
0.0126,1.8485224e-09
0.0126,1.9023314e-09
0.021704061,1.9268904e-09
0.024232681,1.9847772e-09
0.029798743,2.0408086e-09
0.047825678,2.077517e-09
0.05138398,2.137152e-09
0.079992251,2.2466502e-09
0.85415532,2.2203857e-09
0.855689236,2.5545155e-09
0.83957533,2.9596445e-09
0.815837714,3.4261824e-09
0.860122396,2.248374e-09
0.851720806,2.5898106e-09
0.834300294,2.9976561e-09
0.849602959,2.2807e-09
0.845977313,2.6284086e-09
0.080247422,2.0250366e-09
0.06940713,1.8449171e-09
0.05351161,1.6847627e-09
0.03427762,1.5428869e-09
0.056879099,1.934827e-09
0.044093368,1.7775735e-09
0.032447075,1.6361632e-09
0.029917085,1.8582369e-09
0.029132564,1.7202475e-09
0.852714088,2.1727171e-09
0.85171872,2.1270936e-09
0.862632301,2.0858708e-09
0.85287278,2.4651339e-09
0.852671909,2.4061295e-09
0.857860218,2.3478193e-09
0.84999287,2.7556943e-09
0.854948828,2.6854967e-09
0.848313638,3.0965086e-09
0.016397751,1.2903456e-09
0.024536831,1.3677616e-09
0.030238995,1.45281e-09
0.047662679,1.4139818e-09
0.056168729,1.5016559e-09
0.056939595,1.5955158e-09
0.080848427,1.5604866e-09
0.084884921,1.658209e-09
0.107934329,1.7326627e-09
0.854123405,2.8636742e-09
0.868177723,2.5538907e-09
0.865144254,2.2965772e-09
0.866906473,2.5309008e-09
0.877072383,2.2699418e-09
0.880826846,2.061225e-09
0.876474209,2.2803517e-09
0.880826846,2.0704383e-09
0.887347472,2.1113582e-09
0.053312842,1.4535034e-09
0.037095599,1.3413367e-09
0.023798054,1.24609e-09
0.014595173,1.1662833e-09
0.046156491,1.3890739e-09
0.027257269,1.2828318e-09
0.0126,1.192634e-09
0.033955861,1.3354713e-09
0.013917981,1.2347203e-09
0.872805288,2.2114377e-09
0.852003052,2.345606e-09
0.815689123,2.5129658e-09
0.854209162,2.4817501e-09
0.828618213,2.598318e-09
0.799991503,2.7625777e-09
0.824513607,3.0496006e-09
0.783366332,3.2036436e-09
0.767969458,3.8422567e-09
0.024620393,1.4628827e-09
0.019177822,1.3490657e-09
0.0188957,1.2684408e-09
0.022914457,1.2176729e-09
0.024478266,1.3367095e-09
0.015606948,1.2369984e-09
0.0126,1.1659614e-09
0.020952875,1.2404751e-09
0.014660948,1.1516589e-09
0.585398981,5.0450417e-09
0.692748171,3.9184433e-09
0.760176579,3.054777e-09
0.654110576,4.2976573e-09
0.731513288,3.356955e-09
0.771306438,2.7471259e-09
0.694586578,3.6876604e-09
0.731854107,3.0046365e-09
0.693465976,3.27969e-09
0.108528333,1.8941912e-09
0.058437964,1.7971741e-09
0.02406823,1.7230251e-09
0.0126,1.6542158e-09
0.080503068,1.6028144e-09
0.046725969,1.550391e-09
0.029155137,1.5218823e-09
0.038850514,1.3820822e-09
0.037389367,1.3521296e-09
0.468006797,6.1876486e-09
0.578945909,5.284467e-09
0.655881681,4.129067e-09
0.547127124,5.6951395e-09
0.635372909,4.5802304e-09
0.66795275,3.6403693e-09
0.628235281,5.037072e-09
0.630501021,4.034839e-09
0.618524561,4.4440926e-09
0.133263681,2.675431e-09
0.097124294,2.3325573e-09
0.05518742,2.047109e-09
0.050059899,1.8026381e-09
0.072822731,2.2143014e-09
0.05702079,1.9825568e-09
0.059248204,1.7829835e-09
0.026523591,1.8895518e-09
0.046744465,1.7406928e-09
0.416286496,6.34076e-09
0.550280916,6.1558594e-09
0.638951444,5.3709712e-09
0.585031782,6.300718e-09
0.630823095,5.7194223e-09
0.601702745,4.833428e-09
0.622994427,5.97809e-09
0.620564425,5.1823807e-09
0.619405872,5.476031e-09
0.120322439,3.136937e-09
0.067231124,2.6162774e-09
0.055067162,2.1558657e-09
0.082247225,1.7654058e-09
0.071404271,2.5610287e-09
0.024571161,2.1454376e-09
0.041447778,1.7938837e-09
0.045126919,2.1133484e-09
0.032654633,1.8061479e-09
0.533163192,6.2704415e-09
0.619422609,6.3385444e-09
0.609244577,6.0371765e-09
0.609345193,6.3564856e-09
0.601210016,6.1539907e-09
0.620877854,5.6705263e-09
0.599438097,6.2363843e-09
0.613133262,5.825322e-09
0.619547814,5.9540457e-09
0.135989512,3.124012e-09
0.112613522,2.5522437e-09
0.093835347,2.031278e-09
0.082418636,1.5947828e-09
0.11280712,2.6242055e-09
0.090436802,2.1032875e-09
0.083033839,1.6624756e-09
0.090889131,2.1473305e-09
0.083302233,1.7210308e-09
0.479458152,6.1551373e-09
0.577553292,6.3535577e-09
0.588881394,6.2574688e-09
0.531023849,6.321177e-09
0.592572357,6.3119097e-09
0.60847529,6.0490093e-09
0.58386069,6.351751e-09
0.590198958,6.1550876e-09
0.569544104,6.265234e-09
0.130133659,2.6610227e-09
0.067116262,2.166598e-09
0.064825675,1.7526935e-09
0.049222723,1.424202e-09
0.128781056,2.302187e-09
0.092707481,1.8397637e-09
0.07977431,1.4669971e-09
0.100983779,1.9369593e-09
0.089919424,1.5266769e-09
0.392892527,5.9304486e-09
0.470913384,6.2414243e-09
0.553107312,6.3569154e-09
0.425506841,6.1235204e-09
0.51333523,6.3326406e-09
0.569544104,6.32946e-09
0.466471863,6.261626e-09
0.560841173,6.3567756e-09
0.528189943,6.3369745e-09
0.072188184,2.2137627e-09
0.033363474,1.8982071e-09
0.013420313,1.6399166e-09
0.013969392,1.4294939e-09
0.065221276,1.9301796e-09
0.029392736,1.6399594e-09
0.014792189,1.4058253e-09
0.042734845,1.6687133e-09
0.018141728,1.4048837e-09
0.316218015,5.7140537e-09
0.377317147,6.0029506e-09
0.453782799,6.219078e-09
0.359328709,5.9016596e-09
0.43110651,6.140733e-09
0.505739646,6.296038e-09
0.420262082,6.0640946e-09
0.489123436,6.2448e-09
0.46726736,6.1928347e-09
0.013427755,1.6400457e-09
0.015586106,1.8783537e-09
0.023997422,2.149254e-09
0.0148903,1.4693761e-09
0.016080701,1.6937829e-09
0.015451149,1.951906e-09
0.044948816,1.5385045e-09
0.022441215,1.7840229e-09
0.055227666,1.6424218e-09
0.312832217,5.5658953e-09
0.363094797,5.815112e-09
0.421886877,6.0283534e-09
0.351300926,5.7080944e-09
0.410714782,5.949612e-09
0.46726736,6.1412755e-09
0.393668682,5.844147e-09
0.46726736,6.068904e-09
0.39580154,5.9697314e-09
0.037246954,2.1173692e-09
0.039055243,1.9125463e-09
0.050391288,1.7574747e-09
0.027583277,2.1727327e-09
0.021698179,1.9845419e-09
0.026478761,1.8436358e-09
0.018629714,2.241956e-09
0.014900245,2.0705209e-09
0.014129779,2.3251214e-09
0.39580154,5.815339e-09
0.320638791,5.6138405e-09
0.25301207,5.359253e-09
0.363159869,5.6665868e-09
0.32484445,5.4605533e-09
0.285759905,5.208907e-09
0.295661378,5.310388e-09
0.261035079,5.0668154e-09
0.237680612,4.93643e-09
0.032881312,2.7229388e-09
0.040602112,2.772144e-09
0.052721341,2.8388458e-09
0.065579211,2.9256741e-09
0.033564975,2.5053566e-09
0.041184418,2.5444113e-09
0.052523024,2.600093e-09
0.034240832,2.303523e-09
0.042363832,2.3339615e-09
0.163316828,4.259016e-09
0.2070932,4.607816e-09
0.251406012,4.9822115e-09
0.163889147,4.2173802e-09
0.207999875,4.59247e-09
0.25301207,4.994379e-09
0.162521296,4.181656e-09
0.167359191,4.5846527e-09
0.167359191,4.15189e-09
0.079365196,3.3965006e-09
0.098912118,3.6029575e-09
0.129643245,3.853619e-09
0.064676244,3.2328573e-09
0.087938419,3.4404781e-09
0.097343525,3.695896e-09
0.061168111,3.075722e-09
0.097343525,3.2845273e-09
0.121404158,2.465539e-09
0.127420676,2.4640976e-09
0.133342882,2.5277518e-09
0.19572874,1.785717e-09
0.190023394,1.7281955e-09
0.208016128,1.8283012e-09
0.082987577,1.7513062e-09
0.058025025,1.6486017e-09
0.031430142,1.5540732e-09
0.109622456,1.7482954e-09
0.084829306,1.647036e-09
0.138237653,1.7454058e-09
0.016403298,1.6484892e-09
0.021425449,1.5997388e-09
0.046921212,1.6993456e-09
0.01700743,1.5186854e-09
0.013409087,1.477448e-09
0.014369581,1.558303e-09
0.110623905,2.4474818e-09
0.120996699,2.5068576e-09
0.131698669,2.568991e-09
0.108578761,2.491689e-09
0.118616347,2.551476e-09
0.105436729,2.538843e-09
0.09627041,2.3644884e-09
0.083814637,2.3288087e-09
0.08863208,2.295002e-09
0.092100671,2.4523656e-09
0.081026912,2.3717672e-09
0.096091986,2.4071878e-09
0.059113901,2.2703546e-09
0.048160173,2.2440232e-09
0.052644918,2.1946318e-09
0.216708373,1.9740003e-09
0.210453953,1.9387167e-09
0.19921718,2.0716069e-09
0.102525063,2.2137843e-09
0.137864638,2.194972e-09
0.112437795,2.1316728e-09
0.130378847,2.7288847e-09
0.12340856,2.6634435e-09
0.114874103,2.600022e-09
0.133563519,2.6799742e-09
0.127054075,2.6145346e-09
0.137967771,2.6346128e-09
0.125452779,2.7356735e-09
0.123032521,2.7450304e-09
0.121278393,2.7562495e-09
0.117357763,2.6709441e-09
0.113425063,2.6804594e-09
0.107924874,2.6080083e-09
0.148076186,2.6878064e-09
0.162433421,2.718875e-09
0.151095936,2.7857843e-09
0.139333378,2.7766052e-09
0.14280282,2.730411e-09
0.146909894,2.828879e-09
0.079399051,1.8057897e-09
0.091399595,1.8635757e-09
0.10263895,1.9249058e-09
0.051067371,1.7519157e-09
0.066390422,1.8076814e-09
0.023152901,1.6991073e-09
0.17687769,1.8537782e-09
0.189105738,1.897778e-09
0.197031566,1.94045e-09
0.169736513,1.9728887e-09
0.176244507,2.016734e-09
0.160850674,2.0993298e-09
0.198359012,2.0488033e-09
0.17995256,2.149691e-09
0.174620217,2.129632e-09
0.129213821,1.8635635e-09
0.157860459,1.980494e-09
0.126005266,1.9228186e-09
0.15221213,2.044337e-09
0.127284992,1.985623e-09
0.158099532,1.8586384e-09
0.030324081,1.5482507e-09
0.02842945,1.5889245e-09
0.029267492,1.6306714e-09
0.049691174,1.6212521e-09
0.048008376,1.6641619e-09
0.071178969,1.6995386e-09
0.075152946,1.7722542e-09
0.05039425,1.7346811e-09
0.081730737,1.8475924e-09
0.027483886,1.4780543e-09
0.033776007,1.4762132e-09
0.018765717,1.416152e-09
0.042838572,1.5466662e-09
0.060624598,1.6202747e-09
0.051240019,1.5453379e-09
0.120599578,2.0094166e-09
0.115768485,1.8984756e-09
0.092946656,1.7952979e-09
0.121174996,1.9798982e-09
0.101597005,1.872418e-09
0.11173567,1.9517588e-09
0.06284843,2.3102262e-09
0.05944102,2.4170677e-09
0.07745077,2.5385256e-09
0.092895975,2.3081055e-09
0.086778893,2.4147073e-09
0.120829928,2.2910398e-09
0.055245548,2.3427291e-09
0.062890752,2.374537e-09
0.054372643,2.4550662e-09
0.105254177,2.6844567e-09
0.081799334,2.611891e-09
0.09371415,2.6105098e-09
0.070007667,2.5416917e-09
0.084966054,2.54015e-09
0.071716267,2.4541777e-09
0.142532059,2.4758045e-09
0.136288189,2.358422e-09
0.145836034,2.2530477e-09
0.127764289,2.5139681e-09
0.11128913,2.3959035e-09
0.103072795,2.53379e-09
0.150402684,2.361498e-09
0.158325047,2.2347657e-09
0.159595929,2.2505233e-09
0.134619491,2.8157727e-09
0.141631312,2.8629639e-09
0.146320507,2.9144782e-09
0.139331036,2.9051412e-09
0.14472425,2.9513338e-09
0.151468544,2.9966714e-09
0.131030322,2.8353335e-09
0.13170172,2.8241944e-09
0.139542368,2.915471e-09
0.126975729,2.8192177e-09
0.135910005,2.8996145e-09
0.14515476,2.9800031e-09
0.131999849,2.885229e-09
0.137852648,2.9673246e-09
0.131236547,2.9542033e-09
0.114478909,2.74535e-09
0.126985422,2.8085756e-09
0.102764938,2.668482e-09
0.151749991,3.0317246e-09
0.169933557,3.096919e-09
0.140777394,3.1787408e-09
0.15434464,3.1007021e-09
0.146802138,3.0619232e-09
0.14677003,3.2104615e-09
0.125030831,2.0502333e-09
0.141084918,2.111774e-09
0.151113182,2.1696418e-09
0.135256857,2.1853932e-09
0.141745233,2.2464326e-09
0.136691405,2.3304487e-09
0.127515861,2.1142057e-09
0.128846307,2.081471e-09
0.132578575,2.2218176e-09
0.137914971,2.5913125e-09
0.138003905,2.5126559e-09
0.138698835,2.4249043e-09
0.146215137,2.4150641e-09
0.144444579,2.3343438e-09
0.152925824,2.251707e-09
0.147928216,2.5156877e-09
0.145292339,2.5542006e-09
0.151198849,2.388977e-09
0.022448105,1.3967515e-09
0.03820861,1.4707626e-09
0.030363909,1.4674137e-09
0.030541322,1.4229854e-09
0.021306809,1.3585744e-09
0.030496407,1.4434922e-09
0.01711429,1.3641659e-09
0.0126,1.3102316e-09
0.01930556,1.3833188e-09
0.063525989,1.5787806e-09
0.07112034,1.6951268e-09
0.060364393,1.8254244e-09
0.052906237,1.5758771e-09
0.053122856,1.6934777e-09
0.043788298,1.5735473e-09
0.090959169,1.7386307e-09
0.083315729,1.7805153e-09
0.0765421,1.656406e-09
0.105113837,1.9470148e-09
0.082919037,1.8854882e-09
0.100003068,1.8388333e-09
0.114477488,2.123755e-09
0.108731479,2.2485398e-09
0.110817504,2.384897e-09
0.095612595,2.058408e-09
0.089553326,2.1802826e-09
0.071496998,1.9935382e-09
0.121777965,2.2351894e-09
0.130308209,2.3488838e-09
0.118193827,2.366962e-09
0.065698326,1.5459591e-09
0.046328928,1.4747495e-09
0.03313661,1.4080833e-09
0.046352106,1.495204e-09
0.029861386,1.4275365e-09
0.032649512,1.4476688e-09
0.023716389,1.3263066e-09
0.016349148,1.2705206e-09
0.024099879,1.3358175e-09
0.052792815,1.4651362e-09
0.040768904,1.4132876e-09
0.028589468,1.3639955e-09
0.043212533,1.4232155e-09
0.033168649,1.3735345e-09
0.03259099,1.3834367e-09
0.059394793,1.4913278e-09
0.044287481,1.4486213e-09
0.062081501,1.5182668e-09
0.150489765,2.6327303e-09
0.142947769,2.6644316e-09
0.124171052,2.6781986e-09
0.145994493,2.8068046e-09
0.144836666,2.8313425e-09
0.1323719,2.998741e-09
0.135110203,2.7358538e-09
0.147662533,2.6848366e-09
0.134508568,2.872613e-09
0.131822077,2.9832246e-09
0.134004524,3.0000868e-09
0.140253206,2.826533e-09
0.161397862,3.144413e-09
0.173130478,3.241956e-09
0.160802566,3.3440704e-09
0.160825503,3.3019663e-09
0.172061704,3.391417e-09
0.162143884,3.4688032e-09
0.130664676,3.1291663e-09
0.147155591,3.1355216e-09
0.143624847,3.3019603e-09
0.122578619,3.1720013e-09
0.134277903,3.3582577e-09
0.124540314,3.205859e-09
0.137384183,3.4981398e-09
0.147004294,3.5819023e-09
0.142455447,3.6666696e-09
0.159610702,3.5196641e-09
0.152604721,3.6912498e-09
0.170949234,3.5699652e-09
0.125824711,2.7464497e-09
0.129152822,2.9229792e-09
0.181337113,3.1240255e-09
0.131318643,2.6608704e-09
0.144854784,2.8288079e-09
0.137442101,2.5663147e-09
0.139413798,2.5966058e-09
0.177206704,2.8748592e-09
0.147489133,2.6261684e-09
0.117390802,2.9084404e-09
0.122706999,3.0626617e-09
0.133205822,3.1049554e-09
0.045600909,1.50547e-09
0.047710173,1.5267235e-09
0.043868793,1.5486437e-09
0.070550677,1.618979e-09
0.062029388,1.6417028e-09
0.08867862,1.7450096e-09
0.078003373,1.6088748e-09
0.058630138,1.5554852e-09
0.088196677,1.6751684e-09
0.047393822,1.6670224e-09
0.042353836,1.7975681e-09
0.055674981,1.770692e-09
0.119119034,1.7804714e-09
0.107703024,1.6967935e-09
0.086692343,1.6187676e-09
0.120055669,1.7676899e-09
0.099019984,1.6855193e-09
0.105174389,1.7558889e-09
0.082959973,1.906973e-09
0.048796189,1.9342752e-09
0.044515051,1.9625184e-09
0.079266152,2.089296e-09
0.066148198,2.1177304e-09
0.098080812,2.2940283e-09
0.108920242,2.3561284e-09
0.10328104,2.325541e-09
0.071695036,2.149171e-09
0.207166894,2.9754137e-09
0.167651528,2.7312095e-09
0.131653015,2.5033622e-09
0.17428573,2.7554348e-09
0.136885629,2.5329108e-09
0.14168707,2.559775e-09
0.224311548,3.0406873e-09
0.185931818,2.8213907e-09
0.217495727,3.0913212e-09
0.07097569,1.5272911e-09
0.076231284,1.5547853e-09
0.080761016,1.5830501e-09
0.083275541,1.5934412e-09
0.089547977,1.6223094e-09
0.084163314,1.6638659e-09
0.10823492,1.7403906e-09
0.102687738,1.7015399e-09
0.098128717,1.6589762e-09
0.016763591,1.322368e-09
0.012978484,1.3281545e-09
0.013016356,1.2632251e-09
0.027066433,1.3783662e-09
0.034299898,1.4444851e-09
0.037341728,1.5159166e-09
0.021262419,1.3845756e-09
0.024786897,1.4518013e-09
0.014865856,1.3913977e-09
0.055259654,1.4812814e-09
0.045635597,1.4981955e-09
0.040472632,1.4285194e-09
0.064892013,1.5448255e-09
0.067350957,1.6124829e-09
0.05286959,1.5631871e-09
0.167803386,3.6197874e-09
0.17664752,3.7895465e-09
0.214228709,3.9614907e-09
0.141957087,3.5000285e-09
0.153079131,3.633755e-09
0.12479313,3.3036116e-09
0.201571738,3.4585812e-09
0.153363437,3.393401e-09
0.206073046,3.758941e-09
0.186893062,4.1202752e-09
0.178629575,3.9147565e-09
0.177660575,3.697317e-09
0.141701696,3.9904884e-09
0.153667201,3.7847805e-09
0.134597791,3.89525e-09
0.228538788,4.0479664e-09
0.19632317,3.8591734e-09
0.218131705,4.080374e-09
0.135405982,4.0093235e-09
0.144178798,4.0952375e-09
0.139588087,4.174578e-09
0.158239966,4.2520467e-09
0.166062054,4.179193e-09
0.139338144,4.080888e-09
0.245529847,3.44827e-09
0.259364049,3.820827e-09
0.273110571,4.1122488e-09
0.275471409,3.824723e-09
0.305920277,4.2098565e-09
0.314908633,4.2409627e-09
0.248672317,3.362704e-09
0.260094009,3.4159011e-09
0.275205979,3.7968473e-09
0.11710116,2.1686035e-09
0.1294574,2.0106135e-09
0.115305243,1.8701847e-09
0.11432045,2.2094417e-09
0.107471988,2.0493311e-09
0.101921782,2.2514155e-09
0.131344013,1.8984538e-09
0.133177025,1.8837971e-09
0.125456899,2.027414e-09
0.112128691,1.8282986e-09
0.097936075,1.878614e-09
0.079954941,1.93156e-09
0.100328359,1.7870236e-09
0.082405185,1.8360811e-09
0.084786512,1.7470235e-09
0.098300702,2.006625e-09
0.116306924,1.9511608e-09
0.114282813,2.0855897e-09
0.11611669,2.4373383e-09
0.119837114,2.4819276e-09
0.133798684,2.526644e-09
0.145717501,2.7513434e-09
0.170205483,2.7980513e-09
0.201230675,3.1164544e-09
0.21596462,3.022872e-09
0.219270545,3.0696858e-09
0.173989586,2.7644553e-09
0.261098688,3.4349779e-09
0.300430497,3.900223e-09
0.280027062,3.5055765e-09
0.0126,1.3419046e-09
0.0126,1.3502612e-09
0.0126,1.2768874e-09
0.061794745,1.7255948e-09
0.038986662,1.7918731e-09
0.020810955,1.86306e-09
0.04929481,1.6718684e-09
0.030049748,1.7356537e-09
0.036983882,1.6203499e-09
0.056831075,1.9079123e-09
0.03802758,1.8850757e-09
0.059266094,1.8135893e-09
0.0126,1.4193338e-09
0.012770979,1.5132208e-09
0.017838558,1.617165e-09
0.0126,1.4284441e-09
0.01545952,1.5243202e-09
0.0126,1.438635e-09
0.02425261,1.5475609e-09
0.016925871,1.5812686e-09
0.016064295,1.4815327e-09
0.017528961,1.6940986e-09
0.022685852,1.6560776e-09
0.014950138,1.7759441e-09
0.014233603,1.2960887e-09
0.015841004,1.3712261e-09
0.018781805,1.3841897e-09
0.01361366,1.3121535e-09
0.017913287,1.394996e-09
0.019308775,1.3924446e-09
0.22545327,4.2879766e-09
0.275867462,4.489577e-09
0.325250104,4.7172e-09
0.259122643,4.2816954e-09
0.303259159,4.5052464e-09
0.276859668,4.2538555e-09
0.344021854,4.7387094e-09
0.344122677,4.608774e-09
0.315212828,4.4531934e-09
0.18767929,4.4084385e-09
0.222010119,4.5185495e-09
0.224704024,4.652972e-09
0.193362254,4.359864e-09
0.224407298,4.495149e-09
0.200825992,4.315729e-09
0.294358345,4.676287e-09
0.239573537,4.48006e-09
0.259346225,4.6552016e-09
0.203043225,4.4414827e-09
0.180121939,4.5284723e-09
0.180183874,4.4442166e-09
0.189253611,4.650602e-09
0.198892573,4.5381214e-09
0.168052418,4.6264823e-09
0.381101502,4.6709356e-09
0.329840251,4.110486e-09
0.259508954,3.577321e-09
0.37587213,4.5363233e-09
0.332018161,4.0078816e-09
0.350449614,4.3930064e-09
0.427301233,5.3637668e-09
0.408740296,5.106112e-09
0.370259775,4.723145e-09
0.413603022,5.1658895e-09
0.38035671,4.9387068e-09
0.368594214,4.94498e-09
0.408163556,5.067968e-09
0.400010861,4.9023443e-09
0.429866443,5.2958082e-09
0.059131511,2.0844282e-09
0.067684494,2.255977e-09
0.097115905,2.44913e-09
0.047705576,2.059267e-09
0.063008255,2.2290285e-09
0.032486094,2.0350024e-09
0.095701441,2.2541746e-09
0.111062878,2.540473e-09
0.130679212,2.876869e-09
0.080808787,2.3474598e-09
0.112987276,2.6529268e-09
0.076848255,2.167101e-09
0.237827056,3.942601e-09
0.169180795,3.340816e-09
0.136604585,2.8477125e-09
0.185737634,3.6338164e-09
0.129895198,3.094037e-09
0.18069748,3.358918e-09
0.334374786,4.4521427e-09
0.280347489,4.2033044e-09
0.253899904,3.8744745e-09
0.018077795,1.4659637e-09
0.031770553,1.5859357e-09
0.049499463,1.7212043e-09
0.02410344,1.4802116e-09
0.036973532,1.6032453e-09
0.027067767,1.4959549e-09
0.027494578,1.649334e-09
0.040331714,1.6839767e-09
0.022069505,1.5539693e-09
0.029735103,1.7637316e-09
0.047200384,1.929659e-09
0.062837503,2.117812e-09
0.046364911,1.8013804e-09
0.06529985,1.97354e-09
0.062698207,1.8417947e-09
0.027146921,1.9414153e-09
0.04509839,2.0261726e-09
0.029086247,1.8497783e-09
0.047651958,2.1239506e-09
0.078244571,2.3303721e-09
0.056018676,2.2201556e-09
0.050819276,1.3726318e-09
0.036578652,1.3099283e-09
0.043374005,1.3814062e-09
0.052056307,1.3503123e-09
0.036767363,1.3000703e-09
0.05199379,1.3572649e-09
0.030798788,1.5159485e-09
0.05482559,1.6491841e-09
0.082968246,1.8000882e-09
0.035581754,1.5130828e-09
0.066911183,1.6471038e-09
0.049431399,1.5112135e-09
0.040935501,1.6251616e-09
0.055954757,1.7452627e-09
0.06723474,1.7715731e-09
0.056573324,1.4730241e-09
0.081170517,1.5630278e-09
0.107955769,1.6614631e-09
0.064801418,1.4632353e-09
0.087699606,1.5528216e-09
0.069587491,1.454089e-09
0.101618683,1.7053988e-09
0.07466568,1.6039448e-09
0.090938715,1.7515714e-09
0.230311233,4.8086504e-09
0.271121851,4.989216e-09
0.312808664,5.1897517e-09
0.298454707,4.8432076e-09
0.33360605,5.0549174e-09
0.344554238,4.897955e-09
0.402066953,5.34194e-09
0.38248354,5.1215925e-09
0.360830182,5.267526e-09
0.171374268,4.667969e-09
0.174607295,4.7875353e-09
0.185437917,4.9252944e-09
0.155733619,4.7421094e-09
0.169439208,4.877683e-09
0.175438839,4.7839026e-09
0.25365626,5.1117857e-09
0.198765623,4.9373337e-09
0.202395901,5.0299285e-09
0.195361162,4.5503694e-09
0.220108897,4.385568e-09
0.205092487,4.479743e-09
0.18950387,4.777258e-09
0.188496557,4.6559516e-09
0.199775959,4.5830504e-09
0.391950651,5.033014e-09
0.416832647,5.3564206e-09
0.425110733,5.502929e-09
0.395824461,5.357917e-09
0.409598809,5.5905316e-09
0.399127398,5.624976e-09
0.358063222,4.838582e-09
0.365642702,5.2067963e-09
0.31758748,4.5966195e-09
0.403759401,5.5539298e-09
0.380077929,5.4932237e-09
0.351071523,5.4041895e-09
0.392560257,5.6989604e-09
0.377891011,5.616606e-09
0.391562886,5.810167e-09
0.407249181,5.8141754e-09
0.402619213,5.7061196e-09
0.403425257,5.851504e-09
0.315689701,5.0140616e-09
0.297978372,4.6476543e-09
0.282219174,4.284613e-09
0.340730617,5.2916382e-09
0.331059722,4.9536104e-09
0.373820314,5.4983027e-09
0.084767623,2.425232e-09
0.100608288,2.547027e-09
0.128706153,2.6788793e-09
0.116755103,2.7977778e-09
0.148927901,2.9457294e-09
0.16947051,3.2561112e-09
0.232223275,3.7031958e-09
0.207311995,3.4718377e-09
0.175758117,3.1358611e-09
0.266770174,4.3850257e-09
0.223329287,3.776806e-09
0.254034251,4.029248e-09
0.075780409,1.9005177e-09
0.103481806,2.106054e-09
0.126839439,2.3419575e-09
0.085761892,1.9296444e-09
0.11499026,2.140849e-09
0.096374072,1.961181e-09
0.083782256,2.187071e-09
0.106389833,2.2617268e-09
0.088113997,2.0372783e-09
0.123534166,2.6008367e-09
0.099506125,2.5099303e-09
0.123804288,2.9018454e-09
0.069564334,1.4069345e-09
0.068203031,1.4142381e-09
0.068514425,1.4218148e-09
0.089278678,1.4749578e-09
0.086794698,1.4829301e-09
0.109248683,1.54803e-09
0.109572553,1.5842551e-09
0.088546921,1.5171003e-09
0.109209804,1.6220555e-09
0.064203236,1.3735286e-09
0.081751141,1.404477e-09
0.052977158,1.3332137e-09
0.086241576,1.4389233e-09
0.104724815,1.5091955e-09
0.102813447,1.4720257e-09
0.167438835,1.8382246e-09
0.147696812,1.7338371e-09
0.128316646,1.6372614e-09
0.14949332,1.7764852e-09
0.128751092,1.6766085e-09
0.129116577,1.7175648e-09
0.126719679,2.487675e-09
0.11218746,2.2267068e-09
0.104106874,1.998995e-09
0.135201185,2.436688e-09
0.117243763,2.1826423e-09
0.137703681,2.3880817e-09
0.139070912,1.8162678e-09
0.120837281,1.8654365e-09
0.108525069,1.9169022e-09
0.161860787,1.9903612e-09
0.12849443,2.0452966e-09
0.161243622,2.1857103e-09
0.180465241,1.9457433e-09
0.164012433,1.8794855e-09
0.182854004,2.061417e-09
0.107193172,2.3811155e-09
0.122347649,2.2806916e-09
0.108730296,2.1334456e-09
0.29802983,5.3070903e-09
0.242111121,5.205402e-09
0.209722156,5.0839883e-09
0.287213936,5.3949707e-09
0.23849271,5.2596714e-09
0.278934384,5.446232e-09
0.333541178,5.5865224e-09
0.37144458,5.707231e-09
0.347030998,5.5091283e-09
0.194744858,4.9231033e-09
0.197841938,4.71112e-09
0.191679044,4.4589323e-09
0.192014506,4.8574913e-09
0.179421045,4.5812247e-09
0.173081043,4.721727e-09
0.232915074,5.2612794e-09
0.211912891,5.084412e-09
0.200731807,5.0190265e-09
0.170522376,4.187907e-09
0.143025013,3.940935e-09
0.149979102,4.0011314e-09
0.163352551,4.3864388e-09
0.162286108,4.2791246e-09
0.153159078,4.069673e-09
0.38810384,5.891426e-09
0.360203793,5.777975e-09
0.319820733,5.6393863e-09
0.384233746,5.950903e-09
0.344858883,5.8237806e-09
0.374183392,5.9883374e-09
0.41014593,5.969131e-09
0.411617519,6.0446297e-09
0.414649306,6.097532e-09
0.431566303,6.0711667e-09
0.438448576,6.1470264e-09
0.457145424,6.1162595e-09
0.406164038,5.8378467e-09
0.419220643,5.959973e-09
0.436266998,5.99922e-09
0.384061985,5.5993e-09
0.398682744,5.7550946e-09
0.444742296,5.952679e-09
0.317801935,5.038216e-09
0.331477631,5.058073e-09
0.339426224,5.074387e-09
0.258677634,4.395177e-09
0.27103778,4.4037476e-09
0.218997188,3.780247e-09
0.398282418,5.6369593e-09
0.454274647,5.995735e-09
0.407943111,5.668137e-09
0.153623896,2.7329186e-09
0.1581504,2.6762503e-09
0.147033371,2.6221576e-09
0.17842636,3.0123433e-09
0.172259535,2.9492047e-09
0.198732147,3.3348113e-09
0.190539383,3.3060183e-09
0.151297684,2.9240772e-09
0.170332866,3.2797822e-09
0.232023308,3.8425902e-09
0.227500275,3.8106314e-09
0.278248449,4.441675e-09
0.130834675,1.6155876e-09
0.153508179,1.687243e-09
0.15064042,1.7630892e-09
0.131377324,1.5744023e-09
0.147085299,1.6435217e-09
0.131070446,1.5349494e-09
0.168636186,1.8125855e-09
0.155482769,1.7875479e-09
0.149949887,1.7102306e-09
0.129290147,1.4814387e-09
0.13731291,1.528288e-09
0.111330755,1.4262804e-09
0.143258333,1.584192e-09
0.147855622,1.6974302e-09
0.144083727,1.6354322e-09
0.177758762,1.9462116e-09
0.170628076,2.0621427e-09
0.163813692,2.1864028e-09
0.163326618,1.9185622e-09
0.155691655,2.032272e-09
0.150667905,1.8914716e-09
0.189519423,2.061744e-09
0.190496348,2.185916e-09
0.185160999,2.1862352e-09
0.130386348,2.6770932e-09
0.138531641,2.8851659e-09
0.147982531,3.1140328e-09
0.112179027,2.560809e-09
0.124692181,2.7574893e-09
0.133862618,2.4514568e-09
0.16000257,2.9466574e-09
0.185349502,3.2560763e-09
0.164510646,3.182733e-09
0.16661418,2.6917093e-09
0.166598281,2.5092661e-09
0.166020595,2.3408948e-09
0.151782007,2.823066e-09
0.141924229,2.6295293e-09
0.134907077,2.9632714e-09
0.173584982,2.509099e-09
0.171330812,2.3411317e-09
0.181905161,2.3411106e-09
0.263627837,5.4520095e-09
0.221190789,5.203454e-09
0.188849756,4.887455e-09
0.24217354,5.397653e-09
0.198350858,5.0704347e-09
0.20924757,5.2653695e-09
0.291447055,5.646055e-09
0.262004219,5.5971596e-09
0.321795628,5.8290097e-09
0.124886521,3.6455154e-09
0.124177896,3.6215795e-09
0.140734535,3.700305e-09
0.170694955,3.9972092e-09
0.164615398,3.9291486e-09
0.149398165,3.8727688e-09
0.159933552,3.730471e-09
0.149786888,3.7123786e-09
0.138326294,3.599597e-09
0.165644065,4.15917e-09
0.181030074,4.2650083e-09
0.174933064,4.5186317e-09
0.1638534,4.8412048e-09
0.176835557,4.670955e-09
0.165463368,4.389333e-09
0.314783067,5.851949e-09
0.34504811,5.95054e-09
0.36209746,5.9887215e-09
0.278079979,5.670576e-09
0.299752694,5.7837846e-09
0.232604026,5.4720752e-09
0.41731289,6.119242e-09
0.407116969,6.119602e-09
0.385643836,6.0884258e-09
0.458791662,6.2148593e-09
0.435376419,6.2173586e-09
0.457995419,6.2758945e-09
0.465631077,6.253801e-09
0.466488018,6.2064247e-09
0.447375118,6.1935763e-09
0.477256413,6.1883654e-09
0.481989533,6.1815033e-09
0.47313376,6.1590555e-09
0.48920719,6.272258e-09
0.481408781,6.2482703e-09
0.474023017,6.29168e-09
0.397060549,5.6184324e-09
0.450961081,6.00302e-09
0.447706479,5.990078e-09
0.180849065,3.578731e-09
0.192386146,3.6666368e-09
0.216884169,3.7603147e-09
0.229606347,4.1420303e-09
0.241634626,4.251677e-09
0.291394351,4.7921715e-09
0.258596,4.345935e-09
0.320626774,4.9861817e-09
0.302495222,4.8911226e-09
0.36135126,5.4830496e-09
0.376411796,5.55711e-09
0.427673027,5.962485e-09
0.141216495,1.8476696e-09
0.131700832,1.9369606e-09
0.123478702,2.0309545e-09
0.139727504,1.7777072e-09
0.132632756,1.8623864e-09
0.139104666,1.711585e-09
0.138674609,1.9838997e-09
0.142262198,2.1331878e-09
0.128026145,2.0813826e-09
0.12347835,1.6443681e-09
0.116504564,1.7146924e-09
0.105583048,1.5699932e-09
0.129958035,1.7862195e-09
0.12300134,1.9449278e-09
0.117006419,1.8638788e-09
0.151907905,2.3724664e-09
0.146917987,2.5761595e-09
0.141544307,2.7989908e-09
0.133213235,2.3130227e-09
0.129928631,2.5094715e-09
0.119828581,2.2549134e-09
0.169181235,2.7282339e-09
0.156869958,2.764166e-09
0.164356611,2.542928e-09
0.167237688,3.0568745e-09
0.186439035,3.4865808e-09
0.223937115,3.996885e-09
0.170026936,3.0977794e-09
0.186361686,3.5320336e-09
0.160331516,3.1377037e-09
0.164249505,3.212843e-09
0.167185676,3.3810716e-09
0.198922339,3.6752161e-09
0.21306968,3.8975156e-09
0.265072779,4.5124016e-09
0.246029553,4.245096e-09
0.117937309,3.7377443e-09
0.111698041,3.6298036e-09
0.102101174,3.5904284e-09
0.19194589,4.0600723e-09
0.151845172,3.8529864e-09
0.188838008,4.213525e-09
0.275337105,5.0393405e-09
0.261275266,4.664975e-09
0.295437133,5.193279e-09
0.396048849,6.2315615e-09
0.421943559,6.2690835e-09
0.444554079,6.2804117e-09
0.361774933,6.1375545e-09
0.409147489,6.195727e-09
0.340017246,6.0092997e-09
0.159100431,4.0807553e-09
0.159128059,4.175646e-09
0.178517885,4.280565e-09
0.159419024,4.5318522e-09
0.181022525,4.68891e-09
0.184840229,5.027512e-09
0.214929582,5.2352176e-09
0.202861773,4.8757123e-09
0.244239911,5.4423954e-09
0.14275587,3.4053587e-09
0.15074932,3.4720644e-09
0.125539256,3.5317007e-09
0.12697711,3.4082555e-09
0.116387772,3.5029164e-09
0.116038354,3.5145666e-09
0.158685602,3.5794325e-09
0.167189989,3.5583156e-09
0.166716131,3.7575214e-09
0.15527849,3.8228536e-09
0.155041474,3.7888865e-09
0.14331231,3.5340089e-09
0.212197243,4.9423763e-09
0.239035919,5.3801803e-09
0.270956459,5.677408e-09
0.213748002,4.7000293e-09
0.221361603,5.1263163e-09
0.198241512,4.4773767e-09
0.290002427,5.8589498e-09
0.236815902,5.5808953e-09
0.31811771,6.0178538e-09
0.322620163,6.0380616e-09
0.295714252,5.757795e-09
0.353074852,6.112974e-09
0.439221187,6.3562826e-09
0.393128457,6.332858e-09
0.462567338,6.345875e-09
0.455215301,6.3113705e-09
0.501886991,6.334919e-09
0.517285643,6.335165e-09
0.464747563,6.316679e-09
0.500026621,6.3278773e-09
0.470204315,6.310488e-09
0.496362313,6.2740204e-09
0.494974869,6.309457e-09
0.50678168,6.3157386e-09
0.340772378,5.305345e-09
0.391830879,5.736041e-09
0.432829593,6.0311187e-09
0.316971089,5.0327986e-09
0.370461542,5.5124403e-09
0.290417057,4.750463e-09
0.407005387,5.8653655e-09
0.460023083,6.1592993e-09
0.452940192,6.108388e-09
0.50652578,6.31425e-09
0.477818335,6.242266e-09
0.488066906,6.264593e-09
0.113805667,2.1762465e-09
0.101066093,2.3313123e-09
0.10152426,2.4959745e-09
0.10774195,2.0814888e-09
0.087648607,2.2268556e-09
0.099026482,1.9920954e-09
0.114642548,2.4189875e-09
0.122940642,2.6949993e-09
0.110339689,2.5940332e-09
0.093242085,1.8836215e-09
0.090713011,1.982423e-09
0.089213865,1.7816904e-09
0.085299331,2.099762e-09
0.092196296,2.3475233e-09
0.095040869,2.2099986e-09
0.144713682,3.0905292e-09
0.15828606,3.4168117e-09
0.173910754,3.7831107e-09
0.132907701,2.970073e-09
0.146223755,3.2760425e-09
0.123017219,2.8530454e-09
0.171373767,3.4760446e-09
0.210862987,3.928093e-09
0.186615732,3.857612e-09
0.207159389,4.358249e-09
0.237583336,4.4488124e-09
0.262606233,4.535963e-09
0.25394251,4.9958944e-09
0.288319506,5.0962585e-09
0.30380175,5.589793e-09
0.354523847,5.7689094e-09
0.336023705,5.311982e-09
0.402989924,5.9168874e-09
0.484458133,6.330577e-09
0.524007727,6.341895e-09
0.523778281,6.342483e-09
0.469535628,6.3136603e-09
0.499051999,6.3317342e-09
0.433999113,6.2825976e-09
0.252847128,5.3573164e-09
0.272228863,5.6814424e-09
0.297156834,5.9821987e-09
0.226264511,5.2643876e-09
0.247898849,5.6000586e-09
0.2113284,5.168044e-09
0.164397563,3.977949e-09
0.187855418,4.0988417e-09
0.210991888,4.2209694e-09
0.202181053,4.4075015e-09
0.236472725,4.5367523e-09
0.238689653,4.908318e-09
0.187504678,4.711443e-09
0.17913205,4.3125574e-09
0.209799346,4.810638e-09
0.171281753,3.90577e-09
0.124324732,3.5657848e-09
0.107621124,3.3133336e-09
0.147008191,3.7099368e-09
0.120539746,3.4504395e-09
0.125687781,3.5840206e-09
0.121802019,3.3985832e-09
0.116675793,3.2749177e-09
0.121661569,3.3087855e-09
0.129788737,3.6765864e-09
0.101186503,3.4553036e-09
0.147775613,3.79049e-09
0.324252837,5.692986e-09
0.341191087,6.001754e-09
0.369908118,6.1587078e-09
0.255879344,5.438868e-09
0.275271892,5.8054934e-09
0.194896178,5.185083e-09
0.375572793,6.0986087e-09
0.431933364,6.274046e-09
0.40559825,6.2277916e-09
0.408435897,6.088028e-09
0.429875844,6.239115e-09
0.453443701,6.304129e-09
0.381404155,5.982342e-09
0.403774828,6.181522e-09
0.353757608,5.848085e-09
0.107248555,3.1157878e-09
0.101736464,3.030558e-09
0.108397139,3.1064322e-09
0.112625515,3.1765641e-09
0.115974454,3.2180107e-09
0.12116781,3.3192369e-09
0.175829544,3.8739048e-09
0.141892882,3.5027923e-09
0.135670663,3.4647643e-09
0.170618604,4.156995e-09
0.179113293,3.9997983e-09
0.117759177,3.5016574e-09
0.203592615,3.778909e-09
0.192495494,4.2078323e-09
0.187648277,4.604663e-09
0.146135069,3.4281409e-09
0.140905216,3.7950207e-09
0.109275949,3.2085776e-09
0.240831719,4.405177e-09
0.275394156,5.08996e-09
0.217495745,4.8327835e-09
0.439426581,6.356686e-09
0.392184509,6.3227286e-09
0.344359747,6.208358e-09
0.391153212,6.3279186e-09
0.342893012,6.223109e-09
0.342537226,6.2373484e-09
0.274623608,5.917102e-09
0.233448782,5.5515024e-09
0.281175431,5.9502647e-09
0.508117307,6.26763e-09
0.565387449,6.078904e-09
0.529644183,6.209073e-09
0.461292963,6.3474666e-09
0.482408632,6.3238064e-09
0.414168487,6.345033e-09
0.212084459,5.167002e-09
0.240407635,5.561567e-09
0.292336442,5.937918e-09
0.218202909,5.1679536e-09
0.259376467,5.575136e-09
0.233736805,5.171851e-09
0.386600824,6.0629106e-09
0.428901424,6.153169e-09
0.459177461,6.214466e-09
0.464813968,6.2662875e-09
0.484520791,6.2967263e-09
0.510941435,6.3302115e-09
0.518671671,6.3461223e-09
0.526348281,6.3456675e-09
0.531443577,6.3457346e-09
0.516966211,6.3362875e-09
0.522927983,6.3378014e-09
0.500644059,6.30927e-09
0.115162209,2.7024332e-09
0.136086471,2.9221476e-09
0.164946615,3.1555614e-09
0.109143811,2.5356255e-09
0.131222722,2.734072e-09
0.106531543,2.381331e-09
0.136450006,3.0953295e-09
0.165927841,3.5647907e-09
0.165321965,3.3557743e-09
0.09613954,2.21964e-09
0.114608911,2.3564193e-09
0.066324547,2.0633701e-09
0.128559891,2.536026e-09
0.159960645,2.9116183e-09
0.15045746,2.6901745e-09
0.1963997,4.168369e-09
0.226213135,4.5771253e-09
0.265278279,4.981324e-09
0.197032172,3.91488e-09
0.226288295,4.2914388e-09
0.197097395,3.670268e-09
0.219719645,4.788971e-09
0.276320117,5.4044835e-09
0.265306231,5.2008664e-09
0.433835263,6.1264585e-09
0.374515042,5.880166e-09
0.314050063,5.489879e-09
0.39104558,6.0122094e-09
0.324849698,5.6771605e-09
0.339052546,5.8375393e-09
0.467042739,6.241619e-09
0.427375082,6.174474e-09
0.491605473,6.302137e-09
0.498594466,6.3281327e-09
0.52259519,6.3447447e-09
0.525162618,6.344495e-09
0.499207348,6.3322694e-09
0.52003272,6.3463244e-09
0.486840471,6.3330434e-09
0.445714458,6.2348406e-09
0.482464594,6.300987e-09
0.465996803,6.3052426e-09
0.186424943,4.7066844e-09
0.161260579,4.2841606e-09
0.128725505,3.9147703e-09
0.165927974,4.297556e-09
0.141014756,3.9331938e-09
0.149225201,3.9543377e-09
0.195491484,4.6884714e-09
0.162567516,4.2689763e-09
0.191593759,4.6967776e-09
0.11075687,3.5650645e-09
0.117050993,3.2263792e-09
0.134887184,2.9499136e-09
0.083638133,3.3372156e-09
0.106269775,3.0613505e-09
0.076092523,3.1848746e-09
0.099199811,2.9739662e-09
0.128374801,2.8389908e-09
0.102179931,2.8764673e-09
0.120406302,3.507693e-09
0.134791571,3.1891876e-09
0.125454707,3.5339103e-09
0.39139826,5.8003025e-09
0.441227389,6.144275e-09
0.478025584,6.281398e-09
0.403520543,5.921735e-09
0.447133064,6.1972676e-09
0.41039809,6.0166103e-09
0.313457326,5.246371e-09
0.263070066,4.5091593e-09
0.220296283,3.8162145e-09
0.280138777,4.641534e-09
0.220579663,3.8789287e-09
0.240854669,3.980373e-09
0.362435887,5.6215734e-09
0.337430395,5.43627e-09
0.306288348,4.839304e-09
0.358502825,5.4615876e-09
0.303057217,4.6121995e-09
0.350400305,5.275671e-09
0.136789693,2.6409879e-09
0.140877939,2.7647185e-09
0.118232579,2.92729e-09
0.148937439,2.6300764e-09
0.135495457,2.7362232e-09
0.144563047,2.7448743e-09
0.174784317,3.2254306e-09
0.141085995,3.017205e-09
0.153433624,2.8453966e-09
0.179059653,3.2174872e-09
0.148238504,2.8182805e-09
0.170137706,3.239067e-09
0.367375118,6.2414323e-09
0.432033932,6.354424e-09
0.496044688,6.294573e-09
0.385557183,6.2735968e-09
0.446581162,6.3568084e-09
0.398295885,6.3030448e-09
0.333836788,6.0279595e-09
0.279392279,5.6168314e-09
0.317759103,5.9812097e-09
0.569987952,6.0109104e-09
0.643251839,5.6280474e-09
0.58102557,5.8697207e-09
0.514201119,6.219775e-09
0.532996515,6.1203065e-09
0.46632721,6.3391923e-09
0.212589465,4.8146984e-09
0.192216568,4.477537e-09
0.171252533,4.1717403e-09
0.174839537,4.3671395e-09
0.151887749,4.0757806e-09
0.134900389,3.990796e-09
0.273809521,5.4841607e-09
0.263567552,5.370721e-09
0.248529225,5.266867e-09
0.307013817,5.834475e-09
0.295546,5.7230247e-09
0.348353841,6.1210255e-09
0.236083532,4.996047e-09
0.202809332,4.55252e-09
0.225274772,4.9006204e-09
0.478695374,6.2500187e-09
0.499173316,6.3069376e-09
0.516393592,6.33314e-09
0.511496423,6.3054997e-09
0.523840673,6.332069e-09
0.522616356,6.3262426e-09
0.512704368,6.3376944e-09
0.521095178,6.3370953e-09
0.532166886,6.3428125e-09
0.054459347,2.559489e-09
0.04395875,2.4023257e-09
0.070685225,2.6335656e-09
0.072413328,2.725553e-09
0.033382649,2.4834113e-09
0.06399495,2.7377969e-09
0.094817243,2.3656264e-09
0.118080221,2.586657e-09
0.105186816,2.6678908e-09
0.134871438,2.9334255e-09
0.147993818,3.4927201e-09
0.2178788,4.198101e-09
0.10596516,3.0375418e-09
0.129107765,3.6107097e-09
0.104507884,3.1220728e-09
0.191999112,3.4859762e-09
0.198360311,3.838212e-09
0.167339845,3.1953233e-09
0.21708583,4.0705346e-09
0.251658202,4.7423954e-09
0.245137688,4.480629e-09
0.461182684,6.0155774e-09
0.385112748,5.59499e-09
0.30107154,4.9448747e-09
0.395667716,5.8022414e-09
0.311830234,5.220195e-09
0.320766816,5.4565645e-09
0.440039176,6.0992087e-09
0.455404455,6.062874e-09
0.384630645,5.8466694e-09
0.489011276,6.228547e-09
0.516932461,6.2898233e-09
0.505877199,6.1988366e-09
0.483003944,6.302054e-09
0.456342214,6.2482726e-09
0.439615383,6.1452647e-09
0.496073792,6.3221828e-09
0.482659243,6.289966e-09
0.515854985,6.3258225e-09
0.406856124,5.9701355e-09
0.42019062,6.0794365e-09
0.449059411,6.2113212e-09
0.082806706,3.1766403e-09
0.100897629,3.0773832e-09
0.124725741,2.999959e-09
0.093078803,3.39018e-09
0.113987005,3.2789143e-09
0.099120233,3.6354273e-09
0.128722732,3.773675e-09
0.095256561,3.4477108e-09
0.106077046,3.7003474e-09
0.096013548,2.6549514e-09
0.110248777,2.583269e-09
0.122982505,2.5700673e-09
0.106685928,2.729982e-09
0.132324419,2.6504092e-09
0.126489235,2.830461e-09
0.091022534,2.7881557e-09
0.099578145,2.8836558e-09
0.085858865,2.9628358e-09
0.348953448,5.275707e-09
0.312058824,4.6042627e-09
0.263813356,3.9421924e-09
0.304245048,4.6229762e-09
0.269095959,3.95536e-09
0.258926699,4.0237884e-09
0.364674302,5.5527205e-09
0.322666914,4.97056e-09
0.384972789,5.7596234e-09
0.092242939,2.5629159e-09
0.080640403,2.544548e-09
0.104979892,2.6160958e-09
0.100757996,2.5359137e-09
0.099112262,2.5733433e-09
0.114079135,2.5834024e-09
0.185471775,3.1988325e-09
0.132082437,2.7663074e-09
0.139307468,2.7744906e-09
0.209367599,3.2825784e-09
0.204182004,3.2054632e-09
0.161842511,2.83342e-09
0.112443313,3.510304e-09
0.101798454,3.3856768e-09
0.09028485,3.2749496e-09
0.129268912,3.7018257e-09
0.11414854,3.5671945e-09
0.150349131,3.921996e-09
0.409964721,6.3274643e-09
0.48051121,6.317091e-09
0.548783497,6.0607372e-09
0.427784318,6.344708e-09
0.498880006,6.2907506e-09
0.44634058,6.3538312e-09
0.319528675,5.8893144e-09
0.36307526,6.1673884e-09
0.382261167,6.211406e-09
0.614395661,5.5249383e-09
0.665029954,4.9874784e-09
0.63945219,5.355026e-09
0.57380577,5.9055756e-09
0.602313197,5.7661604e-09
0.528605656,6.2015593e-09
0.254250651,5.2525406e-09
0.302140768,5.6871907e-09
0.363224002,6.0738246e-09
0.249125264,5.019082e-09
0.297812043,5.4658487e-09
0.253860054,4.7942175e-09
0.219738651,4.765032e-09
0.217016645,4.5461244e-09
0.1906164,4.3424033e-09
0.156930775,3.840902e-09
0.173568951,4.0747095e-09
0.206446688,4.256701e-09
0.084718514,2.3304583e-09
0.057187124,2.210048e-09
0.079031522,2.4050453e-09
0.123803033,2.7595954e-09
0.114248622,2.5720124e-09
0.102013742,2.4015294e-09
0.096622067,2.6562381e-09
0.095125625,2.4855735e-09
0.077204359,2.5598894e-09
0.10437862,2.8942795e-09
0.076106314,2.7767466e-09
0.060434741,2.667017e-09
0.081662419,3.0258758e-09
0.057210955,2.8938083e-09
0.07476111,3.1540763e-09
0.067165301,2.9940492e-09
0.059619622,2.7615217e-09
0.091015689,2.839871e-09
0.538623471,6.255403e-09
0.548612222,6.2387917e-09
0.50736595,6.168258e-09
0.54125739,6.2909296e-09
0.535854157,6.270044e-09
0.531580398,6.3130425e-09
0.518378467,6.30549e-09
0.483022964,6.2432894e-09
0.517357824,6.2713825e-09
0.103490871,3.0437546e-09
0.096714321,3.081944e-09
0.09966274,3.0957654e-09
0.121927458,3.4850902e-09
0.129455633,3.528209e-09
0.179882963,4.0186356e-09
0.100716942,3.4331182e-09
0.101970252,3.234755e-09
0.134175039,3.7227526e-09
0.113942038,3.5944352e-09
0.18578565,4.2003148e-09
0.186859815,4.141003e-09
0.389604837,5.7227387e-09
0.323383414,5.2673e-09
0.255998462,4.6673545e-09
0.33299259,5.383221e-09
0.260797442,4.792662e-09
0.286901324,4.84668e-09
0.437901192,5.9464864e-09
0.404720104,5.8513194e-09
0.363850468,5.5058247e-09
0.482612063,6.103699e-09
0.514395738,6.1797043e-09
0.45419562,6.012348e-09
0.430210602,5.8084333e-09
0.473630864,6.0964487e-09
0.514637627,6.2195884e-09
0.441261005,5.9404455e-09
0.485935084,6.181929e-09
0.442022595,6.055088e-09
0.324279379,4.7507647e-09
0.364665378,5.201126e-09
0.401424102,5.5585034e-09
0.366253761,5.329258e-09
0.405400843,5.702196e-09
0.403926411,5.8435634e-09
0.297810066,4.527655e-09
0.342563847,5.1675326e-09
0.272951482,4.279149e-09
0.09367271,2.6942735e-09
0.098140353,2.7517633e-09
0.110146478,2.825931e-09
0.086771436,2.6010387e-09
0.104042312,2.6609208e-09
0.079399473,2.5806954e-09
0.095167606,3.2236833e-09
0.094690569,2.9966158e-09
0.09187746,3.1168588e-09
0.092853895,2.9031726e-09
0.086696394,3.0223817e-09
0.090206321,2.8380338e-09
0.224308097,3.6111818e-09
0.189066037,3.0579883e-09
0.147841001,2.7441949e-09
0.199194564,3.3669083e-09
0.169945104,2.9514282e-09
0.177724857,3.2409224e-09
0.24086209,3.87455e-09
0.213765662,3.6290193e-09
0.265995014,4.1401376e-09
0.12377191,2.7918519e-09
0.124549123,2.7009825e-09
0.110456409,2.6391238e-09
0.129889963,2.7371945e-09
0.108418371,2.6465243e-09
0.129083922,2.7515672e-09
0.138705654,2.8565508e-09
0.156560109,3.0008713e-09
0.148466172,2.7810247e-09
0.117098789,3.491377e-09
0.167379776,3.8181813e-09
0.218763047,4.2347437e-09
0.128843366,3.4844359e-09
0.176098428,3.8073895e-09
0.147001537,3.4914032e-09
0.092565356,3.217569e-09
0.107926788,3.225202e-09
0.101418243,3.0055094e-09
0.678499865,5.1010733e-09
0.726547812,4.5070334e-09
0.689120546,5.008195e-09
0.640072533,5.6467706e-09
0.577195083,6.1853624e-09
0.488939411,6.350141e-09
0.630102188,5.710404e-09
0.55851898,6.229601e-09
0.613208763,5.79954e-09
0.460577784,6.355955e-09
0.541903982,6.2033543e-09
0.476673322,6.355424e-09
0.382689627,6.104872e-09
0.399014828,6.1132233e-09
0.320550829,5.5174194e-09
0.258612065,4.677143e-09
0.311758379,5.3927387e-09
0.390469739,5.979541e-09
0.250726443,4.583026e-09
0.305321933,5.267433e-09
0.24150149,4.51687e-09
0.211367659,4.0883403e-09
0.180730009,3.7557784e-09
0.215593547,4.1463046e-09
0.746079012,4.52387e-09
0.728704262,4.733509e-09
0.79405912,4.0298986e-09
0.777862589,3.990181e-09
0.772060088,4.1461345e-09
0.814597887,3.5020284e-09
0.07523347,2.1834041e-09
0.075044403,2.1093132e-09
0.047919499,2.0110253e-09
0.103128366,2.3745044e-09
0.118915874,2.522462e-09
0.131012258,2.6909064e-09
0.095456714,2.3050328e-09
0.110199089,2.4456464e-09
0.093132221,2.2239022e-09
0.135376899,2.7462084e-09
0.136008726,2.723506e-09
0.121355183,2.5515579e-09
0.14496971,2.9706066e-09
0.164807694,3.2056682e-09
0.181185647,3.4585745e-09
0.155413309,2.9579301e-09
0.169278687,3.1910616e-09
0.150572403,2.9345384e-09
0.130831406,3.1202152e-09
0.114326567,3.2668706e-09
0.156526115,3.3702707e-09
0.199929522,4.144407e-09
0.149549924,3.797287e-09
0.113155815,3.460506e-09
0.185566173,4.142104e-09
0.135698989,3.7767904e-09
0.180674334,4.0996597e-09
0.182006212,3.9153014e-09
0.180892692,3.6862104e-09
0.14943382,3.5824448e-09
0.460592846,5.982269e-09
0.468764895,5.9822947e-09
0.447437225,5.8973417e-09
0.488276932,6.1082153e-09
0.496772485,6.098245e-09
0.522380781,6.19646e-09
0.453643717,5.9712044e-09
0.463143974,6.025084e-09
0.492810791,6.1390244e-09
0.374813977,5.2538884e-09
0.304817247,4.9525735e-09
0.236829044,4.5250523e-09
0.388139497,5.453113e-09
0.318415266,5.131077e-09
0.394220034,5.608449e-09
0.262811319,4.5467274e-09
0.246301477,4.5585167e-09
0.32465772,4.922869e-09
0.453288655,5.839168e-09
0.433462857,5.5969296e-09
0.437645355,5.768594e-09
0.343777399,5.373548e-09
0.388784339,5.680752e-09
0.431565092,5.8918013e-09
0.369578921,5.508752e-09
0.421948182,5.8338347e-09
0.401410485,5.6563967e-09
0.318955176,5.0568847e-09
0.338906702,5.1381126e-09
0.36577862,5.248214e-09
0.299583459,4.690286e-09
0.302501796,4.69833e-09
0.261876106,4.2978336e-09
0.294117828,4.4958637e-09
0.270582654,4.359103e-09
0.33200606,4.8971747e-09
0.243002255,4.016728e-09
0.201155262,3.6104726e-09
0.230331549,3.9805035e-09
0.136984354,3.266758e-09
0.126549124,3.1216574e-09
0.110036214,3.0528382e-09
0.117172124,3.0478255e-09
0.117865489,2.944491e-09
0.124406248,2.869218e-09
0.117348785,2.8516003e-09
0.124878434,2.828011e-09
0.10976769,2.9393294e-09
0.12286501,2.9321967e-09
0.112489534,2.9812914e-09
0.106609057,3.0591039e-09
0.12288225,3.1099636e-09
0.110986679,3.1445329e-09
0.120797001,3.3174175e-09
0.156076978,3.5756136e-09
0.208823436,3.9161154e-09
0.141837232,3.2503809e-09
0.18250906,3.5685128e-09
0.157300407,3.2186231e-09
0.138255802,3.0353842e-09
0.209221656,4.103214e-09
0.181477588,3.8047117e-09
0.156533632,3.6014842e-09
0.187094523,3.7657677e-09
0.166648902,3.538489e-09
0.163975608,3.5018537e-09
0.145988685,3.3776273e-09
0.127755351,3.197915e-09
0.147627797,3.3096768e-09
0.219992679,4.534948e-09
0.18686823,4.172532e-09
0.1679994,3.8513757e-09
0.230908478,4.5183306e-09
0.200727006,4.127755e-09
0.235288053,4.510558e-09
0.80496534,3.5589742e-09
0.797381373,3.694755e-09
0.826735326,3.1285858e-09
0.667695036,5.4433973e-09
0.688635313,5.278024e-09
0.705520363,5.0946665e-09
0.638022815,5.9152363e-09
0.651908487,5.7925464e-09
0.586596934,6.2540515e-09
0.571611083,6.316489e-09
0.532823619,6.3514296e-09
0.607459214,6.059718e-09
0.513903399,6.337163e-09
0.43243627,6.046092e-09
0.359769931,5.596268e-09
0.487140351,6.2947083e-09
0.405100789,5.9381313e-09
0.451854643,6.2167347e-09
0.322283454,5.353677e-09
0.278918541,4.9923705e-09
0.356301901,5.6688827e-09
0.265628832,4.8975175e-09
0.274263164,4.9446185e-09
0.309988649,5.2424998e-09
0.69034365,5.2369074e-09
0.729226969,4.752208e-09
0.758426664,4.2777866e-09
0.743205924,4.6418047e-09
0.770309531,4.150392e-09
0.782441829,4.023002e-09
0.737064428,4.55894e-09
0.683262385,5.263023e-09
0.62384136,5.8639866e-09
0.72765317,4.6971627e-09
0.675504164,5.369062e-09
0.722118103,4.830747e-09
0.600965495,6.026936e-09
0.591588782,6.1572494e-09
0.660589942,5.5948552e-09
0.673462635,5.470154e-09
0.647352445,5.6798957e-09
0.705546062,5.016633e-09
0.840775927,3.201005e-09
0.828847154,3.311374e-09
0.849967563,2.8539933e-09
0.089797361,1.9347761e-09
0.100317499,1.8363369e-09
0.07908565,1.75419e-09
0.118367421,1.932979e-09
0.109770707,2.041084e-09
0.098971946,2.1406381e-09
0.127453573,2.163585e-09
0.11904627,2.274391e-09
0.135922246,2.4235658e-09
0.124088245,2.6184361e-09
0.12860509,2.5289766e-09
0.109195116,2.3673286e-09
0.147259493,2.927201e-09
0.16440519,3.1770744e-09
0.185250747,3.4206142e-09
0.143542154,2.843101e-09
0.157846267,3.0759788e-09
0.143641409,2.7401945e-09
0.167791921,3.1960758e-09
0.187943639,3.4736722e-09
0.189617633,3.4615815e-09
0.20090034,3.8165586e-09
0.243053996,4.1601464e-09
0.293692009,4.4674686e-09
0.215230068,3.8115124e-09
0.256306581,4.124411e-09
0.220346346,3.7743586e-09
0.238068826,4.2945953e-09
0.268211974,4.4031307e-09
0.210242473,4.056577e-09
0.303122674,4.6734105e-09
0.358273837,5.0180966e-09
0.323222958,4.7539235e-09
0.409504555,5.354589e-09
0.439804277,5.63069e-09
0.433679705,5.801615e-09
0.409152649,5.365372e-09
0.409717134,5.568009e-09
0.378350827,5.287739e-09
0.351669718,4.8218354e-09
0.375179261,5.1038245e-09
0.373125285,5.1019797e-09
0.358056979,5.470827e-09
0.371948124,5.4469647e-09
0.398370956,5.685969e-09
0.289847817,5.011621e-09
0.311913651,5.1498756e-09
0.346397976,5.250932e-09
0.302825435,5.1145426e-09
0.336656457,5.3055857e-09
0.323710924,5.2341913e-09
0.256657659,4.6873088e-09
0.278843759,4.8658553e-09
0.309506589,5.095325e-09
0.259994838,4.588372e-09
0.291259144,4.792278e-09
0.270197108,4.460429e-09
0.269736946,4.8214015e-09
0.28024101,4.9324926e-09
0.289272371,5.0048428e-09
0.215039283,4.1939763e-09
0.151794542,3.8877017e-09
0.114652122,3.6196577e-09
0.137927027,4.14745e-09
0.102800645,3.9021706e-09
0.101926362,4.1479553e-09
0.211148544,4.487995e-09
0.205913656,4.355737e-09
0.148410898,4.3075215e-09
0.137816571,3.5413412e-09
0.150836113,3.5442287e-09
0.158681635,3.609645e-09
0.139438652,3.358739e-09
0.147598936,3.4036882e-09
0.122906522,3.216653e-09
0.111670034,3.3646326e-09
0.121260215,3.2512297e-09
0.139831954,3.4607346e-09
0.101654618,3.634004e-09
0.110499483,3.7012031e-09
0.086414789,3.8968224e-09
0.188693343,4.3714534e-09
0.159931555,4.240801e-09
0.147567057,4.1416244e-09
0.159241312,4.0391557e-09
0.139666351,3.9402184e-09
0.146288589,3.757145e-09
0.145791882,3.87843e-09
0.155602077,3.7012444e-09
0.138522598,3.697201e-09
0.225678802,4.696803e-09
0.269563215,4.9877382e-09
0.31080913,5.2812332e-09
0.227261291,4.7922817e-09
0.262292087,5.0287627e-09
0.217183445,4.836736e-09
0.192624942,4.5477964e-09
0.198288118,4.6592152e-09
0.171919276,4.426508e-09
0.801123455,3.8251535e-09
0.811836168,3.7118613e-09
0.815843,3.6014265e-09
0.765790536,4.2628576e-09
0.76830937,4.156586e-09
0.711780811,4.7286384e-09
0.705635277,4.905704e-09
0.69661745,5.0754516e-09
0.75403727,4.4545945e-09
0.544783143,6.077685e-09
0.596782098,5.8308736e-09
0.647712842,5.542869e-09
0.599958638,5.7158047e-09
0.650096297,5.401879e-09
0.656135575,5.2512465e-09
0.530331746,6.3191177e-09
0.421743005,6.2591163e-09
0.336804645,5.8328324e-09
0.516583192,6.3519985e-09
0.429232129,6.18479e-09
0.514810088,6.354471e-09
0.365495115,5.6786926e-09
0.440847728,6.118937e-09
0.354663123,5.754869e-09
0.254446491,5.0838023e-09
0.302038659,5.3486673e-09
0.290569295,5.4096025e-09
0.618590379,5.834301e-09
0.543842253,6.2380967e-09
0.472002836,6.3552585e-09
0.605656942,5.997582e-09
0.529649526,6.307434e-09
0.584319319,6.1309353e-09
0.418199891,6.266816e-09
0.36589888,6.076788e-09
0.474470756,6.3538934e-09
0.521117802,6.2457013e-09
0.496448908,6.336754e-09
0.570868558,6.0696412e-09
0.813905629,3.469329e-09
0.773463246,3.8932044e-09
0.732521085,4.362183e-09
0.769390683,4.0236747e-09
0.72078664,4.484443e-09
0.713748152,4.607041e-09
0.822916423,3.3004155e-09
0.783088271,3.807522e-09
0.846188879,2.933375e-09
0.814652909,3.3818999e-09
0.84770764,3.0114302e-09
0.857700007,2.6150655e-09
0.072004915,1.5399702e-09
0.063333699,1.4717272e-09
0.090419783,1.6341866e-09
0.064380011,1.5892836e-09
0.081261548,1.6852864e-09
0.10097524,1.7888965e-09
0.064703569,1.7507983e-09
0.084031469,1.8561565e-09
0.062919148,1.939999e-09
0.114784318,2.0086985e-09
0.129697302,2.2599809e-09
0.094292596,2.0947477e-09
0.142868257,2.5993214e-09
0.142294079,2.7778595e-09
0.154499035,2.9579306e-09
0.118064819,2.4220634e-09
0.121015146,2.600311e-09
0.083943183,2.253171e-09
0.152538732,2.9340044e-09
0.171178219,3.2757987e-09
0.161685518,3.1137886e-09
0.208421907,3.6966028e-09
0.229151099,3.929147e-09
0.246406456,4.1313277e-09
0.19422064,3.526541e-09
0.215625842,3.748598e-09
0.184805459,3.3581375e-09
0.24506616,4.0451087e-09
0.288997226,4.387084e-09
0.264968432,4.2664494e-09
0.321947529,4.7020876e-09
0.334332528,4.9517648e-09
0.289927835,4.5574025e-09
0.285539752,4.958775e-09
0.279353714,4.8649382e-09
0.270839624,4.7253876e-09
0.305938139,5.0267928e-09
0.29060712,4.8562465e-09
0.32897823,5.0565325e-09
0.267605699,4.5662243e-09
0.263488438,4.3584563e-09
0.290873763,4.735536e-09
0.272243966,4.881491e-09
0.251964577,4.789147e-09
0.219133889,4.7341526e-09
0.26815325,4.868818e-09
0.249653331,4.8158633e-09
0.267360368,4.822846e-09
0.263087289,4.7986117e-09
0.253270874,4.6888147e-09
0.237908088,4.702511e-09
0.207629672,4.5272674e-09
0.141593049,4.3804866e-09
0.188365024,4.5810866e-09
0.093548005,4.154826e-09
0.120216863,3.966061e-09
0.157535029,3.853164e-09
0.143587433,4.286568e-09
0.18295318,4.162856e-09
0.145984083,4.5416457e-09
0.172141452,4.6694755e-09
0.20713962,4.786801e-09
0.231064622,4.8827893e-09
0.142494991,4.426647e-09
0.154971332,4.56525e-09
0.104610899,4.3289807e-09
0.177953765,4.71378e-09
0.13184926,4.5405044e-09
0.195781425,4.7565307e-09
0.164849657,4.2686867e-09
0.177658028,4.4850386e-09
0.187861394,4.647089e-09
0.171688249,4.375881e-09
0.17740672,4.5217616e-09
0.151078943,4.4651185e-09
0.161403915,4.039764e-09
0.16319185,4.2091766e-09
0.164761771,3.868491e-09
0.122583448,4.4331983e-09
0.136916317,4.4649635e-09
0.1723272,4.145416e-09
0.205433749,4.861214e-09
0.207023714,4.8565454e-09
0.21159174,4.851358e-09
0.22692609,5.0830473e-09
0.241739284,5.0831623e-09
0.276649125,5.4106115e-09
0.18382361,4.699946e-09
0.169314691,4.5799884e-09
0.187592149,4.680468e-09
0.146631484,4.8705195e-09
0.124062007,4.8153193e-09
0.12187966,4.7116506e-09
0.125468859,4.687494e-09
0.115727466,4.6066773e-09
0.122704867,4.552686e-09
0.652397852,5.2052305e-09
0.655376217,5.1028124e-09
0.664011887,4.9980784e-09
0.59143587,5.6576597e-09
0.594614234,5.579785e-09
0.528945695,6.0343615e-09
0.538198675,6.0626126e-09
0.595192228,5.686291e-09
0.532518999,6.0481913e-09
0.474851006,6.3153207e-09
0.403093943,6.3445733e-09
0.332222612,6.2029972e-09
0.452233485,6.3567325e-09
0.38292029,6.278707e-09
0.430758306,6.330798e-09
0.464599391,6.3116983e-09
0.457701551,6.308248e-09
0.390261902,6.3457373e-09
0.370932687,6.1340066e-09
0.278609687,5.7157994e-09
0.227382361,5.3167506e-09
0.32835728,5.902668e-09
0.252708973,5.4747393e-09
0.293651847,5.65049e-09
0.215307903,4.981036e-09
0.235182544,5.259535e-09
0.222099498,5.13093e-09
0.283217411,5.9212684e-09
0.246604593,5.6033502e-09
0.327122247,6.03236e-09
0.562934953,5.767127e-09
0.549229661,5.865219e-09
0.53726824,5.9544094e-09
0.62533522,5.330246e-09
0.609769188,5.458644e-09
0.685116605,4.847817e-09
0.842351812,3.1414882e-09
0.817445345,3.466468e-09
0.81619129,3.6286105e-09
0.780955028,4.003906e-09
0.76535761,4.179497e-09
0.640568256,5.1842135e-09
0.710674773,4.6784128e-09
0.719665221,4.510488e-09
0.848583636,2.768383e-09
0.043344979,1.4400159e-09
0.050797801,1.5801571e-09
0.054325559,1.7481183e-09
0.034124877,1.4412496e-09
0.044133175,1.5881486e-09
0.031747422,1.3312534e-09
0.068101184,2.039446e-09
0.092650016,2.1926392e-09
0.111790788,2.4096698e-09
0.064240612,1.8551441e-09
0.092546927,2.0220194e-09
0.050930483,1.7039858e-09
0.09417692,2.3724809e-09
0.132163964,2.7264049e-09
0.109829575,2.5434175e-09
0.165875895,3.2150445e-09
0.146214822,3.5167023e-09
0.154692246,3.894695e-09
0.133190716,3.0477647e-09
0.119016046,3.4275787e-09
0.120449782,2.9360123e-09
0.20182876,3.5790695e-09
0.228973014,3.939918e-09
0.194628335,3.8482364e-09
0.242855779,4.2103245e-09
0.258233481,4.473954e-09
0.229001972,4.1834576e-09
0.3040901,5.0074567e-09
0.280066527,4.7849746e-09
0.235372547,4.382767e-09
0.27990909,4.821658e-09
0.263898492,4.5770325e-09
0.270376833,4.731505e-09
0.257592126,4.8228714e-09
0.224887565,4.814634e-09
0.261671409,4.9053845e-09
0.230099164,4.868201e-09
0.261620056,4.9968176e-09
0.287164064,5.0501194e-09
0.242895312,5.095399e-09
0.200155775,4.9844284e-09
0.149892623,4.844619e-09
0.238221797,5.2546985e-09
0.186220555,5.1076685e-09
0.244607391,5.3267923e-09
0.167826622,5.023945e-09
0.204397058,5.181266e-09
0.144933318,4.9613202e-09
0.358953598,5.6066307e-09
0.314981108,5.4029874e-09
0.274771433,5.151367e-09
0.327691246,5.5481193e-09
0.280177772,5.3477787e-09
0.287153258,5.4519784e-09
0.348443675,5.462717e-09
0.329994447,5.238653e-09
0.307566684,5.2325753e-09
0.201699384,4.7803277e-09
0.191745639,4.739286e-09
0.170739592,4.742326e-09
0.172865429,4.6674886e-09
0.163749279,4.6775392e-09
0.15287801,4.5978594e-09
0.217267013,4.8729887e-09
0.212954157,4.9886606e-09
0.200062696,4.806586e-09
0.160853349,4.79126e-09
0.14100895,4.6657527e-09
0.158845707,4.74091e-09
0.181462736,4.9913687e-09
0.182690756,4.8830957e-09
0.177023715,4.804803e-09
0.21457879,5.1008864e-09
0.209482773,4.9711586e-09
0.246525406,5.199004e-09
0.211177767,5.1549622e-09
0.247057102,5.267726e-09
0.249370207,5.3135647e-09
0.476806775,6.2156773e-09
0.399806787,6.356966e-09
0.334096421,6.2452012e-09
0.466665615,6.259706e-09
0.388351683,6.3534165e-09
0.457333822,6.2949637e-09
0.385083034,6.3501115e-09
0.326687621,6.231837e-09
0.322119251,6.2178263e-09
0.259500036,5.843482e-09
0.256331821,5.864529e-09
0.25827538,5.8849436e-09
0.216406711,5.4622133e-09
0.204808483,5.4826033e-09
0.183321138,5.163836e-09
0.213807692,5.2608367e-09
0.232206659,5.531204e-09
0.197404913,5.209778e-09
0.194894168,4.962644e-09
0.179341083,4.9431184e-09
0.181189922,4.8114095e-09
0.517136889,5.9939462e-09
0.590749889,5.4810254e-09
0.657401901,4.8297975e-09
0.473209844,6.1728382e-09
0.539293555,5.7588427e-09
0.428350812,6.2919514e-09
0.436579367,6.3146586e-09
0.398015732,6.3553376e-09
0.367746897,6.3324985e-09
0.477669933,6.0375984e-09
0.591329906,5.2209397e-09
0.692730979,4.205676e-09
0.530292348,5.598894e-09
0.640394565,4.6166035e-09
0.732779918,3.5330245e-09
0.04087728,1.5424975e-09
0.085814386,1.8199345e-09
0.125462625,2.182599e-09
0.087906418,1.6868634e-09
0.126721302,2.0073394e-09
0.042533215,1.4443449e-09
0.144350781,2.7422753e-09
0.175572573,3.214403e-09
0.228819564,3.775973e-09
0.157984682,2.5536344e-09
0.178523966,3.0384204e-09
0.143278273,2.384222e-09
0.142637676,3.2940544e-09
0.128075759,3.8014973e-09
0.174249592,3.8053702e-09
0.279054217,4.583416e-09
0.21003554,4.5410657e-09
0.198625411,4.44873e-09
0.354975689,5.2722964e-09
0.319021472,5.194488e-09
0.436339,5.707882e-09
0.333245002,5.2728586e-09
0.384269709,5.5533826e-09
0.281284513,4.9552686e-09
0.417412259,5.734757e-09
0.440552972,5.7805374e-09
0.385985579,5.562119e-09
0.402134627,5.73337e-09
0.440608059,5.781399e-09
0.453413296,5.7878156e-09
0.473341219,5.8509717e-09
0.515278894,5.890139e-09
0.495471721,5.8973018e-09
0.364963055,5.6442406e-09
0.32015111,5.528318e-09
0.395107309,5.6804708e-09
0.313304837,5.496205e-09
0.294711835,5.440744e-09
0.379446235,5.6362635e-09
0.347020794,5.4716134e-09
0.379633184,5.5961196e-09
0.420357754,5.7002945e-09
0.30621621,5.3967453e-09
0.33894341,5.528432e-09
0.274460417,5.3052585e-09
0.15967407,4.9581748e-09
0.172773709,4.885469e-09
0.214838635,4.941349e-09
0.168339123,4.8465294e-09
0.188710765,4.8697903e-09
0.170311391,4.802871e-09
0.239369184,5.1024447e-09
0.2012586,4.9050786e-09
0.22038736,5.007851e-09
0.303807986,5.285271e-09
0.264573865,5.19823e-09
0.258488881,5.0880202e-09
0.271086325,5.992393e-09
0.29588754,6.1464505e-09
0.317877107,6.270145e-09
0.220378074,5.6913767e-09
0.241058806,5.861309e-09
0.187105945,5.4113896e-09
0.213002973,5.5856284e-09
0.18140751,5.325056e-09
0.173963948,5.242566e-09
0.14548432,5.010895e-09
0.155106814,5.063749e-09
0.182364691,4.9224456e-09
0.34590629,6.354429e-09
0.389232522,6.300606e-09
0.440774198,6.0604664e-09
0.30762369,6.2544236e-09
0.342498696,6.3526637e-09
0.281321788,6.051283e-09
0.273456323,6.076915e-09
0.253409232,5.829298e-09
0.218756453,5.6091864e-09
0.322092885,6.2765e-09
0.411487413,6.2774137e-09
0.530355104,5.539685e-09
0.39209895,6.3553234e-09
0.50499943,5.9284058e-09
0.618075188,4.8115987e-09
0.095584281,2.4422688e-09
0.080074226,2.1827846e-09
0.16962606,3.0629146e-09
0.144524023,2.7418818e-09
0.211159974,3.4608487e-09
0.032746488,2.0257314e-09
0.396143994,5.361835e-09
0.384727109,5.4033533e-09
0.363231905,5.440074e-09
0.343299305,5.2147517e-09
0.323266008,5.2517226e-09
0.273830491,5.0628595e-09
0.195162018,3.3373002e-09
0.25418891,3.8092662e-09
0.284377584,4.2268518e-09
0.26934317,4.0770223e-09
0.327833944,4.548866e-09
0.324818194,4.760746e-09
0.332632034,5.0094218e-09
0.411071017,5.583344e-09
0.369342351,5.2665925e-09
0.389235808,5.323692e-09
0.452340716,5.6918665e-09
0.502974545,5.8628684e-09
0.476480302,5.685107e-09
0.539767715,5.8901777e-09
0.539267056,5.8445493e-09
0.508521939,5.87808e-09
0.535339813,5.907577e-09
0.531864072,5.937284e-09
0.475251322,5.716123e-09
0.500314377,5.7981375e-09
0.526197852,5.8510765e-09
0.463816833,5.75893e-09
0.508440117,5.8492806e-09
0.463951792,5.78457e-09
0.397613926,5.583725e-09
0.443387416,5.664428e-09
0.428156223,5.691095e-09
0.414517933,5.5500524e-09
0.431846747,5.5116494e-09
0.454628098,5.626829e-09
0.184683702,5.1606386e-09
0.220553856,5.29684e-09
0.251321192,5.4707354e-09
0.232778829,5.0198516e-09
0.250809479,5.0867115e-09
0.293355721,4.9972555e-09
0.206422518,4.9715205e-09
0.264746473,4.988625e-09
0.245312424,4.96982e-09
0.361585598,5.2107167e-09
0.30528799,5.0749964e-09
0.318087139,5.0725735e-09
0.376807417,6.323176e-09
0.332590919,5.9269736e-09
0.324805653,5.4010543e-09
0.325726942,6.123303e-09
0.310751709,5.612002e-09
0.285119436,5.8364344e-09
0.27829927,5.2822204e-09
0.320648727,5.1317945e-09
0.303357764,5.0171054e-09
0.330384149,5.7465805e-09
0.369820218,6.2331456e-09
0.451644975,6.3133117e-09
0.345148522,6.108638e-09
0.419471815,6.356286e-09
0.538165018,5.970634e-09
0.25648328,4.240038e-09
0.184096029,3.6863759e-09
0.190229515,3.5393555e-09
0.127335314,3.0185996e-09
0.135332271,2.8605227e-09
0.086385016,2.4563651e-09
0.411136289,5.4207576e-09
0.3744026,5.275468e-09
0.365471168,5.1254188e-09
0.414919843,5.456342e-09
0.389134402,5.3216085e-09
0.412108359,5.4656772e-09
0.453713806,5.5470313e-09
0.444253699,5.55796e-09
0.473426462,5.6402487e-09
0.175779736,3.7629366e-09
0.239839958,4.3208117e-09
0.321787346,4.8487054e-09
0.230059072,4.3232493e-09
0.31628755,4.85196e-09
0.308514206,4.7857345e-09
0.479813608,5.6478706e-09
0.403964054,5.2823275e-09
0.402697642,5.3363105e-09
0.379310724,5.155279e-09
0.456650574,5.552356e-09
0.528290041,5.772724e-09
0.419413082,5.4249387e-09
0.491334402,5.6750586e-09
0.446869715,5.557297e-09
0.49689384,5.7209313e-09
0.484442393,5.6772778e-09
0.506828966,5.7717338e-09
0.474910181,5.638921e-09
0.4364549,5.5515703e-09
0.447867811,5.5870153e-09
0.358964606,5.0212523e-09
0.373729598,4.993937e-09
0.376509733,5.113886e-09
0.37404312,4.9917075e-09
0.38808046,5.1055036e-09
0.371961523,5.0475712e-09
0.408629398,5.3655245e-09
0.392619661,5.2177245e-09
0.397144729,5.247378e-09
0.321015726,5.126715e-09
0.326190332,5.1991482e-09
0.332274603,5.2922404e-09
0.320029682,5.541458e-09
0.329483309,5.6351634e-09
0.356711433,6.033997e-09
0.331992441,4.933711e-09
0.354973392,4.975428e-09
0.348568617,4.9746287e-09
0.48128608,6.3109487e-09
0.519638847,6.2845293e-09
0.391139851,5.949101e-09
0.430933123,5.8888414e-09
0.338743002,5.4452487e-09
0.620528219,6.32839e-09
0.226700574,4.2546344e-09
0.178219528,3.6990566e-09
0.178602983,3.764842e-09
0.140904878,3.1908045e-09
0.128698003,3.1949416e-09
0.10344466,2.6443658e-09
0.365935163,5.171395e-09
0.378762042,5.314912e-09
0.402395083,5.442676e-09
0.425547751,5.3708145e-09
0.420190602,5.484953e-09
0.428446499,5.4567866e-09
0.425841191,5.343319e-09
0.398881368,5.2097167e-09
0.411948356,5.231874e-09
0.17709646,3.5708645e-09
0.222006034,4.126714e-09
0.29115235,4.662524e-09
0.215773595,3.9574366e-09
0.2555507,4.503138e-09
0.244336992,4.3175947e-09
0.369750222,5.2861404e-09
0.285753076,4.8496043e-09
0.332923888,5.015233e-09
0.320255639,4.987276e-09
0.279878465,4.685296e-09
0.338923224,5.1450053e-09
0.317147898,4.774518e-09
0.359265663,4.913011e-09
0.365364749,5.047153e-09
0.35532899,4.9895665e-09
0.389290831,5.114914e-09
0.373596992,5.0955804e-09
0.295281514,4.736647e-09
0.307996464,4.8771014e-09
0.349429048,5.008229e-09
0.31395538,4.8341735e-09
0.328534427,4.9016977e-09
0.325159387,4.934521e-09
0.290013777,4.753882e-09
0.327131938,4.9315707e-09
0.280459376,4.7358086e-09
0.298238535,5.032913e-09
0.332145023,5.0636517e-09
0.324280306,5.089076e-09
0.365963794,5.435832e-09
0.376352164,5.4307483e-09
0.447541127,5.9093184e-09
0.302202318,4.736497e-09
0.317133425,4.8884483e-09
0.298221952,4.8234177e-09
0.331709247,5.344162e-09
0.432525321,5.840138e-09
0.527728192,6.2405983e-09
0.401222587,5.7568452e-09
0.515044597,6.2061614e-09
0.599282008,6.356767e-09
0.220837622,3.762129e-09
0.193110759,3.2047447e-09
0.193373373,3.4024132e-09
0.183181948,2.8412475e-09
0.15203459,3.0027585e-09
0.140579619,2.440203e-09
0.161170809,3.0205232e-09
0.211640392,3.5716097e-09
0.245461066,4.138618e-09
0.197821077,3.3833858e-09
0.241258187,3.9493373e-09
0.227253432,3.7646375e-09
0.324894892,4.8085287e-09
0.284898124,4.3145922e-09
0.27975431,4.5062105e-09
0.297237689,4.5177204e-09
0.264101947,4.1692387e-09
0.333469546,4.664013e-09
0.209872085,4.1421617e-09
0.21828532,4.0222727e-09
0.229240949,3.896249e-09
0.238131539,4.3581796e-09
0.254537093,4.2710613e-09
0.273872296,4.573024e-09
0.256337026,4.5804542e-09
0.269364387,4.597815e-09
0.237494777,4.3986725e-09
0.239330677,4.7276267e-09
0.19754506,4.436966e-09
0.155869647,4.1358588e-09
0.268080167,4.6033612e-09
0.226378291,4.3628114e-09
0.277872246,4.5691033e-09
0.195930322,4.100293e-09
0.23573166,4.358957e-09
0.181357843,4.0951553e-09
0.231783534,4.900531e-09
0.234351483,4.957891e-09
0.258382127,5.002539e-09
0.302456361,5.318235e-09
0.313261905,5.338198e-09
0.38797785,5.768173e-09
0.167160419,4.5472563e-09
0.143304495,4.3031108e-09
0.186357814,4.6428608e-09
0.281038387,5.2012066e-09
0.359800238,5.674586e-09
0.451198124,6.100975e-09
0.334953093,5.5626264e-09
0.42153467,6.0259158e-09
0.501910761,6.29114e-09
0.089431069,2.4762292e-09
0.138354257,2.8220075e-09
0.170865118,3.186542e-09
0.094817894,2.322602e-09
0.111590659,2.6640943e-09
0.065459641,2.0311095e-09
0.091162917,3.1203633e-09
0.079843058,2.7900862e-09
0.071578246,2.4874465e-09
0.139551047,3.2691747e-09
0.128714536,2.9560199e-09
0.190727797,3.4887648e-09
0.173398011,3.802246e-09
0.129496017,3.456262e-09
0.182772027,3.642895e-09
0.152453779,3.7876484e-09
0.131069273,3.8093613e-09
0.111339702,3.468321e-09
0.078848687,3.4882814e-09
0.082787839,3.3375507e-09
0.086783204,3.2167278e-09
0.09382031,3.7096628e-09
0.103670348,3.5738457e-09
0.113846098,3.9270502e-09
0.126917997,4.1280193e-09
0.108996594,4.0930184e-09
0.117314914,4.0964947e-09
0.153263115,4.379475e-09
0.13498542,4.3204467e-09
0.193378777,4.63637e-09
0.092642932,3.6825911e-09
0.09217967,3.8930534e-09
0.107383486,3.8937094e-09
0.215775893,4.8527675e-09
0.224604842,4.8646287e-09
0.231907499,4.8814486e-09
0.267221422,5.2117497e-09
0.276049092,5.20561e-09
0.329542715,5.5821476e-09
0.151992385,4.3214987e-09
0.185997375,4.5964006e-09
0.179375898,4.5614645e-09
0.238509344,5.123201e-09
0.301299602,5.5006826e-09
0.366973048,5.86128e-09
0.271197085,5.418151e-09
0.34092044,5.787999e-09
0.397733145,6.065015e-09
0.0274921,2.1383537e-09
0.040235219,2.159933e-09
0.037937996,2.439328e-09
0.045374113,2.4446725e-09
0.061180597,2.7643483e-09
0.016307297,1.8747857e-09
0.049066307,2.825054e-09
0.03554297,2.5778437e-09
0.028063873,2.3529443e-09
0.054824513,2.8901082e-09
0.046272332,2.6556395e-09
0.070787654,2.988089e-09
0.075117156,3.264427e-09
0.063251807,3.0421168e-09
0.068850968,3.1119805e-09
0.103394316,3.488465e-09
0.081958545,3.2465728e-09
0.063882875,3.0265939e-09
0.098106904,3.47187e-09
0.079684274,3.2480363e-09
0.088177337,3.4721903e-09
0.103798725,3.683961e-09
0.120670973,3.916934e-09
0.112897765,3.7030348e-09
0.152136102,4.1694825e-09
0.145397097,4.1411714e-09
0.135469365,4.1278043e-09
0.165316066,4.388227e-09
0.15694169,4.3473585e-09
0.181318121,4.6158877e-09
0.135644924,3.917939e-09
0.12003344,3.6924697e-09
0.128545334,3.9105257e-09
0.196066216,4.7997992e-09
0.199975202,4.8125965e-09
0.201262783,4.830708e-09
0.219291187,5.1060014e-09
0.22236602,5.11227e-09
0.25644856,5.4156395e-09
0.167076418,4.3525423e-09
0.181048495,4.587043e-09
0.180685036,4.562866e-09
0.264535251,5.307825e-09
0.215529258,5.048283e-09
0.30861336,5.6128955e-09
0.258228088,5.3606115e-09
0.308613878,5.66252e-09
0.361302142,5.857217e-09
0.033318544,2.645254e-09
0.017638119,2.4784e-09
0.022448916,2.4016003e-09
0.017045712,2.2399822e-09
0.020599751,2.1827535e-09
0.014196425,1.99934e-09
0.055383254,3.0414602e-09
0.028714279,2.7799483e-09
0.016455425,2.5417697e-09
0.050273516,2.940561e-09
0.025310421,2.6997606e-09
0.049260468,2.8700409e-09
0.091282858,3.3354242e-09
0.073582879,3.1859608e-09
0.068313762,3.0910192e-09
0.146200863,4.063623e-09
0.158458299,4.251466e-09
0.172705162,4.4670085e-09
0.138187862,3.959285e-09
0.148824904,4.152437e-09
0.126279601,3.857379e-09
0.079173802,3.2854524e-09
0.097373613,3.429433e-09
0.111061641,3.577232e-09
0.102786851,3.5559027e-09
0.119177091,3.6982464e-09
0.129276598,3.807227e-09
0.286652821,5.3617266e-09
0.260473426,5.1506928e-09
0.239153957,5.0955262e-09
0.215053588,4.882028e-09
0.195519848,4.836702e-09
0.170327813,4.4946913e-09
0.175223469,4.531681e-09
0.145950854,4.1695434e-09
0.324625283,5.5148806e-09
0.026642376,2.5667277e-09
0.017683195,2.4356548e-09
0.032141927,2.823855e-09
0.024818173,2.6705105e-09
0.040604631,2.9301455e-09
0.025931346,2.3622844e-09
0.040799856,2.9252283e-09
0.046564516,3.026373e-09
0.060336961,3.1325138e-09
0.055519535,3.1487795e-09
0.065362862,3.2492138e-09
0.083989695,3.4003729e-09
0.10761019,3.6997942e-09
0.08888874,3.5459051e-09
0.139195822,4.09854e-09
0.12867771,3.9653343e-09
0.184963832,4.4815556e-09
0.152887737,4.3123456e-09
0.209384727,4.7079998e-09
0.13345902,3.9458627e-09
0.10111167,3.6583432e-09
0.112622595,3.809811e-09
0.230528882,4.837677e-09
0.047175214,2.9902365e-09
0.130961831,3.8969215e-09
0.165153403,3.6649968e-09
0.146822822,3.6320187e-09
0.138862486,3.6039363e-09
0.137957723,3.5813814e-09
0.141745422,3.5121412e-09
0.135125197,3.485727e-09
0.135858333,3.4661787e-09
0.124360887,3.373938e-09
0.129720345,3.3583214e-09
0.115539814,3.2583825e-09
0.203126632,4.1531636e-09
0.179402341,4.0781742e-09
0.159481917,4.0043484e-09
0.146368803,3.9323913e-09
0.203126632,3.9944648e-09
0.166920421,3.915661e-09
0.14604377,3.8394785e-09
0.189138812,3.83049e-09
0.152512882,3.750332e-09
0.194434217,3.2197802e-09
0.183189446,3.0729623e-09
0.167194939,2.9134637e-09
0.155404961,2.7464782e-09
0.198544093,3.1755305e-09
0.182641348,3.0239524e-09
0.170070358,2.8585208e-09
0.202078662,3.133439e-09
0.186795885,2.977427e-09
0.205581541,3.0933598e-09
0.15396604,3.0257343e-09
0.105109807,2.854377e-09
0.055082012,2.6767626e-09
0.019712476,2.4988478e-09
0.151356815,2.9312128e-09
0.102167154,2.7584264e-09
0.067369553,2.5817166e-09
0.144688715,2.8380513e-09
0.113318234,2.6646954e-09
0.029477309,2.2736166e-09
0.029477309,2.3508375e-09
0.025663606,2.426149e-09
0.026091752,2.4254114e-09
0.025927902,2.503655e-09
0.023353482,2.5789066e-09
0.024641351,2.5846785e-09
0.025800082,2.6624152e-09
0.02713186,2.7494487e-09
0.023043402,2.5017601e-09
0.016841408,2.3727618e-09
0.017986447,2.2492563e-09
0.018657047,2.1319868e-09
0.019672071,2.4225988e-09
0.021638957,2.2916846e-09
0.018657047,2.1671729e-09
0.026285021,2.3465714e-09
0.028482924,2.2142455e-09
0.100209637,3.1110414e-09
0.104805632,3.109789e-09
0.105818684,3.1570706e-09
0.112580347,3.1756413e-09
0.121425985,3.2001477e-09
0.130189972,3.2773793e-09
0.127784497,3.2555392e-09
0.133849692,3.309115e-09
0.128622984,3.3530072e-09
0.129513707,3.3570222e-09
0.123368658,3.3257277e-09
0.114913338,3.2985228e-09
0.115876773,3.2654055e-09
0.111803688,3.273894e-09
0.092416657,3.2445973e-09
0.084927354,3.2247889e-09
0.102854374,3.191186e-09
0.087023852,3.1609722e-09
0.188084319,3.1969376e-09
0.147887188,3.258617e-09
0.199613453,3.2525114e-09
0.179482748,3.3209868e-09
0.151564062,3.3387517e-09
0.197679198,3.3857719e-09
0.180876148,3.414012e-09
0.189624103,3.4912946e-09
0.250994695,4.688567e-09
0.211626019,4.5922808e-09
0.173652048,4.4941775e-09
0.152965031,4.3940322e-09
0.242782563,4.526667e-09
0.198900963,4.4187853e-09
0.163280886,4.308424e-09
0.226988599,4.3485846e-09
0.185221154,4.2281716e-09
0.039835528,2.4763507e-09
0.02935969,2.3214402e-09
0.019968848,2.1755098e-09
0.01577508,2.0395126e-09
0.025500465,2.354639e-09
0.020131771,2.2069462e-09
0.014679946,2.0687998e-09
0.016393713,2.2398574e-09
0.013362739,2.099641e-09
0.0126,1.8731698e-09
0.0126,1.963991e-09
0.017881726,2.061391e-09
0.026420471,2.165631e-09
0.0126,1.8501695e-09
0.013515349,1.9388444e-09
0.018021644,2.0339568e-09
0.012623149,1.8260978e-09
0.013833746,1.9125648e-09
0.0126,1.8010292e-09
0.162048978,4.933665e-09
0.186611287,4.844744e-09
0.221625172,4.763125e-09
0.197666108,5.0271347e-09
0.240534336,4.951134e-09
0.274994508,4.8807607e-09
0.235872295,5.119594e-09
0.298253945,5.054262e-09
0.272116623,5.2084803e-09
0.042111639,2.4361104e-09
0.028261261,2.2571731e-09
0.018569337,2.092182e-09
0.014041573,1.941715e-09
0.027401576,2.2938471e-09
0.019011024,2.124427e-09
0.015441738,1.9695627e-09
0.019879245,2.1617128e-09
0.016044628,2.0021251e-09
0.017230828,2.0506454e-09
0.023421306,2.1682434e-09
0.032733203,2.2947777e-09
0.013370995,1.920962e-09
0.014146791,2.0273168e-09
0.018042335,2.1421687e-09
0.0126,1.898068e-09
0.0126,2.001683e-09
0.013938286,1.7789769e-09
0.013938286,1.7798695e-09
0.0126,1.7872018e-09
0.015575868,1.8779018e-09
0.015065932,1.882078e-09
0.014474018,1.8932478e-09
0.018302389,1.9847608e-09
0.01885533,1.9927628e-09
0.026505157,2.0999504e-09
0.205334646,5.4016316e-09
0.197244308,5.3312443e-09
0.204160751,5.2669504e-09
0.235218118,5.4805263e-09
0.225155581,5.4243827e-09
0.194613835,5.372675e-09
0.273890065,5.5478226e-09
0.26705301,5.502661e-09
0.288880814,5.5979057e-09
0.012969356,1.7789761e-09
0.012806621,1.7802857e-09
0.014275935,1.7802871e-09
0.01492327,1.8847721e-09
0.015639924,1.8850936e-09
0.015978584,1.8839894e-09
0.016939496,1.9995336e-09
0.018009536,1.9987414e-09
0.019584797,2.1237725e-09
0.185334026,5.723816e-09
0.221545463,5.675948e-09
0.28999856,5.634259e-09
0.228224657,5.733092e-09
0.287895921,5.6954197e-09
0.301324939,5.6618203e-09
0.273490409,5.7135616e-09
0.289616519,5.682601e-09
0.271743964,5.6591505e-09
0.020518366,2.1597664e-09
0.019149958,2.0196564e-09
0.016324204,1.8912325e-09
0.013755624,1.773714e-09
0.017625931,2.0207451e-09
0.016245431,1.8919049e-09
0.014387493,1.7741214e-09
0.015077952,1.8940218e-09
0.013439377,1.7758899e-09
0.031717087,2.2205797e-09
0.016087501,2.0675435e-09
0.0126,1.9277022e-09
0.0126,1.8000863e-09
0.021831312,2.056514e-09
0.013382729,1.9154731e-09
0.0126,1.7871169e-09
0.015723991,1.907739e-09
0.012932392,1.778367e-09
0.042224372,2.200613e-09
0.033939715,2.0707336e-09
0.025915533,1.9501376e-09
0.018767648,1.838267e-09
0.016300096,2.0560367e-09
0.014767162,1.9363013e-09
0.015015536,1.8253885e-09
0.0126,1.9225572e-09
0.0126,1.8126401e-09
0.216594632,5.7700933e-09
0.244140469,5.7295213e-09
0.275822636,5.692774e-09
0.225176068,5.6609606e-09
0.272860334,5.6248535e-09
0.282614075,5.591227e-09
0.238635262,5.515069e-09
0.265474587,5.482463e-09
0.227153019,5.344507e-09
0.05931159,2.1541662e-09
0.044012683,2.051549e-09
0.031569244,1.9545467e-09
0.019436356,1.862955e-09
0.04433547,2.0425364e-09
0.032984457,1.9460216e-09
0.023346741,1.8549671e-09
0.030689693,1.9372e-09
0.022061445,1.846725e-09
0.052141724,2.1202495e-09
0.039612826,2.051372e-09
0.029300618,1.9851192e-09
0.036911337,1.921422e-09
0.032091007,2.030571e-09
0.020553954,1.9604538e-09
0.012679878,1.8932402e-09
0.025234958,1.9447817e-09
0.019436356,1.8738213e-09
0.173073122,5.4668576e-09
0.186187829,5.4239586e-09
0.216478934,5.383273e-09
0.181914739,5.2677294e-09
0.206905685,5.232504e-09
0.211559303,5.1989493e-09
0.220402718,5.0964233e-09
0.219711693,5.072415e-09
0.246786761,4.9856537e-09
0.046884997,2.0361968e-09
0.07544657,2.157687e-09
0.10646607,2.2856324e-09
0.036911337,1.9570885e-09
0.065039796,2.0733908e-09
0.093755248,2.1961273e-09
0.069147945,1.9929511e-09
0.080875787,2.110596e-09
0.069147945,2.0288855e-09
0.180967437,5.0290234e-09
0.183744613,5.0129465e-09
0.221056885,4.9984137e-09
0.182254162,4.9360813e-09
0.208088083,4.9403135e-09
0.223709761,4.945592e-09
0.192537611,4.9214846e-09
0.223709761,4.9471742e-09
0.196619803,4.980889e-09
0.095893265,2.2073923e-09
0.095893265,2.1431945e-09
0.090321966,2.083632e-09
0.115334753,2.3078885e-09
0.111407052,2.2439675e-09
0.103080743,2.184658e-09
0.138074115,2.4133122e-09
0.13408148,2.349991e-09
0.15982113,2.523932e-09
0.181239274,4.8365725e-09
0.1709573,4.8859032e-09
0.192820484,4.933785e-09
0.171403992,4.8960853e-09
0.206837856,4.9688196e-09
0.214260203,5.0391025e-09
0.201677104,5.024338e-09
0.207178738,5.118495e-09
0.206030075,5.2189213e-09
0.161616706,2.8483005e-09
0.137572866,2.7159994e-09
0.108816174,2.5902687e-09
0.068932071,2.4704672e-09
0.149803309,2.62568e-09
0.123295724,2.5024136e-09
0.0915243,2.3852358e-09
0.121956312,2.4113922e-09
0.097103435,2.2971711e-09
0.332749646,5.9635696e-09
0.365314199,6.0639276e-09
0.392278251,6.1504415e-09
0.41375759,6.2221694e-09
0.375716259,6.207963e-09
0.425653143,6.2700853e-09
0.458869668,6.315365e-09
0.434149679,6.3447105e-09
0.477509909,6.356627e-09
0.495092217,6.321757e-09
0.178245215,4.875998e-09
0.182705297,4.9958135e-09
0.203744077,5.1099986e-09
0.205630913,5.0798183e-09
0.211234733,5.2148934e-09
0.216513632,5.343001e-09
0.250133256,5.3534395e-09
0.252610964,5.496352e-09
0.290489007,5.681469e-09
0.278261845,5.256859e-09
0.285781963,5.4053944e-09
0.300859214,5.5475198e-09
0.302762726,5.587593e-09
0.313021906,5.7308216e-09
0.324087972,5.8623293e-09
0.336814727,5.933139e-09
0.325645648,6.051087e-09
0.353469865,6.3562764e-09
0.396928593,6.3548375e-09
0.450405273,6.343111e-09
0.424919639,6.308622e-09
0.462583805,6.2736634e-09
0.508557164,6.2306174e-09
0.512166897,6.134662e-09
0.559448074,6.0722916e-09
0.613552309,5.838725e-09
0.613552309,5.5985865e-09
0.673929299,5.336624e-09
0.68976818,5.068531e-09
0.565657343,5.935596e-09
0.61125057,5.7194405e-09
0.651140284,5.479906e-09
0.541778172,6.02562e-09
0.587861487,5.8346203e-09
0.518444119,6.1076033e-09
0.118388517,3.2387046e-09
0.077225744,3.0683107e-09
0.031774696,2.9085983e-09
0.013507245,2.7574247e-09
0.104534454,2.9760663e-09
0.057612982,2.814448e-09
0.013075316,2.661819e-09
0.087793021,2.719871e-09
0.046566987,2.5656381e-09
0.68976818,4.7865525e-09
0.707707345,4.501323e-09
0.727199123,4.223896e-09
0.653485496,5.3260765e-09
0.66455375,5.055344e-09
0.675642241,4.775629e-09
0.611040311,5.572125e-09
0.62169075,5.3190115e-09
0.564548624,5.7996274e-09
0.130058555,3.6928185e-09
0.093448346,3.4784349e-09
0.055545154,3.283408e-09
0.03809604,3.1020488e-09
0.077302091,3.3668655e-09
0.045829858,3.1755067e-09
0.024457773,2.9970801e-09
0.020203847,3.0581282e-09
0.0137274,2.881732e-09
0.741719942,3.865777e-09
0.762201331,3.5592553e-09
0.784937619,3.3011023e-09
0.67850168,4.5558037e-09
0.699704063,4.2080686e-09
0.724843155,3.909783e-09
0.629271415,4.8955786e-09
0.656626891,4.5661293e-09
0.588187008,5.2355418e-09
0.019819589,3.2929706e-09
0.041280004,3.501436e-09
0.092253527,3.7193901e-09
0.151783807,3.951053e-09
0.0126,3.3179546e-09
0.035896654,3.5198515e-09
0.089855432,3.730908e-09
0.0126,3.3333163e-09
0.027113694,3.5274024e-09
0.018478475,3.3369578e-09
0.118222919,3.9470085e-09
0.089269121,3.7083003e-09
0.053189316,3.492529e-09
0.102747852,3.6483587e-09
0.083551664,3.440885e-09
0.033657849,3.2488343e-09
0.074835731,3.369525e-09
0.052716687,3.184671e-09
0.826234939,2.5844566e-09
0.795816066,3.202506e-09
0.737313561,3.8860124e-09
0.672858371,4.610774e-09
0.811602882,2.7823144e-09
0.772802833,3.4258376e-09
0.711573208,4.136715e-09
0.796371794,3.0170135e-09
0.751465855,3.6983347e-09
0.04025472,3.4822927e-09
0.079223937,3.6321104e-09
0.111651631,3.78846e-09
0.023392826,3.3142815e-09
0.050992141,3.450082e-09
0.087867034,3.589794e-09
0.026705773,3.2797796e-09
0.050189147,3.4051664e-09
0.017358732,3.2329388e-09
0.720389625,4.230191e-09
0.77150582,3.6096397e-09
0.814672543,3.0578289e-09
0.781132596,3.4298555e-09
0.83137557,2.8626954e-09
0.852516509,2.38564e-09
0.840528608,2.6776084e-09
0.860489808,2.2040407e-09
0.861775994,2.0351463e-09
0.786426756,3.465441e-09
0.835007732,2.903811e-09
0.865254362,2.427295e-09
0.852467378,2.7597762e-09
0.893185302,2.2815154e-09
0.896890232,1.898296e-09
0.91175483,2.1484106e-09
0.920356653,1.7746878e-09
0.943391208,1.6664697e-09
0.952978,1.5968064e-09
0.914014278,1.5367136e-09
0.886993343,1.4864907e-09
0.929945665,1.9947703e-09
0.933476748,1.9177706e-09
0.901944864,1.8509585e-09
0.885538809,2.4140805e-09
0.896842458,2.3369233e-09
0.837849308,2.9303473e-09
0.015618863,3.0949059e-09
0.0126,3.1451104e-09
0.0126,3.1908298e-09
0.020718874,3.252993e-09
0.027877738,3.3036593e-09
0.038103819,3.3505962e-09
0.055033601,3.4212928e-09
0.064985962,3.4722516e-09
0.096773722,3.6001586e-09
0.873313467,1.4065081e-09
0.870715415,1.6737004e-09
0.864788762,2.0375315e-09
0.853966885,2.4987983e-09
0.87441544,1.4294521e-09
0.87356721,1.705429e-09
0.868847849,2.0742141e-09
0.886993343,1.4562436e-09
0.882624086,1.7404911e-09
0.060549382,3.3896754e-09
0.043676517,3.1903844e-09
0.033403135,3.0030967e-09
0.024082449,2.8283045e-09
0.040697481,3.2845724e-09
0.026039599,3.104976e-09
0.021069616,2.9354246e-09
0.021129745,3.187044e-09
0.019655169,3.0251366e-09
0.873181779,1.3697958e-09
0.876173392,1.3357253e-09
0.88488317,1.3060623e-09
0.871898687,1.5974018e-09
0.874098186,1.547693e-09
0.878511417,1.4994971e-09
0.870248137,1.8477608e-09
0.874362006,1.7838439e-09
0.869036734,2.1689148e-09
0.015984825,2.5038633e-09
0.021641157,2.6086715e-09
0.024312041,2.718127e-09
0.041832866,2.6713571e-09
0.045036064,2.7842784e-09
0.040946596,2.8993423e-09
0.06799791,2.8576816e-09
0.064963898,2.9775205e-09
0.094444515,3.0634346e-09
0.8468076,1.9433908e-09
0.878164693,1.6658488e-09
0.883162052,1.4579598e-09
0.865517551,1.6426288e-09
0.891570571,1.4351101e-09
0.901388846,1.288848e-09
0.883228545,1.4397734e-09
0.901388846,1.2950325e-09
0.902727103,1.3222022e-09
0.059779279,2.7125e-09
0.04301499,2.5678482e-09
0.027512315,2.4395632e-09
0.016126187,2.3272568e-09
0.047093833,2.634785e-09
0.028950739,2.4920264e-09
0.0126,2.3645876e-09
0.032579886,2.5658027e-09
0.013980898,2.4253923e-09
0.882255718,1.3878179e-09
0.873309274,1.476564e-09
0.890885131,1.5896583e-09
0.840741822,1.5931246e-09
0.800037483,1.6800458e-09
0.801432084,1.8069193e-09
0.781677424,2.1110411e-09
0.744591898,2.2517685e-09
0.720407088,2.9379186e-09
0.053850647,2.7105422e-09
0.045183763,2.585091e-09
0.041448277,2.498256e-09
0.053705579,2.4453783e-09
0.041810851,2.557586e-09
0.026247697,2.435366e-09
0.020626933,2.3479645e-09
0.028443533,2.4319633e-09
0.018889915,2.312088e-09
0.6684152,4.175123e-09
0.772203622,2.9364948e-09
0.830852522,2.0489659e-09
0.775234258,3.291268e-09
0.857654022,2.3061852e-09
0.903035754,1.7545913e-09
0.816673125,2.6077827e-09
0.843879808,1.9513537e-09
0.777481178,2.187202e-09
0.185431218,3.2752248e-09
0.14053357,3.1907401e-09
0.087734541,3.1063903e-09
0.075228933,3.009711e-09
0.150280805,2.9568474e-09
0.11150579,2.9120188e-09
0.08994381,2.8694611e-09
0.087787429,2.6799027e-09
0.090314352,2.6561622e-09
0.573733743,5.5610725e-09
0.676388696,4.290021e-09
0.731370514,3.0470084e-09
0.609528344,4.744583e-09
0.660108463,3.5040775e-09
0.717887043,2.5314735e-09
0.653697928,3.958487e-09
0.64608299,2.922595e-09
0.65297666,3.3216756e-09
0.196967406,4.0249994e-09
0.152491512,3.734264e-09
0.113139224,3.4528052e-09
0.118570648,3.1754845e-09
0.141372115,3.6128132e-09
0.099998779,3.378048e-09
0.099610408,3.142702e-09
0.088870047,3.2804095e-09
0.090583186,3.0954646e-09
0.540674004,6.125691e-09
0.67030163,5.324534e-09
0.686515117,4.282433e-09
0.784851094,5.5999325e-09
0.695168182,4.639782e-09
0.709171208,3.693363e-09
0.703189635,4.9329696e-09
0.837517054,4.025916e-09
0.75445916,4.314795e-09
0.186878732,4.426094e-09
0.118168532,4.008806e-09
0.093835768,3.5919587e-09
0.11180696,3.1827432e-09
0.13832283,3.9592303e-09
0.080231649,3.5766645e-09
0.085635561,3.2028336e-09
0.114647254,3.5330519e-09
0.093943768,3.197547e-09
0.616381675,6.165617e-09
0.748964033,5.6494605e-09
0.71477712,4.986398e-09
0.699733812,5.779436e-09
0.70717433,5.1571183e-09
0.716410532,4.5219095e-09
0.719655584,5.3199787e-09
0.703877135,4.7130473e-09
0.72790108,4.914394e-09
0.166431286,4.393021e-09
0.12426664,3.898108e-09
0.101228963,3.39245e-09
0.094737886,2.9010987e-09
0.136022265,3.990571e-09
0.091829584,3.508698e-09
0.081213091,3.0344187e-09
0.112192354,3.5762433e-09
0.096176467,3.1286744e-09
0.571334414,6.2531353e-09
0.68126901,5.88402e-09
0.721046453,5.396873e-09
0.647967372,6.038409e-09
0.733098004,5.5778893e-09
0.740821439,5.0953783e-09
0.730824547,5.789137e-09
0.740590197,5.3172746e-09
0.731815339,5.570778e-09
0.143581622,3.880659e-09
0.091746424,3.3657663e-09
0.109439361,2.8773672e-09
0.106277675,2.4522926e-09
0.130987963,3.5686265e-09
0.127198669,3.0522105e-09
0.132286469,2.5831366e-09
0.120443378,3.2330811e-09
0.12746395,2.742894e-09
0.513155919,6.3401715e-09
0.607736895,6.185543e-09
0.708100646,5.9076948e-09
0.561258242,6.2732406e-09
0.665573385,6.0571077e-09
0.731815339,5.759752e-09
0.614537633,6.175837e-09
0.724209855,5.9280967e-09
0.677876465,6.0652927e-09
0.090154615,3.258077e-09
0.04268368,2.9331502e-09
0.019979448,2.649638e-09
0.033712582,2.4108289e-09
0.091580394,2.9974896e-09
0.051574277,2.654296e-09
0.032044976,2.3650701e-09
0.089049549,2.7218687e-09
0.057590663,2.3814188e-09
0.437622601,6.3568564e-09
0.509039939,6.317887e-09
0.593976209,6.216219e-09
0.479627025,6.3390515e-09
0.559459046,6.2642482e-09
0.642328507,6.1413292e-09
0.533835475,6.295365e-09
0.61066285,6.1950463e-09
0.551973872,6.231342e-09
0.041037609,2.6725269e-09
0.053218313,2.9399891e-09
0.079922972,3.2095793e-09
0.050891459,2.4992435e-09
0.061804195,2.780584e-09
0.069571059,3.0699898e-09
0.094234542,2.6488356e-09
0.071454241,2.956792e-09
0.105651224,2.8697196e-09
0.404106309,6.35455e-09
0.458121193,6.3485293e-09
0.520501085,6.30548e-09
0.436217942,6.355593e-09
0.495986925,6.3246364e-09
0.551973872,6.258038e-09
0.470562225,6.342241e-09
0.551973872,6.2869265e-09
0.466312193,6.3155468e-09
0.02633649,3.7753094e-09
0.054833872,3.4038843e-09
0.088908073,3.104196e-09
0.044360015,3.7077295e-09
0.05782722,3.3780492e-09
0.074771472,3.1178955e-09
0.057520208,3.6621997e-09
0.06683709,3.3734933e-09
0.071231232,3.6393164e-09
0.466312193,6.342947e-09
0.37885253,6.3566383e-09
0.307596896,6.3473786e-09
0.431899935,6.3562426e-09
0.386769309,6.3518977e-09
0.340269968,6.322833e-09
0.361508964,6.331092e-09
0.3166329,6.283701e-09
0.295746893,6.2308763e-09
0.041075113,4.3693347e-09
0.031371874,4.547838e-09
0.047095022,4.7457194e-09
0.072427902,4.9586912e-09
0.037003672,4.165835e-09
0.027390456,4.3396633e-09
0.039767087,4.535519e-09
0.032763001,3.9685633e-09
0.025870369,4.136409e-09
0.198109111,5.930804e-09
0.250292654,6.1368777e-09
0.303859146,6.2773724e-09
0.203599494,5.9442034e-09
0.257454791,6.1542482e-09
0.307596896,6.2917955e-09
0.210218704,5.961613e-09
0.221126903,6.1740697e-09
0.221126903,5.982535e-09
0.090867646,5.1848636e-09
0.113873008,5.4713203e-09
0.166024671,5.743966e-09
0.061895445,5.103741e-09
0.109573692,5.405133e-09
0.138833629,5.694685e-09
0.0611463,5.028811e-09
0.138833629,5.345095e-09
0.139756189,3.6948296e-09
0.142236298,3.7203278e-09
0.143096916,3.8128203e-09
0.175561641,3.0966134e-09
0.17404491,3.0046206e-09
0.186532612,3.1616505e-09
0.088869765,3.034309e-09
0.063361475,2.853421e-09
0.03702045,2.673816e-09
0.108956536,3.031411e-09
0.083484578,2.853837e-09
0.130405155,3.0285652e-09
0.032538778,2.84652e-09
0.03241735,2.758506e-09
0.05809432,2.9418803e-09
0.024967591,2.583836e-09
0.023975746,2.5031335e-09
0.02509813,2.666598e-09
0.135829365,3.629066e-09
0.137966469,3.7427927e-09
0.14049281,3.8610803e-09
0.132518901,3.6800865e-09
0.134624218,3.794271e-09
0.129304873,3.7343955e-09
0.134088018,3.4803262e-09
0.132027191,3.4024208e-09
0.134688515,3.3743948e-09
0.127859878,3.5835273e-09
0.128069199,3.4550367e-09
0.132113234,3.5304302e-09
0.124470056,3.3333702e-09
0.120388313,3.3376926e-09
0.120709054,3.2548526e-09
0.202226776,3.3475231e-09
0.207630561,3.2988519e-09
0.198313499,3.4393017e-09
0.15720892,3.4238705e-09
0.180233052,3.4725238e-09
0.155243355,3.3841043e-09
0.136226928,4.096092e-09
0.134729784,3.9734758e-09
0.132195594,3.8516075e-09
0.13940493,4.037962e-09
0.137053818,3.915534e-09
0.142834506,3.98342e-09
0.133114295,4.079259e-09
0.135840573,4.064104e-09
0.139751395,4.050587e-09
0.132861294,3.9561403e-09
0.134060551,3.941066e-09
0.130389826,3.8355576e-09
0.147673315,4.091716e-09
0.158614938,4.159363e-09
0.148946762,4.2463975e-09
0.140817486,4.199039e-09
0.144199776,4.143608e-09
0.145528223,4.298502e-09
0.090910032,3.1229326e-09
0.109014027,3.2133538e-09
0.127418352,3.3055099e-09
0.066858544,3.0313707e-09
0.088012203,3.122999e-09
0.042542687,2.9362137e-09
0.165846499,3.199932e-09
0.175989519,3.2619534e-09
0.183000303,3.316425e-09
0.16541563,3.3650196e-09
0.170368449,3.4154994e-09
0.165893749,3.5172918e-09
0.187059931,3.437723e-09
0.185102805,3.521915e-09
0.170948033,3.5302608e-09
0.131347335,3.2145784e-09
0.159093393,3.3778247e-09
0.134930001,3.3016168e-09
0.162326335,3.4613328e-09
0.144710605,3.3899539e-09
0.15276975,3.2072838e-09
0.036007093,2.6384106e-09
0.038772628,2.7221547e-09
0.043940559,2.8058242e-09
0.059851685,2.7799363e-09
0.062929175,2.8644063e-09
0.086819357,2.9252742e-09
0.098790412,3.0579497e-09
0.072104592,2.995961e-09
0.110047006,3.1856853e-09
0.028747515,2.4928495e-09
0.034734495,2.4843616e-09
0.019540532,2.363461e-09
0.045468351,2.6304656e-09
0.066984558,2.7733638e-09
0.053225257,2.6229088e-09
0.163648255,3.4282235e-09
0.148811263,3.2624392e-09
0.116853376,3.0939336e-09
0.158929313,3.3857235e-09
0.133031457,3.2232932e-09
0.143196073,3.3448413e-09
0.130204525,3.4350818e-09
0.125700384,3.5367542e-09
0.137584177,3.6692402e-09
0.155678232,3.4973362e-09
0.15642653,3.587416e-09
0.178890542,3.5497776e-09
0.120909449,3.433207e-09
0.120618958,3.453163e-09
0.114807978,3.5588457e-09
0.138081533,3.8936276e-09
0.130033889,3.7614623e-09
0.129225743,3.7897645e-09
0.120888568,3.668796e-09
0.122783738,3.6912255e-09
0.119986777,3.5585623e-09
0.18999147,3.772234e-09
0.179717464,3.6699663e-09
0.180874371,3.5776426e-09
0.194269195,3.740913e-09
0.18284554,3.6374561e-09
0.170545179,3.7010912e-09
0.177454976,3.7249879e-09
0.169054994,3.6423193e-09
0.172828609,3.621058e-09
0.135965401,4.228842e-09
0.140688684,4.326115e-09
0.145445597,4.4188404e-09
0.136136572,4.3605737e-09
0.14139283,4.4507584e-09
0.138693721,4.489829e-09
0.139359817,4.203325e-09
0.134450825,4.215452e-09
0.137885878,4.3513997e-09
0.146913474,4.127384e-09
0.145653212,4.2809503e-09
0.144418987,4.4280895e-09
0.154187489,4.207236e-09
0.15112054,4.361708e-09
0.158477002,4.289984e-09
0.147619233,3.968577e-09
0.160953281,4.046132e-09
0.149701613,3.832744e-09
0.156501684,4.589431e-09
0.17969311,4.6766098e-09
0.159004662,4.769318e-09
0.145902161,4.654381e-09
0.149071679,4.6181845e-09
0.153774155,4.8005617e-09
0.156728674,3.4797978e-09
0.166583357,3.5509147e-09
0.172047849,3.6064984e-09
0.174112951,3.6464136e-09
0.177025443,3.701776e-09
0.181322695,3.8036165e-09
0.17265851,3.568463e-09
0.167282613,3.5233116e-09
0.177273275,3.6944972e-09
0.187246189,3.961485e-09
0.184434568,3.9298116e-09
0.183195207,3.87766e-09
0.185463779,3.8216075e-09
0.182066506,3.7732537e-09
0.174097744,3.676024e-09
0.192932066,3.837076e-09
0.194158804,3.9002246e-09
0.181664037,3.774319e-09
0.028655976,2.3070958e-09
0.04280642,2.461915e-09
0.039540248,2.448461e-09
0.04010114,2.340311e-09
0.028287888,2.211856e-09
0.042670325,2.3874636e-09
0.018922153,2.2068671e-09
0.0126,2.1008708e-09
0.022083204,2.2499302e-09
0.065476212,2.6822358e-09
0.08469954,2.90123e-09
0.095049519,3.1305594e-09
0.061921081,2.669468e-09
0.075788452,2.891214e-09
0.060411543,2.6576013e-09
0.105604103,2.9901912e-09
0.104690028,3.0585614e-09
0.082243063,2.835586e-09
0.145849561,3.3353067e-09
0.119711889,3.235404e-09
0.127633802,3.1628862e-09
0.168454528,3.5847854e-09
0.172266576,3.742161e-09
0.17952084,3.9001904e-09
0.150720279,3.4979697e-09
0.156892316,3.662553e-09
0.124468089,3.4025198e-09
0.175504436,3.7187877e-09
0.181417737,3.837053e-09
0.17916933,3.8691934e-09
0.083679322,2.5644307e-09
0.058269914,2.4235178e-09
0.04089016,2.2905045e-09
0.058121148,2.4699083e-09
0.036098171,2.3343953e-09
0.040261516,2.3800542e-09
0.030982716,2.12089e-09
0.019480487,2.0129023e-09
0.030068143,2.1427888e-09
0.069735198,2.3936255e-09
0.05439807,2.2906894e-09
0.038868683,2.1927984e-09
0.056030225,2.3142392e-09
0.043140789,2.2150424e-09
0.041038052,2.2382598e-09
0.077004249,2.4488813e-09
0.05652497,2.368005e-09
0.079475383,2.5058478e-09
0.207040789,3.886153e-09
0.205422697,3.862231e-09
0.179046684,3.8453054e-09
0.201282109,4.0375836e-09
0.197618892,4.038474e-09
0.180695892,4.249179e-09
0.186773768,4.0402726e-09
0.202249225,3.9638093e-09
0.185803247,4.127698e-09
0.170824921,4.2754076e-09
0.179006306,4.2609063e-09
0.183881481,4.0373997e-09
0.146496892,4.673515e-09
0.150086868,4.8187596e-09
0.160381351,4.946292e-09
0.15756729,4.85735e-09
0.165455179,4.981445e-09
0.177831083,5.0384936e-09
0.153783109,4.572145e-09
0.149681225,4.6261883e-09
0.159740697,4.8258006e-09
0.159391359,4.571416e-09
0.167531568,4.848778e-09
0.165360468,4.5619957e-09
0.173038255,5.109991e-09
0.191154633,5.1889564e-09
0.186249475,5.2658296e-09
0.176732778,5.1281934e-09
0.190160586,5.2873794e-09
0.185297067,5.1692517e-09
0.175938556,4.111724e-09
0.183710411,4.285456e-09
0.249900488,4.489536e-09
0.180985418,4.0758334e-09
0.19985688,4.239656e-09
0.187171785,4.0233843e-09
0.194405996,4.0739816e-09
0.23293575,4.309014e-09
0.206160994,4.1228208e-09
0.167247256,4.2148187e-09
0.172382758,4.3419366e-09
0.195455693,4.4235824e-09
0.058584759,2.500167e-09
0.063318526,2.5487972e-09
0.062516628,2.598737e-09
0.091710568,2.722691e-09
0.086408777,2.7733693e-09
0.120731748,2.959693e-09
0.099494411,2.6919205e-09
0.074591711,2.5937683e-09
0.113824087,2.8240743e-09
0.075129964,2.8318476e-09
0.082320175,3.0740603e-09
0.094364938,3.0167895e-09
0.154264146,3.0004184e-09
0.137719529,2.8489022e-09
0.110901591,2.7033882e-09
0.15237969,2.9855545e-09
0.12616846,2.835827e-09
0.137052487,2.9719995e-09
0.132439303,3.2461955e-09
0.104966356,3.2995e-09
0.101244779,3.3509342e-09
0.145039534,3.5350638e-09
0.132442058,3.579683e-09
0.168574402,3.8152552e-09
0.175865968,3.8790997e-09
0.168548361,3.850432e-09
0.138383324,3.6238017e-09
0.257831014,4.4835824e-09
0.220505636,4.2783284e-09
0.194490867,4.0570054e-09
0.22807569,4.279037e-09
0.196432571,4.075995e-09
0.20253296,4.086625e-09
0.275691192,4.5029993e-09
0.24047042,4.304413e-09
0.276185518,4.5045607e-09
0.093722886,2.5134128e-09
0.099314067,2.5711329e-09
0.104024604,2.6304372e-09
0.109706509,2.639295e-09
0.116871758,2.6992886e-09
0.110031205,2.771043e-09
0.141953892,2.9226188e-09
0.13432844,2.846064e-09
0.126608558,2.7733023e-09
0.024950197,2.1067992e-09
0.021134695,2.114728e-09
0.018454529,1.9912314e-09
0.038493168,2.2175566e-09
0.048486508,2.3435904e-09
0.05124117,2.4781521e-09
0.031917615,2.225573e-09
0.036033043,2.3528433e-09
0.023173518,2.2347277e-09
0.074299998,2.4206497e-09
0.062032122,2.448808e-09
0.055621422,2.3165758e-09
0.086332659,2.5422e-09
0.088607011,2.6698666e-09
0.070639087,2.5721605e-09
0.198178996,5.1679323e-09
0.226293263,5.308611e-09
0.273962117,5.446688e-09
0.187988702,4.9669047e-09
0.223141868,5.0768425e-09
0.172836569,4.645868e-09
0.295027801,4.8178865e-09
0.223115871,4.739567e-09
0.289486676,5.1887796e-09
0.211183055,5.6229195e-09
0.215291658,5.468793e-09
0.201264598,5.277197e-09
0.196276632,5.5285225e-09
0.193181274,5.365812e-09
0.198817151,5.4551235e-09
0.267971381,5.5548255e-09
0.226130034,5.4088813e-09
0.245126697,5.592594e-09
0.214754925,5.5362737e-09
0.240814523,5.5920073e-09
0.191745378,5.6439045e-09
0.180859063,5.6947114e-09
0.190412907,5.6574723e-09
0.192360386,5.5884852e-09
0.317201069,4.8324775e-09
0.332634666,5.235374e-09
0.327535415,5.5615215e-09
0.324686443,5.240821e-09
0.346555702,5.634067e-09
0.346470458,5.65686e-09
0.2966794,4.817335e-09
0.309481485,4.8317497e-09
0.318230528,5.226575e-09
0.182138889,3.6365415e-09
0.18193225,3.4013123e-09
0.156670095,3.1751097e-09
0.181820526,3.7002863e-09
0.166869637,3.4694507e-09
0.176133608,3.7602637e-09
0.175055331,3.2081253e-09
0.174070757,3.1910092e-09
0.181916951,3.4211851e-09
0.151227307,3.0803469e-09
0.139092974,3.1626248e-09
0.123773501,3.2472127e-09
0.1356107,3.0016822e-09
0.116422618,3.083172e-09
0.113857425,2.9241451e-09
0.153490274,3.3774457e-09
0.167135276,3.2916971e-09
0.178035163,3.5077166e-09
0.188062918,3.9954453e-09
0.191916486,4.04714e-09
0.202000859,4.0925214e-09
0.211224873,4.343638e-09
0.232558791,4.379472e-09
0.257126745,4.685492e-09
0.267402248,4.554144e-09
0.274153638,4.621309e-09
0.23250162,4.3300714e-09
0.308675138,4.912853e-09
0.337059871,5.3437237e-09
0.3246316,5.0037574e-09
0.018085458,2.133855e-09
0.018419433,2.1458315e-09
0.016564798,2.0092268e-09
0.080676516,2.8774516e-09
0.052212476,2.988801e-09
0.026123516,3.1049732e-09
0.063808285,2.7736662e-09
0.037445675,2.8825284e-09
0.048275463,2.6731664e-09
0.087991791,3.1990657e-09
0.0548607,3.1515768e-09
0.081818023,3.0354925e-09
0.018386799,2.283528e-09
0.01636271,2.4579234e-09
0.022843348,2.6469749e-09
0.017579294,2.2955415e-09
0.021099035,2.471913e-09
0.01919084,2.3095508e-09
0.032445203,2.5316382e-09
0.02080379,2.5879006e-09
0.022583687,2.4039923e-09
0.02080259,2.7925964e-09
0.028000622,2.731499e-09
0.016481211,2.9455685e-09
0.021670475,2.0368103e-09
0.028034006,2.1774127e-09
0.032423692,2.1976696e-09
0.014363976,2.0605952e-09
0.023964906,2.211402e-09
0.023635027,2.2047737e-09
0.231656806,5.736741e-09
0.286920773,5.8628062e-09
0.341098807,5.991566e-09
0.284703656,5.733035e-09
0.328315511,5.8770735e-09
0.315607029,5.7054224e-09
0.361699672,6.0145062e-09
0.367417528,5.946655e-09
0.347239943,5.843202e-09
0.203710176,5.7755583e-09
0.227068571,5.837546e-09
0.235799082,5.90979e-09
0.20011029,5.762321e-09
0.22209226,5.8427316e-09
0.201190684,5.747418e-09
0.301451059,5.9586993e-09
0.235554934,5.848359e-09
0.258981851,5.9318856e-09
0.233008705,5.7508704e-09
0.215490255,5.79302e-09
0.20395694,5.776679e-09
0.221868877,5.88283e-09
0.219956199,5.8257026e-09
0.215037365,5.839961e-09
0.401481714,6.002379e-09
0.35846424,5.5714393e-09
0.302675682,5.0966915e-09
0.390919301,5.9050347e-09
0.361046367,5.4629283e-09
0.370767093,5.790002e-09
0.434435052,6.2689893e-09
0.411848198,6.197761e-09
0.383816391,6.020833e-09
0.429433287,6.1993397e-09
0.394173588,6.1195804e-09
0.384690468,6.105012e-09
0.414493057,6.200587e-09
0.404036868,6.1222805e-09
0.426475826,6.2650614e-09
0.11593233,3.4891425e-09
0.138682157,3.7396166e-09
0.177685272,3.9966683e-09
0.089114847,3.4415308e-09
0.121109313,3.693435e-09
0.059074175,3.3941212e-09
0.173829275,3.751162e-09
0.186911874,4.1183665e-09
0.197283158,4.477634e-09
0.164537131,3.871239e-09
0.192261594,4.2470463e-09
0.150169783,3.6209296e-09
0.304408677,5.4665885e-09
0.236005033,4.9373625e-09
0.214930232,4.4586788e-09
0.245624619,5.1830145e-09
0.198740129,4.6975526e-09
0.235750926,4.9216338e-09
0.370901865,5.8577085e-09
0.335370856,5.672817e-09
0.298336366,5.3791895e-09
0.031910422,2.354699e-09
0.055276775,2.5695768e-09
0.083813796,2.8039115e-09
0.045811538,2.3751978e-09
0.069276711,2.5927265e-09
0.051109035,2.3983657e-09
0.039767269,2.696189e-09
0.064155854,2.7485219e-09
0.034662711,2.5191427e-09
0.042767142,2.9071512e-09
0.076558427,3.1877276e-09
0.10747689,3.4855583e-09
0.071534337,2.9612035e-09
0.105858709,3.2462093e-09
0.097857135,3.0181486e-09
0.042605997,3.2268324e-09
0.077152806,3.3537961e-09
0.043691941,3.0639649e-09
0.084494993,3.522752e-09
0.137598744,3.827617e-09
0.105062531,3.6559946e-09
0.058992954,2.1678859e-09
0.041373655,2.0557949e-09
0.052507611,2.1833337e-09
0.056819897,2.130834e-09
0.040189139,2.0407127e-09
0.057511831,2.1421278e-09
0.052462966,2.4283777e-09
0.089095407,2.6559361e-09
0.128756581,2.901949e-09
0.052872311,2.419081e-09
0.100524945,2.6459999e-09
0.068821941,2.4123965e-09
0.076466916,2.622681e-09
0.097910992,2.8335398e-09
0.112578342,2.8662897e-09
0.074196398,2.3440188e-09
0.10739851,2.4964375e-09
0.13726712,2.6571076e-09
0.081435731,2.3261741e-09
0.109947993,2.4777476e-09
0.083198535,2.3101938e-09
0.139116169,2.7329023e-09
0.106683448,2.5684217e-09
0.135616734,2.8144391e-09
0.25629508,5.9892122e-09
0.299076513,6.074016e-09
0.344880403,6.1582544e-09
0.309590131,6.0279133e-09
0.353905344,6.124207e-09
0.357680468,6.0702368e-09
0.432374446,6.2465135e-09
0.4029495,6.167083e-09
0.394718327,6.2064123e-09
0.197135686,5.818767e-09
0.195993331,5.8733973e-09
0.223742238,5.934771e-09
0.209680514,5.8955845e-09
0.222274017,5.9589014e-09
0.2249166,5.9494187e-09
0.29588934,6.098615e-09
0.250686124,6.021876e-09
0.255889803,6.0268266e-09
0.190582331,5.707993e-09
0.197662105,5.5585936e-09
0.177800452,5.604933e-09
0.193035093,5.809945e-09
0.176753171,5.7564433e-09
0.17749286,5.651691e-09
0.418214017,6.1935896e-09
0.432972796,6.2901604e-09
0.443886705,6.3104495e-09
0.440718007,6.297408e-09
0.45578828,6.3325367e-09
0.466910334,6.3418004e-09
0.402031694,6.107022e-09
0.42855891,6.26111e-09
0.382431752,5.969204e-09
0.447053008,6.3069723e-09
0.431429726,6.278599e-09
0.39943985,6.2358203e-09
0.458601527,6.326953e-09
0.439867768,6.297205e-09
0.465703163,6.336951e-09
0.480863986,6.352578e-09
0.466980602,6.338391e-09
0.478487728,6.349824e-09
0.391395006,6.197963e-09
0.373813393,6.009654e-09
0.35339816,5.7533263e-09
0.43241353,6.2882615e-09
0.409448136,6.1686722e-09
0.450995688,6.328387e-09
0.133146718,3.9241583e-09
0.160007966,4.09747e-09
0.201853312,4.2673363e-09
0.151063012,4.382767e-09
0.196525071,4.555473e-09
0.196977795,4.867108e-09
0.28995464,5.273292e-09
0.247123979,5.073368e-09
0.237647993,4.7514743e-09
0.319481322,5.841034e-09
0.259049413,5.352028e-09
0.307499407,5.559684e-09
0.117005703,3.1012408e-09
0.143552647,3.4203902e-09
0.162618918,3.757989e-09
0.129966843,3.133001e-09
0.158422925,3.4537022e-09
0.146918512,3.1673952e-09
0.129071848,3.5731542e-09
0.144881182,3.6640748e-09
0.128839389,3.3315413e-09
0.152089401,4.1173296e-09
0.134727121,4.019164e-09
0.145694305,4.488029e-09
0.075458502,2.230957e-09
0.074979238,2.2425788e-09
0.076116006,2.254946e-09
0.097439113,2.3472178e-09
0.095883103,2.360024e-09
0.119690952,2.469035e-09
0.123531391,2.5284908e-09
0.102984677,2.4173508e-09
0.130064032,2.591115e-09
0.068268219,2.1741025e-09
0.086243943,2.2292648e-09
0.055435519,2.1038447e-09
0.092503994,2.2870248e-09
0.113289964,2.405362e-09
0.109447237,2.3442797e-09
0.184125548,2.9236138e-09
0.163016517,2.7651557e-09
0.141630101,2.6136202e-09
0.168304636,2.8333091e-09
0.146676011,2.6772904e-09
0.152426081,2.744352e-09
0.151833539,3.8960515e-09
0.150254499,3.5441257e-09
0.153890564,3.2122844e-09
0.16800978,3.8489274e-09
0.160483963,3.4982353e-09
0.173616474,3.8028425e-09
0.168105859,2.9013094e-09
0.158396431,2.9852696e-09
0.154943366,3.075171e-09
0.185457173,3.1619447e-09
0.157910008,3.2545509e-09
0.177014166,3.4385013e-09
0.197702275,3.0854e-09
0.186094344,2.992766e-09
0.199490408,3.2569336e-09
0.126464219,3.7362837e-09
0.138602166,3.5835446e-09
0.14305555,3.3954812e-09
0.348013974,6.177936e-09
0.298189073,6.1031424e-09
0.260770598,6.005839e-09
0.350430135,6.1790684e-09
0.300616367,6.081748e-09
0.347645913,6.1581487e-09
0.400454287,6.2459256e-09
0.441236783,6.3033676e-09
0.40818954,6.247961e-09
0.225478804,5.8755294e-09
0.196299146,5.7099787e-09
0.179133143,5.517497e-09
0.218506684,5.7743925e-09
0.191423844,5.5721294e-09
0.195056398,5.6320903e-09
0.289291186,6.0240666e-09
0.261020796,5.9468377e-09
0.232264639,5.8447123e-09
0.171356452,5.3121862e-09
0.181300733,5.126715e-09
0.173859961,5.1592433e-09
0.187105118,5.4021596e-09
0.180224781,5.3556444e-09
0.182657351,5.190742e-09
0.467288885,6.341006e-09
0.434507076,6.303567e-09
0.388132454,6.233226e-09
0.46450147,6.3407315e-09
0.408719245,6.294184e-09
0.42693784,6.335326e-09
0.492727751,6.3555894e-09
0.500761268,6.3565877e-09
0.496426504,6.3566614e-09
0.521595542,6.3550853e-09
0.533086439,6.352603e-09
0.528434359,6.3483174e-09
0.485613211,6.3561463e-09
0.501141863,6.3569656e-09
0.508311725,6.3552554e-09
0.457265708,6.343739e-09
0.476104992,6.354319e-09
0.503621112,6.355707e-09
0.3743094,6.2085364e-09
0.372861751,6.2160703e-09
0.38560943,6.220913e-09
0.297665696,5.852458e-09
0.307415831,5.860551e-09
0.24876928,5.357801e-09
0.453326919,6.3476877e-09
0.507504115,6.3534515e-09
0.45384825,6.35019e-09
0.178562055,4.2168242e-09
0.187136127,4.1677013e-09
0.176283135,4.119666e-09
0.205888935,4.5550896e-09
0.197285709,4.5015334e-09
0.228225079,4.9117714e-09
0.212548662,4.8982414e-09
0.174411522,4.494906e-09
0.192496263,4.8834363e-09
0.270644386,5.407098e-09
0.255557318,5.3837943e-09
0.325220066,5.886091e-09
0.142464452,2.5788485e-09
0.166472232,2.6913956e-09
0.170443253,2.8060687e-09
0.140966603,2.5131852e-09
0.159796813,2.6237394e-09
0.138680844,2.4501408e-09
0.183444865,2.882623e-09
0.172424021,2.843477e-09
0.164187444,2.7274036e-09
0.134549459,2.363637e-09
0.150475536,2.4432099e-09
0.118752181,2.2721967e-09
0.155536265,2.531297e-09
0.167903385,2.7074478e-09
0.165756138,2.613528e-09
0.193424162,3.0784537e-09
0.187993652,3.2369765e-09
0.181972352,3.3989755e-09
0.182208952,3.0349951e-09
0.177720324,3.1908067e-09
0.173616599,2.993416e-09
0.203581367,3.2461933e-09
0.203089966,3.4239247e-09
0.198104431,3.4108198e-09
0.148343852,4.120762e-09
0.159794485,4.354852e-09
0.174389533,4.6011244e-09
0.125075781,3.9547734e-09
0.139257247,4.18126e-09
0.145277941,3.7957304e-09
0.185172496,4.4546247e-09
0.219444825,4.8092756e-09
0.198093504,4.7053312e-09
0.17468764,4.045554e-09
0.176119897,3.8372314e-09
0.177143116,3.6352854e-09
0.163971859,4.22208e-09
0.153294856,4.0049657e-09
0.150912474,4.40756e-09
0.181257229,3.8174313e-09
0.183805441,3.602347e-09
0.191869922,3.6182704e-09
0.313149083,6.108238e-09
0.241049103,5.928687e-09
0.202905107,5.705424e-09
0.267398483,6.0181677e-09
0.218511969,5.7876144e-09
0.259023706,5.8783622e-09
0.341418529,6.191625e-09
0.309841621,6.1125434e-09
0.361630324,6.2631624e-09
0.177277526,4.8965494e-09
0.186441224,4.8719904e-09
0.184343827,4.9346345e-09
0.206077484,5.0904383e-09
0.199143652,5.0682463e-09
0.187297539,5.047799e-09
0.201730225,4.9310382e-09
0.198830411,4.9328075e-09
0.1953431,4.8467865e-09
0.193319332,5.2291655e-09
0.205722421,5.2710547e-09
0.196666157,5.4583222e-09
0.214093641,5.595557e-09
0.205226144,5.5225584e-09
0.208407448,5.3194977e-09
0.376389533,6.184348e-09
0.392598626,6.273091e-09
0.39120485,6.316238e-09
0.344648979,6.088147e-09
0.347371376,6.200575e-09
0.300823626,5.983554e-09
0.459905714,6.3544396e-09
0.444138014,6.3466827e-09
0.437572132,6.3227117e-09
0.496005202,6.3556422e-09
0.487671937,6.3569128e-09
0.523967896,6.3452203e-09
0.533009044,6.3409407e-09
0.546232028,6.341981e-09
0.520017365,6.3530154e-09
0.544278292,6.3339716e-09
0.539056906,6.3357293e-09
0.536668542,6.3408763e-09
0.563445866,6.32224e-09
0.55156056,6.3309757e-09
0.547850661,6.3282886e-09
0.447688801,6.344992e-09
0.499919962,6.352537e-09
0.499836675,6.353484e-09
0.224092595,5.1051807e-09
0.24355332,5.214226e-09
0.265114787,5.319955e-09
0.285624299,5.632355e-09
0.305713951,5.7337317e-09
0.358862335,6.077356e-09
0.321869496,5.814186e-09
0.383930306,6.1833787e-09
0.376673979,6.1357914e-09
0.441435986,6.321128e-09
0.445045251,6.3360166e-09
0.501106367,6.355306e-09
0.169987978,2.9285567e-09
0.170711167,3.0519895e-09
0.17190867,3.1758232e-09
0.17163369,2.8272993e-09
0.178463384,2.9480813e-09
0.175464184,2.7308282e-09
0.168968433,3.1194187e-09
0.170547431,3.3204461e-09
0.166578341,3.2461467e-09
0.163965676,2.632124e-09
0.170046807,2.7405627e-09
0.143859226,2.5192237e-09
0.183164232,2.8414218e-09
0.1817293,3.0602798e-09
0.180251386,2.9513514e-09
0.17172555,3.6269419e-09
0.164456455,3.8623162e-09
0.157017301,4.1080406e-09
0.162971949,3.5419045e-09
0.156606849,3.7696e-09
0.159449393,3.4612007e-09
0.175204166,4.0671972e-09
0.166306415,4.088137e-09
0.174476913,3.8401877e-09
0.179770078,4.463774e-09
0.206693075,4.9284177e-09
0.253483097,5.4271356e-09
0.179351488,4.4849515e-09
0.203444011,4.950017e-09
0.166692188,4.5048103e-09
0.182684384,4.661187e-09
0.194309567,4.86692e-09
0.226867925,5.1459015e-09
0.254011647,5.393532e-09
0.317140958,5.894648e-09
0.285687341,5.6730465e-09
0.1745413,4.932217e-09
0.156549875,4.835923e-09
0.169560135,4.824541e-09
0.248590801,5.080214e-09
0.209468045,4.955726e-09
0.248479444,5.2190035e-09
0.315731942,5.706309e-09
0.295011182,5.464018e-09
0.329981816,5.824479e-09
0.481649586,6.3507652e-09
0.514969606,6.356747e-09
0.531250209,6.3514958e-09
0.436421978,6.3211973e-09
0.47546148,6.350598e-09
0.403592209,6.2646803e-09
0.213047491,5.1180633e-09
0.224762834,5.150179e-09
0.240693273,5.188899e-09
0.221835593,5.376472e-09
0.255363866,5.4429217e-09
0.254593707,5.6800222e-09
0.291449185,5.784908e-09
0.276806078,5.532732e-09
0.315064967,5.897406e-09
0.182501643,4.671257e-09
0.181521759,4.731482e-09
0.182933302,4.7859228e-09
0.167444006,4.663209e-09
0.162497615,4.746967e-09
0.161764822,4.7316147e-09
0.193384417,4.8206825e-09
0.19274933,4.791967e-09
0.202075821,4.9311217e-09
0.20985407,4.932289e-09
0.203699662,4.931434e-09
0.192283655,4.760373e-09
0.26800621,5.5446576e-09
0.304991921,5.8238068e-09
0.340261877,6.0400973e-09
0.262968605,5.4041482e-09
0.28869126,5.6714553e-09
0.25396163,5.2855693e-09
0.364136957,6.1495946e-09
0.311736137,5.9508176e-09
0.394735735,6.243213e-09
0.342816628,6.29102e-09
0.34005107,6.1483005e-09
0.38484055,6.3233188e-09
0.455444325,6.2581593e-09
0.3959841,6.337874e-09
0.480816537,6.201645e-09
0.54166817,6.3492123e-09
0.586434879,6.3240693e-09
0.618669644,6.30781e-09
0.56583826,6.3385213e-09
0.596976673,6.317429e-09
0.561637266,6.330834e-09
0.58351607,6.3189276e-09
0.583545668,6.316935e-09
0.603735406,6.3101684e-09
0.408277241,6.273842e-09
0.457180725,6.348481e-09
0.505637442,6.3547483e-09
0.368624628,6.1659393e-09
0.422338261,6.309044e-09
0.33183082,6.0029244e-09
0.489194797,6.356745e-09
0.541009637,6.3389574e-09
0.530701722,6.346968e-09
0.620448206,6.308513e-09
0.576796959,6.3271712e-09
0.581703003,6.32073e-09
0.167986844,3.3564698e-09
0.162579557,3.5372278e-09
0.163150667,3.7187449e-09
0.176616975,3.2355552e-09
0.171117019,3.409948e-09
0.172992647,3.1217562e-09
0.155276211,3.6495267e-09
0.149290751,3.969907e-09
0.152072175,3.840174e-09
0.145072065,2.9827332e-09
0.130469835,3.113159e-09
0.122208599,2.848012e-09
0.156023707,3.256068e-09
0.16750111,3.5453669e-09
0.144518295,3.3860885e-09
0.161466264,4.4174984e-09
0.182461623,4.749674e-09
0.211111129,5.0987436e-09
0.159034292,4.262065e-09
0.173835686,4.574707e-09
0.1601776,4.1154373e-09
0.187217416,4.851058e-09
0.235927349,5.32368e-09
0.213090016,5.214015e-09
0.26412193,5.618815e-09
0.274655792,5.732819e-09
0.296794346,5.8349836e-09
0.329841944,6.052744e-09
0.342581182,6.1340946e-09
0.392846201,6.2959935e-09
0.431413181,6.3407217e-09
0.383102936,6.2415744e-09
0.473445101,6.356139e-09
0.528385377,6.343209e-09
0.576456477,6.3255623e-09
0.603931122,6.3131647e-09
0.512456722,6.3527676e-09
0.555515976,6.3376144e-09
0.502934,6.356982e-09
0.311310691,5.8947047e-09
0.314081182,6.096425e-09
0.314660127,6.2616157e-09
0.289460503,5.8209215e-09
0.288219177,6.0389755e-09
0.268347051,5.7429776e-09
0.236980844,4.889211e-09
0.249007837,5.0132245e-09
0.259062961,5.136487e-09
0.271736175,5.2215827e-09
0.285103238,5.344661e-09
0.298101232,5.594045e-09
0.263959645,5.4176756e-09
0.254811507,5.1283826e-09
0.282080627,5.5070237e-09
0.221162935,4.9286113e-09
0.173520445,4.671895e-09
0.169013523,4.4892485e-09
0.202240282,4.8166857e-09
0.177013656,4.6253517e-09
0.182365933,4.754274e-09
0.172506382,4.625255e-09
0.178174037,4.510074e-09
0.175807101,4.5751176e-09
0.192960662,4.686815e-09
0.158018114,4.554705e-09
0.199169256,4.808355e-09
0.347170356,6.0413248e-09
0.389200523,6.226921e-09
0.439728101,6.3178933e-09
0.306040715,5.866396e-09
0.344422255,6.0993965e-09
0.265900841,5.6970406e-09
0.409492343,6.2870384e-09
0.469807176,6.356159e-09
0.455126484,6.345108e-09
0.440757175,6.3023733e-09
0.46482937,6.3517165e-09
0.491341272,6.3552856e-09
0.407806037,6.238934e-09
0.435892449,6.33033e-09
0.375511266,6.1493104e-09
0.180560656,4.3596367e-09
0.177499519,4.3278217e-09
0.15983648,4.416072e-09
0.181432612,4.4584083e-09
0.176549741,4.5086543e-09
0.183699133,4.5951993e-09
0.219043036,4.94197e-09
0.195336542,4.7220015e-09
0.180375523,4.6823563e-09
0.200587221,5.087602e-09
0.217792602,5.0029967e-09
0.145702891,4.6982924e-09
0.216355808,4.8775184e-09
0.219471703,5.123955e-09
0.234517552,5.3475935e-09
0.159495099,4.6482698e-09
0.161266658,4.8763527e-09
0.132505745,4.495722e-09
0.255367875,5.2564664e-09
0.295042625,5.667824e-09
0.260760913,5.4932006e-09
0.46232995,6.2651675e-09
0.408627433,6.3462577e-09
0.359324561,6.348098e-09
0.402343862,6.342509e-09
0.356328786,6.3517125e-09
0.344944722,6.3544867e-09
0.294551993,6.2228653e-09
0.270664239,6.0025025e-09
0.299338051,6.242881e-09
0.541873161,6.021414e-09
0.611382301,5.710492e-09
0.564204606,5.9184138e-09
0.48624793,6.212152e-09
0.503196255,6.1429914e-09
0.432191485,6.32579e-09
0.256777541,5.7333205e-09
0.269324955,6.003895e-09
0.310416949,6.23195e-09
0.251841712,5.726808e-09
0.281552505,6.0090835e-09
0.260749061,5.7243894e-09
0.485664638,6.3563492e-09
0.522895389,6.347677e-09
0.556763843,6.3354597e-09
0.571067812,6.3277446e-09
0.593637355,6.316188e-09
0.624635251,6.3048478e-09
0.59527734,6.3163927e-09
0.630787625,6.3020864e-09
0.6343115,6.3058385e-09
0.636525099,6.3019447e-09
0.641579449,6.302956e-09
0.621693189,6.310316e-09
0.167819544,3.9354573e-09
0.176407757,4.1564907e-09
0.19263804,4.3817643e-09
0.163483359,3.7479806e-09
0.165555021,3.9517185e-09
0.137666157,3.5770642e-09
0.170729973,4.3571107e-09
0.199745619,4.8460325e-09
0.198233398,4.605482e-09
0.103710818,3.3985645e-09
0.113404423,3.5500571e-09
0.061733009,3.2224057e-09
0.142684327,3.7399737e-09
0.175472601,4.1241415e-09
0.156714819,3.8959618e-09
0.255336999,5.4177445e-09
0.301399348,5.7051537e-09
0.347849058,5.9408887e-09
0.239728167,5.151406e-09
0.275096994,5.4411826e-09
0.226823744,4.88867e-09
0.312894875,5.8936904e-09
0.37989727,6.2185146e-09
0.369579148,6.100221e-09
0.53676466,6.3555663e-09
0.482875189,6.33698e-09
0.417873737,6.212595e-09
0.495042794,6.355799e-09
0.433063723,6.2961942e-09
0.440572593,6.3404197e-09
0.568592812,6.3375585e-09
0.530055748,6.3485386e-09
0.601236151,6.3174164e-09
0.545587866,6.336103e-09
0.574859491,6.313149e-09
0.609755402,6.302201e-09
0.540997794,6.3372605e-09
0.586136973,6.3139596e-09
0.530847322,6.339718e-09
0.484252401,6.353813e-09
0.525921652,6.3525127e-09
0.504622428,6.3537597e-09
0.249289878,5.3956803e-09
0.226169774,5.060259e-09
0.190522287,4.758923e-09
0.239580292,5.0916116e-09
0.212853716,4.7953668e-09
0.225417857,4.8392597e-09
0.236248606,5.3615294e-09
0.216569196,5.0359366e-09
0.242198877,5.3769105e-09
0.187533583,4.5518065e-09
0.19313204,4.2757318e-09
0.207457748,4.056302e-09
0.153902773,4.412673e-09
0.179363596,4.1952464e-09
0.145802009,4.3435344e-09
0.177841355,4.2069237e-09
0.199098184,4.050821e-09
0.174518809,4.1760977e-09
0.188934089,4.444411e-09
0.211774718,4.2110107e-09
0.202768125,4.493306e-09
0.439811012,6.224876e-09
0.490369342,6.3430234e-09
0.525122206,6.354834e-09
0.443847899,6.257036e-09
0.489385315,6.349805e-09
0.4456677,6.2826055e-09
0.315860646,5.790474e-09
0.265079468,5.345651e-09
0.227616955,4.918937e-09
0.286389372,5.4641554e-09
0.227992471,4.988357e-09
0.257823279,5.0966227e-09
0.387484615,6.0653305e-09
0.350881587,5.9302443e-09
0.324400884,5.6205187e-09
0.388065342,6.005737e-09
0.326557499,5.5235114e-09
0.385857185,5.939266e-09
0.160799686,3.964029e-09
0.162796789,4.1021435e-09
0.152360534,4.2601913e-09
0.18781395,3.8782533e-09
0.181834725,4.0164894e-09
0.202024224,3.9191472e-09
0.186234959,4.5145603e-09
0.156676679,4.347498e-09
0.167089177,4.2007513e-09
0.190224386,4.5212514e-09
0.166317421,4.184187e-09
0.187293814,4.558771e-09
0.379254072,6.354375e-09
0.441266191,6.3025483e-09
0.504820152,6.078087e-09
0.39276644,6.356982e-09
0.44953246,6.2697763e-09
0.401766317,6.353964e-09
0.343092311,6.2771797e-09
0.296737304,6.034781e-09
0.331847933,6.253815e-09
0.566049824,5.6178147e-09
0.623608173,5.1036353e-09
0.571584109,5.4249503e-09
0.513076073,5.9402527e-09
0.528374295,5.782689e-09
0.465726999,6.186059e-09
0.244518548,5.4523697e-09
0.229485086,5.1852473e-09
0.213316154,4.938218e-09
0.218055579,5.1036197e-09
0.196739367,4.865662e-09
0.186132424,4.806357e-09
0.289470861,5.946648e-09
0.281828628,5.8653504e-09
0.270442752,5.7911502e-09
0.315227351,6.172595e-09
0.307810223,6.1031216e-09
0.351807375,6.3190986e-09
0.261669235,5.5895013e-09
0.237483395,5.2432076e-09
0.25353406,5.5162164e-09
0.575209739,6.3372663e-09
0.592492243,6.3173218e-09
0.607470791,6.3051298e-09
0.600515206,6.319301e-09
0.598797114,6.3075234e-09
0.59609876,6.31221e-09
0.564185977,6.3199233e-09
0.581743064,6.3113936e-09
0.591786663,6.3055934e-09
0.107456127,3.8581254e-09
0.072286789,3.6890135e-09
0.128897818,3.9117856e-09
0.129704588,3.9658947e-09
0.075468174,3.7215229e-09
0.111089273,3.964029e-09
0.091689166,3.5708814e-09
0.120375525,3.7931156e-09
0.114261998,3.8785166e-09
0.16255576,4.133009e-09
0.199082109,4.6488196e-09
0.257511242,5.230737e-09
0.150253294,4.2288404e-09
0.181870879,4.7348347e-09
0.144600307,4.3060915e-09
0.214932628,4.680704e-09
0.238102792,4.9685487e-09
0.19153606,4.3903645e-09
0.259230879,5.2068363e-09
0.315371939,5.7316973e-09
0.296550723,5.490066e-09
0.540000847,6.350618e-09
0.462441453,6.203098e-09
0.352172087,5.7962946e-09
0.482519905,6.3032264e-09
0.384903218,6.0138037e-09
0.412892318,6.1759886e-09
0.536796789,6.3569576e-09
0.54066743,6.3558834e-09
0.485348979,6.3234546e-09
0.577091751,6.343419e-09
0.596514319,6.325964e-09
0.580909276,6.349573e-09
0.53474202,6.3459447e-09
0.52002635,6.3544867e-09
0.511191531,6.356387e-09
0.552763555,6.329959e-09
0.544334127,6.34155e-09
0.575629241,6.3198153e-09
0.467844381,6.309399e-09
0.490169168,6.345985e-09
0.505674779,6.3566308e-09
0.156211854,4.1477946e-09
0.171526186,4.083456e-09
0.197130247,4.050951e-09
0.154756147,4.320954e-09
0.181561452,4.2509116e-09
0.153610381,4.5245523e-09
0.178620114,4.6184874e-09
0.156966803,4.3594586e-09
0.156159164,4.565705e-09
0.151201245,3.77448e-09
0.154753026,3.7636174e-09
0.156890034,3.823119e-09
0.166583058,3.8401065e-09
0.181865661,3.8253556e-09
0.191561872,3.93662e-09
0.157417305,3.8578625e-09
0.167904147,3.9413175e-09
0.159250292,3.9844474e-09
0.401944576,6.0035927e-09
0.349704806,5.5925775e-09
0.292215766,5.132783e-09
0.35220622,5.6816836e-09
0.31240947,5.211349e-09
0.301023929,5.326933e-09
0.426948339,6.173483e-09
0.373505953,5.9287086e-09
0.451508271,6.2756373e-09
0.141035125,3.7340633e-09
0.135573253,3.777786e-09
0.16244472,3.9227466e-09
0.140139369,3.774278e-09
0.145161878,3.8789567e-09
0.144762282,3.8954133e-09
0.216732306,4.562414e-09
0.164274799,4.1428416e-09
0.186148825,4.1611785e-09
0.259034619,4.7062496e-09
0.249364469,4.6048325e-09
0.217593207,4.227341e-09
0.161224801,4.4101376e-09
0.162896384,4.3092028e-09
0.160712375,4.221795e-09
0.175922235,4.5599284e-09
0.1701864,4.451981e-09
0.194481555,4.7359485e-09
0.410305137,6.343636e-09
0.478433931,6.128654e-09
0.543347496,5.6977063e-09
0.43359565,6.3259455e-09
0.499235649,6.073688e-09
0.467905179,6.304731e-09
0.332011891,6.207027e-09
0.368187534,6.3366854e-09
0.399401984,6.3494214e-09
0.619161518,4.988142e-09
0.685711957,4.3307478e-09
0.648612538,4.7786055e-09
0.574409897,5.485921e-09
0.604928616,5.30382e-09
0.538669894,5.9195506e-09
0.277543258,5.7865623e-09
0.328212318,6.089495e-09
0.40059863,6.3030745e-09
0.263512007,5.620821e-09
0.323562313,5.95022e-09
0.252414183,5.4599645e-09
0.245960062,5.4142624e-09
0.228615183,5.2478026e-09
0.22243639,5.0761497e-09
0.182443857,4.6765294e-09
0.201418131,4.8621067e-09
0.209736165,5.0202718e-09
0.110375044,3.6749783e-09
0.079026873,3.5368308e-09
0.114837494,3.737571e-09
0.14752876,4.0856882e-09
0.138766974,3.9166452e-09
0.124276619,3.7548715e-09
0.134561224,3.984861e-09
0.127187603,3.826463e-09
0.123431364,3.8858508e-09
0.145377624,4.1960573e-09
0.132031199,4.0849795e-09
0.122202185,3.976145e-09
0.14338284,4.2996304e-09
0.132275255,4.1785695e-09
0.149509357,4.397106e-09
0.149793931,4.249867e-09
0.133439375,4.04636e-09
0.166775905,4.1009245e-09
0.583641027,6.3373493e-09
0.60189298,6.3406955e-09
0.576506117,6.3536723e-09
0.593902052,6.327543e-09
0.599235954,6.3327206e-09
0.595883036,6.319007e-09
0.572510761,6.3282735e-09
0.536252109,6.349386e-09
0.561006075,6.337975e-09
0.172822105,4.267512e-09
0.156620238,4.2867607e-09
0.149709528,4.2890154e-09
0.184459737,4.630891e-09
0.180374675,4.6571484e-09
0.220288922,5.042635e-09
0.172731246,4.609733e-09
0.173744053,4.439046e-09
0.195812459,4.8244275e-09
0.163981762,4.7097646e-09
0.228422434,5.197707e-09
0.219876691,5.134742e-09
0.475464333,6.25787e-09
0.395234753,5.9742296e-09
0.288444237,5.530644e-09
0.406219072,6.0525056e-09
0.309392638,5.6282943e-09
0.324321267,5.694187e-09
0.522192891,6.3365317e-09
0.497158832,6.3081282e-09
0.43504593,6.1392122e-09
0.55923733,6.356983e-09
0.572745438,6.3506085e-09
0.533789196,6.3520837e-09
0.476355388,6.3293726e-09
0.51660151,6.356978e-09
0.554870086,6.3468732e-09
0.483824101,6.3451164e-09
0.526336874,6.354435e-09
0.494669666,6.353241e-09
0.366209883,5.8981815e-09
0.406208136,6.1330248e-09
0.444370668,6.267028e-09
0.410281364,6.1619705e-09
0.449417368,6.2945005e-09
0.467636015,6.3136865e-09
0.332204118,5.7430816e-09
0.390505182,6.0655334e-09
0.311509012,5.547729e-09
0.155855291,3.7897228e-09
0.174141168,3.830839e-09
0.191809933,3.890899e-09
0.150040959,3.7457917e-09
0.182105647,3.7857055e-09
0.145732717,3.7835464e-09
0.153192794,4.1874624e-09
0.163964642,4.0150683e-09
0.162455441,4.101036e-09
0.172663877,3.9398036e-09
0.163812514,4.026438e-09
0.162938983,3.8883954e-09
0.263845339,5.0252873e-09
0.240706877,4.4751944e-09
0.206801916,4.082714e-09
0.240663511,4.7854316e-09
0.223037884,4.314294e-09
0.226925062,4.6054685e-09
0.278695114,5.261688e-09
0.259585645,5.0231117e-09
0.314269289,5.4790044e-09
0.223130857,3.962429e-09
0.205671108,3.9195585e-09
0.175827528,3.9018757e-09
0.227503689,3.8707393e-09
0.189246971,3.8147903e-09
0.216907627,3.8511874e-09
0.222665301,4.0892334e-09
0.220419093,4.3030193e-09
0.217810731,4.070484e-09
0.157217232,4.400478e-09
0.186353789,4.6666253e-09
0.212252878,5.017335e-09
0.165177312,4.401472e-09
0.195227304,4.669859e-09
0.187426335,4.4138044e-09
0.144328258,4.1880135e-09
0.159780166,4.1983794e-09
0.167903305,4.027492e-09
0.696154804,4.454755e-09
0.76015575,3.7377634e-09
0.712689453,4.33418e-09
0.651348783,5.1442246e-09
0.588003827,5.9061285e-09
0.518151233,6.3232157e-09
0.638921273,5.229195e-09
0.570475181,5.9762613e-09
0.619377658,5.3492344e-09
0.501346335,6.295711e-09
0.559422251,5.92802e-09
0.51051666,6.302546e-09
0.432202605,6.3153403e-09
0.439796418,6.315685e-09
0.349982666,5.991535e-09
0.26692941,5.3902585e-09
0.350079426,5.9120224e-09
0.43379509,6.2494308e-09
0.285793258,5.341298e-09
0.357213066,5.826129e-09
0.298819102,5.3111693e-09
0.256061352,4.9499733e-09
0.215917863,4.6449165e-09
0.234955511,4.969482e-09
0.761777305,3.736516e-09
0.737106575,3.9923407e-09
0.802131341,3.1711729e-09
0.811588665,3.1074756e-09
0.794449699,3.2868122e-09
0.865522272,2.58427e-09
0.080180408,3.5448722e-09
0.066066939,3.4746521e-09
0.044065325,3.3601035e-09
0.115948059,3.736633e-09
0.121613192,3.883638e-09
0.11801716,4.0413264e-09
0.096200507,3.674662e-09
0.102367372,3.8147645e-09
0.081507368,3.5971577e-09
0.14568492,4.081368e-09
0.134194107,4.066805e-09
0.134613074,3.9052903e-09
0.158897566,4.271978e-09
0.169635556,4.4710613e-09
0.181820082,4.6808637e-09
0.153015724,4.268237e-09
0.159388849,4.4670454e-09
0.136219195,4.253763e-09
0.161285657,4.389988e-09
0.16283894,4.5013193e-09
0.17737513,4.5967194e-09
0.241333038,5.1911524e-09
0.193654331,4.9145785e-09
0.171778004,4.647372e-09
0.238859989,5.164401e-09
0.197450685,4.8802216e-09
0.231516762,5.1142246e-09
0.209970052,5.0244564e-09
0.194351518,4.854434e-09
0.18417504,4.7567235e-09
0.539594527,6.35544e-09
0.54097756,6.3537566e-09
0.522955056,6.3339916e-09
0.548377173,6.355598e-09
0.555833733,6.3565544e-09
0.567858296,6.347814e-09
0.504485048,6.3528525e-09
0.526423572,6.356631e-09
0.540337427,6.354691e-09
0.444150744,6.0411494e-09
0.360105765,5.783376e-09
0.277368997,5.434579e-09
0.465217541,6.1405796e-09
0.378721611,5.890646e-09
0.478663453,6.210756e-09
0.31574844,5.504544e-09
0.295918381,5.481976e-09
0.389854513,5.79694e-09
0.530815941,6.336894e-09
0.506486787,6.250599e-09
0.516743582,6.3042713e-09
0.435092599,6.204169e-09
0.479000925,6.310826e-09
0.515110506,6.3485075e-09
0.450639052,6.258202e-09
0.49195877,6.3385692e-09
0.461691056,6.3000476e-09
0.388257006,6.0348535e-09
0.402942617,6.10026e-09
0.415577365,6.1603385e-09
0.342990716,5.7823315e-09
0.358145559,5.8344303e-09
0.304613685,5.4592597e-09
0.355770772,5.7347247e-09
0.33439558,5.587061e-09
0.385779994,5.9873724e-09
0.31375895,5.3417213e-09
0.261713536,4.9364566e-09
0.293238213,5.2321476e-09
0.197527461,4.2330175e-09
0.199737583,4.1162638e-09
0.189936708,4.065011e-09
0.186811822,4.0638195e-09
0.198582914,3.9910106e-09
0.205046941,3.9321257e-09
0.215161914,3.96485e-09
0.214598143,3.9170223e-09
0.197884322,4.000363e-09
0.21652492,4.083721e-09
0.198091553,4.0670916e-09
0.184590646,4.085355e-09
0.197107653,4.225413e-09
0.178238413,4.187557e-09
0.181752418,4.3814854e-09
0.213784605,4.6930295e-09
0.257081491,5.073328e-09
0.211152117,4.4197312e-09
0.244006419,4.795837e-09
0.219325402,4.491591e-09
0.216099353,4.2460564e-09
0.277268451,4.988144e-09
0.25763144,4.7244106e-09
0.231874501,4.524747e-09
0.243813864,4.6725592e-09
0.23420798,4.4657713e-09
0.215459448,4.429428e-09
0.219290705,4.3116843e-09
0.204107962,4.164955e-09
0.21613767,4.263669e-09
0.307846338,5.3103046e-09
0.273704636,5.0558526e-09
0.249633714,4.7740345e-09
0.317168261,5.3152713e-09
0.285919323,5.020685e-09
0.309127194,5.3138662e-09
0.858959722,2.6366054e-09
0.86079708,2.78092e-09
0.881983016,2.2012023e-09
0.675338776,4.87954e-09
0.694107963,4.6666413e-09
0.712882615,4.4314903e-09
0.636231749,5.512028e-09
0.651252126,5.343237e-09
0.584205475,6.0317498e-09
0.57366644,6.1513847e-09
0.554044091,6.2468093e-09
0.613087681,5.716307e-09
0.522479669,6.344842e-09
0.46780443,6.27003e-09
0.424032651,6.00298e-09
0.514726044,6.356929e-09
0.459745317,6.2155943e-09
0.497055019,6.345583e-09
0.395380376,5.854343e-09
0.346370877,5.638264e-09
0.414363134,6.0648633e-09
0.351340138,5.5449374e-09
0.352303832,5.594027e-09
0.387929671,5.7698957e-09
0.724369898,4.604629e-09
0.768652409,3.9982018e-09
0.802955134,3.4323946e-09
0.796423917,3.864781e-09
0.827681102,3.2859768e-09
0.832687282,3.1427156e-09
0.759847167,3.7646855e-09
0.684897034,4.6394257e-09
0.622708701,5.440338e-09
0.734169832,3.9333607e-09
0.677175835,4.7778643e-09
0.731568857,4.0996184e-09
0.599221937,5.673961e-09
0.590671262,5.871606e-09
0.66215396,5.0760454e-09
0.689727703,4.9071898e-09
0.646560344,5.186923e-09
0.725226961,4.325798e-09
0.861519745,2.2717421e-09
0.857397472,2.3820352e-09
0.867741517,1.9383135e-09
0.068244226,3.2940457e-09
0.083214793,3.1845035e-09
0.053796338,3.089586e-09
0.116652994,3.287996e-09
0.102384652,3.4080776e-09
0.084209216,3.513465e-09
0.137363267,3.5307919e-09
0.118077218,3.6473182e-09
0.14882591,3.7889443e-09
0.101834602,3.977495e-09
0.124155007,3.8935455e-09
0.094609705,3.7405212e-09
0.116927226,4.2527954e-09
0.136675895,4.4740016e-09
0.175214049,4.695696e-09
0.125399859,4.181429e-09
0.149907546,4.39223e-09
0.146124296,4.088052e-09
0.13981399,4.4809445e-09
0.172521766,4.7081428e-09
0.166215546,4.71411e-09
0.201476901,4.978333e-09
0.250423079,5.2727462e-09
0.310544386,5.544838e-09
0.203058815,4.998705e-09
0.252737347,5.2781735e-09
0.20813961,4.994163e-09
0.273932094,5.3346603e-09
0.295494929,5.4542073e-09
0.225154531,5.159305e-09
0.362800857,5.636241e-09
0.428898302,5.9039156e-09
0.370304745,5.7376996e-09
0.476713266,6.1502803e-09
0.512906108,6.2896905e-09
0.51974752,6.3371988e-09
0.474454308,6.1965086e-09
0.492181843,6.286383e-09
0.460045319,6.1870447e-09
0.381853036,5.8492704e-09
0.430388248,6.0191736e-09
0.429007708,6.0692056e-09
0.457924134,6.2496577e-09
0.466379537,6.2501218e-09
0.496325434,6.3164975e-09
0.375678046,5.960533e-09
0.412036771,6.0924323e-09
0.445998159,6.1700667e-09
0.388102754,6.0453114e-09
0.433907956,6.1790932e-09
0.410269522,6.128793e-09
0.327631451,5.6593015e-09
0.338495568,5.8464047e-09
0.385149413,6.041206e-09
0.309992857,5.608659e-09
0.340976885,5.820729e-09
0.305403186,5.5450102e-09
0.342936447,5.777325e-09
0.358683205,5.879247e-09
0.360863741,5.9570175e-09
0.262884844,5.25931e-09
0.209618995,4.923339e-09
0.169264648,4.6084727e-09
0.226335163,5.122556e-09
0.174907365,4.8355036e-09
0.201677531,5.0677134e-09
0.299560214,5.4521716e-09
0.273679126,5.3626943e-09
0.250869589,5.255323e-09
0.211008031,4.449361e-09
0.193134952,4.425131e-09
0.176366793,4.4610826e-09
0.207647703,4.2768225e-09
0.188939964,4.2961434e-09
0.193407696,4.1696486e-09
0.160955689,4.324666e-09
0.1751783,4.205439e-09
0.169204959,4.3434665e-09
0.14747615,4.5292627e-09
0.143106823,4.542292e-09
0.150201368,4.768645e-09
0.273133324,5.1863087e-09
0.239823746,5.077767e-09
0.215884725,4.985873e-09
0.241879729,4.9392597e-09
0.214329626,4.841824e-09
0.22472283,4.677591e-09
0.192069507,4.758134e-09
0.182411071,4.5702913e-09
0.199364167,4.5970743e-09
0.311020211,5.3918665e-09
0.35445456,5.5851412e-09
0.387842717,5.787333e-09
0.311602597,5.4314406e-09
0.346241869,5.6007794e-09
0.302609823,5.4465583e-09
0.2757845,5.277721e-09
0.27982635,5.324575e-09
0.247832984,5.1778986e-09
0.83984489,2.924444e-09
0.840795594,2.802696e-09
0.835032926,2.6858042e-09
0.799330994,3.4193497e-09
0.789956597,3.2987382e-09
0.736339686,3.9721217e-09
0.744601061,4.188439e-09
0.74440924,4.399818e-09
0.799792059,3.6421621e-09
0.576856925,5.7392344e-09
0.627676255,5.3881926e-09
0.680282444,5.0014846e-09
0.630217519,5.228108e-09
0.690537392,4.815791e-09
0.683741578,4.6208455e-09
0.527400288,6.162436e-09
0.431550763,6.353329e-09
0.374836674,6.1520105e-09
0.51546785,6.2567445e-09
0.449119685,6.33137e-09
0.518449054,6.3180696e-09
0.421209689,6.05354e-09
0.464815783,6.304114e-09
0.405728765,6.1022547e-09
0.338973341,5.635669e-09
0.378482228,5.831009e-09
0.358234326,5.875744e-09
0.63424833,5.395972e-09
0.540725219,6.002105e-09
0.452872024,6.3129115e-09
0.604229108,5.6288028e-09
0.519223604,6.1351133e-09
0.580750737,5.829719e-09
0.415152564,6.3549863e-09
0.37985739,6.286256e-09
0.474032874,6.319988e-09
0.533064934,6.011832e-09
0.494065355,6.2018137e-09
0.584587905,5.731912e-09
0.822748916,2.547695e-09
0.766197027,3.0053229e-09
0.708297991,3.5367096e-09
0.776144855,3.1496585e-09
0.712184517,3.6804177e-09
0.721786315,3.825994e-09
0.807969936,2.3735887e-09
0.762474985,2.9114615e-09
0.850202861,2.0107072e-09
0.812699112,2.4574267e-09
0.861484862,2.0861453e-09
0.871788539,1.7205263e-09
0.071750145,2.8251368e-09
0.057969135,2.7443015e-09
0.083295825,2.9439526e-09
0.077867367,2.874204e-09
0.090263117,2.9949223e-09
0.105232966,3.1208518e-09
0.093780679,3.0552867e-09
0.108885117,3.1832716e-09
0.108183543,3.256294e-09
0.132547283,3.3607181e-09
0.156845289,3.6194554e-09
0.133009574,3.437165e-09
0.167192529,3.950378e-09
0.173557184,4.11424e-09
0.190809925,4.2831014e-09
0.155911667,3.766672e-09
0.164763269,3.9264907e-09
0.135536529,3.5790313e-09
0.170487515,4.2669375e-09
0.184972182,4.5824975e-09
0.188825084,4.4396296e-09
0.220411115,4.96001e-09
0.262703085,5.193649e-09
0.301706574,5.391666e-09
0.220963292,4.829844e-09
0.252657445,5.0518896e-09
0.217352571,4.681039e-09
0.256893018,5.2553686e-09
0.305977874,5.530129e-09
0.30385199,5.476275e-09
0.366475137,5.8081993e-09
0.410252726,6.006557e-09
0.35561974,5.7334053e-09
0.3816122,5.9313856e-09
0.390246159,5.8778817e-09
0.387769397,5.7891696e-09
0.416545115,6.0284746e-09
0.403495597,5.9270935e-09
0.438930013,6.0739462e-09
0.37355561,5.7225655e-09
0.346329585,5.584493e-09
0.387000836,5.8719904e-09
0.347390343,5.821702e-09
0.326726568,5.7138947e-09
0.318857622,5.6535e-09
0.352249685,5.820002e-09
0.338727878,5.745777e-09
0.371012957,5.800405e-09
0.340751434,5.7343734e-09
0.338079916,5.630611e-09
0.327828245,5.6269873e-09
0.308911264,5.465231e-09
0.252486231,5.3147593e-09
0.300360953,5.5098814e-09
0.182169562,5.0549893e-09
0.162932603,4.8139137e-09
0.171951086,4.6830104e-09
0.2030084,5.1601132e-09
0.199304287,4.9714997e-09
0.203778179,5.2962807e-09
0.240450738,5.4807128e-09
0.282487512,5.6479537e-09
0.319930286,5.772682e-09
0.226769017,5.3480758e-09
0.259144809,5.5107594e-09
0.21544708,5.260494e-09
0.30130266,5.643509e-09
0.258508524,5.4816574e-09
0.307723003,5.6936673e-09
0.217488958,5.039434e-09
0.243929149,5.177606e-09
0.263667919,5.2864375e-09
0.216069451,5.075287e-09
0.234721065,5.17014e-09
0.196532391,5.1091287e-09
0.1883641,4.8656545e-09
0.190289495,4.961973e-09
0.177507675,4.710305e-09
0.156995647,5.092585e-09
0.177842689,5.1575175e-09
0.184897302,4.920732e-09
0.272212366,5.453704e-09
0.291060187,5.449973e-09
0.29800622,5.448806e-09
0.291240659,5.6378973e-09
0.321044326,5.6355707e-09
0.329322055,5.879756e-09
0.256172377,5.3063713e-09
0.228384429,5.197057e-09
0.261666365,5.2975335e-09
0.21969766,5.412251e-09
0.200656081,5.395895e-09
0.194208024,5.3621396e-09
0.181556281,5.260238e-09
0.168616877,5.221841e-09
0.169679143,5.1583426e-09
0.664932679,4.560583e-09
0.649489506,4.4292485e-09
0.642753271,4.2958117e-09
0.598408007,5.1420272e-09
0.584411747,5.032821e-09
0.537991674,5.6595937e-09
0.564349843,5.7127396e-09
0.613707866,5.1848907e-09
0.55270073,5.686291e-09
0.506469717,6.1439724e-09
0.446951717,6.3340972e-09
0.388194235,6.3426966e-09
0.468984582,6.283129e-09
0.40973025,6.356749e-09
0.428810866,6.347901e-09
0.502596742,6.1326015e-09
0.492975225,6.120992e-09
0.444588638,6.3313337e-09
0.368098358,6.3150396e-09
0.298675616,6.091998e-09
0.264093686,5.8251115e-09
0.341718844,6.1980145e-09
0.28218575,5.9322556e-09
0.323628261,6.04344e-09
0.266093879,5.558115e-09
0.278715598,5.7759473e-09
0.261453467,5.6820433e-09
0.324020341,6.2152523e-09
0.27906738,6.0237584e-09
0.343106318,6.2705774e-09
0.539254781,5.2565112e-09
0.533194917,5.40174e-09
0.532244928,5.5362466e-09
0.595462202,4.697015e-09
0.588342292,4.8686855e-09
0.653316591,4.1085424e-09
0.810922713,2.210886e-09
0.769100036,2.5412723e-09
0.775226663,2.7168638e-09
0.72868991,3.1234488e-09
0.721319522,3.3249103e-09
0.603679381,4.501358e-09
0.665785708,3.898857e-09
0.672136008,3.6926462e-09
0.825942779,1.8484422e-09
0.058256262,2.6880034e-09
0.074681727,2.8517744e-09
0.090989773,3.0365765e-09
0.056157731,2.6838831e-09
0.073915113,2.851468e-09
0.04304592,2.550774e-09
0.117450394,3.3342804e-09
0.134683834,3.467807e-09
0.155094133,3.6746888e-09
0.103268002,3.1327618e-09
0.126843446,3.2967988e-09
0.086074542,2.9749971e-09
0.146071022,3.6718342e-09
0.178808535,4.029819e-09
0.159088417,3.8181187e-09
0.208862014,4.5258766e-09
0.202512526,4.8015223e-09
0.23214664,5.1263527e-09
0.187285622,4.331771e-09
0.186989174,4.69981e-09
0.179891412,4.1991153e-09
0.240294433,4.889901e-09
0.290027656,5.2238947e-09
0.260286642,5.1101146e-09
0.334295344,5.431177e-09
0.361980057,5.6013048e-09
0.3141896,5.3666143e-09
0.401784284,5.916958e-09
0.377866606,5.7779297e-09
0.32745338,5.5020983e-09
0.375254149,5.7871423e-09
0.357182653,5.640481e-09
0.376030125,5.743493e-09
0.361181244,5.767978e-09
0.336761699,5.7365397e-09
0.367235565,5.8289595e-09
0.346516532,5.7896146e-09
0.366598829,5.8827383e-09
0.391182099,5.93396e-09
0.332793388,5.8506804e-09
0.285430114,5.702869e-09
0.231643248,5.5205147e-09
0.341255225,5.876621e-09
0.283591566,5.7098064e-09
0.341851877,5.863767e-09
0.25068831,5.5602283e-09
0.294306263,5.7177045e-09
0.234543319,5.5505787e-09
0.480035584,6.1550014e-09
0.425668805,6.065388e-09
0.37042442,5.9386047e-09
0.442457112,6.090765e-09
0.386421463,5.989171e-09
0.393977914,5.993114e-09
0.460003636,6.129339e-09
0.431995696,6.046876e-09
0.410650745,6.023126e-09
0.258273383,5.378511e-09
0.236613491,5.332303e-09
0.203613507,5.321002e-09
0.235064009,5.2653375e-09
0.212814549,5.259679e-09
0.207828882,5.1935407e-09
0.264790136,5.464891e-09
0.260122304,5.567297e-09
0.244193541,5.3997105e-09
0.220068661,5.3324873e-09
0.19013054,5.236187e-09
0.198372305,5.299227e-09
0.253393651,5.502328e-09
0.234520992,5.4043907e-09
0.212287362,5.3507367e-09
0.278788615,5.584516e-09
0.254490882,5.4735194e-09
0.306305527,5.6576996e-09
0.289682895,5.6527294e-09
0.319768335,5.7322262e-09
0.332390862,5.803298e-09
0.466839274,5.9219505e-09
0.410410563,6.2788286e-09
0.368820132,6.3545706e-09
0.468412022,6.0098646e-09
0.415446147,6.3093735e-09
0.475120414,6.0858194e-09
0.43259539,6.321418e-09
0.382465795,6.3515917e-09
0.391871239,6.3476184e-09
0.325643625,6.1744e-09
0.333791901,6.1883263e-09
0.326131589,6.2016716e-09
0.287106835,5.9336394e-09
0.286450286,5.9487055e-09
0.2588622,5.7120504e-09
0.260105685,5.7860787e-09
0.28366105,5.9788796e-09
0.25963103,5.748243e-09
0.249453469,5.544692e-09
0.242603441,5.5256186e-09
0.229340444,5.399266e-09
0.495884816,5.5574763e-09
0.557932648,4.85473e-09
0.622557266,4.049764e-09
0.463225565,5.8190843e-09
0.519508348,5.195172e-09
0.435948148,6.0299823e-09
0.430952993,6.1082313e-09
0.405974724,6.239865e-09
0.377544972,6.338981e-09
0.500985761,5.5540843e-09
0.59846442,4.479965e-09
0.681856587,3.317273e-09
0.58186521,4.901572e-09
0.677524469,3.739464e-09
0.747448333,2.5666032e-09
0.085429626,2.8228277e-09
0.130925724,3.1178837e-09
0.170363262,3.4745489e-09
0.150784126,3.0232024e-09
0.186389515,3.3476129e-09
0.090188684,2.7336786e-09
0.202584457,4.0134713e-09
0.244475429,4.460826e-09
0.305954401,4.913333e-09
0.217826026,3.8588817e-09
0.247634601,4.290625e-09
0.210654446,3.7311962e-09
0.21365572,4.5583164e-09
0.214516492,5.0472035e-09
0.257963481,5.016417e-09
0.36937578,5.550416e-09
0.311648156,5.590614e-09
0.302875878,5.5538143e-09
0.456112365,5.9682117e-09
0.429174155,5.975418e-09
0.539226142,6.1854535e-09
0.440812288,6.062456e-09
0.499828414,6.157134e-09
0.395507456,5.8813074e-09
0.547835119,6.2217542e-09
0.559384508,6.235646e-09
0.503811517,6.176275e-09
0.507839321,6.1808576e-09
0.525664437,6.1783845e-09
0.54522613,6.1585927e-09
0.579246679,6.2461423e-09
0.601909124,6.244996e-09
0.588766698,6.2634244e-09
0.459437234,6.103898e-09
0.406994899,5.9976766e-09
0.474965,6.093707e-09
0.392130785,5.9357843e-09
0.370456037,5.863978e-09
0.464829065,6.033306e-09
0.439756996,5.8610174e-09
0.479507185,5.9723364e-09
0.517883757,6.07292e-09
0.383479545,5.8059126e-09
0.422286542,5.925422e-09
0.340530394,5.737897e-09
0.242052293,5.534985e-09
0.254327069,5.453011e-09
0.289475143,5.4733964e-09
0.233505691,5.4252225e-09
0.251472906,5.419682e-09
0.214742031,5.368415e-09
0.294171608,5.575195e-09
0.247535119,5.4296407e-09
0.281354275,5.508841e-09
0.380133109,5.7135274e-09
0.331558133,5.6480944e-09
0.330042966,5.5690452e-09
0.314481743,6.261501e-09
0.32757297,6.3309313e-09
0.352379716,6.3568484e-09
0.271097116,6.090274e-09
0.285819929,6.1953442e-09
0.238261334,5.90019e-09
0.281787123,6.019735e-09
0.252219122,5.8358616e-09
0.262879068,5.773302e-09
0.240323886,5.579655e-09
0.23312306,5.623983e-09
0.273336201,5.4860485e-09
0.392459947,6.2796666e-09
0.455346701,6.0043934e-09
0.528781427,5.5064815e-09
0.366819362,6.3568284e-09
0.419121783,6.265535e-09
0.340165728,6.307941e-09
0.321256243,6.309124e-09
0.299453995,6.1848513e-09
0.264985503,6.0406924e-09
0.398123257,6.348121e-09
0.511387946,5.86998e-09
0.647304145,4.704591e-09
0.489444358,6.1229812e-09
0.630021829,5.1721787e-09
0.75121419,3.79861e-09
0.174916497,3.8120382e-09
0.167738951,3.5695746e-09
0.238999956,4.3189545e-09
0.216951023,4.048586e-09
0.284695985,4.6250945e-09
0.124768135,3.4254783e-09
0.47065504,5.7703007e-09
0.464940732,5.8017284e-09
0.451438684,5.8319474e-09
0.423699246,5.662951e-09
0.402147896,5.6883662e-09
0.352216519,5.5553113e-09
0.261630269,4.548159e-09
0.316593013,4.8942925e-09
0.359072803,5.2271583e-09
0.328417454,5.0998334e-09
0.395018932,5.444148e-09
0.391140796,5.581897e-09
0.437649746,5.7811773e-09
0.519334505,6.0955228e-09
0.481495454,5.9073737e-09
0.457969572,5.9181513e-09
0.538532874,6.124425e-09
0.58192026,6.229334e-09
0.532785167,6.0983925e-09
0.601511824,6.224832e-09
0.597232097,6.186138e-09
0.613450553,6.2172516e-09
0.623472744,6.2332153e-09
0.614370447,6.2626233e-09
0.577648521,6.0667906e-09
0.610272268,6.144951e-09
0.61093124,6.1907217e-09
0.587870094,6.1070344e-09
0.625660758,6.1876277e-09
0.572329485,6.1382757e-09
0.508250856,5.950731e-09
0.556936155,6.0185243e-09
0.546758289,6.0496665e-09
0.507898146,5.9188223e-09
0.50547084,5.885705e-09
0.541182107,5.9834977e-09
0.24024074,5.70535e-09
0.267478009,5.816049e-09
0.294241453,5.950795e-09
0.295816227,5.5791753e-09
0.293651455,5.6427143e-09
0.348558242,5.54087e-09
0.28418783,5.5325855e-09
0.343668067,5.525281e-09
0.329085552,5.5027964e-09
0.430792657,5.6636957e-09
0.384065511,5.570413e-09
0.384249533,5.5753766e-09
0.461880666,6.2802212e-09
0.382222096,6.2833294e-09
0.357136915,5.931586e-09
0.392833521,6.3468093e-09
0.346362016,6.072518e-09
0.337637671,6.2054815e-09
0.310753955,5.8116054e-09
0.347881568,5.6909397e-09
0.336838746,5.5769593e-09
0.377240011,6.206092e-09
0.436449858,6.340266e-09
0.52856416,5.820486e-09
0.421308156,6.3569594e-09
0.500538347,6.0072805e-09
0.602751159,5.07478e-09
0.319885643,5.224961e-09
0.254809326,4.8324256e-09
0.262639018,4.714049e-09
0.204172226,4.329205e-09
0.205862309,4.192596e-09
0.160755631,3.858566e-09
0.474854012,5.8147562e-09
0.43450166,5.710406e-09
0.416475782,5.611221e-09
0.474246677,5.8432317e-09
0.444626605,5.744178e-09
0.477053334,5.854041e-09
0.512824516,5.9148135e-09
0.511012107,5.927757e-09
0.545370187,5.9981846e-09
0.242818392,4.8952806e-09
0.308382082,5.289451e-09
0.38358604,5.6350618e-09
0.298960008,5.2952105e-09
0.384667219,5.629532e-09
0.373581375,5.569552e-09
0.537963794,6.056758e-09
0.469174908,5.8448792e-09
0.465784307,5.9045897e-09
0.439460604,5.7342198e-09
0.512504749,5.977123e-09
0.584540226,6.133047e-09
0.478195041,5.870271e-09
0.543836783,6.0592185e-09
0.518951343,5.9663923e-09
0.577407556,6.080267e-09
0.549231473,6.056722e-09
0.58357905,6.130906e-09
0.548458379,6.0087997e-09
0.520685274,5.934161e-09
0.5340135,5.9815184e-09
0.401006881,5.596785e-09
0.415331613,5.5284115e-09
0.418896188,5.5952722e-09
0.411895782,5.5424927e-09
0.431094002,5.5972467e-09
0.411648899,5.565861e-09
0.463323873,5.7791e-09
0.439846729,5.6727214e-09
0.444921567,5.6923395e-09
0.383317218,5.798061e-09
0.386548818,5.8202883e-09
0.378885173,5.8669487e-09
0.397968319,6.147927e-09
0.395351538,6.1683756e-09
0.451461357,6.356387e-09
0.364539004,5.5327845e-09
0.38684071,5.507908e-09
0.394165972,5.5592957e-09
0.617653214,6.1667023e-09
0.629021718,6.177068e-09
0.485387687,6.3536936e-09
0.508916232,6.353187e-09
0.416304362,6.1256062e-09
0.791728081,5.646364e-09
0.288744218,5.242698e-09
0.222975618,4.847733e-09
0.237783011,4.899779e-09
0.185992289,4.459563e-09
0.184115432,4.4697477e-09
0.139736413,4.025551e-09
0.441241162,5.650341e-09
0.475166461,5.768543e-09
0.508439614,5.873394e-09
0.493901411,5.805427e-09
0.514383904,5.8978826e-09
0.498846831,5.858098e-09
0.478081091,5.770064e-09
0.447614444,5.6670832e-09
0.464362167,5.694176e-09
0.200015877,4.736882e-09
0.26218436,5.134435e-09
0.350628264,5.458985e-09
0.243144104,4.976794e-09
0.313830143,5.306787e-09
0.299520757,5.1198157e-09
0.458715447,5.749819e-09
0.369617066,5.4407714e-09
0.403398814,5.6005605e-09
0.407375829,5.4910103e-09
0.353376345,5.2812497e-09
0.438189988,5.6271148e-09
0.35409935,5.3212537e-09
0.389322018,5.4359517e-09
0.41537078,5.547587e-09
0.402392884,5.4990976e-09
0.438221144,5.5997806e-09
0.420278969,5.5794036e-09
0.338351177,5.350366e-09
0.343744968,5.4285523e-09
0.387070155,5.5175184e-09
0.356739389,5.4627556e-09
0.354320484,5.4700933e-09
0.372398434,5.5927045e-09
0.337635084,5.311335e-09
0.373867693,5.4558416e-09
0.328260504,5.3129754e-09
0.360557688,5.8744773e-09
0.39273848,5.843608e-09
0.390481981,5.812871e-09
0.42254103,6.2027743e-09
0.442105783,6.1608216e-09
0.511961345,6.356946e-09
0.347191347,5.4169953e-09
0.372656115,5.5934963e-09
0.352954049,5.589024e-09
0.398944224,6.1725633e-09
0.497056788,6.3563017e-09
0.60504017,6.1872636e-09
0.47947996,6.3518333e-09
0.593803867,6.2141887e-09
0.689263198,5.819777e-09
0.252428145,4.7753264e-09
0.211811723,4.3638892e-09
0.206775817,4.575337e-09
0.174862444,4.0966794e-09
0.163356677,4.27108e-09
0.13978102,3.754866e-09
0.202051113,4.1323074e-09
0.248856067,4.5493627e-09
0.293197126,4.917785e-09
0.231219731,4.3080393e-09
0.270573349,4.7017346e-09
0.240395462,4.4909085e-09
0.373508611,5.3377263e-09
0.303352627,4.9204316e-09
0.332684221,5.104226e-09
0.318583373,5.089148e-09
0.279062366,4.7852624e-09
0.34747063,5.2138978e-09
0.257396795,4.7830286e-09
0.248010538,4.656165e-09
0.244434686,4.554496e-09
0.281628788,4.9651074e-09
0.281031962,4.8719824e-09
0.313664297,5.1492424e-09
0.304217031,5.171702e-09
0.316222161,5.2150346e-09
0.286988771,5.0270828e-09
0.304715725,5.5624163e-09
0.256888267,5.2538147e-09
0.210992342,4.937954e-09
0.31600672,5.3461666e-09
0.27768065,5.0944653e-09
0.321201265,5.2371094e-09
0.253250707,4.7790363e-09
0.286625258,5.030985e-09
0.241012812,4.8266093e-09
0.311576912,5.9205365e-09
0.314922032,5.9099805e-09
0.331053746,5.8956577e-09
0.389768711,6.214854e-09
0.393773254,6.197408e-09
0.477033845,6.35548e-09
0.235306904,5.5216103e-09
0.201268384,5.186913e-09
0.257164026,5.542998e-09
0.367412668,6.176622e-09
0.457138145,6.3484733e-09
0.556158101,6.28554e-09
0.434331918,6.3345094e-09
0.537099399,6.3166716e-09
0.631135371,6.112295e-09
0.120053526,3.6413625e-09
0.170042057,3.879767e-09
0.186263503,4.0712607e-09
0.117687434,3.4222134e-09
0.127950494,3.6633567e-09
0.095796518,3.1595813e-09
0.14451985,3.9373957e-09
0.115641959,3.6791676e-09
0.093385334,3.4647245e-09
0.169734782,4.040554e-09
0.144672587,3.8346566e-09
0.201635997,4.235523e-09
0.220689844,4.4863837e-09
0.180763488,4.1986272e-09
0.208739233,4.3358237e-09
0.213055056,4.5107402e-09
0.190385779,4.5891118e-09
0.171545118,4.246831e-09
0.143953351,4.430095e-09
0.148924866,4.2119095e-09
0.149903443,4.050098e-09
0.151821926,4.598879e-09
0.164738296,4.3963255e-09
0.167426317,4.7710804e-09
0.187004131,5.224047e-09
0.162574184,5.074981e-09
0.169179017,4.9806115e-09
0.216331562,5.4669584e-09
0.193181849,5.3014095e-09
0.264328938,5.701238e-09
0.154070414,4.668092e-09
0.144955692,4.8252624e-09
0.166137115,4.932989e-09
0.302192011,6.0472005e-09
0.304839699,6.002698e-09
0.310218262,5.960268e-09
0.364262513,6.239478e-09
0.364439942,6.209576e-09
0.438309364,6.3444983e-09
0.217763545,5.4946963e-09
0.256095814,5.737045e-09
0.252731537,5.781048e-09
0.337797914,6.220457e-09
0.412378556,6.335782e-09
0.49024094,6.3494823e-09
0.383340097,6.3257803e-09
0.465302898,6.35483e-09
0.534766479,6.2989263e-09
0.05861326,3.1632899e-09
0.055860089,3.1813427e-09
0.095222678,3.4328673e-09
0.078268099,3.4149696e-09
0.114539459,3.6724563e-09
0.030028135,2.9083915e-09
0.123108959,3.886843e-09
0.111041609,3.6335321e-09
0.097889838,3.4110343e-09
0.128539495,3.849588e-09
0.114870765,3.6275556e-09
0.132681488,3.867984e-09
0.146303222,4.2384776e-09
0.135563817,4.0569024e-09
0.138602867,4.025128e-09
0.168971771,4.683483e-09
0.149168524,4.3813473e-09
0.13433523,4.1168415e-09
0.164662581,4.570095e-09
0.148961057,4.296214e-09
0.153682456,4.486274e-09
0.167521682,4.7502846e-09
0.183881665,5.0435647e-09
0.176830603,4.861702e-09
0.221078491,5.515606e-09
0.213508677,5.403003e-09
0.199075009,5.304854e-09
0.238813885,5.7069722e-09
0.227493395,5.5959903e-09
0.261502029,5.886296e-09
0.202103763,5.2260805e-09
0.185203625,4.9452824e-09
0.193734209,5.124956e-09
0.27960304,6.1120176e-09
0.289763392,6.0892806e-09
0.290858577,6.0676797e-09
0.319172023,6.248004e-09
0.324411085,6.234174e-09
0.369945709,6.3312102e-09
0.241324294,5.7341962e-09
0.260777989,5.9109477e-09
0.258262118,5.938228e-09
0.355256651,6.318727e-09
0.306076241,6.2376917e-09
0.411149746,6.355946e-09
0.360613159,6.3248566e-09
0.422708284,6.3568266e-09
0.469777648,6.344599e-09
0.105014604,3.789127e-09
0.084230292,3.7071914e-09
0.093972884,3.5290124e-09
0.078867691,3.4371657e-09
0.085584111,3.2973428e-09
0.067209724,3.1938576e-09
0.104066887,4.456575e-09
0.080125857,4.157113e-09
0.074118429,3.886168e-09
0.114655288,4.2127755e-09
0.09318844,3.947072e-09
0.119168166,4.0245975e-09
0.15340904,4.597262e-09
0.133365977,4.5215027e-09
0.134729973,4.2916386e-09
0.209629657,5.475582e-09
0.223211105,5.700934e-09
0.24173435,5.91093e-09
0.19408671,5.4404374e-09
0.202736016,5.6719216e-09
0.170440442,5.411201e-09
0.122280554,4.7563584e-09
0.151534815,4.819567e-09
0.171410434,4.8930495e-09
0.144636638,5.078729e-09
0.171926578,5.1399383e-09
0.189632966,5.179865e-09
0.367665705,6.333715e-09
0.331225101,6.2921415e-09
0.319188351,6.266509e-09
0.283350829,6.1940217e-09
0.274041004,6.154264e-09
0.229889272,5.9687526e-09
0.223977541,6.0257976e-09
0.189535719,5.741504e-09
0.399419896,6.3531442e-09
0.053978565,4.0866275e-09
0.063603798,3.8438994e-09
0.054295938,4.3914876e-09
0.065972431,4.1186334e-09
0.077721354,4.420312e-09
0.047518535,3.8945265e-09
0.043940485,4.628655e-09
0.064459572,4.647581e-09
0.092445456,4.6736135e-09
0.057372254,4.90244e-09
0.079139166,4.9193285e-09
0.113875403,4.995046e-09
0.136057717,5.328691e-09
0.103529651,5.2531184e-09
0.169169043,5.7670126e-09
0.162743217,5.5909823e-09
0.224586517,6.046159e-09
0.189370236,5.9022276e-09
0.256423308,6.1471472e-09
0.158978462,5.704058e-09
0.117374018,5.45083e-09
0.133090689,5.517717e-09
0.277417254,6.219168e-09
0.039123748,4.82128e-09
0.158191819,5.721644e-09
0.44800056,6.148902e-09
0.438916709,6.13897e-09
0.437352238,6.1301235e-09
0.441207042,6.122436e-09
0.410232452,6.0688263e-09
0.410073663,6.0586314e-09
0.41555566,6.050097e-09
0.378739354,5.9790337e-09
0.387533565,5.9700294e-09
0.361427075,5.883619e-09
0.55184729,6.312197e-09
0.529611699,6.299067e-09
0.508683966,6.28421e-09
0.493434034,6.267741e-09
0.55184729,6.272891e-09
0.498974733,6.25369e-09
0.476094198,6.232781e-09
0.501031409,6.2186993e-09
0.461204112,6.193005e-09
0.45908613,5.745267e-09
0.439952403,5.6614806e-09
0.41695099,5.5648717e-09
0.382459443,5.455221e-09
0.417871148,5.684542e-09
0.391275766,5.5944316e-09
0.362322733,5.4899902e-09
0.369099862,5.6236478e-09
0.342554494,5.527615e-09
0.323154724,5.562968e-09
0.449948564,5.6939036e-09
0.389198346,5.60253e-09
0.321761449,5.4962075e-09
0.27012552,5.374444e-09
0.432222805,5.6169767e-09
0.360062,5.5186575e-09
0.2898548,5.4050395e-09
0.394853081,5.537359e-09
0.330520271,5.43206e-09
0.318465737,5.2500084e-09
0.318465737,5.2982667e-09
0.295673157,5.3396545e-09
0.335384439,5.391758e-09
0.320859866,5.4319935e-09
0.305215339,5.46558e-09
0.346180034,5.5224083e-09
0.331774221,5.554804e-09
0.357816779,5.6416702e-09
0.378156836,5.5112066e-09
0.368219031,5.4062657e-09
0.333805179,5.293797e-09
0.309327799,5.1743125e-09
0.362343197,5.4263887e-09
0.347604565,5.3112146e-09
0.309327799,5.1881446e-09
0.344185045,5.3392077e-09
0.339967335,5.2137215e-09
0.358790917,5.5963634e-09
0.345251074,5.666307e-09
0.344888627,5.7662572e-09
0.376045066,5.704872e-09
0.371064586,5.789546e-09
0.380263767,5.895342e-09
0.394907028,5.8181584e-09
0.393274637,5.9115317e-09
0.414725978,5.931788e-09
0.431595967,5.793043e-09
0.42090647,5.709285e-09
0.404241541,5.641299e-09
0.387838977,5.5820166e-09
0.411388366,5.727717e-09
0.398490535,5.634169e-09
0.388102706,5.5612293e-09
0.384789057,5.661675e-09
0.369949535,5.5568203e-09
0.345051676,5.589002e-09
0.386727382,5.595953e-09
0.389114106,5.6773586e-09
0.406119486,5.6868807e-09
0.41561741,5.6789258e-09
0.441449052,5.7762235e-09
0.44596389,5.7734373e-09
0.465353537,5.8645027e-09
0.619105594,6.3549854e-09
0.575157248,6.3568772e-09
0.532171351,6.356218e-09
0.506693203,6.352446e-09
0.604475462,6.3560033e-09
0.558372515,6.3516534e-09
0.518246661,6.343215e-09
0.590815326,6.343415e-09
0.54280764,6.3296235e-09
0.387974223,5.5578044e-09
0.370919126,5.4342375e-09
0.352492039,5.3002216e-09
0.303032287,5.1570566e-09
0.3691898,5.435973e-09
0.343578652,5.3041456e-09
0.320953126,5.162647e-09
0.341667512,5.307874e-09
0.312338925,5.1684514e-09
0.200458843,5.1040714e-09
0.220100356,5.230653e-09
0.243070121,5.3525087e-09
0.263326853,5.46906e-09
0.200242773,5.088421e-09
0.228084057,5.2138267e-09
0.25311672,5.334615e-09
0.207816078,5.070314e-09
0.236850344,5.1944973e-09
0.219777709,5.049774e-09
0.577519563,6.3207604e-09
0.594795081,6.3375256e-09
0.606772499,6.3487247e-09
0.634009019,6.309397e-09
0.656714811,6.3266987e-09
0.667135684,6.3396386e-09
0.699643638,6.297582e-09
0.714168863,6.3146657e-09
0.742841903,6.285441e-09
0.410114332,5.6051865e-09
0.373210395,5.4571117e-09
0.318741312,5.29644e-09
0.255707415,5.1255697e-09
0.385634346,5.4645013e-09
0.334118298,5.303799e-09
0.262828512,5.131817e-09
0.348940526,5.314685e-09
0.275425111,5.1423985e-09
0.279243639,5.2713776e-09
0.295565193,5.4107376e-09
0.31155787,5.542673e-09
0.234472736,5.1225566e-09
0.248417706,5.26636e-09
0.259066259,5.403912e-09
0.210789836,5.1153637e-09
0.227546466,5.257101e-09
0.210028916,5.05965e-09
0.210028916,5.0475477e-09
0.219777709,5.044193e-09
0.240279267,5.1885243e-09
0.242977488,5.1818776e-09
0.2470449,5.1837077e-09
0.275313408,5.3139124e-09
0.275929911,5.3123856e-09
0.296586894,5.4352394e-09
0.565425091,6.2148353e-09
0.653777777,6.242103e-09
0.730445821,6.265567e-09
0.612722785,6.2065206e-09
0.714740754,6.2288956e-09
0.795428593,6.2488237e-09
0.673868283,6.2002576e-09
0.697324222,6.2179257e-09
0.675090664,6.1969643e-09
0.241968121,5.1034172e-09
0.232273493,5.0920663e-09
0.211614007,5.0774984e-09
0.26826312,5.2346185e-09
0.255899191,5.223658e-09
0.245453806,5.209424e-09
0.292949496,5.36222e-09
0.285821007,5.351674e-09
0.315803393,5.4857443e-09
0.530029399,6.1453065e-09
0.588574788,6.1649112e-09
0.66895307,6.1820047e-09
0.578376527,6.1670007e-09
0.656939205,6.1783143e-09
0.681516978,6.188621e-09
0.649252104,6.1918417e-09
0.657163758,6.19677e-09
0.625064721,6.2197945e-09
0.34840222,5.5342553e-09
0.329294498,5.404874e-09
0.306731346,5.271666e-09
0.284035456,5.1348343e-09
0.317367855,5.4007e-09
0.296865393,5.2648215e-09
0.273892837,5.125235e-09
0.286874294,5.256985e-09
0.264385461,5.114721e-09
0.325125069,5.5771436e-09
0.307720895,5.44756e-09
0.271405782,5.3149765e-09
0.2169507,5.179113e-09
0.325914009,5.4416307e-09
0.299692408,5.304259e-09
0.238898449,5.163393e-09
0.316105249,5.294379e-09
0.273531402,5.14852e-09
0.313866189,5.5329146e-09
0.297934243,5.4260876e-09
0.282023375,5.3173705e-09
0.272535415,5.206288e-09
0.285662249,5.423413e-09
0.266461895,5.312843e-09
0.24206944,5.199906e-09
0.256234566,5.3057634e-09
0.221881721,5.1908797e-09
0.557780027,6.212121e-09
0.601874024,6.2151244e-09
0.639440158,6.2175705e-09
0.600132745,6.256545e-09
0.665924287,6.2545427e-09
0.661433958,6.252806e-09
0.68193702,6.292797e-09
0.675315319,6.2884813e-09
0.696333057,6.3193273e-09
0.327571739,5.4626916e-09
0.317110791,5.379343e-09
0.307018603,5.294457e-09
0.300468768,5.2076996e-09
0.309186352,5.3820983e-09
0.299049471,5.296329e-09
0.289234126,5.2086904e-09
0.290723933,5.2968097e-09
0.280995429,5.2082365e-09
0.343384866,5.409383e-09
0.336146246,5.352113e-09
0.320519703,5.29427e-09
0.299505985,5.2357336e-09
0.325020219,5.3450666e-09
0.313482626,5.2828404e-09
0.305587147,5.219748e-09
0.310817161,5.277932e-09
0.300468768,5.2102735e-09
0.519585634,6.330482e-09
0.57278428,6.326839e-09
0.667648948,6.3230523e-09
0.558947039,6.3474155e-09
0.640471486,6.34411e-09
0.666478109,6.340576e-09
0.613882481,6.354144e-09
0.653728287,6.351782e-09
0.631146983,6.355943e-09
0.326708881,5.326603e-09
0.368134742,5.41311e-09
0.393594849,5.4959806e-09
0.299505985,5.255646e-09
0.338955352,5.343846e-09
0.381793672,5.427991e-09
0.318170801,5.273847e-09
0.346952275,5.3595746e-09
0.318170801,5.2904605e-09
0.528975149,6.3557826e-09
0.555046485,6.356824e-09
0.599528722,6.3568675e-09
0.550941271,6.3551617e-09
0.591720435,6.356719e-09
0.614865958,6.356867e-09
0.545371089,6.3563497e-09
0.614865958,6.3569545e-09
0.523066798,6.356682e-09
0.352499799,5.3677813e-09
0.352499799,5.3411355e-09
0.34967382,5.3153646e-09
0.372343933,5.4441514e-09
0.374661775,5.4203806e-09
0.370367335,5.397634e-09
0.39963643,5.5201257e-09
0.406296869,5.4990577e-09
0.425996003,5.5962084e-09
0.505795176,6.3489884e-09
0.533321589,6.353996e-09
0.546868794,6.356632e-09
0.542043815,6.3550765e-09
0.607782211,6.3569807e-09
0.574236577,6.3552834e-09
0.585677563,6.356298e-09
0.602701821,6.3511556e-09
0.586314452,6.3420034e-09
0.391791073,5.711584e-09
0.363610904,5.6274656e-09
0.32344258,5.544507e-09
0.253571419,5.461963e-09
0.379358554,5.601484e-09
0.34487835,5.5175926e-09
0.285630085,5.433996e-09
0.361690162,5.487609e-09
0.327885142,5.4027525e-09
0.583264649,6.1494547e-09
0.638215286,6.0683103e-09
0.70315008,5.9763265e-09
0.731806547,5.87453e-09
0.620145779,5.9273915e-09
0.683657714,5.814523e-09
0.714134325,5.692556e-09
0.674751997,5.5953606e-09
0.714751157,5.453584e-09
0.716007414,5.145785e-09
0.521272384,6.355102e-09
0.531753876,6.35684e-09
0.568515114,6.35251e-09
0.561511099,6.354544e-09
0.593068769,6.343772e-09
0.596847637,6.324594e-09
0.6084002,6.325813e-09
0.624519348,6.2934125e-09
0.629324435,6.239664e-09
0.56387899,6.3447994e-09
0.59939638,6.3214265e-09
0.625779967,6.2862444e-09
0.635331186,6.2852297e-09
0.676622271,6.2317094e-09
0.688773162,6.164869e-09
0.709714943,6.141958e-09
0.735341768,6.0492042e-09
0.620456167,5.509346e-09
0.648747498,5.3918705e-09
0.684366155,5.270462e-09
0.664475894,5.127935e-09
0.688570811,4.9974833e-09
0.716464604,4.864973e-09
0.711600721,4.675661e-09
0.738795721,4.5385287e-09
0.763169607,4.1685126e-09
0.763169607,3.8497014e-09
0.791024751,3.543587e-09
0.803982955,3.2602203e-09
0.73728695,4.3319144e-09
0.758581903,4.0280708e-09
0.778837803,3.734975e-09
0.722042759,4.4953277e-09
0.744773678,4.2082444e-09
0.706586511,4.6578594e-09
0.373408888,5.8354734e-09
0.345238396,5.7353535e-09
0.31036421,5.638009e-09
0.285304506,5.5420286e-09
0.345596154,5.7147465e-09
0.29808068,5.6137246e-09
0.264687193,5.5140985e-09
0.307332719,5.5909397e-09
0.241146464,5.487346e-09
0.803982955,2.9856935e-09
0.825403865,2.7224496e-09
0.855028558,2.476173e-09
0.785598586,3.571758e-09
0.802161368,3.290683e-09
0.823679056,3.0173737e-09
0.764280119,3.892804e-09
0.786738644,3.6100725e-09
0.741936618,4.217586e-09
0.388892033,5.977807e-09
0.379799566,5.868264e-09
0.365201811,5.762737e-09
0.346760925,5.6593645e-09
0.3728826,5.8366902e-09
0.348164632,5.728305e-09
0.321638626,5.622366e-09
0.34672317,5.6921587e-09
0.305337299,5.583062e-09
0.89295425,2.1680207e-09
0.925530133,1.9125392e-09
0.948967985,1.701581e-09
0.85260248,2.8216216e-09
0.884228697,2.5008426e-09
0.90968414,2.2311248e-09
0.852116685,3.2014789e-09
0.877689885,2.877255e-09
0.844094217,3.6083907e-09
0.413176562,5.725275e-09
0.41343619,5.8292904e-09
0.412573946,5.931028e-09
0.419097473,6.0309713e-09
0.405800566,5.734423e-09
0.401440057,5.8368146e-09
0.404678521,5.937103e-09
0.378080469,5.7410636e-09
0.384999565,5.841951e-09
0.347530448,5.7444405e-09
0.406271003,6.0395773e-09
0.401739266,5.9335488e-09
0.406381644,5.8293836e-09
0.395372295,5.916297e-09
0.384865723,5.812771e-09
0.402630306,5.710264e-09
0.372041938,5.7899237e-09
0.362542079,5.6880767e-09
0.954612802,1.128365e-09
0.944160089,1.5721399e-09
0.921169612,2.1856503e-09
0.892332789,2.948673e-09
0.947340906,1.2827085e-09
0.933188357,1.785012e-09
0.908075015,2.4553792e-09
0.945323566,1.4714348e-09
0.92631539,2.0397546e-09
0.367408951,5.8232814e-09
0.389958936,5.900977e-09
0.403703301,5.9776313e-09
0.339801317,5.7351994e-09
0.355129203,5.8121006e-09
0.377735477,5.888012e-09
0.325339105,5.721084e-09
0.340491338,5.7960103e-09
0.308606206,5.7015286e-09
0.913608648,2.4138014e-09
0.939610857,1.8483147e-09
0.955293867,1.4274933e-09
0.954732899,1.6568883e-09
0.97085126,1.2571063e-09
0.971879816,9.86098e-10
0.979003633,1.118103e-09
0.986953538,8.740659e-10
0.983412893,7.856973e-10
0.962214183,1.6420886e-09
0.975465926,1.239904e-09
0.981679903,9.66528e-10
0.982361347,1.1411414e-09
0.986480044,8.858984e-10
0.9874,7.234225e-10
0.982142236,8.1886065e-10
0.98252363,6.7299827e-10
0.981827828,6.328561e-10
0.97821461,6.0897737e-10
0.957698358,5.89741e-10
0.951418326,5.748323e-10
0.981072679,7.5041556e-10
0.979395246,7.1750766e-10
0.97003598,6.9042705e-10
0.981961796,9.388329e-10
0.984157699,8.966635e-10
0.978082902,1.2331404e-09
0.245753244,5.657729e-09
0.252022629,5.6723315e-09
0.283054045,5.6867773e-09
0.300803486,5.7494076e-09
0.308018242,5.7625043e-09
0.32188947,5.7758758e-09
0.334144381,5.8379093e-09
0.343777989,5.8496785e-09
0.361758294,5.9229763e-09
0.937509523,5.547586e-10
0.966128389,6.2781763e-10
0.97769705,7.569489e-10
0.982962938,9.684773e-10
0.953351934,5.598248e-10
0.96941817,6.3832645e-10
0.979280715,7.7342593e-10
0.951418326,5.665348e-10
0.966794229,6.506004e-10
0.383780952,5.8719327e-09
0.369267377,5.7712395e-09
0.350109689,5.6640874e-09
0.332093614,5.55128e-09
0.351746687,5.8008265e-09
0.329017063,5.7034324e-09
0.302200534,5.60073e-09
0.305423959,5.729299e-09
0.275434021,5.6355596e-09
0.932537505,5.4733046e-10
0.913648826,5.417192e-10
0.904892449,5.383981e-10
0.949649521,6.050023e-10
0.936630159,5.915783e-10
0.927451559,5.799417e-10
0.959897676,6.841757e-10
0.950750518,6.623191e-10
0.971114937,8.0703083e-10
0.372918659,5.3453464e-09
0.361283652,5.42223e-09
0.345024977,5.490781e-09
0.382354128,5.484915e-09
0.374277496,5.5553975e-09
0.362743324,5.617224e-09
0.395575967,5.620172e-09
0.389283683,5.683397e-09
0.411202707,5.7490266e-09
0.950553558,7.163343e-10
0.937252689,6.264436e-10
0.920834552,5.712807e-10
0.929180482,6.212022e-10
0.913430997,5.691191e-10
0.897117928,5.399609e-10
0.902378782,5.742831e-10
0.897117928,5.472942e-10
0.882556971,5.5938776e-10
0.403090279,5.5282183e-09
0.398099427,5.405189e-09
0.390921428,5.2796216e-09
0.378478684,5.1537747e-09
0.394800364,5.4659623e-09
0.389207275,5.3400817e-09
0.388188578,5.2116866e-09
0.383738954,5.4050076e-09
0.380485388,5.2772893e-09
0.88825893,5.7999955e-10
0.921208541,6.0563804e-10
0.956057521,6.3694366e-10
0.908489324,6.118878e-10
0.901289788,6.374065e-10
0.927492,6.7403e-10
0.940915434,7.746175e-10
0.927230255,8.249765e-10
0.954909463,1.1658723e-09
0.376710033,5.4541034e-09
0.367529597,5.305336e-09
0.36978278,5.1690563e-09
0.383711567,5.050626e-09
0.377978046,5.347022e-09
0.365327328,5.1927698e-09
0.356416955,5.050793e-09
0.38063179,5.2470086e-09
0.367797409,5.089504e-09
0.95770845,1.9357749e-09
0.957188121,1.1136875e-09
0.954873906,7.4660933e-10
0.974642089,1.2921193e-09
0.974530598,8.337476e-10
0.973980769,6.847011e-10
0.947773156,9.53559e-10
0.931917073,7.4689976e-10
0.891270374,8.312768e-10
0.409615705,5.5949863e-09
0.406557564,5.4834874e-09
0.417251453,5.376234e-09
0.417946386,5.2666635e-09
0.397893039,5.404473e-09
0.416179473,5.2958025e-09
0.418183442,5.2001132e-09
0.397397412,5.2209734e-09
0.408709216,5.1110964e-09
0.901588497,3.2682617e-09
0.922711586,1.9706026e-09
0.895971391,1.1635097e-09
0.895265689,2.3716862e-09
0.855984063,1.4365582e-09
0.860986842,9.741794e-10
0.860506318,1.7647591e-09
0.856200689,1.1668349e-09
0.897675074,1.4031898e-09
0.471218351,5.8872724e-09
0.457483501,5.7174314e-09
0.434777742,5.532824e-09
0.402307211,5.3328084e-09
0.452445405,5.675589e-09
0.484216194,5.5040945e-09
0.488557121,5.3197726e-09
0.4431881,5.466293e-09
0.483026991,5.303747e-09
0.880493346,4.213724e-09
0.928042426,3.0170693e-09
0.854153072,2.04616e-09
0.944309227,3.3945065e-09
0.859920172,2.3936846e-09
0.940285695,1.66742e-09
0.866001541,2.726153e-09
0.958834282,1.9474975e-09
0.966498492,2.2341629e-09
0.483549652,6.014398e-09
0.449144634,5.8260623e-09
0.420995752,5.606743e-09
0.421323594,5.3588844e-09
0.420361491,5.806075e-09
0.415257328,5.594174e-09
0.420320684,5.357481e-09
0.395624938,5.5717053e-09
0.408151068,5.3466787e-09
0.919218626,4.4488817e-09
0.965455388,3.597821e-09
0.883070623,2.8509397e-09
0.944920344,3.8571306e-09
0.879324555,3.105978e-09
0.959806411,2.4744253e-09
0.882444379,3.3759653e-09
0.946238916,2.72702e-09
0.963998914,3.0074914e-09
0.43055456,6.00207e-09
0.412329567,5.7864074e-09
0.441334816,5.525443e-09
0.455760774,5.222417e-09
0.433982748,5.8247243e-09
0.42526277,5.581861e-09
0.440051867,5.3012603e-09
0.423856314,5.6073173e-09
0.425912477,5.3432134e-09
0.822018373,4.8147375e-09
0.919910567,4.1522887e-09
0.888364298,3.542222e-09
0.848070909,4.4184034e-09
0.889328084,3.7995913e-09
0.918488992,3.2452454e-09
0.887149231,4.082679e-09
0.89239613,3.511343e-09
0.901197278,3.798946e-09
0.399726268,5.7479674e-09
0.362217661,5.4468643e-09
0.365759701,5.1014726e-09
0.360804622,4.7347677e-09
0.417945845,5.603297e-09
0.41214723,5.2858455e-09
0.392413704,4.92877e-09
0.455781873,5.428461e-09
0.446689134,5.0985833e-09
0.724786444,5.148864e-09
0.808592615,4.696875e-09
0.879454978,4.2402517e-09
0.790153111,4.896251e-09
0.864128242,4.45523e-09
0.901197278,4.0175117e-09
0.844204179,4.6563073e-09
0.907783094,4.2280623e-09
0.885477232,4.423638e-09
0.332834672,5.2174998e-09
0.324529433,4.9548996e-09
0.355905362,4.7191433e-09
0.395769563,4.5250528e-09
0.325822475,5.0628732e-09
0.348981003,4.7669184e-09
0.388719832,4.4999093e-09
0.336180384,4.9012105e-09
0.359376473,4.5834647e-09
0.734610061,5.3075393e-09
0.792227727,5.0223727e-09
0.838569195,4.7259463e-09
0.785037932,5.114199e-09
0.830663047,4.8346864e-09
0.875870507,4.547648e-09
0.828714876,4.917619e-09
0.873096875,4.64503e-09
0.887120943,4.7166453e-09
0.347934219,4.749952e-09
0.315535968,4.975032e-09
0.318331402,5.1904783e-09
0.38215488,4.641717e-09
0.340694002,4.8962745e-09
0.321792278,5.1469615e-09
0.396071325,4.8565627e-09
0.363240101,5.1388804e-09
0.413489944,5.1674e-09
0.754934347,5.3766214e-09
0.798212495,5.1637308e-09
0.840349443,4.942877e-09
0.790328949,5.2410685e-09
0.840161065,5.012248e-09
0.887120943,4.776512e-09
0.827530121,5.099706e-09
0.887120943,4.854952e-09
0.830435027,4.952178e-09
0.443376863,6.0708647e-09
0.42435082,5.781025e-09
0.419959762,5.4644707e-09
0.42327489,5.9675678e-09
0.407711364,5.674125e-09
0.393460767,5.380352e-09
0.39860608,5.8630327e-09
0.379864096,5.580509e-09
0.368436407,5.765276e-09
0.830435027,5.0850324e-09
0.771622451,5.2340985e-09
0.720284426,5.3962688e-09
0.801832823,5.243811e-09
0.772320934,5.3818314e-09
0.740876926,5.531425e-09
0.742028094,5.518551e-09
0.713632567,5.655517e-09
0.687698439,5.7694387e-09
0.446860586,6.2690355e-09
0.471842332,6.3288805e-09
0.495191417,6.35577e-09
0.514037519,6.3471295e-09
0.443328567,6.214397e-09
0.464499351,6.2952337e-09
0.483125193,6.3439898e-09
0.441346453,6.1485226e-09
0.457104601,6.2492536e-09
0.624306263,6.065163e-09
0.669012156,5.8742393e-09
0.714300318,5.6491274e-09
0.631923738,6.040332e-09
0.677839573,5.836189e-09
0.720284426,5.5956715e-09
0.638852752,6.009756e-09
0.647951261,5.790032e-09
0.647951261,5.9731637e-09
0.525572421,6.3404615e-09
0.564810275,6.268006e-09
0.604625344,6.1433667e-09
0.522777175,6.343771e-09
0.559827184,6.2727863e-09
0.578823858,6.1452354e-09
0.518786369,6.3457812e-09
0.578823858,6.2746204e-09
0.459375087,6.179217e-09
0.456918759,6.1856507e-09
0.47756799,6.2276984e-09
0.467119119,5.715038e-09
0.449750822,5.641253e-09
0.46865754,5.732213e-09
0.403074988,5.7670566e-09
0.362456691,5.6489786e-09
0.317453299,5.5181357e-09
0.41425361,5.743037e-09
0.374267053,5.6258496e-09
0.42920869,5.718638e-09
0.351075601,5.687962e-09
0.332870293,5.6042375e-09
0.375379438,5.7297416e-09
0.372168136,5.558111e-09
0.354239338,5.476121e-09
0.365119471,5.6016187e-09
0.454865335,6.151184e-09
0.47066214,6.2042176e-09
0.486566237,6.2488708e-09
0.464966703,6.179246e-09
0.479020508,6.2283507e-09
0.470451462,6.206315e-09
0.427506822,6.0615934e-09
0.41704403,5.9967262e-09
0.403607889,5.98155e-09
0.451306385,6.1271224e-09
0.432915424,6.0338543e-09
0.441789237,6.094703e-09
0.418685655,5.8735505e-09
0.423155777,5.826293e-09
0.402777675,5.76533e-09
0.458428826,5.8010405e-09
0.426636238,5.7393956e-09
0.465348446,5.839914e-09
0.447938251,5.8171596e-09
0.459573784,5.843549e-09
0.435624824,5.7441034e-09
0.475383603,6.3170877e-09
0.473464856,6.288913e-09
0.472198663,6.25205e-09
0.482842906,6.3021974e-09
0.480331278,6.2696737e-09
0.489212149,6.2856653e-09
0.466902002,6.3154713e-09
0.46199084,6.3139893e-09
0.457565664,6.31261e-09
0.466169809,6.2863146e-09
0.460320629,6.2838708e-09
0.464484402,6.248326e-09
0.496087409,6.309649e-09
0.511128404,6.3203336e-09
0.49937779,6.3373475e-09
0.483280782,6.3335657e-09
0.490619641,6.3224266e-09
0.492782213,6.34514e-09
0.412690207,5.834955e-09
0.426578018,5.900037e-09
0.437115242,5.9620424e-09
0.39201417,5.80056e-09
0.407712846,5.868448e-09
0.373237077,5.761863e-09
0.469923843,5.8036562e-09
0.47632896,5.8181975e-09
0.4756621,5.828794e-09
0.481848058,5.901035e-09
0.486422928,5.9094836e-09
0.487766075,5.9868714e-09
0.481842093,5.879774e-09
0.482542049,5.915779e-09
0.498384911,5.9562772e-09
0.445952205,5.854556e-09
0.476085857,5.9274927e-09
0.451985845,5.9168603e-09
0.475284447,5.9847323e-09
0.455535339,5.976352e-09
0.462270908,5.829393e-09
0.387660694,5.622349e-09
0.384877931,5.6642477e-09
0.37871067,5.702761e-09
0.39874739,5.7255183e-09
0.396251014,5.7624896e-09
0.412701186,5.8205902e-09
0.415354184,5.874974e-09
0.396540906,5.819249e-09
0.42050992,5.922043e-09
0.383259964,5.526983e-09
0.384638437,5.542518e-09
0.368244972,5.4211844e-09
0.395692753,5.6388534e-09
0.404641909,5.7425575e-09
0.397121051,5.6549805e-09
0.460676865,6.073683e-09
0.44838839,5.9992638e-09
0.428932102,5.9150556e-09
0.454232269,6.037944e-09
0.436245212,5.961298e-09
0.445000363,6.000677e-09
0.435045345,5.9086025e-09
0.435327534,6.0295458e-09
0.440157139,6.145738e-09
0.448189808,5.919127e-09
0.448740402,6.027791e-09
0.461832549,5.935687e-09
0.430960512,5.9536744e-09
0.431368483,6.007799e-09
0.433178574,6.079631e-09
0.450437904,6.2711676e-09
0.438869357,6.214419e-09
0.450985671,6.2317302e-09
0.439127551,6.1651826e-09
0.453039496,6.1857115e-09
0.441942971,6.102102e-09
0.471393959,6.1273706e-09
0.480051686,6.0389893e-09
0.476217733,5.9510534e-09
0.463053101,6.129217e-09
0.462442583,6.0317227e-09
0.451368976,6.1350995e-09
0.485258156,6.0847207e-09
0.49380567,6.0408687e-09
0.497402636,6.0009557e-09
0.471322019,6.339782e-09
0.483953641,6.349289e-09
0.496821058,6.3547554e-09
0.471939775,6.3528685e-09
0.489353211,6.356384e-09
0.482632207,6.356985e-09
0.460656105,6.338656e-09
0.463985452,6.3391776e-09
0.468104732,6.3528134e-09
0.457323985,6.328729e-09
0.465954127,6.348235e-09
0.475729211,6.356412e-09
0.460107108,6.341433e-09
0.469936857,6.3543943e-09
0.465561979,6.350516e-09
0.449065569,6.294599e-09
0.453119204,6.314673e-09
0.444847366,6.244916e-09
0.527165942,6.3561303e-09
0.560822729,6.353266e-09
0.556342922,6.3437744e-09
0.513186883,6.3513492e-09
0.520034377,6.354416e-09
0.545740566,6.337988e-09
0.457009163,6.0493686e-09
0.469427478,6.057793e-09
0.476428469,6.060648e-09
0.469879746,6.1257857e-09
0.472092807,6.1295964e-09
0.47789952,6.1924386e-09
0.468265314,6.120077e-09
0.462859538,6.085577e-09
0.47385013,6.1593193e-09
0.458174171,6.239981e-09
0.467232267,6.2264767e-09
0.475509862,6.211147e-09
0.46249627,6.1619607e-09
0.466301703,6.148068e-09
0.479577051,6.0785426e-09
0.463618269,6.169405e-09
0.450996681,6.2069665e-09
0.473594177,6.1252146e-09
0.383165099,5.4495226e-09
0.395053912,5.574205e-09
0.409526603,5.5900014e-09
0.356143823,5.564506e-09
0.33724408,5.434262e-09
0.395140617,5.5854015e-09
0.24771703,5.494037e-09
0.23364547,5.3782836e-09
0.267450739,5.5186367e-09
0.408308145,5.724697e-09
0.421639304,5.8730403e-09
0.432562969,6.0023257e-09
0.415819423,5.7418874e-09
0.425779205,5.890501e-09
0.425121405,5.758145e-09
0.425484418,5.8840826e-09
0.430249499,5.9447816e-09
0.4147419,5.8090777e-09
0.453212416,6.0544263e-09
0.442213905,6.0306835e-09
0.440029661,5.9744454e-09
0.469940039,6.147069e-09
0.478256817,6.211386e-09
0.486015241,6.2662857e-09
0.462392388,6.131639e-09
0.471250968,6.1992065e-09
0.45121232,6.11219e-09
0.476410406,6.186742e-09
0.482260828,6.2202385e-09
0.484709335,6.244815e-09
0.350458824,5.790469e-09
0.303415437,5.6900364e-09
0.280682823,5.582642e-09
0.325420749,5.7122884e-09
0.279501555,5.606486e-09
0.311365505,5.629616e-09
0.289288699,5.446489e-09
0.265392585,5.32342e-09
0.277456757,5.457777e-09
0.334565477,5.6883525e-09
0.321126424,5.6070903e-09
0.307525718,5.522583e-09
0.31143579,5.618304e-09
0.300054777,5.5339315e-09
0.287223817,5.545159e-09
0.335518038,5.723436e-09
0.305071342,5.6546012e-09
0.333456737,5.7575225e-09
0.458114927,6.219209e-09
0.456833047,6.22887e-09
0.451474356,6.239829e-09
0.468087168,6.300148e-09
0.466842896,6.309018e-09
0.490962777,6.3485786e-09
0.46296244,6.284718e-09
0.455105549,6.2546457e-09
0.476612324,6.32369e-09
0.47104811,6.3504024e-09
0.482446767,6.349867e-09
0.457428072,6.312307e-09
0.498391331,6.3481815e-09
0.516697693,6.3318364e-09
0.540208592,6.312334e-09
0.503525601,6.3228858e-09
0.507361265,6.299897e-09
0.504080053,6.2829772e-09
0.483221933,6.3540493e-09
0.490336414,6.3513053e-09
0.498351571,6.3271504e-09
0.488256705,6.353317e-09
0.501886903,6.321929e-09
0.501521588,6.3528094e-09
0.592393695,6.286095e-09
0.655658104,6.275844e-09
0.594780305,6.2492878e-09
0.541793065,6.2723498e-09
0.530941473,6.231066e-09
0.502263838,6.252715e-09
0.476390909,6.3052545e-09
0.501692109,6.347307e-09
0.553409254,6.355186e-09
0.483399434,6.291766e-09
0.508536885,6.338571e-09
0.489730008,6.2768963e-09
0.497934484,6.2992673e-09
0.529563579,6.3497008e-09
0.505089388,6.317525e-09
0.480979728,6.338133e-09
0.499959848,6.355343e-09
0.519143197,6.356968e-09
0.371447894,5.7109344e-09
0.414611088,5.7296523e-09
0.429699075,5.7470135e-09
0.43370422,5.860801e-09
0.453809043,5.8758824e-09
0.462124592,5.991029e-09
0.392920587,5.863443e-09
0.376678264,5.789469e-09
0.434195097,5.9304157e-09
0.438700456,5.8846696e-09
0.435593357,6.001635e-09
0.45067683,5.9978467e-09
0.437419073,6.043677e-09
0.417273342,5.966833e-09
0.386578919,5.8823786e-09
0.444237227,6.027219e-09
0.421684175,5.9491527e-09
0.45337781,6.009673e-09
0.460931452,6.1124465e-09
0.448055376,6.1144214e-09
0.443084808,6.1134324e-09
0.46449236,6.2081638e-09
0.458637235,6.2062977e-09
0.473896559,6.2799024e-09
0.47832114,6.273093e-09
0.472917109,6.2775594e-09
0.462760095,6.2040626e-09
0.53942832,6.3549748e-09
0.496487857,6.351916e-09
0.481914884,6.325596e-09
0.506200401,6.349878e-09
0.482630838,6.322412e-09
0.494578775,6.3175047e-09
0.553397956,6.3544174e-09
0.5267489,6.350301e-09
0.56297967,6.3544845e-09
0.362704154,5.77846e-09
0.364703661,5.811584e-09
0.370100778,5.8435456e-09
0.386859664,5.8630105e-09
0.389991812,5.893968e-09
0.402467432,5.9417284e-09
0.425966322,6.0117413e-09
0.416933144,5.9777308e-09
0.401256913,5.9313816e-09
0.301958645,5.452562e-09
0.308933461,5.4694085e-09
0.276382002,5.332989e-09
0.320249574,5.55338e-09
0.342713725,5.664767e-09
0.362358168,5.7690728e-09
0.326105884,5.568837e-09
0.346027687,5.6784106e-09
0.329448336,5.5837197e-09
0.351728886,5.7161906e-09
0.357046458,5.7431118e-09
0.335152199,5.63639e-09
0.371828213,5.8044254e-09
0.387386233,5.8871237e-09
0.375368555,5.8294525e-09
0.519225839,6.244937e-09
0.553380192,6.19658e-09
0.596791645,6.139917e-09
0.525937519,6.295788e-09
0.559220194,6.263159e-09
0.52322133,6.3434675e-09
0.601932678,6.3073093e-09
0.552627797,6.3271255e-09
0.605932343,6.2216143e-09
0.525929184,6.092644e-09
0.528020159,6.145161e-09
0.513911045,6.2120242e-09
0.487139185,6.144619e-09
0.492517204,6.194155e-09
0.502537365,6.1846577e-09
0.590564541,6.09371e-09
0.548649002,6.1590253e-09
0.572030191,6.0838747e-09
0.530678367,6.179937e-09
0.589119035,6.1798984e-09
0.532417725,6.1558705e-09
0.510612886,6.126557e-09
0.498005813,6.108869e-09
0.498524148,6.14906e-09
0.610281451,6.2977774e-09
0.639975538,6.18946e-09
0.63956106,6.0803247e-09
0.654603737,6.1680248e-09
0.667642462,6.0275727e-09
0.68767097,5.9908496e-09
0.607390664,6.295744e-09
0.615940735,6.294482e-09
0.665619928,6.1599823e-09
0.486132318,6.2629995e-09
0.47441508,6.1895773e-09
0.466669654,6.098749e-09
0.484187436,6.2707257e-09
0.470784286,6.2001706e-09
0.479443463,6.276322e-09
0.462515643,6.1302283e-09
0.465178967,6.1150582e-09
0.476996203,6.203368e-09
0.442924601,6.08417e-09
0.446209005,6.122134e-09
0.448116371,6.157562e-09
0.431548376,6.053848e-09
0.433377627,6.0934573e-09
0.418782688,6.0214216e-09
0.466544157,6.1979355e-09
0.46460298,6.1653833e-09
0.481706429,6.233028e-09
0.503786951,6.332334e-09
0.503131416,6.335331e-09
0.500514438,6.3371632e-09
0.532101969,6.3569554e-09
0.537124289,6.356789e-09
0.579342256,6.321207e-09
0.552187501,6.3476775e-09
0.57076852,6.3360637e-09
0.521474517,6.3562364e-09
0.618521956,6.263937e-09
0.669782982,6.1037206e-09
0.628817097,6.2288845e-09
0.323780688,5.5027964e-09
0.33460947,5.5189826e-09
0.306059157,5.381841e-09
0.406493014,6.0034098e-09
0.410831887,6.060374e-09
0.415337304,6.1127157e-09
0.394268501,5.9518723e-09
0.399361794,6.0119265e-09
0.382370146,5.89712e-09
0.435545033,6.1439427e-09
0.423810631,6.1289893e-09
0.420870906,6.0775576e-09
0.339260551,5.63064e-09
0.360868386,5.764474e-09
0.37890247,5.8869616e-09
0.348183923,5.6443894e-09
0.368124312,5.775227e-09
0.361145283,5.6571463e-09
0.366345382,5.8106435e-09
0.372820376,5.8499277e-09
0.35184708,5.7226264e-09
0.390855921,5.968691e-09
0.385851085,5.933991e-09
0.402265584,6.044306e-09
0.331719388,5.4239e-09
0.34922254,5.5498535e-09
0.339211183,5.5641602e-09
0.28804762,5.4354627e-09
0.31293832,5.5623723e-09
0.305050575,5.5476312e-09
0.54978542,6.027809e-09
0.5839487,5.9494503e-09
0.630529941,5.858423e-09
0.595829929,6.0076526e-09
0.623141472,5.9190026e-09
0.627536806,6.016437e-09
0.657803954,5.8179657e-09
0.678986892,5.8526397e-09
0.652578039,5.93205e-09
0.511260165,6.1201417e-09
0.508845681,6.0888454e-09
0.519080458,6.050192e-09
0.50585932,6.0893286e-09
0.518084883,6.0431957e-09
0.516466991,6.0575456e-09
0.599196749,5.9206573e-09
0.541587456,5.9953362e-09
0.550880958,5.987127e-09
0.572603896,6.1841785e-09
0.545216764,6.1750156e-09
0.523829967,6.1516183e-09
0.510583714,6.1092753e-09
0.515577961,6.132756e-09
0.528040252,6.1631957e-09
0.700655347,5.7479967e-09
0.685484791,5.9799063e-09
0.637181746,6.18908e-09
0.706040764,5.823705e-09
0.678919392,6.0404832e-09
0.698493529,5.9056697e-09
0.725469235,5.5711937e-09
0.715211454,5.6349445e-09
0.699784104,5.7833867e-09
0.696996603,5.666913e-09
0.68771975,5.723633e-09
0.667223955,5.764516e-09
0.718605774,5.6018576e-09
0.718687573,5.688805e-09
0.736366134,5.5455747e-09
0.463258221,6.237828e-09
0.482063039,6.2998713e-09
0.503446507,6.34118e-09
0.452030794,6.227122e-09
0.471627555,6.2923067e-09
0.44034666,6.215155e-09
0.493149476,6.295549e-09
0.516578676,6.3489205e-09
0.549209356,6.3497705e-09
0.497443022,6.3217547e-09
0.529787214,6.356589e-09
0.480368553,6.2693437e-09
0.611572168,6.022054e-09
0.581171225,6.2439796e-09
0.545687999,6.348512e-09
0.621991369,6.149649e-09
0.576290727,6.313264e-09
0.609069067,6.2523267e-09
0.674030577,5.826219e-09
0.642851846,5.9206413e-09
0.652832472,6.0643783e-09
0.364707903,5.6903513e-09
0.368198872,5.8329785e-09
0.376320681,5.96247e-09
0.355073958,5.7013363e-09
0.357515746,5.8401683e-09
0.340396633,5.7110214e-09
0.384524379,5.9141643e-09
0.382318671,5.939293e-09
0.373514569,5.8052403e-09
0.398571449,6.0260716e-09
0.416920122,6.1457177e-09
0.436103368,6.243333e-09
0.399913366,6.048842e-09
0.418139167,6.1646315e-09
0.398697924,6.0698273e-09
0.421452499,6.161018e-09
0.429021087,6.204549e-09
0.409920741,6.0973235e-09
0.44722277,6.253646e-09
0.477616071,6.3192895e-09
0.451530868,6.286854e-09
0.322667766,5.485697e-09
0.303109211,5.403897e-09
0.31845573,5.5090994e-09
0.338522431,5.42695e-09
0.321567784,5.362113e-09
0.33234701,5.4447202e-09
0.331499432,5.72076e-09
0.355672384,5.852509e-09
0.386160585,5.973752e-09
0.330537016,5.703067e-09
0.364910241,5.832684e-09
0.340284791,5.685277e-09
0.345873301,5.8470864e-09
0.367735926,5.967636e-09
0.373429011,5.9713607e-09
0.340378902,5.6253926e-09
0.366394534,5.7120784e-09
0.389446427,5.7939546e-09
0.344315731,5.6002674e-09
0.369338662,5.685766e-09
0.347931392,5.5755254e-09
0.390436706,5.853959e-09
0.3682346,5.7720646e-09
0.39051908,5.9141674e-09
0.546245152,6.0020264e-09
0.59309865,5.9437677e-09
0.629502209,5.8750804e-09
0.609330109,5.9194134e-09
0.645495609,5.840351e-09
0.653266414,5.8335345e-09
0.700669837,5.6524834e-09
0.676490346,5.745177e-09
0.670701888,5.7613523e-09
0.51200908,6.204766e-09
0.493583806,6.1946306e-09
0.507878182,6.180535e-09
0.509303848,6.1455543e-09
0.511693828,6.1224825e-09
0.515902166,6.0772143e-09
0.581584669,5.9911667e-09
0.539458995,6.038623e-09
0.537194287,6.0942145e-09
0.523580876,6.2554744e-09
0.580563148,6.295275e-09
0.514780187,6.297595e-09
0.488909422,6.2502328e-09
0.488987493,6.253693e-09
0.493123358,6.2995573e-09
0.69652873,5.5933285e-09
0.720764027,5.491461e-09
0.743764945,5.485876e-09
0.698008166,5.4659033e-09
0.720176492,5.4189044e-09
0.701135953,5.377116e-09
0.669684549,5.660323e-09
0.679734808,5.510321e-09
0.644932755,5.7533294e-09
0.729752873,5.5477027e-09
0.702062047,5.663437e-09
0.659219038,5.793415e-09
0.724632929,5.563081e-09
0.683188966,5.7034915e-09
0.712144215,5.6095466e-09
0.719210894,5.3794413e-09
0.738367557,5.4568168e-09
0.728724999,5.4717364e-09
0.673864752,5.5855573e-09
0.646093704,5.730759e-09
0.619508942,5.879647e-09
0.690444529,5.47372e-09
0.665471281,5.6057936e-09
0.694251802,5.402282e-09
0.462617411,6.334496e-09
0.485491569,6.351815e-09
0.514865836,6.3569696e-09
0.48677313,6.3532637e-09
0.511785597,6.3357377e-09
0.518973169,6.2705654e-09
0.575352251,6.1137486e-09
0.544175358,6.199125e-09
0.54506982,6.297892e-09
0.630762293,5.844012e-09
0.573122661,6.090768e-09
0.594480018,5.98526e-09
0.398625133,6.097864e-09
0.426756591,6.212337e-09
0.449778868,6.299896e-09
0.400250269,6.10098e-09
0.429728461,6.214699e-09
0.405581344,6.1028396e-09
0.438896892,6.264524e-09
0.444229395,6.2833423e-09
0.422213277,6.189591e-09
0.465500003,6.351912e-09
0.462817902,6.3447656e-09
0.483170702,6.345356e-09
0.359923641,5.4890843e-09
0.353144031,5.50736e-09
0.347084993,5.525854e-09
0.376067577,5.5669287e-09
0.368593527,5.58592e-09
0.392174878,5.6433502e-09
0.387773179,5.6928124e-09
0.368185683,5.6354463e-09
0.387374237,5.7430554e-09
0.36029845,5.4394644e-09
0.377344256,5.4682996e-09
0.352013852,5.3832756e-09
0.377179386,5.5173803e-09
0.392932907,5.593697e-09
0.394401716,5.54459e-09
0.434357149,5.8932303e-09
0.422600483,5.811016e-09
0.408713002,5.727771e-09
0.416682605,5.861453e-09
0.404932126,5.7777663e-09
0.401773187,5.8284275e-09
0.416908243,6.312366e-09
0.411890635,6.2251373e-09
0.408499686,6.1088636e-09
0.433302491,6.308855e-09
0.424234965,6.2203003e-09
0.446060618,6.3047265e-09
0.409313767,5.9199126e-09
0.404589463,5.9794347e-09
0.405603807,6.037844e-09
0.418456982,6.040153e-09
0.406336222,6.097056e-09
0.416541019,6.1516894e-09
0.431516147,5.9823133e-09
0.420257077,5.9516934e-09
0.427167624,6.069325e-09
0.396379686,6.2693526e-09
0.398458148,6.2149037e-09
0.401517746,6.164581e-09
0.61465616,5.927226e-09
0.573213884,6.0522356e-09
0.5339037,6.1576277e-09
0.596642589,5.9990932e-09
0.556911252,6.126385e-09
0.574521887,6.0848e-09
0.614455373,5.938757e-09
0.665594457,5.7754614e-09
0.637091526,5.855908e-09
0.505846619,6.2413235e-09
0.489823397,6.2987846e-09
0.485875289,6.3327836e-09
0.494692171,6.295981e-09
0.47201616,6.3344197e-09
0.468658264,6.334961e-09
0.533444405,6.207764e-09
0.523311151,6.227848e-09
0.496565453,6.290202e-09
0.502530467,6.3498184e-09
0.53996648,6.355742e-09
0.503064249,6.3566947e-09
0.463577914,6.3533903e-09
0.466144998,6.3518737e-09
0.484158744,6.356982e-09
0.709152957,5.67417e-09
0.655641368,5.853132e-09
0.594992903,6.022259e-09
0.706390387,5.756768e-09
0.636403807,5.9446887e-09
0.677427355,5.853744e-09
0.723891345,5.4835603e-09
0.734477705,5.5460454e-09
0.735112654,5.627364e-09
0.733168642,5.3719114e-09
0.760340334,5.426684e-09
0.751695173,5.288005e-09
0.709142506,5.318053e-09
0.71934301,5.3643903e-09
0.722072999,5.2902336e-09
0.704111596,5.3652403e-09
0.709800828,5.3192415e-09
0.722146444,5.270428e-09
0.672084164,5.584592e-09
0.660722329,5.5898974e-09
0.640626877,5.60092e-09
0.634476347,5.8493526e-09
0.610177544,5.8597274e-09
0.564837948,6.097947e-09
0.695687748,5.3581157e-09
0.732768452,5.2562568e-09
0.689356024,5.3575895e-09
0.438414189,6.3537455e-09
0.451301868,6.352382e-09
0.459976149,6.3505543e-09
0.464319682,6.3451626e-09
0.468178035,6.3480456e-09
0.49091449,6.2784014e-09
0.494051435,6.273405e-09
0.478309104,6.3463514e-09
0.507792927,6.270747e-09
0.531632658,6.1062955e-09
0.544126468,6.100081e-09
0.589781651,5.864311e-09
0.417136742,5.6943446e-09
0.441862491,5.743278e-09
0.440133986,5.7904854e-09
0.41956924,5.6450915e-09
0.436377197,5.694321e-09
0.421546875,5.5964566e-09
0.443522392,5.858616e-09
0.44239473,5.8243366e-09
0.433847646,5.7769087e-09
0.420248265,5.531049e-09
0.42752625,5.564374e-09
0.399215407,5.4644738e-09
0.433466332,5.628924e-09
0.43804039,5.724756e-09
0.434504864,5.6600156e-09
0.441689915,5.958209e-09
0.438488535,6.02114e-09
0.436502534,6.0817476e-09
0.440508345,5.9235075e-09
0.435369314,5.986574e-09
0.437399145,5.888966e-09
0.438719473,6.0454903e-09
0.433159807,6.129312e-09
0.439713049,6.105926e-09
0.41618529,6.342731e-09
0.432225194,6.356489e-09
0.451873661,6.3507177e-09
0.398598649,6.312692e-09
0.413665148,6.3427135e-09
0.407235545,6.2683534e-09
0.447139185,6.355007e-09
0.482146348,6.3100107e-09
0.470765352,6.33466e-09
0.442118274,6.3034653e-09
0.433363643,6.2610472e-09
0.424111806,6.2098278e-09
0.433662573,6.339519e-09
0.419441656,6.309771e-09
0.425743088,6.3561907e-09
0.442358015,6.2420313e-09
0.439907263,6.1663012e-09
0.438432842,6.1887304e-09
0.541546997,6.174664e-09
0.497465414,6.277227e-09
0.4720074,6.332622e-09
0.505796798,6.256543e-09
0.480982978,6.3273924e-09
0.503978774,6.31744e-09
0.557920444,6.1252345e-09
0.53654517,6.222042e-09
0.601544398,6.059649e-09
0.52069453,6.3538628e-09
0.511631319,6.3496346e-09
0.519773154,6.3523045e-09
0.480860237,6.348543e-09
0.490817167,6.3513803e-09
0.503756381,6.3539054e-09
0.490879293,6.3435657e-09
0.506119434,6.3483694e-09
0.491628516,6.344028e-09
0.481536035,6.356719e-09
0.477426903,6.3561654e-09
0.469364771,6.354112e-09
0.478180145,6.353307e-09
0.473451714,6.354138e-09
0.474370128,6.355715e-09
0.610129326,6.2104086e-09
0.633192529,6.098993e-09
0.646199922,5.9755907e-09
0.579162176,6.2627072e-09
0.587748186,6.1699157e-09
0.537362128,6.2967045e-09
0.703801489,5.756566e-09
0.684525149,5.882247e-09
0.671310527,6.0137615e-09
0.734208591,5.65629e-09
0.718480201,5.780302e-09
0.76407455,5.5586415e-09
0.781775815,5.441191e-09
0.785853911,5.347433e-09
0.756134646,5.530334e-09
0.821583504,5.228288e-09
0.792011915,5.232974e-09
0.775279916,5.2526383e-09
0.838881504,5.2676827e-09
0.805959944,5.3019265e-09
0.812790311,5.387212e-09
0.6866166,5.4000964e-09
0.737946468,5.255757e-09
0.750678424,5.2740985e-09
0.510199324,6.2609944e-09
0.52246764,6.213127e-09
0.52876476,6.1597665e-09
0.575242176,6.069399e-09
0.575548914,5.9978724e-09
0.637103353,5.808931e-09
0.575137353,5.9294387e-09
0.628345173,5.662608e-09
0.630936775,5.7325305e-09
0.701117006,5.5129448e-09
0.692552893,5.450764e-09
0.766534086,5.303834e-09
0.432567482,5.8373044e-09
0.424630122,5.882645e-09
0.418379859,5.9266236e-09
0.431442933,5.771972e-09
0.42585538,5.8176215e-09
0.431159098,5.7076877e-09
0.428841596,5.934369e-09
0.427337798,6.0302883e-09
0.420531302,5.978342e-09
0.412046526,5.6365157e-09
0.402081032,5.6748766e-09
0.388678268,5.561882e-09
0.422157554,5.7453993e-09
0.420875593,5.8532827e-09
0.413751419,5.78154e-09
0.433303585,6.157556e-09
0.428532999,6.2258056e-09
0.424283479,6.283504e-09
0.420357624,6.1082157e-09
0.413325073,6.180385e-09
0.410139759,6.057333e-09
0.446612762,6.297654e-09
0.437937744,6.2910015e-09
0.440754192,6.2343095e-09
0.453596502,6.3547274e-09
0.481653789,6.3330816e-09
0.526872055,6.224053e-09
0.456048731,6.3531687e-09
0.481476246,6.3376855e-09
0.447386628,6.3509575e-09
0.456852916,6.353019e-09
0.472967099,6.3262515e-09
0.504669692,6.2836003e-09
0.544959479,6.1901737e-09
0.622751037,5.961142e-09
0.577101613,6.1038206e-09
0.514254831,6.3565384e-09
0.499872614,6.3524594e-09
0.49729002,6.3501586e-09
0.543348238,6.355279e-09
0.537743607,6.3569106e-09
0.575979907,6.345119e-09
0.601494461,6.2604584e-09
0.599629756,6.318147e-09
0.653789585,6.2065104e-09
0.67371766,5.921826e-09
0.708804728,5.7930643e-09
0.739334949,5.6708207e-09
0.663741213,6.037045e-09
0.697994792,5.9077463e-09
0.641690349,6.1348877e-09
0.473905962,6.3461796e-09
0.464337748,6.344819e-09
0.454996347,6.3452426e-09
0.474276953,6.3557266e-09
0.482282926,6.3563137e-09
0.499085943,6.3507253e-09
0.519687455,6.3434196e-09
0.491456765,6.3569847e-09
0.545432506,6.327988e-09
0.459300562,6.3239494e-09
0.465428639,6.333509e-09
0.473187168,6.3420456e-09
0.47401671,6.332071e-09
0.480007433,6.342308e-09
0.49588819,6.3441727e-09
0.472034927,6.3372583e-09
0.454769826,6.329881e-09
0.472964242,6.33841e-09
0.440617894,6.3301444e-09
0.45543894,6.3336967e-09
0.444028499,6.3228307e-09
0.516893159,6.355902e-09
0.546713075,6.3373053e-09
0.577654534,6.289244e-09
0.484586977,6.3557017e-09
0.515314466,6.353464e-09
0.463118518,6.35035e-09
0.609741855,6.234164e-09
0.580864336,6.30552e-09
0.631281965,6.1522885e-09
0.602343215,5.800153e-09
0.588797953,6.0077454e-09
0.632958249,5.7004295e-09
0.675313909,4.9856e-09
0.645022175,5.269696e-09
0.692085718,4.8320343e-09
0.718063361,5.6894898e-09
0.765164318,5.488826e-09
0.814245117,5.3352283e-09
0.752960555,5.5766343e-09
0.804413677,5.399004e-09
0.787952747,5.4742038e-09
0.893319562,5.2375615e-09
0.847840971,5.32471e-09
0.856339567,5.276464e-09
0.705592694,5.628241e-09
0.787201188,5.4684985e-09
0.837363435,5.3488702e-09
0.682934579,5.7863923e-09
0.749500493,5.612877e-09
0.626329285,5.949314e-09
0.790250497,5.3735434e-09
0.854615493,5.2437747e-09
0.886176156,5.2832463e-09
0.855287757,5.2468145e-09
0.871169373,5.238753e-09
0.888902254,5.228136e-09
0.41124796,5.988828e-09
0.405498191,6.0481398e-09
0.397513131,6.1041647e-09
0.414975412,5.915917e-09
0.411968032,5.975966e-09
0.408558733,5.8443494e-09
0.402974373,6.115497e-09
0.40373027,6.2304615e-09
0.394406607,6.1694787e-09
0.379459578,5.7550653e-09
0.371411125,5.7963394e-09
0.354493822,5.6722915e-09
0.39496544,5.8847776e-09
0.396489444,6.013289e-09
0.382687559,5.9231016e-09
0.429041861,6.3333e-09
0.448203735,6.3562116e-09
0.470013681,6.3457346e-09
0.407018798,6.2950583e-09
0.414639403,6.339344e-09
0.391285407,6.2438548e-09
0.468477006,6.353807e-09
0.513963802,6.2769643e-09
0.497447017,6.3185217e-09
0.526161492,6.230789e-09
0.551166179,6.159815e-09
0.569088191,6.080812e-09
0.578186654,5.999268e-09
0.602597184,5.9010135e-09
0.630715079,5.7089875e-09
0.702289249,5.5651075e-09
0.678079861,5.752772e-09
0.78312215,5.443554e-09
0.726719703,5.626331e-09
0.74848887,5.5169926e-09
0.779581052,5.4190483e-09
0.700115744,5.7238334e-09
0.728618497,5.6005396e-09
0.683825405,5.8240026e-09
0.56562338,6.1978334e-09
0.572851929,6.069402e-09
0.584397763,5.873187e-09
0.549569074,6.241091e-09
0.556811781,6.126657e-09
0.53604999,6.278517e-09
0.519999324,6.3485377e-09
0.542524035,6.3564802e-09
0.558864846,6.3549535e-09
0.54385555,6.354291e-09
0.573182979,6.34116e-09
0.565083736,6.301578e-09
0.528579339,6.343529e-09
0.524925005,6.35694e-09
0.544756332,6.3258168e-09
0.537911259,6.3559313e-09
0.528528466,6.339183e-09
0.499777308,6.3174728e-09
0.530662478,6.352002e-09
0.525595278,6.3351653e-09
0.521341744,6.347797e-09
0.500723392,6.332837e-09
0.493942739,6.3185484e-09
0.472678304,6.320644e-09
0.511806551,6.3340937e-09
0.503600514,6.323273e-09
0.532423088,6.348672e-09
0.599333085,6.2208843e-09
0.624874459,6.13335e-09
0.647621984,6.0310263e-09
0.573763513,6.301402e-09
0.604943373,6.2385146e-09
0.552117368,6.3420624e-09
0.643203665,6.0351995e-09
0.683586756,5.8217484e-09
0.663078487,5.930258e-09
0.667235571,5.9229452e-09
0.688326768,5.8184333e-09
0.709034469,5.719375e-09
0.639968448,6.036489e-09
0.662650522,5.9286713e-09
0.619147933,6.138218e-09
0.466037865,6.298346e-09
0.431397616,6.290734e-09
0.41239357,6.296196e-09
0.459674514,6.305667e-09
0.4278498,6.3029404e-09
0.451229081,6.312847e-09
0.422796348,6.329256e-09
0.431927444,6.316141e-09
0.415222348,6.312867e-09
0.453672903,6.344343e-09
0.438712734,6.3350107e-09
0.417643215,6.317256e-09
0.450109131,6.348002e-09
0.471721092,6.353698e-09
0.499229969,6.3567454e-09
0.426672737,6.325284e-09
0.437938992,6.335404e-09
0.413964235,6.3060575e-09
0.497611024,6.3562693e-09
0.552475802,6.322801e-09
0.523298886,6.3518657e-09
0.672267227,5.0219793e-09
0.638162684,5.3513944e-09
0.605048026,5.6384026e-09
0.641315761,5.3114824e-09
0.608940831,5.5971854e-09
0.610946337,5.5541145e-09
0.56465143,5.95558e-09
0.54380943,6.1603194e-09
0.572305218,5.915271e-09
0.717820533,4.519198e-09
0.756066377,4.0529375e-09
0.728953731,4.37155e-09
0.682873447,4.9006195e-09
0.694371991,4.768491e-09
0.648589691,5.2500204e-09
0.527566718,6.2891106e-09
0.540415536,6.1694796e-09
0.571003375,5.954569e-09
0.521648208,6.2983165e-09
0.547475073,6.1762786e-09
0.527372947,6.306013e-09
0.726981168,5.4169202e-09
0.803381286,5.3272267e-09
0.841686903,5.268096e-09
0.805996247,5.2635754e-09
0.839516732,5.237827e-09
0.829523204,5.244426e-09
0.782366055,5.4459703e-09
0.815983269,5.314733e-09
0.801286115,5.3624136e-09
0.829789889,5.262594e-09
0.825214019,5.2937015e-09
0.848695993,5.2346047e-09
0.383775952,6.1652745e-09
0.377820695,6.219977e-09
0.387639475,6.2671517e-09
0.375333921,6.0773986e-09
0.375353144,6.1368146e-09
0.380668153,5.9883334e-09
0.387001248,6.290053e-09
0.42689374,6.3552923e-09
0.407157158,6.3253585e-09
0.384141682,5.8866183e-09
0.386801584,5.9341e-09
0.366746835,5.787902e-09
0.389103168,6.0347007e-09
0.386917646,6.1764003e-09
0.394857467,6.0771033e-09
0.492095806,6.3059713e-09
0.521537298,6.2369194e-09
0.563856243,6.1409584e-09
0.456400516,6.3521632e-09
0.491216594,6.3234045e-09
0.431295212,6.3507155e-09
0.546945019,6.12889e-09
0.604795326,5.8556924e-09
0.584684738,6.004238e-09
0.729720697,5.425951e-09
0.680114946,5.6384755e-09
0.624625945,5.899287e-09
0.700279284,5.503427e-09
0.64327886,5.7432126e-09
0.661369568,5.598902e-09
0.767311914,5.303775e-09
0.744928564,5.3503877e-09
0.804596692,5.2469997e-09
0.786246374,5.48961e-09
0.809728753,5.3809806e-09
0.822472751,5.2952487e-09
0.774926995,5.5339653e-09
0.79999941,5.4124345e-09
0.751921635,5.5799885e-09
0.71243657,5.756662e-09
0.757986013,5.6106155e-09
0.73315725,5.665171e-09
0.516207717,6.350196e-09
0.494724302,6.3490857e-09
0.466459407,6.3047665e-09
0.508850586,6.354746e-09
0.487019626,6.323687e-09
0.502566764,6.338361e-09
0.502928968,6.356158e-09
0.48616261,6.342202e-09
0.509585595,6.353948e-09
0.484312546,6.3057084e-09
0.464395407,6.258085e-09
0.445165906,6.2262786e-09
0.474634831,6.295456e-09
0.452844875,6.2629684e-09
0.467061959,6.2936114e-09
0.441561597,6.276951e-09
0.431665435,6.2520598e-09
0.417950011,6.2757612e-09
0.458813279,6.253789e-09
0.461296197,6.227715e-09
0.476709752,6.2821224e-09
0.669599576,5.8893455e-09
0.721434782,5.731867e-09
0.760846203,5.600015e-09
0.671764234,5.9015703e-09
0.718898516,5.745e-09
0.672960092,5.913034e-09
0.578791616,6.27458e-09
0.526674228,6.345405e-09
0.474640224,6.3554957e-09
0.550083055,6.3139867e-09
0.498885663,6.355696e-09
0.516339654,6.3401973e-09
0.617469075,6.1092806e-09
0.598521465,6.2042735e-09
0.567829101,6.259595e-09
0.614675759,6.1027556e-09
0.558368176,6.2574896e-09
0.61077596,6.0955103e-09
0.435050994,6.271268e-09
0.417366238,6.2790213e-09
0.414672834,6.2874594e-09
0.428390915,6.2392638e-09
0.420999028,6.258339e-09
0.428924946,6.223241e-09
0.426978425,6.327869e-09
0.416927875,6.3031163e-09
0.415606213,6.301789e-09
0.44023346,6.340034e-09
0.438071774,6.3133143e-09
0.462659099,6.351532e-09
0.615069101,5.5943836e-09
0.655304911,5.1784315e-09
0.707268007,4.672241e-09
0.627502579,5.5419824e-09
0.673570721,5.0993165e-09
0.648670391,5.4821387e-09
0.598905039,5.902094e-09
0.559965553,6.168499e-09
0.585813626,5.9315077e-09
0.769032994,4.0063615e-09
0.815046819,3.398465e-09
0.806804013,3.8005608e-09
0.741122519,4.4763544e-09
0.778929492,4.281065e-09
0.711090386,4.926741e-09
0.509532121,6.3538477e-09
0.490408395,6.3470718e-09
0.478690355,6.30188e-09
0.485175424,6.343749e-09
0.465748191,6.299336e-09
0.461502223,6.300621e-09
0.564064758,6.244517e-09
0.552411242,6.2719714e-09
0.538104067,6.2918795e-09
0.588659337,6.0721783e-09
0.575480212,6.126283e-09
0.61567692,5.8161165e-09
0.531529432,6.346361e-09
0.502342492,6.349291e-09
0.519546732,6.351188e-09
0.762769515,5.307494e-09
0.793542363,5.2509717e-09
0.8213297,5.249059e-09
0.789884553,5.257355e-09
0.812375607,5.254234e-09
0.803739061,5.260741e-09
0.814278126,5.3810685e-09
0.816827179,5.302917e-09
0.827319075,5.2993188e-09
0.410275384,5.9997523e-09
0.39718887,5.921433e-09
0.414873941,6.0172454e-09
0.41745654,6.0372556e-09
0.413936348,5.934216e-09
0.409397208,6.0399326e-09
0.390156204,5.8942686e-09
0.401070629,6.0020944e-09
0.412815959,6.02276e-09
0.410621781,6.1459686e-09
0.446668192,6.2899006e-09
0.486934428,6.356981e-09
0.421024978,6.1632814e-09
0.438047368,6.2989614e-09
0.417064631,6.1771503e-09
0.419777145,6.3156884e-09
0.468674531,6.3463212e-09
0.416320177,6.239169e-09
0.478790979,6.3556933e-09
0.542763213,6.2600023e-09
0.519561803,6.3336967e-09
0.699215416,5.583488e-09
0.61341816,5.949987e-09
0.545117409,6.2564816e-09
0.657654992,5.762139e-09
0.580120607,6.1251337e-09
0.621105084,5.960102e-09
0.720168719,5.4701723e-09
0.7114235,5.52239e-09
0.674455111,5.696945e-09
0.754843758,5.3370384e-09
0.781660884,5.272564e-09
0.752071824,5.374485e-09
0.786371068,5.495661e-09
0.782127875,5.4989977e-09
0.789507936,5.5028044e-09
0.811971337,5.389124e-09
0.808725514,5.3956044e-09
0.809619592,5.3128915e-09
0.707671918,5.7385208e-09
0.747279743,5.607512e-09
0.751498638,5.6038436e-09
0.418449826,6.1388032e-09
0.429943723,6.1656364e-09
0.443676994,6.196252e-09
0.427981772,6.1860645e-09
0.442729269,6.204668e-09
0.436081922,6.245387e-09
0.455732447,6.226969e-09
0.432555059,6.168916e-09
0.437087082,6.234343e-09
0.434170518,6.1642007e-09
0.442267458,6.202178e-09
0.448974655,6.2385914e-09
0.424178376,6.1771535e-09
0.427208351,6.208857e-09
0.432093792,6.198823e-09
0.425400995,6.140734e-09
0.423395598,6.1643557e-09
0.419090872,6.1305703e-09
0.634130625,5.9982015e-09
0.579787107,6.1925163e-09
0.530401591,6.31457e-09
0.614842482,6.110829e-09
0.563000993,6.272454e-09
0.599497437,6.2138565e-09
0.679485859,5.839284e-09
0.656483078,5.957775e-09
0.721807211,5.692281e-09
0.443539989,6.1902905e-09
0.437957714,6.233846e-09
0.450325358,6.2894787e-09
0.453751506,6.2328356e-09
0.45020783,6.2775922e-09
0.458361623,6.271749e-09
0.489048881,6.356728e-09
0.459213596,6.3232606e-09
0.472570183,6.3357466e-09
0.538629322,6.3443713e-09
0.512651488,6.3551084e-09
0.487560616,6.346045e-09
0.477738407,6.1232304e-09
0.454498488,6.1200787e-09
0.431632983,6.1259344e-09
0.476088314,6.178187e-09
0.454625582,6.168994e-09
0.47674145,6.241326e-09
0.676256004,5.4238116e-09
0.74255043,4.8502242e-09
0.809750905,4.2046286e-09
0.706912114,5.3687317e-09
0.77245746,4.789123e-09
0.737952942,5.3263447e-09
0.608793609,6.0534493e-09
0.642835361,5.778722e-09
0.672799902,5.7418776e-09
0.858132022,3.3580658e-09
0.893868661,2.6523697e-09
0.875815849,3.1395189e-09
0.829650739,3.965796e-09
0.849388092,3.7586134e-09
0.799968428,4.5757957e-09
0.554688179,6.316221e-09
0.604483543,6.186694e-09
0.670396509,5.943221e-09
0.545281012,6.352053e-09
0.600114719,6.283686e-09
0.536123894,6.3541075e-09
0.522248334,6.3565344e-09
0.513563291,6.338146e-09
0.500120463,6.3181975e-09
0.487253355,6.191727e-09
0.493346909,6.2581647e-09
0.500090185,6.284808e-09
0.378490753,5.9454734e-09
0.360607003,5.8710796e-09
0.393188934,5.963474e-09
0.420492705,6.114163e-09
0.402901768,6.053255e-09
0.384143064,5.9894845e-09
0.413511112,6.070161e-09
0.397970529,6.0089893e-09
0.408616527,6.0245355e-09
0.43163113,6.14588e-09
0.424556585,6.1012915e-09
0.41783224,6.054821e-09
0.440416866,6.1747225e-09
0.432421294,6.1297785e-09
0.447582929,6.2011547e-09
0.436318537,6.1488064e-09
0.42393215,6.075232e-09
0.427472438,6.0917382e-09
0.850240098,5.295034e-09
0.804427148,5.3169105e-09
0.756786433,5.4085025e-09
0.818082658,5.2775158e-09
0.78521125,5.2911124e-09
0.801556774,5.2666915e-09
0.825425172,5.3104747e-09
0.83859902,5.384099e-09
0.859926517,5.312671e-09
0.427721909,6.150314e-09
0.419350795,6.157586e-09
0.410292741,6.161955e-09
0.442415162,6.260664e-09
0.436247377,6.2683223e-09
0.477881042,6.340855e-09
0.458533535,6.2578476e-09
0.441769592,6.2073604e-09
0.465765564,6.3057914e-09
0.427237737,6.2855556e-09
0.473143375,6.355615e-09
0.474526965,6.350743e-09
0.744110628,5.8632725e-09
0.663212637,6.1745093e-09
0.544876806,6.3400174e-09
0.643257265,6.1180585e-09
0.55788756,6.3206826e-09
0.537517476,6.2991123e-09
0.704810326,5.6633866e-09
0.72779229,5.757131e-09
0.622304815,6.0335683e-09
0.773798756,5.4741265e-09
0.831926296,5.3643148e-09
0.803001687,5.5574225e-09
0.761183479,5.450704e-09
0.821795035,5.366513e-09
0.869654424,5.3175566e-09
0.784879703,5.4501172e-09
0.85407141,5.3684963e-09
0.802088343,5.4687774e-09
0.671132923,5.8904304e-09
0.702505528,5.7010743e-09
0.736549578,5.552351e-09
0.706936066,5.72188e-09
0.745052204,5.5617253e-09
0.751553552,5.592832e-09
0.650946157,6.001676e-09
0.684908174,5.8337077e-09
0.629591311,6.1143632e-09
0.436884542,6.134831e-09
0.438254087,6.107395e-09
0.451577788,6.08339e-09
0.437190799,6.1650858e-09
0.444311241,6.1410996e-09
0.434030398,6.214156e-09
0.46570315,6.075884e-09
0.456144925,6.0651097e-09
0.443043589,6.085853e-09
0.435213036,6.083989e-09
0.425842382,6.1024763e-09
0.429096822,6.110629e-09
0.581472398,6.2873227e-09
0.518461415,6.3568755e-09
0.467058932,6.3222547e-09
0.556773812,6.3349717e-09
0.495976411,6.3495462e-09
0.535720679,6.3555303e-09
0.606809134,6.215558e-09
0.581768056,6.292374e-09
0.628729442,6.125375e-09
0.479082344,6.2230034e-09
0.461854051,6.2457604e-09
0.447920242,6.2683276e-09
0.468868072,6.1608962e-09
0.449957885,6.187067e-09
0.460941074,6.1131007e-09
0.488036277,6.2881935e-09
0.50768071,6.3404606e-09
0.469676152,6.30613e-09
0.483059511,6.1018097e-09
0.484753819,6.1718155e-09
0.493379859,6.2705494e-09
0.479402284,6.086653e-09
0.476352999,6.15813e-09
0.475716738,6.078703e-09
0.480368491,6.059326e-09
0.484876784,6.048639e-09
0.473076396,6.054276e-09
0.900735437,2.7475713e-09
0.933315902,2.0066615e-09
0.904524259,2.5707219e-09
0.862161508,3.4824297e-09
0.815042165,4.5635593e-09
0.754541172,5.486858e-09
0.860747105,3.6349521e-09
0.811114387,4.6973225e-09
0.853636461,3.813922e-09
0.759776462,5.340492e-09
0.808156187,4.6145225e-09
0.760296248,5.394473e-09
0.697400996,5.9567817e-09
0.699706867,5.9938507e-09
0.625567517,6.290644e-09
0.543939494,6.339629e-09
0.622627907,6.3340106e-09
0.680374193,6.1426455e-09
0.545743253,6.318945e-09
0.607756987,6.354339e-09
0.541836246,6.2987677e-09
0.503971575,6.217683e-09
0.47312336,6.136196e-09
0.498664347,6.2394676e-09
0.952525698,1.883586e-09
0.936198279,2.140887e-09
0.968389735,1.4363982e-09
0.975694039,1.358579e-09
0.974190293,1.4954719e-09
0.980785592,1.0338969e-09
0.362738853,5.9123315e-09
0.372322053,5.895698e-09
0.340081984,5.822755e-09
0.385413661,5.9936025e-09
0.41166094,6.0625434e-09
0.441056982,6.128542e-09
0.389491151,5.9821685e-09
0.415976684,6.0501946e-09
0.397526709,5.964605e-09
0.423015929,6.1217342e-09
0.43071237,6.1266276e-09
0.404873043,6.059393e-09
0.438375754,6.1797496e-09
0.456671671,6.2403642e-09
0.473808925,6.293133e-09
0.44605291,6.186635e-09
0.469467598,6.246143e-09
0.458882695,6.190987e-09
0.446274913,6.209772e-09
0.453489165,6.2368253e-09
0.459653361,6.267587e-09
0.514216829,6.355738e-09
0.478419686,6.326983e-09
0.463408126,6.271605e-09
0.514369963,6.353471e-09
0.480732789,6.3181926e-09
0.500341652,6.3488192e-09
0.488960339,6.3443677e-09
0.475677035,6.3229035e-09
0.468426709,6.300336e-09
0.825521855,5.4306226e-09
0.844327639,5.5000835e-09
0.825525381,5.6474776e-09
0.850783285,5.368136e-09
0.868589905,5.4229794e-09
0.870539693,5.3242046e-09
0.797763746,5.3859885e-09
0.815853443,5.3748486e-09
0.841836237,5.3383045e-09
0.693825338,6.085173e-09
0.619723243,6.264284e-09
0.53899501,6.350869e-09
0.742705562,6.004623e-09
0.650234011,6.2199597e-09
0.76804389,5.929524e-09
0.571067094,6.337607e-09
0.557694062,6.344233e-09
0.630753951,6.2477494e-09
0.804402297,5.576919e-09
0.766120596,5.814545e-09
0.807981165,5.7239e-09
0.736524454,5.5973013e-09
0.767660174,5.474011e-09
0.797797262,5.4237e-09
0.75276075,5.528545e-09
0.785083153,5.4206994e-09
0.760173979,5.479738e-09
0.707436879,5.757798e-09
0.721383214,5.6910427e-09
0.725322995,5.6408895e-09
0.671395458,5.9654894e-09
0.682973143,5.91564e-09
0.629504989,6.1691616e-09
0.662003876,5.982835e-09
0.650602732,6.0801577e-09
0.694490889,5.7988405e-09
0.620326582,6.194259e-09
0.576820733,6.3236505e-09
0.608973488,6.2542767e-09
0.484686041,6.044906e-09
0.49951621,6.0519785e-09
0.521283472,6.09276e-09
0.489978293,6.047517e-09
0.501468081,6.0798255e-09
0.475425951,6.076958e-09
0.49451644,6.1743837e-09
0.48539386,6.1168186e-09
0.515682551,6.1293144e-09
0.499561233,6.2489613e-09
0.51149818,6.2002523e-09
0.521850594,6.154716e-09
0.51160544,6.2776357e-09
0.510012614,6.2311094e-09
0.512018275,6.3057235e-09
0.542640842,6.3559518e-09
0.585260261,6.3181336e-09
0.52523685,6.334337e-09
0.562347704,6.3522054e-09
0.531095222,6.3531758e-09
0.509407869,6.3126735e-09
0.510361526,6.2157226e-09
0.489154775,6.146274e-09
0.478757892,6.1052914e-09
0.48579581,6.1358882e-09
0.478380391,6.085159e-09
0.47357385,6.0759224e-09
0.47642642,6.069901e-09
0.496355276,6.067757e-09
0.482565929,6.0518723e-09
0.518013196,6.2795897e-09
0.502578479,6.222267e-09
0.489753016,6.1591545e-09
0.528302113,6.2837326e-09
0.5050479,6.217159e-09
0.536985576,6.2899517e-09
0.984608474,1.0465182e-09
0.982042913,1.1347785e-09
0.98053,8.30374e-10
0.884074604,3.107793e-09
0.907544408,2.8301776e-09
0.926213061,2.5537008e-09
0.852128552,3.8959413e-09
0.875734891,3.6473329e-09
0.814399023,4.7013957e-09
0.791172186,4.9633866e-09
0.774210826,5.2227964e-09
0.827969011,4.2278034e-09
0.75217081,5.5661182e-09
0.69263244,6.108644e-09
0.634362028,6.326465e-09
0.735766473,5.7379763e-09
0.680532672,6.192652e-09
0.718640167,5.9065255e-09
0.610658815,6.355219e-09
0.576699439,6.347678e-09
0.646258124,6.3036736e-09
0.548401313,6.329768e-09
0.565741814,6.3390977e-09
0.589020631,6.3566183e-09
0.927747591,2.676151e-09
0.951452744,2.0666706e-09
0.964903851,1.5865358e-09
0.98147269,1.9315416e-09
0.980514197,1.4671998e-09
0.986157948,1.3573737e-09
0.953119935,1.8715205e-09
0.905813197,2.7543654e-09
0.861911678,3.7557464e-09
0.955391179,2.0343829e-09
0.909969367,2.9245062e-09
0.943572938,2.2026148e-09
0.859300485,4.099808e-09
0.840177827,4.414153e-09
0.896467123,3.2937593e-09
0.891995243,3.0424452e-09
0.862403369,3.4058918e-09
0.92193701,2.4029152e-09
0.979771898,8.5371865e-10
0.982513729,9.074488e-10
0.974573893,7.174705e-10
0.394674232,5.842218e-09
0.403299388,5.8018985e-09
0.380324058,5.7331477e-09
0.425936753,5.870149e-09
0.418095337,5.9134266e-09
0.408705148,5.945283e-09
0.441393455,5.9817005e-09
0.434218617,6.0159713e-09
0.46057295,6.0824745e-09
0.44903638,6.120677e-09
0.454295446,6.10592e-09
0.425327326,6.0372427e-09
0.477895653,6.2029173e-09
0.50795544,6.26818e-09
0.519402283,6.31966e-09
0.482778527,6.1942886e-09
0.50854797,6.2590995e-09
0.485327833,6.1789307e-09
0.492561521,6.259403e-09
0.494720035,6.305783e-09
0.512014027,6.3145946e-09
0.496526742,6.343994e-09
0.541268556,6.354821e-09
0.608869026,6.307261e-09
0.514430519,6.349654e-09
0.557347679,6.3514647e-09
0.52585554,6.352759e-09
0.539629973,6.3540435e-09
0.573488138,6.3369505e-09
0.506427589,6.3559304e-09
0.607621698,6.300568e-09
0.667773269,6.173179e-09
0.642856301,6.249059e-09
0.735653917,5.932175e-09
0.782170465,5.6847136e-09
0.796449484,5.512942e-09
0.77977688,5.8131575e-09
0.78927648,5.6208873e-09
0.780407031,5.756447e-09
0.701018013,6.1528365e-09
0.717586651,6.0457723e-09
0.752713023,5.9404646e-09
0.745684406,5.570856e-09
0.767138686,5.618724e-09
0.775818968,5.505995e-09
0.699686535,5.9039436e-09
0.724274644,5.780943e-09
0.757243551,5.7241754e-09
0.704194776,5.796636e-09
0.734083519,5.668692e-09
0.718403272,5.6916263e-09
0.64138454,6.111583e-09
0.669339795,5.952378e-09
0.704418626,5.767133e-09
0.635993315,6.1198198e-09
0.669832552,5.9515157e-09
0.633347125,6.138482e-09
0.661856444,6.035176e-09
0.681456459,5.9630096e-09
0.687152741,5.8665695e-09
0.59304995,6.2809784e-09
0.547264662,6.3531256e-09
0.510308363,6.3383507e-09
0.561495296,6.3359313e-09
0.519343397,6.3553736e-09
0.555298911,6.3535066e-09
0.606141832,6.240595e-09
0.599066975,6.258619e-09
0.579578912,6.318906e-09
0.472426335,6.1104446e-09
0.467303808,6.1409704e-09
0.463774473,6.1929466e-09
0.474483411,6.096102e-09
0.47324196,6.1451995e-09
0.498330551,6.1116374e-09
0.493593825,6.252552e-09
0.496342189,6.176291e-09
0.474132084,6.2086696e-09
0.481799524,6.3016468e-09
0.461703017,6.271246e-09
0.496786519,6.340457e-09
0.502554052,6.251382e-09
0.48800765,6.2298295e-09
0.474919293,6.2165864e-09
0.492334627,6.1975083e-09
0.483138822,6.182428e-09
0.48274133,6.143325e-09
0.468563868,6.18499e-09
0.463684737,6.175126e-09
0.473312804,6.1468692e-09
0.517848106,6.298532e-09
0.545207286,6.3380816e-09
0.580201102,6.3569847e-09
0.509636622,6.3101258e-09
0.531680815,6.342679e-09
0.487864727,6.316724e-09
0.496979634,6.273997e-09
0.484805869,6.288309e-09
0.478050406,6.2549184e-09
0.98582289,1.2081336e-09
0.982267301,1.1298065e-09
0.971776453,1.0592208e-09
0.970309469,1.54438e-09
0.958512732,1.4480825e-09
0.936524804,1.994089e-09
0.948932514,2.2114732e-09
0.953428805,2.4400497e-09
0.978644021,1.7296289e-09
0.839034433,4.0927253e-09
0.873841063,3.6012837e-09
0.904396425,3.1221812e-09
0.880100701,3.3644392e-09
0.920113492,2.8809362e-09
0.911819049,2.6414588e-09
0.802761688,4.9597735e-09
0.723804801,5.8258847e-09
0.628379726,6.2442402e-09
0.80002567,5.2035194e-09
0.708157159,5.9536833e-09
0.77423484,5.4167346e-09
0.626185726,6.3030576e-09
0.698120564,6.034427e-09
0.621412371,6.2762453e-09
0.508258586,6.3491785e-09
0.562349308,6.355063e-09
0.555700695,6.3503744e-09
0.861056188,3.6458159e-09
0.791924804,4.5938764e-09
0.727834215,5.379936e-09
0.825246049,3.997464e-09
0.770471056,4.88142e-09
0.818061154,4.32499e-09
0.696916194,5.803288e-09
0.669060903,6.0814833e-09
0.747870953,5.426285e-09
0.803566733,4.5821e-09
0.76276262,5.014283e-09
0.833148493,4.1180312e-09
0.957638734,9.822025e-10
0.940587457,1.2382709e-09
0.923768255,1.597605e-09
0.946667309,1.3378638e-09
0.921086722,1.7206971e-09
0.925080759,1.8531131e-09
0.952369661,8.924352e-10
0.944183371,1.1760489e-09
0.950100686,7.416596e-10
0.95029063,9.345271e-10
0.96047797,7.7183804e-10
0.941744308,6.422842e-10
0.405603903,5.6113385e-09
0.395245251,5.547812e-09
0.407615246,5.6852856e-09
0.411425227,5.6466942e-09
0.413964932,5.7251452e-09
0.420605703,5.793957e-09
0.4163323,5.76254e-09
0.42306085,5.8353553e-09
0.420126208,5.873745e-09
0.436413782,5.9176304e-09
0.455610839,6.0300414e-09
0.43481366,5.9607994e-09
0.483567865,6.1500063e-09
0.483957638,6.209394e-09
0.480990545,6.259481e-09
0.457496649,6.095218e-09
0.457118513,6.1538517e-09
0.4345879,6.023741e-09
0.509137633,6.240631e-09
0.52215773,6.309698e-09
0.508795718,6.2909224e-09
0.526601364,6.3545564e-09
0.551910305,6.346297e-09
0.597198418,6.295591e-09
0.523334057,6.349789e-09
0.537894692,6.3543406e-09
0.509549295,6.3379852e-09
0.551106067,6.347261e-09
0.616469192,6.292758e-09
0.607510863,6.2876633e-09
0.688719107,6.139907e-09
0.7305982,5.9539658e-09
0.671842097,6.1503136e-09
0.701907103,5.9593153e-09
0.696807874,6.0305996e-09
0.680278438,6.1159877e-09
0.726008253,5.8706577e-09
0.706975525,5.981042e-09
0.751267706,5.847839e-09
0.66485806,6.1410477e-09
0.644759822,6.211165e-09
0.697343767,6.034662e-09
0.68202294,6.043768e-09
0.666967836,6.1507195e-09
0.662647341,6.2182415e-09
0.684240071,6.0764718e-09
0.6798856,6.1625114e-09
0.683151636,6.120185e-09
0.660407415,6.099915e-09
0.637403999,6.1604344e-09
0.645367106,6.1962333e-09
0.609325159,6.260158e-09
0.593103834,6.320283e-09
0.627904334,6.269427e-09
0.544426156,6.356875e-09
0.489286209,6.3258305e-09
0.466205741,6.2617165e-09
0.533748942,6.35576e-09
0.492357076,6.322591e-09
0.523330174,6.355199e-09
0.555009477,6.3501004e-09
0.588475234,6.3182144e-09
0.628050432,6.2757866e-09
0.569682433,6.349164e-09
0.605503012,6.3190684e-09
0.582999685,6.3435768e-09
0.657284882,6.2574808e-09
0.62310153,6.3033667e-09
0.645032296,6.271857e-09
0.453533801,6.2375154e-09
0.452567457,6.2623933e-09
0.455757411,6.285297e-09
0.427162275,6.2563688e-09
0.429839904,6.269232e-09
0.431076269,6.2746657e-09
0.450984118,6.220396e-09
0.443734274,6.253636e-09
0.459370198,6.219984e-09
0.446866346,6.2977437e-09
0.484276982,6.331824e-09
0.464679204,6.281905e-09
0.460989168,6.3214585e-09
0.450352978,6.3209407e-09
0.464040815,6.3197096e-09
0.48887204,6.3498518e-09
0.491873836,6.3496604e-09
0.553932866,6.350062e-09
0.439108929,6.2934236e-09
0.429535443,6.277648e-09
0.443577563,6.290598e-09
0.508521462,6.3492096e-09
0.509910344,6.35261e-09
0.515892428,6.354465e-09
0.468494951,6.326182e-09
0.473789473,6.3301497e-09
0.441913187,6.2984835e-09
0.898114312,2.558436e-09
0.889145393,2.4027276e-09
0.887912144,2.251939e-09
0.852089086,3.2090917e-09
0.84347358,3.0500484e-09
0.797496911,3.895227e-09
0.830423469,4.027758e-09
0.869588516,3.2865004e-09
0.813239312,3.9619734e-09
0.774062906,4.833763e-09
0.693999753,5.4449223e-09
0.619123151,5.880244e-09
0.73826777,5.2377014e-09
0.671887676,5.7364757e-09
0.70790695,5.568708e-09
0.757073757,4.7870055e-09
0.740463886,4.7385726e-09
0.676380308,5.4145897e-09
0.651394,6.0102536e-09
0.577039772,6.2855476e-09
0.529395002,6.355549e-09
0.621811143,6.206538e-09
0.547893019,6.3422947e-09
0.591303405,6.3085035e-09
0.482441723,6.3389907e-09
0.517322411,6.3569683e-09
0.505460196,6.3533396e-09
0.581825225,6.181422e-09
0.556490488,6.315984e-09
0.620130964,6.105936e-09
0.827010054,3.2582879e-09
0.806960147,3.4747312e-09
0.793865428,3.6877184e-09
0.866914645,2.625711e-09
0.849658947,2.8363263e-09
0.899362032,2.061352e-09
0.96068392,8.1820295e-10
0.963162878,9.634129e-10
0.966969209,1.0594366e-09
0.965099388,1.2883582e-09
0.946732666,1.4324283e-09
0.897413771,2.395673e-09
0.926828745,1.8597103e-09
0.949810948,1.6762287e-09
0.935300995,6.8353717e-10
0.400939142,5.499471e-09
0.405882785,5.6217164e-09
0.415367621,5.7414056e-09
0.388409968,5.4724603e-09
0.400752464,5.5982228e-09
0.390687163,5.373452e-09
0.433010913,5.89794e-09
0.457764723,5.928351e-09
0.47239293,5.9754566e-09
0.428676701,5.7673772e-09
0.458607733,5.809527e-09
0.40963238,5.633623e-09
0.444051848,6.0496133e-09
0.458516339,6.179331e-09
0.462730955,6.078547e-09
0.494833357,6.3094996e-09
0.539365943,6.341613e-09
0.593795,6.356644e-09
0.488055305,6.245256e-09
0.536168414,6.3056134e-09
0.48198762,6.1711853e-09
0.523682434,6.355957e-09
0.571800883,6.3313834e-09
0.574495082,6.353971e-09
0.617610206,6.285358e-09
0.649935521,6.241695e-09
0.621639833,6.330552e-09
0.710757717,6.2169216e-09
0.685889244,6.269082e-09
0.648309084,6.332083e-09
0.681342001,6.225082e-09
0.657396317,6.2712604e-09
0.675343208,6.192368e-09
0.68113073,6.193196e-09
0.679959208,6.2182175e-09
0.687359525,6.2160224e-09
0.679365033,6.2339547e-09
0.67216194,6.230629e-09
0.700388912,6.2067675e-09
0.605457945,6.2764274e-09
0.566822222,6.324796e-09
0.540435144,6.35395e-09
0.577284951,6.2867143e-09
0.549491822,6.3358163e-09
0.56895028,6.305726e-09
0.534766707,6.356812e-09
0.552496707,6.342338e-09
0.535384489,6.3555423e-09
0.702397185,6.147998e-09
0.672953203,6.189816e-09
0.648368581,6.234216e-09
0.659377137,6.192056e-09
0.627158217,6.23434e-09
0.612198777,6.2497185e-09
0.721685741,6.1543752e-09
0.727977707,6.1832917e-09
0.694382703,6.192138e-09
0.458520689,6.3061556e-09
0.466264962,6.2972636e-09
0.480652141,6.2977654e-09
0.439906775,6.2878383e-09
0.45087919,6.2916605e-09
0.434247349,6.2856778e-09
0.476812865,6.3221024e-09
0.49984532,6.339471e-09
0.483999406,6.3086936e-09
0.481918359,6.3278827e-09
0.443031607,6.303693e-09
0.473313352,6.306383e-09
0.527685331,6.3538055e-09
0.518669943,6.3356906e-09
0.509836249,6.3139667e-09
0.554971739,6.3562675e-09
0.552383984,6.3421894e-09
0.574738417,6.356985e-09
0.54953329,6.3547563e-09
0.569305653,6.350964e-09
0.569863054,6.332846e-09
0.751931533,4.2516546e-09
0.682243273,5.1129705e-09
0.627080085,5.7310987e-09
0.732475822,4.445522e-09
0.663748737,5.2575335e-09
0.72833666,4.6283564e-09
0.662370186,5.3395395e-09
0.609519311,5.7861045e-09
0.603489358,5.835519e-09
0.557303029,6.2194125e-09
0.553913158,6.200923e-09
0.564938123,6.180229e-09
0.533607773,6.3401675e-09
0.523570023,6.335422e-09
0.518183441,6.3554446e-09
0.533573902,6.3568715e-09
0.547151727,6.329783e-09
0.52733973,6.3567356e-09
0.510948883,6.335481e-09
0.525597843,6.331912e-09
0.504889126,6.3081282e-09
0.821519978,3.6292815e-09
0.895793879,2.7347369e-09
0.936096651,1.9428883e-09
0.813177343,3.9995536e-09
0.889361469,3.0941112e-09
0.796085592,4.3575774e-09
0.740808366,4.599433e-09
0.733172566,4.9222315e-09
0.670151687,5.3826104e-09
0.86325538,3.5087726e-09
0.915280329,2.2867022e-09
0.933358864,1.3761895e-09
0.922289598,2.6598677e-09
0.934738101,1.6358053e-09
0.932423988,9.49357e-10
0.378916306,5.4589004e-09
0.423639838,5.6490626e-09
0.462027989,5.835397e-09
0.395951443,5.5091647e-09
0.432661906,5.7067284e-09
0.38034076,5.3318914e-09
0.47214475,6.0504988e-09
0.485494813,6.157262e-09
0.544099733,6.2562737e-09
0.462768244,5.946127e-09
0.479962665,6.074421e-09
0.44182104,5.843573e-09
0.505131492,6.230838e-09
0.584885673,6.336129e-09
0.556300622,6.3024856e-09
0.644164478,6.354347e-09
0.654641521,6.3564563e-09
0.65710932,6.3488907e-09
0.713768355,6.318272e-09
0.705493435,6.2924883e-09
0.75558618,6.2023506e-09
0.737251949,6.2022765e-09
0.737898972,6.1913132e-09
0.707390126,6.284358e-09
0.761011812,6.1113092e-09
0.767797678,6.128041e-09
0.759366115,6.145849e-09
0.718296921,6.1421965e-09
0.731564081,6.1569025e-09
0.71450856,6.185781e-09
0.787947316,6.095531e-09
0.796287805,6.1029826e-09
0.808506378,6.1038548e-09
0.674157806,6.2004974e-09
0.627212256,6.2648446e-09
0.683639558,6.22285e-09
0.612718014,6.3036203e-09
0.597537293,6.3342718e-09
0.657890848,6.2704815e-09
0.616815255,6.3479613e-09
0.64974441,6.313851e-09
0.676643986,6.2561742e-09
0.593424827,6.3523036e-09
0.623934564,6.3237193e-09
0.587397341,6.355641e-09
0.512251998,6.3334413e-09
0.528262817,6.3173857e-09
0.562853903,6.323203e-09
0.532159239,6.312589e-09
0.561927591,6.314965e-09
0.521766067,6.306192e-09
0.583410667,6.350372e-09
0.560674563,6.325744e-09
0.592065262,6.335781e-09
0.590227981,6.3565286e-09
0.590540422,6.3544885e-09
0.587774017,6.3424204e-09
0.594053688,6.080874e-09
0.634857394,5.8726655e-09
0.680960838,5.5649507e-09
0.570750515,6.2646874e-09
0.604534826,6.160117e-09
0.559431221,6.3408625e-09
0.543972551,6.308537e-09
0.532430396,6.352949e-09
0.506854307,6.3568946e-09
0.494870185,6.3413492e-09
0.520716666,6.348395e-09
0.517379417,6.3232757e-09
0.749958261,4.9838325e-09
0.850948391,4.2057198e-09
0.940359649,3.3351353e-09
0.735416538,5.4875335e-09
0.835942623,4.8340074e-09
0.710512637,5.85569e-09
0.65507452,5.914508e-09
0.637409574,6.1406626e-09
0.597333997,6.281747e-09
0.793710183,5.2247806e-09
0.911229233,3.8310493e-09
0.974056403,2.3650435e-09
0.856807005,4.2887147e-09
0.943034994,2.8161216e-09
0.972387127,1.6047708e-09
0.440495406,5.8082024e-09
0.419161456,5.7111857e-09
0.4751696,6.0365375e-09
0.446042708,5.9504432e-09
0.51407898,6.1625496e-09
0.416652868,5.591412e-09
0.637355195,6.3566885e-09
0.628473035,6.3566326e-09
0.6206463,6.3538086e-09
0.602180143,6.350366e-09
0.595429067,6.3541967e-09
0.576068544,6.3373493e-09
0.502576878,6.0993903e-09
0.558415451,6.223291e-09
0.601529083,6.3086327e-09
0.566590438,6.2635572e-09
0.649516285,6.336302e-09
0.631151223,6.349173e-09
0.713861895,6.354732e-09
0.787908802,6.2789396e-09
0.756196528,6.3431456e-09
0.687544919,6.34063e-09
0.775841157,6.263789e-09
0.828239861,6.1705747e-09
0.717619824,6.269756e-09
0.77662109,6.170468e-09
0.735960859,6.198173e-09
0.731335579,6.1409877e-09
0.739397603,6.1389556e-09
0.792710646,6.105204e-09
0.702395688,6.2805983e-09
0.722879994,6.2212058e-09
0.728121642,6.1840404e-09
0.709811853,6.2472156e-09
0.726756846,6.178008e-09
0.700322957,6.2141585e-09
0.661700743,6.329692e-09
0.69466943,6.305637e-09
0.68744811,6.2811245e-09
0.664186602,6.3419874e-09
0.666815936,6.350521e-09
0.687750155,6.324402e-09
0.569150488,6.356413e-09
0.598131374,6.3507444e-09
0.634894996,6.308256e-09
0.604216868,6.343561e-09
0.621135182,6.3540933e-09
0.629850641,6.3336305e-09
0.563623997,6.332903e-09
0.608225753,6.3287176e-09
0.559466184,6.3254504e-09
0.63841998,6.3475594e-09
0.600160891,6.335984e-09
0.642960854,6.334887e-09
0.834804536,4.7128883e-09
0.758281251,5.8044436e-09
0.693306462,6.2732677e-09
0.766403126,5.552822e-09
0.696772883,6.1892367e-09
0.702577829,6.0549326e-09
0.649218718,6.3437424e-09
0.651019478,6.356043e-09
0.634841492,6.3470553e-09
0.748734381,5.947647e-09
0.821405555,4.9926694e-09
0.878645485,3.630655e-09
0.811177558,5.2203446e-09
0.875684202,3.9535473e-09
0.915801933,2.7142006e-09
0.545430177,6.2851115e-09
0.504961156,6.1684613e-09
0.48278179,6.1401e-09
0.435873998,5.9835696e-09
0.450316065,5.940643e-09
0.404309003,5.7657488e-09
0.664648143,6.3569554e-09
0.662660496,6.351223e-09
0.652016685,6.3390013e-09
0.678029596,6.356498e-09
0.666217113,6.3534e-09
0.666744106,6.356095e-09
0.686036317,6.3472925e-09
0.674320604,6.3453194e-09
0.68592619,6.3203394e-09
0.542147367,6.183362e-09
0.572807161,6.2960224e-09
0.616883057,6.3530905e-09
0.579446016,6.297911e-09
0.635088147,6.353704e-09
0.627353477,6.3514283e-09
0.711035315,6.2806693e-09
0.689372825,6.3439294e-09
0.685498452,6.338988e-09
0.673567447,6.3534347e-09
0.700019073,6.3064927e-09
0.716677281,6.2334364e-09
0.680542276,6.3338925e-09
0.707370991,6.2755188e-09
0.676547404,6.3154424e-09
0.69576819,6.2719803e-09
0.688031736,6.2824324e-09
0.71218674,6.2336953e-09
0.670813071,6.31396e-09
0.648675076,6.3420225e-09
0.65339583,6.3196963e-09
0.651075774,6.3561107e-09
0.644529159,6.3362817e-09
0.641948575,6.3359074e-09
0.643250561,6.341098e-09
0.647411683,6.337424e-09
0.640981248,6.3350702e-09
0.656754179,6.3556462e-09
0.65279179,6.3455228e-09
0.647936603,6.3476993e-09
0.66019817,6.309404e-09
0.661270369,6.3047936e-09
0.683638825,6.293028e-09
0.712475597,6.0042984e-09
0.731336587,5.987015e-09
0.795076095,5.2701914e-09
0.612819246,6.352476e-09
0.625290618,6.3318977e-09
0.63655135,6.3544237e-09
0.8831744,4.339335e-09
0.914409039,4.411305e-09
0.799137209,5.340135e-09
0.827622278,5.3678613e-09
0.717067859,6.0329546e-09
0.965966386,3.5144534e-09
0.560549539,6.2898455e-09
0.494732524,6.170073e-09
0.530400674,6.1842584e-09
0.483315525,6.0256364e-09
0.49837231,6.0285648e-09
0.450285001,5.835725e-09
0.587851021,6.3536323e-09
0.606856099,6.355777e-09
0.633287648,6.341956e-09
0.613695359,6.3563332e-09
0.625934996,6.344943e-09
0.638300258,6.3549876e-09
0.629924796,6.3559886e-09
0.623844794,6.3461862e-09
0.60423342,6.353022e-09
0.445040863,6.136146e-09
0.513124516,6.26875e-09
0.60209691,6.3432886e-09
0.477436107,6.230127e-09
0.552384922,6.323699e-09
0.520442625,6.2840075e-09
0.633011504,6.352603e-09
0.580391049,6.346453e-09
0.632155883,6.356857e-09
0.568418089,6.3423933e-09
0.545415587,6.317053e-09
0.595800857,6.3564483e-09
0.56284463,6.28012e-09
0.577964129,6.3141434e-09
0.583166074,6.339436e-09
0.589201486,6.320494e-09
0.599499307,6.340278e-09
0.619013115,6.3331425e-09
0.579095978,6.3046905e-09
0.577918071,6.31257e-09
0.613463514,6.325291e-09
0.602293736,6.3408963e-09
0.595229609,6.33264e-09
0.628301002,6.3568395e-09
0.558779922,6.274623e-09
0.585180201,6.311156e-09
0.562277492,6.2798575e-09
0.684683511,6.2630003e-09
0.680681014,6.2854273e-09
0.662710105,6.301468e-09
0.76228815,5.91869e-09
0.749692465,5.984407e-09
0.845275373,5.275296e-09
0.595230399,6.3367755e-09
0.62691607,6.3566095e-09
0.632878437,6.355965e-09
0.732283426,5.966085e-09
0.826519945,5.355414e-09
0.902664696,4.558205e-09
0.776422455,5.4435745e-09
0.896608628,4.6765454e-09
0.946665418,3.9935597e-09
0.477792678,6.1662804e-09
0.449152719,5.988709e-09
0.449333057,6.079033e-09
0.437270261,5.8709566e-09
0.415299838,5.9530016e-09
0.4332005,5.7156115e-09
0.41845035,5.8642233e-09
0.461861758,6.071192e-09
0.495949721,6.2177676e-09
0.442910696,5.933393e-09
0.483518351,6.114228e-09
0.4679227,5.9755134e-09
0.559501462,6.3045875e-09
0.518199791,6.169189e-09
0.522645207,6.258346e-09
0.543637387,6.2067005e-09
0.505871741,6.08818e-09
0.556882697,6.260906e-09
0.500135422,6.0517094e-09
0.487913232,5.9902576e-09
0.477634516,5.964312e-09
0.522297148,6.143399e-09
0.515592137,6.107513e-09
0.54180187,6.221939e-09
0.541852108,6.230081e-09
0.555901312,6.2548087e-09
0.528601954,6.1752696e-09
0.621350671,6.355652e-09
0.554954941,6.3184413e-09
0.490127293,6.192265e-09
0.584845885,6.3293504e-09
0.534821718,6.2404792e-09
0.565157938,6.279099e-09
0.496689361,6.057606e-09
0.530624375,6.190956e-09
0.492257246,6.1048895e-09
0.577070752,6.196144e-09
0.628849917,6.219033e-09
0.668598271,6.2412555e-09
0.633760129,5.8776664e-09
0.693767534,5.9185297e-09
0.719036323,5.3986233e-09
0.546697585,6.3530954e-09
0.514242534,6.3127357e-09
0.593074651,6.3546564e-09
0.583078133,5.9262364e-09
0.660435599,5.4785456e-09
0.762658568,4.924892e-09
0.629753295,5.5564553e-09
0.722387501,5.0392663e-09
0.816312833,4.5579105e-09
0.363046253,5.5816103e-09
0.389170792,5.6939546e-09
0.414623112,5.7609633e-09
0.344726543,5.3910614e-09
0.362454522,5.509692e-09
0.337728329,5.253179e-09
0.381607727,5.5685545e-09
0.361574368,5.435286e-09
0.343968954,5.3302083e-09
0.40613562,5.6408123e-09
0.384164657,5.569418e-09
0.437553536,5.796399e-09
0.459958741,5.8819003e-09
0.41527271,5.7123346e-09
0.446469782,5.809046e-09
0.453102898,5.9066276e-09
0.448823519,5.983328e-09
0.41314145,5.756175e-09
0.407144749,5.9804455e-09
0.399504215,5.7932046e-09
0.388869729,5.6530802e-09
0.426379692,6.0488556e-09
0.421458923,5.8822627e-09
0.4497443,6.1231273e-09
0.445089411,6.348615e-09
0.453933094,6.301118e-09
0.466235717,6.2405245e-09
0.478281793,6.3525314e-09
0.49340153,6.3488454e-09
0.526204029,6.3034986e-09
0.419775789,6.137215e-09
0.434300608,6.1893513e-09
0.431914519,6.270469e-09
0.54403597,6.0472543e-09
0.526947375,6.102312e-09
0.542227666,6.1521868e-09
0.599653337,5.800988e-09
0.569202607,5.8635314e-09
0.661757083,5.497489e-09
0.459132323,6.343386e-09
0.491185368,6.2771934e-09
0.486018499,6.2429315e-09
0.603833486,5.8257505e-09
0.666084243,5.538627e-09
0.729238817,5.2096936e-09
0.670389136,5.5740674e-09
0.732960487,5.2629665e-09
0.793684256,4.964854e-09
0.322213254,5.1135696e-09
0.326689786,5.1284026e-09
0.331419211,5.310338e-09
0.336559553,5.2774918e-09
0.355727831,5.432701e-09
0.321593869,4.920902e-09
0.359467607,5.719752e-09
0.339655497,5.529117e-09
0.326057319,5.355012e-09
0.362484989,5.605437e-09
0.344491131,5.4479847e-09
0.372021471,5.555787e-09
0.393225857,5.883861e-09
0.376677756,5.796784e-09
0.381290832,5.6934657e-09
0.406964412,6.2319487e-09
0.392687562,6.071898e-09
0.376553917,5.8933725e-09
0.407444224,6.144883e-09
0.392318588,5.971423e-09
0.407496582,6.0574226e-09
0.419475035,6.2103536e-09
0.431200314,6.321487e-09
0.419573197,6.280337e-09
0.481025397,6.3229315e-09
0.451850304,6.3496146e-09
0.440521396,6.356923e-09
0.495558819,6.2625394e-09
0.467574395,6.312689e-09
0.512746403,6.1705356e-09
0.45241645,6.3569323e-09
0.42426165,6.321535e-09
0.428729578,6.3464434e-09
0.613833125,5.952969e-09
0.589932725,5.9862177e-09
0.562171685,6.0175056e-09
0.647654575,5.7628458e-09
0.621889211,5.7950214e-09
0.686600322,5.546038e-09
0.525641568,6.240565e-09
0.541022516,6.143666e-09
0.568701883,6.114235e-09
0.707037721,5.5826423e-09
0.657637155,5.7762155e-09
0.745731274,5.358018e-09
0.695147679,5.5661173e-09
0.739251425,5.3349716e-09
0.789858619,5.1416023e-09
0.349616947,5.721909e-09
0.348663107,5.7381824e-09
0.334661775,5.5175597e-09
0.347001552,5.5177583e-09
0.32657534,5.3225118e-09
0.349834181,5.3344036e-09
0.411321888,6.228244e-09
0.383695704,6.093821e-09
0.368638543,5.936258e-09
0.375132989,6.064649e-09
0.353929545,5.9044156e-09
0.365289302,5.8840657e-09
0.408725505,6.2242904e-09
0.40181736,6.223343e-09
0.382902541,6.063782e-09
0.497631883,6.3253904e-09
0.539113581,6.245977e-09
0.582919574,6.123798e-09
0.512342446,6.3260828e-09
0.55111779,6.24843e-09
0.523068616,6.324909e-09
0.446220272,6.31986e-09
0.436585579,6.318845e-09
0.431073188,6.3212244e-09
0.483781594,6.356837e-09
0.473260187,6.356916e-09
0.462806008,6.35687e-09
0.731576942,5.5178546e-09
0.708219537,5.6491154e-09
0.685373198,5.714689e-09
0.663741093,5.834931e-09
0.639618824,5.89578e-09
0.604889974,6.072718e-09
0.626719361,6.016606e-09
0.572296177,6.207588e-09
0.766836683,5.3842015e-09
0.415212614,6.1311565e-09
0.386404368,5.9551852e-09
0.429792683,6.254391e-09
0.398501817,6.1115064e-09
0.420023623,6.2404446e-09
0.419964655,6.054044e-09
0.466997312,6.3315193e-09
0.457257193,6.3235044e-09
0.449766109,6.315734e-09
0.493417351,6.356683e-09
0.487127225,6.355501e-09
0.486732069,6.356163e-09
0.524181683,6.3330474e-09
0.525996356,6.3378973e-09
0.591297056,6.1772045e-09
0.557727951,6.2648824e-09
0.642367674,5.980734e-09
0.606938385,6.104672e-09
0.663139735,5.882196e-09
0.590445453,6.193536e-09
0.556313908,6.285905e-09
0.557995393,6.2779e-09
0.688098554,5.771368e-09
0.494444595,6.356223e-09
0.598233181,6.1707754e-09
0.690912775,6.3458483e-09
0.672296471,6.344003e-09
0.664183115,6.342414e-09
0.661403916,6.341104e-09
0.649116816,6.325112e-09
0.643013108,6.3227628e-09
0.636003045,6.320929e-09
0.650876925,6.2949606e-09
0.629720051,6.2927383e-09
0.666909143,6.2568497e-09
0.816869998,6.3420913e-09
0.782199544,6.348279e-09
0.7464115,6.35267e-09
0.7227143,6.355438e-09
0.816869998,6.354708e-09
0.740299479,6.3566445e-09
0.705942969,6.3568817e-09
0.752535532,6.3561707e-09
0.697147319,6.3536274e-09
0.654820491,6.104449e-09
0.606216782,6.049702e-09
0.551599505,5.987067e-09
0.489016466,5.9162852e-09
0.618833957,6.0624994e-09
0.558195442,6.001643e-09
0.503520098,5.9318386e-09
0.581336303,6.0187677e-09
0.522434735,5.951919e-09
0.545760377,5.97358e-09
0.630290173,6.076435e-09
0.623465517,6.0222733e-09
0.61035288,5.9600493e-09
0.582720583,5.889143e-09
0.604824765,6.026093e-09
0.577770841,5.9670335e-09
0.515826405,5.899547e-09
0.54166686,5.9726646e-09
0.48382455,5.9086127e-09
0.539817832,5.8343246e-09
0.539817832,5.8564837e-09
0.574277616,5.874667e-09
0.56278551,5.9191194e-09
0.58226794,5.9366703e-09
0.607675899,5.9506386e-09
0.594501493,5.9954193e-09
0.610152273,6.0089262e-09
0.618571237,6.0637095e-09
0.591498863,6.000791e-09
0.571236675,5.9425296e-09
0.538757688,5.8787526e-09
0.512965108,5.8092327e-09
0.572009894,5.948281e-09
0.539903008,5.882545e-09
0.512965108,5.810566e-09
0.544342011,5.8927547e-09
0.51828126,5.8191145e-09
0.644789428,6.0916943e-09
0.654269191,6.143861e-09
0.675349914,6.2014296e-09
0.620337206,6.162422e-09
0.612189708,6.2132157e-09
0.604323879,6.2633934e-09
0.59532988,6.2262226e-09
0.592589671,6.271165e-09
0.625691546,6.279723e-09
0.637403738,6.1934573e-09
0.645424251,6.128325e-09
0.661026222,6.0669705e-09
0.665512573,6.0100844e-09
0.620993515,6.161362e-09
0.649459254,6.0868635e-09
0.669570375,6.0181575e-09
0.633097691,6.1272094e-09
0.657238315,6.042503e-09
0.583473718,5.992757e-09
0.658299578,6.00456e-09
0.621713788,6.057316e-09
0.651724099,6.069749e-09
0.667921894,6.0777854e-09
0.675524183,6.130286e-09
0.683534652,6.140054e-09
0.70399708,6.1960264e-09
0.949130225,6.2173338e-09
0.881532973,6.2450196e-09
0.808106485,6.270481e-09
0.764996857,6.2932646e-09
0.93746074,6.2680994e-09
0.846630615,6.2927437e-09
0.774495877,6.313811e-09
0.898644558,6.311139e-09
0.80810742,6.3300076e-09
0.614035719,6.0410437e-09
0.591016436,5.9761356e-09
0.567874239,5.903577e-09
0.526893054,5.823157e-09
0.586973586,5.970369e-09
0.560575867,5.898563e-09
0.538043307,5.8188445e-09
0.55379862,5.893071e-09
0.527795611,5.8142153e-09
0.451543729,5.8277343e-09
0.519710385,5.902014e-09
0.568295757,5.9707115e-09
0.600481807,6.0338867e-09
0.455652014,5.821387e-09
0.526828769,5.8949974e-09
0.580090532,5.9631917e-09
0.47110395,5.8133445e-09
0.540699399,5.886336e-09
0.497267118,5.8036553e-09
0.877469078,6.106199e-09
0.891871948,6.148317e-09
0.907304956,6.185279e-09
0.9236152,6.0697065e-09
0.942530827,6.1091776e-09
0.971024671,6.1446053e-09
0.95729931,6.0339205e-09
0.982280498,6.0701177e-09
0.982914863,5.9989613e-09
0.624882232,6.082666e-09
0.590118197,6.007384e-09
0.547127281,5.9218856e-09
0.491488444,5.826324e-09
0.599399639,6.0053535e-09
0.553837901,5.9196203e-09
0.496582272,5.823313e-09
0.565313564,5.9188454e-09
0.506934045,5.8222898e-09
0.53806087,5.9126406e-09
0.575718714,5.9913954e-09
0.608217289,6.0626184e-09
0.469340071,5.829707e-09
0.530283506,5.914399e-09
0.576012497,5.9917697e-09
0.455247177,5.830157e-09
0.525162335,5.9133236e-09
0.477148434,5.8152647e-09
0.477148434,5.806437e-09
0.497267118,5.8025136e-09
0.498531325,5.888482e-09
0.516186199,5.8831255e-09
0.527896645,5.8823595e-09
0.537291702,5.957334e-09
0.554494855,5.9549814e-09
0.560612465,6.021631e-09
0.898206067,5.8817977e-09
0.925880234,5.9244623e-09
0.957649046,5.963489e-09
0.938281577,5.85335e-09
0.966050523,5.887676e-09
0.982968086,5.9194867e-09
0.968091869,5.8284706e-09
0.979103277,5.854869e-09
0.963539306,5.807187e-09
0.43786035,5.845203e-09
0.441340065,5.837483e-09
0.447864556,5.827554e-09
0.474844196,5.9183503e-09
0.4777056,5.911171e-09
0.485488952,5.9018337e-09
0.50471021,5.9873053e-09
0.511511461,5.980563e-09
0.531358136,6.0518173e-09
0.831923739,5.7388156e-09
0.883716628,5.7653256e-09
0.93314063,5.787948e-09
0.866046634,5.7488103e-09
0.919445568,5.763348e-09
0.905242407,5.7755623e-09
0.935785126,5.7612843e-09
0.908026838,5.765657e-09
0.918016768,5.776101e-09
0.522082788,6.0788845e-09
0.497305121,6.0117253e-09
0.469488626,5.9403558e-09
0.437943555,5.8650964e-09
0.497276038,6.009244e-09
0.46278411,5.9364504e-09
0.421153624,5.859441e-09
0.471211868,5.9315575e-09
0.426835399,5.8528022e-09
0.534372843,6.100756e-09
0.505908326,6.03321e-09
0.460964997,5.9622183e-09
0.393334292,5.8880656e-09
0.519499194,6.030705e-09
0.48865111,5.957279e-09
0.413358123,5.8802905e-09
0.494578816,5.9524927e-09
0.444588659,5.87258e-09
0.516448038,6.076115e-09
0.503050676,6.0191825e-09
0.486896617,5.9603824e-09
0.464298216,5.8996767e-09
0.488187334,6.0187366e-09
0.466830473,5.959083e-09
0.433731969,5.897411e-09
0.448198221,5.956298e-09
0.405372926,5.893566e-09
0.795281596,5.7754383e-09
0.849251183,5.7781406e-09
0.92540076,5.7780962e-09
0.855807891,5.821414e-09
0.938182919,5.8130145e-09
0.938543914,5.803468e-09
0.943640926,5.8590155e-09
0.944916853,5.8421405e-09
0.95630488,5.884766e-09
0.536466775,6.0364322e-09
0.522853266,5.9912626e-09
0.506464465,5.9449707e-09
0.495858848,5.8974257e-09
0.513671354,5.993656e-09
0.496800077,5.9469767e-09
0.478122253,5.89902e-09
0.489814943,5.948194e-09
0.470653525,5.899781e-09
0.545285537,6.005673e-09
0.539782238,5.974242e-09
0.527769953,5.942398e-09
0.512050089,5.9100658e-09
0.535763263,5.9712217e-09
0.525134296,5.9370215e-09
0.519932551,5.9022605e-09
0.513357424,5.935202e-09
0.495858848,5.8979723e-09
0.796129402,5.94444e-09
0.855481421,5.9262364e-09
0.945678004,5.906071e-09
0.862650751,5.9773178e-09
0.947456263,5.9509664e-09
0.970575002,5.9234626e-09
0.950451034,5.984493e-09
0.976628068,5.9513856e-09
0.97685185,5.963924e-09
0.528986793,5.9592504e-09
0.547168665,6.0059993e-09
0.554360476,6.0506444e-09
0.512050089,5.919956e-09
0.527858565,5.9677356e-09
0.547136288,6.013256e-09
0.505262581,5.928904e-09
0.523362006,5.9754006e-09
0.505262581,5.9370047e-09
0.726495281,6.0702754e-09
0.803370884,6.037604e-09
0.907306853,6.0019296e-09
0.772216789,6.043871e-09
0.807309557,6.002856e-09
0.818784454,5.9588015e-09
0.840783168,5.9864136e-09
0.818784454,5.935548e-09
0.914197214,5.8947904e-09
0.509166443,5.9754273e-09
0.509166443,5.96214e-09
0.50566355,5.9493224e-09
0.5276663,6.0181526e-09
0.525313947,6.0063745e-09
0.52571402,5.9951417e-09
0.548612595,6.0603735e-09
0.54908387,6.0500245e-09
0.56893943,6.1021885e-09
0.736431204,6.054842e-09
0.790764413,6.006478e-09
0.86880895,5.9529395e-09
0.784384519,5.967515e-09
0.859931065,5.9051346e-09
0.915665372,5.8374154e-09
0.873634104,5.8429177e-09
0.87501237,5.763528e-09
0.892486133,5.672796e-09
0.578275608,6.159797e-09
0.558155189,6.1140444e-09
0.527084537,6.0679195e-09
0.468942063,6.021435e-09
0.561862131,6.1017724e-09
0.535474321,6.055135e-09
0.48187595,6.0080976e-09
0.533807274,6.040505e-09
0.504351928,5.992827e-09
0.772390625,5.07364e-09
0.803724862,4.9221303e-09
0.84667199,4.76864e-09
0.864096282,4.6136623e-09
0.795422181,4.7025432e-09
0.823762764,4.5372848e-09
0.834759992,4.371678e-09
0.825742354,4.2595376e-09
0.849077165,4.0861337e-09
0.862375225,3.752723e-09
0.812353008,5.9169225e-09
0.865812471,5.84134e-09
0.905909398,5.7598295e-09
0.874346444,5.763398e-09
0.938276688,5.666263e-09
0.932526719,5.563492e-09
0.910415229,5.5526796e-09
0.943103853,5.4306764e-09
0.911573066,5.26759e-09
0.792384863,5.639463e-09
0.835505537,5.5208096e-09
0.87032846,5.3967564e-09
0.822925477,5.3878804e-09
0.876383595,5.2436486e-09
0.897043057,5.0948876e-09
0.869461055,5.0506577e-09
0.913086185,4.880935e-09
0.773361504,4.1709547e-09
0.802156466,4.0300905e-09
0.835619402,3.890563e-09
0.812729491,3.7498835e-09
0.839501962,3.6098322e-09
0.874786599,3.4723813e-09
0.851686144,3.3025416e-09
0.873412681,3.1683607e-09
0.881488172,2.8463918e-09
0.881488172,2.5845899e-09
0.898880644,2.34478e-09
0.917651813,2.1310482e-09
0.868131167,2.9944323e-09
0.885885904,2.7390274e-09
0.908354923,2.5040723e-09
0.862938396,3.1469498e-09
0.887840149,2.8997669e-09
0.855565836,3.303407e-09
0.562825181,6.2171894e-09
0.543860141,6.164029e-09
0.521604166,6.1100995e-09
0.490765991,6.0556817e-09
0.556131429,6.15611e-09
0.53097303,6.1002123e-09
0.505975806,6.0438343e-09
0.52695086,6.090878e-09
0.475947972,6.032391e-09
0.917651813,1.9300583e-09
0.940491857,1.7407702e-09
0.966025858,1.566219e-09
0.918633428,2.380463e-09
0.930940033,2.1671804e-09
0.941951165,1.9638315e-09
0.907047711,2.6493672e-09
0.916893708,2.426518e-09
0.885672853,2.9346727e-09
0.56100306,6.2776393e-09
0.548696248,6.2229115e-09
0.554877512,6.1653944e-09
0.568542703,6.1065046e-09
0.539571875,6.2103185e-09
0.525939535,6.1510104e-09
0.522417185,6.0907093e-09
0.515956464,6.1357706e-09
0.489204405,6.073731e-09
0.968911351,1.3513793e-09
0.972856886,1.1772541e-09
0.977158534,1.0370109e-09
0.953867713,1.8223153e-09
0.959098919,1.5890663e-09
0.963786487,1.3970999e-09
0.942833434,2.1188127e-09
0.948970037,1.8722424e-09
0.931679533,2.4540352e-09
0.631884859,6.1315597e-09
0.636316832,6.189077e-09
0.639118971,6.2432157e-09
0.648229766,6.2919425e-09
0.620714464,6.134607e-09
0.618832982,6.1919545e-09
0.623582568,6.2458287e-09
0.580736334,6.136916e-09
0.593391241,6.194261e-09
0.545328957,6.1382126e-09
0.603778355,6.2986403e-09
0.624947091,6.2474554e-09
0.6322256,6.1911796e-09
0.595247759,6.2412004e-09
0.615619217,6.185128e-09
0.620266672,6.1265255e-09
0.586026468,6.176249e-09
0.587700442,6.1181e-09
0.9874,6.792901e-10
0.981025207,9.506218e-10
0.959534191,1.3648417e-09
0.9299737,1.9355222e-09
0.98090658,7.7152834e-10
0.970964044,1.0904949e-09
0.949036604,1.5598893e-09
0.977727401,8.8868174e-10
0.967781663,1.2637007e-09
0.573414011,6.183981e-09
0.58861554,6.227643e-09
0.597352448,6.2682086e-09
0.540857944,6.1329555e-09
0.572094471,6.1784298e-09
0.588340689,6.2219483e-09
0.551315206,6.1253655e-09
0.580349813,6.1706493e-09
0.574973262,6.1151475e-09
0.984566129,1.5237611e-09
0.986412068,1.1287703e-09
0.986951248,8.583848e-10
0.986615547,1.0019462e-09
0.987250247,7.5421197e-10
0.9874,5.9778815e-10
0.987362058,6.740429e-10
0.9874,5.369859e-10
0.9874,4.922921e-10
0.9874,1.000163e-09
0.9874,7.498107e-10
0.9874,5.9137484e-10
0.9874,6.972297e-10
0.987353038,5.5128624e-10
0.9874,4.6324655e-10
0.987177349,5.1983406e-10
0.986864082,4.41571e-10
0.9874,4.257124e-10
0.984676651,4.1701853e-10
0.969529529,4.1060205e-10
0.96758033,4.0624965e-10
0.98681123,4.872081e-10
0.984568243,4.73156e-10
0.97871849,4.6197846e-10
0.987365187,5.907427e-10
0.986778733,5.7069804e-10
0.986040235,7.6229983e-10
0.565552723,6.0989356e-09
0.570326258,6.1032255e-09
0.570273106,6.108593e-09
0.595470701,6.152936e-09
0.595318455,6.156392e-09
0.588036722,6.161065e-09
0.622087237,6.2024843e-09
0.61284437,6.2053553e-09
0.641399292,6.2470207e-09
0.964580708,4.0278597e-10
0.98164958,4.3608928e-10
0.986645269,5.014877e-10
0.9874,6.1657335e-10
0.974177021,4.0315848e-10
0.983373187,4.3968945e-10
0.9874,5.087256e-10
0.96758033,4.0432732e-10
0.97892268,4.4411583e-10
0.604118055,6.235671e-09
0.579456208,6.184254e-09
0.564856829,6.1251484e-09
0.554209139,6.0589516e-09
0.591546647,6.1924825e-09
0.565646914,6.1390044e-09
0.543727408,6.0793486e-09
0.583871022,6.14651e-09
0.548278539,6.092234e-09
0.961581422,4.0153927e-10
0.953862334,4.014234e-10
0.955904945,4.027302e-10
0.972904936,4.2662873e-10
0.967654931,4.2186635e-10
0.967417804,4.182417e-10
0.979147805,4.663629e-10
0.979247291,4.565704e-10
0.986677178,5.309639e-10
0.616698963,5.962486e-09
0.615566873,5.99958e-09
0.58308003,6.031458e-09
0.623386661,6.050388e-09
0.612029652,6.0811582e-09
0.585348497,6.107251e-09
0.626709244,6.1295657e-09
0.611232867,6.1541527e-09
0.634047391,6.198531e-09
0.986117632,4.8590326e-10
0.983464754,4.4152862e-10
0.968344256,4.1621726e-10
0.975667426,4.40998e-10
0.966532914,4.1814352e-10
0.95337349,4.0729942e-10
0.957188122,4.2351941e-10
0.95337349,4.1455286e-10
0.944250802,4.238781e-10
0.622376847,6.1038996e-09
0.613113857,6.0315126e-09
0.606203459,5.951391e-09
0.60607059,5.864884e-09
0.618698695,6.057603e-09
0.609959728,5.9804712e-09
0.595654102,5.8960823e-09
0.618069774,6.0102523e-09
0.606542922,5.9293255e-09
0.944848903,4.3701937e-10
0.9607414,4.521443e-10
0.981359456,4.695514e-10
0.962950989,4.406237e-10
0.966768952,4.5481385e-10
0.980391789,4.7400595e-10
0.979576495,5.173303e-10
0.981422307,5.4356897e-10
0.985388138,7.2890216e-10
0.649115451,6.083153e-09
0.64001812,5.982197e-09
0.632303626,5.8755876e-09
0.63129733,5.7698317e-09
0.631059408,6.011077e-09
0.626244977,5.90221e-09
0.627373428,5.7885763e-09
0.615592152,5.937786e-09
0.616533611,5.823517e-09
0.987058214,1.1916946e-09
0.986823294,6.9586553e-10
0.985221811,5.102546e-10
0.987191101,7.953954e-10
0.985399539,5.5561417e-10
0.983009138,4.959392e-10
0.974013651,6.199325e-10
0.96229748,5.3031823e-10
0.955117863,5.77763e-10
0.645094541,6.127765e-09
0.648117736,6.0408754e-09
0.690666139,5.9524936e-09
0.711327848,5.8620215e-09
0.632428308,6.0121486e-09
0.648933372,5.9131215e-09
0.683881106,5.8210046e-09
0.633927742,5.8905636e-09
0.633103895,5.780211e-09
0.987036199,2.1750661e-09
0.987145937,1.2173095e-09
0.972723153,7.3610495e-10
0.9874,1.502493e-09
0.986715677,9.0126223e-10
0.963802905,6.607656e-10
0.984313727,1.1181224e-09
0.984978558,7.7797835e-10
0.980548297,9.3033314e-10
0.683881949,6.2598495e-09
0.657694204,6.1627468e-09
0.659479598,6.041346e-09
0.681623728,5.898973e-09
0.647912245,6.145873e-09
0.6287588,6.029616e-09
0.623965955,5.8952745e-09
0.669738751,6.00989e-09
0.635834734,5.887544e-09
0.977038534,3.0620915e-09
0.9874,2.0361108e-09
0.984115762,1.3258025e-09
0.982495784,2.3833626e-09
0.983877275,1.5990066e-09
0.9874,1.1124365e-09
0.982418991,1.8838162e-09
0.984781604,1.3198661e-09
0.9874,1.5479829e-09
0.749583531,6.3035914e-09
0.731465957,6.210681e-09
0.696397223,6.0798135e-09
0.667994727,5.9146226e-09
0.730353009,6.2012293e-09
0.710458261,6.0713674e-09
0.698427095,5.9106067e-09
0.697142793,6.0604397e-09
0.704802243,5.904332e-09
0.98677438,3.4206702e-09
0.987339205,2.6441946e-09
0.979721068,2.0174606e-09
0.9874,2.9107967e-09
0.985452991,2.2570714e-09
0.9874,1.7505456e-09
0.980986994,2.5146896e-09
0.9874,1.9711914e-09
0.9874,2.218641e-09
0.728675999,6.3073498e-09
0.714247994,6.2081433e-09
0.719247189,6.0595053e-09
0.720820693,5.863544e-09
0.72141803,6.218268e-09
0.715820118,6.0791994e-09
0.723617625,5.8974137e-09
0.688238098,6.085128e-09
0.692295581,5.912034e-09
0.956635609,3.8492103e-09
0.978124709,3.2248129e-09
0.982652949,2.6774436e-09
0.963453714,3.4777026e-09
0.977238791,2.9119491e-09
0.977658777,2.426381e-09
0.973491898,3.167109e-09
0.974846589,2.6562614e-09
0.982536399,2.9044196e-09
0.684004119,6.230418e-09
0.67186067,6.0697642e-09
0.629347023,5.8479737e-09
0.594840634,5.576415e-09
0.697612631,6.140434e-09
0.685720595,5.95044e-09
0.647417354,5.7051195e-09
0.710643428,6.018647e-09
0.698905526,5.802059e-09
0.930086997,4.1959947e-09
0.961428095,3.741238e-09
0.976681337,3.3068737e-09
0.960109521,3.9358232e-09
0.977137948,3.503914e-09
0.982536399,3.095469e-09
0.981400752,3.6935395e-09
0.9874,3.2835499e-09
0.987312536,3.4633947e-09
0.576619702,5.9574816e-09
0.581910752,5.762636e-09
0.594620889,5.56935e-09
0.581432903,5.398663e-09
0.562178586,5.842047e-09
0.576049924,5.6134786e-09
0.591690504,5.384867e-09
0.563443417,5.715322e-09
0.56695137,5.4599556e-09
0.965375001,4.364135e-09
0.985383615,4.0596246e-09
0.985500512,3.7583154e-09
0.9843535,4.154679e-09
0.9874,3.865241e-09
0.9874,3.5803538e-09
0.983458495,3.948391e-09
0.9874,3.6739363e-09
0.986370936,3.743989e-09
0.586672833,5.589395e-09
0.597782905,5.7720375e-09
0.603683852,5.93874e-09
0.561983851,5.4950164e-09
0.581701407,5.7061706e-09
0.598010079,5.9022174e-09
0.555006786,5.6728515e-09
0.570215599,5.8932885e-09
0.550270423,5.9130296e-09
0.963730597,4.440466e-09
0.977639448,4.206413e-09
0.982338424,3.973725e-09
0.969979793,4.290338e-09
0.9793389,4.045711e-09
0.986370936,3.8037555e-09
0.972770459,4.1383084e-09
0.986370936,3.8834806e-09
0.969725193,3.9841046e-09
0.600895955,6.3559864e-09
0.57770846,6.2786154e-09
0.558083959,6.1130354e-09
0.588813131,6.3414847e-09
0.557939524,6.2316974e-09
0.552875998,6.061478e-09
0.58068524,6.3136243e-09
0.561846888,6.185123e-09
0.578859975,6.2786523e-09
0.969725193,4.1247166e-09
0.956418917,4.2870796e-09
0.946852236,4.469985e-09
0.960421735,4.294428e-09
0.954178427,4.4494923e-09
0.943097502,4.6242317e-09
0.940424283,4.6054445e-09
0.927205659,4.771606e-09
0.911829389,4.913011e-09
0.661555274,6.3025962e-09
0.68051212,6.227291e-09
0.710461725,6.120065e-09
0.741893011,5.9839413e-09
0.636974519,6.33601e-09
0.653313258,6.281679e-09
0.67841163,6.192806e-09
0.613415223,6.3537433e-09
0.627110306,6.32163e-09
0.866720575,5.3355715e-09
0.901763576,5.0575513e-09
0.937260417,4.767778e-09
0.879086292,5.2996345e-09
0.917342224,5.009212e-09
0.946852236,4.705822e-09
0.894879951,5.2560907e-09
0.908583739,4.951441e-09
0.908583739,5.2050555e-09
0.763960218,5.9372205e-09
0.809145968,5.71838e-09
0.860479063,5.4721583e-09
0.755596132,5.9569576e-09
0.813430677,5.734069e-09
0.850359465,5.479945e-09
0.751015686,5.9718084e-09
0.850359465,5.7433276e-09
0.684154099,6.352026e-09
0.685589583,6.352774e-09
0.704402892,6.356749e-09
0.636496607,6.0875625e-09
0.602056145,6.038808e-09
0.647519802,6.0969345e-09
0.643745111,6.12783e-09
0.633195369,6.0576735e-09
0.623512069,5.9782184e-09
0.641478753,6.1112693e-09
0.630685605,6.0402e-09
0.637456272,6.094131e-09
0.631679665,6.087088e-09
0.628919115,6.0343783e-09
0.638661591,6.108432e-09
0.598659526,6.0234044e-09
0.580764937,5.972733e-09
0.60841306,6.044358e-09
0.675175284,6.3475576e-09
0.695275508,6.355245e-09
0.714834168,6.3568066e-09
0.690883009,6.3524843e-09
0.709251458,6.3568244e-09
0.707369119,6.3556698e-09
0.643311514,6.3254846e-09
0.626193594,6.3049033e-09
0.613393787,6.2984165e-09
0.68609861,6.343399e-09
0.656939399,6.3179626e-09
0.660157315,6.3352514e-09
0.628465644,6.2515464e-09
0.630426028,6.221929e-09
0.607278438,6.1930123e-09
0.685145019,6.1420025e-09
0.6567797,6.1007e-09
0.701090928,6.1717302e-09
0.665360836,6.193232e-09
0.694706377,6.1949383e-09
0.66697512,6.134418e-09
0.71944302,6.3406635e-09
0.714057545,6.351506e-09
0.709386505,6.356607e-09
0.72195093,6.347502e-09
0.713845926,6.355125e-09
0.723405834,6.3523755e-09
0.712866933,6.3415473e-09
0.70839835,6.3422525e-09
0.704307722,6.3427903e-09
0.71224656,6.3520282e-09
0.709866281,6.3524395e-09
0.711274157,6.3567347e-09
0.734114784,6.3442327e-09
0.755022285,6.337912e-09
0.746152002,6.3230576e-09
0.731136863,6.328059e-09
0.733560969,6.337082e-09
0.74447086,6.312141e-09
0.649858985,6.168487e-09
0.651726444,6.205966e-09
0.653667116,6.24006e-09
0.641494801,6.1508634e-09
0.642691361,6.190058e-09
0.63324671,6.131376e-09
0.65156562,6.1446324e-09
0.663605606,6.1527006e-09
0.677011362,6.1590737e-09
0.67939354,6.203617e-09
0.69400669,6.209063e-09
0.699726383,6.2538135e-09
0.709339169,6.1930088e-09
0.722874725,6.220483e-09
0.727516198,6.2395134e-09
0.65716721,6.1774172e-09
0.676001475,6.2191714e-09
0.663396557,6.2137415e-09
0.680172101,6.251416e-09
0.667344704,6.246798e-09
0.652692022,6.1613727e-09
0.613344381,6.063836e-09
0.61571217,6.083652e-09
0.621157873,6.1019314e-09
0.626531749,6.120805e-09
0.628479689,6.1380296e-09
0.635515904,6.171841e-09
0.634704134,6.197693e-09
0.631960087,6.165693e-09
0.639311524,6.2203664e-09
0.600058783,6.0146594e-09
0.607289258,6.028075e-09
0.580274737,5.9566387e-09
0.621268657,6.0771055e-09
0.637589691,6.1333574e-09
0.628595686,6.089891e-09
0.653349272,6.296669e-09
0.642427832,6.2620438e-09
0.64063414,6.2204353e-09
0.645010866,6.2796395e-09
0.636459656,6.242044e-09
0.648599637,6.2607377e-09
0.679540673,6.2608496e-09
0.732358239,6.314609e-09
0.729457824,6.3478764e-09
0.699373383,6.256523e-09
0.724195645,6.3095698e-09
0.712797593,6.2538232e-09
0.681207653,6.2862275e-09
0.682747372,6.309119e-09
0.739642163,6.332103e-09
0.708037915,6.354451e-09
0.725054384,6.356541e-09
0.720099402,6.3569736e-09
0.737589569,6.3512986e-09
0.726977856,6.353837e-09
0.71291311,6.3381145e-09
0.684558123,6.3358403e-09
0.721112651,6.298952e-09
0.723317593,6.2508683e-09
0.676494811,6.3405823e-09
0.715230143,6.3041083e-09
0.70026392,6.3446284e-09
0.714931765,6.3134724e-09
0.72061705,6.2864887e-09
0.738915815,6.2709846e-09
0.722548477,6.3214665e-09
0.738462659,6.3046204e-09
0.756135174,6.285052e-09
0.728415858,6.2955277e-09
0.748905433,6.2751706e-09
0.734950352,6.2634515e-09
0.708848087,6.3232255e-09
0.714653248,6.3224763e-09
0.719903879,6.2963914e-09
0.698173463,6.3326433e-09
0.709319446,6.308713e-09
0.722363914,6.278006e-09
0.694341718,6.3196586e-09
0.711389127,6.2914185e-09
0.700114386,6.3037486e-09
0.69462698,6.349197e-09
0.677657644,6.341004e-09
0.698253418,6.356683e-09
0.800891993,6.23881e-09
0.847654085,6.2127774e-09
0.846681858,6.174802e-09
0.776212671,6.2136953e-09
0.790907672,6.2272942e-09
0.827645138,6.160149e-09
0.66492402,6.284533e-09
0.680300379,6.2890613e-09
0.688369605,6.2918493e-09
0.681003257,6.3195733e-09
0.689878929,6.322453e-09
0.700036426,6.3442616e-09
0.666936841,6.316589e-09
0.66329574,6.301598e-09
0.685137769,6.332379e-09
0.678443557,6.3566397e-09
0.692018908,6.354512e-09
0.702214325,6.3504486e-09
0.681557277,6.339317e-09
0.683679893,6.331798e-09
0.698524016,6.3030834e-09
0.670449677,6.346459e-09
0.662235425,6.3533587e-09
0.695368241,6.3279444e-09
0.599297636,5.9911125e-09
0.621521226,6.0557546e-09
0.628923572,6.0696292e-09
0.607886013,6.0700507e-09
0.579213679,5.999722e-09
0.614859817,6.076743e-09
0.612695259,6.0440555e-09
0.576583731,5.9814695e-09
0.614423456,6.053648e-09
0.650696403,6.131433e-09
0.680280148,6.2073875e-09
0.705771846,6.2689542e-09
0.657188998,6.1447776e-09
0.68883276,6.2190155e-09
0.657334287,6.1571908e-09
0.654260659,6.2076744e-09
0.679949346,6.2401035e-09
0.659201524,6.1720153e-09
0.664995674,6.28897e-09
0.686771829,6.2797807e-09
0.659142437,6.2519416e-09
0.674954702,6.3272445e-09
0.697713623,6.3479586e-09
0.721292443,6.356833e-09
0.685173106,6.3216397e-09
0.705329646,6.3445755e-09
0.707085265,6.3147634e-09
0.689591761,6.341236e-09
0.705503927,6.350864e-09
0.710904193,6.3549987e-09
0.638521457,6.190299e-09
0.629572376,6.1435217e-09
0.615539258,6.091343e-09
0.638747149,6.1516077e-09
0.62716091,6.1005245e-09
0.629611769,6.109052e-09
0.573292239,6.025923e-09
0.567697301,5.9591523e-09
0.586703587,6.030019e-09
0.601127079,6.146997e-09
0.587747993,6.108032e-09
0.574394992,6.0662058e-09
0.600813815,6.1119008e-09
0.587102641,6.070333e-09
0.600675191,6.074214e-09
0.614817998,6.1622103e-09
0.615677778,6.1280847e-09
0.628904387,6.1766587e-09
0.631789795,6.3563235e-09
0.630243121,6.3569527e-09
0.662602963,6.356838e-09
0.634926494,6.346496e-09
0.632633434,6.342652e-09
0.673895638,6.305196e-09
0.673194919,6.35257e-09
0.638031452,6.3565544e-09
0.66930921,6.3341554e-09
0.68785122,6.303423e-09
0.675452096,6.3035923e-09
0.647618143,6.3415464e-09
0.748205071,6.206769e-09
0.773668922,6.1516108e-09
0.82156633,6.096532e-09
0.767493966,6.138773e-09
0.786631748,6.0813976e-09
0.784416596,6.0613723e-09
0.740264046,6.2378733e-09
0.74286203,6.222495e-09
0.766706669,6.1540386e-09
0.736969541,6.2354255e-09
0.766329785,6.1477827e-09
0.727211439,6.2331877e-09
0.888574881,6.024648e-09
0.923594223,5.9935554e-09
0.891814958,5.94861e-09
0.842579138,6.0095777e-09
0.852911314,5.9288316e-09
0.816059979,5.987706e-09
0.712266438,6.347534e-09
0.74302813,6.309014e-09
0.771481929,6.2401244e-09
0.720484444,6.3533125e-09
0.749025131,6.3250045e-09
0.727615825,6.3564554e-09
0.738369311,6.3530234e-09
0.769005543,6.3070598e-09
0.749536204,6.3466574e-09
0.714794471,6.3215086e-09
0.717608958,6.283172e-09
0.746654252,6.2607044e-09
0.637185968,6.146302e-09
0.638995129,6.152091e-09
0.646418786,6.1570975e-09
0.656833633,6.2163514e-09
0.664439618,6.2205396e-09
0.678358507,6.2728978e-09
0.651299188,6.221433e-09
0.648947784,6.1857937e-09
0.663930453,6.2489454e-09
0.679690549,6.220471e-09
0.71512002,6.271483e-09
0.698279393,6.2727947e-09
0.665224413,6.298962e-09
0.654312806,6.26835e-09
0.645622289,6.2320797e-09
0.671631309,6.2910708e-09
0.660555426,6.2590573e-09
0.67445122,6.282387e-09
0.70700946,6.319292e-09
0.730849804,6.3183245e-09
0.734054413,6.316461e-09
0.72870813,6.347931e-09
0.739812356,6.3469456e-09
0.743898445,6.3568826e-09
0.734761775,6.3569785e-09
0.747248977,6.356966e-09
0.730229735,6.3460504e-09
0.808857028,6.2435883e-09
0.790482966,6.307843e-09
0.764704429,6.3444987e-09
0.786710973,6.3119905e-09
0.764163215,6.345991e-09
0.754252928,6.347948e-09
0.808767115,6.2377485e-09
0.779656652,6.3083765e-09
0.794540232,6.236444e-09
0.608580346,6.1895795e-09
0.622023131,6.203313e-09
0.634736496,6.216229e-09
0.617693694,6.227828e-09
0.630932211,6.239997e-09
0.630192528,6.2616294e-09
0.652819804,6.2877015e-09
0.640512879,6.275275e-09
0.643251079,6.2547634e-09
0.546367169,6.0322587e-09
0.536198515,6.042322e-09
0.519340839,5.9692353e-09
0.567743385,6.0831677e-09
0.576568711,6.138889e-09
0.5887015,6.188868e-09
0.558061624,6.0923693e-09
0.571193888,6.1468253e-09
0.552010158,6.101009e-09
0.593684259,6.161682e-09
0.590914923,6.1756364e-09
0.580753265,6.123843e-09
0.604395125,6.202803e-09
0.616594118,6.2396e-09
0.602472466,6.2153243e-09
0.784876902,6.0093237e-09
0.792681658,5.9503478e-09
0.806153863,5.8869367e-09
0.769791456,6.103504e-09
0.787151932,6.0555685e-09
0.741721308,6.20088e-09
0.782283123,6.122043e-09
0.7637278,6.1613017e-09
0.804987737,5.999581e-09
0.767177157,5.7336687e-09
0.773256199,5.8234786e-09
0.793859326,5.9358247e-09
0.789384936,5.7941203e-09
0.807252809,5.881691e-09
0.844301855,5.843219e-09
0.787132416,5.802146e-09
0.77566464,5.8731477e-09
0.761806069,5.7545364e-09
0.891929983,5.816492e-09
0.918436949,5.800875e-09
0.861145626,5.7683964e-09
0.795295382,5.7321934e-09
0.773530211,5.7294134e-09
0.822560225,5.778094e-09
0.818026693,6.102231e-09
0.841944369,5.9581295e-09
0.854190402,5.8251546e-09
0.883455742,5.928457e-09
0.904688618,5.771098e-09
0.898702934,5.731504e-09
0.846642011,6.0943175e-09
0.850157429,6.0941696e-09
0.892903446,5.9146434e-09
0.707868763,6.356826e-09
0.701507528,6.3448207e-09
0.692188148,6.316057e-09
0.71882967,6.3569745e-09
0.712965085,6.346645e-09
0.729236474,6.3569705e-09
0.682411478,6.328921e-09
0.688003409,6.3228858e-09
0.696126739,6.3485994e-09
0.665821124,6.3145023e-09
0.667192532,6.3278254e-09
0.668346958,6.338832e-09
0.654333205,6.3045267e-09
0.657178122,6.3192065e-09
0.643935207,6.2933374e-09
0.68230007,6.3481957e-09
0.681877348,6.3398145e-09
0.695781414,6.354182e-09
0.729253438,6.339308e-09
0.740937523,6.336965e-09
0.75529115,6.3351595e-09
0.758936649,6.270807e-09
0.768374456,6.266172e-09
0.78937954,6.1415126e-09
0.804558273,6.210849e-09
0.79110494,6.176524e-09
0.780118608,6.287944e-09
0.837071136,6.043006e-09
0.864060682,5.8471157e-09
0.809565368,5.9915717e-09
0.526579922,6.0616276e-09
0.522871402,6.070644e-09
0.502215737,5.998683e-09
0.635852765,6.2877397e-09
0.641934216,6.3100107e-09
0.649580397,6.328329e-09
0.622938084,6.2681895e-09
0.630087515,6.2930705e-09
0.609636197,6.2462533e-09
0.661245608,6.335846e-09
0.655853454,6.332356e-09
0.649577256,6.314904e-09
0.553891495,6.12536e-09
0.57550888,6.1899166e-09
0.595610817,6.245378e-09
0.549454417,6.1331216e-09
0.571736939,6.1960153e-09
0.546561316,6.140136e-09
0.590813152,6.209282e-09
0.593570247,6.2280927e-09
0.57309323,6.16919e-09
0.614031003,6.2784475e-09
0.611819626,6.2631105e-09
0.632131088,6.3062466e-09
0.510354593,6.0217005e-09
0.528590837,6.0870664e-09
0.536214656,6.094343e-09
0.485538723,6.0260494e-09
0.519300873,6.092783e-09
0.509596313,6.0845573e-09
0.770813034,5.6615934e-09
0.783856939,5.57908e-09
0.795698007,5.4878355e-09
0.785463971,5.674723e-09
0.811139636,5.587212e-09
0.817989822,5.724228e-09
0.852726064,5.493994e-09
0.887477657,5.572943e-09
0.867260231,5.6451626e-09
0.777848938,5.7065717e-09
0.749763993,5.6662635e-09
0.753575366,5.616995e-09
0.759599775,5.6857314e-09
0.757900174,5.6295497e-09
0.767767702,5.6683658e-09
0.767837081,5.5173177e-09
0.770035317,5.59809e-09
0.756871389,5.5639706e-09
0.852848285,5.753626e-09
0.796571017,5.742156e-09
0.805372411,5.7293277e-09
0.764742449,5.672218e-09
0.770750531,5.704316e-09
0.784484028,5.7256004e-09
0.833340855,5.4692775e-09
0.807545299,5.7035714e-09
0.807103274,5.9365624e-09
0.834186155,5.551587e-09
0.817443884,5.7733263e-09
0.867741452,5.6396425e-09
0.869716695,5.210784e-09
0.873999954,5.324003e-09
0.875447949,5.506834e-09
0.814363904,5.3015268e-09
0.858855985,5.405895e-09
0.809263424,5.3953286e-09
0.87623027,5.3146856e-09
0.876651027,5.40762e-09
0.899048087,5.2277587e-09
0.678855978,6.355381e-09
0.696483832,6.3531536e-09
0.72190297,6.327432e-09
0.675777271,6.35436e-09
0.693691743,6.3544885e-09
0.671273989,6.3529857e-09
0.70325273,6.3547345e-09
0.736831034,6.3166095e-09
0.786854688,6.2206746e-09
0.707045426,6.345138e-09
0.755174435,6.2837366e-09
0.689750813,6.3569754e-09
0.840202671,5.7326157e-09
0.834968957,6.0039085e-09
0.783040094,6.2134533e-09
0.857608188,5.8819185e-09
0.828541886,6.1234413e-09
0.832113753,6.020526e-09
0.835079459,5.5421925e-09
0.839528549,5.6314358e-09
0.835910346,5.7880016e-09
0.552189927,6.156948e-09
0.582870828,6.2243335e-09
0.608958138,6.2804038e-09
0.558202723,6.1627405e-09
0.59076446,6.2283645e-09
0.564296059,6.1677383e-09
0.595757411,6.2582677e-09
0.600103594,6.269912e-09
0.574991864,6.2108283e-09
0.619542705,6.3016645e-09
0.641689902,6.340211e-09
0.663516598,6.35675e-09
0.619513274,6.311081e-09
0.640976876,6.345614e-09
0.621713534,6.319369e-09
0.65429832,6.3427237e-09
0.658510307,6.35234e-09
0.636897947,6.3253176e-09
0.678429839,6.3569012e-09
0.705479268,6.3447883e-09
0.682384577,6.3546852e-09
0.530272544,6.0496204e-09
0.510598624,6.0063887e-09
0.523505894,6.0628538e-09
0.539156666,6.0158794e-09
0.527121843,5.9812133e-09
0.538895084,6.0261214e-09
0.558974536,6.172663e-09
0.590247001,6.2353043e-09
0.62114492,6.2878933e-09
0.544436117,6.1639125e-09
0.580216096,6.226549e-09
0.542450797,6.154811e-09
0.596177447,6.232253e-09
0.619429978,6.283608e-09
0.625487039,6.2860956e-09
0.540822913,6.1238326e-09
0.561686577,6.1678227e-09
0.573823278,6.2082988e-09
0.548031674,6.1102403e-09
0.568249093,6.154099e-09
0.555318249,6.0966134e-09
0.578334885,6.2368017e-09
0.565009258,6.197761e-09
0.603245458,6.2635483e-09
0.763433165,5.5577463e-09
0.788917876,5.4881233e-09
0.820083066,5.408597e-09
0.762492603,5.4877605e-09
0.79173037,5.40186e-09
0.770638588,5.4272005e-09
0.837198021,5.243791e-09
0.793202755,5.3367275e-09
0.835549593,5.3165765e-09
0.789113958,5.7654606e-09
0.770242536,5.7491514e-09
0.733924403,5.725003e-09
0.779148338,5.700217e-09
0.754841959,5.6661302e-09
0.766026681,5.629276e-09
0.787736444,5.516483e-09
0.769742944,5.577999e-09
0.749079544,5.624178e-09
0.802510616,5.8241856e-09
0.858951601,5.8723373e-09
0.800819532,5.8831873e-09
0.756874471,5.816531e-09
0.788023134,5.823021e-09
0.774892394,5.8906093e-09
0.856960313,5.306022e-09
0.883487117,5.182293e-09
0.896274591,5.1364406e-09
0.84958277,5.1608247e-09
0.860582544,5.0790407e-09
0.830267362,5.043965e-09
0.845600235,5.3710307e-09
0.832792802,5.2100053e-09
0.83011656,5.4578964e-09
0.872496159,5.1441287e-09
0.868531166,5.216606e-09
0.848500645,5.317779e-09
0.870389424,5.1164695e-09
0.86021442,5.22082e-09
0.872299768,5.1221494e-09
0.845395324,4.9917785e-09
0.86433088,5.0611852e-09
0.86687838,5.0289866e-09
0.835201458,5.2699516e-09
0.826671625,5.42296e-09
0.824287696,5.5790443e-09
0.815769911,5.1601647e-09
0.821656762,5.303877e-09
0.825502725,5.083177e-09
0.698312422,6.3307346e-09
0.723604074,6.3033676e-09
0.750562294,6.266972e-09
0.742780526,6.2280114e-09
0.775773222,6.169348e-09
0.79243632,6.0372303e-09
0.829633469,5.8309686e-09
0.83720902,5.9347838e-09
0.80624079,6.089983e-09
0.855213799,5.5295573e-09
0.844214444,5.7960974e-09
0.840930062,5.68286e-09
0.632387085,6.32943e-09
0.653375455,6.355016e-09
0.674469332,6.348886e-09
0.641255182,6.3313697e-09
0.661641724,6.3555636e-09
0.651779678,6.332793e-09
0.665802798,6.356572e-09
0.669541779,6.353906e-09
0.643651238,6.351308e-09
0.70180281,6.2976353e-09
0.701561748,6.3157053e-09
0.737098753,6.1934435e-09
0.552977544,6.048729e-09
0.552063948,6.0591625e-09
0.550415379,6.0696226e-09
0.557342272,6.090465e-09
0.558471772,6.1010628e-09
0.561759762,6.1309047e-09
0.564221366,6.1570846e-09
0.563385562,6.127667e-09
0.568440803,6.182968e-09
0.549967241,6.0213026e-09
0.552253637,6.0362875e-09
0.545193799,5.9904757e-09
0.555252702,6.063388e-09
0.559129683,6.104239e-09
0.557486113,6.0774603e-09
0.568402765,6.2549215e-09
0.566867163,6.2161574e-09
0.564699458,6.1746013e-09
0.568694315,6.2403642e-09
0.567557876,6.200037e-09
0.570736891,6.224843e-09
0.640449618,6.3413097e-09
0.646398054,6.356643e-09
0.646888506,6.3351897e-09
0.657464072,6.3437935e-09
0.658653528,6.3562213e-09
0.66862433,6.3463683e-09
0.576806196,6.266751e-09
0.595065889,6.2913794e-09
0.624769623,6.3129453e-09
0.579673144,6.31475e-09
0.601571434,6.3328223e-09
0.585458956,6.347103e-09
0.569190198,6.293142e-09
0.570912509,6.2804864e-09
0.573157533,6.324812e-09
0.619758899,6.3547185e-09
0.600561612,6.3562227e-09
0.625754494,6.3491385e-09
0.811004771,5.438186e-09
0.770779834,5.5655662e-09
0.731430324,5.687457e-09
0.786994319,5.494276e-09
0.739476388,5.6377276e-09
0.747303991,5.574727e-09
0.798132021,5.4156626e-09
0.848837911,5.2603792e-09
0.8342635,5.3530367e-09
0.72241021,5.799028e-09
0.743017053,5.890387e-09
0.76424554,5.957188e-09
0.7209525,5.882953e-09
0.738657073,5.965254e-09
0.735382592,5.967121e-09
0.719154619,5.7329337e-09
0.712951,5.7719065e-09
0.726233669,5.8667293e-09
0.805502601,6.0000205e-09
0.869720309,6.015222e-09
0.784900221,6.0433347e-09
0.726958665,6.034301e-09
0.75475039,6.01925e-09
0.710910394,6.0675642e-09
0.880064234,5.1522977e-09
0.833477982,5.3139497e-09
0.772596823,5.488717e-09
0.888630421,5.2054974e-09
0.829420061,5.38916e-09
0.866429808,5.280231e-09
0.873617133,5.00609e-09
0.896568311,5.028522e-09
0.901525513,5.0744666e-09
0.874817184,4.9094186e-09
0.91452802,4.920008e-09
0.897393517,4.8440905e-09
0.835174878,4.950552e-09
0.853841499,4.9394155e-09
0.85540374,4.88488e-09
0.837578627,5.029217e-09
0.83405747,4.9705133e-09
0.857114493,4.886443e-09
0.859386781,5.260163e-09
0.874383616,5.25684e-09
0.854855105,5.2596767e-09
0.867256965,5.5282183e-09
0.841020209,5.5324483e-09
0.817367297,5.8004144e-09
0.856128613,5.0132507e-09
0.884881296,4.8642423e-09
0.874370585,5.0041367e-09
0.654779966,6.285905e-09
0.668417258,6.292516e-09
0.684799984,6.299583e-09
0.677989954,6.185579e-09
0.692896129,6.1975807e-09
0.712613195,6.0413154e-09
0.731645882,6.0358802e-09
0.71732106,6.194057e-09
0.759990314,6.0345253e-09
0.762365914,5.801615e-09
0.783328017,5.79847e-09
0.815661798,5.53041e-09
0.56373294,6.157032e-09
0.566865335,6.1817476e-09
0.573193301,6.205105e-09
0.56313807,6.1308696e-09
0.567571972,6.1561254e-09
0.562130175,6.1045635e-09
0.567794041,6.238756e-09
0.570629877,6.2221095e-09
0.566817841,6.1990755e-09
0.560117017,6.0687544e-09
0.564708283,6.085919e-09
0.545702435,6.032153e-09
0.567686393,6.121154e-09
0.573670003,6.171309e-09
0.573141732,6.136905e-09
0.570491046,6.2832615e-09
0.576196674,6.3081753e-09
0.581702005,6.328956e-09
0.573664625,6.2682366e-09
0.579689583,6.2946977e-09
0.576935583,6.252451e-09
0.571066606,6.3169736e-09
0.574886196,6.3421814e-09
0.575574486,6.3361316e-09
0.633364642,6.3119514e-09
0.643266016,6.2656613e-09
0.656737482,6.201785e-09
0.61665902,6.340165e-09
0.628637787,6.3106396e-09
0.602826812,6.3545764e-09
0.655235399,6.227643e-09
0.685029448,6.097145e-09
0.666685114,6.1511614e-09
0.606939254,6.3439582e-09
0.596910219,6.3554153e-09
0.588415464,6.355971e-09
0.626788964,6.3146786e-09
0.613263789,6.3411423e-09
0.642060717,6.2672556e-09
0.589996989,6.3568257e-09
0.58395966,6.3502963e-09
0.582843535,6.353782e-09
0.748015043,5.6748424e-09
0.74198917,5.8346075e-09
0.738891802,5.957456e-09
0.763118879,5.7876073e-09
0.736161058,5.9366374e-09
0.75122523,5.901899e-09
0.780678952,5.5962106e-09
0.781042014,5.719017e-09
0.817496878,5.5011333e-09
0.800084183,6.0332437e-09
0.731998529,6.075493e-09
0.726190207,6.081026e-09
0.691555827,6.1395986e-09
0.681937038,6.1214376e-09
0.67845115,6.098075e-09
0.682504528,6.139366e-09
0.67190543,6.1125736e-09
0.692207205,6.1111267e-09
0.695658612,6.086768e-09
0.698724347,6.1006142e-09
0.720516894,6.0421645e-09
0.708586099,6.0317116e-09
0.712713222,6.041733e-09
0.699919024,6.1072485e-09
0.786704495,5.664056e-09
0.805351801,5.5217853e-09
0.834880674,5.3913123e-09
0.775951973,5.7645666e-09
0.798847859,5.6291367e-09
0.77437795,5.8435843e-09
0.860719267,5.1711693e-09
0.835489026,5.2785567e-09
0.823333426,5.4065357e-09
0.857626137,5.0653948e-09
0.854931988,5.1649542e-09
0.89338452,4.9687086e-09
0.918851447,4.892243e-09
0.943300993,4.847758e-09
0.902758699,4.976959e-09
0.974934527,4.7875464e-09
0.977059754,4.7887325e-09
0.940304432,4.8074487e-09
0.963878481,4.7701265e-09
0.957904523,4.801593e-09
0.932523126,4.8377986e-09
0.894668928,5.039707e-09
0.927721437,4.861756e-09
0.956329515,4.8791526e-09
0.691240901,6.005044e-09
0.702390093,5.9348535e-09
0.735518762,5.864962e-09
0.747002792,5.74486e-09
0.767632074,5.6649383e-09
0.81790699,5.452764e-09
0.795069757,5.5939973e-09
0.843696162,5.314099e-09
0.836352449,5.3788005e-09
0.892482801,5.1430695e-09
0.898772324,5.0852975e-09
0.947627413,4.9092264e-09
0.580801368,6.2275944e-09
0.588717597,6.2486114e-09
0.59487077,6.2681105e-09
0.581843424,6.1947985e-09
0.590371618,6.2169234e-09
0.583104429,6.1611574e-09
0.584391806,6.2724963e-09
0.586992098,6.3113013e-09
0.591967442,6.290773e-09
0.572115987,6.122627e-09
0.57829801,6.1417857e-09
0.554600254,6.0817467e-09
0.590180413,6.17966e-09
0.596698257,6.2333956e-09
0.592278925,6.196984e-09
0.590473329,6.3485865e-09
0.604859331,6.3568675e-09
0.62153142,6.3511316e-09
0.595442786,6.3365366e-09
0.601696233,6.352479e-09
0.595472933,6.3202936e-09
0.609096428,6.3463914e-09
0.617651573,6.3488086e-09
0.593846439,6.3569843e-09
0.647312354,6.2762715e-09
0.692695064,6.1415144e-09
0.72926745,5.9409015e-09
0.650297435,6.2832184e-09
0.693457638,6.153344e-09
0.65298708,6.290746e-09
0.664961378,6.210783e-09
0.679638533,6.1266117e-09
0.711841688,6.039043e-09
0.727616069,5.8967893e-09
0.781570032,5.614484e-09
0.758947499,5.7801706e-09
0.830394901,5.9120286e-09
0.801289865,5.9753735e-09
0.765754223,6.0213474e-09
0.81009126,5.7547314e-09
0.814249042,5.8446945e-09
0.852834789,5.6565495e-09
0.767614723,5.3180487e-09
0.774109384,5.5010205e-09
0.812568549,5.185848e-09
0.905465011,5.274068e-09
0.890656755,5.155842e-09
0.885161633,5.0534403e-09
0.866360179,5.4107714e-09
0.854683268,5.2799884e-09
0.825586348,5.5436766e-09
0.703885389,6.15103e-09
0.714548545,6.155328e-09
0.700351037,6.1509926e-09
0.712951918,6.105354e-09
0.72562378,6.093142e-09
0.739380243,6.008897e-09
0.75464572,5.9654406e-09
0.726280791,6.063847e-09
0.756928179,5.901501e-09
0.701282431,6.161679e-09
0.721256137,6.132275e-09
0.721587141,6.0965415e-09
0.721427298,6.1122147e-09
0.748579242,6.0699623e-09
0.764380876,6.033221e-09
0.705960351,6.1420935e-09
0.713888759,6.1670984e-09
0.698337813,6.160889e-09
0.700005133,6.1842997e-09
0.708942889,6.175861e-09
0.701649632,6.1854286e-09
0.709204831,6.0100307e-09
0.755321943,5.9127965e-09
0.783338374,5.794337e-09
0.690290428,6.081258e-09
0.733025999,6.0028995e-09
0.692090636,6.125988e-09
0.829622317,5.6791207e-09
0.784124213,5.8086287e-09
0.856494042,5.5437424e-09
0.771611937,4.530912e-09
0.774462164,4.829813e-09
0.798128449,4.3951123e-09
0.824353664,3.6146262e-09
0.794274854,3.905272e-09
0.835211482,3.4573246e-09
0.930575331,5.050599e-09
0.962583526,4.8833875e-09
0.984381292,4.7774056e-09
0.922972962,4.961991e-09
0.964567919,4.825166e-09
0.924695806,4.889534e-09
0.975543979,4.754817e-09
0.958771715,4.786638e-09
0.982021369,4.7543054e-09
0.859161779,5.2567835e-09
0.881261552,5.0817173e-09
0.910624704,4.941863e-09
0.813996053,5.4185683e-09
0.825694054,5.2304983e-09
0.772888314,5.5936384e-09
0.92868348,4.9836433e-09
0.967856982,4.814996e-09
0.959228553,4.866156e-09
0.985643516,4.7423723e-09
0.968037918,4.7886126e-09
0.982707845,4.761103e-09
0.597614321,6.2938423e-09
0.599773113,6.315874e-09
0.597957881,6.3337198e-09
0.599799056,6.26163e-09
0.603786428,6.2868946e-09
0.595435616,6.2268835e-09
0.597284113,6.337961e-09
0.607030287,6.356948e-09
0.598209585,6.3502426e-09
0.576197331,6.1805245e-09
0.572393383,6.199609e-09
0.559115949,6.1359025e-09
0.591463576,6.244696e-09
0.590019657,6.3009473e-09
0.575058595,6.260875e-09
0.643658659,6.3221965e-09
0.672460963,6.265381e-09
0.693798921,6.1779857e-09
0.624773381,6.347749e-09
0.647140658,6.315007e-09
0.609982414,6.3568586e-09
0.683092308,6.2136105e-09
0.714015409,6.0243157e-09
0.715024224,6.1045418e-09
0.726230609,5.9472263e-09
0.736537346,5.8464034e-09
0.73740079,5.746251e-09
0.748894876,5.6444374e-09
0.755365151,5.533912e-09
0.782299136,5.3233955e-09
0.834001637,5.1726783e-09
0.787024,5.3750213e-09
0.878500663,5.0448112e-09
0.895242711,4.9745896e-09
0.959268355,4.8932147e-09
0.977083174,4.8263646e-09
0.905112266,5.0659157e-09
0.955728236,4.9664783e-09
0.91629651,5.1669997e-09
0.75359101,5.1769278e-09
0.752949779,4.937494e-09
0.74830918,4.639217e-09
0.736702946,5.2811817e-09
0.730650488,5.0462923e-09
0.7178308,5.3861005e-09
0.670714908,5.9126877e-09
0.713503739,5.8236123e-09
0.761813424,5.7322564e-09
0.693036955,5.7175065e-09
0.727310409,5.6096483e-09
0.737306717,5.4425673e-09
0.714035699,5.6310325e-09
0.684349169,5.798785e-09
0.722816703,5.53678e-09
0.804978476,5.853313e-09
0.797216344,6.0005085e-09
0.750875706,6.0979177e-09
0.792039122,5.92536e-09
0.76025076,6.0436767e-09
0.775449041,5.983176e-09
0.736485078,6.081726e-09
0.717573394,6.1241e-09
0.694603122,6.145971e-09
0.73109539,5.9971565e-09
0.782902817,6.0551697e-09
0.783788673,5.926653e-09
0.770512138,5.608016e-09
0.792181423,5.495413e-09
0.865372101,5.3824216e-09
0.749180076,5.7750342e-09
0.795461633,5.6629275e-09
0.738258126,5.9101604e-09
0.789364821,5.363575e-09
0.836965252,5.146334e-09
0.849133903,5.262692e-09
0.829425088,5.2169775e-09
0.832862344,5.1282467e-09
0.848380525,5.047639e-09
0.808478815,5.3455187e-09
0.811503692,5.2418927e-09
0.790051488,5.478316e-09
0.700120426,6.167411e-09
0.671245838,6.2032655e-09
0.676250859,6.2123044e-09
0.67618676,6.1791767e-09
0.664615009,6.204553e-09
0.667638608,6.1875767e-09
0.66588413,6.1839125e-09
0.673495892,6.1987886e-09
0.667633621,6.2022654e-09
0.67766225,6.134293e-09
0.666346864,6.1675327e-09
0.681731313,6.192609e-09
0.702380223,6.0953895e-09
0.7004738,6.0732708e-09
0.705091643,6.0453744e-09
0.700730725,6.1670926e-09
0.691704687,6.1528223e-09
0.696258855,6.201633e-09
0.721883129,5.983242e-09
0.752013441,5.817496e-09
0.725239587,5.9503313e-09
0.825954264,3.66118e-09
0.795091917,4.0127266e-09
0.765411451,4.350775e-09
0.793950165,3.9591077e-09
0.765152901,4.2909116e-09
0.762640999,4.23098e-09
0.726096759,4.7737867e-09
0.714078329,5.1170113e-09
0.733872652,4.7063633e-09
0.869655125,3.1841105e-09
0.903426277,2.7751847e-09
0.881895526,3.0605454e-09
0.838794071,3.549326e-09
0.849648805,3.4314716e-09
0.80796923,3.9114316e-09
0.703126424,5.425137e-09
0.705265292,5.1444267e-09
0.733205862,4.7833217e-09
0.688523517,5.463321e-09
0.709492817,5.1692863e-09
0.690468393,5.500038e-09
0.871307165,5.0085944e-09
0.936045588,4.9064197e-09
0.960446067,4.8316604e-09
0.9501627,4.8154782e-09
0.984504662,4.768381e-09
0.97981574,4.7411466e-09
0.949791534,4.8350506e-09
0.974430354,4.755011e-09
0.98247537,4.7843716e-09
0.985628043,4.738547e-09
0.985386289,4.751138e-09
0.985619646,4.746889e-09
0.588645128,6.348721e-09
0.583237028,6.356268e-09
0.594761942,6.355382e-09
0.566132767,6.323614e-09
0.567491773,6.340985e-09
0.560965924,6.2881376e-09
0.613878434,6.34994e-09
0.647209019,6.2734187e-09
0.612520761,6.3314936e-09
0.553675221,6.2397034e-09
0.556116329,6.2598424e-09
0.53555703,6.188325e-09
0.566937812,6.3054e-09
0.585178957,6.3495973e-09
0.575367719,6.3199312e-09
0.687062926,6.077442e-09
0.693230251,5.9563363e-09
0.738339826,5.8190484e-09
0.639496564,6.205449e-09
0.667686317,6.1163976e-09
0.618063767,6.2938184e-09
0.724379751,5.8034275e-09
0.763214449,5.480662e-09
0.746446552,5.6487948e-09
0.86854486,5.014013e-09
0.823504338,5.2449227e-09
0.782523435,5.527955e-09
0.844911607,5.1009907e-09
0.794492143,5.3576907e-09
0.809891398,5.2047926e-09
0.906587503,4.8683853e-09
0.888700639,4.929411e-09
0.948464625,4.7800186e-09
0.915037716,4.8477373e-09
0.928886824,4.7842144e-09
0.955850718,4.744907e-09
0.904660927,4.8873385e-09
0.940950747,4.8078928e-09
0.89105401,4.9299573e-09
0.856625407,5.0610476e-09
0.887986155,4.9386197e-09
0.869141648,4.9923803e-09
0.706461332,5.687302e-09
0.700562698,5.915701e-09
0.706752707,6.076411e-09
0.691664409,5.8566685e-09
0.673789774,6.0216454e-09
0.654731744,5.966416e-09
0.681778567,5.778462e-09
0.694057813,5.9617555e-09
0.692306445,5.733146e-09
0.647771038,6.0769123e-09
0.674124498,6.174258e-09
0.6878194,6.2252337e-09
0.727134249,6.1166605e-09
0.71415035,6.1867422e-09
0.745426416,6.143964e-09
0.695491974,6.1957275e-09
0.691236112,6.2208922e-09
0.677176055,6.217628e-09
0.679663264,6.167078e-09
0.661321934,6.2083414e-09
0.639896198,6.12234e-09
0.812231478,5.145175e-09
0.850434394,5.018533e-09
0.890629965,4.922181e-09
0.82622316,5.1714046e-09
0.858543041,5.040999e-09
0.835344772,5.1955613e-09
0.783027102,5.6874967e-09
0.760948662,5.886076e-09
0.736780007,6.0329257e-09
0.785734006,5.7607354e-09
0.773171059,5.9456755e-09
0.775026522,5.829228e-09
0.805166761,5.4118683e-09
0.797227684,5.5536784e-09
0.786037908,5.6268505e-09
0.799102156,5.3896674e-09
0.771513894,5.6083462e-09
0.786384044,5.3653824e-09
0.716892285,6.217044e-09
0.717908616,6.217232e-09
0.702209642,6.2157444e-09
0.697946363,6.24031e-09
0.698433244,6.2291723e-09
0.695216989,6.242353e-09
0.717226603,6.149348e-09
0.714597328,6.196579e-09
0.724610596,6.1877863e-09
0.742204279,6.1062195e-09
0.737101637,6.1607306e-09
0.768930804,6.043232e-09
0.777640143,4.30936e-09
0.815724551,3.8499524e-09
0.856170344,3.3553684e-09
0.791600322,4.2616572e-09
0.828407416,3.7841685e-09
0.806186095,4.209137e-09
0.763200301,4.7329287e-09
0.722009226,5.165633e-09
0.748720161,4.761044e-09
0.89560733,2.7665021e-09
0.927466116,2.2669278e-09
0.911895829,2.6046552e-09
0.871846709,3.1903993e-09
0.892098747,3.0289684e-09
0.849307725,3.6286663e-09
0.677936746,5.7545186e-09
0.661590369,5.9588845e-09
0.665999548,6.1102394e-09
0.681483269,5.9643064e-09
0.684867985,6.1041883e-09
0.70568368,6.092337e-09
0.732131931,5.3682743e-09
0.717998738,5.4222618e-09
0.700840071,5.4659353e-09
0.755562753,5.020184e-09
0.739938249,5.098814e-09
0.781059845,4.630105e-09
0.700425107,5.7149223e-09
0.67353679,5.9561702e-09
0.68583413,5.738421e-09
0.894571102,4.869552e-09
0.922293046,4.7806132e-09
0.949110865,4.741438e-09
0.914897965,4.7841673e-09
0.924634658,4.7429856e-09
0.939170757,4.7458104e-09
0.940151338,4.7779216e-09
0.944487761,4.7429856e-09
0.933447019,4.744261e-09
0.604625876,6.277801e-09
0.602061216,6.237741e-09
0.627380899,6.285579e-09
0.647082902,6.2953163e-09
0.641098559,6.246075e-09
0.630533703,6.2974905e-09
0.565391671,6.232931e-09
0.56685734,6.286138e-09
0.574502789,6.2931176e-09
0.589395678,6.340892e-09
0.619610188,6.3518533e-09
0.664825312,6.255482e-09
0.597329424,6.344586e-09
0.651681677,6.3494596e-09
0.621955381,6.3472547e-09
0.617243087,6.339844e-09
0.632340481,6.306661e-09
0.602209295,6.3569043e-09
0.663181629,6.2300085e-09
0.742303698,5.994472e-09
0.695460641,6.1443437e-09
0.844931438,5.1819886e-09
0.792792064,5.584622e-09
0.725610362,5.9896896e-09
0.818118898,5.3763034e-09
0.777792668,5.7985825e-09
0.796664688,5.596936e-09
0.855713573,5.0618203e-09
0.849327054,5.1175224e-09
0.820895107,5.3067257e-09
0.884294587,4.9047655e-09
0.914052158,4.8066324e-09
0.878392149,4.947373e-09
0.929764325,4.840588e-09
0.928637749,4.827703e-09
0.922180203,4.8103193e-09
0.960804956,4.774338e-09
0.955074886,4.7667696e-09
0.966559227,4.742544e-09
0.835560435,5.0017888e-09
0.886039762,4.8901003e-09
0.887096955,4.9087174e-09
0.715930766,6.2842562e-09
0.712244904,6.2652132e-09
0.692604948,6.2446044e-09
0.71818431,6.24662e-09
0.696086447,6.2282144e-09
0.723599854,6.180826e-09
0.691376844,6.2155547e-09
0.711111693,6.2644845e-09
0.716697801,6.199889e-09
0.731133001,6.2799375e-09
0.720137735,6.2607346e-09
0.71187262,6.2398136e-09
0.728896731,6.269416e-09
0.708904104,6.2550134e-09
0.704716769,6.2514642e-09
0.730975038,6.2888996e-09
0.727480468,6.2713625e-09
0.723059099,6.291043e-09
0.779584518,5.231886e-09
0.764246835,5.476158e-09
0.755229234,5.7212524e-09
0.790177336,5.3386313e-09
0.762287695,5.5976423e-09
0.808988008,5.4656843e-09
0.818145474,5.065591e-09
0.828109583,5.1523674e-09
0.873198976,4.9313966e-09
0.733730731,6.2678778e-09
0.758270497,6.2360406e-09
0.766563837,6.1703376e-09
0.729486775,6.2405117e-09
0.746565401,6.194104e-09
0.726963136,6.208892e-09
0.760471578,5.9680483e-09
0.750281093,6.127911e-09
0.749792367,6.081334e-09
0.768039734,5.7906786e-09
0.747286507,5.8871805e-09
0.755318359,6.029977e-09
0.695249716,6.30605e-09
0.697900566,6.3022436e-09
0.705290298,6.294766e-09
0.686611246,6.270263e-09
0.694542003,6.2699175e-09
0.677426869,6.208357e-09
0.823593685,4.166739e-09
0.867841932,3.5746388e-09
0.911235429,2.9758982e-09
0.845247291,4.129673e-09
0.8890787,3.5339145e-09
0.875069511,4.1055186e-09
0.771769202,5.014658e-09
0.798734142,4.6054525e-09
0.823506732,4.584337e-09
0.93126129,2.2567135e-09
0.949803111,1.7050077e-09
0.928497198,2.0848632e-09
0.912540544,2.776138e-09
0.909507469,2.602862e-09
0.900344383,3.343065e-09
0.724117679,5.5984524e-09
0.770632703,5.2835953e-09
0.829369801,4.8884012e-09
0.72130556,5.8067244e-09
0.765250876,5.540432e-09
0.715333903,5.9816228e-09
0.696838481,5.8966965e-09
0.698452226,6.0471823e-09
0.68127071,6.0884005e-09
0.691491142,6.2701715e-09
0.686598665,6.2008447e-09
0.694779555,6.180157e-09
0.629432615,6.2557266e-09
0.601433586,6.2145955e-09
0.611629191,6.2626757e-09
0.654110693,6.3295698e-09
0.654353764,6.30675e-09
0.651156535,6.2790217e-09
0.634012403,6.3120265e-09
0.633244195,6.2858905e-09
0.613193937,6.2913794e-09
0.640931203,6.3389067e-09
0.620213366,6.3231833e-09
0.60656508,6.3038192e-09
0.632590952,6.3463004e-09
0.614898606,6.3326517e-09
0.635383141,6.3517693e-09
0.629233363,6.3382446e-09
0.616489986,6.311541e-09
0.643952714,6.317845e-09
0.9284328,4.7811572e-09
0.90332548,4.8534803e-09
0.879856053,4.9823687e-09
0.939948836,4.7648125e-09
0.910627149,4.8269997e-09
0.9496882,4.7534185e-09
0.962416864,4.73917e-09
0.940110896,4.7491873e-09
0.941124291,4.7384985e-09
0.657474595,6.3385177e-09
0.647338124,6.3409438e-09
0.629253748,6.342623e-09
0.675206779,6.3568404e-09
0.673102045,6.356342e-09
0.713026249,6.3189938e-09
0.658429185,6.3569305e-09
0.658123508,6.3525816e-09
0.684599063,6.3476397e-09
0.67438274,6.3536527e-09
0.702191239,6.276713e-09
0.722723297,6.2984906e-09
0.875034573,5.4764406e-09
0.838750149,5.861443e-09
0.768905204,6.1636225e-09
0.837442708,5.787692e-09
0.782495158,6.1132197e-09
0.724779813,6.066999e-09
0.856331391,5.2653943e-09
0.887129981,5.3634737e-09
0.800650557,5.682569e-09
0.894508004,5.0511053e-09
0.907325449,4.9044213e-09
0.892869572,5.1360285e-09
0.940765552,4.725155e-09
0.946398358,4.726812e-09
0.94078385,4.746488e-09
0.924771991,4.7400586e-09
0.933733796,4.7327684e-09
0.920586371,4.769514e-09
0.869864012,5.026576e-09
0.890688322,4.8643365e-09
0.911313574,4.7667332e-09
0.887937731,4.910558e-09
0.907808459,4.797451e-09
0.907327298,4.8452455e-09
0.862818683,5.1552087e-09
0.866006721,5.0192672e-09
0.842507777,5.3048304e-09
0.721793156,6.2957386e-09
0.716025733,6.3100307e-09
0.71087259,6.32199e-09
0.741169478,6.282719e-09
0.729654272,6.2967254e-09
0.767688689,6.2506262e-09
0.706457449,6.324832e-09
0.7115925,6.328089e-09
0.70600415,6.3175376e-09
0.709467193,6.3188876e-09
0.710119982,6.3076184e-09
0.717221405,6.3051444e-09
0.817960799,5.590632e-09
0.781143962,5.8977845e-09
0.773007283,6.102076e-09
0.808603246,5.722473e-09
0.789025068,5.9969163e-09
0.795867065,5.850627e-09
0.838050963,5.4343783e-09
0.819009708,5.5793636e-09
0.845593241,5.2833027e-09
0.733436609,6.2440244e-09
0.754200472,6.2205436e-09
0.774313579,6.195461e-09
0.716732066,6.288914e-09
0.743948851,6.2707324e-09
0.713607315,6.3118404e-09
0.754453509,6.164865e-09
0.77699467,6.0379866e-09
0.770798437,6.1336216e-09
0.699720379,6.3202785e-09
0.691096751,6.2915766e-09
0.690473406,6.214551e-09
0.69732087,6.329976e-09
0.682874978,6.3066383e-09
0.691935751,6.3361663e-09
0.713647712,6.333325e-09
0.715502086,6.338961e-09
0.71871865,6.3338734e-09
0.947395918,1.779127e-09
0.97846438,1.2382301e-09
0.973998899,1.642813e-09
0.954102748,2.3706181e-09
0.883598484,3.357948e-09
0.819852597,4.351138e-09
0.924823301,2.5024536e-09
0.877104365,3.4851262e-09
0.905451853,2.656326e-09
0.893922572,4.145979e-09
0.894077289,3.3938339e-09
0.862079294,4.2269512e-09
0.844204378,4.942626e-09
0.806388673,5.0288107e-09
0.769514061,5.5986793e-09
0.707741656,6.09231e-09
0.737140068,5.7861587e-09
0.764248845,5.311664e-09
0.690843807,6.1733365e-09
0.713589748,5.9448753e-09
0.679163055,6.227248e-09
0.672984163,6.2923764e-09
0.67485573,6.323811e-09
0.681438269,6.263167e-09
0.986968898,1.1531385e-09
0.985651487,1.327106e-09
0.987291153,8.645267e-10
0.986790492,8.333649e-10
0.9874,9.126377e-10
0.9874,6.401115e-10
0.635384151,6.2454926e-09
0.618553295,6.2418706e-09
0.610727974,6.198813e-09
0.655679093,6.2835617e-09
0.661933992,6.3148202e-09
0.665295596,6.338912e-09
0.645402403,6.2820593e-09
0.653751168,6.3133214e-09
0.630902277,6.2786674e-09
0.666076693,6.3334498e-09
0.667843009,6.33657e-09
0.663108153,6.3112315e-09
0.666750977,6.3487606e-09
0.684945662,6.3569163e-09
0.707285948,6.3498264e-09
0.673916858,6.3509664e-09
0.68572432,6.356954e-09
0.673936747,6.352579e-09
0.66072523,6.3538725e-09
0.661656134,6.3565726e-09
0.691797033,6.3559407e-09
0.746753966,6.2717143e-09
0.708234131,6.333106e-09
0.668912622,6.3558585e-09
0.72332795,6.2870567e-09
0.687200612,6.340693e-09
0.715203749,6.3032486e-09
0.739487609,6.309037e-09
0.728466138,6.3345524e-09
0.701135154,6.348623e-09
0.95977786,4.904914e-09
0.906495877,5.035317e-09
0.868021569,5.225317e-09
0.940702689,4.849991e-09
0.897656504,4.9620055e-09
0.931966889,4.80979e-09
0.969254952,4.731597e-09
0.976557763,4.7887347e-09
0.957238047,4.761886e-09
0.843805733,5.7162115e-09
0.793066433,5.9930545e-09
0.751957792,6.202516e-09
0.83335155,5.625533e-09
0.801160883,5.9250076e-09
0.841371165,5.5452074e-09
0.778335516,6.147222e-09
0.761104214,6.1732988e-09
0.809502765,5.956897e-09
0.927674497,5.0995665e-09
0.890211463,5.380992e-09
0.870125392,5.2959677e-09
0.89745405,4.7878888e-09
0.916939225,4.7769237e-09
0.951559286,4.8235997e-09
0.921071555,4.7478252e-09
0.95687813,4.747018e-09
0.936625973,4.728192e-09
0.890786524,4.8601367e-09
0.892685406,4.816131e-09
0.900174092,4.795401e-09
0.850975393,5.0430993e-09
0.862577924,4.9996864e-09
0.815073764,5.3124007e-09
0.859239957,5.092479e-09
0.843043656,5.1903837e-09
0.879058915,4.912734e-09
0.833843697,5.369427e-09
0.806987269,5.6637925e-09
0.813723181,5.4737126e-09
0.710818005,6.3432712e-09
0.731268617,6.34049e-09
0.74936443,6.3276433e-09
0.730630546,6.3387735e-09
0.740635557,6.329161e-09
0.721727007,6.327298e-09
0.733947948,6.2830185e-09
0.727288967,6.312932e-09
0.747205052,6.310077e-09
0.743871993,6.2194614e-09
0.752315678,6.2670984e-09
0.75783654,6.299689e-09
0.763459506,6.1852425e-09
0.765809042,6.243473e-09
0.768786034,6.1408274e-09
0.771818079,5.935042e-09
0.786170298,5.64213e-09
0.770101834,6.062464e-09
0.786833619,5.8081295e-09
0.781410511,5.964692e-09
0.76235458,6.1195e-09
0.684805188,6.303482e-09
0.691544274,6.3318533e-09
0.69337118,6.340411e-09
0.680649366,6.330052e-09
0.688591191,6.341978e-09
0.685635625,6.3407204e-09
0.700285788,6.342837e-09
0.724332212,6.3387677e-09
0.704361479,6.344255e-09
0.723388173,6.276159e-09
0.704058873,6.3110113e-09
0.696045439,6.331085e-09
0.710946124,6.265795e-09
0.697088944,6.308955e-09
0.6903374,6.2501537e-09
0.9874,6.5897376e-10
0.98582438,7.0752615e-10
0.985647704,5.3709903e-10
0.974787068,2.0568065e-09
0.980003853,1.8361965e-09
0.987070778,1.6298024e-09
0.955701513,2.7288105e-09
0.971179781,2.5104614e-09
0.923387247,3.500121e-09
0.898271356,3.771549e-09
0.845009655,4.052475e-09
0.927187042,3.0358338e-09
0.866345465,4.4744337e-09
0.807503434,5.289395e-09
0.770563184,5.828216e-09
0.829583826,4.695027e-09
0.778703092,5.4453597e-09
0.780542722,4.926341e-09
0.743233749,5.992126e-09
0.703008432,6.1262435e-09
0.743356869,5.717694e-09
0.739415581,6.205117e-09
0.723861387,6.1713323e-09
0.751943156,6.0717382e-09
0.963493623,1.7583027e-09
0.973593005,1.3080599e-09
0.979877341,9.83635e-10
0.985103706,1.2178845e-09
0.984979405,9.1127716e-10
0.9874,8.4537116e-10
0.977303902,1.1664529e-09
0.958141499,1.8024938e-09
0.936415298,2.6287554e-09
0.98165491,1.2709321e-09
0.967644922,1.9263777e-09
0.984635424,1.3815e-09
0.939981247,2.9289209e-09
0.935755987,3.2186398e-09
0.973815904,2.2160682e-09
0.948691451,2.0420645e-09
0.936615505,2.335165e-09
0.962793694,1.5443141e-09
0.987002223,5.552479e-10
0.987275999,5.837203e-10
0.985148911,4.821773e-10
0.604873369,6.227848e-09
0.61921275,6.215873e-09
0.5895008,6.171853e-09
0.645874847,6.2569487e-09
0.635125928,6.2684733e-09
0.626510374,6.2759264e-09
0.659148457,6.3030927e-09
0.651459517,6.3099486e-09
0.667563618,6.3360366e-09
0.659598708,6.339328e-09
0.662312701,6.338487e-09
0.64524571,6.3127e-09
0.674351209,6.355257e-09
0.684645227,6.353176e-09
0.695986657,6.3258057e-09
0.671519601,6.3552923e-09
0.678918084,6.3533623e-09
0.670628766,6.3548655e-09
0.686805604,6.355702e-09
0.70450277,6.3428134e-09
0.701722155,6.334472e-09
0.733625948,6.305595e-09
0.754398055,6.2068897e-09
0.773614026,6.0438876e-09
0.726071162,6.2872885e-09
0.74467484,6.175869e-09
0.718294941,6.268895e-09
0.775892436,6.210232e-09
0.776185963,6.1330945e-09
0.75706,6.2650862e-09
0.803739625,6.0493086e-09
0.835134996,5.8286744e-09
0.802782273,5.9396146e-09
0.88049543,5.498167e-09
0.921673449,5.193561e-09
0.93693845,4.9679483e-09
0.896983815,5.309472e-09
0.907710502,5.0523967e-09
0.888594433,5.1647473e-09
0.802831877,5.7558553e-09
0.844811716,5.62406e-09
0.857710959,5.438407e-09
0.876141964,4.8345643e-09
0.883233777,4.9565183e-09
0.901171011,4.876683e-09
0.850728962,5.04705e-09
0.855928283,4.990627e-09
0.873364267,5.034041e-09
0.866610906,4.9370548e-09
0.86399518,4.8999182e-09
0.883737445,4.8501496e-09
0.875196363,5.2412106e-09
0.893072629,5.0391504e-09
0.900239867,4.8780384e-09
0.847664672,5.2410156e-09
0.871182678,5.0287943e-09
0.818226231,5.2637796e-09
0.877361725,5.1473443e-09
0.862935264,5.0799644e-09
0.885144989,4.96958e-09
0.795451805,5.5396328e-09
0.77290326,5.828237e-09
0.755643775,6.060464e-09
0.803983212,5.7362217e-09
0.765845193,5.9691967e-09
0.789639103,5.877083e-09
0.847001408,5.472053e-09
0.82096464,5.495785e-09
0.822760371,5.6886513e-09
0.699544931,6.337653e-09
0.709881666,6.3260415e-09
0.717222807,6.299992e-09
0.71247512,6.3352616e-09
0.728955784,6.31658e-09
0.736279365,6.3248504e-09
0.761773312,6.2272107e-09
0.75415692,6.2919305e-09
0.743573473,6.277042e-09
0.741827349,6.166395e-09
0.725636646,6.2274514e-09
0.747128757,6.084663e-09
0.718477824,6.299159e-09
0.713112103,6.311154e-09
0.704230719,6.3158825e-09
0.700366793,6.321971e-09
0.696094932,6.326336e-09
0.695352282,6.33476e-09
0.690161689,6.322253e-09
0.698843197,6.3178045e-09
0.696819171,6.3314447e-09
0.738597711,6.261348e-09
0.749172401,6.190001e-09
0.751616147,6.0573466e-09
0.750931755,6.25023e-09
0.740915407,6.180533e-09
0.742161907,6.2436203e-09
0.734628363,6.286427e-09
0.745571824,6.2764567e-09
0.725245999,6.2997008e-09
0.9874,7.563799e-10
0.987323368,7.1097855e-10
0.987203562,6.7063366e-10
0.98488888,9.642852e-10
0.98468476,9.036893e-10
0.979393732,1.2633019e-09
0.978354895,1.416502e-09
0.976510302,1.5823735e-09
0.985642153,1.0837548e-09
0.934781022,2.97097e-09
0.947541312,2.5243345e-09
0.955477382,2.115678e-09
0.958630608,2.3212339e-09
0.968182063,1.9228839e-09
0.972029061,1.7360977e-09
0.889361022,3.795758e-09
0.808056184,4.8586313e-09
0.732836314,5.613772e-09
0.889556569,4.053122e-09
0.811201444,5.042633e-09
0.87790687,4.2950403e-09
0.764739154,5.754805e-09
0.81548944,5.165757e-09
0.746770262,5.685176e-09
0.726206706,6.159803e-09
0.726202663,6.017504e-09
0.715073158,5.9815064e-09
0.933671096,2.5575058e-09
0.897375946,3.4469043e-09
0.855188204,4.3043875e-09
0.91661184,2.8660843e-09
0.877952749,3.7341445e-09
0.907810165,3.16393e-09
0.806015603,4.848695e-09
0.761800335,5.2846247e-09
0.84226159,4.338895e-09
0.912463199,3.4434082e-09
0.881685647,3.891663e-09
0.921833823,2.9899043e-09
0.987105465,6.27304e-10
0.987392731,7.7515566e-10
0.987376142,9.959706e-10
0.986857253,8.3549767e-10
0.986494926,1.0771222e-09
0.983294547,1.1663488e-09
0.987220001,5.78182e-10
0.987393841,7.3804135e-10
0.986307991,4.980663e-10
0.987396416,6.0101296e-10
0.986142429,5.1304766e-10
0.979828022,4.4786555e-10
0.627674846,6.142162e-09
0.624931581,6.0970606e-09
0.632383933,6.17346e-09
0.633753432,6.173549e-09
0.642057296,6.2056364e-09
0.645739237,6.231252e-09
0.657216397,6.2346577e-09
0.661304636,6.260311e-09
0.681688577,6.285423e-09
0.662800781,6.285724e-09
0.674699417,6.3258327e-09
0.681649105,6.309793e-09
0.676136516,6.3535355e-09
0.693310859,6.355911e-09
0.714955344,6.340666e-09
0.690723554,6.3475247e-09
0.709012009,6.3567565e-09
0.701183254,6.3359e-09
0.674807051,6.3542744e-09
0.684720481,6.3273062e-09
0.693235028,6.3323506e-09
0.708464593,6.246208e-09
0.727513155,6.1083236e-09
0.759221892,5.922671e-09
0.704811118,6.2533663e-09
0.729121421,6.129296e-09
0.717697432,6.2686927e-09
0.733867766,6.137894e-09
0.76479459,5.9895164e-09
0.759281254,5.9463683e-09
0.801240818,5.697314e-09
0.839763287,5.3951776e-09
0.798070629,5.6608083e-09
0.843626458,5.1389355e-09
0.835922058,5.259318e-09
0.828503187,5.4103193e-09
0.85036463,5.110338e-09
0.834899409,5.2638978e-09
0.860446675,5.181858e-09
0.814188613,5.5105893e-09
0.79527342,5.696586e-09
0.820916226,5.421745e-09
0.846577937,5.196276e-09
0.847367225,5.3592197e-09
0.866913963,5.502174e-09
0.838233072,5.27192e-09
0.855059078,5.4120335e-09
0.840026066,5.3706937e-09
0.855836056,5.2541576e-09
0.864285328,5.336179e-09
0.856377976,5.425585e-09
0.849984753,5.539628e-09
0.83172699,5.721869e-09
0.864021168,5.593711e-09
0.760398138,5.9915184e-09
0.720779369,6.155176e-09
0.695349318,6.2574816e-09
0.734071401,6.0522645e-09
0.692575218,6.1875136e-09
0.737677194,6.084928e-09
0.755887271,5.9613083e-09
0.774302245,5.834613e-09
0.800298741,5.7286846e-09
0.771606232,5.9231384e-09
0.817753402,5.7982947e-09
0.806668184,5.8483653e-09
0.880757773,5.6190275e-09
0.861628128,5.7164367e-09
0.846286029,5.689183e-09
0.700120129,6.306128e-09
0.718632471,6.295452e-09
0.72615616,6.2808336e-09
0.687464054,6.2942913e-09
0.694824597,6.290274e-09
0.691381488,6.279691e-09
0.682623105,6.3077334e-09
0.683777467,6.288283e-09
0.685721257,6.2985017e-09
0.695917512,6.2481393e-09
0.716028204,6.185364e-09
0.682331206,6.254353e-09
0.702014127,6.2463617e-09
0.719071697,6.2434515e-09
0.732211851,6.2420082e-09
0.718113352,6.1668586e-09
0.725020768,6.1624976e-09
0.719669494,5.9871046e-09
0.692612733,6.277707e-09
0.687566238,6.2853616e-09
0.709099171,6.2779715e-09
0.744314809,6.1506933e-09
0.75938563,6.125656e-09
0.758371572,6.103762e-09
0.725778716,6.2127072e-09
0.725958326,6.197677e-09
0.706140227,6.2540706e-09
0.974533711,1.6719575e-09
0.981260485,1.5536317e-09
0.983352989,1.4412394e-09
0.958843644,2.188569e-09
0.965177047,2.054802e-09
0.930494218,2.7859395e-09
0.938408828,2.9109952e-09
0.962807535,2.2549305e-09
0.932654072,2.8492944e-09
0.896859798,3.7062455e-09
0.835445884,4.4025907e-09
0.778382011,4.9987796e-09
0.867871401,4.149496e-09
0.819058928,4.7827027e-09
0.845691342,4.549272e-09
0.886951469,3.658126e-09
0.881163224,3.607127e-09
0.824999622,4.3671506e-09
0.797986738,5.1871836e-09
0.747956142,5.7603318e-09
0.718965936,6.06389e-09
0.756981047,5.5509406e-09
0.722813651,5.9566574e-09
0.725090082,5.8092344e-09
0.697085739,6.213067e-09
0.713386126,6.086109e-09
0.701001885,6.1569225e-09
0.752443158,5.5229648e-09
0.736998043,5.8620047e-09
0.780215006,5.3664975e-09
0.952486402,2.216851e-09
0.947057366,2.405298e-09
0.937973759,2.595789e-09
0.969700569,1.7133965e-09
0.966496716,1.8803032e-09
0.980672461,1.3039522e-09
0.985486696,5.389317e-10
0.984474851,6.166194e-10
0.987387678,6.7041867e-10
0.986232767,8.017806e-10
0.98712716,8.905565e-10
0.974084138,1.5364193e-09
0.981594767,1.1631701e-09
0.985264797,1.0397749e-09
0.974804381,4.715274e-10
0.626023746,6.0981478e-09
0.64315109,6.1705347e-09
0.666813976,6.2337904e-09
0.637146242,6.0904672e-09
0.655095814,6.1656595e-09
0.620094937,6.0216894e-09
0.700445496,6.3036767e-09
0.713560322,6.318837e-09
0.723089152,6.3326904e-09
0.688582478,6.254158e-09
0.704448758,6.2745165e-09
0.677316683,6.1891674e-09
0.716463301,6.34682e-09
0.727663705,6.355495e-09
0.727171526,6.353464e-09
0.746048954,6.293097e-09
0.795537018,6.224064e-09
0.840947058,6.1394623e-09
0.754328933,6.3358425e-09
0.809026712,6.2929875e-09
0.751672202,6.3552514e-09
0.747132351,6.1666934e-09
0.765057756,5.971768e-09
0.794545609,6.0586722e-09
0.796011472,5.7980007e-09
0.818480144,5.6631255e-09
0.810685998,5.9230323e-09
0.884702435,5.6523675e-09
0.87079669,5.769377e-09
0.843312552,5.950501e-09
0.875716658,5.623165e-09
0.835523393,5.7376157e-09
0.8469769,5.531595e-09
0.869860022,5.5128386e-09
0.882788637,5.549745e-09
0.883451625,5.5978746e-09
0.872904911,5.6185145e-09
0.833549376,5.6463207e-09
0.864249649,5.616634e-09
0.806192501,5.7514202e-09
0.79264757,5.8726246e-09
0.777451636,6.0052594e-09
0.833545416,5.7845178e-09
0.811620923,5.920538e-09
0.812568327,5.836608e-09
0.76403516,6.0624274e-09
0.786980011,5.9540097e-09
0.786137861,6.031221e-09
0.894208586,5.566651e-09
0.856877992,5.614752e-09
0.814892754,5.670967e-09
0.878835455,5.6217155e-09
0.846899498,5.68295e-09
0.852218155,5.715914e-09
0.877482131,5.5797145e-09
0.879245941,5.616853e-09
0.840653296,5.6115437e-09
0.677851964,6.2702568e-09
0.675733783,6.280893e-09
0.679070391,6.279927e-09
0.68416873,6.282943e-09
0.695778379,6.2784373e-09
0.6997945,6.2765557e-09
0.678282312,6.252169e-09
0.696634048,6.2193575e-09
0.680366951,6.2728365e-09
0.726828973,6.218569e-09
0.717691793,6.2557692e-09
0.701541825,6.2610668e-09
0.737221701,6.1308847e-09
0.722720929,6.2070344e-09
0.700412198,6.255176e-09
0.74834442,6.1118146e-09
0.730045495,6.19496e-09
0.779692068,6.0936474e-09
0.752024549,6.036215e-09
0.769592843,6.012379e-09
0.770192898,5.9232814e-09
0.919791721,3.1094187e-09
0.870772007,4.0061345e-09
0.818135028,4.783078e-09
0.903590638,3.3032872e-09
0.846241743,4.176476e-09
0.888106834,3.4907466e-09
0.827016097,4.2762296e-09
0.789686793,4.8631468e-09
0.770451024,4.934737e-09
0.735589148,5.6114087e-09
0.736162762,5.5732707e-09
0.753339118,5.5301226e-09
0.725217381,5.9678777e-09
0.719290177,5.9475616e-09
0.726582387,6.1515255e-09
0.725614722,6.098477e-09
0.732443362,5.9189422e-09
0.724871335,6.1274332e-09
0.711141575,6.2327588e-09
0.733390806,6.2429004e-09
0.705161541,6.2756547e-09
0.949508834,2.5294642e-09
0.975414328,1.786526e-09
0.986787213,1.211454e-09
0.945073617,2.8573603e-09
0.97675868,2.0655675e-09
0.940389234,3.1913434e-09
0.912434105,3.448157e-09
0.902192887,3.782256e-09
0.862773709,4.3208592e-09
0.967605192,2.4027025e-09
0.982859692,1.4428131e-09
0.985326704,8.487699e-10
0.980845969,1.7090244e-09
0.985129885,1.0031381e-09
0.983842938,6.08143e-10
0.65339931,6.0807905e-09
0.676614797,6.191458e-09
0.701168151,6.2794587e-09
0.645019718,6.09504e-09
0.670711441,6.207597e-09
0.639554351,5.9860907e-09
0.733244689,6.345634e-09
0.746936318,6.3564167e-09
0.749400797,6.3497336e-09
0.70607206,6.3106937e-09
0.715522871,6.341876e-09
0.679794098,6.259956e-09
0.783406766,6.3476078e-09
0.858584066,6.2612804e-09
0.814147943,6.3217436e-09
0.809307135,6.24317e-09
0.878314737,6.170707e-09
0.897093046,6.071985e-09
0.853026225,6.0228174e-09
0.893029804,5.927663e-09
0.887032653,5.7563034e-09
0.902632354,5.6866742e-09
0.897630234,5.710626e-09
0.915320488,5.863094e-09
0.909443749,5.5429883e-09
0.90152649,5.6033653e-09
0.903826983,5.6019496e-09
0.889537787,5.558272e-09
0.869072724,5.577469e-09
0.848974075,5.620088e-09
0.910789009,5.5180096e-09
0.902466484,5.5212874e-09
0.915116545,5.56497e-09
0.857502835,5.637237e-09
0.81485128,5.750447e-09
0.834995148,5.6766702e-09
0.798213471,5.842633e-09
0.827364138,5.940418e-09
0.829516039,5.7698504e-09
0.880037804,6.0133933e-09
0.865893168,5.881293e-09
0.834899666,5.7426104e-09
0.861791878,6.037444e-09
0.846503057,5.9083334e-09
0.823827239,6.064685e-09
0.753180626,6.241903e-09
0.76651747,6.26873e-09
0.769906566,6.2575163e-09
0.749660447,6.27315e-09
0.764025584,6.266817e-09
0.718311352,6.274611e-09
0.780074781,6.1712426e-09
0.739923946,6.2417396e-09
0.783830077,6.2263807e-09
0.846709613,6.1296843e-09
0.823123311,6.1500685e-09
0.799256298,6.2122756e-09
0.787003461,5.3352283e-09
0.826034642,4.9847038e-09
0.871132002,4.5414557e-09
0.772656792,5.7201692e-09
0.807295592,5.479219e-09
0.775097991,5.967835e-09
0.745990884,5.848447e-09
0.759470713,6.0468888e-09
0.734612999,6.1064567e-09
0.764084613,6.222981e-09
0.770673712,6.197597e-09
0.766439897,6.2614056e-09
0.927153105,3.8311763e-09
0.958237868,3.0239526e-09
0.981030997,2.238399e-09
0.908644365,4.4177844e-09
0.949151171,3.6459853e-09
0.894171672,4.9171485e-09
0.86324006,5.034809e-09
0.842241489,5.420826e-09
0.808100282,5.7552407e-09
0.948353796,4.0694776e-09
0.976290413,2.6587883e-09
0.9874,1.4829087e-09
0.972288025,3.075773e-09
0.984651931,1.8151323e-09
0.985509937,9.810501e-10
0.670075614,6.2260335e-09
0.660782627,6.180423e-09
0.706251745,6.3251413e-09
0.688127261,6.2978085e-09
0.718150012,6.355042e-09
0.657761041,6.099971e-09
0.787411618,6.1356733e-09
0.812293904,6.098715e-09
0.8561807,6.057646e-09
0.78699918,6.1882397e-09
0.817955369,6.161045e-09
0.77994909,6.229826e-09
0.729241152,6.340404e-09
0.730028684,6.3564998e-09
0.751986544,6.3285124e-09
0.746298049,6.35156e-09
0.766744559,6.3010064e-09
0.786442559,6.274125e-09
0.832079656,6.177844e-09
0.88919046,5.9307186e-09
0.858684419,6.117453e-09
0.839343023,6.1027943e-09
0.8949204,5.8931264e-09
0.920548142,5.6993943e-09
0.878013545,5.8893437e-09
0.919835156,5.684175e-09
0.898462096,5.7083596e-09
0.857590775,5.564833e-09
0.883723505,5.5853953e-09
0.906078527,5.5534266e-09
0.838552639,5.7989276e-09
0.869134476,5.6865943e-09
0.881305559,5.647183e-09
0.888261662,5.727905e-09
0.867037377,5.6172973e-09
0.847647358,5.667123e-09
0.889098134,5.9356036e-09
0.874080294,5.861377e-09
0.882109569,5.7982215e-09
0.843633922,5.9874954e-09
0.792631914,6.0367586e-09
0.816253545,5.919412e-09
0.773886452,6.1329835e-09
0.792706525,6.015609e-09
0.824439943,5.816106e-09
0.767823067,6.2127596e-09
0.783039898,6.1537793e-09
0.780944136,6.241856e-09
0.762268226,6.243847e-09
0.766149586,6.253455e-09
0.759554413,6.257634e-09
0.801040911,6.205396e-09
0.775535363,6.2377365e-09
0.7964047,6.2426047e-09
0.979455547,3.4926337e-09
0.949959447,4.794265e-09
0.885139575,5.6620304e-09
0.941457509,4.460464e-09
0.882650282,5.4729075e-09
0.894638456,5.2273963e-09
0.824508226,5.950771e-09
0.818235471,6.045369e-09
0.789729853,6.1923506e-09
0.951205845,5.0037308e-09
0.987199442,3.7900447e-09
0.9874,2.4875029e-09
0.968902117,4.055349e-09
0.9874,2.7907692e-09
0.9874,1.7723151e-09
0.765220774,6.345814e-09
0.758892573,6.3521033e-09
0.757242704,6.3478063e-09
0.752498739,6.292815e-09
0.72133952,6.2784635e-09
0.712409877,6.1833814e-09
0.794105177,6.1166463e-09
0.816501729,6.1912364e-09
0.806816062,6.234101e-09
0.810415915,6.102066e-09
0.81784774,6.179468e-09
0.819942577,6.0937695e-09
0.776593335,6.0179826e-09
0.791796578,6.006928e-09
0.777194241,5.9061533e-09
0.746386818,6.3541528e-09
0.7457972,6.3411503e-09
0.78855083,6.2577064e-09
0.753286141,6.338892e-09
0.783146148,6.2494876e-09
0.793894025,6.2514767e-09
0.864055229,5.8882774e-09
0.830009444,6.0854126e-09
0.835158696,6.0844974e-09
0.811960695,6.1179546e-09
0.838236538,5.926036e-09
0.872363658,5.7498304e-09
0.811843138,5.985411e-09
0.828033197,5.8155116e-09
0.800163646,5.8998872e-09
0.787109673,5.782029e-09
0.781215676,5.8105054e-09
0.838311677,5.719772e-09
0.768479573,5.8857723e-09
0.806722835,5.987568e-09
0.789321309,5.9027045e-09
0.804185066,6.1015855e-09
0.800500027,6.2231353e-09
0.812718316,6.2344077e-09
0.788179443,6.211707e-09
0.800420881,6.2342234e-09
0.791973719,6.239781e-09
0.807661282,6.157406e-09
0.805478918,6.2160312e-09
0.805285154,6.2050214e-09
0.820596628,5.755727e-09
0.834259607,5.738434e-09
0.871844858,5.7072613e-09
0.868897878,5.107501e-09
0.905078389,5.0671995e-09
0.928202059,4.1385535e-09
0.793928499,6.1287357e-09
0.802320048,6.2297474e-09
0.80238207,6.1167875e-09
0.958397291,3.2215681e-09
0.969929865,3.3372556e-09
0.913913955,4.2541255e-09
0.935294149,4.3257495e-09
0.855585165,5.1752798e-09
0.985874542,2.527766e-09
0.789133374,6.3403394e-09
0.765442249,6.354078e-09
0.764957689,6.354744e-09
0.755277143,6.311187e-09
0.748511836,6.309575e-09
0.724449439,6.2181047e-09
0.749106032,6.1510157e-09
0.773069129,6.068636e-09
0.792359793,5.9825225e-09
0.761582647,6.084731e-09
0.797508103,5.9966947e-09
0.79570401,6.073133e-09
0.772275204,6.146588e-09
0.779985159,6.2045835e-09
0.74782597,6.1643823e-09
0.7385165,6.3510694e-09
0.775057138,6.345679e-09
0.79934713,6.2662155e-09
0.750397731,6.35258e-09
0.797869583,6.2900662e-09
0.757334798,6.31887e-09
0.802658817,6.0547234e-09
0.804700066,6.2119376e-09
0.810837616,6.1584093e-09
0.750067218,6.1981886e-09
0.752473751,6.2637313e-09
0.781144828,6.1259184e-09
0.722594298,6.295479e-09
0.734483101,6.2581202e-09
0.740657826,6.209083e-09
0.753340191,6.2545635e-09
0.754755408,6.215219e-09
0.788561046,6.2371557e-09
0.716234056,6.2633516e-09
0.757866611,6.2599663e-09
0.791195444,6.248087e-09
0.752445576,6.1837078e-09
0.776783118,6.2167156e-09
0.787472502,6.036488e-09
0.725491583,6.3007795e-09
0.757459489,6.267138e-09
0.724596507,6.2950485e-09
0.860407705,5.657074e-09
0.826156296,5.704472e-09
0.805468532,5.7389933e-09
0.939749884,5.050845e-09
0.891916064,5.12397e-09
0.977910449,4.2616413e-09
0.702881475,6.1944987e-09
0.757553937,6.0305196e-09
0.76397555,6.0197363e-09
0.924134238,5.132832e-09
0.974044079,4.3742507e-09
0.9874,3.5588061e-09
0.94472744,4.4891904e-09
0.982613915,3.6985885e-09
0.986942348,3.0618776e-09
0.70607471,6.3569323e-09
0.686436484,6.326237e-09
0.712740468,6.3435794e-09
0.70161762,6.272557e-09
0.71059466,6.295872e-09
0.709673619,6.184449e-09
0.668730147,6.29397e-09
0.686970955,6.3524834e-09
0.707816967,6.343264e-09
0.67899583,6.3296928e-09
0.709915335,6.3567014e-09
0.682129448,6.347224e-09
0.732083737,6.2663155e-09
0.718953028,6.3468106e-09
0.720576071,6.312885e-09
0.698222186,6.3349255e-09
0.689122359,6.3566756e-09
0.720206682,6.306624e-09
0.658596884,6.3565873e-09
0.648897399,6.3515815e-09
0.65724111,6.347448e-09
0.676649165,6.351718e-09
0.673394802,6.355563e-09
0.699868947,6.3298917e-09
0.700951566,6.326627e-09
0.693991783,6.31159e-09
0.677355883,6.345412e-09
0.791920045,6.015767e-09
0.731148445,6.2320464e-09
0.678658943,6.3384578e-09
0.700031216,6.211715e-09
0.668025421,6.316686e-09
0.671366154,6.2892624e-09
0.654515235,6.356732e-09
0.664219304,6.3403816e-09
0.655833892,6.355935e-09
0.835480702,5.526046e-09
0.86539401,5.56782e-09
0.874719302,5.611638e-09
0.890905853,5.0254347e-09
0.910175191,5.0739866e-09
0.927906363,4.450442e-09
0.784981679,5.9869394e-09
0.728777893,6.240806e-09
0.804715126,6.002437e-09
0.859300987,5.097471e-09
0.913645054,4.545348e-09
0.943789739,3.9644754e-09
0.889997479,4.638887e-09
0.938360464,4.082368e-09
0.959400701,3.6102235e-09
0.653274546,6.159887e-09
0.635554873,6.2323315e-09
0.631778462,6.277994e-09
0.595629906,6.062637e-09
0.602970893,6.147199e-09
0.607755918,5.9639813e-09
0.603052964,6.1973413e-09
0.589143449,6.1174634e-09
0.58342385,6.042016e-09
0.60500435,6.236096e-09
0.599558702,6.1927525e-09
0.621415278,6.3006715e-09
0.635297525,6.328952e-09
0.615183624,6.2685626e-09
0.620770873,6.307454e-09
0.636123788,6.3344556e-09
0.647087616,6.3496817e-09
0.622411006,6.2849748e-09
0.638905684,6.349303e-09
0.624708372,6.298037e-09
0.613019666,6.2389e-09
0.651148379,6.356453e-09
0.635907779,6.3273715e-09
0.663511891,6.354039e-09
0.699006437,6.146489e-09
0.694183725,6.2576264e-09
0.687510177,6.314554e-09
0.736252545,5.984353e-09
0.734578008,6.1440564e-09
0.785156537,5.7766667e-09
0.655034398,6.3518812e-09
0.667546145,6.3388126e-09
0.673867418,6.2915646e-09
0.814612963,5.2864215e-09
0.801212345,5.368853e-09
0.813038987,5.4488525e-09
0.859370468,4.941291e-09
0.847228344,5.01805e-09
0.896272908,4.5750532e-09
0.723983255,5.928625e-09
0.762174782,5.7092233e-09
0.760226797,5.6338725e-09
0.872238253,4.9764757e-09
0.908215302,4.624056e-09
0.938503062,4.2598196e-09
0.927021472,4.666688e-09
0.94882529,4.3162873e-09
0.973098056,4.0027395e-09
0.590988424,5.883794e-09
0.580894823,5.895884e-09
0.597063111,6.029566e-09
0.580200127,6.0080056e-09
0.596269786,6.1150436e-09
0.591390497,5.7328307e-09
0.614576212,6.265905e-09
0.61161561,6.1669927e-09
0.607749241,6.0563825e-09
0.615540889,6.2123338e-09
0.607085969,6.1214642e-09
0.607053057,6.1879386e-09
0.623754888,6.3275394e-09
0.618323121,6.2984085e-09
0.616268299,6.256334e-09
0.636238571,6.3203256e-09
0.622537599,6.356982e-09
0.616957788,6.329563e-09
0.63559,6.3506485e-09
0.625471603,6.3476397e-09
0.63619493,6.356766e-09
0.656280768,6.3304757e-09
0.678254197,6.2257746e-09
0.654497134,6.2830616e-09
0.735780213,5.8511467e-09
0.708915171,5.9683467e-09
0.697088114,6.067347e-09
0.760963215,5.6831078e-09
0.734724434,5.8131735e-09
0.786863415,5.493844e-09
0.696077486,6.070631e-09
0.656893404,6.2277636e-09
0.674582057,6.158772e-09
0.882258064,5.1554614e-09
0.861407974,5.201001e-09
0.83734704,5.2444733e-09
0.923238022,4.8993005e-09
0.900205394,4.9388156e-09
0.953039714,4.634481e-09
0.784805014,5.636935e-09
0.810376354,5.4490585e-09
0.832938034,5.4017657e-09
0.944857349,4.678762e-09
0.926222526,4.9175792e-09
0.968207876,4.4195003e-09
0.950505919,4.6585558e-09
0.96959029,4.3940185e-09
0.98021352,4.183075e-09
0.606638098,6.264926e-09
0.594369736,6.2696888e-09
0.60381473,6.157023e-09
0.589469703,6.153648e-09
0.602991441,6.0306338e-09
0.580092748,6.034251e-09
0.645725787,6.3249255e-09
0.623852588,6.3568013e-09
0.594631189,6.3375425e-09
0.61264791,6.3568057e-09
0.601111081,6.3307275e-09
0.61109291,6.326207e-09
0.637660214,6.3251178e-09
0.632512034,6.3264087e-09
0.616772224,6.3568457e-09
0.745339262,5.8624634e-09
0.792567453,5.651674e-09
0.841127878,5.420728e-09
0.754843352,5.8676526e-09
0.800015471,5.6600133e-09
0.763807483,5.8662173e-09
0.67906497,6.235487e-09
0.665642072,6.235487e-09
0.660999311,6.229582e-09
0.718916443,6.0821614e-09
0.707400767,6.0757652e-09
0.699237671,6.0760885e-09
0.947492993,4.602991e-09
0.93125539,4.760864e-09
0.928351369,4.840795e-09
0.91015872,4.9968665e-09
0.90603298,5.0773017e-09
0.861874695,5.339167e-09
0.876047438,5.254522e-09
0.820346677,5.577457e-09
0.954168535,4.4498774e-09
0.625790768,6.3547985e-09
0.593696324,6.340996e-09
0.659058105,6.311791e-09
0.624248796,6.3561405e-09
0.656104431,6.3192673e-09
0.607568867,6.355445e-09
0.691447372,6.2183747e-09
0.690604694,6.2327428e-09
0.684579991,6.2444947e-09
0.724271448,6.0956546e-09
0.72078543,6.1131633e-09
0.722975487,6.1010925e-09
0.762553777,5.899485e-09
0.763835185,5.9225376e-09
0.836280643,5.523701e-09
0.801288756,5.7015868e-09
0.88068121,5.2053166e-09
0.856361276,5.3952074e-09
0.895591788,5.064178e-09
0.831962255,5.557715e-09
0.79893296,5.7595217e-09
0.799163848,5.736068e-09
0.913959646,4.9192734e-09
0.717996133,6.1091647e-09
0.844263478,5.518101e-09
