step,phase,c_loss,e11_loss,e22_loss,e12_loss,allen_cahn_loss,force_balance_loss,k_reg_loss,interp_c_loss,interp_e11_loss,interp_e22_loss,interp_e12_loss,total_loss,test_total_loss,test_c_loss,test_e11_loss,test_e22_loss,test_e12_loss,test_allen_cahn_loss,test_force_balance_loss,test_k_reg_loss,test_interp_c_loss,test_interp_e11_loss,test_interp_e22_loss,test_interp_e12_loss
0,adam,0.10745550595944928,0.5059855916807728,2.0710379538997525,13.055442348603279,6.678423049731552e-06,2.574211410341553e-08,5.812366315137385e-05,0.0,0.0,0.0,0.0,16.795867150829686,10.457422256469727,0.08232977241277695,0.28233885765075684,1.0242201089859009,8.435996055603027,3.400281229914981e-06,2.891982475716759e-08,1.5062471902638208e-05,0.0,0.0,0.0,0.0
1,adam,0.10637077304624742,0.4945384148628481,2.0724346060906687,13.0883483271445,9.082924260573851e-06,7.14537091860459e-08,5.711389559887574e-06,0.0,0.0,0.0,0.0,16.819488248517438,10.419756889343262,0.08302563428878784,0.2785360515117645,1.0190285444259644,8.408676147460938,4.121023266634438e-06,8.29626500831182e-08,7.11000211595092e-07,0.0,0.0,0.0,0.0
2,adam,0.10546317744639612,0.4849740324481841,2.0624122811901953,12.988314505546324,1.0948201282101969e-05,2.452773018955756e-07,3.5981304473543495e-07,0.0,0.0,0.0,0.0,16.69216977396319,10.367436408996582,0.08464302867650986,0.2775782644748688,1.0091111660003662,8.36844253540039,6.906917860760586e-06,3.179219447702053e-07,3.169781734868593e-07,0.0,0.0,0.0,0.0
3,adam,0.10369532843751292,0.47815501305364794,2.041549978717681,12.906197917076849,1.3024899500681297e-05,8.245922152406321e-07,3.442119856528382e-07,0.0,0.0,0.0,0.0,16.57283786035353,10.264498710632324,0.08733326941728592,0.2766127586364746,0.989454448223114,8.28958511352539,9.365882760903332e-06,1.0893467106143362e-06,3.7478042713701143e-07,0.0,0.0,0.0,0.0
4,adam,0.10105866626385719,0.4752913501954848,2.011797458894791,12.822419751075007,1.29796881669937e-05,2.3658857931114917e-06,3.3854945697033057e-07,0.0,0.0,0.0,0.0,16.444057003144295,10.077342987060547,0.09112865477800369,0.27455535531044006,0.951858401298523,8.150415420532227,9.496895472693723e-06,3.3989138046308653e-06,3.066110139116063e-07,0.0,0.0,0.0,0.0
5,adam,0.09840306855978505,0.47109434200871375,1.9513076313080326,12.632121332230106,1.051386507535954e-05,6.7887533165752935e-06,2.442524398079073e-07,0.0,0.0,0.0,0.0,16.166087888902233,9.739006996154785,0.09507011622190475,0.27037063241004944,0.884914755821228,7.901443958282471,7.621466465934645e-06,1.043493284669239e-05,2.072233229455378e-07,0.0,0.0,0.0,0.0
6,adam,0.09585719675787034,0.46452822031513336,1.8494415437021563,12.304979662741385,7.743979494989617e-06,1.9476606623004868e-05,1.6726187322635062e-07,0.0,0.0,0.0,0.0,15.69511188999299,9.20509147644043,0.09842487424612045,0.26429736614227295,0.778023898601532,7.510901927947998,5.724450147681637e-06,3.139871478197165e-05,1.498668069643827e-07,0.0,0.0,0.0,0.0
7,adam,0.09375803340827266,0.4555385180058018,1.7015983097014888,11.800621063478532,5.68036605933054e-06,5.4985442763990574e-05,1.246577582950551e-07,0.0,0.0,0.0,0.0,14.986590200854886,8.501169204711914,0.10067389905452728,0.25814878940582275,0.6473343372344971,6.9806952476501465,4.32881097367499e-06,8.446929132333025e-05,1.0469125300005544e-07,0.0,0.0,0.0,0.0
8,adam,0.09169630514037225,0.4487123748948497,1.5310133695602417,11.141387324179373,4.350345314437178e-06,0.00012917249747965064,1.0229880678758901e-07,0.0,0.0,0.0,0.0,14.09825974126016,7.780622959136963,0.10129070281982422,0.2541746199131012,0.5402137637138367,6.403534889221191,3.4733077427517856e-06,0.00016394547128584236,1.1284938494782182e-07,0.0,0.0,0.0,0.0
9,adam,0.08825507135160508,0.44477489109962215,1.404272129458766,10.540177745203819,3.801252960916064e-06,0.00021160949273185144,9.539082160729101e-08,0.0,0.0,0.0,0.0,13.325046108615014,7.272701740264893,0.10082810372114182,0.25393155217170715,0.49659326672554016,5.96278715133667,3.4394975045870524e-06,0.00020356022287160158,9.930643329880695e-08,0.0,0.0,0.0,0.0
10,adam,0.08344114908287602,0.45039630993720026,1.3432643144361434,10.131510242339104,3.9580389922423734e-06,0.00023493331184821023,1.0021578405837406e-07,0.0,0.0,0.0,0.0,12.827898394676946,7.022700309753418,0.1003095805644989,0.2585470974445343,0.4954565167427063,5.722369194030762,3.902594926330494e-06,0.0002046026347670704,1.0872874867118298e-07,0.0,0.0,0.0,0.0
11,adam,0.07877399940644542,0.4556214271053191,1.318624173441241,9.863109773205172,4.196191668832457e-06,0.00026224121533995195,1.0590433373269456e-07,0.0,0.0,0.0,0.0,12.521353813909716,6.892863750457764,0.10081333667039871,0.26316168904304504,0.5033117532730103,5.58222770690918,4.2388987822050694e-06,0.00022096012253314257,1.257976265378602e-07,0.0,0.0,0.0,0.0
12,adam,0.07464308628151493,0.46091526169930735,1.3152138840767644,9.679488643523186,4.159475983831198e-06,0.00028401810390454147,1.0291389544143444e-07,0.0,0.0,0.0,0.0,12.328440604671355,6.836015224456787,0.10232614725828171,0.2677358090877533,0.5117537379264832,5.5084099769592285,4.157947387284366e-06,0.00024456033133901656,9.919455834506152e-08,0.0,0.0,0.0,0.0
13,adam,0.07180840810460429,0.4636534558188531,1.3106403773830784,9.544113712926064,3.675887866495853e-06,0.00030989448292060727,9.148403577338257e-08,0.0,0.0,0.0,0.0,12.184697581875708,6.7705817222595215,0.1068015769124031,0.2676074802875519,0.5164617896080017,5.429170608520508,3.8346138353517745e-06,0.0002813370374497026,1.0648749082520226e-07,0.0,0.0,0.0,0.0
14,adam,0.06934853498974154,0.4677204980004218,1.3129696499916814,9.467263098685972,3.1997906042365243e-06,0.0003261076757729414,8.373256072731707e-08,0.0,0.0,0.0,0.0,12.110550142103627,6.756521224975586,0.110379658639431,0.26918503642082214,0.52457195520401,5.398054122924805,3.45794592249149e-06,0.0002981371362693608,7.790596612267109e-08,0.0,0.0,0.0,0.0
15,adam,0.06732559204101562,0.4676088700371404,1.3201281447564401,9.39342224982477,2.7834877484213304e-06,0.0003515685609947409,7.636468570038438e-08,0.0,0.0,0.0,0.0,12.043347727867864,6.77127742767334,0.11302031576633453,0.2710370123386383,0.5340947508811951,5.394822120666504,3.1136796678765677e-06,0.00030824640998616815,7.676848667870217e-08,0.0,0.0,0.0,0.0
16,adam,0.06528671266090486,0.469598074113169,1.327782561702113,9.368348029352003,2.4530806967959506e-06,0.00036951591215667225,7.16325772032178e-08,0.0,0.0,0.0,0.0,12.028694521996282,6.794009685516357,0.11571000516414642,0.27278056740760803,0.5420681238174438,5.401340961456299,2.841778041329235e-06,0.0003160613414365798,7.998151119181784e-08,0.0,0.0,0.0,0.0
17,adam,0.06419809102531403,0.4699387906059142,1.3254465518459198,9.294484846053585,2.1508802517693707e-06,0.00038251059219962167,6.735786271402474e-08,0.0,0.0,0.0,0.0,11.94965350243353,6.748354434967041,0.1234486848115921,0.2705692648887634,0.5422363877296448,5.346799850463867,2.60494084614038e-06,0.00033741266815923154,6.987389156165591e-08,0.0,0.0,0.0,0.0
18,adam,0.06195847485815325,0.46960817421636275,1.3249330443720664,9.257649298637144,1.940720714570019e-06,0.00039591638074677076,6.412077280607087e-08,0.0,0.0,0.0,0.0,11.90967107588245,6.771358966827393,0.126239612698555,0.2722882926464081,0.5454378724098206,5.360589981079102,2.3932427666295553e-06,0.0003351469349581748,6.817550257665062e-08,0.0,0.0,0.0,0.0
19,adam,0.060197836328898705,0.470516110620191,1.3234666432103803,9.217570274106917,1.754556673140248e-06,0.00040364521273952576,6.127504571124167e-08,0.0,0.0,0.0,0.0,11.865928803720783,6.775860786437988,0.13144387304782867,0.27395039796829224,0.5483849048614502,5.354086399078369,2.2390606773114996e-06,0.0003337179950904101,5.7989261392776825e-08,0.0,0.0,0.0,0.0
20,adam,0.058643344549402114,0.4714697858979625,1.3234832594471593,9.218291744109123,1.5672779762744247e-06,0.00040401362592444546,5.8272570826037764e-08,0.0,0.0,0.0,0.0,11.865746682690036,6.777515411376953,0.1366679072380066,0.2721419632434845,0.546245276927948,5.352005481719971,2.078382522086031e-06,0.00034223668626509607,5.7554849774987815e-08,0.0,0.0,0.0,0.0
21,adam,0.056577250481613224,0.4689244752930057,1.3197208066140451,9.164081281231296,1.4618816155029157e-06,0.000410342990841356,5.603379460786352e-08,0.0,0.0,0.0,0.0,11.800367324582991,6.757593154907227,0.145150825381279,0.27166280150413513,0.5447343587875366,5.323632717132568,1.980341039597988e-06,0.0003502940235193819,6.365977611721974e-08,0.0,0.0,0.0,0.0
22,adam,0.054829357492346915,0.4708302770891497,1.317416383374122,9.124122281228342,1.3670789389981373e-06,0.0004132798029815838,5.455639679087565e-08,0.0,0.0,0.0,0.0,11.755891369235131,6.74855375289917,0.15404532849788666,0.27226701378822327,0.5455434322357178,5.302647590637207,1.8773293959384318e-06,0.00035205273889005184,5.1961016822588135e-08,0.0,0.0,0.0,0.0
23,adam,0.0529326627091054,0.4684557549415096,1.3132949029245684,9.082880989197761,1.2931930636876778e-06,0.0004168029484008589,5.2165586087341815e-08,0.0,0.0,0.0,0.0,11.703591838959724,6.751062393188477,0.16173197329044342,0.2724913954734802,0.543587327003479,5.297767162322998,1.8003909190156264e-06,0.0003523841733112931,5.139790815178458e-08,0.0,0.0,0.0,0.0
24,adam,0.050994862111345414,0.46787964817016353,1.3057703702680525,9.0283893000695,1.1605107616677772e-06,0.0004202495160092029,5.066221644351425e-08,0.0,0.0,0.0,0.0,11.635099503301806,6.780607223510742,0.16777996718883514,0.27361011505126953,0.5409631133079529,5.321559906005859,1.6788925449873204e-06,0.00034652737667784095,4.85731455057703e-08,0.0,0.0,0.0,0.0
25,adam,0.049127273622059056,0.46855673290068106,1.3023715249953731,8.969586387757332,1.1195770162709278e-06,0.0004122179271953721,4.88223344476527e-08,0.0,0.0,0.0,0.0,11.566068003254552,6.800542831420898,0.17671872675418854,0.2730953097343445,0.5417413711547852,5.328334808349609,1.6498933064212906e-06,0.000352800649125129,4.882877746581471e-08,0.0,0.0,0.0,0.0
26,adam,0.047788465335484476,0.46782749602871554,1.2951618548362487,8.952179847225066,1.0273928263549967e-06,0.0004256318141180541,4.703369839834552e-08,0.0,0.0,0.0,0.0,11.539455998328425,6.814227104187012,0.18701596558094025,0.2749015986919403,0.5385804772377014,5.3325982093811035,1.5165674085437786e-06,0.0003431998484302312,4.567461076021573e-08,0.0,0.0,0.0,0.0
27,adam,0.04641479902690457,0.46683779647273405,1.2844200941824144,8.866876325299662,9.499129011982727e-07,0.0004236186204868699,4.508412476319966e-08,0.0,0.0,0.0,0.0,11.434058866193217,6.765790939331055,0.2038988620042801,0.273916631937027,0.537316083908081,5.265860080718994,1.4255391533879447e-06,0.00035922409733757377,4.426566846404967e-08,0.0,0.0,0.0,0.0
28,adam,0.04518516529952326,0.4673093211266302,1.2786075107512935,8.798892221143168,8.969912418280963e-07,0.0004237972748195452,4.40447268048164e-08,0.0,0.0,0.0,0.0,11.3547027649418,6.788211822509766,0.21357940137386322,0.27361467480659485,0.5342668890953064,5.278907299041748,1.3603513480120455e-06,0.00036139567964710295,4.221900695711156e-08,0.0,0.0,0.0,0.0
29,adam,0.044584804364750465,0.46923547502486934,1.2720899351181523,8.745895047341623,8.284612194544141e-07,0.0004243262087730991,4.249062544108857e-08,0.0,0.0,0.0,0.0,11.292597432290354,6.866390705108643,0.21996042132377625,0.2755185663700104,0.5361308455467224,5.343532562255859,1.3030269201408373e-06,0.000351437134668231,4.077453041873014e-08,0.0,0.0,0.0,0.0
30,adam,0.044727550759430856,0.4666430854028271,1.2578711855796076,8.627918935591175,7.66345412132303e-07,0.00045056123335305003,4.111915602276983e-08,0.0,0.0,0.0,0.0,11.15443915705527,6.7837700843811035,0.23663291335105896,0.2769259512424469,0.5312868356704712,5.247361183166504,1.1989977792836726e-06,0.0003613299340941012,4.017708832293465e-08,0.0,0.0,0.0,0.0
31,adam,0.04478872759688285,0.4688619654024801,1.2442699901519283,8.493479913280856,7.039853321364189e-07,0.0004481730312334314,4.126700426537912e-08,0.0,0.0,0.0,0.0,10.998953911565966,6.779562473297119,0.24596406519412994,0.27619874477386475,0.5310096740722656,5.230739593505859,1.1429136748120072e-06,0.00037511548725888133,4.233661599073457e-08,0.0,0.0,0.0,0.0
32,adam,0.04537562833678338,0.46839667231805865,1.2322280368497294,8.342941991744503,6.633557485392591e-07,0.00046572649866462713,3.9264639940850636e-08,0.0,0.0,0.0,0.0,10.830123286093436,6.7587080001831055,0.2538294196128845,0.2762027978897095,0.5317398905754089,5.198639869689941,1.1019194516848074e-06,0.00038661202415823936,3.724843367081121e-08,0.0,0.0,0.0,0.0
33,adam,0.04597721825684271,0.46959875668248824,1.2225426820016676,8.191469315559633,6.772620710557197e-07,0.00048432785420558387,3.747150363474541e-08,0.0,0.0,0.0,0.0,10.664956308180287,6.786046504974365,0.2583560347557068,0.27848535776138306,0.5347616076469421,5.213617324829102,1.0865541071325424e-06,0.00038707134081050754,3.791184965962202e-08,0.0,0.0,0.0,0.0
34,adam,0.04664301451656126,0.47005562532332634,1.2170470068531651,8.031502969803348,6.623725279232237e-07,0.0005115377322410143,3.5985071381476025e-08,0.0,0.0,0.0,0.0,10.496715176490046,6.716959476470947,0.26545506715774536,0.27870482206344604,0.5373494625091553,5.1300835609436035,1.0493878335182671e-06,0.00042200263123959303,3.588587205172189e-08,0.0,0.0,0.0,0.0
35,adam,0.047371376786501176,0.47239493266228705,1.207542892425291,7.853187699471751,6.43850169566459e-07,0.000538228442066259,3.548081593404247e-08,0.0,0.0,0.0,0.0,10.306350154261436,6.72873592376709,0.26557260751724243,0.2795265316963196,0.5452578663825989,5.125940799713135,1.0419338423162117e-06,0.00045320039498619735,3.3728518644693395e-08,0.0,0.0,0.0,0.0
36,adam,0.04778368362495976,0.47396764928294766,1.2065153468039729,7.677850492538944,6.491389766075196e-07,0.000582555904158301,3.4702341760030026e-08,0.0,0.0,0.0,0.0,10.131212142206007,6.694383144378662,0.2652842402458191,0.2786588668823242,0.5552506446838379,5.071615219116211,1.0222070159215946e-06,0.0005182321183383465,3.300507955827925e-08,0.0,0.0,0.0,0.0
37,adam,0.04840123497190014,0.4761703533511008,1.1994420982176257,7.472061034171812,6.353334924824594e-07,0.000632639940557701,3.2995291946697824e-08,0.0,0.0,0.0,0.0,9.918954418551538,6.662528991699219,0.26375600695610046,0.2813872694969177,0.5632461905479431,5.022061824798584,1.0018187595051131e-06,0.0005715414881706238,3.373211399093634e-08,0.0,0.0,0.0,0.0
38,adam,0.0485378303114445,0.4807086336997248,1.1998328393505466,7.308269485350578,6.388147558174106e-07,0.0006874094965056547,3.251455597953443e-08,0.0,0.0,0.0,0.0,9.762221767056372,6.717164039611816,0.2581273317337036,0.2848406732082367,0.5762004852294922,5.053234100341797,9.88956003311614e-07,0.0006258976645767689,3.1813076617481784e-08,0.0,0.0,0.0,0.0
39,adam,0.04840141859266066,0.48123716442815717,1.201783287909723,7.127429992921891,6.261720680032017e-07,0.0007571183790963503,3.11600728875397e-08,0.0,0.0,0.0,0.0,9.587860507349815,6.591874122619629,0.256076455116272,0.2866046726703644,0.5812122821807861,4.9131927490234375,9.350413279207714e-07,0.0007153538172133267,3.033886741832248e-08,0.0,0.0,0.0,0.0
40,adam,0.04777658538472268,0.48755428194999695,1.2068758010864258,6.947948286610265,6.123602045796184e-07,0.0008274143723200166,3.009467072678079e-08,0.0,0.0,0.0,0.0,9.423884699421544,6.5473127365112305,0.24968287348747253,0.2897319495677948,0.5901715755462646,4.850325107574463,9.016010267259844e-07,0.0007996499771252275,2.8850775990463262e-08,0.0,0.0,0.0,0.0
41,adam,0.047356813304847284,0.4916174738637863,1.2062249818155844,6.804012821566674,5.963996947626114e-07,0.0008973711143968807,3.039066649947589e-08,0.0,0.0,0.0,0.0,9.288531857152138,6.523781776428223,0.24292506277561188,0.29364079236984253,0.5992957353591919,4.805703163146973,8.763016126067669e-07,0.0008908829186111689,2.889725259080933e-08,0.0,0.0,0.0,0.0
42,adam,0.046846352878116795,0.4983530419488107,1.2104964487014278,6.661621493677939,5.728214095172241e-07,0.0009481439258032028,2.8311869723181865e-08,0.0,0.0,0.0,0.0,9.159466220486548,6.773072719573975,0.22998128831386566,0.29931285977363586,0.6193588376045227,5.021066665649414,8.426166004937841e-07,0.0009429114288650453,2.7191017437644405e-08,0.0,0.0,0.0,0.0
43,adam,0.046211844971103054,0.5015006747937971,1.2172295239663893,6.5234184572773595,5.514300629593274e-07,0.0010435267843516363,2.7125776606985417e-08,0.0,0.0,0.0,0.0,9.042414788276918,6.512425899505615,0.22763289511203766,0.3029711842536926,0.613331139087677,4.765517711639404,7.558704737675725e-07,0.0010194028727710247,2.6689937371315864e-08,0.0,0.0,0.0,0.0
44,adam,0.04638884312683536,0.5073281026655628,1.2135439726614183,6.424137407733548,5.172691705792527e-07,0.001101510794532876,2.5967873414302748e-08,0.0,0.0,0.0,0.0,8.950728508733935,6.537208080291748,0.22045831382274628,0.308096319437027,0.6147400736808777,4.77377986907959,7.500159426854225e-07,0.0011158821871504188,2.5522123081600512e-08,0.0,0.0,0.0,0.0
45,adam,0.045994895961015456,0.5147685831592929,1.2217390152715868,6.312090473790323,5.008112551759921e-07,0.0011899290876763483,2.569124480181296e-08,0.0,0.0,0.0,0.0,8.866173113546063,6.426977634429932,0.21625952422618866,0.3106253743171692,0.6160815954208374,4.6616716384887695,6.678795330117282e-07,0.001162706408649683,2.473673532676912e-08,0.0,0.0,0.0,0.0
46,adam,0.045763799980763464,0.5183763004118397,1.220487048549037,6.193287926335489,4.728900052903613e-07,0.001258806535793889,2.444854091219983e-08,0.0,0.0,0.0,0.0,8.756131972036053,6.358868598937988,0.21246851980686188,0.3153621256351471,0.6168637871742249,4.581930160522461,6.2074627749098e-07,0.001241108519025147,2.3539945104289473e-08,0.0,0.0,0.0,0.0
47,adam,0.04587466329816849,0.5238399149910096,1.2220077437739219,6.102622432093466,4.430479236816609e-07,0.001343168896592913,2.3648946829498086e-08,0.0,0.0,0.0,0.0,8.684156771629088,6.412070274353027,0.20733648538589478,0.32006004452705383,0.6208086609840393,4.616661548614502,5.879996365365514e-07,0.0013137890491634607,2.722136294153188e-08,0.0,0.0,0.0,0.0
48,adam,0.045994666795576775,0.5307257271582081,1.217095511574899,6.004881874207528,4.1674174751953554e-07,0.0013849928584550658,2.3519564675761864e-08,0.0,0.0,0.0,0.0,8.590575710419685,6.266988277435303,0.20565980672836304,0.32212984561920166,0.6179144382476807,4.469214916229248,5.335248829396733e-07,0.0013846089132130146,2.5607469922306336e-08,0.0,0.0,0.0,0.0
49,adam,0.04606445121669,0.5326794107114116,1.214373800062364,5.910584449768066,3.957028411605279e-07,0.001483786550741042,2.326458750376919e-08,0.0,0.0,0.0,0.0,8.50900553118798,6.250239849090576,0.2024644911289215,0.32686176896095276,0.6217774152755737,4.431180953979492,5.05410810092144e-07,0.0014795364113524556,2.1191558730038196e-08,0.0,0.0,0.0,0.0
50,adam,0.046386400538106116,0.5370721413243201,1.2145669729478898,5.817969629841466,3.7403623218045637e-07,0.0015761459681896432,2.120998785922864e-08,0.0,0.0,0.0,0.0,8.434143773971066,6.315338134765625,0.19787940382957458,0.3311428725719452,0.6215223670005798,4.477049827575684,5.029252747590363e-07,0.001577541115693748,2.1572219566223794e-08,0.0,0.0,0.0,0.0
51,adam,0.04654822366372231,0.5424089845149748,1.211904022001451,5.746207744844498,3.5314829002316164e-07,0.0016322908171963308,2.266745306151792e-08,0.0,0.0,0.0,0.0,8.37174492497598,6.134536266326904,0.19728483259677887,0.3327557146549225,0.6209291815757751,4.293160438537598,4.488220781695418e-07,0.0016432363772764802,2.0098536168688952e-08,0.0,0.0,0.0,0.0
52,adam,0.046726343131834464,0.5444480882536981,1.2054473392425045,5.653505571426884,3.347072443434187e-07,0.001712628775426457,2.143356740836841e-08,0.0,0.0,0.0,0.0,8.284204959869385,6.249013900756836,0.19186586141586304,0.3379877209663391,0.6254269480705261,4.373353481292725,4.498587031775969e-07,0.001782369683496654,2.0484302254430986e-08,0.0,0.0,0.0,0.0
53,adam,0.046854944839592905,0.5471867611331325,1.2009663062710916,5.588808490384009,3.1608694019181007e-07,0.0017737486069240877,1.990227756075749e-08,0.0,0.0,0.0,0.0,8.225419752059445,6.156757831573486,0.18989013135433197,0.3391095995903015,0.6215685606002808,4.280242919921875,4.2230769281559333e-07,0.0018432476790621877,1.8476242757969885e-08,0.0,0.0,0.0,0.0
54,adam,0.04695133600504168,0.5498223429726016,1.2004647562580724,5.509951668400919,2.9551192197217345e-07,0.0018599498078166958,1.8556438221143284e-08,0.0,0.0,0.0,0.0,8.161009388585244,6.102731227874756,0.18651171028614044,0.34075966477394104,0.621640145778656,4.2212910652160645,3.931104686216713e-07,0.0018985300557687879,1.965243079382617e-08,0.0,0.0,0.0,0.0
55,adam,0.047236586049679785,0.552888265540523,1.1956915009406306,5.461228001502253,2.694867200789891e-07,0.001907051815050504,1.8039523824551996e-08,0.0,0.0,0.0,0.0,8.116545907912716,6.104935646057129,0.18261399865150452,0.34372106194496155,0.6198378801345825,4.200744152069092,3.8625017850790755e-07,0.0020451650489121675,1.7261131191048662e-08,0.0,0.0,0.0,0.0
56,adam,0.047433477616117846,0.553387213137842,1.1925466810503313,5.390936482337214,2.539452260231384e-07,0.001996078487155178,1.7216446075226045e-08,0.0,0.0,0.0,0.0,8.05658515807121,6.061068058013916,0.17915195226669312,0.3456043004989624,0.6216669082641602,4.156188488006592,3.483827129002748e-07,0.002062734682112932,1.6482667675177254e-08,0.0,0.0,0.0,0.0
57,adam,0.047534015750692736,0.5582104680999633,1.1896992537283129,5.335058119989211,2.3051410334662044e-07,0.0020862314699878616,1.694308853790326e-08,0.0,0.0,0.0,0.0,8.016550479396697,6.0131096839904785,0.17754718661308289,0.345445841550827,0.6177845597267151,4.104885101318359,3.306020346371952e-07,0.002129703527316451,1.7992080714179792e-08,0.0,0.0,0.0,0.0
58,adam,0.04766438889407342,0.558674487375444,1.1892238874589243,5.2916049649638515,2.1222448349216128e-07,0.0021405899071044497,1.969524698169732e-08,0.0,0.0,0.0,0.0,7.981235965605705,6.100767612457275,0.1747034341096878,0.3490432798862457,0.6241014003753662,4.1389689445495605,3.3930660947589786e-07,0.0023633658420294523,1.5802092079297836e-08,0.0,0.0,0.0,0.0
59,adam,0.04798291479387591,0.5601221572968268,1.1872907646240727,5.259680917186122,1.9427326488737656e-07,0.002213713119647676,1.731002810623933e-08,0.0,0.0,0.0,0.0,7.961132326433735,6.027674198150635,0.17218869924545288,0.3504699468612671,0.6175520420074463,4.08581018447876,3.0695929353896645e-07,0.002322400687262416,1.558989737304728e-08,0.0,0.0,0.0,0.0
60,adam,0.04806582449424651,0.5579588211351826,1.1829783916473389,5.210689836932767,1.802816722000634e-07,0.0022316682152450085,1.69964514147446e-08,0.0,0.0,0.0,0.0,7.905906554191343,6.017390727996826,0.17320169508457184,0.3469238579273224,0.629465639591217,4.042026042938232,2.8909110483255063e-07,0.002449430525302887,1.4749514498646477e-08,0.0,0.0,0.0,0.0
61,adam,0.04791567726962028,0.5605969159833847,1.1818807701910696,5.164442769942745,1.7284600474912653e-07,0.002342748042616633,1.5823662896115176e-08,0.0,0.0,0.0,0.0,7.879526722815729,6.0190534591674805,0.17323501408100128,0.3500625491142273,0.6265670657157898,4.03367280960083,2.8426410381143796e-07,0.0025055177975445986,1.8258020872963243e-08,0.0,0.0,0.0,0.0
62,adam,0.04807833233667958,0.5586089366866697,1.1740617944348244,5.122531844723609,1.620666703348111e-07,0.0023922767234785904,1.8749442285486714e-08,0.0,0.0,0.0,0.0,7.833927877487675,5.949696063995361,0.17387759685516357,0.34941062331199646,0.6291478872299194,3.9630160331726074,2.579585611783841e-07,0.0025150266010314226,1.7913176719730473e-08,0.0,0.0,0.0,0.0
63,adam,0.047742931112166376,0.5598966613892586,1.1729603544358285,5.0800111063065065,1.5480583582053265e-07,0.002430737011074539,1.824400455797287e-08,0.0,0.0,0.0,0.0,7.796082742752567,6.010022163391113,0.17241448163986206,0.34806978702545166,0.6206458210945129,4.027454853057861,2.5696650141071586e-07,0.0025447558145970106,1.3588101310801903e-08,0.0,0.0,0.0,0.0
64,adam,0.047734756743715655,0.5581848688663975,1.1696663441196564,5.057353950315906,1.4663120667489326e-07,0.002473935056778212,1.3363710740161277e-08,0.0,0.0,0.0,0.0,7.774883885537425,5.932061195373535,0.17392627894878387,0.34855449199676514,0.6219316124916077,3.9272239208221436,2.533506062718516e-07,0.002668939996510744,1.246235026286513e-08,0.0,0.0,0.0,0.0
65,adam,0.047581809783174146,0.5588056310530631,1.1728022483087355,5.032665760286393,1.450358745790753e-07,0.0024995496947198144,1.691822378248734e-08,0.0,0.0,0.0,0.0,7.757871027915709,5.936424255371094,0.1767403781414032,0.3488224148750305,0.6347211003303528,3.9089343547821045,2.391621194419713e-07,0.002694531809538603,1.185428288863477e-08,0.0,0.0,0.0,0.0
66,adam,0.04745193474715756,0.5602986389590848,1.1644373632246448,5.002659059339954,1.4039462409835968e-07,0.002558588651159117,1.2588972187280257e-08,0.0,0.0,0.0,0.0,7.729079000411495,5.967992782592773,0.17390599846839905,0.3477763533592224,0.621656596660614,3.9565069675445557,2.3045915042985143e-07,0.0027018629480153322,1.2232944435197624e-08,0.0,0.0,0.0,0.0
67,adam,0.047491720967715784,0.5586867976573205,1.1633248905981741,4.972253768674789,1.340102660525454e-07,0.002616518913137336,1.2297283879364283e-08,0.0,0.0,0.0,0.0,7.705237403992684,5.9581780433654785,0.17562910914421082,0.3483376204967499,0.6286362409591675,3.9348437786102295,2.155243521428929e-07,0.0027129047084599733,1.4154752037143226e-08,0.0,0.0,0.0,0.0
68,adam,0.04748695283647506,0.5583900915038201,1.1676374250842678,4.966491545400312,1.2915551260741797e-07,0.002645853951933884,1.6360819537862515e-08,0.0,0.0,0.0,0.0,7.709483854232296,5.874606609344482,0.1761740744113922,0.34679630398750305,0.6175438761711121,3.855015754699707,2.168789876577648e-07,0.002787752076983452,1.7392505213820186e-08,0.0,0.0,0.0,0.0
69,adam,0.04732136416339105,0.5604260448486574,1.1605378100948949,4.947356731660904,1.272409930251225e-07,0.002629670329512127,1.3211177270435318e-08,0.0,0.0,0.0,0.0,7.679813123518421,5.840237617492676,0.1780766397714615,0.3453279435634613,0.6184418201446533,3.8103315830230713,2.1696260432690906e-07,0.0028439005836844444,1.274935090833651e-08,0.0,0.0,0.0,0.0
70,adam,0.04700683405803096,0.5552593758029323,1.1570841343172136,4.915633401563091,1.2660431120674465e-07,0.00271901567917197,2.0865154106278655e-08,0.0,0.0,0.0,0.0,7.653819945550734,5.98253059387207,0.17629069089889526,0.34776371717453003,0.6280932426452637,3.9399397373199463,1.957325537205179e-07,0.0028148647397756577,1.8336624663106704e-08,0.0,0.0,0.0,0.0
71,adam,0.047156743585102016,0.5591435028660682,1.1550465360764535,4.9032011185922935,1.1840769993172686e-07,0.002703715491318895,1.2877680341438053e-08,0.0,0.0,0.0,0.0,7.639525013585245,6.0302886962890625,0.17537297308444977,0.3483649790287018,0.6251416206359863,3.984785556793213,1.9297569053833286e-07,0.002838979009538889,2.2281431810711183e-08,0.0,0.0,0.0,0.0
72,adam,0.047226534735771916,0.557346966958815,1.155209691293778,4.893929343069753,1.147468801553758e-07,0.002704473678022623,1.123655376630033e-08,0.0,0.0,0.0,0.0,7.628396311113911,5.871889591217041,0.17751698195934296,0.3458857536315918,0.6232850551605225,3.835597276687622,1.7931682805283344e-07,0.0028416160494089127,1.0510642134420323e-08,0.0,0.0,0.0,0.0
73,adam,0.04739010586373268,0.5571873226473408,1.1526451187749063,4.875939584547473,1.1196724682899766e-07,0.0027535755652934313,2.5703299216626964e-08,0.0,0.0,0.0,0.0,7.6158502947899605,5.887607574462891,0.17615985870361328,0.3468696177005768,0.6079066395759583,3.865527629852295,1.8890170849772403e-07,0.0028569644782692194,9.666148770293148e-09,0.0,0.0,0.0,0.0
74,adam,0.04711475043046859,0.5569349094744651,1.1488538211391819,4.8672636862724055,1.0889571246164656e-07,0.0027552529899103027,1.760907947055645e-08,0.0,0.0,0.0,0.0,7.602014203225413,5.870131969451904,0.1771998107433319,0.3438440263271332,0.6142777800559998,3.8323893547058105,1.8143100533052348e-07,0.0029183512087911367,2.731489345819682e-08,0.0,0.0,0.0,0.0
75,adam,0.04709673276351344,0.5569930461145216,1.1461674974810692,4.848891165948683,1.0784358020219448e-07,0.0027813970697142423,2.3007225744625123e-08,0.0,0.0,0.0,0.0,7.584551088271603,5.83431339263916,0.1773374229669571,0.3436752259731293,0.6132801175117493,3.8086721897125244,1.6607711472715891e-07,0.0028672744520008564,1.1490700835281586e-08,0.0,0.0,0.0,0.0
76,adam,0.04720902130488427,0.5563904806490867,1.1453315192653286,4.830842694928569,1.041263160569513e-07,0.0028114600046988455,1.543531544872541e-08,0.0,0.0,0.0,0.0,7.569837724008868,5.899430274963379,0.17553341388702393,0.34344974160194397,0.616284191608429,3.850769519805908,1.7072676428142586e-07,0.0029715506825596094,9.633701836264663e-09,0.0,0.0,0.0,0.0
77,adam,0.04711837153280935,0.555785596370697,1.1410389561806955,4.830899730805428,1.0153011071305363e-07,0.0028064423466041205,1.683612019690834e-08,0.0,0.0,0.0,0.0,7.563210410456503,5.820054531097412,0.17771096527576447,0.34170472621917725,0.6094850301742554,3.791266441345215,1.6535460645172861e-07,0.002919835038483143,9.273185774816284e-09,0.0,0.0,0.0,0.0
78,adam,0.04716127209605709,0.5513247914852635,1.1373052750864336,4.815382280657368,9.95411523816866e-08,0.0027781384771749856,1.0261061534505746e-08,0.0,0.0,0.0,0.0,7.532739577754851,5.8954081535339355,0.17560572922229767,0.3435460925102234,0.611897349357605,3.859459161758423,1.5554812193840917e-07,0.0029282693285495043,7.64273977438279e-09,0.0,0.0,0.0,0.0
79,adam,0.047256716797428745,0.5554360122449936,1.1358665304799234,4.812892929200204,9.733488945306407e-08,0.0028029574952538935,2.1766692649022492e-08,0.0,0.0,0.0,0.0,7.5373864942981355,5.890746593475342,0.17650945484638214,0.3436015844345093,0.6115667819976807,3.8551218509674072,1.5647431439447246e-07,0.002923516556620598,4.112316176474451e-08,0.0,0.0,0.0,0.0
80,adam,0.047246084578575626,0.5547617606578334,1.133040157056624,4.813697768795874,9.658150740814298e-08,0.0028524301690800538,1.1765744622310546e-08,0.0,0.0,0.0,0.0,7.543643320760419,5.934248924255371,0.17691516876220703,0.3411645293235779,0.6272879838943481,3.8823742866516113,1.3290384970332525e-07,0.002915089251473546,7.199703944138491e-09,0.0,0.0,0.0,0.0
81,adam,0.047226163528619275,0.5521438689001145,1.1302863628633562,4.807403210670717,9.12103544233985e-08,0.002819892109161423,1.611044327333847e-08,0.0,0.0,0.0,0.0,7.524978453113187,5.97463846206665,0.1758205145597458,0.3440988063812256,0.6152687668800354,3.935396671295166,1.4045893692582467e-07,0.0028997818008065224,3.381590474305085e-08,0.0,0.0,0.0,0.0
82,adam,0.04724539804362481,0.553245352160546,1.1299135473466688,4.775347371255198,9.03329826710873e-08,0.002865748284685035,1.4822462712424288e-08,0.0,0.0,0.0,0.0,7.500658958188949,5.877159118652344,0.17770417034626007,0.34180575609207153,0.6068111062049866,3.8379931449890137,1.5051075763494737e-07,0.00297764060087502,7.638912613572302e-09,0.0,0.0,0.0,0.0
83,adam,0.047129493326910084,0.5526290603222386,1.1282719777476402,4.7833885300544,8.884142442499773e-08,0.002833914552484789,2.343135706966802e-08,0.0,0.0,0.0,0.0,7.5003897605403775,5.884385108947754,0.1789846420288086,0.34257909655570984,0.6203417181968689,3.834808826446533,1.342613131782855e-07,0.002937587210908532,7.328901041603331e-09,0.0,0.0,0.0,0.0
84,adam,0.04743487099486013,0.5531943853824369,1.1203270343042189,4.781303328852499,8.516156920875567e-08,0.002822119276970625,1.3966138424959331e-08,0.0,0.0,0.0,0.0,7.487621876501268,5.898319721221924,0.1767503023147583,0.340374618768692,0.6017659306526184,3.8698434829711914,1.394852802150126e-07,0.0029575317166745663,9.009972323781312e-09,0.0,0.0,0.0,0.0
85,adam,0.0472590203487104,0.5528695910207687,1.1197089206787847,4.747614245260915,8.424582218932272e-08,0.0028831721208388765,9.08209377237951e-09,0.0,0.0,0.0,0.0,7.46251372368105,5.852270603179932,0.1800096035003662,0.3393414318561554,0.6089718341827393,3.8164217472076416,1.31311267637102e-07,0.0029505460988730192,7.143322822145137e-09,0.0,0.0,0.0,0.0
86,adam,0.04700687227229918,0.5495887840947797,1.1165837030256949,4.7344696060303715,8.488719840311059e-08,0.002821444345998668,1.9634984362429836e-08,0.0,0.0,0.0,0.0,7.4297092345453075,5.885682582855225,0.1787412166595459,0.337872177362442,0.6006772518157959,3.866856813430786,1.25019028018869e-07,0.0029142696876078844,8.061086020916264e-08,0.0,0.0,0.0,0.0
87,adam,0.047065619980135275,0.5513607676952116,1.1113867586658848,4.742078404272756,8.123201712717879e-08,0.0028329203205723916,3.275246559985406e-08,0.0,0.0,0.0,0.0,7.435667991638184,5.8517584800720215,0.17999128997325897,0.3381247818470001,0.5944355726242065,3.8381357192993164,1.2795460690995242e-07,0.0029235288966447115,8.46334380355529e-09,0.0,0.0,0.0,0.0
88,adam,0.04706857221261147,0.549884989376991,1.110774609350389,4.7256580091291855,7.926866263027654e-08,0.0029025559403723284,1.0781474594821358e-08,0.0,0.0,0.0,0.0,7.429437145110099,5.867412567138672,0.1784956306219101,0.3391474485397339,0.5788744688034058,3.87019944190979,1.2917288927383197e-07,0.002928574103862047,8.602056844608796e-09,0.0,0.0,0.0,0.0
89,adam,0.04720480704019146,0.5488316089876236,1.107552747572622,4.73658182544093,7.949809114947012e-08,0.0028592235588979337,1.3978474177450504e-08,0.0,0.0,0.0,0.0,7.42804959512526,5.922208309173584,0.17908494174480438,0.3366098701953888,0.5802566409111023,3.9320600032806396,1.233034936376498e-07,0.0028754340019077063,9.162882008695306e-09,0.0,0.0,0.0,0.0
90,adam,0.046919740856655186,0.5492083074585083,1.1025021691476145,4.706229171445293,7.981999107553953e-08,0.002834963845089078,7.125051774387943e-09,0.0,0.0,0.0,0.0,7.385628377237627,5.932444095611572,0.18036578595638275,0.337816447019577,0.5924350619316101,3.9207401275634766,1.1271282573943608e-07,0.0029022914823144674,5.889638998723967e-09,0.0,0.0,0.0,0.0
91,adam,0.04692290843494477,0.5488370176284544,1.100234293168591,4.712426247135285,7.545514744921797e-08,0.002860182573297812,7.321293822089516e-09,0.0,0.0,0.0,0.0,7.393921682911534,5.866119861602783,0.18369588255882263,0.3361929953098297,0.6036139130592346,3.8405306339263916,1.0025204488783857e-07,0.0029151272028684616,2.3102954216369653e-08,0.0,0.0,0.0,0.0
92,adam,0.04705543275321684,0.5489441492865162,1.0949660693445513,4.694917186614005,7.00746356998142e-08,0.002884562164845486,3.152066094874191e-08,0.0,0.0,0.0,0.0,7.374252873082315,5.870503902435303,0.18226337432861328,0.33756592869758606,0.5788612961769104,3.875977039337158,1.093604566904105e-07,0.0028963692020624876,5.08679676158863e-09,0.0,0.0,0.0,0.0
93,adam,0.0468498973115798,0.5476842686053245,1.0893776705188136,4.67878363209386,7.523681691993495e-08,0.002852790380617784,6.584659627586762e-09,0.0,0.0,0.0,0.0,7.343198191735052,5.924546241760254,0.18298140168190002,0.3357071280479431,0.590557873249054,3.918468475341797,9.423037283795566e-08,0.0028786712791770697,5.628731702955747e-09,0.0,0.0,0.0,0.0
94,adam,0.04693245443124925,0.5477177481497487,1.0853600886560255,4.666399886531215,7.001079893598217e-08,0.0028437953592548447,1.1214914445141007e-08,0.0,0.0,0.0,0.0,7.3239046373674945,5.884467601776123,0.18427152931690216,0.3352704346179962,0.5835490822792053,3.8911116123199463,9.620563190537723e-08,0.002856067381799221,9.620340080118694e-09,0.0,0.0,0.0,0.0
95,adam,0.046834968991817966,0.5502115786075592,1.0816501263649232,4.656695419742215,6.72380491642622e-08,0.002828774710876807,9.76628395359248e-09,0.0,0.0,0.0,0.0,7.308878652511105,5.756097793579102,0.18588586151599884,0.3332872688770294,0.5743535161018372,3.776956081390381,9.45185618661526e-08,0.0028687845915555954,7.060109652456958e-08,0.0,0.0,0.0,0.0
96,adam,0.04678232979870612,0.5472773832659568,1.081570327281952,4.65226924034857,6.824036848141282e-08,0.002870090410954529,4.648529067051388e-08,0.0,0.0,0.0,0.0,7.3089791574785785,5.829202175140381,0.1859564185142517,0.3358215391635895,0.5795428156852722,3.840834617614746,8.938796014490435e-08,0.002854164456948638,1.0168813346922434e-08,0.0,0.0,0.0,0.0
97,adam,0.04685582100383697,0.5480692098217625,1.0742767799285151,4.64382739220896,6.596965760760184e-08,0.0028242051466217926,7.395868505435674e-09,0.0,0.0,0.0,0.0,7.283743289209181,5.887650966644287,0.1864677369594574,0.3349844515323639,0.5836181044578552,3.884848117828369,9.086036101280115e-08,0.00289406580850482,1.2936160587173617e-08,0.0,0.0,0.0,0.0
98,adam,0.04687244385000198,0.5482399213698602,1.0702344582926842,4.631129234067855,6.726028342170814e-08,0.002842841422065131,6.423213344720947e-09,0.0,0.0,0.0,0.0,7.269395566755725,5.886608600616455,0.18670392036437988,0.3340584337711334,0.5746666789054871,3.904391288757324,8.196364120749422e-08,0.0028387324418872595,4.993992774871003e-09,0.0,0.0,0.0,0.0
99,adam,0.04678367006201898,0.5490557753270672,1.0681653080448028,4.630803938834898,6.484712443007964e-08,0.002828262250630125,6.44036182090839e-09,0.0,0.0,0.0,0.0,7.2645699131873345,5.925929546356201,0.18748389184474945,0.33449268341064453,0.5713242888450623,3.9415035247802734,8.267073070555853e-08,0.0028533111326396465,4.411181642183237e-09,0.0,0.0,0.0,0.0
100,adam,0.044520780323974544,0.5461311311491074,1.0603229557314227,4.631169411443895,8.674799361994789e-08,0.003363783058199671,2.099198972594882e-05,0.0,0.0,0.0,0.0,8.733630149595198,7.399177551269531,0.2173583209514618,0.33377978205680847,0.5700482726097107,3.8517396450042725,1.1582798009612816e-07,0.002853148616850376,9.206603976963379e-07,0.0,0.0,0.0,0.0
101,adam,0.04292787142818974,0.5425417375180029,1.0542053964830214,4.640674437246015,1.0948272757200211e-07,0.003281567448509797,7.795370345503773e-07,0.0,0.0,0.0,0.0,8.698216653639271,7.389410018920898,0.22002282738685608,0.3313670754432678,0.5733031630516052,3.8492891788482666,1.1408997835360424e-07,0.002737292554229498,1.8229688691917545e-07,0.0,0.0,0.0,0.0
102,adam,0.04275090187307327,0.5425285600846813,1.0456505264005354,4.660363981800694,1.1113522374774132e-07,0.003127867243282737,3.856910472719729e-08,0.0,0.0,0.0,0.0,8.667236066633656,7.387144088745117,0.22427116334438324,0.3297215402126312,0.5756286978721619,3.8356666564941406,1.1367038865728318e-07,0.002677217358723283,1.318888642742877e-08,0.0,0.0,0.0,0.0
103,adam,0.04258550835713264,0.5394800718753568,1.036584984871649,4.653051560924899,1.1668398651599707e-07,0.0031020137211007458,7.661746061965995e-09,0.0,0.0,0.0,0.0,8.630237671636767,7.380594730377197,0.22443729639053345,0.3266650140285492,0.5743221640586853,3.8424928188323975,1.0548286155653841e-07,0.002640471560880542,6.684050646299511e-09,0.0,0.0,0.0,0.0
104,adam,0.0425850268333189,0.5368962787812755,1.030738688284351,4.657252742398169,1.1498591108662484e-07,0.0030393114373568567,6.169518129347983e-09,0.0,0.0,0.0,0.0,8.60567328237718,7.308022975921631,0.2256876677274704,0.3249048888683319,0.5666410326957703,3.790217399597168,1.0951424656013842e-07,0.0026124862488359213,6.097250260239662e-09,0.0,0.0,0.0,0.0
105,adam,0.04227088608088032,0.5372153953198464,1.0232815127218924,4.637447695578298,1.2778783886255218e-07,0.003039998843544914,5.916690879172943e-09,0.0,0.0,0.0,0.0,8.568256762719923,7.577766418457031,0.22433283925056458,0.32419928908348083,0.5831817388534546,4.023755073547363,1.1146238421133603e-07,0.002605858026072383,5.918336043464478e-09,0.0,0.0,0.0,0.0
106,adam,0.04203977652134434,0.5362306439107464,1.0172564252730338,4.654310257204117,1.3465945823642662e-07,0.003030822544749225,5.747112033583518e-09,0.0,0.0,0.0,0.0,8.56884668719384,7.481052398681641,0.22492854297161102,0.3244915008544922,0.5710778832435608,3.955446481704712,1.2193922316328099e-07,0.002590164542198181,5.68914382270691e-09,0.0,0.0,0.0,0.0
107,adam,0.04209923011160666,0.534070497558963,1.0119122016814448,4.649984898105744,1.3352869892228668e-07,0.002987232697646945,5.526555858109862e-09,0.0,0.0,0.0,0.0,8.541336674844064,7.52338981628418,0.2253553718328476,0.3233388364315033,0.5866641402244568,3.965311288833618,1.1427204071878805e-07,0.002583851106464863,5.5211208938033e-09,0.0,0.0,0.0,0.0
108,adam,0.0418223196700696,0.5354443673164614,1.0027180948565084,4.616988889632687,1.4966137439020506e-07,0.002991933998982272,5.391005992870826e-09,0.0,0.0,0.0,0.0,8.488904522311303,7.439453125,0.22681687772274017,0.32102224230766296,0.5789366364479065,3.904773473739624,1.1107221098427544e-07,0.002541824709624052,5.508101974527335e-09,0.0,0.0,0.0,0.0
109,adam,0.041714682934745666,0.5336771145943673,0.9973923563957214,4.623020887374878,1.4819762013978049e-07,0.002961052078453283,5.290056822700755e-09,0.0,0.0,0.0,0.0,8.47462257262199,7.520192623138428,0.22475281357765198,0.31999677419662476,0.57129967212677,4.005087852478027,1.2223758005802665e-07,0.002559673972427845,5.169574102126262e-09,0.0,0.0,0.0,0.0
110,adam,0.041512821710878806,0.5333264027872393,0.9937856101220653,4.617194683321061,1.5750445604387476e-07,0.0029531466068639873,5.130061350632603e-09,0.0,0.0,0.0,0.0,8.457782729979485,7.575676918029785,0.2259330302476883,0.32061314582824707,0.5837703347206116,4.027566909790039,1.250534467089892e-07,0.002554454142227769,5.050653673066563e-09,0.0,0.0,0.0,0.0
111,adam,0.041320000925371726,0.5318459108952553,0.9836112876092235,4.599885279132474,1.6719354331114794e-07,0.0029912853102770543,5.028217512610185e-09,0.0,0.0,0.0,0.0,8.42351245880127,7.450154781341553,0.22685013711452484,0.3187743127346039,0.5822312831878662,3.911774158477783,1.209831168580422e-07,0.0025382761377841234,5.009141101908199e-09,0.0,0.0,0.0,0.0
112,adam,0.04127336509766117,0.5318449754868785,0.9790223759989585,4.585624879406344,1.7172127840122782e-07,0.0029624865405381688,4.894790422445149e-09,0.0,0.0,0.0,0.0,8.392610872945477,7.473010063171387,0.22642649710178375,0.3160640001296997,0.5787926316261292,3.9486258029937744,1.2636408541766286e-07,0.002525276504456997,4.839286305013957e-09,0.0,0.0,0.0,0.0
113,adam,0.0411622007527659,0.5308371013210665,0.9733014356705451,4.587527221248996,1.8619458422387153e-07,0.0029625899473866148,4.835663582820042e-09,0.0,0.0,0.0,0.0,8.380743888116651,7.499138832092285,0.22660744190216064,0.31506770849227905,0.585979163646698,3.9640345573425293,1.2814329863886087e-07,0.0025032113771885633,4.751585791495927e-09,0.0,0.0,0.0,0.0
114,adam,0.04107973460228213,0.5313057755270312,0.9647477942128335,4.5751230639796105,1.9138152648308953e-07,0.002973033603461039,4.754277215640411e-09,0.0,0.0,0.0,0.0,8.352247945723995,7.531325340270996,0.2272573560476303,0.3156431019306183,0.5899763107299805,3.981449604034424,1.2841374541494588e-07,0.002510047983378172,4.755794869026886e-09,0.0,0.0,0.0,0.0
115,adam,0.04099632330959843,0.5292106539972367,0.9616523596548265,4.568521999543713,1.9944115955871483e-07,0.002981348338747217,4.6859853775060856e-09,0.0,0.0,0.0,0.0,8.337440767595846,7.534687519073486,0.22709357738494873,0.31358376145362854,0.5933300852775574,3.979494094848633,1.3460960701650038e-07,0.002519151894375682,4.586747426316151e-09,0.0,0.0,0.0,0.0
116,adam,0.04088416166843906,0.530286047727831,0.9552728072289498,4.561180268564532,2.0418349001536097e-07,0.0029505528134083554,4.6512615837732405e-09,0.0,0.0,0.0,0.0,8.31067782063638,7.574584007263184,0.22811006009578705,0.3130687177181244,0.6020506024360657,3.9943878650665283,1.4359412148223782e-07,0.00252589606679976,4.545204657091517e-09,0.0,0.0,0.0,0.0
117,adam,0.040692821265228336,0.527066720108832,0.950615313745314,4.564510968423659,2.2321939107153032e-07,0.002952242352729363,4.565369645050513e-09,0.0,0.0,0.0,0.0,8.299554194173504,7.502289295196533,0.23049740493297577,0.3098829388618469,0.6096211671829224,3.9023048877716064,1.3879272842132195e-07,0.00252598337829113,4.4326662340665735e-09,0.0,0.0,0.0,0.0
118,adam,0.040567339067497564,0.5272326007966073,0.9430013241306427,4.545734343990203,2.3433603158287775e-07,0.00296733949723984,4.515345359261536e-09,0.0,0.0,0.0,0.0,8.266725786270634,7.615839004516602,0.22678826749324799,0.30983906984329224,0.5964286923408508,4.061220645904541,1.5204828685000393e-07,0.0024984674528241158,4.532857200700846e-09,0.0,0.0,0.0,0.0
119,adam,0.04043701783783974,0.5255328138028422,0.9391235920690721,4.529183426210957,2.39073420787815e-07,0.0029714410418584464,4.453630582603299e-09,0.0,0.0,0.0,0.0,8.239243184366535,7.565933704376221,0.2262628823518753,0.30819272994995117,0.5948234796524048,4.023451328277588,1.6412386116826383e-07,0.002488484140485525,4.357232352703022e-09,0.0,0.0,0.0,0.0
120,adam,0.04043571110213957,0.5254476378040929,0.9328627528682831,4.529320047747705,2.5439635235656053e-07,0.0029463061101494296,4.419498029188807e-09,0.0,0.0,0.0,0.0,8.220815904678837,7.520989894866943,0.2288745939731598,0.30721789598464966,0.6048678755760193,3.9466428756713867,1.61939667009392e-07,0.0024985212367028,4.322212365792666e-09,0.0,0.0,0.0,0.0
121,adam,0.04028311371803284,0.52296602053027,0.9301614915170977,4.5266186883372646,2.627438932229838e-07,0.00294880872412074,4.366043440762907e-09,0.0,0.0,0.0,0.0,8.208814974754088,7.5398173332214355,0.2284131944179535,0.30587077140808105,0.6064579486846924,3.965664863586426,1.680036376683347e-07,0.002497329842299223,4.215587878775295e-09,0.0,0.0,0.0,0.0
122,adam,0.040136606222198855,0.5243149092120509,0.9225791212051145,4.507153810993318,2.788854282419878e-07,0.002955632990286235,4.3313657177042194e-09,0.0,0.0,0.0,0.0,8.175018787384033,7.641350269317627,0.22961288690567017,0.30601271986961365,0.6174312829971313,4.030668258666992,1.7348433800634666e-07,0.0025165469851344824,4.165610967277189e-09,0.0,0.0,0.0,0.0
123,adam,0.040121097958857016,0.5231757587002169,0.9221829175949097,4.506728203065934,2.864501339210561e-07,0.0029748803184878442,4.320495359327343e-09,0.0,0.0,0.0,0.0,8.176259779161022,7.521559715270996,0.23172219097614288,0.3031226694583893,0.626456081867218,3.892040491104126,1.6019141924061842e-07,0.002513048704713583,4.117668428449406e-09,0.0,0.0,0.0,0.0
124,adam,0.04005278670980084,0.521492196667579,0.9154027892697242,4.501077067467474,2.9209804834394047e-07,0.0029690421727155488,4.286578332434213e-09,0.0,0.0,0.0,0.0,8.152338597082323,7.528698444366455,0.22970353066921234,0.3029153048992157,0.6150141954421997,3.9309029579162598,1.8093911080541147e-07,0.0025185917038470507,4.1019094787486665e-09,0.0,0.0,0.0,0.0
125,adam,0.03986621804295048,0.5210561800387598,0.9140881434563668,4.48360849195911,3.1304239109152646e-07,0.0029708840959374945,4.227152735374544e-09,0.0,0.0,0.0,0.0,8.13015470197124,7.584776878356934,0.2311779260635376,0.2997725009918213,0.6287026405334473,3.952840805053711,1.7978021560338675e-07,0.0025228550657629967,4.214643745115154e-09,0.0,0.0,0.0,0.0
126,adam,0.0397603920390529,0.5166249688594572,0.9096563554579212,4.484557690158967,3.22851922228731e-07,0.0029721888638431985,4.202737684748157e-09,0.0,0.0,0.0,0.0,8.11578115340202,7.56054162979126,0.23127850890159607,0.2998933792114258,0.6342408061027527,3.9169232845306396,1.8632363207871094e-07,0.0025279303081333637,4.011160736894226e-09,0.0,0.0,0.0,0.0
127,adam,0.03967437232213636,0.517651637715678,0.9040643495898093,4.4804310029552825,3.3498626026489695e-07,0.003000176887238218,4.132390687703396e-09,0.0,0.0,0.0,0.0,8.106597269735028,7.6334004402160645,0.2302977740764618,0.29899799823760986,0.6286392211914062,4.003586769104004,1.9785682070505572e-07,0.0025285950396209955,3.962586259120826e-09,0.0,0.0,0.0,0.0
128,adam,0.039594354648743904,0.5176049855447584,0.9018582394046168,4.45500672248102,3.3695308198114237e-07,0.0029774827792519525,4.0863429056285425e-09,0.0,0.0,0.0,0.0,8.07006408322242,7.554541110992432,0.23068414628505707,0.29786014556884766,0.6236941814422607,3.9435837268829346,2.0122728017213376e-07,0.0024993910919874907,4.062226555134885e-09,0.0,0.0,0.0,0.0
129,adam,0.03950175630950158,0.5149927889147112,0.8996933621744956,4.461421243606075,3.5527075910537067e-07,0.00299632003260476,4.067671461309564e-09,0.0,0.0,0.0,0.0,8.072342749564879,7.622884273529053,0.23057623207569122,0.29699382185935974,0.630503237247467,3.9921987056732178,2.0394453770222754e-07,0.002522390568628907,4.017904231545799e-09,0.0,0.0,0.0,0.0
130,adam,0.03952852227995472,0.5171998748856206,0.8949862776264068,4.456079721450806,3.5845768446697256e-07,0.0029841867470813375,4.0043044579088096e-09,0.0,0.0,0.0,0.0,8.05734823596093,7.5737385749816895,0.2331511378288269,0.295175164937973,0.6404454112052917,3.908806800842285,2.1019650375819765e-07,0.0025521887000650167,3.836878370577779e-09,0.0,0.0,0.0,0.0
131,adam,0.03939637205293102,0.5137898249010886,0.8936579208220204,4.455568282834945,3.743015158321331e-07,0.002989953256122047,3.985010314564871e-09,0.0,0.0,0.0,0.0,8.050099542064052,7.528410911560059,0.23166152834892273,0.2936118245124817,0.6310854554176331,3.898336887359619,2.1643117520397936e-07,0.002528777113184333,3.810999960052186e-09,0.0,0.0,0.0,0.0
132,adam,0.03931983392084799,0.5137204806650838,0.8887292627365359,4.435311355898457,3.85693912478253e-07,0.003037784458889115,3.938019537703818e-09,0.0,0.0,0.0,0.0,8.028247679433514,7.531946182250977,0.23078089952468872,0.29230251908302307,0.625612199306488,3.9197752475738525,2.1826559759574593e-07,0.002523364033550024,3.776655432830012e-09,0.0,0.0,0.0,0.0
133,adam,0.03916377694376053,0.5121396068603762,0.8890100006134279,4.44192627937563,4.0121583772874615e-07,0.00303656930824922,3.908540108053759e-09,0.0,0.0,0.0,0.0,8.032621399048836,7.4774580001831055,0.2333173155784607,0.2899872958660126,0.6304961442947388,3.8506531715393066,2.1514536285849317e-07,0.00251160585321486,3.736740694648688e-09,0.0,0.0,0.0,0.0
134,adam,0.039179295902290655,0.5113129250464901,0.8869134322289498,4.424829621468821,4.045139121444663e-07,0.002983702226511894,3.856522062268974e-09,0.0,0.0,0.0,0.0,7.998097050574518,7.472959995269775,0.23333071172237396,0.28873950242996216,0.6347554326057434,3.835693836212158,2.1737785971254198e-07,0.002529516816139221,3.731266851048076e-09,0.0,0.0,0.0,0.0
135,adam,0.039138265795284705,0.5115879552979623,0.8814589708082138,4.420636607754615,4.1018231403570335e-07,0.0030054175069615724,3.849600409054229e-09,0.0,0.0,0.0,0.0,7.987045041976437,7.540373802185059,0.234165221452713,0.2881227731704712,0.6399232149124146,3.884866714477539,2.1882412681861751e-07,0.0025370020885020494,3.697982142725209e-09,0.0,0.0,0.0,0.0
136,adam,0.03892440757443828,0.5081455928664054,0.8764879376657547,4.411310242068383,4.240969870337604e-07,0.003012850467536238,3.809748473682453e-09,0.0,0.0,0.0,0.0,7.962824959908763,7.5103960037231445,0.23341020941734314,0.2870562970638275,0.6404531002044678,3.8613030910491943,2.1963593610507814e-07,0.002531814854592085,3.6218998911152767e-09,0.0,0.0,0.0,0.0
137,adam,0.038925197816664175,0.5108155281313004,0.8795763523347916,4.405695007693383,4.262876755532371e-07,0.0030153191783615658,3.7993580468123e-09,0.0,0.0,0.0,0.0,7.967448619104201,7.380288600921631,0.2356816977262497,0.2852534353733063,0.6394221186637878,3.727809190750122,2.2470838700883178e-07,0.0025429148226976395,3.6322160834600936e-09,0.0,0.0,0.0,0.0
138,adam,0.03878510418918825,0.5102768799951,0.875956654548645,4.401021426723849,4.4491363104087566e-07,0.003038425847227054,3.7181507406997175e-09,0.0,0.0,0.0,0.0,7.958453809061358,7.542417526245117,0.2340071052312851,0.28550297021865845,0.6449183225631714,3.8795533180236816,2.2692671564072953e-07,0.002543580485507846,3.630304723500899e-09,0.0,0.0,0.0,0.0
139,adam,0.03878266592660258,0.5083796939542217,0.872046789815349,4.39244399532195,4.4475203895349444e-07,0.0029976287961847358,3.707812422684429e-09,0.0,0.0,0.0,0.0,7.930114823002969,7.468076229095459,0.23376920819282532,0.2832867503166199,0.6366060972213745,3.830221176147461,2.3065170751124242e-07,0.0025381818413734436,3.5412701659964796e-09,0.0,0.0,0.0,0.0
140,adam,0.03868069415611605,0.5090206544245442,0.8743411398703053,4.392263935458276,4.6636159181029904e-07,0.0030615925563559415,3.71447331674297e-09,0.0,0.0,0.0,0.0,7.948640038890224,7.442172527313232,0.23408468067646027,0.2819101810455322,0.6305509805679321,3.8249168395996094,2.260570397538686e-07,0.0025028917007148266,3.492783395842025e-09,0.0,0.0,0.0,0.0
141,adam,0.038596985921744376,0.5085899656818759,0.8687642870410797,4.379519962495373,4.7229665076355884e-07,0.003042400273824892,3.627593501572931e-09,0.0,0.0,0.0,0.0,7.918541185317501,7.405496120452881,0.23528514802455902,0.28111937642097473,0.6422802209854126,3.753347396850586,2.2887716966124572e-07,0.0025427688378840685,3.4533038650863546e-09,0.0,0.0,0.0,0.0
142,adam,0.038651406164130854,0.506244130672947,0.8663579917723133,4.373271942138672,4.737476862990133e-07,0.003009328423368354,3.6221637087568443e-09,0.0,0.0,0.0,0.0,7.897138595581055,7.562708377838135,0.23228143155574799,0.280111700296402,0.6360337734222412,3.935720205307007,2.3623783818038646e-07,0.0025254155043512583,3.4287799266508046e-09,0.0,0.0,0.0,0.0
143,adam,0.038591561538557854,0.5067307199201276,0.8652542310376321,4.366455554962158,4.751114983587139e-07,0.003037852190074421,3.58887162282291e-09,0.0,0.0,0.0,0.0,7.894079808265932,7.695348739624023,0.23322086036205292,0.2804352045059204,0.6541764140129089,4.011186599731445,2.414734296962706e-07,0.0025740517303347588,3.3914755448449796e-09,0.0,0.0,0.0,0.0
144,adam,0.03842851098987364,0.5050611246016717,0.8623972362087619,4.3614252228890695,4.91667279792666e-07,0.003029834434029556,3.546134189159217e-09,0.0,0.0,0.0,0.0,7.878092750426261,7.564137935638428,0.23283183574676514,0.2792870104312897,0.6437623500823975,3.9155778884887695,2.410233150840213e-07,0.0025468168314546347,3.393171521537397e-09,0.0,0.0,0.0,0.0
145,adam,0.03838029059190904,0.5055991218936059,0.8580456068438869,4.347661126044489,5.041361101766304e-07,0.0030534740221957045,3.5682358644878273e-09,0.0,0.0,0.0,0.0,7.86005013988864,7.511730670928955,0.23604367673397064,0.2769710123538971,0.6530658006668091,3.8340859413146973,2.3248860259172943e-07,0.0025457232259213924,3.3834721691050618e-09,0.0,0.0,0.0,0.0
146,adam,0.038256456414538044,0.503416319047251,0.8575058098762266,4.335992297818584,5.021977349242075e-07,0.0030362341297610154,3.459655150175609e-09,0.0,0.0,0.0,0.0,7.839534436502764,7.512934684753418,0.23367416858673096,0.27441370487213135,0.6459685564041138,3.8664565086364746,2.3612035704445589e-07,0.002535588340833783,3.309709839527386e-09,0.0,0.0,0.0,0.0
147,adam,0.03825443898958544,0.504063670673678,0.8595687862365476,4.351484598652009,5.15939405893791e-07,0.00301780951239409,3.4538232417427326e-09,0.0,0.0,0.0,0.0,7.857000504770586,7.410752296447754,0.23577255010604858,0.2733634412288666,0.6486948132514954,3.753915548324585,2.3398638404614758e-07,0.0025374367833137512,3.3345404215623375e-09,0.0,0.0,0.0,0.0
148,adam,0.03808428419213141,0.5029932731582273,0.8537672796557026,4.334802381453976,5.25697249860323e-07,0.0030240775536625616,3.3923663304981053e-09,0.0,0.0,0.0,0.0,7.826431182123,7.3765482902526855,0.23597632348537445,0.27191582322120667,0.6405614018440247,3.7435574531555176,2.3230643364513526e-07,0.002511635422706604,3.235092416176144e-09,0.0,0.0,0.0,0.0
149,adam,0.038187394219060096,0.5031633934667034,0.8541804859715123,4.325696014588879,5.353630469119619e-07,0.0030132080728728925,3.3700961089888983e-09,0.0,0.0,0.0,0.0,7.816215961210189,7.581923484802246,0.232822448015213,0.27233564853668213,0.645612895488739,3.9416306018829346,2.405498094049108e-07,0.0025270748883485794,3.1845155401555303e-09,0.0,0.0,0.0,0.0
150,adam,0.038058497612514806,0.5013448797887371,0.852587232666631,4.329057085898615,5.469237587549874e-07,0.0030309550704494597,3.331471958515962e-09,0.0,0.0,0.0,0.0,7.817115106890278,7.408378601074219,0.23594532907009125,0.26903146505355835,0.6483191847801208,3.761749267578125,2.2974103330852813e-07,0.00251390621997416,3.153660221855148e-09,0.0,0.0,0.0,0.0
151,adam,0.03800831518826946,0.5005050599575043,0.8516475442917116,4.3125325402905865,5.511601594046243e-07,0.0030102095446519314,3.275135410186364e-09,0.0,0.0,0.0,0.0,7.792080033210016,7.421424388885498,0.23409225046634674,0.26709067821502686,0.6412943601608276,3.798145294189453,2.325537167280345e-07,0.002522530034184456,3.231035439199559e-09,0.0,0.0,0.0,0.0
152,adam,0.03794543096615422,0.4990573852292953,0.8478408859622094,4.30756651970648,5.593913743400809e-07,0.0030410511629475703,3.29093919857184e-09,0.0,0.0,0.0,0.0,7.783236749710575,7.3684492111206055,0.23424328863620758,0.26655271649360657,0.6414675712585449,3.7486789226531982,2.360757775932143e-07,0.002514821710065007,3.1506190989460947e-09,0.0,0.0,0.0,0.0
153,adam,0.03797343673725282,0.4983162995307676,0.8449122271230144,4.314514175538094,5.794557039500374e-07,0.003045679625844763,3.2846434890983793e-09,0.0,0.0,0.0,0.0,7.784536192494054,7.374393463134766,0.2347530573606491,0.2648157775402069,0.6396677494049072,3.761265754699707,2.401970391474606e-07,0.0024967954959720373,3.207441423569435e-09,0.0,0.0,0.0,0.0
154,adam,0.03786106876307918,0.495969356067719,0.8460219771631302,4.307381845289661,6.023718440466778e-07,0.003018335506860768,3.2099430282276247e-09,0.0,0.0,0.0,0.0,7.769928163097751,7.3208231925964355,0.23618920147418976,0.2630196809768677,0.6420944333076477,3.6992592811584473,2.3402138538131112e-07,0.002502221381291747,3.064040576816751e-09,0.0,0.0,0.0,0.0
155,adam,0.037872872165133874,0.4986843139894547,0.8448978912445807,4.305251821394889,6.105291075278552e-07,0.0030095343583173327,3.1820513464319058e-09,0.0,0.0,0.0,0.0,7.7670989344196935,7.36648416519165,0.23429930210113525,0.26123884320259094,0.6408004760742188,3.753506898880005,2.4623741978757607e-07,0.002519796136766672,3.0053832755783105e-09,0.0,0.0,0.0,0.0
156,adam,0.037744052828319614,0.49695890084389716,0.8411964197312632,4.28912547326857,6.064121183983169e-07,0.0030447612516582012,3.1508108237183536e-09,0.0,0.0,0.0,0.0,7.747015445463119,7.33181619644165,0.23617511987686157,0.2601453959941864,0.6494577527046204,3.692315101623535,2.400897187726514e-07,0.0025336574763059616,2.982637470339e-09,0.0,0.0,0.0,0.0
157,adam,0.03771062495727693,0.4950702623013527,0.8394393747852694,4.296255703895323,6.350118907551317e-07,0.0030057367703486835,3.1513883832239514e-09,0.0,0.0,0.0,0.0,7.739862703507947,7.267993927001953,0.23679567873477936,0.2560121715068817,0.6423066854476929,3.6562318801879883,2.3161413764682948e-07,0.0024919176939874887,2.9524527267454914e-09,0.0,0.0,0.0,0.0
158,adam,0.03772255838398011,0.49472143188599615,0.8360633023323552,4.286853636464765,6.48208400331984e-07,0.003027668042529014,3.1155139256974685e-09,0.0,0.0,0.0,0.0,7.727216013016239,7.358151912689209,0.23319782316684723,0.2561096251010895,0.6368183493614197,3.769606590270996,2.504630174371414e-07,0.002499112393707037,2.9243587551519568e-09,0.0,0.0,0.0,0.0
159,adam,0.03773603540274405,0.49254569988096913,0.8360605047595117,4.282073082462434,6.5933049368581e-07,0.003043400409120706,3.105182054138452e-09,0.0,0.0,0.0,0.0,7.722767183857579,7.231027603149414,0.23666419088840485,0.2538575828075409,0.644105851650238,3.6157543659210205,2.4231300699284475e-07,0.002516119973734021,2.9038407234338592e-09,0.0,0.0,0.0,0.0
160,adam,0.03766417635544654,0.4918269832288065,0.8333691858476208,4.280224154072423,6.608097666479984e-07,0.0030353126461587607,3.0292647673445206e-09,0.0,0.0,0.0,0.0,7.712159864364132,7.209631443023682,0.23457638919353485,0.2530863881111145,0.6332958340644836,3.6319406032562256,2.4623423655611987e-07,0.002498041605576873,2.931006770623412e-09,0.0,0.0,0.0,0.0
161,adam,0.03762779336783194,0.4906221455143344,0.8326988181760234,4.272384135953842,6.716596625401214e-07,0.003002312620200457,2.989068999483383e-09,0.0,0.0,0.0,0.0,7.693770285575621,7.258448123931885,0.2361147552728653,0.25069668889045715,0.641525387763977,3.654567003250122,2.3832400586343283e-07,0.002512352541089058,2.8895315029586754e-09,0.0,0.0,0.0,0.0
162,adam,0.03757802216756728,0.4922696861528581,0.8270219891302047,4.271373748779297,6.926010292596813e-07,0.003022142625864475,2.936842525441864e-09,0.0,0.0,0.0,0.0,7.6869423158707155,7.304300785064697,0.23460298776626587,0.24924984574317932,0.6331176161766052,3.723813772201538,2.559031031523773e-07,0.0025157600175589323,2.887400762929815e-09,0.0,0.0,0.0,0.0
163,adam,0.037515016332749396,0.4897399073646915,0.8299558066552685,4.2690181501450075,7.085171737050968e-07,0.003018340426346948,2.960488735879604e-09,0.0,0.0,0.0,0.0,7.686172346914968,7.317774295806885,0.23488113284111023,0.2480485737323761,0.6428734064102173,3.7123782634735107,2.561861833783041e-07,0.0025399448350071907,2.7729412099830597e-09,0.0,0.0,0.0,0.0
164,adam,0.03747777544683026,0.48770410110873563,0.8255110613761409,4.252007599799864,7.316348512264789e-07,0.0030378700729699866,2.9192713479539357e-09,0.0,0.0,0.0,0.0,7.660346338825841,7.213934421539307,0.23454640805721283,0.24578572809696198,0.6342414021492004,3.6366465091705322,2.6047396772810316e-07,0.002531582023948431,2.7508058053626883e-09,0.0,0.0,0.0,0.0
165,adam,0.03749200305150401,0.487674948669249,0.8213081590590938,4.243469376717845,7.433702263927356e-07,0.0030223263893276453,2.8905438043125287e-09,0.0,0.0,0.0,0.0,7.6393403853139565,7.20211935043335,0.23334120213985443,0.24323779344558716,0.6296406984329224,3.6471874713897705,2.645800236678042e-07,0.0025145893450826406,2.7209416941786913e-09,0.0,0.0,0.0,0.0
166,adam,0.03744983925454078,0.4841289279922362,0.8207267753539547,4.235592742120066,7.64679582736731e-07,0.003037295244153469,2.8499024645565985e-09,0.0,0.0,0.0,0.0,7.628192117137294,7.1324591636657715,0.235033318400383,0.24117355048656464,0.6334060430526733,3.561445713043213,2.7069162911175226e-07,0.002543409587815404,2.718643754562322e-09,0.0,0.0,0.0,0.0
167,adam,0.03744140387542786,0.4840460131245275,0.8208921263294835,4.251471511779293,7.883054092505312e-07,0.0030857796044719797,2.8302387745255023e-09,0.0,0.0,0.0,0.0,7.655315199205952,7.012526988983154,0.23429197072982788,0.2403271496295929,0.6189712882041931,3.487133264541626,2.703971802020533e-07,0.002510723425075412,2.6805118125139415e-09,0.0,0.0,0.0,0.0
168,adam,0.037480465827449676,0.4829586378989681,0.8179914566778368,4.249212295778336,7.912737377439278e-07,0.003029590592749657,2.8069655345594737e-09,0.0,0.0,0.0,0.0,7.6337123532449045,7.017385959625244,0.23328913748264313,0.23764000833034515,0.6229771375656128,3.4913506507873535,2.76499122264795e-07,0.002514420310035348,2.7339968067252585e-09,0.0,0.0,0.0,0.0
169,adam,0.03728875397674499,0.47961518072312875,0.8157869288998265,4.227246861304006,8.117692870303384e-07,0.003038662763672971,2.793867230755884e-09,0.0,0.0,0.0,0.0,7.602651949851744,7.137810707092285,0.23491953313350677,0.23589780926704407,0.627734363079071,3.5851798057556152,2.7873332442140963e-07,0.0025429311208426952,2.612222216313853e-09,0.0,0.0,0.0,0.0
170,adam,0.037360520132126346,0.4802529936836612,0.8122966501020616,4.221263439424576,8.226960718979348e-07,0.003034889855752549,2.711553583817898e-09,0.0,0.0,0.0,0.0,7.58948790642523,7.082006454467773,0.2342468798160553,0.2350694090127945,0.6252853274345398,3.5426535606384277,2.865212991309818e-07,0.0025354984682053328,2.5865365405053353e-09,0.0,0.0,0.0,0.0
171,adam,0.03725580895139325,0.47960623906504724,0.8116635526380231,4.216717843086489,8.344847460208374e-07,0.0030458155388553296,2.7191639262816402e-09,0.0,0.0,0.0,0.0,7.5843354809668755,7.168087005615234,0.23221786320209503,0.2341233342885971,0.6245356798171997,3.6323487758636475,3.024210855073761e-07,0.0025615417398512363,2.572314805604492e-09,0.0,0.0,0.0,0.0
172,adam,0.03725243876537969,0.4777199001081528,0.8059772118445365,4.205688045870874,8.667791389011508e-07,0.003037308838458792,2.681529707959293e-09,0.0,0.0,0.0,0.0,7.5565864040005595,6.949544906616211,0.23312968015670776,0.23166640102863312,0.6176549196243286,3.4352288246154785,3.1463375194107357e-07,0.0025648295413702726,2.567110968243469e-09,0.0,0.0,0.0,0.0
173,adam,0.03728510018798613,0.4764979164446554,0.803613385846538,4.207963251298474,8.762728370012125e-07,0.003040333661521154,2.6667106873966597e-09,0.0,0.0,0.0,0.0,7.553227809167677,7.038117408752441,0.23121364414691925,0.2305843085050583,0.6119058728218079,3.539379358291626,3.183365322456666e-07,0.0025787740014493465,2.5223416688646694e-09,0.0,0.0,0.0,0.0
174,adam,0.03721195651638892,0.474972810476057,0.803350035221346,4.1813293580086,9.06178438380002e-07,0.0030798996167798196,2.667673530105448e-09,0.0,0.0,0.0,0.0,7.530829967990998,6.976016998291016,0.23388078808784485,0.22983238101005554,0.6219140887260437,3.443256378173828,3.275040398875717e-07,0.0026008288841694593,2.490983419534132e-09,0.0,0.0,0.0,0.0
175,adam,0.03727346286177635,0.4749448645499445,0.8015146466993517,4.193095368723715,9.223093317608977e-07,0.003068929748429406,2.60878561763797e-09,0.0,0.0,0.0,0.0,7.537257640592514,6.912127494812012,0.23239636421203613,0.22796738147735596,0.6092445850372314,3.4206933975219727,3.4003471682808595e-07,0.0025839894078671932,2.4553530320048367e-09,0.0,0.0,0.0,0.0
176,adam,0.03709832098214857,0.4726038873195648,0.7972968143801535,4.1800651857929845,9.403104194637806e-07,0.003082019239363651,2.5629182360605243e-09,0.0,0.0,0.0,0.0,7.51358732100456,6.937885284423828,0.23254603147506714,0.22738566994667053,0.6138158440589905,3.4310410022735596,3.525947533944418e-07,0.0026090878527611494,2.4270829790395965e-09,0.0,0.0,0.0,0.0
177,adam,0.03714504201085337,0.47123779885230527,0.79398303070376,4.169564408640707,9.760685972445748e-07,0.0030780441593378782,2.6053766527713062e-09,0.0,0.0,0.0,0.0,7.493268412928427,6.9031081199646,0.23222091794013977,0.22601228952407837,0.6048711538314819,3.4228620529174805,3.603838081289723e-07,0.002590307267382741,2.4258566266865955e-09,0.0,0.0,0.0,0.0
178,adam,0.037126917632356767,0.470962215815821,0.7906279794631466,4.166273109374508,9.94644280229207e-07,0.003074751979100608,2.5418263622932793e-09,0.0,0.0,0.0,0.0,7.4816445535229095,6.927218914031982,0.2311631590127945,0.2256249338388443,0.6074393391609192,3.4422690868377686,3.8319805639730475e-07,0.0026110743638128042,2.3976745033849056e-09,0.0,0.0,0.0,0.0
179,adam,0.03708487616912011,0.4720556014968503,0.7886630911980906,4.148437853782408,1.0101479339878537e-06,0.0031001579331895036,2.4913122102921923e-09,0.0,0.0,0.0,0.0,7.465476912836874,6.888394832611084,0.23117667436599731,0.2254878431558609,0.6066544055938721,3.4041402339935303,3.9660832840127114e-07,0.0026244372129440308,2.371893126351665e-09,0.0,0.0,0.0,0.0
180,adam,0.03708718536842254,0.4691022269187435,0.7848307163484635,4.138312716637889,1.0428858375587057e-06,0.003066704999054632,2.4744491043984527e-09,0.0,0.0,0.0,0.0,7.4358878289499595,6.89682674407959,0.232147216796875,0.22344054281711578,0.6110005378723145,3.402430534362793,4.0409909729532956e-07,0.0026186031755059958,2.368173657174566e-09,0.0,0.0,0.0,0.0
181,adam,0.03704917514997144,0.469580925280048,0.7856918938698307,4.134831305473082,1.0819783732762106e-06,0.003110240393828961,2.44902647265675e-09,0.0,0.0,0.0,0.0,7.443738260576802,6.891096115112305,0.22955527901649475,0.22284859418869019,0.6046933531761169,3.423637628555298,4.147038055180019e-07,0.0026163316797465086,2.304490820392857e-09,0.0,0.0,0.0,0.0
182,adam,0.036988033282179984,0.4673427939414978,0.7818611321910736,4.110561401613297,1.0846472524727071e-06,0.0030979783229169344,2.4739576767113785e-09,0.0,0.0,0.0,0.0,7.404449755145658,6.746476173400879,0.23026978969573975,0.22116580605506897,0.5997461080551147,3.294248580932617,4.219012339490291e-07,0.00261483620852232,2.2849622194343056e-09,0.0,0.0,0.0,0.0
183,adam,0.03697335876284107,0.46725097875441274,0.7765251398086548,4.110006786161853,1.1320636193915795e-06,0.0031062722311265044,2.395293569225399e-09,0.0,0.0,0.0,0.0,7.3942688972719255,6.7216477394104,0.2315034568309784,0.22054459154605865,0.5988770723342896,3.2710723876953125,4.2999795368814375e-07,0.002594399033114314,2.250028607875265e-09,0.0,0.0,0.0,0.0
184,adam,0.036958942009556676,0.4645716644102527,0.7735946043845146,4.10255237548582,1.1605752807818428e-06,0.0030914142863043854,2.3558611907159934e-09,0.0,0.0,0.0,0.0,7.373587085354712,6.643435955047607,0.23030930757522583,0.2187943458557129,0.5949298739433289,3.2151217460632324,4.5026826001048903e-07,0.0025808364152908325,2.22651252990147e-09,0.0,0.0,0.0,0.0
185,adam,0.03688949550832472,0.46495299473885565,0.773069848937373,4.104954757998066,1.1922171772253463e-06,0.0031118011477613643,2.343269148611633e-09,0.0,0.0,0.0,0.0,7.379481930886546,6.694002151489258,0.2319580465555191,0.217667818069458,0.6004917621612549,3.2460274696350098,4.5705510842708463e-07,0.0025783763267099857,2.2452772974190793e-09,0.0,0.0,0.0,0.0
186,adam,0.03674254145833754,0.4631874801651124,0.7670602471597733,4.067455391730031,1.2351375230977166e-06,0.003110018904290853,2.338013639322225e-09,0.0,0.0,0.0,0.0,7.324192062500985,6.687839508056641,0.22936086356639862,0.21606691181659698,0.598463237285614,3.2566399574279785,4.751939570724062e-07,0.0025904325302690268,2.185807979060428e-09,0.0,0.0,0.0,0.0
187,adam,0.03669691061781299,0.46151441431814627,0.7703173718144817,4.064362895104193,1.2585756012999956e-06,0.003093537656710513,2.311651257510646e-09,0.0,0.0,0.0,0.0,7.321849976816485,6.690310001373291,0.22731523215770721,0.2144821584224701,0.5955591797828674,3.281278371810913,4.968574103259016e-07,0.0025690668262541294,2.2200870031241493e-09,0.0,0.0,0.0,0.0
188,adam,0.03657516656864074,0.46080928175680097,0.7651035458810868,4.044558402030699,1.306050161210512e-06,0.003148267804194362,2.3151560023920534e-09,0.0,0.0,0.0,0.0,7.300280617129419,6.708151817321777,0.2286074310541153,0.21292708814144135,0.5950064063072205,3.29852294921875,5.001269869353564e-07,0.0025515451561659575,2.1671044958537777e-09,0.0,0.0,0.0,0.0
189,adam,0.0364367361030271,0.457449266026097,0.7604185535061744,4.037128586922923,1.345568765857259e-06,0.0031305262593612554,2.2389062933363618e-09,0.0,0.0,0.0,0.0,7.273802172753118,6.5438995361328125,0.2289084494113922,0.21037524938583374,0.5905237197875977,3.1529836654663086,5.115860517435067e-07,0.0025480967015028,2.2517185893633496e-09,0.0,0.0,0.0,0.0
190,adam,0.03637777521244941,0.45732503264181074,0.7570403006768995,4.029981805432227,1.374895624218381e-06,0.003166035095590257,2.235212774727122e-09,0.0,0.0,0.0,0.0,7.266327258079283,6.582878112792969,0.22957560420036316,0.20953010022640228,0.5909023284912109,3.1913318634033203,5.23475137015339e-07,0.002527786884456873,2.081596006675568e-09,0.0,0.0,0.0,0.0
191,adam,0.036319493766753905,0.45572509015760115,0.7585266790082378,4.025489722528765,1.3991981991385992e-06,0.0031355518637405286,2.1950893862444607e-09,0.0,0.0,0.0,0.0,7.25586623530234,6.652848720550537,0.22827789187431335,0.20819887518882751,0.5929311513900757,3.2627077102661133,5.334446200322418e-07,0.0025253822095692158,2.07020089959542e-09,0.0,0.0,0.0,0.0
192,adam,0.036078145787600546,0.45359774366501837,0.7524323309621503,4.016262777390018,1.4634312404474082e-06,0.0031502196835654396,2.1553720242287277e-09,0.0,0.0,0.0,0.0,7.232529501761159,6.570368766784668,0.22749300301074982,0.20625385642051697,0.5887477397918701,3.2026209831237793,5.437997856461152e-07,0.002505645854398608,2.088123673971154e-09,0.0,0.0,0.0,0.0
193,adam,0.03605255785007631,0.4518935074729304,0.7516840734789448,3.9925840054788897,1.5057799102226367e-06,0.0031321198724570776,2.153498483479662e-09,0.0,0.0,0.0,0.0,7.199971798927553,6.455079555511475,0.22990092635154724,0.20388281345367432,0.5866266489028931,3.092345714569092,5.514185090760293e-07,0.002483014715835452,2.0149915069822555e-09,0.0,0.0,0.0,0.0
194,adam,0.03592842300572703,0.45178020961823,0.7485625320865262,3.9878515120475524,1.5146819600152911e-06,0.003160110134030542,2.1304567071074455e-09,0.0,0.0,0.0,0.0,7.193635063786661,6.45809268951416,0.2269158512353897,0.20322741568088531,0.5860900282859802,3.1144967079162598,5.804075158266642e-07,0.002470332896336913,2.0114245824487398e-09,0.0,0.0,0.0,0.0
195,adam,0.035856073421816674,0.4498415252854747,0.7476144029248145,3.987660769493349,1.5533202361351165e-06,0.003123902535486606,2.1326925888381026e-09,0.0,0.0,0.0,0.0,7.18084664498606,6.345633506774902,0.2262808382511139,0.20132263004779816,0.5812080502510071,3.029160737991333,5.878196134290192e-07,0.002436874434351921,1.971367735720264e-09,0.0,0.0,0.0,0.0
196,adam,0.03578092758694003,0.44741824461567786,0.7444368639299946,3.9722230434417725,1.631110018435368e-06,0.0031937530354386374,2.0902895256985094e-09,0.0,0.0,0.0,0.0,7.169322152291575,6.409473896026611,0.22647728025913239,0.2002461850643158,0.5826717019081116,3.0870063304901123,5.873764052921615e-07,0.0024397687520831823,1.9475216994635502e-09,0.0,0.0,0.0,0.0
197,adam,0.03560459878175489,0.44536452524123654,0.7405668535540181,3.950655183484477,1.6615575319637203e-06,0.003125460082364659,2.058824533796201e-09,0.0,0.0,0.0,0.0,7.120525421634797,6.288235187530518,0.22980457544326782,0.19767367839813232,0.5833827257156372,2.9554970264434814,5.912622782489052e-07,0.002444599522277713,1.9422963237758495e-09,0.0,0.0,0.0,0.0
198,adam,0.035546664629251726,0.44603974203909597,0.7388547755056812,3.9273816308667584,1.6915547832703e-06,0.003174630384291372,2.045184473388876e-09,0.0,0.0,0.0,0.0,7.10361663756832,6.385617733001709,0.22467286884784698,0.1985713392496109,0.5830937623977661,3.0807695388793945,6.56044733204908e-07,0.0024084195028990507,1.900675616894887e-09,0.0,0.0,0.0,0.0
199,adam,0.03544852468034913,0.44524450840488555,0.7374187669446391,3.926270869470412,1.7515661482086156e-06,0.003163276022420295,2.038979655367486e-09,0.0,0.0,0.0,0.0,7.095495393199306,6.312292098999023,0.22812366485595703,0.19595204293727875,0.5809829831123352,3.00243878364563,6.471655069617555e-07,0.0024018671829253435,1.8986321403957618e-09,0.0,0.0,0.0,0.0
200,adam,0.035126414750852895,0.4433915470877001,0.7325693695775924,3.9015431557932208,1.8081396965205766e-06,0.0032091722072612855,2.2087816128084852e-09,0.0,0.0,0.0,0.0,7.463293444725775,7.683637619018555,0.22557421028614044,0.1951722353696823,0.5804491639137268,2.994317054748535,7.039994898150326e-07,0.002400070894509554,1.9113304272622145e-09,0.0,0.0,0.0,0.0
201,adam,0.03472137463188941,0.44026092560060565,0.727831688619429,3.8884585980446107,1.8809141436342483e-06,0.0032000335519232095,2.3292447075049948e-09,0.0,0.0,0.0,0.0,7.427921510511829,7.660625457763672,0.22712606191635132,0.1941646784543991,0.57830810546875,2.96484112739563,7.457234119101486e-07,0.002388045657426119,2.8638014182291727e-09,0.0,0.0,0.0,0.0
202,adam,0.03442316033667134,0.43914435275139346,0.727206826210022,3.8738194819419616,1.9467373447461736e-06,0.0032351829802557347,2.3429547549392467e-09,0.0,0.0,0.0,0.0,7.4139901438067035,7.601609706878662,0.22641152143478394,0.1935548037290573,0.5787798762321472,2.920741081237793,7.885116701800143e-07,0.002361863385885954,1.8527707146276384e-09,0.0,0.0,0.0,0.0
203,adam,0.03425712288627701,0.43871511086340875,0.7240539539244867,3.862044742030482,2.0220113693510705e-06,0.0032153113279491663,1.9378240052030226e-09,0.0,0.0,0.0,0.0,7.387771560299781,7.598316669464111,0.2254888415336609,0.19283901154994965,0.5798143148422241,2.9318645000457764,8.231436368077993e-07,0.00233223638497293,1.786044756535432e-09,0.0,0.0,0.0,0.0
204,adam,0.034050923742113576,0.4361096783991783,0.7208693008269033,3.8622489052434124,2.0671067608007786e-06,0.0032216288269527496,3.1249262818965732e-09,0.0,0.0,0.0,0.0,7.376043088974491,7.5722174644470215,0.2250133752822876,0.19137851893901825,0.5797743797302246,2.918900966644287,8.728970328775176e-07,0.0023074366617947817,8.842854448687376e-09,0.0,0.0,0.0,0.0
205,adam,0.03380780024153571,0.43696747768309807,0.7215970197031575,3.839485260748094,2.111491495827889e-06,0.0032096628790661214,3.315523565372211e-09,0.0,0.0,0.0,0.0,7.350063954630206,7.556341171264648,0.22613993287086487,0.19049258530139923,0.5797781944274902,2.891836166381836,9.233280025000568e-07,0.0023142423015087843,2.2480257655388414e-09,0.0,0.0,0.0,0.0
206,adam,0.0337910282635881,0.4343267410032211,0.7183403891901816,3.8274269488550003,2.2067741581615278e-06,0.003212884992300983,1.990039666746691e-08,0.0,0.0,0.0,0.0,7.326729774475098,7.452848434448242,0.22460465133190155,0.18987983465194702,0.5784146189689636,2.817640781402588,9.617384648663574e-07,0.002287871204316616,3.668231229880803e-08,0.0,0.0,0.0,0.0
207,adam,0.03357963762696712,0.4344067535092754,0.7145112752914429,3.810048795515491,2.2277246766715243e-06,0.003237446987881295,1.0928053974279897e-08,0.0,0.0,0.0,0.0,7.302862551904494,7.460574626922607,0.2224532514810562,0.18937145173549652,0.5794687271118164,2.847306489944458,1.047688215294329e-06,0.0022794257383793592,2.3783006675159868e-09,0.0,0.0,0.0,0.0
208,adam,0.033398259190782424,0.43313167364366595,0.7131445850095441,3.796593273839643,2.312941682424524e-06,0.003223203813597079,3.0628596970500202e-09,0.0,0.0,0.0,0.0,7.278874151168331,7.4294819831848145,0.2230924367904663,0.1881575584411621,0.5790891647338867,2.811192035675049,1.1248748705838807e-06,0.0022899466566741467,2.968590040453023e-09,0.0,0.0,0.0,0.0
209,adam,0.0332665526338162,0.4325324296951294,0.7134000428261296,3.7724667979824926,2.378644137112837e-06,0.003232795624963699,4.784007763413181e-09,0.0,0.0,0.0,0.0,7.254136485438193,7.339212894439697,0.22325094044208527,0.18701724708080292,0.578230082988739,2.7358169555664062,1.127571295000962e-06,0.002244257368147373,1.0710943243452675e-08,0.0,0.0,0.0,0.0
210,adam,0.03313994810225502,0.4323752580150481,0.7123951623516698,3.757731999120405,2.4501722134206626e-06,0.0032561288230241307,1.2328372516405337e-08,0.0,0.0,0.0,0.0,7.2399017118638564,7.362491130828857,0.22180819511413574,0.18720020353794098,0.5807147026062012,2.7671937942504883,1.2203305459479452e-06,0.002244402188807726,4.828971889025979e-09,0.0,0.0,0.0,0.0
211,adam,0.0329647091848235,0.4313878378560466,0.7067993129453352,3.7361194702886764,2.518416053017943e-06,0.0032217376790339906,5.447800336292581e-09,0.0,0.0,0.0,0.0,7.193751058270855,7.301228046417236,0.2212502509355545,0.18618465960025787,0.579344630241394,2.7155697345733643,1.3053922884864733e-06,0.0022589522413909435,1.2656712122804947e-08,0.0,0.0,0.0,0.0
212,adam,0.03285027397496085,0.4313460655750767,0.7062909583891591,3.7204604917956936,2.5904462437474942e-06,0.0032546853781827995,8.478439609880692e-09,0.0,0.0,0.0,0.0,7.182063056576636,7.335652828216553,0.21840710937976837,0.18748627603054047,0.5839902758598328,2.776219367980957,1.3539222436520504e-06,0.002208313439041376,6.215396641806592e-09,0.0,0.0,0.0,0.0
213,adam,0.03268505086100871,0.43085619999516395,0.7041361293485088,3.6971271576419955,2.647043116197775e-06,0.0032524417845472215,5.609410079801267e-09,0.0,0.0,0.0,0.0,7.149813805857012,7.258849143981934,0.2209034264087677,0.18430928885936737,0.580336332321167,2.682846784591675,1.4266814787333715e-06,0.0022393041290342808,1.3316077129843507e-08,0.0,0.0,0.0,0.0
214,adam,0.03259394510138419,0.42959131636927206,0.7044431432600944,3.6840762092221166,2.7190072071994844e-06,0.003262856682281821,6.070239490274878e-09,0.0,0.0,0.0,0.0,7.136403775984241,7.328388690948486,0.21789142489433289,0.18525436520576477,0.5853965878486633,2.760957956314087,1.5471404140043887e-06,0.0022736992686986923,3.104315693391868e-09,0.0,0.0,0.0,0.0
215,adam,0.03241432434128177,0.4279836252812416,0.6998551362945188,3.6602553321469213,2.779982123097251e-06,0.0032637363765388727,2.4866455350022653e-08,0.0,0.0,0.0,0.0,7.096933364868164,7.250875473022461,0.216783806681633,0.18548555672168732,0.5850620269775391,2.706777334213257,1.6309636521327775e-06,0.0022330174688249826,1.1496103624608622e-08,0.0,0.0,0.0,0.0
216,adam,0.03236376764553209,0.4275755699603788,0.6987261003063571,3.6550686897770053,2.8130114793795303e-06,0.0032563632534396265,3.995308241950251e-09,0.0,0.0,0.0,0.0,7.086209450998614,7.223879337310791,0.21693572402000427,0.1845133751630783,0.584373950958252,2.686875104904175,1.678951093708747e-06,0.002210095291957259,1.4939234294075732e-09,0.0,0.0,0.0,0.0
217,adam,0.032176908406038436,0.42638333574418097,0.6971402014455488,3.633241484242101,2.95176966808926e-06,0.003269369916750058,3.314727274023939e-09,0.0,0.0,0.0,0.0,7.05891732246645,7.171929836273193,0.2166195958852768,0.18249982595443726,0.5846375226974487,2.6423146724700928,1.738304035825422e-06,0.0022106643300503492,1.3180975200199896e-09,0.0,0.0,0.0,0.0
218,adam,0.032065235138420134,0.4260028100782825,0.6997104979330494,3.6137491118523384,2.9868970819558356e-06,0.003298590996212536,1.0008669989566038e-08,0.0,0.0,0.0,0.0,7.049108705212993,7.141119956970215,0.2177494913339615,0.18101409077644348,0.5814489722251892,2.616204023361206,1.7433796983823413e-06,0.0021816436201334,1.419137918290403e-09,0.0,0.0,0.0,0.0
219,adam,0.03196613430496185,0.4248347224727754,0.6945054790666026,3.607409838707216,3.039279392631274e-06,0.003300169325103202,1.6974357403536223e-09,0.0,0.0,0.0,0.0,7.028058698100429,7.086374759674072,0.21468950808048248,0.18152490258216858,0.582878828048706,2.592005491256714,1.8995337995875161e-06,0.0021781742107123137,1.3778491680938032e-09,0.0,0.0,0.0,0.0
220,adam,0.03180171975926045,0.42478751559411326,0.6935354932661979,3.574558050401749,3.157802915842284e-06,0.0032758344670817735,2.1341744493505365e-08,0.0,0.0,0.0,0.0,6.984558613069596,7.0516204833984375,0.21463529765605927,0.18055573105812073,0.5833284854888916,2.5642929077148438,1.9353874449734576e-06,0.0021550473757088184,1.6825618676108434e-09,0.0,0.0,0.0,0.0
221,adam,0.031704409528643854,0.42314672277819726,0.6908155372065883,3.570117158274497,3.2338590142077715e-06,0.0032865720680884778,5.89680829971913e-09,0.0,0.0,0.0,0.0,6.9725675736704185,7.091009616851807,0.21316342055797577,0.18053360283374786,0.587110698223114,2.6022300720214844,2.0659963411162607e-06,0.0021871270146220922,5.0608410795405234e-09,0.0,0.0,0.0,0.0
222,adam,0.03160461903579773,0.4207148417349785,0.6903269983107044,3.546308163673647,3.2718820905081944e-06,0.0032677453747319597,4.4685189419658675e-09,0.0,0.0,0.0,0.0,6.93805593059909,7.030486583709717,0.21235992014408112,0.17904064059257507,0.5865044593811035,2.555873394012451,2.1516461856663227e-06,0.002186772646382451,1.2705906327070693e-09,0.0,0.0,0.0,0.0
223,adam,0.03139392989537408,0.4197905284743155,0.6884538838940282,3.525888112283522,3.377496333937855e-06,0.0032724301375809217,4.1536964656338405e-09,0.0,0.0,0.0,0.0,6.909892420614919,7.043088436126709,0.21116818487644196,0.1792147010564804,0.5891037583351135,2.572871446609497,2.258045014968957e-06,0.0021932062227278948,7.823221181979534e-09,0.0,0.0,0.0,0.0
224,adam,0.03132070330602507,0.42122700810432434,0.6895613285803026,3.5149713177834787,3.4633344218872803e-06,0.0033218670230839523,7.3534750152836456e-09,0.0,0.0,0.0,0.0,6.9129870014805945,7.034663677215576,0.21115648746490479,0.1781996786594391,0.5892986059188843,2.5625641345977783,2.3542161216028035e-06,0.0022090713027864695,1.1986106551731268e-09,0.0,0.0,0.0,0.0
225,adam,0.031193358342974417,0.41949520957085396,0.6861741965816867,3.49132429399798,3.5289718183658776e-06,0.003309820778667927,1.2445844731156705e-08,0.0,0.0,0.0,0.0,6.8740907176848385,6.951170444488525,0.21195901930332184,0.17582863569259644,0.5859972238540649,2.4831156730651855,2.4134192244673613e-06,0.0022169481962919235,4.918313756263615e-09,0.0,0.0,0.0,0.0
226,adam,0.031120674924985055,0.4160159259073196,0.6824123993996651,3.4816045068925425,3.589765737483357e-06,0.0032982931682659735,8.03412692646123e-09,0.0,0.0,0.0,0.0,6.84704440639865,6.963132858276367,0.2090979963541031,0.17674854397773743,0.5892156958580017,2.520650863647461,2.527554670450627e-06,0.002192622981965542,1.2277228123025452e-09,0.0,0.0,0.0,0.0
227,adam,0.031081467987068238,0.4150849138536761,0.6820130098250604,3.469759818046324,3.638146520848574e-06,0.003287758850943177,1.8176249358672275e-09,0.0,0.0,0.0,0.0,6.829779947957685,7.017513751983643,0.20653501152992249,0.17760376632213593,0.5988051295280457,2.5688157081604004,2.687556843739003e-06,0.002230898942798376,5.760800281251477e-09,0.0,0.0,0.0,0.0
228,adam,0.030805625862652255,0.4140662512471599,0.6799212828759225,3.439889592509116,3.749756769461636e-06,0.0033280338731504254,1.4723833757958372e-08,0.0,0.0,0.0,0.0,6.7980728303232505,6.941551685333252,0.2075144350528717,0.1757073551416397,0.5938518643379211,2.5044302940368652,2.7269229576631915e-06,0.0022066165693104267,1.7402453922343852e-09,0.0,0.0,0.0,0.0
229,adam,0.030792878880616156,0.41478099649952305,0.6801330062650865,3.43517917202365,3.872417584071011e-06,0.00335278456670142,3.7218315060696324e-09,0.0,0.0,0.0,0.0,6.799888641603531,6.901519298553467,0.20783573389053345,0.17292124032974243,0.5920021533966064,2.4634268283843994,2.8597110031114426e-06,0.002241364913061261,1.0873093536645229e-09,0.0,0.0,0.0,0.0
230,adam,0.030652950788217205,0.4112977481657459,0.6761529695603156,3.4151837056682957,3.897925045103259e-06,0.0033000935875480216,1.732203968793277e-08,0.0,0.0,0.0,0.0,6.752053952986194,6.874220371246338,0.20535936951637268,0.1738055944442749,0.595024585723877,2.460115909576416,2.964400209748419e-06,0.002215537941083312,7.6764141709873e-09,0.0,0.0,0.0,0.0
231,adam,0.030567063379191583,0.4101125030748306,0.6752880792463979,3.406804661596975,4.017962620280507e-06,0.0032917216209874998,4.443685885207981e-09,0.0,0.0,0.0,0.0,6.7369443062813055,6.87506103515625,0.2060428261756897,0.17262890934944153,0.5962822437286377,2.444854736328125,3.066619683522731e-06,0.0022533920127898455,6.79826195337796e-09,0.0,0.0,0.0,0.0
232,adam,0.030445372805960717,0.40769281118146833,0.6797270063431032,3.3872193136522846,4.124553983743798e-06,0.0033848052994618493,3.4711173004009856e-09,0.0,0.0,0.0,0.0,6.742092117186515,6.91481876373291,0.2030763179063797,0.1737489551305771,0.6039780974388123,2.4949026107788086,3.2022969662648393e-06,0.002253350568935275,4.71224481657373e-09,0.0,0.0,0.0,0.0
233,adam,0.03035031229017242,0.40815357142879116,0.6753564227011896,3.3771871751354587,4.169721412308131e-06,0.003321801162054462,3.5038643312943917e-09,0.0,0.0,0.0,0.0,6.707626019754717,6.867002964019775,0.20345047116279602,0.1717301309108734,0.6020076870918274,2.458789825439453,3.2712864594941493e-06,0.002221775706857443,4.312571189046821e-09,0.0,0.0,0.0,0.0
234,adam,0.030247876600873087,0.4062216080004169,0.6712061109081391,3.3488647322500906,4.318632759790372e-06,0.003379063665746681,2.807701582699474e-08,0.0,0.0,0.0,0.0,6.676982125928325,6.85169792175293,0.2017761766910553,0.17150218784809113,0.6026119589805603,2.4553847312927246,3.4467250316083664e-06,0.002245489042252302,4.546251730630502e-08,0.0,0.0,0.0,0.0
235,adam,0.03017565265538231,0.40460433210096053,0.6701937721621606,3.3396659666492092,4.323305010104612e-06,0.003321230096081572,1.235021953164165e-08,0.0,0.0,0.0,0.0,6.6495494688710854,6.797000885009766,0.20087212324142456,0.1711277961730957,0.6031383275985718,2.4150149822235107,3.5385176033742027e-06,0.0022286109160631895,6.195123081198517e-09,0.0,0.0,0.0,0.0
236,adam,0.030119646821291216,0.4054892880301322,0.6701131155413966,3.3401275142546623,4.51538587566897e-06,0.0033347664040423207,2.291361183230421e-09,0.0,0.0,0.0,0.0,6.653469931694769,6.8281049728393555,0.19901543855667114,0.17154325544834137,0.6093873381614685,2.439866065979004,3.7061986404296476e-06,0.0022752771619707346,9.522165278497141e-10,0.0,0.0,0.0,0.0
237,adam,0.029975214131897496,0.40232951314218585,0.6688583531687337,3.314642498570104,4.525049535591426e-06,0.0033491066611942744,1.1057973390007286e-09,0.0,0.0,0.0,0.0,6.621030099930302,6.73051118850708,0.199679896235466,0.1697934865951538,0.6044719219207764,2.3622097969055176,3.7124011669220636e-06,0.0022290823981165886,1.434752316953336e-09,0.0,0.0,0.0,0.0
238,adam,0.029847727247303533,0.4011954992048202,0.668122987593374,3.2934087937878025,4.66957239510638e-06,0.00336173425368484,1.2422923174031232e-09,0.0,0.0,0.0,0.0,6.5969702812933155,6.70922327041626,0.19880729913711548,0.16841647028923035,0.606487512588501,2.346013307571411,3.891165306413313e-06,0.002239309484139085,2.9930034006753203e-09,0.0,0.0,0.0,0.0
239,adam,0.029759902507066727,0.39965292522984164,0.6655342694251768,3.2927982038067234,4.769674638561311e-06,0.0033624715607372983,1.4807023771975621e-08,0.0,0.0,0.0,0.0,6.5873834548457975,6.675593852996826,0.19787894189357758,0.16759710013866425,0.6052663326263428,2.3272531032562256,4.023875135317212e-06,0.0022386121563613415,6.648788630769786e-09,0.0,0.0,0.0,0.0
240,adam,0.02958062495435438,0.3983959469103044,0.663265464767333,3.274580378686228,4.904357630889976e-06,0.003372470773155651,5.6822160632655305e-09,0.0,0.0,0.0,0.0,6.561609791171167,6.675266742706299,0.1945856511592865,0.16915147006511688,0.6112070679664612,2.344343900680542,4.243656348990044e-06,0.0022441374603658915,9.265669342894967e-10,0.0,0.0,0.0,0.0
241,adam,0.02955037872156789,0.39560517572587534,0.6659916437441303,3.26469071449772,4.980203738664239e-06,0.003355058863939297,3.589652550117067e-09,0.0,0.0,0.0,0.0,6.549609645720451,6.642425537109375,0.19375517964363098,0.16752715408802032,0.6123702526092529,2.320329189300537,4.361395440355409e-06,0.0022473279386758804,8.56884430078253e-09,0.0,0.0,0.0,0.0
242,adam,0.029410942607829647,0.39745125462931974,0.6642924681786568,3.246258674129363,5.075144218285606e-06,0.0033852893693913375,5.561701185618334e-09,0.0,0.0,0.0,0.0,6.534116006666614,6.665307521820068,0.1924285888671875,0.16757847368717194,0.6169897317886353,2.337907075881958,4.581313987728208e-06,0.0022844106424599886,2.706035617805469e-09,0.0,0.0,0.0,0.0
243,adam,0.029207724236672925,0.394092281018534,0.6618761804796034,3.232102278740175,5.209219536130061e-06,0.0033873681564845384,1.034902714958455e-08,0.0,0.0,0.0,0.0,6.5072822263163905,6.64272928237915,0.19131749868392944,0.16691243648529053,0.6169565916061401,2.3259663581848145,4.759905095852446e-06,0.0022972943261265755,2.814692834363086e-08,0.0,0.0,0.0,0.0
244,adam,0.02916654541848167,0.3924293768021368,0.6592165616250807,3.2145737524955504,5.300421889842255e-06,0.0033736255755948442,5.157688373166074e-09,0.0,0.0,0.0,0.0,6.477115138884513,6.636537075042725,0.19088630378246307,0.1647544503211975,0.6206262707710266,2.325486660003662,4.817657099920325e-06,0.002266982337459922,1.6156039839287928e-09,0.0,0.0,0.0,0.0
245,adam,0.029085320450605884,0.39229699392472545,0.6611434086676566,3.2061932548399894,5.48596194822758e-06,0.0033869238405097877,4.422851310998739e-09,0.0,0.0,0.0,0.0,6.474704250212638,6.566962242126465,0.18992696702480316,0.1630345731973648,0.6171705722808838,2.275606393814087,4.989620265405392e-06,0.0022815170232206583,1.9073234103217374e-09,0.0,0.0,0.0,0.0
246,adam,0.02896832218093257,0.3906347588185341,0.6618599987799122,3.193513762566351,5.476432336088751e-06,0.0033618803812010636,1.2683653052578753e-08,0.0,0.0,0.0,0.0,6.454148523269161,6.568680763244629,0.18782763183116913,0.16315028071403503,0.6204249858856201,2.2797257900238037,5.3039284466649406e-06,0.002338175429031253,1.591498843822592e-08,0.0,0.0,0.0,0.0
247,adam,0.028839457539781448,0.38747012711340384,0.656597763299942,3.1750333232264363,5.689394334518921e-06,0.0034084594808518887,4.07692755899e-09,0.0,0.0,0.0,0.0,6.4268629166387745,6.517866134643555,0.18759533762931824,0.16189859807491302,0.6197711825370789,2.251182794570923,5.257958036963828e-06,0.0022671089973300695,9.567625802731072e-09,0.0,0.0,0.0,0.0
248,adam,0.02866893568106236,0.38801431271337694,0.6571174667727563,3.1533768023214033,5.856560766269761e-06,0.0034188867486532656,9.491141562642792e-09,0.0,0.0,0.0,0.0,6.4067377890309976,6.473657131195068,0.18612903356552124,0.1610412746667862,0.6200949549674988,2.2171759605407715,5.54705457034288e-06,0.002301400527358055,1.0728087307398937e-09,0.0,0.0,0.0,0.0
249,adam,0.0284671786451532,0.3869835926640418,0.657867512395305,3.145877161333638,5.9430342169493555e-06,0.003395389682883697,4.0745021335381225e-09,0.0,0.0,0.0,0.0,6.392007504740069,6.4963507652282715,0.18426868319511414,0.1620243936777115,0.6258420348167419,2.2417044639587402,5.687816155841574e-06,0.002312334254384041,1.0688319118656864e-09,0.0,0.0,0.0,0.0
250,adam,0.02836724773289696,0.38598125019381124,0.6559780720741518,3.13220577855264,6.163930573811447e-06,0.0034303798099919675,1.0283698237054016e-08,0.0,0.0,0.0,0.0,6.378463575916905,6.380254745483398,0.18383803963661194,0.16110502183437347,0.6214342713356018,2.157443046569824,5.7434631344222e-06,0.0022557408083230257,1.8046335981125594e-08,0.0,0.0,0.0,0.0
251,adam,0.02832724724806124,0.38368959965244415,0.6525040739966977,3.1124417628011396,6.243600167973425e-06,0.0034373465234473826,5.013241887927199e-09,0.0,0.0,0.0,0.0,6.3476377302600495,6.364387035369873,0.1840398758649826,0.1575329452753067,0.6190405488014221,2.1418826580047607,5.917868747928878e-06,0.002296557417139411,1.167236796106863e-08,0.0,0.0,0.0,0.0
252,adam,0.028076352551579475,0.3832367052955012,0.658574802260245,3.1110197805589244,6.29769927458725e-06,0.0034299873101014283,9.27227770549762e-09,0.0,0.0,0.0,0.0,6.355329975005119,6.373402118682861,0.1822754293680191,0.15842093527317047,0.6246649026870728,2.156954050064087,6.1347400333033875e-06,0.0022867347579449415,8.386847882846382e-10,0.0,0.0,0.0,0.0
253,adam,0.02801944063075127,0.3816552758216858,0.6544641006377435,3.0942241453355357,6.410720376856437e-06,0.0034371726665525667,1.1084090242415606e-08,0.0,0.0,0.0,0.0,6.327010739234186,6.430448532104492,0.179578498005867,0.1600896120071411,0.6308034658432007,2.2085673809051514,6.49102321403916e-06,0.0023589646443724632,4.933859099054416e-09,0.0,0.0,0.0,0.0
254,adam,0.027988718642342474,0.3803289897980229,0.6544812783118217,3.072649825003839,6.6061328828753524e-06,0.003429339319888142,3.3606473016609397e-09,0.0,0.0,0.0,0.0,6.300728782530753,6.4477338790893555,0.17995579540729523,0.1582007259130478,0.6337450742721558,2.2200610637664795,6.539960850204807e-06,0.002345495391637087,3.12855252815325e-09,0.0,0.0,0.0,0.0
255,adam,0.027919514945918513,0.38096459930942905,0.6521067427050683,3.0586239061047955,6.776737864716016e-06,0.0034614360080130638,1.815800843019133e-09,0.0,0.0,0.0,0.0,6.287715311973326,6.325178623199463,0.18052077293395996,0.15498584508895874,0.6260353922843933,2.1155812740325928,6.586104063899256e-06,0.002358050085604191,7.3764772068329876e-09,0.0,0.0,0.0,0.0
256,adam,0.027700077441911542,0.3771943978724941,0.6530066036408947,3.0414835329978698,6.706164435121126e-06,0.0034312792723217318,1.838276293193943e-08,0.0,0.0,0.0,0.0,6.257715394420009,6.297073841094971,0.179597869515419,0.1552129089832306,0.6270447373390198,2.1027534008026123,6.664916327281389e-06,0.0023230735678225756,1.6808777703047895e-09,0.0,0.0,0.0,0.0
257,adam,0.02757737352963417,0.37826515878400496,0.6510054238380925,3.0286210813829975,6.900197927133112e-06,0.0034451222482828362,1.6274066646253742e-09,0.0,0.0,0.0,0.0,6.242910815823462,6.366610050201416,0.17619366943836212,0.1566062569618225,0.635638952255249,2.178227186203003,6.921296971995616e-06,0.002348521491512656,2.189217029879842e-09,0.0,0.0,0.0,0.0
258,adam,0.02754858112142932,0.37537728009685395,0.6493086295743142,3.0103478047155563,7.0439353352882e-06,0.0034606282358929036,1.8865259336776594e-09,0.0,0.0,0.0,0.0,6.218885760153493,6.307322978973389,0.17689113318920135,0.155435249209404,0.6314472556114197,2.1263105869293213,6.981900241953554e-06,0.0023424180690199137,2.269043619662625e-09,0.0,0.0,0.0,0.0
259,adam,0.02747710097220636,0.376923099640877,0.6484986534041743,3.000139351814024,7.176649066217754e-06,0.0034603575815356545,1.3452797556937874e-08,0.0,0.0,0.0,0.0,6.207791774503646,6.326294898986816,0.1761295199394226,0.1534949392080307,0.6340268850326538,2.133986473083496,7.314035883609904e-06,0.0024161485489457846,1.2877005017841725e-09,0.0,0.0,0.0,0.0
260,adam,0.02734266822376559,0.37442942876969615,0.6479030953299615,2.9920542086324384,7.209872716973017e-06,0.0034533274930811696,2.3404984294736387e-09,0.0,0.0,0.0,0.0,6.191487081589237,6.319705009460449,0.17498759925365448,0.1546628624200821,0.6356861591339111,2.141054630279541,7.3743576649576426e-06,0.0023825340904295444,6.16122930452434e-10,0.0,0.0,0.0,0.0
261,adam,0.02725685357807144,0.37372401837379704,0.6501595339467449,2.968217057566489,7.235352636451998e-06,0.0034471117861328586,1.2077539400478707e-08,0.0,0.0,0.0,0.0,6.168626908333071,6.2605133056640625,0.1758805811405182,0.15042616426944733,0.6310123801231384,2.082143783569336,7.482811270165257e-06,0.0024264499079436064,7.419760805760234e-08,0.0,0.0,0.0,0.0
262,adam,0.02707148391392923,0.3718803342311613,0.6492262155778946,2.957730193291941,7.449670104711737e-06,0.003475589151944845,1.3294873148620327e-08,0.0,0.0,0.0,0.0,6.157100369853358,6.317416667938232,0.17382895946502686,0.1535193920135498,0.6380731463432312,2.137692451477051,7.639012437721249e-06,0.002427580999210477,2.5153483740325555e-09,0.0,0.0,0.0,0.0
263,adam,0.027155820400484146,0.37176037507672466,0.6482649695488715,2.9511028259031233,7.5119395689633225e-06,0.003478780899557375,1.2484878668529396e-09,0.0,0.0,0.0,0.0,6.149403541318832,6.246208667755127,0.1738085299730301,0.15174752473831177,0.6336806416511536,2.076472282409668,7.745357834210154e-06,0.002453126711770892,1.069287658417295e-09,0.0,0.0,0.0,0.0
264,adam,0.02699972454818987,0.3723889483559516,0.6484625397189971,2.9315076566511586,7.783964123988088e-06,0.003513078558288755,2.9678942547300788e-09,0.0,0.0,0.0,0.0,6.136113428300427,6.231654167175293,0.17467066645622253,0.1486329585313797,0.632594108581543,2.06070876121521,7.745742550469004e-06,0.002451104810461402,3.067713416626816e-09,0.0,0.0,0.0,0.0
265,adam,0.02688317751932529,0.3678328000730084,0.647125776736967,2.912689447402954,7.68688455683596e-06,0.003488998897674103,2.3131030675090316e-09,0.0,0.0,0.0,0.0,6.100456991503315,6.238417625427246,0.1729971021413803,0.14989149570465088,0.6344385743141174,2.079359292984009,7.898114745330531e-06,0.0024473201483488083,1.0048951892827063e-08,0.0,0.0,0.0,0.0
266,adam,0.026860642877797925,0.3691307729290378,0.6468083685444247,2.9097702426295124,8.013724210843887e-06,0.003500908245182326,1.648380392039703e-08,0.0,0.0,0.0,0.0,6.100953240548411,6.265921115875244,0.1730271428823471,0.14769291877746582,0.6387770175933838,2.094693660736084,7.998780347406864e-06,0.0024670783895999193,1.63658953056256e-09,0.0,0.0,0.0,0.0
267,adam,0.02683277452184308,0.3677020765119983,0.6466276434160048,2.8897743532734532,7.875576425102472e-06,0.003482297686259112,2.684206640111941e-09,0.0,0.0,0.0,0.0,6.0733173893344015,6.265160083770752,0.1708463430404663,0.1491403877735138,0.6401877403259277,2.10426664352417,8.220016752602533e-06,0.002501026727259159,3.2277966965921223e-09,0.0,0.0,0.0,0.0
268,adam,0.026692251164105632,0.3661855488054214,0.6443256697347087,2.8807690220494426,8.16709814077307e-06,0.0035266546502469047,2.5331754292767437e-09,0.0,0.0,0.0,0.0,6.064543585623464,6.185162544250488,0.1723622977733612,0.14614102244377136,0.633566677570343,2.030330181121826,8.220438758144155e-06,0.0025028421077877283,7.110970146051443e-10,0.0,0.0,0.0,0.0
269,adam,0.026622945863393047,0.36517212948491495,0.6443734265142872,2.859955656913019,8.105564149680563e-06,0.0034847851437065872,1.5728532030564563e-08,0.0,0.0,0.0,0.0,6.031768906501032,6.15751838684082,0.17142756283283234,0.14543244242668152,0.6338232755661011,2.0161938667297363,8.246001016232185e-06,0.002491352614015341,2.1865107058260946e-08,0.0,0.0,0.0,0.0
270,adam,0.02657474745665827,0.3641771904883846,0.6429571970816581,2.855153014582972,8.285439889732515e-06,0.0035005748842752748,5.810440952753164e-09,0.0,0.0,0.0,0.0,6.024991881462835,6.202048301696777,0.17009584605693817,0.14586737751960754,0.637057363986969,2.0596251487731934,8.525061275577173e-06,0.002516373060643673,2.4669526421661203e-09,0.0,0.0,0.0,0.0
271,adam,0.026560276987091187,0.36416855935127507,0.6460461174288104,2.8429298785425003,8.33299858523758e-06,0.003489481518045068,2.653793815523481e-09,0.0,0.0,0.0,0.0,6.016881973512711,6.216839790344238,0.16934257745742798,0.14603501558303833,0.6411646008491516,2.0732178688049316,8.4320190580911e-06,0.0025116594042629004,1.8056426354107202e-09,0.0,0.0,0.0,0.0
272,adam,0.026424617476521,0.3638011130594438,0.6421590360902971,2.834047855869416,8.44648551015604e-06,0.0034909477878001427,5.433340232926985e-09,0.0,0.0,0.0,0.0,5.996984204938335,6.187567234039307,0.16949209570884705,0.1436883956193924,0.6393592953681946,2.0399580001831055,8.69613177201245e-06,0.002563938731327653,7.565408299825549e-10,0.0,0.0,0.0,0.0
273,adam,0.02636186610306463,0.3613585993166893,0.6436179222599152,2.8162066475037606,8.446239521177748e-06,0.0034924774100222895,6.4147802947636756e-09,0.0,0.0,0.0,0.0,5.977948588709677,6.183156490325928,0.1692950278520584,0.14355528354644775,0.640964150428772,2.0410056114196777,8.711487680557184e-06,0.0025316914543509483,7.510081445616379e-09,0.0,0.0,0.0,0.0
274,adam,0.02628571600202591,0.3615142308896588,0.6427027063985025,2.793092043169083,8.642340382662482e-06,0.0035039897963044142,2.648309367502302e-09,0.0,0.0,0.0,0.0,5.953677408156857,6.1227898597717285,0.16901375353336334,0.14173653721809387,0.634795606136322,1.9972184896469116,8.695325959706679e-06,0.0025558476336300373,8.968179976420743e-09,0.0,0.0,0.0,0.0
275,adam,0.0262799801965875,0.35892996768797597,0.6391901220044782,2.790558330474361,8.745309998865255e-06,0.0035238991446432566,1.5759362033989303e-08,0.0,0.0,0.0,0.0,5.94345921854819,6.155001640319824,0.16868185997009277,0.1412854939699173,0.6385244727134705,2.018256664276123,8.743967555346899e-06,0.0025830271188169718,3.4852980501653974e-09,0.0,0.0,0.0,0.0
276,adam,0.026159402643961292,0.3585162499258595,0.641409425004836,2.77532087602923,8.812366808518662e-06,0.003513280204647491,1.631670583592385e-09,0.0,0.0,0.0,0.0,5.928580422555247,6.136198043823242,0.1696823537349701,0.13876651227474213,0.6378920674324036,1.9928287267684937,8.859723493515048e-06,0.00259216851554811,3.078773236353527e-09,0.0,0.0,0.0,0.0
277,adam,0.02610318548977375,0.3574139081662701,0.6391784433395632,2.7626645949579056,8.909601209809132e-06,0.003532377116742634,6.602247764626733e-09,0.0,0.0,0.0,0.0,5.912176562893775,6.170845985412598,0.16773268580436707,0.1406150460243225,0.6415371894836426,2.032337188720703,8.981301107269246e-06,0.0026075178757309914,1.723537224052052e-08,0.0,0.0,0.0,0.0
278,adam,0.026010756110472065,0.3568431475470143,0.6382662423195378,2.7420306051931074,9.097590948165876e-06,0.0035523849224010783,5.027844785671266e-09,0.0,0.0,0.0,0.0,5.891109343497984,6.126229286193848,0.16862152516841888,0.1376587301492691,0.6382150053977966,1.9912797212600708,8.94397817319259e-06,0.0026100827381014824,1.0255792881608272e-09,0.0,0.0,0.0,0.0
279,adam,0.025997235049163143,0.3563961828908613,0.6402790008052703,2.740006031528596,9.083854937700615e-06,0.003527648829584641,2.2959299998815928e-09,0.0,0.0,0.0,0.0,5.887568504579606,6.10665225982666,0.16749906539916992,0.13774026930332184,0.635242223739624,1.9839848279953003,9.264187610824592e-06,0.0026415465399622917,1.0687331020164947e-08,0.0,0.0,0.0,0.0
280,adam,0.02592722975438641,0.35540927225543606,0.6433628336075814,2.7348094294148106,9.27808119858157e-06,0.003524014538514518,1.295499820680983e-08,0.0,0.0,0.0,0.0,5.88643100184779,6.15453577041626,0.16719591617584229,0.13819792866706848,0.6414741277694702,2.01440167427063,9.11813822312979e-06,0.0026619916316121817,1.6905382649312628e-09,0.0,0.0,0.0,0.0
281,adam,0.025854492439858375,0.3540428665376479,0.6385445873583516,2.7071375923772014,9.23876315585315e-06,0.0035312233132220082,2.9788246752772462e-09,0.0,0.0,0.0,0.0,5.8452260571141395,6.050583362579346,0.16752971708774567,0.1352633237838745,0.6335044503211975,1.9355545043945312,9.15367763809627e-06,0.0026493160985410213,5.165428085263102e-10,0.0,0.0,0.0,0.0
282,adam,0.02575218833742603,0.35409533977508545,0.6389000194687997,2.705766870129493,9.405256106777327e-06,0.0035529800525475894,2.370158673268715e-09,0.0,0.0,0.0,0.0,5.848323099074825,6.029370307922363,0.167754128575325,0.1337205320596695,0.6302328109741211,1.924445390701294,9.143159331870265e-06,0.0026387895923107862,6.026597887398566e-09,0.0,0.0,0.0,0.0
283,adam,0.025731895900061055,0.3535103990185645,0.6384189225012257,2.6818547710295646,9.390851911091651e-06,0.0035192579736993196,2.4107447163971535e-08,0.0,0.0,0.0,0.0,5.813996438057192,6.127829074859619,0.1660502552986145,0.1353611946105957,0.6425334811210632,2.0002596378326416,9.372370186611079e-06,0.0026705714408308268,7.889393138782452e-09,0.0,0.0,0.0,0.0
284,adam,0.02570281321963956,0.3530930357594644,0.638125927217545,2.676409206082744,9.578695631540952e-06,0.003545084074440022,2.232165622590772e-09,0.0,0.0,0.0,0.0,5.812337352383521,6.117904186248779,0.16537919640541077,0.13498470187187195,0.6408398747444153,1.9972848892211914,9.476035302213859e-06,0.0026929995510727167,1.6198707930570322e-09,0.0,0.0,0.0,0.0
285,adam,0.025556498177109227,0.35014866340544915,0.6359297267852291,2.657915384538712,9.750219026999172e-06,0.003589658096673027,6.965044840162402e-10,0.0,0.0,0.0,0.0,5.791830939631308,6.00053596496582,0.16761638224124908,0.13104118406772614,0.6320757865905762,1.8893991708755493,9.274894182453863e-06,0.002679167315363884,4.4458772774369493e-10,0.0,0.0,0.0,0.0
286,adam,0.02554529280431809,0.34978397527048666,0.6368277592043723,2.653675979183566,9.71886135131729e-06,0.00355916686596409,2.1646518923213255e-09,0.0,0.0,0.0,0.0,5.782298826402234,6.096080780029297,0.16539427638053894,0.13303394615650177,0.6395640969276428,1.9772374629974365,9.475167644268367e-06,0.002714630914852023,2.204064264432759e-09,0.0,0.0,0.0,0.0
287,adam,0.0254669321039992,0.3491154880292954,0.6355309794026036,2.6487825839750228,9.920912024456136e-06,0.003526518444320367,2.0251327711547666e-09,0.0,0.0,0.0,0.0,5.765454476879489,6.050233840942383,0.1661706119775772,0.13096430897712708,0.6352502703666687,1.9328444004058838,9.513968507235404e-06,0.0027379707898944616,1.3457976066888477e-08,0.0,0.0,0.0,0.0
288,adam,0.025489730700369802,0.34789946290754503,0.6344943988707757,2.6229206746624363,9.997090127135085e-06,0.0035867476234993628,2.2671038025384906e-08,0.0,0.0,0.0,0.0,5.747572898864746,6.09248161315918,0.16477806866168976,0.1318005919456482,0.6402828097343445,1.9673399925231934,9.795291589398403e-06,0.0027766788844019175,8.890539970884959e-10,0.0,0.0,0.0,0.0
289,adam,0.02535783589607285,0.34830847670955045,0.6349488544848657,2.6148534051833616,1.0224860811684912e-05,0.0035758713831103616,9.53484233324359e-10,0.0,0.0,0.0,0.0,5.737120566829558,6.033139228820801,0.1663496047258377,0.1290276199579239,0.6354640126228333,1.9098947048187256,9.538082849758212e-06,0.002771301893517375,5.511041623051938e-10,0.0,0.0,0.0,0.0
290,adam,0.025251790520644957,0.3463284825125048,0.6354624975112176,2.596886481008222,1.0284642631895916e-05,0.0036135739571745355,4.651645207013942e-10,0.0,0.0,0.0,0.0,5.723741977445541,6.041680335998535,0.16468386352062225,0.1294543296098709,0.637097954750061,1.9341838359832764,9.670750841905829e-06,0.0027558724395930767,3.89080628826477e-10,0.0,0.0,0.0,0.0
291,adam,0.02524308848284906,0.34629266108236006,0.6342824014925188,2.5998631023591563,1.0184632042036092e-05,0.0035553837735806744,5.690591868691105e-10,0.0,0.0,0.0,0.0,5.711436579304356,6.069573402404785,0.16384997963905334,0.1290026307106018,0.6390982270240784,1.9546840190887451,1.0016709893534426e-05,0.002808879129588604,1.2878209609823443e-09,0.0,0.0,0.0,0.0
292,adam,0.02515285329953317,0.3448074709984564,0.6314114755199801,2.5701059026102864,1.0347642860471105e-05,0.003577748674058145,2.5083667108459093e-08,0.0,0.0,0.0,0.0,5.675543831240747,6.042889595031738,0.16402605175971985,0.12815122306346893,0.6379887461662292,1.9348503351211548,9.86974555416964e-06,0.00278990319930017,9.809592249609977e-09,0.0,0.0,0.0,0.0
293,adam,0.025139662887780898,0.3453575372695923,0.6296324614555605,2.5754311084747314,1.0376980020326652e-05,0.003580787677257772,2.8761717290980105e-09,0.0,0.0,0.0,0.0,5.67826807883478,6.031158447265625,0.16336871683597565,0.1285066306591034,0.6352622509002686,1.9294915199279785,9.936301466950681e-06,0.0028211602475494146,1.6073705699781726e-09,0.0,0.0,0.0,0.0
294,adam,0.025048182135628115,0.3430330753326416,0.6272448003292084,2.5665808493091213,1.0507990385033942e-05,0.003612987952487123,6.113580134968085e-10,0.0,0.0,0.0,0.0,5.666169674165787,6.000431537628174,0.16266199946403503,0.12819400429725647,0.6343516111373901,1.917356252670288,9.879608114715666e-06,0.002784313401207328,4.5987022523341636e-10,0.0,0.0,0.0,0.0
295,adam,0.024989872690170042,0.34353526753763997,0.6302515979736082,2.5475787270453667,1.0753054553905742e-05,0.0036008223185255645,4.6279760042154986e-10,0.0,0.0,0.0,0.0,5.6508969645346365,5.967635154724121,0.16201353073120117,0.1265525370836258,0.6310279369354248,1.8927662372589111,1.0060580279969145e-05,0.0028298795223236084,5.017456450318036e-10,0.0,0.0,0.0,0.0
296,adam,0.024896907530003978,0.3422664355847143,0.6289624168026832,2.531106118232973,1.0669615573621535e-05,0.0035736837364252535,3.0232323347265737e-09,0.0,0.0,0.0,0.0,5.622081079790669,6.054471969604492,0.1620691418647766,0.12447839230298996,0.6407250761985779,1.9480284452438354,1.0301209840690717e-05,0.002871968550607562,2.3274880689427846e-08,0.0,0.0,0.0,0.0
297,adam,0.02485686931158266,0.3414075547649014,0.6258281267458393,2.5198710964572046,1.094520159254429e-05,0.0036042765939548133,1.2264520362554303e-08,0.0,0.0,0.0,0.0,5.608112012186358,6.0805277824401855,0.16030286252498627,0.127520352602005,0.640130341053009,1.9810264110565186,1.0548679711064324e-05,0.0029074300546199083,1.3036348667228026e-09,0.0,0.0,0.0,0.0
298,adam,0.024791831030480323,0.3415062831294152,0.6250197310601512,2.507818329718805,1.105270363158554e-05,0.003632362113304196,1.4294576141051355e-09,0.0,0.0,0.0,0.0,5.599182375015751,6.014094352722168,0.16152313351631165,0.12374120950698853,0.635647714138031,1.919832706451416,1.0403661690361332e-05,0.002907669171690941,2.297063428358115e-09,0.0,0.0,0.0,0.0
299,adam,0.024694351539496454,0.33916916578046735,0.626272068869683,2.497665274527765,1.120786460124955e-05,0.0036103887438413596,4.567237598870809e-09,0.0,0.0,0.0,0.0,5.58246200315414,5.973212242126465,0.16024380922317505,0.12373141944408417,0.6334185600280762,1.8987778425216675,1.0456776180944871e-05,0.002907524351030588,1.4436597695066666e-08,0.0,0.0,0.0,0.0
300,adam,0.024388040385900006,0.33627430854305146,0.6245499474387015,2.4950632664465133,1.1269447631709607e-05,0.0035239355037769964,1.5629290337923037e-06,0.0,0.0,0.0,0.0,6.512741458031439,9.140862464904785,0.15955772995948792,0.1235504224896431,0.63063645362854,1.85244882106781,1.1067337254644372e-05,0.003000775584951043,3.368316114915615e-08,0.0,0.0,0.0,0.0
301,adam,0.023637953304475354,0.3331662483753697,0.625450546703031,2.498043264112165,1.2187979454240356e-05,0.0035191765055060387,6.81727822652193e-08,0.0,0.0,0.0,0.0,6.489978944101641,9.145024299621582,0.15377260744571686,0.12725740671157837,0.6444915533065796,1.957958459854126,1.2098512343072798e-05,0.0030511135701090097,9.884566942730544e-09,0.0,0.0,0.0,0.0
302,adam,0.02314006981830443,0.32887142656310914,0.6228528407312208,2.5010357364531486,1.280104976514497e-05,0.0035393085225575395,3.065941858815974e-09,0.0,0.0,0.0,0.0,6.4691075355775896,8.971917152404785,0.15108275413513184,0.12576568126678467,0.6404638290405273,1.872543215751648,1.2580189832078759e-05,0.0030712371226400137,9.86551840220784e-10,0.0,0.0,0.0,0.0
303,adam,0.022685278627660968,0.32844396464286313,0.6231053702292904,2.4954087503494753,1.350129869317771e-05,0.0035298705746930454,4.638822345961397e-10,0.0,0.0,0.0,0.0,6.4482056863846315,8.935456275939941,0.14725767076015472,0.12385699152946472,0.6454879641532898,1.913435697555542,1.349588819721248e-05,0.003144962480291724,3.358713029921745e-10,0.0,0.0,0.0,0.0
304,adam,0.0222830870338986,0.325543019079393,0.6192400897702863,2.483810617077735,1.4117062722019206e-05,0.0035482711804610107,3.57316935896099e-10,0.0,0.0,0.0,0.0,6.413661249222294,8.867206573486328,0.14430977404117584,0.12532652914524078,0.6474859714508057,1.9191371202468872,1.3962729099148419e-05,0.003147350624203682,3.370172751981926e-10,0.0,0.0,0.0,0.0
305,adam,0.021910861194614443,0.32506538206531155,0.6200946713647535,2.475146355167512,1.4833437196484151e-05,0.0035553428704940505,3.594114701195807e-10,0.0,0.0,0.0,0.0,6.3976560408069245,8.750587463378906,0.14272920787334442,0.12107701599597931,0.6447259783744812,1.8638728857040405,1.4234105037758127e-05,0.0031506121158599854,3.321149188995065e-10,0.0,0.0,0.0,0.0
306,adam,0.021526310532804457,0.32404480730333635,0.6192672348791554,2.466292227468183,1.5340435868805094e-05,0.003540571260776731,3.573079556243756e-10,0.0,0.0,0.0,0.0,6.369895719712781,8.715071678161621,0.14037074148654938,0.12088410556316376,0.645574152469635,1.8808692693710327,1.4785656276217196e-05,0.003195147728547454,3.461341491206582e-10,0.0,0.0,0.0,0.0
307,adam,0.02132092356201141,0.3214527897296413,0.6180262123384783,2.451962963227303,1.5773880946771016e-05,0.003584405257096214,3.551873553340262e-10,0.0,0.0,0.0,0.0,6.352156992881529,8.718888282775879,0.13701583445072174,0.12087886780500412,0.6520968675613403,1.9496965408325195,1.528965549368877e-05,0.003231143346056342,3.265401282703806e-10,0.0,0.0,0.0,0.0
308,adam,0.02090909332036972,0.32040291543929805,0.61327915230105,2.4437867672212663,1.6295540556330385e-05,0.00353215342657941,3.4562939517592386e-10,0.0,0.0,0.0,0.0,6.304136399299868,8.533025741577148,0.1363980621099472,0.11748813092708588,0.6368768811225891,1.8292051553726196,1.5264055036823265e-05,0.003249266417697072,3.3341066019154653e-10,0.0,0.0,0.0,0.0
309,adam,0.020678576803015124,0.31904408047276156,0.6137383176434424,2.4352389920142388,1.6691492654048958e-05,0.0035356933536428597,3.4346756800703263e-10,0.0,0.0,0.0,0.0,6.288483512017034,8.557171821594238,0.13284340500831604,0.11816536635160446,0.645820677280426,1.9050132036209106,1.5887375411693938e-05,0.0033279801718890667,3.2902136570811535e-10,0.0,0.0,0.0,0.0
310,adam,0.02032343953126861,0.3164882746434981,0.6114039776786682,2.408521044638849,1.724573802118445e-05,0.003576985928380201,3.424261250894653e-10,0.0,0.0,0.0,0.0,6.250154725966915,8.465810775756836,0.13112404942512512,0.1173352599143982,0.6426935791969299,1.8838539123535156,1.5934692783048376e-05,0.0032851898577064276,3.228430855983788e-10,0.0,0.0,0.0,0.0
311,adam,0.020152597778266477,0.31645841079373516,0.6132283951005628,2.402158767946305,1.757436937975487e-05,0.0035887458361685276,3.39845248716635e-10,0.0,0.0,0.0,0.0,6.246745232612856,8.454192161560059,0.12958455085754395,0.11762656271457672,0.6426621079444885,1.9141234159469604,1.6207273802137934e-05,0.003284538397565484,3.176682250582985e-10,0.0,0.0,0.0,0.0
312,adam,0.019893518498828335,0.3141954670990667,0.6098639888148154,2.3863031479620163,1.805930778866769e-05,0.003557679521280431,3.362138793179044e-10,0.0,0.0,0.0,0.0,6.201864488663212,8.392698287963867,0.12740814685821533,0.11804948002099991,0.6416193842887878,1.9143872261047363,1.6316966139129363e-05,0.003291069297119975,3.163174444598127e-10,0.0,0.0,0.0,0.0
313,adam,0.01962788360974481,0.3132998039645533,0.6098210167500281,2.373670801039665,1.8360222677602584e-05,0.0035720212505229057,3.328063854967483e-10,0.0,0.0,0.0,0.0,6.1831783940715175,8.275421142578125,0.1272687315940857,0.11358390748500824,0.633333146572113,1.8203943967819214,1.6246416635112837e-05,0.0033517347183078527,3.26272342476841e-10,0.0,0.0,0.0,0.0
314,adam,0.019402615545738126,0.3137054068426932,0.6062503735865316,2.357000823943846,1.88590432615808e-05,0.00360853013191973,3.371419228022589e-10,0.0,0.0,0.0,0.0,6.1599612543659825,8.257844924926758,0.12418854236602783,0.11677402257919312,0.6350339651107788,1.882941484451294,1.6410182070103474e-05,0.0033266667742282152,3.1277405665441904e-10,0.0,0.0,0.0,0.0
315,adam,0.019113077151198542,0.3116624018838329,0.6082619515157515,2.350864710346345,1.9153909834717672e-05,0.0036049837456835856,3.235302071050251e-10,0.0,0.0,0.0,0.0,6.146253093596427,8.170265197753906,0.1245492547750473,0.11326567083597183,0.6281629204750061,1.8234221935272217,1.6415209756814875e-05,0.003284673672169447,3.0903449244057413e-10,0.0,0.0,0.0,0.0
316,adam,0.018957512873795726,0.3106445372104645,0.6030129819147049,2.343323423016456,1.9483064475465534e-05,0.0036314526167247566,3.3041087428799645e-10,0.0,0.0,0.0,0.0,6.124600764243834,8.15081787109375,0.12290619313716888,0.11518349498510361,0.625832736492157,1.8487430810928345,1.639355468796566e-05,0.0032980062533169985,3.065492581999507e-10,0.0,0.0,0.0,0.0
317,adam,0.01872599010746325,0.3105826699926007,0.6037737131118774,2.331722044175671,1.988230389777586e-05,0.0036279571002289174,3.2622463064235774e-10,0.0,0.0,0.0,0.0,6.107259027419552,8.111921310424805,0.12083294242620468,0.11651301383972168,0.6269207000732422,1.8627557754516602,1.645779593673069e-05,0.0032962372060865164,3.13729042744626e-10,0.0,0.0,0.0,0.0
318,adam,0.018518246289703152,0.3093008158668395,0.6060397163514168,2.3211808127741658,2.010755534067885e-05,0.0036592733250149796,3.298788760074425e-10,0.0,0.0,0.0,0.0,6.102193155596333,8.101276397705078,0.11969038844108582,0.1163279339671135,0.624845564365387,1.8833106756210327,1.657090979279019e-05,0.003320929827168584,3.139521143058488e-10,0.0,0.0,0.0,0.0
319,adam,0.01832756550321656,0.3077280973234484,0.5984839133677944,2.3130961733479656,2.0421009931822247e-05,0.003587324299939698,3.1733588427258273e-10,0.0,0.0,0.0,0.0,6.046805889375748,7.990781784057617,0.12021421641111374,0.11350684612989426,0.6165852546691895,1.7929428815841675,1.6399615560658276e-05,0.0033068896736949682,3.012073090946643e-10,0.0,0.0,0.0,0.0
320,adam,0.018176333017406926,0.30776240700675594,0.6001186659259181,2.295864931998714,2.0522708749218332e-05,0.003637423423389273,3.1763637598295013e-10,0.0,0.0,0.0,0.0,6.0418568272744455,8.00783920288086,0.1178869903087616,0.11768311262130737,0.6148052215576172,1.8726470470428467,1.6273994333459996e-05,0.0032949536107480526,3.0943944628880615e-10,0.0,0.0,0.0,0.0
321,adam,0.01807107506019454,0.3074419325397861,0.5997998820197198,2.300723156621379,2.082928738438509e-05,0.0036103503418064885,3.239944253745845e-10,0.0,0.0,0.0,0.0,6.0357422367219,7.905466079711914,0.11826875805854797,0.11400675028562546,0.6064871549606323,1.7861480712890625,1.6276950191240758e-05,0.0033198632299900055,3.0432356634690905e-10,0.0,0.0,0.0,0.0
322,adam,0.01778942932404818,0.3057427550515821,0.5958856017358841,2.2811779937436505,2.1113969553205664e-05,0.0036733756818237806,3.1668886509599527e-10,0.0,0.0,0.0,0.0,6.009625727130521,7.821488380432129,0.11704742908477783,0.11431360244750977,0.6031386256217957,1.7498443126678467,1.6266154489130713e-05,0.003306863596662879,3.049248353814704e-10,0.0,0.0,0.0,0.0
323,adam,0.017641115452974074,0.3042172626141579,0.5949361776151965,2.2793587715395036,2.1454482843945434e-05,0.0036628301961407544,3.11370290662083e-10,0.0,0.0,0.0,0.0,5.995543295337308,7.865841865539551,0.11515974998474121,0.11720526218414307,0.6053580641746521,1.8317567110061646,1.6384678019676358e-05,0.0033109213691204786,2.9525260014651167e-10,0.0,0.0,0.0,0.0
324,adam,0.017505675073592894,0.3047216039511465,0.5924969603938441,2.267091308870623,2.1710714903630076e-05,0.0036425089703932883,3.0863747668696817e-10,0.0,0.0,0.0,0.0,5.968268609816028,7.929840564727783,0.11331629008054733,0.11950486153364182,0.6084834337234497,1.9227526187896729,1.6647705706418492e-05,0.0033449644688516855,2.9317490102265253e-10,0.0,0.0,0.0,0.0
325,adam,0.017318283207714558,0.3030171029029354,0.592373126937497,2.260020198360566,2.1968463531060656e-05,0.003639584707636987,3.0715116024070435e-10,0.0,0.0,0.0,0.0,5.951434366164669,7.793808937072754,0.11480558663606644,0.1148768812417984,0.5963674783706665,1.7929952144622803,1.623694333829917e-05,0.0033393888734281063,2.889334049793746e-10,0.0,0.0,0.0,0.0
326,adam,0.017181481775497238,0.3022772342927994,0.5942929858161557,2.2527735156397664,2.1976727199920965e-05,0.003647449118415675,3.035862251552215e-10,0.0,0.0,0.0,0.0,5.945871399294946,7.7336931228637695,0.11333537846803665,0.11580216884613037,0.5944753289222717,1.7732982635498047,1.6159297956619412e-05,0.0033602064941078424,2.8570029675378805e-10,0.0,0.0,0.0,0.0
327,adam,0.01705348191242064,0.3010281209022768,0.5905128034853167,2.232222399403972,2.2091440241051566e-05,0.0036484550669669143,3.0921654484240163e-10,0.0,0.0,0.0,0.0,5.908551308416551,7.734735012054443,0.11222690343856812,0.11683841049671173,0.5920653939247131,1.8134421110153198,1.631923259992618e-05,0.0033411832991987467,2.8218433145710264e-10,0.0,0.0,0.0,0.0
328,adam,0.01691099439537333,0.29945338541461575,0.589338598712798,2.2281064218090427,2.207913430831996e-05,0.0036600190139706094,3.020677346247723e-10,0.0,0.0,0.0,0.0,5.8969820084110385,7.709053993225098,0.1113305389881134,0.11647709459066391,0.5912485122680664,1.8139673471450806,1.6320855138474144e-05,0.0033490380737930536,2.81541345792391e-10,0.0,0.0,0.0,0.0
329,adam,0.016734828000828143,0.298859977914441,0.5872573371856443,2.222141646569775,2.26916853270884e-05,0.00370493613844437,3.015197912136977e-10,0.0,0.0,0.0,0.0,5.890593805620747,7.671253681182861,0.11163822561502457,0.11565566807985306,0.5879111886024475,1.771807312965393,1.6014184438972734e-05,0.0033809603191912174,2.8707236587877105e-10,0.0,0.0,0.0,0.0
330,adam,0.016648592187031623,0.2996581696694897,0.5859539960661242,2.2228311877096854,2.262974093384635e-05,0.003684398147367662,2.9757394845721857e-10,0.0,0.0,0.0,0.0,5.8816300053750314,7.612117290496826,0.11037085950374603,0.11607043445110321,0.5822944641113281,1.7706522941589355,1.622562740521971e-05,0.0033503337763249874,2.7858210183140386e-10,0.0,0.0,0.0,0.0
331,adam,0.016555537710026387,0.2975038323671587,0.5830383473826993,2.2111106687976467,2.2722643235841046e-05,0.0036877914512109373,2.9397807038163005e-10,0.0,0.0,0.0,0.0,5.855695016922489,7.610677242279053,0.11044450104236603,0.11578067392110825,0.581809937953949,1.7678653001785278,1.61284096975578e-05,0.003355421358719468,2.722395087140228e-10,0.0,0.0,0.0,0.0
332,adam,0.01641267751373591,0.2970912605524063,0.5819550310411761,2.201309411756454,2.3405064982193102e-05,0.003678068098041319,2.860768244158839e-10,0.0,0.0,0.0,0.0,5.835570996807467,7.56549596786499,0.11033786833286285,0.11480207741260529,0.5775245428085327,1.7380231618881226,1.5936917407088913e-05,0.003365009091794491,2.740231930253856e-10,0.0,0.0,0.0,0.0
333,adam,0.016298731398438255,0.2968908947321676,0.5834011079803589,2.198048395495261,2.3349062229822118e-05,0.0036763436416344295,2.876408824387648e-10,0.0,0.0,0.0,0.0,5.83207647262081,7.540217876434326,0.10828898847103119,0.1158953383564949,0.5759319067001343,1.7637420892715454,1.6075306120910682e-05,0.0033969597425311804,2.6910737527252593e-10,0.0,0.0,0.0,0.0
334,adam,0.016100606760911403,0.2962906202000956,0.5816627144813538,2.187202707413704,2.348274768249417e-05,0.0036843137500146704,2.869906624175701e-10,0.0,0.0,0.0,0.0,5.811413472698581,7.514570713043213,0.10734748095273972,0.11649999767541885,0.5755306482315063,1.759588360786438,1.6017360394471325e-05,0.0034175848122686148,2.747010674486461e-10,0.0,0.0,0.0,0.0
335,adam,0.015981931810177142,0.2939657578545232,0.5785186040786005,2.177119405038895,2.386762547933857e-05,0.003728256988970022,2.8229125130642093e-10,0.0,0.0,0.0,0.0,5.795854722299883,7.499722957611084,0.10771965980529785,0.11470775306224823,0.5715526342391968,1.7472565174102783,1.5935893316054717e-05,0.003424431663006544,2.755673467191855e-10,0.0,0.0,0.0,0.0
336,adam,0.015922614253096042,0.29540171161774664,0.5779600835615589,2.1696614103932537,2.38580252640062e-05,0.0037330666466826395,2.777834476778402e-10,0.0,0.0,0.0,0.0,5.788851045793103,7.513792514801025,0.10649611800909042,0.11703237146139145,0.572396993637085,1.7867059707641602,1.5981113392626867e-05,0.003428092924878001,2.624220563074431e-10,0.0,0.0,0.0,0.0
337,adam,0.015791622080629873,0.29485621183149274,0.5760760278471054,2.1623556037102976,2.4031924817057686e-05,0.00373272066034617,2.796365012307368e-10,0.0,0.0,0.0,0.0,5.77138110130064,7.411252975463867,0.10777716338634491,0.11287467926740646,0.5659539699554443,1.6765315532684326,1.5753672414575703e-05,0.0034328666515648365,2.625316630755492e-10,0.0,0.0,0.0,0.0
338,adam,0.01570588704799452,0.2920955890609372,0.5756097291746447,2.160753138603703,2.4077170594189796e-05,0.0037126018019813683,2.775923845626903e-10,0.0,0.0,0.0,0.0,5.755731782605571,7.423191070556641,0.10515223443508148,0.11669672280550003,0.5653716325759888,1.759363055229187,1.591369800735265e-05,0.0034103437792509794,2.68327859931361e-10,0.0,0.0,0.0,0.0
339,adam,0.015572170937253584,0.29331017165414747,0.5749140151085392,2.153696310135626,2.4539534816510915e-05,0.0037151095983121666,2.786796205986588e-10,0.0,0.0,0.0,0.0,5.74585666964131,7.400742530822754,0.10402689129114151,0.1186198964715004,0.5626415014266968,1.7816765308380127,1.5953195543261245e-05,0.0033704352099448442,2.561783563059805e-10,0.0,0.0,0.0,0.0
340,adam,0.015408599568951515,0.29157772996733267,0.5741085525481932,2.1421407191984114,2.4849607554290655e-05,0.003699354234061414,2.736557942616438e-10,0.0,0.0,0.0,0.0,5.719911836808728,7.348369598388672,0.10492255538702011,0.11468853056430817,0.5616114139556885,1.7079962491989136,1.574639645696152e-05,0.003406789619475603,2.6596796987021776e-10,0.0,0.0,0.0,0.0
341,adam,0.015376594518461534,0.2903729263813265,0.5726905859285786,2.127250052267505,2.475045825591341e-05,0.00375568104397145,2.7223345531251513e-10,0.0,0.0,0.0,0.0,5.711573908405919,7.363613128662109,0.10334739834070206,0.11725811660289764,0.5601428747177124,1.7655285596847534,1.5911937225610018e-05,0.003403010545298457,2.671066146042733e-10,0.0,0.0,0.0,0.0
342,adam,0.015221727861752432,0.2890406125976193,0.5699239748139535,2.1256006686918196,2.4718261263314483e-05,0.003742113611811111,2.692961113960299e-10,0.0,0.0,0.0,0.0,5.6919846073273686,7.300497055053711,0.10333283245563507,0.1157258152961731,0.5567958354949951,1.7151501178741455,1.5627580069121905e-05,0.003409859724342823,2.4873966775196266e-10,0.0,0.0,0.0,0.0
343,adam,0.015110319991025233,0.2892868288101689,0.568240846357038,2.120131900233607,2.474904454908439e-05,0.0037154288316566136,2.6948507045947994e-10,0.0,0.0,0.0,0.0,5.672321796417236,7.2683210372924805,0.10238345712423325,0.116368867456913,0.5553598999977112,1.71620774269104,1.5768790035508573e-05,0.003394628642126918,2.4562687994666987e-10,0.0,0.0,0.0,0.0
344,adam,0.015036505436705004,0.28903465069109396,0.5730061665658028,2.1115090654742334,2.524129758380549e-05,0.0037145341761530407,2.626422529282368e-10,0.0,0.0,0.0,0.0,5.673773427163401,7.257752895355225,0.10204587876796722,0.11606311798095703,0.5546845197677612,1.7160266637802124,1.5749670637887903e-05,0.0034008731599897146,2.4755053562586227e-10,0.0,0.0,0.0,0.0
345,adam,0.014902872664313163,0.2870403278258539,0.5664834918514374,2.1055238208463116,2.5540450341424965e-05,0.0037627407695136725,2.6791410487963534e-10,0.0,0.0,0.0,0.0,5.654502253378591,7.27773904800415,0.10134474188089371,0.1177089512348175,0.5535527467727661,1.7509204149246216,1.5713792890892364e-05,0.003414884442463517,2.4917354290998617e-10,0.0,0.0,0.0,0.0
346,adam,0.014812329333395727,0.28814601465579004,0.5651734673207806,2.1036481626572145,2.544597537639821e-05,0.003761965345831648,2.604973544221182e-10,0.0,0.0,0.0,0.0,5.648292818377095,7.250845432281494,0.10011844336986542,0.11739181727170944,0.5537062287330627,1.7563574314117432,1.587821498105768e-05,0.003423557849600911,2.414778932369188e-10,0.0,0.0,0.0,0.0
347,adam,0.014775107464482707,0.28718319391050645,0.5666316065096086,2.089589418903474,2.5782927731333692e-05,0.0037572499920403763,2.5838860262886265e-10,0.0,0.0,0.0,0.0,5.6337439629339405,7.214273452758789,0.10038647055625916,0.11722877621650696,0.5499967932701111,1.7312047481536865,1.5846395399421453e-05,0.003393460065126419,2.3866850162868047e-10,0.0,0.0,0.0,0.0
348,adam,0.014629607960101097,0.2866235884927934,0.5623647484087175,2.0781007697505336,2.5889141104398144e-05,0.003769004071551946,2.5345474330418227e-10,0.0,0.0,0.0,0.0,5.608025212441722,7.14990758895874,0.10040641576051712,0.11590573936700821,0.5467458963394165,1.6761265993118286,1.5672323570470326e-05,0.003408042248338461,2.4127563835740773e-10,0.0,0.0,0.0,0.0
349,adam,0.014521094700021128,0.28572076462930246,0.5624650255326302,2.080217146104382,2.5826036430624945e-05,0.0037488082288614204,2.540168796631491e-10,0.0,0.0,0.0,0.0,5.600599919596026,7.107719421386719,0.09962327778339386,0.11556941270828247,0.5452440977096558,1.6627227067947388,1.564277226862032e-05,0.003402371658012271,2.3381238611897004e-10,0.0,0.0,0.0,0.0
350,adam,0.014393953997040949,0.2837679487082266,0.5605528633440694,2.0729773736769155,2.6117583113392035e-05,0.0037723142848981005,2.580932819613006e-10,0.0,0.0,0.0,0.0,5.586625206855036,7.143383502960205,0.0992443710565567,0.11580771952867508,0.5449262857437134,1.7052197456359863,1.5784458810230717e-05,0.00341270724311471,2.5657287405778106e-10,0.0,0.0,0.0,0.0
351,adam,0.014345403039647688,0.28417280316352844,0.5618587482360101,2.0692483648177116,2.643176148628681e-05,0.003754504776049045,2.655539480068298e-10,0.0,0.0,0.0,0.0,5.581344527582968,7.097744464874268,0.09784077852964401,0.11695733666419983,0.5433676838874817,1.699776291847229,1.581639844516758e-05,0.003419355722144246,2.3147252170563348e-10,0.0,0.0,0.0,0.0
352,adam,0.014239194021830636,0.2821368156902252,0.5615170050051904,2.0570304893678233,2.6577534768993275e-05,0.0037593256622072187,2.4326659862144455e-10,0.0,0.0,0.0,0.0,5.562146217592301,7.104402542114258,0.09801582247018814,0.11597119271755219,0.5445533990859985,1.7003495693206787,1.5753206753288396e-05,0.003418504260480404,2.3396495851812915e-10,0.0,0.0,0.0,0.0
353,adam,0.014107415873196817,0.28154457480676714,0.5586745258300535,2.053180594598093,2.6731477661204764e-05,0.00377214681206932,2.4339629774027297e-10,0.0,0.0,0.0,0.0,5.548853120496196,7.096365928649902,0.09647734463214874,0.11931436508893967,0.5423887968063354,1.738694429397583,1.5947800420690328e-05,0.0033989441581070423,2.3575205676529265e-10,0.0,0.0,0.0,0.0
354,adam,0.014064013627507994,0.28279789849635095,0.5559641622727917,2.042722959672251,2.6804364331896537e-05,0.003773960405059399,2.4383329002850635e-10,0.0,0.0,0.0,0.0,5.532247897117369,6.999950885772705,0.09784988313913345,0.11451636254787445,0.5373876094818115,1.6299701929092407,1.5837658793316223e-05,0.0034008414950221777,2.4258614561567526e-10,0.0,0.0,0.0,0.0
355,adam,0.013971316868499402,0.2797604573349799,0.55666166255551,2.0411336152784285,2.6918832748290903e-05,0.0038038942542287612,2.673788515863346e-10,0.0,0.0,0.0,0.0,5.5317198845648,7.0341057777404785,0.09593342244625092,0.11717827618122101,0.5398899912834167,1.7013241052627563,1.59267019625986e-05,0.003409843659028411,2.528862952377864e-10,0.0,0.0,0.0,0.0
356,adam,0.013875139306389516,0.281613600830878,0.5563671002464909,2.038661660686616,2.7451515228265988e-05,0.0037565870480912346,2.426906628170205e-10,0.0,0.0,0.0,0.0,5.51742721373035,6.988070964813232,0.09713415056467056,0.1129208505153656,0.5363128185272217,1.6339244842529297,1.5897814591880888e-05,0.003441061358898878,2.190811282387628e-10,0.0,0.0,0.0,0.0
357,adam,0.013865514237794184,0.2795510844838235,0.554329018439016,2.0260201615671956,2.7351980245458114e-05,0.0038148327805702727,2.328900405856871e-10,0.0,0.0,0.0,0.0,5.50922123078377,6.958789825439453,0.0956929475069046,0.1156904473900795,0.533514142036438,1.6494890451431274,1.5936437193886377e-05,0.003431539749726653,2.3223162282093313e-10,0.0,0.0,0.0,0.0
358,adam,0.013690064961631452,0.2784027428396286,0.5520100478203066,2.0219123209676435,2.7735443044577785e-05,0.003799620272231198,2.332848860323481e-10,0.0,0.0,0.0,0.0,5.487818333410448,6.9711174964904785,0.09496764838695526,0.1163344457745552,0.5340889096260071,1.6780492067337036,1.61273837875342e-05,0.0034326850436627865,2.1472809641487345e-10,0.0,0.0,0.0,0.0
359,adam,0.013645833358168602,0.278082916813512,0.553667365543304,2.0143669151490733,2.7616859956798444e-05,0.0037676434543344284,2.368111280547405e-10,0.0,0.0,0.0,0.0,5.474536418914795,6.979161739349365,0.09357398748397827,0.11861162632703781,0.5355589389801025,1.7179864645004272,1.6188467270694673e-05,0.0034230565652251244,2.2204213467880152e-10,0.0,0.0,0.0,0.0
360,adam,0.013549184396622642,0.2783712571667087,0.5521476239927353,2.011132897869233,2.8157085551121724e-05,0.0038066774141043425,2.3152803554288818e-10,0.0,0.0,0.0,0.0,5.474917519477106,6.918164253234863,0.09415225684642792,0.11705298721790314,0.531093180179596,1.6545087099075317,1.631582017580513e-05,0.0034375260584056377,2.1127506688589648e-10,0.0,0.0,0.0,0.0
361,adam,0.013470869962005846,0.27876334324959784,0.5511838313071958,2.0050365847925984,2.8304048746283498e-05,0.0038151148436290604,2.278012084522274e-10,0.0,0.0,0.0,0.0,5.466682741718907,6.9780592918396,0.09219818562269211,0.11869372427463531,0.533568799495697,1.7531648874282837,1.652205719437916e-05,0.003448227886110544,2.0717609572340479e-10,0.0,0.0,0.0,0.0
362,adam,0.013399220432244962,0.27591260065955503,0.5476173643142946,1.9977320240389915,2.8827945742147763e-05,0.003861819108527514,2.2778315882233632e-10,0.0,0.0,0.0,0.0,5.453937407462828,6.890557289123535,0.09306246787309647,0.11560655385255814,0.5306533575057983,1.6614575386047363,1.6429754396085627e-05,0.0034368617925792933,2.0782248144612936e-10,0.0,0.0,0.0,0.0
363,adam,0.013300618877814661,0.27567769683176474,0.5499318597778198,1.9946936638124528,2.8579695818705424e-05,0.0037974043178462214,2.1954345778616866e-10,0.0,0.0,0.0,0.0,5.437516612391318,6.865062713623047,0.09318303316831589,0.1143295094370842,0.5296748280525208,1.6350314617156982,1.65376732184086e-05,0.003451046533882618,2.071922633462009e-10,0.0,0.0,0.0,0.0
364,adam,0.01322533199263196,0.2749199165451911,0.547580087377179,1.985966178678697,2.8802785598072072e-05,0.0038013986477087583,2.2105727329280894e-10,0.0,0.0,0.0,0.0,5.419579567447785,6.8750104904174805,0.09096121788024902,0.1175161749124527,0.5286707878112793,1.7055401802062988,1.682263427937869e-05,0.0034353777300566435,2.009073463149491e-10,0.0,0.0,0.0,0.0
365,adam,0.013139526179480937,0.2745387472452656,0.547185133541784,1.9819002574489963,2.9084097707621573e-05,0.003825662184446569,2.2023290180775514e-10,0.0,0.0,0.0,0.0,5.417370980785739,6.796141624450684,0.09222738444805145,0.1139756441116333,0.5270430445671082,1.6041744947433472,1.663889634073712e-05,0.003442650195211172,2.0619039808877915e-10,0.0,0.0,0.0,0.0
366,adam,0.013077319209133425,0.2739938055315325,0.545828265528525,1.9796901633662563,2.8954493656431536e-05,0.0037911748814006005,2.4046428916169396e-10,0.0,0.0,0.0,0.0,5.399835571166007,6.853423595428467,0.09153470396995544,0.1148291602730751,0.5267017483711243,1.669449806213379,1.6866188161657192e-05,0.003475555684417486,2.6117266682668117e-10,0.0,0.0,0.0,0.0
367,adam,0.013011478548569063,0.27314694418061164,0.5445263337704443,1.9685732703055105,2.943536257530908e-05,0.00384964452936284,2.381016633856703e-10,0.0,0.0,0.0,0.0,5.396225098640688,6.833469390869141,0.09055813401937485,0.11489127576351166,0.5268087983131409,1.6749937534332275,1.7075464711524546e-05,0.003480939194560051,2.008835181532831e-10,0.0,0.0,0.0,0.0
368,adam,0.012923137224729984,0.271354861797825,0.5429851739637314,1.9626353479200793,2.9666650481240432e-05,0.0038739995309902777,2.2314769655740554e-10,0.0,0.0,0.0,0.0,5.386203488995952,6.789580821990967,0.08977147936820984,0.11674574017524719,0.5233190655708313,1.6609033346176147,1.721968328638468e-05,0.0034764823503792286,2.252081854337007e-10,0.0,0.0,0.0,0.0
369,adam,0.012855632771407404,0.27270763439516865,0.5415726727054965,1.9592444512151903,2.99970608701246e-05,0.0038570788343467058,2.2913173016653725e-10,0.0,0.0,0.0,0.0,5.375355212919174,6.762790679931641,0.08967369049787521,0.11564955860376358,0.5245104432106018,1.6411715745925903,1.7244865375687368e-05,0.003457737620919943,1.9174251075781967e-10,0.0,0.0,0.0,0.0
370,adam,0.012807463656269735,0.27189717417763126,0.5429414097339876,1.9624813833544332,3.0071508703141233e-05,0.0038293544803896257,2.130266308335428e-10,0.0,0.0,0.0,0.0,5.372584927466608,6.761918067932129,0.08916621655225754,0.11555387824773788,0.5227502584457397,1.6547995805740356,1.7395914255757816e-05,0.0034744851291179657,2.037260776743821e-10,0.0,0.0,0.0,0.0
371,adam,0.012713187584473241,0.27098586145908604,0.5424055476342479,1.9485416719990392,3.002023485380285e-05,0.0038790295140877845,2.1655362807619426e-10,0.0,0.0,0.0,0.0,5.364779226241573,6.7520318031311035,0.08855137974023819,0.1155373826622963,0.5239173769950867,1.6536179780960083,1.7559019397594966e-05,0.0034961868077516556,2.346038363576497e-10,0.0,0.0,0.0,0.0
372,adam,0.012627456968109454,0.2697704828554584,0.5386215717561783,1.9398737684372933,3.008282164368974e-05,0.0038715640548616648,2.152329345216758e-10,0.0,0.0,0.0,0.0,5.338881246505245,6.743468284606934,0.08778224140405655,0.11653272807598114,0.5223141312599182,1.6757187843322754,1.773837357177399e-05,0.003466919995844364,1.8524035083622437e-10,0.0,0.0,0.0,0.0
373,adam,0.012579918778952091,0.2706687128351581,0.5387463983028166,1.9385259651368665,3.044382438313351e-05,0.0038379387584544958,2.3628098536871765e-10,0.0,0.0,0.0,0.0,5.32984415177376,6.706699848175049,0.08742854744195938,0.11666366457939148,0.5191262364387512,1.657743215560913,1.7897829820867628e-05,0.0034679120872169733,1.8626240827490648e-10,0.0,0.0,0.0,0.0
374,adam,0.01249403918101903,0.2695328828788573,0.5410395379989378,1.9297456818242227,3.100258594889554e-05,0.003852551495055518,2.1300271895747934e-10,0.0,0.0,0.0,0.0,5.326313495635986,6.73245096206665,0.08703410625457764,0.11666911095380783,0.5197627544403076,1.6865487098693848,1.80842362169642e-05,0.003488386981189251,1.8304723015116764e-10,0.0,0.0,0.0,0.0
375,adam,0.012451678033797972,0.2688331243491942,0.5356833213760007,1.9260369500806254,3.079754787904676e-05,0.0038689535576850176,2.811912118920233e-10,0.0,0.0,0.0,0.0,5.309393513587214,6.666038513183594,0.08648821711540222,0.1180478185415268,0.5162124037742615,1.6520359516143799,1.8269181964569725e-05,0.003455908503383398,2.151551298235077e-10,0.0,0.0,0.0,0.0
376,adam,0.012395360747412328,0.2681985185030968,0.5346207532190508,1.9222108471778132,3.0725004879998107e-05,0.003852523420186293,2.556795353393693e-10,0.0,0.0,0.0,0.0,5.295557852714293,6.674450397491455,0.08655018359422684,0.11724615097045898,0.5164642333984375,1.6539208889007568,1.8381619156571105e-05,0.0034776919055730104,2.3402038640263356e-10,0.0,0.0,0.0,0.0
377,adam,0.012318739487278846,0.26816920888039375,0.5334539894134768,1.9143960975831555,3.139937824368732e-05,0.0038829400925145994,2.5209047707731186e-10,0.0,0.0,0.0,0.0,5.289988548524918,6.636647701263428,0.08703158050775528,0.11477065831422806,0.5157240033149719,1.6128712892532349,1.8409740732749924e-05,0.0034694522619247437,1.7849682842907555e-10,0.0,0.0,0.0,0.0
378,adam,0.012275811675335131,0.26790733875766876,0.5333480623460585,1.906659072445285,3.154620395845643e-05,0.003909528300526642,2.2137476484557038e-10,0.0,0.0,0.0,0.0,5.2867276437820925,6.622359752655029,0.086597740650177,0.11474572867155075,0.5154021978378296,1.6117713451385498,1.864407204266172e-05,0.0034691705368459225,2.1471383004900702e-10,0.0,0.0,0.0,0.0
379,adam,0.012208634957430823,0.2669244552812269,0.5323870816538411,1.9113876742701377,3.1161892512764394e-05,0.0038803494310066583,2.9667178883780796e-10,0.0,0.0,0.0,0.0,5.27774086306172,6.602755069732666,0.08539915084838867,0.11641435325145721,0.5140102505683899,1.6271244287490845,1.8739043298410252e-05,0.0034647195134311914,1.8579458804790505e-10,0.0,0.0,0.0,0.0
380,adam,0.012154518746800961,0.2665382859206969,0.5300334297841595,1.9000006760320356,3.17068500613283e-05,0.0038949732984145803,2.976944466027304e-10,0.0,0.0,0.0,0.0,5.261149883270264,6.602367877960205,0.08572175353765488,0.1150168627500534,0.5128353834152222,1.6195368766784668,1.8973465557792224e-05,0.003481155028566718,3.0789154559229814e-10,0.0,0.0,0.0,0.0
381,adam,0.012098014144407164,0.26449065487230977,0.5287944953287801,1.890399771351968,3.151962112995886e-05,0.0039057460042738147,3.3394818988971834e-10,0.0,0.0,0.0,0.0,5.244971844457811,6.609341144561768,0.08456254750490189,0.11708156019449234,0.513018012046814,1.655778169631958,1.9367078493814915e-05,0.003471250180155039,1.7854388800753185e-10,0.0,0.0,0.0,0.0
382,adam,0.012049962976767171,0.2659152361654466,0.5306290118925033,1.8897937190148137,3.2038642060680075e-05,0.003912916084030463,4.687489274871149e-09,0.0,0.0,0.0,0.0,5.252707096838182,6.566951274871826,0.08593800663948059,0.1136607974767685,0.5130017399787903,1.578932285308838,1.9173987311660312e-05,0.0034916980657726526,8.969006870529483e-09,0.0,0.0,0.0,0.0
383,adam,0.011998787762657288,0.2637341166696241,0.5273705942015494,1.8890655194559405,3.1992746258883046e-05,0.003901842253042325,4.109936555511807e-09,0.0,0.0,0.0,0.0,5.234672438713812,6.577279567718506,0.08379735797643661,0.11785610765218735,0.5102895498275757,1.6457788944244385,1.9446981241344474e-05,0.0034944319631904364,1.5970031963519205e-09,0.0,0.0,0.0,0.0
384,adam,0.01191021300732128,0.26351318147874647,0.5279477950065367,1.8781391766763502,3.201116892488508e-05,0.00392126144781228,1.8623796483480294e-09,0.0,0.0,0.0,0.0,5.226893317314886,6.5620503425598145,0.08366808295249939,0.11651036888360977,0.5098629593849182,1.6386088132858276,1.9550303477444686e-05,0.0034925935324281454,1.857214715350608e-09,0.0,0.0,0.0,0.0
385,adam,0.011895324373918196,0.2629836826555191,0.5262632898745998,1.8751062654679822,3.216979084461326e-05,0.0038748778958594605,5.854425548736511e-09,0.0,0.0,0.0,0.0,5.206088804429577,6.541712284088135,0.08453304320573807,0.1138266921043396,0.5096968412399292,1.6009104251861572,1.96058681467548e-05,0.003492204239591956,7.099448806613395e-10,0.0,0.0,0.0,0.0
386,adam,0.011850192932592284,0.2624657235799297,0.5238903164863586,1.865385801561417,3.217261837562546e-05,0.003906332069046555,2.088796854120771e-09,0.0,0.0,0.0,0.0,5.195209441646453,6.546472549438477,0.08293019980192184,0.1174270436167717,0.5083634853363037,1.6534868478775024,1.9981229343102314e-05,0.003460816340520978,3.2519105186423758e-09,0.0,0.0,0.0,0.0
387,adam,0.01180484467336247,0.2621835301960668,0.5231995621035176,1.8660826298498339,3.256107124944984e-05,0.003937315691502825,5.967052640529124e-09,0.0,0.0,0.0,0.0,5.2002059567359185,6.528783321380615,0.0830998420715332,0.11582013219594955,0.5074836015701294,1.6314688920974731,2.0135290469625033e-05,0.003483621636405587,3.423544825409408e-08,0.0,0.0,0.0,0.0
388,adam,0.011717327059276642,0.26113599875280935,0.5254546057793402,1.8668846007316344,3.249228440484242e-05,0.00386632599627539,7.913719764621633e-09,0.0,0.0,0.0,0.0,5.18479274934338,6.522715091705322,0.08251974731683731,0.11733435094356537,0.505770206451416,1.640073299407959,2.0308394596213475e-05,0.003495953045785427,1.6745574926702034e-09,0.0,0.0,0.0,0.0
389,adam,0.011696513441781844,0.26068391915290584,0.5226788655404122,1.85309676970205,3.3011454610048885e-05,0.003968534465398519,6.485712558410644e-10,0.0,0.0,0.0,0.0,5.18745949960524,6.510293483734131,0.0827765241265297,0.11570735275745392,0.5067861080169678,1.6234219074249268,2.0460665837163106e-05,0.0034875168930739164,7.978962490717834e-10,0.0,0.0,0.0,0.0
390,adam,0.011635772343124113,0.25980431370196805,0.519824932659826,1.852487721750813,3.3106924092862755e-05,0.003960828124094875,1.1954613925124398e-09,0.0,0.0,0.0,0.0,5.173756245643862,6.45730447769165,0.08301498740911484,0.11468566209077835,0.5040809512138367,1.5735682249069214,2.0406201656442136e-05,0.0034929027315229177,4.107717277435086e-09,0.0,0.0,0.0,0.0
391,adam,0.011591103769117785,0.2606230805958471,0.522644228512241,1.8522934182997672,3.270246534450581e-05,0.0038921267560292636,3.481221473275722e-09,0.0,0.0,0.0,0.0,5.16404176527454,6.490001678466797,0.08246484398841858,0.11488838493824005,0.5060797333717346,1.6121066808700562,2.0758636310347356e-05,0.003501804545521736,1.7965410492593037e-08,0.0,0.0,0.0,0.0
392,adam,0.011569100131671275,0.2593145836745539,0.5171528862368676,1.842916311756257,3.345517067035901e-05,0.003925865155554587,5.129079067381449e-09,0.0,0.0,0.0,0.0,5.145043126998409,6.500424861907959,0.0810893103480339,0.11776001751422882,0.5023683905601501,1.6627968549728394,2.1005123926443048e-05,0.0035065975971519947,1.0952613260784005e-09,0.0,0.0,0.0,0.0
393,adam,0.011490425215132775,0.25890916441717454,0.5224840410294072,1.834301314046306,3.328526907998528e-05,0.0039357169411115105,4.4264262416728084e-10,0.0,0.0,0.0,0.0,5.1500661450047645,6.488714218139648,0.08154664933681488,0.11530937254428864,0.5037473440170288,1.6407824754714966,2.1078440113342367e-05,0.0035029982682317495,3.616612842538558e-10,0.0,0.0,0.0,0.0
394,adam,0.011491574437147187,0.2587421651809446,0.5191068226291288,1.8370219622888873,3.331153892495129e-05,0.0039509685725093845,9.957722363519761e-09,0.0,0.0,0.0,0.0,5.1472578048706055,6.473686695098877,0.08130340278148651,0.11545870453119278,0.5022733211517334,1.6379501819610596,2.1349878807086498e-05,0.003496672725304961,5.658955082310513e-09,0.0,0.0,0.0,0.0
395,adam,0.011450602763122129,0.25842853371174107,0.5173752375187413,1.8321484135043236,3.3004937581755524e-05,0.00393633326635726,2.5980313993335633e-09,0.0,0.0,0.0,0.0,5.131911062425183,6.445915222167969,0.0805538147687912,0.11789907515048981,0.5003920197486877,1.63472318649292,2.1535401174332947e-05,0.0034854155965149403,6.238091709853677e-10,0.0,0.0,0.0,0.0
396,adam,0.011416944194464915,0.257158552446673,0.5141816158448497,1.8234448509831582,3.367017768229538e-05,0.003949063724928325,6.613589899743147e-10,0.0,0.0,0.0,0.0,5.114284730726673,6.426455974578857,0.080589160323143,0.11694659292697906,0.5001927018165588,1.6159391403198242,2.1638614271068946e-05,0.003490757429972291,9.860108285408842e-10,0.0,0.0,0.0,0.0
397,adam,0.011361308666246553,0.2557618401704296,0.5136577063991178,1.8222617218571324,3.360209073786879e-05,0.003964482603835002,6.426380469437554e-09,0.0,0.0,0.0,0.0,5.111273596363683,6.438658237457275,0.08067111670970917,0.11735886335372925,0.5002251863479614,1.6233311891555786,2.1771498722955585e-05,0.003495865035802126,2.234875928763813e-08,0.0,0.0,0.0,0.0
398,adam,0.011294098150345587,0.25559746546130024,0.5135104329355301,1.8152268894257084,3.386881824905774e-05,0.003979495734036449,4.028363623858628e-09,0.0,0.0,0.0,0.0,5.105254711643342,6.418807029724121,0.07933049649000168,0.11861953884363174,0.4977276921272278,1.6471636295318604,2.2178119252203032e-05,0.0034859939478337765,9.036774661907998e-10,0.0,0.0,0.0,0.0
399,adam,0.01129152706914371,0.256218143047825,0.5135105781016811,1.813798504491006,3.4430884390472315e-05,0.0039458916627711825,8.109737657399193e-10,0.0,0.0,0.0,0.0,5.096620390492101,6.407314777374268,0.08030428737401962,0.11524498462677002,0.49915918707847595,1.6076984405517578,2.211983701272402e-05,0.003503865795210004,4.59583288092702e-10,0.0,0.0,0.0,0.0
400,adam,0.01116954345977114,0.25452363394921823,0.5111826792840035,1.8114866595114432,3.414970272006617e-05,0.004064973255979919,6.068051329833508e-07,0.0,0.0,0.0,0.0,5.404721398507395,7.249833583831787,0.08086350560188293,0.11252663284540176,0.4962230622768402,1.552017092704773,2.2398584405891597e-05,0.003534681862220168,3.017608385391668e-10,0.0,0.0,0.0,0.0
401,adam,0.011019456320472302,0.2535893503696688,0.5107245108773631,1.8127040593854842,3.4651174041021975e-05,0.004085631612988729,3.159741275795117e-08,0.0,0.0,0.0,0.0,5.402358455042685,7.205061435699463,0.07785065472126007,0.11909321695566177,0.4952661097049713,1.6122621297836304,2.2943302610656247e-05,0.003511271206662059,3.853340424520013e-10,0.0,0.0,0.0,0.0
402,adam,0.010930700798428828,0.25357772938666806,0.5085185631628959,1.805593086827186,3.5099610437511375e-05,0.004108798194436296,1.29677795204517e-09,0.0,0.0,0.0,0.0,5.391086562987296,7.18463134765625,0.07680835574865341,0.1195899248123169,0.4933580756187439,1.6314232349395752,2.3203701857710257e-05,0.0035236231051385403,1.9979058685226647e-10,0.0,0.0,0.0,0.0
403,adam,0.010866202624334444,0.25216975231324473,0.5076687691673156,1.8008078567443355,3.5078456881643844e-05,0.004082185997357292,1.933277427035307e-10,0.0,0.0,0.0,0.0,5.371508659855012,7.166256904602051,0.07701887935400009,0.11941457539796829,0.49108701944351196,1.6144189834594727,2.3634936951566488e-05,0.0035173497162759304,1.5291620747426293e-10,0.0,0.0,0.0,0.0
404,adam,0.010758945357895667,0.25166709624951883,0.5083273735738569,1.794267173736326,3.5222817748417e-05,0.00407225179726318,1.673817410839259e-10,0.0,0.0,0.0,0.0,5.359256175256545,7.121760368347168,0.07684418559074402,0.11867500841617584,0.4906608760356903,1.5820930004119873,2.387857239227742e-05,0.0035099724773317575,1.6360453269914643e-10,0.0,0.0,0.0,0.0
405,adam,0.010703682298621824,0.2510087788105011,0.5090977068870298,1.797687695872399,3.592912663964765e-05,0.004070904646669665,1.6098065935832295e-10,0.0,0.0,0.0,0.0,5.361689029201385,7.132928848266602,0.07584229111671448,0.1200387179851532,0.49031275510787964,1.6233609914779663,2.4101085728034377e-05,0.003525290172547102,1.64303487482087e-10,0.0,0.0,0.0,0.0
406,adam,0.010607003324454831,0.24964289703676779,0.5057163873026448,1.7944139088353803,3.60425490784579e-05,0.0040915596914748035,1.598051364176857e-10,0.0,0.0,0.0,0.0,5.346967866343837,7.090540885925293,0.07619739323854446,0.11729786545038223,0.488528847694397,1.5770206451416016,2.423866681056097e-05,0.003538326360285282,1.5845968981409442e-10,0.0,0.0,0.0,0.0
407,adam,0.010572354008834208,0.24999097374177748,0.5034576000705842,1.7899770082965973,3.5957561903482966e-05,0.0040943416796865,1.597594256706702e-10,0.0,0.0,0.0,0.0,5.3356512131229525,7.025109767913818,0.0748119205236435,0.11877896636724472,0.4865495562553406,1.5726497173309326,2.46809304371709e-05,0.003512035356834531,1.5157755606232115e-10,0.0,0.0,0.0,0.0
408,adam,0.010502478498364649,0.24906407969613228,0.5037122772585961,1.7882370525790798,3.616723458230075e-05,0.0041261481556801064,1.5782653544286817e-10,0.0,0.0,0.0,0.0,5.338276232442548,7.029844284057617,0.07477488368749619,0.1186055988073349,0.4875304102897644,1.5757914781570435,2.505180236767046e-05,0.0035123787820339203,1.4921755497887546e-10,0.0,0.0,0.0,0.0
409,adam,0.01045818807136628,0.24910592311812985,0.5002119973782571,1.7799646892855245,3.611047061220292e-05,0.004082985590362261,1.5561886053976563e-10,0.0,0.0,0.0,0.0,5.306610722695628,7.024496078491211,0.07421781122684479,0.11916398257017136,0.4856885075569153,1.5975897312164307,2.541727189964149e-05,0.0035008348058909178,1.5049461676852616e-10,0.0,0.0,0.0,0.0
410,adam,0.010377786933414398,0.24879299632964597,0.4999602360110129,1.7786946835056427,3.7083475152969424e-05,0.004122201713823503,1.583342252112297e-10,0.0,0.0,0.0,0.0,5.3112934635531515,6.999387264251709,0.07441792637109756,0.1170029267668724,0.4841817319393158,1.56546151638031,2.5543899027979933e-05,0.003538775257766247,1.4700532458000737e-10,0.0,0.0,0.0,0.0
411,adam,0.010342824963792678,0.24841453711832723,0.4994520852642675,1.7818677886839835,3.685635965666734e-05,0.004127387332940294,1.5503221824588311e-10,0.0,0.0,0.0,0.0,5.312171074651903,7.007326602935791,0.0737268403172493,0.11809980124235153,0.4848932921886444,1.6000932455062866,2.6232008167426102e-05,0.0035115669015794992,1.5004791853456823e-10,0.0,0.0,0.0,0.0
412,adam,0.010276784880026694,0.24768887412163518,0.49857202845235027,1.7792341401500087,3.72717413777155e-05,0.00413896517467595,1.555829940686822e-10,0.0,0.0,0.0,0.0,5.305963347035069,6.98866605758667,0.07255955040454865,0.12013670802116394,0.48288315534591675,1.6301791667938232,2.6455616534803994e-05,0.003493446623906493,1.4524237368362947e-10,0.0,0.0,0.0,0.0
413,adam,0.01024307397704932,0.24733115059714164,0.49818409931275154,1.7706479295607536,3.702522935195556e-05,0.004122559536969469,1.518516016335032e-10,0.0,0.0,0.0,0.0,5.2896471792651765,6.97594690322876,0.07216552644968033,0.12130004167556763,0.4814395606517792,1.6273314952850342,2.652711009432096e-05,0.0035202843137085438,1.4958413674381887e-10,0.0,0.0,0.0,0.0
414,adam,0.010181622339352485,0.24616449782925268,0.496475568702144,1.7688491536724953,3.7295228755664863e-05,0.0041105718982796515,1.5432204125698235e-10,0.0,0.0,0.0,0.0,5.275017046159314,6.933411121368408,0.07243379950523376,0.11875665932893753,0.47964563965797424,1.5876057147979736,2.6941599571728148e-05,0.003516516415402293,1.556153400583682e-10,0.0,0.0,0.0,0.0
415,adam,0.010132955056765387,0.24563901558999093,0.4973007911635983,1.7666162713881461,3.76639099774747e-05,0.004117797391729489,1.5457897327744449e-10,0.0,0.0,0.0,0.0,5.27430929676179,6.94216775894165,0.07173660397529602,0.12003639340400696,0.4803936779499054,1.6159086227416992,2.7173047783435322e-05,0.0035181245766580105,1.435814384054268e-10,0.0,0.0,0.0,0.0
416,adam,0.01007869929796265,0.24549056685739948,0.49778910029319023,1.7633628729851014,3.7903091241230045e-05,0.004138502487612348,1.4813882244546853e-10,0.0,0.0,0.0,0.0,5.2754580590032765,6.918903827667236,0.07045366615056992,0.12056127935647964,0.47917309403419495,1.6483790874481201,2.7652788048726507e-05,0.0034915150608867407,1.433368979064653e-10,0.0,0.0,0.0,0.0
417,adam,0.010056220686003085,0.2446148895448254,0.49478968785655114,1.7563009492812618,3.792819517266546e-05,0.00414963185246433,1.5027639795633034e-10,0.0,0.0,0.0,0.0,5.259286449801538,6.873843193054199,0.07150722295045853,0.11752895265817642,0.47905123233795166,1.5653345584869385,2.782461160677485e-05,0.0035237702541053295,1.4200556008869825e-10,0.0,0.0,0.0,0.0
418,adam,0.009990201902485663,0.24466335436990183,0.49216547512239023,1.7565808373112832,3.8104195893186356e-05,0.004129660195640979,1.5026830049097976e-10,0.0,0.0,0.0,0.0,5.244306410512617,6.861049652099609,0.07019495218992233,0.12031950056552887,0.4752306342124939,1.6096950769424438,2.8294467483647168e-05,0.003506833454594016,1.41833211841913e-10,0.0,0.0,0.0,0.0
419,adam,0.009947503376151285,0.2447899147387474,0.4908806845065086,1.753640074883738,3.8125778261136504e-05,0.004083813941707054,1.503134256848839e-10,0.0,0.0,0.0,0.0,5.2244369599127,6.865511417388916,0.07077795267105103,0.11643105000257492,0.4772537350654602,1.590704321861267,2.840321758412756e-05,0.0035236943513154984,1.497603707711903e-10,0.0,0.0,0.0,0.0
420,adam,0.009856932165641938,0.2422061086662354,0.4919689326517044,1.7435193792466195,3.814298507941496e-05,0.004128606178827824,1.5454961056446662e-10,0.0,0.0,0.0,0.0,5.219934586555727,6.884113311767578,0.06976031512022018,0.11980566382408142,0.47600284218788147,1.6449482440948486,2.879266503441613e-05,0.0035118365194648504,1.408120425816506e-10,0.0,0.0,0.0,0.0
421,adam,0.009853739501728166,0.2429308900910039,0.48954639607860195,1.744695532706476,3.849956567958749e-05,0.004153444499318157,1.462387191628683e-10,0.0,0.0,0.0,0.0,5.221670227666055,6.792181015014648,0.07057426869869232,0.11629129201173782,0.47595563530921936,1.534863829612732,2.9169821573304944e-05,0.003507329151034355,1.3899022210939194e-10,0.0,0.0,0.0,0.0
422,adam,0.009796814061701298,0.2420015469674141,0.48870916231986017,1.7430271333263767,3.907872228263577e-05,0.004144609049563447,1.5385738785162455e-10,0.0,0.0,0.0,0.0,5.211405554125386,6.79799222946167,0.06929647922515869,0.1186012402176857,0.47396907210350037,1.5847865343093872,2.9378999897744507e-05,0.0035185380838811398,1.4676770909716197e-10,0.0,0.0,0.0,0.0
423,adam,0.009758771577429387,0.24098111352612894,0.4878679610067798,1.7344798349565076,3.883288058380957e-05,0.0041328587779595,1.4776511063128592e-10,0.0,0.0,0.0,0.0,5.193414088218443,6.79910135269165,0.06920319050550461,0.11734852939844131,0.47488945722579956,1.5889289379119873,2.982423029607162e-05,0.003518114797770977,1.5867565594795963e-10,0.0,0.0,0.0,0.0
424,adam,0.009726298612452323,0.24152049278059312,0.48717610874483663,1.7382646683723695,3.8927666478670174e-05,0.0041299566866890075,1.527889423403478e-10,0.0,0.0,0.0,0.0,5.194449363216277,6.779644966125488,0.06823498010635376,0.11983390897512436,0.47103944420814514,1.6195138692855835,3.020716212631669e-05,0.0034836234990507364,1.4147549798337877e-10,0.0,0.0,0.0,0.0
425,adam,0.009685568361272734,0.2419590748125507,0.4860324013617731,1.7334243212976763,3.8993899051415466e-05,0.004145363616126199,1.4961614160852714e-10,0.0,0.0,0.0,0.0,5.189316580372472,6.758120536804199,0.06739495694637299,0.12085127085447311,0.4701690375804901,1.6317156553268433,3.054124681511894e-05,0.0034736611414700747,1.3801831899584727e-10,0.0,0.0,0.0,0.0
426,adam,0.009643651484962433,0.23960958613503364,0.4860028682216521,1.7327060622553672,3.94627109457243e-05,0.004113481740557378,1.4450238810185866e-10,0.0,0.0,0.0,0.0,5.174208410324589,6.741128921508789,0.06872499734163284,0.11731387674808502,0.4711073040962219,1.564223289489746,3.073241168749519e-05,0.0035040888469666243,1.3544550203636874e-10,0.0,0.0,0.0,0.0
427,adam,0.009583477982349934,0.23949029416807235,0.48545848650317036,1.7225985680857012,3.9830241392689545e-05,0.0042240921738407305,1.4161377044137836e-10,0.0,0.0,0.0,0.0,5.187853966989825,6.7373127937316895,0.06651414930820465,0.12230068445205688,0.46951910853385925,1.638617753982544,3.1162660889094695e-05,0.0034874542616307735,1.3577049207125214e-10,0.0,0.0,0.0,0.0
428,adam,0.009567570932690174,0.23954611487926974,0.4834760908157595,1.7245185798214329,4.0025206779377655e-05,0.004178949766942571,1.4217219516361241e-10,0.0,0.0,0.0,0.0,5.172011206226964,6.764411926269531,0.06643809378147125,0.12149962037801743,0.4696742594242096,1.6723507642745972,3.168314651702531e-05,0.0034716424997895956,1.3695891643017433e-10,0.0,0.0,0.0,0.0
429,adam,0.009532314725220203,0.2395393209111306,0.4823503465421738,1.7194486510369085,3.985398753655083e-05,0.004143697449997548,1.4276057531466492e-10,0.0,0.0,0.0,0.0,5.153021797057121,6.72139835357666,0.0671277716755867,0.11762236803770065,0.4706174433231354,1.6053259372711182,3.186767935403623e-05,0.003494159085676074,1.3624754102714576e-10,0.0,0.0,0.0,0.0
430,adam,0.009493903767678046,0.2389024010589046,0.48338667327357876,1.7207617221340057,4.0041303192640866e-05,0.004122146495407627,1.401114976728296e-10,0.0,0.0,0.0,0.0,5.149387928747362,6.72672176361084,0.06585541367530823,0.12046593427658081,0.46821829676628113,1.6626996994018555,3.23327949445229e-05,0.00347238895483315,1.367702617827149e-10,0.0,0.0,0.0,0.0
431,adam,0.009432380267929646,0.23760066541933245,0.4825789870754365,1.7190201205592002,4.027368953346365e-05,0.00418346289605383,1.410618888722604e-10,0.0,0.0,0.0,0.0,5.155835305490801,6.672354221343994,0.06637034565210342,0.11857637017965317,0.46935606002807617,1.5883407592773438,3.270875822636299e-05,0.0034868470393121243,1.3581424873621017e-10,0.0,0.0,0.0,0.0
432,adam,0.009395294101728548,0.23754131745907567,0.48071139089522824,1.7114664354631979,4.0055613123601486e-05,0.004158470261421415,1.411538395129104e-10,0.0,0.0,0.0,0.0,5.134440637403919,6.700183391571045,0.06479174643754959,0.12283174693584442,0.4657464325428009,1.677405834197998,3.2911972084548324e-05,0.0034729077015072107,1.3283441013811625e-10,0.0,0.0,0.0,0.0
433,adam,0.009370061719129163,0.2374368555122806,0.4835267903343324,1.7117324221518733,4.0835165207447004e-05,0.004181243381613205,1.4093208231249415e-10,0.0,0.0,0.0,0.0,5.148200604223436,6.623152256011963,0.06567899137735367,0.11941231042146683,0.4650155305862427,1.5781687498092651,3.32158051605802e-05,0.0034796870313584805,1.349629435987154e-10,0.0,0.0,0.0,0.0
434,adam,0.009367555049398252,0.23720085380538816,0.48035675960202373,1.7088088681620937,4.088749964496181e-05,0.004166244634337003,1.4507290216795562e-10,0.0,0.0,0.0,0.0,5.131239075814524,6.639291763305664,0.06559726595878601,0.11898376792669296,0.465020090341568,1.6004642248153687,3.379565168870613e-05,0.0034667851869016886,1.6857557016969338e-10,0.0,0.0,0.0,0.0
435,adam,0.009302393082649477,0.23597486557499056,0.4775510065017208,1.7046572277622838,4.103582813836364e-05,0.004189591899874711,1.4279657474390897e-10,0.0,0.0,0.0,0.0,5.11950825106713,6.621455669403076,0.06528007239103317,0.11967165023088455,0.46336227655410767,1.5932050943374634,3.3905762393260375e-05,0.0034865192137658596,1.3216526484338686e-10,0.0,0.0,0.0,0.0
436,adam,0.009296406360883866,0.23621533763024113,0.4767821729183197,1.7037332596317414,4.095572360036444e-05,0.004150184907860333,1.37113311296242e-10,0.0,0.0,0.0,0.0,5.106470184941446,6.578606605529785,0.06567041575908661,0.1160958930850029,0.4653833210468292,1.5390559434890747,3.4333268558839336e-05,0.0034853473771363497,1.360245804882254e-10,0.0,0.0,0.0,0.0
437,adam,0.009217986146048192,0.2358886815847889,0.4813260099580211,1.7031455924434047,4.101714758660584e-05,0.00420878421995909,1.4043005871059338e-10,0.0,0.0,0.0,0.0,5.130894291785456,6.5684814453125,0.06486604362726212,0.11726148426532745,0.46444106101989746,1.5573862791061401,3.464180917944759e-05,0.0034898105077445507,1.3562009848477885e-10,0.0,0.0,0.0,0.0
438,adam,0.009194931315798913,0.23510712240972825,0.47721856640231225,1.6932207461326354,4.1545239054680534e-05,0.0041897835044731055,1.388957197464676e-10,0.0,0.0,0.0,0.0,5.101173385497062,6.592273235321045,0.06322528421878815,0.12143709510564804,0.4617519676685333,1.6393548250198364,3.50759582943283e-05,0.0034872700925916433,1.4272716342134117e-10,0.0,0.0,0.0,0.0
439,adam,0.009176469888658292,0.23480363959266293,0.4758575693253548,1.6914540221614223,4.14739559111636e-05,0.0041868551559145414,1.441338643419633e-10,0.0,0.0,0.0,0.0,5.093146939431468,6.538445949554443,0.0643683597445488,0.11724815517663956,0.4611712694168091,1.5549882650375366,3.5187073081033304e-05,0.0034922061022371054,1.300275026538955e-10,0.0,0.0,0.0,0.0
440,adam,0.009115414183226324,0.23442781836755813,0.4737607875177937,1.6859352281016688,4.147498158647889e-05,0.004205099066659328,1.4145400218540562e-10,0.0,0.0,0.0,0.0,5.082688008585284,6.5409040451049805,0.06296513974666595,0.12011656165122986,0.4614223539829254,1.6087048053741455,3.5784825740847737e-05,0.0034612277522683144,1.2797476967030263e-10,0.0,0.0,0.0,0.0
441,adam,0.009070378007186998,0.2341075457872883,0.4732863066657897,1.6863587902438255,4.129446660367502e-05,0.0041915670923528174,1.4075772223414736e-10,0.0,0.0,0.0,0.0,5.07584265739687,6.528363227844238,0.06298268586397171,0.12093386054039001,0.4586349129676819,1.5975278615951538,3.605425081332214e-05,0.0034808560740202665,1.2938650151284037e-10,0.0,0.0,0.0,0.0
442,adam,0.009059952752244088,0.2342048748846977,0.47339259520653754,1.6835704234338575,4.190090088917303e-05,0.004183903892314242,1.3857272453166394e-10,0.0,0.0,0.0,0.0,5.071425945528092,6.508229732513428,0.06324466317892075,0.11852523684501648,0.45926687121391296,1.5694352388381958,3.649016434792429e-05,0.0034888717345893383,1.2551767958335347e-10,0.0,0.0,0.0,0.0
443,adam,0.009012705346028651,0.23386741357464944,0.4718623228611485,1.6799069258474535,4.1939097554272704e-05,0.004190386761160147,1.3514419265569708e-10,0.0,0.0,0.0,0.0,5.062223326775335,6.536087512969971,0.061484768986701965,0.12284961342811584,0.4587641656398773,1.6553356647491455,3.684034163597971e-05,0.003476691897958517,1.2698279927558787e-10,0.0,0.0,0.0,0.0
444,adam,0.009010805538104426,0.23357436829997646,0.470946898383479,1.677399842969833,4.214911584107716e-05,0.004168341987796368,1.3456646258761064e-10,0.0,0.0,0.0,0.0,5.050693881127142,6.524541854858398,0.061825886368751526,0.12099537998437881,0.4592258632183075,1.629642128944397,3.7230380257824436e-05,0.0034947888925671577,1.5230107452968156e-10,0.0,0.0,0.0,0.0
445,adam,0.008949024993325434,0.23187224663073017,0.46964899762984247,1.6808964783145535,4.236472511453734e-05,0.004189429984938714,1.394645443038166e-10,0.0,0.0,0.0,0.0,5.050029600820234,6.513889789581299,0.06091798096895218,0.12316565960645676,0.45783284306526184,1.6550772190093994,3.753419514396228e-05,0.0034805978648364544,1.5407650155729868e-10,0.0,0.0,0.0,0.0
446,adam,0.008920902701755684,0.2320478356653644,0.4688062148709451,1.6714938417557748,4.227720003860492e-05,0.004169379466123158,1.3456761601084568e-10,0.0,0.0,0.0,0.0,5.031950166148524,6.4629225730896,0.06146252900362015,0.11864173412322998,0.45619043707847595,1.596582293510437,3.783999272854999e-05,0.003494097851216793,1.237555058430928e-10,0.0,0.0,0.0,0.0
447,adam,0.008894909383548845,0.23124498225027515,0.4724686655306047,1.6703856875819545,4.2223691355414505e-05,0.0041650398108627525,1.3439050320613661e-10,0.0,0.0,0.0,0.0,5.038122884688839,6.4661102294921875,0.0621727891266346,0.11706085503101349,0.45789915323257446,1.5704578161239624,3.823011866188608e-05,0.0035008445847779512,1.3926071407155405e-10,0.0,0.0,0.0,0.0
448,adam,0.008839729407261456,0.22974263756505905,0.46873215802254214,1.6631840851999098,4.2509357186762856e-05,0.004215655517914603,1.4049743760875317e-10,0.0,0.0,0.0,0.0,5.027207066935878,6.438661575317383,0.06091078370809555,0.12075402587652206,0.45367079973220825,1.5963572263717651,3.8684440369252115e-05,0.0034915748983621597,1.2504698665427583e-10,0.0,0.0,0.0,0.0
449,adam,0.008841469433278806,0.2312541498291877,0.46620754464980096,1.6653165394260037,4.317294271107042e-05,0.004230111086320492,1.365398130580958e-10,0.0,0.0,0.0,0.0,5.028934817160329,6.397478103637695,0.06076551228761673,0.11950256675481796,0.4540872871875763,1.56210196018219,3.9043035940267146e-05,0.003494729520753026,1.2519395242716058e-10,0.0,0.0,0.0,0.0
450,adam,0.008778277784585953,0.23090773532467504,0.4668470649949966,1.666802994666561,4.274774677938812e-05,0.004208192281845597,1.40609565209864e-10,0.0,0.0,0.0,0.0,5.023586350102579,6.3701605796813965,0.06154707074165344,0.11760110408067703,0.45526400208473206,1.5042650699615479,3.934957203455269e-05,0.003509140806272626,1.278857159059399e-10,0.0,0.0,0.0,0.0
451,adam,0.008764453157181702,0.2300629202396639,0.46524435377890067,1.6604253284392818,4.3050545613251387e-05,0.0042091235518455505,1.412716449199169e-10,0.0,0.0,0.0,0.0,5.010267473036243,6.375210762023926,0.06041664630174637,0.11862552911043167,0.45339369773864746,1.5507749319076538,3.985077273682691e-05,0.003518200246617198,1.5121008611895803e-10,0.0,0.0,0.0,0.0
452,adam,0.008711689662548804,0.23038446807092236,0.4667303975551359,1.6538635723052486,4.316602421421257e-05,0.004196879837001043,1.5227801322770956e-10,0.0,0.0,0.0,0.0,5.003619501667638,6.366918087005615,0.0591348260641098,0.12244822829961777,0.45220252871513367,1.591582179069519,4.039757186546922e-05,0.003489181399345398,2.9740110374376627e-10,0.0,0.0,0.0,0.0
453,adam,0.008676349380684475,0.22820179597023996,0.4645917002231844,1.647846879497651,4.331725921797296e-05,0.004195639698375617,1.6337686512797107e-10,0.0,0.0,0.0,0.0,4.984876325053554,6.340151786804199,0.0601254478096962,0.11732389032840729,0.45322850346565247,1.5368990898132324,4.090978836757131e-05,0.0034898847807198763,1.752922806907975e-10,0.0,0.0,0.0,0.0
454,adam,0.008662653726435477,0.2278240486498802,0.46300973046210503,1.648971603762719,4.364283438096003e-05,0.004234817945548604,1.4028621879749467e-10,0.0,0.0,0.0,0.0,4.990058406706779,6.3313422203063965,0.05937540903687477,0.12039045989513397,0.45110946893692017,1.5582160949707031,4.1113264160230756e-05,0.003478148952126503,1.1940817778999246e-10,0.0,0.0,0.0,0.0
455,adam,0.008627311431712682,0.22863790248670884,0.4626933576599244,1.6487027329783286,4.4040773049815586e-05,0.004221699020314601,1.3257342468443778e-10,0.0,0.0,0.0,0.0,4.986041715068202,6.3340935707092285,0.05924132466316223,0.11800121515989304,0.4520300328731537,1.5564814805984497,4.152785550104454e-05,0.0035234272945672274,1.3663253861651015e-10,0.0,0.0,0.0,0.0
456,adam,0.008605025483355407,0.22872477193032542,0.4622607413799532,1.645268617137786,4.3785017506677594e-05,0.004239603689300918,1.4959515302131483e-10,0.0,0.0,0.0,0.0,4.984959040918658,6.313333511352539,0.05814484879374504,0.1216573566198349,0.4496428966522217,1.5821030139923096,4.1899893403751776e-05,0.0034959143958985806,1.2463644005755725e-10,0.0,0.0,0.0,0.0
457,adam,0.008579382357457954,0.22730658083192765,0.4612901508808136,1.643597791271825,4.415979058267699e-05,0.004220772098990217,1.626726692417802e-10,0.0,0.0,0.0,0.0,4.971815401507962,6.329080104827881,0.058246225118637085,0.12015030533075333,0.4500984251499176,1.594480037689209,4.2453455534996465e-05,0.0034985020756721497,1.609251343293039e-10,0.0,0.0,0.0,0.0
458,adam,0.008545834255675155,0.2280177954704531,0.46043252560400194,1.6374118789549796,4.447133406140511e-05,0.004236903417134477,1.4441423975123273e-10,0.0,0.0,0.0,0.0,4.967280095623385,6.287014961242676,0.05817978084087372,0.11903063952922821,0.4495333135128021,1.5588399171829224,4.274801176507026e-05,0.003503008047118783,1.44480732933161e-10,0.0,0.0,0.0,0.0
459,adam,0.008519487425444587,0.22749934946337053,0.45965425429805634,1.635310249943887,4.432726094702018e-05,0.004217629996879447,1.4803212285007286e-10,0.0,0.0,0.0,0.0,4.95575229583248,6.284132480621338,0.05808798596262932,0.11938517540693283,0.4486145079135895,1.5655966997146606,4.3206109694438055e-05,0.003484792308881879,1.231209717511561e-10,0.0,0.0,0.0,0.0
460,adam,0.008486026747813147,0.22692317395440995,0.46017973846004856,1.6347665479106288,4.4399143887623665e-05,0.004236753639434615,1.4553864654650332e-10,0.0,0.0,0.0,0.0,4.959229361626409,6.2505974769592285,0.057693786919116974,0.11830046027898788,0.44879403710365295,1.5466516017913818,4.354807606432587e-05,0.0034936696756631136,1.2024564677304284e-10,0.0,0.0,0.0,0.0
461,adam,0.008465916278862184,0.22619306416280807,0.4581759427824328,1.6289197283406411,4.4525847882933675e-05,0.004224376700397941,1.3126883272130568e-10,0.0,0.0,0.0,0.0,4.94179416471912,6.251423358917236,0.05761534348130226,0.11843370646238327,0.44783610105514526,1.553572654724121,4.4021871872246265e-05,0.0034896850120276213,1.1409783534643836e-10,0.0,0.0,0.0,0.0
462,adam,0.00841619984637345,0.22606597215898575,0.4569986741388998,1.6332669488845333,4.431546814533161e-05,0.004207766494683681,1.6747293874266968e-10,0.0,0.0,0.0,0.0,4.93631266009423,6.2366251945495605,0.05674627050757408,0.12199100106954575,0.44515344500541687,1.5693432092666626,4.4409876863937825e-05,0.003496791934594512,2.220866823776646e-10,0.0,0.0,0.0,0.0
463,adam,0.008389405305347136,0.22528612565609715,0.45714002463125414,1.63022138995509,4.5297664098231305e-05,0.00421544078046516,1.4693320529813475e-10,0.0,0.0,0.0,0.0,4.93338071146319,6.216794967651367,0.056784484535455704,0.11915671080350876,0.4472368359565735,1.5462703704833984,4.499962233239785e-05,0.0035042392555624247,1.4347925625379787e-10,0.0,0.0,0.0,0.0
464,adam,0.008372047255116125,0.22466674254786584,0.45625468415598713,1.6247137631139448,4.4477536228500427e-05,0.004187644586988514,1.4107647823244632e-10,0.0,0.0,0.0,0.0,4.915663026994275,6.219880104064941,0.056626446545124054,0.11951874941587448,0.445446252822876,1.5536736249923706,4.522619565250352e-05,0.0035273609682917595,1.2884052158490533e-10,0.0,0.0,0.0,0.0
465,adam,0.00833234109825665,0.2249865613637432,0.4547200616328947,1.6206977944220267,4.531897361777092e-05,0.004271085013545329,1.3221019082388535e-10,0.0,0.0,0.0,0.0,4.927606228859194,6.185058116912842,0.056121375411748886,0.11958327144384384,0.4460207223892212,1.5453745126724243,4.5751894504064694e-05,0.003489644266664982,1.3960228806286779e-10,0.0,0.0,0.0,0.0
466,adam,0.0083115519354901,0.22407841345956248,0.45299068766255535,1.6164163735605055,4.537199093911406e-05,0.004243925228835114,1.7282475786494617e-10,0.0,0.0,0.0,0.0,4.908443112527171,6.186618328094482,0.05666078254580498,0.11710956692695618,0.4469395875930786,1.5219823122024536,4.607852315530181e-05,0.0035206598695367575,2.3705432061760234e-10,0.0,0.0,0.0,0.0
467,adam,0.008267953105631375,0.22335032734178728,0.45337875043192216,1.6206536139211347,4.514417296083974e-05,0.004257470249168335,4.98925932826142e-10,0.0,0.0,0.0,0.0,4.914207258532124,6.156832695007324,0.05529604107141495,0.12194383144378662,0.4428618550300598,1.550621509552002,4.649910260923207e-05,0.0034950568806380033,2.9169429094366706e-09,0.0,0.0,0.0,0.0
468,adam,0.008272020326506707,0.22396382016520347,0.45194554328918457,1.6163354304529005,4.564065860787166e-05,0.004249446634804049,3.633416542770904e-09,0.0,0.0,0.0,0.0,4.90501977551368,6.181807518005371,0.05523596331477165,0.12033598870038986,0.44325441122055054,1.5800955295562744,4.6919707529013976e-05,0.0034898011945188046,1.7676579644465562e-10,0.0,0.0,0.0,0.0
469,adam,0.008244967598828578,0.22400209307670593,0.45119257511631133,1.615984389858861,4.5713665331864066e-05,0.004260499270692948,1.2467299379250657e-09,0.0,0.0,0.0,0.0,4.904290814553538,6.168097496032715,0.05532483756542206,0.1195409968495369,0.443672239780426,1.5637779235839844,4.736177288577892e-05,0.0034899318125098944,5.644795741943653e-09,0.0,0.0,0.0,0.0
470,adam,0.008206188858997437,0.222910437372423,0.45346000309913387,1.604996661986074,4.6038221743431006e-05,0.004228656029989643,2.2287279512961926e-09,0.0,0.0,0.0,0.0,4.888157383088143,6.127473831176758,0.05500141158699989,0.11971105635166168,0.4418932795524597,1.5382148027420044,4.774577610078268e-05,0.0035005242098122835,3.6042502316036007e-09,0.0,0.0,0.0,0.0
471,adam,0.00815232467627333,0.22346283976108797,0.450782323075879,1.6114832855040027,4.605174152886555e-05,0.004263628514543656,4.452602297395421e-09,0.0,0.0,0.0,0.0,4.894789295811807,6.170170783996582,0.05414420738816261,0.12214995920658112,0.44162702560424805,1.605852484703064,4.8143891035579145e-05,0.0035014012828469276,1.2124420911696632e-10,0.0,0.0,0.0,0.0
472,adam,0.008153072122724788,0.2222373043337176,0.4518272251852097,1.6043126506190146,4.621231815807762e-05,0.004264336139444382,6.043013123952125e-10,0.0,0.0,0.0,0.0,4.888283621880316,6.124459743499756,0.05412610247731209,0.12049737572669983,0.44000300765037537,1.5726432800292969,4.85310738440603e-05,0.0034913120325654745,2.0357984187313605e-09,0.0,0.0,0.0,0.0
473,adam,0.008107406252454366,0.2218776580787474,0.4494593951009935,1.6059416071061166,4.585092310369345e-05,0.004259451562839169,2.535531656497247e-09,0.0,0.0,0.0,0.0,4.878971592072518,6.126084804534912,0.05432843416929245,0.11933515220880508,0.4428867995738983,1.561638355255127,4.8967733164317906e-05,0.003487227950245142,8.135759621552552e-09,0.0,0.0,0.0,0.0
474,adam,0.008109422145231117,0.22179012961925998,0.44844250717470724,1.602251164374813,4.663013110515631e-05,0.0042551549812478405,3.412951364175739e-09,0.0,0.0,0.0,0.0,4.871243015412362,6.099327564239502,0.053948789834976196,0.11928573250770569,0.4418722093105316,1.5504608154296875,4.94935447932221e-05,0.0034945118241012096,1.2747549682501358e-09,0.0,0.0,0.0,0.0
475,adam,0.008063823750783359,0.22214665384061874,0.4476108137638338,1.5962427739174134,4.6768748190163846e-05,0.004274649725806328,9.46134253380691e-10,0.0,0.0,0.0,0.0,4.866563935433665,6.117227077484131,0.05341586098074913,0.1198309063911438,0.4412708282470703,1.5826445817947388,4.981652818969451e-05,0.0035141422413289547,3.3902201046487335e-09,0.0,0.0,0.0,0.0
476,adam,0.008073292852890107,0.22267292536074115,0.4486096136031612,1.5934685507128317,4.668243491323665e-05,0.004253204326115308,3.0563778707735867e-09,0.0,0.0,0.0,0.0,4.862671267601751,6.125682353973389,0.0534849688410759,0.1194676011800766,0.44138967990875244,1.5878078937530518,5.019282252760604e-05,0.003517156234011054,2.3952546612804326e-09,0.0,0.0,0.0,0.0
477,adam,0.008003038399282002,0.22108457165379677,0.44846015880184786,1.5934874742261824,4.6792040290799175e-05,0.004255093694213898,3.615042391779874e-09,0.0,0.0,0.0,0.0,4.856881787700038,6.073383331298828,0.0525272972881794,0.12203772366046906,0.4367293417453766,1.5876487493515015,5.043140481575392e-05,0.003486194182187319,8.420379060680716e-09,0.0,0.0,0.0,0.0
478,adam,0.008015259920108703,0.22111912215909652,0.44716562763337164,1.589647966046487,4.7273288556982975e-05,0.004294646438211203,2.629739885976371e-09,0.0,0.0,0.0,0.0,4.859778111980807,6.060340881347656,0.053292855620384216,0.1173664852976799,0.4394504725933075,1.5435359477996826,5.09543351654429e-05,0.0035070169251412153,4.031364964074413e-10,0.0,0.0,0.0,0.0
479,adam,0.00796449773253933,0.22006356668087743,0.44637489991803325,1.5922151188696585,4.736215710328261e-05,0.004273782198828074,1.7946121358682826e-10,0.0,0.0,0.0,0.0,4.85072712744436,6.047088623046875,0.05259706825017929,0.12051260471343994,0.43681496381759644,1.5555472373962402,5.1078979595331475e-05,0.0035133964847773314,5.203398267816794e-10,0.0,0.0,0.0,0.0
480,adam,0.007959183681035233,0.22000543484764715,0.4451812342289955,1.585676977711339,4.723626813257954e-05,0.004272338633816089,2.407196658850464e-09,0.0,0.0,0.0,0.0,4.839619190462174,6.047377586364746,0.052403077483177185,0.11998807638883591,0.4367593824863434,1.5694726705551147,5.1580678700702265e-05,0.003490230068564415,6.778612116065119e-10,0.0,0.0,0.0,0.0
481,adam,0.007916996405730325,0.21992497242266132,0.44211856588240595,1.5852026785573652,4.7488107098146313e-05,0.00421728995899039,7.366551960724128e-10,0.0,0.0,0.0,0.0,4.814290908075148,6.021073341369629,0.05206959694623947,0.11924894899129868,0.4358457624912262,1.549428105354309,5.1896546210628e-05,0.0035334473941475153,3.3497946638760823e-09,0.0,0.0,0.0,0.0
482,adam,0.007884005355017801,0.21874443898277898,0.4427133289075667,1.5812208037222586,4.725116635991951e-05,0.004268833631349187,4.7538413980397646e-09,0.0,0.0,0.0,0.0,4.821278018336142,6.065206050872803,0.051748696714639664,0.12004023045301437,0.43472766876220703,1.6040456295013428,5.210296512814239e-05,0.003538326593115926,1.645176994635733e-09,0.0,0.0,0.0,0.0
483,adam,0.007898947419298271,0.21969820655161335,0.4435082058752737,1.5849849793218798,4.762983125176341e-05,0.004275442040976017,7.030514776981958e-10,0.0,0.0,0.0,0.0,4.8319417430508524,5.989049434661865,0.05176420882344246,0.11806094646453857,0.43629762530326843,1.532455563545227,5.2742416301043704e-05,0.003523915307596326,5.182620443910935e-10,0.0,0.0,0.0,0.0
484,adam,0.007850366254006662,0.21788964684932463,0.44210015862218793,1.575219977286554,4.7073521272977814e-05,0.0042297251582626375,2.3942803098565165e-09,0.0,0.0,0.0,0.0,4.800204492384387,6.021119117736816,0.051685631275177,0.11798658967018127,0.43658217787742615,1.5615816116333008,5.289849286782555e-05,0.0035400264896452427,2.144718003194157e-08,0.0,0.0,0.0,0.0
485,adam,0.007856810074900427,0.21830322809757724,0.4438167214393616,1.576196632077617,4.737041238132083e-05,0.004274722669393786,6.094199205758915e-09,0.0,0.0,0.0,0.0,4.819044128541024,5.99533748626709,0.05128911882638931,0.11951404809951782,0.43466734886169434,1.554743766784668,5.333506487659179e-05,0.003534025978296995,5.000239666763662e-10,0.0,0.0,0.0,0.0
486,adam,0.007800391965335415,0.21852140561226877,0.44303870297247366,1.5711076336522256,4.790962738033775e-05,0.00427048429546337,6.284108003227994e-10,0.0,0.0,0.0,0.0,4.808951762414748,5.998913764953613,0.050620339810848236,0.12081325054168701,0.43350547552108765,1.579927921295166,5.3513620514422655e-05,0.0035464477259665728,3.9015818353860254e-10,0.0,0.0,0.0,0.0
487,adam,0.007811856906740896,0.21843783317073698,0.4389267881070414,1.5725263703253962,4.805098902696984e-05,0.004288290116575456,7.699728307898657e-10,0.0,0.0,0.0,0.0,4.802830573051207,5.987035751342773,0.05083311349153519,0.11828717589378357,0.43442302942276,1.561501145362854,5.3957613999955356e-05,0.003552356967702508,1.587946163450482e-10,0.0,0.0,0.0,0.0
488,adam,0.007764449688575922,0.21760658679469938,0.43720949369092144,1.568879904285554,4.79657030683161e-05,0.004308861522604862,6.093185662566888e-10,0.0,0.0,0.0,0.0,4.795574111323202,5.982330322265625,0.05051286518573761,0.1199198067188263,0.431563138961792,1.579637885093689,5.435573621070944e-05,0.0035268894862383604,2.4075439419846134e-09,0.0,0.0,0.0,0.0
489,adam,0.007764897669755643,0.2178021131023284,0.438240748259329,1.5663925024770922,4.795038119247634e-05,0.004235879142558382,5.616332259028936e-09,0.0,0.0,0.0,0.0,4.778018812979421,5.981557369232178,0.05051026493310928,0.1187954917550087,0.4331631064414978,1.5757575035095215,5.463904744829051e-05,0.003529617330059409,6.703997357249136e-10,0.0,0.0,0.0,0.0
490,adam,0.007745774432776436,0.21704485147230088,0.4363664628997926,1.5607729727222073,4.8765374231152236e-05,0.0042874079888626454,5.828044832128885e-10,0.0,0.0,0.0,0.0,4.777713621816328,5.947023868560791,0.05016252398490906,0.11875563114881516,0.4311663806438446,1.5567054748535156,5.4808442655485123e-05,0.003545924322679639,4.314185952924987e-10,0.0,0.0,0.0,0.0
491,adam,0.007693606503908673,0.21627477772774234,0.43686237258295857,1.5654857312479327,4.873511023751851e-05,0.0042900089474935685,1.1024575945251329e-09,0.0,0.0,0.0,0.0,4.781204162105437,5.94439697265625,0.050019558519124985,0.11806240677833557,0.43266966938972473,1.556294560432434,5.523792788153514e-05,0.0035451564472168684,1.0277251966117618e-10,0.0,0.0,0.0,0.0
492,adam,0.007682358725897728,0.21612586609778867,0.43470460945560085,1.5599489519673009,4.871566453666967e-05,0.00430262497355861,4.619153330217311e-09,0.0,0.0,0.0,0.0,4.771426585412795,5.94080114364624,0.050710879266262054,0.1150604635477066,0.43377771973609924,1.5252904891967773,5.56561972189229e-05,0.0035664695315063,1.1515878917123246e-08,0.0,0.0,0.0,0.0
493,adam,0.00767639372497797,0.2168487440193853,0.43503138422966003,1.55901284756199,4.8558678827248514e-05,0.0042750638188614,2.3056856661384993e-09,0.0,0.0,0.0,0.0,4.765650580006261,5.933371543884277,0.04961082711815834,0.11750086396932602,0.4314361810684204,1.564026951789856,5.5846914619905874e-05,0.0035482444800436497,4.872716674597655e-10,0.0,0.0,0.0,0.0
494,adam,0.007666394174579651,0.21580526473060732,0.43334251449954125,1.5528776491841962,4.8537512714486386e-05,0.004239077995260877,3.6618273198620446e-10,0.0,0.0,0.0,0.0,4.742541605426419,5.946898937225342,0.04852171987295151,0.1207999512553215,0.42947494983673096,1.6091824769973755,5.599951327894814e-05,0.00357340881600976,1.8092020936943953e-10,0.0,0.0,0.0,0.0
495,adam,0.007632587029929122,0.2148672419209634,0.43406781554222107,1.5510863604084137,4.9046201081270535e-05,0.004294214169344594,1.6645794666482874e-10,0.0,0.0,0.0,0.0,4.753907818948069,5.906434059143066,0.04938364028930664,0.11787340044975281,0.42896294593811035,1.5497263669967651,5.63140056328848e-05,0.00355924223549664,1.5096607297593323e-10,0.0,0.0,0.0,0.0
496,adam,0.0076213125890541465,0.21555468680397158,0.43300619336866564,1.5512894853468864,4.86648443198177e-05,0.0043254514645424584,6.037640445843268e-10,0.0,0.0,0.0,0.0,4.759658567367062,5.892480373382568,0.050073109567165375,0.11505380272865295,0.4312136769294739,1.5085984468460083,5.6649492762517184e-05,0.0035663286689668894,7.253503575554987e-09,0.0,0.0,0.0,0.0
497,adam,0.007590663063550188,0.21406344348384487,0.4321853499258718,1.543305181687878,4.898316558777175e-05,0.004293443214508795,1.0319376385661559e-08,0.0,0.0,0.0,0.0,4.736736912881175,5.9118571281433105,0.04855067655444145,0.11975575238466263,0.4274350106716156,1.5853811502456665,5.691901969839819e-05,0.0035591789055615664,1.561945239814122e-09,0.0,0.0,0.0,0.0
498,adam,0.007549734425640876,0.21406562145679228,0.4307495153719379,1.5464785522030247,4.92837687253937e-05,0.004335528029309165,4.1282480816423424e-10,0.0,0.0,0.0,0.0,4.744972105949156,5.888364791870117,0.04932031407952309,0.11671232432126999,0.42826777696609497,1.5338417291641235,5.714424332836643e-05,0.0035782724153250456,2.8911431582123726e-10,0.0,0.0,0.0,0.0
499,adam,0.00756565443871002,0.2140998455785936,0.4301397617786161,1.5445093762490056,4.882213691035436e-05,0.004275833031222705,1.8491105130055605e-10,0.0,0.0,0.0,0.0,4.726402698024627,5.89725923538208,0.048825785517692566,0.11608363687992096,0.42944222688674927,1.5600545406341553,5.760189378634095e-05,0.003569267690181732,1.367532198592869e-10,0.0,0.0,0.0,0.0
500,adam,0.007488803517433905,0.21172149671662238,0.4283066920695766,1.5464235313477055,4.808716637912326e-05,0.004250220661502211,2.101517219204614e-07,0.0,0.0,0.0,0.0,5.407662607008411,7.191351413726807,0.04713337495923042,0.1188836321234703,0.4241071343421936,1.5587284564971924,5.85732122999616e-05,0.0035732630640268326,3.881014620787937e-08,0.0,0.0,0.0,0.0
501,adam,0.007394449334711798,0.2110004824015402,0.42858988238919166,1.559609624647325,4.9618877035813526e-05,0.0042764438887036614,1.2395229475442402e-08,0.0,0.0,0.0,0.0,5.423213866449172,7.139433860778809,0.046799447387456894,0.11657949537038803,0.42630937695503235,1.5006242990493774,5.9602756664389744e-05,0.0036582781467586756,1.8159286296892674e-09,0.0,0.0,0.0,0.0
502,adam,0.0073069510530800585,0.2098663588685374,0.42601343797099206,1.5601763840644591,5.067271699625698e-05,0.0042586037438483,5.778457499680803e-10,0.0,0.0,0.0,0.0,5.401702111767184,7.132460117340088,0.04560915380716324,0.11758998036384583,0.42417818307876587,1.5601874589920044,6.040564403519966e-05,0.003669540397822857,1.6294865456956131e-10,0.0,0.0,0.0,0.0
503,adam,0.007262967166400725,0.20981348185769974,0.4261167847341107,1.5656501746946765,5.078018136461445e-05,0.0042662735307408915,1.1237259174254601e-10,0.0,0.0,0.0,0.0,5.407344864260766,7.084593296051025,0.04538491368293762,0.11512687057256699,0.4231458604335785,1.5305919647216797,6.085561835789122e-05,0.0036885447334498167,1.0182702597782978e-10,0.0,0.0,0.0,0.0
504,adam,0.007210357790632594,0.20871272250529257,0.4240901845116769,1.5674443629480177,5.083649434269436e-05,0.004262554969999098,1.0371407876784377e-10,0.0,0.0,0.0,0.0,5.394676700715096,7.059270858764648,0.04458092525601387,0.11775248497724533,0.42023083567619324,1.5557525157928467,6.161296914797276e-05,0.0036793015897274017,9.849764059932653e-11,0.0,0.0,0.0,0.0
505,adam,0.007154395052742573,0.20748515090634745,0.42517359026016727,1.5698007114471928,5.19581206448962e-05,0.004253186886349032,1.0168853035604882e-10,0.0,0.0,0.0,0.0,5.392777673659786,7.012979507446289,0.04486367478966713,0.11477080732584,0.4214443564414978,1.5027167797088623,6.212876905919984e-05,0.0036635359283536673,9.91196777433423e-11,0.0,0.0,0.0,0.0
506,adam,0.007115847656443235,0.20787241430051864,0.4215206551936365,1.567167216731656,5.180835949196931e-05,0.004290046470780526,1.053804138485154e-10,0.0,0.0,0.0,0.0,5.385398418672623,6.974217891693115,0.0433012992143631,0.1169096976518631,0.41845959424972534,1.5460771322250366,6.255995685933158e-05,0.0036967189516872168,9.815508128507844e-11,0.0,0.0,0.0,0.0
507,adam,0.007064449420619396,0.2069299966096878,0.42149046928651873,1.5667254770955732,5.2121493236852746e-05,0.004281198140233755,1.0234732953613219e-10,0.0,0.0,0.0,0.0,5.3771465670677925,6.962141513824463,0.04385685920715332,0.11368667334318161,0.4183782935142517,1.5150330066680908,6.318722444120795e-05,0.003687250893563032,1.0432245345359803e-10,0.0,0.0,0.0,0.0
508,adam,0.007011729788275496,0.20618850185025123,0.418466511272615,1.5717291639697166,5.20021895945613e-05,0.0042740230959269305,1.009659159594135e-10,0.0,0.0,0.0,0.0,5.363897154408116,6.993897438049316,0.04281027242541313,0.11712945252656937,0.4165153503417969,1.605209469795227,6.344855501083657e-05,0.0036700116470456123,1.0398384930887516e-10,0.0,0.0,0.0,0.0
509,adam,0.007032063489239062,0.20552957106021144,0.4190922917858247,1.5690308001733595,5.212407561503501e-05,0.004270961057514914,1.0541320034604664e-10,0.0,0.0,0.0,0.0,5.362083650404407,6.950713157653809,0.042880188673734665,0.11484606564044952,0.4159992039203644,1.5722544193267822,6.395152013283223e-05,0.0036507309414446354,9.767926745229971e-11,0.0,0.0,0.0,0.0
510,adam,0.006980476345145895,0.20552850634821,0.4175360106652783,1.5725254204965406,5.23395762185476e-05,0.004295363075911037,1.0170364796751257e-10,0.0,0.0,0.0,0.0,5.363880188234391,6.941523551940918,0.04231484606862068,0.11482087522745132,0.41746366024017334,1.571725845336914,6.430935172829777e-05,0.003712365170940757,9.67673163820848e-11,0.0,0.0,0.0,0.0
511,adam,0.006935897703853345,0.20408124596841873,0.4165583916248814,1.5662325851378902,5.245797846357398e-05,0.004260781701774367,1.009753969506744e-10,0.0,0.0,0.0,0.0,5.337740805841261,6.893372058868408,0.043226394802331924,0.11152337491512299,0.41815224289894104,1.50132155418396,6.488907820312306e-05,0.003638462396338582,1.0472703954045315e-10,0.0,0.0,0.0,0.0
512,adam,0.006947552064253438,0.20520779442402623,0.4163016619220857,1.5667313491144488,5.2629683552602786e-05,0.004278483545227397,1.0234973621314042e-10,0.0,0.0,0.0,0.0,5.3459643394716325,6.876699447631836,0.0426686629652977,0.11013615131378174,0.41589128971099854,1.5087816715240479,6.502411270048469e-05,0.003705941839143634,9.700432818116056e-11,0.0,0.0,0.0,0.0
513,adam,0.006920414541157023,0.20437300974322903,0.4136932175005636,1.566740212901946,5.312420973730754e-05,0.00428705383092165,1.0128223752512862e-10,0.0,0.0,0.0,0.0,5.335057058641987,6.884805679321289,0.04286384955048561,0.11024091392755508,0.41641804575920105,1.5061839818954468,6.542072515003383e-05,0.0036966910120099783,9.678936818691142e-11,0.0,0.0,0.0,0.0
514,adam,0.006905855580924019,0.2033988232574155,0.4139562662570707,1.564377038709579,5.318346114607618e-05,0.004283746824629845,1.011792036802318e-10,0.0,0.0,0.0,0.0,5.32933565878099,6.84871768951416,0.041855257004499435,0.1123051568865776,0.4131644666194916,1.5299021005630493,6.585027585970238e-05,0.0037055592983961105,9.67287708264486e-11,0.0,0.0,0.0,0.0
515,adam,0.0068668039034931894,0.20376399543977552,0.41249051593965097,1.5641376972198486,5.2931137977265605e-05,0.004301335557454055,9.89582723560788e-11,0.0,0.0,0.0,0.0,5.3271395006487445,6.850978374481201,0.04213472083210945,0.11035067588090897,0.41343599557876587,1.509080410003662,6.625053356401622e-05,0.0037483482155948877,9.942902057247238e-11,0.0,0.0,0.0,0.0
516,adam,0.006846546706172728,0.20281231018804735,0.41451198151034696,1.5678524586462206,5.332185279375183e-05,0.004291170532064092,1.0114749942631427e-10,0.0,0.0,0.0,0.0,5.332312399341214,6.826988697052002,0.041566915810108185,0.10990646481513977,0.4133271872997284,1.5241281986236572,6.626829417655244e-05,0.0037263338454067707,9.651986154768366e-11,0.0,0.0,0.0,0.0
517,adam,0.00682486348875588,0.20313472036392458,0.4141284813804011,1.5654832970711492,5.377877096179873e-05,0.0043174878153349125,1.0108047418790828e-10,0.0,0.0,0.0,0.0,5.3356831304488646,6.807621002197266,0.0413355715572834,0.10962694138288498,0.41134631633758545,1.5281702280044556,6.671488517895341e-05,0.003717060200870037,9.738185258179044e-11,0.0,0.0,0.0,0.0
518,adam,0.0067653956883136305,0.20179019483827776,0.4110951596690762,1.5585219744713075,5.406579986165818e-05,0.004269956806374173,1.0416035910132046e-10,0.0,0.0,0.0,0.0,5.296972597798994,6.822751045227051,0.04089909791946411,0.11003638058900833,0.4120616316795349,1.5621715784072876,6.685945845674723e-05,0.0037193046882748604,1.0014973572669561e-10,0.0,0.0,0.0,0.0
519,adam,0.006788893737980435,0.2014703539109999,0.41060924626165823,1.5617907393363215,5.391317914003476e-05,0.004315587917282697,1.0169748757273762e-10,0.0,0.0,0.0,0.0,5.311713941635624,6.808804512023926,0.04056577757000923,0.11076691001653671,0.40867170691490173,1.572486162185669,6.731770554324612e-05,0.003736076643690467,9.68351579477833e-11,0.0,0.0,0.0,0.0
520,adam,0.006762693050287424,0.20076888511257787,0.40770573385300174,1.5560641288757324,5.3731849367332257e-05,0.004285044126933621,1.0457254529151795e-10,0.0,0.0,0.0,0.0,5.282853249580629,6.780757904052734,0.0413765050470829,0.10858267545700073,0.40981826186180115,1.5139155387878418,6.760744145140052e-05,0.0036943196319043636,9.599803590942813e-11,0.0,0.0,0.0,0.0
521,adam,0.006751271730829631,0.2009909600019455,0.4082841959691817,1.5587434845585977,5.3907165443712486e-05,0.004251901082874787,9.806180262966936e-11,0.0,0.0,0.0,0.0,5.278528844156573,6.781240463256836,0.04106854647397995,0.10635863244533539,0.4114992618560791,1.5140732526779175,6.770117761334404e-05,0.003754835110157728,9.491100960712373e-11,0.0,0.0,0.0,0.0
522,adam,0.006720556471977503,0.2003718513634897,0.4081653356552124,1.554507597800224,5.403762641494282e-05,0.0043226249455924955,9.726098264586656e-11,0.0,0.0,0.0,0.0,5.290294908708142,6.749345779418945,0.041236940771341324,0.10498983412981033,0.4118117094039917,1.4687122106552124,6.810388731537387e-05,0.0037821277510374784,9.662119021536242e-11,0.0,0.0,0.0,0.0
523,adam,0.006711553046179395,0.20047918779234733,0.40583893464457604,1.5579376951340707,5.3620522286960735e-05,0.0042890613417952295,1.002122920935922e-10,0.0,0.0,0.0,0.0,5.275177647990565,6.750216484069824,0.04032303765416145,0.10865084081888199,0.40609219670295715,1.5484880208969116,6.832140206824988e-05,0.0037166064139455557,9.96073640235906e-11,0.0,0.0,0.0,0.0
524,adam,0.006733671566771884,0.20027734195032426,0.40502446986013846,1.5629986486127299,5.399734870861134e-05,0.004279628831652864,9.63036563577317e-11,0.0,0.0,0.0,0.0,5.27556348616077,6.737643241882324,0.04047257825732231,0.1069466769695282,0.4078139066696167,1.5247714519500732,6.875722465338185e-05,0.0037211349699646235,9.428120090193559e-11,0.0,0.0,0.0,0.0
525,adam,0.006677404061079987,0.19975721836090088,0.4043712317943573,1.5526978623482488,5.461243281681692e-05,0.0043038477024604236,1.0176945330360319e-10,0.0,0.0,0.0,0.0,5.26507709872338,6.723920822143555,0.04074293002486229,0.10490819066762924,0.40890058875083923,1.489272117614746,6.886903429403901e-05,0.003753039287403226,9.680364149167175e-11,0.0,0.0,0.0,0.0
526,adam,0.006703446829511273,0.19988754103260656,0.40447444685043826,1.554045546439386,5.411923296877273e-05,0.004258235691175345,1.0689404715323188e-10,0.0,0.0,0.0,0.0,5.2555933460112545,6.724380970001221,0.03986121341586113,0.10707886517047882,0.4039914608001709,1.5478683710098267,6.913580727996305e-05,0.0037603615783154964,9.775633774689041e-11,0.0,0.0,0.0,0.0
527,adam,0.00664099478613465,0.1976463347673416,0.4048632844801872,1.5538616526511408,5.4535421499636984e-05,0.004276207888558987,1.0027272314443663e-10,0.0,0.0,0.0,0.0,5.252735584012924,6.7002177238464355,0.0403292179107666,0.10477194935083389,0.40742406249046326,1.494016408920288,6.938438309589401e-05,0.0037537962198257446,1.0047474657826072e-10,0.0,0.0,0.0,0.0
528,adam,0.006631103133963001,0.19884471258809489,0.4021732989818819,1.5540853277329476,5.485374394113258e-05,0.004326451524731613,1.021703326781019e-10,0.0,0.0,0.0,0.0,5.259678256127142,6.713399887084961,0.03938007354736328,0.10798639059066772,0.405072420835495,1.5665932893753052,6.955110438866541e-05,0.003724503330886364,9.458665101158559e-11,0.0,0.0,0.0,0.0
529,adam,0.006625191879368598,0.1985430803991133,0.4013747274875641,1.549094892317249,5.507825311900477e-05,0.004303053171644288,9.687498384126242e-11,0.0,0.0,0.0,0.0,5.243934031455748,6.693933486938477,0.04003961384296417,0.10453114658594131,0.405696302652359,1.5051261186599731,6.98533549439162e-05,0.0037729579489678144,9.96313309631347e-11,0.0,0.0,0.0,0.0
530,adam,0.006591136567294598,0.19778062403202057,0.40093300419469036,1.5467128061479138,5.519158390421991e-05,0.004297042070257087,1.0915828926245079e-10,0.0,0.0,0.0,0.0,5.234265573563114,6.6859259605407715,0.03981073945760727,0.10352732986211777,0.4041326344013214,1.5076948404312134,7.009550608927384e-05,0.0038105992134660482,9.79404821133123e-11,0.0,0.0,0.0,0.0
531,adam,0.0066065067996180825,0.19875862954124326,0.3995403464763395,1.548845394965141,5.51336555461955e-05,0.004316660515483349,1.1102632970700336e-10,0.0,0.0,0.0,0.0,5.2401173037867395,6.685886383056641,0.03949426859617233,0.10496661067008972,0.40453943610191345,1.5317879915237427,7.026166713330895e-05,0.003765753237530589,1.1653436549075025e-10,0.0,0.0,0.0,0.0
532,adam,0.006567063215639322,0.19697566282364629,0.3995565435578746,1.5423559065788024,5.513896300521259e-05,0.00427565130315,1.0341229217033975e-10,0.0,0.0,0.0,0.0,5.215070678341773,6.654632568359375,0.039431534707546234,0.10487844049930573,0.40303921699523926,1.5151170492172241,7.053222361719236e-05,0.003748667659237981,9.2710596144574e-11,0.0,0.0,0.0,0.0
533,adam,0.006588249362163966,0.19676838719075726,0.39867127326227003,1.5450639378639959,5.533739374274568e-05,0.004289946398667751,1.0909810331124589e-10,0.0,0.0,0.0,0.0,5.219270306248819,6.648674488067627,0.039729565382003784,0.1030300110578537,0.40308669209480286,1.4980006217956543,7.068799459375441e-05,0.003747363109141588,9.361535158181056e-11,0.0,0.0,0.0,0.0
534,adam,0.006583415467532412,0.1974246795139005,0.3994120772807829,1.5395003903296687,5.457767204666931e-05,0.0042769202752219095,9.760504613324478e-11,0.0,0.0,0.0,0.0,5.213749101085048,6.63356876373291,0.039000146090984344,0.10417372733354568,0.40383410453796387,1.5127688646316528,7.073224696796387e-05,0.003763707587495446,9.625548275105089e-11,0.0,0.0,0.0,0.0
535,adam,0.00656579730791911,0.19701026620403414,0.3976480470549676,1.5424508394733552,5.5157317547127604e-05,0.004335735413816667,9.653622793621481e-11,0.0,0.0,0.0,0.0,5.224860299018122,6.639612674713135,0.039415039122104645,0.10352937132120132,0.4020635783672333,1.4958703517913818,7.103768439264968e-05,0.003793972311541438,9.239045639652943e-11,0.0,0.0,0.0,0.0
536,adam,0.006519760831349319,0.1960511899763538,0.39629536001913007,1.5426494882952781,5.545353915001596e-05,0.00429091643121454,9.676525463525419e-11,0.0,0.0,0.0,0.0,5.202414589543497,6.646805763244629,0.038940444588661194,0.10373203456401825,0.4009059965610504,1.5268681049346924,7.114379695849493e-05,0.0038137813098728657,9.786095545027962e-11,0.0,0.0,0.0,0.0
537,adam,0.006515154359681952,0.1957343643711459,0.39564765268756497,1.5398079887513192,5.5215984532204005e-05,0.004276490590024379,1.0514995594664952e-10,0.0,0.0,0.0,0.0,5.191772553228563,6.6020708084106445,0.03864740952849388,0.10427241772413254,0.39931660890579224,1.5159330368041992,7.152563921408728e-05,0.003768584690988064,9.359495817262697e-11,0.0,0.0,0.0,0.0
538,adam,0.00649519496026539,0.1952097233264677,0.39462811331595143,1.5360789452829668,5.596920973696416e-05,0.004363431054497918,9.641475901706233e-11,0.0,0.0,0.0,0.0,5.206379644332394,6.608449935913086,0.0386122465133667,0.1045164242386818,0.39930906891822815,1.5258818864822388,7.165636634454131e-05,0.0037593638990074396,9.295493541561228e-11,0.0,0.0,0.0,0.0
539,adam,0.006499685286994903,0.19526340836478817,0.39439663675523573,1.5361301360591766,5.582724430320424e-05,0.0043556694722464,1.002206906174041e-10,0.0,0.0,0.0,0.0,5.2036976045177825,6.633688449859619,0.03885282576084137,0.10303648561239243,0.40047407150268555,1.5353240966796875,7.182046101661399e-05,0.0037645960692316294,9.9979219347901e-11,0.0,0.0,0.0,0.0
540,adam,0.006481904641634995,0.19567582588041982,0.39600737152561066,1.5392950273329211,5.5891858562151153e-05,0.00430747588735915,1.0484018648746198e-10,0.0,0.0,0.0,0.0,5.1996376283707155,6.606761932373047,0.038922760635614395,0.10206879675388336,0.40098050236701965,1.5068867206573486,7.211464253487065e-05,0.0037608928978443146,1.1790650400467229e-10,0.0,0.0,0.0,0.0
541,adam,0.00648871980487339,0.19431015176157798,0.3914879858493805,1.527198310821287,5.562732398938087e-05,0.004273430038724215,1.028345130823254e-10,0.0,0.0,0.0,0.0,5.15717343361147,6.591999530792236,0.03884471207857132,0.10195292532444,0.3997037410736084,1.4977320432662964,7.234442455228418e-05,0.003775313263759017,1.2214088074280482e-10,0.0,0.0,0.0,0.0
542,adam,0.006482129571058096,0.19500536735980742,0.39300194959486684,1.5294579882775583,5.571408825832599e-05,0.004359076956226941,1.0895473210923864e-10,0.0,0.0,0.0,0.0,5.1907872230775896,6.589351654052734,0.03893183171749115,0.09982138872146606,0.4002278447151184,1.4792653322219849,7.230642950162292e-05,0.0038293306715786457,9.446789184242022e-11,0.0,0.0,0.0,0.0
543,adam,0.006451798888343957,0.19463892329123714,0.3927190553757452,1.530845038352474,5.5530948884552345e-05,0.004322822506148969,1.0002942918418967e-10,0.0,0.0,0.0,0.0,5.178210366156794,6.565896987915039,0.038317807018756866,0.10104937106370926,0.39966702461242676,1.4973945617675781,7.255290256580338e-05,0.0037970917765051126,9.057626176867117e-11,0.0,0.0,0.0,0.0
544,adam,0.006456336081628838,0.1942253194509014,0.3922750344199519,1.5275213910687355,5.587598723415736e-05,0.004325773762238603,1.0514670563444375e-10,0.0,0.0,0.0,0.0,5.17327517847861,6.573141098022461,0.037908729165792465,0.10327868908643723,0.3971616327762604,1.5352656841278076,7.28746090317145e-05,0.0037775454111397266,9.002210088482343e-11,0.0,0.0,0.0,0.0
545,adam,0.006435730659793462,0.19365500202102046,0.3893015615401729,1.527659769981138,5.648279130259799e-05,0.004327099755286209,9.997948817408095e-11,0.0,0.0,0.0,0.0,5.160206656302175,6.554501533508301,0.03791539743542671,0.10244496166706085,0.3951687514781952,1.5253868103027344,7.30836036382243e-05,0.00378036848269403,1.0722039922583804e-10,0.0,0.0,0.0,0.0
546,adam,0.00642559522642724,0.1935565024614334,0.38940067252805155,1.525001225932952,5.610874746531819e-05,0.004302025817695164,1.3143267075047073e-10,0.0,0.0,0.0,0.0,5.14978168856713,6.55703067779541,0.03806498646736145,0.10251685231924057,0.3967229723930359,1.5040326118469238,7.316298433579504e-05,0.0038162267301231623,1.6299832317212548e-10,0.0,0.0,0.0,0.0
547,adam,0.006430329409457983,0.19457115953968418,0.3876647622354569,1.5286231886955999,5.6127053070550545e-05,0.004290920231611498,1.1682687277258716e-10,0.0,0.0,0.0,0.0,5.146782890442879,6.545336723327637,0.038462430238723755,0.0999632179737091,0.3981033265590668,1.4751744270324707,7.360303425230086e-05,0.0038059670478105545,8.940560097814299e-11,0.0,0.0,0.0,0.0
548,adam,0.006370746215144473,0.1923765415145505,0.38778762759700897,1.5260799892487065,5.687606925118504e-05,0.004362605887675478,1.1737429039457201e-10,0.0,0.0,0.0,0.0,5.156026978646556,6.546843528747559,0.03790571913123131,0.10164415836334229,0.3953620195388794,1.5168178081512451,7.34584464225918e-05,0.0037907056976109743,2.4468982395831063e-10,0.0,0.0,0.0,0.0
549,adam,0.006428370282294289,0.19327497530368068,0.38698160744482474,1.526343253351027,5.628417291577094e-05,0.004303780669767049,1.3303456051825688e-10,0.0,0.0,0.0,0.0,5.142017579847766,6.529755592346191,0.03785604238510132,0.10092625021934509,0.39593806862831116,1.5064250230789185,7.37734735594131e-05,0.003776304656639695,1.3006765109402352e-10,0.0,0.0,0.0,0.0
550,adam,0.006394930078738158,0.1931323298523503,0.38609435000727255,1.5260203384583997,5.689795239783463e-05,0.00431622032286419,1.2194711705491454e-10,0.0,0.0,0.0,0.0,5.139893008816626,6.554381370544434,0.03783591091632843,0.10083083063364029,0.3956911861896515,1.5172311067581177,7.381412433460355e-05,0.0038324794732034206,9.97568902483259e-11,0.0,0.0,0.0,0.0
551,adam,0.006374269183124265,0.1922390220626708,0.385055233393946,1.520616554444836,5.699486322438104e-05,0.00431239522332626,1.7931420349455663e-10,0.0,0.0,0.0,0.0,5.125861798563311,6.512490272521973,0.0379912331700325,0.09909152239561081,0.3968813121318817,1.474924921989441,7.40687974030152e-05,0.003807506524026394,2.2574657421170485e-10,0.0,0.0,0.0,0.0
552,adam,0.006381860708877925,0.19289056476085417,0.38389960604329265,1.5176399292484406,5.717753106915963e-05,0.0043420630447085825,1.3781387433572127e-10,0.0,0.0,0.0,0.0,5.128993311235981,6.515191078186035,0.03806396573781967,0.09838634729385376,0.3962830603122711,1.4730764627456665,7.422867929562926e-05,0.0038238067645579576,2.174787155917457e-10,0.0,0.0,0.0,0.0
553,adam,0.006362998617752906,0.19240770897557657,0.38482187928691985,1.515145359500762,5.686828843599576e-05,0.0043513770515639935,1.2173261502766306e-10,0.0,0.0,0.0,0.0,5.130039030505765,6.496349334716797,0.03717518597841263,0.09968788921833038,0.3942512273788452,1.499660849571228,7.426427328027785e-05,0.003851140383630991,1.390382947663582e-10,0.0,0.0,0.0,0.0
554,adam,0.006326005283382631,0.19141982207375188,0.38311521564760515,1.514269390413838,5.695159005324146e-05,0.004335205265951734,2.871414833056067e-10,0.0,0.0,0.0,0.0,5.1135147463890815,6.5163702964782715,0.03745671734213829,0.10088392347097397,0.3937748074531555,1.5175012350082397,7.43888012948446e-05,0.0037958731409162283,7.115478761754446e-10,0.0,0.0,0.0,0.0
555,adam,0.006330929531325255,0.19250001301688532,0.3821278848955708,1.5130661033814954,5.62350972857882e-05,0.004313733954463274,6.085757708705574e-10,0.0,0.0,0.0,0.0,5.105269047521776,6.532549858093262,0.03702326864004135,0.10069125890731812,0.39280954003334045,1.552489995956421,7.433455903083086e-05,0.0038262580055743456,9.014739649204628e-11,0.0,0.0,0.0,0.0
556,adam,0.0063518200880817825,0.19144628557466692,0.38359659910202026,1.5140834239221388,5.756065072472988e-05,0.0043588871316563695,2.401997866065309e-09,0.0,0.0,0.0,0.0,5.123618387406872,6.490962505340576,0.037404488772153854,0.09810950607061386,0.39324918389320374,1.4943580627441406,7.468020339729264e-05,0.0038333155680447817,6.169140753797819e-10,0.0,0.0,0.0,0.0
557,adam,0.006329100218511397,0.19193718510289345,0.38114605026860393,1.510170421292705,5.726117242668425e-05,0.004351501007594408,8.645804688218166e-10,0.0,0.0,0.0,0.0,5.1081189340160735,6.486758232116699,0.03714015334844589,0.10043337941169739,0.3912627100944519,1.5119160413742065,7.490310235880315e-05,0.0038110497407615185,8.41839820076018e-10,0.0,0.0,0.0,0.0
558,adam,0.00632203298230325,0.19083662955991684,0.3819613466339727,1.5146538826727098,5.751689475859635e-05,0.004325503137924017,8.068275877153523e-10,0.0,0.0,0.0,0.0,5.10535470900997,6.4969258308410645,0.03756752237677574,0.09699270874261856,0.394611120223999,1.4878931045532227,7.502651715185493e-05,0.003837338648736477,3.978263052317743e-09,0.0,0.0,0.0,0.0
559,adam,0.006311254485720588,0.190853048716822,0.38026108953260607,1.510217051352224,5.724276366714959e-05,0.004351710194661733,1.967553110581202e-09,0.0,0.0,0.0,0.0,5.101017367455267,6.467976093292236,0.03758302703499794,0.0976238027215004,0.39307594299316406,1.476424217224121,7.546794950030744e-05,0.003787202760577202,4.303584988374354e-10,0.0,0.0,0.0,0.0
560,adam,0.006303342404745279,0.1899939751432788,0.37938281797593637,1.5096161365509033,5.7416005978255624e-05,0.004337967763985357,2.563355833599374e-10,0.0,0.0,0.0,0.0,5.090600167551348,6.479096412658691,0.03755560889840126,0.09601733088493347,0.39327389001846313,1.4713901281356812,7.524726970586926e-05,0.0038635400123894215,1.600603427576175e-09,0.0,0.0,0.0,0.0
561,adam,0.00629812527087427,0.19054612373152086,0.3780801930735188,1.5098952977888045,5.655284821254862e-05,0.004332916931279244,2.737858144498082e-09,0.0,0.0,0.0,0.0,5.085269989505891,6.462225914001465,0.03748612478375435,0.09661759436130524,0.3939492106437683,1.4607638120651245,7.55929941078648e-05,0.003840952180325985,1.1659067045144411e-09,0.0,0.0,0.0,0.0
562,adam,0.006255427991310435,0.1894277060224164,0.3787560962861584,1.5050505668886247,5.766170239263785e-05,0.004329749593330968,3.504870262743641e-10,0.0,0.0,0.0,0.0,5.077171910193659,6.4616522789001465,0.0370592437684536,0.09713447839021683,0.39218077063560486,1.4864023923873901,7.56708686822094e-05,0.003848601598292589,1.0309066100777642e-10,0.0,0.0,0.0,0.0
563,adam,0.006274479741771375,0.1897752933925198,0.37801376081282095,1.5034572424427155,5.7308417566556244e-05,0.004332277307947797,4.505240311638498e-10,0.0,0.0,0.0,0.0,5.075234828456756,6.4613847732543945,0.037066951394081116,0.09677646309137344,0.3925783634185791,1.483343243598938,7.584438571939245e-05,0.003855031216517091,2.4566564338357466e-09,0.0,0.0,0.0,0.0
564,adam,0.006247017427437728,0.1888976856585472,0.3786798119544983,1.5001000396666988,5.766630748703685e-05,0.0043076040493624825,4.147611988849426e-09,0.0,0.0,0.0,0.0,5.063698337924096,6.437178611755371,0.037279341369867325,0.09532097727060318,0.3911116421222687,1.4535870552062988,7.61346600484103e-05,0.0038686376065015793,1.5482815030054553e-09,0.0,0.0,0.0,0.0
565,adam,0.006284274446267274,0.1898204626575593,0.3768591957707559,1.5041515173450593,5.786023452416093e-05,0.004335120605725435,3.458823583729083e-10,0.0,0.0,0.0,0.0,5.073333509506718,6.458144187927246,0.036673445254564285,0.09686731547117233,0.3900504410266876,1.5063951015472412,7.597032526973635e-05,0.0038701696321368217,8.75744754491592e-11,0.0,0.0,0.0,0.0
566,adam,0.006222324746270333,0.18897604077093064,0.37569512859467535,1.5030188906577326,5.718500758502482e-05,0.0043341619142841905,1.8738520972349712e-10,0.0,0.0,0.0,0.0,5.061463802091537,6.4171271324157715,0.03709058091044426,0.096021868288517,0.39141225814819336,1.4509986639022827,7.63413991080597e-05,0.003833319526165724,1.0374918979483283e-10,0.0,0.0,0.0,0.0
567,adam,0.00623890294903709,0.18877265914793936,0.3752428033659535,1.4998765068669473,5.789421970069769e-05,0.004323280416429043,4.538167588135293e-10,0.0,0.0,0.0,0.0,5.054212154880647,6.427452564239502,0.03700700029730797,0.09570124000310898,0.389777272939682,1.4740186929702759,7.665226439712569e-05,0.003826683619990945,4.0089167541168536e-09,0.0,0.0,0.0,0.0
568,adam,0.006228937722382045,0.1892262812583677,0.3777727282816364,1.4997514640131304,5.778722580514788e-05,0.0043693420086656845,3.5718437343150938e-09,0.0,0.0,0.0,0.0,5.0771670649128575,6.441723823547363,0.03661580756306648,0.09648258239030838,0.38938814401626587,1.497991919517517,7.649923645658419e-05,0.003865576582029462,1.3120290409673885e-09,0.0,0.0,0.0,0.0
569,adam,0.006224941477299698,0.18816354918864467,0.3740091256556972,1.49626071991459,5.7764018199504205e-05,0.004365109237692048,5.183679473567019e-10,0.0,0.0,0.0,0.0,5.055118468499953,6.38922119140625,0.036555442959070206,0.09656476229429245,0.38770851492881775,1.4643384218215942,7.669375918339938e-05,0.0038356350269168615,8.610707286083041e-11,0.0,0.0,0.0,0.0
570,adam,0.006206845819589591,0.18840291567387119,0.3738343831031553,1.4936535127701298,5.716943633160554e-05,0.004371966160232982,3.4180600464701403e-10,0.0,0.0,0.0,0.0,5.053012294154013,6.448354244232178,0.03620166331529617,0.09676957875490189,0.3883441984653473,1.5204566717147827,7.654872024431825e-05,0.0039004473946988583,4.5204076593030607e-10,0.0,0.0,0.0,0.0
571,adam,0.006221104563484269,0.18826127532989748,0.37239470501099864,1.4978537136508572,5.857309482845237e-05,0.004363240629074073,5.865085634901559e-10,0.0,0.0,0.0,0.0,5.050589838335591,6.402694225311279,0.03605780005455017,0.09656994044780731,0.38747379183769226,1.4914036989212036,7.701775030000135e-05,0.003885862650349736,1.7921505945928118e-10,0.0,0.0,0.0,0.0
572,adam,0.006211333517586032,0.1889742862793707,0.37428873873526053,1.4992214633572487,5.771199803641667e-05,0.004368634548999609,2.467876739210526e-09,0.0,0.0,0.0,0.0,5.061567152700117,6.383333206176758,0.036493197083473206,0.09571345895528793,0.3878496587276459,1.4563243389129639,7.725691830273718e-05,0.0038615388330072165,2.572587698423945e-10,0.0,0.0,0.0,0.0
573,adam,0.0061849793419241905,0.18828937795854384,0.3718871147401871,1.4983655060491254,5.842847061895525e-05,0.00436348769994032,2.772187398990938e-10,0.0,0.0,0.0,0.0,5.047248701895437,6.400391101837158,0.036389902234077454,0.09552154690027237,0.38797762989997864,1.485297441482544,7.741736772004515e-05,0.0038362941704690456,1.965606288845123e-10,0.0,0.0,0.0,0.0
574,adam,0.006171196774249116,0.18873319077876308,0.3711156854706426,1.4918626816042009,5.804213921486911e-05,0.004299261742421697,8.354519522427609e-10,0.0,0.0,0.0,0.0,5.019794371820265,6.399065971374512,0.03655235841870308,0.09454850852489471,0.3884275257587433,1.4728565216064453,7.759110303595662e-05,0.0038476462941616774,5.930146596000441e-09,0.0,0.0,0.0,0.0
575,adam,0.0061810909199618526,0.18775511941602152,0.3713905676718681,1.4907697785285212,5.812389527789257e-05,0.004358956515188178,2.7492369736046367e-09,0.0,0.0,0.0,0.0,5.034490723763743,6.389912128448486,0.0359838604927063,0.0956471785902977,0.3859218955039978,1.4959430694580078,7.756424020044506e-05,0.0038669598288834095,7.029518078738306e-10,0.0,0.0,0.0,0.0
576,adam,0.006181019508550244,0.1878060866748133,0.37093219737852773,1.4938152374759797,5.8228079362907595e-05,0.004322250809280142,2.1023950792652438e-10,0.0,0.0,0.0,0.0,5.0257705411603375,6.3829240798950195,0.03666514530777931,0.09352362155914307,0.38785481452941895,1.442812442779541,7.790672680130228e-05,0.003894737921655178,8.41519562366777e-11,0.0,0.0,0.0,0.0
577,adam,0.006171743625835065,0.18725919002486813,0.3695417921389303,1.488887817628922,5.713785961439322e-05,0.004339500300345882,7.245147103230839e-10,0.0,0.0,0.0,0.0,5.017765445093954,6.386025905609131,0.03651413321495056,0.09358319640159607,0.38682085275650024,1.4614263772964478,7.78564135544002e-05,0.003880971809849143,3.0589990540619283e-09,0.0,0.0,0.0,0.0
578,adam,0.006144478511545927,0.1867010958733097,0.36794256491045796,1.4813299717441681,5.888081772530812e-05,0.004380631711213819,1.2399717825098501e-09,0.0,0.0,0.0,0.0,5.013378189456079,6.364659786224365,0.0358981154859066,0.09563485532999039,0.3862178325653076,1.4800623655319214,7.790374365868047e-05,0.0038479119539260864,2.201365617571227e-10,0.0,0.0,0.0,0.0
579,adam,0.006147687759010061,0.18653813389039808,0.3683655156243232,1.4877235043433406,5.795920374258722e-05,0.004358130447085827,8.139602430687969e-10,0.0,0.0,0.0,0.0,5.014526182605374,6.361465930938721,0.036425817757844925,0.09405635297298431,0.38655269145965576,1.4466489553451538,7.810792158124968e-05,0.0038640499114990234,2.3415693828354733e-09,0.0,0.0,0.0,0.0
580,adam,0.006134982566319166,0.18747606008283554,0.3686714701114162,1.484710289585975,5.860829239076514e-05,0.004338921137875126,1.0758684794308673e-09,0.0,0.0,0.0,0.0,5.009274621163645,6.3504557609558105,0.03624683991074562,0.09415285289287567,0.3864530324935913,1.452757716178894,7.84049989306368e-05,0.0038379549514502287,1.4234361467302392e-09,0.0,0.0,0.0,0.0
581,adam,0.006151773816635532,0.18655812884530715,0.36873182846653846,1.4818765386458366,5.8332868643300305e-05,0.004357639595025008,6.053838089428094e-10,0.0,0.0,0.0,0.0,5.010218097317603,6.35814905166626,0.03596082702279091,0.09455306828022003,0.3847474455833435,1.467253565788269,7.843468483770266e-05,0.003888223320245743,1.9721160260388615e-09,0.0,0.0,0.0,0.0
582,adam,0.006125129744290344,0.18685671831330947,0.367543613718402,1.4877176707790745,5.869876000478173e-05,0.004354347730235708,1.3141643022452158e-09,0.0,0.0,0.0,0.0,5.010307527357532,6.362705707550049,0.03602544963359833,0.09301874786615372,0.3851465582847595,1.4606009721755981,7.850264228181913e-05,0.003924901597201824,5.744165143539703e-10,0.0,0.0,0.0,0.0
583,adam,0.006135853488118418,0.18616750403758017,0.3657092702004217,1.4805345766005977,5.793710161308428e-05,0.004311998344717487,4.5563307383306343e-10,0.0,0.0,0.0,0.0,4.98247092769992,6.378543853759766,0.03534329682588577,0.09476371854543686,0.38345420360565186,1.52389657497406,7.867725798860192e-05,0.0038908785209059715,4.5585535346504e-09,0.0,0.0,0.0,0.0
584,adam,0.006120374020669729,0.18530385052004167,0.3688214776977416,1.4786676591442478,5.857212020219454e-05,0.004382705796630152,3.766188508012096e-09,0.0,0.0,0.0,0.0,5.00935217642015,6.328427791595459,0.03591662272810936,0.09354948252439499,0.3844032287597656,1.446830153465271,7.902335346443579e-05,0.003879131516441703,1.9034619713753642e-10,0.0,0.0,0.0,0.0
585,adam,0.006110138214764095,0.18622392319863842,0.3645912418442388,1.4820665159533102,5.9137309783123314e-05,0.004401123346460443,2.1082891906290984e-10,0.0,0.0,0.0,0.0,5.00417923158215,6.357271671295166,0.035496246069669724,0.09448101371526718,0.38344472646713257,1.4942493438720703,7.895541784819216e-05,0.003895772621035576,2.324818115795324e-10,0.0,0.0,0.0,0.0
586,adam,0.0061275830582505275,0.18621497481100022,0.36399361106657213,1.4770389180029593,5.867420517343787e-05,0.004362491410105459,1.6041486262090422e-10,0.0,0.0,0.0,0.0,4.986603721495597,6.335886478424072,0.03610909730195999,0.09215693920850754,0.38562485575675964,1.4353841543197632,7.923119846964255e-05,0.003905630437657237,9.322630861730019e-11,0.0,0.0,0.0,0.0
587,adam,0.006111705059846563,0.1858815070121519,0.3634601696845024,1.4774026563090663,5.870095253246085e-05,0.004369119858188975,8.839895459898616e-11,0.0,0.0,0.0,0.0,4.985071305305727,6.344144821166992,0.03584156930446625,0.09200043231248856,0.38444483280181885,1.4515882730484009,7.898778858361766e-05,0.003946610726416111,1.2449673236769598e-10,0.0,0.0,0.0,0.0
588,adam,0.006085023374086426,0.18590788591292598,0.363754314761008,1.4778630579671552,5.8914325387787914e-05,0.0043388603014811395,3.842251807040589e-09,0.0,0.0,0.0,0.0,4.976847156401603,6.3163161277771,0.03560882434248924,0.09268542379140854,0.3840385675430298,1.4425506591796875,7.928992272354662e-05,0.003925512079149485,1.051484121994406e-09,0.0,0.0,0.0,0.0
589,adam,0.006092246832145798,0.18564946228458035,0.3632996091919561,1.4748171760189919,5.944774860718978e-05,0.0043394726610952805,8.533393201289265e-10,0.0,0.0,0.0,0.0,4.9721550941467285,6.295339584350586,0.03627122566103935,0.091109499335289,0.38405293226242065,1.402374029159546,7.970463047968224e-05,0.0038802525959908962,1.5261401864474777e-10,0.0,0.0,0.0,0.0
590,adam,0.006091270640852952,0.18580252893509402,0.36154467059719947,1.4746294829153246,5.886065334761365e-05,0.004335449047146305,1.0996037011042653e-10,0.0,0.0,0.0,0.0,4.964247611261183,6.331537246704102,0.035963479429483414,0.09157400578260422,0.38357943296432495,1.4506243467330933,7.954611646709964e-05,0.003895627334713936,1.0297741132037075e-10,0.0,0.0,0.0,0.0
591,adam,0.006082198447397639,0.18563538982022193,0.3619821946467123,1.4725729073247602,5.9037486695864746e-05,0.0043138173228550345,1.9790641437472846e-10,0.0,0.0,0.0,0.0,4.956848621368408,6.336780071258545,0.0353286974132061,0.09369038045406342,0.38176068663597107,1.4828708171844482,7.947276753839105e-05,0.0039270613342523575,5.188484086815492e-10,0.0,0.0,0.0,0.0
592,adam,0.006073736780953984,0.18455094579727419,0.36234694719314575,1.4674513570723995,5.933545828391347e-05,0.004348925660334287,8.568396545598346e-10,0.0,0.0,0.0,0.0,4.959630289385395,6.288483619689941,0.035654932260513306,0.09282680600881577,0.38188743591308594,1.4261795282363892,7.984564581420273e-05,0.003903923323377967,1.7976898858407253e-09,0.0,0.0,0.0,0.0
593,adam,0.0060540903810291525,0.18486506419797097,0.360762422123263,1.4689322287036526,5.879440223291186e-05,0.0043838067851479975,7.66804793944463e-10,0.0,0.0,0.0,0.0,4.964417857508505,6.307977676391602,0.035775210708379745,0.09097082167863846,0.3824383020401001,1.436046838760376,7.984408875927329e-05,0.003923187032341957,9.505483067329124e-10,0.0,0.0,0.0,0.0
594,adam,0.006069298728459304,0.1854833378907173,0.3602276329071291,1.4660831689834595,5.919419627095903e-05,0.004382922734704709,3.5579332088058404e-10,0.0,0.0,0.0,0.0,4.961895388941611,6.280843734741211,0.03568495810031891,0.09117604792118073,0.3820376396179199,1.4218122959136963,8.026533032534644e-05,0.003899481613188982,3.977941864796719e-10,0.0,0.0,0.0,0.0
595,adam,0.006059352969450336,0.1844918324101356,0.3618215582063121,1.4733858185429727,5.9137273051272774e-05,0.004377708124417451,2.9242589402823257e-09,0.0,0.0,0.0,0.0,4.970784817972491,6.2896599769592285,0.03598741069436073,0.09054508805274963,0.3837871551513672,1.4090014696121216,8.030318713281304e-05,0.0038999859243631363,7.397497614469728e-10,0.0,0.0,0.0,0.0
596,adam,0.006046861049629027,0.18450446859482797,0.3592543188602694,1.4659005557337115,5.906964572439451e-05,0.004313012539979911,2.283385998201917e-10,0.0,0.0,0.0,0.0,4.934495787466726,6.282976150512695,0.03557466343045235,0.09140870720148087,0.3810312747955322,1.43556547164917,8.04207957116887e-05,0.0038896347396075726,2.2843654745585695e-10,0.0,0.0,0.0,0.0
597,adam,0.006040275382298616,0.18392583920109656,0.3595268880167315,1.4632294370282082,5.9770390972487565e-05,0.004352620682649074,1.1048900034141363e-10,0.0,0.0,0.0,0.0,4.942361631701069,6.281795024871826,0.03531092405319214,0.09188887476921082,0.38074323534965515,1.4517022371292114,8.051094482652843e-05,0.0038779156748205423,1.1056711102241934e-10,0.0,0.0,0.0,0.0
598,adam,0.006059880578710187,0.18447365443552693,0.35677769203339854,1.4616513406076739,5.960229898318498e-05,0.004375550670609359,1.3033022264454724e-09,0.0,0.0,0.0,0.0,4.939239071261499,6.281379222869873,0.03506805747747421,0.09267570078372955,0.3797820210456848,1.4571934938430786,8.069031173363328e-05,0.00390984071418643,8.03906097246454e-09,0.0,0.0,0.0,0.0
599,adam,0.006034488369139933,0.18416480095155777,0.3585712525152391,1.4632720870356406,5.9590123606950884e-05,0.004378983886131356,1.852302574092341e-09,0.0,0.0,0.0,0.0,4.946413040161133,6.270419120788574,0.0351489819586277,0.09224636852741241,0.37987738847732544,1.4484044313430786,8.068008173722774e-05,0.003889739979058504,8.305686693965697e-11,0.0,0.0,0.0,0.0
600,adam,0.006004359603168503,0.1830452719042378,0.3580140817549921,1.4619686988092238,5.955206389415018e-05,0.004460288016425986,6.927642924950495e-08,0.0,0.0,0.0,0.0,5.185890490008939,6.7642998695373535,0.03480561450123787,0.09076181054115295,0.3807642161846161,1.4287464618682861,8.071163756540045e-05,0.00394079415127635,3.29837206436423e-08,0.0,0.0,0.0,0.0
601,adam,0.005974056739960948,0.1826066413233357,0.35612967898768766,1.4655089186083885,5.971537839579997e-05,0.004429154743951174,5.756354372332684e-09,0.0,0.0,0.0,0.0,5.169872253171859,6.739713668823242,0.03480362147092819,0.09028397500514984,0.37976592779159546,1.4128971099853516,8.134738891385496e-05,0.003929933998733759,2.4742533022426016e-10,0.0,0.0,0.0,0.0
602,adam,0.005954472182859336,0.18170913669370836,0.35805998021556484,1.467489811681932,6.0477520169262146e-05,0.004434617867152537,2.8988691062299186e-10,0.0,0.0,0.0,0.0,5.177540179221861,6.755815505981445,0.03439691662788391,0.09074398875236511,0.37895238399505615,1.4580239057540894,8.139428246067837e-05,0.003926062490791082,1.725852655232174e-10,0.0,0.0,0.0,0.0
603,adam,0.0059397536359967725,0.18175435835315334,0.35541819276348235,1.4625532550196494,5.9862567497710246e-05,0.004424603535763679,9.813971387343415e-11,0.0,0.0,0.0,0.0,5.157907224470569,6.708870887756348,0.0343252494931221,0.08976007252931595,0.378174751996994,1.426096796989441,8.187546336557716e-05,0.003913695923984051,8.303326776148978e-11,0.0,0.0,0.0,0.0
604,adam,0.005909954723451407,0.180488133622754,0.35500239364562497,1.460741812183011,6.0292438232159665e-05,0.004389012172337501,8.431670035108542e-11,0.0,0.0,0.0,0.0,5.1386798274132515,6.711916923522949,0.03394513949751854,0.09053919464349747,0.3772561550140381,1.4483702182769775,8.193440589820966e-05,0.003938262350857258,9.21316564705954e-11,0.0,0.0,0.0,0.0
605,adam,0.005915335409583584,0.18054763395940104,0.3548158993644099,1.4657332589549403,6.048349689902558e-05,0.004419961118049199,8.43348565265732e-11,0.0,0.0,0.0,0.0,5.152517595598774,6.7173967361450195,0.03418389707803726,0.08899208158254623,0.3781546354293823,1.4275403022766113,8.193695975933224e-05,0.003980192821472883,7.972414395318594e-11,0.0,0.0,0.0,0.0
606,adam,0.00592714678796549,0.18022871546206937,0.3533337760356165,1.4609467367972098,6.044949881353175e-05,0.004406004197775356,8.15147344785007e-11,0.0,0.0,0.0,0.0,5.137542170862997,6.712375164031982,0.033655088394880295,0.09031311422586441,0.37573331594467163,1.4640007019042969,8.208594226744026e-05,0.003975387662649155,8.211396840263063e-11,0.0,0.0,0.0,0.0
607,adam,0.005890503585819275,0.17996941122316545,0.3527111728345194,1.4613057028862737,6.072078113286426e-05,0.00441367254262009,8.636233842757919e-11,0.0,0.0,0.0,0.0,5.134518361860706,6.705113887786865,0.03332887962460518,0.0912976935505867,0.37508952617645264,1.4849992990493774,8.211025124182925e-05,0.003949613310396671,8.276681423557974e-11,0.0,0.0,0.0,0.0
608,adam,0.00588985422866479,0.17854869317623875,0.3532276105496191,1.4509154635090982,6.061668072136179e-05,0.00440782965010693,8.38508281625887e-11,0.0,0.0,0.0,0.0,5.119841467949652,6.669437408447266,0.03396661579608917,0.08850438892841339,0.3779049217700958,1.400172472000122,8.276453445432708e-05,0.003968869335949421,8.347526836427477e-11,0.0,0.0,0.0,0.0
609,adam,0.005883323434259622,0.1795301970935637,0.35233359855990254,1.4586262779851114,6.0874982145539816e-05,0.004449362686324504,8.28798416545452e-11,0.0,0.0,0.0,0.0,5.138689702556979,6.683131217956543,0.03344034031033516,0.08910592645406723,0.3755424916744232,1.451181173324585,8.261216134997085e-05,0.003984113223850727,8.29080970543572e-11,0.0,0.0,0.0,0.0
610,adam,0.005880041994274624,0.17880094483975442,0.35224250631947673,1.4607712030410767,6.127596944063572e-05,0.00446137964665409,8.213248204307212e-11,0.0,0.0,0.0,0.0,5.141749858856201,6.641519546508789,0.0330585241317749,0.08973533660173416,0.3741225302219391,1.443993330001831,8.286384399980307e-05,0.003966738469898701,7.971147353291741e-11,0.0,0.0,0.0,0.0
611,adam,0.005901071693628065,0.1796032767142019,0.3520320173232786,1.4575281258552306,6.085974042258796e-05,0.00439721092040981,8.333286524988477e-11,0.0,0.0,0.0,0.0,5.1229337415387555,6.650715351104736,0.03362365439534187,0.08809841424226761,0.3758736848831177,1.4132450819015503,8.325251110363752e-05,0.003968670964241028,8.123402644999445e-11,0.0,0.0,0.0,0.0
612,adam,0.005868628185482756,0.17879288331154855,0.35181230546966674,1.4585911266265377,6.118076975502434e-05,0.004421513377418441,8.261164221339483e-11,0.0,0.0,0.0,0.0,5.125613643277076,6.666398525238037,0.03352448344230652,0.08841823786497116,0.3756753206253052,1.4223902225494385,8.323289512190968e-05,0.004013636149466038,7.99975641285755e-11,0.0,0.0,0.0,0.0
613,adam,0.005854759365320206,0.17792925767360196,0.3511105179786682,1.4579494730118783,6.125203259627244e-05,0.004442994618007253,8.357973497884511e-11,0.0,0.0,0.0,0.0,5.124769241579117,6.651010513305664,0.03388474881649017,0.08740749955177307,0.3757435977458954,1.394977331161499,8.361658547073603e-05,0.0039824265986680984,8.039969384698864e-11,0.0,0.0,0.0,0.0
614,adam,0.005843841681076634,0.17790158381385188,0.3505393680064909,1.4543658033494027,6.199306482167524e-05,0.004475353631160913,8.255365656306332e-11,0.0,0.0,0.0,0.0,5.1276133445001415,6.660336971282959,0.03346015885472298,0.08795218169689178,0.374927282333374,1.4263195991516113,8.3520746557042e-05,0.004008185118436813,8.002603441026324e-11,0.0,0.0,0.0,0.0
615,adam,0.005829740601081041,0.1778148316567944,0.3495519391952022,1.452020022176927,6.098267066033347e-05,0.004423389436617013,8.241295884972667e-11,0.0,0.0,0.0,0.0,5.104717977585331,6.647915840148926,0.032900698482990265,0.08837305754423141,0.37304383516311646,1.4526649713516235,8.345364039996639e-05,0.00402361573651433,8.431689374477358e-11,0.0,0.0,0.0,0.0
616,adam,0.005826447324286546,0.17766650069144466,0.35006545051451654,1.4519643937387774,6.168243858302313e-05,0.004448681619138487,8.48245053946199e-11,0.0,0.0,0.0,0.0,5.11361998896445,6.633735179901123,0.033590689301490784,0.08668140321969986,0.37505123019218445,1.394753336906433,8.384981629205868e-05,0.00400896230712533,7.847698879626108e-11,0.0,0.0,0.0,0.0
617,adam,0.0058212840719328775,0.17711401226059084,0.34869331698263845,1.4522656471498552,6.145143936831324e-05,0.004430793721469179,8.226909655309925e-11,0.0,0.0,0.0,0.0,5.101235358945785,6.638909339904785,0.032881077378988266,0.08846987038850784,0.3722667992115021,1.4570468664169312,8.392211748287082e-05,0.003989680670201778,8.542637430775102e-11,0.0,0.0,0.0,0.0
618,adam,0.005804088161957841,0.17722483892594615,0.3473718695102199,1.4527010225480603,6.189791325126745e-05,0.004441271791414869,8.42475715086501e-11,0.0,0.0,0.0,0.0,5.098831545922064,6.625821113586426,0.03319406509399414,0.08704876899719238,0.37410885095596313,1.4105603694915771,8.399932266911492e-05,0.00402678782120347,8.126585515633167e-11,0.0,0.0,0.0,0.0
619,adam,0.005819784372203773,0.1776065403415311,0.34851130843162537,1.4505923255797355,6.163626300892042e-05,0.00447675714930219,8.827912639248901e-11,0.0,0.0,0.0,0.0,5.11335446757655,6.619442462921143,0.03308003395795822,0.0866970419883728,0.37327811121940613,1.4179203510284424,8.429765875916928e-05,0.004019503947347403,1.035427715789794e-10,0.0,0.0,0.0,0.0
620,adam,0.00580351505308382,0.17659193229290746,0.3502384414595942,1.455796795506631,6.187074071814066e-05,0.004445038014842618,8.640715696713982e-11,0.0,0.0,0.0,0.0,5.112527878053727,6.6180219650268555,0.03327275067567825,0.08651230484247208,0.3729303777217865,1.4141865968704224,8.464562415610999e-05,0.003988578449934721,8.478870383576975e-11,0.0,0.0,0.0,0.0
621,adam,0.005805916618555784,0.1766248893353247,0.3478194148309769,1.4522879008323915,6.174823459831157e-05,0.004464216320024383,8.273406601388261e-11,0.0,0.0,0.0,0.0,5.104941029702464,6.617208480834961,0.033182475715875626,0.08624757081270218,0.3726707994937897,1.4237220287322998,8.496613736497238e-05,0.0039784228429198265,8.009153756871612e-11,0.0,0.0,0.0,0.0
622,adam,0.005776520998727891,0.17620870807478506,0.3453056586365546,1.4472062664647256,6.21005913877349e-05,0.004470420445525839,8.391848864553983e-11,0.0,0.0,0.0,0.0,5.08844175646382,6.608876705169678,0.032410938292741776,0.0880449190735817,0.37134507298469543,1.4525150060653687,8.46838956931606e-05,0.004027527291327715,8.581210048097532e-11,0.0,0.0,0.0,0.0
623,adam,0.005783959216768703,0.1762279752762087,0.3457207650907578,1.4466371420891053,6.19604674753763e-05,0.004460235381679189,8.539292548160487e-11,0.0,0.0,0.0,0.0,5.087092353451636,6.598108291625977,0.033148203045129776,0.08625057339668274,0.3719443380832672,1.4075157642364502,8.511117630405352e-05,0.003987775184214115,7.90566848096752e-11,0.0,0.0,0.0,0.0
624,adam,0.005761192285365636,0.17585064614972762,0.3448664209535045,1.4482689826719222,6.088434759388498e-05,0.004462198955157111,9.080631430483189e-11,0.0,0.0,0.0,0.0,5.082654799184492,6.596035003662109,0.03264762833714485,0.08623190969228745,0.3716701567173004,1.4265525341033936,8.479861571686342e-05,0.00403470266610384,7.885200825619165e-11,0.0,0.0,0.0,0.0
625,adam,0.005784530808488207,0.1763083771351845,0.3452371108916498,1.448711802882533,6.205455581713918e-05,0.004467703942810336,8.51974814622134e-11,0.0,0.0,0.0,0.0,5.089757396328833,6.603175163269043,0.03251207619905472,0.0861831083893776,0.37071242928504944,1.4503560066223145,8.493255882058293e-05,0.004019506275653839,9.358075425680568e-11,0.0,0.0,0.0,0.0
626,adam,0.005755820176413943,0.17565272652333783,0.3466352560827809,1.4503416592074978,6.247140164862597e-05,0.004434573133626292,8.181162535060257e-11,0.0,0.0,0.0,0.0,5.083896160125732,6.617032051086426,0.0325096920132637,0.08715799450874329,0.37012404203414917,1.4623299837112427,8.524680742993951e-05,0.004022790119051933,7.792611694812379e-11,0.0,0.0,0.0,0.0
627,adam,0.005761626086408092,0.17539887466738302,0.34386386217609527,1.4528157903302101,6.2801000650882e-05,0.004444401891481492,8.100688332489706e-11,0.0,0.0,0.0,0.0,5.078011497374503,6.592422008514404,0.03290172293782234,0.08574661612510681,0.370770126581192,1.413532018661499,8.552557119401172e-05,0.004025286063551903,8.759944852831936e-11,0.0,0.0,0.0,0.0
628,adam,0.005761193637285502,0.17591068437022547,0.34345968211850814,1.4409717975124237,6.1831355138096e-05,0.004400831722323933,8.674478004179879e-11,0.0,0.0,0.0,0.0,5.052814268296765,6.5831804275512695,0.03299928456544876,0.0850006565451622,0.37229910492897034,1.3907307386398315,8.54914469528012e-05,0.00403870502486825,9.924668031846551e-11,0.0,0.0,0.0,0.0
629,adam,0.005761986072625845,0.17522736566682015,0.34402664919053355,1.4470589814647552,6.287403072835127e-05,0.004467321214296164,8.595314133380728e-11,0.0,0.0,0.0,0.0,5.07880921517649,6.5908966064453125,0.03284991532564163,0.08504276722669601,0.37087729573249817,1.408695936203003,8.557322871638462e-05,0.004055528901517391,7.774928617587662e-11,0.0,0.0,0.0,0.0
630,adam,0.005739524554941923,0.17496470626323454,0.34393510318571524,1.445395823447935,6.245299171554976e-05,0.004444492770539176,9.06421758887114e-11,0.0,0.0,0.0,0.0,5.067703754671158,6.570334434509277,0.03247712180018425,0.08512673527002335,0.36842676997184753,1.4222087860107422,8.578484266763553e-05,0.004055532161146402,7.782426786340224e-11,0.0,0.0,0.0,0.0
631,adam,0.00574012590391982,0.1752225266348931,0.34275703276357344,1.4431640601927234,6.255307145634546e-05,0.004497403924864146,8.71703582972308e-11,0.0,0.0,0.0,0.0,5.076645405061783,6.569292068481445,0.032625872641801834,0.0852401927113533,0.36996081471443176,1.411344051361084,8.59201536513865e-05,0.004033014178276062,7.960299780451763e-11,0.0,0.0,0.0,0.0
632,adam,0.005710530560463667,0.17463424897963,0.34238783870973893,1.4384107128266366,6.228072144891015e-05,0.004457422336863894,8.534471136073708e-11,0.0,0.0,0.0,0.0,5.055000535903439,6.563906669616699,0.03259262815117836,0.085170678794384,0.36907345056533813,1.4154527187347412,8.613541285740212e-05,0.0040198275819420815,8.666988654537633e-11,0.0,0.0,0.0,0.0
633,adam,0.005724436648550534,0.1750859800846346,0.34321567127781527,1.4389437167875228,6.210301064364162e-05,0.004422233515088597,8.179865991542548e-11,0.0,0.0,0.0,0.0,5.0510350042773835,6.555202484130859,0.032469771802425385,0.08502253890037537,0.37021374702453613,1.4059370756149292,8.602014713687822e-05,0.004038494545966387,8.793756695046895e-11,0.0,0.0,0.0,0.0
634,adam,0.005728052208019841,0.17443858327404146,0.3404349184805347,1.441022438387717,6.226903778658579e-05,0.004437821226254586,8.345993430408828e-11,0.0,0.0,0.0,0.0,5.044917183537637,6.579123020172119,0.032641731202602386,0.08408001810312271,0.3698047399520874,1.4197704792022705,8.63317764014937e-05,0.004047083668410778,8.641691529032158e-11,0.0,0.0,0.0,0.0
635,adam,0.005736600968145555,0.17489214049231622,0.3405234948281319,1.439174440599257,6.336184578099017e-05,0.004445341821279257,8.1592191784303e-11,0.0,0.0,0.0,0.0,5.048065785438784,6.556030750274658,0.032639529556035995,0.08419281989336014,0.3687947690486908,1.4031476974487305,8.648582297610119e-05,0.004039102699607611,8.113854726987668e-11,0.0,0.0,0.0,0.0
636,adam,0.005688569328236965,0.17373540612959093,0.34243335454694684,1.4369577938510525,6.257073759878685e-05,0.004479656792095592,8.738350724017103e-11,0.0,0.0,0.0,0.0,5.0559826820127425,6.538640022277832,0.03228401020169258,0.08546378463506699,0.3686755299568176,1.4097914695739746,8.647144568385556e-05,0.004026205278933048,7.740411783752066e-11,0.0,0.0,0.0,0.0
637,adam,0.00571373289811515,0.17429792256124557,0.34088169855456196,1.4417467655674103,6.265425150969907e-05,0.004432073734219997,9.43041514054404e-11,0.0,0.0,0.0,0.0,5.044632727100003,6.561853408813477,0.03205130621790886,0.08539167046546936,0.36710217595100403,1.4390660524368286,8.640324085718021e-05,0.004079986363649368,7.760772580134301e-11,0.0,0.0,0.0,0.0
638,adam,0.005680346290671056,0.17350776974231966,0.3419071483996607,1.4346269638307634,6.23952369243207e-05,0.0044560601574278646,8.60164227031992e-11,0.0,0.0,0.0,0.0,5.043443187590568,6.530486106872559,0.032775186002254486,0.08345004171133041,0.3694164752960205,1.382412314414978,8.682410407345742e-05,0.003990659490227699,7.758043513161894e-11,0.0,0.0,0.0,0.0
639,adam,0.005703961026043662,0.17356918031169521,0.3400015321470076,1.4368328355973767,6.200325949448011e-05,0.004457323887054959,8.433571135353511e-11,0.0,0.0,0.0,0.0,5.040038954827093,6.537860870361328,0.03243371099233627,0.08406925946474075,0.3677755296230316,1.4042621850967407,8.686546789249405e-05,0.004034680780023336,7.592085293772755e-11,0.0,0.0,0.0,0.0
640,adam,0.005711938344663189,0.1744337740444368,0.33910463990703704,1.4372923297266806,6.276785021445023e-05,0.0044674336790077145,8.67648381457221e-11,0.0,0.0,0.0,0.0,5.043392519797048,6.534554481506348,0.03262315317988396,0.08326545357704163,0.368961364030838,1.3798749446868896,8.706191147211939e-05,0.004057936370372772,7.960303943788105e-11,0.0,0.0,0.0,0.0
641,adam,0.005665038216618761,0.17329521717563753,0.33893972635269165,1.4329870746981712,6.292665514798324e-05,0.004460279724650806,8.29935358788313e-11,0.0,0.0,0.0,0.0,5.029773143029982,6.536777019500732,0.03181195259094238,0.08530335873365402,0.3660527169704437,1.4463012218475342,8.694822463439777e-05,0.004036817699670792,7.606986568431395e-11,0.0,0.0,0.0,0.0
642,adam,0.00569552612761336,0.17353031760261906,0.3376019356712218,1.432963821195787,6.341756905444086e-05,0.004440417348016654,8.634834044022214e-11,0.0,0.0,0.0,0.0,5.021810331652241,6.532545566558838,0.03204299509525299,0.08471012860536575,0.3670482635498047,1.4146323204040527,8.705555956112221e-05,0.004073898307979107,8.726381423018736e-11,0.0,0.0,0.0,0.0
643,adam,0.005691366630696481,0.1731873034469543,0.3406440399346813,1.433104726576036,6.260559988027859e-05,0.004480935873523835,8.123568574097863e-11,0.0,0.0,0.0,0.0,5.043817274032101,6.513402938842773,0.032537542283535004,0.08352774381637573,0.3673953711986542,1.3732085227966309,8.746288949623704e-05,0.004046233836561441,1.017839146300048e-10,0.0,0.0,0.0,0.0
644,adam,0.005675034792793374,0.1733816910174585,0.33765733145898386,1.4350395587182814,6.353984551218849e-05,0.0044635982973681345,9.444540848315983e-11,0.0,0.0,0.0,0.0,5.028998359557121,6.537649154663086,0.03200959041714668,0.08389832079410553,0.3669629693031311,1.4257789850234985,8.731166599318385e-05,0.004068778362125158,8.540027712777842e-11,0.0,0.0,0.0,0.0
645,adam,0.005677842565121189,0.17286566092121985,0.3380234010757939,1.435200898878036,6.338750151166272e-05,0.004502246216420204,1.0957687736569814e-10,0.0,0.0,0.0,0.0,5.040158133352956,6.513065338134766,0.0322619192302227,0.08369749039411545,0.3667698800563812,1.400172472000122,8.760669879848137e-05,0.004019457846879959,8.039530152714747e-11,0.0,0.0,0.0,0.0
646,adam,0.005661532838618563,0.1725137868235188,0.3376360756735648,1.4292359967385568,6.306276789532163e-05,0.004426740485453798,1.015387715664501e-10,0.0,0.0,0.0,0.0,5.008670560775265,6.515104293823242,0.031941089779138565,0.08445180952548981,0.36568933725357056,1.4293197393417358,8.759317279327661e-05,0.004004302434623241,1.1426266183223177e-10,0.0,0.0,0.0,0.0
647,adam,0.005664400365804473,0.17308828523082118,0.33608001662838843,1.430511220808952,6.263484207128415e-05,0.0044870992912159815,1.26519133207682e-10,0.0,0.0,0.0,0.0,5.022643504604217,6.5140700340271,0.032072823494672775,0.08362748473882675,0.366338312625885,1.4082205295562744,8.760108175920323e-05,0.004045413341373205,1.4407471049526777e-10,0.0,0.0,0.0,0.0
648,adam,0.005659919742855334,0.1727971011592496,0.335626830016413,1.4325386862601004,6.297145568345102e-05,0.004519254750301761,1.964169595339025e-10,0.0,0.0,0.0,0.0,5.031076308219664,6.5166015625,0.031960148364305496,0.08379615843296051,0.36525511741638184,1.4360800981521606,8.779034396866336e-05,0.003993287682533264,7.936445944878301e-11,0.0,0.0,0.0,0.0
649,adam,0.005634716651853054,0.1725719157726534,0.33734570683971526,1.4356968172134892,6.326647029885451e-05,0.004523503503972484,6.162310144690812e-10,0.0,0.0,0.0,0.0,5.040161748086253,6.51563835144043,0.03188931941986084,0.08372792601585388,0.36554598808288574,1.4310327768325806,8.780045027378947e-05,0.0040215132758021355,1.7235590732411765e-09,0.0,0.0,0.0,0.0
650,adam,0.005656044509622359,0.17262963469951384,0.3354775155744245,1.433158947575477,6.343782015685593e-05,0.0044812790959352445,4.470605697913118e-10,0.0,0.0,0.0,0.0,5.019812999233123,6.496331214904785,0.03191908821463585,0.0833265483379364,0.36588504910469055,1.4003254175186157,8.788895502220839e-05,0.00405688863247633,2.5299703998449274e-10,0.0,0.0,0.0,0.0
651,adam,0.0056431293337335505,0.17215251970675685,0.3351081552044038,1.430749527869686,6.347838279907592e-05,0.0044436229603184805,7.119920730500678e-10,0.0,0.0,0.0,0.0,5.00287006747338,6.495253562927246,0.0321110375225544,0.0824461504817009,0.3659500181674957,1.3911017179489136,8.813553722575307e-05,0.004049001727253199,1.88516272037198e-10,0.0,0.0,0.0,0.0
652,adam,0.005648325858337264,0.172562520830862,0.33614832931949246,1.4305822849273682,6.35948431848984e-05,0.004441629704688826,6.240051130382732e-10,0.0,0.0,0.0,0.0,5.007924310622677,6.488551139831543,0.03200196474790573,0.08269138634204865,0.36511164903640747,1.3929897546768188,8.819404320092872e-05,0.0040534138679504395,8.097102155435465e-11,0.0,0.0,0.0,0.0
653,adam,0.005615240668938044,0.17137194785379595,0.3348935698309252,1.4315456421144548,6.34870215904929e-05,0.004511156104384891,2.0501471018153522e-10,0.0,0.0,0.0,0.0,5.017812974991337,6.4763102531433105,0.03188387304544449,0.08230464905500412,0.36555925011634827,1.3900113105773926,8.834264008328319e-05,0.0040466077625751495,1.2265606308403676e-09,0.0,0.0,0.0,0.0
654,adam,0.0056229773157786935,0.17210524120638448,0.33401757574850516,1.4289088133842713,6.39144568741622e-05,0.0044344871365014586,7.288842233630069e-10,0.0,0.0,0.0,0.0,4.992785423032699,6.489697456359863,0.031626537442207336,0.08370577543973923,0.36339572072029114,1.4311959743499756,8.837568020680919e-05,0.004021046683192253,1.3721944414069043e-10,0.0,0.0,0.0,0.0
655,adam,0.005654639038707941,0.17210704424688894,0.33521344007984283,1.4269791841506958,6.391168520372781e-05,0.004470737185329199,2.5129117917346216e-10,0.0,0.0,0.0,0.0,5.008004896102413,6.481939792633057,0.03153177723288536,0.08351623266935349,0.36358848214149475,1.415195345878601,8.846091077430174e-05,0.004073133692145348,2.7172258887375733e-10,0.0,0.0,0.0,0.0
656,adam,0.005618563297414972,0.1718623258413807,0.3331188847941737,1.4251260449809413,6.363180821814063e-05,0.004450203430268073,1.616053169868133e-09,0.0,0.0,0.0,0.0,4.98860300740888,6.476467609405518,0.0316336527466774,0.08380399644374847,0.36390063166618347,1.4180582761764526,8.863768744049594e-05,0.004011689219623804,1.4221937516545324e-10,0.0,0.0,0.0,0.0
657,adam,0.005607393705436299,0.17118960570904515,0.33323887375093275,1.4268447814449188,6.343231800729558e-05,0.004456719398618706,4.749647937496795e-10,0.0,0.0,0.0,0.0,4.989804713956771,6.48223876953125,0.031902581453323364,0.08276917785406113,0.365482360124588,1.3979835510253906,8.852243627188727e-05,0.004030012059956789,9.735129369303763e-11,0.0,0.0,0.0,0.0
658,adam,0.0056100276959759575,0.17108025810410898,0.3323335147673084,1.4207363667026642,6.358595231675633e-05,0.004420905524203854,2.7663681829141883e-10,0.0,0.0,0.0,0.0,4.969670711025115,6.483762741088867,0.03200294449925423,0.08166822791099548,0.36436495184898376,1.3873889446258545,8.881808025762439e-05,0.004076673183590174,3.83333115250295e-10,0.0,0.0,0.0,0.0
659,adam,0.005614133401503486,0.1712743313081803,0.3333125479759709,1.4202356607683244,6.3715232939895e-05,0.004515658523286542,1.3584261538215993e-10,0.0,0.0,0.0,0.0,5.000936677378993,6.467696189880371,0.031637221574783325,0.08254576474428177,0.3627559244632721,1.4034584760665894,8.88262948137708e-05,0.00406176783144474,1.4325673980408737e-10,0.0,0.0,0.0,0.0
660,adam,0.005585902220299167,0.17099045793856343,0.3332986600937382,1.4208261159158522,6.300034604669969e-05,0.0044883236949962955,7.492266574174545e-10,0.0,0.0,0.0,0.0,4.99055834739439,6.475151538848877,0.0318172350525856,0.08255700767040253,0.3624492287635803,1.4039500951766968,8.897842781152576e-05,0.004047514405101538,2.882554195338116e-09,0.0,0.0,0.0,0.0
661,adam,0.005613673538450272,0.17119141788251938,0.33156669043725534,1.42284309094952,6.343016408913348e-05,0.004479388721407422,7.806411010445199e-10,0.0,0.0,0.0,0.0,4.98591124626898,6.4743146896362305,0.03169778734445572,0.0824645385146141,0.3631165027618408,1.4024845361709595,8.896381768863648e-05,0.004069785121828318,2.6186450230447633e-10,0.0,0.0,0.0,0.0
662,adam,0.005618619657452068,0.17146612799936725,0.33120310114276025,1.4211324876354587,6.359953688168448e-05,0.00442759377220946,1.4298505009930333e-10,0.0,0.0,0.0,0.0,4.969231697820848,6.478350639343262,0.03179260343313217,0.08197098970413208,0.36350536346435547,1.3909107446670532,8.901263208827004e-05,0.004103080835193396,9.996901223496835e-11,0.0,0.0,0.0,0.0
663,adam,0.0055636489583599956,0.1706331689511576,0.33140478211064495,1.422766904677114,6.311473477962277e-05,0.0044687409404545065,2.938939622579385e-10,0.0,0.0,0.0,0.0,4.976933340872487,6.46830415725708,0.03151220083236694,0.08252871781587601,0.36312150955200195,1.4122291803359985,8.913328201742843e-05,0.004056236241012812,1.3087941841405382e-09,0.0,0.0,0.0,0.0
664,adam,0.005590810545630032,0.171017341075405,0.33246302893084867,1.4247463980028707,6.410838027330746e-05,0.004503729017150979,2.966015338800426e-10,0.0,0.0,0.0,0.0,4.996673260965655,6.459907531738281,0.03140472620725632,0.08296598494052887,0.3613143265247345,1.416029930114746,8.946700836531818e-05,0.004058381542563438,1.6169351968464696e-10,0.0,0.0,0.0,0.0
665,adam,0.005579201399438804,0.1704458430890114,0.3302955877396368,1.4195956260927263,6.34706901168571e-05,0.004488242414569662,3.9382285403218973e-10,0.0,0.0,0.0,0.0,4.975485278714087,6.4451093673706055,0.03168346732854843,0.08120253682136536,0.36296385526657104,1.360064148902893,8.925025758799165e-05,0.004138729069381952,1.772873736705094e-09,0.0,0.0,0.0,0.0
666,adam,0.005568869532115998,0.17048842387814675,0.32878159274978025,1.4146709672866329,6.416858541929434e-05,0.004487024830474007,9.341874885667126e-10,0.0,0.0,0.0,0.0,4.963876831916071,6.445743560791016,0.03138541802763939,0.08210780471563339,0.3619515001773834,1.3918002843856812,8.945902663981542e-05,0.004100902937352657,1.6909475208937153e-10,0.0,0.0,0.0,0.0
667,adam,0.005579833962744282,0.1709856342884802,0.3300145181917375,1.4219557892891668,6.375361948401757e-05,0.0044313601458505275,2.7951301533181114e-10,0.0,0.0,0.0,0.0,4.9624450591302685,6.458158016204834,0.0314805842936039,0.08213949203491211,0.36152100563049316,1.4032890796661377,8.951938798418269e-05,0.004086111672222614,1.9179692556381411e-10,0.0,0.0,0.0,0.0
668,adam,0.005555215937596175,0.1703730470711185,0.3290619609817382,1.41549386132148,6.389555628336365e-05,0.004468240880317265,3.6833574631216716e-10,0.0,0.0,0.0,0.0,4.959076250753095,6.425531387329102,0.03134039789438248,0.08208122104406357,0.361493319272995,1.387434959411621,8.971671923063695e-05,0.004062441643327475,3.8974012905867994e-10,0.0,0.0,0.0,0.0
669,adam,0.005563220564997004,0.17069463431835175,0.33110767987466627,1.4183930927707302,6.366088224064199e-05,0.0044807238023607966,6.799475373423406e-10,0.0,0.0,0.0,0.0,4.975126804844026,6.450118541717529,0.03125617653131485,0.08248642086982727,0.3610357642173767,1.4153094291687012,8.976092067314312e-05,0.004070095252245665,3.6133085412615173e-09,0.0,0.0,0.0,0.0
670,adam,0.005566928670891831,0.17000696399519521,0.3293288734651381,1.4178905064059841,6.388562413180367e-05,0.004488787133126489,7.39284578894996e-10,0.0,0.0,0.0,0.0,4.968121651680239,6.435677528381348,0.03141871467232704,0.08170894533395767,0.362042099237442,1.3899376392364502,8.991956565296277e-05,0.004066432360559702,4.303807310535035e-10,0.0,0.0,0.0,0.0
671,adam,0.00556451438235179,0.17000779749885683,0.32895513023099593,1.4194397926330566,6.421504522516062e-05,0.004457696671447446,3.2500167633285213e-10,0.0,0.0,0.0,0.0,4.959407698723577,6.429117679595947,0.03144096955657005,0.08199017494916916,0.36063525080680847,1.3985610008239746,9.022668382385746e-05,0.004023045301437378,4.17287870924099e-10,0.0,0.0,0.0,0.0
672,adam,0.005553510340471421,0.1700975731495888,0.3287455506863133,1.4206453561782837,6.373697666980837e-05,0.00448004883383551,4.1730323811190804e-10,0.0,0.0,0.0,0.0,4.965433643710229,6.442088603973389,0.03120989352464676,0.08199378848075867,0.3619813621044159,1.4017781019210815,8.992131915874779e-05,0.004093383904546499,7.84463993763751e-10,0.0,0.0,0.0,0.0
673,adam,0.005566565094575766,0.16949662037434116,0.32783270747430865,1.415298996433135,6.456654556396026e-05,0.004478216366541963,2.45895489901737e-10,0.0,0.0,0.0,0.0,4.9553116213890815,6.445015907287598,0.03128478303551674,0.08195798844099045,0.3614523410797119,1.4099265336990356,9.001601574709639e-05,0.004064127802848816,8.691698055729447e-11,0.0,0.0,0.0,0.0
674,adam,0.005529556047892378,0.16952220711015886,0.32804035948168847,1.4161560919977003,6.418525604643829e-05,0.004466762826327355,1.252647282496393e-10,0.0,0.0,0.0,0.0,4.951136650577668,6.4361891746521,0.031063027679920197,0.08222272247076035,0.3603198528289795,1.4143030643463135,9.00006343727e-05,0.00408277427777648,6.791185946930511e-10,0.0,0.0,0.0,0.0
675,adam,0.0055635475793913486,0.16966214583766076,0.3278464473062946,1.415182436666181,6.464303993608712e-05,0.004477030807925809,6.418569806478853e-10,0.0,0.0,0.0,0.0,4.95524937106717,6.434677600860596,0.03148743137717247,0.0812762975692749,0.36072221398353577,1.3908849954605103,9.031865920405835e-05,0.004065528977662325,9.169544984422018e-11,0.0,0.0,0.0,0.0
676,adam,0.005534879217344907,0.16889272245668596,0.32747981144535926,1.4120986307820966,6.417299934377473e-05,0.004456011803760644,1.440508780807313e-10,0.0,0.0,0.0,0.0,4.940127911106233,6.422939300537109,0.03130689263343811,0.08117464184761047,0.3603956997394562,1.3857861757278442,9.038507414516062e-05,0.004090882372111082,7.190627954178908e-11,0.0,0.0,0.0,0.0
677,adam,0.005539385526771507,0.16940341120766056,0.32777633686219493,1.4157659084566179,6.410067972836024e-05,0.0044711373385883145,1.1788594972506777e-09,0.0,0.0,0.0,0.0,4.951184457348239,6.419240951538086,0.03111914172768593,0.08119867742061615,0.3608001470565796,1.3835662603378296,9.028635395225137e-05,0.004124566912651062,4.495932515169443e-10,0.0,0.0,0.0,0.0
678,adam,0.005556280033723,0.16914896811208419,0.32743716528338773,1.4112074798153293,6.423202038633698e-05,0.004503412322411614,3.343560582972253e-10,0.0,0.0,0.0,0.0,4.954770149723176,6.425410747528076,0.03099713660776615,0.08183864504098892,0.36025482416152954,1.4073455333709717,9.044145554071292e-05,0.004089717753231525,7.710469068777925e-11,0.0,0.0,0.0,0.0
679,adam,0.005516956470185711,0.1690157546151069,0.3259525385595137,1.4142056357476018,6.41738440589829e-05,0.004507123868191435,1.4691674467494767e-10,0.0,0.0,0.0,0.0,4.94991845469321,6.419393539428711,0.031119685620069504,0.08172214031219482,0.360241562128067,1.4019030332565308,9.067073551705107e-05,0.004060223698616028,7.403658242033373e-11,0.0,0.0,0.0,0.0
680,adam,0.005532502136643856,0.16912319679414073,0.32744177791380114,1.4079490130947483,6.46348473251677e-05,0.004479028630040346,1.4614139871367783e-10,0.0,0.0,0.0,0.0,4.943053353217341,6.415319442749023,0.03123314492404461,0.08108827471733093,0.3602808117866516,1.386948823928833,9.07341527636163e-05,0.004079164005815983,1.070791441626362e-10,0.0,0.0,0.0,0.0
681,adam,0.005526511193883996,0.16902538172660336,0.32527745058459623,1.413274799623797,6.461957978430174e-05,0.0044909628228314465,5.083774015556658e-10,0.0,0.0,0.0,0.0,4.942599511915637,6.41955041885376,0.031216224655508995,0.08079681545495987,0.360420823097229,1.3942588567733765,9.072780812857673e-05,0.004072775598615408,5.262947855300126e-10,0.0,0.0,0.0,0.0
682,adam,0.005542805493478814,0.16937029650134425,0.32628181961274916,1.4086326053065639,6.497148487758222e-05,0.004451974505378354,4.458355588831872e-10,0.0,0.0,0.0,0.0,4.933072090148926,6.408355236053467,0.03127366304397583,0.08042112737894058,0.3605565130710602,1.3684520721435547,9.072747343452647e-05,0.004115168005228043,1.0917521053865897e-10,0.0,0.0,0.0,0.0
683,adam,0.005524017772967777,0.16931333657233946,0.3247275246727851,1.4102596082995016,6.484252017182899e-05,0.004461475062153993,8.329625034075144e-10,0.0,0.0,0.0,0.0,4.92975248829011,6.427593231201172,0.031290117651224136,0.08040689677000046,0.3598066568374634,1.3861736059188843,9.068764484254643e-05,0.004125609062612057,2.1351793666468666e-09,0.0,0.0,0.0,0.0
684,adam,0.005544193524626955,0.1695681978617945,0.3240368154741103,1.4103285458780104,6.466691939426857e-05,0.0044837763322697535,5.120320207256802e-10,0.0,0.0,0.0,0.0,4.935445201012396,6.408553123474121,0.031110839918255806,0.08062353730201721,0.3603309988975525,1.3813436031341553,9.085785131901503e-05,0.00410853186622262,3.217086042006656e-10,0.0,0.0,0.0,0.0
685,adam,0.0055436634969326755,0.169265920596738,0.3243667358352292,1.4077928835345852,6.415243349751578e-05,0.004491755768897072,1.4761440098938706e-10,0.0,0.0,0.0,0.0,4.935185447815926,6.39260196685791,0.03149045258760452,0.07983230799436569,0.36058127880096436,1.3446109294891357,9.126139048021287e-05,0.004099524114280939,2.90780372003141e-10,0.0,0.0,0.0,0.0
686,adam,0.005516428740755204,0.16881550271664897,0.32392548168859175,1.4061168701417985,6.547780245572568e-05,0.004471988672570836,3.028071568131251e-10,0.0,0.0,0.0,0.0,4.923634252240581,6.40488338470459,0.03128744289278984,0.08033378422260284,0.35989993810653687,1.3683598041534424,9.104551281780005e-05,0.004109526518732309,8.549043695182945e-10,0.0,0.0,0.0,0.0
687,adam,0.005517400665989806,0.16909226582896325,0.3238343548390173,1.408467342776637,6.426465070915348e-05,0.004469659765281023,3.988317503317117e-10,0.0,0.0,0.0,0.0,4.925247530783376,6.3939008712768555,0.030967649072408676,0.0811309665441513,0.35881853103637695,1.3882687091827393,9.117508307099342e-05,0.004080999176949263,1.0580891718348084e-10,0.0,0.0,0.0,0.0
688,adam,0.005511631828642661,0.16839407288259076,0.3236296647979367,1.4087413933969313,6.451400516990332e-05,0.004487593012351182,3.015008592251044e-10,0.0,0.0,0.0,0.0,4.927457409520303,6.399295806884766,0.031006168574094772,0.08082730323076248,0.3589666187763214,1.383581280708313,9.107324876822531e-05,0.004109151195734739,5.535633618158897e-10,0.0,0.0,0.0,0.0
689,adam,0.0054917955741045936,0.1681798136522693,0.32478922509378,1.4063154651272682,6.473616397875782e-05,0.004503511267924501,2.042809261802322e-10,0.0,0.0,0.0,0.0,4.932250176706622,6.411348819732666,0.03073141537606716,0.08118650317192078,0.3591097295284271,1.405611276626587,9.101170144276693e-05,0.004131191410124302,5.594300578337652e-10,0.0,0.0,0.0,0.0
690,adam,0.005501980953399212,0.16825573194411494,0.322639278827175,1.4016714749797698,6.452000478372699e-05,0.004505932676575838,6.049605476064354e-10,0.0,0.0,0.0,0.0,4.92040289601972,6.393280982971191,0.03141874447464943,0.07948736846446991,0.3592248558998108,1.3539173603057861,9.149801917374134e-05,0.0041074189357459545,3.8485961639800337e-10,0.0,0.0,0.0,0.0
691,adam,0.0054902496988013865,0.1680227162376527,0.3221929693414319,1.4037849287832938,6.482322128102814e-05,0.004481359189676661,3.1908188322731805e-10,0.0,0.0,0.0,0.0,4.912486168646043,6.404509544372559,0.03097967803478241,0.08056479692459106,0.3590923845767975,1.3980785608291626,9.145771036855876e-05,0.0040816389955580235,1.8181445238241167e-10,0.0,0.0,0.0,0.0
692,adam,0.005488351978842289,0.16848851067404594,0.32220054345746196,1.4089981202156312,6.48578270263369e-05,0.004492825377852686,2.0619563068628856e-10,0.0,0.0,0.0,0.0,4.922433376312256,6.385609149932861,0.030985569581389427,0.08000405132770538,0.3589174151420593,1.3680905103683472,9.144007344730198e-05,0.004130578134208918,2.6006533038192003e-10,0.0,0.0,0.0,0.0
693,adam,0.0054965564350207005,0.16822313228922506,0.32153869155914555,1.402885586984696,6.500630244714088e-05,0.004510293579510142,5.062163815368202e-10,0.0,0.0,0.0,0.0,4.918319225311279,6.386009693145752,0.03084862045943737,0.08077271282672882,0.358587384223938,1.3845727443695068,9.166052768705413e-05,0.00410083495080471,1.2397167736821757e-09,0.0,0.0,0.0,0.0
694,adam,0.0054988564262467045,0.16785482148970327,0.32230397578208675,1.4045793279524772,6.4758939838465e-05,0.004474884725265926,4.945962100898876e-10,0.0,0.0,0.0,0.0,4.911938621151831,6.392541885375977,0.031126050278544426,0.07958628982305527,0.35844290256500244,1.3558454513549805,9.154231520369649e-05,0.004176860675215721,4.6554068933168935e-10,0.0,0.0,0.0,0.0
695,adam,0.005486285704518518,0.16802216825946684,0.3230844053529924,1.4091337227052259,6.481615456587244e-05,0.004508296658675517,2.320534582142094e-10,0.0,0.0,0.0,0.0,4.928919930611888,6.386960506439209,0.031230982393026352,0.07973703742027283,0.3593764901161194,1.3594841957092285,9.182607755064964e-05,0.004104056395590305,9.291840630254455e-10,0.0,0.0,0.0,0.0
696,adam,0.005477548576891422,0.16756602737211412,0.32188228782146205,1.4067026568997292,6.419229236686783e-05,0.004477787627688338,2.8354350699803573e-10,0.0,0.0,0.0,0.0,4.910645654124599,6.3759613037109375,0.030872507020831108,0.08014708757400513,0.3583236336708069,1.370715856552124,9.170461999019608e-05,0.004120172932744026,1.4885620513993558e-10,0.0,0.0,0.0,0.0
697,adam,0.005477759476390577,0.16797403654744547,0.32130379542227716,1.3997788160077986,6.501731766019798e-05,0.004466842003767529,1.2494636978281045e-10,0.0,0.0,0.0,0.0,4.8998229426722375,6.379705429077148,0.030916785821318626,0.07988692820072174,0.35836848616600037,1.3721482753753662,9.186494571622461e-05,0.004119511693716049,7.239763649691255e-11,0.0,0.0,0.0,0.0
698,adam,0.005480159419558702,0.16762005417577683,0.32109513878822327,1.4014580480514034,6.484859008079155e-05,0.004510049077291642,1.0882624660295405e-09,0.0,0.0,0.0,0.0,4.9120050553352606,6.3648786544799805,0.030920090153813362,0.0798720046877861,0.35828259587287903,1.356407642364502,9.180609049508348e-05,0.004124945495277643,4.022629784827814e-09,0.0,0.0,0.0,0.0
699,adam,0.005468760076309404,0.16763003939582455,0.32093499745092086,1.3972802508261897,6.49287652659921e-05,0.004438426067692137,6.167706479951176e-10,0.0,0.0,0.0,0.0,4.8860120004223235,6.382181167602539,0.0308031365275383,0.0797685980796814,0.35776224732398987,1.3720346689224243,9.18059449759312e-05,0.004165353253483772,1.3995968273228243e-10,0.0,0.0,0.0,0.0
700,adam,0.005477002040753441,0.16733974170300267,0.3204957217939438,1.397437572479248,6.544837343690526e-05,0.00453695040496607,1.3736039165420762e-08,0.0,0.0,0.0,0.0,5.071627955282888,6.721404075622559,0.030684279277920723,0.08042486011981964,0.35718339681625366,1.3837586641311646,9.201440843753517e-05,0.00414319708943367,5.790832702246007e-09,0.0,0.0,0.0,0.0
701,adam,0.005460134106537988,0.1668984164153376,0.32148337075787203,1.4026429383985457,6.584085560696681e-05,0.004539264335988029,1.0019269513512762e-09,0.0,0.0,0.0,0.0,5.079275500389837,6.715911388397217,0.030438290908932686,0.08101529628038406,0.3574133813381195,1.3956538438796997,9.21569371712394e-05,0.004135428927838802,2.576294177991656e-10,0.0,0.0,0.0,0.0
702,adam,0.005436489944376292,0.16677541165582596,0.3202366771236543,1.4023860423795638,6.615070085371695e-05,0.004577201580809009,1.1557076017513821e-10,0.0,0.0,0.0,0.0,5.082583165937854,6.706127643585205,0.030590392649173737,0.08045154809951782,0.3570244610309601,1.3711285591125488,9.22714316402562e-05,0.004161265678703785,7.705496657406385e-11,0.0,0.0,0.0,0.0
703,adam,0.005433731562187595,0.16660300570149575,0.32071231834350095,1.4007647191324542,6.575701122675392e-05,0.004521418858559862,7.349463824262732e-11,0.0,0.0,0.0,0.0,5.066026533803632,6.721864700317383,0.030557258054614067,0.08040652424097061,0.35776570439338684,1.3884345293045044,9.239935025107116e-05,0.004152302164584398,7.124687645410077e-11,0.0,0.0,0.0,0.0
704,adam,0.005424100259739545,0.166747881520179,0.3195310802228989,1.3975853189345329,6.600630877073854e-05,0.004551553347658726,7.498534768023818e-11,0.0,0.0,0.0,0.0,5.066292239773658,6.701050281524658,0.03077075444161892,0.07937116920948029,0.35745641589164734,1.3628381490707397,9.271573071600869e-05,0.004130914341658354,6.911763522632342e-11,0.0,0.0,0.0,0.0
705,adam,0.005430116558507565,0.1665974562206576,0.3188018794021299,1.4002174331295876,6.553327435657622e-05,0.00449954709338565,7.508211145106931e-11,0.0,0.0,0.0,0.0,5.050795539732902,6.7038421630859375,0.03036605194211006,0.07977332174777985,0.35752564668655396,1.378098726272583,9.256234625354409e-05,0.004187164828181267,6.988176010080949e-11,0.0,0.0,0.0,0.0
706,adam,0.005390653957522685,0.16517959871599752,0.3188983605753991,1.3967793680006457,6.565177365348885e-05,0.004546986066646153,7.434551182568832e-11,0.0,0.0,0.0,0.0,5.053612493699597,6.701408386230469,0.03026515431702137,0.08010241389274597,0.35775434970855713,1.385254979133606,9.273274918086827e-05,0.00417191069573164,6.969168991899366e-11,0.0,0.0,0.0,0.0
707,adam,0.005398347778546233,0.1658101197211973,0.3183759566276304,1.3969665035124748,6.585471125999316e-05,0.004581557136149176,7.45418630494989e-11,0.0,0.0,0.0,0.0,5.06423153415803,6.700844764709473,0.029944604262709618,0.0805944874882698,0.3564559817314148,1.4057179689407349,9.265237167710438e-05,0.004194422159343958,7.894897235960485e-11,0.0,0.0,0.0,0.0
708,adam,0.005389188942048819,0.1658157427464762,0.318049899032039,1.393585274296422,6.622660716417275e-05,0.0045540358630880235,7.285768404356516e-11,0.0,0.0,0.0,0.0,5.051119066053821,6.693573951721191,0.03047659993171692,0.07942155003547668,0.3577415943145752,1.3687337636947632,9.315324132330716e-05,0.004155289381742477,7.205393226517032e-11,0.0,0.0,0.0,0.0
709,adam,0.005394852825350339,0.16555830019135628,0.31968149350535485,1.3998658772437804,6.566824853390215e-05,0.004537974138774218,7.227242057505196e-11,0.0,0.0,0.0,0.0,5.059072233015491,6.693866729736328,0.030220359563827515,0.07931971549987793,0.357820063829422,1.3806451559066772,9.296720963902771e-05,0.00418143579736352,6.926825779629553e-11,0.0,0.0,0.0,0.0
710,adam,0.0053732689440010055,0.1646043888984188,0.31717051517578865,1.3909735794990294,6.630266204498889e-05,0.004554771292474001,7.447877149243056e-11,0.0,0.0,0.0,0.0,5.039815502782022,6.6697998046875,0.030153267085552216,0.07912621647119522,0.3567507266998291,1.3726131916046143,9.312151814810932e-05,0.0041611832566559315,6.984351291761115e-11,0.0,0.0,0.0,0.0
711,adam,0.005389162249142124,0.1653313103222078,0.31946529688373687,1.4000778582788282,6.575535841083394e-05,0.004547752650274384,7.421208741617468e-11,0.0,0.0,0.0,0.0,5.060041996740526,6.690464973449707,0.030528558418154716,0.07858376950025558,0.3574031591415405,1.3578901290893555,9.324813436251134e-05,0.004184204153716564,6.891091863803211e-11,0.0,0.0,0.0,0.0
712,adam,0.005400437786574325,0.16590790066026873,0.31846241604897285,1.400158739859058,6.555537789432903e-05,0.0045305403370049695,7.379807652071576e-11,0.0,0.0,0.0,0.0,5.053643180478003,6.682852268218994,0.02999851107597351,0.07974720001220703,0.3563256561756134,1.3962687253952026,9.326905274065211e-05,0.004161447752267122,6.901315630081228e-11,0.0,0.0,0.0,0.0
713,adam,0.005382361371190318,0.1650972774913234,0.31864400448337676,1.3972708102195495,6.624912179353075e-05,0.004580148916331029,7.911211157500317e-11,0.0,0.0,0.0,0.0,5.061954421381796,6.675163745880127,0.029962820932269096,0.07965625077486038,0.3567020893096924,1.388990044593811,9.321494871983305e-05,0.004165672697126865,7.541473695527046e-11,0.0,0.0,0.0,0.0
714,adam,0.0053738921039527465,0.16520370206525248,0.3182729559559976,1.395711487339389,6.701481845905824e-05,0.00456005375411722,7.978013388809657e-11,0.0,0.0,0.0,0.0,5.053255850268949,6.688313007354736,0.029865678399801254,0.07966630160808563,0.35659870505332947,1.3992434740066528,9.327690349891782e-05,0.004201849922537804,7.479988156644524e-11,0.0,0.0,0.0,0.0
715,adam,0.005386870354413986,0.16534081437895376,0.3166189241793848,1.3944885000105827,6.647995823802757e-05,0.004514026846135816,7.343764216810063e-11,0.0,0.0,0.0,0.0,5.033061673564296,6.679419040679932,0.030128544196486473,0.07904917001724243,0.35702523589134216,1.3700129985809326,9.336971561424434e-05,0.004207178484648466,7.953672442884141e-11,0.0,0.0,0.0,0.0
716,adam,0.005400583087917297,0.16575126950779268,0.3171661688435462,1.3957503495677825,6.649592485759527e-05,0.004570534212454673,7.32911715188712e-11,0.0,0.0,0.0,0.0,5.055129651100405,6.684156894683838,0.030264511704444885,0.07852111756801605,0.3571435213088989,1.3785938024520874,9.357229282613844e-05,0.00416101049631834,6.875563313135657e-11,0.0,0.0,0.0,0.0
717,adam,0.0053554866763372575,0.1648195157608678,0.31705621653987515,1.39270471372912,6.651584689895953e-05,0.004553915617326575,7.364413313042241e-11,0.0,0.0,0.0,0.0,5.040369526032479,6.676460266113281,0.03010992333292961,0.07901450246572495,0.3568113148212433,1.3697689771652222,9.36076176003553e-05,0.004205627366900444,7.49834361268853e-11,0.0,0.0,0.0,0.0
718,adam,0.005348708600767197,0.16439599904321855,0.31594155248134365,1.3903959835729292,6.671868416766125e-05,0.004570210262412025,7.31182251841985e-11,0.0,0.0,0.0,0.0,5.036178973413283,6.659759521484375,0.030165813863277435,0.07840689271688461,0.3566199541091919,1.3574824333190918,9.376961679663509e-05,0.004185968544334173,6.8978010803189e-11,0.0,0.0,0.0,0.0
719,adam,0.005352341239490817,0.1643202107760214,0.31643156466945527,1.3892328508438603,6.689484542866628e-05,0.004553346519148157,7.51410924969231e-11,0.0,0.0,0.0,0.0,5.0323727515435985,6.6863484382629395,0.03001020848751068,0.07899067550897598,0.357332706451416,1.3777745962142944,9.354716166853905e-05,0.004230558406561613,7.502869159292658e-11,0.0,0.0,0.0,0.0
720,adam,0.005350328463640424,0.1640603268338788,0.31559089499135173,1.3926918968077628,6.721672956876817e-05,0.004575162930714507,1.0106269002666785e-10,0.0,0.0,0.0,0.0,5.037784653325235,6.654008388519287,0.030180124565958977,0.07857230305671692,0.35688555240631104,1.3681119680404663,9.419656998943537e-05,0.0041169822216033936,1.256317272435581e-10,0.0,0.0,0.0,0.0
721,adam,0.005350409796641719,0.16444143220301596,0.31516445067621046,1.3900286574517526,6.631845404157385e-05,0.0045218430759926,8.59328056741278e-11,0.0,0.0,0.0,0.0,5.018808933996385,6.672336578369141,0.030024319887161255,0.07827701419591904,0.35670462250709534,1.3736543655395508,9.393510117661208e-05,0.004209156613796949,8.189319361529002e-11,0.0,0.0,0.0,0.0
722,adam,0.005353582046565509,0.16466683581952127,0.31522383901380724,1.3911817381458897,6.651727157840205e-05,0.004517433804369742,7.331939200037839e-11,0.0,0.0,0.0,0.0,5.020086503797962,6.666280269622803,0.03017769567668438,0.07810582220554352,0.3575059771537781,1.3602064847946167,9.402957948623225e-05,0.004185807425528765,6.759164755676395e-11,0.0,0.0,0.0,0.0
723,adam,0.005348522621657579,0.16378184047437483,0.3138159398109682,1.3874580552501063,6.76697046372048e-05,0.004562857155237467,7.419691160753626e-11,0.0,0.0,0.0,0.0,5.020686149597168,6.652641296386719,0.02985125035047531,0.07882288098335266,0.3565124571323395,1.3677846193313599,9.383857104694471e-05,0.0042034597136080265,7.201825247271643e-11,0.0,0.0,0.0,0.0
724,adam,0.005353431277457745,0.1648938843319493,0.31407436247794857,1.3887346136954524,6.677314001623722e-05,0.004524122653228622,8.494849626595352e-11,0.0,0.0,0.0,0.0,5.015549090600783,6.660356044769287,0.02994018793106079,0.07811587303876877,0.35639744997024536,1.3743855953216553,9.404727461514995e-05,0.004192783031612635,7.038281762961063e-11,0.0,0.0,0.0,0.0
725,adam,0.005346513488480161,0.16442811248763914,0.3142298685927545,1.3892936398906093,6.655699009218463e-05,0.00453117259988381,7.702237402980899e-11,0.0,0.0,0.0,0.0,5.016595455908006,6.668365478515625,0.029899612069129944,0.07887110114097595,0.3568454384803772,1.381188988685608,9.390610648551956e-05,0.004192071501165628,8.810916579671257e-11,0.0,0.0,0.0,0.0
726,adam,0.005347290091336735,0.16413558346609916,0.31705156016734337,1.392379633841976,6.646531044445451e-05,0.0045850266131662555,8.201553929726256e-11,0.0,0.0,0.0,0.0,5.045970609111171,6.656121730804443,0.030031586065888405,0.07787790894508362,0.3568093478679657,1.3596621751785278,9.399663395015523e-05,0.0042036003433167934,1.0653724430431666e-10,0.0,0.0,0.0,0.0
727,adam,0.005319325673964715,0.16340233049085062,0.31458487722181505,1.3870697367575862,6.681496327679093e-05,0.00456575266716461,9.508230403737673e-11,0.0,0.0,0.0,0.0,5.020380727706417,6.663275241851807,0.029615990817546844,0.07920640707015991,0.3564227521419525,1.397727370262146,9.411049541085958e-05,0.004191363696008921,6.961647924796921e-11,0.0,0.0,0.0,0.0
728,adam,0.005328403365227484,0.16296291447454883,0.3139413388506059,1.3864488909321446,6.691503574162902e-05,0.004547919957868515,7.255158548308808e-11,0.0,0.0,0.0,0.0,5.011259601962182,6.644452095031738,0.029806528240442276,0.07851365208625793,0.35594961047172546,1.3644615411758423,9.420420974493027e-05,0.004209558479487896,7.472125695962006e-11,0.0,0.0,0.0,0.0
729,adam,0.0053413130132661715,0.16406316286133182,0.3145068903123179,1.3899685567425144,6.710877735918808e-05,0.004594728005148711,8.039804149489836e-11,0.0,0.0,0.0,0.0,5.035279689296599,6.646634101867676,0.02998339757323265,0.07770130038261414,0.3567676544189453,1.3532382249832153,9.443656745133922e-05,0.004207839258015156,6.971268701194688e-11,0.0,0.0,0.0,0.0
730,adam,0.005339290646295394,0.16336443058906064,0.3132702237175357,1.3874407583667385,6.656949323857384e-05,0.004539693870972241,7.622222969282065e-11,0.0,0.0,0.0,0.0,5.0090505846085085,6.645758152008057,0.029729200527071953,0.07826946675777435,0.35598433017730713,1.3743208646774292,9.436123218620196e-05,0.004201029427349567,6.922089984540136e-11,0.0,0.0,0.0,0.0
731,adam,0.005333049583338922,0.16349684230742917,0.31388083196455435,1.3892032677127468,6.717833621810461e-05,0.004588618979699189,8.353198800222175e-11,0.0,0.0,0.0,0.0,5.027681965981761,6.643294334411621,0.02981274016201496,0.07831764966249466,0.3556750416755676,1.3737126588821411,9.450082143303007e-05,0.004176235292106867,8.067743695328033e-11,0.0,0.0,0.0,0.0
732,adam,0.00531734931733339,0.16258870209417037,0.31400574407269877,1.3856011475286176,6.670368513310208e-05,0.004543991474014136,1.0104377684023867e-10,0.0,0.0,0.0,0.0,5.007351121594829,6.6438703536987305,0.02985943667590618,0.07786726951599121,0.35619813203811646,1.3656222820281982,9.454609244130552e-05,0.004192480351775885,1.1175584763156721e-10,0.0,0.0,0.0,0.0
733,adam,0.0053041654699031385,0.16334261240497713,0.31307755458739495,1.3882775229792441,6.697305281939466e-05,0.004555744539585805,1.2369360732810536e-10,0.0,0.0,0.0,0.0,5.011202535321636,6.650577068328857,0.02963840402662754,0.07837771624326706,0.3557332456111908,1.3791348934173584,9.442733426112682e-05,0.004226882942020893,1.8698409487427625e-10,0.0,0.0,0.0,0.0
734,adam,0.005304565923588891,0.16271820015484287,0.3133457649138666,1.3899927869919808,6.724988634232432e-05,0.004529523047348184,1.37268791987288e-10,0.0,0.0,0.0,0.0,5.004760126913747,6.632959365844727,0.0297504011541605,0.07797520607709885,0.3559255003929138,1.35646653175354,9.471779776504263e-05,0.004218279384076595,7.797507778350976e-11,0.0,0.0,0.0,0.0
735,adam,0.005307264430748839,0.1628571287278206,0.31511433278360673,1.385714469417449,6.743832542974081e-05,0.004568923219677902,1.2888082782891083e-10,0.0,0.0,0.0,0.0,5.019789111229681,6.647303581237793,0.029672177508473396,0.07808873057365417,0.3559642434120178,1.378719687461853,9.45899446378462e-05,0.0042075663805007935,2.420276479231376e-10,0.0,0.0,0.0,0.0
736,adam,0.005299735348671675,0.1623381388283545,0.31220731619865666,1.3810460529019755,6.70807700859563e-05,0.004557625706037206,1.5339158863343145e-10,0.0,0.0,0.0,0.0,4.9970928776648735,6.64216423034668,0.029768018051981926,0.07815901935100555,0.35536110401153564,1.3751907348632812,9.48226879700087e-05,0.004184525925666094,7.129389439919365e-11,0.0,0.0,0.0,0.0
737,adam,0.005319995204767873,0.16318147653533566,0.31252423121083167,1.3829350471496582,6.695543115417803e-05,0.004567645385020202,1.0452900686596495e-10,0.0,0.0,0.0,0.0,5.007438428940311,6.629513740539551,0.029834607616066933,0.07750748842954636,0.35569432377815247,1.35293710231781,9.488411888014525e-05,0.00420514727011323,1.1025925311658469e-10,0.0,0.0,0.0,0.0
738,adam,0.005307870721744914,0.16271979049328836,0.31380772782910255,1.3869465704887145,6.665907400724058e-05,0.004553601356042969,1.4112755923567286e-10,0.0,0.0,0.0,0.0,5.010328015973491,6.639430999755859,0.02978735975921154,0.07741184532642365,0.3562195599079132,1.3602389097213745,9.47823136812076e-05,0.004219738766551018,1.7191456591625354e-10,0.0,0.0,0.0,0.0
739,adam,0.005320558699989511,0.1630441104212115,0.3115560503736619,1.3838753277255642,6.772574124624953e-05,0.0045571541263451495,2.0445732002599871e-10,0.0,0.0,0.0,0.0,5.001405469832882,6.634225845336914,0.029555270448327065,0.0779624730348587,0.3549855053424835,1.3701497316360474,9.473280078964308e-05,0.0042389072477817535,1.5717147028304623e-10,0.0,0.0,0.0,0.0
740,adam,0.005306233186274767,0.1627610917052915,0.3115400816163709,1.3841732855766051,6.734245013625872e-05,0.00456378634478296,1.6103209043993871e-10,0.0,0.0,0.0,0.0,5.001291321169946,6.628504276275635,0.02959689311683178,0.07787540555000305,0.355827271938324,1.3643863201141357,9.489538933848962e-05,0.004216830246150494,4.798135222472411e-10,0.0,0.0,0.0,0.0
741,adam,0.005296277888720074,0.16255565179932502,0.31257978273976234,1.3831347265551168,6.73918557661255e-05,0.004583585932249984,1.9098796827197962e-10,0.0,0.0,0.0,0.0,5.0088321470445205,6.634467124938965,0.02957260049879551,0.0778643935918808,0.354946494102478,1.3730109930038452,9.493713150732219e-05,0.004226163029670715,9.00691049521285e-11,0.0,0.0,0.0,0.0
742,adam,0.005304203924512671,0.16211815370667365,0.3109450138384296,1.3848333243400819,6.668126673415123e-05,0.004588230242652278,4.148223961911258e-10,0.0,0.0,0.0,0.0,5.003755907858571,6.632044315338135,0.029541855677962303,0.07830559462308884,0.3551219403743744,1.3822190761566162,9.502587636234239e-05,0.0041847191751003265,8.305754001236565e-11,0.0,0.0,0.0,0.0
743,adam,0.005301853596803642,0.16277742626205569,0.3110856750319081,1.3885340382975917,6.759121946919138e-05,0.004539703319389974,2.571508930972233e-10,0.0,0.0,0.0,0.0,4.996873071116786,6.628778457641602,0.029546793550252914,0.0781417116522789,0.35511961579322815,1.372091293334961,9.51030378928408e-05,0.004210175946354866,7.027211451626769e-11,0.0,0.0,0.0,0.0
744,adam,0.0053030364365587316,0.16220030332765273,0.31066374240383027,1.3819912518224409,6.692786771436072e-05,0.004539606341671559,1.2978397075673824e-10,0.0,0.0,0.0,0.0,4.986153787182223,6.633662223815918,0.029675880447030067,0.07757129520177841,0.3556658625602722,1.365700602531433,9.509832307230681e-05,0.004214858170598745,1.1603260019477091e-10,0.0,0.0,0.0,0.0
745,adam,0.005290259036325639,0.16177474731399166,0.30976430687212175,1.3793746540623326,6.73417436642452e-05,0.004566654337630156,1.3305909174656005e-10,0.0,0.0,0.0,0.0,4.9852824211120605,6.624600410461426,0.02953832969069481,0.07768899947404861,0.35498154163360596,1.3695987462997437,9.511980169918388e-05,0.0042139519937336445,2.660623665828865e-10,0.0,0.0,0.0,0.0
746,adam,0.0053001149978128175,0.16273305493016396,0.31041542368550457,1.3765924669081164,6.668098179826273e-05,0.004493963018420243,1.6670028999661086e-10,0.0,0.0,0.0,0.0,4.9679750627087005,6.627289772033691,0.029643651098012924,0.07721541076898575,0.35521528124809265,1.357100486755371,9.51537222135812e-05,0.004242587834596634,1.4251032298684407e-10,0.0,0.0,0.0,0.0
747,adam,0.0053076911717653275,0.16263647329422734,0.31004393100738525,1.3782938564977338,6.788815352915515e-05,0.004590130396067134,1.6560691348720796e-10,0.0,0.0,0.0,0.0,4.996511597787181,6.6144537925720215,0.029463594779372215,0.07777918130159378,0.3552478551864624,1.3642373085021973,9.521614265395328e-05,0.004212144296616316,1.6879128650337805e-10,0.0,0.0,0.0,0.0
748,adam,0.005266389779506191,0.16155275750544765,0.30949897246976055,1.3803829839152675,6.730546726518491e-05,0.004602610959761565,1.932370679240179e-10,0.0,0.0,0.0,0.0,4.992890742517287,6.614100933074951,0.029533497989177704,0.0776432603597641,0.35513365268707275,1.359141230583191,9.531674004392698e-05,0.00421385932713747,6.84382162052799e-10,0.0,0.0,0.0,0.0
749,adam,0.00529021663110583,0.16302628046081913,0.30963037523531145,1.381407549304347,6.721806106901156e-05,0.004542308348801828,3.3692422127341187e-10,0.0,0.0,0.0,0.0,4.9839237889935895,6.623605251312256,0.029582921415567398,0.07741118967533112,0.35547366738319397,1.3569151163101196,9.5280323876068e-05,0.004239982459694147,2.833369650012685e-10,0.0,0.0,0.0,0.0
750,adam,0.005272371814616265,0.16184064313288657,0.3101411697364623,1.383232920400558,6.703289146835525e-05,0.004589183135859428,1.1436280976877042e-10,0.0,0.0,0.0,0.0,4.995919366036692,6.614137649536133,0.02944892831146717,0.07794288545846939,0.3547644317150116,1.3624933958053589,9.530936949886382e-05,0.004226214252412319,1.4782186585904356e-10,0.0,0.0,0.0,0.0
751,adam,0.0052899933390079005,0.1627212974332994,0.3104346884835151,1.3795937492001442,6.8057032026005e-05,0.004584519177555076,1.4281857842414882e-10,0.0,0.0,0.0,0.0,4.996939905228153,6.620966911315918,0.029334109276533127,0.07796073704957962,0.3550184369087219,1.3779622316360474,9.525370842311531e-05,0.004220963455736637,1.4435501405341e-10,0.0,0.0,0.0,0.0
752,adam,0.005287398193632403,0.16202934374732356,0.30971271376455983,1.3826146125793457,6.743497731569673e-05,0.004544562149432397,1.30110497868539e-10,0.0,0.0,0.0,0.0,4.982779087558869,6.613945484161377,0.029367972165346146,0.07798627763986588,0.35473355650901794,1.3774138689041138,9.545076318318024e-05,0.004192824475467205,9.609314732816898e-11,0.0,0.0,0.0,0.0
753,adam,0.005277594055740103,0.1615696063926143,0.3102142983867276,1.3783588909333753,6.761729145505195e-05,0.004554950091386995,2.494582150614291e-10,0.0,0.0,0.0,0.0,4.9813376242114655,6.610112190246582,0.0293218232691288,0.07806242257356644,0.3545675575733185,1.371215581893921,9.551534458296373e-05,0.004215274937450886,9.407385981319294e-11,0.0,0.0,0.0,0.0
754,adam,0.005273770751251328,0.16203242852803199,0.30965250922787574,1.379821027478864,6.76758347488489e-05,0.004564832911015519,8.264483094293722e-11,0.0,0.0,0.0,0.0,4.9845656425722185,6.619565963745117,0.02939595654606819,0.0777856856584549,0.35421761870384216,1.376610517501831,9.554736607242376e-05,0.0042178090661764145,6.508241862102082e-11,0.0,0.0,0.0,0.0
755,adam,0.005278466825163172,0.16227914008402056,0.30808043383782907,1.377162206557489,6.741615746455688e-05,0.004555861976358199,1.3017594529200537e-10,0.0,0.0,0.0,0.0,4.973697508535078,6.611650466918945,0.02945263683795929,0.07764759659767151,0.35435014963150024,1.3677667379379272,9.55717550823465e-05,0.004206486511975527,9.08837241575533e-11,0.0,0.0,0.0,0.0
756,adam,0.005277519294571492,0.16173899702487454,0.3099338508421375,1.3836899265166251,6.75608730929408e-05,0.004538264245756211,1.532158508488918e-10,0.0,0.0,0.0,0.0,4.981393337249756,6.611759185791016,0.02951829694211483,0.0773465484380722,0.35469451546669006,1.3588005304336548,9.565673099132255e-05,0.004220064729452133,9.059776540087938e-11,0.0,0.0,0.0,0.0
757,adam,0.005251131110614346,0.16079104475436673,0.308693875228205,1.3724110357223018,6.722183517863854e-05,0.0045330762382476564,3.492510682538473e-10,0.0,0.0,0.0,0.0,4.957839827383718,6.610955715179443,0.029361911118030548,0.0774340108036995,0.3541524112224579,1.3623008728027344,9.550461254548281e-05,0.004253190476447344,6.800767587966661e-11,0.0,0.0,0.0,0.0
758,adam,0.005257540307338199,0.1612425595521927,0.30903189749486987,1.3810984511529245,6.674261385342106e-05,0.0046090935356915,2.1131391887204088e-10,0.0,0.0,0.0,0.0,4.991481381077921,6.609553337097168,0.029352258890867233,0.07780203223228455,0.3546711504459381,1.3731485605239868,9.578142635291442e-05,0.004199251066893339,1.9439422294098563e-10,0.0,0.0,0.0,0.0
759,adam,0.005267157249393002,0.16179847957626467,0.3084513247013092,1.3785231574889152,6.721273342507982e-05,0.004546901421441186,1.226299409240461e-10,0.0,0.0,0.0,0.0,4.9715414816333405,6.608071804046631,0.02932547591626644,0.07779787480831146,0.35416379570961,1.3756732940673828,9.584370855009183e-05,0.004199420101940632,6.566887311709735e-11,0.0,0.0,0.0,0.0
760,adam,0.005261445478085549,0.1613227681767556,0.3071078436989938,1.3783196441588863,6.732025823082714e-05,0.004597393390271933,1.4346253038579542e-10,0.0,0.0,0.0,0.0,4.978132570943525,6.6097092628479,0.029192190617322922,0.0781334713101387,0.3539784848690033,1.3793981075286865,9.566036897012964e-05,0.004226149059832096,3.1833607971876177e-10,0.0,0.0,0.0,0.0
761,adam,0.005252772131033482,0.16093838118737744,0.3098413247254587,1.3800382114225818,6.749068674135713e-05,0.004595202589107137,1.4667693918765208e-10,0.0,0.0,0.0,0.0,4.988928702569777,6.603124618530273,0.029363339766860008,0.07754427939653397,0.3543485105037689,1.3674055337905884,9.582720667822286e-05,0.004202069249004126,6.623063902866377e-11,0.0,0.0,0.0,0.0
762,adam,0.005253319568451374,0.16107785845956496,0.30790081235670275,1.378127844102921,6.748190818114146e-05,0.004506114494776533,1.167785158448061e-10,0.0,0.0,0.0,0.0,4.9539622645224295,6.604046821594238,0.029330337420105934,0.07738979160785675,0.35397154092788696,1.3682327270507812,9.586451051291078e-05,0.004218306392431259,1.9706394849272613e-10,0.0,0.0,0.0,0.0
763,adam,0.0052519443054353035,0.16120536769590071,0.3082763216187877,1.3768613492288897,6.769289933389143e-05,0.004574528384593225,1.1201392300267649e-10,0.0,0.0,0.0,0.0,4.974158948467624,6.588860988616943,0.02936956100165844,0.07734152674674988,0.3535313010215759,1.3573113679885864,9.599550685379654e-05,0.004200706724077463,7.259700479655962e-11,0.0,0.0,0.0,0.0
764,adam,0.005272516755447272,0.16152715034061862,0.30761987067038016,1.3788352051088888,6.735682015254673e-05,0.004537102525993701,1.826580414698853e-10,0.0,0.0,0.0,0.0,4.965176105499268,6.595351219177246,0.029414068907499313,0.07697229087352753,0.35375186800956726,1.3528591394424438,9.595972369424999e-05,0.004228899721056223,9.595061550848882e-11,0.0,0.0,0.0,0.0
765,adam,0.0052454793194849645,0.16096983537558587,0.30669507768846327,1.37530509502657,6.802999081217774e-05,0.0045867681413167905,2.1781597493406294e-10,0.0,0.0,0.0,0.0,4.968351441044962,6.588889122009277,0.029234381392598152,0.07755637168884277,0.35388416051864624,1.3593175411224365,9.595510346116498e-05,0.0042216288857162,2.627292827739325e-10,0.0,0.0,0.0,0.0
766,adam,0.005239713441340193,0.161239686512178,0.3067453162324044,1.37602872233237,6.773664861083812e-05,0.0046002069758551735,1.8230170084083817e-10,0.0,0.0,0.0,0.0,4.973409298927553,6.598912715911865,0.02911464497447014,0.07788217067718506,0.3539083003997803,1.3748716115951538,9.587664681021124e-05,0.0042284573428332806,1.3309918445170155e-10,0.0,0.0,0.0,0.0
767,adam,0.0052451272044451,0.1614296979481174,0.3068314771498403,1.372610419027267,6.7506595974743e-05,0.004593034229812122,1.2519800339818873e-10,0.0,0.0,0.0,0.0,4.969120364035329,6.5911946296691895,0.029281113296747208,0.07729840278625488,0.35405975580215454,1.3607964515686035,9.60574543569237e-05,0.004212259314954281,8.43251093951558e-11,0.0,0.0,0.0,0.0
768,adam,0.005242109238620727,0.16153944163553177,0.3072063769063642,1.375681415680916,6.791283498563232e-05,0.004646777235452206,9.938235427261574e-11,0.0,0.0,0.0,0.0,4.989519765300136,6.588142395019531,0.02925173193216324,0.07734816521406174,0.35437098145484924,1.3596575260162354,9.611350833438337e-05,0.004208103287965059,1.2907537538797698e-10,0.0,0.0,0.0,0.0
769,adam,0.005257956353166411,0.1610309188404391,0.306617921398532,1.3741509568306707,6.698419676995986e-05,0.004567221227672792,1.4825335179921124e-10,0.0,0.0,0.0,0.0,4.961787869853358,6.598289966583252,0.029319433495402336,0.07698884606361389,0.35429850220680237,1.3545838594436646,9.593871800461784e-05,0.004249766934663057,6.502279964459845e-11,0.0,0.0,0.0,0.0
770,adam,0.005233331823781613,0.16107191578034433,0.3079210385199516,1.3772679759610085,6.821967854780416e-05,0.004578655886073266,1.0679715400560474e-10,0.0,0.0,0.0,0.0,4.972739358102122,6.581404209136963,0.029087591916322708,0.07789821177721024,0.3532760739326477,1.3690887689590454,9.615577437216416e-05,0.00420345226302743,1.88497426001355e-10,0.0,0.0,0.0,0.0
771,adam,0.005244620790284487,0.16118665424085432,0.30647215487495544,1.3760278109581239,6.733030022587627e-05,0.004614020487473857,2.0263634318893762e-10,0.0,0.0,0.0,0.0,4.976142144972278,6.586892127990723,0.028967171907424927,0.07804970443248749,0.3534300923347473,1.377558946609497,9.612282156012952e-05,0.004220039118081331,4.5581222130053334e-10,0.0,0.0,0.0,0.0
772,adam,0.005237887898880628,0.16101797261545736,0.3058117282006048,1.3739716391409598,6.837590931794576e-05,0.004588651455818645,1.7278087473305084e-10,0.0,0.0,0.0,0.0,4.963610233799104,6.583735466003418,0.029440807178616524,0.07686340063810349,0.35394617915153503,1.3390254974365234,9.632138244342059e-05,0.004228477366268635,8.089695580082434e-11,0.0,0.0,0.0,0.0
773,adam,0.005253912400334112,0.16133486599691452,0.30679125795441287,1.3795877118264475,6.788076866688507e-05,0.004581110296590674,1.0873690679947775e-10,0.0,0.0,0.0,0.0,4.973280783622496,6.578895568847656,0.029172562062740326,0.07730681449174881,0.3533526062965393,1.362931489944458,9.62706035352312e-05,0.0041998764500021935,1.515879505253892e-10,0.0,0.0,0.0,0.0
774,adam,0.005226059351116419,0.1613704086311402,0.3059811582488398,1.378327638872208,6.852568748722513e-05,0.004635230562980136,9.259325139058858e-11,0.0,0.0,0.0,0.0,4.9824090003967285,6.586567401885986,0.029289107769727707,0.07679137587547302,0.3540278375148773,1.3467284440994263,9.626286919228733e-05,0.004250458907335997,1.40010045224237e-10,0.0,0.0,0.0,0.0
775,adam,0.005236987009524337,0.16075995372187707,0.30706421165697034,1.3761344648176623,6.871905192852981e-05,0.0045668146302623135,1.6832623534271487e-10,0.0,0.0,0.0,0.0,4.9641570737285,6.588722229003906,0.02903652936220169,0.07759049534797668,0.35341110825538635,1.3689789772033691,9.621017670724541e-05,0.004244482144713402,9.982815962761293e-11,0.0,0.0,0.0,0.0
776,adam,0.005247899436301762,0.16110264966564794,0.3056450678456214,1.3704139840218328,6.823760322144915e-05,0.004582707229400834,1.636125585372051e-10,0.0,0.0,0.0,0.0,4.958519997135285,6.580042362213135,0.02919204719364643,0.07713738828897476,0.3538987934589386,1.353986382484436,9.636395407142118e-05,0.004224682692438364,8.63174948184664e-11,0.0,0.0,0.0,0.0
777,adam,0.005218598946568466,0.16043781320894918,0.3052290120432454,1.3722413086122083,6.820865817116424e-05,0.0045540411956608295,1.4870863075890486e-10,0.0,0.0,0.0,0.0,4.946076362363754,6.578553199768066,0.02923336811363697,0.0771472379565239,0.35351401567459106,1.3489964008331299,9.641902579460293e-05,0.004231961909681559,1.2270535976188768e-10,0.0,0.0,0.0,0.0
778,adam,0.005218836959571608,0.16064101457595825,0.30560410070803856,1.3769192849436114,6.720500682751017e-05,0.0045476755908420005,1.8320024932556005e-10,0.0,0.0,0.0,0.0,4.950715834094632,6.576638698577881,0.02911672554910183,0.07707123458385468,0.35400864481925964,1.3552136421203613,9.643881639931351e-05,0.004227160941809416,3.8112960010217023e-10,0.0,0.0,0.0,0.0
779,adam,0.005221536458139458,0.1604375002845641,0.3047567548290376,1.3737499752352316,6.795132973028587e-05,0.004542820741452517,1.7090391445230243e-10,0.0,0.0,0.0,0.0,4.942510543331023,6.58183479309082,0.029105927795171738,0.0771857276558876,0.3535135090351105,1.364936351776123,9.643766679801047e-05,0.0042192344553768635,6.42441586040654e-11,0.0,0.0,0.0,0.0
780,adam,0.0052354412844344495,0.16034159833385098,0.3049662233360352,1.37851216331605,6.805903479201539e-05,0.004535172209744492,8.197149455628987e-11,0.0,0.0,0.0,0.0,4.946885924185476,6.584186553955078,0.02923440933227539,0.07690656930208206,0.35382217168807983,1.3476587533950806,9.645047975936905e-05,0.004254471976310015,1.1685231948721508e-10,0.0,0.0,0.0,0.0
781,adam,0.005223394326505161,0.16092895403985055,0.30460147992257147,1.3745892317064348,6.807591172776395e-05,0.004598958913477198,1.6152109354318175e-10,0.0,0.0,0.0,0.0,4.9605339573275655,6.580173969268799,0.029126279056072235,0.07714181393384933,0.3532353937625885,1.3607515096664429,9.661931835580617e-05,0.004227327182888985,1.5064452463242617e-10,0.0,0.0,0.0,0.0
782,adam,0.005207165459831876,0.16012455691252986,0.3046875211500352,1.3707497312176613,6.753812809737639e-05,0.004546049501626722,1.991212309285318e-10,0.0,0.0,0.0,0.0,4.937703609466553,6.570130825042725,0.02912990003824234,0.07703249156475067,0.35331955552101135,1.3517224788665771,9.671374573372304e-05,0.004223421681672335,3.989651942148953e-10,0.0,0.0,0.0,0.0
783,adam,0.005215835397041613,0.1597758995429162,0.30579410877919966,1.3728988555169874,6.841747827204545e-05,0.004593225331195901,1.0979118756610846e-10,0.0,0.0,0.0,0.0,4.958011365705921,6.5734148025512695,0.02908613719046116,0.07728448510169983,0.35359251499176025,1.358920693397522,9.667142148828134e-05,0.004213731735944748,6.513412031949883e-11,0.0,0.0,0.0,0.0
784,adam,0.005239514769205163,0.16068411642505276,0.30481594416403,1.371169924736023,6.772863120967222e-05,0.004574804912291227,1.078407808840695e-10,0.0,0.0,0.0,0.0,4.951247784399217,6.5788726806640625,0.0290358979254961,0.07702694833278656,0.35346880555152893,1.3593108654022217,9.64962164289318e-05,0.004249928053468466,1.1388367332498817e-10,0.0,0.0,0.0,0.0
785,adam,0.005222652963693103,0.16008155865053977,0.3040415788850477,1.3695971273606824,6.779513886055699e-05,0.004564420800776251,9.363880011882945e-11,0.0,0.0,0.0,0.0,4.940216110598657,6.576690673828125,0.029361147433519363,0.07662557810544968,0.3539191782474518,1.3373137712478638,9.676704212324694e-05,0.004233112093061209,4.2076359063614177e-10,0.0,0.0,0.0,0.0
786,adam,0.005196682507953336,0.1605124536060518,0.3051512909512366,1.3710570220024354,6.780572655242718e-05,0.004524319237398524,1.322148871120466e-10,0.0,0.0,0.0,0.0,4.934433783254316,6.566392421722412,0.029107246547937393,0.07722217589616776,0.3533344268798828,1.3507622480392456,9.677771595306695e-05,0.00421716645359993,1.396451010382549e-10,0.0,0.0,0.0,0.0
787,adam,0.00521932793180308,0.16033997218455037,0.30467493543701785,1.3728060953078731,6.837478424366113e-05,0.0045354488275704844,1.4893742220705737e-10,0.0,0.0,0.0,0.0,4.938869260972546,6.577356338500977,0.029102405533194542,0.0766555517911911,0.3530214726924896,1.347861886024475,9.66732477536425e-05,0.0042788065038621426,2.8122945638919816e-10,0.0,0.0,0.0,0.0
788,adam,0.005209480938051016,0.16024417069650465,0.30451621740095075,1.3702544819924138,6.746772499266831e-05,0.004579728679551232,1.4114910718726793e-10,0.0,0.0,0.0,0.0,4.946589469909668,6.575003623962402,0.02898109331727028,0.07713335007429123,0.3534475266933441,1.3623579740524292,9.665761172072962e-05,0.004238559864461422,1.0739711203688884e-10,0.0,0.0,0.0,0.0
789,adam,0.0052297470880852594,0.16102450653429953,0.3041788262705649,1.3720288392036193,6.853001292667261e-05,0.004564119728222009,8.59855235848098e-11,0.0,0.0,0.0,0.0,4.947284944595829,6.567221641540527,0.029018156230449677,0.07720092684030533,0.3531133830547333,1.353026032447815,9.670414146967232e-05,0.00423909118399024,6.684097025866365e-11,0.0,0.0,0.0,0.0
790,adam,0.005206869164061162,0.16019441668064363,0.3040003622731855,1.3704988917996805,6.766524705697873e-05,0.004574241041536292,8.775100672979206e-11,0.0,0.0,0.0,0.0,4.942871478296095,6.575717926025391,0.028947345912456512,0.07731397449970245,0.35336968302726746,1.3636044263839722,9.67148007475771e-05,0.004244417883455753,7.046434269408763e-11,0.0,0.0,0.0,0.0
791,adam,0.005201839090835663,0.1600371075253333,0.3049798444394142,1.3752526737028552,6.774126086384058e-05,0.004594310592379301,7.730950489996444e-11,0.0,0.0,0.0,0.0,4.956717214276714,6.5681471824646,0.028959162533283234,0.0774443969130516,0.35324984788894653,1.3652490377426147,9.686442353995517e-05,0.004208720289170742,6.277135755627938e-11,0.0,0.0,0.0,0.0
792,adam,0.005223236512392759,0.16009146215454226,0.3033558793606297,1.3747847157139932,6.842903953398608e-05,0.00452196033250901,1.6783236113595126e-10,0.0,0.0,0.0,0.0,4.931027012486612,6.569450855255127,0.029054060578346252,0.07709461450576782,0.3531164824962616,1.3535856008529663,9.680832590674981e-05,0.004236400593072176,9.299294667641789e-11,0.0,0.0,0.0,0.0
793,adam,0.005234196061088193,0.1610175573056744,0.3047285387592931,1.3676477901397213,6.785934730883568e-05,0.004579975975737456,1.306761916417256e-10,0.0,0.0,0.0,0.0,4.94952251065162,6.562696933746338,0.029088687151670456,0.07702677696943283,0.3531835079193115,1.3463420867919922,9.687630517873913e-05,0.004229274578392506,1.572566382668228e-10,0.0,0.0,0.0,0.0
794,adam,0.00520269647841492,0.15987148111866367,0.3024205329918092,1.3679444020794285,6.80190799269645e-05,0.004534292230082135,1.549189589335601e-10,0.0,0.0,0.0,0.0,4.9210854038115475,6.567968845367432,0.028938861563801765,0.07697752863168716,0.35316523909568787,1.355790138244629,9.683491953182966e-05,0.004254224710166454,7.261346385289968e-11,0.0,0.0,0.0,0.0
795,adam,0.005211995749343787,0.1602289152722205,0.30347220551583076,1.3712606314689881,6.745385819099724e-05,0.0045932568008861235,1.1084529195053285e-10,0.0,0.0,0.0,0.0,4.947218925722184,6.566308498382568,0.02901639975607395,0.07687853276729584,0.3533579707145691,1.3460639715194702,9.685897384770215e-05,0.004261212423443794,6.4017013912121e-11,0.0,0.0,0.0,0.0
796,adam,0.005196229975310064,0.15954498850530194,0.30297153611336985,1.3674096868884178,6.829014126842301e-05,0.004551976273256925,9.145694618295508e-11,0.0,0.0,0.0,0.0,4.926485369282384,6.566342353820801,0.028888357803225517,0.07720204442739487,0.35291779041290283,1.3600815534591675,9.688841237220913e-05,0.004247315693646669,2.1254992210728574e-10,0.0,0.0,0.0,0.0
797,adam,0.005194559242696532,0.15990960646060207,0.3026977575594379,1.3662332680917555,6.749235692569204e-05,0.004543322964661544,1.3232536057038483e-10,0.0,0.0,0.0,0.0,4.922263083919402,6.562399864196777,0.029051929712295532,0.07677982747554779,0.35258424282073975,1.3481725454330444,9.712753671919927e-05,0.004242501687258482,8.927889677545764e-11,0.0,0.0,0.0,0.0
798,adam,0.0051989678083167925,0.15949669576460315,0.30283265873309106,1.3656762338453723,6.835079623288625e-05,0.004581678253147871,1.0186247298158495e-10,0.0,0.0,0.0,0.0,4.9326632253585325,6.56540584564209,0.028942933306097984,0.07702343165874481,0.35297974944114685,1.3578158617019653,9.704811236588284e-05,0.0042386045679450035,1.3436590728943543e-10,0.0,0.0,0.0,0.0
799,adam,0.0051995730778623015,0.15966355608355615,0.3023897712269137,1.369531089259732,6.810621890772675e-05,0.004578967473559802,1.060882201978892e-10,0.0,0.0,0.0,0.0,4.93443133754115,6.560165882110596,0.0289158895611763,0.07714437693357468,0.35247477889060974,1.3567602634429932,9.70690743997693e-05,0.004237129352986813,7.063237494886465e-11,0.0,0.0,0.0,0.0
800,adam,0.005180163263914085,0.1594535857439041,0.30223580233512387,1.3645499156367393,6.788701589797594e-05,0.004780756054265845,2.987921700381782e-09,0.0,0.0,0.0,0.0,5.043818950653076,6.634923458099365,0.02885008230805397,0.07727676630020142,0.35252344608306885,1.3620257377624512,9.713238250697032e-05,0.004197579342871904,6.49994572055057e-11,0.0,0.0,0.0,0.0
801,adam,0.0052199538106158854,0.15972296557118815,0.302474707365036,1.3717737005602928,6.808720589164764e-05,0.004753321904929415,2.029843925112754e-10,0.0,0.0,0.0,0.0,5.048611564020956,6.640946865081787,0.029130611568689346,0.07628072053194046,0.3527705669403076,1.343988060951233,9.714474435895681e-05,0.004216985777020454,8.152648001136242e-11,0.0,0.0,0.0,0.0
802,adam,0.005196725784410392,0.1593885005962464,0.30239623640814134,1.370910390730827,6.739510741505412e-05,0.004673427977268735,7.003206952521478e-11,0.0,0.0,0.0,0.0,5.021583003382529,6.629906177520752,0.02899033948779106,0.07665719836950302,0.35246551036834717,1.3523399829864502,9.72376365098171e-05,0.004185216035693884,6.978879973917884e-11,0.0,0.0,0.0,0.0
803,adam,0.005198561931930242,0.15968978837613138,0.3019590608535274,1.3698948506386048,6.781541812796927e-05,0.004674048568572729,6.629438731846484e-11,0.0,0.0,0.0,0.0,5.020241506638065,6.633261680603027,0.028888355940580368,0.07656240463256836,0.3524933457374573,1.3542879819869995,9.70693799899891e-05,0.004218752030283213,6.226014148680292e-11,0.0,0.0,0.0,0.0
804,adam,0.005200187660633556,0.15868501942003926,0.301531758519911,1.3664218033513715,6.674459549568354e-05,0.004692965667814978,6.718279472166379e-11,0.0,0.0,0.0,0.0,5.016142199116368,6.639138221740723,0.02886993996798992,0.07674412429332733,0.35263192653656006,1.3576611280441284,9.709428559290245e-05,0.004227947909384966,6.24034227070247e-11,0.0,0.0,0.0,0.0
805,adam,0.005193797991641106,0.1589367009939686,0.30232496607688164,1.3738661543015511,6.704907742283878e-05,0.004693958532786177,6.586081948629067e-11,0.0,0.0,0.0,0.0,5.028075771947061,6.6366777420043945,0.028859969228506088,0.0766095519065857,0.3525766432285309,1.356689691543579,9.718343790154904e-05,0.004227715544402599,6.21279694357213e-11,0.0,0.0,0.0,0.0
806,adam,0.005217547994107008,0.15926064887354452,0.301515384547172,1.3696734751424482,6.815927260885797e-05,0.004718540266396538,6.653316182042747e-11,0.0,0.0,0.0,0.0,5.030774147279801,6.641685485839844,0.028917549178004265,0.07661514729261398,0.35233333706855774,1.3610265254974365,9.717338252812624e-05,0.004217933863401413,6.205450042706673e-11,0.0,0.0,0.0,0.0
807,adam,0.005199426304428808,0.1586145604810407,0.3022049006915862,1.3684658312028455,6.767503638853199e-05,0.004715712410548041,6.547620308842043e-11,0.0,0.0,0.0,0.0,5.027873085391137,6.634546756744385,0.02892199531197548,0.07653038203716278,0.35231199860572815,1.3578752279281616,9.722096001496539e-05,0.004204045049846172,6.687629616752844e-11,0.0,0.0,0.0,0.0
808,adam,0.0051993623736404605,0.15813024726606184,0.30132898207633724,1.3677370125247585,6.769601356110445e-05,0.004693562630563974,6.750331610887307e-11,0.0,0.0,0.0,0.0,5.015422928717829,6.637251853942871,0.029031090438365936,0.07624395936727524,0.3526148796081543,1.34860098361969,9.728650911711156e-05,0.004216514993458986,6.249405160030364e-11,0.0,0.0,0.0,0.0
809,adam,0.005197563674300909,0.15870620694852644,0.3011040658720078,1.3698182952019475,6.75786078875629e-05,0.004687159577564847,6.709127742612987e-11,0.0,0.0,0.0,0.0,5.016518715889223,6.629900932312012,0.02891688235104084,0.07625490427017212,0.3522268533706665,1.3563876152038574,9.722881077323109e-05,0.0041989609599113464,7.966732828990075e-11,0.0,0.0,0.0,0.0
810,adam,0.005209163071647767,0.1587984412908554,0.3010335660749866,1.3714082510240617,6.786076424290396e-05,0.004728284994921376,6.830545604936462e-11,0.0,0.0,0.0,0.0,5.030769471199282,6.633303642272949,0.028914209455251694,0.0765802264213562,0.35230350494384766,1.3595855236053467,9.72786801867187e-05,0.00419490085914731,6.628643467454509e-11,0.0,0.0,0.0,0.0
811,adam,0.005206302934957128,0.15886958279917318,0.30223904165529436,1.3719634817492576,6.781149145794071e-05,0.004719837042953699,7.173673527964687e-11,0.0,0.0,0.0,0.0,5.034237830869613,6.6295270919799805,0.0289749912917614,0.07632844150066376,0.35209739208221436,1.3500936031341553,9.731747559271753e-05,0.004205737728625536,6.326294349490169e-11,0.0,0.0,0.0,0.0
812,adam,0.005205059288850715,0.15835261056500097,0.3009127455372964,1.3744700531805716,6.749622010712272e-05,0.004699145323566852,6.796290725537504e-11,0.0,0.0,0.0,0.0,5.0231149427352415,6.631928443908691,0.02899424359202385,0.07609022408723831,0.35241878032684326,1.3487507104873657,9.73570640780963e-05,0.004211753141134977,6.57543880455691e-11,0.0,0.0,0.0,0.0
813,adam,0.005191799193139999,0.15830710193803232,0.3007489053472396,1.3720947965498893,6.741290112146206e-05,0.004645935349887417,7.612540571029727e-11,0.0,0.0,0.0,0.0,5.0037996999679075,6.625772953033447,0.02885572426021099,0.07639607787132263,0.3518983721733093,1.3558318614959717,9.73520363913849e-05,0.004205958917737007,8.16182468832416e-11,0.0,0.0,0.0,0.0
814,adam,0.005203908684873773,0.15878837050930147,0.30095609830271813,1.370966922852301,6.832554701700687e-05,0.0046968784093135785,7.266658959147501e-11,0.0,0.0,0.0,0.0,5.021018612769343,6.630493640899658,0.02906039170920849,0.07592375576496124,0.352120965719223,1.3421179056167603,9.748657612362877e-05,0.004219259135425091,6.830339072116942e-11,0.0,0.0,0.0,0.0
815,adam,0.005182245671148261,0.1584670606159395,0.29990616296568223,1.373453217168008,6.763349501265873e-05,0.004689544364209136,6.711735334175017e-11,0.0,0.0,0.0,0.0,5.0137125753587295,6.634221076965332,0.028901180252432823,0.0765000581741333,0.352083683013916,1.3602205514907837,9.743054397404194e-05,0.004203431308269501,7.026446785518559e-11,0.0,0.0,0.0,0.0
816,adam,0.005195573663278934,0.15803674824776187,0.3003105194337906,1.373003359763853,6.697090570777354e-05,0.004648627923621285,7.009264383064302e-11,0.0,0.0,0.0,0.0,5.002645231062366,6.6295576095581055,0.028977254405617714,0.07641830295324326,0.3521478772163391,1.3513635396957397,9.74973154370673e-05,0.004198326263576746,7.71926897402686e-11,0.0,0.0,0.0,0.0
817,adam,0.005182673688977957,0.1581068803225794,0.29999293819550543,1.3710973455059914,6.778630983805465e-05,0.004646247628355219,7.030058479795542e-11,0.0,0.0,0.0,0.0,4.998419515548214,6.634915351867676,0.028909364715218544,0.0761525109410286,0.35184788703918457,1.3570051193237305,9.741422400111333e-05,0.004223320633172989,6.392318618875237e-11,0.0,0.0,0.0,0.0
818,adam,0.005193428767304267,0.1583053945533691,0.30000938138654154,1.3709227923424012,6.757154434096939e-05,0.0047438679743678335,7.362147685840265e-11,0.0,0.0,0.0,0.0,5.027101685923915,6.6235671043396,0.028908338397741318,0.07644591480493546,0.3520117700099945,1.3525890111923218,9.755849896464497e-05,0.0041928342543542385,6.098721527791895e-11,0.0,0.0,0.0,0.0
819,adam,0.005189265274713116,0.15809394659534579,0.3004993652143786,1.375596450221154,6.857942935312167e-05,0.004727268891949807,6.444304397908028e-11,0.0,0.0,0.0,0.0,5.028972518059515,6.625985622406006,0.028777778148651123,0.07691431045532227,0.35188087821006775,1.3635669946670532,9.746320574777201e-05,0.004193380009382963,6.186475637326438e-11,0.0,0.0,0.0,0.0
820,adam,0.005201777323119102,0.15836532966744515,0.3003949931552333,1.3714067705215947,6.816797958303903e-05,0.00472036091190192,7.038179962672434e-11,0.0,0.0,0.0,0.0,5.023902570047686,6.623173713684082,0.028883615508675575,0.07641483098268509,0.351952463388443,1.3535642623901367,9.754680650075898e-05,0.004195899236947298,6.500575078227655e-11,0.0,0.0,0.0,0.0
821,adam,0.005187865887438098,0.15754597441804025,0.29977669638972126,1.3689648835889754,6.770500312409093e-05,0.004686068953765977,6.94946479394867e-11,0.0,0.0,0.0,0.0,5.00491113047446,6.628131866455078,0.029076572507619858,0.0757724866271019,0.3520517945289612,1.3371739387512207,9.749209857545793e-05,0.004227367229759693,6.32235305775275e-11,0.0,0.0,0.0,0.0
822,adam,0.005192122587393369,0.15817531414570346,0.29916664236976254,1.3710600406892839,6.789383886855156e-05,0.0046963932202948675,6.525830301767362e-11,0.0,0.0,0.0,0.0,5.0098734209614415,6.6286797523498535,0.028920719400048256,0.0762753114104271,0.35180845856666565,1.3529080152511597,9.754654456628487e-05,0.0042117866687476635,6.099143412541252e-11,0.0,0.0,0.0,0.0
823,adam,0.005196049704306548,0.1577115368939215,0.29975524977330237,1.370118095028785,6.795324706247137e-05,0.004681357032349033,6.820041529728257e-11,0.0,0.0,0.0,0.0,5.006018454028714,6.631161212921143,0.028940927237272263,0.07624396681785583,0.35178476572036743,1.3527686595916748,9.75692382780835e-05,0.004216355737298727,6.736556451558684e-11,0.0,0.0,0.0,0.0
824,adam,0.00520799447211527,0.1580654993172615,0.3000003483987624,1.375229823973871,6.813412502167686e-05,0.0047211007275167974,6.90383194161313e-11,0.0,0.0,0.0,0.0,5.0257181044547785,6.6273908615112305,0.029024885967373848,0.07606535404920578,0.3519474267959595,1.3435291051864624,9.767851588549092e-05,0.004213232081383467,6.826916115754145e-11,0.0,0.0,0.0,0.0
825,adam,0.0051965529790088056,0.15761508984911826,0.29916834687033006,1.3721707674764818,6.77559158160171e-05,0.004684856416837823,6.479339958829998e-11,0.0,0.0,0.0,0.0,5.006111652620377,6.630850791931152,0.02902931347489357,0.07589152455329895,0.3518243134021759,1.3464244604110718,9.764107380760834e-05,0.00421792920678854,6.206909292094664e-11,0.0,0.0,0.0,0.0
826,adam,0.0052020906831227965,0.15787776054874544,0.29894109214505843,1.3727642028562483,6.699850881329527e-05,0.004712312497318753,6.997620762408844e-11,0.0,0.0,0.0,0.0,5.014268013738817,6.624152183532715,0.02892298251390457,0.07619811594486237,0.35173922777175903,1.353790521621704,9.767283336259425e-05,0.004193579312413931,6.057452456298407e-11,0.0,0.0,0.0,0.0
827,adam,0.005196058762169654,0.15777483870906214,0.2990470475727512,1.3743957781022595,6.708788127833677e-05,0.004667780241898952,6.634919562689421e-11,0.0,0.0,0.0,0.0,5.003134266022713,6.622616291046143,0.028931669890880585,0.07595311105251312,0.35184773802757263,1.3483281135559082,9.762611443875358e-05,0.0042070262134075165,6.243105338255006e-11,0.0,0.0,0.0,0.0
828,adam,0.005186291005943091,0.15760874796298244,0.2984274563289458,1.3699631498705955,6.736269842217405e-05,0.0046722963602552495,6.784534090445527e-11,0.0,0.0,0.0,0.0,4.996025008539999,6.627801418304443,0.028892118483781815,0.07614829391241074,0.35174262523651123,1.3545782566070557,9.75740040303208e-05,0.004212824162095785,6.130553703576069e-11,0.0,0.0,0.0,0.0
829,adam,0.005184185616071185,0.1574799341540183,0.300803160955829,1.374734305566357,6.738810465791292e-05,0.004705432547076094,6.811356631049897e-11,0.0,0.0,0.0,0.0,5.020039173864549,6.617323398590088,0.0288541279733181,0.07621730118989944,0.3516639769077301,1.3541570901870728,9.769848838914186e-05,0.004187446087598801,8.44854672332751e-11,0.0,0.0,0.0,0.0
830,adam,0.0051888477267517195,0.15717882927386992,0.29868833480342744,1.3715493717501241,6.746888116580404e-05,0.004696960305614817,6.967282261879836e-11,0.0,0.0,0.0,0.0,5.004516509271437,6.622371673583984,0.02892589569091797,0.07594870030879974,0.3516959547996521,1.348440170288086,9.764975402504206e-05,0.004209673032164574,6.055300011409415e-11,0.0,0.0,0.0,0.0
831,adam,0.005206278104695582,0.1579740523330627,0.29880173071738214,1.3744325599362772,6.763426086587472e-05,0.004669275690591143,7.14152990776187e-11,0.0,0.0,0.0,0.0,5.004324882261215,6.625805377960205,0.029014376923441887,0.07571059465408325,0.3520587384700775,1.3457086086273193,9.769803727976978e-05,0.004205028992146254,6.010086178731555e-11,0.0,0.0,0.0,0.0
832,adam,0.005164202182523666,0.1569137260798485,0.2995588260312234,1.3740493366795201,6.782761098997247e-05,0.0046727080949612206,6.93968980622977e-11,0.0,0.0,0.0,0.0,5.001524248430806,6.622776985168457,0.028937894850969315,0.07594367116689682,0.3517763614654541,1.348774790763855,9.76895826170221e-05,0.004205372650176287,6.866331114796509e-11,0.0,0.0,0.0,0.0
833,adam,0.005214852341000111,0.15756120845194785,0.2985430061817169,1.3765739779318533,6.720973314875136e-05,0.004696191709128118,7.864118563339154e-11,0.0,0.0,0.0,0.0,5.011914699308334,6.621311664581299,0.028931140899658203,0.07592730224132538,0.35204339027404785,1.3479979038238525,9.771528129931539e-05,0.004200789146125317,1.0309109815809236e-10,0.0,0.0,0.0,0.0
834,adam,0.005183926483075465,0.1570319523734431,0.2985523958359995,1.3750655266546434,6.738475865624364e-05,0.004696044199649365,6.881464999085632e-11,0.0,0.0,0.0,0.0,5.006329228801112,6.6181535720825195,0.02883732132613659,0.07612493634223938,0.3514716327190399,1.3535618782043457,9.773617057362571e-05,0.00420114491134882,6.303872701618474e-11,0.0,0.0,0.0,0.0
835,adam,0.005185283525216002,0.15718113318566354,0.29976310701139514,1.3770727149901851,6.832538964508492e-05,0.004729444070929481,7.20106342387158e-11,0.0,0.0,0.0,0.0,5.024287885235202,6.618912220001221,0.028890857473015785,0.0760190337896347,0.3517897129058838,1.3513309955596924,9.77835152298212e-05,0.0041937027126550674,7.18100648389175e-11,0.0,0.0,0.0,0.0
836,adam,0.005190534832616968,0.15705515636551765,0.29791055619716644,1.3721924827944847,6.769091475777509e-05,0.0047036084466643875,6.876559335396742e-11,0.0,0.0,0.0,0.0,5.003483833805207,6.611528396606445,0.02895992062985897,0.0758783221244812,0.35172486305236816,1.3464618921279907,9.792170021682978e-05,0.00416886480525136,6.746893321807335e-11,0.0,0.0,0.0,0.0
837,adam,0.005198140268123919,0.1569786050146626,0.29769591266109097,1.370971183623037,6.764078446600075e-05,0.004731707064615142,7.48874687620061e-11,0.0,0.0,0.0,0.0,5.00947553880753,6.6227946281433105,0.028991637751460075,0.07582683116197586,0.3516513407230377,1.3476426601409912,9.784121357370168e-05,0.004198039416223764,8.939201462387913e-11,0.0,0.0,0.0,0.0
838,adam,0.005187965674145568,0.15704054024911696,0.2987662395161967,1.3755430136957476,6.79104259395371e-05,0.004645423362812688,8.823434411424493e-11,0.0,0.0,0.0,0.0,4.994203552123039,6.622564315795898,0.029042217880487442,0.07577230036258698,0.35161322355270386,1.3448588848114014,9.789002069737762e-05,0.0041948165744543076,9.462088057521356e-11,0.0,0.0,0.0,0.0
839,adam,0.005191636587222738,0.15718978787622145,0.29759559996666446,1.3728401930101457,6.805173465944526e-05,0.004681402997624489,7.634976734619798e-11,0.0,0.0,0.0,0.0,4.997301255503008,6.619481563568115,0.028953302651643753,0.07569261640310287,0.3518042266368866,1.3443249464035034,9.78289608610794e-05,0.004207960795611143,1.2562416384920283e-10,0.0,0.0,0.0,0.0
840,adam,0.005186027937358425,0.15678529537493183,0.29829929720970894,1.3703077223993116,6.835288818805449e-05,0.004705322140287007,8.894940921814807e-11,0.0,0.0,0.0,0.0,5.002904184402958,6.614955425262451,0.028864625841379166,0.07610912621021271,0.3514855206012726,1.3480368852615356,9.782295092009008e-05,0.00420225877314806,7.09578090729579e-11,0.0,0.0,0.0,0.0
841,adam,0.005187362132053222,0.15712165976724318,0.29751208520704703,1.3739328038307927,6.783176814356158e-05,0.004726375543302105,6.408682522834706e-11,0.0,0.0,0.0,0.0,5.0099915535219255,6.612664222717285,0.028852950781583786,0.07601863890886307,0.3514615595340729,1.347341537475586,9.782444249140099e-05,0.004201260395348072,6.0945040680771e-11,0.0,0.0,0.0,0.0
842,adam,0.005179795166177135,0.1570384560092803,0.2993746515243284,1.3755839870822044,6.738960444401468e-05,0.004678538204320977,6.744700049361954e-11,0.0,0.0,0.0,0.0,5.005253514935894,6.615189552307129,0.02878245897591114,0.07598346471786499,0.3513847291469574,1.3527473211288452,9.780733671505004e-05,0.004211307503283024,7.639918558899339e-11,0.0,0.0,0.0,0.0
843,adam,0.005174936531412024,0.1563595038267874,0.2986543226626612,1.3740351353922198,6.758568915463383e-05,0.004689573505592923,7.34053117349671e-11,0.0,0.0,0.0,0.0,5.00105619430542,6.606949806213379,0.028864126652479172,0.07572649419307709,0.35085245966911316,1.343315839767456,9.784772555576637e-05,0.0042055388912558556,6.618215003806327e-11,0.0,0.0,0.0,0.0
844,adam,0.005185302797584764,0.15671789237568456,0.2975797244618016,1.3744957139415126,6.778578104023191e-05,0.0047385870148578,7.116607907814253e-11,0.0,0.0,0.0,0.0,5.012731505978492,6.61336612701416,0.028921542689204216,0.07578079402446747,0.3513975143432617,1.3454675674438477,9.793406934477389e-05,0.004195661749690771,6.451476158852998e-11,0.0,0.0,0.0,0.0
845,adam,0.005195181230984388,0.1571671789692294,0.2976736012966402,1.3725810166328185,6.764965115918688e-05,0.004661724376942842,6.534394329390621e-11,0.0,0.0,0.0,0.0,4.991781865396807,6.612441062927246,0.028796840459108353,0.07588884234428406,0.35131460428237915,1.3503868579864502,9.788567695068195e-05,0.004208286292850971,6.172098249157543e-11,0.0,0.0,0.0,0.0
846,adam,0.005185719924948869,0.15677751696878864,0.29810149054373464,1.3733971157381613,6.748959581713163e-05,0.004624331565273385,6.786365958436159e-11,0.0,0.0,0.0,0.0,4.981831996671615,6.616125106811523,0.028914788737893105,0.075515978038311,0.35140299797058105,1.343626856803894,9.789807518245652e-05,0.004217213485389948,5.959883281336786e-11,0.0,0.0,0.0,0.0
847,adam,0.005179055635967563,0.1563012239433104,0.2967718743508862,1.3689016257562945,6.731742788331522e-05,0.004699292051936349,6.472652633405401e-11,0.0,0.0,0.0,0.0,4.990233713580716,6.613298416137695,0.02888880856335163,0.07567833364009857,0.35128262639045715,1.3441468477249146,9.793671051738784e-05,0.004212107043713331,6.154629583754456e-11,0.0,0.0,0.0,0.0
848,adam,0.005193689988265114,0.15718618275657778,0.2976358436769055,1.3725728796374412,6.77899089726364e-05,0.004710451534558688,7.06693090023505e-11,0.0,0.0,0.0,0.0,5.005342698866321,6.6138691902160645,0.028952252119779587,0.07553471624851227,0.3513793349266052,1.3418183326721191,9.79777323664166e-05,0.004205593839287758,7.724390571617334e-11,0.0,0.0,0.0,0.0
849,adam,0.0051872339099645615,0.15687503689719784,0.2973788875725962,1.3761370758856497,6.766024870880609e-05,0.004657980760619525,6.38745179060868e-11,0.0,0.0,0.0,0.0,4.9914807504223235,6.609170436859131,0.028892677277326584,0.07569791376590729,0.3514478802680969,1.341519832611084,9.79874239419587e-05,0.0042029996402561665,6.150753517619734e-11,0.0,0.0,0.0,0.0
850,adam,0.005186217100990396,0.1569149253829833,0.29809668371754305,1.3711957277790192,6.827388161553009e-05,0.004694113357653541,8.022092309430711e-11,0.0,0.0,0.0,0.0,5.000180413646083,6.61043119430542,0.02887887880206108,0.0756118893623352,0.3513461947441101,1.3411725759506226,9.798245446290821e-05,0.004215119872242212,6.08914099697877e-11,0.0,0.0,0.0,0.0
851,adam,0.005181960521205779,0.1568164075574567,0.2967876878476912,1.371969726777846,6.778762467400802e-05,0.004720066508819018,6.993692587419256e-11,0.0,0.0,0.0,0.0,5.00155807310535,6.6156086921691895,0.028974823653697968,0.07536856830120087,0.3512515723705292,1.3394577503204346,9.80067125055939e-05,0.0042182100005447865,6.192503454460763e-11,0.0,0.0,0.0,0.0
852,adam,0.005162369467378143,0.15588394648605777,0.2974342266398092,1.3698123616556968,6.753117427691788e-05,0.004663362363052945,6.862302504913545e-11,0.0,0.0,0.0,0.0,4.981415948560161,6.610485076904297,0.028844071552157402,0.07574384659528732,0.3513443171977997,1.3477249145507812,9.799420513445511e-05,0.0041992864571511745,6.1106647519793e-11,0.0,0.0,0.0,0.0
853,adam,0.005188644548217135,0.1569418642790087,0.2980166793830933,1.3743455833004368,6.808810740626688e-05,0.004702592839396769,6.506289816945741e-11,0.0,0.0,0.0,0.0,5.005590008151147,6.610090255737305,0.02887432835996151,0.07569891959428787,0.3513200581073761,1.3470709323883057,9.80595505097881e-05,0.00419284962117672,8.277847157733831e-11,0.0,0.0,0.0,0.0
854,adam,0.005175584882137275,0.15598835051059723,0.2980341122996423,1.3705599115740867,6.761228747387988e-05,0.004636907229019749,6.870105850696705e-11,0.0,0.0,0.0,0.0,4.978786745379048,6.612148284912109,0.02876816876232624,0.07588721066713333,0.3511677086353302,1.3525409698486328,9.796270751394331e-05,0.004209295380860567,5.954202408897658e-11,0.0,0.0,0.0,0.0
855,adam,0.0051984587203591105,0.1561576663967102,0.297066185743578,1.3727987235592258,6.732822610853961e-05,0.004682520449522042,6.544040410367609e-11,0.0,0.0,0.0,0.0,4.991786095403856,6.6088714599609375,0.028917929157614708,0.07553452253341675,0.3512943983078003,1.342901349067688,9.805072477320209e-05,0.004194310866296291,7.829708409401448e-11,0.0,0.0,0.0,0.0
856,adam,0.005187783765816881,0.15677935413775906,0.2964214711419998,1.3718180579523886,6.826484417204835e-05,0.004671382837958874,8.573304364821051e-11,0.0,0.0,0.0,0.0,4.986741019833472,6.607473373413086,0.02879873849451542,0.07566701620817184,0.3509877026081085,1.3478472232818604,9.802313434192911e-05,0.004206811543554068,6.52823489710741e-11,0.0,0.0,0.0,0.0
857,adam,0.005192220616605013,0.1565722491471998,0.2964579972528642,1.3718801929104714,6.761510280005994e-05,0.0046268435675771,7.290698152722312e-11,0.0,0.0,0.0,0.0,4.97366145349318,6.611142158508301,0.02890942245721817,0.07552982121706009,0.35117849707603455,1.3470147848129272,9.811819472815841e-05,0.004191434010863304,6.01769467589719e-11,0.0,0.0,0.0,0.0
858,adam,0.005184454302633962,0.15640441544594302,0.297207722260106,1.3700827898517731,6.79198560500217e-05,0.004683575292508449,6.413802822180514e-11,0.0,0.0,0.0,0.0,4.990083755985383,6.613498687744141,0.028976622968912125,0.07541905343532562,0.3512633144855499,1.3423255681991577,9.815951489144936e-05,0.004198635928332806,6.221973630760047e-11,0.0,0.0,0.0,0.0
859,adam,0.005172654130165616,0.15615618204878223,0.29609826399433997,1.3720305658155871,6.704445226087926e-05,0.004668534673269718,6.609592935693091e-11,0.0,0.0,0.0,0.0,4.980681711627591,6.612597465515137,0.028936943039298058,0.07563138753175735,0.35104900598526,1.3439081907272339,9.814253280637786e-05,0.004201204515993595,7.838472926291473e-11,0.0,0.0,0.0,0.0
860,adam,0.005183533014309022,0.15595501565164135,0.2969327631496614,1.371362063192552,6.832305183296182e-05,0.004674064205779183,7.631560840260312e-11,0.0,0.0,0.0,0.0,4.986170737974105,6.6130805015563965,0.02895934134721756,0.07557804882526398,0.3511921465396881,1.346262812614441,9.819861588766798e-05,0.004186587408185005,1.6009914227677058e-10,0.0,0.0,0.0,0.0
861,adam,0.005174458657781924,0.1560885036183942,0.2964927775244559,1.3736329347856584,6.760287027235233e-05,0.0046863381810967,8.031216115532021e-11,0.0,0.0,0.0,0.0,4.989316617288897,6.612493515014648,0.02900094725191593,0.0752704069018364,0.3511175811290741,1.335708737373352,9.813364886213094e-05,0.004216690547764301,5.879360193139505e-11,0.0,0.0,0.0,0.0
862,adam,0.005182767587323342,0.1569952815771103,0.2957508506313447,1.370102305566111,6.79795092794173e-05,0.004679443600076822,6.504546811564137e-11,0.0,0.0,0.0,0.0,4.984485995384954,6.606776237487793,0.02889176271855831,0.07543695718050003,0.3509291410446167,1.3414872884750366,9.816305828280747e-05,0.004205695353448391,7.933183970854074e-11,0.0,0.0,0.0,0.0
863,adam,0.005158331410418595,0.15573881278114934,0.29699838882492435,1.3730677981530466,6.776643309539424e-05,0.004687601294849188,6.847226918524978e-11,0.0,0.0,0.0,0.0,4.988995582826676,6.606746196746826,0.028842343017458916,0.0754777118563652,0.3509117066860199,1.3422269821166992,9.806163870962337e-05,0.004216272849589586,6.437762128941316e-11,0.0,0.0,0.0,0.0
864,adam,0.005176065489649773,0.1552835527446962,0.29675207791789887,1.3703116178512573,6.873123540220061e-05,0.004668469285412181,7.388083984200168e-11,0.0,0.0,0.0,0.0,4.980137455847956,6.605065822601318,0.02885306254029274,0.07548719644546509,0.3508988618850708,1.3426789045333862,9.811888594413176e-05,0.004205703269690275,6.998499696431182e-11,0.0,0.0,0.0,0.0
865,adam,0.005171317847505692,0.15627935000004306,0.296604843870286,1.3707073888471049,6.773779398739157e-05,0.004642521707160819,6.747556422653968e-11,0.0,0.0,0.0,0.0,4.975002842564737,6.599425315856934,0.028801368549466133,0.07550853490829468,0.3507785201072693,1.3406407833099365,9.811742347665131e-05,0.004208642523735762,5.849491724330136e-11,0.0,0.0,0.0,0.0
866,adam,0.005178618785594741,0.15579941580372472,0.29522223241867557,1.3693377317920807,6.722949324138162e-05,0.004714446532870492,6.338125062870452e-11,0.0,0.0,0.0,0.0,4.986347875287456,6.606586456298828,0.028841616585850716,0.07559026777744293,0.3508647680282593,1.3496681451797485,9.822592255659401e-05,0.004187818616628647,7.139827618019012e-11,0.0,0.0,0.0,0.0
867,adam,0.005166825237533738,0.1557626724243164,0.2972967009390554,1.3737718520625946,6.837583256832835e-05,0.004666655369463467,6.893063875067173e-11,0.0,0.0,0.0,0.0,4.986255076623732,6.6045145988464355,0.028889035806059837,0.07547169178724289,0.3509283661842346,1.3428847789764404,9.81941630016081e-05,0.004192819818854332,6.097436444640891e-11,0.0,0.0,0.0,0.0
868,adam,0.005187518594245757,0.1562951442695433,0.2957569668369909,1.370615586157768,6.764954155040604e-05,0.00466569437975845,7.35282844914968e-11,0.0,0.0,0.0,0.0,4.9789345033707155,6.6038432121276855,0.028914302587509155,0.07535029947757721,0.3507995307445526,1.340073823928833,9.821759886108339e-05,0.004197252914309502,6.759498516473172e-11,0.0,0.0,0.0,0.0
869,adam,0.005168694477047651,0.15541176257594938,0.2954766692653779,1.3691653666957733,6.79807046488408e-05,0.004693456204427827,6.755346875524586e-11,0.0,0.0,0.0,0.0,4.979794286912488,6.608028888702393,0.028862398117780685,0.07538170367479324,0.3507714569568634,1.3418059349060059,9.816173405852169e-05,0.004220070783048868,7.352260467108351e-11,0.0,0.0,0.0,0.0
870,adam,0.00517873733394569,0.1556488174584604,0.2957138159582692,1.37191056436108,6.748726469419537e-05,0.004693547924680095,7.239091248488437e-11,0.0,0.0,0.0,0.0,4.984920117162889,6.603117942810059,0.028935639187693596,0.07521886378526688,0.3508281111717224,1.3382424116134644,9.824061999097466e-05,0.004196664318442345,6.01213731576955e-11,0.0,0.0,0.0,0.0
871,adam,0.005189937494334674,0.15620732547775393,0.297871777126866,1.3753345089574014,6.802000162649839e-05,0.004693504392860397,6.472549803474451e-11,0.0,0.0,0.0,0.0,5.000961165274343,6.601428985595703,0.028852712363004684,0.07539515197277069,0.3509675860404968,1.3411378860473633,9.817429236136377e-05,0.00419838260859251,6.077480185773254e-11,0.0,0.0,0.0,0.0
872,adam,0.005168827190514534,0.15602500063757743,0.2969179739875178,1.37465625809085,6.718730418792655e-05,0.004666326462381309,7.116709931938168e-11,0.0,0.0,0.0,0.0,4.985690332228137,6.604328632354736,0.028910202905535698,0.07531202584505081,0.3508925139904022,1.339219093322754,9.823374421102926e-05,0.004202177748084068,9.201384099100096e-11,0.0,0.0,0.0,0.0
873,adam,0.005176979244776791,0.1561946856879419,0.2956977457769455,1.3713408631663169,6.831385619607904e-05,0.004673130900388764,6.983625382732887e-11,0.0,0.0,0.0,0.0,4.980789892135128,6.603181838989258,0.028859341517090797,0.07536189258098602,0.35070887207984924,1.3389017581939697,9.821590356295928e-05,0.0042153033427894115,5.896107213576585e-11,0.0,0.0,0.0,0.0
874,adam,0.005171293002222815,0.15613587056436845,0.29598133362108664,1.3698046438155635,6.76697044024965e-05,0.004635336613582988,6.588927118964956e-11,0.0,0.0,0.0,0.0,4.968794099746212,6.604369163513184,0.02881052903831005,0.07547514140605927,0.3508147895336151,1.3436131477355957,9.817493992159143e-05,0.004212656058371067,5.885335274680159e-11,0.0,0.0,0.0,0.0
875,adam,0.005178451117488646,0.1562935580169001,0.2956527687849537,1.3674128478573215,6.834588284912189e-05,0.004678087834749491,6.266679659513549e-11,0.0,0.0,0.0,0.0,4.9784395925460325,6.599997520446777,0.028846394270658493,0.07535157352685928,0.3507000207901001,1.3421624898910522,9.82441270025447e-05,0.004195809364318848,6.02675270799935e-11,0.0,0.0,0.0,0.0
876,adam,0.005163565443287934,0.1554521442421021,0.29529752221799666,1.3716511418742519,6.806069488389298e-05,0.004658467181387448,6.917470371156553e-11,0.0,0.0,0.0,0.0,4.971518055085213,6.601888656616211,0.028842732310295105,0.07543597370386124,0.35072624683380127,1.3425378799438477,9.823343862080947e-05,0.004200754687190056,7.290631293122019e-11,0.0,0.0,0.0,0.0
877,adam,0.0051820399990725905,0.15604018804527098,0.2955707508710123,1.3705574966246081,6.865870349311961e-05,0.004690785366561144,6.921514929303732e-11,0.0,0.0,0.0,0.0,4.984473013108777,6.60127592086792,0.028882741928100586,0.07522764056921005,0.35074910521507263,1.3400559425354004,9.825764573179185e-05,0.004198899958282709,7.760747600116247e-11,0.0,0.0,0.0,0.0
878,adam,0.005175029708733482,0.15567977438049932,0.2953715881993694,1.3705829458851968,6.865829181474363e-05,0.004701507713405355,7.144043566845618e-11,0.0,0.0,0.0,0.0,4.984877186436807,6.601419448852539,0.028887806460261345,0.07515744119882584,0.35091206431388855,1.3367199897766113,9.822506399359554e-05,0.004208564292639494,7.758239189969984e-11,0.0,0.0,0.0,0.0
879,adam,0.005172298244771457,0.15571277997186106,0.2952897904380675,1.373536056087863,6.836473931475813e-05,0.004679013614452655,6.974594490659302e-11,0.0,0.0,0.0,0.0,4.980933220155777,6.598321914672852,0.02885742112994194,0.07529295980930328,0.35058364272117615,1.3409827947616577,9.827991016209126e-05,0.004193598870187998,6.186741396962958e-11,0.0,0.0,0.0,0.0
880,adam,0.005152503118639992,0.1551098237114568,0.29494764006906943,1.36913231495888,6.785318668511125e-05,0.004667763418007282,7.132767685183539e-11,0.0,0.0,0.0,0.0,4.967880602805845,6.597891807556152,0.028834296390414238,0.07526809722185135,0.35073381662368774,1.340819239616394,9.825060260482132e-05,0.004196946509182453,6.168299898634544e-11,0.0,0.0,0.0,0.0
881,adam,0.005172419842452773,0.15599907117505227,0.2953787782499867,1.3693065028036795,6.80926400931522e-05,0.00470839666142579,6.532979018869511e-11,0.0,0.0,0.0,0.0,4.9860666490370225,6.595056056976318,0.02881699800491333,0.07521703094244003,0.35069870948791504,1.3358676433563232,9.823641448747367e-05,0.004210747312754393,5.965521132633711e-11,0.0,0.0,0.0,0.0
882,adam,0.00516722047881734,0.1556524579082766,0.29611075405151616,1.36875500986653,6.766562071260847e-05,0.0047070828356569816,6.29900038938738e-11,0.0,0.0,0.0,0.0,4.986488280757781,6.599278450012207,0.028796138241887093,0.07527108490467072,0.3506276309490204,1.3407652378082275,9.819214028539136e-05,0.004214150365442038,7.009228614185403e-11,0.0,0.0,0.0,0.0
883,adam,0.005163096897904912,0.15535855245205663,0.29555371884376774,1.3706886114612702,6.812885394244785e-05,0.004695728195891265,6.694864443289989e-11,0.0,0.0,0.0,0.0,4.981815984172206,6.594121932983398,0.028854893520474434,0.07517746090888977,0.35068652033805847,1.337205171585083,9.833388321567327e-05,0.00419275788590312,8.271988649610762e-11,0.0,0.0,0.0,0.0
884,adam,0.0051694460393440335,0.1558654142483588,0.29531680576262936,1.3766529367816063,6.814308876674923e-05,0.004673246955198627,6.515378022044619e-11,0.0,0.0,0.0,0.0,4.982779056795182,6.5935516357421875,0.028891853988170624,0.0751357302069664,0.35068467259407043,1.335113763809204,9.834381489781663e-05,0.004188853316009045,9.49912370984407e-11,0.0,0.0,0.0,0.0
885,adam,0.005157560695924105,0.15562872540566228,0.2952860305386205,1.372323989868164,6.766521267221129e-05,0.004691601295264498,6.987109300636159e-11,0.0,0.0,0.0,0.0,4.9813583435550814,6.594977855682373,0.028861843049526215,0.07523595541715622,0.350708931684494,1.3392609357833862,9.835344826569781e-05,0.004185338504612446,6.363933685582523e-11,0.0,0.0,0.0,0.0
886,adam,0.005186155408380493,0.15611567901026818,0.29720364270671723,1.3727726667158064,6.759859623402477e-05,0.004688848455947253,6.22275909116644e-11,0.0,0.0,0.0,0.0,4.993235603455575,6.596338748931885,0.028877807781100273,0.0752006471157074,0.3507392406463623,1.3377798795700073,9.831425995798782e-05,0.004191298503428698,5.7800229880111686e-11,0.0,0.0,0.0,0.0
887,adam,0.005164205021555385,0.15544050787725755,0.2947000317996548,1.369264744943188,6.739392495458765e-05,0.004623927010764037,6.578660152476506e-11,0.0,0.0,0.0,0.0,4.956334775493991,6.596697807312012,0.028866615146398544,0.07519815862178802,0.3506617844104767,1.338101863861084,9.83075296971947e-05,0.004195685498416424,5.899316452007142e-11,0.0,0.0,0.0,0.0
888,adam,0.005188113784477595,0.15539954939196188,0.294597226765848,1.3699902142247846,6.801449443070939e-05,0.004701350815594196,6.214161365140689e-11,0.0,0.0,0.0,0.0,4.980459105583929,6.594202041625977,0.028796644881367683,0.07535617053508759,0.3505839705467224,1.339844822883606,9.827350731939077e-05,0.004198758397251368,6.363486126925721e-11,0.0,0.0,0.0,0.0
889,adam,0.005175919437240209,0.15564129117035097,0.29443559242833045,1.367804350391511,6.745388917249417e-05,0.004685750967192073,6.280908790379952e-11,0.0,0.0,0.0,0.0,4.972669970604681,6.59161376953125,0.02880668453872204,0.07533088326454163,0.35053545236587524,1.3402400016784668,9.831409261096269e-05,0.004186365287750959,5.7529578323389785e-11,0.0,0.0,0.0,0.0
890,adam,0.005178889800463954,0.15596212278450688,0.2949695731362989,1.3689085937315417,6.740263145935211e-05,0.004643532282282268,6.270956681798273e-11,0.0,0.0,0.0,0.0,4.96556152835969,6.595491886138916,0.028810279443860054,0.07526765018701553,0.3508076071739197,1.3403513431549072,9.829297778196633e-05,0.004195360466837883,6.168474064871532e-11,0.0,0.0,0.0,0.0
891,adam,0.005160423476369151,0.15538806684555545,0.29489688431063005,1.371213524572311,6.769695990501092e-05,0.004698078944197585,6.378891993472349e-11,0.0,0.0,0.0,0.0,4.97975557081161,6.591296195983887,0.028832223266363144,0.07521819323301315,0.35064753890037537,1.335323452949524,9.833397052716464e-05,0.004195790272206068,7.12377032363598e-11,0.0,0.0,0.0,0.0
892,adam,0.00517029180041244,0.15529262394674362,0.29454017550714556,1.3680884376648934,6.790044027448241e-05,0.004662088103472225,6.934765429910869e-11,0.0,0.0,0.0,0.0,4.9654392580832205,6.593477725982666,0.02881002239882946,0.07530687749385834,0.3507044017314911,1.3413622379302979,9.832342766458169e-05,0.00418564910069108,5.73826437755276e-11,0.0,0.0,0.0,0.0
893,adam,0.005167748253311842,0.1555554506278807,0.29514955849416796,1.36902202329328,6.766770093236119e-05,0.004656181820938664,7.054111618308748e-11,0.0,0.0,0.0,0.0,4.967957235151721,6.590195655822754,0.028801271691918373,0.07530447840690613,0.3506702184677124,1.337158203125,9.832369687501341e-05,0.0041921911761164665,5.7843240613975055e-11,0.0,0.0,0.0,0.0
894,adam,0.005158300181069682,0.15527927298699656,0.29464604825742785,1.3693550902028238,6.794627106207753e-05,0.004687780334103492,6.390483449314119e-11,0.0,0.0,0.0,0.0,4.973490392008135,6.591063499450684,0.028819264844059944,0.07520955801010132,0.3506779372692108,1.3354079723358154,9.830037015490234e-05,0.0041978685185313225,5.720910897788478e-11,0.0,0.0,0.0,0.0
895,adam,0.005159341760220066,0.15499702216156067,0.29535041701409126,1.3669213095018942,6.827558418961181e-05,0.004667331239268664,6.498194533989218e-11,0.0,0.0,0.0,0.0,4.967669671581637,6.593027114868164,0.028810082003474236,0.07511674612760544,0.350597620010376,1.3359531164169312,9.830003546085209e-05,0.004207732155919075,6.033828298113164e-11,0.0,0.0,0.0,0.0
896,adam,0.005172056641670004,0.15576444806591158,0.29498317260896006,1.3711802305713776,6.784867723434863e-05,0.004676237717391022,6.403643520465217e-11,0.0,0.0,0.0,0.0,4.976227437296221,6.5922064781188965,0.028786154463887215,0.07517030090093613,0.3506578505039215,1.3371467590332031,9.83038917183876e-05,0.004205344244837761,5.924836316006932e-11,0.0,0.0,0.0,0.0
897,adam,0.005172331712298816,0.15545554555231525,0.295450771047223,1.3712343362069899,6.787865582267724e-05,0.004653666874453906,6.645446055001642e-11,0.0,0.0,0.0,0.0,4.97097506061677,6.590921401977539,0.028773490339517593,0.07527725398540497,0.3507354259490967,1.3385776281356812,9.833047806750983e-05,0.004196421708911657,6.270743646563659e-11,0.0,0.0,0.0,0.0
898,adam,0.005161620751624146,0.15558506067722075,0.29538080480790907,1.3710758955247941,6.774853928589201e-05,0.004713839866341122,6.55588456505689e-11,0.0,0.0,0.0,0.0,4.986959888089087,6.59074592590332,0.028795279562473297,0.07517834007740021,0.35061392188072205,1.3354368209838867,9.83115314738825e-05,0.00420446926727891,5.811714998138484e-11,0.0,0.0,0.0,0.0
899,adam,0.0051623625049908315,0.1552457030742399,0.2948342258891752,1.3686745320597002,6.842464814150346e-05,0.0047149338098543304,7.203936484084257e-11,0.0,0.0,0.0,0.0,4.981751288137128,6.59139347076416,0.02881021983921528,0.07511518895626068,0.35047221183776855,1.3340685367584229,9.835905802901834e-05,0.0042105792090296745,8.62668894652252e-11,0.0,0.0,0.0,0.0
900,adam,0.005163096282030305,0.15552413944275148,0.2948556225146017,1.3731234804276498,6.961044334363373e-05,0.0046127192946451324,7.101613540059655e-11,0.0,0.0,0.0,0.0,5.302675124137632,7.104454040527344,0.028872855007648468,0.07490351796150208,0.35047072172164917,1.3283705711364746,9.835738455876708e-05,0.004221270326524973,5.925876456203127e-11,0.0,0.0,0.0,0.0
901,adam,0.0051723884328478765,0.15546794283774593,0.2957203575680333,1.3695384840811453,6.867832886317985e-05,0.004565027076750994,7.652804633275349e-11,0.0,0.0,0.0,0.0,5.290403027688304,7.09778356552124,0.028789527714252472,0.07502762228250504,0.35028761625289917,1.3290456533432007,9.832715295488015e-05,0.004221207927912474,6.001722036019785e-11,0.0,0.0,0.0,0.0
902,adam,0.005151819482806229,0.15496055132919742,0.29389722164600124,1.371099099036186,6.837468883473306e-05,0.004522455495692069,6.093524396983747e-11,0.0,0.0,0.0,0.0,5.266659044450329,7.0979695320129395,0.028825577348470688,0.0749562457203865,0.3503153622150421,1.3276703357696533,9.839673293754458e-05,0.004216564819216728,6.794530910125829e-11,0.0,0.0,0.0,0.0
903,adam,0.005182506726874459,0.15515462188951432,0.2944726482514412,1.3736331732042375,6.998894124051495e-05,0.004627852715672024,6.59459278179632e-11,0.0,0.0,0.0,0.0,5.30580259138538,7.0984721183776855,0.028777211904525757,0.07502856850624084,0.3502108156681061,1.333139419555664,9.834412048803642e-05,0.004213666543364525,9.873898920709223e-11,0.0,0.0,0.0,0.0
904,adam,0.005172355355875146,0.15547522517942614,0.2939125414817564,1.3685241206999748,6.940007217288498e-05,0.004586102561123909,6.391378846421831e-11,0.0,0.0,0.0,0.0,5.285974379508726,7.097606182098389,0.028804264962673187,0.07493285834789276,0.35041171312332153,1.3276376724243164,9.83914578682743e-05,0.004220100585371256,5.70436232971705e-11,0.0,0.0,0.0,0.0
905,adam,0.005150240485466296,0.15453614438733748,0.29368836745139093,1.3673926745691607,6.901986559950597e-05,0.004564191500145582,6.169363798946478e-11,0.0,0.0,0.0,0.0,5.272050549907069,7.097113609313965,0.02874397300183773,0.07501139491796494,0.3500847816467285,1.3290785551071167,9.835266973823309e-05,0.004236188251525164,5.760717250447023e-11,0.0,0.0,0.0,0.0
906,adam,0.0051632897868271795,0.1549281912945932,0.29462099892477833,1.3703110141138877,6.874751430117496e-05,0.004579399261743792,6.137767467212686e-11,0.0,0.0,0.0,0.0,5.286572456359863,7.096896171569824,0.02875138819217682,0.07500645518302917,0.3501823842525482,1.32948899269104,9.836954268394038e-05,0.004229827784001827,5.894266325023878e-11,0.0,0.0,0.0,0.0
907,adam,0.005149749513234823,0.15461735547550262,0.2949580636716658,1.368649628854567,6.998070321353754e-05,0.004607699225626646,6.243880670114653e-11,0.0,0.0,0.0,0.0,5.293114754461473,7.092967510223389,0.028772294521331787,0.0749368891119957,0.3501719832420349,1.3255913257598877,9.842261351877823e-05,0.004224834963679314,6.138943520195284e-11,0.0,0.0,0.0,0.0
908,adam,0.005172129374958815,0.15447550411185912,0.29378268074604774,1.3706444194239955,6.888872491300947e-05,0.0045702040886446355,6.16067877715871e-11,0.0,0.0,0.0,0.0,5.2790112033967045,7.096928119659424,0.028803717344999313,0.07485716044902802,0.35015177726745605,1.324312448501587,9.838765254244208e-05,0.004236146807670593,5.90512014286837e-11,0.0,0.0,0.0,0.0
909,adam,0.005153342240279721,0.15428665376478626,0.2947612919153706,1.3706091988471247,6.888317875564098e-05,0.004612916179241673,6.638861402823295e-11,0.0,0.0,0.0,0.0,5.293832886603571,7.091969966888428,0.028719615191221237,0.07491955161094666,0.3499193489551544,1.3248510360717773,9.83447753242217e-05,0.004244817886501551,5.673478006840149e-11,0.0,0.0,0.0,0.0
910,adam,0.005160848504953807,0.15448704698393423,0.29379034282699706,1.3706927684045607,6.948126857394292e-05,0.0045714532776225,5.95640987250025e-11,0.0,0.0,0.0,0.0,5.278972441150296,7.09206485748291,0.028737496584653854,0.07489617168903351,0.34977468848228455,1.3271946907043457,9.835777746047825e-05,0.00423434516415,5.685628357010586e-11,0.0,0.0,0.0,0.0
911,adam,0.005145801907225001,0.1539475665457787,0.29347927435751886,1.3700379556225193,6.968821558515512e-05,0.004624447259571283,6.259655752967555e-11,0.0,0.0,0.0,0.0,5.288223651147658,7.089789867401123,0.02875320427119732,0.0748445987701416,0.34980693459510803,1.3225772380828857,9.840732673183084e-05,0.004238455090671778,5.71431721385629e-11,0.0,0.0,0.0,0.0
912,adam,0.005147635065499813,0.15386596562400942,0.2929111651835903,1.3678371944735128,6.909500183199623e-05,0.004615543305032676,6.21981593693357e-11,0.0,0.0,0.0,0.0,5.279903734883955,7.090653896331787,0.028735438361763954,0.07492091506719589,0.3499329090118408,1.3250188827514648,9.842291183304042e-05,0.004234305117279291,5.7953149223965994e-11,0.0,0.0,0.0,0.0
913,adam,0.005149075160584142,0.15421315306617367,0.29353567188785923,1.3688040587209886,6.905745225770759e-05,0.004615888900814518,6.044153607269229e-11,0.0,0.0,0.0,0.0,5.285713611110564,7.087371349334717,0.02873077057301998,0.07495320588350296,0.34984809160232544,1.32493257522583,9.846701141213998e-05,0.0042252447456121445,5.6705112827515336e-11,0.0,0.0,0.0,0.0
914,adam,0.005162512508010672,0.154208340712132,0.29325610447314476,1.368974374186608,6.893781016603293e-05,0.004607681770839037,6.26912588821702e-11,0.0,0.0,0.0,0.0,5.2831077114228275,7.087806701660156,0.028738701716065407,0.07487538456916809,0.34977567195892334,1.3245068788528442,9.848983609117568e-05,0.004228439647704363,6.072715247329441e-11,0.0,0.0,0.0,0.0
915,adam,0.005155950048637967,0.1540525461877546,0.29449711836153464,1.369452049655299,6.887009963505872e-05,0.004598766640429536,6.120422067902273e-11,0.0,0.0,0.0,0.0,5.286661547999228,7.087676048278809,0.028729228302836418,0.07490060478448868,0.3497549891471863,1.3247263431549072,9.846317698247731e-05,0.004230082500725985,5.849628420540043e-11,0.0,0.0,0.0,0.0
916,adam,0.005150675428129973,0.15402457454512197,0.2930185386250096,1.366963267326355,6.91338934684022e-05,0.004613461859163738,6.908297858496742e-11,0.0,0.0,0.0,0.0,5.279870202464442,7.0889892578125,0.028727035969495773,0.07487934827804565,0.34980031847953796,1.3249175548553467,9.844837040873244e-05,0.004234205931425095,5.945787612260389e-11,0.0,0.0,0.0,0.0
917,adam,0.005146124715646429,0.15373374665937117,0.29374284657739824,1.366767491063764,6.920964111604036e-05,0.004637194587098014,6.178208225034041e-11,0.0,0.0,0.0,0.0,5.288750525443785,7.088095664978027,0.028746090829372406,0.07484458386898041,0.3497965335845947,1.3229856491088867,9.846055036177859e-05,0.004232992883771658,5.736227465247268e-11,0.0,0.0,0.0,0.0
918,adam,0.0051381216654854435,0.15379797547094284,0.2923902172234751,1.3667059829158168,6.962893366430615e-05,0.004574092435500314,6.035137812885768e-11,0.0,0.0,0.0,0.0,5.2638170796055945,7.087490081787109,0.02873981185257435,0.07476730644702911,0.3497373163700104,1.320693850517273,9.845957538345829e-05,0.004243283532559872,5.99171406934218e-11,0.0,0.0,0.0,0.0
919,adam,0.005137913244506044,0.15357333493809547,0.2935922568844211,1.369027776102866,6.868788618556855e-05,0.004595881042581412,7.027540713334274e-11,0.0,0.0,0.0,0.0,5.2772072515180035,7.087911605834961,0.02871525101363659,0.07477874308824539,0.3497637212276459,1.3221757411956787,9.844217129284516e-05,0.004245956428349018,1.1564373764150204e-10,0.0,0.0,0.0,0.0
920,adam,0.005154430851220123,0.15424861831049766,0.29312019194326094,1.3684774021948538,6.940224111237893e-05,0.004575413741892384,7.029993041549323e-11,0.0,0.0,0.0,0.0,5.272747962705551,7.085398197174072,0.02870936505496502,0.07476503401994705,0.34961560368537903,1.3217419385910034,9.845141175901517e-05,0.004243247210979462,6.498366428298041e-11,0.0,0.0,0.0,0.0
921,adam,0.00515316533405454,0.1537986847181474,0.29248719253847677,1.3654412761811288,6.902319634513509e-05,0.004622423585744635,6.0458140957722e-11,0.0,0.0,0.0,0.0,5.277234323563114,7.087916851043701,0.028708554804325104,0.07477100193500519,0.349731981754303,1.3225386142730713,9.845500608207658e-05,0.004247298929840326,5.980111544845457e-11,0.0,0.0,0.0,0.0
922,adam,0.005144382136002663,0.1539721541827725,0.29260940849781036,1.3691654974414456,6.894261088980843e-05,0.004594146198923549,6.159972688745166e-11,0.0,0.0,0.0,0.0,5.273736015442879,7.085926055908203,0.028710315003991127,0.07470596581697464,0.34960514307022095,1.322217583656311,9.847842011367902e-05,0.004244041163474321,5.84221768185067e-11,0.0,0.0,0.0,0.0
923,adam,0.005161849811913506,0.15390863678147715,0.2941512753886561,1.369997266800173,6.925544819809616e-05,0.004604957457030973,6.076928957803175e-11,0.0,0.0,0.0,0.0,5.287282266924458,7.085463047027588,0.02864741161465645,0.07483642548322678,0.34953486919403076,1.3246184587478638,9.845349995885044e-05,0.0042517464607954025,6.964876592130409e-11,0.0,0.0,0.0,0.0
924,adam,0.0051420399498554965,0.15405841195775616,0.2929217810592344,1.3651011797689623,6.913126450062038e-05,0.004653613338427198,6.311104797365114e-11,0.0,0.0,0.0,0.0,5.287973327021445,7.08381462097168,0.02864965796470642,0.07490783929824829,0.3496175706386566,1.3263881206512451,9.851728100329638e-05,0.004235884640365839,5.82971448892522e-11,0.0,0.0,0.0,0.0
925,adam,0.0051706599582347175,0.15404574669176532,0.292379685947972,1.3662545065726004,6.935261579553386e-05,0.0046257556175752996,5.930725355263178e-11,0.0,0.0,0.0,0.0,5.280961205882411,7.083643436431885,0.028637710958719254,0.07489929348230362,0.3496299088001251,1.3244415521621704,9.84758953563869e-05,0.004245938267558813,5.632738719896224e-11,0.0,0.0,0.0,0.0
926,adam,0.005143426073294493,0.15356904628776735,0.2930780932787926,1.3662485768718104,6.937852618472291e-05,0.0045680988940500445,5.892910778524456e-11,0.0,0.0,0.0,0.0,5.264820806441769,7.086270809173584,0.028665071353316307,0.07477940618991852,0.3496190309524536,1.3230739831924438,9.846658940659836e-05,0.004254243336617947,5.6455628366647304e-11,0.0,0.0,0.0,0.0
927,adam,0.005141112532827162,0.15345259154996566,0.2937907571754148,1.3721843804082563,6.892111606805796e-05,0.004619923495357075,5.910961035154334e-11,0.0,0.0,0.0,0.0,5.288122900070682,7.0863356590271,0.028688617050647736,0.07470347732305527,0.3496336340904236,1.3207956552505493,9.848843910731375e-05,0.004256612155586481,5.683360726482789e-11,0.0,0.0,0.0,0.0
928,adam,0.005141013617356939,0.15368824572332443,0.29329354772644656,1.367462488912767,6.89887322462915e-05,0.004615695230782994,5.936920310206471e-11,0.0,0.0,0.0,0.0,5.280359960371448,7.086050987243652,0.02864343672990799,0.07489991933107376,0.34954339265823364,1.3268907070159912,9.848434274317697e-05,0.004245579242706299,5.8121240459341195e-11,0.0,0.0,0.0,0.0
929,adam,0.005133876141401068,0.15321594596870483,0.2929723354116563,1.3656764030456543,6.974692012356113e-05,0.004616114596325544,6.243615772243989e-11,0.0,0.0,0.0,0.0,5.275125811176915,7.087118148803711,0.028668060898780823,0.07483682036399841,0.3495623469352722,1.3256878852844238,9.848254558164626e-05,0.0042470889165997505,6.303773475435648e-11,0.0,0.0,0.0,0.0
930,adam,0.005138703006049318,0.15379997847541685,0.29259243559452797,1.3648651376847298,6.915174350480459e-05,0.00462944514208263,6.52519443048342e-11,0.0,0.0,0.0,0.0,5.278068957790252,7.084135055541992,0.02865370362997055,0.07482235133647919,0.3496291935443878,1.3232090473175049,9.850531932897866e-05,0.004248510580509901,5.81397187338073e-11,0.0,0.0,0.0,0.0
931,adam,0.0051379089784477985,0.15317086995609344,0.293010700133539,1.365729808807373,6.936242495993934e-05,0.004628374331420468,6.085625753327051e-11,0.0,0.0,0.0,0.0,5.2786802784089115,7.086075782775879,0.028651300817728043,0.07483860850334167,0.3496883809566498,1.32504141330719,9.849874913925305e-05,0.004248124081641436,6.970285459928505e-11,0.0,0.0,0.0,0.0
932,adam,0.005142451038644198,0.15363038283201955,0.29285045544947347,1.3704641711327337,6.983405300190733e-05,0.004647485055630246,6.092491699310852e-11,0.0,0.0,0.0,0.0,5.290307060364754,7.083150863647461,0.028633594512939453,0.07485634088516235,0.3496694266796112,1.3240779638290405,9.851537470240146e-05,0.004246415104717016,5.791492979634327e-11,0.0,0.0,0.0,0.0
933,adam,0.005168149473085519,0.15469131065953162,0.29214252339255425,1.3642316095290645,7.042340275215645e-05,0.004625708916254582,5.888954971068662e-11,0.0,0.0,0.0,0.0,5.28049547441544,7.080860137939453,0.02864188887178898,0.07480470091104507,0.34956786036491394,1.3245890140533447,9.854653762886301e-05,0.004236389882862568,5.656718149449347e-11,0.0,0.0,0.0,0.0
934,adam,0.005138010056989808,0.1532478027286068,0.29232825386908745,1.3670611112348494,6.938520199318807e-05,0.004614762856715148,6.26439436838159e-11,0.0,0.0,0.0,0.0,5.2729035500557195,7.0844244956970215,0.02865118347108364,0.07480946183204651,0.34966397285461426,1.3240277767181396,9.853063966147602e-05,0.004246712662279606,7.179332128792737e-11,0.0,0.0,0.0,0.0
935,adam,0.005128637602132174,0.15325265882476682,0.2935366447894804,1.3667914059854323,6.903849298983152e-05,0.004589272332527945,6.310396548941048e-11,0.0,0.0,0.0,0.0,5.271105258695541,7.08577823638916,0.028664033859968185,0.07474204897880554,0.3495819866657257,1.3231788873672485,9.850747301243246e-05,0.004253497812896967,6.07741981739629e-11,0.0,0.0,0.0,0.0
936,adam,0.0051525962058334585,0.1535621371961409,0.2922601757511016,1.3663135690073813,6.955451493511998e-05,0.004605357835610066,5.933636366748803e-11,0.0,0.0,0.0,0.0,5.271628687458653,7.084140300750732,0.02866770513355732,0.07475490123033524,0.34961777925491333,1.3225698471069336,9.853607480181381e-05,0.004247802309691906,5.612835196622257e-11,0.0,0.0,0.0,0.0
937,adam,0.0051260204505055185,0.15305044477985752,0.29330482165659627,1.3641719395114529,6.978493981859497e-05,0.004595018697962645,5.965590532764514e-11,0.0,0.0,0.0,0.0,5.26832603639172,7.086081027984619,0.028671327978372574,0.07471678406000137,0.34963318705558777,1.3218659162521362,9.851816139416769e-05,0.0042565977200865746,6.164391913587863e-11,0.0,0.0,0.0,0.0
938,adam,0.005142454478529191,0.15395555236647207,0.29343732374329723,1.3689916364608272,6.938009450565122e-05,0.0046311194347518105,5.996603471397453e-11,0.0,0.0,0.0,0.0,5.288323125531597,7.0839619636535645,0.02865363284945488,0.0746556743979454,0.3494952619075775,1.3228768110275269,9.852156654233113e-05,0.004253908526152372,5.5983044588980846e-11,0.0,0.0,0.0,0.0
939,adam,0.005154188812500046,0.15423463693549555,0.2924830480929344,1.3663245054983324,6.948341545085572e-05,0.004644931083725345,6.310569114755733e-11,0.0,0.0,0.0,0.0,5.286331868940784,7.085076808929443,0.028676750138401985,0.07463228702545166,0.3495190143585205,1.3224232196807861,9.854384552454576e-05,0.004252593498677015,5.6089351913035657e-11,0.0,0.0,0.0,0.0
940,adam,0.005150415604152987,0.15380160847017843,0.2934178849381785,1.3671280568645847,7.013082499578295e-05,0.00464912923052907,5.808693087459804e-11,0.0,0.0,0.0,0.0,5.291892713116061,7.0827956199646,0.028665460646152496,0.07471566647291183,0.349504292011261,1.3231580257415771,9.855865937424824e-05,0.004244107753038406,5.607278877328703e-11,0.0,0.0,0.0,0.0
941,adam,0.005142632601482253,0.15342986247231882,0.2924645961292328,1.3667423571309736,6.917747082151172e-05,0.004614649881278315,5.964866347267998e-11,0.0,0.0,0.0,0.0,5.2741845038629345,7.08267879486084,0.028644010424613953,0.07473648339509964,0.34945785999298096,1.3237943649291992,9.853607480181381e-05,0.004248342476785183,5.5803320297975745e-11,0.0,0.0,0.0,0.0
942,adam,0.005142171536722491,0.1533778420379085,0.29283268124826495,1.3643463388566048,6.904733257420782e-05,0.0045957792430154736,6.114539609403471e-11,0.0,0.0,0.0,0.0,5.268186769177837,7.0814290046691895,0.028634658083319664,0.07476163655519485,0.34945493936538696,1.3234959840774536,9.854042582446709e-05,0.0042473915964365005,5.565807884022611e-11,0.0,0.0,0.0,0.0
943,adam,0.00514848627931168,0.15357213467359543,0.2930108308792114,1.368149584339511,6.888597108040665e-05,0.004562129011197436,5.939783342598281e-11,0.0,0.0,0.0,0.0,5.264836095994519,7.079765319824219,0.028634199872612953,0.07470081746578217,0.34942689538002014,1.3228206634521484,9.855675307335332e-05,0.004245315212756395,5.60112893566167e-11,0.0,0.0,0.0,0.0
944,adam,0.005146110340231849,0.15348143755428253,0.29152583306835544,1.369292482253044,6.995041035078165e-05,0.0046546623080728515,6.613652826557444e-11,0.0,0.0,0.0,0.0,5.283793757038731,7.080950736999512,0.02860829420387745,0.07471635937690735,0.34942880272865295,1.3236122131347656,9.850874630501494e-05,0.004254188854247332,5.854033924279634e-11,0.0,0.0,0.0,0.0
945,adam,0.005152617791487324,0.1538565459270631,0.2926106712510509,1.368300199508667,6.913711812587516e-05,0.0046536062784012285,5.91474718665418e-11,0.0,0.0,0.0,0.0,5.289685387765208,7.081291198730469,0.028617238625884056,0.0746743306517601,0.3493788540363312,1.3243528604507446,9.852342918748036e-05,0.004251547157764435,5.632559002544113e-11,0.0,0.0,0.0,0.0
946,adam,0.005134412523118719,0.15305610217394366,0.2927715638952871,1.3667854839755642,6.989718765966714e-05,0.004613959981549171,6.117509198583763e-11,0.0,0.0,0.0,0.0,5.274139727315595,7.079677581787109,0.028585800901055336,0.0747610330581665,0.349429190158844,1.3247612714767456,9.852904622675851e-05,0.004251325037330389,6.072010949598194e-11,0.0,0.0,0.0,0.0
947,adam,0.005127318203449249,0.152774179895078,0.2923289431679633,1.3642699680020731,6.863805057007759e-05,0.004624331054548102,5.885170151388775e-11,0.0,0.0,0.0,0.0,5.269592223628875,7.078826904296875,0.02860620617866516,0.07468558102846146,0.34947896003723145,1.3228414058685303,9.854175732471049e-05,0.00424931850284338,5.903781630234306e-11,0.0,0.0,0.0,0.0
948,adam,0.005122515252761303,0.15304311196650228,0.29398486114317374,1.3729408248778312,6.879915998715367e-05,0.004608868486097743,5.988858736884252e-11,0.0,0.0,0.0,0.0,5.283783282003095,7.078201770782471,0.028616510331630707,0.0746336579322815,0.34941983222961426,1.3227500915527344,9.855138341663405e-05,0.004246174357831478,5.580733791754611e-11,0.0,0.0,0.0,0.0
949,adam,0.005144085524783981,0.1532356378532225,0.29151011811148736,1.3641919551357147,6.947562102258445e-05,0.004592062004150883,5.823156775323688e-11,0.0,0.0,0.0,0.0,5.259803325899186,7.079929351806641,0.028626369312405586,0.07462706416845322,0.34943124651908875,1.322890281677246,9.855214739218354e-05,0.004248861689120531,5.694324872740353e-11,0.0,0.0,0.0,0.0
950,adam,0.0051558112365103536,0.15369673073291779,0.29227526053305597,1.3668871271994807,6.937504639931684e-05,0.004624014404872733,5.963125300445157e-11,0.0,0.0,0.0,0.0,5.2780886311684885,7.0788984298706055,0.028615564107894897,0.07466017454862595,0.34930938482284546,1.3237295150756836,9.857400436885655e-05,0.00424710288643837,5.638719352552002e-11,0.0,0.0,0.0,0.0
951,adam,0.0051473158171340344,0.15357066402512212,0.29235361756816985,1.3688869245590702,6.954932952442417e-05,0.004622480606720332,6.063372015496066e-11,0.0,0.0,0.0,0.0,5.279090466037873,7.080263614654541,0.028625693172216415,0.07466242462396622,0.3493412137031555,1.3242583274841309,9.856863471213728e-05,0.004246467724442482,5.978013917218306e-11,0.0,0.0,0.0,0.0
952,adam,0.005124953567921635,0.1526481879334296,0.2921198808377789,1.3668896152127175,6.997416776064182e-05,0.00459453045961357,5.855023791070319e-11,0.0,0.0,0.0,0.0,5.263148523146106,7.081440448760986,0.02863338030874729,0.07466816902160645,0.3493974506855011,1.3250027894973755,9.857179975369945e-05,0.004244531970471144,5.6458702296646734e-11,0.0,0.0,0.0,0.0
953,adam,0.005130405823189405,0.15303543210029602,0.2916774341175633,1.3641692707615514,6.92704601416124e-05,0.004652991455288664,5.7380619744942886e-11,0.0,0.0,0.0,0.0,5.275545812422229,7.080694198608398,0.028656192123889923,0.07455809414386749,0.3494017422199249,1.322475790977478,9.859204146778211e-05,0.004245762713253498,5.745019043823518e-11,0.0,0.0,0.0,0.0
954,adam,0.0051390314174275245,0.15319528502802696,0.29168562831417205,1.3636473878737418,6.913291109677013e-05,0.004678416501490339,6.08795272258949e-11,0.0,0.0,0.0,0.0,5.283285264045961,7.07929801940918,0.02863149531185627,0.07460010796785355,0.3493552505970001,1.3242729902267456,9.858990961220115e-05,0.0042417156510055065,5.545959871899875e-11,0.0,0.0,0.0,0.0
955,adam,0.005156543676651294,0.15358025556610477,0.2920910269021988,1.367285228544666,6.92933474877669e-05,0.00459822291328061,5.816424302321658e-11,0.0,0.0,0.0,0.0,5.2699461906186995,7.079841613769531,0.028632134199142456,0.07457440346479416,0.3494073450565338,1.3236634731292725,9.858564590103924e-05,0.004245075862854719,5.774069070096921e-11,0.0,0.0,0.0,0.0
956,adam,0.005138620839364106,0.15341588181834068,0.2919647712861338,1.365243496433381,6.936169220059509e-05,0.004640832588437104,5.8016671104374026e-11,0.0,0.0,0.0,0.0,5.276952128256521,7.0798516273498535,0.0286379624158144,0.07454722374677658,0.34931471943855286,1.3233308792114258,9.859790588961914e-05,0.004246754106134176,5.994241908391373e-11,0.0,0.0,0.0,0.0
957,adam,0.005139836335494634,0.15283546548697255,0.29125960892246616,1.3657504012507777,6.939942062261605e-05,0.004636319053749885,5.7758368204695275e-11,0.0,0.0,0.0,0.0,5.270420228281329,7.079766273498535,0.028604617342352867,0.0746905580163002,0.3492816984653473,1.326215386390686,9.859103010967374e-05,0.004244391340762377,5.586777568344914e-11,0.0,0.0,0.0,0.0
958,adam,0.005175768818345762,0.15392295896045624,0.2916899039860695,1.3645312709193076,6.901626376577863e-05,0.0046026998259607824,5.84291796173851e-11,0.0,0.0,0.0,0.0,5.2688492190453315,7.080505847930908,0.02863902784883976,0.07460954785346985,0.34933656454086304,1.325534462928772,9.860327554633841e-05,0.004239414818584919,6.866397728177986e-11,0.0,0.0,0.0,0.0
959,adam,0.00514649712450562,0.15307458369962632,0.29089857685950493,1.3618692698017243,6.95735608103625e-05,0.004610986208483096,6.078364234431905e-11,0.0,0.0,0.0,0.0,5.2590469544933685,7.080613613128662,0.028634361922740936,0.07455044239759445,0.34932029247283936,1.3248512744903564,9.858657722361386e-05,0.0042448388412594795,5.7461684715987005e-11,0.0,0.0,0.0,0.0
960,adam,0.0051388797620611805,0.1528517313061222,0.2934924647692711,1.3662093262518606,6.866487643903031e-05,0.004631545424701706,5.7539665572526123e-11,0.0,0.0,0.0,0.0,5.281077338803199,7.07923698425293,0.02862519584596157,0.0745796337723732,0.3493465781211853,1.3241379261016846,9.858969860943034e-05,0.004244288895279169,5.809513980992165e-11,0.0,0.0,0.0,0.0
961,adam,0.005138456265652372,0.15277032458013104,0.2921681211840722,1.3649580978578137,6.93529453260013e-05,0.004615804961612148,5.843205937027288e-11,0.0,0.0,0.0,0.0,5.2684485527776905,7.079936504364014,0.028625929728150368,0.07458792626857758,0.34931156039237976,1.3246105909347534,9.859070996753871e-05,0.004245426040142775,5.64991352314248e-11,0.0,0.0,0.0,0.0
962,adam,0.005139067273346647,0.15313857265057101,0.2914260645066538,1.3618925463768743,6.961543418114044e-05,0.004598646409689418,5.681393762704554e-11,0.0,0.0,0.0,0.0,5.258156268827377,7.080036163330078,0.028657253831624985,0.07449325919151306,0.34934160113334656,1.321811318397522,9.860171849140897e-05,0.004247523844242096,5.616680731623802e-11,0.0,0.0,0.0,0.0
963,adam,0.005124092808053378,0.15248137159693625,0.2912853576483265,1.3645564509976296,6.938246106954231e-05,0.004615088834637596,5.7539058755062465e-11,0.0,0.0,0.0,0.0,5.260876686342301,7.079510688781738,0.028626037761569023,0.0745110809803009,0.3492940068244934,1.3232024908065796,9.857463737716898e-05,0.004250447731465101,5.6539169179803395e-11,0.0,0.0,0.0,0.0
964,adam,0.005142752321497086,0.15333323084538983,0.29163802487234913,1.366308569908142,7.005636871326715e-05,0.004594151095877732,5.784536559427431e-11,0.0,0.0,0.0,0.0,5.2638724696251655,7.078783988952637,0.028624746948480606,0.07452555000782013,0.3493344485759735,1.3234660625457764,9.859607962425798e-05,0.004246198106557131,5.774987085760408e-11,0.0,0.0,0.0,0.0
965,adam,0.005154523157304333,0.15345786151386076,0.2911023521615613,1.3630903497818978,6.905148245183932e-05,0.0045738683022078005,5.868184377042578e-11,0.0,0.0,0.0,0.0,5.252828244240053,7.0785112380981445,0.02859215810894966,0.07461366057395935,0.34931686520576477,1.3243886232376099,9.857174154603854e-05,0.0042506433092057705,5.7245007345496646e-11,0.0,0.0,0.0,0.0
966,adam,0.0051454655495622465,0.15322706247529677,0.2923010919363268,1.3628544499797206,6.964714233500643e-05,0.004633947320642972,6.051292654686972e-11,0.0,0.0,0.0,0.0,5.274481358066682,7.080418109893799,0.028613697737455368,0.07457438856363297,0.349343866109848,1.3248945474624634,9.858640260063112e-05,0.004249286372214556,5.5987551400571434e-11,0.0,0.0,0.0,0.0
967,adam,0.00513629377969811,0.15328795631085673,0.2917857328730245,1.3664046833592076,6.897425966247195e-05,0.004594655016497258,5.868504752489181e-11,0.0,0.0,0.0,0.0,5.263478786714615,7.08001184463501,0.028647257015109062,0.0745144784450531,0.34931066632270813,1.3233234882354736,9.862336446531117e-05,0.004245073534548283,5.632723801274331e-11,0.0,0.0,0.0,0.0
968,adam,0.005138953021096606,0.15274487051271624,0.2915553085265621,1.36479454271255,6.903454754313814e-05,0.004590823705638608,5.775256124583885e-11,0.0,0.0,0.0,0.0,5.257802747911023,7.079535007476807,0.028644545003771782,0.07452946901321411,0.34929659962654114,1.3228013515472412,9.862115985015407e-05,0.0042461552657186985,5.533836236470968e-11,0.0,0.0,0.0,0.0
969,adam,0.005116157729419008,0.15252203999027128,0.2907142889115118,1.3653936770654493,6.944334581344118e-05,0.004633975200234882,5.868919720728163e-11,0.0,0.0,0.0,0.0,5.2634224737844155,7.077626705169678,0.02862429805099964,0.07454294711351395,0.3492845296859741,1.3232072591781616,9.862652950687334e-05,0.0042437659576535225,5.518418014216486e-11,0.0,0.0,0.0,0.0
970,adam,0.005149496554006492,0.15357916922338546,0.29234888957392785,1.3635554621296544,7.014840277054557e-05,0.004641085938220063,5.899664068208198e-11,0.0,0.0,0.0,0.0,5.279387674024028,7.078383922576904,0.028651386499404907,0.07449094951152802,0.34935712814331055,1.3221570253372192,9.864415187621489e-05,0.004241628106683493,5.6976735829383784e-11,0.0,0.0,0.0,0.0
971,adam,0.005145484596611031,0.152916984212014,0.2911370574466644,1.360884685670176,6.878062460248569e-05,0.004634992114358371,5.9530344139854e-11,0.0,0.0,0.0,0.0,5.264768538936492,7.07710075378418,0.028631774708628654,0.07451792061328888,0.34924498200416565,1.3222969770431519,9.862781007541344e-05,0.0042441184632480145,6.340000052729167e-11,0.0,0.0,0.0,0.0
972,adam,0.005121356867734463,0.15258390480472195,0.2912555365793167,1.3639034109730874,6.951817105742051e-05,0.0046264288736687555,5.723412906245526e-11,0.0,0.0,0.0,0.0,5.263431349108296,7.078333854675293,0.02862842008471489,0.07453668862581253,0.3493325412273407,1.3232558965682983,9.862524893833324e-05,0.004244081676006317,5.676042275082338e-11,0.0,0.0,0.0,0.0
973,adam,0.0051251966656456075,0.15292423627068918,0.2920464930995818,1.3635965278071742,6.93690427954519e-05,0.004572085555522672,5.803217897266104e-11,0.0,0.0,0.0,0.0,5.253806667943155,7.077845573425293,0.02862692065536976,0.07449888437986374,0.34926795959472656,1.3235175609588623,9.862370643531904e-05,0.004243553150445223,5.581322209957662e-11,0.0,0.0,0.0,0.0
974,adam,0.0051405463487871235,0.1526965893084003,0.2908121448370718,1.3608877774207824,6.932326646018473e-05,0.004638295876042497,5.7292695117686535e-11,0.0,0.0,0.0,0.0,5.263093640727382,7.07743501663208,0.028633933514356613,0.07454149425029755,0.34929192066192627,1.3240711688995361,9.865855827229097e-05,0.004236845765262842,5.555095966558454e-11,0.0,0.0,0.0,0.0
975,adam,0.005138352152801329,0.1528055465990497,0.2914282242136617,1.3643286535816808,6.86561536220383e-05,0.0046495623556115934,5.761383216385332e-11,0.0,0.0,0.0,0.0,5.272805798438288,7.077073574066162,0.028646504506468773,0.07449537515640259,0.34927240014076233,1.322279691696167,9.865676838671789e-05,0.0042394367046654224,5.557988097537603e-11,0.0,0.0,0.0,0.0
976,adam,0.005151258616317664,0.15321576282862695,0.29180182660779647,1.3654333468406432,6.879444094187009e-05,0.004633362480108777,5.876471956894354e-11,0.0,0.0,0.0,0.0,5.274113455126362,7.075628757476807,0.028629645705223083,0.07452167570590973,0.3492410480976105,1.3227514028549194,9.867101471172646e-05,0.004237669054418802,5.5029984041832236e-11,0.0,0.0,0.0,0.0
977,adam,0.005137961252682632,0.15290102506837538,0.2915599081785448,1.3640891928826608,6.934826242579748e-05,0.004640108034495384,5.7559704426614746e-11,0.0,0.0,0.0,0.0,5.271443705404958,7.078203201293945,0.028635254129767418,0.07450904697179794,0.3493047058582306,1.3230422735214233,9.864031744655222e-05,0.004243253264576197,5.6160385369929955e-11,0.0,0.0,0.0,0.0
978,adam,0.005150398750218653,0.15310110776655136,0.2914105548012641,1.3643066267813406,6.989801265937726e-05,0.004652872696639069,5.692850100375192e-11,0.0,0.0,0.0,0.0,5.276511638395248,7.076343536376953,0.028621289879083633,0.07449764758348465,0.34924840927124023,1.322695016860962,9.86375380307436e-05,0.004243180155754089,5.7664140823421306e-11,0.0,0.0,0.0,0.0
979,adam,0.005146582010051896,0.15314826056841882,0.2916971007662435,1.3674938563377625,7.018297530462845e-05,0.004649601350989073,5.774136310217203e-11,0.0,0.0,0.0,0.0,5.280456727550876,7.075423240661621,0.028623761609196663,0.07446666061878204,0.3491770923137665,1.3217501640319824,9.864321327768266e-05,0.004244395066052675,5.5582080604743567e-11,0.0,0.0,0.0,0.0
980,adam,0.005154499198280035,0.15320244191154356,0.2924211693386878,1.366094946861267,6.950916882018529e-05,0.004613206286223665,5.719174898451364e-11,0.0,0.0,0.0,0.0,5.27324947234123,7.076901912689209,0.02862495370209217,0.07448890060186386,0.34924519062042236,1.3223658800125122,9.863526793196797e-05,0.004245517775416374,5.5241863167188043e-11,0.0,0.0,0.0,0.0
981,adam,0.0051397156090505665,0.1529550095719676,0.2916262005606005,1.362004449290614,7.014907567927073e-05,0.004622385566753726,5.7937838442649376e-11,0.0,0.0,0.0,0.0,5.265656486634286,7.076607704162598,0.028614789247512817,0.07448248565196991,0.3491884768009186,1.3234081268310547,9.862176375463605e-05,0.004244825802743435,5.5431586404308675e-11,0.0,0.0,0.0,0.0
982,adam,0.005147003298324924,0.1532156332846611,0.2914900217325457,1.3635060787200928,6.966304851718428e-05,0.004694736487562618,5.6752375984165365e-11,0.0,0.0,0.0,0.0,5.287685471196329,7.076837539672852,0.028643403202295303,0.0743916928768158,0.34921836853027344,1.3214466571807861,9.863088780548424e-05,0.004245061427354813,5.487319279517955e-11,0.0,0.0,0.0,0.0
983,adam,0.005156621945300891,0.15335885555513443,0.29148367047309875,1.366415104558391,6.922438032850022e-05,0.004640416167075595,5.7650079938348546e-11,0.0,0.0,0.0,0.0,5.276605590697257,7.075896263122559,0.028620800003409386,0.07447146624326706,0.34922388195991516,1.3227180242538452,9.863718878477812e-05,0.004242445807904005,5.514093001646181e-11,0.0,0.0,0.0,0.0
984,adam,0.005129511077557841,0.15307853947724065,0.291113872201212,1.3617337980578024,6.878918324101476e-05,0.004645312760746287,5.828090161012902e-11,0.0,0.0,0.0,0.0,5.267660556300994,7.075181484222412,0.028611227869987488,0.07444459199905396,0.34915295243263245,1.3225796222686768,9.861795842880383e-05,0.004244979936629534,5.997292246151531e-11,0.0,0.0,0.0,0.0
985,adam,0.0051273680442283235,0.15234094353452807,0.2913850815065445,1.3651097820651146,6.87036698500085e-05,0.0045704298292196565,5.750334941635066e-11,0.0,0.0,0.0,0.0,5.248917671941942,7.075314521789551,0.02860965207219124,0.07444468140602112,0.3492010235786438,1.3222377300262451,9.861360013019294e-05,0.004246260039508343,5.489347518206067e-11,0.0,0.0,0.0,0.0
986,adam,0.005145092795212422,0.15318208163784397,0.29145100520503137,1.3648220262219828,6.903051408082848e-05,0.004595613828109157,5.651622382451018e-11,0.0,0.0,0.0,0.0,5.260693750073833,7.074831962585449,0.028619589284062386,0.0744091123342514,0.3492051064968109,1.3211826086044312,9.862545994110405e-05,0.004245839547365904,5.5768546031176314e-11,0.0,0.0,0.0,0.0
987,adam,0.0051458301848822064,0.15351116825495997,0.29153035004292766,1.3632486481820383,6.932995916764823e-05,0.004618546519909174,5.6960282704678826e-11,0.0,0.0,0.0,0.0,5.267328354620164,7.074697017669678,0.028600972145795822,0.07445231080055237,0.34914660453796387,1.3230654001235962,9.862156730378047e-05,0.004244467709213495,5.754573206839808e-11,0.0,0.0,0.0,0.0
988,adam,0.0051290906905647245,0.15279036135442794,0.29095511522985273,1.3637378984881985,6.873196604917006e-05,0.004633528736209677,5.6892505939295977e-11,0.0,0.0,0.0,0.0,5.264461409661077,7.075594425201416,0.02861819788813591,0.07440280169248581,0.34920555353164673,1.3216924667358398,9.862174920272082e-05,0.0042472113855183125,6.279300690525957e-11,0.0,0.0,0.0,0.0
989,adam,0.0051493551431884685,0.15316301680380298,0.29133588027569557,1.3642908296277445,6.95406089371611e-05,0.004609649114671254,5.74548762061379e-11,0.0,0.0,0.0,0.0,5.264037486045591,7.075433254241943,0.02861996367573738,0.07439066469669342,0.3492252230644226,1.3219764232635498,9.862905426416546e-05,0.004244819283485413,5.496799196369473e-11,0.0,0.0,0.0,0.0
990,adam,0.005134140411692281,0.15276661779611342,0.29013784854642805,1.3642661302320418,7.004045947988127e-05,0.004669225474278773,5.7578578106115734e-11,0.0,0.0,0.0,0.0,5.271684338969569,7.075832366943359,0.02862202189862728,0.07441529631614685,0.3492489159107208,1.3228936195373535,9.86447703326121e-05,0.004241447430104017,5.538597358523134e-11,0.0,0.0,0.0,0.0
991,adam,0.005141445736010228,0.15272684924064145,0.2905534477003159,1.3624974758394304,6.903821532990062e-05,0.004632880926252373,5.6986193206021876e-11,0.0,0.0,0.0,0.0,5.261835298230571,7.074549198150635,0.028593864291906357,0.07447598874568939,0.34918686747550964,1.324206829071045,9.863675222732127e-05,0.00424068421125412,6.111772893335754e-11,0.0,0.0,0.0,0.0
992,adam,0.005143483935464774,0.1532939501827763,0.2922942335567167,1.365710969894163,6.921186309961242e-05,0.004620306704553866,5.840415695870883e-11,0.0,0.0,0.0,0.0,5.273373942221364,7.073807716369629,0.028609080240130424,0.07441999763250351,0.34920042753219604,1.3226815462112427,9.865670290309936e-05,0.004239573609083891,5.477429620981411e-11,0.0,0.0,0.0,0.0
993,adam,0.005153756708868088,0.1531393222751156,0.29064520472480404,1.3629929519468738,6.953409742451303e-05,0.0045960218375248295,5.726630034869958e-11,0.0,0.0,0.0,0.0,5.255491733551025,7.074389457702637,0.02860075980424881,0.07442918419837952,0.349209725856781,1.3233379125595093,9.864432649919763e-05,0.00424143485724926,5.607115466377266e-11,0.0,0.0,0.0,0.0
994,adam,0.00513977812783372,0.15277270732387419,0.2916007407249943,1.3655655883973645,6.918899429541441e-05,0.004617409840706856,5.726778851760668e-11,0.0,0.0,0.0,0.0,5.2664614339028635,7.075475215911865,0.02860095165669918,0.07443973422050476,0.3492012023925781,1.3239610195159912,9.864322782959789e-05,0.004243035800755024,5.5111654823081224e-11,0.0,0.0,0.0,0.0
995,adam,0.005140293464665452,0.15226052244824748,0.2919922504694231,1.3629162273099344,6.961755359718095e-05,0.00463341556549553,5.697429636050599e-11,0.0,0.0,0.0,0.0,5.268750052298269,7.074644088745117,0.028600754216313362,0.07442348450422287,0.3491535484790802,1.3235747814178467,9.864433377515525e-05,0.004242653958499432,5.507786587921615e-11,0.0,0.0,0.0,0.0
996,adam,0.005133980374422765,0.15245799359775358,0.29117202806857323,1.363675513575154,6.905281160499961e-05,0.0046361364394186,5.668366179659963e-11,0.0,0.0,0.0,0.0,5.265685419882497,7.073929786682129,0.028605958446860313,0.0744195282459259,0.34917473793029785,1.3227139711380005,9.864789171842858e-05,0.004241343587636948,5.656043688961887e-11,0.0,0.0,0.0,0.0
997,adam,0.005155795013471957,0.15325332649292484,0.29100606566475284,1.365803268647963,6.968691952586655e-05,0.004632503124735047,5.892005062610003e-11,0.0,0.0,0.0,0.0,5.2710802631993445,7.073355674743652,0.028592610731720924,0.07442954182624817,0.34915563464164734,1.3241217136383057,9.865051106316969e-05,0.004238241817802191,6.45744707705731e-11,0.0,0.0,0.0,0.0
998,adam,0.005143824619271101,0.15283552316888685,0.290586025003464,1.364050365263416,6.946920315855212e-05,0.0046001815898043495,6.127967969529836e-11,0.0,0.0,0.0,0.0,5.255435420620826,7.073504447937012,0.028597509488463402,0.07439406216144562,0.34914132952690125,1.323180079460144,9.864421735983342e-05,0.004241573624312878,6.030782123689349e-11,0.0,0.0,0.0,0.0
999,adam,0.005141226409543906,0.15281497470794186,0.29110269008144257,1.3627575212909329,6.941551644910848e-05,0.004610423103816087,5.7397758477132604e-11,0.0,0.0,0.0,0.0,5.259408550877725,7.073232650756836,0.028606249019503593,0.07440643757581711,0.34908154606819153,1.3227519989013672,9.865791071206331e-05,0.004240563604980707,6.054487466933267e-11,0.0,0.0,0.0,0.0
