x,y,e11_abs_error_t71,e22_abs_error_t71,e12_abs_error_t71
1.8311099,38.687588,0.0062451707,0.0015756884,0.0015426277
2.074575,38.61109,0.0047538606,0.00232639,0.00046167301
2.3180404,38.53459,0.0034431075,0.0015864137,5.9121638e-05
2.5615056,38.458096,0.0025686664,0.0013554468,0.00021055772
1.993373,38.8901,0.004726143,0.0008860575,0.0015681344
2.2464602,38.80496,0.003366686,0.001800945,0.00021032186
2.4995472,38.719814,0.0030533383,0.0016371543,3.7088874e-05
2.17488,39.07532,0.0033293369,0.0019891672,0.00034345512
2.4375892,38.981537,0.0030363514,0.0019296757,0.00016196538
2.3756309,39.24326,0.003433274,0.0017263945,0.00048410927
1.4549216,37.968254,0.007865444,0.0010773169,0.002042455
1.7320184,37.959023,0.0065582376,0.001522033,0.0011619437
2.0091152,37.949795,0.0041914354,0.0011959398,0.0002836588
2.286212,37.940563,0.0030671847,0.0009294642,0.00021793263
1.5621117,38.218517,0.007066779,0.0019893139,0.0012028245
1.8483115,38.204044,0.0058477884,0.0020697357,0.0007109125
2.1345112,38.18957,0.0038519963,0.0012235334,0.00022575603
1.6875077,38.458294,0.0060069924,0.0015587504,0.0013630262
1.9828106,38.43858,0.005304837,0.002292315,0.0004906507
6.447986,38.965843,0.0009837357,0.00033490543,0.00034154276
6.6878014,39.15118,7.593306e-05,0.00036877074,0.00019966997
6.9276166,39.336517,0.0014291764,0.00041874897,0.0016067508
7.167432,39.521854,0.0019795806,0.00033236848,0.0013190298
6.282333,39.28026,0.00118076,0.00082545157,0.00034751254
6.5301204,39.48429,0.0004576014,0.0010205739,0.0018752872
6.777908,39.68832,0.00057459134,0.0009459589,0.0018666431
6.116679,39.59467,0.00048704795,0.0010270115,0.0014512998
6.372439,39.817398,0.0008196514,0.0009955076,0.0018906589
5.951026,39.909084,0.0013128065,0.0011938212,0.0011865497
7.1331334,38.76385,0.0004789161,0.00023159797,6.634905e-05
7.450928,38.849033,0.0006715921,0.00040244617,0.00022981502
7.768723,38.934216,0.001400139,0.0005640635,0.0009404563
8.086518,39.019398,0.0010748915,0.0006705481,0.00076515786
7.144566,39.01652,0.0007973972,0.00012707352,9.553251e-05
7.462616,39.10311,0.0019657926,0.00038953603,0.0012516438
7.7806654,39.189705,0.001243796,0.0006697453,0.0007258926
7.1559987,39.269188,0.0019926995,0.000105379906,0.0015400297
7.4743032,39.357193,0.0016683526,0.00020988725,0.0010611098
8.828586,38.68565,0.0005300008,0.00035066938,0.00085211545
8.578567,38.79061,0.0008254964,0.00045665159,0.00092587015
8.33121,38.90186,0.0008450537,0.00072290836,0.00069910707
8.630538,38.502308,0.0009962725,0.0002585681,0.0009135199
8.381851,38.610413,0.00088435854,0.00027693078,0.0009311631
8.135827,38.724808,0.0007655055,0.00036449128,0.00082178204
8.432491,38.318966,0.00017580553,0.00018248966,0.00017805886
8.185135,38.430214,0.00034427503,8.957111e-05,0.00010687113
8.234444,38.135624,0.00052629947,9.891647e-05,0.00045227678
8.861869,37.984898,0.00010802597,0.00039970363,0.00029552937
9.05914,38.085526,0.0008511832,0.00036041578,0.00015871553
9.256412,38.186153,0.0014498984,0.00037394272,0.0005219728
9.453683,38.28678,0.0012855306,0.0004148478,0.0004525259
8.850775,38.218483,0.00074126804,0.00040635702,0.00012898026
9.053646,38.328793,0.001460244,0.00041968707,0.00047453726
9.256516,38.439106,0.0012889314,0.0005059152,0.0003197631
8.83968,38.452065,0.00092626596,0.0003377121,0.00077751046
9.048151,38.57206,0.0014831121,0.00046765048,0.00036316412
3.2379718,39.719036,0.0021044873,0.0007590008,0.0013398519
2.9353228,39.58808,0.0020605766,0.0010724005,0.000988848
2.6478758,39.42949,0.0030308312,0.0012690155,0.001002952
3.2805686,39.388187,0.0016190186,0.0011563865,0.0005772237
2.9855206,39.243416,0.001824956,0.0014550316,0.00024937012
2.7056746,39.071003,0.0023755438,0.0016803181,7.225305e-05
3.3231654,39.057343,0.0014973405,0.001458995,0.00030564493
3.0357187,38.89875,0.0015320322,0.0015033998,0.00042256748
3.3657625,38.726494,0.0016030093,0.0013648843,0.0006001368
4.1614065,38.9873,0.0024889447,0.0016030155,0.00019269064
4.279971,39.32223,0.0027980115,0.0013508006,0.0005800865
4.3985353,39.657166,0.002873242,0.0007496851,0.0010391258
4.5171,39.992096,0.0019915195,0.000541724,0.0012283138
3.8535948,39.231213,0.0020312506,0.0012862982,0.00028072437
3.9660122,39.58669,0.002270327,0.00078454503,0.0012298309
4.0784297,39.942165,0.0018831326,0.00055244553,0.0015094541
3.5457833,39.475124,0.0018445976,0.00095014495,0.00093929516
3.6520536,39.851143,0.0021961175,0.00065498054,0.0015958368
5.477366,39.97626,0.0011489938,0.0010834992,0.00086439494
4.999391,40.003933,0.0011556051,0.0007868714,8.942466e-05
5.7606454,39.515438,0.0017895484,0.001072716,0.00034531648
5.284828,39.562862,0.0029313355,0.0013008706,0.00014587934
4.804695,39.570778,0.0032346472,0.0011855562,0.0006571794
5.5702653,39.12179,0.0030062431,0.00090791367,0.0005018886
5.09229,39.14946,0.0038534622,0.0014596428,0.0005225162
5.379885,38.728146,0.00309909,0.00062458735,0.00041213213
1.1737292,36.94111,0.010027278,0.00025846966,0.002619166
1.4947075,37.00582,0.008567627,0.00075940933,0.0017266509
1.8156857,37.070534,0.0058592977,0.00076873135,0.00039144862
2.1366642,37.135246,0.0038577036,0.0008999879,0.0006849002
1.2398866,37.29027,0.009575732,0.0013732484,0.0016273014
1.5746516,37.351593,0.007871445,0.0011173968,0.0010699742
1.9094166,37.412914,0.0047688102,0.0011064466,0.00024898053
1.3336174,37.632652,0.00887887,0.0012992586,0.0019190127
1.6821691,37.690586,0.006984333,0.0014716696,0.000990811
9.326107,37.456306,0.00045254687,3.9885635e-06,9.04866e-05
9.599195,37.529343,0.0002792296,2.5843969e-05,0.00019822689
9.872282,37.60238,0.0011596731,9.6290954e-05,0.0009263032
10.14537,37.67542,0.0023267497,6.631238e-05,0.000826085
9.368632,37.73313,0.00032202154,0.00021193293,8.325861e-05
9.642258,37.805965,0.0012138058,2.7939503e-05,0.0007765065
9.915883,37.8788,0.001122857,0.0002440954,0.0006409786
9.411158,38.009956,0.0013310704,0.00022406993,0.0006311964
9.685321,38.082584,0.0013090749,0.00021311926,0.00066229794
11.564095,36.468864,0.0040571443,0.0001188477,0.002435146
11.494565,36.253357,0.004064359,0.00019305374,0.002187098
11.4250345,36.03785,0.0017320742,0.00019145495,0.00073317485
11.355504,35.822342,0.0012981645,0.00015503843,0.00061494997
11.735493,36.345623,0.0039214375,0.0001423196,0.002412877
11.667287,36.13195,0.0043101287,0.00028628873,0.0021354356
11.599081,35.918278,0.0019781636,0.00019443792,0.0008098348
11.909539,36.22605,0.0032825451,0.00032699935,0.0020239428
11.842658,36.014214,0.0038377126,0.0002644864,0.0019377051
12.086235,36.11015,0.003143365,0.00035087345,0.0019978299
2.1219835,35.912125,0.0051368657,0.00030775607,0.0013461073
1.8058988,36.25512,0.0067376965,0.00030503154,0.0015680618
1.4898139,36.598114,0.008764889,0.00046672998,0.0020698705
1.7350696,35.79215,0.006759782,3.62976e-05,0.002275269
1.4223251,36.134678,0.008444612,9.624666e-05,0.002745705
1.1095805,36.47721,0.010050042,0.0003554623,0.0026022766
1.3481557,35.672176,0.007905062,0.0003550209,0.003092928
1.0387514,36.01424,0.008678635,0.00051205326,0.0032843337
0.9612417,35.5522,0.008138827,0.00046474359,0.0032358342
9.966084,36.761005,0.00029205158,0.00016757322,0.00054730196
10.282975,36.847897,0.0008921996,0.00012551766,0.0012035561
10.599866,36.934788,0.0025443616,3.136997e-05,0.0018767403
10.916758,37.021683,0.0039573438,0.0001337959,0.002098463
10.025846,37.065807,0.00038134772,0.00019279489,0.00097279483
10.344675,37.155262,0.0021103304,4.041742e-05,0.0016380539
10.663505,37.24472,0.0035374807,7.283839e-05,0.0017660684
10.085608,37.370613,0.0014625611,0.00015554449,0.0013007042
10.406375,37.46263,0.003084864,6.380875e-05,0.0014438541
10.833222,36.774853,0.0028621312,2.2497843e-05,0.0020599249
10.749686,36.528023,0.0012907935,7.860118e-05,0.0011481019
10.666151,36.281197,0.0003397786,4.8022834e-05,0.00039663375
11.128115,36.831535,0.0038005523,0.00015920843,0.0020854087
11.04679,36.587643,0.0030931449,3.1576958e-05,0.0021446557
10.965466,36.34375,0.0013174522,2.6401714e-05,0.0009499234
11.343894,36.647263,0.0041806772,6.253843e-05,0.002441822
11.26478,36.406307,0.0035029696,4.649989e-05,0.0021504653
12.52616,35.69359,0.0039891405,0.00019273558,0.0019009039
12.388285,35.843197,0.0036694445,0.000368561,0.0016028802
12.241643,35.98205,0.0037546908,0.00035578292,0.001602726
12.307179,35.604115,0.0039733383,0.00010222511,0.0020004972
12.164921,35.748344,0.0038783937,0.00018706266,0.0018541948
12.013896,35.88182,0.003817644,0.00026527676,0.0017383532
12.0882,35.51464,0.0025442536,2.8040726e-05,0.001375916
11.941558,35.653492,0.0024121157,5.7509984e-05,0.0011764541
11.869219,35.425167,0.001555406,0.000129711,0.0010302388
2.0759482,34.463024,0.0034794756,0.00068992795,0.0018574354
1.7043794,34.82608,0.005266555,0.0007008122,0.002607339
1.3328105,35.18914,0.007140753,0.00059691933,0.003215524
1.6320688,34.238457,0.0047207684,0.0008751926,0.0026012154
1.2548895,34.602432,0.006571166,0.00093951507,0.0034964576
0.8777102,34.966408,0.0069277054,0.0009853515,0.0034070462
1.1881893,34.013893,0.006317037,0.00077006104,0.0032580588
0.8053996,34.378784,0.0063427533,0.0009323952,0.0033411833
0.74430984,33.789326,0.005568574,0.0008677464,0.0032247994
13.059776,35.122444,0.004265939,0.00010394328,0.0022652606
12.878378,35.308624,0.0041007856,0.00013636157,0.002106178
12.700506,35.499004,0.0041799895,0.00012450607,0.0020927382
12.815469,35.037327,0.004246514,3.250828e-05,0.0024159173
12.635834,35.22561,0.00390759,4.3089618e-05,0.0021057394
12.459724,35.41809,0.0040033953,7.2364e-05,0.0020935894
12.571161,34.95221,0.0029749614,0.0001022144,0.0018775277
12.39329,35.14259,0.0027664858,9.347347e-05,0.0016439711
12.326854,34.867092,0.0019600051,0.0001698134,0.0014012875
2.166426,32.728203,0.000844375,0.00044702477,0.00067831506
1.6923873,33.081913,0.0032043525,0.0003532102,0.0021606982
1.2183486,33.43562,0.0056611104,0.00054987206,0.0031674453
1.6512784,32.432735,0.0030029446,1.2617966e-06,0.002149446
1.1706712,32.78705,0.0062024673,0.00011665854,0.0029390627
0.6900641,33.141365,0.004186757,0.00080111367,0.0031301347
1.1361307,32.137264,0.0058268365,7.5387026e-05,0.0025809032
0.6489551,32.492188,0.0043157106,0.00012337742,0.0028907317
0.62098294,31.841797,0.0048269643,0.00020277337,0.0031296986
12.921279,34.1687,0.0020898446,1.8998166e-05,0.0012013023
13.2176,34.242,0.0026682257,2.561754e-05,0.0014977083
13.513921,34.3153,0.0037717489,0.00011818437,0.0021469728
13.810242,34.3886,0.0039045895,0.0002080088,0.0022526858
12.967444,34.486618,0.0027789301,4.4320477e-05,0.0016469033
13.263388,34.55922,0.0039837486,8.639379e-05,0.002204019
13.559331,34.631824,0.0041633574,0.00013045431,0.0023514708
13.01361,34.80453,0.004080991,3.7357677e-05,0.0023091175
13.3091755,34.87644,0.0042659543,0.00011333299,0.0023379214
13.591622,33.38472,0.0015425864,0.00056392164,0.0013704
13.933412,33.445305,0.0021307096,0.00041359547,0.0017622723
14.275202,33.50589,0.004138451,8.757226e-05,0.0026564132
14.616991,33.56648,0.004409544,5.0917035e-05,0.002852317
13.664495,33.719345,0.0020745737,0.00033666613,0.0017832424
14.007419,33.781197,0.0036050975,0.00022803503,0.0025773188
14.350342,33.843044,0.004356647,6.2946e-05,0.0027630217
13.737369,34.053974,0.0036538136,1.5070778e-05,0.0022828542
14.081426,34.117085,0.0038888613,0.00015618221,0.0023449687
14.400628,32.71706,0.00201606,0.00012344902,0.0006796317
14.700843,32.77092,0.0019830056,0.00013176561,0.0008522081
15.001058,32.824783,0.002805654,0.0003215255,0.0014182301
15.301272,32.878647,0.0030978872,0.00038865616,0.0012688455
14.472749,33.0002,0.0028530764,0.0001154826,0.001346523
14.771416,33.052834,0.0037613995,0.00031514198,0.0019116821
15.070083,33.10547,0.0027744407,0.00040464476,0.0018998687
14.54487,33.283337,0.004542793,0.00023366907,0.0024207798
14.8419895,33.334747,0.003706606,0.00022031635,0.0024146484
2.199348,30.855951,0.00080909487,0.00022269938,3.651483e-05
1.6732264,31.184566,0.0023760232,9.831741e-05,0.0018783477
1.1471046,31.513182,0.0060226135,2.7824688e-05,0.002891804
1.670961,30.533825,0.002545123,5.566039e-05,0.0018818603
1.1384655,30.86253,0.00575969,9.527436e-05,0.002806815
0.60597,31.191233,0.0051957387,0.0002704527,0.0032751272
1.142574,30.211699,0.0061565824,0.0002017585,0.0030909337
0.6037047,30.540491,0.0054842024,0.0003326542,0.0033944938
0.6141869,29.889572,0.005894913,0.00038581446,0.0034181583
15.138894,32.214714,0.0018737842,0.00046111248,0.00018556067
15.37001,32.272934,0.0017064102,0.00046502496,3.2689888e-05
15.601127,32.331158,0.0024677217,0.0006059904,0.0003094552
15.832242,32.38938,0.002076082,0.0006029974,0.00037816074
15.19302,32.436024,0.0018043295,0.00033093535,0.0003187172
15.42317,32.4934,0.002653989,0.00051089935,0.0005317577
15.65332,32.550777,0.0021077907,0.00059499196,0.0003648689
15.247147,32.657333,0.0031085722,0.000413795,0.0011215517
15.47633,32.713863,0.0017883824,0.00040493382,0.0014810963
15.649534,31.891598,0.0011958517,0.0004378534,0.00021216669
15.833046,31.91312,0.0016372008,0.00040412892,0.00010278495
16.016558,31.934645,0.0013870057,0.0005472776,0.00020157127
16.20007,31.95617,0.0010943012,0.0005331648,0.00012825383
15.710437,32.057526,0.0019267602,0.0005666438,0.0001088446
15.90054,32.084446,0.00173961,0.0005842225,0.00017954363
16.090645,32.111366,0.0016021933,0.0006608443,0.00021024095
15.771339,32.223454,0.0021016272,0.00064696965,0.00028122775
15.968035,32.255768,0.0015989989,0.0006555487,0.00018687872
2.2797499,28.991318,0.0004580491,0.00011784023,4.7213573e-05
1.7245623,29.290735,0.0024468228,0.00013786249,0.0013495737
1.1693746,29.590153,0.0063228076,0.0003278046,0.0033905061
1.7599926,28.64095,0.0022993379,0.00016028043,0.0014620996
1.198614,28.93994,0.006646952,0.00039511872,0.0035055063
0.6372354,29.23893,0.0064448994,0.00044232587,0.0034951672
1.2402353,28.290583,0.0063745845,5.8739584e-05,0.0037620515
0.6726658,28.589144,0.0066734026,0.00049624016,0.0035383778
0.72047794,27.940216,0.0053053745,0.0005055058,0.0029960535
16.072948,31.767452,0.0013983464,0.00037846447,1.3099052e-06
15.945827,31.578735,0.0010952,0.00028411963,0.0004078464
15.818705,31.39002,0.00088336784,0.00028434407,0.00047460175
16.312374,31.782137,0.001633618,0.00047444308,0.00020059617
16.185835,31.594013,0.001709627,0.000347142,0.00013363361
16.059298,31.40589,0.0012077875,0.00032665348,0.00030895672
16.425846,31.609291,0.001666083,0.00048054673,0.00016393792
16.29989,31.42176,0.0019404143,0.00031432963,4.9772672e-05
16.540483,31.437632,0.0019689975,0.00030714134,0.00010252651
2.4302886,27.107105,0.001153303,0.0006549221,0.000105989195
1.8603517,27.38481,0.0015875658,0.00075146515,0.001546212
1.2904148,27.662512,0.00444421,0.00060648296,0.0031267097
1.9325256,26.73807,0.0015316135,0.0006092816,0.0005113762
1.356562,27.014824,0.0032630884,0.00012844783,0.0016412319
0.7805984,27.291578,0.0039439523,0.0005129168,0.0024247926
1.4347628,26.369036,0.003694015,0.00059886684,0.0013867579
0.8527724,26.64484,0.0051387916,0.0005222037,0.0018537033
0.937,26.0,0.005080433,0.00053032115,0.0013483643
16.958448,30.716629,0.0026204009,0.00018097181,0.0005302273
16.825024,30.960714,0.0023087263,0.00022191124,0.00036037574
16.685701,31.201048,0.0020237444,0.00031631324,0.00015380979
16.665253,30.70676,0.0026129736,0.00014102354,0.00062450767
16.52888,30.948969,0.002394977,0.00013709324,0.00045105652
16.386608,31.187428,0.0021550348,0.00016057992,0.00026828027
16.372057,30.696892,0.0015721289,0.00037974957,8.77087e-05
16.232735,30.937225,0.0013323515,0.00039458275,0.00011046976
16.078861,30.687023,0.0011056205,0.00033067027,8.7749446e-05
2.6549435,25.223146,0.0005892744,0.00019160783,0.00041871244
2.0822957,25.482098,0.0021989746,0.001182451,0.0023179038
1.5096478,25.741049,0.0037569052,0.0015646413,0.0027886778
2.188097,24.841393,0.0026451321,5.7940197e-05,0.0013446023
1.6106178,25.099352,0.0042452076,0.0015910735,0.0029723363
1.0331384,25.357311,0.0039913193,0.0017981719,0.0029689143
1.7212508,24.459639,0.004646743,0.0003394682,0.0027432318
1.1389399,24.716606,0.0036066556,1.35151495e-05,0.0025793025
1.2544043,24.077885,0.0039388887,4.1980646e-05,0.0026090685
16.421799,29.755676,0.00153002,0.0003431203,0.00021553528
16.779427,29.748188,0.0020104898,0.00031261053,0.00043366128
17.137056,29.7407,0.003205751,0.00025210564,0.0008959379
17.494684,29.733212,0.0035796748,0.00017197861,0.0009813772
16.600681,30.075993,0.0019297679,0.00030038145,0.00043227477
16.956474,30.067392,0.0029645385,0.00015540933,0.0009214971
17.312267,30.058792,0.0035610385,0.000114742434,0.00097490894
16.779564,30.39631,0.0026904359,0.00015300582,0.0007621441
17.133522,30.386599,0.0031102076,0.00014038617,0.0007662715
3.0792994,20.171354,0.0047729574,0.00037267615,0.0009805607
2.7153385,20.300205,0.0035304897,0.00033804894,0.0015463152
2.3513775,20.429056,0.002527744,0.0003426365,0.0020730281
1.9874164,20.557907,0.0026871245,0.00022865739,0.0019659358
2.8016775,19.89823,0.0045471187,0.0003389179,0.00088209426
2.4381468,20.02715,0.0031357831,0.00020330356,0.0016178743
2.0746162,20.156069,0.0037355595,0.00019902916,0.001740966
2.5240557,19.625105,0.003717497,6.279358e-05,0.0008750231
2.1609554,19.754093,0.0040934808,0.00015108561,0.0011911207
2.2464337,19.35198,0.0040778136,0.00016308884,0.0009702977
2.8843775,23.369287,0.0009966785,0.00022484787,0.0007368459
2.3410532,23.605486,0.0034534982,0.00037334175,0.0016426265
1.7977288,23.841686,0.0047660223,0.000101345446,0.002816851
2.4684913,22.972748,0.0020610886,0.00011091589,0.002266368
1.9225723,23.208395,0.004410467,1.4068384e-05,0.0030822258
1.3766532,23.444044,0.0040630754,1.1639262e-05,0.002882708
2.0526052,22.576206,0.0021807018,0.0004424713,0.0032626262
1.5040914,22.811304,0.0027543744,9.150448e-06,0.0029543955
1.6367188,22.179667,0.00023444556,4.2463857e-05,0.0024566052
3.0128005,21.665962,0.0028706314,0.0007780053,0.0007707346
2.5541067,21.837196,0.0013392363,0.00084238604,0.0017353942
2.0954127,22.008432,4.680967e-05,0.0005964637,0.0025436205
2.6710057,21.29661,0.0027369342,0.0004821949,0.0010947248
2.2118933,21.467733,0.0005242913,0.00059184956,0.0021451793
1.7527809,21.638857,0.0015938492,0.00032599506,0.0023614645
2.329211,20.92726,0.0014367495,0.00042788507,0.0021078603
1.8696802,21.09827,0.0015706802,0.00023697785,0.0021263321
3.0781326,19.06455,0.0057707326,0.00018686763,0.00019337944
2.8008997,19.16036,0.00527839,0.00019220638,0.00023135991
2.5236669,19.25617,0.0033865739,0.00023093537,0.0006519046
2.8637395,18.86126,0.004775971,5.7830155e-05,0.00036387358
2.5862007,18.957045,0.003447536,0.00020355792,0.00067810505
2.3086617,19.05283,0.0036994736,0.0001986355,0.0006573044
2.6493464,18.657967,0.0031311293,3.3470365e-05,0.00085671816
2.3715014,18.753729,0.0035063382,3.848906e-05,0.0009786875
2.4349532,18.454676,0.003107272,8.264906e-07,0.00082132855
2.4876964,18.216167,0.003012251,2.4127017e-05,0.0006635635
2.5571673,17.983292,0.0030747545,0.00014851388,0.001148751
2.643366,17.756048,0.002888422,0.00010605814,0.0009564152
2.65789,18.412807,0.0029491875,2.859786e-05,0.0009014414
2.718997,18.177116,0.003104053,0.000155285,0.0007509134
2.7968318,17.947056,0.0029670694,0.0002189145,0.0008385015
2.8808267,18.370941,0.003446232,3.2419543e-05,0.00070340664
2.9502976,18.138065,0.003450343,0.00011446251,0.00062977255
3.1037633,18.329073,0.0043044584,2.4088979e-05,0.00035941112
16.894823,28.543072,0.002418032,0.00074516993,3.7673395e-05
17.358011,28.512974,0.0026367377,0.00057307177,0.00010579219
17.821198,28.482878,0.0033688266,0.00048093952,0.0003832851
18.284386,28.45278,0.0033740732,0.0005107798,0.00030867313
17.094778,28.939785,0.0023031873,0.00062458916,7.7127945e-05
17.562815,28.912497,0.0029410068,0.00043116754,5.675247e-05
18.030853,28.885208,0.0031474326,0.0005525473,0.0001525511
17.294731,29.336498,0.0029494073,0.00039465085,0.0005259847
17.767618,29.31202,0.0029877229,0.00027908816,0.00077000353
2.758639,17.512957,0.0022558225,5.5216136e-05,0.00083815434
2.872948,17.269396,0.0017575724,4.5325083e-05,0.00072163856
2.9862928,17.025364,0.0014906293,1.0194723e-05,0.0005185073
2.9343457,17.760855,0.002521379,0.00013157164,0.00094556913
3.0491366,17.517529,0.0021408135,2.998754e-05,0.0008755252
3.1629636,17.273731,0.0018848237,2.3691333e-05,0.0007758781
3.2253256,17.765661,0.0029410943,3.8586673e-05,0.0008057541
3.3396344,17.5221,0.0026321001,2.9367686e-05,0.0007151724
3.5163052,17.770468,0.003906664,0.00012782073,0.0004506043
17.431309,27.009161,0.0032781917,0.00074627507,0.00033054315
17.985912,26.940346,0.0032105139,0.0006563307,0.00041418662
18.540514,26.87153,0.0025246441,0.0006179287,0.00020387839
19.095118,26.802715,0.0018502655,0.0008125267,8.406164e-05
17.715668,27.490368,0.003041421,0.0006487572,0.0005974339
18.27424,27.423737,0.0031400486,0.00054635014,0.00071945763
18.832813,27.357107,0.0019637845,0.00061467674,0.00040258537
18.000027,27.971573,0.0035731522,0.0005707452,0.0006799451
18.562569,27.90713,0.003237275,0.00034902513,0.00096065877
3.1318502,16.69378,0.0012509655,6.2141975e-05,0.0001819327
3.2879746,16.367384,0.0011280663,0.00017569703,0.0002115483
3.454666,16.04617,0.00089084264,0.00026556398,0.0005365191
3.3697913,17.008385,0.0019624438,1.868466e-08,0.0005067771
3.520632,16.679396,0.0017183265,3.3725926e-05,0.00015102979
3.68204,16.355589,0.0016257432,0.000101768004,0.00022867438
3.7532897,16.991407,0.0025951802,4.534726e-05,0.0002914999
3.909414,16.665009,0.0022572293,9.157986e-05,3.7412276e-05
4.1367884,16.974428,0.0030913,7.3271774e-05,0.00014033355
19.900255,25.199503,0.0014061816,0.0007213787,2.9937364e-05
19.612156,24.829296,0.0018387875,0.0006984888,0.00026995107
19.324057,24.459091,0.0018959744,0.00066537585,0.000371363
19.035957,24.088886,0.0018590209,0.0005641108,0.00026669097
20.10933,24.771168,0.002073716,0.00060807343,0.00025431998
19.81634,24.398634,0.0021201386,0.0006017664,0.00048822165
19.52335,24.026098,0.0017893263,0.000649913,0.00027857395
20.308622,24.338175,0.0025317273,0.0005569614,0.00042073498
20.010742,23.963312,0.0022518183,0.000648952,0.00037953444
20.498135,23.900524,0.0025518285,0.00055285357,0.00042870408
18.220798,25.420376,0.0037310948,0.0010213426,0.0006034903
18.780617,25.346752,0.0023954106,0.0008935294,0.00021428103
19.340437,25.273127,0.0017783791,0.0007671737,7.9319114e-05
18.512238,25.881155,0.0028536986,0.00096097414,0.00024127867
19.070036,25.806412,0.0018860046,0.00081745675,2.8639799e-05
19.627832,25.731668,0.0013983725,0.0007551118,7.813331e-05
18.803679,26.341936,0.0021946584,0.00083045696,7.398892e-05
19.359453,26.266073,0.0014447682,0.00078054157,0.000116236275
4.1849303,14.782154,0.00037182122,0.0003641494,0.00032903603
4.4284515,15.157156,0.00029360037,0.00031918884,0.00015797769
4.671973,15.532158,0.0012047514,0.00039731967,0.00011477899
4.9154944,15.907159,0.0020409506,0.00045424525,0.00023601891
3.935175,15.199855,0.0001107743,0.00035148914,6.186939e-05
4.1818633,15.576675,0.00067273993,0.00029805984,0.00012888014
4.4285517,15.953496,0.0017416393,0.0002956916,0.00018181233
3.6917536,15.621193,0.00046258327,0.0003373305,0.00011916435
3.9416087,15.999833,0.0012588673,0.00015430874,0.000102118356
20.261969,23.594294,0.0023557362,0.0006403682,0.0002149269
20.025803,23.288061,0.0018767156,0.0006550099,1.463946e-05
19.789637,22.98183,0.0017532948,0.0007707331,2.6653986e-05
20.667843,23.588467,0.0021171803,0.0005548757,0.0003032484
20.432922,23.283232,0.0021041613,0.00058120966,0.00010047783
20.198,22.977997,0.0017141663,0.00068097014,8.072727e-05
20.84004,23.2784,0.0015581213,0.0005199488,0.00017895852
20.606363,22.974161,0.001710821,0.00052068755,8.418318e-05
21.014727,22.970325,0.0018475149,0.0007557549,0.00023979181
5.746736,14.715966,0.0007681325,6.2712934e-05,0.00038035307
5.2261343,14.738029,0.0006625522,0.00022156138,0.00012641819
4.705532,14.760092,0.0002688421,0.00030251915,8.373661e-05
5.528395,14.267434,0.00052354205,0.00025310667,0.00025263848
5.003923,14.287075,0.00015752856,0.00037791822,0.00047980365
4.4794507,14.306716,0.00052421354,0.0004350471,0.0006870683
5.3100543,13.818902,6.892532e-05,0.00049810496,0.0008039698
4.781712,13.836121,0.000766153,0.00057547214,0.0010096242
5.091714,13.37037,0.001071516,0.00072422763,0.0012644518
6.402071,13.388434,0.00021589082,0.00059285323,0.0005412374
5.9652853,13.382413,8.160435e-05,0.00059085,0.0008126388
5.5284996,13.376391,0.00033156853,0.00047033207,0.0011120993
6.2493963,12.980816,0.00030794367,0.000742623,0.0010900209
5.8098593,12.972907,0.00065779686,0.0005472245,0.0014207114
5.3703227,12.964998,0.0014381404,0.00085337326,0.0014123912
6.096721,12.573198,0.00097526796,0.0006519496,0.0017052949
5.6544333,12.563401,0.0021448229,0.0009106544,0.0020281442
5.944046,12.16558,0.0018886323,0.0006490832,0.001980256
6.1626697,11.872422,0.0019722027,0.00076117646,0.0021168354
6.3841157,11.581364,0.0016276808,0.00073837367,0.0022546607
6.608384,11.292405,0.0012259362,0.0007816326,0.0024620949
6.29282,12.230606,0.0009086197,0.00058068347,0.0017890295
6.5128546,11.9384985,0.00046883337,0.00062768266,0.0018260633
6.735712,11.64849,8.451752e-06,0.0006446548,0.0019450432
6.6415935,12.295633,9.491015e-05,0.0007557427,0.001264849
6.8630395,12.004575,0.00044225808,0.0006404288,0.0013290832
6.990367,12.36066,0.00062222034,0.00060165994,0.0009202657
21.354822,21.976885,0.0015936578,0.00067246915,0.00022767158
21.263784,22.31777,0.001889078,0.0006930814,0.00018983427
21.15042,22.648916,0.0017783949,0.0007477235,0.0002666111
20.999828,22.01679,0.001888758,0.00068169774,0.00022469764
20.897629,22.352806,0.0019051079,0.00077241857,0.00016659615
20.7731,22.679085,0.0019533155,0.00058921287,6.012642e-05
20.644836,22.056696,0.0010078424,0.00089052983,0.0005494766
20.531471,22.387844,0.0015762425,0.0007615589,0.00041605672
20.289843,22.096603,0.00073920423,0.00088317774,0.0007511596
7.113325,10.65193,0.00057975715,0.0007715755,0.0025285438
7.2484484,10.918311,0.0006335252,0.000675792,0.002273668
7.383572,11.184692,0.0008699056,0.0006994527,0.0018841061
7.518696,11.451073,0.001306274,0.000716862,0.0015870119
6.9458117,10.865777,0.00048322137,0.0007086616,0.0024541148
7.0805354,11.131981,0.0004917728,0.00068833295,0.0022764853
7.2152586,11.398184,0.00055881403,0.00072853256,0.001845181
6.7774982,11.079268,0.0009512049,0.0007972155,0.002593148
6.9118214,11.345294,0.00015337812,0.0007135955,0.0021742627
20.60423,21.081722,0.00019901153,0.000112293055,0.00054326
20.955902,20.98915,0.0005412898,0.00024294888,0.0003824518
21.307573,20.896576,0.00084980205,0.00043621496,0.00030433945
21.659243,20.804003,0.00096228067,0.00063450146,0.00034001493
20.854427,21.38011,0.00086917914,0.00031306595,0.00032567373
21.20197,21.286026,0.0011660517,0.00040226523,0.00018039532
21.549511,21.191942,0.0010609915,0.0004934907,0.000134225
21.104624,21.678497,0.0017175451,0.00052434625,0.0002491516
21.448036,21.582903,0.0012303172,0.0006050877,0.0002181516
7.255689,10.428331,0.0005066106,0.0008553406,0.0027334085
7.3928504,10.2002125,0.00046318723,0.00090307323,0.0029258404
7.52481,9.967575,0.00078840787,0.0009702805,0.003028719
7.3830104,10.672556,0.0005662781,0.000705829,0.0023376392
7.5227733,10.446697,0.0006301999,0.0007846588,0.0024923952
7.657334,10.216319,0.0004202281,0.00084668305,0.002680486
7.652696,10.693181,0.0011608871,0.00073269126,0.0020067196
7.789858,10.465063,0.0010323105,0.00082076725,0.0021257957
7.9223814,10.713807,0.0016139108,0.0007731253,0.0017290195
21.949673,19.762985,0.00039345212,0.0011695835,0.0012898224
21.868174,20.114244,0.00032174122,0.0005539395,0.0006698477
21.771364,20.46125,0.00043371692,0.00058598607,0.0004573532
21.596424,19.851046,0.00023359433,0.0007682854,0.0009922714
21.507269,20.20018,9.080302e-05,0.000766976,0.0007476022
21.402803,20.545057,0.00066333776,0.00069997483,0.0005055999
21.243174,19.939108,2.7165748e-05,0.00067021337,0.00069160806
21.146364,20.286114,0.00018764893,0.00063303637,0.00071657565
20.889923,20.02717,0.0002458957,0.0004935309,0.0006382358
8.279898,10.064376,0.0019076448,0.0008012883,0.002094197
8.028202,10.032109,0.0012682388,0.00083685876,0.0024590038
7.776506,9.999842,0.0004844712,0.0008701241,0.002842201
8.221829,9.7537365,0.0011240914,0.00090032036,0.0026416485
7.9626966,9.7155905,0.00048931595,0.0008793961,0.0030471715
7.703564,9.6774435,0.00087115914,0.0009971925,0.003226363
8.163761,9.443097,0.00067247124,0.00090031116,0.003295442
7.8971915,9.399072,0.0007471186,0.001061658,0.0035031864
8.105693,9.132458,0.00051778276,0.001180736,0.0038363137
21.218636,19.19501,0.00038589584,0.0007293654,0.00045886356
21.47775,19.062181,0.00051018456,0.0010043721,0.0007721856
21.736866,18.929354,0.0005054334,0.0018325503,0.0017450196
21.995981,18.796526,0.00034956122,0.0020728991,0.0022405616
21.462315,19.384335,0.00021621864,0.0007833543,0.00058830995
21.733776,19.252008,0.00030458206,0.00088505883,0.00083499635
22.005236,19.11968,0.00025666412,0.0008653384,0.0010178383
21.705994,19.57366,1.765741e-05,0.00085256,0.0009783562
21.9898,19.441833,0.00013995077,0.0010233963,0.001114289
8.3881,8.8413105,0.0002696663,0.0009399216,0.0035691177
8.68257,8.5621195,4.705647e-05,0.00089828996,0.0034761748
8.989104,8.294884,7.6986384e-05,0.0008227074,0.0034742537
8.472286,9.319877,0.0013985066,0.0008839797,0.0031760281
8.760725,9.034707,0.0016940939,0.000900915,0.0032579175
9.061227,8.761494,0.0018728133,0.0008203108,0.0030393007
8.83888,9.507296,0.002788464,0.0008114708,0.0024805504
9.133349,9.228104,0.0031139539,0.0008307801,0.0026488986
9.205472,9.694715,0.0040996824,0.00058929354,0.0019132108
21.030516,18.234673,0.0018305001,0.001368378,0.0010373082
21.340664,18.020031,0.002547863,0.0017010259,0.0011384545
21.650812,17.80539,0.0021844967,0.0015071048,0.0011875138
21.960958,17.590748,0.002233353,0.0011824233,0.0010658086
21.352337,18.421957,0.0018307464,0.0015350857,0.0011602168
21.663538,18.207031,0.002521561,0.0020208268,0.0012849143
21.97474,17.992105,0.0022747875,0.0019725524,0.0014987909
21.67416,18.609241,0.0018743323,0.0014962553,0.0012390546
21.986412,18.394032,0.0016619829,0.0020982935,0.0017479449
10.384088,8.805652,0.005518976,0.0005837483,0.0016986262
9.919093,8.635396,0.00493499,0.00051936036,0.0022603888
9.454099,8.465139,0.0027650828,0.00062801654,0.0027353205
10.309112,8.309073,0.005507297,0.00034839235,0.0018234374
9.840928,8.135521,0.0035411152,0.00022620056,0.0024811043
9.3727455,7.961969,0.001069475,0.00041919795,0.0029141093
10.234136,7.8124943,0.0039858213,0.00029808882,0.0022157975
9.762763,7.635646,0.0010599117,0.00048382534,0.0027757515
10.159159,7.3159156,0.0011096653,0.0008234489,0.0026232498
20.744534,16.838081,0.0032133516,0.00078840903,0.0008502994
21.124409,16.54849,0.002434628,0.00073605514,0.001000993
21.504282,16.2589,0.0009425194,0.00026302753,0.0016317752
21.884157,15.969309,2.2198074e-05,0.00027049484,0.0013498266
21.15001,17.08897,0.0029767146,0.000968805,0.0008149983
21.531736,16.799046,0.001741197,0.00077200023,0.0013625433
21.913462,16.50912,0.00096206646,0.0005259551,0.0012870324
21.555485,17.339859,0.0024183854,0.0011186684,0.0009792638
21.939062,17.0496,0.0015940713,0.00083273975,0.0011781603
11.735447,7.8928814,0.0044123684,0.00043357653,0.00091624213
11.210017,7.7005596,0.005261079,0.0002285507,0.0013340614
10.684588,7.5082374,0.0045062904,0.00021822436,0.0020264639
11.706556,7.3341937,0.005676183,0.0002450168,0.000790196
11.176788,7.1363416,0.004946984,0.00012975268,0.0017495304
10.64702,6.9384894,0.0016199709,0.00057624606,0.0024608085
11.677667,6.7755055,0.004777573,0.0008447191,0.0018542828
11.143559,6.5721235,0.0032785889,0.00017179787,0.001629076
11.648776,6.216818,0.0028634905,0.00067091815,0.00031391857
20.375446,15.13151,0.0012790589,1.7506885e-05,0.00084994105
20.834192,14.774809,0.0015107244,5.420798e-05,0.0009183872
21.29294,14.418108,0.0006030365,0.000748333,0.001493064
21.751688,14.061407,0.00069560576,0.0003525641,0.0013130375
20.87835,15.410776,0.0020188289,0.00013102486,0.0002872066
21.339558,15.053933,2.171984e-05,0.00036194996,0.0013430461
21.800766,14.69709,0.00092881825,0.00014391833,0.0010081483
21.381254,15.6900425,0.0008579097,9.755581e-05,0.0011304561
21.844921,15.333057,5.625654e-06,3.553962e-05,0.0011241308
13.108899,6.8282256,0.001950914,7.9993566e-05,0.0011625346
12.622191,6.624423,0.0039547523,0.00055950234,0.0021888497
12.135484,6.4206204,0.0045399354,0.0005383323,0.0009425571
13.13929,6.2960696,0.0014557857,0.000677534,0.001713396
12.648681,6.08608,8.8968314e-05,0.0010604481,0.0011703633
12.1580715,5.87609,0.002691859,0.00080546935,0.00051442534
13.169681,5.7639136,5.7077967e-05,0.00085781096,0.0009984444
12.67517,5.5477366,0.0017309282,0.0013304004,0.0007663802
13.20007,5.2317576,0.0012733471,0.0010684398,0.00048100576
20.136013,13.245154,0.0008122523,0.00029382552,0.0015431662
20.61495,12.870557,0.0012025321,0.00065380125,0.0011672091
21.093887,12.495959,0.00115345,0.0014442274,0.0013053408
21.572824,12.121362,0.0023243483,0.0015912818,0.0016312452
20.674572,13.517239,0.00080206525,0.00030582817,0.0015394127
21.155918,13.142858,0.00110891,0.0012508421,0.0013435632
21.637266,12.7684765,0.0026418776,0.0016154716,0.0011340303
21.21313,13.789323,0.0007872288,0.00097361533,0.0013321647
21.696888,13.415158,0.0016335896,0.0004744394,0.0013944912
14.317107,5.8203974,0.00024469942,0.000505482,0.0011778697
13.944762,5.624184,0.00082500745,6.073489e-06,0.00021967152
13.572416,5.427971,6.229803e-05,0.0008969692,0.0006589326
14.3862295,5.383748,0.00095009804,0.000270364,0.00034597283
14.0114765,5.1829047,0.0005258722,0.0010654463,0.00062632235
13.636724,4.982061,0.0013456466,0.0011471605,0.00032579713
14.455352,4.947099,0.00310677,0.001041801,0.00075448677
14.078192,4.7416253,0.0037840987,0.0010869596,0.0010089069
14.524474,4.51045,0.0040587382,0.00069608196,0.001059582
19.914343,11.324363,0.00090961927,0.000445675,0.0016015802
20.393957,10.944744,0.0017074575,0.00054035266,0.0019048527
20.87357,10.565126,0.003174583,0.0010328298,0.0021476445
21.353184,10.185508,0.0039554173,0.0010580531,0.0023592664
20.46717,11.590029,0.0016577521,0.0005279081,0.0019399055
20.949034,11.210986,0.0025831193,0.00087494875,0.0022698808
21.430899,10.8319435,0.0036158161,0.0010484174,0.0023419298
21.019997,11.855695,0.0015945081,0.00095896097,0.0018525545
21.504112,11.477227,0.0030192612,0.0010206557,0.002288274
15.385134,5.0795894,0.002499206,0.00046195445,0.00017989893
15.098247,4.8898764,0.003282928,0.00042651466,0.0003406657
14.81136,4.700163,0.0032368246,0.00012837746,0.0007573543
15.435968,4.7295804,0.0032039015,0.00051375706,4.4491608e-05
15.147846,4.5371013,0.0041060583,0.00039529148,0.0008246978
14.859723,4.3446226,0.004437058,0.00037315197,0.0010763761
15.486804,4.379571,0.0027093925,0.0005376977,0.0013136547
15.197445,4.1843266,0.00477007,0.00011663372,0.0012133261
15.53764,4.029562,0.0050699776,0.00019960443,0.001384581
19.69707,9.42771,0.00016111601,0.0007601634,0.0008518619
20.163641,9.036551,0.001251779,0.001107554,0.0011484998
20.630213,8.645394,0.0018943793,0.0011704483,0.0011680779
21.096785,8.254236,0.0015472942,0.0008059206,0.0011625126
20.249107,9.680309,0.0017443576,0.00091320183,0.0013695819
20.71776,9.290068,0.0026872107,0.001045706,0.0017319147
21.186413,8.899827,0.00314125,0.00095349085,0.0018671661
20.801146,9.932908,0.0031223088,0.0010526652,0.0020257835
21.27188,9.543584,0.0035319347,0.0010208925,0.0021792059
16.19895,4.498567,0.002956714,0.00050646113,0.0002745483
15.978513,4.342232,0.0035399823,0.00022961746,0.00034672488
15.758077,4.185897,0.0039777313,0.00042579148,0.0014491682
16.23409,4.23307,0.0036043823,0.00024009857,0.0003407281
16.013304,4.075729,0.0039790752,0.00025182613,0.00131694
15.792516,3.9183877,0.0048540165,0.00043348363,0.0017598015
16.269234,3.9675725,0.0031279894,0.00048265234,0.0012332257
16.048096,3.8092253,0.0022963996,0.0010075751,0.0011261106
16.304377,3.7020752,0.0031255726,0.00080688135,0.0011281138
19.575577,7.634186,0.0007715048,0.0011738625,0.00026917178
19.996593,7.266259,0.0008390057,0.000823498,2.353068e-05
20.41761,6.898333,0.00042140298,0.0007838303,0.00023352983
20.838627,6.530407,0.0008171685,0.00017394766,0.00015813648
20.082645,7.8408694,0.00048646796,0.0012507511,3.64054e-06
20.505426,7.473792,0.00027828524,0.00087592716,0.0001200781
20.928207,7.1067147,0.00029984862,0.0009954998,2.2782246e-05
20.589716,8.047553,0.0003509093,0.001229156,0.00021305354
21.01426,7.6813245,0.00040265126,0.001120835,0.00030500535
16.79997,4.0346837,0.0029442483,8.735759e-05,0.00018324982
16.634773,3.9238143,0.003230111,0.0003600684,0.00055404194
16.469574,3.8129447,0.003211367,0.0007796814,0.000916264
16.818436,3.8296149,0.0032225957,0.00037219748,0.00049306406
16.6556,3.723436,0.0035396179,0.0006578157,0.0008531022
16.492764,3.617257,0.0037587525,0.00069527887,0.0010988498
16.836899,3.6245458,0.0038732814,0.0006515032,0.0010030665
16.676426,3.5230577,0.004359451,0.0005739543,0.0011047442
16.855364,3.4194767,0.004455408,0.0007428664,0.0015387041
20.389711,6.4216404,0.0009444854,0.00046780458,0.00062493776
19.940796,6.312874,0.0011043367,0.0006233541,0.00086351647
19.49188,6.2041073,0.0015759906,0.0005616029,0.0010255224
20.759354,6.0818777,0.0014519827,0.00013718457,0.00072535523
20.298195,5.97862,0.0013664067,0.00024280668,0.0009255481
19.837036,5.875362,0.0013692528,0.0005819362,0.0010988704
20.655594,5.644366,0.0017000525,0.00043043948,0.0007713852
20.182192,5.5466166,0.0019895202,4.4598593e-05,0.0013504454
20.527346,5.2178707,0.0022054552,0.0004105107,0.0015827809
17.209309,3.7255743,0.001596021,0.00032663182,0.00076011475
17.091326,3.6235418,0.0018306659,0.00057704933,0.00092784176
16.973345,3.5215092,0.003970565,0.0007448301,0.0013437914
17.255184,3.5544796,0.001182372,0.0008459431,0.0009881109
17.133492,3.4441493,0.00050349743,0.0010811714,0.0014054133
17.011799,3.3338192,0.0049304403,0.00066658854,0.0015387032
17.30106,3.383385,0.0009617898,0.0010302709,0.0013630833
17.175655,3.264757,0.0008968979,0.0010146464,0.0015660808
17.346935,3.2122903,0.0013165852,0.0009718875,0.0015144604
20.056915,4.3068156,0.004970794,0.0011312552,0.0021671406
20.243841,4.595356,0.003568096,0.0011730095,0.0015847657
20.400652,4.899041,0.0028954814,0.00032153015,0.0022182185
19.845276,4.564518,0.0047958214,0.0007146052,0.0022704059
20.017143,4.8606305,0.0040239263,0.00038099207,0.002430232
20.158895,5.171888,0.003071595,0.00016556564,0.002131587
19.633636,4.82222,0.0038827118,3.4156954e-05,0.0026136471
19.790445,5.125905,0.0032261699,0.00024079718,0.0025015557
19.421997,5.0799217,0.0030934317,0.0005994043,0.002696359
17.5509,3.1726913,0.0019539318,0.001000883,0.0003534695
17.75932,3.1534662,0.0023618992,0.0007309646,0.0004277979
17.972195,3.154615,0.0027799462,0.0007502516,0.00026405882
17.462072,3.3866837,0.0014737619,0.0010714533,0.00017721439
17.668264,3.3572717,0.0019540717,0.0010572227,5.5533368e-05
17.878912,3.3482335,0.0023740209,0.00080270483,9.6950214e-05
17.57721,3.5610769,0.0020263982,0.0009396223,0.0001900997
17.78563,3.5418518,0.0015071282,0.00092013227,1.790002e-05
17.692347,3.7354703,0.001228281,0.00055343495,0.00010544015
19.219221,4.3620634,0.003834041,0.0004480139,0.002181667
19.296764,4.139089,0.0034977815,0.0006029366,0.0017659641
19.37431,3.9161146,0.0042193835,0.0014262635,0.0007527126
19.451853,3.69314,0.0037951698,0.0016589481,0.0007779207
19.498453,4.3436475,0.004516139,0.0007672566,0.0020579118
19.586876,4.111452,0.004786424,0.0011335036,0.0019912284
19.675299,3.8792565,0.0031412244,0.0015797326,0.00028578378
19.777683,4.3252316,0.00547054,0.0011769002,0.0022355886
19.876986,4.083815,0.005465845,0.0007879479,0.0026768574
18.234148,3.7173858,0.000100858975,0.0005227199,0.00021919282
18.14683,3.5297954,0.0007557507,0.0008069419,0.00025224546
18.059513,3.3422053,0.002747019,0.0008267148,4.9524475e-05
18.398155,3.5802855,0.0009901521,0.0009228289,0.00040683942
18.312643,3.3804789,0.001189312,0.0012597006,0.0003894586
18.227133,3.1806722,0.0011451093,0.0011637723,0.0007458376
18.56216,3.4431856,0.00070877955,0.0011852877,9.787828e-05
18.478456,3.2311623,0.00074215466,0.0012471415,0.0004593809
18.726168,3.3060856,0.00041618943,0.0011294077,3.4927856e-05
18.722815,4.023205,0.0025134573,0.0005369857,0.0009750328
18.723932,3.7841651,0.0016715389,0.0009425797,0.00033983402
18.72505,3.5451252,0.0006035969,0.0012670588,0.0003359397
18.965826,3.9131832,0.0025200653,0.0008427468,0.00084206276
18.975128,3.6627398,0.002398328,0.0014168825,0.00034019863
18.98443,3.4122963,8.1207836e-05,0.0012843271,0.0003933017
19.20884,3.8031616,0.004003515,0.0014507214,0.00082235644
19.226324,3.5413144,0.0040887855,0.0014569797,0.0013246136
2.469741,38.285583,0.0027072702,0.0012259656,0.00020662195
2.2262757,38.362083,0.0035836701,0.0014766918,6.618118e-05
2.3779764,38.113075,0.0027863937,0.0010064788,0.00018632831
6.904751,38.831184,0.00030678115,0.000117846284,0.00010628393
6.916184,39.08385,0.00043547875,0.000120538694,0.00013347273
6.6763687,38.898514,0.0002952956,8.99634e-05,0.00022582174
7.556132,38.234528,0.0005859325,0.00019758695,0.00033038622
7.7329273,38.49615,0.00030055526,3.5400735e-05,0.00013598427
7.9097223,38.757774,0.000578891,0.00040081982,0.00040843152
7.4151325,38.41097,0.00023852824,1.2216624e-06,0.00027052592
7.5919275,38.672592,0.00017033215,0.0002140025,5.4254197e-06
7.2741327,38.58741,0.00019247737,0.00020500175,0.00029411376
8.00834,38.16859,0.00080835074,6.119767e-05,0.00055264775
7.959031,38.463184,0.00035635475,1.2388744e-05,1.3741665e-05
7.782236,38.201557,0.0007289911,0.0001381026,0.00042841304
8.652727,38.03514,2.4707988e-06,0.0003733159,0.000274078
8.641633,38.268723,0.00027577626,0.00031139862,4.8918184e-05
8.443585,38.08538,0.00020261016,0.00030486393,0.00039507775
2.7449021,38.28141,0.0018404335,0.0011170979,0.00046681555
2.6531377,38.1089,0.001974114,0.0009444243,0.00045263895
2.5613732,37.93639,0.0020763127,0.0008657927,0.0005820765
2.9282987,38.104725,0.0014571347,0.00077542587,0.0006273275
2.8365343,37.932213,0.0014661092,0.00081766344,0.00087008846
3.1116955,37.92804,0.0012037604,0.0007482323,0.0009878163
2.829591,38.54756,0.0018526808,0.0012307443,0.00049295987
3.0976768,38.637028,0.0015259249,0.0013122532,0.00062750163
2.767633,38.809284,0.001924236,0.0018344324,0.00042613607
3.1963844,38.19419,0.0012897924,0.0008930393,0.00064796093
3.2810733,38.460342,0.001313649,0.001058724,0.000717793
3.0129879,38.370876,0.0014780465,0.0011213319,0.00058691925
3.6309772,38.81343,0.0017261701,0.0013705951,0.0004905376
3.8961918,38.900364,0.0021478417,0.0015468751,0.0004042599
3.58838,39.144276,0.0018383375,0.0013748533,2.7602073e-05
6.091953,38.886612,0.0022759952,0.00042119273,0.000493373
5.926299,39.201023,0.002298619,0.0007412612,0.00021772878
5.735919,38.807377,0.0028506713,0.00045935315,0.0006676563
4.567566,38.900913,0.0030299204,0.0015945274,7.559848e-05
4.973726,38.81453,0.003507678,0.0012131572,0.0001813178
4.6861305,39.235847,0.0036152406,0.001510472,0.000519125
2.8099315,37.40873,0.0017692279,0.0008978222,0.001666208
2.9105196,37.581833,0.0013219579,0.0009981295,0.001672446
3.0111074,37.754936,0.0012544594,0.0007997877,0.0012901502
2.6353583,37.586006,0.0020551968,0.0008406934,0.0011552887
2.7359464,37.75911,0.0017428658,0.00081801973,0.0010456695
2.4607852,37.763287,0.002345857,0.000849273,0.0007284159
3.009824,37.357628,0.0012382364,0.0011762064,0.0020926408
3.2097166,37.306522,0.0013952114,0.0011317558,0.0022570323
3.409609,37.25542,0.0012429354,0.0011641837,0.0022399246
3.1104121,37.53073,0.001081932,0.0010515115,0.0019068515
3.3103044,37.479626,0.0013612973,0.0010157762,0.0019034124
3.211,37.703835,0.000970118,0.0008794931,0.0015379515
2.2363627,37.672127,0.0029169158,0.0008546923,0.0005794249
1.959266,37.681355,0.004668615,0.0012590359,5.9706334e-05
2.1865134,37.403687,0.0031436626,0.0009200592,0.00085369655
2.585509,37.31757,0.0024109003,0.00091000047,0.0014238383
2.4109359,37.494846,0.0024339159,0.0010229088,0.0011767395
2.3610866,37.226406,0.0027798573,0.0009961599,0.0011486302
7.567591,37.990646,0.0009292364,0.00022763858,0.0006663713
7.57905,37.74677,0.001090815,0.00030898777,0.00064832834
7.5905094,37.50289,0.001281573,0.00036285626,0.00050362945
7.793695,37.95768,0.0008941579,0.00021116651,0.0006337967
7.8051543,37.713802,0.0009513537,0.00014461944,0.0006088868
8.019799,37.924713,0.00074807927,1.3879646e-05,0.0006243086
6.9578114,38.47685,0.0002832238,0.00018477943,0.00032409187
6.729429,38.544178,0.00070435845,0.00017394102,0.0004858151
6.5010467,38.61151,0.001228061,4.965384e-05,0.0006025345
6.7824893,38.189842,0.0011133936,0.00015125144,0.00062970375
6.5541067,38.257175,0.0014966981,0.0002120677,0.00077332044
6.6071672,37.90284,0.0019679454,0.00013210578,0.0009129527
6.145013,38.532276,0.0023479336,3.982933e-05,0.000780992
5.788979,38.45304,0.0027647214,4.93044e-05,0.0008522775
6.1980734,38.17794,0.0024408628,0.000224241,0.0011585016
7.2398105,38.123962,0.0007169226,7.760516e-05,0.0005571551
6.9234886,38.0134,0.0010670538,9.329447e-05,0.00077737914
7.2512693,37.880085,0.0011138269,0.00019200168,0.00073280977
6.934948,37.769524,0.0017642459,0.00017015007,0.0007248719
7.2627287,37.636208,0.0016758023,0.0004353841,0.00059941574
7.0988107,38.300407,0.00043414277,0.00012997298,0.00051976205
8.735597,37.785393,0.00040797167,0.00038478983,0.00063989125
8.526455,37.835636,0.0005122663,0.00033593926,0.0007009504
8.317313,37.88588,0.0005681282,0.00026571445,0.0006223966
8.6093235,37.585888,0.0007396552,0.00023912429,0.0005431776
8.400182,37.63613,0.00063502253,0.0002494558,0.000626663
8.483051,37.386383,0.00089522335,0.00020046969,0.0005445604
8.185537,37.42522,0.0006816557,9.613947e-05,0.00044245133
8.102668,37.674965,0.00068440964,2.389506e-05,0.00062969397
7.8880234,37.464054,0.00071848044,0.00017309096,0.00047947397
9.016615,37.8087,6.9589354e-05,0.00022619579,0.0001612166
9.171361,37.632504,0.00031296676,0.00010878383,0.00018258952
9.213886,37.90933,0.0005195723,0.00032060652,4.8965216e-05
8.890343,37.609196,0.0006907983,0.00029760573,0.00069089024
8.76407,37.40969,0.0010436331,0.00018397486,0.00058790785
9.045089,37.433,0.0009801502,6.968487e-05,0.00044114096
7.954517,36.817905,0.00067979016,6.154328e-05,0.00014681811
8.130695,37.007397,0.000648567,1.2900768e-05,8.442206e-05
8.306873,37.19689,0.0007604649,6.869028e-05,0.00037092692
7.833181,37.046234,0.0006279192,0.00017986928,0.00010369485
8.009359,37.235725,0.00071654073,4.7556998e-05,0.00022278144
7.711845,37.274563,0.0010174897,0.00023535508,0.00031399564
4.186655,38.584507,0.0023852612,0.001423061,0.0004585937
4.2119036,38.181717,0.0020547444,0.0009420681,0.00035076658
4.237152,37.778927,0.0012037035,0.00059418334,0.00083536387
4.5928144,38.498123,0.0024072165,0.0011386907,0.00022248621
4.6180634,38.095333,0.0015088874,0.00056951656,0.00026612252
4.9989743,38.41174,0.0023610285,0.00062554376,8.8638626e-05
3.9214404,38.497574,0.002231828,0.0012780132,0.00043239677
3.6562257,38.410637,0.0019479496,0.0011265473,0.00044529152
3.946689,38.09478,0.0019959356,0.00083184475,0.00035155448
3.6854568,37.429924,0.0012885018,0.0009743524,0.0020139688
3.9613044,37.604424,0.0014111878,0.0007581054,0.0014039547
3.5861523,37.65413,0.0013323156,0.0008873949,0.0014060356
3.862,37.82863,0.0017352143,0.00076186407,0.00085580593
3.4868476,37.878334,0.0013398464,0.0007873901,0.0010126558
3.5715368,38.144485,0.0015095691,0.000777205,0.0005427173
5.493349,37.52784,0.0009352071,7.816027e-05,0.0005246559
5.455528,37.92794,0.0015796372,0.000121979225,0.00039215165
5.4177065,38.32804,0.0021417069,0.00015099942,0.0004096208
5.074617,37.611534,7.2509225e-05,0.00017741488,0.0011397724
5.0367956,38.011635,0.0011188585,0.000105408355,6.5562315e-05
4.6558847,37.69523,0.0006168947,0.00027089566,0.0009657836
5.864622,37.65284,0.0020719068,0.00010095183,0.0004281468
6.2358947,37.77784,0.0024871328,0.00016771063,0.0010949627
5.826801,38.05294,0.0024733553,0.0002580333,0.0009795574
2.8643565,37.152718,0.001795454,0.0012385799,0.0020223034
2.639934,37.061558,0.002366681,0.0011465905,0.0015778998
2.4155116,36.970398,0.002910486,0.0011641383,0.0011840027
2.9187815,36.89671,0.0017565683,0.0012839125,0.0018864181
2.694359,36.80555,0.0022719544,0.0012955753,0.0015073733
2.9732065,36.6407,0.0014338975,0.0011202267,0.0015217818
3.2641416,37.050514,0.0013748365,0.001272466,0.0022242076
3.064249,37.101616,0.0015099493,0.0012938294,0.0021683495
3.118674,36.845608,0.0015672432,0.0012419522,0.0019903686
3.5695508,37.070248,0.0012606657,0.0011591215,0.0022152718
3.4240832,36.86534,0.0011448688,0.001116977,0.0020955773
3.2786157,36.660435,0.0013212024,0.0010352368,0.0017227879
3.7294927,36.885075,0.0008888034,0.00086371857,0.0020211064
3.5840251,36.680164,0.00071756146,0.0007393452,0.0016306927
3.8894343,36.699898,0.0007806681,0.00068797235,0.0017963736
3.8453984,37.244747,0.0008838744,0.0009830293,0.0021812213
4.00534,37.059574,0.0006881523,0.000855786,0.0023292536
4.1212463,37.41925,0.00054753653,0.00076984137,0.0018710595
2.1317706,36.72754,0.0044526695,0.0010948991,0.00038916964
1.8107922,36.662827,0.0064904736,0.0007100416,0.0008529646
2.126877,36.31983,0.0049955095,0.0008135197,0.0005131306
2.6894655,36.397842,0.0022076182,0.00095295045,0.0007839032
2.410618,36.56269,0.003366046,0.0011512055,0.00066773145
2.4057245,36.154984,0.0036633378,0.00068672467,0.00030355816
7.4313593,37.235474,0.0014884279,0.00039996888,0.00036567682
7.1035786,37.36879,0.0022177368,0.00044650302,0.00048555806
6.775798,37.50211,0.0024248958,0.00024262723,0.0006897624
7.272209,36.96806,0.0016896479,0.000289682,0.00022172835
6.9444284,37.101376,0.0021983548,0.0003442277,0.00025236956
7.113059,36.700645,0.0018269289,4.2634234e-05,1.5043886e-05
7.674031,36.77882,0.00084667525,6.6522174e-05,1.4531659e-05
7.552695,37.007145,0.001398145,0.0002822997,0.0001054781
7.393545,36.73973,0.0015719138,0.0001499329,2.670032e-05
6.1432843,36.79898,0.0010098272,7.078613e-05,0.0009566591
6.4665422,36.7662,0.0014140978,5.397115e-05,0.0005710225
6.7898006,36.73342,0.0017817249,3.413438e-05,0.00026306347
6.2979116,37.16693,0.0019703642,0.000101126636,0.00022690697
6.62117,37.134155,0.0022835473,0.0002773209,3.3087097e-05
6.4525394,37.534885,0.0023970513,3.7198286e-05,0.000676117
5.7099943,37.284885,0.00096149044,1.26000705e-05,0.0008644853
5.926639,37.04193,0.0008472437,8.479559e-05,0.0010277238
6.081267,37.409885,0.002105691,1.3593775e-05,0.00024709187
9.81252,37.297577,0.00019985624,0.0001790236,0.00064734276
9.539433,37.224537,0.00055363635,0.00012815825,9.713345e-05
9.752758,36.99277,0.0005453611,0.00019624666,0.00030332175
10.432796,36.44113,0.00015406264,9.120267e-06,0.0004772311
10.516331,36.68796,0.0012281328,9.118684e-05,0.0012559276
10.19944,36.601067,5.335128e-05,5.3727766e-05,0.0006154233
11.125719,35.975292,0.0010115048,0.00018476526,0.00042078365
11.19525,36.1908,0.0015052119,8.042564e-05,0.00085040834
10.895935,36.128242,0.0005615209,9.966007e-05,0.00032768166
9.176317,37.121666,0.0014050631,0.00012346217,0.0002991748
9.026527,36.78703,0.002047595,0.00020433468,0.0003640568
8.876737,36.452393,0.0022970042,0.00024221296,0.0003537112
9.389643,36.8899,0.0013945387,0.00022184412,0.00010165246
9.239853,36.555264,0.0020576378,0.00024738535,0.00025401497
9.602968,36.658134,0.0011562551,0.00022863387,0.00012670341
8.61428,37.075054,0.0013238844,1.9829022e-05,0.00040537002
8.745508,36.76372,0.0017955967,0.000117705174,0.00028010807
8.895298,37.098362,0.0015913243,4.5762106e-05,0.00043467805
8.261924,36.696068,0.0008477197,1.834851e-05,2.0232983e-05
8.56933,36.57423,0.0017154419,0.00010025763,0.0002874881
8.438102,36.88556,0.0010987174,5.6512654e-06,0.00012481958
7.9026313,36.514034,0.0006088227,5.4623088e-05,0.00016446738
7.850745,36.210167,0.00063119363,0.00018390012,0.00016786647
7.7988596,35.906296,0.0008657096,0.00016245089,0.00023048697
8.210038,36.392197,0.0009115649,2.6433845e-06,3.6683166e-05
8.158152,36.08833,0.00088922156,2.169171e-05,0.00021564169
8.517445,36.27036,0.0016099848,0.00015904321,0.0001006017
7.622145,36.47495,0.0009314851,9.638778e-05,9.47793e-05
7.341659,36.43586,0.0013412728,0.00015515325,1.7078593e-05
7.5702596,36.171078,0.0010202217,0.00018427604,0.00014139991
10.7353735,35.540413,1.1053402e-05,3.6048994e-05,0.0004158169
10.942083,35.634388,0.00030958792,0.00011535472,0.0003183682
11.148793,35.728363,0.0005969261,8.3106395e-05,0.00046172622
10.712299,35.78734,0.00016503176,0.00020836835,0.00010035187
10.919009,35.881317,0.0002933452,0.00013805588,0.0002718703
10.689225,36.034267,0.0002755965,0.00013483735,0.0002635494
11.697981,35.557556,0.0015170882,7.891189e-05,0.0010183621
11.770319,35.785885,0.0021494166,0.0001350342,0.0009321482
11.526742,35.68995,0.0014542877,5.9157144e-05,0.00082800444
11.31114,35.289803,0.00045734458,0.00012856722,0.0006919098
11.497167,35.334923,0.00080949627,0.00024594564,0.00097209984
11.683193,35.380043,0.001056876,0.00017241226,0.0008681924
11.325928,35.467316,0.0006661583,0.00013112929,0.0008005807
11.511954,35.512436,0.0010051201,1.5672413e-05,0.00065406645
11.340715,35.64483,0.0009169732,0.000105423795,0.00047976198
11.119218,35.37334,0.0003024931,5.639158e-07,0.00048395246
11.134006,35.550854,0.00045101484,1.8289546e-05,0.0005444377
10.927296,35.456875,0.00014969613,1.2752891e-05,0.0004894957
5.352923,37.148125,0.00074376113,0.00016803587,0.001984161
4.9341908,37.23182,0.0011187919,0.00016437507,0.0023151473
4.515458,37.315517,0.000113269285,0.00042787357,0.002131803
5.2124968,36.76841,0.0015295455,0.00014023183,0.0024099594
4.7937646,36.852104,0.0013848455,8.916322e-05,0.0026841261
5.0720706,36.388695,0.0015940112,0.00045169194,0.0019781012
5.786213,36.66222,7.714446e-05,0.00034110638,0.001370191
5.569568,36.90517,0.0004191381,0.00012479474,0.0018253342
5.4291415,36.525455,0.0012126646,0.00023569386,0.0020147965
4.2836466,36.596165,0.00021363655,0.00014337042,0.0018093532
4.6778584,36.49243,0.0014181562,0.00036474728,0.0018646112
4.3995523,36.95584,0.0004592945,0.00044333108,0.0024084337
3.1952772,36.230217,0.0009366801,0.0005845043,0.0009266813
2.9115365,35.98736,0.0012492278,0.00042173633,0.00036442745
2.6277955,35.7445,0.002347566,0.00020923797,0.00045793562
3.4173481,35.819736,0.00017964956,5.4012635e-05,0.00038958836
3.1336071,35.576878,0.0004278964,4.061457e-05,0.00012473884
3.639419,35.409252,0.00028085383,0.00024892343,0.00028327585
3.8060958,36.269684,0.0005735499,0.00021542213,0.0008679003
3.5006866,36.24995,0.00042160694,0.00030731736,0.0007689849
3.7227576,35.83947,0.00017531659,6.558775e-05,0.00046340475
4.200308,36.16595,0.000210125,0.00034897763,0.00077226874
4.1169696,35.735733,0.00042216748,0.00069210795,0.00038320402
4.59452,36.062214,0.00096726324,0.000744764,0.0009992231
2.1066384,35.429092,0.0046761166,0.00017162529,0.0018380901
1.7197245,35.309116,0.005903256,0.00042431356,0.0024285414
2.0912933,34.946056,0.0039027848,0.0004896749,0.0017666861
2.6124504,35.261467,0.0021446308,0.00019539273,0.00079331675
2.5971053,34.778435,0.0015217531,0.000483403,0.0005864025
3.118262,35.09384,0.00031679287,0.0002883119,0.00015280928
6.2391143,36.357613,0.00039965415,0.00055102876,0.00068019575
6.3349447,35.916245,0.00020680064,0.0008026303,0.00014827843
6.4307747,35.474876,0.00030849164,0.0008869286,0.00029838586
6.5623727,36.324833,0.0008167599,0.00045097378,0.0004185749
6.6582026,35.883465,0.0005853293,0.0006932543,7.5059943e-06
6.885631,36.292053,0.0013145467,0.00040122026,6.0343184e-05
7.114231,36.02727,0.0012377535,0.0004209693,9.239162e-05
6.886803,35.618683,0.0010950356,0.0006304615,0.00039226352
7.342831,35.76249,0.001219454,0.0003886991,0.00012314855
5.8820434,36.22085,0.00058351277,0.0006316265,0.001072195
5.524972,36.08409,0.0011582724,0.0008828484,0.0008287188
5.9778733,35.779484,0.0006822238,0.0009582468,0.00034499448
10.399228,36.080475,5.3082593e-05,0.00020441308,0.00013758149
10.165873,36.24041,0.00014547259,0.00016002677,0.0002120845
9.932516,36.400345,0.00051812315,6.712682e-06,0.000257693
10.132305,35.87975,0.00013045082,0.0003400895,2.7416507e-05
9.898949,36.03969,0.0004898559,0.00024174587,1.2647128e-05
9.865381,35.679028,0.00056557264,0.0003362395,3.6473386e-05
10.445376,35.586617,9.4263814e-05,0.0002171789,0.00015067915
10.422302,35.833546,4.39696e-05,0.00018242304,0.00022493396
10.155379,35.632824,0.00025055348,0.00020231484,0.00024456857
9.569401,36.297474,0.001290994,6.1491795e-05,1.8402934e-05
9.206285,36.194603,0.0022407826,0.00016737345,0.00032235798
9.535833,35.936817,0.0012435473,0.00018345087,0.00017579529
10.370044,35.0308,0.0005520033,5.6841236e-05,0.00017505465
10.49182,35.20067,0.0003385027,2.173835e-05,0.00030070404
10.613597,35.37054,0.00016690325,8.093275e-05,0.00025332486
10.201823,35.246876,0.00057851174,0.00014929016,7.795659e-05
10.3236,35.416748,0.00029963185,8.731685e-05,0.00028619939
10.033603,35.46295,0.0004981982,0.00033905558,2.9349467e-05
9.4909115,35.520184,0.0010704596,0.00033147223,0.00015024794
9.161364,35.777973,0.0019215883,3.351012e-05,0.00029023946
8.831815,36.03576,0.0022841757,0.00021945505,0.00030329102
9.116441,35.36134,0.0013431255,0.0002498291,0.00015688618
8.786893,35.619125,0.0018108571,0.00014022322,4.5888126e-05
8.741971,35.20249,0.0012462952,7.5075106e-05,2.7994858e-05
8.11323,35.671696,0.0010990099,6.8301175e-05,0.00031709415
8.427601,35.437096,0.0014221047,0.0001944953,0.00026471308
8.472523,35.85373,0.0015026694,0.00017849484,9.0234214e-05
7.6674805,34.800606,0.0014719361,5.8239268e-05,2.3160479e-05
8.025644,34.934566,0.0014361835,0.00010624233,0.00017027871
8.383807,35.06853,0.0012748188,4.3304106e-05,0.00017217186
7.7112737,35.16917,0.0014802091,4.4148568e-05,0.00015145738
8.069437,35.30313,0.0013998554,0.00014375824,0.00029712555
7.7550664,35.537735,0.0011916732,7.5720876e-05,0.00021664682
7.255245,35.025364,0.0015803496,0.00017451913,0.00032288476
7.2990384,35.393925,0.0013596988,0.00030331186,0.00024004071
6.84301,35.25012,0.0011583599,0.00055400096,0.0005187259
11.1897745,35.145824,0.00027112383,0.00027331087,0.00074707484
10.997852,35.229362,7.817708e-05,0.00015223981,0.00058418186
10.80593,35.312897,3.6186073e-05,3.5404984e-05,0.00042546447
11.068408,35.00185,6.6167675e-05,0.0001795988,0.00047273072
10.876486,35.085384,0.00016128737,0.00011875568,0.00040676375
10.947042,34.857872,0.00012095552,0.00030020217,0.00044660247
10.562376,34.973156,0.00053667394,6.906799e-05,0.00015869038
10.754709,34.915512,0.00032463204,0.00018550397,0.00030403235
10.684154,35.14303,0.00016143592,0.000155758,0.00046845665
12.021764,35.23914,0.0017322325,0.00021639932,0.0013039615
12.174309,35.053116,0.0018793368,0.00019555027,0.0013253861
12.240745,35.328617,0.0027611996,8.331495e-05,0.0016460777
11.782619,35.206116,0.0010155542,0.00022089004,0.0009038048
11.696021,34.98707,0.0006559724,0.00027210906,0.0008205059
11.609422,34.768017,0.0004954478,0.00035323587,0.00078495103
11.935164,35.020092,0.001121996,0.00024816312,0.0009956402
11.848566,34.80104,0.0009186892,0.0003135025,0.0010049464
12.087709,34.834064,0.0013531097,0.00024892914,0.0011708539
11.410567,35.115875,0.00038355822,0.00018807908,0.000678211
11.5099945,34.941948,0.0003904584,0.00031413522,0.00075149606
11.596594,35.160995,0.00076842634,0.00026948226,0.00094535574
11.289202,34.971897,0.00023932429,0.00032484927,0.00071712094
11.167835,34.82792,0.0001454386,0.00023872539,0.00042409892
11.388628,34.79797,0.00019304594,0.0003044429,0.0006245214
4.1356826,35.120667,0.0013233343,0.0010495587,3.9061793e-05
4.6319466,34.83208,0.0011529787,0.0011548058,0.00017298784
5.12821,34.543495,0.00066672824,0.0010857764,0.00046415554
4.613233,35.447147,0.0008849611,0.0010529537,0.0002675309
5.109497,35.15856,0.0006067313,0.0010940668,0.00018808566
5.0907836,35.77363,0.0012685454,0.0010250716,0.0006057888
5.9965863,35.164413,0.00016549556,0.001068036,0.00043227634
5.543685,35.46902,0.0009955833,0.0011713689,5.9834565e-06
5.5623984,34.853954,0.0004171857,0.0010929594,0.0005100999
3.6506188,33.613445,0.0026471934,0.0010537549,0.0008173131
3.6468854,34.212048,0.0022525927,0.0009308376,0.00066273473
3.6431522,34.81065,0.0013132519,0.0006858565,0.00024190961
3.1257286,33.89664,0.0013094251,0.0009636488,0.00017811294
3.1219954,34.495243,0.00045068818,0.000673749,4.3819018e-05
2.6008384,34.179832,0.00077994564,0.0006191423,0.00044096372
4.6356797,34.23348,0.0018903007,0.0010676458,0.0002423746
4.1394157,34.522064,0.002047542,0.0010718385,0.0003049098
4.1431494,33.923462,0.002888167,0.0010792739,0.000885736
2.1061075,33.88475,0.0029634035,0.00074888807,0.00201783
1.662228,33.660183,0.004103554,0.00083502365,0.0029419947
2.1362667,33.306477,0.0018211277,0.0004755793,0.0012243639
2.661157,33.023285,0.0006320388,0.000637439,8.92799e-05
3.1558878,33.318367,0.0021326183,0.0009459009,0.00061693194
2.6309977,33.60156,8.6834654e-05,0.00065800967,0.00038698944
6.5456195,34.873512,0.0011234786,0.00055811286,0.0006480033
6.111431,34.563053,0.0006055366,0.00072733767,0.0007834097
5.677243,34.25259,0.0004822265,0.0008529582,0.0007812822
6.6604643,34.27215,0.0019014475,0.00031989702,0.0011744235
6.226276,33.96169,0.0016519553,0.00044923916,0.0010479189
6.775309,33.670784,0.0022229992,0.00018139146,0.0012439212
7.37009,34.424,0.0018175864,1.7144863e-05,0.000676359
6.9578547,34.648754,0.0019221972,0.00026165045,0.000871165
7.0726995,34.047394,0.0023295784,0.00013387411,0.0014461828
9.677385,34.587376,0.0006916006,0.000113272894,0.00014932314
9.740051,34.95126,0.00079363654,0.00021765324,7.6224096e-05
9.802716,35.315144,0.0008058115,0.00031271047,5.8560167e-05
9.365581,34.792416,0.0006946884,0.00035550166,0.0001758323
9.4282465,35.1563,0.00096199394,0.00040813215,0.00016592792
9.053776,34.997456,0.0009004853,0.0003876643,0.00015407475
10.139157,34.88299,0.0008300184,8.415792e-05,7.72262e-05
9.970937,35.099068,0.00077688415,0.00022057042,3.8697384e-05
9.908272,34.735184,0.00080651324,0.00010342142,0.00012067985
10.403185,34.839054,0.0005730984,0.00013197743,0.00013166829
10.436325,34.647305,0.00068154675,0.00010945328,3.3731805e-05
10.469466,34.45556,0.00065451115,0.00018227147,5.491008e-05
10.595517,34.78141,0.0004639323,0.00021324412,0.0001854815
10.628658,34.589664,0.000524919,0.00023728085,8.305162e-05
10.78785,34.723766,0.0005526929,0.00017481064,0.00010639615
10.205439,34.4995,0.0006907601,0.00010892685,7.8994315e-05
10.172298,34.691246,0.0007353071,9.662181e-05,1.9667204e-05
9.941412,34.543438,0.00079165015,0.00011527422,0.0002139518
9.307089,34.32158,0.00074976415,0.00024036433,0.00037981838
8.995284,34.52662,0.00076458196,0.00044640497,0.00037453976
8.683479,34.731655,0.0009615261,0.00026845696,0.00019162009
8.936793,34.055782,0.001304729,0.00032527995,0.00083780003
8.624989,34.26082,0.0009490141,0.00039544102,0.00051919604
8.566497,33.78998,0.0011050573,0.00033703964,0.0010654194
7.9671526,34.46373,0.0011016763,2.4894689e-05,0.00017708063
8.266825,34.126858,0.0010713113,0.00022802118,0.0005656455
8.325316,34.597694,0.0011315416,0.000134445,0.00011451973
7.669762,34.087124,0.0012412879,3.419433e-05,0.0007866556
7.3723717,33.710518,0.0015932783,6.215254e-05,0.0013224175
7.9694343,33.75025,0.00032848795,0.00016228124,0.0009551137
12.524996,34.634293,0.0019798111,0.00013989164,0.0013514892
12.723137,34.401497,0.0021341038,8.4861415e-05,0.0013600723
12.769303,34.719414,0.0030178647,7.980899e-05,0.0018649702
10.999196,34.587345,0.0003937967,0.00027007522,0.00019052974
11.05135,34.316822,0.00033246656,0.00038160535,0.00016333722
11.103503,34.0463,0.00023687514,0.0003745475,7.189135e-05
11.219989,34.557396,0.00011892198,0.00036297768,0.00037716306
11.272142,34.286873,0.00024344539,0.00030227687,0.00017877738
11.440783,34.527447,2.7257483e-05,0.00030957715,0.00042178459
10.680812,34.31914,0.0006423041,0.00020612066,0.0001070695
10.892158,34.18272,0.00048285187,0.00027822016,3.0162511e-05
10.840004,34.453243,0.00041471072,0.00035026454,0.00014236826
12.209594,34.586212,0.0012128549,0.00017695955,0.0010043795
12.092334,34.30533,0.0007655695,0.00019592722,0.0007291415
11.975075,34.02445,0.00050109345,0.00020891603,0.0004590426
12.407736,34.353413,0.0014038864,0.00014767039,0.0010256392
12.290476,34.072533,0.0010268884,0.00014001643,0.00073049264
12.605878,34.120617,0.0016859462,8.0223545e-05,0.0010590313
11.731306,34.52016,0.00043802662,0.0003118465,0.0006514739
11.85319,34.272305,0.00054622674,0.00028876308,0.00062447507
11.970449,34.553185,0.0009193332,0.0002819535,0.00092425314
11.68455,34.031734,0.00015075319,0.00024688244,0.00027048937
11.562667,34.27959,0.00017760135,0.00035931135,0.0004393463
11.394027,34.039017,7.005269e-05,0.00033147715,0.00015859795
13.441048,33.980675,0.002312956,3.4493976e-05,0.001491107
13.144727,33.907375,0.0019190754,2.3023924e-05,0.001144418
13.368175,33.646046,0.0015998338,0.00034126732,0.0013604343
14.20308,33.22275,0.002846724,9.26943e-05,0.0016003652
13.861291,33.162167,0.0018686336,0.00035295216,0.0011502032
14.1309595,32.939613,0.002174147,6.1575556e-05,0.00096864905
4.161722,33.321587,0.0029301813,0.0008192576,0.001315021
4.6728253,33.029728,0.002675977,0.00047706417,0.0016815539
5.1839285,32.737865,0.0019720572,0.00014170987,0.0017005375
4.6542525,33.631603,0.0025070903,0.00085756776,0.0010262786
5.1653557,33.33974,0.0017206597,0.00056504563,0.001083915
5.146783,33.941616,0.0011707051,0.000980264,0.00015321601
5.714389,33.04884,0.0001873686,0.00019624367,0.0004545829
6.2448487,33.359814,0.0017565456,9.231258e-05,0.00050629315
5.695816,33.650715,0.00035883952,0.00044813298,8.068583e-05
2.6800668,32.420692,0.0014935725,0.0006414643,0.00067596335
3.1937077,32.113186,0.002384529,0.00017680097,0.0015149026
3.7073483,31.805676,0.0025127348,0.00014527654,0.0019346597
3.1747978,32.715775,0.0024840836,0.0006247897,0.0012137092
3.6884384,32.408264,0.0025758334,0.00027484295,0.0018729734
3.6695285,33.010857,0.0026372382,0.0007806994,0.0012930348
4.6917353,32.427135,0.002603784,6.001495e-05,0.002248937
4.180632,32.718998,0.0026705477,0.000363386,0.001884074
4.199542,32.116405,0.0025518055,0.0001278774,0.0022309157
1.6622523,31.808651,0.0025010929,0.00016522908,0.0018318265
2.188374,31.480036,0.00035228138,0.0002363833,0.00027477078
2.1774,32.10412,0.0004874703,0.00027112832,0.0006354747
3.2046816,31.489101,0.00229101,3.4064637e-05,0.001265055
2.6910408,31.79661,0.0015487543,0.00033638845,0.0006825456
2.702015,31.172527,0.0015244121,0.00023687119,0.00043933012
7.8570976,32.498894,0.0006382582,0.00021025288,0.00010004151
8.093564,32.929256,0.00072581344,0.00014454268,0.00019803678
8.33003,33.35962,0.00032577594,0.00027306352,0.0009972353
7.4965014,32.889523,0.00051250216,0.0002268239,0.000553023
7.732968,33.31989,0.00010190136,0.000183916,0.00079657335
7.1359053,33.280155,0.0015719244,4.6432397e-05,0.0010940675
6.5931735,31.849783,0.00011780718,0.0001998157,0.00066206744
6.6538854,32.456783,0.0011208407,0.00016410407,0.00035976258
6.714597,33.063786,0.0017784075,8.80938e-05,0.0007582725
6.1234255,32.14581,0.00068586925,0.00026543014,0.00089228136
6.184137,32.75281,0.0007267231,0.00018637194,3.5436824e-06
5.653677,32.441837,0.0011090399,1.2901903e-05,0.0012725724
7.4357896,32.282524,0.0003768769,0.000280697,0.00021213654
7.0751934,32.673153,0.0014347588,0.00014867811,0.0007837474
7.0144815,32.06615,0.0010726484,0.00026041287,0.00017337012
10.361884,34.137497,0.00055660284,0.00010509865,0.00016640779
10.254302,33.81943,0.00040735852,6.422715e-05,0.00023844454
10.14672,33.501366,0.00031212345,7.248914e-05,0.00053829723
10.57323,34.001076,0.0004821245,0.00019831368,0.0001378071
10.465648,33.68301,0.00025552872,0.0001138275,0.00029828527
10.784575,33.864655,0.00032739108,0.00024379254,0.00013245246
9.83383,34.225372,0.00069532904,4.1616207e-05,0.00024860492
9.463534,33.959576,0.0009299777,1.2516e-05,0.0004611374
9.093238,33.69378,0.0012957881,8.2207545e-05,0.00091947254
9.990275,33.86337,0.00032787037,5.92242e-05,0.00016494945
9.619979,33.597572,0.00090636837,5.6318473e-05,0.00067226443
10.097857,34.181435,0.0005546933,0.0001501847,7.431139e-05
9.073307,32.307762,0.00040217093,0.00054463034,0.00096361106
9.431111,32.70563,0.0015036615,0.00045643156,0.0016596122
9.788916,33.1035,0.0009591213,0.0003060861,0.0013073067
8.90437,32.801834,0.001562559,0.00019584263,0.0012774833
9.262175,33.199703,0.0020461744,0.00014549508,0.0015996043
8.735434,33.29591,0.0019083864,2.9044131e-05,0.0014715919
8.262501,32.43518,0.0008803094,0.00023324943,0.00017031096
8.667904,32.37147,0.00010476587,0.00020472174,0.00036584746
8.498967,32.865547,0.0004406816,6.2434556e-05,0.00063558377
12.786226,33.839237,0.0014106194,3.3480814e-05,0.00082962075
12.651174,33.509773,0.0010670554,0.00021303457,0.00064982567
12.516121,33.18031,0.00036783842,0.0001937577,6.655161e-05
13.009674,33.57791,0.0013316735,0.00028624665,0.0010065816
12.874621,33.248444,0.00069447607,0.00039093837,0.0004831131
13.233122,33.31658,0.0011176318,0.0005606845,0.0009515595
12.155423,33.74307,0.0007667402,0.00016064604,0.0004134227
12.335772,33.46169,0.0006297529,0.000119691715,0.0002527847
12.470824,33.791153,0.0011288528,8.513534e-05,0.00066678924
11.773957,33.72113,0.00037138164,0.0002424331,0.00015842495
11.57284,33.417812,0.00029984745,0.00015628984,0.00015341723
11.371723,33.11449,0.00045393943,0.00012704817,0.0003980957
11.954306,33.43975,0.0005223239,0.00017221947,6.2130624e-05
11.753189,33.13643,0.0005106698,8.91246e-05,0.00023159687
12.134655,33.15837,0.00054194825,0.00014481816,5.4850476e-05
11.19291,33.735695,0.000119607896,0.0002054951,0.00011890149
11.282316,33.425095,0.00023946259,0.00024637097,0.00022752513
11.483434,33.728413,0.00012515672,0.00026616117,1.8971274e-05
10.873982,33.554054,5.719997e-05,0.00016801682,0.0003047525
10.555055,33.37241,9.39524e-05,8.039729e-06,0.0005949298
10.963388,33.24345,0.00023932662,0.00015381107,0.00048520998
14.892806,32.38216,0.0019068522,0.00030074222,0.00010279333
14.946932,32.603474,0.0017139255,0.00015363586,0.00060759345
14.646717,32.54961,0.0016460535,0.0001575104,0.00037619704
15.479321,31.999302,0.0014850926,0.00058859313,0.0004551236
15.540224,32.16523,0.001873984,0.0005842483,9.1260765e-05
15.309108,32.107006,0.0019158716,0.000575609,0.00028101634
13.48689,33.0188,0.0009966027,0.0005263715,0.0005982369
13.382158,32.65288,0.000615519,0.0003448116,0.00019003381
13.277426,32.28696,0.0004898887,8.083531e-05,0.0008014343
13.756558,32.796246,0.0014938605,0.00022920035,0.00041545765
13.651827,32.43033,0.0011571706,3.1188014e-05,0.0002955934
14.026227,32.573692,0.0017995457,5.2350224e-05,0.00025577145
13.128389,32.950665,0.00039181253,0.0005172477,0.00016514072
12.769889,32.882526,0.000102668535,0.00035735138,0.00016611465
13.023658,32.584743,0.000103584025,0.00034449087,0.000513918
14.376654,32.4191,0.0020894753,0.00024399941,0.00014010072
14.35268,32.121147,0.0017646551,0.0003397551,0.000399675
14.328706,31.82319,0.0017433804,0.00030818058,0.0005325717
14.622743,32.251656,0.00193477,0.0003493214,0.0002030672
14.598768,31.953697,0.0014055781,0.00033642305,0.0006045508
14.868832,32.084206,0.0016004303,0.00039915438,0.00044796988
13.978279,31.97778,0.0017073341,0.00031631172,0.0005903607
14.002254,32.275738,0.0019010045,0.00022022775,0.00022776541
13.627852,32.13237,0.0011466006,0.00019794784,0.00070362026
4.221201,31.518461,0.002780956,3.8415892e-05,0.0018018602
4.735054,31.231245,0.0027117096,0.00022163856,0.0013222746
5.2489066,30.94403,0.001969384,0.00019506438,0.00080085814
4.7133946,31.829191,0.0023538717,0.00013065909,0.0021834853
5.227247,31.541977,0.0023290857,0.00012688324,0.0015506864
5.205588,32.13992,0.0023655975,4.3212727e-05,0.0021842
6.1450844,31.547865,0.00137325,0.00027018719,0.001284657
5.6753364,31.843893,0.0018309064,0.00014743194,0.0016156659
5.6969957,31.245949,0.0011597835,0.0002128621,0.00085596094
2.7289739,30.566637,0.0016299959,0.00020029637,0.000603486
3.2585995,30.27732,0.002983111,0.00027949575,0.0013742456
3.7882254,29.988007,0.004414964,0.000505643,0.0018142153
3.2316406,30.883211,0.0026105375,0.00016247583,0.0011740234
3.7612665,30.593895,0.0037318196,0.0002816447,0.0015168663
3.7343075,31.199785,0.0029972235,8.558563e-06,0.0013805247
4.762013,30.625357,0.003128239,0.00023741231,0.0010584998
4.24816,30.91257,0.0034528084,0.00030758235,0.0014638216
4.2751193,30.30668,0.00429261,0.00043760345,0.0017543167
2.2261486,30.234407,0.0008865887,0.00012760673,0.00018745911
1.6977617,29.912281,0.002464377,9.457995e-05,0.001600588
2.2529492,29.612862,0.00061333546,2.172021e-05,0.00016008789
3.2854002,29.655777,0.0030522207,0.0004294247,0.0012805697
2.7557745,29.945091,0.0016513704,0.00016507,0.0006856283
2.7825751,29.323547,0.0018013201,0.00019745062,0.00072327646
7.9217887,32.048683,0.0008274233,0.00030709378,0.00039035972
7.5004807,31.832312,0.0001571821,0.00039701714,0.0003753719
7.0791726,31.615942,0.00034266664,0.00031803062,0.00053607905
7.9864798,31.598473,0.0011767191,0.00036691775,0.0007019163
7.5651717,31.382101,0.0008004382,0.00046024745,0.0008181067
8.05117,31.148262,0.001658204,0.00040417485,0.0009016724
8.327192,31.984972,0.00097227376,0.00021726519,0.00022365566
8.391883,31.534761,0.0014756434,0.0003929283,0.00046062307
8.732595,31.92126,0.0009882462,0.0004157452,0.00013383571
6.6713114,31.266113,0.00059290463,0.00031786697,0.0007408201
6.2232223,30.964195,0.0006930246,9.382379e-05,0.00049134984
5.7751336,30.66228,0.0009828727,2.5924644e-05,0.00026372785
6.7494493,30.682444,1.8830877e-05,0.0001858841,0.00013191625
6.3013606,30.380527,0.00021546101,1.2997771e-05,0.00032695103
6.827587,30.098776,0.00018164748,0.00027389417,0.0009101038
7.6433096,30.798433,0.0012876289,0.0004575857,0.00061356206
7.1573105,31.032272,0.00038623437,0.0004260454,0.00047527393
7.2354484,30.448605,0.000516179,0.00038879007,0.00024356553
9.301704,31.054893,0.0008503557,0.00042355157,6.996107e-05
9.225572,31.472515,0.00080415374,0.0005565327,0.0002671912
9.14944,31.890139,0.00045279087,0.000703634,0.0006855749
8.88486,31.086016,0.0018199245,0.00046426582,0.0005785575
8.808727,31.50364,0.0016083433,0.0005753534,0.0001374277
8.468015,31.11714,0.0018693265,0.00048453876,0.00087975303
11.0867,32.69405,0.00065131346,0.000121382705,0.00074042694
10.678366,32.82301,4.592439e-05,4.399009e-05,0.0011153093
10.270032,32.95197,0.00013286575,0.000117516465,0.001130288
10.801678,32.27361,0.0003846475,1.6904349e-05,0.0011874158
10.393343,32.40257,0.00055516744,6.197917e-05,0.0013813134
10.516655,31.85317,0.00037660403,6.767799e-05,0.0010896634
9.554423,32.15623,0.0008145715,0.0006211389,0.0013635448
10.035539,32.0047,0.0013842792,0.0003458135,0.0018590081
9.912228,32.5541,0.0010406298,0.000507377,0.0020135313
9.706688,31.320986,0.0008803271,0.00026264598,0.0009109302
10.111671,31.587078,0.0014933618,6.625615e-05,0.0013742918
9.630555,31.73861,0.00086217397,0.00051011913,0.001296248
12.330613,32.82105,0.0005718237,0.00022733281,0.00022833492
12.145106,32.461784,0.00082493806,9.004533e-05,0.00052163796
11.9595995,32.102524,0.001441791,4.7784823e-05,0.0006187672
12.584382,32.523266,0.00044653798,0.0002578171,0.000526838
12.398875,32.164005,0.0009252406,8.316635e-05,0.0006808386
12.83815,32.225483,0.00029529445,0.00013346004,0.0008913276
11.567682,32.77717,0.00077115535,9.948597e-05,0.00048093707
11.76364,32.439846,0.0011601828,8.8294386e-05,0.0005129629
11.949148,32.799107,0.00068382267,8.72917e-05,0.00034756982
11.478618,32.019405,0.0014384605,7.09531e-05,0.0006543055
11.28266,32.356728,0.0009477192,3.5533856e-05,0.0008118512
10.997637,31.936289,0.0009011659,5.2960648e-05,0.00068196614
15.475689,31.774902,0.001079415,0.00039239402,0.0004333353
15.305476,31.882607,0.0011975691,0.00045832724,0.0005442675
15.1352625,31.990313,0.0013398193,0.00044001848,0.0005287528
15.301844,31.658207,0.0011937423,0.0003617371,0.00055779866
15.131631,31.765911,0.0014565345,0.00040456525,0.0005430719
15.127999,31.541512,0.0012166817,0.00032007042,0.00054671196
14.8615675,31.635405,0.0013119113,0.00031848997,0.00059749815
14.8652,31.859804,0.0014403341,0.00040099956,0.0006548262
14.595137,31.729298,0.0015943879,0.00033276435,0.0005333037
15.705924,31.724405,0.0011156588,0.0003710132,0.00040731532
15.762315,31.557213,0.0009697587,0.00033016887,0.0005348148
15.889436,31.745928,0.0013781134,0.00035852008,0.0002833265
15.53208,31.60771,0.0010063932,0.00032112363,0.00055607315
15.358234,31.491014,0.0012133946,0.00031901966,0.0004874647
15.5884695,31.440517,0.0010668589,0.0002988011,0.00049980986
14.568277,31.120335,0.0017759819,0.0001506739,5.0542178e-05
14.754851,31.260727,0.0014463137,0.00017588283,0.00033548474
14.941425,31.40112,0.0013639056,0.00025762175,0.00038805674
14.4884205,31.35462,0.0017059939,0.0002040444,0.0002016949
14.6749935,31.495012,0.00148929,0.00024244632,0.00046525337
14.408563,31.588905,0.001648678,0.0002495203,0.00046226964
12.582973,31.294918,0.0021379318,0.00016415142,0.00026830006
12.814457,31.625599,0.0014461062,1.5846686e-05,0.0004993123
13.045941,31.95628,0.0006698603,5.2129966e-05,0.000990671
12.375182,31.564121,0.0018201098,0.00012439035,8.3404244e-05
12.606666,31.894802,0.0011376105,1.1777738e-05,0.00079333235
12.167391,31.833323,0.0016654939,3.3204444e-05,0.00043051294
14.096926,31.562841,0.0019458686,0.00026501575,0.00036288192
13.746499,31.717432,0.0016552936,0.000269386,0.0005516682
13.396072,31.872023,0.0010007126,0.00014576828,0.00081952615
13.865146,31.302494,0.002256699,0.00017946388,5.9332233e-06
13.514719,31.457085,0.0018871021,0.00023978186,0.0003249268
13.633366,31.042147,0.0025915,0.000109539134,0.00041804928
14.25664,31.094273,0.0021485812,0.00015497894,0.00021013524
14.176783,31.328556,0.0020033675,0.00015151594,0.00010896125
13.9450035,31.068209,0.0025381884,0.00015450048,0.00030829594
12.933104,31.21066,0.0023299379,2.4863228e-05,0.0001085836
13.283235,31.126404,0.0024050237,0.00013324321,0.00020269142
13.164588,31.541342,0.0015496216,0.00011087017,0.00046001724
5.30072,30.35534,0.0019457713,3.241416e-05,0.0006645745
4.8138266,30.036663,0.0035225984,0.00022109097,0.0011725854
4.326933,29.717989,0.0047980025,0.0004559408,0.0018064457
5.3525343,29.766645,0.0028522187,0.00011718375,0.0005200256
4.8656406,29.44797,0.0041939276,0.00032372103,0.0013916723
5.404348,29.177952,0.00381111,0.00030107467,0.00076121604
5.8787613,29.484894,0.0023013863,0.00019144485,1.4188001e-05
6.353174,29.791834,0.0007161335,0.00018688836,0.0007803652
5.826947,30.073586,0.0013460717,2.7141068e-06,0.00013515935
3.834284,29.380972,0.00446757,0.00065476145,0.0017266186
3.3314588,29.048742,0.0032270122,0.00067383575,0.0009993813
2.8286335,28.716513,0.002246173,0.0005092809,0.0005356101
3.8803425,28.773937,0.004022669,0.00083440356,0.0010716204
3.3775172,28.441708,0.0034820857,0.001071418,0.00034390468
3.926401,28.1669,0.0036870386,0.0010100727,0.000108104665
4.911699,28.840935,0.0042990693,0.00044605244,0.0011306609
4.3729916,29.110952,0.0047373762,0.00044008536,0.0015896264
4.41905,28.503918,0.0041229776,0.0006423349,0.0006286603
2.3299294,28.363247,0.0005635011,0.0006428164,0.0006948741
1.8101721,28.01288,0.0016150114,0.00087904814,0.0018146206
2.380109,27.735176,0.00058867416,0.00094248954,0.0011337574
3.427697,27.813637,0.003363649,0.0011625875,2.8932991e-05
2.8788133,28.088442,0.0027687321,0.0010615272,0.00020153413
2.9289927,27.460371,0.002558429,0.0008622712,0.00016603534
6.9076,29.551865,7.49873e-05,0.00022420043,0.0013390053
6.4331865,29.244925,0.0015246919,0.00031548145,0.0007650354
5.9587736,28.937983,0.0032297852,0.0004113278,0.00043256464
6.9876122,29.004955,0.000372143,0.00033192267,0.0010304826
6.513199,28.698013,0.002093181,0.00036957016,0.0001617223
7.0676246,28.458044,0.0012750342,0.0004160976,0.00044638547
7.4272747,29.932713,0.00026630983,0.00021545042,0.00067808945
7.507287,29.385803,0.00024387194,0.00025288464,0.0012453878
7.5873,28.838892,0.000892675,0.00046982785,0.0009747746
8.026962,29.766651,0.00073570944,0.00021774875,0.00032072398
8.106975,29.21974,0.0004286673,0.00036952924,0.0010379783
8.62665,29.600588,0.00023922883,8.410486e-05,0.00029381295
8.242997,30.63237,0.0017643645,0.00040236913,0.0009101388
7.835136,30.282541,0.0011663293,0.00035125783,0.00028936286
8.434823,30.11648,0.0010800469,0.00019158206,0.000604552
9.076686,30.570126,0.0015031234,0.00020165287,0.00089811825
8.659842,30.601248,0.0017510555,0.00035959578,0.00097426935
8.851667,30.085358,0.0009593228,8.5503765e-05,0.00055157533
9.616808,30.775843,0.0002207309,7.2834926e-05,0.00016718078
9.931911,30.496792,0.00073095784,3.3704753e-05,0.00042142987
10.247015,30.217741,0.000325799,0.00013272247,0.00036506867
10.021791,31.041935,0.0014022449,1.0240168e-05,0.00096008234
10.336895,30.762884,0.00067995675,4.0610073e-05,0.0006557655
10.426775,31.308027,0.0006074293,6.891001e-05,0.00075547374
9.391789,30.291075,0.00083607994,7.9162855e-05,0.00048012647
9.166772,29.806305,6.276555e-05,9.194331e-05,1.682248e-05
9.706893,30.012024,0.000115783885,0.00011917215,0.00014345883
12.222413,31.162416,0.0025230187,0.0002536025,0.0005511973
12.014622,31.43162,0.002232315,0.00017729355,0.00016538647
11.80683,31.70082,0.0019508891,5.6182034e-07,0.00028509507
11.861853,31.029917,0.0025511887,0.00033882278,0.00063594594
11.654061,31.299118,0.002177264,0.0001789328,0.00021379767
11.501292,30.897415,0.0022330654,0.00032689364,0.0005113931
11.1730795,31.216,0.0016898242,0.0001823554,0.00018069701
11.325849,31.617704,0.0016460731,4.6547153e-05,0.00023755897
10.844867,31.534586,0.0007864012,9.2449365e-05,0.00036616792
11.0831995,30.670856,0.0013935626,0.0001917744,0.00015447894
10.754988,30.98944,0.0006300323,0.00012295754,8.751448e-05
10.665108,30.444298,0.00031564012,1.3344514e-05,0.00017815043
15.161766,31.292522,0.0010977844,0.00022384839,0.00043633673
15.195533,31.043535,0.0012434651,0.00020819146,0.00021517044
15.2293005,30.794546,0.0012651309,0.00019210821,0.00011637015
15.392001,31.242025,0.0010634325,0.00023525453,0.0004155729
15.425769,30.993036,0.0009837118,0.00019105047,0.00030422863
15.622237,31.191528,0.0008820635,0.00025137723,0.0004333472
14.788618,31.011738,0.0016152104,0.00018222921,3.1550415e-05
15.008959,30.903143,0.0013815076,0.00015232677,0.00011624629
14.975192,31.15213,0.0013404698,0.00018476183,0.00025948952
15.905423,31.155687,0.0009930595,0.00026859343,0.00033908547
15.992142,30.921354,0.0010314169,0.00027114036,0.00019386341
16.146015,31.171558,0.0012687482,0.0003654909,0.00020638457
15.708955,30.957195,0.00094418554,0.00027949933,0.00031277956
15.512487,30.758705,0.001001861,0.0002160084,0.00019652955
15.795673,30.722864,0.0009794049,0.00029334065,0.00020231702
14.532233,30.869743,0.0020483974,0.00016795914,0.00019606482
14.496188,30.61915,0.0024193246,0.00021533377,0.00038541877
14.460144,30.368559,0.002833527,0.0003106324,0.00058680074
14.752574,30.761147,0.0018370328,0.00015776418,0.00011138851
14.716529,30.510555,0.0021899384,0.00025426422,0.00033350498
14.972915,30.65255,0.0016677198,0.00019706273,9.0075424e-05
14.220595,30.84368,0.0025621988,0.00017146918,0.0003712112
13.908958,30.817617,0.0029093581,0.00022176723,0.000577688
14.184551,30.593088,0.0029311762,0.00025984715,0.0006565198
12.601062,30.942423,0.0026612785,8.132594e-05,0.00053089135
12.619151,30.58993,0.0032812827,3.806461e-05,0.0007623766
12.63724,30.237434,0.0035409168,0.00010505953,0.000768721
12.951193,30.858166,0.0028378188,9.112875e-05,0.0005639228
12.969282,30.505672,0.003379053,0.00018591009,0.00067038403
13.301324,30.773909,0.0030548542,0.00017754151,0.0006191004
12.240501,30.809923,0.0028980412,0.0001837716,0.0006713781
11.879942,30.677422,0.0028100256,0.00022331724,0.00065987534
12.258591,30.457428,0.0034749005,7.905066e-05,0.0008664394
13.693121,30.02348,0.0040797805,0.00046196784,0.0011343317
13.6732025,30.363035,0.0036536811,0.00036290835,0.0009390246
13.653284,30.70259,0.0031393364,0.00032000378,0.00057090493
13.341161,30.094797,0.0038167834,0.000426755,0.00092006184
13.321242,30.434353,0.0034545737,0.00029503048,0.00078482577
12.989201,30.166117,0.0036924991,0.00022244913,0.00094479497
13.948795,30.138506,0.003918751,0.00048813294,0.0010044898
14.20447,30.253532,0.0034524738,0.00034208735,0.00079777
13.928877,30.478062,0.0034606857,0.0003570026,0.00082694436
5.4587145,28.589275,0.0041077984,0.0005463795,0.0006865124
4.9660654,28.252258,0.0039103427,0.0006002111,0.00033337978
4.4734163,27.915241,0.0033881015,0.0006989774,6.249646e-05
5.513081,28.000597,0.0033261576,0.00047319144,0.00013978768
5.020432,27.66358,0.0032272483,0.00035498413,0.000121389865
5.567447,27.411919,0.0024662344,8.586343e-05,9.427121e-05
6.0131397,28.349304,0.0034825157,0.00041840802,0.00038316485
6.0675063,27.760628,0.0027348239,1.1085242e-05,0.00013679906
6.5675654,28.109335,0.0021993779,0.00016481717,9.4070914e-05
2.0074108,26.110085,0.0011625487,0.0011586937,0.001290029
2.5800586,25.851133,0.0007665258,0.0010068673,0.00044250162
2.5051734,26.479118,0.0012465806,0.0008629472,0.0004139522
4.0886464,26.324997,0.0023271916,0.00026595633,0.0010109589
3.5358605,26.585701,0.003047152,0.0005986813,0.001104952
2.9830744,26.846403,0.0029508206,0.00074809097,0.0010397776
3.6107454,25.957714,0.0024568639,0.0003865498,0.0010298623
3.0579596,26.218416,0.0029523205,0.0008672917,0.000969626
3.1328444,25.590431,0.0019325707,0.00032932294,0.00064863835
3.4817786,27.199669,0.0030384408,0.00070055516,0.0007329758
4.0345645,26.938965,0.002569746,0.0004436022,0.00082208356
3.9804828,27.552933,0.0029608207,0.000695506,0.00023442198
5.074514,27.049612,0.002888895,0.00010681212,0.0006352331
4.5274982,27.301273,0.0031243982,0.0004386108,0.0005175564
4.58158,26.687305,0.002549265,0.00020995902,0.0009258756
7.1911235,26.760399,0.002952136,0.00066307955,5.548261e-05
7.149957,27.32628,0.0026607185,0.0004975518,2.2826134e-05
7.108791,27.892162,0.0020366288,0.00044544516,0.00017332425
6.649898,26.977571,0.0024653075,0.00019821315,6.260839e-05
6.6087317,27.543453,0.0021374589,4.9331487e-05,0.00013523968
6.1086726,27.194746,0.001956707,0.00018663035,9.048008e-05
7.6067743,28.224424,0.0019177329,0.0005303113,0.00013043778
7.6479406,27.658543,0.0024494696,0.00064121577,5.17508e-05
7.689107,27.09266,0.0026407242,0.0006735066,0.00021869084
8.145925,27.990805,0.0018900451,0.00047640756,0.00022393628
8.187091,27.424923,0.0019927863,0.00047229842,0.00030402024
8.685074,27.757185,0.0009893095,0.00013381772,0.00072527165
8.6656,28.371653,0.00038113492,0.00026273303,0.0011758031
8.646125,28.98612,0.0003783065,0.000540402,0.0015423645
8.12645,28.605272,0.0011470537,0.0005043375,0.0008944976
10.157869,28.58113,0.0014294339,0.0003564771,0.002226113
9.647463,28.920948,0.0012560654,0.0003238842,0.0021146662
9.137056,29.260769,6.4168125e-07,0.00039425745,0.001415343
9.666938,28.30648,0.0013568709,2.9401723e-05,0.0020657105
9.156531,28.646301,0.0006036754,0.0002426238,0.0019015919
9.176006,28.031834,0.0004620524,2.7684844e-05,0.0014551945
10.2173,29.672203,0.00034217304,0.0003396434,0.0006881568
9.677178,29.466486,0.00041718176,0.00028945637,0.0011499939
10.187585,29.126665,0.0009043049,0.00054255757,0.0017811125
12.262101,29.95565,0.003909736,4.2628963e-05,0.0008994845
11.883451,30.175644,0.0031674607,0.00011842733,0.0007680821
11.504802,30.395638,0.0023036376,0.00030696302,0.000557022
11.886961,29.673866,0.003571934,0.00011696326,0.000565685
11.508311,29.89386,0.0022488963,3.1400123e-07,0.00040294888
11.511822,29.392084,0.0021547964,0.0004497497,0.0003571835
11.08671,30.169079,0.0011506395,0.00016088822,0.00020810007
10.668617,29.942522,0.00018676976,0.00015295215,0.0002525883
11.0902195,29.667303,0.0011110604,0.00021194837,0.00026935153
11.060504,29.121765,0.0008855318,0.0005478243,0.0009271696
10.638902,29.396984,9.713136e-05,0.0005263261,0.00094358367
10.609187,28.851446,0.00039618835,0.00056748895,0.0017120563
15.281058,30.518972,0.0013425881,0.00020303938,3.9674342e-07
15.332817,30.243399,0.0015896088,0.0003198724,0.00011062296
15.384575,29.967825,0.0018238346,0.00038705778,0.00019894633
15.564245,30.483131,0.0011883322,0.00031445816,9.050267e-05
15.616004,30.207558,0.0012825984,0.000346286,9.12277e-06
15.847432,30.44729,0.0010304111,0.00030143268,8.206256e-05
15.024673,30.376976,0.0018377164,0.00023604359,0.0001815448
14.768288,30.234982,0.002445423,0.00028253417,0.00042572175
15.076431,30.101402,0.0021078456,0.00030499185,0.00032319874
16.193172,30.376574,0.0011173114,0.0004375187,2.2859778e-05
16.307486,30.066124,0.0013086665,0.00040754816,0.00012200349
16.486368,30.386442,0.0018494069,0.00032275217,0.00033248775
15.961745,30.13684,0.0010454296,0.00039334432,4.3188455e-05
15.730316,29.897108,0.0013704179,0.00039222813,4.741829e-05
16.076057,29.826391,0.0011411309,0.00044992229,6.922055e-07
14.445127,29.993965,0.0033932286,0.00039292604,0.00079633784
14.430109,29.619373,0.0039499155,0.0005221235,0.00097597856
14.4150915,29.24478,0.0040597236,0.0005749606,0.0008648257
14.75327,29.860388,0.0030453713,0.0003821241,0.0007250861
14.738253,29.485794,0.0036191328,0.0004913898,0.0008071698
15.061414,29.726809,0.0027486156,0.00041804463,0.00053911144
13.933778,29.763912,0.0044798567,0.0005988872,0.0011937551
14.174435,29.504347,0.0043838285,0.00063500094,0.0010402863
14.189452,29.878939,0.003983955,0.00052241865,0.0010399895
13.475226,29.62661,0.004340194,0.00060437026,0.0009944504
13.257331,29.22974,0.0042887134,0.0006755773,0.0005997476
13.039435,28.83287,0.004454203,0.00057187985,0.000369128
13.715883,29.367043,0.0045879614,0.000727486,0.0009295653
13.497988,28.970173,0.0044585946,0.0007407018,0.000543087
13.95654,29.107477,0.0046945466,0.00072576245,0.0008172605
13.123266,29.697927,0.0040438985,0.00046552625,0.00092605606
12.771306,29.769247,0.003923382,0.00027516455,0.0008547164
12.905371,29.30106,0.004136514,0.0005163993,0.00048573693
12.396166,29.487463,0.0040009688,0.00026874003,0.0005797586
12.021027,29.205679,0.0034091794,0.00042719493,2.906553e-05
12.530231,29.019276,0.004126794,0.00043999357,0.00021706923
2.2645752,24.22344,0.0029549089,0.0001648347,0.001285222
2.8078995,23.98724,0.0016309512,0.00054639456,0.00011628828
2.7314215,24.605194,0.0014095079,0.00036511876,6.92054e-05
2.9699929,22.233738,0.0013689282,0.0006562303,0.0016501859
2.9271853,22.801512,1.1655502e-06,0.0002975252,0.0016380015
2.511299,22.404972,0.00025552,0.0006105526,0.0024034954
3.0571332,20.669558,0.0040385723,0.0003301038,0.001016365
3.0349667,21.167759,0.0036971434,0.00046700644,0.0005180386
2.6931722,20.798409,0.0029582735,0.00037304618,0.0014651257
8.769727,26.17032,0.0013195896,0.00034127143,0.0011034827
8.741509,26.699274,0.0012886869,0.00021141325,0.00083843805
8.713292,27.22823,0.0012141727,0.00018725144,0.00074213045
8.2435255,26.367012,0.0017465027,0.00050566805,0.00077234977
8.215308,26.895967,0.001856029,0.0003982274,0.00047913962
7.7173247,26.563705,0.002414695,0.0006990418,0.0004636465
4.634611,26.077738,0.0020192335,3.224722e-05,0.0012006173
5.1805754,25.830479,0.0017805555,7.156338e-05,0.0013274552
5.72654,25.58322,0.0027096677,0.00032691698,0.0014680857
5.127545,26.440044,0.0023771806,3.1026168e-05,0.0010020367
5.673509,26.192785,0.002372428,3.9734674e-05,0.0009536665
5.620478,26.802353,0.0020947894,0.00019739245,0.00055531476
6.1617036,26.585178,0.0021099562,0.00011503871,0.00033811288
6.2147346,25.975613,0.0027951598,0.00055656803,0.0009459301
6.702929,26.368006,0.0032062512,0.00062411936,0.0004198429
4.334944,24.459606,0.0012465211,0.00025731517,0.0013869338
3.7749436,24.714119,0.0007089528,0.0004712857,0.0013459797
3.2149436,24.968634,0.0006249672,0.00027622306,0.00075372803
3.8514218,24.096167,0.00064799737,0.0003247016,0.0010164989
3.2914217,24.35068,0.0003798806,0.00058782945,0.0010248395
3.3678997,23.732727,0.00035709114,0.0002591613,0.0001985787
3.6928446,25.335917,0.0012242522,0.00024390059,0.0011296294
4.252845,25.081404,0.0011885249,0.00032472453,0.0013893533
4.170746,25.7032,0.001754529,6.756832e-05,0.0012834925
5.262675,25.208681,0.0018959262,1.9556348e-05,0.001575113
4.71671,25.45594,0.0014452662,0.00020174922,0.0014534909
4.798809,24.834143,0.0014406273,0.00015866752,0.0013732141
7.372452,25.12849,0.0028430158,0.00032831135,0.0015036653
7.312009,25.67246,0.003317981,0.000851896,0.00072388985
7.2515664,26.216429,0.0032244246,0.0009815185,6.7842426e-05
6.8238144,25.280067,0.0036835745,0.0007995615,0.0016918834
6.763372,25.824036,0.003242493,0.00090762594,0.0010249407
6.2751775,25.431643,0.0035721897,0.00071391347,0.0015970136
7.7777677,26.019737,0.0022500597,0.00087935646,0.00041522982
7.83821,25.475767,0.0021737525,0.0004018599,0.0006257076
8.303968,25.823044,0.0018740078,0.0005436073,0.00037133007
3.0785215,19.433485,0.006236287,0.00037259347,6.0624792e-05
3.0789106,19.80242,0.005696188,0.0004581012,0.0004614473
2.8012886,19.529295,0.005015886,0.00030651662,0.0004851737
3.0952199,18.574232,0.0045516924,1.9512634e-05,0.00010898657
3.0866764,18.819391,0.005300406,5.9879327e-05,9.649612e-05
2.8722832,18.6161,0.0041665,2.9386341e-05,0.00062560686
9.278968,26.437756,0.0005190787,0.00013424738,0.0013527405
9.78821,26.705193,0.00066304766,4.103435e-05,0.0016226303
10.297451,26.97263,0.0013697436,5.855513e-05,0.0018709307
9.250751,26.966711,0.00036438415,3.4198718e-05,0.00105968
9.759992,27.234148,0.0009704707,0.00017018357,0.0016065859
9.222533,27.495667,9.704288e-05,2.6653288e-07,0.0012276105
10.204396,28.044962,0.0018293643,3.766184e-05,0.0020664907
9.713465,27.770315,0.0013592122,8.599606e-05,0.0017897317
10.250924,27.508797,0.0019238796,0.00011867104,0.0019427452
11.560763,28.871227,0.002028488,0.00051711185,0.0005611314
11.609706,28.35037,0.001881822,0.00032086976,0.0004298489
11.6586485,27.829515,0.0004490437,0.00041205285,0.00094542163
12.069968,28.684824,0.0035924027,0.0005187224,0.000111873494
12.118911,28.163967,0.0032053625,0.00031776138,5.5206823e-05
12.579173,28.498419,0.004170019,0.00029640045,0.0003651259
11.109447,28.600908,0.00023265975,0.00048418125,0.0014387209
10.658129,28.330591,0.0014002118,0.00024762144,0.0020009659
11.158388,28.080053,0.0007562884,0.00020876387,0.0014524946
10.7511835,27.258259,0.0016427301,0.0001743704,0.0019855725
11.204916,27.543886,0.0013429271,0.00023606796,0.0018404096
10.704656,27.794424,0.0020525549,5.2942924e-06,0.0018972426
15.45469,29.570726,0.002247868,0.00042220077,0.00032839295
15.524805,29.173628,0.0026894892,0.0005471216,0.0004176572
15.594919,28.776531,0.003303809,0.00060003845,0.0005582506
15.800431,29.50001,0.0016699256,0.00045876054,0.00011074799
15.870545,29.102913,0.0022094594,0.00055555266,0.0001741075
16.146172,29.429295,0.0015287721,0.00044989644,5.9669605e-05
15.131529,29.329712,0.0033426983,0.0005057637,0.00069248094
14.808368,29.088696,0.004176818,0.00051579834,0.00092159375
15.201644,28.932613,0.0037434904,0.0005830494,0.00077744364
16.579473,29.351475,0.0017053848,0.00050484284,5.833083e-05
16.737148,28.947273,0.0021383339,0.00069855736,8.839532e-05
16.937103,29.343987,0.0021243533,0.00046824873,0.00019786973
16.303846,29.025093,0.002024726,0.00067005935,1.055887e-06
16.028221,28.698711,0.0028931433,0.00075318007,0.0002552271
16.461523,28.620892,0.0026297644,0.0008386565,4.083384e-05
14.393408,28.804548,0.0040382366,0.00055129384,0.0006494251
14.371723,28.364317,0.0042076046,0.00047863036,0.00045236596
14.350039,27.924086,0.0037742783,0.0005558962,0.00020190649
14.786683,28.648464,0.0040458534,0.00059834984,0.0007651568
14.764999,28.208233,0.004248828,0.0005758602,0.00053249055
15.179959,28.492382,0.004261993,0.0006081317,0.0007873841
13.934855,28.667246,0.0038237425,0.0006211177,0.00036403612
13.476303,28.529942,0.0046012164,0.0006415971,0.0004074474
13.913171,28.227013,0.0038684872,0.00050861825,0.00025926434
13.93922,27.666204,0.0042417767,0.0003902478,0.00050709175
13.502353,27.969133,0.004527689,0.00046184633,0.000614153
13.065485,28.272062,0.004752783,0.00046540186,0.00056546374
13.528402,27.408325,0.0045502167,0.00024502835,0.00077438157
13.091535,27.711254,0.005209375,0.0003589159,0.0010031764
13.117584,27.150446,0.0043338933,0.00018615118,0.00062804355
12.631272,27.376802,0.0033094536,0.00024187341,0.0002501282
12.605223,27.93761,0.0044860085,4.6076224e-05,0.0007397432
12.14496,27.603159,0.0022332184,0.00014122877,0.000396193
10.223857,25.436295,0.0004455028,3.260834e-05,0.0010839982
10.248388,25.948406,7.5487886e-05,0.0003794545,0.0019078788
10.27292,26.460518,0.00059230253,0.0002779531,0.0018589408
9.739147,25.68097,0.0011104303,0.00014270784,0.001292506
9.763679,26.19308,0.00012985617,0.0002455476,0.0017948337
9.254437,25.925644,0.0009162761,0.00022088784,0.0013519318
3.4166598,19.990086,0.0054798606,0.0006806425,0.0006833972
3.416271,19.621151,0.0064089736,0.000577088,5.7337078e-05
3.415882,19.252216,0.0066330833,0.00030942922,0.0006204597
3.7540202,19.808817,0.006558257,0.00081940094,7.104286e-05
3.7536314,19.439882,0.0067462865,0.00044414372,0.0005059887
4.0913806,19.627546,0.0072677433,0.00079636363,0.0002497952
4.301654,21.00909,0.0046442105,0.00048594057,0.0001647236
3.8720362,21.228048,0.0040639453,0.00048000598,7.838826e-06
3.4424183,21.447004,0.0035227311,0.00060674304,0.00030114801
3.8942025,20.729845,0.0050098677,0.0005242575,0.0001938442
3.4645846,20.948803,0.0042741955,0.0004077349,0.00028195351
3.4867508,20.4506,0.0048477976,0.0005072987,0.0008318039
4.161472,20.08806,0.0063333875,0.0009233894,0.000349225
4.231563,20.548576,0.005632341,0.0007471494,0.0002416306
3.8241115,20.269331,0.006003465,0.0006883815,0.00056567154
3.5022824,21.986362,0.0018329257,0.0007104371,0.001467905
3.9917643,22.306763,0.0007947662,0.0005625081,0.0017647377
4.481246,22.627163,0.0010684327,0.00048827508,0.0009928979
3.4594748,22.554136,0.00058029615,0.00042012642,0.0016496981
3.9489565,22.874537,0.00054103305,0.00032169104,0.0010445174
3.416667,23.121912,0.00013497715,0.00019780203,0.00081471226
3.9001892,23.485352,0.0006049203,7.674397e-05,4.86238e-05
4.432479,23.237976,0.0011802304,0.00033133282,2.4957233e-05
4.3837113,23.848791,0.001495139,2.8695587e-05,0.00090423157
4.361518,21.548447,0.0027227974,0.0008014544,0.0011406117
4.421382,22.087805,0.0014786026,0.0008126383,0.0017822074
3.9319003,21.767405,0.0019530623,0.0007772173,0.0014749841
8.9691305,24.667059,0.0021883417,0.00010870729,0.00044286787
8.902663,25.168146,0.0021130093,1.2474775e-05,0.0003821114
8.836195,25.669233,0.001505567,0.00017411652,0.00061537116
8.436904,24.82087,0.0019419261,9.911449e-05,0.00081713684
8.370437,25.321957,0.001945574,0.000112250535,0.00073286344
7.904678,24.97468,0.0019834316,1.0951888e-05,0.0011373189
9.387373,24.923471,0.0023372213,9.9496596e-05,0.00048146385
9.805614,25.179882,0.0013581105,0.00023602802,0.0002249449
9.320905,25.424559,0.0017098337,2.1715445e-05,0.0003171612
10.140345,24.266087,0.0027783413,0.00018914997,0.00025501032
10.168181,24.656157,0.001930722,0.00012754556,0.00036515784
10.196019,25.046225,0.001548293,0.00027993094,8.5123815e-05
9.74994,24.399744,0.0024956793,3.7085207e-05,0.00042036758
9.777778,24.789814,0.002355283,0.00014553318,0.00039143872
9.359535,24.533401,0.002288926,1.2940349e-05,0.0003316549
5.0758696,22.959091,0.002211051,0.00058882765,3.5793055e-06
5.6704936,23.291021,0.0029576144,0.00072827993,0.00071916636
6.265117,23.62295,0.0024500526,0.00070406694,0.0005905161
5.0271025,23.569906,0.0024314295,0.00042355433,0.0008078379
5.621726,23.901834,0.0025585936,0.00047762867,0.001111451
4.978335,24.180721,0.0021112426,0.00018428135,0.0012040886
5.906066,24.929796,0.0028238168,0.00052066834,0.0016388769
5.4422,24.555258,0.0021407087,0.0003117817,0.0012194628
6.0855913,24.276373,0.0024306178,0.00048768893,0.0011936158
7.0033402,24.626644,0.0027635975,0.00041278734,0.0015044664
6.454703,24.778221,0.002946157,0.0005893167,0.0016451383
6.6342287,24.124798,0.002153444,0.00058211957,0.0008768604
7.940308,23.809774,0.0024206988,0.00059845607,0.00032324734
7.7510223,24.249348,0.0024682523,0.00031853432,0.00081855967
7.561737,24.68892,0.0024302837,0.00014913813,0.001225647
7.381911,23.7475,0.0017264127,0.00046433925,0.000120979035
7.1926255,24.187073,0.0020531705,0.00030761314,0.0008723113
6.823514,23.685225,0.0016082642,0.00059494074,0.00016053981
8.283249,24.095537,0.002467549,0.00054266717,0.00042909716
8.62619,24.381298,0.0021087802,0.00035845203,0.00029273023
8.093964,24.535109,0.0020568767,0.00024351952,0.0008515556
3.3511956,18.419256,0.004866876,5.6815377e-05,9.142916e-05
3.5986276,18.50944,0.0059830886,0.00010571086,0.00053962355
3.8460598,18.599625,0.006382984,5.0113682e-05,0.0010931932
3.3426518,18.664415,0.0053342977,6.3483894e-06,0.0005125976
3.590084,18.7546,0.0065248893,4.41586e-05,0.0008333188
3.3341084,18.909575,0.005849774,0.000107794476,0.00068640365
3.9278333,18.942265,0.007189445,1.930543e-05,0.0013478468
4.0096073,19.284906,0.007089915,0.00032000823,0.0009137153
3.6718578,19.09724,0.0065920837,0.00017330857,0.0011145679
3.2412775,18.142872,0.003886511,2.3117609e-05,0.00043924386
3.0878115,17.951862,0.00327732,6.2121544e-05,0.0007830779
3.3787913,17.95667,0.0038764183,7.322317e-05,0.00046602014
3.4887094,18.233055,0.0045437566,3.8605358e-05,0.00010409637
3.6262233,18.046854,0.004577643,6.0959894e-05,8.823699e-06
3.7361417,18.323238,0.0058451477,0.0001201128,0.00049677846
4.3636174,19.397367,0.0073792874,0.0005126659,0.0009560656
4.2818437,19.054726,0.007444058,6.134457e-05,0.0015270115
4.20007,18.712084,0.006914704,5.5955476e-05,0.0014978955
4.635854,19.167187,0.0073019867,0.00022486059,0.0014105812
4.5540805,18.824545,0.006921465,8.661294e-05,0.0017219114
4.9080906,18.937006,0.0071657184,2.1745676e-05,0.0016534816
12.687632,26.782942,0.00253007,0.00018761182,0.00072103296
12.20132,27.009298,3.725197e-05,0.00021412034,0.0014000081
11.715008,27.235655,0.0008778409,0.00033076716,0.0016696143
12.257679,26.415436,0.0003145896,0.00027868606,0.0020906404
11.771366,26.641792,0.0014660545,0.00028430964,0.0022812125
11.827725,26.047932,0.0013396088,0.0003434836,0.0025369388
10.75848,25.640173,0.00069562905,0.00017747491,0.0019380266
11.293103,25.844053,0.0010987399,0.0002749361,0.0022823005
10.783011,26.152285,0.0008823136,0.0004955476,0.002294943
11.317635,26.356165,0.0012387568,0.0004021054,0.0023516077
10.807543,26.664396,0.0012136446,0.00044723926,0.002164828
11.261275,26.950026,0.0012145499,0.00042248663,0.002085514
15.677936,28.307734,0.0039464114,0.00072013144,0.00057585794
15.760952,27.838936,0.00395527,0.0007836975,0.0003514865
15.843968,27.370138,0.004094351,0.0006005148,0.00033001264
16.111237,28.229914,0.0036619632,0.00079606794,0.0004546519
16.194254,27.761116,0.0038589803,0.0007198549,0.0004780132
16.544538,28.152094,0.003050766,0.0007570264,0.00030852808
15.262976,28.023584,0.004290281,0.0006589533,0.0004502791
14.848016,27.739435,0.00424525,0.0006274943,0.00030275073
15.345992,27.554787,0.0042065275,0.00065688626,0.00025027397
17.073652,28.031767,0.0025931718,0.00065662526,0.00026705
17.25248,27.520464,0.0029522819,0.00067935616,0.0004157219
17.536839,28.00167,0.0030205715,0.00055251375,0.00054173614
16.723368,27.64079,0.0031877737,0.0006363994,0.0003956661
16.373081,27.249813,0.0037188588,0.00063439645,0.0003758436
16.902195,27.129486,0.0033695907,0.0007346545,0.00029844395
14.40709,27.435051,0.0042235204,0.000535041,0.0004362701
14.464141,26.946018,0.00457096,0.00051714596,0.00023805344
14.521192,26.456985,0.004291767,0.00058970763,0.00036839774
14.9050665,27.250402,0.0049769483,0.00066273543,0.0004809099
14.962117,26.76137,0.004648118,0.0006322692,0.00024791993
15.403043,27.065754,0.0043828273,0.00054259377,0.0004791771
13.996272,27.177172,0.004297491,0.0003520546,0.0005861997
13.585454,26.919292,0.004469337,0.00011430087,0.00033832586
14.053323,26.688139,0.004179889,0.0003550978,5.978986e-05
13.376843,25.831913,0.00231414,1.3963232e-05,0.0012456235
13.758293,26.04027,0.0032410228,0.0002060552,0.0009457334
14.139743,26.248629,0.003673436,0.00039951922,0.0006217662
13.290423,26.271423,0.0029538912,0.00015016724,0.00094049703
13.671873,26.479782,0.003687344,0.00018951873,0.00036203593
13.204004,26.710936,0.0037626962,9.261255e-05,0.0002573782
12.860471,25.90392,0.0011394704,0.00034592138,0.001833623
12.774052,26.34343,0.0015158947,0.00027878524,0.0015174851
12.344098,25.975925,0.00022597797,0.0003212787,0.0021219945
11.338763,24.493736,0.0005254396,0.00045852823,0.0011377826
11.501751,25.0118,0.0005419478,0.0001840671,0.0014366293
11.664739,25.529867,0.0010006316,0.00017431362,0.0020210892
10.967128,24.807922,2.1101441e-05,6.3649786e-05,0.00072000874
11.1301155,25.325987,0.00074895937,6.150051e-05,0.0016278108
10.595492,25.122108,0.0002333736,0.00022867444,0.0007682154
10.539817,24.34197,0.0018571988,0.00017536324,0.0001251509
10.93929,24.417852,0.0013962532,0.0003665776,0.00055958633
10.567655,24.732038,0.0010604346,0.00013653247,0.00018391549
4.523804,19.769747,0.0069140135,0.00089142483,0.00015889097
4.9562273,19.911947,0.0063334834,0.0008080946,0.00014215277
5.388651,20.054146,0.0049101915,0.00061307126,0.00046351715
4.593895,20.23026,0.0062587596,0.0010061568,0.0003172456
5.0263186,20.372461,0.0057876883,0.0009469758,0.00015164458
4.663986,20.690775,0.0053577907,0.00078907446,2.1001091e-05
5.0682774,19.309385,0.006350129,3.528122e-05,0.0013337738
5.228464,19.681767,0.0057859765,0.00046017405,0.00025197957
4.7960405,19.539566,0.0068005794,0.00052283506,0.00083480985
4.9137177,21.194708,0.0041055907,0.000743315,0.0002785041
5.5257816,21.380323,0.0028259412,0.00079191313,0.001420444
6.1378455,21.56594,0.002090915,0.00059305184,0.001881899
4.973582,21.734064,0.0024230415,0.000870012,0.0013872792
5.5856457,21.919682,0.0026043123,0.0012021696,0.0017932932
5.033446,22.273422,0.0019706665,0.0009755804,0.001328394
5.6280694,22.60535,0.0029379018,0.0011209496,0.00024814857
6.1802692,22.251612,0.0028452612,0.001183629,0.0010822613
6.2226934,22.93728,0.0031353678,0.0010340102,9.4981515e-05
5.6383824,20.558077,0.0038497932,0.0004923086,0.00041491014
5.888114,21.06201,0.0029455048,0.00052619696,0.00086085626
5.27605,20.876392,0.0044826553,0.0006425826,8.730218e-06
10.728138,23.461637,0.003833871,0.00080810784,0.00030330324
10.93168,23.80567,0.00307007,0.00081789214,0.00018917816
11.1352215,24.149702,0.001755089,0.0007902459,0.0008192968
10.532207,23.729788,0.003391484,0.0007053077,0.00026565697
10.735748,24.07382,0.0024810792,0.000548202,7.171999e-05
10.336275,23.997938,0.002999718,0.00044713772,0.00021838932
9.098796,24.172312,0.0020857693,0.00023832664,8.0197e-05
8.755855,23.88655,0.0016363297,0.0005839812,2.6895257e-05
8.412914,23.60079,0.0017043944,0.0006961135,0.00016447136
9.22846,23.677567,0.0019208038,0.0004189082,3.1505013e-05
8.88552,23.391804,0.0013007547,0.00051130867,0.0004154716
9.358126,23.18282,0.0018980324,0.0004971719,0.00033144403
9.879604,23.904999,0.0030538691,0.00040743506,0.00023472356
9.489201,24.038656,0.0024544874,0.0002586309,0.00013338344
9.618865,23.54391,0.0026641123,0.0004897898,0.00017794961
10.075536,23.636848,0.0033848928,0.0005277021,0.0005166024
9.814796,23.275759,0.0030643037,0.00049812766,0.0003945566
10.271467,23.368698,0.0038842778,0.00076596247,0.0005034013
7.7341204,22.413404,0.0013699202,0.0004986495,0.0012834005
7.2444525,22.816587,0.0016905909,0.00088991236,0.0010317432
6.754785,23.219769,0.0017697469,0.00085686665,0.0003571103
7.2020288,22.130917,0.0017593915,0.00061082555,0.0014924331
6.712361,22.5341,0.0024702172,0.0009934936,0.000852287
6.669937,21.848429,0.0019908943,0.00074803305,0.0019108594
7.8715787,23.344318,0.0020486473,0.00068646704,0.00033430543
7.313182,23.282043,0.0015654445,0.00075262133,0.0005780918
7.8028493,22.878862,0.001519447,0.00073893234,0.0009993037
8.344185,23.135332,0.0014942175,0.0005695807,0.0006844046
8.275455,22.669876,0.0010983096,0.00045395276,0.001189641
8.816791,22.926348,0.0008966662,0.00044018019,0.0010349914
4.0729766,18.38164,0.0066571455,8.048231e-05,0.00089522055
3.9630585,18.105255,0.005419711,0.000100269914,0.0005628479
3.8531404,17.82887,0.004902124,0.00013758715,4.8816495e-05
4.299894,18.163656,0.00600174,0.00011863903,0.0010153166
4.1899757,17.887272,0.005413113,0.00016004931,0.0002996457
4.5268106,17.945673,0.0058916854,0.00013354715,0.0006856545
4.653904,18.276117,0.0062491936,0.00012124243,0.0013768137
4.7809973,18.606562,0.006953111,0.00011286362,0.0017781123
4.426987,18.4941,0.0068863425,6.6121414e-05,0.0013575032
3.7231328,17.505121,0.0034683002,0.00013256603,0.00032549375
3.546462,17.256754,0.0025701062,8.588191e-06,0.0005331022
3.9299605,17.239775,0.00317712,0.00010604574,0.00026444497
4.059968,17.563522,0.0042430605,0.00021247806,1.8454215e-05
4.2667956,17.298176,0.0037122304,0.00014071216,6.0574675e-05
4.3968034,17.621925,0.0050545936,0.00020592645,0.00030111102
5.299037,18.97269,0.0062696096,0.00024561072,0.0016527089
5.689984,19.008373,0.0059235767,0.00010338475,0.0012827116
6.08093,19.044058,0.0052185487,1.2450037e-06,0.0008235418
5.4592237,19.34507,0.0057998826,3.448894e-05,0.0009595632
5.85017,19.380754,0.004814233,1.7807208e-05,0.00042516738
5.6194105,19.71745,0.004767559,0.00029139247,0.0002648459
5.4494166,18.21977,0.0060773436,2.9372859e-05,0.0014589182
5.268975,18.458849,0.0065269647,5.693057e-05,0.0015750802
5.0885324,18.697927,0.0068651997,8.480831e-05,0.0017006013
5.1418815,18.128405,0.006059752,7.992191e-05,0.0013065075
4.961439,18.367483,0.0062330393,0.00016162622,0.0015586547
4.8343463,18.037039,0.0060454356,0.00012528092,0.0010426404
5.659921,18.494534,0.0063554626,3.5341393e-05,0.0015378569
5.8704257,18.769295,0.0062061455,4.6098547e-05,0.0013778002
5.4794793,18.733612,0.006634601,2.2657332e-08,0.0015416326
13.178123,25.428709,0.0010726755,0.00016709126,0.0011946768
12.661751,25.500715,0.00024930108,0.00025792542,0.0017123618
12.145378,25.572721,0.00048941467,0.00035835494,0.0021070412
12.979403,25.025507,0.00046057906,8.897588e-05,0.0010979725
12.46303,25.097513,0.00022176187,0.00026902423,0.0015921912
12.780683,24.622303,0.00017032586,5.6489036e-05,0.0012434104
11.819403,24.536592,0.00021042116,0.0004912438,0.0014512893
12.300042,24.579447,0.00045744237,0.00031267735,0.0014694564
11.98239,25.054657,0.0005662162,0.0003160516,0.0016306306
19.53841,23.35085,0.0017973273,0.0006728426,0.00010657753
19.774576,23.65708,0.0018843892,0.00064930343,7.853005e-05
19.287184,23.719868,0.0017370721,0.0005701048,0.00017504371
18.764236,24.532717,0.0021938155,0.0007565974,0.0004100399
19.052338,24.902922,0.0020261453,0.0008383683,0.00022828975
18.492517,24.976547,0.0030217431,0.00093516917,0.00049683056
18.249075,26.410751,0.0031562601,0.00079962565,0.00027273223
17.694471,26.479567,0.003570028,0.000758133,0.0003291159
17.957636,25.949972,0.0037586908,0.0008851971,0.00053652446
17.016195,26.505112,0.0036786618,0.0009385634,0.00013299868
16.601082,26.00106,0.003935602,0.0009834755,9.36084e-06
16.185966,25.497011,0.0039825947,0.00087728264,0.0002759113
17.279358,25.975515,0.0037534442,0.0007562373,0.0002588746
16.864244,25.471466,0.003101288,0.00079084095,0.00012084027
17.54252,25.44592,0.0038740411,0.00074365747,0.0005120544
15.957969,26.745764,0.004417079,0.0006268434,0.0005781037
16.071968,26.121387,0.0046681156,0.00092523056,0.00015957223
16.487082,26.625437,0.004035536,0.000893491,0.00031494244
15.517043,26.441378,0.0041245865,0.000619563,0.00020733837
15.0761175,26.136993,0.0031945766,0.0006111797,0.0006694706
15.6310425,25.817003,0.004052121,0.00081395666,0.00035920233
14.363972,24.887735,0.0025190942,4.6089233e-05,0.00064478884
14.971304,25.090826,0.0025118277,0.0002824259,0.00068785646
15.578635,25.293919,0.003980099,0.00058350206,0.00022159351
14.416379,25.410818,0.0028883738,3.4841534e-05,0.00053797686
15.02371,25.61391,0.002806285,0.00046454882,0.00085216097
14.468785,25.9339,0.003469457,0.00043499147,0.00074835285
13.705886,25.517187,0.002422213,0.000101739424,0.0008302813
14.034929,25.202461,0.0023254603,0.00012727169,0.0006480324
14.087336,25.725544,0.0032617876,0.00012374303,0.00072225893
13.507166,25.113983,0.0015678774,0.0002823314,0.00071698637
13.308445,24.710781,0.00086922105,0.00017158265,0.00077801174
13.836208,24.799257,0.0019482113,0.00015483247,0.0006540867
11.587818,24.040237,0.0004269434,0.00078765344,0.0012620366
11.836873,23.586737,0.00036521442,0.00045046024,0.001089111
12.085927,23.133238,0.00043520844,0.00022406949,0.0006621054
12.068458,24.083092,0.00045282394,0.0005243301,0.0016349084
12.3175125,23.629593,0.0004685251,0.00026087204,0.0013061825
12.549097,24.125948,0.0005240226,0.00028369096,0.0015110702
11.180735,23.35217,0.0031917717,0.00069311494,2.3294473e-05
11.63333,23.242704,0.0015611043,0.00035361588,0.00041519967
11.384276,23.696203,0.0020114514,0.0007470844,0.0006902544
6.812003,20.141235,0.0025141602,0.0002061387,0.0012647661
6.5872836,20.616137,0.0019646327,0.00010073831,0.0010804106
6.3625646,21.09104,0.0018941519,0.00021481045,0.0013261966
6.337552,20.112206,0.0027319896,0.00017522261,0.0010442518
6.112833,20.587107,0.0028144887,0.00023691443,0.00062136224
5.8631015,20.083176,0.003568592,0.00034870414,0.00080901757
6.324621,19.409782,0.0038698683,7.257372e-05,0.00029468327
6.568312,19.775509,0.002974966,0.00014260865,0.0011570746
6.093861,19.746479,0.0035247959,0.00017443066,0.0007155263
7.6241145,21.06219,0.0017064244,0.00031125848,0.0018909929
7.660783,21.512594,0.0014710312,0.00022107706,0.0018102456
7.6974516,21.963,0.001363081,0.0002786296,0.0014986243
7.128691,21.230106,0.0010266962,0.00013789092,0.0019809525
7.16536,21.680511,0.0016203717,0.00031865566,0.0018152958
6.6332684,21.398024,0.0013317477,0.00024946235,0.002068705
7.3534107,20.755203,0.0015934487,0.00025498524,0.0017397914
6.8579874,20.92312,0.0013053296,8.1885664e-05,0.0016705578
7.082707,20.44822,0.0019334026,0.00021246239,0.001437304
10.724601,23.051859,0.004091856,0.00077689503,0.00046205963
10.26793,22.95892,0.003941272,0.0008027789,0.00036191155
9.811259,22.86598,0.003054958,0.000603214,6.824502e-05
10.721065,22.642082,0.0038973703,0.000764412,0.00018412393
10.264394,22.549143,0.0036894185,0.0008367266,0.00016107011
10.717527,22.232304,0.0033208379,0.0006479836,0.0003331996
11.177197,22.942392,0.0035186624,0.00049032795,0.00033189182
11.17366,22.532616,0.003407349,0.0004060951,0.0002452241
11.629794,22.832926,0.0022340752,0.00026392058,6.880611e-06
8.1709,21.17944,0.0018897784,0.00047366158,0.0019785361
8.717687,21.29669,0.001387069,0.00066559203,0.002235338
9.264472,21.41394,0.0017418747,0.00079846353,0.0018995123
8.207569,21.629845,0.0013408846,0.00034092908,0.0018160186
8.754355,21.747095,0.0010782097,0.000459311,0.0018801217
8.244238,22.08025,0.0010165045,0.0002637173,0.0015017012
9.326908,22.593193,0.0016019898,0.0004902914,0.0010043443
8.785573,22.336721,0.00081735896,0.00037742118,0.0014983753
9.295691,22.003567,0.0016440495,0.0007914302,0.001531492
10.233175,21.959517,0.0035373408,0.00088517036,0.0005488488
9.780042,22.276354,0.0029142862,0.0008788511,0.00087456324
9.748824,21.68673,0.0028508808,0.00086917914,0.0010433409
7.249479,19.06142,0.0033079828,8.073804e-05,0.0006585375
7.103654,19.421358,0.0028363182,1.6978534e-05,0.001079133
6.9578285,19.781296,0.0027755937,0.0001762581,0.001340438
6.859963,19.055634,0.0039394186,8.838979e-05,0.00015966594
6.7141376,19.415571,0.0033321066,6.15592e-05,0.0008236002
6.4704466,19.049845,0.0043688053,4.2849686e-05,0.00031707552
4.8249273,17.681028,0.005091668,0.00017514356,0.00057825004
4.6949196,17.357279,0.0043065683,0.00014234966,0.00011028291
4.5649123,17.033531,0.003771611,3.5340432e-05,5.78271e-05
5.1230435,17.416382,0.004658804,4.5446097e-05,0.00025511906
4.9930363,17.092634,0.004209035,4.211464e-05,5.051121e-05
5.42116,17.151737,0.004218543,0.00011844709,0.00013681594
5.4399977,17.863758,0.006015009,6.5635744e-05,0.0009113122
5.1324625,17.772392,0.005672861,4.5550478e-05,0.00069762854
5.430579,17.507748,0.0044421656,6.154579e-05,0.0004380777
4.396357,16.618671,0.0028794422,0.00013173543,0.00021989434
4.168983,16.309252,0.00208756,0.00016811493,0.0003185426
4.6559258,16.262915,0.0025715325,0.0002818639,0.0004423639
4.824481,16.677774,0.003466344,0.00011180248,0.00022599648
5.0840497,16.322018,0.0028904825,0.00035269337,0.0004272093
5.252605,16.736877,0.0035530142,7.91245e-05,6.838585e-05
5.8742375,18.099983,0.0055117044,2.1411382e-05,0.0012508805
5.8648186,17.743973,0.0053507653,3.0625342e-06,0.0009129292
5.8553996,17.38796,0.0038006844,5.5252094e-05,0.00017242093
6.299058,17.980196,0.005322456,5.785373e-05,0.0012263558
6.289639,17.624186,0.0044346233,0.00012489289,0.00080923305
6.723879,17.860409,0.004889211,5.832623e-05,0.001180074
6.084742,18.374746,0.00590097,8.544509e-05,0.0012932437
6.5095625,18.25496,0.0052710054,1.0803342e-06,0.0012045354
6.2952466,18.649508,0.0054802215,0.00011111313,0.0010932004
7.074279,18.661083,0.003904832,3.2284297e-05,0.00040636468
6.6847625,18.655296,0.00462199,5.359098e-05,0.0007463584
6.899079,18.260746,0.0046039945,1.0307413e-06,0.0010346472
20.123108,22.391678,0.0013628323,0.0008835541,0.00062753796
20.364737,22.68292,0.0016650055,0.0007306426,0.00023579272
19.956373,22.686754,0.0016419473,0.0008625882,0.0002825202
19.414394,22.229128,0.001601168,0.001074517,0.00083425234
19.706211,22.184952,0.0011220365,0.000995616,0.0008355519
19.998026,22.140778,0.00068624923,0.00092159037,0.0008232859
19.539474,22.480028,0.0015807049,0.0009662416,0.00040538213
19.831291,22.435854,0.0012799483,0.00096626615,0.0005570692
19.664557,22.73093,0.0017788056,0.00091907487,0.0002508175
19.187973,22.459057,0.0018450711,0.0009561168,0.00038088416
19.313055,22.709957,0.001981196,0.00084932754,9.417394e-05
19.438135,22.96086,0.001955465,0.0007447365,0.000113652786
18.961552,22.688986,0.0020213532,0.00069617585,2.9024202e-05
19.086634,22.939886,0.0020991773,0.0006006503,0.00021551945
18.735132,22.918915,0.0020507798,0.0003821256,0.00023687189
18.835407,23.308905,0.001943748,0.00035109383,0.00043590693
19.186909,23.329878,0.0019112877,0.0005775569,0.0002926453
18.935682,23.698896,0.0018869438,0.00045878813,0.0002543684
13.789762,23.393055,0.001086045,0.00042808952,0.00056452677
13.981165,23.891281,0.0021971744,0.00047685756,0.00064409594
14.172568,24.389507,0.0024146517,0.00021168872,0.0008232414
13.453402,23.802805,0.0008003842,0.00039610808,0.0009353431
13.644805,24.301031,0.0015843632,0.00015868977,0.00069962605
13.117042,24.212553,0.0001389645,0.00014656904,0.0011782756
12.885457,23.716198,0.00023126882,0.0002480234,0.0012070511
12.653872,23.219843,1.0969117e-05,0.00021696482,0.0006021105
13.221817,23.306448,0.00032764534,0.00043873844,0.0007434001
18.507769,23.97502,0.002218055,0.00055876607,0.00042482093
18.23605,24.418848,0.003242083,0.0008655613,0.00059105945
17.96433,24.862679,0.0038535777,0.0009820396,0.00071300333
17.979582,23.86115,0.0030543355,0.0006315155,0.00049009523
17.707863,24.304981,0.0033619297,0.001004307,0.00039091695
17.451395,23.747282,0.00250378,0.0006596958,4.7797104e-05
18.30722,23.195038,0.001997182,0.00019213208,0.00048269425
18.407495,23.585028,0.0023645624,0.00036052638,0.0004969309
17.879309,23.47116,0.0022924175,0.00033452222,0.0004549753
17.286055,24.888224,0.003246186,0.00087656605,0.0002819189
16.607777,24.913769,0.0033427484,0.00050724216,0.00010863913
17.029587,24.330526,0.0031428626,0.0008335991,1.6038655e-05
15.5589695,23.66821,0.0017971545,0.0002016392,0.0005774825
16.189777,23.694567,0.0009961341,0.0003440734,0.00103267
16.820587,23.720924,0.001638028,0.00063977554,0.0006082506
15.767969,24.27781,0.0023795082,0.0005607218,0.0009947297
16.398777,24.304167,0.0023188172,0.0005133257,0.0004598024
15.976968,24.887411,0.0031256033,0.0006001739,0.000180701
14.762304,24.481226,0.002517623,0.00036839227,0.0010955759
15.160637,24.074717,0.0020339333,0.00052807236,0.0011616056
15.369637,24.684319,0.0026763175,0.00053750625,0.0007609108
14.570901,23.983,0.0023293411,0.0004260317,0.00091096596
14.379498,23.484772,0.0019723577,0.00020460802,0.00019179634
14.9692335,23.57649,0.0022801599,0.00016392837,8.998276e-05
13.304937,21.960676,0.0018655579,0.0009445868,0.00046402216
13.466545,22.438135,0.0009509609,0.0006509708,0.0006804173
13.628153,22.915594,0.0007095388,0.00044378382,0.00043721474
12.898601,22.35153,0.0017052926,0.00089763093,0.0003933902
13.060208,22.828989,0.0008593332,0.0005477357,0.00034994003
12.492264,22.742384,0.001217308,0.000547384,0.00044526532
11.941668,21.768936,0.003174361,0.0008956486,0.0004870185
12.3960905,21.83285,0.0030417326,0.00095614814,0.00011171657
12.850514,21.896763,0.0026072091,0.0011186802,0.0003015173
11.989755,22.223703,0.002695161,0.00067809265,0.00017054589
12.444178,22.287617,0.0019531315,0.00080549147,0.00019819266
12.037841,22.67847,0.0012464505,0.00035768165,0.00014289725
11.533621,21.923393,0.0030601483,0.00060611544,0.00043077924
11.581707,22.378159,0.002780006,0.00039819878,3.8145226e-05
11.125574,22.077848,0.0030135163,0.0005154101,0.0003546534
7.8821936,20.664333,0.0022458553,0.0004190669,0.0017396044
8.140273,20.266478,0.0022972613,0.00025576237,0.0014704977
8.398352,19.868624,0.0023277518,0.0001422512,0.0014808301
8.42898,20.781584,0.0020569223,0.00053187105,0.0019789925
8.687058,20.38373,0.0021954793,0.00039832765,0.001648625
8.975765,20.898836,0.0016814652,0.00071248185,0.0021563796
7.6324368,19.330488,0.002740422,6.195833e-05,0.0012073118
8.015394,19.599556,0.0023396236,7.162534e-05,0.0014871091
7.4866114,19.690426,0.00252205,0.00010103098,0.0013939469
7.869569,19.959494,0.0023318827,0.00016509654,0.0014814683
7.340786,20.050364,0.0023900936,0.00023011217,0.001417655
7.61149,20.35735,0.002287291,0.0003460105,0.0015647644
10.766769,21.79121,0.0031103669,0.00063585164,0.0006178349
10.282417,21.518423,0.0032776457,0.00075071136,0.00073583797
9.798065,21.245636,0.002593134,0.00093630014,0.0014772397
10.81601,21.350117,0.003245574,0.0006102455,0.0008174508
10.331659,21.07733,0.0028640358,0.00064412825,0.0012330741
10.8652525,20.909023,0.0031004595,0.0005308407,0.0011666593
11.174816,21.636755,0.0030449757,0.000572528,0.0006530197
11.224057,21.195662,0.0033803913,0.00064126076,0.00082398625
11.582863,21.4823,0.0033777542,0.00067038863,0.00051149324
9.907462,20.105938,0.0025640687,0.00030054088,0.0012238459
9.693132,20.541939,0.002358069,0.00055658596,0.0016002702
9.478802,20.97794,0.0019934736,0.0008396302,0.0019574675
9.404426,20.026833,0.002502442,0.00034334965,0.0013721492
9.190095,20.462833,0.0021497714,0.0005201297,0.0016515448
8.901388,19.947727,0.0024240632,0.00027955323,0.0014643994
10.226726,20.373632,0.0025988994,0.00034609315,0.0013919773
10.545989,20.641329,0.00273398,0.00044130566,0.0013734109
10.012396,20.809633,0.0025750045,0.0006292948,0.0015375859
7.577063,18.83854,0.0035350695,0.00015925901,0.00039776182
7.401863,18.438202,0.004167963,0.00017357228,0.0004328941
7.2266626,18.037865,0.004494978,0.00018613174,0.00096982205
7.904647,18.61566,0.003460511,0.00033162115,0.00013693632
7.729447,18.215322,0.004142394,0.00032504322,0.00060218596
8.232231,18.392778,0.0036961,0.00053476903,5.72172e-05
7.9600205,19.107607,0.0028743648,0.00021066575,0.0011553448
8.287604,18.884727,0.0032951098,0.00040877116,0.0010589198
8.3429785,19.376675,0.0024638376,0.00026077474,0.0015522611
5.192575,15.510095,0.0013887929,0.000428149,0.00021172222
4.949054,15.135093,0.0008905567,0.00029293,0.00026071002
5.4696555,15.11303,0.0010287636,0.00016138723,0.0005001498
6.033894,15.208308,0.001295134,0.00010805082,0.00064463285
6.3210526,15.70065,0.002140819,6.2496314e-05,0.00011071435
6.6082106,16.192993,0.0033339777,0.00010481576,0.00010188253
5.7568135,15.605372,0.0013608597,0.0003503686,0.00027383107
6.043972,16.097715,0.0022087255,0.00030542878,2.0891719e-05
5.479733,16.002438,0.0020916183,0.0005474614,0.00019870955
5.8168435,16.832155,0.0025621671,0.00018266903,0.00045073617
5.6482882,16.417295,0.0024401378,0.00041422909,5.3227996e-06
6.2125273,16.512573,0.0026617649,0.00014229697,0.0003295585
6.2510834,17.068378,0.0033004244,3.5459077e-05,0.00027579034
6.6467667,16.748798,0.0036711362,0.00017676782,0.00024144052
6.6853228,17.304604,0.0045554233,0.00011314083,0.0004345876
7.194246,17.628197,0.004549082,0.00034954908,0.0008927563
7.1556897,17.072392,0.0043184212,0.00051958254,0.00018441177
7.1171336,16.516586,0.003852943,0.00045247114,0.00015785621
7.6646123,17.395987,0.0044739083,0.0006728187,0.00056557613
7.626056,16.84018,0.0036750615,0.00063956203,5.7102065e-05
8.134979,17.163774,0.0040174564,0.00063439837,0.00027381885
8.167397,17.573442,0.0043429267,0.000717182,0.00040278165
8.199814,17.98311,0.0043420456,0.0005969693,0.00036258297
7.6970296,17.805655,0.0045966166,0.000501788,0.0007899485
6.183626,13.830945,0.0004233718,0.0003179558,0.00029546116
5.9651814,14.273456,0.00060468074,0.0001343221,1.1292519e-05
5.7468405,13.8249235,0.00031445269,0.00037188074,0.00059237843
6.7942686,12.703251,0.00024507847,0.00073232694,0.00081706815
6.59817,13.045843,3.5943463e-05,0.000758444,0.0007155773
6.4454947,12.638225,0.00025700964,0.0007718208,0.0012069938
20.39464,21.758308,0.00036226492,0.0007466525,0.00081303087
20.499435,21.420015,0.00029824534,0.00039614202,0.0005943724
20.749632,21.718403,0.0010021925,0.0005817497,0.00051481463
20.047138,21.844479,0.00028457772,0.00081171806,0.0009872728
19.804434,21.592354,4.856568e-05,0.0006318699,0.00091655937
19.56173,21.340229,9.626988e-05,0.00044796267,0.0008526058
20.151936,21.506184,0.0001112069,0.00047811598,0.0008380454
19.909231,21.254059,0.0002033296,0.00032006903,0.00090792077
20.256731,21.16789,0.00018161442,0.00016198272,0.00078212924
19.463505,21.932827,0.001096535,0.0009771136,0.00096794905
19.512617,21.636528,0.00049705245,0.000713133,0.0008967178
19.755322,21.888653,0.00052143075,0.0008690612,0.0009849565
19.143816,22.080881,0.0017052977,0.0010454246,0.00084078405
18.873238,21.932636,0.0012885518,0.0010102673,0.0008881064
18.602661,21.78439,0.0008000571,0.00094464864,0.0010376442
19.192928,21.784582,0.0013314583,0.0009021906,0.0009212558
18.92235,21.636335,0.0010626409,0.00082169357,0.00087751716
19.24204,21.488283,0.00067752367,0.00067451457,0.00086635386
18.917395,22.31081,0.0018238979,0.0009553196,0.0006201351
18.690975,22.54074,0.0016211423,0.00068785343,0.00019847648
18.646818,22.162565,0.0015885448,0.00085912587,0.00084864965
17.78059,22.363798,0.0010956085,0.0004689945,0.0006902558
18.098772,22.548838,0.0013409313,0.00039723993,0.00039456564
18.416952,22.733875,0.001700815,0.0003301032,3.4989323e-05
17.670858,22.82496,0.0014319209,0.00017651543,2.9293878e-05
17.98904,23.009998,0.0017858308,0.00016701233,0.00032427895
17.561127,23.286121,0.0014207284,0.00034937798,0.00016686413
18.054615,22.170662,0.0007209943,0.0006671705,0.00093173666
18.328638,21.977526,0.0010982209,0.00079576194,0.0010784798
18.372795,22.355701,0.0010816662,0.000674444,0.0006067681
14.910574,22.155785,0.0006158608,0.00023280937,0.001185819
15.126705,22.659925,0.0010816446,0.000121835736,0.00017916341
15.342837,23.164066,0.0017028265,0.00017042307,0.00026084273
14.536969,22.568209,0.0006478573,5.7866127e-05,0.0006081504
14.753101,23.07235,0.0016690413,0.00014048372,0.0001456372
14.163365,22.98063,0.0008862638,4.5466382e-05,0.00025699218
13.84015,22.025711,0.0007897639,0.00062314456,0.0010116852
14.375361,22.090748,0.000470113,0.00031586675,0.0010915094
14.001758,22.503172,0.0002187388,0.0002748997,0.0008397049
16.527563,22.32239,0.0013308986,0.00024646602,0.00062575703
16.835506,22.797354,0.0013239029,1.8683495e-05,8.911738e-06
17.143452,23.272318,0.001281632,0.0002479622,0.000103849045
16.204699,22.770996,0.0016304031,7.024966e-05,1.6493723e-06
16.512642,23.24596,0.0014082598,0.00014493603,0.00030161487
15.881834,23.219603,0.0016697822,0.000115716946,0.000113422866
17.362915,22.349995,0.0011468676,0.00041186402,0.00062673516
17.253183,22.811157,0.0012882162,6.469665e-05,1.104179e-05
16.945238,22.336193,0.0012908933,0.0002920489,0.0005628496
15.44957,22.211319,0.0010947632,0.00033726473,0.0010217852
15.988566,22.266855,0.0015069246,0.00041175022,0.0008866077
15.665702,22.71546,0.0017340994,1.796597e-05,3.712962e-05
14.277548,20.851582,0.0020225206,0.00049815705,0.00026694976
14.488557,21.286316,0.0015513925,0.00031144742,0.00017697178
14.699565,21.72105,0.0009019431,0.00033077525,0.0011050915
13.953344,21.221281,0.0017095553,0.000737194,0.00020979298
14.164353,21.656013,0.0010681949,0.00059681037,0.00060854503
13.629141,21.590979,0.0017885529,0.0008210025,0.00046481797
13.714233,20.677702,0.0024898732,0.0006740806,0.0004329381
13.39003,21.0474,0.00282165,0.00087254157,0.000104261446
13.065826,21.417097,0.0029758122,0.0010247135,1.6543316e-05
13.150919,20.50382,0.0040095574,0.0008509916,0.00017841742
12.826715,20.873518,0.003969183,0.00089187524,2.8531591e-05
12.5876045,20.329939,0.004670146,0.00077573134,5.0191877e-05
12.1569805,21.28927,0.0037568214,0.0008216206,0.00019628805
12.3722925,20.809605,0.0041026557,0.00075040094,0.0001269832
12.611403,21.353184,0.003487901,0.0009787988,8.312706e-05
11.798175,21.002632,0.0037496588,0.0007138468,0.00059578725
11.43937,20.715996,0.0036089518,0.0005286962,0.00083864573
12.013487,20.522966,0.004167235,0.0005556113,0.0003056798
8.744879,18.562078,0.0032331506,0.0005983737,0.00085167633
9.257526,18.73138,0.002850194,0.00056308456,0.001496983
9.770174,18.90068,0.0026028594,0.00046191138,0.0018128756
8.800252,19.054028,0.00278608,0.00052351964,0.0016099068
9.312901,19.22333,0.0026195527,0.00050338503,0.0017674444
8.855626,19.545977,0.0024874746,0.00031454413,0.001622065
9.861699,19.704185,0.0026653307,0.00025468855,0.0012832601
9.358663,19.62508,0.0025768373,0.00036577455,0.0014949539
9.815937,19.302433,0.0025789957,0.00039585424,0.001710582
10.334655,19.867094,0.0026440367,0.00017951417,0.0012323234
10.288893,19.465342,0.0025966363,0.00029561936,0.0015590045
10.24313,19.063591,0.0025405954,0.00037902594,0.0018960838
10.761848,19.628252,0.0027681433,0.0001890717,0.0013302474
10.716086,19.2265,0.0026470227,0.0002833595,0.0016848522
11.189042,19.389408,0.0032216227,0.0003018775,0.001416509
11.65523,19.702919,0.004238835,0.00029796566,0.00064521364
12.121417,20.016428,0.0046034013,0.00057406,0.00033639127
11.081112,19.895947,0.0029430822,0.00011175277,0.0010975142
11.547299,20.209457,0.0038132928,0.00029235467,0.0006362913
10.973183,20.402485,0.0029573939,0.00024591357,0.0011614411
10.653919,20.13479,0.0026103558,0.00018245348,0.0011901641
8.586211,17.325638,0.0033796688,0.0005483798,3.07546e-05
9.037444,17.487503,0.0030276354,0.00042665884,0.00021916442
9.488676,17.649366,0.0029988782,0.00032518274,0.00032473914
8.6186285,17.735306,0.00370528,0.0006033876,3.8531143e-06
9.069861,17.897171,0.0033845413,0.00046233519,0.0003241354
8.651046,18.144974,0.0037643746,0.0005726453,0.00019367225
9.582509,18.066471,0.003009578,0.0003290653,0.0006285014
9.676341,18.483576,0.0029652473,0.00040064898,0.0014451796
9.163693,18.314276,0.003350054,0.000492478,0.00087771076
9.186021,16.580498,0.0017164546,0.0002860994,0.00035058474
9.286906,16.936789,0.0022242572,0.00024810672,0.00021988712
9.387791,17.293077,0.002708571,0.00029656384,0.00015328336
8.835673,16.774923,0.002186299,0.00020524365,0.0002715888
8.936559,17.131212,0.0025025532,0.0003329418,0.00012407615
8.485327,16.969349,0.0029139959,0.00038664285,3.6984915e-05
7.342586,11.754269,0.0010952372,0.0006719715,0.0013620094
7.1664767,12.057464,0.00090876035,0.00056487945,0.0010776031
7.0391493,11.701379,0.0005759811,0.00064246316,0.0015611169
6.2571564,14.695539,0.0010673562,0.00011351897,0.0004581767
6.475601,14.253029,0.00044464413,0.00016034883,0.000259805
6.6940465,13.810518,0.00017401949,0.0004303645,6.336882e-05
6.767576,14.675113,0.0011570519,1.8922205e-05,0.00038899528
6.9860215,14.232602,0.00028609158,0.00028900747,0.00045680488
7.2779965,14.654686,0.0013737953,0.00014620979,0.00017367816
7.0547347,15.167455,0.0016910541,0.00022504802,0.00027523574
6.8314724,15.680223,0.0032002158,0.00030611537,0.00023374491
6.5443144,15.187881,0.0016959086,0.00031353364,0.0004543214
7.624157,15.018318,0.0021337296,3.55253e-05,0.00012444108
7.9703174,15.38195,0.0023069405,0.00012321133,0.0003399854
8.316478,15.745583,0.0021522518,0.00010391974,7.15378e-05
7.400895,15.531087,0.0028824098,0.0002498979,0.00029907853
7.7470555,15.894719,0.0027370814,0.00025848288,0.00013682962
7.177633,16.043856,0.0036257056,0.00035342312,0.00022361122
8.255979,16.218313,0.0023946243,0.0001833471,0.00023563916
8.195478,16.691044,0.0029340491,0.00038084725,0.00014008628
7.686556,16.367449,0.003231809,0.00042057375,0.00017753185
8.8961735,16.302193,0.001585403,0.00024031321,0.00046835502
8.545826,16.496618,0.0022542842,0.00018343207,0.00036409858
8.606325,16.023888,0.0018365846,0.00014875137,0.00032085064
8.024884,12.34181,0.0017174738,0.00039156788,0.0007068231
7.680045,12.348094,0.0015761489,0.00045937218,0.00068463874
7.335206,12.354377,0.0011670766,0.00050618517,0.00076463725
7.8561544,12.044898,0.0017648526,0.0005189478,0.0008447708
7.511316,12.051181,0.001459633,0.00055479974,0.00093357475
7.687425,11.747986,0.0017038686,0.0006280906,0.0011817776
7.232502,12.706394,0.00084447674,0.0005441356,0.0005505674
7.4746366,13.052129,0.0010057036,0.00048648106,0.00028709765
7.716771,13.397863,0.0010291566,0.0003811724,2.4793437e-05
7.036403,13.0489855,0.00035870634,0.00064785307,0.0003933888
7.2785378,13.39472,0.00043492857,0.0005355044,5.406607e-05
6.8403044,13.391578,0.00016961247,0.00062834146,0.0002114859
7.570513,13.816804,0.0006167912,0.00045576537,0.00016151415
7.424255,14.235745,0.00074999826,0.00034953217,0.00033140974
7.13228,13.813662,0.00019390369,0.0004947182,0.0001009854
7.9221797,12.693828,0.0017921869,0.00035242777,0.0005697105
7.8194757,13.045845,0.0015976084,0.0003548448,0.00031485222
7.5773406,12.700111,0.0013088454,0.00041240506,0.00051373197
7.78782,10.959562,0.0016060518,0.00070964295,0.0016495504
7.653258,11.2053175,0.0014821207,0.0006881983,0.0016249085
7.518134,10.938936,0.0009621498,0.0007050566,0.0019046243
20.699463,20.730204,5.3340103e-05,0.00013919477,0.00070661656
20.794693,20.378687,0.00018589478,0.00034675584,0.0008426099
21.051132,20.63763,0.00034495723,0.00040547538,0.0005822696
20.531395,20.098097,0.00044956617,0.00015474728,0.00072571286
20.436165,20.449614,0.0006384426,4.5317574e-05,0.000968584
20.340933,20.801132,0.000569941,4.2544445e-05,0.0009014816
20.172867,20.169024,0.0011177026,0.00012038078,0.0010021055
20.077637,20.520542,0.0011296421,6.509712e-05,0.0011280441
19.814339,20.239952,0.001280016,6.145588e-05,0.0010245636
19.645933,20.973469,0.0007007015,0.00019494293,0.00091587764
19.730135,20.60671,0.0011412338,6.735837e-05,0.0010418595
19.993433,20.8873,0.0009266734,0.00015083235,0.001002281
19.256113,21.096777,0.00014006486,0.00037693128,0.0008176612
18.950495,20.853327,3.7137885e-05,0.00033886102,0.00074495736
18.644876,20.609875,0.00030936813,0.00035197625,0.00060819264
19.340315,20.730019,0.0005589349,0.00015119137,0.000868495
19.034697,20.486567,0.00023227488,0.00017215987,0.0007159827
19.424519,20.363258,0.0008259632,3.49842e-05,0.0008628623
18.936422,21.244831,0.0005748912,0.0005640304,0.0007774487
18.616734,21.392885,0.0007233105,0.00068455935,0.00083431567
18.630804,21.001379,0.0006054139,0.0004718809,0.0006656913
18.228188,21.604391,0.0006919835,0.0007824665,0.0010574384
17.853716,21.424393,0.0009233236,0.00058615685,0.00082725496
17.479242,21.244394,0.0014723478,0.0004832102,0.0006163888
18.24226,21.212887,0.000869673,0.0005746018,0.00072923827
17.867786,21.032888,0.0012030215,0.0005062837,0.00060645776
18.256332,20.82138,0.0008121707,0.00044041756,0.00048366588
17.680141,21.990664,0.00092374254,0.00062886626,0.0010424964
17.57969,21.617529,0.0009688261,0.0006360357,0.0010074782
17.954165,21.797527,0.0009008375,0.0007599088,0.0011664485
17.262465,21.97686,0.0013883259,0.0005133145,0.0008601443
16.84479,21.963058,0.0016417501,0.00031041808,0.00079115183
17.162016,21.603725,0.0013456861,0.000528535,0.00082076306
16.346575,21.799881,0.0009078209,0.0002761779,0.001188466
15.807579,21.744347,0.00079363585,0.0003833249,0.0012958631
15.268583,21.688812,0.0010328558,0.0003739125,0.001104699
16.165588,21.277374,0.00022411766,0.00010392215,0.0011239846
15.626593,21.22184,0.0006863447,0.00012285291,0.0008101787
15.984601,20.754868,0.00046844222,8.042785e-06,0.00065662374
16.98103,21.081219,0.0014904145,0.00036345003,0.0004931197
16.663801,21.44055,0.0015666529,0.00014172052,0.0006013252
16.482815,20.918043,0.00083728833,0.00017178414,0.0006664321
14.846566,20.819344,0.0024498822,0.00023638835,9.594264e-05
15.415584,20.787106,0.0017911117,0.0001841477,3.8476428e-05
15.057574,21.254078,0.0016087694,0.00018278882,0.00022041146
15.024469,19.746323,0.0036945227,0.0004597712,0.000331218
15.344513,20.082504,0.0029964354,0.00023821395,9.752973e-05
15.664557,20.418686,0.0017778571,7.543934e-05,0.00021020102
14.775496,20.114742,0.00330055,0.00042924943,0.000110761146
15.095539,20.450924,0.002917895,0.00020896806,0.00015510316
14.526522,20.483162,0.0025566267,0.00042199675,0.00016369077
13.908527,19.58279,0.0032191752,0.0006505141,0.0010171302
14.031534,20.00572,0.0024164738,0.00059359684,0.00087311683
14.154541,20.428652,0.0020887596,0.00050728186,0.00063496537
13.46822,19.83184,0.0039319885,0.00070113596,0.00061162846
13.591227,20.25477,0.0031900476,0.0006362608,0.00056808774
13.027912,20.080889,0.004792774,0.000900699,0.00016590764
14.280508,19.6373,0.0029591443,0.0006058594,0.0009193402
14.652489,19.69181,0.003567994,0.00062462897,0.00068949925
14.403515,20.060232,0.002791584,0.00059475086,0.00063283864
12.7070875,19.711752,0.0052360846,0.0008587502,0.00036045347
12.2409,19.398241,0.0052483706,0.00070982747,0.00061423203
11.774713,19.08473,0.0046322946,0.0006454226,0.001163233
12.82657,19.093563,0.0052110916,0.00075046043,0.00092692085
12.360382,18.780054,0.0053869896,0.00082607416,0.0008389645
12.946053,18.475376,0.005209833,0.00076290715,0.0012551574
13.587702,19.213652,0.003906352,0.0006795132,0.0012151406
13.147395,19.462702,0.0048230044,0.00076233014,0.00066822686
13.266877,18.844515,0.004527427,0.0007501628,0.001394422
10.029782,17.663786,0.003015901,0.0002682162,0.00034420192
10.570888,17.678204,0.0029895804,0.00026729226,0.00057202857
11.111994,17.692623,0.0037866265,0.00045333226,0.0005268613
10.123614,18.08089,0.0030069067,0.0002739916,0.0010574705
10.664721,18.095308,0.0029118953,0.00024755066,0.001191421
10.217447,18.497995,0.0026176618,0.00027938274,0.0016089617
11.16336,18.823812,0.0033541142,0.00045814185,0.001668774
10.690403,18.660904,0.0027260266,0.00030940073,0.0018323981
11.137676,18.258217,0.003188522,0.00041269543,0.0013633339
11.749029,18.519135,0.0048940955,0.00070874236,0.0009742846
11.723347,17.95354,0.0044778325,0.00070542214,0.00067529397
12.3347,18.214458,0.0054818583,0.0008082315,0.00070593774
9.522037,16.620987,0.0018255764,0.00032247967,0.0002691222
9.858051,16.661474,0.0021842765,0.00042772625,0.00036900863
10.194067,16.701963,0.0026394983,0.0003748427,0.00014594942
9.622921,16.977276,0.0023914773,0.00029011298,0.00016289996
9.958937,17.017763,0.0026575774,0.00025671418,7.155724e-05
9.723806,17.333565,0.0028223982,0.00028473965,0.00013178098
10.500043,17.032183,0.003306677,0.00028345376,6.256299e-05
10.806018,17.362402,0.0037767272,0.00038181074,9.761145e-05
10.264913,17.347984,0.0031096463,0.00020909065,0.00014528236
9.383645,16.26239,0.0015596376,0.00045686573,0.0005626577
9.093798,15.984085,0.0017699967,0.00041789433,0.00045898126
8.803949,15.70578,0.0020905188,0.00026705622,8.700474e-05
9.581269,15.9442835,0.0015756415,0.0006194537,0.00074157934
9.291422,15.6659775,0.0020312867,0.0005558857,0.00034462253
9.778893,15.626176,0.0016732075,0.0007439665,0.00082512794
9.719661,16.30288,0.0016743189,0.00053754856,0.0006229663
9.917285,15.984771,0.001656761,0.0007394052,0.00094043114
10.0556755,16.343367,0.0020959377,0.00056771777,0.0005945333
7.807275,11.452921,0.0018622549,0.0006879062,0.0013740254
7.941837,11.207166,0.0020670285,0.00068195804,0.0013840592
8.076399,10.9614105,0.0022046003,0.00070357445,0.0014053502
8.095854,11.454769,0.0021369187,0.0006723355,0.0011643891
8.230415,11.209014,0.002358649,0.0006998094,0.0011653211
8.384433,11.456618,0.0023467466,0.00070443266,0.0009971927
8.264584,11.751682,0.00206656,0.00062973064,0.00094487076
8.144733,12.046746,0.0017495006,0.0004742291,0.0008011528
7.976004,11.749834,0.0019350657,0.0005954126,0.0010256157
8.864427,12.107416,0.0020704493,0.0005148777,0.0009607447
8.584579,12.185548,0.0019701212,0.00046528637,0.0009050253
8.304731,12.2636795,0.0022091912,0.00045596692,0.00085750245
8.704429,11.890484,0.0016913111,0.0006093598,0.00082820654
8.424582,11.968615,0.0021966342,0.0005539333,0.00088240206
8.544431,11.673551,0.002215657,0.0006594728,0.0008935239
8.129668,13.716016,0.0015824842,0.00013313227,1.206866e-05
8.542565,14.034167,0.002780701,0.00018462932,0.00045913254
8.955462,14.35232,0.0038033295,0.00033531577,0.0008309398
7.9834104,14.134956,0.0014624537,0.00021760399,1.6512233e-05
8.396307,14.453109,0.002388699,0.00011323465,0.0003444871
7.837152,14.553898,0.0016680965,0.000106872,0.00013086374
8.529472,15.281162,0.0023271644,0.000240819,0.00038850983
8.183312,14.91753,0.0019307632,2.0883032e-05,0.00018263342
8.742468,14.816741,0.0030302233,0.00036921562,0.00061338226
9.504416,15.201557,0.002357027,0.00065807137,0.00019243918
9.016945,15.24136,0.0029247683,0.00054237613,0.00031765737
9.229939,14.776938,0.0033401786,0.0005184639,0.0005775286
8.315416,12.562812,0.0019415203,0.00027565635,0.00074700615
8.605949,12.7838125,0.0022060047,0.00018341426,0.0007702536
8.896482,13.004813,0.0025616647,0.0001539602,0.0007464959
8.212712,12.914829,0.0021325797,0.00020034815,0.00055704615
8.503245,13.13583,0.0025405681,5.212432e-05,0.0005375714
8.110008,13.266847,0.0019744188,0.00020712451,0.000224747
8.916142,13.453982,0.00257634,4.1380525e-05,0.00064114155
8.935802,13.9031515,0.0034804894,0.00022083559,0.00078747445
8.522905,13.584999,0.0022160618,0.00012601487,0.00028207724
8.875112,12.4065485,0.0020634504,0.00039028277,0.0010131072
8.8857975,12.705681,0.0025339064,0.0002720711,0.0010042958
8.595264,12.48468,0.0023595653,0.00034446677,0.0009399515
8.206643,10.699685,0.0022057053,0.0007882643,0.0015056299
8.490905,10.685564,0.0027404656,0.00074053527,0.0013354784
8.7751665,10.671443,0.0031152824,0.0006826302,0.0012040737
8.360661,10.947289,0.0025323601,0.0007497782,0.0012115135
8.644922,10.933168,0.0028100465,0.00067621126,0.0010290106
8.514677,11.194893,0.0025678193,0.0006971403,0.0009778384
8.444987,10.266732,0.002453392,0.00079217384,0.0017453493
8.610077,10.469088,0.0029017376,0.0007425442,0.0014306519
8.160726,10.280853,0.0016484149,0.000838675,0.0019905067
8.325815,10.483209,0.0023682178,0.00079177413,0.0016246238
8.0415535,10.49733,0.0016915207,0.0008245515,0.0018285387
7.90903,10.248586,0.0012553306,0.00083971,0.0022957213
21.109064,19.472397,0.00018941751,0.00063404907,0.00036395038
21.352743,19.661722,7.753493e-05,0.00071200967,0.00066579017
20.999495,19.749783,6.864732e-05,0.0005881423,0.0005451832
20.89696,19.167805,0.00027432851,0.00059004535,0.00033102348
20.78739,19.44519,3.27304e-05,0.0005051625,0.00033521652
20.677818,19.722576,0.00027879607,0.00042871956,0.0004854952
20.575285,19.140598,2.1518674e-05,0.00040122785,0.00037881685
20.465714,19.417984,0.00052437186,0.00041075796,0.00044732448
20.253609,19.113392,0.000533361,0.00038968865,0.00053995335
20.31929,19.793505,0.0010682484,0.00037980126,0.0007599214
19.960762,19.864431,0.0012127687,0.00013991108,0.0007859948
20.107185,19.488913,0.00092592184,0.00023198815,0.0005595238
19.520432,19.916183,0.0009339561,6.838236e-07,0.00064436195
19.226524,19.592415,0.00050096563,6.636465e-05,0.00043146033
18.932617,19.268648,1.32241985e-05,0.00013873901,0.0004953872
19.666855,19.540665,0.000876687,9.306823e-06,0.0005213085
19.372948,19.216896,0.00043330342,9.878911e-05,0.00049874396
19.813278,19.165144,0.0006344158,4.1265623e-05,0.000551978
19.130611,20.039492,0.0003702615,2.8513838e-05,0.0005308789
18.740791,20.162798,0.00020668737,0.00018301746,0.00047253096
18.836704,19.715723,8.078758e-05,3.0555995e-05,0.00041588565
18.262981,20.343184,0.00080026063,0.00034521078,0.00040034603
17.881084,20.076492,0.0014130877,0.0003039057,0.00021662898
17.49919,19.8098,0.0017677174,0.00029222202,0.00026286583
18.358894,19.896107,0.00090916594,0.00018683542,0.00026488135
17.977,19.629416,0.0016288133,0.00035320153,0.00037096554
18.45481,19.449032,0.0008283219,0.00014803477,0.0005647478
17.874435,20.55469,0.0011532134,0.0003576557,0.0003493125
17.485891,20.766197,0.001568214,0.000299672,0.00030187797
17.49254,20.287998,0.0012576832,0.00030365365,0.00036663932
16.987679,20.60302,0.0012266487,0.0002802855,0.0004642284
16.489464,20.439844,0.0011963001,0.00030324812,0.000612266
16.994328,20.124823,0.0017147497,0.0002447609,0.00024092675
15.416302,19.513018,0.0036614542,0.000372276,0.0005896919
15.808134,19.279715,0.0035725762,0.00037981197,0.00082616915
16.199966,19.046412,0.003596258,0.00041413153,0.0008959385
15.736346,19.8492,0.0026741712,0.00027250766,0.0004202535
16.128178,19.615896,0.002698402,0.0003055314,0.00053712795
16.05639,20.185383,0.0015624058,0.00017976161,0.00045647845
16.633041,19.300875,0.0026979316,0.00037648057,0.0007804766
17.066114,19.555338,0.0019461662,0.0003735702,0.0005848692
16.561253,19.87036,0.0019601528,0.00034972763,0.0005474981
14.918924,19.335028,0.0039552646,0.0005127738,0.0008144658
14.813379,18.923733,0.003990462,0.0005755565,0.0013279673
14.707835,18.512438,0.0037787296,0.00065025315,0.0019729512
15.310757,19.101725,0.0040402845,0.0004224559,0.0008973264
15.205213,18.69043,0.0040860795,0.0005111526,0.0014732848
15.70259,18.86842,0.003951072,0.00046822292,0.0011806262
14.546944,19.280518,0.0037567401,0.00064800686,0.0010094924
14.174963,19.226006,0.0034617414,0.0006530264,0.0012699885
14.441399,18.869223,0.0038100872,0.0006516729,0.0016491619
13.854138,18.856869,0.003824771,0.0006423701,0.0017160375
13.533313,18.48773,0.0042947633,0.00062756205,0.0017445602
14.120574,18.500084,0.0036873952,0.0007013929,0.0021304376
12.909356,17.87444,0.005673749,0.0007456824,0.0007898789
12.298003,17.613522,0.005333136,0.0008207291,0.00026482577
11.68665,17.352604,0.0048249774,0.0006751056,7.42143e-05
12.87266,17.273502,0.0052195303,0.0003492669,9.9821715e-05
12.261307,17.012585,0.0051456676,0.00060829474,0.00024014199
12.835963,16.672567,0.004596246,0.0002698392,0.0002392162
13.317776,16.831,0.0047220374,6.906077e-06,0.00015762565
13.799588,16.989433,0.0048349965,5.740425e-05,0.00032571735
14.281402,17.147867,0.004711235,0.00016888927,0.0006086281
13.354472,17.431936,0.005180947,0.0003417405,0.00044415143
13.836285,17.59037,0.00454725,0.000460748,0.0012351243
13.391169,18.032873,0.005055557,0.0007119237,0.0014519589
14.56569,18.05758,0.003745459,0.0006727419,0.0023309467
13.97843,18.045227,0.003978642,0.00067851186,0.002137022
14.423546,17.602724,0.004294091,0.00046770123,0.0015716029
10.584086,16.443895,0.0032561945,0.0006130831,0.00025892863
10.445695,16.0853,0.0028188014,0.0007338792,0.0006135913
10.307303,15.726705,0.0024086693,0.0007942256,0.00074600324
10.974106,16.18583,0.004227126,0.0009630779,0.00013481989
10.835714,15.827233,0.004035977,0.0010003776,0.000258659
11.364124,15.927762,0.0047818893,0.0011486075,4.7940644e-05
10.890061,16.774117,0.003918936,0.00058038696,0.00016777264
11.280081,16.516048,0.0044975276,0.0009821509,4.4960063e-05
11.196037,17.104336,0.004094547,0.00057856773,0.00017223996
11.854737,16.176031,0.0050270804,0.0010070959,8.342788e-06
12.34535,16.4243,0.0049807187,0.0006410272,9.391818e-05
11.770694,16.764317,0.0051205405,0.0007819201,0.00038913242
10.431584,14.627108,0.003358664,0.0007907761,0.00040459388
10.214021,14.96013,0.002590634,0.0008541113,0.00020982383
9.996457,15.293153,0.0019219092,0.00073790166,0.00060733187
9.939544,14.535512,0.0027141056,0.0004886857,0.0002873696
9.72198,14.868534,0.002459647,0.00063147466,1.4524441e-05
9.447503,14.443916,0.0031382178,0.00037429744,0.0006221125
10.742431,15.060659,0.0040132855,0.0008585146,0.0002513528
11.053278,15.49421,0.004522129,0.0009975153,5.062681e-05
10.524867,15.393682,0.003200815,0.0009128086,0.00032771192
12.779094,15.344404,0.0043649827,0.00018621964,0.00014767441
12.79805,15.787126,0.0045403405,0.00029843982,0.00022257486
12.817006,16.229847,0.00457145,0.00040496897,0.00047238148
12.307437,15.538857,0.004485244,0.0005003388,0.00013026921
12.326394,15.981578,0.0048438506,0.0006229579,8.701545e-05
11.835781,15.73331,0.0048166863,0.0010091012,1.9415049e-05
8.683771,11.446131,0.0023017065,0.00067111256,0.0008485038
8.814016,11.184406,0.002526614,0.00062396337,0.0008340378
8.944261,10.922681,0.0029268702,0.00047530257,0.0009232382
8.98311,11.435644,0.002119002,0.0005217455,0.0007851287
9.113355,11.173919,0.002704578,0.00045232236,0.00086202496
9.282449,11.425157,0.0030846945,0.00052178855,0.0011473382
9.003767,11.879996,0.0022439286,0.0005589882,0.0009796477
8.843769,11.663064,0.0017927578,0.0006004672,0.0007872372
9.143108,11.652576,0.0025611985,0.0005953583,0.0010287177
9.171736,12.170293,0.0028402484,0.0004910598,0.001417472
9.479045,12.23317,0.0035804703,0.00022553792,0.0018756727
9.786354,12.296046,0.0045234836,0.00013139134,0.0022633437
9.182421,12.469425,0.002385074,0.00025858014,0.0011893489
9.48973,12.532302,0.0035359685,0.00010399439,0.0016377829
9.193106,12.768558,0.0030385382,0.00029769097,0.0012803716
9.311076,11.942873,0.0031539162,0.00047160801,0.0015375903
9.450417,11.715453,0.0035752172,0.00034819928,0.0016404286
9.618385,12.00575,0.004087841,0.00012590713,0.0021545412
9.354761,13.139658,0.0032667657,0.0002041976,0.0010895017
9.813039,13.274503,0.0038523814,8.1910635e-05,0.0011571784
10.2713175,13.409348,0.0040350445,0.00043168623,0.0011605718
9.374421,13.588827,0.0031880634,1.0395888e-06,0.0006877687
9.8327,13.723672,0.0033923718,3.8137077e-06,0.0009100266
9.394081,14.037996,0.0031542387,8.415876e-05,0.0008862811
10.378162,14.221188,0.0035188762,0.0003999376,0.0009008306
9.886122,14.129592,0.0030949423,0.00020975684,0.0007552432
10.324739,13.815268,0.0036930023,0.00031680852,0.0010643841
9.948009,12.667147,0.0047268667,0.0003206298,0.0018972689
10.109663,13.038247,0.004466199,0.0004363401,0.0013937383
9.651384,12.903402,0.0038569951,2.0265521e-05,0.0014379369
9.5763645,10.673987,0.0036586453,0.00047393108,0.0013736808
9.478393,10.924377,0.0036977306,0.0003735313,0.0013117297
9.380421,11.1747675,0.0033447584,0.00041583943,0.0012061475
9.3092985,10.67314,0.0036821296,0.000516758,0.001266821
9.211327,10.923529,0.0032423656,0.0005738802,0.001050588
9.0422325,10.672291,0.0032967925,0.0005050474,0.0011046561
8.588423,9.941155,0.002478648,0.0007967851,0.0019873686
8.896948,9.817935,0.0034656967,0.0006158004,0.0019294797
8.753512,10.143511,0.003235381,0.0006599526,0.0016500773
9.062037,10.02029,0.0038215271,0.0005833428,0.0016075559
8.918602,10.345867,0.0035790699,0.00052905834,0.0013931112
9.452734,10.347563,0.004041368,0.00050251797,0.0013389427
9.185668,10.346715,0.0037859976,0.00062088214,0.0013274022
9.329103,10.021138,0.0041949293,0.0006332727,0.0015340773
8.5303545,9.630516,0.0021675997,0.0007728918,0.002537115
21.155928,18.874897,0.0007321304,0.00092169316,0.00066608936
20.834253,18.847692,0.0005994784,0.00071284577,0.0005230743
20.512577,18.820486,0.00022528414,0.000491892,0.0005611074
21.093222,18.554785,0.001309786,0.0011916567,0.0009033242
20.771547,18.527578,0.0010059476,0.0008758713,0.0008137424
21.415045,18.74207,0.0011712695,0.0012538602,0.0010695513
20.045763,18.710455,0.00023526233,0.0003000053,0.0007612319
19.837915,18.307516,0.0007325115,0.00033500465,0.00083641
19.63007,17.90458,0.0019329124,0.00031896768,0.0007981423
20.304731,18.417547,0.00061247544,0.0005928954,0.00089103996
20.096886,18.01461,0.0014197954,0.00069026864,0.0010157028
20.5637,18.124641,0.00163652,0.00094635657,0.0009719877
19.605433,18.762205,2.7263537e-05,5.5195997e-06,0.00057834864
19.165102,18.813957,0.0002551662,0.00017129758,0.00045966986
19.397585,18.359268,0.0011481198,4.89885e-05,0.0005098457
18.53969,18.823967,0.00095481845,0.00022141251,0.0005557326
18.14676,18.379286,0.0015437586,0.00014890614,0.0010443893
17.753832,17.934607,0.0019507955,8.613226e-05,0.0015762444
18.772173,18.369278,0.0012559136,0.00034740975,0.00052666443
18.379244,17.924597,0.0012336931,0.00038758374,0.0012202435
19.004656,17.914587,0.0023233881,0.00017269945,0.00057756074
18.06188,19.00435,0.0017271802,0.00023848354,0.00072472414
17.58407,19.184736,0.0021653266,0.00057984807,0.000804319
17.668951,18.559671,0.0023415438,0.0005525794,0.0013780652
17.150995,18.930273,0.0028560248,0.00056032406,0.00090120855
16.717922,18.67581,0.0037884905,0.00052302866,0.001144608
17.235876,18.305208,0.003541073,0.00051401067,0.0013673967
15.987827,17.462172,0.0034995326,0.00015327721,0.0023517166
16.576496,17.61965,0.0036153197,0.00021118642,0.0021322458
17.165163,17.777128,0.0034439557,0.00016586005,0.0016902611
16.05854,17.990252,0.003881915,0.00042164966,0.0022742932
16.64721,18.14773,0.0042027608,0.00047185313,0.0016707778
16.129253,18.518332,0.004057475,0.0005595769,0.001507851
15.631876,18.34034,0.0039636097,0.00051416317,0.0018834877
15.134499,18.16235,0.0037932573,0.0006149173,0.0023081733
15.561163,17.81226,0.003783381,0.0004282767,0.0024792296
14.992354,17.707493,0.003954947,0.0004714295,0.0022354517
14.85021,17.252636,0.0041888645,0.00019199646,0.0011883912
15.419019,17.357403,0.0038674278,0.00015730603,0.0018123072
14.182165,16.650988,0.004586864,8.2243525e-05,0.00053525384
13.700353,16.492554,0.0041622105,6.661721e-05,0.0006617054
13.21854,16.334122,0.0043399204,0.00020905142,0.0006525359
14.08293,16.154108,0.00418808,0.00018303597,0.0010221059
13.601117,15.995675,0.0042809416,0.00032328768,0.000833835
13.983694,15.657229,0.004391722,4.106399e-05,0.00069066137
13.180627,15.44868,0.0043607606,0.00021969865,3.3556775e-05
13.582161,15.552955,0.004601938,0.00011588365,0.00028718376
13.199583,15.8914,0.0044368235,0.00035943795,0.00060365803
15.2677555,16.146843,0.0032553256,0.00045118987,0.0009923021
14.938971,16.480518,0.004217929,0.0001001982,0.0006889901
14.610186,16.814192,0.0046652975,7.99612e-05,0.00047974812
14.839735,15.983639,0.0033272575,0.00025371683,0.0012403055
14.51095,16.317314,0.004274664,8.881645e-05,0.00094760116
14.411715,15.820435,0.0038990935,0.0001384269,0.001123688
15.50778,16.585287,0.0037140078,0.00018845673,0.0006386336
15.747804,17.02373,0.003561147,0.000107005064,0.0013489546
15.178995,16.91896,0.0042814193,1.2205506e-05,0.00082578644
10.880597,14.438494,0.0043928702,0.00062191044,0.0010196725
11.329609,14.249881,0.004616809,0.00029114186,0.0012574834
11.778622,14.061268,0.004649643,0.00013851607,0.0011217578
11.191443,14.8720455,0.0046288073,0.000678256,0.00064187055
11.640456,14.683433,0.0044420306,0.00037889602,0.00067336566
11.502291,15.305597,0.0046519227,0.000875538,0.00023538142
10.827174,14.032575,0.0043263384,0.00040753442,0.0012890282
10.773752,13.626655,0.0043044724,0.00045106764,0.0011298612
11.276187,13.843961,0.0044697607,0.00023376936,0.0013102613
12.445602,14.916692,0.0041172346,1.0193675e-05,0.00029748352
11.973947,15.111145,0.0042048413,0.0003744095,0.00027479662
12.112112,14.48898,0.0043873815,3.4056604e-05,0.0005954392
13.005137,14.961228,0.0042584054,9.39013e-05,0.00018008047
12.671646,14.533516,0.004127495,0.00027775468,0.0003409158
12.338156,14.1058035,0.004370258,0.00017205643,0.00077442516
13.231181,14.5780525,0.003908577,0.00034450134,8.1806036e-05
12.89769,14.15034,0.004058534,0.00048217637,0.00049863424
13.457225,14.194877,0.003144602,0.0007498003,0.0001078404
13.406671,15.065504,0.0043190643,0.00016814738,0.00020229374
13.632714,14.682328,0.0037527562,0.00052394555,8.353681e-05
13.808205,15.169779,0.0044387374,0.00025366817,7.992724e-05
9.822463,10.897145,0.0031921272,0.00037408737,0.0014431496
10.068562,11.120302,0.0035922704,0.00037963473,0.001956898
10.31466,11.34346,0.0039252094,0.00027240708,0.0026110508
9.724491,11.147534,0.0035173404,0.00025749637,0.001588114
9.97059,11.370692,0.0038389186,0.00015204941,0.0021103309
9.626519,11.397924,0.0038541842,0.00021370687,0.0017008772
9.794488,11.688221,0.0042723594,2.95114e-05,0.0022267625
10.138558,11.660989,0.0042185965,9.139418e-05,0.0026279807
9.962456,11.978518,0.0046920194,0.00010049873,0.002609526
10.245335,12.356092,0.005091184,0.0003033575,0.0024482538
10.421436,12.038563,0.004875798,5.0069182e-05,0.002838499
10.597539,11.721034,0.0044565857,0.00016658637,0.0030613658
10.704315,12.416138,0.0048146425,0.00027004315,0.002249448
10.880418,12.098608,0.0046886266,1.0697055e-05,0.0027281593
11.163296,12.476183,0.0043502115,0.00022474432,0.0018901494
10.568644,13.098292,0.0044392343,0.00059803686,0.0011900495
10.406989,12.727192,0.0047725462,0.0005153605,0.0017414821
10.86597,12.787238,0.004596615,0.00051314314,0.0014705445
11.071078,13.315599,0.0044487766,0.00055023027,0.0010157239
11.368404,13.004544,0.0040595713,0.00039528462,0.00093852123
11.573513,13.532906,0.0043806317,0.00030986033,0.0009374884
9.859112,10.497731,0.003916321,0.0007058627,0.0015906505
9.735481,10.171307,0.0038740723,0.0007438868,0.0013518666
9.611851,9.844882,0.004274765,0.0008045776,0.0015612086
10.14186,10.321475,0.0035757953,0.0008843143,0.0016838277
10.0182295,9.99505,0.0038354616,0.0008721615,0.0014221123
10.424607,10.145219,0.003396066,0.0009158713,0.0016927698
10.10521,10.720888,0.0034073587,0.0006413169,0.0017288958
10.387959,10.544632,0.0033537936,0.00079621846,0.0019030814
10.35131,10.944046,0.0034687591,0.00056323275,0.0020668597
10.411101,9.698696,0.0038572322,0.0009351942,0.0014609331
10.004723,9.548529,0.004452117,0.00091052544,0.0015968233
9.598344,9.39836,0.004499629,0.0008053013,0.0020080055
10.397594,9.252174,0.00470001,0.0008032674,0.001578012
9.991216,9.102006,0.0050899503,0.00071317935,0.0019111105
9.526221,8.93175,0.0039130254,0.00078170106,0.0024670952
20.935188,17.769142,0.002815546,0.001222826,0.0008953586
20.468372,17.659111,0.002548894,0.0009396737,0.00092667295
20.001558,17.54908,0.002421096,0.0007137182,0.0010295466
20.83986,17.303612,0.0031809504,0.0010187774,0.0007492788
20.373045,17.19358,0.0031420656,0.0007619064,0.00088786497
21.245337,17.5545,0.0028849477,0.0013104443,0.00090417545
19.426823,17.366978,0.0029543245,0.00026321635,0.0009167688
19.223576,16.829378,0.0030775783,1.3364188e-05,0.001161663
19.02033,16.291779,0.002367682,0.00022957861,0.000987955
19.798311,17.01148,0.0029395483,0.0004764824,0.0011534105
19.595064,16.473879,0.0029543317,0.00020137771,0.0011453847
20.169798,16.655981,0.0029551145,0.0005453365,0.0011930513
18.80141,17.376987,0.002640938,9.8876015e-05,0.0011481552
18.175997,17.386997,0.0014349851,0.0003751198,0.0018457436
18.598164,16.839388,0.0017426431,0.00035691817,0.0016993465
18.349388,16.114517,0.0015928689,0.00076371507,0.0010790463
17.927221,16.662127,0.0010550255,0.0006403072,0.0021107537
17.505056,17.209736,0.0018911269,0.00043823273,0.0020244978
17.678446,15.937256,0.0010821454,0.0010217709,0.0011868336
17.256279,16.484865,0.0015277695,0.0009611929,0.0013444335
17.007504,15.759995,0.0014096862,0.001252267,0.000945652
16.327719,16.89478,0.0029821335,0.0003422092,0.0012577185
16.667612,16.327387,0.00241662,0.0009460516,0.00061556324
16.916388,17.052258,0.0023873923,0.00044662118,0.0018678
15.8476715,16.017895,0.0025063697,0.00090181,0.00085200917
16.427588,15.888945,0.0020375624,0.0012633919,0.0007667735
16.087696,16.456337,0.0029077763,0.0005518466,0.0007201915
15.272079,15.576836,0.00250592,0.0011895685,0.0010433992
15.276403,15.006827,0.0026595015,0.0015644357,0.00021143665
15.280727,14.436819,0.0034513217,0.001612711,0.0004309269
15.851995,15.4478855,0.0017175181,0.0014697891,0.0011017972
15.856319,14.877877,0.0020553286,0.0015462005,0.0006539205
16.431911,15.318936,0.0013998672,0.0013564192,0.0012083183
14.844059,15.4136305,0.003156087,0.001031632,0.0006749762
14.4160385,15.250426,0.003837875,0.00085112767,0.00023885773
14.848383,14.843622,0.0034434483,0.0014653939,0.00027329382
14.240549,14.762975,0.0037033781,0.0009918638,0.00025804498
14.065059,14.275524,0.0026638568,0.0012345691,5.1278665e-05
14.672894,14.356172,0.003336405,0.001542546,0.00046627945
14.281198,13.103494,0.0017100923,0.0009796497,0.0007002717
14.614374,13.5479355,0.0020958888,0.0013486461,0.00047200386
14.947551,13.992377,0.003230978,0.0016375335,0.00044230185
14.00654,13.467288,0.0015462539,0.0012099424,0.0005785184
14.339717,13.91173,0.0020190054,0.0014843075,0.00015235225
13.731882,13.831082,0.0020574117,0.0011759044,9.9196826e-05
11.724487,12.474896,0.003047013,0.0001759713,0.0013127882
12.285679,12.473611,0.0029484879,0.0005961339,0.0013579689
12.84687,12.472325,0.003134948,0.0008670633,0.001495785
11.929596,13.003259,0.0036758652,0.00011926994,0.0006804844
12.4907875,13.001972,0.003714307,0.0002471041,0.00073042867
12.134705,13.53162,0.0042892406,1.1609052e-05,0.00080414285
13.253774,13.620693,0.0033046422,0.0008584696,0.00047873938
12.694239,13.576157,0.0041614654,0.00036337232,0.00077785505
13.050322,13.046509,0.0036658589,0.00044687954,0.00068120717
13.803088,12.893105,0.0021390547,0.00077336316,0.00011064003
13.528431,13.256899,0.0026181615,0.000862754,8.004659e-06
13.32498,12.682714,0.0029490974,0.00078475947,0.0009062496
10.761405,11.243695,0.0039708423,0.00046617293,0.0030934368
10.798054,10.844281,0.0036747456,0.0007140094,0.0029456136
10.8347025,10.444868,0.0029291608,0.0008770211,0.0021408633
11.208149,11.14393,0.0034944855,0.0006976469,0.0028883815
11.244798,10.744517,0.0028545451,0.0008744446,0.0025459034
11.654893,11.044167,0.002637274,0.0008777873,0.002650984
11.044283,11.621269,0.004437766,0.00031522568,0.0032610465
11.491027,11.521505,0.0031212484,0.0006586525,0.0026815063
11.327162,11.998844,0.003805938,0.0002966274,0.002564429
11.888353,11.997558,0.0024758975,0.0007095401,0.0019831748
12.052218,11.520219,0.0021059336,0.000931605,0.002125274
12.449545,11.996272,0.002324403,0.0010585923,0.001825376
10.879985,9.926911,0.0028184252,0.0010428597,0.0017527582
10.866478,9.480389,0.003331713,0.0010351557,0.0013793812
10.852971,9.033866,0.004302754,0.00079841807,0.0012296466
11.3353615,9.708603,0.0020084677,0.0010327024,0.001281384
11.321856,9.262081,0.0026571276,0.00090778223,0.0010761702
11.790739,9.490295,0.001634612,0.00083583815,0.0011824897
11.29008,10.226561,0.0021685092,0.00096375996,0.0018490771
11.745457,10.008252,0.002064647,0.0008099291,0.001924478
11.700175,10.52621,0.0024487956,0.0007995021,0.002438833
11.772308,8.957824,0.0020076255,0.00080123724,0.00087844
11.303425,8.7296095,0.0038963822,0.00073270366,0.001001464
10.83454,8.501395,0.0053474274,0.00045676163,0.0013712177
11.753878,8.425353,0.00323176,0.0006653973,0.00078491773
11.284994,8.197139,0.004986308,0.00042434302,0.0010873303
10.759564,8.004816,0.0053700027,0.00016985578,0.0015177736
20.498474,15.700367,0.0024238084,0.00025178515,0.0005897607
20.621504,16.269224,0.0026794788,0.0005308521,0.00096676894
19.92374,15.518266,0.0018005075,0.00029702694,0.0008523385
20.04677,16.087124,0.0025382661,0.0004404101,0.0010129679
19.472034,15.905022,0.002696957,0.00018214411,0.00077521417
21.001379,15.979633,0.002239421,0.0002842891,0.0005891146
14.248992,11.91245,0.0016775769,0.001541323,0.0009625854
14.2597275,12.309464,0.0018932584,0.001351614,0.0007237376
14.270462,12.706479,0.0020558313,0.0010228467,0.00012403364
13.781618,12.099075,0.0018054014,0.0013586036,0.0010714324
13.792354,12.49609,0.0022895902,0.0011305243,0.00067917164
13.314244,12.2857,0.002686164,0.0011132173,0.0014461363
19.82228,14.882115,0.00086779636,0.00016497175,0.0013507009
19.370575,15.268872,0.0022899727,0.00031460216,0.000755992
18.918869,15.655628,0.002348284,7.31858e-05,0.0006245669
19.269115,14.632722,0.0018645641,0.00025583542,0.0012530917
18.81741,15.019478,0.0023428472,9.9530036e-05,0.00094808487
18.71595,14.3833275,0.002035471,0.00022137933,0.0013849188
18.247929,15.478367,0.0010810766,0.0006621132,0.0011514393
17.576986,15.3011055,0.00060987566,0.0010609699,0.0015419847
18.14647,14.8422165,0.00051346514,0.00043015636,0.0018526821
18.13811,14.094978,0.0014890421,7.769791e-06,0.0015090893
17.568626,14.553867,0.0006090484,0.000945447,0.0015142765
16.999146,15.012756,0.0007923236,0.0011848777,0.0015515729
17.560268,13.806628,0.001189115,0.00037459773,0.0013352225
16.990786,14.265517,0.00052834954,0.0011494593,0.0011406853
16.982426,13.518278,0.0015578785,0.0007786731,0.00094974425
15.84796,14.130638,0.0035099927,0.0015143586,0.00037367598
16.415194,13.824458,0.0025968347,0.0011536954,0.00018822023
16.423553,14.571697,0.0016645952,0.0013384034,0.0007595211
15.563812,12.594833,0.0035956537,0.0012725717,2.5623216e-05
16.036684,12.902649,0.0037280782,0.0010684577,0.00056681683
16.509556,13.210464,0.003057207,0.000835503,0.00073844043
15.469451,13.208829,0.0032487158,0.0012502407,0.0005177696
15.942323,13.516644,0.0039166696,0.0011931206,0.00018492254
15.37509,13.822824,0.00363642,0.0015673578,0.00041427187
14.708735,12.93394,0.0020946485,0.0010815954,0.00069869304
15.136274,12.764387,0.0028210268,0.0011429759,0.000529135
15.041913,13.378382,0.0026440853,0.0012990236,0.00067667826
14.698001,12.536925,0.0019339136,0.0013410777,0.0001343568
14.687265,12.139911,0.0023715312,0.0015626004,0.0009906059
15.125539,12.3673725,0.002563827,0.0015061703,0.0005108024
12.217806,10.868284,0.0023934836,0.000770845,0.002247918
12.263087,10.3503275,0.0023784149,0.0005870418,0.002218809
12.30837,9.83237,0.0020397613,0.0005885952,0.002189963
12.780718,10.692402,0.0025309613,0.0007364622,0.00199382
12.826,10.174445,0.0022403072,0.00067311135,0.0019722006
13.343631,10.5165205,0.0021843694,0.0008396911,0.001593538
12.615131,11.344337,0.0022916067,0.0010416148,0.0019495557
13.178044,11.168455,0.0022053893,0.0010955668,0.0014441567
13.012457,11.82039,0.00239914,0.0012736622,0.0017271833
13.947205,11.44714,0.0012566447,0.0012903995,0.0004897431
13.479831,11.633765,0.0020387725,0.00132624,0.0012070327
13.645418,10.98183,0.0015914707,0.0009918171,0.00080597156
12.22422,8.107698,0.0023228074,0.0004665573,0.00051466166
12.712994,8.322516,0.00030960608,0.00040045337,0.00042012054
13.201767,8.5373335,0.00058495486,0.00034973538,0.0008210847
12.242651,8.64017,0.0013155034,0.00060320203,0.00080978754
12.731424,8.854987,0.0008808221,0.00053158484,0.0009912855
12.261082,9.172641,0.0010523445,0.00073033624,0.00094635226
12.778712,9.514716,0.0017203265,0.0005506286,0.0018564998
13.249055,9.1970625,0.0014322593,0.000561163,0.0016547729
13.296343,9.8567915,0.0019140653,0.00076602673,0.0017828633
13.170812,7.967631,0.00010911981,0.00022391262,0.0001323924
12.682037,7.7528133,0.0011588074,0.00040604925,4.497217e-05
12.193264,7.5379963,0.00391205,0.00041434867,0.0006384519
13.139855,7.397928,0.00054931734,0.00020431765,0.00035960134
12.651082,7.183111,0.0027262433,0.0004358953,0.00016195886
12.164374,6.9793086,0.004369468,0.0002784782,0.0003111926
19.189304,14.003937,0.0016341105,0.0002994961,0.0014697951
19.662659,13.624546,0.0003132776,0.0001234354,0.0017752168
19.74247,14.253331,0.0003453032,0.00024111592,0.0020075485
20.215824,13.8739395,0.00044539012,0.00014619622,0.0021343268
20.295635,14.502725,0.00028906064,0.00013379136,0.0017513441
20.754383,14.146024,0.0004053549,0.00012130255,0.0016102025
14.566586,11.573247,0.002175181,0.0011540593,0.0005652575
14.264799,11.107938,0.0015130476,0.0008874984,0.00022941722
13.963012,10.642628,0.0015060245,0.00084418507,0.000749567
14.88418,11.234045,0.0024503367,0.0008303981,0.00021202408
14.582393,10.768735,0.0018616788,0.00056090904,0.0002574555
15.201774,10.894842,0.0028434251,0.00066263333,0.00023711477
15.004859,11.800709,0.0029111332,0.0014142741,0.0010271659
15.3224535,11.461506,0.0035240846,0.0010579731,0.00068036735
15.443132,12.02817,0.0037525853,0.0015341975,0.0012039694
19.58595,12.979759,0.000289076,0.00029595336,0.0009575782
19.112598,13.35915,0.0017061594,7.7567995e-05,0.0008833547
18.639244,13.738541,0.0018914867,0.0003490597,0.001246982
19.03589,12.714363,0.0010659056,0.00019589218,0.0008322672
18.562536,13.093754,0.0015928835,0.00044167973,0.0011835485
18.48583,12.448967,0.0009864417,7.9093385e-05,0.001175988
17.48356,13.161841,0.0014531694,0.00032214983,0.0013989975
17.984695,12.805404,0.0012160243,5.9888465e-05,0.0014156385
18.061401,13.4501915,0.0017213015,4.167203e-05,0.0012301772
17.949434,12.184073,0.0016225786,0.00022320554,0.0008248015
17.448301,12.54051,0.0018935875,0.0003798363,0.0010521326
16.947166,12.896948,0.00221551,0.0006119029,0.0013104646
17.41304,11.919179,0.0023631174,0.00059335085,0.0001927754
16.911907,12.275617,0.0026556046,0.0009802234,0.00041202537
16.876646,11.654285,0.0037067381,0.00080457376,0.00044112775
16.001423,12.281318,0.004342128,0.0014653038,0.00068548357
16.439035,11.967801,0.0041411044,0.0013353741,0.00086187664
16.474295,12.589132,0.0033500805,0.0010510958,0.0005844302
15.880744,11.714654,0.004542003,0.0012366058,0.0011985662
15.760064,11.14799,0.004120932,0.00083221705,0.0006728422
16.318356,11.401137,0.0047289315,0.0008920579,0.0009393062
13.820582,8.733366,0.0018519938,0.00016265182,0.0015016615
14.439398,8.929399,0.0018236422,1.4462159e-05,0.0009250157
15.058212,9.125431,0.0013248862,9.6470234e-05,0.00017094394
13.86787,9.393095,0.0020719657,0.00045941357,0.0014334081
14.486686,9.589128,0.0015719405,0.00038393377,0.00080576073
13.915158,10.052824,0.001855552,0.00065185974,0.0012216452
15.15392,10.305038,0.002348829,0.00064811506,0.00059736986
14.534539,10.178931,0.0016561784,0.00045892072,0.00068099564
15.106067,9.715235,0.0016021805,0.0005052717,0.00045887666
14.392287,7.4143662,0.0007940917,0.0002555959,0.00064198975
13.995447,7.7886887,0.0013589954,0.00029631518,0.0008374159
13.598607,8.163011,0.00055970834,1.9375118e-05,0.0010514747
13.964491,7.218986,0.00055083307,6.1434694e-06,0.00016267528
13.567651,7.5933084,0.00056727324,4.289832e-05,0.00012122793
13.5366955,7.023606,0.0008110455,1.7284809e-05,0.0005571125
14.614263,7.984721,0.0015626096,0.00039697892,0.00076789013
14.836238,8.555077,0.0014717497,0.00016395107,0.0004928456
14.2174225,8.359043,0.002264851,0.00031478377,0.0013131805
13.511635,6.492283,0.00046305824,0.00056954473,0.0015644263
13.9143715,6.15634,0.0003305748,0.00053393916,0.0013466519
13.939431,6.687663,0.000100172125,0.00036949184,0.0008811634
14.342168,6.3517203,0.00016127992,0.00025576257,0.0010411884
14.367228,6.8830433,0.0001602387,0.00018476302,9.1778114e-05
13.542026,5.960127,0.0013258923,0.0003356087,0.0008086418
18.962,12.074099,0.000109026674,0.0004297353,0.0009771684
19.438171,11.69923,0.0006620693,0.0005740309,0.0012303838
19.512062,12.339495,0.00040282938,0.00052124675,0.0010111461
19.988234,11.964626,0.0012219313,0.000552152,0.001399289
20.062122,12.604891,0.00092743384,0.0005090896,0.0010475207
20.54106,12.230293,0.0013724943,0.0006934068,0.0012206291
16.683226,9.948105,0.0040760827,0.00082021824,0.0009727807
16.7477,10.516832,0.00426066,0.0006124821,0.00071867753
16.812172,11.085559,0.004471329,0.00041628396,0.00044339593
16.189407,10.263684,0.004408122,0.0007402756,0.0010966816
16.253881,10.832411,0.0043992996,0.00062936964,0.0006516433
15.695591,10.579263,0.0036148992,0.000736263,0.0006559301
15.6477375,9.989459,0.0034646871,0.0006948579,0.0010143014
15.599884,9.399655,0.0029285746,0.0003432067,0.00063896936
16.141554,9.673881,0.004300348,0.0006095724,0.0011330923
19.37276,11.072372,0.00015635602,0.00041110744,0.0012398727
18.89659,11.447241,0.0001980029,0.00047405146,0.0007280834
18.420418,11.822109,0.00086626783,0.00029367127,0.00073684927
18.831179,10.820383,0.00060145627,0.00042394153,0.0009078273
18.355007,11.195251,0.0008071227,0.00039008528,0.0006076672
18.289597,10.568393,0.0013090018,0.0004849356,0.00051551743
17.34763,11.292321,0.0031252354,0.00032656512,8.266361e-07
17.818613,10.930357,0.0017447121,0.00043443288,0.00045268348
17.884024,11.557215,0.0015773352,0.00030123,0.00043216982
17.218683,10.154868,0.0033918845,0.0007880321,0.0006997364
17.75414,10.36163,0.002494425,0.000623066,0.00021473074
17.283155,10.723595,0.0036036156,0.00043642742,0.00039335265
16.505432,8.588375,0.00362891,0.0003561105,0.000681832
16.564697,9.041618,0.004113794,0.00039274432,0.0006440231
16.62396,9.494862,0.004156656,0.0006457346,0.0008256035
16.023026,8.767394,0.003332163,0.00016864738,0.00057134026
16.08229,9.220637,0.0039125737,0.00033031683,0.00079034944
15.540619,8.946412,0.0024606646,6.607897e-05,0.00037213345
15.761372,7.538143,0.002225268,1.0465737e-06,0.0011001178
15.526985,8.067239,0.0020385822,0.00019493,0.00052019453
15.292599,8.596335,0.0019026392,0.0001968022,0.0003213298
15.305011,7.4968843,0.0014079441,0.00026914687,0.0010977681
15.070624,8.02598,0.0016421991,0.00042440055,0.0006117272
14.848649,7.4556255,0.00093037955,0.0002967005,0.000580386
16.257412,8.238298,0.0029161305,0.0003389743,0.0006669951
15.775005,8.417316,0.002635748,1.4118385e-05,0.0004859649
16.009392,7.888221,0.002443318,0.00014607678,0.00071865064
15.494682,6.3079267,0.000113724265,0.0002684564,0.0005631051
15.127217,6.6767397,0.0003191505,8.918578e-07,0.00013617473
14.759752,7.045553,5.2487478e-05,7.041072e-05,0.00020112074
15.102158,6.1454167,0.0010367977,0.0001478431,0.0013053594
14.734693,6.5142303,0.0004619439,2.2992346e-05,0.0005200044
14.709633,5.9829073,0.0007299166,7.4249896e-05,0.0011861385
15.672476,7.128071,0.0017599819,8.2126004e-05,0.0013163504
15.216114,7.086812,0.00060749426,7.326191e-06,0.0012783641
15.583579,6.717999,0.00047067576,1.4311925e-05,0.0009999138
15.458166,5.898481,0.0010662717,0.00016079354,0.0012258189
15.065641,5.735971,0.0017768508,0.00019120445,0.0015486567
14.673116,5.5734615,0.0018634638,0.0008145573,0.0013675676
15.42165,5.489035,0.00157669,0.000258815,0.00061382586
15.029124,5.326525,0.0023385826,0.0005425463,0.00040318677
14.742238,5.136812,0.0022418555,0.00035788724,6.730296e-05
18.758755,10.188165,0.0015138166,0.00044144376,0.00030359277
19.227913,9.807938,0.00089270505,0.0005384396,0.0005703948
19.300337,10.440155,0.00014321972,0.0004737334,0.0011299881
19.769495,10.059927,0.00061394717,0.0006653705,0.0011431711
19.841919,10.692144,0.00059729675,0.0004101086,0.0014669803
20.321531,10.312527,0.0018365039,0.0008910082,0.0015954013
19.130726,9.1765585,0.0015998248,0.00046956306,0.00029889902
18.66157,9.556787,0.0021274479,0.00033164886,4.362082e-06
18.192411,9.937015,0.0021627836,0.00054802164,3.0273804e-05
18.564383,8.925408,0.0021247629,0.0003335022,0.00013398763
18.095226,9.305636,0.002162682,0.00050222455,0.00026361772
17.99804,8.674258,0.0023811355,0.0005418812,0.00015004037
17.121496,9.523489,0.0034795683,0.0006805463,0.0005346368
17.559769,9.098874,0.0028157653,0.00046006974,5.581102e-05
17.656954,9.730252,0.0027238473,0.00065000984,0.0002577806
17.002968,8.6170025,0.0035598688,0.0005475262,0.0005905194
17.500504,8.64563,0.0029583792,0.000710618,0.00047358434
17.062233,9.070246,0.0038167299,0.00044317544,0.00039489806
17.048016,7.6490703,0.002301022,0.0010399303,0.00090105896
17.36469,7.9907994,0.0026754448,0.0009384396,0.0008358218
17.681364,8.332529,0.002599993,0.00089614856,0.0006019732
16.867155,7.962172,0.0028581999,0.0008685651,0.00081143377
17.183828,8.303901,0.003210868,0.000793917,0.00081906264
16.686293,8.275273,0.0033146394,0.0004800962,0.00072496315
16.438272,7.925196,0.0027001698,0.00044606067,0.0007385932
16.190252,7.575119,0.0024149185,0.000359611,0.0010549673
16.619135,7.6120944,0.0023691747,0.00062630494,0.0008758217
15.937877,6.3756,0.0012733727,0.00026993663,0.00041349558
16.38107,6.4432735,0.0022647209,7.238798e-05,0.0010206391
16.824263,6.510947,0.0026212707,0.000274471,0.001633637
16.026773,6.785672,0.0017256355,0.00015952397,0.0016201986
16.469967,6.853346,0.0023261989,0.00048437604,0.001869116
16.11567,7.1957445,0.0026911653,0.00033351907,0.0017622111
16.97343,7.2696958,0.0020949699,0.0009278617,0.0012821006
16.54455,7.2327204,0.0023400756,0.0006625581,0.0014760545
16.898848,6.8903213,0.0023180284,0.0006691066,0.0017466119
16.287933,5.484116,0.000107942615,0.0003905216,3.6767684e-05
16.023516,5.7587194,9.495858e-05,0.000109043496,0.0004169331
15.7591,6.033323,0.00014775805,0.00027799665,0.00058204774
15.987,5.3492737,0.0010711122,0.00050602644,0.00027202722
15.722583,5.6238775,0.0007984205,0.00015556376,0.0005728891
15.686067,5.214432,0.0017611166,0.00046786736,0.00025615608
16.46671,5.826393,0.0014614085,7.175922e-05,0.00034558773
16.645487,6.16867,0.0025587182,1.8431223e-05,0.0010461115
16.202293,6.1009965,0.0014825413,8.5000414e-05,0.00024743308
16.258272,5.1555996,0.0007532439,0.00069758424,0.00021581119
15.957338,5.0207577,0.002029186,0.0006808122,0.00014994713
15.656405,4.8859153,0.002799102,0.0006019358,0.0002248548
16.228611,4.8270836,0.0019822186,0.00078306283,5.5500306e-05
15.927677,4.692241,0.0030083205,0.0005494014,9.051338e-05
15.707241,4.5359063,0.0034553083,0.00040892093,0.0001306138
19.656572,8.829868,0.00027886732,0.0010122565,0.00046735862
19.090229,8.578717,0.0014599098,0.00081546785,8.344534e-05
18.523886,8.327567,0.0018031308,0.0010349562,0.00041916315
19.616074,8.232027,0.0005793092,0.001371677,0.00029577618
19.04973,7.9808764,0.0011487084,0.0013624091,0.00054230937
20.123144,8.43871,0.00042532198,0.0013654856,0.00030610268
18.18736,6.9039664,0.002172368,0.00071218004,0.0012093913
18.650099,7.1473727,0.0019493864,0.0009320736,0.0008951227
19.112839,7.390779,0.0014328896,0.0010135837,0.0006243664
18.124252,7.4940634,0.002138232,0.0010585568,0.0010268971
18.586992,7.73747,0.0017698368,0.0012298386,0.0008587364
18.061146,8.084161,0.0022700783,0.0010333641,0.0007299113
17.427797,7.4007025,0.0020353177,0.0009575179,0.0010346132
17.807579,7.152334,0.0020747054,0.0008757653,0.0011943254
17.744473,7.7424316,0.0022527336,0.0010129669,0.0009596307
17.353212,7.021328,0.001971446,0.0008991315,0.0014179967
17.27863,6.6419535,0.0026044892,0.0003791853,0.0016277365
17.732994,6.7729597,0.0023377908,0.000570127,0.0013932651
17.736452,5.937874,0.0030938832,0.0001266473,0.0015397402
17.886755,6.259905,0.0027361582,0.0002486097,0.0013229696
18.037058,6.5819354,0.002394138,0.0004486646,0.0012091346
17.432388,6.128898,0.0030721372,1.8230174e-05,0.0014877438
17.582691,6.450929,0.0027532126,0.00019922783,0.0014863535
17.128326,6.3199224,0.0030178172,3.0105351e-05,0.0015903314
17.131416,5.458971,0.0029751104,0.0004897008,0.0018255762
17.029032,5.80963,0.0032438063,4.7431095e-06,0.0012878083
16.926647,6.1602883,0.0030306205,3.8340804e-05,0.0014079097
16.850254,5.467353,0.0023750018,0.00032813312,0.0010795328
16.747871,5.8180113,0.0025046847,6.1914325e-06,0.00092663406
16.569094,5.475734,0.001351345,0.0003306279,0.00067513576
17.534773,5.7782397,0.0032300162,8.414721e-05,0.0015744336
17.230711,5.969264,0.0033877483,1.6619219e-05,0.0014368428
17.333094,5.618605,0.003168762,0.00022886426,0.0015569327
16.8937,4.7359443,0.00010419544,0.0009544075,0.0011634403
16.691776,4.985335,0.00017558015,0.00084323203,0.0007450236
16.489855,5.2347255,0.00034291297,0.0005847305,0.0003568232
16.662115,4.6568184,0.0013120717,0.0008224108,0.0003874139
16.460194,4.906209,0.00081669306,0.00086349127,0.00048682047
16.430532,4.577693,0.0022130343,0.00070698105,0.00031675817
17.052177,5.2179623,0.0022512632,0.0006673554,0.0013874953
16.771015,5.2263436,0.0014622854,0.0006445373,0.0012943381
16.972939,4.976953,0.0013393009,0.0008974086,0.0016429436
16.862455,4.5021906,0.0015429074,0.0008052136,0.00040100235
16.630873,4.423065,0.0022218777,0.00064418814,0.0002608737
16.39929,4.3439393,0.0029382734,0.00046208,0.00029441202
16.831213,4.2684374,0.0023278706,0.00049600133,0.00040679518
16.59963,4.1893115,0.0028917678,0.00022866437,0.0003178278
16.434433,4.078442,0.0032097402,7.943902e-05,0.0006779479
19.51978,6.6808,0.0014835047,0.0005723666,0.0007599973
19.547678,7.1574926,0.0012794025,0.0007701266,0.0003824744
19.057041,6.4373937,0.0019566817,0.00046776043,0.000986838
19.08494,6.9140863,0.0018777768,0.00071790844,0.0007697708
18.6222,6.67068,0.002187304,0.0005540837,0.0009988168
19.968695,6.7895665,0.0010044882,0.0006559276,0.0005380195
18.596548,5.69798,0.0025349907,0.0004924351,0.0018567462
18.89499,5.866689,0.0022013683,0.0006257912,0.001504241
19.193436,6.035398,0.0019820961,0.00059539644,0.0012310636
18.460152,6.0999756,0.0024691178,0.00031480577,0.0013028358
18.758596,6.2686844,0.0022045313,0.00037578813,0.0010890695
18.323755,6.501971,0.0023405561,0.00046904065,0.0011051421
18.02315,5.857909,0.0029763198,0.00022920966,0.0016660573
18.309849,5.7779446,0.0028017724,0.0004154283,0.0017945609
18.173452,6.17994,0.0026526137,0.00022618461,0.0013110519
17.950888,5.197413,0.0028930185,0.0007325088,0.0025697094
18.166107,5.3642683,0.0030815606,0.00071862875,0.0025672577
18.381329,5.531124,0.002831572,0.00051184255,0.0021984552
17.87941,5.444233,0.0031562117,0.0006236714,0.0023396276
18.09463,5.6110888,0.0030274575,0.00040346198,0.0020658006
17.80793,5.6910534,0.0030503091,0.00017682789,0.0017516526
17.606253,5.5314193,0.002983414,0.00033668126,0.001906116
17.404573,5.371785,0.002950915,0.0006724293,0.0021757078
17.67773,5.284599,0.0028415415,0.0007202989,0.0023441843
17.471249,4.7794833,0.0016225637,0.0010076017,0.002034469
17.357971,5.005979,0.0018552397,0.0009592176,0.0023126327
17.244694,5.2324753,0.002631901,0.00078328064,0.0019365107
17.278732,4.7649703,0.0008540274,0.0010125602,0.0017977497
17.165455,4.991466,0.0015919093,0.00094807043,0.0020430943
17.086216,4.7504573,0.0004894333,0.0009905768,0.0015890771
17.631128,4.918793,0.0023295633,0.0010797699,0.0025852122
17.791008,5.058103,0.002742833,0.0009221347,0.0025723262
17.51785,5.145289,0.0028852997,0.000916976,0.002346824
17.351923,4.2259502,0.0012012759,0.0005942293,0.0006239624
17.199183,4.3959484,0.0006422731,0.00071884424,0.00064615207
17.04644,4.565946,0.0008687149,0.0009350373,0.00097462535
17.167938,4.1621947,0.0020319903,0.0005279754,0.00046150293
17.015198,4.332193,0.0015522169,0.0006280382,0.00037863757
16.983955,4.098439,0.0024947862,0.0002709655,0.00021471316
17.431473,4.594972,0.000770604,0.0010058527,0.0016722977
17.238956,4.580459,0.00026256964,0.0009987421,0.0013973219
17.391699,4.4104614,5.821325e-05,0.0007857764,0.001047689
17.256845,3.8923662,0.0022512693,8.3588995e-05,0.00028459774
17.304384,4.0591583,0.0019419418,0.00031509995,0.00045103347
17.072863,3.828611,0.002640631,2.8680312e-05,0.0004390534
17.120401,3.9954028,0.0024829821,0.00024214177,0.00020483835
16.936417,3.9316473,0.0034187369,0.00014118152,0.00015491247
16.954882,3.7265782,0.0039463695,0.00023419107,0.0007417039
18.871696,5.4919605,0.0024660851,0.0006420711,0.0021738228
19.146847,5.285941,0.0026396252,0.0007526504,0.0025224783
19.170141,5.66067,0.0021207538,0.00072132103,0.0017697747
19.445292,5.4546504,0.0023291796,0.0007063827,0.0020877004
19.468586,5.8293786,0.0017557996,0.0007253458,0.00138008
19.813742,5.5006332,0.0021919035,0.000449048,0.0017507508
18.642685,4.758744,0.00278925,0.00075252075,0.0028132221
18.902454,4.8658032,0.0031969775,0.0006761677,0.0028366598
19.162226,4.9728627,0.0028160086,0.00069840596,0.0027198289
18.627306,5.0718226,0.0027464954,0.0008547671,0.002871236
18.887075,5.1788816,0.002591838,0.00081409723,0.0026668704
18.611927,5.384901,0.0026591178,0.00075381564,0.0024543123
18.181486,5.05119,0.0030238838,0.00096192793,0.0030251148
18.412086,4.904967,0.003015606,0.00085688505,0.0029096769
18.396708,5.218045,0.0029060005,0.00085910567,0.002796391
17.66013,4.6430664,0.0018663979,0.0009882392,0.0018729861
17.620354,4.458555,0.0010192427,0.00080653257,0.0013554413
17.58058,4.2740445,2.2937602e-05,0.00056332746,0.00089513883
17.84901,4.5066495,0.0013503133,0.0008124602,0.0020163849
17.809235,4.322139,0.0006247449,0.0005418771,0.0015715347
18.037891,4.3702326,0.0018388432,0.00046410714,0.0016876804
18.441086,4.62924,0.0022878177,0.0007303683,0.0025752753
18.210487,4.775463,0.0029545822,0.0008178402,0.0027466505
17.979889,4.921686,0.0025485784,0.0010507153,0.002706123
18.239489,4.4997363,0.0022017965,0.0006301759,0.0021905128
18.00889,4.6459594,0.0027471809,0.00081480574,0.0024823737
17.82001,4.7823763,0.0022220626,0.0010538326,0.00242501
17.370321,3.728873,0.0020600348,0.0004693712,0.0003556339
17.531334,3.7321715,0.0018474256,0.00045873644,0.00013961317
17.41786,3.895665,0.0016889086,8.9871464e-05,0.00031333696
17.578873,3.8989637,0.0011334182,0.00019967882,0.00022019725
17.465397,4.062457,0.0009086447,0.00020732149,0.00048633246
17.694054,4.110551,0.0003478222,0.00022429903,0.00084408605
17.807528,3.9470577,0.00036574298,0.00012876629,0.00061696675
17.922709,4.158645,0.001142745,0.00010618125,0.0009989063
17.416197,3.5577784,0.0024318025,0.0010735558,0.00039914344
19.286812,4.60135,0.0034101168,9.78444e-05,0.0023774318
19.354404,4.840636,0.0031952953,0.00039182848,0.0026543322
19.027042,4.4942904,0.0030937805,0.00017617841,0.0022672876
19.094633,4.7335763,0.0034760374,0.00034592056,0.0027230405
18.834864,4.6265173,0.0028031198,0.0004982194,0.0025678072
19.566044,4.582934,0.0044642454,0.00040304998,0.002488098
19.053751,4.2491107,0.0034667843,0.00030178681,0.0017172319
18.861572,4.3813376,0.0027476503,9.357836e-05,0.0021155518
18.669394,4.513564,0.0031037822,0.00031848229,0.002227328
18.888283,4.136158,0.0031231178,0.0002732817,0.0012455173
18.696104,4.2683845,0.0022752641,0.00011207233,0.0017253985
18.467796,4.3840604,0.0029968051,0.00026285276,0.0018281247
18.2662,4.2545567,0.0017513356,0.00029164506,0.0014539147
18.494507,4.1388807,0.0018522054,0.000104720704,0.0012942003
18.16873,3.9350014,0.0006818933,9.939051e-05,0.0004718746
18.10331,4.152617,0.00077595084,0.00022311462,0.001077773
18.053547,3.723414,0.00042628963,0.0005848375,0.00022356212
17.988129,3.9410295,0.00035885512,0.00022977265,0.00038416404
17.872948,3.7294421,0.0009858739,0.00053070136,0.00010836311
18.397038,3.8193254,0.00045952725,0.00033991854,0.00047285343
18.559925,3.9212651,0.001453615,0.00040714,0.00076782843
18.331617,4.036941,0.0013870903,0.00011472148,0.0008843634
17.96623,3.5358236,0.0011155257,0.0008693205,7.101288e-05
19.131296,4.0261364,0.0029089446,0.00064033596,0.0013695061
18.561043,3.6822255,0.0010037494,0.0010142734,7.995963e-05
