x,y,e11_abs_error_t71,e22_abs_error_t71,e12_abs_error_t71
1.8311099,38.687588,0.01653216,0.0010537545,0.00078758376
2.074575,38.61109,0.01407194,0.00043085497,0.00026890554
2.3180404,38.53459,0.011889389,0.0012031943,0.00065658207
2.5615056,38.458096,0.010305983,0.001372123,0.0009153865
1.993373,38.8901,0.014294343,0.0018919379,0.0005630343
2.2464602,38.80496,0.0119598685,0.0010996922,0.0007570629
2.4995472,38.719814,0.010766458,0.0012727957,0.0009776043
2.17488,39.07532,0.012074286,0.000938982,0.00089611474
2.4375892,38.981537,0.01081024,0.0011072259,0.0010276288
2.3756309,39.24326,0.011254938,0.0013519118,0.00097339205
1.4549216,37.968254,0.019697206,0.0011143874,0.0021149933
1.7320184,37.959023,0.01729633,0.0008359705,0.0011646616
2.0091152,37.949795,0.013983089,0.0012525488,0.00021035428
2.286212,37.940563,0.012097956,0.0015224995,0.00036719942
1.5621117,38.218517,0.018482504,0.0003441407,0.0009985657
1.8483115,38.204044,0.016107587,0.00043350575,0.0004438112
2.1345112,38.18957,0.013098711,0.0013603129,0.00011001126
1.6875077,38.458294,0.016909309,0.000921556,0.0008817152
1.9828106,38.43858,0.015012283,0.00036017108,4.3956737e-05
6.447986,38.965843,0.010512973,9.886327e-05,0.0011360347
6.6878014,39.15118,0.01009477,5.141343e-05,0.0018932801
6.9276166,39.336517,0.009084929,0.000311876,0.0035308423
7.167432,39.521854,0.008849496,0.0005517846,0.0034893192
6.282333,39.28026,0.0092996685,0.00021458592,0.0020562164
6.5301204,39.48429,0.0080376435,0.00056683226,0.00380283
6.777908,39.68832,0.008288044,0.00074961805,0.0040273443
6.116679,39.59467,0.007293696,0.000114228926,0.0034217865
6.372439,39.817398,0.0061939964,0.00026934594,0.004084776
5.951026,39.909084,0.006893699,0.00015958922,0.0034457212
7.1331334,38.76385,0.012523828,0.00036228914,0.0015032291
7.450928,38.849033,0.013128133,0.00027096024,0.0015697437
7.768723,38.934216,0.012593499,3.89626e-05,0.0029914086
8.086518,39.019398,0.012437424,0.00036687055,0.0030802712
7.144566,39.01652,0.011526717,0.00016175804,0.001864641
7.462616,39.10311,0.011094324,8.1574544e-05,0.0032520248
7.7806654,39.189705,0.0118956845,0.00011263169,0.0029819484
7.1559987,39.269188,0.009613847,0.00018854358,0.0035085096
7.4743032,39.357193,0.01055008,0.0002941167,0.0032613855
8.828586,38.68565,0.0137867555,0.0011169226,0.0032199267
8.578567,38.79061,0.012860918,0.0009194149,0.0033088208
8.33121,38.90186,0.0126826875,0.0005038057,0.0030606952
8.630538,38.502308,0.013788555,0.00067528273,0.0030259364
8.381851,38.610413,0.013523269,0.00057924504,0.0030528447
8.135827,38.724808,0.013590368,0.00037053178,0.0029200579
8.432491,38.318966,0.01541129,0.00027799347,0.0016751101
8.185135,38.430214,0.015375111,0.00031728973,0.0017506636
8.234444,38.135624,0.016157009,1.778733e-05,0.0011389733
8.861869,37.984898,0.016897753,0.00020857825,0.0013179858
9.05914,38.085526,0.016542597,8.404575e-05,0.0019148018
9.256412,38.186153,0.016452163,0.00034204172,0.002415605
9.453683,38.28678,0.017241418,0.0005736221,0.0024805267
8.850775,38.218483,0.015528797,0.0001832484,0.0019909148
9.053646,38.328793,0.015097974,0.00050503045,0.00249539
9.256516,38.439106,0.015680809,0.0007630228,0.0024945468
8.83968,38.452065,0.014428051,0.0006871683,0.0028946714
9.048151,38.57206,0.013978259,0.00096437894,0.0026582263
3.2379718,39.719036,0.00616128,0.0027419634,0.0007552133
2.9353228,39.58808,0.007341153,0.0023302636,0.00093086914
2.6478758,39.42949,0.009597357,0.0019864356,0.0007022901
3.2805686,39.388187,0.0061143027,0.0021427483,0.0011871316
2.9855206,39.243416,0.007408572,0.00178568,0.001317617
2.7056746,39.071003,0.009098237,0.0014520243,0.0012640946
3.3231654,39.057343,0.006481981,0.0015110394,0.0017500852
3.0357187,38.89875,0.0074429084,0.001439747,0.0016567236
3.3657625,38.726494,0.007285647,0.0012110174,0.0017295394
4.1614065,38.9873,0.0072740363,0.00065443036,0.001660841
4.279971,39.32223,0.0065756426,0.001242534,0.0012068227
4.3985353,39.657166,0.005834518,0.0021464308,0.0010524075
4.5171,39.992096,0.0042898334,0.002592005,0.0011615838
3.8535948,39.231213,0.0059620696,0.0015463935,0.001403531
3.9660122,39.58669,0.005262814,0.0023759415,0.00079524284
4.0784297,39.942165,0.0040334724,0.002852574,0.0008429877
3.5457833,39.475124,0.0055730427,0.002333134,0.0009472377
3.6520536,39.851143,0.00497752,0.0028686621,0.0006629895
5.477366,39.97626,0.005471166,0.0009748535,0.003201998
4.999391,40.003933,0.0043190927,0.0018827968,0.0024737027
5.7606454,39.515438,0.007837673,0.00017009955,0.0022352766
5.284828,39.562862,0.0077661294,0.0005350475,0.0018096509
4.804695,39.570778,0.0070419535,0.0012020681,0.0013377068
5.5702653,39.12179,0.009640442,0.00017261866,0.0010294083
5.09229,39.14946,0.009470077,0.00010322477,0.0010614177
5.379885,38.728146,0.010585592,0.00025757978,0.00076973136
1.1737292,36.94111,0.022347365,0.0014147793,0.003655006
1.4947075,37.00582,0.020155879,0.0011067796,0.002629556
1.8156857,37.070534,0.016747793,0.001236865,0.0011469246
2.1366642,37.135246,0.014203337,0.0011587137,8.176372e-05
1.2398866,37.29027,0.02204398,0.00047709397,0.0023746616
1.5746516,37.351593,0.01929056,0.0009437959,0.0016710619
1.9094166,37.412914,0.015254675,0.0010877434,0.0001932971
1.3336174,37.632652,0.021138117,0.0007156241,0.0023417412
1.6821691,37.690586,0.017968826,0.0007656922,0.0012590082
9.326107,37.456306,0.01928334,0.000563938,0.0011620864
9.599195,37.529343,0.01936484,0.00053002004,0.0015831606
9.872282,37.60238,0.019651765,0.000336049,0.002440432
10.14537,37.67542,0.020033734,0.00043207896,0.0024702295
9.368632,37.73313,0.018689768,0.00035442784,0.0013966954
9.642258,37.805965,0.018798107,5.501526e-05,0.0023796912
9.915883,37.8788,0.02019648,0.00017367111,0.0023655847
9.411158,38.009956,0.017621692,0.00015761633,0.0023691263
9.685321,38.082584,0.018806431,0.00032770407,0.0025159465
11.564095,36.468864,0.017630901,0.0012696144,0.004496902
11.494565,36.253357,0.016902233,0.0012766123,0.004159283
11.4250345,36.03785,0.018398136,0.0012182887,0.0026148437
11.355504,35.822342,0.017916642,0.0011351019,0.0024041405
11.735493,36.345623,0.016897213,0.0012205468,0.0045342906
11.667287,36.13195,0.01581151,0.0012928005,0.0041662343
11.599081,35.918278,0.017342735,0.0011427493,0.002748833
11.909539,36.22605,0.016688133,0.0013184363,0.0041965917
11.842658,36.014214,0.01544255,0.0011871934,0.00401921
12.086235,36.11015,0.016023325,0.0012454104,0.004214945
2.1219835,35.912125,0.01506556,0.000604352,0.0027254946
1.8058988,36.25512,0.017018007,0.0009985525,0.0028537742
1.4898139,36.598114,0.019913282,0.0011137729,0.0032506562
1.7350696,35.79215,0.015882367,0.00075324136,0.003763675
1.4223251,36.134678,0.018476319,0.0011769569,0.0041753883
1.1095805,36.47721,0.021457706,0.000986123,0.003942602
1.3481557,35.672176,0.016303003,0.00083922804,0.0046796165
1.0387514,36.01424,0.018561583,0.0013688471,0.0048312917
0.9612417,35.5522,0.016488623,0.0007624894,0.004893249
9.966084,36.761005,0.019643387,0.0011916229,0.0016977107
10.282975,36.847897,0.02020649,0.001151229,0.0025496965
10.599866,36.934788,0.020428885,0.0012266496,0.003428763
10.916758,37.021683,0.02032135,0.0013066193,0.0038684965
10.025846,37.065807,0.020012625,0.0009480687,0.0022617744
10.344675,37.155262,0.020227114,0.0010179661,0.003111498
10.663505,37.24472,0.020699956,0.0010800469,0.0034378248
10.085608,37.370613,0.019971535,0.00065609126,0.0027520922
10.406375,37.46263,0.020406004,0.0006745595,0.0030696304
10.833222,36.774853,0.020351483,0.0012536069,0.003727191
10.749686,36.528023,0.020741707,0.0011902738,0.002717285
10.666151,36.281197,0.020455822,0.0013360234,0.0018690659
11.128115,36.831535,0.019937575,0.0013892313,0.003956387
11.04679,36.587643,0.019687625,0.0011906978,0.0039179903
10.965466,36.34375,0.020366115,0.0011821184,0.0026270405
11.343894,36.647263,0.0186379,0.0012800014,0.0044143246
11.26478,36.406307,0.01845022,0.0012123248,0.004025507
12.52616,35.69359,0.012780612,0.000793117,0.004161045
12.388285,35.843197,0.01392755,0.0010612344,0.0038590187
12.241643,35.98205,0.014635394,0.0011490432,0.0038449923
12.307179,35.604115,0.0127659775,0.0007652509,0.0041489587
12.164921,35.748344,0.013702886,0.000931205,0.003992754
12.013896,35.88182,0.014587151,0.0010957039,0.0038559248
12.0882,35.51464,0.014176153,0.00068494456,0.0034083978
11.941558,35.653492,0.015151382,0.0008422835,0.0031926567
11.869219,35.425167,0.015134641,0.0006226171,0.0029420836
2.0759482,34.463024,0.010956867,0.00021207929,0.0035465842
1.7043794,34.82608,0.011790598,0.00036099163,0.004264717
1.3328105,35.18914,0.013874028,0.0005043511,0.0048736837
1.6320688,34.238457,0.009921113,0.00023274656,0.004240286
1.2548895,34.602432,0.011633012,0.00036141466,0.005157871
0.8777102,34.966408,0.0137922615,0.0006659761,0.0050916453
1.1881893,34.013893,0.009976646,1.2521981e-05,0.0048394157
0.8053996,34.378784,0.012009309,0.00026071823,0.0049626883
0.74430984,33.789326,0.009901762,0.00012814021,0.0047142534
13.059776,35.122444,0.009502465,0.0004694896,0.0045235525
12.878378,35.308624,0.010571515,0.00056046306,0.004365629
12.700506,35.499004,0.011516899,0.00062577485,0.0043528387
12.815469,35.037327,0.009525206,0.00048291718,0.004558744
12.635834,35.22561,0.010778415,0.00055205484,0.0042502685
12.459724,35.41809,0.011716662,0.0006543413,0.0042386935
12.571161,34.95221,0.010846401,0.0004184841,0.003900097
12.39329,35.14259,0.0119656455,0.00048479636,0.003668862
12.326854,34.867092,0.011933483,0.00040614023,0.003298858
2.166426,32.728203,0.0066083316,0.00021983297,0.0021027927
1.6923873,33.081913,0.006785567,0.00026613384,0.003569364
1.2183486,33.43562,0.0079816235,0.00015595762,0.0046113594
1.6512784,32.432735,0.0048173666,0.00052240153,0.0033232856
1.1706712,32.78705,0.0065807803,0.00042078333,0.0041612955
0.6900641,33.141365,0.006534128,0.0002041983,0.00441279
1.1361307,32.137264,0.0039086584,0.00026615968,0.0035428796
0.6489551,32.492188,0.003986436,0.00048236296,0.003926029
0.62098294,31.841797,0.0013955412,0.0003036975,0.0039032097
12.921279,34.1687,0.010262419,0.00037994387,0.0030359514
13.2176,34.242,0.009676163,0.000370012,0.0034735892
13.513921,34.3153,0.008689378,0.00039646542,0.00425888
13.810242,34.3886,0.0088173775,0.00040683465,0.0044957013
12.967444,34.486618,0.0096764825,0.00036840362,0.0036328232
13.263388,34.55922,0.0084409015,0.00042652106,0.004324228
13.559331,34.631824,0.008357059,0.00038406905,0.004600415
13.01361,34.80453,0.008840454,0.00043670274,0.004436345
13.3091755,34.87644,0.008617299,0.00041867793,0.004593202
13.591622,33.38472,0.012311689,0.00042059424,0.0031404137
13.933412,33.445305,0.012161982,0.00031441892,0.0037025576
14.275202,33.50589,0.010704465,3.8185623e-05,0.0047620265
14.616991,33.56648,0.011032944,5.6244317e-05,0.005117312
13.664495,33.719345,0.011296672,0.00014296034,0.0037148895
14.007419,33.781197,0.010256628,9.4940304e-05,0.004668019
14.350342,33.843044,0.010121678,1.124572e-07,0.0050082337
13.737369,34.053974,0.0093031945,0.00020000595,0.004372935
14.081426,34.117085,0.009574535,0.00028895715,0.004584005
14.400628,32.71706,0.013550344,8.305768e-06,0.0026156388
14.700843,32.77092,0.013807949,1.6656704e-06,0.0029469735
15.001058,32.824783,0.013188857,0.00017874024,0.0036620249
15.301272,32.878647,0.013059333,0.00023695105,0.003651045
14.472749,33.0002,0.012765759,5.317782e-05,0.003390872
14.771416,33.052834,0.012197016,0.00022938417,0.0041051535
15.070083,33.10547,0.013487771,0.000297321,0.004233931
14.54487,33.283337,0.011037375,0.00020997075,0.0045748353
14.8419895,33.334747,0.012307377,0.00016172335,0.0047086934
2.199348,30.855951,0.0025167987,0.0005634156,0.0006640697
1.6732264,31.184566,0.001564248,0.00054157455,0.0025272341
1.1471046,31.513182,0.0021225223,0.00021309867,0.0035943515
1.670961,30.533825,0.0008478388,0.000504747,0.0022448327
1.1384655,30.86253,8.726306e-05,0.00015092114,0.0032352896
0.60597,31.191233,0.0011990704,0.000119669305,0.0037902729
1.142574,30.211699,0.0007172432,0.00017952944,0.003259969
0.6037047,30.540491,0.0033128876,3.9887556e-05,0.0036632633
0.6141869,29.889572,0.004643268,0.00015362079,0.003458582
15.138894,32.214714,0.013108927,0.00019374723,0.0020054136
15.37001,32.272934,0.013249238,0.00020479236,0.0022708413
15.601127,32.331158,0.012472024,0.00035570504,0.0027174302
15.832242,32.38938,0.012859416,0.00036620232,0.0028826804
15.19302,32.436024,0.013592664,0.00010653527,0.0025729416
15.42317,32.4934,0.012770697,0.0002920155,0.0028943876
15.65332,32.550777,0.013342443,0.00038466905,0.0028282253
15.247147,32.657333,0.012690664,0.00022909197,0.0034393244
15.47633,32.713863,0.01408511,0.00022294547,0.0039032358
15.649534,31.891598,0.012636448,0.00010573736,0.002146385
15.833046,31.91312,0.012081461,7.870945e-05,0.0023299276
16.016558,31.934645,0.012244686,0.00023060304,0.0027036343
16.20007,31.95617,0.012484525,0.00022759184,0.0026950429
15.710437,32.057526,0.012242121,0.00026550144,0.002299405
15.90054,32.084446,0.012344654,0.00029186497,0.0026629185
16.090645,32.111366,0.012421934,0.0003799934,0.0027636862
15.771339,32.223454,0.0124403,0.00037804176,0.0027380318
15.968035,32.255768,0.012887547,0.0003975982,0.0027196205
2.2797499,28.991318,0.0030947113,0.00081492675,6.6143286e-05
1.7245623,29.290735,0.00062340964,0.0006584873,0.0012481245
1.1693746,29.590153,0.0010924051,0.00028417725,0.0033381106
1.7599926,28.64095,0.0006179982,0.0003780602,0.0011766675
1.198614,28.93994,0.0009991829,0.00034509183,0.0032572788
0.6372354,29.23893,0.0052394983,0.0002021176,0.0033323318
1.2402353,28.290583,0.0012336611,1.6162645e-05,0.0033590726
0.6726658,28.589144,0.0056474996,0.00019961747,0.0032035853
0.72047794,27.940216,0.007237847,0.00019646093,0.0025235242
16.072948,31.767452,0.011828565,3.425614e-05,0.002497534
15.945827,31.578735,0.011865939,9.2909555e-05,0.0020139962
15.818705,31.39002,0.011914553,0.00011948228,0.0018688056
16.312374,31.782137,0.011527047,0.00014214439,0.0023761017
16.185835,31.594013,0.01114593,2.1081418e-05,0.0023736903
16.059298,31.40589,0.011439398,7.0382725e-05,0.0021251906
16.425846,31.609291,0.011183577,0.00012387091,0.0024213332
16.29989,31.42176,0.010652034,7.453759e-05,0.0025668188
16.540483,31.437632,0.010691276,7.136911e-05,0.0026951507
2.4302886,27.107105,0.00027822342,0.00013201265,0.0006447419
1.8603517,27.38481,0.00064422144,0.00024081348,0.001017718
1.2904148,27.662512,0.00312607,0.00063661864,0.0026105396
1.9325256,26.73807,0.0017195883,0.00015573762,0.00010044983
1.356562,27.014824,0.0044609127,0.00014018227,0.0010395597
0.7805984,27.291578,0.00856051,0.00015229921,0.0018481414
1.4347628,26.369036,0.0044743475,0.0005996501,0.00072206033
0.8527724,26.64484,0.0072616516,6.5476794e-05,0.0012032647
0.937,26.0,0.007278683,4.836952e-05,0.0006483911
16.958448,30.716629,0.010165934,0.00027115748,0.0031350066
16.825024,30.960714,0.010342797,0.0002076421,0.0029607352
16.685701,31.201048,0.0105555,8.911919e-05,0.0027511856
16.665253,30.70676,0.009778721,0.0003076155,0.0031438894
16.52888,30.948969,0.009951771,0.0002952104,0.0029641732
16.386608,31.187428,0.010237327,0.00025298353,0.0027750556
16.372057,30.696892,0.010690797,6.5992586e-05,0.0025124382
16.232735,30.937225,0.010957334,4.0211366e-05,0.0023054054
16.078861,30.687023,0.011239957,0.00011572288,0.0022322305
2.6549435,25.223146,0.0023773867,7.812891e-05,0.0003902478
2.0822957,25.482098,0.003337072,0.0009657969,0.0015714722
1.5096478,25.741049,0.0050076647,0.0015869001,0.002074278
2.188097,24.841393,0.0032097562,3.4665572e-06,0.00052774686
1.6106178,25.099352,0.0047621815,0.001663486,0.0022123815
1.0331384,25.357311,0.008329421,0.0021767311,0.002236954
1.7212508,24.459639,0.004123307,0.00050304004,0.0019415617
1.1389399,24.716606,0.008472933,0.00030319262,0.0018295924
1.2544043,24.077885,0.007492668,0.00026881334,0.0018568859
16.421799,29.755676,0.010625061,0.00013059494,0.0025424706
16.779427,29.748188,0.009915511,0.00018221163,0.0028963955
17.137056,29.7407,0.008812088,0.0002726576,0.0034813802
17.494684,29.733212,0.008924466,0.00038204947,0.003677898
16.600681,30.075993,0.010243601,0.00016989908,0.0028573752
16.956474,30.067392,0.0093399035,0.00033669372,0.0034652022
17.312267,30.058792,0.009266604,0.0004013353,0.0036255931
16.779564,30.39631,0.009701692,0.00031413953,0.003278848
17.133522,30.386599,0.009793927,0.00034215266,0.0033860356
3.0792994,20.171354,0.004163917,0.00037089718,9.6001895e-05
2.7153385,20.300205,0.00045478065,0.00022649998,0.0006557444
2.3513775,20.429056,0.0034454162,0.00010613981,0.0013631091
1.9874164,20.557907,0.007543561,0.00014147547,0.0014235267
2.8016775,19.89823,0.0030006324,0.00026849803,0.00025433765
2.4381468,20.02715,0.0012573772,4.5691093e-05,0.0011604097
2.0746162,20.156069,0.0068260604,0.0002432242,0.0014416701
2.5240557,19.625105,0.0013812147,4.2778236e-05,0.0007502078
2.1609554,19.754093,0.0047775847,0.000501598,0.0012154591
2.2464337,19.35198,0.0021343287,0.00021959163,0.0013538129
2.8843775,23.369287,0.0013915482,1.8028106e-05,0.00036864541
2.3410532,23.605486,0.0017571123,0.00012861661,0.0006937164
1.7977288,23.841686,0.0035294392,0.0003709537,0.0019854761
2.4684913,22.972748,0.0020368125,0.0004189674,0.0012314918
1.9225723,23.208395,0.0028356807,0.0003522634,0.0022149873
1.3766532,23.444044,0.006312117,0.00032023748,0.002140359
2.0526052,22.576206,0.003873867,0.0007744047,0.0023465303
1.5040914,22.811304,0.006357521,0.00033133078,0.002219925
1.6367188,22.179667,0.00814292,0.0001861818,0.0017147122
3.0128005,21.665962,0.0017392817,0.0009493199,0.00061220746
2.5541067,21.837196,0.0036391825,0.0010607312,0.0005848911
2.0954127,22.008432,0.0054292157,0.0008379598,0.0016082543
2.6710057,21.29661,0.0031346676,0.0005837944,0.00010813557
2.2118933,21.467733,0.004723066,0.0006865875,0.0011785559
1.7527809,21.638857,0.00864156,0.00039138593,0.0016134884
2.329211,20.92726,0.0039436137,0.00035147252,0.0011765963
1.8696802,21.09827,0.0077818343,8.1079605e-05,0.0014184135
3.0781326,19.06455,0.008965679,0.0006792339,0.00011046555
2.8008997,19.16036,0.005737841,0.00053078507,0.00040954072
2.5236669,19.25617,0.0031535318,0.00038344774,0.0009318974
2.8637395,18.86126,0.007562887,0.0007101544,0.00086062506
2.5862007,18.957045,0.004803303,0.0006821785,0.0012574465
2.3086617,19.05283,7.604761e-05,7.114742e-05,0.0013245316
2.6493464,18.657967,0.006413236,0.0008731362,0.0017604847
2.3715014,18.753729,0.0019316198,0.00068785954,0.0019511258
2.4349532,18.454676,0.0037953658,0.0010431225,0.0021280856
2.4876964,18.216167,0.004911178,0.0013144063,0.0022567888
2.5571673,17.983292,0.0058272933,0.0017393506,0.0030243169
2.643366,17.756048,0.006826867,0.0018832176,0.0031024767
2.65789,18.412807,0.0068216277,0.0010980084,0.0021207654
2.718997,18.177116,0.007345483,0.0015383252,0.0022553504
2.7968318,17.947056,0.008034602,0.0018014964,0.0026212176
2.8808267,18.370941,0.008895569,0.0011429462,0.0018355497
2.9502976,18.138065,0.009196006,0.0014988354,0.0020446344
3.1037633,18.329073,0.010155799,0.001210209,0.001404854
16.894823,28.543072,0.008219975,0.00014593697,0.0024058684
17.358011,28.512974,0.007097396,5.996565e-05,0.0027431047
17.821198,28.482878,0.0058381055,0.0001810824,0.0031911505
18.284386,28.45278,0.005784318,0.00016126095,0.0032683858
17.094778,28.939785,0.008433289,4.430767e-05,0.0024696598
17.562815,28.912497,0.007478602,0.00019265467,0.0027760407
18.030853,28.885208,0.007499533,0.000100683304,0.0030251045
17.294731,29.336498,0.008401996,0.00017318409,0.0031551374
17.767618,29.31202,0.008796376,0.00032927643,0.0035517665
2.758639,17.512957,0.008045309,0.0019421909,0.0032568967
2.872948,17.269396,0.00865311,0.0019545234,0.0034013619
2.9862928,17.025364,0.00864681,0.0018695574,0.0034406204
2.9343457,17.760855,0.00917446,0.0017970453,0.0029116874
3.0491366,17.517529,0.009523217,0.0017462673,0.0031170277
3.1629636,17.273731,0.00936773,0.0017163167,0.003281281
3.2253256,17.765661,0.010496268,0.0015497787,0.0025875082
3.3396344,17.5221,0.0102661755,0.0014865226,0.0027754833
3.5163052,17.770468,0.010940794,0.0012000387,0.002044505
17.431309,27.009161,0.004716077,0.000114674796,0.0028792373
17.985912,26.940346,0.0024921289,7.632619e-05,0.003200794
18.540514,26.87153,0.0009835567,9.955035e-05,0.0031931484
19.095118,26.802715,0.00017642137,0.00036250288,0.003082614
17.715668,27.490368,0.0043239985,6.4552296e-06,0.0033244388
18.27424,27.423737,0.0025338577,6.554369e-05,0.0036533964
18.832813,27.357107,0.0024130912,5.0485483e-05,0.003516897
18.000027,27.971573,0.004063179,9.186717e-05,0.0035412763
18.562569,27.90713,0.0036753528,0.00029556733,0.0040067313
3.1318502,16.69378,0.008120137,0.0016621808,0.0034021612
3.2879746,16.367384,0.0073012216,0.0013722975,0.0032579647
3.454666,16.04617,0.0066174613,0.0011094008,0.0031441213
3.3697913,17.008385,0.008687,0.0015319973,0.0032298923
3.520632,16.679396,0.007742228,0.0013366353,0.0031709075
3.68204,16.355589,0.006725621,0.001087423,0.0030403645
3.7532897,16.991407,0.008697266,0.0011627716,0.0028107485
3.909414,16.665009,0.007657279,0.00095036684,0.00277563
4.1367884,16.974428,0.008966865,0.0008337832,0.0024455353
19.900255,25.199503,0.0063768663,0.0006601489,0.0032870707
19.612156,24.829296,0.0059930244,0.00064010127,0.003456707
19.324057,24.459091,0.0043667136,0.0005786567,0.0034012157
19.035957,24.088886,0.0022142315,0.00042007735,0.0031052113
20.10933,24.771168,0.007865163,0.00065277633,0.0036209933
19.81634,24.398634,0.006844691,0.000638191,0.0037218814
19.52335,24.026098,0.004582369,0.0006431602,0.003351629
20.308622,24.338175,0.008604572,0.000700864,0.0038426288
20.010742,23.963312,0.0070349425,0.0007672752,0.003665242
20.498135,23.900524,0.00841137,0.0007771766,0.0039120493
18.220798,25.420376,0.00026849005,0.0006024595,0.0032650474
18.780617,25.346752,0.0021832697,0.00060308503,0.003123091
19.340437,25.273127,0.004577128,0.0005973438,0.003203191
18.512238,25.881155,0.0008196812,0.0005673248,0.0031122314
19.070036,25.806412,0.0027944483,0.0005272019,0.0030489573
19.627832,25.731668,0.004634073,0.00056076585,0.003183173
18.803679,26.341936,0.00091077015,0.00042237632,0.002961256
19.359453,26.266073,0.002374133,0.00045608205,0.0030971994
4.1849303,14.782154,0.0056035025,0.0006565769,0.0040093334
4.4284515,15.157156,0.0059495782,0.0002925855,0.0040728175
4.671973,15.532158,0.0064549474,4.8425994e-05,0.0035696179
4.9154944,15.907159,0.007542068,0.00023780782,0.0027068448
3.935175,15.199855,0.0058630994,0.0007262671,0.0040795887
4.1818633,15.576675,0.0059714112,0.00045413873,0.0038346713
4.4285517,15.953496,0.0064060297,0.0002585072,0.0030454933
3.6917536,15.621193,0.0060259756,0.00085308106,0.0040432573
3.9416087,15.999833,0.0061535765,0.00078655535,0.0033638293
20.261969,23.594294,0.0071393745,0.0008280028,0.0035908078
20.025803,23.288061,0.0050235037,0.00077852095,0.0032652419
19.789637,22.98183,0.0030510644,0.0008145134,0.0030770581
20.667843,23.588467,0.007619219,0.00082308124,0.003850827
20.432922,23.283232,0.006567643,0.00079505565,0.0035416966
20.198,22.977997,0.0046020616,0.00081410643,0.003236589
20.84004,23.2784,0.0065596476,0.00080770464,0.0037978208
20.606363,22.974161,0.0057809297,0.0007336645,0.0034293728
21.014727,22.970325,0.006280412,0.0010322565,0.0034570436
5.746736,14.715966,0.009178625,0.0005518882,0.0037392098
5.2261343,14.738029,0.0072149113,0.00026676108,0.0038796775
4.705532,14.760092,0.0059154434,0.00017268865,0.0039868457
5.528395,14.267434,0.00750228,0.00046907118,0.003667913
5.003923,14.287075,0.00604368,1.0246004e-06,0.0037759119
4.4794507,14.306716,0.005353922,0.0005519164,0.0038543728
5.3100543,13.818902,0.0063871723,0.00022028017,0.0036132932
4.781712,13.836121,0.005421779,0.0003604097,0.003711142
5.091714,13.37037,0.0058091283,8.200141e-05,0.0036151884
6.402071,13.388434,0.008527187,0.0013982598,0.0034272536
5.9652853,13.382413,0.0076145986,0.0009082828,0.0034980462
5.5284996,13.376391,0.0064941337,0.00021686361,0.003497022
6.2493963,12.980816,0.0076967776,0.0012218687,0.0033437049
5.8098593,12.972907,0.0068253893,0.000483022,0.0033165268
5.3703227,12.964998,0.0063061323,0.00027115393,0.0035969755
6.096721,12.573198,0.006929408,0.00085518876,0.003171925
5.6544333,12.563401,0.0069004185,0.00067446433,0.0031104817
5.944046,12.16558,0.006218182,0.0008571566,0.0032909676
6.1626697,11.872422,0.00600612,0.001319803,0.0032515111
6.3841157,11.581364,0.0057029743,0.0016179362,0.0032039038
6.608384,11.292405,0.005998398,0.001916624,0.0030766889
6.29282,12.230606,0.006357355,0.0010112477,0.003260169
6.5128546,11.9384985,0.0056148516,0.0013088628,0.0033537203
6.735712,11.64849,0.005061592,0.001548327,0.0033706885
6.6415935,12.295633,0.0065215006,0.0014818816,0.0035066162
6.8630395,12.004575,0.005955316,0.0015238156,0.0035858583
6.990367,12.36066,0.0070218397,0.0016153168,0.0035338115
21.354822,21.976885,0.004841416,0.000652072,0.0036452876
21.263784,22.31777,0.0053548943,0.00081380084,0.003632106
21.15042,22.648916,0.0056643384,0.0009685424,0.0034960657
20.999828,22.01679,0.0048368927,0.0006753467,0.0034723228
20.897629,22.352806,0.0051622447,0.0008775878,0.0034800824
20.7731,22.679085,0.0056450143,0.0007712806,0.0035280692
20.644836,22.056696,0.0031397818,0.0008845279,0.0029627578
20.531471,22.387844,0.004008498,0.00083665305,0.0030464048
20.289843,22.096603,0.0018008854,0.00086979254,0.0025653755
7.113325,10.65193,0.009870034,0.0022185761,0.0031776554
7.2484484,10.918311,0.006695917,0.0019836593,0.0033602882
7.383572,11.184692,0.0060268966,0.0018461726,0.003563101
7.518696,11.451073,0.0061048446,0.0018448196,0.0035273025
6.9458117,10.865777,0.007886916,0.0020826058,0.0031937275
7.0805354,11.131981,0.0056095016,0.0018950806,0.0032777055
7.2152586,11.398184,0.005709679,0.001808439,0.0034829068
6.7774982,11.079268,0.006801149,0.0020706975,0.0030002338
6.9118214,11.345294,0.0051524146,0.0018052547,0.0032952023
20.60423,21.081722,0.0017591543,4.6329806e-05,0.0029013508
20.955902,20.98915,0.0031097266,3.810483e-05,0.0032724766
21.307573,20.896576,0.0044051157,8.085626e-06,0.003550154
21.659243,20.804003,0.0053161643,2.7474365e-05,0.0037031132
20.854427,21.38011,0.0030391198,0.0001179775,0.0032834492
21.20197,21.286026,0.004229093,0.00011104508,0.003620603
21.549511,21.191942,0.004744863,7.910235e-05,0.0038502163
21.104624,21.678497,0.004595916,0.00038661843,0.0035014448
21.448036,21.582903,0.0045298934,0.00039204268,0.003708801
7.255689,10.428331,0.011916169,0.0023506803,0.003037719
7.3928504,10.2002125,0.013916166,0.0024209237,0.0029200083
7.52481,9.967575,0.016012233,0.002480025,0.0029024517
7.3830104,10.672556,0.00851496,0.002135933,0.0033835536
7.5227733,10.446697,0.010267423,0.0023176554,0.003306142
7.657334,10.216319,0.012237873,0.0024751725,0.0031993934
7.652696,10.693181,0.0081611965,0.0020942998,0.0037024808
7.789858,10.465063,0.009799491,0.0023133354,0.003682306
7.9223814,10.713807,0.008253584,0.0020832936,0.0039273687
21.949673,19.762985,0.0062180506,0.000100642006,0.0028458452
21.868174,20.114244,0.005598981,0.00037030212,0.0034601847
21.771364,20.46125,0.005557851,0.00018679525,0.0036392151
21.596424,19.851046,0.0052717766,4.418794e-05,0.0029626093
21.507269,20.20018,0.0049571623,0.0001373848,0.0031909973
21.402803,20.545057,0.004832401,0.00016849232,0.0033926452
21.243174,19.939108,0.004399883,0.00023862277,0.0030612815
21.146364,20.286114,0.003961608,0.00025222776,0.0030126632
20.889923,20.02717,0.003252463,0.00030113873,0.0028944819
8.279898,10.064376,0.011051968,0.0025611974,0.0038957833
8.028202,10.032109,0.012098843,0.0025928041,0.003525572
7.776506,9.999842,0.013601694,0.0025704736,0.003117611
8.221829,9.7537365,0.013336072,0.0028130813,0.0034585698
7.9626966,9.7155905,0.014935439,0.0026602056,0.0030273094
7.703564,9.6774435,0.017647596,0.002478253,0.0028234213
8.163761,9.443097,0.015515098,0.0027491255,0.0028911817
7.8971915,9.399072,0.018350579,0.0025184993,0.0026646962
8.105693,9.132458,0.01850617,0.0026310259,0.002437863
21.218636,19.19501,0.0054783425,0.0002838634,0.0031390686
21.47775,19.062181,0.0061914283,0.00028484815,0.0029524956
21.736866,18.929354,0.00676466,0.00078769994,0.0020870462
21.995981,18.796526,0.007118542,0.00067520747,0.0016767121
21.462315,19.384335,0.0057115112,0.0001425615,0.003206086
21.733776,19.252008,0.006581782,6.129936e-05,0.0030858407
22.005236,19.11968,0.007288169,0.00042709353,0.0030083102
21.705994,19.57366,0.0060771047,4.500791e-06,0.0029961816
21.9898,19.441833,0.006835323,0.00015962377,0.0029855222
8.3881,8.8413105,0.017922347,0.0024655648,0.0028039743
8.68257,8.5621195,0.018730696,0.0025365362,0.0029655786
8.989104,8.294884,0.019695748,0.0026333607,0.0030089263
8.472286,9.319877,0.014298094,0.002946569,0.0030853627
8.760725,9.034707,0.014398509,0.0030950657,0.0031039817
9.061227,8.761494,0.0148533285,0.0031364653,0.0033975309
8.83888,9.507296,0.011308309,0.0030236347,0.0037512411
9.133349,9.228104,0.011335453,0.0032392675,0.0036794136
9.205472,9.694715,0.008577209,0.002774415,0.0041929935
21.030516,18.234673,0.0068931594,0.00071893155,0.0021957182
21.340664,18.020031,0.007581735,0.00062743877,0.0022080084
21.650812,17.80539,0.007047889,2.0775478e-06,0.0022463067
21.960958,17.590748,0.006896698,0.00061012927,0.0024376507
21.352337,18.421957,0.007243612,0.0006902093,0.002303624
21.663538,18.207031,0.007999068,0.00072134007,0.0022698825
21.97474,17.992105,0.0076180752,0.00027296657,0.002117048
21.67416,18.609241,0.007822367,0.00039283404,0.0024558834
21.986412,18.394032,0.0078077186,0.00054460356,0.0020160167
10.384088,8.805652,0.0063355616,0.0028460857,0.0045711254
9.919093,8.635396,0.010617429,0.0031616497,0.0041859685
9.454099,8.465139,0.015071278,0.0031117788,0.0037589376
10.309112,8.309073,0.0110418955,0.0029623245,0.004656352
9.840928,8.135521,0.016059512,0.0028485677,0.0040478455
9.3727455,7.961969,0.020215858,0.0025050156,0.0035877638
10.234136,7.8124943,0.017069824,0.0030485443,0.0043216613
9.762763,7.635646,0.021552924,0.0028973145,0.0037079155
10.159159,7.3159156,0.021391995,0.0035260073,0.0037961463
20.744534,16.838081,0.006934262,0.000551062,0.002102009
21.124409,16.54849,0.0064715194,0.0009286275,0.0021542106
21.504282,16.2589,0.005588649,0.001448246,0.0017230201
21.884157,15.969309,0.005265658,0.0012206206,0.0021960174
21.15001,17.08897,0.0069870595,0.0005327158,0.0023218677
21.531736,16.799046,0.006002107,0.0009910429,0.0019352158
21.913462,16.50912,0.005817335,0.0011462022,0.0021689688
21.555485,17.339859,0.0067198994,0.00053669873,0.0023371
21.939062,17.0496,0.005995729,0.0009592852,0.002257111
11.735447,7.8928814,0.005400658,0.001396285,0.0051945713
11.210017,7.7005596,0.009994794,0.0023556526,0.0051222816
10.684588,7.5082374,0.016338933,0.003018501,0.004489241
11.706556,7.3341937,0.006265996,0.0019824542,0.005585244
11.176788,7.1363416,0.013254566,0.0025236926,0.0046774135
10.64702,6.9384894,0.018085327,0.0034426139,0.0037995758
11.677667,6.7755055,0.008210003,0.0014056464,0.0043819696
11.143559,6.5721235,0.01138808,0.002879527,0.0043783244
11.648776,6.216818,0.005742798,0.0028462748,0.0053688716
20.375446,15.13151,0.0038535842,0.0012533646,0.0021992414
20.834192,14.774809,0.0030467915,0.0012101444,0.00250063
21.29294,14.418108,0.0001639924,0.001612813,0.0022285287
21.751688,14.061407,0.00024878932,0.00078557833,0.0026291944
20.87835,15.410776,0.0055465843,0.0015898347,0.0029928247
21.339558,15.053933,0.0031208834,0.0016240795,0.0022552537
21.800766,14.69709,0.0035124803,0.0010108275,0.002846234
21.381254,15.6900425,0.0053884867,0.0014606211,0.002309559
21.844921,15.333057,0.0046082037,0.0012564096,0.0025791351
13.108899,6.8282256,0.0008168295,0.00033615142,0.0068007563
12.622191,6.624423,0.0010075234,0.0014663197,0.008102495
12.135484,6.4206204,0.0029724385,0.0022002854,0.0068650153
13.13929,6.2960696,0.0017196042,0.0010964605,0.007204774
12.648681,6.08608,0.002833521,0.0019615912,0.006680335
12.1580715,5.87609,8.8177156e-05,0.0021793465,0.0058269775
13.169681,5.7639136,2.8436072e-05,0.0011204795,0.006040667
12.67517,5.5477366,0.00038028695,0.0018929779,0.0056702597
13.20007,5.2317576,0.0018055607,0.0010516047,0.0049604964
20.136013,13.245154,0.0026929725,0.0007516574,0.0015732731
20.61495,12.870557,0.00288386,0.0008459983,0.0022123507
21.093887,12.495959,0.0018465072,0.0013269003,0.0022450732
21.572824,12.121362,0.0013498571,0.0010647749,0.0020067366
20.674572,13.517239,0.0022512083,0.0007281025,0.0019399417
21.155918,13.142858,0.0017975103,0.0013256322,0.0023664217
21.637266,12.7684765,0.0021611997,0.0012701604,0.0027183918
21.21313,13.789323,0.0012761629,0.0014133425,0.0024223505
21.696888,13.415158,0.0012690979,0.00046390685,0.0025502187
14.317107,5.8203974,0.00039294455,0.0006488675,0.0057268813
13.944762,5.624184,0.0030581616,2.2865133e-06,0.0048694257
13.572416,5.427971,0.0009773215,0.0007969363,0.005255175
14.3862295,5.383748,0.0012859683,0.00024230847,0.004663392
14.0114765,5.1829047,0.0010739248,0.0008514377,0.004913603
13.636724,4.982061,0.0019299937,0.0008726565,0.0044910903
14.455352,4.947099,0.0015776958,0.00087858207,0.003306612
14.078192,4.7416253,0.00095609017,0.00076475396,0.0029245017
14.524474,4.51045,0.0021740785,0.00057074043,0.0027540575
19.914343,11.324363,0.0050193453,0.00068992353,0.0005726429
20.393957,10.944744,0.004721528,0.00051169214,0.00038131932
20.87357,10.565126,0.0039846823,0.0006117844,0.00022027222
21.353184,10.185508,0.0020929333,5.535889e-05,7.8543555e-05
20.46717,11.590029,0.004375249,0.0006231138,0.0007994515
20.949034,11.210986,0.0034188677,0.0006289427,0.0005414614
21.430899,10.8319435,0.0017606062,0.0002690689,0.0005071481
21.019997,11.855695,0.0023878887,0.0007880806,0.0013868773
21.504112,11.477227,0.0015058853,0.00039154122,0.0009947227
15.385134,5.0795894,0.0074410457,0.0004178349,0.00391583
15.098247,4.8898764,0.0038785767,0.00037006987,0.0035633198
14.81136,4.700163,0.002460354,9.348814e-05,0.0031645314
15.435968,4.7295804,0.0064371163,0.00045836094,0.0037564926
15.147846,4.5371013,0.004405395,0.00054576027,0.0030523834
14.859723,4.3446226,0.0033766301,0.00056972273,0.0027241926
15.486804,4.379571,0.0042615673,0.00017134729,0.0025481803
15.197445,4.1843266,0.0043455493,0.0007486477,0.0026230225
15.53764,4.029562,0.0049427776,0.0008746494,0.0024939054
19.69707,9.42771,0.005007061,0.00042808638,0.00022496493
20.163641,9.036551,0.004913113,0.0005547174,0.00012399699
20.630213,8.645394,0.0038312778,0.00026071546,0.00030073535
21.096785,8.254236,0.0012195813,0.0006412233,0.00052257103
20.249107,9.680309,0.004932858,0.00048082275,0.00017351599
20.71776,9.290068,0.0039830916,0.00021811045,3.6668498e-05
21.186413,8.899827,0.0024181874,0.0004556343,1.032243e-05
20.801146,9.932908,0.003991068,0.00041102208,2.947601e-05
21.27188,9.543584,0.0020851977,0.00021298166,7.412222e-05
16.19895,4.498567,0.013148442,0.00041549897,0.0032641508
15.978513,4.342232,0.008970184,0.00047907338,0.0034004087
15.758077,4.185897,0.0057979515,0.0002698081,0.0024129713
16.23409,4.23307,0.010026843,0.00056489056,0.003336373
16.013304,4.075729,0.0063678604,0.0005812091,0.0025093388
15.792516,3.9183877,0.0048309015,0.00089519145,0.002122073
16.269234,3.9675725,0.0060608243,0.0004268689,0.002518666
16.048096,3.8092253,0.0024216808,0.00047639385,0.0027180924
16.304377,3.7020752,0.0035447553,0.000730162,0.0026329579
19.575577,7.634186,0.004530017,0.0011803946,0.00087678607
19.996593,7.266259,0.0026693414,0.0008379031,0.00089866924
20.41761,6.898333,4.9830414e-05,0.00055401225,0.0013604851
20.838627,6.530407,0.0052512093,0.0004291779,0.0014730513
20.082645,7.8408694,0.003374165,0.0008915358,0.0009866139
20.505426,7.473792,0.0010285922,0.00029923653,0.0011110768
20.928207,7.1067147,0.0027283276,4.0786756e-05,0.0014488621
20.589716,8.047553,0.0022914186,0.00037038146,0.0011294459
21.01426,7.6813245,0.00070066936,0.00016356877,0.0012727865
16.79997,4.0346837,0.011014305,0.00026468374,0.0032092007
16.634773,3.9238143,0.008400296,0.00032817456,0.002998482
16.469574,3.8129447,0.0056941905,0.00031739357,0.0027600639
16.818436,3.8296149,0.008441163,0.0003489575,0.002951336
16.6556,3.723436,0.006271899,0.00045016594,0.0027216473
16.492764,3.617257,0.0044474034,0.0008444814,0.0025738385
16.836899,3.6245458,0.0067519634,0.00047252188,0.002456021
16.676426,3.5230577,0.0053019887,0.00096417265,0.0024621794
16.855364,3.4194767,0.0056458907,0.00079798023,0.0019096667
20.389711,6.4216404,0.0007928228,0.0003896644,0.001670181
19.940796,6.312874,0.0028092396,0.0009602071,0.001641376
19.49188,6.2041073,0.0051076477,0.0011926302,0.0015305679
20.759354,6.0818777,0.0054280427,0.00013650756,0.0018786303
20.298195,5.97862,0.00026904652,0.00039802358,0.001837716
19.837036,5.875362,0.0036132252,0.0010605198,0.0017646984
20.655594,5.644366,0.0042038816,0.00028642814,0.0017447507
20.182192,5.5466166,0.0002167956,0.00044609426,0.0020928555
20.527346,5.2178707,0.0031441129,0.00017972547,0.0023195625
17.209309,3.7255743,0.007955307,0.00026918994,0.0023854678
17.091326,3.6235418,0.006365327,0.00028848392,0.002334652
16.973345,3.5215092,0.0067267204,0.0004389605,0.002019592
17.255184,3.5544796,0.0060050935,5.5453274e-06,0.0021431185
17.133492,3.4441493,0.0035975613,7.6173106e-05,0.001835288
17.011799,3.3338192,0.006457706,0.00085428706,0.0017967816
17.30106,3.383385,0.004610285,6.267824e-05,0.0017412989
17.175655,3.264757,0.0029840432,0.00043933862,0.0016443315
17.346935,3.2122903,0.004161123,0.0003788604,0.0015585902
20.056915,4.3068156,0.0019200966,0.0017972968,0.0020562543
20.243841,4.595356,0.0020534787,0.0016389987,0.0017923145
20.400652,4.899041,0.0026573073,0.00040077593,0.002710482
19.845276,4.564518,0.000391908,0.0011013865,0.002211597
20.017143,4.8606305,0.0007163631,0.00045720208,0.0027031368
20.158895,5.171888,0.0007560365,0.00010453316,0.0026837336
19.633636,4.82222,0.002063403,5.542196e-05,0.0026215797
19.790445,5.125905,0.0018606274,0.0005000235,0.002837597
19.421997,5.0799217,0.004260618,0.0008227913,0.0027725953
17.5509,3.1726913,0.0058532334,0.000202436,0.0025480343
17.75932,3.1534662,0.0074081346,0.00031380844,0.0022910545
17.972195,3.154615,0.0089645535,0.00013440172,0.002262449
17.462072,3.3866837,0.006084097,0.00013370393,0.002786647
17.668264,3.3572717,0.0074559613,0.00023580017,0.002724009
17.878912,3.3482335,0.008770287,0.00010258122,0.0024878336
17.57721,3.5610769,0.008503346,0.0003394175,0.0026478758
17.78563,3.5418518,0.0085879965,0.00040397886,0.0026245955
17.692347,3.7354703,0.0094589805,0.00022004312,0.0025825612
19.219221,4.3620634,0.0039797183,0.0007749889,0.0014526651
19.296764,4.139089,0.0037578102,0.0009375927,0.0009232578
19.37431,3.9161146,0.0028001103,0.0017228755,0.00017865258
19.451853,3.69314,0.0034717978,0.001903265,0.00022056652
19.498453,4.3436475,0.0018928237,0.0011759982,0.0015570903
19.586876,4.111452,0.0011855876,0.0015925409,0.0013827637
19.675299,3.8792565,0.002840266,0.0020479045,0.0004095873
19.777683,4.3252316,0.0006482443,0.001697449,0.001941184
19.876986,4.083815,0.0009512827,0.0014197954,0.0022797487
18.234148,3.7173858,0.008723673,0.00032478152,0.0019313791
18.14683,3.5297954,0.008609641,0.00041817548,0.0020422656
18.059513,3.3422053,0.009787111,0.00021323655,0.0024658083
18.398155,3.5802855,0.007273563,0.00065480336,0.0016288478
18.312643,3.3804789,0.0066289892,0.00079163304,0.0017815796
18.227133,3.1806722,0.0062136473,0.00046077115,0.0015449985
18.56216,3.4431856,0.0075579584,0.000860356,0.0018231599
18.478456,3.2311623,0.0074523417,0.00071426923,0.0015940503
18.726168,3.3060856,0.0082118455,0.0007652221,0.0017767577
18.722815,4.023205,0.006448307,0.0006572264,0.00051351567
18.723932,3.7841651,0.006803036,0.0009149781,0.0012913104
18.72505,3.5451252,0.0077434597,0.0010742974,0.0020700684
18.965826,3.9131832,0.005654484,0.00096778665,0.00047665788
18.975128,3.6627398,0.005755059,0.0013953126,0.001107763
18.98443,3.4122963,0.008536721,0.001110012,0.0019387836
19.20884,3.8031616,0.0036101416,0.0016123881,0.0003313017
19.226324,3.5413144,0.0040555806,0.0014855866,4.910445e-05
2.469741,38.285583,0.0108781345,0.0014022156,0.00072620227
2.2262757,38.362083,0.012432314,0.0012085007,0.00045935006
2.3779764,38.113075,0.011388246,0.0015301539,0.0005208114
6.904751,38.831184,0.011543339,0.00034831912,0.0014138632
6.916184,39.08385,0.010752106,5.721717e-05,0.0018546637
6.6763687,38.898514,0.010950699,0.00023732265,0.0012627142
7.556132,38.234528,0.016026685,3.4285185e-05,0.0010274991
7.7329273,38.49615,0.0153865805,7.1449e-05,0.0015398499
7.9097223,38.757774,0.013901778,0.000112757625,0.002403091
7.4151325,38.41097,0.015066547,0.00012791881,0.0011624228
7.5919275,38.672592,0.014377499,8.113496e-05,0.0017352267
7.2741327,38.58741,0.013804408,0.00032368558,0.001207696
8.00834,38.16859,0.016435977,5.0986244e-05,0.0009728931
7.959031,38.463184,0.015487055,0.0002394268,0.0017579785
7.782236,38.201557,0.016357617,4.4127344e-05,0.0010168562
8.652727,38.03514,0.016322702,0.00019663779,0.001345542
8.641633,38.268723,0.015329154,0.0002281084,0.0018181817
8.443585,38.08538,0.016055197,0.00016737604,0.0012189986
2.7449021,38.28141,0.009399551,0.0014129715,0.0010515939
2.6531377,38.1089,0.010006696,0.0015012196,0.0008563384
2.5613732,37.93639,0.010576164,0.0015067046,0.00080472685
2.9282987,38.104725,0.009178654,0.001507557,0.0010887677
2.8365343,37.932213,0.009698359,0.0014006046,0.00115425
3.1116955,37.92804,0.009433086,0.0012581649,0.0013189185
2.829591,38.54756,0.008795577,0.0014799028,0.0013458923
3.0976768,38.637028,0.0077799875,0.0013434559,0.0016218935
2.767633,38.809284,0.008695258,0.0011131028,0.0015155799
3.1963844,38.19419,0.008649265,0.0012623606,0.0012404444
3.2810733,38.460342,0.007816036,0.0012887644,0.0015764594
3.0129879,38.370876,0.008450652,0.0013309714,0.0013127065
3.6309772,38.81343,0.006973587,0.0011096481,0.0017445125
3.8961918,38.900364,0.0070942864,0.00082725554,0.0017723535
3.58838,39.144276,0.0062080724,0.001537951,0.0015986478
6.091953,38.886612,0.010804525,0.00015179947,0.0008533222
5.926299,39.201023,0.009548371,0.00010337046,0.0013876813
5.735919,38.807377,0.010725895,0.0002568359,0.0005835816
4.567566,38.900913,0.0086329235,0.0001717559,0.0014591662
4.973726,38.81453,0.010062228,7.7107106e-05,0.0010998009
4.6861305,39.235847,0.008212431,0.00057449983,0.0011740174
2.8099315,37.40873,0.011448262,0.001022563,0.001473875
2.9105196,37.581833,0.010566259,0.0009444867,0.0016538022
3.0111074,37.754936,0.010011815,0.0011691286,0.0014460197
2.6353583,37.586006,0.011249734,0.0012902,0.0010806401
2.7359464,37.75911,0.010471681,0.0013532175,0.0011503691
2.4607852,37.763287,0.011315187,0.0014613842,0.0007669608
3.009824,37.357628,0.011268238,0.00055794965,0.0018918402
3.2097166,37.306522,0.01191427,0.0003937619,0.002038774
3.409609,37.25542,0.012351366,0.00013808848,0.0019957738
3.1104121,37.53073,0.010680376,0.0006933295,0.0018753756
3.3103044,37.479626,0.01144741,0.0005119458,0.001850391
3.211,37.703835,0.010073105,0.0008818265,0.0016770768
2.2363627,37.672127,0.0124087855,0.0014651073,0.00047010137
1.959266,37.681355,0.014803882,0.0010613753,0.00012890267
2.1865134,37.403687,0.013097446,0.0012745718,0.0004919672
2.585509,37.31757,0.012227563,0.0011029269,0.0011008431
2.4109359,37.494846,0.0119650625,0.0011629561,0.0009616653
2.3610866,37.226406,0.012818111,0.0010649188,0.00068770745
7.567591,37.990646,0.016808111,5.054724e-05,0.0004806416
7.57905,37.74677,0.017356062,5.5172306e-05,0.00027794158
7.5905094,37.50289,0.017905323,5.475816e-05,0.00019690883
7.793695,37.95768,0.016878176,4.2096013e-05,0.00059108343
7.8051543,37.713802,0.017262397,0.00023129454,0.00038724486
8.019799,37.924713,0.016748913,0.00022933798,0.0006693192
6.9578114,38.47685,0.013397935,0.00044107574,0.0009410507
6.729429,38.544178,0.012635754,0.00047644367,0.0007413253
6.5010467,38.61151,0.011989142,0.0004061511,0.00060340366
6.7824893,38.189842,0.014460528,0.00042820838,0.00033174106
6.5541067,38.257175,0.013697996,0.0004977261,0.00016309763
6.6071672,37.90284,0.015826639,0.0003472292,0.00025582314
6.145013,38.532276,0.0121089695,0.00037100728,0.0002784438
5.788979,38.45304,0.011913867,0.00042346312,9.694439e-05
6.1980734,38.17794,0.013718752,0.0004929706,0.00038142817
7.2398105,38.123962,0.015803423,0.00019303648,0.00054782117
6.9234886,38.0134,0.01554868,0.00036881023,9.220792e-05
7.2512693,37.880085,0.016830528,0.00012258184,0.00016397843
6.934948,37.769524,0.017132813,9.2135015e-05,6.363308e-05
7.2627287,37.636208,0.017979173,9.91642e-05,8.0232276e-05
7.0988107,38.300407,0.014613169,0.00038289453,0.00066645746
8.735597,37.785393,0.017529337,0.00052426447,0.0007420671
8.526455,37.835636,0.017076407,0.00047277435,0.00067752553
8.317313,37.88588,0.016740987,0.00041780472,0.00074412534
8.6093235,37.585888,0.017949933,0.0006263861,0.0006125008
8.400182,37.63613,0.017395196,0.0006136656,0.00051481253
8.483051,37.386383,0.018188853,0.0007589223,0.00039031892
8.185537,37.42522,0.017547099,0.00061012746,0.00042482954
8.102668,37.674965,0.017088186,0.00039700573,0.0004487238
7.8880234,37.464054,0.01737363,0.0002984763,0.00031043473
9.016615,37.8087,0.01791725,0.00027138443,0.0013079303
9.171361,37.632504,0.018780086,0.00040984317,0.0011647039
9.213886,37.90933,0.017817793,0.00016090309,0.001556623
8.890343,37.609196,0.018475976,0.0006376308,0.0005634725
8.76407,37.40969,0.018775297,0.00074301637,0.00045752246
9.045089,37.433,0.019219581,0.0006296551,0.0007093693
7.954517,36.817905,0.018227588,0.0005879508,0.0004068683
8.130695,37.007397,0.018053599,0.00068700686,0.00039961957
8.306873,37.19689,0.01808051,0.0007166464,0.00033825892
7.833181,37.046234,0.017863978,0.00037073327,0.000285079
8.009359,37.235725,0.017742325,0.0005164063,0.00040430855
7.711845,37.274563,0.017940424,0.00024183848,0.00022510579
4.186655,38.584507,0.008809504,0.00028806366,0.0015322684
4.2119036,38.181717,0.010381714,0.0002880923,0.0010231959
4.237152,37.778927,0.011574526,0.00024621765,0.0011105151
4.5928144,38.498123,0.009718911,0.00011585117,0.0012163073
4.6180634,38.095333,0.010739753,0.0002474786,0.000865011
4.9989743,38.41174,0.01053796,0.00022687396,0.0008152984
3.9214404,38.497574,0.008763586,0.0005643085,0.001403948
3.6562257,38.410637,0.008644472,0.000851757,0.0013062397
3.946689,38.09478,0.010395638,0.00054850406,0.0009243621
3.6854568,37.429924,0.012315537,0.00014819263,0.0019421987
3.9613044,37.604424,0.012194698,0.00020340516,0.0015032259
3.5861523,37.65413,0.011202924,0.00047777419,0.0015350082
3.862,37.82863,0.011281362,0.00046196557,0.0011647276
3.4868476,37.878334,0.010095323,0.00083897705,0.0013434796
3.5715368,38.144485,0.009236987,0.0010008891,0.0011353855
5.493349,37.52784,0.014201749,4.363373e-05,0.0006228427
5.455528,37.92794,0.012504493,0.00036370268,7.533317e-05
5.4177065,38.32804,0.011166775,0.00038732297,0.00041515403
5.074617,37.611534,0.012318594,2.6326568e-05,0.0012845143
5.0367956,38.011635,0.011171179,0.0003708916,0.0005927463
4.6558847,37.69523,0.011953439,0.0001785641,0.0011725286
5.864622,37.65284,0.015213405,0.00011878086,0.00016608986
6.2358947,37.77784,0.015812349,0.00027978813,0.0006506464
5.826801,38.05294,0.013380028,0.0004990023,0.00036852458
2.8643565,37.152718,0.012201359,0.0004990258,0.0016185988
2.639934,37.061558,0.012733305,0.0006897176,0.0010512418
2.4155116,36.970398,0.013312843,0.00072412693,0.00052832346
2.9187815,36.89671,0.012837141,0.0002579051,0.0012782305
2.694359,36.80555,0.013132343,0.00034066755,0.00078625744
2.9732065,36.6407,0.013094688,0.00020245265,0.00071718916
3.2641416,37.050514,0.0128198955,5.9026526e-05,0.0017891063
3.064249,37.101616,0.012378082,0.00025034277,0.0017534401
3.118674,36.845608,0.013197139,0.00010149635,0.0013675031
3.5695508,37.070248,0.013406023,0.00012031919,0.0018182776
3.4240832,36.86534,0.013532978,4.7665322e-05,0.0015152909
3.2786157,36.660435,0.013780794,4.277553e-05,0.00096337707
3.7294927,36.885075,0.014089791,9.123015e-05,0.0014680736
3.5840251,36.680164,0.014067832,5.8539677e-05,0.0009011547
3.8894343,36.699898,0.015038128,0.00018584321,0.0010839086
3.8453984,37.244747,0.013045865,0.00012990797,0.0019465296
4.00534,37.059574,0.0139996335,0.00026661693,0.0019294934
4.1212463,37.41925,0.012511187,8.212554e-05,0.0017997117
2.1317706,36.72754,0.015056258,0.00068517565,0.00052604516
1.8107922,36.662827,0.01730761,0.0010063455,0.0019033975
2.126877,36.31983,0.015450089,0.00057799835,0.001689041
2.6894655,36.397842,0.013454201,0.00035104365,0.00023739447
2.410618,36.56269,0.014101977,0.00042523537,0.00029198313
2.4057245,36.154984,0.014338413,0.00047846057,0.0015191623
7.4313593,37.235474,0.01855906,1.7211016e-05,1.5583588e-05
7.1035786,37.36879,0.019061176,0.00018082379,0.00012219534
6.775798,37.50211,0.01846332,7.7524775e-05,0.00033132383
7.272209,36.96806,0.019277852,9.999523e-06,0.00014994247
6.9444284,37.101376,0.019719563,0.00021527262,0.00020037289
7.113059,36.700645,0.019963924,9.245536e-05,0.00024071475
7.674031,36.77882,0.0184378,0.00043655135,0.00011418108
7.552695,37.007145,0.018740887,0.00014725453,0.00012584659
7.393545,36.73973,0.01936462,0.00018048496,3.6843587e-05
6.1432843,36.79898,0.019530943,0.0003536055,0.00045988476
6.4665422,36.7662,0.020068735,0.000222849,0.00014079758
6.7898006,36.73342,0.02026374,0.000116478885,7.537496e-05
6.2979116,37.16693,0.018817848,0.00025795476,0.00012406544
6.62117,37.134155,0.019624097,0.0003052775,6.994605e-05
6.4525394,37.534885,0.017586604,2.7121583e-05,0.0003927952
5.7099943,37.284885,0.01612517,0.00022385675,0.00075575616
5.926639,37.04193,0.017883228,0.00042866665,0.000718086
6.081267,37.409885,0.017170612,7.821918e-05,0.00017059885
9.81252,37.297577,0.019813273,0.0006921162,0.0019590978
9.539433,37.224537,0.019596195,0.0007806104,0.0012692511
9.752758,36.99277,0.019696983,0.0009904709,0.0014409295
10.432796,36.44113,0.02036557,0.0013713236,0.0018254218
10.516331,36.68796,0.020520478,0.0012052761,0.0027037708
10.19944,36.601067,0.019895611,0.001339749,0.0018516721
11.125719,35.975292,0.019063368,0.0012710714,0.0021206848
11.19525,36.1908,0.019548243,0.0012041852,0.0026386948
10.895935,36.128242,0.020083334,0.0012916776,0.0019204649
9.176317,37.121666,0.01971629,0.0008020386,0.000677743
9.026527,36.78703,0.019949658,0.00094164396,0.00035695801
8.876737,36.452393,0.019956112,0.0010273034,0.00012670574
9.389643,36.8899,0.019623052,0.00097419356,0.00083135883
9.239853,36.555264,0.019693188,0.0011188497,0.00045513385
9.602968,36.658134,0.01924105,0.0011716287,0.0010573585
8.61428,37.075054,0.019080156,0.000818601,0.0003260544
8.745508,36.76372,0.01965032,0.00092487346,0.00030204933
8.895298,37.098362,0.019608997,0.0008185235,0.0004211443
8.261924,36.696068,0.018605731,0.00082623423,0.00033739512
8.56933,36.57423,0.019539803,0.0009570108,0.00010289205
8.438102,36.88556,0.018819999,0.0008502044,0.00039968593
7.9026313,36.514034,0.01845488,0.00074372825,0.00018607033
7.850745,36.210167,0.01871191,0.00091206486,2.4865149e-05
7.7988596,35.906296,0.019116366,0.0009286269,0.00015847315
8.210038,36.392197,0.018825645,0.000926959,0.00014192192
8.158152,36.08833,0.018931959,0.000968201,0.00012927083
8.517445,36.27036,0.019429194,0.0009982851,0.00010348996
7.622145,36.47495,0.018866854,0.00059774914,5.2709598e-05
7.341659,36.43586,0.019494211,0.00044436616,0.00033482583
7.5702596,36.171078,0.019217027,0.00069485034,0.00022927695
10.7353735,35.540413,0.01780405,0.0011655095,0.001782133
10.942083,35.634388,0.0181171,0.001180805,0.001830441
11.148793,35.728363,0.018305462,0.0010985262,0.0021148114
10.712299,35.78734,0.018673671,0.0014025434,0.001509154
10.919009,35.881317,0.019254683,0.0012701384,0.001828202
10.689225,36.034267,0.019565467,0.0013851151,0.0017069604
11.697981,35.557556,0.016020708,0.00074398215,0.002897489
11.770319,35.785885,0.016288824,0.001000748,0.0029137842
11.526742,35.68995,0.016935289,0.00095820613,0.002666838
11.31114,35.289803,0.016325787,0.00073360605,0.002303041
11.497167,35.334923,0.015998032,0.0005765738,0.0026875795
11.683193,35.380043,0.015713483,0.0006148926,0.002683812
11.325928,35.467316,0.01690994,0.0007660346,0.0024742126
11.511954,35.512436,0.0165862,0.0008423403,0.0024326532
11.340715,35.64483,0.017475504,0.0010417639,0.0022126578
11.119218,35.37334,0.016952632,0.00093933236,0.0020226198
11.134006,35.550854,0.017617725,0.0009945543,0.0021420384
10.927296,35.456875,0.017463239,0.0010167836,0.0019466572
5.352923,37.148125,0.014731155,0.00043765266,0.0016958744
4.9341908,37.23182,0.013192518,0.00021523776,0.0020800203
4.515458,37.315517,0.013297465,0.00014606962,0.001966449
5.2124968,36.76841,0.015952801,0.00035258272,0.0017357606
4.7937646,36.852104,0.014762649,0.00030659954,0.0020808144
5.0720706,36.388695,0.017200483,0.00021927682,0.0009489432
5.786213,36.66222,0.018817276,0.00027522858,0.0006605324
5.569568,36.90517,0.016911993,0.00034423702,0.0013199782
5.4291415,36.525455,0.017818373,0.0004709393,0.0011249145
4.2836466,36.596165,0.015605018,9.2521135e-05,0.0009932988
4.6778584,36.49243,0.015956482,8.879688e-06,0.00093734544
4.3995523,36.95584,0.014267541,0.00028628058,0.001908131
3.1952772,36.230217,0.013749156,0.00022483466,0.00016950094
2.9115365,35.98736,0.013215359,0.000346079,0.00090443157
2.6277955,35.7445,0.013316268,0.00042063498,0.001868332
3.4173481,35.819736,0.014034447,0.0001961739,0.001000904
3.1336071,35.576878,0.013163446,0.00016322831,0.0013939632
3.639419,35.409252,0.014376946,3.2682845e-05,0.0013965325
3.8060958,36.269684,0.015529499,8.2140614e-05,0.00020166731
3.5006866,36.24995,0.014290623,0.00025907578,0.00030922226
3.7227576,35.83947,0.015210168,8.954649e-05,0.0009353675
4.200308,36.16595,0.01635073,0.00020254112,0.0004030934
4.1169696,35.735733,0.01609432,0.00031775402,0.0011238782
4.59452,36.062214,0.017095597,0.0002020726,0.00028547714
2.1066384,35.429092,0.013706548,0.00049364695,0.0033879532
1.7197245,35.309116,0.013637227,0.0005432967,0.004034972
2.0912933,34.946056,0.012060242,0.00032343852,0.0034170968
2.6124504,35.261467,0.012667334,0.00029950848,0.0024037012
2.5971053,34.778435,0.011611983,0.00017408075,0.0023268387
3.118262,35.09384,0.012799274,4.307329e-05,0.0019035056
6.2391143,36.357613,0.020179674,3.9337465e-05,0.00018816045
6.3349447,35.916245,0.019837223,0.00019793992,0.0010147076
6.4307747,35.474876,0.018919865,0.00042494969,0.0016762761
6.5623727,36.324833,0.020185348,8.074945e-05,0.00035265926
6.6582026,35.883465,0.019703118,0.00037531916,0.0010468363
6.885631,36.292053,0.020157697,0.00029856205,0.0005883137
7.114231,36.02727,0.019829752,0.000536114,0.00080282835
6.886803,35.618683,0.019689672,0.0005795734,0.0014699007
7.342831,35.76249,0.019655447,0.00077303604,0.0008599489
5.8820434,36.22085,0.019587126,0.0001838567,1.3191951e-05
5.524972,36.08409,0.018982459,4.3068605e-05,0.00042802596
5.9778733,35.779484,0.019107401,0.000115536735,0.0010284536
10.399228,36.080475,0.019081393,0.0015778304,0.0014000109
10.165873,36.24041,0.018907456,0.0016225663,0.0013518222
9.932516,36.400345,0.01885481,0.0014909054,0.0012882261
10.132305,35.87975,0.017765885,0.0018004059,0.0010764296
9.898949,36.03969,0.0179062,0.0017844326,0.00094077294
9.865381,35.679028,0.017154617,0.0018626594,0.0007933923
10.445376,35.586617,0.017590966,0.0014906272,0.0013464058
10.422302,35.833546,0.018376635,0.0015139265,0.0014568507
10.155379,35.632824,0.017253458,0.0016162564,0.0012595064
9.569401,36.297474,0.018654337,0.0014772883,0.00077328016
9.206285,36.194603,0.0194281,0.0013330844,0.00022933586
9.535833,35.936817,0.018010803,0.001775123,0.0004969251
10.370044,35.0308,0.016078742,0.0011187788,0.0011784164
10.49182,35.20067,0.016530234,0.0011403252,0.0014291815
10.613597,35.37054,0.01713148,0.0012265373,0.0015025581
10.201823,35.246876,0.0165687,0.0014575622,0.0010338249
10.3236,35.416748,0.016979333,0.0013804798,0.0013639901
10.033603,35.46295,0.016835976,0.0017691137,0.000866703
9.4909115,35.520184,0.01727558,0.0019073704,0.0003890344
9.161364,35.777973,0.018737389,0.0015967273,0.00010061613
8.831815,36.03576,0.019722255,0.0011845303,2.5653746e-05
9.116441,35.36134,0.017877132,0.0017931387,8.1322156e-05
8.786893,35.619125,0.019116268,0.0013192196,5.2523334e-05
8.741971,35.20249,0.01840971,0.0015048593,4.747673e-05
8.11323,35.671696,0.019257337,0.0009993786,6.1944593e-06
8.427601,35.437096,0.019234423,0.0011048596,5.9303362e-05
8.472523,35.85373,0.019325912,0.0010840499,8.0458354e-05
7.6674805,34.800606,0.019241428,0.00067433383,0.0010259715
8.025644,34.934566,0.019372411,0.0009108938,0.00052290957
8.383807,35.06853,0.01897312,0.0012107994,0.00020847027
7.7112737,35.16917,0.019675393,0.00076163583,0.0006516839
8.069437,35.30313,0.019548394,0.00093566545,0.00020432682
7.7550664,35.537735,0.019520758,0.000885976,0.00038342504
7.255245,35.025364,0.019408625,0.0005794383,0.001486057
7.2990384,35.393925,0.019656522,0.0007140664,0.0011978727
6.84301,35.25012,0.019159576,0.0005364153,0.0018095782
11.1897745,35.145824,0.015962945,0.0005949227,0.002250585
10.997852,35.229362,0.016554644,0.00079866394,0.002014239
10.80593,35.312897,0.016955737,0.001010862,0.0017731495
11.068408,35.00185,0.015759457,0.0006981824,0.001865587
10.876486,35.085384,0.016186513,0.00084686716,0.0017252613
10.947042,34.857872,0.015300107,0.0005892948,0.0017254315
10.562376,34.973156,0.0160152,0.0010040682,0.0012614424
10.754709,34.915512,0.015690146,0.0007907381,0.0014986119
10.684154,35.14303,0.016320039,0.0009041233,0.0016958015
12.021764,35.23914,0.013942277,0.0004676471,0.003216437
12.174309,35.053116,0.012850928,0.00043045077,0.0032328446
12.240745,35.328617,0.012935152,0.000556131,0.0036770343
11.782619,35.206116,0.014875187,0.0005119279,0.002704335
11.696021,34.98707,0.014484534,0.00044427882,0.0025050254
11.609422,34.768017,0.013977258,0.00034681452,0.0023480041
11.935164,35.020092,0.01383031,0.0004254073,0.0027940187
11.848566,34.80104,0.013395456,0.000348276,0.0026839147
12.087709,34.834064,0.012761636,0.0003732287,0.0029611383
11.410567,35.115875,0.015570706,0.00061317417,0.0022794341
11.5099945,34.941948,0.014785421,0.00043347466,0.0023364904
11.596594,35.160995,0.015177108,0.00049630995,0.0026481294
11.289202,34.971897,0.015234241,0.00048100145,0.0022096024
11.167835,34.82792,0.015155996,0.00057368807,0.0018045325
11.388628,34.79797,0.014575677,0.00044588267,0.0020993229
4.1356826,35.120667,0.014590804,0.00030283828,0.0018729876
4.6319466,34.83208,0.0147985,0.00022848928,0.0022520602
5.12821,34.543495,0.014323596,0.0002751355,0.0026199955
4.613233,35.447147,0.016790316,0.00022072045,0.001466424
5.109497,35.15856,0.016830677,0.00013272645,0.0020609868
5.0907836,35.77363,0.018056082,9.050593e-05,0.0009034268
5.9965863,35.164413,0.01744776,0.000380137,0.002109329
5.543685,35.46902,0.017917173,0.00020451128,0.0016507197
5.5623984,34.853954,0.015767409,0.0003141368,0.002438974
3.6506188,33.613445,0.010449415,0.00014728721,0.0013401504
3.6468854,34.212048,0.011415486,5.2529445e-05,0.0014772607
3.6431522,34.81065,0.012904033,1.9849135e-06,0.0017387853
3.1257286,33.89664,0.010636941,0.000143491,0.0018143709
3.1219954,34.495243,0.011777928,3.5404417e-05,0.0018907025
2.6008384,34.179832,0.010557509,6.7747587e-06,0.0022534032
4.6356797,34.23348,0.01241456,0.0002174949,0.0020540971
4.1394157,34.522064,0.012769183,0.00016799083,0.0018698593
4.1431494,33.923462,0.0109557845,0.00019041513,0.0014034245
2.1061075,33.88475,0.010015326,0.000114379436,0.0036880139
1.662228,33.660183,0.008568289,0.0001517139,0.0044949963
2.1362667,33.306477,0.008344679,0.0001903078,0.002804058
2.661157,33.023285,0.0084925005,0.00015241414,0.0016003302
3.1558878,33.318367,0.009474874,6.975065e-05,0.0013280947
2.6309977,33.60156,0.009644229,8.180645e-05,0.0021815929
6.5456195,34.873512,0.017857522,0.00036182743,0.002241598
6.111431,34.563053,0.015766256,0.0003288706,0.0026624277
5.677243,34.25259,0.01438779,0.00034527824,0.0029269974
6.6604643,34.27215,0.01680384,0.00028934586,0.0029460003
6.226276,33.96169,0.015055203,0.00024294957,0.003123219
6.775309,33.670784,0.015729832,0.00016254905,0.0032027701
7.37009,34.424,0.018499378,0.00044228067,0.0020321312
6.9578547,34.648754,0.018515073,0.00041867723,0.0023614431
7.0726995,34.047394,0.017398736,0.00029638264,0.003109212
9.677385,34.587376,0.015406937,0.0013968067,0.0002445581
9.740051,34.95126,0.015997112,0.0016140479,0.0004838854
9.802716,35.315144,0.016633479,0.0017902085,0.0006448452
9.365581,34.792416,0.01616748,0.0017604592,6.467174e-05
9.4282465,35.1563,0.016772486,0.0019201607,0.00023297826
9.053776,34.997456,0.017234221,0.0018481588,7.427111e-05
10.139157,34.88299,0.015838528,0.0013198114,0.0007326524
9.970937,35.099068,0.016222017,0.0015855747,0.0007233552
9.908272,34.735184,0.015541941,0.0013782287,0.00048642512
10.403185,34.839054,0.015562837,0.0009770349,0.0010943317
10.436325,34.647305,0.015171023,0.00093152234,0.0008809548
10.469466,34.45556,0.014697265,0.0007893045,0.00080438145
10.595517,34.78141,0.015352146,0.0007968942,0.0012427166
10.628658,34.589664,0.014878607,0.00070956384,0.0010876537
10.78785,34.723766,0.015293106,0.0007434779,0.0012506496
10.205439,34.4995,0.014873238,0.0009787028,0.00063703884
10.172298,34.691246,0.01531515,0.0010665592,0.00074707577
9.941412,34.543438,0.015179266,0.001311316,0.00034649135
9.307089,34.32158,0.015795926,0.0014434925,0.00036451046
8.995284,34.52662,0.016731303,0.0017214913,0.00051194674
8.683479,34.731655,0.017835468,0.0015541293,0.00048515596
8.936793,34.055782,0.016828734,0.001333602,0.0012332904
8.624989,34.26082,0.017332597,0.0014330442,0.0010622495
8.566497,33.78998,0.0168254,0.0010554501,0.0018849157
7.9671526,34.46373,0.018393852,0.0008504719,0.001124221
8.266825,34.126858,0.017650958,0.0010353206,0.0014480659
8.325316,34.597694,0.01842547,0.001216552,0.0007363409
7.669762,34.087124,0.017510282,0.0005140068,0.00210011
7.3723717,33.710518,0.0163659,0.00024745543,0.0029610293
7.9694343,33.75025,0.01607074,0.00060504157,0.0022206472
12.524996,34.634293,0.011073395,0.0003781024,0.0032332994
12.723137,34.401497,0.010391485,0.00037585,0.0032202373
12.769303,34.719414,0.009949674,0.0003854552,0.0038718292
10.999196,34.587345,0.014699129,0.00054436026,0.0013929359
11.05135,34.316822,0.0139586935,0.00035864336,0.0012766926
11.103503,34.0463,0.01340916,0.00028944435,0.0010840076
11.219989,34.557396,0.014252551,0.00038396008,0.0016762607
11.272142,34.286873,0.013722615,0.0003795937,0.0013850089
11.440783,34.527447,0.0139454985,0.0003835878,0.0018112673
10.680812,34.31914,0.0143674,0.0006484132,0.0008141713
10.892158,34.18272,0.013908975,0.00047325698,0.00094148377
10.840004,34.453243,0.014403789,0.0004849896,0.0012069927
12.209594,34.586212,0.012097186,0.0003975142,0.0027438446
12.092334,34.30533,0.012177335,0.00036130112,0.0023001607
11.975075,34.02445,0.01228364,0.00031574885,0.0018509519
12.407736,34.353413,0.0113230385,0.00036690186,0.0027439774
12.290476,34.072533,0.011593247,0.00035132014,0.0022750532
12.605878,34.120617,0.010772057,0.000369675,0.0027511118
11.731306,34.52016,0.013224085,0.00033015304,0.002165928
11.85319,34.272305,0.012546185,0.00029642857,0.0020814643
11.970449,34.553185,0.012581477,0.00032777595,0.002553145
11.68455,34.031734,0.012788448,0.00031618332,0.0015419449
11.562667,34.27959,0.013129592,0.00026893232,0.0017743988
11.394027,34.039017,0.013139388,0.00027544552,0.0013041389
13.441048,33.980675,0.010379322,0.00023868121,0.0034414101
13.144727,33.907375,0.010645465,0.0002981336,0.0029502902
13.368175,33.646046,0.011516393,0.00010621187,0.003142742
14.20308,33.22275,0.012224585,7.725577e-05,0.003585188
13.861291,33.162167,0.012741206,0.00030088495,0.0029589455
14.1309595,32.939613,0.01305344,9.657699e-05,0.002833257
4.161722,33.321587,0.010169819,1.8125022e-05,0.000954459
4.6728253,33.029728,0.009874253,0.00010880077,0.000659641
5.1839285,32.737865,0.009986397,0.00023911562,0.00068934174
4.6542525,33.631603,0.0107012885,0.00015156901,0.0013557179
5.1653557,33.33974,0.010720349,0.0001056945,0.0013472451
5.146783,33.941616,0.012155028,0.0003651497,0.0021973327
5.714389,33.04884,0.01210719,6.9848524e-05,0.0019960757
6.2448487,33.359814,0.014084704,7.742952e-05,0.0028037953
5.695816,33.650715,0.012935926,0.00010526675,0.0024278383
2.6800668,32.420692,0.006952039,0.0001834557,0.00082139915
3.1937077,32.113186,0.008113912,0.0007389311,4.9134076e-05
3.7073483,31.805676,0.00906128,0.0010225625,0.00032179913
3.1747978,32.715775,0.008567051,0.00026473304,0.00057881
3.6884384,32.408264,0.009402049,0.0005803242,4.118192e-06
3.6695285,33.010857,0.00988062,9.320825e-05,0.00076619355
4.6917353,32.427135,0.009502772,0.000473949,5.133933e-05
4.180632,32.718998,0.009859333,0.00036672642,0.0002555537
4.199542,32.116405,0.009547721,0.00084315124,0.0003032323
1.6622523,31.808651,0.0028548772,0.00062574074,0.0027526997
2.188374,31.480036,0.003490679,0.00048643362,0.0011922898
2.1774,32.10412,0.0052013085,0.000408521,0.0018268386
3.2046816,31.489101,0.007781615,0.0009365706,6.376875e-06
2.6910408,31.79661,0.0062010013,0.0005415211,0.00055114855
2.702015,31.172527,0.005782162,0.00071303756,0.00049564836
7.8570976,32.498894,0.01230827,5.353707e-05,0.0018341336
8.093564,32.929256,0.013272086,0.0001496698,0.0017646905
8.33003,33.35962,0.015347402,0.00061286485,0.0022026468
7.4965014,32.889523,0.013662002,0.00010101081,0.0024911743
7.732968,33.31989,0.014523247,0.00030559793,0.002395981
7.1359053,33.280155,0.014892209,1.7627142e-05,0.0030435908
6.5931735,31.849783,0.011144321,0.00022963513,0.0017910417
6.6538854,32.456783,0.012751313,0.00011261986,0.0027888152
6.714597,33.063786,0.014137981,5.071814e-05,0.002997436
6.1234255,32.14581,0.010545902,3.8599712e-05,0.0015469356
6.184137,32.75281,0.012422671,2.8788898e-05,0.0024521602
5.653677,32.441837,0.0104238,0.00026920083,0.0011459477
7.4357896,32.282524,0.01250205,0.00010106223,0.0024650833
7.0751934,32.673153,0.013679666,8.344295e-05,0.003029266
7.0144815,32.06615,0.012534261,0.00016817842,0.0026073433
10.361884,34.137497,0.014077714,0.0008014511,0.00048958254
10.254302,33.81943,0.013675469,0.0007501808,0.00019294408
10.14672,33.501366,0.013544858,0.0007630785,0.0003544239
10.57323,34.001076,0.013749369,0.000594128,0.0005748533
10.465648,33.68301,0.013337546,0.00059131085,0.00018528511
10.784575,33.864655,0.013403637,0.0004457407,0.0006260262
9.83383,34.225372,0.014745389,0.0011388429,0.00010721246
9.463534,33.959576,0.015299921,0.0010232516,0.0004981947
9.093238,33.69378,0.016105928,0.0008936135,0.0013814311
9.990275,33.86337,0.013852276,0.00083752954,0.00012067857
9.619979,33.597572,0.014759398,0.0008549876,0.00079146674
10.097857,34.181435,0.014291718,0.0008575113,0.0004378804
9.073307,32.307762,0.014027935,0.00041331883,0.0022733032
9.431111,32.70563,0.015305534,0.00065534114,0.0024821153
9.788916,33.1035,0.014518102,0.0008005559,0.0016156283
8.90437,32.801834,0.015621952,0.00034574306,0.002394393
9.262175,33.199703,0.016187364,0.0006542098,0.0022238211
8.735434,33.29591,0.01668714,0.0004668869,0.0024257957
8.262501,32.43518,0.012398764,1.1028742e-06,0.0015590987
8.667904,32.37147,0.013392989,2.306798e-05,0.0018853818
8.498967,32.865547,0.0145788975,0.00013973434,0.0019813033
12.786226,33.839237,0.011136263,0.00033829839,0.0024637515
12.651174,33.509773,0.011868358,0.00010558346,0.0020718533
12.516121,33.18031,0.013089977,5.2543124e-05,0.0012653444
13.009674,33.57791,0.011615331,5.712034e-06,0.0026114788
12.874621,33.248444,0.012754232,0.00017385534,0.0018773854
13.233122,33.31658,0.012448657,0.00037789892,0.0025362382
12.155423,33.74307,0.01196594,0.0002816203,0.0017422012
12.335772,33.46169,0.012354575,0.00022948196,0.0015153559
12.470824,33.791153,0.011491762,0.00032542786,0.0021504543
11.773957,33.72113,0.01246861,0.00024015165,0.0013122044
11.57284,33.417812,0.01273609,0.00026791688,0.0007458634
11.371723,33.11449,0.012890757,0.00022068003,0.0002280923
11.954306,33.43975,0.0124990465,0.0002166098,0.0011459568
11.753189,33.13643,0.0128994975,0.00022976403,0.0005911486
12.134655,33.15837,0.012895727,0.00014127186,0.0009577044
11.19291,33.735695,0.0130567895,0.00036006136,0.00077707996
11.282316,33.425095,0.012769142,0.00021438918,0.0005388651
11.483434,33.728413,0.012769479,0.00025397597,0.0010469258
10.873982,33.554054,0.013017332,0.0003994595,0.00033099065
10.555055,33.37241,0.013144969,0.00054923224,0.00024145842
10.963388,33.24345,0.012871547,0.00028688932,1.2884848e-05
14.892806,32.38216,0.013487951,7.706671e-05,0.0022079847
14.946932,32.603474,0.013998848,2.7005328e-05,0.0027817043
14.646717,32.54961,0.01395518,1.5435275e-05,0.0023951915
15.479321,31.999302,0.012751235,0.00027507712,0.0018506239
15.540224,32.16523,0.012700813,0.00030220946,0.00226606
15.309108,32.107006,0.012712902,0.00028362678,0.0019686802
13.48689,33.0188,0.013356507,0.0004584496,0.0021777442
13.382158,32.65288,0.014218377,0.00036960107,0.0011956408
13.277426,32.28696,0.014810789,0.00020888273,0.00038650678
13.756558,32.796246,0.013450722,0.000255964,0.002047943
13.651827,32.43033,0.0140728,0.00015081721,0.0011589413
14.026227,32.573692,0.013528,6.288756e-05,0.0019598582
13.128389,32.950665,0.013770434,0.0004209855,0.0015431717
12.769889,32.882526,0.014009012,0.00023552286,0.0010053304
13.023658,32.584743,0.014673022,0.00034952688,0.0006519116
14.376654,32.4191,0.013363584,5.997403e-05,0.0019908142
14.35268,32.121147,0.013495676,8.4367464e-05,0.0013694214
14.328706,31.82319,0.013305528,1.6591162e-05,0.0011569753
14.622743,32.251656,0.0133567285,0.000110269175,0.0017404524
14.598768,31.953697,0.013540558,3.1236093e-05,0.0012659598
14.868832,32.084206,0.013327296,0.000112694805,0.0015894286
13.978279,31.97778,0.013660362,4.517811e-05,0.00092459377
14.002254,32.275738,0.01347566,2.714491e-05,0.0013801404
13.627852,32.13237,0.01429681,7.354887e-06,0.0006412128
4.221201,31.518461,0.009050662,0.0007906789,0.00014030805
4.735054,31.231245,0.008886996,0.00040414222,0.00039057626
5.2489066,30.94403,0.009200254,0.00038087394,0.00097532314
4.7133946,31.829191,0.009423291,0.00068417145,0.00020264572
5.227247,31.541977,0.008970508,0.00033121425,0.00048549115
5.205588,32.13992,0.009232806,0.00042775454,6.490678e-05
6.1450844,31.547865,0.009407695,0.00017097287,0.0010347096
5.6753364,31.843893,0.009328885,0.00020742256,0.00066824915
5.6969957,31.245949,0.009679189,0.000270546,0.0012236494
2.7289739,30.566637,0.0056337076,0.00082424,3.9798033e-05
3.2585995,30.27732,0.0070573636,0.0008126649,0.00070878345
3.7882254,29.988007,0.0071813283,0.00052489183,0.0011209099
3.2316406,30.883211,0.007354259,0.0008732914,0.00020540468
3.7612665,30.593895,0.0076910597,0.0007049032,0.00051357056
3.7343075,31.199785,0.008391023,0.00091995357,6.359277e-05
4.762013,30.625357,0.008548584,0.0004834362,0.00035460314
4.24816,30.91257,0.008327181,0.0005097742,0.000105100116
4.2751193,30.30668,0.0076814247,0.00044599964,0.0007115791
2.2261486,30.234407,0.0024067624,0.0007298328,0.00016373576
1.6977617,29.912281,0.0005817441,0.00058328896,0.0017152043
2.2529492,29.612862,0.002838528,0.0008884002,5.9142825e-05
3.2854002,29.655777,0.0070879455,0.0006968073,0.0009077308
2.7557745,29.945091,0.0057334,0.0009181573,0.0003269433
2.7825751,29.323547,0.005659875,0.00091487786,0.00061965495
7.9217887,32.048683,0.011532772,0.00016587132,0.001749122
7.5004807,31.832312,0.011460512,0.0001679889,0.002010622
7.0791726,31.615942,0.011346871,0.0002724574,0.0019278224
7.9864798,31.598473,0.010689268,0.00030722734,0.0016189779
7.5651717,31.382101,0.010331507,0.00028439015,0.0016439152
8.05117,31.148262,0.009728475,0.00045665825,0.0015475625
8.327192,31.984972,0.011751328,0.00024319408,0.001735301
8.391883,31.534761,0.010801687,0.00028356514,0.0017277427
8.732595,31.92126,0.0120671,1.1469325e-05,0.0018971295
6.6713114,31.266113,0.009903806,0.0003029268,0.0016323623
6.2232223,30.964195,0.009694375,0.0005242041,0.0016654591
5.7751336,30.66228,0.00969667,0.0006654107,0.0015999367
6.7494493,30.682444,0.010023851,0.0006360478,0.0023740167
6.3013606,30.380527,0.009988856,0.00078860135,0.0022951579
6.827587,30.098776,0.009605121,0.0007264561,0.0029982037
7.6433096,30.798433,0.009198422,0.0005024803,0.0018642755
7.1573105,31.032272,0.01002498,0.00037770974,0.0019516165
7.2354484,30.448605,0.009358801,0.00061250996,0.0025776469
9.301704,31.054893,0.012168631,0.00038071204,0.0019594932
9.225572,31.472515,0.012435339,3.927076e-05,0.002046857
9.14944,31.890139,0.012953285,0.0003327987,0.0022215925
8.88486,31.086016,0.010611587,0.00037113525,0.0016411691
8.808727,31.50364,0.011140682,6.371786e-05,0.0018581268
8.468015,31.11714,0.010020941,0.00037504514,0.0014838275
11.0867,32.69405,0.013239095,8.183124e-05,0.00053154153
10.678366,32.82301,0.013475642,0.00033282695,0.0010489267
10.270032,32.95197,0.013503676,0.0005041253,0.001222593
10.801678,32.27361,0.0140581,2.000833e-05,0.0014377714
10.393343,32.40257,0.014531451,8.746894e-06,0.001788023
10.516655,31.85317,0.015165998,0.0003130128,0.0018232022
9.554423,32.15623,0.014583362,0.0004769129,0.0024760815
10.035539,32.0047,0.015528429,0.0001575413,0.0027805325
9.912228,32.5541,0.014757501,0.00065645116,0.0026189922
9.706688,31.320986,0.014724549,0.00035864554,0.0025156154
10.111671,31.587078,0.015959492,0.0003661304,0.0025481617
9.630555,31.73861,0.014688748,0.0001189929,0.002650515
12.330613,32.82105,0.01354884,7.26165e-05,0.00069514196
12.145106,32.461784,0.01402086,4.523911e-05,0.000108362176
11.9595995,32.102524,0.014139308,3.8559607e-05,0.00030253106
12.584382,32.523266,0.014345888,0.00023397361,0.0003732969
12.398875,32.164005,0.014592107,0.0001728225,6.956665e-05
12.83815,32.225483,0.015092919,0.00024003803,1.0906719e-05
11.567682,32.77717,0.013208312,0.0001087829,3.5704114e-05
11.76364,32.439846,0.0136070205,2.5144138e-05,0.00010271114
11.949148,32.799107,0.013390446,9.868265e-05,0.00037431694
11.478618,32.019405,0.014066285,4.4266402e-05,0.0006778979
11.28266,32.356728,0.013712469,7.931696e-05,0.0007223336
10.997637,31.936289,0.014318071,0.00022439263,0.0010565284
15.475689,31.774902,0.012682619,3.8912636e-05,0.0018347625
15.305476,31.882607,0.012959366,0.00012382341,0.0016668355
15.1352625,31.990313,0.01319894,0.0001277934,0.0016220082
15.301844,31.658207,0.012553464,1.13035785e-05,0.0016141336
15.131631,31.765911,0.012672629,5.034171e-05,0.0015675656
15.127999,31.541512,0.012574233,7.137202e-05,0.0015229669
14.8615675,31.635405,0.01294756,5.6261546e-05,0.00135398
14.8652,31.859804,0.013132505,6.848073e-05,0.0013396598
14.595137,31.729298,0.01309662,1.982972e-05,0.0012907644
15.705924,31.724405,0.012312173,1.1422089e-05,0.0019471503
15.762315,31.557213,0.012108636,5.3518917e-05,0.0018146564
15.889436,31.745928,0.0119313365,5.7662837e-06,0.002144421
15.53208,31.60771,0.012390528,5.8424892e-05,0.0017084726
15.358234,31.491014,0.012214204,7.864938e-05,0.0016813844
15.5884695,31.440517,0.012022139,0.000102829305,0.0017601894
14.568277,31.120335,0.012546444,0.0003067652,0.0016328571
14.754851,31.260727,0.012621671,0.00025878428,0.0014858153
14.941425,31.40112,0.012525881,0.00015533401,0.001561722
14.4884205,31.35462,0.0128237475,0.00021783763,0.0014838502
14.6749935,31.495012,0.012866344,0.00015549059,0.0013577316
14.408563,31.588905,0.0131389275,0.00012785022,0.0012246931
12.582973,31.294918,0.014829348,0.0005933257,0.0005707906
12.814457,31.625599,0.014911317,0.00029995496,0.00012256857
13.045941,31.95628,0.01510608,0.00016440602,7.444655e-05
12.375182,31.564121,0.014834192,0.0004481562,0.0002000517
12.606666,31.894802,0.014876563,0.00021850312,0.00018863508
12.167391,31.833323,0.014515017,0.0002408576,0.00014176592
14.096926,31.562841,0.01321709,0.000112179434,0.0011242053
13.746499,31.717432,0.013887882,5.9538987e-05,0.00074569066
13.396072,31.872023,0.014712796,0.00012147706,0.00029382482
13.865146,31.302494,0.013209054,0.00025302824,0.0012715603
13.514719,31.457085,0.013998119,0.00015142682,0.000735909
13.633366,31.042147,0.013337316,0.0003826369,0.0014403521
14.25664,31.094273,0.012702012,0.00031309586,0.0016909109
14.176783,31.328556,0.0129921315,0.00027555483,0.0013747201
13.9450035,31.068209,0.0128532015,0.00032507337,0.0015681649
12.933104,31.21066,0.014440248,0.00043217273,0.00064460887
13.283235,31.126404,0.014007354,0.00034519233,0.0009814184
13.164588,31.541342,0.014640627,0.00024648715,0.00037753233
5.30072,30.35534,0.0093777655,0.0006681499,0.0008448875
4.8138266,30.036663,0.008508344,0.00058032334,4.8605783e-05
4.326933,29.717989,0.0075154547,0.00046679942,0.0010552249
5.3525343,29.766645,0.008956386,0.0006879142,0.00071842206
4.8656406,29.44797,0.008328979,0.0005308159,0.00055062404
5.404348,29.177952,0.008542655,0.0005640973,0.0002108952
5.8787613,29.484894,0.009099363,0.00070459396,0.0013906043
6.353174,29.791834,0.009662379,0.00076115364,0.0025381302
5.826947,30.073586,0.009538634,0.00078643026,0.0017560492
3.834284,29.380972,0.007290058,0.00038934263,0.0013188294
3.3314588,29.048742,0.0068928353,0.00045237233,0.00087846175
2.8286335,28.716513,0.0051280786,0.0005990839,0.00064268726
3.8803425,28.773937,0.0075658737,0.00019105169,0.00092374044
3.3775172,28.441708,0.006172466,1.796917e-05,0.00044348688
3.926401,28.1669,0.0070834365,3.875111e-05,0.00019220012
4.911699,28.840935,0.008434549,0.00042303142,0.00057303184
4.3729916,29.110952,0.00779598,0.00049430196,0.0011253274
4.41905,28.503918,0.008077194,0.0002680968,0.00043091478
2.3299294,28.363247,0.002942069,0.00028744893,0.00040701247
1.8101721,28.01288,6.288616e-05,0.0003377234,0.0013916137
2.380109,27.735176,0.0022456995,5.9382233e-05,0.0007062482
3.427697,27.813637,0.005102027,0.00015437149,0.00032293098
2.8788133,28.088442,0.0039729504,8.2387123e-07,8.778187e-05
2.9289927,27.460371,0.0027960902,0.000101486396,0.00060486805
6.9076,29.551865,0.009824618,0.0008936559,0.0032820925
6.4331865,29.244925,0.0091579985,0.0007180423,0.0023444674
5.9587736,28.937983,0.008516546,0.0005333612,0.0007365117
6.9876122,29.004955,0.009362893,0.00083304814,0.0028316034
6.513199,28.698013,0.008642349,0.00068245607,0.0015633289
7.0676246,28.458044,0.00805877,0.00072312565,0.0021023075
7.4272747,29.932713,0.00919356,0.00094629184,0.0029545403
7.507287,29.385803,0.008774382,0.000995769,0.0034178153
7.5873,28.838892,0.0075622154,0.00078975596,0.0030441596
8.026962,29.766651,0.00852284,0.0010403316,0.0027648264
8.106975,29.21974,0.0077982713,0.000945831,0.0034155394
8.62665,29.600588,0.008828303,0.0012157164,0.0028700884
8.242997,30.63237,0.009141042,0.0006477592,0.0016134105
7.835136,30.282541,0.008797699,0.0007821764,0.0021760177
8.434823,30.11648,0.009113767,0.001009351,0.0019584615
9.076686,30.570126,0.0104874335,0.00083803374,0.0015174702
8.659842,30.601248,0.009664195,0.00069252553,0.0015264595
8.851667,30.085358,0.00964053,0.0011193731,0.0020383159
9.616808,30.775843,0.013461654,0.0008354873,0.0022149307
9.931911,30.496792,0.01415896,0.0009750766,0.0024809183
10.247015,30.217741,0.013844441,0.0009653135,0.0024233563
10.021791,31.041935,0.01567246,0.0007515984,0.0025766552
10.336895,30.762884,0.015396389,0.0008138329,0.0022760523
10.426775,31.308027,0.01569112,0.000632592,0.0019358756
9.391789,30.291075,0.0111001395,0.0010443493,0.0019589884
9.166772,29.806305,0.01012287,0.0013558284,0.0026038194
9.706893,30.012024,0.011616892,0.0010803653,0.0025975052
12.222413,31.162416,0.014760027,0.00074131484,0.0005109741
12.014622,31.43162,0.014658278,0.00055662915,0.000121815014
11.80683,31.70082,0.014395956,0.00026168925,0.00030859187
11.861853,31.029917,0.01480193,0.00090544566,0.00024561933
11.654061,31.299118,0.014732331,0.00063635013,0.00016473676
11.501292,30.897415,0.0148651,0.0009904162,0.00022910221
11.1730795,31.216,0.014745846,0.0007238881,0.00058384775
11.325849,31.617704,0.014477311,0.0003668985,0.00062839314
10.844867,31.534586,0.014829876,0.00049389433,0.0011241699
11.0831995,30.670856,0.0149398055,0.0010117253,0.0010312723
10.754988,30.98944,0.015133135,0.0008251531,0.0012824225
10.665108,30.444298,0.014750731,0.0009817411,0.0018045097
15.161766,31.292522,0.012381176,0.00020138233,0.0016045603
15.195533,31.043535,0.012061147,0.0002419994,0.0017946097
15.2293005,30.794546,0.012003122,0.00027488254,0.0018599089
15.392001,31.242025,0.012062375,0.00019184232,0.0017241908
15.425769,30.993036,0.011989141,0.00025653525,0.0018042489
15.622237,31.191528,0.011930483,0.00017608749,0.0017971036
14.788618,31.011738,0.012327641,0.00028305012,0.0017570991
15.008959,30.903143,0.012205737,0.00031586166,0.0017699972
14.975192,31.15213,0.0123319365,0.000260049,0.0016598352
15.905423,31.155687,0.011531483,0.00015633833,0.001997055
15.992142,30.921354,0.011355431,0.00016738568,0.0021338952
16.146015,31.171558,0.011132574,5.3827767e-05,0.0022188716
15.708955,30.957195,0.011687419,0.00016281998,0.001910965
15.512487,30.758705,0.011878648,0.000241625,0.0019057491
15.795673,30.722864,0.01158424,0.00015688012,0.002014045
14.532233,30.869743,0.012358798,0.00032265554,0.0018006202
14.496188,30.61915,0.012191193,0.00030411012,0.0019055263
14.460144,30.368559,0.012077575,0.0002347402,0.0020161383
14.752574,30.761147,0.012224778,0.0003338455,0.0018236856
14.716529,30.510555,0.012108751,0.00025985972,0.0019642245
14.972915,30.65255,0.0120763425,0.00029113062,0.001902424
14.220595,30.84368,0.012420144,0.00033594563,0.0017655308
13.908958,30.817617,0.012660441,0.0003039732,0.0017420577
14.184551,30.593088,0.012282083,0.00028284383,0.001958146
12.601062,30.942423,0.0146982465,0.00063523866,0.0006828399
12.619151,30.58993,0.014329605,0.000628937,0.0007660263
12.63724,30.237434,0.014159547,0.00065977377,0.0006230045
12.951193,30.858166,0.014249625,0.0004717182,0.00097152474
12.969282,30.505672,0.013952313,0.0004701643,0.0009481427
13.301324,30.773909,0.013604488,0.00038827106,0.0012881162
12.240501,30.809923,0.014725521,0.00080986,0.00045925903
11.879942,30.677422,0.014743154,0.00093912164,8.0021215e-05
12.258591,30.457428,0.014268916,0.00082979,0.00048671511
13.693121,30.02348,0.012614385,0.00020173885,0.0018609558
13.6732025,30.363035,0.012721871,0.00025357702,0.0017737523
13.653284,30.70259,0.012975803,0.0002399644,0.0015032012
13.341161,30.094797,0.013321323,0.00027164206,0.0013636763
13.321242,30.434353,0.013443241,0.00034277007,0.0013453865
12.989201,30.166117,0.013796609,0.0005098688,0.0010945606
13.948795,30.138506,0.012210794,0.00013061054,0.0019856424
14.20447,30.253532,0.012069743,0.00023736362,0.0020132188
13.928877,30.478062,0.012337273,0.00021979806,0.001904702
5.4587145,28.589275,0.0082682185,0.00032686995,2.3584056e-05
4.9660654,28.252258,0.008219411,0.00024163842,3.660115e-05
4.4734163,27.915241,0.007642431,0.00015235398,0.00010089239
5.513081,28.000597,0.008043326,0.00036113654,0.00030362373
5.020432,27.66358,0.007309357,0.00042381542,7.9110265e-05
5.567447,27.411919,0.0069792243,0.0006736036,7.24041e-05
6.0131397,28.349304,0.007960092,0.00051232555,0.0005376104
6.0675063,27.760628,0.0073117334,0.0008568013,0.0005138285
6.5675654,28.109335,0.007805956,0.0008356372,0.0010788937
2.0074108,26.110085,0.0033461293,0.0008031031,0.00060956174
2.5800586,25.851133,0.0027022501,0.00053604576,0.00027621386
2.5051734,26.479118,0.0015524166,0.0002133951,0.0010451954
4.0886464,26.324997,0.0023507401,0.0003363834,0.0016547573
3.5358605,26.585701,0.0012547211,0.00012814038,0.0017019741
2.9830744,26.846403,0.0004335544,7.392798e-05,0.0016003198
3.6107454,25.957714,8.69988e-05,0.00015530724,0.0017652682
3.0579596,26.218416,0.0016136377,0.00022844557,0.0016422172
3.1328444,25.590431,0.0021273994,0.000105590414,0.0014334107
3.4817786,27.199669,0.003522231,0.00018480839,0.0011878829
4.0345645,26.938965,0.0042937817,0.00030752624,0.0012952781
3.9804828,27.552933,0.006155773,0.00018238788,0.00052410783
5.074514,27.049612,0.005381844,0.00057707034,0.0008540662
4.5274982,27.301273,0.0058466294,0.00031861805,0.00078517466
4.58158,26.687305,0.0041189226,0.00042869183,0.001408682
7.1911235,26.760399,0.0025213764,0.00014516976,0.00082001096
7.149957,27.32628,0.0041527795,0.00043349902,0.0012195727
7.108791,27.892162,0.006261979,0.00060308253,0.0016264943
6.649898,26.977571,0.0042507327,0.0006015787,0.0005323989
6.6087317,27.543453,0.00632735,0.00095844915,0.00077214855
6.1086726,27.194746,0.0061660167,0.0009636044,0.00026537536
7.6067743,28.224424,0.005666857,0.00064685004,0.0020374535
7.6479406,27.658543,0.003942912,0.0004122242,0.0017826859
7.689107,27.09266,0.0026332499,0.00024381453,0.0017071859
8.145925,27.990805,0.0036058943,0.00068905455,0.0023671722
8.187091,27.424923,0.002496031,0.0005454892,0.0022979546
8.685074,27.757185,0.0022656675,0.0009829602,0.0030715424
8.6656,28.371653,0.0045382003,0.0010021707,0.003617119
8.646125,28.98612,0.0067341602,0.00079167663,0.004060623
8.12645,28.605272,0.005746372,0.0007794921,0.0031636262
10.157869,28.58113,0.006216337,0.0009685933,0.0049095955
9.647463,28.920948,0.007821207,0.001020545,0.004798298
9.137056,29.260769,0.008066086,0.0009398452,0.004059949
9.666938,28.30648,0.0042346725,0.0012406479,0.004735461
9.156531,28.646301,0.005780777,0.0010718219,0.0045113945
9.176006,28.031834,0.0028827116,0.0011688216,0.004009601
10.2173,29.672203,0.011851409,0.00092758203,0.0030845604
9.677178,29.466486,0.009929005,0.0010284521,0.0037826612
10.187585,29.126665,0.009417127,0.00080258766,0.0043843775
12.262101,29.95565,0.0135255875,0.0008565452,0.00026117754
11.883451,30.175644,0.014106934,0.001019138,9.158789e-05
11.504802,30.395638,0.0146231325,0.0011874463,0.00048741623
11.886961,29.673866,0.012635696,0.00092175906,0.000577802
11.508311,29.89386,0.01368294,0.0010523836,0.0009421305
11.511822,29.392084,0.01184828,0.0007185397,0.0020110575
11.08671,30.169079,0.0144299045,0.0011878004,0.0012996672
10.668617,29.942522,0.013579536,0.0010031329,0.0022157975
11.0902195,29.667303,0.012803365,0.00096914097,0.0020992178
11.060504,29.121765,0.010008365,0.0007326191,0.0031066271
10.638902,29.396984,0.011117099,0.0007658218,0.0032514161
10.609187,28.851446,0.008024518,0.00076757063,0.004251636
15.281058,30.518972,0.011993762,0.00027443096,0.0019447673
15.332817,30.243399,0.011896038,0.00016343652,0.0020226475
15.384575,29.967825,0.011831749,0.000101326965,0.0020797797
15.564245,30.483131,0.011758337,0.00014984712,0.0019815906
15.616004,30.207558,0.011784573,0.000121491845,0.0020342558
15.847432,30.44729,0.0115875965,0.00015375193,0.0021065155
15.024673,30.376976,0.0120418165,0.0002639742,0.001959151
14.768288,30.234982,0.012045265,0.0002459475,0.0020176389
15.076431,30.101402,0.011971289,0.00020316336,0.002064705
16.193172,30.376574,0.011227777,1.5068334e-05,0.002290878
16.307486,30.066124,0.010993604,5.2410644e-05,0.0024376174
16.486368,30.386442,0.010407965,0.00013441558,0.002752571
15.961745,30.13684,0.011589449,6.433553e-05,0.0021421197
15.730316,29.897108,0.011730511,7.8068115e-05,0.002089232
16.076057,29.826391,0.01144353,1.4597899e-05,0.0021905792
14.445127,29.993965,0.012008011,0.00018487615,0.0021047965
14.430109,29.619373,0.011981088,8.741504e-05,0.0021508352
14.4150915,29.24478,0.012354173,6.736512e-05,0.0018929512
14.75327,29.860388,0.011940727,0.00017077825,0.0022048953
14.738253,29.485794,0.011864782,8.855201e-05,0.0021654274
15.061414,29.726809,0.011783965,0.00010966067,0.002179767
13.933778,29.763912,0.012134796,6.416743e-05,0.0020243018
14.174435,29.504347,0.0121572595,1.9730127e-05,0.0019702332
14.189452,29.878939,0.012045479,9.549211e-05,0.00212025
13.475226,29.62661,0.012994971,0.0001437095,0.0013584194
13.257331,29.22974,0.013212829,0.00015868022,0.0005582167
13.039435,28.83287,0.012406149,0.00034022197,0.0001183647
13.715883,29.367043,0.012722401,1.1553551e-05,0.0013982133
13.497988,28.970173,0.0130841285,7.518074e-05,0.0006036919
13.95654,29.107477,0.012571288,8.4078056e-07,0.001388354
13.123266,29.697927,0.013479989,0.0003314215,0.0009882264
12.771306,29.769247,0.013639401,0.00057218864,0.0006092038
12.905371,29.30106,0.013134319,0.00037720203,0.00012896187
12.396166,29.487463,0.012799882,0.00070238754,0.00018410455
12.021027,29.205679,0.011481709,0.0006649314,0.0013273435
12.530231,29.019276,0.011767357,0.00056126225,0.0006856478
2.2645752,24.22344,0.0027952653,5.331912e-05,0.00040188077
2.8078995,23.98724,0.0014356611,0.0004529049,0.0008841792
2.7314215,24.605194,0.0018885343,0.00043909793,0.00097169774
2.9699929,22.233738,0.0018037995,0.00089233165,0.00034925598
2.9271853,22.801512,0.0015681067,0.0005499985,0.0004356404
2.511299,22.404972,0.0030382988,0.00090896164,0.0013058212
3.0571332,20.669558,0.0014632286,0.00035439018,0.000302781
3.0349667,21.167759,0.00075308885,0.000562538,0.0008817647
2.6931722,20.798409,0.0015991274,0.00035298342,0.00034312863
8.769727,26.17032,0.0019206381,0.00035735985,0.0028665238
8.741509,26.699274,0.0015972978,0.00060511526,0.0028753113
8.713292,27.22823,0.0015478893,0.00077473384,0.0029681483
8.2435255,26.367012,0.002107387,0.00025376558,0.0022585674
8.215308,26.895967,0.0021654041,0.00048172934,0.0022591772
7.7173247,26.563705,0.0021414873,9.7539494e-05,0.0016450108
4.634611,26.077738,0.0027844587,0.00047799735,0.0018889604
5.1805754,25.830479,0.0029710906,0.0005328691,0.002049285
5.72654,25.58322,0.0019224533,0.00012049434,0.002200291
5.127545,26.440044,0.003816243,0.0006043286,0.0014750359
5.673509,26.192785,0.0031982001,0.00050904555,0.0013866127
5.620478,26.802353,0.005162365,0.0008557079,0.000686669
6.1617036,26.585178,0.004112652,0.00054993184,0.00032072578
6.2147346,25.975613,0.0022143195,4.147587e-06,0.001281963
6.702929,26.368006,0.0020683864,5.3377837e-05,0.00020080741
4.334944,24.459606,0.0008638338,0.00044181076,0.0025582712
3.7749436,24.714119,1.6523409e-05,0.0006644507,0.002370728
3.2149436,24.968634,0.0015830025,0.00051131356,0.001656027
3.8514218,24.096167,0.00016307179,0.0003912366,0.0021992458
3.2914217,24.35068,0.0007057365,0.00064841844,0.0020510592
3.3678997,23.732727,0.0003022331,0.0001901868,0.0013586844
3.6928446,25.335917,4.4466462e-05,0.0006016277,0.0020057717
4.252845,25.081404,0.0010926013,0.00062359753,0.0023767282
4.170746,25.7032,0.0013641259,0.00051145424,0.002096575
5.262675,25.208681,0.0021509111,0.00034428673,0.0025459193
4.71671,25.45594,0.002196709,0.00058565044,0.0023479979
4.798809,24.834143,0.0017517512,0.000439992,0.002479714
7.372452,25.12849,0.0019761669,0.00018688517,0.0017979176
7.312009,25.67246,0.0010881424,0.00025843113,0.00059050374
7.2515664,26.216429,0.0014140005,0.0002859779,0.00045925868
6.8238144,25.280067,0.00095396466,0.00030694468,0.002197208
6.763372,25.824036,0.0013817123,0.00033224374,0.0011599666
6.2751775,25.431643,0.0010324763,0.0002465193,0.0022469307
7.7777677,26.019737,0.0019650927,0.00019382781,0.0012362625
7.83821,25.475767,0.0022504227,0.00018908773,0.00022994558
8.303968,25.823044,0.002114229,0.00011239115,0.001496841
3.0785215,19.433485,0.00737946,0.00058484264,0.00042317342
3.0789106,19.80242,0.0058231517,0.00050832995,0.0002991467
2.8012886,19.529295,0.00463945,0.0003700346,0.00023978265
3.0952199,18.574232,0.010321571,0.0009420827,0.00082005275
3.0866764,18.819391,0.009697324,0.00078294927,0.00029357494
2.8722832,18.6161,0.008290505,0.00088758173,0.001432431
9.278968,26.437756,0.0013395539,0.0005835848,0.0035710423
9.78821,26.705193,0.0005491711,0.00072063506,0.0041234572
10.297451,26.97263,0.00040109083,0.0007864551,0.0045051277
9.250751,26.966711,0.0008228412,0.00090211665,0.003452187
9.759992,27.234148,0.0003703842,0.0011172892,0.0041994792
9.222533,27.495667,0.001221355,0.0010381185,0.0037240386
10.204396,28.044962,0.003075038,0.0011823584,0.0047580907
9.713465,27.770315,0.0016972022,0.0012160008,0.004430377
10.250924,27.508797,0.0007900698,0.0011688365,0.0046172664
11.560763,28.871227,0.009214237,0.00069843465,0.0024921745
11.609706,28.35037,0.0060147555,0.0008719137,0.0026006433
11.6586485,27.829515,0.0040882425,0.00068832433,0.0032901885
12.069968,28.684824,0.008940383,0.0005992139,0.0016912965
12.118911,28.163967,0.0065366533,0.00077005173,0.0017982313
12.579173,28.498419,0.0100516565,0.00071900274,0.0008194994
11.109447,28.600908,0.007643609,0.00079861935,0.0038261143
10.658129,28.330591,0.0052715316,0.0010346244,0.0046301065
11.158388,28.080053,0.0044438215,0.0009965948,0.0039689615
10.7511835,27.258259,9.7214244e-05,0.0007824549,0.00464451
11.204916,27.543886,0.0018176287,0.00081708503,0.004422875
10.704656,27.794424,0.0024298904,0.0011438145,0.004559139
15.45469,29.570726,0.011615321,7.8738434e-05,0.0021656463
15.524805,29.173628,0.011292202,2.3992267e-05,0.0022154162
15.594919,28.776531,0.010725458,4.6715722e-05,0.0023181825
15.800431,29.50001,0.0115116,2.6801252e-05,0.0021220082
15.870545,29.102913,0.010966236,4.235329e-05,0.0021604681
16.146172,29.429295,0.010987639,3.5092235e-05,0.002231809
15.131529,29.329712,0.011446655,3.9648614e-05,0.0022767407
14.808368,29.088696,0.01158143,8.500193e-05,0.0022059553
15.201644,28.932613,0.0112102665,1.429813e-05,0.0023057787
16.579473,29.351475,0.010080573,7.750932e-07,0.0024162028
16.737148,28.947273,0.009126531,0.00014783267,0.0023102176
16.937103,29.343987,0.009293624,6.5156724e-05,0.002698198
16.303846,29.025093,0.010147196,0.00014871091,0.0022045276
16.028221,28.698711,0.009986625,0.0002027583,0.002269286
16.461523,28.620892,0.009094202,0.0002705269,0.0022821068
14.393408,28.804548,0.012826361,0.00012892601,0.0014833908
14.371723,28.364317,0.012946553,0.00023057935,0.0010693516
14.350039,27.924086,0.013500167,0.00016377424,0.00057561597
14.786683,28.648464,0.012134854,3.7270947e-05,0.0018807291
14.764999,28.208233,0.012264308,8.373201e-05,0.0014573033
15.179959,28.492382,0.011060625,4.40079e-06,0.0021737996
13.934855,28.667246,0.013685031,0.00014256482,0.00070021464
13.476303,28.529942,0.012704449,0.00020908614,0.00019697467
13.913171,28.227013,0.013614088,0.00027988147,0.00033486827
13.93922,27.666204,0.0128668435,0.00038847746,0.00027373186
13.502353,27.969133,0.012070835,0.00039518383,8.0669066e-05
13.065485,28.272062,0.010962087,0.00046277285,0.00024991154
13.528402,27.408325,0.010920782,0.0005744328,0.000106227344
13.091535,27.711254,0.008863543,0.0005426604,0.00016290753
13.117584,27.150446,0.007795299,0.0006335454,0.00087221246
12.631272,27.376802,0.005932442,0.0006572333,0.001584592
12.605223,27.93761,0.007344785,0.0009408877,0.0007883553
12.14496,27.603159,0.0042859525,0.00085269735,0.002512962
10.223857,25.436295,0.0013238234,0.00046501687,0.0032162988
10.248388,25.948406,0.00024039112,0.00013472754,0.0042914976
10.27292,26.460518,0.0003999211,0.00037862154,0.0044047614
9.739147,25.68097,0.0011398452,0.00038254968,0.0033506213
9.763679,26.19308,0.00090230396,0.00037206014,0.00412079
9.254437,25.925644,0.0018293667,0.00039468892,0.0032867969
3.4166598,19.990086,0.007712761,0.00076919526,0.00051524275
3.416271,19.621151,0.00923618,0.00077237753,0.0007904747
3.415882,19.252216,0.010667561,0.0007040833,0.0010355539
3.7540202,19.808817,0.009607481,0.000983655,0.0012334844
3.7536314,19.439882,0.01141841,0.000751764,0.0014199883
4.0913806,19.627546,0.010473313,0.001008359,0.0016401809
4.301654,21.00909,0.005532763,0.0003971432,0.0022885688
3.8720362,21.228048,0.003645131,0.0004975821,0.0018597646
3.4424183,21.447004,0.001040712,0.00070959143,0.0013180731
3.8942025,20.729845,0.005541582,0.00054150965,0.0016769455
3.4645846,20.948803,0.0027973922,0.00047213887,0.0013523942
3.4867508,20.4506,0.0054847943,0.00056081836,0.0006973362
4.161472,20.08806,0.008876284,0.0009879151,0.0014721425
4.231563,20.548576,0.0069151456,0.0007145212,0.0018098822
3.8241115,20.269331,0.0073044044,0.0007539827,0.001116175
3.5022824,21.986362,0.0011332652,0.0008421915,0.00010218029
3.9917643,22.306763,0.0032492713,0.0005910786,6.257993e-05
4.481246,22.627163,0.003684071,0.0003867799,0.0007968284
3.4594748,22.554136,0.0007328505,0.0005787154,0.00021445082
3.9489565,22.874537,0.0019754446,0.0003638451,0.00048275024
3.416667,23.121912,1.1565643e-05,0.00034104104,0.00048373087
3.9001892,23.485352,0.0007943009,9.061482e-05,0.0012988267
4.432479,23.237976,0.0021668333,0.0002474248,0.0015418386
4.3837113,23.848791,0.00096178823,8.200629e-05,0.002264896
4.361518,21.548447,0.0051670107,0.0006922602,0.00093059323
4.421382,22.087805,0.0046309982,0.00070595875,0.00016439887
3.9319003,21.767405,0.003656756,0.00080045,0.00033717923
8.9691305,24.667059,0.0037228293,0.0004110511,0.0001501856
8.902663,25.168146,0.0024947417,0.0005638583,0.0006800149
8.836195,25.669233,0.0022339814,0.00043810243,0.0020672327
8.436904,24.82087,0.0036226057,0.00043303773,0.0005491476
8.370437,25.321957,0.0025918963,0.0004684995,3.2050302e-06
7.904678,24.97468,0.0031712805,0.00051817833,0.0011731363
9.387373,24.923471,0.0024787483,0.0006016372,0.0007547668
9.805614,25.179882,0.0020579644,0.00070387794,0.0019807355
9.320905,25.424559,0.001890799,0.0005650307,0.001943205
10.140345,24.266087,0.0032941035,0.00023837904,0.0009125833
10.168181,24.656157,0.0025334712,0.0005336186,0.0011887377
10.196019,25.046225,0.0014782976,0.00068685657,0.0019584917
9.74994,24.399744,0.003675089,0.00043055182,0.0005764955
9.777778,24.789814,0.002345449,0.0006033168,0.0010186601
9.359535,24.533401,0.0038219206,0.00048569104,0.0004713809
5.0758696,22.959091,0.0033841613,0.00032962067,0.0018647816
5.6704936,23.291021,0.0033711419,0.00034827797,0.0025770783
6.265117,23.62295,0.0043729884,0.0002576798,0.0023352134
5.0271025,23.569906,0.0019486411,0.00020237235,0.0024068723
5.621726,23.901834,0.0026052939,0.0001551035,0.0026631462
4.978335,24.180721,0.0015089083,4.5587636e-05,0.0025605515
5.906066,24.929796,0.0017169309,0.00014135272,0.0026729854
5.4422,24.555258,0.002073328,2.4983983e-06,0.0024629456
6.0855913,24.276373,0.0029098059,0.0001156898,0.002561671
7.0033402,24.626644,0.0027729685,3.9417482e-05,0.0024262331
6.454703,24.778221,0.0020557772,0.00017438945,0.0026499182
6.6342287,24.124798,0.0041167075,0.0001472052,0.0022750273
7.940308,23.809774,0.005945852,3.8972e-05,0.00154692
7.7510223,24.249348,0.0044299206,0.0001852715,0.0016995718
7.561737,24.68892,0.0032300744,0.00034197443,0.001796195
7.381911,23.7475,0.006332766,7.8349054e-05,0.0016353296
7.1926255,24.187073,0.0046152445,0.00016790084,0.00207535
6.823514,23.685225,0.0059397044,8.821941e-05,0.0018409329
8.283249,24.095537,0.0051909424,9.022511e-06,0.0011193549
8.62619,24.381298,0.004734329,0.00016503375,0.00035779946
8.093964,24.535109,0.0041923956,0.0002686441,0.0011955174
3.3511956,18.419256,0.011783054,0.0009970014,0.0006623843
3.5986276,18.50944,0.012315022,0.00080968265,8.38541e-05
3.8460598,18.599625,0.012939488,0.0007238763,0.0009432215
3.3426518,18.664415,0.011809455,0.00086355687,9.6507836e-05
3.590084,18.7546,0.012201844,0.00070335326,0.0007194937
3.3341084,18.909575,0.011407828,0.0007580784,0.0005959334
3.9278333,18.942265,0.012522457,0.00057644467,0.0017499495
4.0096073,19.284906,0.012038189,0.00068534515,0.0018410204
3.6718578,19.09724,0.012368338,0.00067522435,0.0015306361
3.2412775,18.142872,0.011097396,0.0012679748,0.0016623844
3.0878115,17.951862,0.009981038,0.0015417422,0.0023799525
3.3787913,17.95667,0.011209661,0.0012635903,0.0018734138
3.4887094,18.233055,0.012293719,0.0010937602,0.00082709605
3.6262233,18.046854,0.012088137,0.0010970631,0.001124466
3.7361417,18.323238,0.012387244,0.0008494487,0.0001361424
4.3636174,19.397367,0.011071335,0.0007647266,0.0023030515
4.2818437,19.054726,0.012040087,0.00046931423,0.002362968
4.20007,18.712084,0.0128094405,0.000522605,0.0017759844
4.635854,19.167187,0.011105767,0.00047478458,0.0026823203
4.5540805,18.824545,0.012219571,0.0002970009,0.0024434775
4.9080906,18.937006,0.010705715,0.00017069752,0.0028262818
12.687632,26.782942,0.0044460744,0.0005485126,0.002772314
12.20132,27.009298,0.0038321405,0.00060589233,0.0036825635
11.715008,27.235655,0.002372831,0.0005894559,0.004128297
12.257679,26.415436,0.0024693226,0.00031620517,0.004452127
11.771366,26.641792,0.0012527611,0.00040259282,0.0047806804
11.827725,26.047932,0.00069522485,0.000102468264,0.0050139185
10.75848,25.640173,0.0006349515,0.00021800972,0.0043161428
11.293103,25.844053,0.00014367327,0.00012271576,0.004768892
10.783011,26.152285,0.00051748846,3.0341675e-05,0.004830277
11.317635,26.356165,0.0006172443,0.00017481123,0.0049170796
10.807543,26.664396,0.0009869635,0.0002664519,0.004784491
11.261275,26.950026,0.0003028689,0.00040167282,0.0046844576
15.677936,28.307734,0.010091711,0.00012969587,0.0022888887
15.760952,27.838936,0.010075345,0.00016689597,0.0020097606
15.843968,27.370138,0.0099235065,2.3207744e-05,0.0019202636
16.111237,28.229914,0.009092683,0.00019916118,0.0024435357
16.194254,27.761116,0.0087723555,8.824613e-05,0.002433572
16.544538,28.152094,0.00837025,0.00014057237,0.0025415202
15.262976,28.023584,0.011108849,3.8841914e-05,0.001754962
14.848016,27.739435,0.012321692,2.2395281e-05,0.001103649
15.345992,27.554787,0.011245399,4.100264e-05,0.0014607848
17.073652,28.031767,0.0072094733,1.251034e-05,0.0027561388
17.25248,27.520464,0.005965692,2.3957342e-05,0.002941202
17.536839,28.00167,0.0055563804,0.00010516448,0.0032294677
16.723368,27.64079,0.007617607,1.6231323e-05,0.0026603595
16.373081,27.249813,0.008458439,1.6389764e-05,0.0023434567
16.902195,27.129486,0.0067806346,7.624866e-05,0.0025833896
14.40709,27.435051,0.01295318,0.00015285169,0.00059883494
14.464141,26.946018,0.012384485,0.00010364805,0.00016633054
14.521192,26.456985,0.012278393,6.5606175e-05,0.0006929917
14.9050665,27.250402,0.011652194,5.0846837e-05,0.0011021082
14.962117,26.76137,0.011956877,8.781382e-05,0.00066203147
15.403043,27.065754,0.011180351,4.276319e-05,0.0015422959
13.996272,27.177172,0.0123052895,0.00037409633,0.000100553465
13.585454,26.919292,0.0099559175,0.00062335073,0.00080296595
14.053323,26.688139,0.011754591,0.0002797512,0.000686246
13.376843,25.831913,0.0069488655,0.00038742973,0.003120205
13.758293,26.04027,0.009529883,0.00027631407,0.002413394
14.139743,26.248629,0.011640798,0.00011991628,0.0015538614
13.290423,26.271423,0.00718887,0.0004170801,0.002725624
13.671873,26.479782,0.009930408,0.00043485174,0.001679341
13.204004,26.710936,0.007326669,0.0006168614,0.0019174528
12.860471,25.90392,0.0041659493,6.170726e-05,0.0039985315
12.774052,26.34343,0.004499682,0.0003012576,0.0036436687
12.344098,25.975925,0.0019853124,9.762782e-05,0.0044806837
11.338763,24.493736,0.0019986439,0.00024145171,0.0031047838
11.501751,25.0118,0.0011553448,2.4174149e-05,0.0036837559
11.664739,25.529867,0.00043327082,0.000109988905,0.004434628
10.967128,24.807922,0.002110601,0.00034239667,0.0027528019
11.1301155,25.325987,0.0009124996,0.00023607168,0.0039458373
10.595492,25.122108,0.0016362299,0.0005798955,0.0028584767
10.539817,24.34197,0.003060639,0.00018645031,0.001383394
10.93929,24.417852,0.0022784704,7.6621574e-05,0.0023323158
10.567655,24.732038,0.0022429232,0.00047997103,0.002013427
4.523804,19.769747,0.009723179,0.00097549777,0.0020130998
4.9562273,19.911947,0.0087013,0.0007174796,0.0024149658
5.388651,20.054146,0.008496666,0.00032081324,0.002178171
4.593895,20.23026,0.008129401,0.0009383759,0.0018749542
5.0263186,20.372461,0.0074681845,0.00070003344,0.0023672907
4.663986,20.690775,0.006815354,0.0006118,0.002360037
5.0682774,19.309385,0.010107879,8.084507e-05,0.0031285137
5.228464,19.681767,0.009066975,0.00034396286,0.0025458478
4.7960405,19.539566,0.010002922,0.0006037329,0.0026764341
4.9137177,21.194708,0.0061429716,0.00043300824,0.0021592649
5.5257816,21.380323,0.007336746,0.00022938268,0.0012782109
6.1378455,21.56594,0.00824007,0.00019229381,0.001007985
4.973582,21.734064,0.006117963,0.00054607465,0.00092617597
5.5856457,21.919682,0.0064675286,0.00065382995,0.00071473466
5.033446,22.273422,0.0051556802,0.00067084713,0.0008044888
5.6280694,22.60535,0.004734296,0.00065533066,0.0019442495
6.1802692,22.251612,0.0066001406,0.00048491865,0.0014641761
6.2226934,22.93728,0.00508988,0.0004709898,0.0022484632
5.6383824,20.558077,0.007983948,3.461891e-05,0.0024923948
5.888114,21.06201,0.007899466,0.00017171307,0.002108988
5.27605,20.876392,0.0069059245,0.00020700428,0.0026979647
10.728138,23.461637,0.0043774648,0.00036391921,0.00044437882
10.93168,23.80567,0.0032014013,0.0004615276,0.0014510336
11.1352215,24.149702,0.00255233,0.00051324785,0.0024842322
10.532207,23.729788,0.0041583367,0.0002746195,0.0006295281
10.735748,24.07382,0.0031191655,0.00019478389,0.001460462
10.336275,23.997938,0.0038222892,2.2364628e-05,0.0008172665
9.098796,24.172312,0.005439725,0.0002869631,4.0896703e-05
8.755855,23.88655,0.0068800193,2.4995843e-05,0.0005885505
8.412914,23.60079,0.0076141995,9.0846675e-05,0.00101022
9.22846,23.677567,0.0073219957,0.00015484286,0.00037263724
8.88552,23.391804,0.0088270195,0.00012658238,0.0006733308
9.358126,23.18282,0.008828046,0.00015190759,0.0006300823
9.879604,23.904999,0.0049102157,8.660287e-05,0.00029893033
9.489201,24.038656,0.005375766,0.00025657358,0.00019618042
9.618865,23.54391,0.0068836873,7.779267e-05,0.00038010918
10.075536,23.636848,0.005369529,2.086212e-05,0.0001387269
9.814796,23.275759,0.0072138743,9.3011986e-05,0.0007734105
10.271467,23.368698,0.005573063,0.00024302452,0.00028848776
7.7341204,22.413404,0.009986822,0.00040365278,0.0013260506
7.2444525,22.816587,0.0085057765,0.00012886905,0.0012796593
6.754785,23.219769,0.006808998,0.00026303044,0.0016600403
7.2020288,22.130917,0.0092817005,0.00032457337,0.0013319101
6.712361,22.5341,0.0074169002,0.00023137557,0.0016347996
6.669937,21.848429,0.008632512,0.00015295265,0.0010015318
7.8715787,23.344318,0.0076408596,3.234975e-05,0.0013920474
7.313182,23.282043,0.0076815365,0.00011333762,0.0013489831
7.8028493,22.878862,0.0092073325,3.938815e-05,0.0011904286
8.344185,23.135332,0.009092953,0.00014153676,0.0010595762
8.275455,22.669876,0.010361384,0.00037744537,0.0010725292
8.816791,22.926348,0.010364308,0.00030059728,0.00068611983
4.0729766,18.38164,0.012438169,0.000691779,0.0005847708
3.9630585,18.105255,0.012503738,0.00083433604,0.00024149072
3.8531404,17.82887,0.0114108175,0.00094639376,0.0013413036
4.299894,18.163656,0.012471318,0.0005860326,0.0005363517
4.1899757,17.887272,0.011847933,0.000677857,0.0006793757
4.5268106,17.945673,0.01176771,0.00046083366,3.774918e-05
4.653904,18.276117,0.012225476,0.00033248134,0.0013394848
4.7809973,18.606562,0.011578421,0.00020494635,0.002354363
4.426987,18.4941,0.012340003,0.00047501258,0.0014806283
3.7231328,17.505121,0.0106556285,0.0011004672,0.002174006
3.546462,17.256754,0.009664159,0.0013786582,0.0028333187
3.9299605,17.239775,0.0099411495,0.00097652903,0.002352803
4.059968,17.563522,0.011085447,0.0007625608,0.0015306305
4.2667956,17.298176,0.010514545,0.0006900984,0.0018512117
4.3968034,17.621925,0.01113615,0.0005192115,0.0009329886
5.299037,18.97269,0.009923598,0.0002489659,0.0031971023
5.689984,19.008373,0.008469184,0.00030444565,0.003191708
6.08093,19.044058,0.0074434434,0.00039033138,0.0030754837
5.4592237,19.34507,0.008928613,0.0001606645,0.0030948769
5.85017,19.380754,0.008222397,0.0003172474,0.0028802913
5.6194105,19.71745,0.008583227,1.4165918e-05,0.0023269365
5.4494166,18.21977,0.010204058,8.2898645e-05,0.0020156032
5.268975,18.458849,0.010358507,1.088604e-05,0.002337529
5.0885324,18.697927,0.010575019,4.8621558e-05,0.0026715142
5.1418815,18.128405,0.011110108,7.498367e-05,0.0014429904
4.961439,18.367483,0.011653142,8.35831e-05,0.0019143979
4.8343463,18.037039,0.011611022,0.00024600053,0.00077623967
5.659921,18.494534,0.008961111,0.00015741319,0.0027043321
5.8704257,18.769295,0.007819983,0.00025618932,0.0031176894
5.4794793,18.733612,0.009150866,8.692578e-05,0.0028990952
13.178123,25.428709,0.005282388,0.00039636332,0.0032714214
12.661751,25.500715,0.002684622,1.596336e-05,0.0039790627
12.145378,25.572721,0.00093474146,8.695967e-05,0.0044887015
12.979403,25.025507,0.0035159402,0.0001725583,0.00326523
12.46303,25.097513,0.0018160148,0.00014808761,0.003866504
12.780683,24.622303,0.0027584722,4.667307e-05,0.003404566
11.819403,24.536592,0.0019113999,0.00035701485,0.0035504284
12.300042,24.579447,0.0020695264,0.0002514347,0.0036337194
11.98239,25.054657,0.0010886025,0.0001627799,0.003923691
19.53841,23.35085,0.0030214707,0.00067678746,0.0031123043
19.774576,23.65708,0.0050020646,0.00071949605,0.003235486
19.287184,23.719868,0.00267452,0.00050788664,0.0030924291
18.764236,24.532717,0.0016063345,0.00051602954,0.0031810254
19.052338,24.902922,0.0033527976,0.0006480318,0.0031934683
18.492517,24.976547,0.0011160253,0.0006014658,0.003210015
18.249075,26.410751,0.0007597795,0.00030761585,0.0031054711
17.694471,26.479567,0.003041274,0.00018471642,0.0029252933
17.957636,25.949972,0.001310776,0.0003858331,0.0031684574
17.016195,26.505112,0.0060686283,0.00029981392,0.0023569777
16.601082,26.00106,0.007744305,0.00035861693,0.0017710158
16.185966,25.497011,0.009286763,0.00032621092,0.0008430524
17.279358,25.975515,0.0048121745,0.00015432516,0.0025160443
16.864244,25.471466,0.007422343,0.00017372193,0.0016573018
17.54252,25.44592,0.0033465289,0.00018864521,0.0027915197
15.957969,26.745764,0.009541405,2.2379914e-05,0.0020516864
16.071968,26.121387,0.009097645,0.00035236974,0.0014759551
16.487082,26.625437,0.007941907,0.00025066442,0.002198465
15.517043,26.441378,0.011360471,9.743014e-05,0.0010860937
15.0761175,26.136993,0.013095877,0.00017394294,0.0005059634
15.6310425,25.817003,0.011071751,0.00035250565,0.0002944302
14.363972,24.887735,0.009529564,0.0001635346,0.0020617403
14.971304,25.090826,0.012020517,4.411518e-05,0.0013502112
15.578635,25.293919,0.010766409,0.00019235403,3.0706404e-05
14.416379,25.410818,0.011248566,0.00023131701,0.0016572848
15.02371,25.61391,0.012931568,0.00012563833,0.0011080912
14.468785,25.9339,0.012180661,2.7268747e-05,0.0014895429
13.705886,25.517187,0.008184928,0.00038944161,0.0025627336
14.034929,25.202461,0.009237386,0.00031282508,0.0022289508
14.087336,25.725544,0.010402952,0.00024213619,0.0020208948
13.507166,25.113983,0.0061535616,0.00040720287,0.0026737733
13.308445,24.710781,0.0042701596,0.00017301776,0.0028432666
13.836208,24.799257,0.006781786,0.00019924802,0.0024824168
11.587818,24.040237,0.0032864916,0.0005758544,0.003035501
11.836873,23.586737,0.004470035,0.00018775919,0.0026475827
12.085927,23.133238,0.0053706816,0.0001528135,0.0019820165
12.068458,24.083092,0.0032273196,0.00039917207,0.0035722866
12.3175125,23.629593,0.0042082183,6.860783e-05,0.0030637567
12.549097,24.125948,0.003010571,0.00023847587,0.0035414426
11.180735,23.35217,0.004305536,0.00029244646,0.00095234974
11.63333,23.242704,0.0050950064,2.0847881e-05,0.0015808286
11.384276,23.696203,0.0035408288,0.00044428298,0.0021180923
6.812003,20.141235,0.0076863654,0.0005478311,0.00214561
6.5872836,20.616137,0.008799512,0.0007375475,0.0022777505
6.3625646,21.09104,0.00891993,0.0006426212,0.0018411025
6.337552,20.112206,0.008248585,0.0004636369,0.0021605077
6.112833,20.587107,0.0083879735,0.00046666904,0.0025332521
5.8631015,20.083176,0.008510002,0.00012879504,0.002134996
6.324621,19.409782,0.007394892,0.00041970215,0.0024911524
6.568312,19.775509,0.0074645844,0.0004729813,0.0020135995
6.093861,19.746479,0.00820012,0.00028737646,0.0021921564
7.6241145,21.06219,0.009325807,0.000688081,0.0016036761
7.660783,21.512594,0.009988171,0.0008066083,0.0014591349
7.6974516,21.963,0.010223229,0.0007134285,0.001468596
7.128691,21.230106,0.0099963825,0.0008700966,0.0013652826
7.16536,21.680511,0.0095451735,0.0006837087,0.0012994709
6.6332684,21.398024,0.009474017,0.0006843542,0.0010712283
7.3534107,20.755203,0.009009384,0.0006973566,0.0018130012
6.8579874,20.92312,0.009499003,0.00086361833,0.0017201453
7.082707,20.44822,0.008348536,0.00065620255,0.002090519
10.724601,23.051859,0.0056276093,0.00026242164,0.00022654142
10.26793,22.95892,0.0067934995,0.00021748577,0.0007190281
9.811259,22.86598,0.0082677975,4.999397e-05,0.0009006619
10.721065,22.642082,0.00698264,0.00018869812,0.0005093776
10.264394,22.549143,0.007917612,0.00020306642,0.00078903174
10.717527,22.232304,0.008325044,2.6871752e-05,0.00057158235
11.177197,22.942392,0.0055106045,5.7126454e-06,0.00017773337
11.17366,22.532616,0.0068782866,0.00015526396,0.00025601126
11.629794,22.832926,0.005923148,0.0002177911,0.0007404126
8.1709,21.17944,0.009456393,0.00048628234,0.0014758895
8.717687,21.29669,0.010273137,0.00021509753,0.0010789569
9.264472,21.41394,0.010175961,8.8831675e-06,0.0011542736
8.207569,21.629845,0.010472918,0.0006420529,0.0013626742
8.754355,21.747095,0.011000226,0.00043989572,0.0010963044
8.244238,22.08025,0.010914195,0.00068498834,0.0013189802
9.326908,22.593193,0.0102707585,0.0002588402,0.0007740234
8.785573,22.336721,0.011224119,0.0004764075,0.0009078807
9.295691,22.003567,0.0105952,9.95888e-06,0.0009621999
10.233175,21.959517,0.008636334,0.00021507779,0.0012446403
9.780042,22.276354,0.009216836,0.00016407872,0.0009365114
9.748824,21.68673,0.009335856,0.00014385281,0.0014863433
7.249479,19.06142,0.0057673655,0.0007736249,0.0022637048
7.103654,19.421358,0.0064149774,0.00071327516,0.0020772037
6.9578285,19.781296,0.00688752,0.00052786194,0.0019883667
6.859963,19.055634,0.0060496787,0.00063571957,0.0025909625
6.7141376,19.415571,0.006787937,0.0005635831,0.0021717425
6.4704466,19.049845,0.0068217367,0.0005255373,0.0028412286
4.8249273,17.681028,0.011527267,0.00024554535,0.00024622225
4.6949196,17.357279,0.010928292,0.00038857386,0.0012940988
4.5649123,17.033531,0.00961923,0.00057562185,0.002000853
5.1230435,17.416382,0.0110442415,0.00020249857,0.000718885
4.9930363,17.092634,0.010262606,0.00038352094,0.0015907518
5.42116,17.151737,0.010808293,0.00020611496,0.001220816
5.4399977,17.863758,0.010141432,5.3993943e-05,0.00090702774
5.1324625,17.772392,0.010942119,0.00015748365,0.00027038297
5.430579,17.507748,0.011280072,1.7525228e-05,0.00012020621
4.396357,16.618671,0.007917579,0.00054291997,0.002344146
4.168983,16.309252,0.006739341,0.00062115246,0.0027202019
4.6559258,16.262915,0.0073875375,0.00016179198,0.002331769
4.824481,16.677774,0.008831074,0.00029790588,0.0019697607
5.0840497,16.322018,0.008773939,0.00015122096,0.001965927
5.252605,16.736877,0.010087344,9.59044e-05,0.0017106752
5.8742375,18.099983,0.009302647,0.00033946324,0.0020348672
5.8648186,17.743973,0.009626175,0.00026451613,0.001152506
5.8553996,17.38796,0.011156875,0.0002508729,0.00012975722
6.299058,17.980196,0.008025227,0.0006341204,0.0022716657
6.289639,17.624186,0.009284631,0.0006350154,0.0013411895
6.723879,17.860409,0.007046705,0.0008819473,0.0025070389
6.084742,18.374746,0.007818047,0.00036752594,0.00267787
6.5095625,18.25496,0.006953151,0.00071309233,0.0028208639
6.2952466,18.649508,0.0069821803,0.00043545093,0.0030260757
7.074279,18.661083,0.005950843,0.0008953501,0.0028877899
6.6847625,18.655296,0.006408005,0.0006941035,0.0029797056
6.899079,18.260746,0.0062536807,0.00093105424,0.0029885294
20.123108,22.391678,0.0024218936,0.00090883276,0.002613291
20.364737,22.68292,0.004298535,0.0008480132,0.0031517176
19.956373,22.686754,0.002800935,0.000907419,0.0028872183
19.414394,22.229128,3.51863e-05,0.0010469613,0.0019435966
19.706211,22.184952,0.00038882624,0.00097090984,0.0021322556
19.998026,22.140778,0.0008376129,0.000902298,0.0023236484
19.539474,22.480028,0.00073237484,0.0009360227,0.002491759
19.831291,22.435854,0.0013798908,0.0009633418,0.00251683
19.664557,22.73093,0.0019126022,0.000917195,0.0027549618
19.187973,22.459057,0.00018194271,0.0009043106,0.0022753545
19.313055,22.709957,0.00073727407,0.0007938498,0.0026889795
19.438135,22.96086,0.0017327415,0.00071248296,0.0030124572
18.961552,22.688986,0.00047894847,0.0006065107,0.0025656344
19.086634,22.939886,0.00042025605,0.00050541724,0.002887334
18.735132,22.918915,0.0009666886,0.00024253293,0.0026559464
18.835407,23.308905,0.00011584163,0.00018952077,0.0030111624
19.186909,23.329878,0.001464318,0.0004933886,0.0030948578
18.935682,23.698896,0.0010079411,0.00030204258,0.0029696096
13.789762,23.393055,0.002858731,0.00020514007,0.0023623346
13.981165,23.891281,0.0035890597,0.00045348777,0.0024671764
14.172568,24.389507,0.006477172,0.00020817577,0.0025223661
13.453402,23.802805,0.0030260477,0.0003592224,0.0028693043
13.644805,24.301031,0.0041300477,0.00020201228,0.0026516824
13.117042,24.212553,0.0032424014,0.00017407109,0.0032309254
12.885457,23.716198,0.003371221,0.00014475585,0.0031155895
12.653872,23.219843,0.0043003,0.00010756998,0.0022141463
13.221817,23.306448,0.003240365,0.00017000489,0.002518081
18.507769,23.97502,0.00040916214,0.0002771949,0.002932498
18.23605,24.418848,0.00041702064,0.00048989186,0.0030335365
17.96433,24.862679,0.0011144085,0.00052341237,0.0030997228
17.979582,23.86115,0.0021952405,0.0002454411,0.002587012
17.707863,24.304981,0.003015296,0.00052222726,0.0024205085
17.451395,23.747282,0.0048659523,0.00022175221,0.0016336417
18.30722,23.195038,0.002323085,4.0083192e-05,0.0026398965
18.407495,23.585028,0.0011933534,8.848286e-05,0.0028385613
17.879309,23.47116,0.0034947507,2.3914035e-06,0.0023360269
17.286055,24.888224,0.0051943036,0.0002983238,0.0021840697
16.607777,24.913769,0.007982757,7.756858e-05,0.0013772084
17.029587,24.330526,0.0061049117,0.00027980743,0.0014049396
15.5589695,23.66821,0.00801539,0.00015434052,0.0012506999
16.189777,23.694567,0.009147507,8.9779496e-05,0.00093390694
16.820587,23.720924,0.007602835,0.00017833279,0.0002812725
15.767969,24.27781,0.0097694,0.00019012805,0.0011286202
16.398777,24.304167,0.008870767,4.040543e-06,0.0002284871
15.976968,24.887411,0.010138125,0.00013765838,0.00032460957
14.762304,24.481226,0.009335762,0.0002559726,0.0022995777
15.160637,24.074717,0.008965363,0.00031479198,0.0021173696
15.369637,24.684319,0.0108790705,0.00026109203,0.0011706208
14.570901,23.983,0.0064040767,0.00033867598,0.0024150144
14.379498,23.484772,0.0036555259,1.3641169e-05,0.001835619
14.9692335,23.57649,0.005730374,0.00010843761,0.001360239
13.304937,21.960676,0.0047371234,4.0971907e-05,0.0014179
13.466545,22.438135,0.003914694,0.00013052186,0.0020433462
13.628153,22.915594,0.0031091035,6.694488e-05,0.0020790473
12.898601,22.35153,0.0045504575,0.0001464241,0.0014702809
13.060208,22.828989,0.0037046252,1.6700447e-05,0.0018407749
12.492264,22.742384,0.004810389,1.4584453e-05,0.0016446764
11.941668,21.768936,0.0073334444,0.0001062981,0.00025790965
12.3960905,21.83285,0.0062237335,9.727938e-05,0.00035205344
12.850514,21.896763,0.0052896477,0.00018911349,0.00093783974
11.989755,22.223703,0.0064206873,1.2327975e-05,0.0005181576
12.444178,22.287617,0.0056969915,9.8271645e-05,0.0009517181
12.037841,22.67847,0.0062529696,0.00017186215,0.0010170658
11.533621,21.923393,0.007901866,8.319533e-05,1.0051532e-05
11.581707,22.378159,0.006956038,0.00019412929,0.00021641469
11.125574,22.077848,0.008342419,0.00011789941,0.00031455874
7.8821936,20.664333,0.0081784,0.0004891433,0.0018931505
8.140273,20.266478,0.0072454903,0.00055819016,0.0021875328
8.398352,19.868624,0.006322947,0.00066203246,0.002075335
8.42898,20.781584,0.008657406,0.00032818562,0.0016145266
8.687058,20.38373,0.0076535754,0.00037991133,0.0019749042
8.975765,20.898836,0.009387958,7.741725e-05,0.0013011221
7.6324368,19.330488,0.005691793,0.00079687056,0.0020204363
8.015394,19.599556,0.0059815804,0.00076409394,0.0019479499
7.4866114,19.690426,0.0063250023,0.0006736954,0.002028304
7.869569,19.959494,0.006633687,0.00063172233,0.0021032416
7.340786,20.050364,0.0070963358,0.00056241354,0.002119745
7.61149,20.35735,0.007578886,0.0005130775,0.0020662416
10.766769,21.79121,0.008915146,2.2383436e-05,0.00083013775
10.282417,21.518423,0.008852517,7.433102e-05,0.0015347374
9.798065,21.245636,0.009234233,0.00022965204,0.0014222865
10.81601,21.350117,0.008849223,9.670084e-05,0.0011074913
10.331659,21.07733,0.008938419,5.4959615e-05,0.0014112813
10.8652525,20.909023,0.008821801,0.00025667078,0.0011269331
11.174816,21.636755,0.008814539,0.00013127265,0.0005394611
11.224057,21.195662,0.008710362,0.00015367295,0.0008265245
11.582863,21.4823,0.008273125,0.0001278338,0.00042361283
9.907462,20.105938,0.007320547,0.00054172176,0.0020245356
9.693132,20.541939,0.008249474,0.00017108672,0.001718485
9.478802,20.97794,0.009359255,0.00011052656,0.0012881886
9.404426,20.026833,0.006808494,0.00046678272,0.0020534326
9.190095,20.462833,0.008037393,0.00022244875,0.001862224
8.901388,19.947727,0.006463338,0.0005219637,0.0020600562
10.226726,20.373632,0.008098339,0.000459963,0.0016766863
10.545989,20.641329,0.008677054,0.00034851048,0.0013792458
10.012396,20.809633,0.008710245,8.0432685e-05,0.0015124155
7.577063,18.83854,0.0050900998,0.00088899094,0.0024461471
7.401863,18.438202,0.005120853,0.00096901326,0.002879526
7.2266626,18.037865,0.0056143496,0.00093856314,0.0029440902
7.904647,18.61566,0.0048064906,0.0009360295,0.002622507
7.729447,18.215322,0.004636585,0.0010247927,0.003021016
8.232231,18.392778,0.00425597,0.00096061337,0.0026207552
7.9600205,19.107607,0.0051866677,0.00080812804,0.001961952
8.287604,18.884727,0.0045143785,0.0008220934,0.0019297965
8.3429785,19.376675,0.005494981,0.00069315697,0.0017560862
5.192575,15.510095,0.008149978,0.0004543513,0.0033158772
4.949054,15.135093,0.006790964,0.00015047938,0.0038742414
5.4696555,15.11303,0.0087017305,0.00042513033,0.0037397188
6.033894,15.208308,0.011144094,0.00046826573,0.003263014
6.3210526,15.70065,0.012240536,0.00046236755,0.0019197366
6.6082106,16.192993,0.011380509,0.00039638905,0.00082024955
5.7568135,15.605372,0.010855536,0.000672176,0.0027895942
6.043972,16.097715,0.011912759,0.0006047444,0.0017392819
5.479733,16.002438,0.010016807,0.00062327366,0.0021874185
5.8168435,16.832155,0.01204247,0.00029290488,0.0015647828
5.6482882,16.417295,0.011253017,0.00047662167,0.001791272
6.2125273,16.512573,0.0118910745,0.00044412678,0.0013882577
6.2510834,17.068378,0.010962409,0.00039539806,0.0005754599
6.6467667,16.748798,0.010148749,0.00033707017,0.00045304358
6.6853228,17.304604,0.008235097,0.00055273995,0.0009969145
7.194246,17.628197,0.006075981,0.0007108109,0.0024207858
7.1556897,17.072392,0.0072802696,0.00034897245,0.0010437241
7.1171336,16.516586,0.009223778,0.00026721103,5.125359e-06
7.6646123,17.395987,0.0050195935,0.0005942406,0.0022952873
7.626056,16.84018,0.00681742,0.00042097011,0.0011186654
8.134979,17.163774,0.0045507317,0.00081733597,0.0021772794
8.167397,17.573442,0.0039123367,0.00086256466,0.002591083
8.199814,17.98311,0.0037508153,0.0010086183,0.0028011764
7.6970296,17.805655,0.004494177,0.00086478825,0.0028832778
6.183626,13.830945,0.008846622,0.0010588795,0.0034695165
5.9651814,14.273456,0.009080265,0.0007731876,0.003574468
5.7468405,13.8249235,0.0075139655,0.0006462077,0.0035243125
6.7942686,12.703251,0.0077491067,0.0016728698,0.0034522698
6.59817,13.045843,0.008333729,0.0016299768,0.0033954864
6.4454947,12.638225,0.0072992872,0.0013616262,0.0033825128
20.39464,21.758308,0.0013398798,0.00067513343,0.0025444357
20.499435,21.420015,0.0014498252,0.00027370523,0.0028062179
20.749632,21.718403,0.0030267602,0.00048041798,0.0030449876
20.047138,21.844479,0.00026547583,0.00077067723,0.0021634563
19.804434,21.592354,0.00072202645,0.0006347812,0.002046276
19.56173,21.340229,0.00093513867,0.00056076096,0.0018994568
20.151936,21.506184,0.00030408427,0.00042302592,0.0023494242
19.909231,21.254059,0.00034883898,0.00035517756,0.002087262
20.256731,21.16789,0.00046664244,0.00010696601,0.0024435099
19.463505,21.932827,0.00045720395,0.0009811264,0.0018002989
19.512617,21.636528,0.00081025576,0.0007648,0.0018632343
19.755322,21.888653,0.0003000917,0.00084974396,0.0019799608
19.143816,22.080881,0.000617879,0.0010538894,0.001715984
18.873238,21.932636,0.0015250063,0.0010918311,0.0014250616
18.602661,21.78439,0.0022902123,0.0011180895,0.0010090941
19.192928,21.784582,0.00072093494,0.0009767273,0.0016204144
18.92235,21.636335,0.0012393603,0.0009936749,0.0014159151
19.24204,21.488283,0.0008817171,0.0008258214,0.0016615952
18.917395,22.31081,0.0010575494,0.00092884747,0.0018065425
18.690975,22.54074,0.001821924,0.0006142636,0.0020991846
18.646818,22.162565,0.0018996447,0.00089354033,0.001324481
17.78059,22.363798,0.004499335,0.00046650541,0.0007180584
18.098772,22.548838,0.0037064685,0.0003283635,0.0013880155
18.416952,22.733875,0.0024893656,0.00020598655,0.002085281
17.670858,22.82496,0.0048820674,1.8680003e-06,0.0014790829
17.98904,23.009998,0.0036860015,4.9621915e-05,0.0021488657
17.561127,23.286121,0.0054282695,2.7186004e-05,0.0016765745
18.054615,22.170662,0.0040395074,0.00074041623,0.00069695053
18.328638,21.977526,0.0028210508,0.000928159,0.00076291047
18.372795,22.355701,0.0031705974,0.0006643948,0.0013741625
14.910574,22.155785,0.0036240174,0.00063263066,0.0024596197
15.126705,22.659925,0.0036567925,0.0007602526,0.001409413
15.342837,23.164066,0.005341645,0.00062038784,0.0007660855
14.536969,22.568209,0.0033580312,0.0007915375,0.0020684826
14.753101,23.07235,0.003447209,0.00060485746,0.0013004122
14.163365,22.98063,0.0030546258,0.00044570162,0.0018933058
13.84015,22.025711,0.004606541,0.00038860907,0.0022197892
14.375361,22.090748,0.004118599,0.0006558539,0.0024149593
14.001758,22.503172,0.003915782,0.0005032418,0.0023257206
16.527563,22.32239,0.004936927,3.352051e-05,0.0006511428
16.835506,22.797354,0.0063555045,0.00024462643,0.00048963213
17.143452,23.272318,0.006682321,0.00010023825,0.0009515673
16.204699,22.770996,0.005675301,0.0003337455,0.00025079964
16.512642,23.24596,0.0074270302,0.0002475992,8.812e-06
15.881834,23.219603,0.006763472,0.0005502892,0.00035543996
17.362915,22.349995,0.005120184,0.00037292973,0.00032221855
17.253183,22.811157,0.0059203417,0.00013851514,0.0009803774
16.945238,22.336193,0.0052312408,0.00015762448,0.0001007822
15.44957,22.211319,0.003383106,0.00036770588,0.0020545777
15.988566,22.266855,0.0038041328,8.752715e-05,0.0014891133
15.665702,22.71546,0.004304154,0.00051490875,0.00085688964
14.277548,20.851582,0.0056967502,0.00088724477,0.0007959455
14.488557,21.286316,0.004721881,0.0009189993,0.0010899585
14.699565,21.72105,0.0041030385,0.00072664395,0.0022750788
13.953344,21.221281,0.0058804853,0.0005630902,0.00087662844
14.164353,21.656013,0.004852936,0.000555941,0.0016717056
13.629141,21.590979,0.0053528417,0.00034630662,0.001273856
13.714233,20.677702,0.007191168,0.0007757708,0.0005253649
13.39003,21.0474,0.006651146,0.00044751665,0.00029587862
13.065826,21.417097,0.006046128,0.0001224528,0.0003305059
13.150919,20.50382,0.007452804,0.0005892599,0.00022983836
12.826715,20.873518,0.0072270287,0.00038712085,0.000349303
12.5876045,20.329939,0.007872271,0.0006153631,0.00090363005
12.1569805,21.28927,0.007498256,0.00016161584,0.00037345034
12.3722925,20.809605,0.0078779105,0.0004445854,0.0006996314
12.611403,21.353184,0.006764816,9.289457e-05,1.3977289e-05
11.798175,21.002632,0.008337535,0.0002679555,0.0006285183
11.43937,20.715996,0.008593353,0.00044500706,0.0010114965
12.013487,20.522966,0.008333104,0.0006403047,0.0010787526
8.744879,18.562078,0.0043188157,0.0009876705,0.0019476614
9.257526,18.73138,0.0047051283,0.0010689201,0.0013332531
9.770174,18.90068,0.005338608,0.0011821089,0.0009812369
8.800252,19.054028,0.0048977234,0.00072312105,0.0014667487
9.312901,19.22333,0.005343523,0.0007392512,0.0013234698
8.855626,19.545977,0.005666072,0.0006275293,0.0017377435
9.861699,19.704185,0.0064373254,0.00077056256,0.0018813502
9.358663,19.62508,0.0059437538,0.0006103254,0.0018006047
9.815937,19.302433,0.00587561,0.0009088316,0.0012805864
10.334655,19.867094,0.007315451,0.0008558851,0.0017573806
10.288893,19.465342,0.006665513,0.0009976651,0.0013161667
10.24313,19.063591,0.0060754297,0.001246709,0.0008087397
10.761848,19.628252,0.0074797985,0.0011020722,0.0013332984
10.716086,19.2265,0.0068945955,0.0013098367,0.00085761095
11.189042,19.389408,0.007411217,0.0012552924,0.00086884946
11.65523,19.702919,0.0076726116,0.0011465647,0.0013072493
12.121417,20.016428,0.00809027,0.00082344015,0.0011531259
11.081112,19.895947,0.008227466,0.0010953576,0.0013747495
11.547299,20.209457,0.008359741,0.000891621,0.0013670172
10.973183,20.402485,0.008627145,0.0007073973,0.0013272825
10.653919,20.13479,0.008213507,0.0007965283,0.0016170761
8.586211,17.325638,0.004294015,0.0011939236,0.0021911375
9.037444,17.487503,0.0041615833,0.0015782194,0.0021640752
9.488676,17.649366,0.004019349,0.0018993448,0.0021042349
8.6186285,17.735306,0.0038855833,0.0012140389,0.0024223947
9.069861,17.897171,0.0038695154,0.0015464224,0.0021950514
8.651046,18.144974,0.003811773,0.0011896663,0.002406043
9.582509,18.066471,0.0041943984,0.0018394974,0.001892465
9.676341,18.483576,0.0045388755,0.0015598296,0.0011893007
9.163693,18.314276,0.00400576,0.0013961516,0.0017812924
9.186021,16.580498,0.0056728306,0.0015227285,0.0017293507
9.286906,16.936789,0.00481802,0.0017435128,0.00200397
9.387791,17.293077,0.004247728,0.0018495636,0.0021867896
8.835673,16.774923,0.005462633,0.0014881088,0.0017782622
8.936559,17.131212,0.004796286,0.0015378529,0.002110722
8.485327,16.969349,0.0051291017,0.0011874457,0.0019531306
7.342586,11.754269,0.0061616134,0.0017821018,0.0035079103
7.1664767,12.057464,0.0064807395,0.0016375401,0.0035687268
7.0391493,11.701379,0.005570681,0.0016303873,0.003559821
6.2571564,14.695539,0.010964792,0.0007086831,0.0033398261
6.475601,14.253029,0.011110803,0.0011644863,0.0033464474
6.6940465,13.810518,0.010692242,0.0015617728,0.0033626368
6.767576,14.675113,0.012804321,0.0010346846,0.0027035654
6.9860215,14.232602,0.013123206,0.0015311796,0.0029783433
7.2779965,14.654686,0.014053541,0.0013577205,0.0018365267
7.0547347,15.167455,0.013827937,0.00073874136,0.0016823577
6.8314724,15.680223,0.01200727,0.00040221587,0.00093836023
6.5443144,15.187881,0.012635739,0.00048124586,0.0025125197
7.624157,15.018318,0.013624674,0.0011427357,0.00060458574
7.9703174,15.38195,0.011835186,0.0010624534,0.0005593574
8.316478,15.745583,0.009449222,0.0011582162,0.0011087222
7.400895,15.531087,0.012221643,0.0006973787,0.00019731479
7.7470555,15.894719,0.010297958,0.00075281603,0.0005525933
7.177633,16.043856,0.010609524,0.00039908773,5.2695978e-05
8.255979,16.218313,0.0077419532,0.0010658134,0.0010987463
8.195478,16.691044,0.0061618974,0.0009429672,0.001477051
7.686556,16.367449,0.008358624,0.00056675577,0.00061696325
8.8961735,16.302193,0.0067028264,0.0013342712,0.0013907098
8.545826,16.496618,0.006367449,0.0012671335,0.0013918228
8.606325,16.023888,0.007876057,0.0012404297,0.0012026214
8.024884,12.34181,0.009180365,0.0018285436,0.0028078286
7.680045,12.348094,0.007910521,0.0018197952,0.0031844454
7.335206,12.354377,0.007299683,0.001729415,0.0034148162
7.8561544,12.044898,0.007776873,0.0018610959,0.0032331846
7.511316,12.051181,0.0068954155,0.0017924062,0.0034469573
7.687425,11.747986,0.0067223264,0.0018569061,0.0034360262
7.232502,12.706394,0.008167161,0.0017921062,0.0033406669
7.4746366,13.052129,0.009790765,0.001910177,0.0029796408
7.716771,13.397863,0.012019349,0.0018992461,0.0025426664
7.036403,13.0489855,0.009073527,0.0018614247,0.0033285515
7.2785378,13.39472,0.010918509,0.0019270119,0.0030479925
6.8403044,13.391578,0.009767397,0.0017921724,0.003357485
7.570513,13.816804,0.013436636,0.0019253185,0.0024114603
7.424255,14.235745,0.014145125,0.0017154976,0.002278312
7.13228,13.813662,0.012235874,0.0018393537,0.002907879
7.9221797,12.693828,0.009601866,0.0018383588,0.0026130318
7.8194757,13.045845,0.010546651,0.0018707903,0.002554777
7.5773406,12.700111,0.008718731,0.0018105935,0.003045171
7.78782,10.959562,0.007105018,0.0019145508,0.0038481466
7.653258,11.2053175,0.006383828,0.001837159,0.0036901329
7.518134,10.938936,0.0069312886,0.001944752,0.0036844406
20.699463,20.730204,0.0020802603,3.5073725e-05,0.0027735785
20.794693,20.378687,0.0026212637,0.00016686099,0.0026681793
21.051132,20.63763,0.0034718807,6.837875e-05,0.0031132177
20.531395,20.098097,0.0023189639,0.00016052485,0.0025654552
20.436165,20.449614,0.0013854848,3.9484934e-05,0.0023031821
20.340933,20.801132,0.0007146164,1.2921868e-05,0.002344634
20.172867,20.169024,0.0010849005,0.00028397504,0.0020340374
20.077637,20.520542,0.000279692,0.00020454428,0.0018913805
19.814339,20.239952,0.00045908825,0.0003459605,0.0017442415
19.645933,20.973469,0.00071612,0.0003824964,0.0018435987
19.730135,20.60671,0.00025522523,0.00031745993,0.0017233939
19.993433,20.8873,0.00034397002,0.00023925817,0.0020066113
19.256113,21.096777,0.0008432232,0.0006445098,0.001650652
18.950495,20.853327,0.00035303435,0.00073042023,0.0014119956
18.644876,20.609875,0.00014006649,0.0007819013,0.0012177352
19.340315,20.730019,0.00028627156,0.0004889793,0.0016015077
19.034697,20.486567,0.00031671766,0.0005943689,0.001443102
19.424519,20.363258,0.00034377747,0.00040738005,0.0016093964
18.936422,21.244831,0.0008400639,0.0008620899,0.0014478323
18.616734,21.392885,0.0014655262,0.0009906362,0.0011352971
18.630804,21.001379,0.0005209558,0.00087103574,0.0012290993
18.228188,21.604391,0.0025908998,0.0010534858,0.00059026637
17.853716,21.424393,0.0023596473,0.000868603,0.00038573632
17.479242,21.244394,0.0016879662,0.00065240404,0.00014336017
18.24226,21.212887,0.0013216576,0.0009391424,0.0008349767
17.867786,21.032888,0.0009952355,0.00081163505,0.0005265925
18.256332,20.82138,0.00035419047,0.00083268306,0.0010061129
17.680141,21.990664,0.00412441,0.0007508651,0.00014275714
17.57969,21.617529,0.0031679538,0.0008256438,4.1278778e-05
17.954165,21.797527,0.0032799041,0.0009668559,0.00025411282
17.262465,21.97686,0.004029651,0.0005484526,0.00014638656
16.84479,21.963058,0.0037510446,0.00018703891,0.0005601524
17.162016,21.603725,0.0029954403,0.00056288496,0.00032718346
16.346575,21.799881,0.003710891,0.00010519754,0.0015276864
15.807579,21.744347,0.003521368,0.00028183617,0.0020925351
15.268583,21.688812,0.0034749,0.00052896416,0.0021698899
16.165588,21.277374,0.0036920514,0.00047828868,0.0016572776
15.626593,21.22184,0.0037560211,0.0007521999,0.0016417964
15.984601,20.754868,0.003392165,0.00084404286,0.001221847
16.98103,21.081219,0.0016749414,0.00023422146,0.00029951043
16.663801,21.44055,0.002405056,0.00011003879,0.0006813117
16.482815,20.918043,0.0025002938,0.00032125443,0.00094213174
14.846566,20.819344,0.0038240678,0.0010461102,0.0006052274
15.415584,20.787106,0.0031599933,0.00091013685,0.0007656384
15.057574,21.254078,0.003673465,0.0009106328,0.0011806906
15.024469,19.746323,0.002113462,0.0010501519,0.00045357906
15.344513,20.082504,0.0019370215,0.001110988,0.00044887757
15.664557,20.418686,0.0025207875,0.0010350053,0.0007404793
14.775496,20.114742,0.0036264998,0.001060168,0.00034125184
15.095539,20.450924,0.002909406,0.0011087977,0.00036837457
14.526522,20.483162,0.005020487,0.001025381,0.0005326598
13.908527,19.58279,0.0070170825,0.00095908775,0.00071193895
14.031534,20.00572,0.007325786,0.000985161,0.00073441427
14.154541,20.428652,0.0067692283,0.0009952725,0.000794614
13.46822,19.83184,0.007644922,0.0008880607,0.00012296566
13.591227,20.25477,0.007673156,0.0008990784,0.0003065343
13.027912,20.080889,0.0075235693,0.000618388,0.0005416055
14.280508,19.6373,0.0058780676,0.0009915604,0.00077162194
14.652489,19.69181,0.003741438,0.00094430865,0.00068555144
14.403515,20.060232,0.0055481656,0.00095688103,0.00068966596
12.7070875,19.711752,0.0074795196,0.0007142705,0.0006547085
12.2409,19.398241,0.00703446,0.0009525421,0.000771221
11.774713,19.08473,0.006480402,0.001187277,0.0005616717
12.82657,19.093563,0.006768449,0.0010005973,6.614045e-05
12.360382,18.780054,0.0058636535,0.0011354361,0.0003210263
12.946053,18.475376,0.005612684,0.0011745046,0.00060267537
13.587702,19.213652,0.007058239,0.00096208975,0.0007800863
13.147395,19.462702,0.0073168543,0.0008732732,3.2011478e-05
13.266877,18.844515,0.0066088475,0.0009934977,0.0008689222
10.029782,17.663786,0.0040387455,0.0021753178,0.001998337
10.570888,17.678204,0.0043708603,0.0023339805,0.0016053285
11.111994,17.692623,0.0041113845,0.0022146285,0.0014051675
10.123614,18.08089,0.004368682,0.0020743953,0.0013385111
10.664721,18.095308,0.004893926,0.0022219727,0.0010073669
10.217447,18.497995,0.0052368604,0.0018314915,0.0008687688
11.16336,18.823812,0.0062152036,0.0015469689,0.00044271152
10.690403,18.660904,0.0058621983,0.0017720215,0.0004978613
11.137676,18.258217,0.005381806,0.0020086833,0.00062135456
11.749029,18.519135,0.0050346325,0.0015094365,0.0006370917
11.723347,17.95354,0.0044956077,0.0018233918,0.0008875588
12.3347,18.214458,0.004663424,0.0014416202,0.00039086991
9.522037,16.620987,0.0052179154,0.0016739372,0.0018788315
9.858051,16.661474,0.004687447,0.0017488191,0.0017939064
10.194067,16.701963,0.0042131855,0.0019652322,0.0019874359
9.622921,16.977276,0.004466045,0.0018873923,0.002088773
9.958937,17.017763,0.0041602952,0.0020918818,0.0021625205
9.723806,17.333565,0.004057762,0.0020286571,0.0022003525
10.500043,17.032183,0.0036930263,0.0022744397,0.0021798466
10.806018,17.362402,0.0035848129,0.0022935558,0.0019505909
10.264913,17.347984,0.0038811907,0.002324395,0.0020863512
9.383645,16.26239,0.006035952,0.0013409626,0.0014529249
9.093798,15.984085,0.0068909647,0.0011768475,0.0013545201
8.803949,15.70578,0.008127704,0.0011835949,0.001403027
9.581269,15.9442835,0.0063704345,0.0011665667,0.0012158464
9.291422,15.6659775,0.0071180183,0.0010631409,0.0014239552
9.778893,15.626176,0.006713613,0.0010212755,0.0010751622
9.719661,16.30288,0.005541411,0.0014312719,0.0014503112
9.917285,15.984771,0.005858551,0.0011906954,0.0010641702
10.0556755,16.343367,0.004921834,0.0015648423,0.0014840607
7.807275,11.452921,0.006683857,0.0018806758,0.0035441446
7.941837,11.207166,0.00697778,0.001866759,0.0037639253
8.076399,10.9614105,0.007592036,0.0019209967,0.003962315
8.095854,11.454769,0.0076996647,0.0019214071,0.0035210417
8.230415,11.209014,0.008009209,0.0019300983,0.0037720525
8.384433,11.456618,0.009023876,0.0019903611,0.0034160297
8.264584,11.751682,0.008984439,0.0019668366,0.0031331948
8.144733,12.046746,0.009124622,0.0018649661,0.0029787105
7.976004,11.749834,0.007658108,0.0018933734,0.0033398308
8.864427,12.107416,0.013081661,0.0019645346,0.0018295307
8.584579,12.185548,0.011700697,0.0019212691,0.002146079
8.304731,12.2636795,0.009976336,0.0019101406,0.002435471
8.704429,11.890484,0.0123039745,0.002000615,0.0025176918
8.424582,11.968615,0.010138945,0.0019509234,0.0026912568
8.544431,11.673551,0.010428363,0.0019972026,0.0029960591
8.129668,13.716016,0.013800075,0.0017035652,0.0016033165
8.542565,14.034167,0.012957825,0.0014022833,7.323589e-05
8.955462,14.35232,0.0104559455,0.0012501803,0.0013028812
7.9834104,14.134956,0.014382738,0.001712858,0.0012469986
8.396307,14.453109,0.013105054,0.001393657,0.00013209484
7.837152,14.553898,0.014324515,0.0014786999,0.0010880288
8.529472,15.281162,0.010330157,0.0011470385,0.0012815214
8.183312,14.91753,0.013035706,0.0013407292,0.00020810084
8.742468,14.816741,0.010569974,0.0011377691,0.0013202659
9.504416,15.201557,0.0077361814,0.0009623196,0.0014623741
9.016945,15.24136,0.008333096,0.0009789281,0.0016811732
9.229939,14.776938,0.008857023,0.0010546895,0.0017739742
8.315416,12.562812,0.011009479,0.0017917433,0.0021205556
8.605949,12.7838125,0.012554638,0.0017576973,0.0013929305
8.896482,13.004813,0.01304912,0.0017619798,0.00066908856
8.212712,12.914829,0.0113112815,0.0017607217,0.0019739077
8.503245,13.13583,0.012520507,0.001657826,0.0012852314
8.110008,13.266847,0.012146074,0.0017841608,0.0019838295
8.916142,13.453982,0.012995714,0.0016703984,0.000108796376
8.935802,13.9031515,0.01167692,0.001397355,0.00067608524
8.522905,13.584999,0.013488792,0.0014897299,0.0008919573
8.875112,12.4065485,0.013297646,0.0019086553,0.0013071047
8.8857975,12.705681,0.01297917,0.0018444066,0.00085950305
8.595264,12.48468,0.0118551925,0.0018664543,0.001662308
8.206643,10.699685,0.008516634,0.0021056815,0.00407705
8.490905,10.685564,0.008849613,0.002095213,0.0041327863
8.7751665,10.671443,0.009284182,0.0020800435,0.00410484
8.360661,10.947289,0.008445645,0.0020058404,0.00400236
8.644922,10.933168,0.009395618,0.0019716404,0.0039880425
8.514677,11.194893,0.009262744,0.0019625705,0.0037335812
8.444987,10.266732,0.009796428,0.0024121797,0.0041224174
8.610077,10.469088,0.009143474,0.0022356957,0.0042189537
8.160726,10.280853,0.010397095,0.0024348048,0.0038979668
8.325815,10.483209,0.009164071,0.002243881,0.004109069
8.0415535,10.49733,0.009294327,0.0022656647,0.003949887
7.90903,10.248586,0.01093371,0.002466206,0.0036015913
21.109064,19.472397,0.0048163445,0.00030876242,0.003223475
21.352743,19.661722,0.005072906,0.0001932992,0.0031146726
20.999495,19.749783,0.0040182127,0.0003442797,0.0030197627
20.89696,19.167805,0.0048835953,0.0003866913,0.0030455028
20.78739,19.44519,0.0040922384,0.0004017793,0.0030247797
20.677818,19.722576,0.003298576,0.00039075117,0.002849358
20.575285,19.140598,0.004242153,0.0003767478,0.0027649328
20.465714,19.417984,0.0032484457,0.00047464995,0.0026734984
20.253609,19.113392,0.0034484942,0.00048225815,0.0023640601
20.31929,19.793505,0.0019581425,0.00051621837,0.0023224852
19.960762,19.864431,0.0013526273,0.00040285627,0.0020320753
20.107185,19.488913,0.0023866445,0.0004317409,0.0023042057
19.520432,19.916183,0.0011488833,0.00035727536,0.0018276118
19.226524,19.592415,0.0017258702,0.00024254154,0.0017471414
18.932617,19.268648,0.00218277,4.9581286e-06,0.0014114656
19.666855,19.540665,0.0019333679,0.00029969658,0.002006883
19.372948,19.216896,0.0024626881,0.00010251126,0.0017529287
19.813278,19.165144,0.0028454512,0.00022853748,0.0020315796
19.130611,20.039492,0.0010980177,0.0004263583,0.001632365
18.740791,20.162798,0.0009680812,0.00057712523,0.0013634773
18.836704,19.715723,0.0015889442,0.00032418966,0.0014473356
18.262981,20.343184,0.00054122554,0.0006742553,0.0010103913
17.881084,20.076492,0.0008907167,0.0003791959,0.00079692504
17.49919,19.8098,0.0010929535,3.9809383e-06,0.0004065409
18.358894,19.896107,0.0014065983,0.00040806213,0.0011876575
17.977,19.629416,0.0018441034,0.00026903127,0.0007299392
18.45481,19.449032,0.0020302557,0.00021126447,0.00095283036
17.874435,20.55469,5.8624777e-05,0.00059296563,0.00070234796
17.485891,20.766197,0.00054264703,0.00039417774,0.000376104
17.49254,20.287998,0.000117634714,0.00023919786,0.00027898556
16.987679,20.60302,0.0012015707,8.653384e-06,0.0002952626
16.489464,20.439844,0.0016145348,0.0003587894,0.00082635507
16.994328,20.124823,2.4685636e-05,0.00022751547,3.2630924e-05
15.416302,19.513018,0.0003370135,0.0010894856,0.000693705
15.808134,19.279715,0.0013388074,0.0010168196,0.00086931995
16.199966,19.046412,0.0029153344,0.0009007448,0.0008266497
15.736346,19.8492,0.0007960852,0.0010098158,0.0006735538
16.128178,19.615896,0.0006343727,0.0008956444,0.00064083596
16.05639,20.185383,0.0016343445,0.00083242415,0.00080373447
16.633041,19.300875,0.0021926933,0.00070314883,0.0006062437
17.066114,19.555338,0.001311163,0.0003412661,0.00021699996
16.561253,19.87036,0.00014226511,0.0005228187,0.0005742392
14.918924,19.335028,0.0018634163,0.0010400349,0.0007969596
14.813379,18.923733,0.0017753895,0.00096148794,0.0012855912
14.707835,18.512438,0.0019697426,0.0008569618,0.001989064
15.310757,19.101725,0.00027105445,0.0010793223,0.00090737763
15.205213,18.69043,0.00046738936,0.0009658058,0.0014931782
15.70259,18.86842,0.0021346542,0.0009655188,0.0011787087
14.546944,19.280518,0.0036724303,0.0009326328,0.00090199267
14.174963,19.226006,0.0055049495,0.00094692316,0.0010579496
14.441399,18.869223,0.0035976833,0.00091165164,0.0015489268
13.854138,18.856869,0.0058810455,0.0009914535,0.0014553404
13.533313,18.48773,0.0057748845,0.001119866,0.0014366105
14.120574,18.500084,0.00459718,0.0008982663,0.0020365384
12.909356,17.87444,0.0042641833,0.0013841632,0.00017076437
12.298003,17.613522,0.003971652,0.0016340461,0.0008458834
11.68665,17.352604,0.0035112104,0.0019938673,0.0016436435
12.87266,17.273502,0.004138325,0.0018600076,0.0005632064
12.261307,17.012585,0.0036180585,0.0018676436,0.0014031219
12.835963,16.672567,0.00432577,0.0018661408,0.00051633554
13.317776,16.831,0.0041866084,0.0019262446,0.00021505891
13.799588,16.989433,0.0033818032,0.0016474926,0.00028004157
14.281402,17.147867,0.0020721413,0.0013563521,0.0007895288
13.354472,17.431936,0.004056065,0.0016170152,0.0001434052
13.836285,17.59037,0.0038515418,0.0012687377,0.001203488
13.391169,18.032873,0.0046814578,0.001169702,0.0011467403
14.56569,18.05758,0.002238799,0.000827446,0.0024402086
13.97843,18.045227,0.0043288637,0.0009792516,0.0021017576
14.423546,17.602724,0.002061232,0.0010483396,0.001746979
10.584086,16.443895,0.003755489,0.0017558038,0.0017470258
10.445695,16.0853,0.0043515726,0.0014232369,0.0013697926
10.307303,15.726705,0.005223951,0.0011577872,0.0011980023
10.974106,16.18583,0.0030129976,0.0013701085,0.0017248217
10.835714,15.827233,0.003320516,0.0011207571,0.0016098733
11.364124,15.927762,0.0026827157,0.0010800802,0.0016523693
10.890061,16.774117,0.003283095,0.001997324,0.002118328
11.280081,16.516048,0.0029732203,0.0015384399,0.0018081716
11.196037,17.104336,0.0035140617,0.002115565,0.0020180843
11.854737,16.176031,0.0028418214,0.001309243,0.0014737921
12.34535,16.4243,0.0034655535,0.0016390893,0.0010509045
11.770694,16.764317,0.002950789,0.0017881474,0.0018969488
10.431584,14.627108,0.0060274503,0.0007726897,0.0020885626
10.214021,14.96013,0.0066144587,0.0008029357,0.0015555084
9.996457,15.293153,0.0069200667,0.000987499,0.0012299374
9.939544,14.535512,0.008101894,0.0010762227,0.0017859162
9.72198,14.868534,0.008080848,0.0009778091,0.0015993722
9.447503,14.443916,0.00936047,0.0012085601,0.0017288593
10.742431,15.060659,0.0041762344,0.0008712532,0.0020476026
11.053278,15.49421,0.0030287504,0.0009732216,0.0018364543
10.524867,15.393682,0.0047614663,0.0009399718,0.0015429477
12.779094,15.344404,0.003373083,0.0014316301,0.001186586
12.79805,15.787126,0.0036675252,0.0015169824,0.0007150485
12.817006,16.229847,0.004022245,0.0015916092,0.00036743574
12.307437,15.538857,0.0033038799,0.0013747528,0.00140186
12.326394,15.981578,0.003285585,0.001469693,0.0011179612
11.835781,15.73331,0.0028574648,0.0010776988,0.0015135573
8.683771,11.446131,0.010899419,0.0019727137,0.003258009
8.814016,11.184406,0.010973613,0.0019085552,0.0035855444
8.944261,10.922681,0.010566472,0.0017925441,0.0038272818
8.98311,11.435644,0.0129565885,0.0018265308,0.0029710273
9.113355,11.173919,0.012402311,0.0017374947,0.0032169074
9.282449,11.425157,0.013504591,0.0018227757,0.0022214847
9.003767,11.879996,0.013502125,0.0019563786,0.0019792921
8.843769,11.663064,0.012798036,0.0019441731,0.0027507087
9.143108,11.652576,0.013726944,0.0019409205,0.0021218292
9.171736,12.170293,0.013504941,0.0019612073,0.0008298663
9.479045,12.23317,0.012941373,0.0016945584,0.00019153574
9.786354,12.296046,0.011265809,0.0013024093,0.0011368408
9.182421,12.469425,0.013699107,0.0017892481,0.00057838333
9.48973,12.532302,0.0123453755,0.0016188709,0.00043191464
9.193106,12.768558,0.012746558,0.0018713281,2.4320325e-05
9.311076,11.942873,0.013712536,0.0018864507,0.0008721146
9.450417,11.715453,0.013707288,0.0017050109,0.0009533363
9.618385,12.00575,0.012798987,0.0015365393,0.00031178657
9.354761,13.139658,0.0118676135,0.0017901061,0.00055972656
9.813039,13.274503,0.0097183585,0.001414048,0.0014146834
10.2713175,13.409348,0.0076282723,0.00094655866,0.0020163965
9.374421,13.588827,0.011281603,0.0015944585,0.00078370527
9.8327,13.723672,0.00937544,0.0015125952,0.0016880488
9.394081,14.037996,0.010468944,0.0015045138,0.0015390894
10.378162,14.221188,0.006656853,0.0010669155,0.0023978876
9.886122,14.129592,0.008756075,0.0013149761,0.001944573
10.324739,13.815268,0.0072272928,0.0010906518,0.0022894107
9.948009,12.667147,0.009552859,0.001109486,0.0015393967
10.109663,13.038247,0.008415852,0.0009660369,0.0017059431
9.651384,12.903402,0.010901126,0.0015396549,0.0010044086
9.5763645,10.673987,0.01039068,0.0018151419,0.0031149257
9.478393,10.924377,0.011680107,0.0016559351,0.002785916
9.380421,11.1747675,0.012903409,0.0016891181,0.0025131833
9.3092985,10.67314,0.009990264,0.0019096038,0.0035478624
9.211327,10.923529,0.0113254115,0.0018840879,0.0033946014
9.0422325,10.672291,0.009794614,0.0019166128,0.003984728
8.588423,9.941155,0.010670621,0.0026865592,0.004057327
8.896948,9.817935,0.009594683,0.0026577003,0.004154992
8.753512,10.143511,0.009314307,0.0024195558,0.0042428477
9.062037,10.02029,0.008586347,0.002488774,0.004295364
8.918602,10.345867,0.008814238,0.0021494252,0.004245439
9.452734,10.347563,0.0082497215,0.002087955,0.003908064
9.185668,10.346715,0.008629547,0.0022481647,0.0041449564
9.329103,10.021138,0.007676851,0.002539422,0.0042523155
8.5303545,9.630516,0.0121370815,0.0028314767,0.0036363732
21.155928,18.874897,0.005927598,0.00045321332,0.0028097301
20.834253,18.847692,0.0054297894,0.00047527038,0.0027352506
20.512577,18.820486,0.0047677485,0.00041475298,0.0024709017
21.093222,18.554785,0.0065145665,0.0006545615,0.0024474594
20.771547,18.527578,0.0059365425,0.0005599251,0.0023289504
21.415045,18.74207,0.0067691263,0.00049331144,0.0025261133
20.045763,18.710455,0.0039604763,0.00031544908,0.0019243618
19.837915,18.307516,0.0048589846,0.00021483225,0.001658048
19.63007,17.90458,0.005694402,5.4088712e-05,0.0015281083
20.304731,18.417547,0.005185517,0.00043963426,0.0019265233
20.096886,18.01461,0.0057126814,0.00041219656,0.001618205
20.5637,18.124641,0.0063516116,0.0005500369,0.0019638576
19.605433,18.762205,0.0036922598,5.6655495e-05,0.00180025
19.165102,18.813957,0.0032777209,0.00016524922,0.0016013784
19.397585,18.359268,0.0047357865,0.00017462543,0.001690413
18.53969,18.823967,0.003028901,0.0004288765,0.0010346672
18.14676,18.379286,0.0036798436,0.0007162179,0.00025449824
17.753832,17.934607,0.004595139,0.0008805568,0.000616916
18.772173,18.369278,0.0039995243,0.0006368668,0.0012335081
18.379244,17.924597,0.0038720374,0.0009214805,0.00022526312
19.004656,17.914587,0.0054059876,0.00050549314,0.0013246287
18.06188,19.00435,0.0029647686,0.00013062789,0.00048640615
17.58407,19.184736,0.002666405,8.453149e-06,1.3582641e-05
17.668951,18.559671,0.0040315827,0.00022042554,0.00043931731
17.150995,18.930273,0.0036350505,0.0003818866,0.0003583397
16.717922,18.67581,0.004798241,0.00066050113,0.0008382618
17.235876,18.305208,0.005622234,0.00049475353,0.00075281376
15.987827,17.462172,0.0042933165,0.0010166059,0.0025900737
16.576496,17.61965,0.006044819,0.0008808828,0.0020923847
17.165163,17.777128,0.006365328,0.0008177107,0.0012231376
16.05854,17.990252,0.0045545665,0.0008368799,0.0023362506
16.64721,18.14773,0.0061000907,0.00070406497,0.0014519511
16.129253,18.518332,0.004235937,0.00077144755,0.0014450201
15.631876,18.34034,0.002665643,0.00086560135,0.0019468681
15.134499,18.16235,0.00042420812,0.00079948874,0.002439151
15.561163,17.81226,0.0026325663,0.00087418273,0.0026872247
14.992354,17.707493,0.0001624655,0.00091372925,0.0024794037
14.85021,17.252636,0.00017004996,0.001172711,0.0015104219
15.419019,17.357403,0.002227609,0.0010985482,0.0021546057
14.182165,16.650988,0.002443552,0.0013946298,0.0006656524
13.700353,16.492554,0.004062669,0.0015788069,0.0004973202
13.21854,16.334122,0.0043228334,0.0016261078,0.00012375359
14.08293,16.154108,0.0029920868,0.0011991257,0.0010277596
13.601117,15.995675,0.0038003854,0.0012086228,0.0004957402
13.983694,15.657229,0.0027275537,0.0012936583,0.0005145437
13.180627,15.44868,0.0034813373,0.0012807397,0.0007330761
13.582161,15.552955,0.0030892421,0.0012566192,0.00018388088
13.199583,15.8914,0.003874481,0.0013184715,3.882739e-05
15.2677555,16.146843,0.0010683292,0.0014812888,0.0014785088
14.938971,16.480518,0.00036834367,0.0012982893,0.0010982442
14.610186,16.814192,0.00073144236,0.0012825034,0.0007866549
14.839735,15.983639,0.00091543,0.0013425177,0.001585362
14.51095,16.317314,0.0014681546,0.001190167,0.0011971766
14.411715,15.820435,0.0020663452,0.0012998488,0.0012418169
15.50778,16.585287,0.0026464243,0.0012777557,0.0011336281
15.747804,17.02373,0.0035170256,0.0012393184,0.0017541593
15.178995,16.91896,0.0015513084,0.0012447984,0.001246976
10.880597,14.438494,0.0042388868,0.0008628671,0.002679648
11.329609,14.249881,0.003181837,0.0011045117,0.0028571011
11.778622,14.061268,0.002321614,0.001160839,0.0026313097
11.191443,14.8720455,0.0031966353,0.0009790572,0.0023480214
11.640456,14.683433,0.0029484914,0.001174725,0.002263706
11.502291,15.305597,0.002871078,0.0010026711,0.0018777963
10.827174,14.032575,0.0047736214,0.0009611056,0.0028093024
10.773752,13.626655,0.005284238,0.0008412743,0.0024355783
11.276187,13.843961,0.0035016183,0.001043055,0.0028089422
12.445602,14.916692,0.0031044825,0.0015388122,0.0015806092
11.973947,15.111145,0.0032130368,0.0013527002,0.0017456859
12.112112,14.48898,0.0025142827,0.0014485634,0.0020421122
13.005137,14.961228,0.0029654421,0.0014568979,0.0011664479
12.671646,14.533516,0.0025588293,0.0015797559,0.0015643123
12.338156,14.1058035,0.0019704304,0.0014038843,0.0021462361
13.231181,14.5780525,0.002615462,0.0014734304,0.0010140343
12.89769,14.15034,0.0019476579,0.0015781783,0.0016521147
13.457225,14.194877,0.002536334,0.0016623738,0.0009717203
13.406671,15.065504,0.0028871368,0.00141795,0.00092224573
13.632714,14.682328,0.0026326722,0.0015419585,0.000754676
13.808205,15.169779,0.0024761092,0.0013898994,0.0005102393
9.822463,10.897145,0.012344193,0.0016010009,0.0022253837
10.068562,11.120302,0.012474061,0.0015647772,0.0008694212
10.31466,11.34346,0.011426284,0.0014410929,0.0005958703
9.724491,11.147534,0.013225665,0.0014980886,0.001691984
9.97059,11.370692,0.013009955,0.0013900197,0.0003523755
9.626519,11.397924,0.013484435,0.0014950738,0.0012210478
9.794488,11.688221,0.012911499,0.0013535935,9.928265e-05
10.138558,11.660989,0.011823618,0.0013517633,0.00095697824
9.962456,11.978518,0.011385364,0.0012504129,0.0012316254
10.245335,12.356092,0.008757296,0.0010178512,0.0020363696
10.421436,12.038563,0.008946595,0.0011902701,0.0021772254
10.597539,11.721034,0.009041103,0.0013213125,0.0021088105
10.704315,12.416138,0.006738031,0.0009207325,0.0024252953
10.880418,12.098608,0.0066270437,0.0011081962,0.00266178
11.163296,12.476183,0.005024721,0.00086390413,0.0024944097
10.568644,13.098292,0.00649333,0.00067656906,0.00198506
10.406989,12.727192,0.0074814423,0.0007808956,0.00199972
10.86597,12.787238,0.0055651357,0.0006642429,0.0021849084
11.071078,13.315599,0.00435518,0.0006458312,0.0022396976
11.368404,13.004544,0.003959009,0.00071667624,0.002062884
11.573513,13.532906,0.0028620637,0.0008677874,0.0023431005
9.859112,10.497731,0.008904252,0.0020403983,0.0028921282
9.735481,10.171307,0.007277272,0.0023776328,0.0039100302
9.611851,9.844882,0.0067636212,0.0028137732,0.004257701
10.14186,10.321475,0.0074738236,0.002173239,0.00278553
10.0182295,9.99505,0.0058472673,0.0024896965,0.0038365338
10.424607,10.145219,0.0056665456,0.0021162732,0.0027540596
10.10521,10.720888,0.0105713885,0.0018161305,0.0019128093
10.387959,10.544632,0.008485267,0.001896272,0.0017181793
10.35131,10.944046,0.010779506,0.0016704791,0.00072008575
10.411101,9.698696,0.0037029688,0.0024523889,0.0038450053
10.004723,9.548529,0.0052783787,0.0029722892,0.0042899945
9.598344,9.39836,0.0078046722,0.0031915384,0.0041858424
10.397594,9.252174,0.003997075,0.0027220615,0.004332738
9.991216,9.102006,0.006911038,0.0031328094,0.0043364335
9.526221,8.93175,0.010954436,0.003359032,0.0039341515
20.935188,17.769142,0.0074032596,0.00034964707,0.0021959813
20.468372,17.659111,0.0068008797,0.0003197702,0.0018981763
20.001558,17.54908,0.006244707,0.00024198371,0.0015118946
20.83986,17.303612,0.0072185835,0.00010966242,0.0022496826
20.373045,17.19358,0.0068695913,9.646712e-05,0.0018611244
21.245337,17.5545,0.00730785,1.272012e-05,0.0023074895
19.426823,17.366978,0.006196515,0.00015202255,0.0012394646
19.223576,16.829378,0.006150066,0.0004824399,0.0008101467
19.02033,16.291779,0.005781441,0.00075193576,0.0007974064
19.798311,17.01148,0.0062239286,0.0001575594,0.0012402565
19.595064,16.473879,0.006101493,0.00051217177,0.0011078849
20.169798,16.655981,0.006310768,0.000464208,0.0014468045
18.80141,17.376987,0.005594883,0.0005359896,0.0005514323
18.175997,17.386997,0.0045299106,0.00097407977,0.0006476159
18.598164,16.839388,0.0050458885,0.000829009,0.00024279431
18.349388,16.114517,0.0060273977,0.0012454848,6.860285e-05
17.927221,16.662127,0.005234284,0.0012306795,0.0012978524
17.505056,17.209736,0.005586165,0.0012245277,0.0014478147
17.678446,15.937256,0.006407952,0.001558623,0.000726043
17.256279,16.484865,0.0060806083,0.0016707053,0.0011833197
17.007504,15.759995,0.0062305992,0.001821249,0.0010875203
16.327719,16.89478,0.005262498,0.0013305309,0.001561007
16.667612,16.327387,0.0060799257,0.0017286817,0.0009012317
16.916388,17.052258,0.005952443,0.0013475823,0.0018055375
15.8476715,16.017895,0.0031747408,0.0017620202,0.001398241
16.427588,15.888945,0.0051425667,0.0019615735,0.0012148377
16.087696,16.456337,0.0045065633,0.0014853111,0.001194609
15.272079,15.576836,0.0003819652,0.0020365703,0.0014822518
15.276403,15.006827,0.0004777899,0.0021917685,0.0005502239
15.280727,14.436819,0.0011591563,0.0019940152,0.00020962996
15.851995,15.4478855,0.0023400132,0.002129956,0.0016291763
15.856319,14.877877,0.002190767,0.0019693582,0.0011074366
16.431911,15.318936,0.004367175,0.0018492958,0.0016531816
14.844059,15.4136305,0.0009178994,0.0019302815,0.0009201841
14.4160385,15.250426,0.0017407704,0.0018128068,0.0002164283
14.848383,14.843622,0.0003820788,0.0021460429,0.00016069217
14.240549,14.762975,0.0018115613,0.0018274764,0.0005206632
14.065059,14.275524,0.0024212238,0.001950551,0.0005362863
14.672894,14.356172,0.00062346936,0.0020803974,0.0005640228
14.281198,13.103494,0.00078303495,0.0012045174,0.00027084077
14.614374,13.5479355,0.00079032674,0.0015877434,0.00022220361
14.947551,13.992377,0.00029147713,0.0019320423,0.0004591784
14.00654,13.467288,0.0021158184,0.0016720055,1.8956955e-05
14.339717,13.91173,0.0019729338,0.0019667319,0.00022169364
13.731882,13.831082,0.0026641362,0.0018666647,0.0006438567
11.724487,12.474896,0.0041951286,0.001168746,0.0021623992
12.285679,12.473611,0.0026113805,0.001474281,0.002274635
12.84687,12.472325,0.0010060514,0.0015671778,0.0023414204
11.929596,13.003259,0.002733482,0.0009179766,0.0018840865
12.4907875,13.001972,0.0015235599,0.0011681844,0.0018798034
12.134705,13.53162,0.0018154373,0.0010971769,0.0021633566
13.253774,13.620693,0.0015738416,0.0016731657,0.0014756962
12.694239,13.576157,0.0012384928,0.0013559244,0.0019995251
13.050322,13.046509,0.0006801323,0.0011936564,0.0016841447
13.803088,12.893105,0.0007006434,0.0011552746,0.00053234334
13.528431,13.256899,0.0013301636,0.0014673311,0.0008444763
13.32498,12.682714,0.00041169906,0.0013327673,0.0016972416
10.761405,11.243695,0.008598588,0.0015143638,0.0014824593
10.798054,10.844281,0.0075784368,0.0016990002,0.000566161
10.8347025,10.444868,0.0061435034,0.0018182057,0.0010630202
11.208149,11.14393,0.006022207,0.001628878,0.0016045559
11.244798,10.744517,0.0051421197,0.0017416948,0.00051071
11.654893,11.044167,0.0039078216,0.001702077,0.0016094473
11.044283,11.621269,0.0065400526,0.0013439769,0.0026464402
11.491027,11.521505,0.005330528,0.0015768618,0.0023078723
11.327162,11.998844,0.0054381313,0.0013050521,0.0027385664
11.888353,11.997558,0.0043561207,0.0016059792,0.0024439162
12.052218,11.520219,0.0035690584,0.0017244234,0.0020799087
12.449545,11.996272,0.0024742489,0.0018091792,0.0023841194
10.879985,9.926911,0.0036003008,0.0020151588,0.0025036396
10.866478,9.480389,0.0025683497,0.0022092788,0.0037272554
10.852971,9.033866,0.0031068595,0.0022775508,0.004523189
11.3353615,9.708603,0.002497175,0.0017804075,0.0027736514
11.321856,9.262081,0.0025436352,0.001751126,0.0037940566
11.790739,9.490295,0.001845367,0.0014062165,0.0026638708
11.29008,10.226561,0.0034868182,0.0017477631,0.0012192898
11.745457,10.008252,0.00094862684,0.001452845,0.0010229513
11.700175,10.52621,0.0020021852,0.001541428,0.00045668602
11.772308,8.957824,0.0037182868,0.0014256068,0.003880409
11.303425,8.7296095,0.0035012462,0.00181006,0.0046544094
10.83454,8.501395,0.0061034434,0.0023311265,0.0048718723
11.753878,8.425353,0.0047274716,0.0014285761,0.004759315
11.284994,8.197139,0.005899005,0.0018268205,0.005101503
10.759564,8.004816,0.0111799445,0.0026023402,0.0049645174
20.498474,15.700367,0.005934277,0.0011567569,0.0023988448
20.621504,16.269224,0.0063493378,0.00092370174,0.0019795562
19.92374,15.518266,0.004959237,0.0007782259,0.0017809082
20.04677,16.087124,0.0058459556,0.0006643372,0.0016046884
19.472034,15.905022,0.0060309796,0.00058193255,0.0014266256
21.001379,15.979633,0.0063550826,0.001341878,0.0026095845
14.248992,11.91245,0.002113668,0.0015385491,0.0010645273
14.2597275,12.309464,0.0012786605,0.001385195,0.0009920702
14.270462,12.706479,0.0004562756,0.0011373664,0.00025173815
13.781618,12.099075,0.00076187146,0.001576284,0.0014398603
13.792354,12.49609,0.00027921516,0.0014179347,0.0012152127
13.314244,12.2857,3.1623058e-06,0.0015799068,0.0020675242
19.82228,14.882115,0.0029867599,0.0007997763,0.0013455768
19.370575,15.268872,0.0056802365,0.0004634253,0.001462954
18.918869,15.655628,0.006392479,0.0006359507,0.0011030622
19.269115,14.632722,0.0042327996,0.0005053956,0.0010012775
18.81741,15.019478,0.006562747,0.0005034231,0.0007701311
18.71595,14.3833275,0.004902163,0.0004212174,0.0003315123
18.247929,15.478367,0.006372091,0.0011379152,0.00010210398
17.576986,15.3011055,0.0062565114,0.0014933941,0.0011920533
18.14647,14.8422165,0.005590326,0.0009008579,0.00085270964
18.13811,14.094978,0.004130029,0.0004901069,0.0004401728
17.568626,14.553867,0.0048316433,0.0012642264,0.0011184183
16.999146,15.012756,0.005158559,0.0015228954,0.0016879021
17.560268,13.806628,0.0028128852,0.00062995346,0.0009119083
16.990786,14.265517,0.0027389308,0.0012753551,0.0012198257
16.982426,13.518278,0.0019819003,0.0007649554,0.001017543
15.84796,14.130638,0.0026351293,0.0016114458,4.1674153e-05
16.415194,13.824458,0.0025483482,0.0010859608,0.00048661028
16.423553,14.571697,0.003257222,0.0015340495,0.0011310461
15.563812,12.594833,0.003516775,0.00095851877,0.00025730094
16.036684,12.902649,0.003363979,0.00077432155,0.0008828486
16.509556,13.210464,0.0028049722,0.00064304273,0.001019301
15.469451,13.208829,0.002101255,0.0010829503,0.00066494587
15.942323,13.516644,0.0030026159,0.0010436395,0.00010098872
15.37509,13.822824,0.0016984392,0.0016523349,0.00026061726
14.708735,12.93394,0.0006168864,0.001072404,0.0005078247
15.136274,12.764387,0.002193463,0.0009423146,0.00056185166
15.041913,13.378382,0.0007091245,0.0013143984,0.0006421162
14.698001,12.536925,0.0013845515,0.0012371,0.0002672357
14.687265,12.139911,0.0027780517,0.0014102266,0.0010115909
15.125539,12.3673725,0.002765429,0.0012460146,0.0004088183
12.217806,10.868284,0.00050648116,0.0014550489,0.0013116078
12.263087,10.3503275,0.0012718231,0.001205567,0.00043377804
12.30837,9.83237,0.0012453257,0.0011126604,0.00044398848
12.780718,10.692402,0.00275885,0.0012830565,0.0010731688
12.826,10.174445,0.0035435506,0.0011929688,0.0003271466
13.343631,10.5165205,0.0045539904,0.0012715177,0.00062403793
12.615131,11.344337,0.00041725487,0.0016556119,0.0018448547
13.178044,11.168455,0.002305953,0.0015178735,0.0011971127
13.012457,11.82039,0.00015193503,0.0017930284,0.0021076342
13.947205,11.44714,0.0024790184,0.00141741,0.00039810757
13.479831,11.633765,0.0015446176,0.0016339179,0.0013617692
13.645418,10.98183,0.0035499996,0.00128178,0.00036273606
12.22422,8.107698,0.0061760624,0.0010443694,0.004914209
12.712994,8.322516,0.007303388,0.0008600289,0.0040994203
13.201767,8.5373335,0.004266929,0.0007044336,0.0027644907
12.242651,8.64017,0.005447019,0.001097457,0.0038255528
12.731424,8.854987,0.0033071884,0.0009016809,0.0026894165
12.261082,9.172641,0.002526197,0.0011710058,0.0028268527
12.778712,9.514716,0.001567918,0.0009800431,0.0007942976
13.249055,9.1970625,0.0010347043,0.00092738954,0.0009829211
13.296343,9.8567915,0.0041450704,0.0012172421,1.2600794e-06
13.170812,7.967631,0.008389487,0.00073608384,0.004347504
12.682037,7.7528133,0.007346865,0.0009248025,0.005327711
12.193264,7.5379963,0.0039431206,0.001052012,0.005394217
13.139855,7.397928,0.0075881463,0.00074539706,0.005638113
12.651082,7.183111,0.0023890543,0.00084003864,0.006048401
12.164374,6.9793086,0.0030034906,0.0016225012,0.006518437
19.189304,14.003937,0.0021050686,0.0004304899,0.00081138354
19.662659,13.624546,0.00090674334,0.00053650816,0.000979202
19.74247,14.253331,0.00037508179,0.00057273754,0.000750887
20.215824,13.8739395,0.0018347502,0.00053395727,0.0010381123
20.295635,14.502725,0.0006414973,0.0008377597,0.0013870909
20.754383,14.146024,0.00026246998,0.0006552979,0.001878607
14.566586,11.573247,0.003774656,0.001064177,0.00036478136
14.264799,11.107938,0.0039166496,0.0009752936,0.00019749443
13.963012,10.642628,0.0045369086,0.0011226633,3.394374e-05
14.88418,11.234045,0.0045261676,0.0007531202,0.0003062635
14.582393,10.768735,0.0046477434,0.0006822696,0.0005036971
15.201774,10.894842,0.0047203833,0.0006635166,0.0005961525
15.004859,11.800709,0.0041538454,0.001190138,0.0007756799
15.3224535,11.461506,0.0049499404,0.00086721504,0.00014073419
15.443132,12.02817,0.0045316634,0.0012265423,0.0008699851
19.58595,12.979759,0.0014333625,0.0008471111,0.0016828808
19.112598,13.35915,0.0011858253,0.00059417577,0.0013405097
18.639244,13.738541,0.00286354,0.00030610932,0.00044483406
19.03589,12.714363,0.0001793208,0.00080939825,0.0012015363
18.562536,13.093754,0.0016526062,0.00017709343,0.00037477489
18.48583,12.448967,8.978043e-05,0.000642424,0.0001210316
17.48356,13.161841,0.0019776693,0.0005127728,0.0011020339
17.984695,12.805404,0.0013917655,0.0004864583,0.0006396536
18.061401,13.4501915,0.0026933718,0.0004332424,0.00025513078
17.949434,12.184073,0.0007967103,0.0006189075,0.00028917336
17.448301,12.54051,0.0018995072,0.000552266,0.00092503044
16.947166,12.896948,0.0022842092,0.0005386298,0.0014669165
17.41304,11.919179,0.0015012943,0.00077638857,0.00031082553
16.911907,12.275617,0.0025104133,0.0009157694,0.0007399875
16.876646,11.654285,0.0029339723,0.00080612744,0.00013117565
16.001423,12.281318,0.0045816675,0.0011452902,0.0002600332
16.439035,11.967801,0.0041115633,0.0011425926,0.00030429848
16.474295,12.589132,0.0033006798,0.0008090373,0.00095851155
15.880744,11.714654,0.005134902,0.0009902368,0.00060233916
15.760064,11.14799,0.004886155,0.0007375148,0.00016725025
16.318356,11.401137,0.0045106793,0.0007907845,0.00014432223
13.820582,8.733366,4.6609202e-05,0.00047668983,0.0011971998
14.439398,8.929399,0.0016057026,0.00028082926,0.0012199725
15.058212,9.125431,0.0012426004,0.00033881655,0.0016983103
13.86787,9.393095,0.003635441,0.0008373351,0.00055919896
14.486686,9.589128,0.0036459102,0.000725255,0.0008471979
13.915158,10.052824,0.0050163856,0.0010417136,0.00012776122
15.15392,10.305038,0.004275377,0.00082637614,0.0006036181
14.534539,10.178931,0.004586115,0.00074652326,0.00053050526
15.106067,9.715235,0.0029482092,0.00076170254,0.0010917131
14.392287,7.4143662,0.007577745,0.0004137357,0.003086485
13.995447,7.7886887,0.0058130873,0.00021395215,0.0028785886
13.598607,8.163011,0.005493855,0.00038630055,0.0026072636
13.964491,7.218986,0.008880593,0.000760563,0.004334259
13.567651,7.5933084,0.008314516,0.000667139,0.00440025
13.5366955,7.023606,0.0066108224,0.00058323337,0.0057411334
14.614263,7.984721,0.003298966,3.214937e-05,0.0020890532
14.836238,8.555077,0.00053377205,8.257921e-05,0.0017637988
14.2174225,8.359043,0.0010256023,2.249726e-06,0.0014741279
13.511635,6.492283,0.0007052906,0.00075498095,0.0068933247
13.9143715,6.15634,0.0003090715,0.0006899588,0.006298078
13.939431,6.687663,0.006928484,0.0010038274,0.005832398
14.342168,6.3517203,0.006768087,0.0009698167,0.0056735156
14.367228,6.8830433,0.009841343,0.0011203601,0.00424192
13.542026,5.960127,0.0029259715,0.0005044347,0.0058796415
18.962,12.074099,0.0023920692,0.0009862687,0.00073359767
19.438171,11.69923,0.0045057894,0.0010136841,0.00076660374
19.512062,12.339495,0.0030312657,0.0010226958,0.0013721187
19.988234,11.964626,0.0045314133,0.000879602,0.001207398
20.062122,12.604891,0.0033435137,0.0008661629,0.0018899638
20.54106,12.230293,0.0035398556,0.0008191579,0.0019105767
16.683226,9.948105,0.0016456249,0.0008388759,0.00034657458
16.7477,10.516832,0.0023075154,0.00067813124,0.00038271258
16.812172,11.085559,0.003023945,0.0004722455,0.00039836785
16.189407,10.263684,0.0035984209,0.00082208624,0.00023123878
16.253881,10.832411,0.0038796673,0.0006454487,0.00041308522
15.695591,10.579263,0.00436146,0.00080311194,0.0004826938
15.6477375,9.989459,0.0038763492,0.00085498916,0.00042734307
15.599884,9.399655,0.0024134903,0.00050940155,0.0010632987
16.141554,9.673881,0.0028579389,0.0006864795,0.00042417023
19.37276,11.072372,0.004929426,0.0007002718,0.00033748976
18.89659,11.447241,0.0037061279,0.0009205089,0.0005905008
18.420418,11.822109,0.0014473322,0.0007843989,0.00021781714
18.831179,10.820383,0.004268917,0.000669739,1.3243291e-05
18.355007,11.195251,0.0028981883,0.0007430975,3.2568525e-05
18.289597,10.568393,0.0032465206,0.0006210052,0.00028923445
17.34763,11.292321,0.0011588238,0.00050185923,0.00042818382
17.818613,10.930357,0.0015864243,0.00065034593,0.0005894129
17.884024,11.557215,0.000602499,0.00063737447,0.00023342186
17.218683,10.154868,0.00014188723,0.0007978517,0.00023043004
17.75414,10.36163,0.0014419358,0.0006719304,0.00018452457
17.283155,10.723595,0.0008703419,0.0005552345,0.00030927407
16.505432,8.588375,0.001023635,0.0002956948,0.0009816489
16.564697,9.041618,0.00038346904,0.00032083283,0.0009234422
16.62396,9.494862,0.0011846034,0.0006107994,0.00063220365
16.023026,8.767394,0.00010476215,0.00021559396,0.0012633726
16.08229,9.220637,0.0017105176,0.00038399233,0.0009128352
15.540619,8.946412,0.00085110415,0.00021737511,0.0015115951
15.761372,7.538143,0.004854507,0.00043000095,0.0012736788
15.526985,8.067239,0.0026314298,3.3749617e-05,0.0017330111
15.292599,8.596335,0.00042484596,8.887262e-06,0.0017627524
15.305011,7.4968843,0.005695975,0.00025097164,0.0016378349
15.070624,8.02598,0.0028552236,0.00012225448,0.0018984026
14.848649,7.4556255,0.006601291,0.000302413,0.0025991108
16.257412,8.238298,0.0022468586,0.00038612518,0.0011898128
15.775005,8.417316,0.0011471563,0.00010390184,0.0015277492
16.009392,7.888221,0.0034845264,0.00035260397,0.001362712
15.494682,6.3079267,0.01231609,0.0011593644,0.00387569
15.127217,6.6767397,0.011356645,0.0011695956,0.0034179632
14.759752,7.045553,0.009770444,0.0009615233,0.0034906215
15.102158,6.1454167,0.011680146,0.0010906726,0.005164667
14.734693,6.5142303,0.010865465,0.0011469738,0.0046648094
14.709633,5.9829073,0.006286444,0.00059312274,0.0054707173
15.672476,7.128071,0.0072165695,0.00083178806,0.0013407604
15.216114,7.086812,0.008652963,0.00082829536,0.0018565926
15.583579,6.717999,0.010467133,0.001153613,0.0019836796
15.458166,5.898481,0.012800058,0.0011182926,0.004737491
15.065641,5.735971,0.008480829,0.0008681397,0.0054914607
14.673116,5.5734615,0.0019058157,0.0009577257,0.0055960673
15.42165,5.489035,0.010446461,0.00082274486,0.0042426595
15.029124,5.326525,0.004220281,0.00062555226,0.0043519
14.742238,5.136812,0.00094493106,0.00031040714,0.0040066275
18.758755,10.188165,0.0038056816,0.00043453847,0.00026318314
19.227913,9.807938,0.0045280796,0.00037376,0.0002786636
19.300337,10.440155,0.005057836,0.0005348722,4.9066264e-05
19.769495,10.059927,0.005217704,0.00050581316,0.00022993202
19.841919,10.692144,0.0050878995,0.00047116587,0.00027718383
20.321531,10.312527,0.004901213,0.00065898534,0.0002820216
19.130726,9.1765585,0.004234792,0.00016234524,0.00027119054
18.66157,9.556787,0.0035325936,0.000105137005,0.0002705003
18.192411,9.937015,0.0028038456,0.0004405469,0.00011283357
18.564383,8.925408,0.0040426543,8.5809734e-07,9.460456e-05
18.095226,9.305636,0.003260754,0.0002137816,0.00056736614
17.99804,8.674258,0.0036508525,0.00021348533,0.00030837022
17.121496,9.523489,0.0003755726,0.0005600818,0.000598362
17.559769,9.098874,0.0022268463,0.0001929627,0.0007438577
17.656954,9.730252,0.0016703149,0.000505314,0.00037949055
17.002968,8.6170025,0.0016935812,0.00037131284,0.0007216232
17.500504,8.64563,0.0026773573,0.00043990312,0.00040523335
17.062233,9.070246,0.000678326,0.000263436,0.0008365971
17.048016,7.6490703,0.004942755,0.0011663169,0.0004332934
17.36469,7.9907994,0.0038692271,0.00084674277,0.00019168091
17.681364,8.332529,0.0035830052,0.00065085135,0.00013684551
16.867155,7.962172,0.0036231498,0.00086985115,0.00065973494
17.183828,8.303901,0.0027479846,0.0006285275,0.00035517488
16.686293,8.275273,0.0023179646,0.00042236724,0.0008590156
16.438272,7.925196,0.0035789579,0.0005502191,0.0010674901
16.190252,7.575119,0.0048134923,0.0006893596,0.0010035122
16.619135,7.6120944,0.0049525294,0.000849444,0.0008422667
15.937877,6.3756,0.01100835,0.0011469034,0.0023156875
16.38107,6.4432735,0.009561517,0.0013804699,0.0011530765
16.824263,6.510947,0.008505292,0.00143527,1.5418918e-05
16.026773,6.785672,0.008836683,0.001183535,0.0008442961
16.469967,6.853346,0.0077911774,0.0013612851,0.00011423991
16.11567,7.1957445,0.006041225,0.00095361983,0.0004714391
16.97343,7.2696958,0.0062394543,0.001333182,0.00014865253
16.54455,7.2327204,0.0062699122,0.001170917,0.00036632043
16.898848,6.8903213,0.0073537203,0.0014319278,0.00021420329
16.287933,5.484116,0.015448677,0.0014254351,0.0027454433
16.023516,5.7587194,0.014248099,0.001498386,0.0032971837
15.7591,6.033323,0.012912393,0.0012276715,0.003679329
15.987,5.3492737,0.015323896,0.0011579224,0.0033952123
15.722583,5.6238775,0.013512539,0.0012127582,0.0038628965
15.686067,5.214432,0.012255822,0.0006861009,0.0037245536
16.46671,5.826393,0.0128680365,0.0015590822,0.0019415622
16.645487,6.16867,0.010115441,0.0014482058,0.0008816038
16.202293,6.1009965,0.011781606,0.0014603782,0.0022581809
16.258272,5.1555996,0.01665225,0.0010372269,0.0027583572
15.957338,5.0207577,0.014841609,0.0006869159,0.0034915877
15.656405,4.8859153,0.010296467,0.0004597376,0.0038573076
16.228611,4.8270836,0.016318262,0.00062411564,0.0033189286
15.927677,4.692241,0.012439459,0.00037937087,0.0036652405
15.707241,4.5359063,0.008230364,0.00045699452,0.003635986
19.656572,8.829868,0.004951771,0.000615977,0.0004090299
19.090229,8.578717,0.0048095677,0.0005079731,0.00048219354
18.523886,8.327567,0.004810044,0.0007690026,0.0003335314
19.616074,8.232027,0.0048992196,0.0010731457,0.0010161651
19.04973,7.9808764,0.0052812705,0.001248035,0.0008070462
20.123144,8.43871,0.0044265366,0.00081429107,0.0007981518
18.18736,6.9039664,0.006048996,0.0013553633,0.00082806277
18.650099,7.1473727,0.005281981,0.0013864401,0.0008190898
19.112839,7.390779,0.0048687276,0.0012782202,0.0008793322
18.124252,7.4940634,0.005051738,0.0012192351,0.00058857014
18.586992,7.73747,0.0050529577,0.0012425479,0.0007560586
18.061146,8.084161,0.004357097,0.0008459189,0.0002745646
17.427797,7.4007025,0.005650567,0.0012095331,4.0729064e-05
17.807579,7.152334,0.0059193163,0.0013123997,0.0005224439
17.744473,7.7424316,0.004680072,0.0010121717,0.0002449178
17.353212,7.021328,0.0068071624,0.0014788025,0.00034878083
17.27863,6.6419535,0.007465997,0.0013335806,0.00048107788
17.732994,6.7729597,0.006731593,0.0013498152,0.0006725649
17.736452,5.937874,0.0085626505,0.0014021553,0.00078456104
17.886755,6.259905,0.0076367785,0.0013955589,0.00074328785
18.037058,6.5819354,0.006842257,0.001356872,0.000739719
17.432388,6.128898,0.008489605,0.001301967,0.00046551443
17.582691,6.450929,0.007488725,0.0012789848,0.0006384729
17.128326,6.3199224,0.008376351,0.001301216,0.00026240892
17.131416,5.458971,0.012303071,0.00147949,0.000118603464
17.029032,5.80963,0.010458884,0.0014018675,0.00030218973
16.926647,6.1602883,0.0092902705,0.0013786433,0.00018140895
16.850254,5.467353,0.013415144,0.0013603288,0.0009626697
16.747871,5.8180113,0.011620789,0.0014627648,0.0010083317
16.569094,5.475734,0.014588201,0.0013831495,0.0017030519
17.534773,5.7782397,0.009484222,0.001363922,0.0005554678
17.230711,5.969264,0.009183499,0.0013874051,0.00015278009
17.333094,5.618605,0.0107852435,0.0014149328,0.00021741237
16.8937,4.7359443,0.016624792,0.0007816977,0.0015908615
16.691776,4.985335,0.017069703,0.00094127236,0.0019457913
16.489855,5.2347255,0.016353473,0.0011418867,0.0023098434
16.662115,4.6568184,0.017013462,0.00060817844,0.0026647472
16.460194,4.906209,0.017215619,0.00081625447,0.0025077611
16.430532,4.577693,0.015726268,0.0005095905,0.0029982664
17.052177,5.2179623,0.01430564,0.0012097681,0.00065311487
16.771015,5.2263436,0.015451783,0.0012075376,0.0010641622
16.972939,4.976953,0.015883263,0.00099934,0.000758677
16.862455,4.5021906,0.016417284,0.0006055655,0.0026182192
16.630873,4.423065,0.015098056,0.00052170316,0.0030243304
16.39929,4.3439393,0.012768948,0.000503305,0.0032191921
16.831213,4.2684374,0.014129538,0.00048893376,0.002829294
16.59963,4.1893115,0.011933016,0.0004270773,0.0031497437
16.434433,4.078442,0.009060006,0.00043811463,0.002952345
19.51978,6.6808,0.0042399676,0.0011350012,0.0012929065
19.547678,7.1574926,0.0039373375,0.001102125,0.00094103627
19.057041,6.4373937,0.005861762,0.001259926,0.0012160614
19.08494,6.9140863,0.0048914617,0.0013153756,0.0010014604
18.6222,6.67068,0.0060157347,0.0013409408,0.00092725776
19.968695,6.7895665,0.0023927316,0.00090276764,0.0013700014
18.596548,5.69798,0.007847418,0.0014250763,0.0017312516
18.89499,5.866689,0.007147524,0.0015160174,0.0016178398
19.193436,6.035398,0.0061962996,0.0013756442,0.0015466951
18.460152,6.0999756,0.0074349954,0.0013554018,0.0011477509
18.758596,6.2686844,0.0067390795,0.0012919451,0.0011299107
18.323755,6.501971,0.0067417263,0.0013900062,0.0008451397
18.02315,5.857909,0.0083512375,0.0014063697,0.001148425
18.309849,5.7779446,0.008120925,0.0014746769,0.0014841391
18.173452,6.17994,0.007516825,0.0013329291,0.0009549884
17.950888,5.197413,0.010716401,0.0011720457,0.001522922
18.166107,5.3642683,0.009284271,0.0013996479,0.0018960566
18.381329,5.531124,0.008449671,0.0013671959,0.0018342345
17.87941,5.444233,0.009918109,0.0014704678,0.0014618083
18.09463,5.6110888,0.008857957,0.0014084126,0.0015077535
17.80793,5.6910534,0.009326598,0.0013270532,0.00097084406
17.606253,5.5314193,0.010602109,0.0013593937,0.00081197266
17.404573,5.371785,0.011977144,0.0014754168,0.0007116714
17.67773,5.284599,0.011515929,0.0013349687,0.0011006803
17.471249,4.7794833,0.014277464,0.0008907219,5.332171e-05
17.357971,5.005979,0.014433875,0.0011101542,0.0003786569
17.244694,5.2324753,0.013378099,0.0013425818,0.0001382716
17.278732,4.7649703,0.015568007,0.0008773119,0.0005208864
17.165455,4.991466,0.015264155,0.0010765436,0.0001275742
17.086216,4.7504573,0.016237922,0.0008367335,0.00095286826
17.631128,4.918793,0.013067707,0.0011096572,0.0008524959
17.791008,5.058103,0.011834389,0.0011456423,0.0011922538
17.51785,5.145289,0.012526923,0.0012965663,0.000765814
17.351923,4.2259502,0.013803525,0.0005220537,0.002158552
17.199183,4.3959484,0.014909444,0.00054774864,0.0021492788
17.04644,4.565946,0.016579669,0.00071864936,0.001808177
17.167938,4.1621947,0.013654471,0.00055006356,0.0025441977
17.015198,4.332193,0.014891957,0.000518032,0.0026474574
16.983955,4.098439,0.012596939,0.0004306056,0.0029949017
17.431473,4.594972,0.014634631,0.0007986437,0.0006781239
17.238956,4.580459,0.015962899,0.00078516046,0.0011745093
17.391699,4.4104614,0.014344011,0.0005996381,0.0015375013
17.256845,3.8923662,0.010802122,0.00040546898,0.0027715294
17.304384,4.0591583,0.012633994,0.00041286717,0.002485323
17.072863,3.828611,0.009498553,0.0004949949,0.002800818
17.120401,3.9954028,0.011783669,0.00048564142,0.002934418
16.936417,3.9316473,0.010858508,0.0005838489,0.0031678178
16.954882,3.7265782,0.008779749,0.00056483014,0.0026170942
18.871696,5.4919605,0.00731455,0.0013591498,0.0021530406
19.146847,5.285941,0.0061309556,0.0012271826,0.0025658235
19.170141,5.66067,0.0064557428,0.0014685546,0.0020132777
19.445292,5.4546504,0.0049881623,0.0012862533,0.0024189383
19.468586,5.8293786,0.0054316483,0.0013880833,0.0018380107
19.813742,5.5006332,0.0029025278,0.00096271303,0.0023031915
18.642685,4.758744,0.00823622,0.00064166635,0.001942635
18.902454,4.8658032,0.006713755,0.00065904047,0.0023174891
19.162226,4.9728627,0.0058778487,0.0007980833,0.0025175966
18.627306,5.0718226,0.008361516,0.0010797535,0.0023270387
18.887075,5.1788816,0.0073547754,0.0011743414,0.00243698
18.611927,5.384901,0.00814438,0.0013996367,0.0021754967
18.181486,5.05119,0.009956955,0.0011658848,0.0020449485
18.412086,4.904967,0.00909169,0.00087862933,0.0019846624
18.396708,5.218045,0.008946573,0.0012978145,0.0021971327
17.66013,4.6430664,0.013041564,0.00080038444,0.00016968115
17.620354,4.458555,0.013143535,0.0006038828,0.00093687116
17.58058,4.2740445,0.012895281,0.00043459982,0.0016128765
17.84901,4.5066495,0.012355807,0.0006060463,2.701534e-05
17.809235,4.322139,0.012183324,0.00037657947,0.00064802286
18.037891,4.3702326,0.010570247,0.0002739285,0.00023633335
18.441086,4.62924,0.009439125,0.0005464511,0.0013595242
18.210487,4.775463,0.009983853,0.00071755354,0.0014647726
17.979889,4.921686,0.011414506,0.0010874642,0.0013613476
18.239489,4.4997363,0.010015967,0.00042051775,0.0006193768
18.00889,4.6459594,0.010831149,0.0006367578,0.00082890736
17.82001,4.7823763,0.012378496,0.0009502551,0.0007309357
17.370321,3.728873,0.009224955,1.9719359e-05,0.0026434176
17.531334,3.7321715,0.009633822,5.5982033e-05,0.0027063834
17.41786,3.895665,0.010801553,0.00015970087,0.002589317
17.578873,3.8989637,0.010605736,7.4014533e-06,0.0025228574
17.465397,4.062457,0.011879194,0.0002613149,0.0022895988
17.694054,4.110551,0.011766972,0.00019679591,0.0016667279
17.807528,3.9470577,0.010395924,3.8142316e-05,0.0018709265
17.922709,4.158645,0.0103141945,1.9316794e-05,0.0012343808
17.416197,3.5577784,0.008153487,0.00036482117,0.0025885017
19.286812,4.60135,0.004358421,0.00015592994,0.0019260668
19.354404,4.840636,0.0044178306,0.0003384843,0.0024780957
19.027042,4.4942904,0.0058096084,9.1172056e-05,0.0014832822
19.094633,4.7335763,0.0054139183,0.00020336243,0.0022355437
18.834864,4.6265173,0.0071912166,0.0002993662,0.0017365381
19.566044,4.582934,0.0017231163,0.0007134924,0.0022441014
19.053751,4.2491107,0.0048941476,0.0005844068,0.0007349008
18.861572,4.3813376,0.0066563,0.00016523676,0.0010643939
18.669394,4.513564,0.007404257,9.108987e-05,0.0011166236
18.888283,4.136158,0.005623081,0.00048431847,7.921364e-06
18.696104,4.2683845,0.0074686483,0.000106392195,0.0004039961
18.467796,4.3840604,0.007950292,4.6527013e-05,0.00037872046
18.2662,4.2545567,0.009364384,0.0001261963,0.00033088098
18.494507,4.1388807,0.008093795,0.00024425052,0.000344767
18.16873,3.9350014,0.009002695,6.206217e-05,0.0016457061
18.10331,4.152617,0.010251979,0.0001223972,0.0009660148
18.053547,3.723414,0.009025928,0.00034793047,0.0025538472
17.988129,3.9410295,0.009542955,0.00016692537,0.0019188472
17.872948,3.7294421,0.009466465,0.00025012437,0.0024016094
18.397038,3.8193254,0.008465527,0.00025849184,0.0014690873
18.559925,3.9212651,0.0075764554,0.00043102913,0.0009528459
18.331617,4.036941,0.008529888,0.00017319177,0.0009999352
17.96623,3.5358236,0.008643286,0.0004223741,0.002397745
19.131296,4.0261364,0.0048880666,0.00087747467,0.0002873533
18.561043,3.6822255,0.007456797,0.00087022106,0.0017590392
