x,y,pred_j_00,pred_j_016,pred_j_030,pred_j_043,pred_j_063,pred_j_071
1.8311099,38.687588,1.1106118e-08,1.1756701e-08,1.4028613e-08,1.641492e-08,3.0298164e-08,1.9549816e-08
2.074575,38.61109,8.985798e-09,1.01029665e-08,1.3232081e-08,1.581003e-08,3.018873e-08,1.9734957e-08
2.3180404,38.53459,7.212509e-09,8.642596e-09,1.2388298e-08,1.515764e-08,3.015442e-08,2.0154308e-08
2.5615056,38.458096,5.812005e-09,7.3761712e-09,1.15088685e-08,1.4497138e-08,3.0181805e-08,2.0734554e-08
1.993373,38.8901,9.368266e-09,9.0547045e-09,1.1897955e-08,1.4911286e-08,2.9744958e-08,1.7895218e-08
2.2464602,38.80496,7.50928e-09,7.643882e-09,1.1335907e-08,1.46101735e-08,2.971441e-08,1.8272155e-08
2.4995472,38.719814,6.0101395e-09,6.4299157e-09,1.0706571e-08,1.421647e-08,2.9797638e-08,1.8923743e-08
2.17488,39.07532,7.602802e-09,6.674442e-09,1.0016404e-08,1.3475454e-08,2.904808e-08,1.646232e-08
2.4375892,38.981537,6.0711858e-09,5.5721587e-09,9.667588e-09,1.3454887e-08,2.9195284e-08,1.7042685e-08
2.3756309,39.24326,5.9775593e-09,4.7916884e-09,8.4405185e-09,1.2214084e-08,2.8367095e-08,1.5317097e-08
1.4549216,37.968254,1.4930858e-08,1.9317207e-08,2.0633994e-08,2.037279e-08,3.0216484e-08,2.4630484e-08
1.7320184,37.959023,1.176937e-08,1.6697518e-08,1.85129e-08,1.848625e-08,3.054246e-08,2.401679e-08
2.0091152,37.949795,9.171478e-09,1.4320481e-08,1.6584318e-08,1.692159e-08,3.0599875e-08,2.3632094e-08
2.286212,37.940563,7.1437025e-09,1.2191199e-08,1.4812156e-08,1.5639031e-08,3.0560155e-08,2.3445875e-08
1.5621117,38.218517,1.3974004e-08,1.7175799e-08,1.8636042e-08,1.9224387e-08,3.053062e-08,2.3125796e-08
1.8483115,38.204044,1.0936369e-08,1.4490529e-08,1.6699838e-08,1.7619714e-08,3.05966e-08,2.2608042e-08
2.1345112,38.18957,8.45234e-09,1.2079315e-08,1.4925032e-08,1.6258888e-08,3.0525314e-08,2.236026e-08
1.6875077,38.458294,1.2678487e-08,1.4586635e-08,1.6367519e-08,1.7903231e-08,3.058207e-08,2.138086e-08
1.9828106,38.43858,9.810051e-09,1.1939022e-08,1.4685791e-08,1.6608553e-08,3.044318e-08,2.0993973e-08
6.447986,38.965843,4.7396727e-09,8.00876e-09,2.0821071e-08,1.9856252e-08,3.0454437e-08,2.5549117e-08
6.6878014,39.15118,4.8888693e-09,6.805347e-09,1.9952903e-08,1.9004071e-08,3.0128664e-08,2.3852225e-08
6.9276166,39.336517,5.0222946e-09,5.1773563e-09,1.7689521e-08,1.7291017e-08,2.9353764e-08,2.160658e-08
7.167432,39.521854,5.1339253e-09,3.5702177e-09,1.4217419e-08,1.4655424e-08,2.7875707e-08,1.9011747e-08
6.282333,39.28026,4.8301825e-09,7.438156e-09,2.064776e-08,1.9840058e-08,3.0024616e-08,2.4529974e-08
6.5301204,39.48429,4.952008e-09,5.953223e-09,1.9558751e-08,1.8952747e-08,2.9309332e-08,2.2622572e-08
6.777908,39.68832,4.9668585e-09,4.1291823e-09,1.6875939e-08,1.7107917e-08,2.7910675e-08,2.0085883e-08
6.116679,39.59467,4.5163406e-09,6.0319927e-09,1.9054285e-08,1.9199373e-08,2.9008971e-08,2.2676002e-08
6.372439,39.817398,4.489083e-09,4.368045e-09,1.7443513e-08,1.8181039e-08,2.7629946e-08,2.0548736e-08
5.951026,39.909084,3.840083e-09,4.2739234e-09,1.6451251e-08,1.8506185e-08,2.7666712e-08,2.0228333e-08
7.1331334,38.76385,4.260207e-09,5.3964357e-09,1.5183868e-08,1.4976267e-08,3.001332e-08,2.2563244e-08
7.450928,38.849033,4.2710164e-09,3.8552184e-09,1.1004294e-08,1.12797895e-08,2.9004772e-08,2.0219636e-08
7.768723,38.934216,4.3617243e-09,2.6556897e-09,7.0167996e-09,7.4363813e-09,2.7409738e-08,1.8126999e-08
8.086518,39.019398,4.5422768e-09,1.8471262e-09,4.136081e-09,4.39478e-09,2.5557348e-08,1.6489542e-08
7.144566,39.01652,4.625146e-09,5.0061795e-09,1.5491084e-08,1.5296067e-08,2.9656846e-08,2.1699739e-08
7.462616,39.10311,4.6741278e-09,3.4673762e-09,1.1057082e-08,1.1450036e-08,2.8359144e-08,1.9254454e-08
7.7806654,39.189705,4.8065814e-09,2.3315143e-09,6.950845e-09,7.479177e-09,2.6432614e-08,1.7126373e-08
7.1559987,39.269188,4.946336e-09,4.3991566e-09,1.5236532e-08,1.5249434e-08,2.9005523e-08,2.0516023e-08
7.4743032,39.357193,5.0307807e-09,2.9682248e-09,1.070563e-08,1.1330747e-08,2.7367246e-08,1.8027853e-08
8.828586,38.68565,3.98787e-09,1.4316762e-09,1.369904e-09,1.3316604e-09,2.5794572e-08,1.3848108e-08
8.578567,38.79061,4.1843e-09,1.4695555e-09,1.8767807e-09,1.871754e-09,2.529169e-08,1.5105199e-08
8.33121,38.90186,4.362606e-09,1.5982861e-09,2.7327145e-09,2.82144e-09,2.5182505e-08,1.5943542e-08
8.630538,38.502308,3.6778307e-09,1.8138093e-09,1.95887e-09,1.999896e-09,2.6664793e-08,1.5040797e-08
8.381851,38.610413,3.8426884e-09,1.8818453e-09,2.6577744e-09,2.7515483e-09,2.6415648e-08,1.6250244e-08
8.135827,38.724808,4.011855e-09,2.0722897e-09,3.8325645e-09,4.0374286e-09,2.6562075e-08,1.7103645e-08
8.432491,38.318966,3.4323477e-09,2.3389817e-09,2.8572409e-09,3.0774003e-09,2.7561772e-08,1.6228094e-08
8.185135,38.430214,3.572004e-09,2.443929e-09,3.7979144e-09,4.071022e-09,2.7516448e-08,1.7367471e-08
8.234444,38.135624,3.2514573e-09,3.0530165e-09,4.1783914e-09,4.70461e-09,2.8403594e-08,1.7403744e-08
8.861869,37.984898,3.026156e-09,2.6390283e-09,2.4918296e-09,2.9838207e-09,2.840071e-08,1.4332486e-08
9.05914,38.085526,3.0472875e-09,2.223364e-09,1.8282166e-09,2.11439e-09,2.8004921e-08,1.31775595e-08
9.256412,38.186153,3.0698237e-09,1.8842974e-09,1.3455609e-09,1.5027823e-09,2.758692e-08,1.2075799e-08
9.453683,38.28678,3.091568e-09,1.6046083e-09,9.961748e-10,1.0823878e-09,2.7137975e-08,1.1042259e-08
8.850775,38.218483,3.2614933e-09,2.1593674e-09,1.9098714e-09,2.0806188e-09,2.7736553e-08,1.3931113e-08
9.053646,38.328793,3.3442247e-09,1.8194146e-09,1.3797987e-09,1.4408131e-09,2.7321647e-08,1.27028335e-08
9.256516,38.439106,3.430703e-09,1.5491942e-09,1.0081994e-09,1.0177937e-09,2.6928287e-08,1.1557232e-08
8.83968,38.452065,3.5805743e-09,1.7524839e-09,1.5593854e-09,1.5794176e-09,2.6868895e-08,1.3829354e-08
9.048151,38.57206,3.7386254e-09,1.474176e-09,1.1210427e-09,1.0913047e-09,2.6430559e-08,1.2585688e-08
3.2379718,39.719036,2.6218627e-09,1.9413335e-09,5.5252145e-09,9.977551e-09,2.7685152e-08,1.3861754e-08
2.9353228,39.58808,3.2784544e-09,2.344448e-09,5.9895835e-09,1.0243845e-08,2.7521704e-08,1.3862612e-08
2.6478758,39.42949,4.3622173e-09,3.2119973e-09,6.9468107e-09,1.09956515e-08,2.7748472e-08,1.4336366e-08
3.2805686,39.388187,2.846129e-09,2.2434588e-09,6.651241e-09,1.1376032e-08,2.8715908e-08,1.5815994e-08
2.9855206,39.243416,3.5577976e-09,2.8302436e-09,7.283462e-09,1.1809149e-08,2.872106e-08,1.5995276e-08
2.7056746,39.071003,4.663418e-09,4.0235455e-09,8.471769e-09,1.2675325e-08,2.8987118e-08,1.6657799e-08
3.3231654,39.057343,3.0385419e-09,2.6011684e-09,7.5483575e-09,1.235856e-08,2.9474318e-08,1.8028429e-08
3.0357187,38.89875,3.749159e-09,3.4494423e-09,8.34718e-09,1.2829313e-08,2.9575311e-08,1.8417317e-08
3.3657625,38.726494,3.192917e-09,3.1071254e-09,8.1719715e-09,1.2858287e-08,2.9952616e-08,2.0128228e-08
4.1614065,38.9873,2.6181077e-09,2.6868483e-09,8.681081e-09,1.3691628e-08,2.9907575e-08,2.0643558e-08
4.279971,39.32223,2.4735207e-09,2.7372964e-09,8.963559e-09,1.37835094e-08,2.9663598e-08,1.9326164e-08
4.3985353,39.657166,2.362672e-09,2.7536005e-09,8.912292e-09,1.37490055e-08,2.9370046e-08,1.7944082e-08
4.5171,39.992096,2.2440327e-09,2.5385767e-09,8.351557e-09,1.36014595e-08,2.9064978e-08,1.6632214e-08
3.8535948,39.231213,2.4803415e-09,2.3023516e-09,7.6452045e-09,1.2643426e-08,2.9586477e-08,1.8471017e-08
3.9660122,39.58669,2.2802547e-09,2.2140783e-09,7.2408683e-09,1.2193681e-08,2.9203791e-08,1.6855996e-08
4.0784297,39.942165,2.1156865e-09,2.0771858e-09,6.52645e-09,1.1600893e-08,2.8816494e-08,1.5450496e-08
3.5457833,39.475124,2.4962536e-09,2.0760214e-09,6.588075e-09,1.14399406e-08,2.8899029e-08,1.6092109e-08
3.6520536,39.851143,2.2071973e-09,1.84728e-09,5.6173417e-09,1.0370124e-08,2.8254032e-08,1.4446717e-08
5.477366,39.97626,3.1334542e-09,3.815816e-09,1.4132268e-08,1.7904814e-08,2.8226127e-08,1.9185569e-08
4.999391,40.003933,2.5895563e-09,3.183446e-09,1.1178164e-08,1.6092816e-08,2.8845957e-08,1.792953e-08
5.7606454,39.515438,4.1204076e-09,6.256486e-09,1.810023e-08,1.9040526e-08,2.9341509e-08,2.3022318e-08
5.284828,39.562862,3.3547412e-09,5.022672e-09,1.4975036e-08,1.774602e-08,2.9318116e-08,2.1487391e-08
4.804695,39.570778,2.7340687e-09,3.7156704e-09,1.160528e-08,1.5756067e-08,2.9447078e-08,1.9797787e-08
5.5702653,39.12179,4.097874e-09,6.888372e-09,1.761309e-08,1.8907027e-08,3.012358e-08,2.494355e-08
5.09229,39.14946,3.376349e-09,5.0588924e-09,1.40543355e-08,1.7197141e-08,2.9927783e-08,2.3202906e-08
5.379885,38.728146,3.9950008e-09,6.374629e-09,1.5696417e-08,1.827785e-08,3.03969e-08,2.6024736e-08
1.1737292,36.94111,1.5050333e-08,2.1200334e-08,2.3685535e-08,2.3546804e-08,2.8377485e-08,2.7365633e-08
1.4947075,37.00582,1.1402472e-08,1.8673989e-08,2.1035962e-08,2.0598737e-08,2.9789902e-08,2.6372485e-08
1.8156857,37.070534,8.546998e-09,1.6445687e-08,1.8690859e-08,1.8196655e-08,3.0389515e-08,2.5695009e-08
2.1366642,37.135246,6.5004215e-09,1.4589932e-08,1.6714333e-08,1.6421044e-08,3.058005e-08,2.5250745e-08
1.2398866,37.29027,1.5762968e-08,2.1916081e-08,2.3636947e-08,2.2833639e-08,2.9010806e-08,2.6900121e-08
1.5746516,37.351593,1.1844598e-08,1.90162e-08,2.0763478e-08,1.9841462e-08,3.013797e-08,2.5899835e-08
1.9094166,37.412914,8.812387e-09,1.6383895e-08,1.8207647e-08,1.7518648e-08,3.053138e-08,2.5204105e-08
1.3336174,37.632652,1.5700397e-08,2.1249553e-08,2.2607493e-08,2.1721688e-08,2.9614869e-08,2.6066823e-08
1.6821691,37.690586,1.1707026e-08,1.794934e-08,1.9610196e-08,1.8924402e-08,3.041193e-08,2.5037345e-08
9.326107,37.456306,2.5224047e-09,2.799039e-09,3.493234e-09,5.2408486e-09,2.896903e-08,1.5723673e-08
9.599195,37.529343,2.365748e-09,2.1786684e-09,2.5751115e-09,3.845085e-09,2.8493078e-08,1.4742655e-08
9.872282,37.60238,2.2150253e-09,1.6682961e-09,1.8555272e-09,2.699922e-09,2.7756471e-08,1.34225795e-08
10.14537,37.67542,2.0768531e-09,1.2570562e-09,1.3071072e-09,1.7972798e-09,2.6544473e-08,1.1674832e-08
9.368632,37.73313,2.6048435e-09,2.3565985e-09,2.3355171e-09,3.2533816e-09,2.838302e-08,1.3908949e-08
9.642258,37.805965,2.4758895e-09,1.8578946e-09,1.6855166e-09,2.3231517e-09,2.776059e-08,1.28591e-08
9.915883,37.8788,2.3445332e-09,1.4411116e-09,1.2004061e-09,1.6175917e-09,2.6843454e-08,1.1586451e-08
9.411158,38.009956,2.79134e-09,1.9565165e-09,1.5038105e-09,1.8543005e-09,2.7755751e-08,1.2271935e-08
9.685321,38.082584,2.6873772e-09,1.5801637e-09,1.0799057e-09,1.3221759e-09,2.706787e-08,1.1162296e-08
11.564095,36.468864,1.1843556e-09,5.875332e-10,1.1760588e-09,8.1126855e-10,1.9209967e-08,7.4546875e-09
11.494565,36.253357,1.4210965e-09,7.534039e-10,1.66855e-09,1.3518511e-09,2.107853e-08,8.0193665e-09
11.4250345,36.03785,1.7583192e-09,9.908244e-10,2.4301576e-09,2.2679578e-09,2.287164e-08,8.679806e-09
11.355504,35.822342,2.2075084e-09,1.3307125e-09,3.5294154e-09,3.6241596e-09,2.4488921e-08,9.426339e-09
11.735493,36.345623,1.0425338e-09,5.13965e-10,1.1371055e-09,7.9518286e-10,1.9219657e-08,7.27779e-09
11.667287,36.13195,1.287454e-09,6.6140055e-10,1.6194237e-09,1.3214431e-09,2.1114325e-08,7.78754e-09
11.599081,35.918278,1.6278594e-09,8.755064e-10,2.3603877e-09,2.1760973e-09,2.2893088e-08,8.379976e-09
11.909539,36.22605,9.2232383e-10,4.4228854e-10,1.100872e-09,7.933274e-10,1.9428583e-08,7.1130764e-09
11.842658,36.014214,1.1727804e-09,5.7105304e-10,1.5629839e-09,1.2931107e-09,2.1309575e-08,7.582755e-09
12.086235,36.11015,8.33099e-10,3.7728348e-10,1.0674813e-09,7.9775414e-10,1.9732246e-08,6.9429715e-09
2.1219835,35.912125,4.0191384e-09,1.0217684e-08,1.6097262e-08,1.7250642e-08,2.9878365e-08,2.673743e-08
1.8058988,36.25512,6.041573e-09,1.23754935e-08,1.7266096e-08,1.836857e-08,2.9620457e-08,2.6673023e-08
1.4898139,36.598114,9.695203e-09,1.6358129e-08,1.9995559e-08,2.0598764e-08,2.9304545e-08,2.674686e-08
1.7350696,35.79215,5.249677e-09,1.0805139e-08,1.6892091e-08,1.885895e-08,2.8548264e-08,2.767779e-08
1.4223251,36.134678,8.31347e-09,1.3791015e-08,1.903039e-08,2.0827276e-08,2.7887417e-08,2.7704587e-08
1.1095805,36.47721,1.3284331e-08,1.8636074e-08,2.2625056e-08,2.3828036e-08,2.7016766e-08,2.7997416e-08
1.3481557,35.672176,7.097814e-09,1.1732682e-08,1.7850704e-08,2.0958568e-08,2.6048221e-08,2.876251e-08
1.0387514,36.01424,1.1303363e-08,1.5582533e-08,2.1007839e-08,2.3659725e-08,2.4843652e-08,2.8868557e-08
0.9612417,35.5522,9.469407e-09,1.2999198e-08,1.8930884e-08,2.3289985e-08,2.2995467e-08,2.952766e-08
9.966084,36.761005,2.3051479e-09,2.2154933e-09,3.7744816e-09,5.1671e-09,2.9378324e-08,1.7134095e-08
10.282975,36.847897,2.0652449e-09,1.63227e-09,2.810077e-09,3.5077548e-09,2.8170202e-08,1.4320752e-08
10.599866,36.934788,1.8436521e-09,1.1667937e-09,1.9546795e-09,2.088939e-09,2.576822e-08,1.12784075e-08
10.916758,37.021683,1.6227568e-09,8.135655e-10,1.2852315e-09,1.1008595e-09,2.2276508e-08,8.816472e-09
10.025846,37.065807,2.09591e-09,1.82733e-09,2.9241616e-09,4.0692747e-09,2.872718e-08,1.5506787e-08
10.344675,37.155262,1.9011952e-09,1.3043658e-09,2.0181388e-09,2.5249889e-09,2.7130557e-08,1.2684188e-08
10.663505,37.24472,1.7292727e-09,9.124647e-10,1.32262e-09,1.3809983e-09,2.4294259e-08,9.848976e-09
10.085608,37.370613,2.0284785e-09,1.5056535e-09,2.0474837e-09,2.8965708e-09,2.7773783e-08,1.3639862e-08
10.406375,37.46263,1.8673874e-09,1.0573785e-09,1.337669e-09,1.6745793e-09,2.576608e-08,1.0955879e-08
10.833222,36.774853,1.7842562e-09,1.0428984e-09,1.8176459e-09,1.6995593e-09,2.3939446e-08,9.927051e-09
10.749686,36.528023,2.0612108e-09,1.3489588e-09,2.5391755e-09,2.6567686e-09,2.5482306e-08,1.1137179e-08
10.666151,36.281197,2.4866476e-09,1.7606713e-09,3.5417778e-09,4.1732595e-09,2.6824067e-08,1.2417864e-08
11.128115,36.831535,1.5174353e-09,7.46964e-10,1.2526289e-09,9.441239e-10,2.0687954e-08,8.1766665e-09
11.04679,36.587643,1.7259225e-09,9.687721e-10,1.7878137e-09,1.540937e-09,2.2498106e-08,9.069224e-09
10.965466,36.34375,2.0604534e-09,1.276213e-09,2.58151e-09,2.5888902e-09,2.425694e-08,1.0091083e-08
11.343894,36.647263,1.3674407e-09,6.730811e-10,1.2137424e-09,8.503693e-10,1.9608846e-08,7.737243e-09
11.26478,36.406307,1.6111896e-09,8.8080687e-10,1.7624833e-09,1.4596537e-09,2.156994e-08,8.474961e-09
12.52616,35.69359,8.859091e-10,3.0036573e-10,1.171591e-09,9.745827e-10,2.1558169e-08,6.7191337e-09
12.388285,35.843197,8.260961e-10,3.113458e-10,1.1165279e-09,9.0620583e-10,2.0873987e-08,6.7519283e-09
12.241643,35.98205,8.0685525e-10,3.3661537e-10,1.0794456e-09,8.43496e-10,2.025212e-08,6.8293553e-09
12.307179,35.604115,1.1635989e-09,4.3365356e-10,1.6024782e-09,1.3908958e-09,2.2788027e-08,7.2775177e-09
12.164921,35.748344,1.1148015e-09,4.5778095e-10,1.5656039e-09,1.3471262e-09,2.2224445e-08,7.330501e-09
12.013896,35.88182,1.1146195e-09,5.015594e-10,1.548358e-09,1.3096989e-09,2.1725123e-08,7.429811e-09
12.0882,35.51464,1.5181417e-09,6.407982e-10,2.2329194e-09,2.0186133e-09,2.3938235e-08,7.892803e-09
11.941558,35.653492,1.494507e-09,6.891101e-10,2.2537738e-09,2.0506652e-09,2.349955e-08,7.984795e-09
11.869219,35.425167,1.9620066e-09,9.568097e-10,3.109754e-09,2.9365828e-09,2.5012056e-08,8.603101e-09
2.0759482,34.463024,3.8241073e-09,1.0144861e-08,1.4316229e-08,1.9749878e-08,2.9931005e-08,2.7764372e-08
1.7043794,34.82608,4.2396153e-09,9.541477e-09,1.4637307e-08,1.9963803e-08,2.7996894e-08,2.8787337e-08
1.3328105,35.18914,5.8690515e-09,1.02028315e-08,1.6015166e-08,2.0914912e-08,2.5261794e-08,2.937412e-08
1.6320688,34.238457,4.726077e-09,9.60756e-09,1.41321435e-08,2.086934e-08,2.8505074e-08,2.9037098e-08
1.2548895,34.602432,5.5107385e-09,9.576593e-09,1.45896175e-08,2.1604912e-08,2.5434556e-08,2.9733696e-08
0.8777102,34.966408,7.73662e-09,1.0871766e-08,1.6299914e-08,2.2991292e-08,2.2740887e-08,2.982784e-08
1.1881893,34.013893,6.120203e-09,9.81824e-09,1.5166547e-08,2.2669752e-08,2.6585317e-08,2.991224e-08
0.8053996,34.378784,7.210187e-09,1.0207558e-08,1.5723515e-08,2.3421212e-08,2.426911e-08,2.9860388e-08
0.74430984,33.789326,8.078767e-09,1.0806979e-08,1.746293e-08,2.4361624e-08,2.6125244e-08,2.9992904e-08
13.059776,35.122444,1.1171145e-09,3.0765096e-10,1.1614756e-09,9.937435e-10,2.3543704e-08,6.76268e-09
12.878378,35.308624,1.0754279e-09,3.017542e-10,1.2190464e-09,1.0287737e-09,2.3026086e-08,6.7310646e-09
12.700506,35.499004,9.872532e-10,2.9804245e-10,1.2228492e-09,1.0282999e-09,2.2366683e-08,6.7141146e-09
12.815469,35.037327,1.4094484e-09,4.2466877e-10,1.5013653e-09,1.3357185e-09,2.454685e-08,7.345383e-09
12.635834,35.22561,1.36943e-09,4.2690426e-10,1.6123837e-09,1.407034e-09,2.4097117e-08,7.3084423e-09
12.459724,35.41809,1.2758664e-09,4.3085102e-10,1.6560382e-09,1.4411263e-09,2.3510918e-08,7.2932953e-09
12.571161,34.95221,1.743925e-09,5.9530747e-10,1.9309199e-09,1.8031183e-09,2.5488594e-08,7.945434e-09
12.39329,35.14259,1.7201073e-09,6.170624e-10,2.1392348e-09,1.9410056e-09,2.509863e-08,7.921376e-09
12.326854,34.867092,2.1168614e-09,8.404149e-10,2.4548554e-09,2.4307796e-09,2.6363413e-08,8.596073e-09
2.166426,32.728203,6.080712e-09,9.123972e-09,1.6838671e-08,2.0258515e-08,3.052527e-08,2.783559e-08
1.6923873,33.081913,6.7841923e-09,9.817684e-09,1.6758865e-08,2.1797547e-08,2.9873632e-08,2.9294394e-08
1.2183486,33.43562,7.3252964e-09,1.0408102e-08,1.694642e-08,2.3454875e-08,2.7859276e-08,3.0123864e-08
1.6512784,32.432735,7.4913125e-09,9.970585e-09,1.887372e-08,2.234836e-08,2.9736963e-08,2.986925e-08
1.1706712,32.78705,8.958208e-09,1.1256861e-08,1.9521828e-08,2.4329822e-08,2.8167527e-08,3.0517228e-08
0.6900641,33.141365,1.014427e-08,1.2311609e-08,2.016053e-08,2.5245566e-08,2.7410321e-08,3.0408337e-08
1.1361307,32.137264,9.365374e-09,1.2090462e-08,2.1430179e-08,2.457693e-08,2.7930346e-08,3.0566525e-08
0.6489551,32.492188,1.1659672e-08,1.3903305e-08,2.2167654e-08,2.5477332e-08,2.7766728e-08,3.0571275e-08
0.62098294,31.841797,1.1454889e-08,1.5129306e-08,2.3180883e-08,2.5005448e-08,2.7530684e-08,2.988336e-08
12.921279,34.1687,1.4575912e-09,7.0570744e-10,1.73236e-09,2.2801487e-09,2.7034057e-08,8.980368e-09
13.2176,34.242,1.2002006e-09,5.421662e-10,1.3789625e-09,1.6635315e-09,2.619673e-08,8.291973e-09
13.513921,34.3153,9.554374e-10,4.153453e-10,1.0742784e-09,1.1951087e-09,2.5286578e-08,7.559809e-09
13.810242,34.3886,7.355802e-10,3.1903605e-10,8.2123375e-10,8.5397744e-10,2.4293017e-08,6.7806383e-09
12.967444,34.486618,1.4994029e-09,5.6824867e-10,1.5163698e-09,1.6675196e-09,2.6151723e-08,8.206886e-09
13.263388,34.55922,1.1944927e-09,4.2263898e-10,1.1862248e-09,1.211332e-09,2.5249724e-08,7.532451e-09
13.559331,34.631824,9.201583e-10,3.169457e-10,9.1287794e-10,8.7812047e-10,2.4285445e-08,6.8214985e-09
13.01361,34.80453,1.3814707e-09,4.324656e-10,1.3604726e-09,1.2808262e-09,2.502006e-08,7.466463e-09
13.3091755,34.87644,1.0681592e-09,3.1374897e-10,1.03642e-09,9.285547e-10,2.4029935e-08,6.805268e-09
13.591622,33.38472,8.51074e-10,8.839581e-10,2.428133e-09,3.656808e-09,2.6847399e-08,9.484939e-09
13.933412,33.445305,6.832373e-10,6.802672e-10,1.7586071e-09,2.503082e-09,2.5820269e-08,8.561748e-09
14.275202,33.50589,5.3440496e-10,5.190649e-10,1.2212882e-09,1.6314219e-09,2.4641086e-08,7.62986e-09
14.616991,33.56648,4.0916184e-10,3.9498776e-10,8.2295304e-10,1.0328963e-09,2.331254e-08,6.7633747e-09
13.664495,33.719345,7.731819e-10,5.9655786e-10,1.5240732e-09,2.125891e-09,2.6087353e-08,8.534663e-09
14.007419,33.781197,6.0003874e-10,4.5817194e-10,1.0999713e-09,1.4182493e-09,2.4960592e-08,7.59658e-09
14.350342,33.843044,4.5275497e-10,3.5139908e-10,7.717055e-10,9.2590835e-10,2.3678528e-08,6.662496e-09
13.737369,34.053974,7.5774914e-10,4.3121512e-10,1.0636064e-09,1.2898983e-09,2.5252728e-08,7.630526e-09
14.081426,34.117085,5.631428e-10,3.2853142e-10,7.7159656e-10,8.688216e-10,2.4066113e-08,6.7053327e-09
14.400628,32.71706,1.2208825e-09,1.5360698e-09,3.9201296e-09,5.2216933e-09,2.6362958e-08,9.70444e-09
14.700843,32.77092,9.9134e-10,1.1639194e-09,2.7770288e-09,3.689639e-09,2.553846e-08,9.119053e-09
15.001058,32.824783,7.9560813e-10,8.713734e-10,1.8769357e-09,2.4756046e-09,2.4597453e-08,8.617846e-09
15.301272,32.878647,6.33445e-10,6.4784206e-10,1.2250703e-09,1.5958608e-09,2.3514586e-08,8.211393e-09
14.472749,33.0002,7.684339e-10,9.189448e-10,2.2612852e-09,3.098296e-09,2.5338501e-08,8.671953e-09
14.771416,33.052834,6.1844624e-10,7.0205736e-10,1.5533229e-09,2.0768323e-09,2.4333618e-08,8.040512e-09
15.070083,33.10547,4.92997e-10,5.340974e-10,1.0370799e-09,1.3481101e-09,2.3216577e-08,7.505455e-09
14.54487,33.283337,5.318864e-10,5.8171157e-10,1.3194011e-09,1.768709e-09,2.4305926e-08,7.680562e-09
14.8419895,33.334747,4.2410161e-10,4.524808e-10,9.078504e-10,1.1665339e-09,2.3156483e-08,7.0295014e-09
2.199348,30.855951,5.2800777e-09,1.0695199e-08,1.9610301e-08,2.018069e-08,3.04012e-08,2.7220292e-08
1.6732264,31.184566,6.4451973e-09,1.1199143e-08,2.099251e-08,2.1982228e-08,2.9463353e-08,3.0049048e-08
1.1471046,31.513182,8.525327e-09,1.2780803e-08,2.2303647e-08,2.4128047e-08,2.7649957e-08,3.0396162e-08
1.670961,30.533825,5.8845835e-09,1.2429876e-08,2.109986e-08,2.132657e-08,2.9456062e-08,2.992268e-08
1.1384655,30.86253,7.470483e-09,1.36851375e-08,2.2507994e-08,2.3331589e-08,2.7441855e-08,3.027038e-08
0.60597,31.191233,1.0153994e-08,1.5921222e-08,2.3365384e-08,2.4085589e-08,2.7109028e-08,2.876434e-08
1.142574,30.211699,6.6188894e-09,1.4377791e-08,2.2057643e-08,2.237751e-08,2.754488e-08,3.032211e-08
0.6037047,30.540491,8.723974e-09,1.6233523e-08,2.2946308e-08,2.3103409e-08,2.6806374e-08,2.7986388e-08
0.6141869,29.889572,7.606234e-09,1.5906862e-08,2.2125096e-08,2.234772e-08,2.6766546e-08,2.7770739e-08
15.138894,32.214714,2.3160618e-09,2.3853073e-09,5.2520464e-09,6.378119e-09,2.7059759e-08,1.1014466e-08
15.37001,32.272934,1.9352622e-09,1.8432583e-09,3.8947503e-09,4.8281126e-09,2.642766e-08,1.0774302e-08
15.601127,32.331158,1.6048228e-09,1.4051335e-09,2.7736666e-09,3.50047e-09,2.5637307e-08,1.0558518e-08
15.832242,32.38938,1.3233826e-09,1.0610951e-09,1.9064619e-09,2.4373359e-09,2.4652197e-08,1.0362761e-08
15.19302,32.436024,1.5158999e-09,1.5332712e-09,3.336472e-09,4.2209396e-09,2.5960361e-08,1.0104624e-08
15.42317,32.4934,1.2485012e-09,1.1732598e-09,2.3682438e-09,3.032971e-09,2.5180476e-08,9.83388e-09
15.65332,32.550777,1.0230709e-09,8.918112e-10,1.6318891e-09,2.10487e-09,2.424406e-08,9.5966e-09
15.247147,32.657333,9.7374e-10,9.844893e-10,2.0272422e-09,2.6334401e-09,2.475872e-08,9.156468e-09
15.47633,32.713863,7.9620743e-10,7.560938e-10,1.4056559e-09,1.8248459e-09,2.3848393e-08,8.8629095e-09
15.649534,31.891598,3.3452525e-09,3.0851364e-09,6.1033574e-09,7.2405233e-09,2.7741327e-08,1.224799e-08
15.833046,31.91312,3.076183e-09,2.649955e-09,5.069631e-09,6.106481e-09,2.7292014e-08,1.2206804e-08
16.016558,31.934645,2.8258915e-09,2.2591868e-09,4.1184207e-09,5.029339e-09,2.6714597e-08,1.2157231e-08
16.20007,31.95617,2.5954354e-09,1.9131494e-09,3.2683403e-09,4.0369987e-09,2.5977814e-08,1.2090886e-08
15.710437,32.057526,2.5380225e-09,2.1968827e-09,4.3326107e-09,5.2857794e-09,2.684637e-08,1.1687931e-08
15.90054,32.084446,2.2891822e-09,1.8334098e-09,3.4282546e-09,4.242723e-09,2.6234668e-08,1.1631031e-08
16.090645,32.111366,2.062788e-09,1.5201318e-09,2.6496358e-09,3.3177268e-09,2.5465965e-08,1.156823e-08
15.771339,32.223454,1.8580621e-09,1.5322753e-09,2.9253597e-09,3.6653207e-09,2.5807713e-08,1.1053936e-08
15.968035,32.255768,1.6412206e-09,1.2470693e-09,2.2072164e-09,2.7963105e-09,2.501873e-08,1.0975991e-08
2.2797499,28.991318,5.6787783e-09,1.3894857e-08,1.822346e-08,1.8413147e-08,3.0549344e-08,2.6491648e-08
1.7245623,29.290735,5.5688107e-09,1.3871673e-08,1.9674989e-08,1.9711077e-08,2.9880344e-08,2.9379116e-08
1.1693746,29.590153,6.1053833e-09,1.44728105e-08,2.1165302e-08,2.1508823e-08,2.7952492e-08,3.046393e-08
1.7599926,28.64095,5.752701e-09,1.3315177e-08,1.8479357e-08,1.9064563e-08,3.0107802e-08,2.9225163e-08
1.198614,28.93994,5.878581e-09,1.3712559e-08,1.9945828e-08,2.078334e-08,2.8519793e-08,3.055695e-08
0.6372354,29.23893,6.86125e-09,1.4760577e-08,2.1069198e-08,2.1894031e-08,2.7043273e-08,2.796722e-08
1.2402353,28.290583,5.8365845e-09,1.1950317e-08,1.8573848e-08,2.0220062e-08,2.9123187e-08,3.0596535e-08
0.6726658,28.589144,6.411694e-09,1.27512045e-08,1.9909237e-08,2.1654076e-08,2.7610588e-08,2.8393787e-08
0.72047794,27.940216,6.132898e-09,1.0140788e-08,1.8731075e-08,2.1487294e-08,2.833127e-08,2.8900104e-08
16.072948,31.767452,3.5263488e-09,2.9630038e-09,5.291766e-09,6.357982e-09,2.7388458e-08,1.2609954e-08
15.945827,31.578735,4.5257766e-09,4.348004e-09,7.773539e-09,9.102656e-09,2.8453972e-08,1.3014096e-08
15.818705,31.39002,5.4879874e-09,5.958141e-09,1.0369708e-08,1.1905461e-08,2.9198437e-08,1.3299207e-08
16.312374,31.782137,3.246256e-09,2.4762694e-09,4.0857207e-09,4.9755857e-09,2.6510502e-08,1.25098145e-08
16.185835,31.594013,4.187352e-09,3.7217989e-09,6.3216827e-09,7.52524e-09,2.783513e-08,1.29057804e-08
16.059298,31.40589,5.1035105e-09,5.2467457e-09,8.854037e-09,1.0344131e-08,2.8790726e-08,1.3184738e-08
16.425846,31.609291,3.8765022e-09,3.14374e-09,4.9313997e-09,5.941627e-09,2.6925903e-08,1.2729884e-08
16.29989,31.42176,4.743447e-09,4.55094e-09,7.284234e-09,8.6368654e-09,2.8159109e-08,1.3010742e-08
16.540483,31.437632,4.4111395e-09,3.8852805e-09,5.730072e-09,6.860217e-09,2.7206521e-08,1.2752898e-08
2.4302886,27.107105,6.6804313e-09,9.641471e-09,1.541515e-08,1.7820698e-08,3.0584797e-08,2.8209408e-08
1.8603517,27.38481,6.102213e-09,9.487741e-09,1.6020755e-08,1.8364087e-08,3.037754e-08,2.9514535e-08
1.2904148,27.662512,5.8212555e-09,9.586026e-09,1.7232866e-08,1.9797671e-08,2.9605642e-08,3.0600198e-08
1.9325256,26.73807,5.7864242e-09,7.201574e-09,1.4886127e-08,1.8201908e-08,3.0431398e-08,2.9951327e-08
1.356562,27.014824,5.6089178e-09,7.1252746e-09,1.5927366e-08,1.943473e-08,2.9943035e-08,3.060045e-08
0.7805984,27.291578,5.8507927e-09,7.503994e-09,1.7580303e-08,2.1282084e-08,2.9008447e-08,2.9337045e-08
1.4347628,26.369036,4.968989e-09,5.238101e-09,1.4775809e-08,1.911356e-08,3.012651e-08,3.0587774e-08
0.8527724,26.64484,5.348234e-09,5.4217253e-09,1.649166e-08,2.0989258e-08,2.9498102e-08,2.9583473e-08
0.937,26.0,4.497756e-09,4.121363e-09,1.5515019e-08,2.0617204e-08,2.9769062e-08,2.9577906e-08
16.958448,30.716629,4.70988e-09,6.7538406e-09,7.9401765e-09,9.592276e-09,2.7144232e-08,1.1712124e-08
16.825024,30.960714,4.9948934e-09,6.0001537e-09,7.4991675e-09,8.99177e-09,2.7407994e-08,1.2141191e-08
16.685701,31.201048,4.8952664e-09,4.9799778e-09,6.736057e-09,8.045957e-09,2.7426122e-08,1.2536611e-08
16.665253,30.70676,5.1249573e-09,7.7586835e-09,1.0160237e-08,1.2328881e-08,2.8571804e-08,1.228892e-08
16.52888,30.948969,5.421027e-09,6.9750823e-09,9.6891934e-09,1.1593393e-08,2.8693423e-08,1.2666932e-08
16.386608,31.187428,5.316426e-09,5.889112e-09,8.82394e-09,1.04568985e-08,2.8612224e-08,1.296869e-08
16.372057,30.696892,5.5753158e-09,8.6115675e-09,1.2115962e-08,1.4587712e-08,2.9380475e-08,1.2701578e-08
16.232735,30.937225,5.88282e-09,7.859689e-09,1.1677787e-08,1.37987e-08,2.9418569e-08,1.3035089e-08
16.078861,30.687023,6.060503e-09,9.290514e-09,1.3708953e-08,1.6268082e-08,2.981128e-08,1.2994908e-08
2.6549435,25.223146,3.2245373e-09,5.170424e-09,1.30494975e-08,1.7782682e-08,3.0580818e-08,3.029003e-08
2.0822957,25.482098,3.5629484e-09,4.5336193e-09,1.3159481e-08,1.7952408e-08,3.0457006e-08,3.0565907e-08
1.5096478,25.741049,3.936172e-09,4.1254395e-09,1.387598e-08,1.8845856e-08,3.019622e-08,3.0490035e-08
2.188097,24.841393,2.4187432e-09,4.2450226e-09,1.2643361e-08,1.7817554e-08,3.0457414e-08,3.059487e-08
1.6106178,25.099352,2.842367e-09,3.6950316e-09,1.323366e-08,1.8592315e-08,3.0208856e-08,3.026793e-08
1.0331384,25.357311,3.4702747e-09,3.5400278e-09,1.47508e-08,2.023445e-08,2.9857468e-08,2.9287165e-08
1.7212508,24.459639,2.1459985e-09,3.951753e-09,1.308758e-08,1.8563052e-08,3.016341e-08,2.9902242e-08
1.1389399,24.716606,2.6668516e-09,3.608057e-09,1.4392376e-08,2.001049e-08,2.9804593e-08,2.868709e-08
1.2544043,24.077885,2.392488e-09,4.506565e-09,1.4776459e-08,2.0245736e-08,2.963871e-08,2.7809417e-08
16.421799,29.755676,3.2669143e-09,8.1570715e-09,1.2143843e-08,1.5716447e-08,2.9119917e-08,1.2446052e-08
16.779427,29.748188,2.8672296e-09,7.670137e-09,1.0741545e-08,1.38569956e-08,2.8343127e-08,1.2297394e-08
17.137056,29.7407,2.5346023e-09,6.8672508e-09,8.804048e-09,1.1105548e-08,2.6906868e-08,1.1946201e-08
17.494684,29.733212,2.2567173e-09,5.77192e-09,6.4694157e-09,7.754057e-09,2.4506772e-08,1.1322407e-08
16.600681,30.075993,3.8652646e-09,8.681748e-09,1.1888483e-08,1.5061952e-08,2.8915176e-08,1.2233e-08
16.956474,30.067392,3.40655e-09,7.836436e-09,9.855987e-09,1.2401408e-08,2.7670918e-08,1.1816829e-08
17.312267,30.058792,3.011644e-09,6.676894e-09,7.3710984e-09,8.987401e-09,2.5439185e-08,1.11511e-08
16.779564,30.39631,4.413535e-09,8.266393e-09,1.0518189e-08,1.302004e-08,2.8354634e-08,1.1983672e-08
17.133522,30.386599,3.9193213e-09,7.1005344e-09,7.953916e-09,9.700961e-09,2.6426433e-08,1.128774e-08
3.0792994,20.171354,2.02664e-08,1.6637577e-08,2.5048605e-08,2.7358206e-08,2.9365353e-08,3.008444e-08
2.7153385,20.300205,2.0337243e-08,1.8072589e-08,2.6467156e-08,2.8451273e-08,2.8106614e-08,2.8063175e-08
2.3513775,20.429056,2.0435946e-08,1.9416097e-08,2.7525333e-08,2.9188978e-08,2.607941e-08,2.470054e-08
1.9874164,20.557907,2.0512006e-08,2.0500927e-08,2.8188548e-08,2.9586683e-08,2.3414144e-08,2.0372225e-08
2.8016775,19.89823,2.2917146e-08,1.8702586e-08,2.6922118e-08,2.8614158e-08,2.866501e-08,2.9315899e-08
2.4381468,20.02715,2.3032483e-08,2.0235744e-08,2.826256e-08,2.9630868e-08,2.6954327e-08,2.6212506e-08
2.0746162,20.156069,2.3223993e-08,2.1714632e-08,2.9220132e-08,3.0223845e-08,2.417734e-08,2.1541057e-08
2.5240557,19.625105,2.5864004e-08,2.2185372e-08,2.8845054e-08,2.9867422e-08,2.7393009e-08,2.7509497e-08
2.1609554,19.754093,2.607424e-08,2.3763526e-08,2.983779e-08,3.0480685e-08,2.5011495e-08,2.2883773e-08
2.2464337,19.35198,2.8710982e-08,2.6422766e-08,3.029413e-08,3.059e-08,2.487226e-08,2.3158028e-08
2.8843775,23.369287,1.9194164e-09,7.587585e-09,1.3450869e-08,1.8449562e-08,3.050853e-08,3.0574775e-08
2.3410532,23.605486,1.9233268e-09,6.2601635e-09,1.3546114e-08,1.8649684e-08,3.0323438e-08,3.020645e-08
1.7977288,23.841686,2.0670399e-09,5.1466866e-09,1.3850406e-08,1.9149567e-08,3.0021873e-08,2.9292682e-08
2.4684913,22.972748,2.9057488e-09,1.0207918e-08,1.5768196e-08,2.0196735e-08,3.0155526e-08,2.9840592e-08
1.9225723,23.208395,2.7827414e-09,8.3320355e-09,1.5931931e-08,2.0558897e-08,2.9800548e-08,2.856696e-08
1.3766532,23.444044,2.8683353e-09,6.945614e-09,1.6412029e-08,2.1307162e-08,2.9361734e-08,2.667888e-08
2.0526052,22.576206,5.002758e-09,1.420774e-08,1.9272811e-08,2.2707704e-08,2.9392098e-08,2.7611348e-08
1.5040914,22.811304,4.595779e-09,1.1972476e-08,1.946738e-08,2.3196586e-08,2.8891117e-08,2.5188143e-08
1.6367188,22.179667,8.268025e-09,1.7541863e-08,2.2317638e-08,2.507411e-08,2.7989564e-08,2.3293136e-08
3.0128005,21.665962,1.0128576e-08,1.9186533e-08,2.060687e-08,2.3865779e-08,2.963317e-08,2.9818708e-08
2.5541067,21.837196,9.596116e-09,1.949577e-08,2.150954e-08,2.4380443e-08,2.9133687e-08,2.8324028e-08
2.0954127,22.008432,8.9459204e-09,1.8866857e-08,2.2064064e-08,2.47567e-08,2.8568467e-08,2.6095181e-08
2.6710057,21.29661,1.3822737e-08,1.9660861e-08,2.3372033e-08,2.6051652e-08,2.8423365e-08,2.794995e-08
2.2118933,21.467733,1.3325349e-08,2.001645e-08,2.3787326e-08,2.632289e-08,2.745663e-08,2.5126914e-08
1.7527809,21.638857,1.2585569e-08,1.9438565e-08,2.3713044e-08,2.6352348e-08,2.6568001e-08,2.1584636e-08
2.329211,20.92726,1.7150612e-08,1.9430457e-08,2.5778663e-08,2.791548e-08,2.6359746e-08,2.4737949e-08
1.8696802,21.09827,1.6796138e-08,1.9822854e-08,2.5860912e-08,2.7961814e-08,2.4522294e-08,2.032654e-08
3.0781326,19.06455,2.827672e-08,2.3320945e-08,2.8085863e-08,2.8975416e-08,2.8641988e-08,3.037285e-08
2.8008997,19.16036,2.8384347e-08,2.4299936e-08,2.8971106e-08,2.9735297e-08,2.7829833e-08,2.9238182e-08
2.5236669,19.25617,2.8528198e-08,2.53548e-08,2.9742495e-08,3.0318322e-08,2.6617002e-08,2.6856524e-08
2.8637395,18.86126,2.9749692e-08,2.674767e-08,2.9758802e-08,3.0230566e-08,2.7076553e-08,2.8737496e-08
2.5862007,18.957045,2.9891613e-08,2.757271e-08,3.024746e-08,3.0539905e-08,2.5870092e-08,2.6214211e-08
2.3086617,19.05283,3.0039832e-08,2.8379802e-08,3.054491e-08,3.057437e-08,2.4179414e-08,2.2413591e-08
2.6493464,18.657967,3.052538e-08,2.937528e-08,3.058405e-08,3.0561797e-08,2.4819938e-08,2.5067596e-08
2.3715014,18.753729,3.0579532e-08,2.985579e-08,3.056373e-08,3.029278e-08,2.3206034e-08,2.1189951e-08
2.4349532,18.454676,3.0462978e-08,3.055279e-08,3.005065e-08,2.944745e-08,2.211253e-08,1.9908216e-08
2.4876964,18.216167,3.0118017e-08,3.053077e-08,2.9076743e-08,2.828938e-08,2.1200913e-08,1.9032655e-08
2.5571673,17.983292,2.9762374e-08,3.015924e-08,2.7770758e-08,2.7022367e-08,2.0325515e-08,1.8493932e-08
2.643366,17.756048,2.9500091e-08,2.9620049e-08,2.6424456e-08,2.5944914e-08,1.9354074e-08,1.8034251e-08
2.65789,18.412807,3.056859e-08,3.0355984e-08,3.041515e-08,3.0051424e-08,2.3515291e-08,2.3285613e-08
2.718997,18.177116,3.0368447e-08,3.0600198e-08,2.975876e-08,2.9196933e-08,2.2513882e-08,2.2295986e-08
2.7968318,17.947056,3.0126362e-08,3.0456636e-08,2.8765704e-08,2.8203129e-08,2.1478744e-08,2.1443663e-08
2.8808267,18.370941,3.060051e-08,3.0018267e-08,3.058238e-08,3.042167e-08,2.4663208e-08,2.5941079e-08
2.9502976,18.138065,3.0525367e-08,3.0511195e-08,3.0227586e-08,2.9869234e-08,2.3595023e-08,2.488357e-08
3.1037633,18.329073,3.0568007e-08,2.9561019e-08,3.0581184e-08,3.0584747e-08,2.5583496e-08,2.783274e-08
16.894823,28.543072,1.5308376e-09,4.7464948e-09,9.78426e-09,1.2678865e-08,2.8359914e-08,1.4243752e-08
17.358011,28.512974,1.4087723e-09,4.1518864e-09,8.000898e-09,9.854859e-09,2.756135e-08,1.4660465e-08
17.821198,28.482878,1.3248648e-09,3.3132421e-09,5.8178644e-09,6.5464136e-09,2.6232557e-08,1.4726855e-08
18.284386,28.45278,1.2646741e-09,2.362379e-09,3.6167838e-09,3.5251968e-09,2.4107196e-08,1.4365631e-08
17.094778,28.939785,1.599409e-09,5.1316933e-09,8.764052e-09,1.1226714e-08,2.7716482e-08,1.3548835e-08
17.562815,28.912497,1.4369184e-09,4.258172e-09,6.5570087e-09,7.8138855e-09,2.6115046e-08,1.34660585e-08
18.030853,28.885208,1.3191057e-09,3.1447533e-09,4.1213313e-09,4.3292374e-09,2.3465066e-08,1.29312525e-08
17.294731,29.336498,1.8417176e-09,5.6139493e-09,7.828562e-09,9.772056e-09,2.654023e-08,1.25593465e-08
17.767618,29.31202,1.614382e-09,4.3245163e-09,5.083708e-09,5.7550746e-09,2.3539968e-08,1.1892782e-08
2.758639,17.512957,2.9358738e-08,2.89555e-08,2.5206027e-08,2.516382e-08,1.80503e-08,1.7317024e-08
2.872948,17.269396,2.9297933e-08,2.813417e-08,2.4176877e-08,2.4589214e-08,1.6323087e-08,1.5934999e-08
2.9862928,17.025364,2.929345e-08,2.7124177e-08,2.3341709e-08,2.4121055e-08,1.4307241e-08,1.39951855e-08
2.9343457,17.760855,3.006614e-08,3.028272e-08,2.820017e-08,2.7817617e-08,2.0803636e-08,2.1334085e-08
3.0491366,17.517529,2.994238e-08,2.9827678e-08,2.7157803e-08,2.7082576e-08,1.9230738e-08,1.9917778e-08
3.1629636,17.273731,2.9875316e-08,2.9197643e-08,2.6195083e-08,2.6468562e-08,1.7293116e-08,1.7939294e-08
3.2253256,17.765661,3.0432044e-08,3.0586207e-08,2.949236e-08,2.9239084e-08,2.2100023e-08,2.4061515e-08
3.3396344,17.5221,3.0348684e-08,3.039328e-08,2.869986e-08,2.8625347e-08,2.0328075e-08,2.2218963e-08
3.5163052,17.770468,3.059171e-08,3.04946e-08,3.0272368e-08,3.014516e-08,2.3256746e-08,2.6197654e-08
17.431309,27.009161,2.4831945e-09,4.679651e-09,1.12429674e-08,1.3245784e-08,2.897967e-08,1.8325975e-08
17.985912,26.940346,2.301468e-09,3.7274854e-09,8.692206e-09,9.832877e-09,2.8795313e-08,1.9609814e-08
18.540514,26.87153,2.1042659e-09,2.7604978e-09,6.089471e-09,6.33698e-09,2.8563775e-08,2.0676675e-08
19.095118,26.802715,1.8911044e-09,1.8825688e-09,3.6416286e-09,3.2840004e-09,2.7981425e-08,2.1510669e-08
17.715668,27.490368,1.8594167e-09,3.64905e-09,8.694913e-09,1.0018756e-08,2.839581e-08,1.777817e-08
18.27424,27.423737,1.7837813e-09,2.70778e-09,6.083597e-09,6.3347505e-09,2.786806e-08,1.8578994e-08
18.832813,27.357107,1.6886006e-09,1.8087661e-09,3.6146313e-09,3.190559e-09,2.6891763e-08,1.9027624e-08
18.000027,27.971573,1.4638653e-09,2.901546e-09,6.0409158e-09,6.5572743e-09,2.7117933e-08,1.6529846e-08
18.562569,27.90713,1.4214273e-09,1.911125e-09,3.5354033e-09,3.2223244e-09,2.5519416e-08,1.6583744e-08
3.1318502,16.69378,2.9313677e-08,2.5423414e-08,2.237025e-08,2.3382128e-08,1.1502086e-08,1.0926114e-08
3.2879746,16.367384,2.9354878e-08,2.3637831e-08,2.1566425e-08,2.2429447e-08,9.146635e-09,8.130739e-09
3.454666,16.04617,2.937293e-08,2.2012493e-08,2.0754579e-08,2.1170127e-08,7.3948847e-09,5.9702447e-09
3.3697913,17.008385,2.9985735e-08,2.8613076e-08,2.5798357e-08,2.6333678e-08,1.517599e-08,1.578713e-08
3.520632,16.679396,2.9982292e-08,2.722887e-08,2.47744e-08,2.5489232e-08,1.2292113e-08,1.230877e-08
3.68204,16.355589,2.9994926e-08,2.5677044e-08,2.3888848e-08,2.4496781e-08,9.919808e-09,9.332302e-09
3.7532897,16.991407,3.0427916e-08,2.9748579e-08,2.7787312e-08,2.8083438e-08,1.6099467e-08,1.781143e-08
3.909414,16.665009,3.0415876e-08,2.8755686e-08,2.6811037e-08,2.7217439e-08,1.3251451e-08,1.4253451e-08
4.1367884,16.974428,3.0598216e-08,3.0417706e-08,2.9212346e-08,2.9315707e-08,1.712612e-08,2.005661e-08
19.900255,25.199503,1.6482792e-09,1.4879847e-09,2.7580627e-09,3.3206482e-09,2.9039432e-08,2.6959368e-08
19.612156,24.829296,1.8485188e-09,1.972414e-09,4.4176427e-09,6.504699e-09,2.9616313e-08,2.691501e-08
19.324057,24.459091,2.1277515e-09,2.5505713e-09,6.145636e-09,1.0014447e-08,2.9787717e-08,2.6595778e-08
19.035957,24.088886,2.51738e-09,3.3081893e-09,7.84061e-09,1.3029688e-08,2.9843036e-08,2.6271884e-08
20.10933,24.771168,1.5379604e-09,1.235583e-09,2.4757987e-09,3.2725125e-09,2.8842011e-08,2.7596434e-08
19.81634,24.398634,1.756664e-09,1.667467e-09,4.1207726e-09,6.6206995e-09,2.9477764e-08,2.7395744e-08
19.52335,24.026098,2.0712492e-09,2.2390818e-09,5.9358714e-09,1.0290334e-08,2.9679612e-08,2.6961523e-08
20.308622,24.338175,1.450127e-09,1.0195259e-09,2.2588096e-09,3.2301917e-09,2.8447323e-08,2.7862734e-08
20.010742,23.963312,1.6967121e-09,1.4314063e-09,3.9336028e-09,6.7127517e-09,2.9192293e-08,2.7531138e-08
20.498135,23.900524,1.3813657e-09,8.675231e-10,2.1284683e-09,3.1925143e-09,2.7862175e-08,2.7793295e-08
18.220798,25.420376,3.0484044e-09,4.8149187e-09,9.7031805e-09,1.2781485e-08,2.9609769e-08,2.3136758e-08
18.780617,25.346752,2.4685005e-09,3.5178478e-09,7.3804984e-09,1.0046414e-08,2.969052e-08,2.4591454e-08
19.340437,25.273127,2.011735e-09,2.3996392e-09,5.0217723e-09,6.7255517e-09,2.9641868e-08,2.5943303e-08
18.512238,25.881155,2.6055185e-09,3.7882244e-09,7.935764e-09,9.7977955e-09,2.9460915e-08,2.304678e-08
19.070036,25.806412,2.1683688e-09,2.709273e-09,5.495247e-09,6.551515e-09,2.9454952e-08,2.4454904e-08
19.627832,25.731668,1.8036499e-09,1.7754078e-09,3.1530663e-09,3.374344e-09,2.9015185e-08,2.5620052e-08
18.803679,26.341936,2.2316147e-09,2.8117073e-09,5.869375e-09,6.394572e-09,2.908701e-08,2.2642352e-08
19.359453,26.266073,1.9143969e-09,1.910145e-09,3.468261e-09,3.3467582e-09,2.866596e-08,2.3750335e-08
4.1849303,14.782154,2.8780216e-08,1.8577587e-08,1.6949231e-08,1.5594697e-08,4.217624e-09,2.2827988e-09
4.4284515,15.157156,2.9847723e-08,2.1744354e-08,2.07675e-08,1.986941e-08,5.6824e-09,3.9292027e-09
4.671973,15.532158,3.043625e-08,2.5268664e-08,2.432247e-08,2.387238e-08,7.956435e-09,7.3438047e-09
4.9154944,15.907159,3.0599644e-08,2.8468376e-08,2.7212854e-08,2.697183e-08,1.103171e-08,1.27448185e-08
3.935175,15.199855,2.9119638e-08,1.9181817e-08,1.8191411e-08,1.7233843e-08,4.8602935e-09,2.9313465e-09
4.1818633,15.576675,3.0006657e-08,2.2821823e-08,2.2066505e-08,2.1662512e-08,6.6464794e-09,5.148668e-09
4.4285517,15.953496,3.0485364e-08,2.6643574e-08,2.5488704e-08,2.543686e-08,9.375236e-09,9.373172e-09
3.6917536,15.621193,2.9314076e-08,2.0313559e-08,1.9530098e-08,1.9187533e-08,5.8345035e-09,4.056333e-09
3.9416087,15.999833,3.0076432e-08,2.440822e-08,2.330579e-08,2.349264e-08,8.165391e-09,7.132874e-09
20.261969,23.594294,1.5927804e-09,1.1842006e-09,3.484721e-09,5.940535e-09,2.8626008e-08,2.7465628e-08
20.025803,23.288061,1.883778e-09,1.6422557e-09,5.1553197e-09,8.9790735e-09,2.8999589e-08,2.7001741e-08
19.789637,22.98183,2.275045e-09,2.3146736e-09,7.045301e-09,1.1609973e-08,2.9242e-08,2.6610714e-08
20.667843,23.588467,1.3139428e-09,7.690629e-10,1.9657067e-09,2.8989229e-09,2.7149392e-08,2.7559679e-08
20.432922,23.283232,1.5339369e-09,1.0871706e-09,3.3483227e-09,5.52881e-09,2.8092602e-08,2.7212636e-08
20.198,22.977997,1.8372481e-09,1.5641349e-09,5.1376863e-09,8.472528e-09,2.8597952e-08,2.6748372e-08
20.84004,23.2784,1.2416987e-09,7.0676515e-10,1.8429654e-09,2.564789e-09,2.6297139e-08,2.7186466e-08
20.606363,22.974161,1.4663891e-09,1.0331699e-09,3.272326e-09,5.0196927e-09,2.746352e-08,2.6858865e-08
21.014727,22.970325,1.1623363e-09,6.773271e-10,1.765614e-09,2.2101756e-09,2.5347909e-08,2.6709088e-08
5.746736,14.715966,3.056657e-08,2.675799e-08,2.4919055e-08,2.4393335e-08,8.891294e-09,9.683801e-09
5.2261343,14.738029,3.02659e-08,2.4200016e-08,2.2508422e-08,2.1653026e-08,6.6644557e-09,5.642678e-09
4.705532,14.760092,2.9657318e-08,2.137467e-08,1.9799968e-08,1.862485e-08,5.115695e-09,3.313778e-09
5.528395,14.267434,3.0027604e-08,2.3949411e-08,2.140369e-08,2.0505452e-08,5.8440084e-09,4.8409183e-09
5.003923,14.287075,2.9249039e-08,2.1147684e-08,1.8624151e-08,1.7220263e-08,4.426132e-09,2.7517066e-09
4.4794507,14.306716,2.8215561e-08,1.8410992e-08,1.582285e-08,1.4115264e-08,3.6712586e-09,1.8775745e-09
5.3100543,13.818902,2.87111e-08,2.1219309e-08,1.774844e-08,1.6025123e-08,3.6965144e-09,2.3893083e-09
4.781712,13.836121,2.7484502e-08,1.8620208e-08,1.5061987e-08,1.2901414e-08,3.1918692e-09,1.7001159e-09
5.091714,13.37037,2.6615862e-08,1.8948834e-08,1.4605543e-08,1.1748573e-08,2.733578e-09,1.6926517e-09
6.402071,13.388434,2.9831956e-08,2.5245965e-08,2.1397101e-08,2.0374122e-08,4.7235766e-09,5.018555e-09
5.9652853,13.382413,2.897021e-08,2.3068068e-08,1.9023311e-08,1.7251262e-08,3.5180219e-09,3.022507e-09
5.5284996,13.376391,2.7871502e-08,2.0937486e-08,1.6751093e-08,1.4325753e-08,2.8850666e-09,2.0331938e-09
6.2493963,12.980816,2.846244e-08,2.2859002e-08,1.8551232e-08,1.589899e-08,2.7233098e-09,2.7038318e-09
5.8098593,12.972907,2.7176085e-08,2.0876014e-08,1.637919e-08,1.3073957e-08,2.3065745e-09,1.9433308e-09
5.3703227,12.964998,2.5758606e-08,1.9099526e-08,1.4378447e-08,1.0681235e-08,2.3786797e-09,1.8026978e-09
6.096721,12.573198,2.6403326e-08,2.0469551e-08,1.6091404e-08,1.17384955e-08,1.8713482e-09,1.9532707e-09
5.6544333,12.563401,2.4829593e-08,1.8934916e-08,1.4264478e-08,9.633813e-09,2.13104e-09,2.0029765e-09
5.944046,12.16558,2.3851385e-08,1.8371567e-08,1.4279336e-08,8.900867e-09,2.0646445e-09,2.3165725e-09
6.1626697,11.872422,2.3115343e-08,1.7732456e-08,1.4432768e-08,8.8109715e-09,2.1917244e-09,2.686199e-09
6.3841157,11.581364,2.240023e-08,1.7008448e-08,1.4768331e-08,9.26813e-09,2.5402318e-09,3.2516754e-09
6.608384,11.292405,2.1744555e-08,1.6332043e-08,1.5256433e-08,1.0252179e-08,3.1964664e-09,4.0805723e-09
6.29282,12.230606,2.5476924e-08,1.9605809e-08,1.5685348e-08,1.0535977e-08,1.6802253e-09,2.0798154e-09
6.5128546,11.9384985,2.482629e-08,1.8837092e-08,1.562264e-08,1.0162855e-08,1.6656516e-09,2.3690707e-09
6.735712,11.64849,2.418262e-08,1.798633e-08,1.5680309e-08,1.0343409e-08,1.8363965e-09,2.8812257e-09
6.6415935,12.295633,2.7044214e-08,2.1223064e-08,1.7373754e-08,1.27532696e-08,1.7629649e-09,2.3858862e-09
6.8630395,12.004575,2.6521798e-08,2.043448e-08,1.718294e-08,1.219421e-08,1.6627257e-09,2.6369231e-09
6.990367,12.36066,2.8445191e-08,2.3214143e-08,1.94111e-08,1.5596177e-08,2.3165796e-09,3.4225875e-09
21.354822,21.976885,1.0600507e-09,9.3016583e-10,2.7254916e-09,2.1578133e-09,2.4385866e-08,2.5459896e-08
21.263784,22.31777,1.0696884e-09,7.957901e-10,2.1999977e-09,2.0731858e-09,2.4349614e-08,2.5762786e-08
21.15042,22.648916,1.1068588e-09,7.114646e-10,1.8933908e-09,2.0870803e-09,2.4697647e-08,2.6208857e-08
20.999828,22.01679,1.3486445e-09,1.2479264e-09,4.2715924e-09,4.2666897e-09,2.6281915e-08,2.5789028e-08
20.897629,22.352806,1.3576649e-09,1.1019728e-09,3.6386592e-09,4.3090793e-09,2.6418356e-08,2.6073195e-08
20.7731,22.679085,1.3928619e-09,1.019004e-09,3.2719873e-09,4.482678e-09,2.6820018e-08,2.6470982e-08
20.644836,22.056696,1.7061845e-09,1.6997459e-09,6.053672e-09,6.908918e-09,2.7545829e-08,2.5942297e-08
20.531471,22.387844,1.7102225e-09,1.5432459e-09,5.365772e-09,7.153838e-09,2.7729236e-08,2.6167037e-08
20.289843,22.096603,2.1309365e-09,2.318842e-09,7.833908e-09,9.560783e-09,2.843926e-08,2.606769e-08
7.113325,10.65193,2.0747532e-08,1.5518921e-08,1.5353837e-08,1.2341292e-08,5.993511e-09,6.8331905e-09
7.2484484,10.918311,2.2579393e-08,1.629632e-08,1.5789228e-08,1.2462103e-08,3.665404e-09,5.452229e-09
7.383572,11.184692,2.4565121e-08,1.7811791e-08,1.665454e-08,1.3060745e-08,2.5392901e-09,4.7646753e-09
7.518696,11.451073,2.6526843e-08,2.0057694e-08,1.8112178e-08,1.4405929e-08,2.2850297e-09,4.7707602e-09
6.9458117,10.865777,2.0986931e-08,1.566229e-08,1.5662371e-08,1.1902801e-08,4.8682147e-09,5.8163927e-09
7.0805354,11.131981,2.2897655e-08,1.6575735e-08,1.5846327e-08,1.1712757e-08,2.910365e-09,4.5164894e-09
7.2152586,11.398184,2.4909472e-08,1.8231598e-08,1.6639135e-08,1.22747394e-08,2.079107e-09,3.8952606e-09
6.7774982,11.079268,2.1330024e-08,1.593627e-08,1.5577692e-08,1.1140547e-08,3.9216226e-09,4.878284e-09
6.9118214,11.345294,2.3289113e-08,1.701574e-08,1.5723828e-08,1.0921662e-08,2.3577054e-09,3.7165246e-09
20.60423,21.081722,2.2415287e-09,2.9289968e-09,1.0230584e-08,8.6330525e-09,2.8893133e-08,2.6750108e-08
20.955902,20.98915,1.8007676e-09,2.24602e-09,8.40346e-09,6.3279892e-09,2.827668e-08,2.653711e-08
21.307573,20.896576,1.4286927e-09,1.7339478e-09,6.419216e-09,4.082135e-09,2.7507564e-08,2.6319428e-08
21.659243,20.804003,1.1289685e-09,1.3626749e-09,4.528478e-09,2.2667728e-09,2.647473e-08,2.607015e-08
20.854427,21.38011,1.7462853e-09,2.0763102e-09,7.702995e-09,6.4535417e-09,2.7789502e-08,2.6078204e-08
21.20197,21.286026,1.3960412e-09,1.6124158e-09,5.906988e-09,4.1680956e-09,2.6845463e-08,2.5872266e-08
21.549511,21.191942,1.1142919e-09,1.275352e-09,4.1969153e-09,2.310715e-09,2.555663e-08,2.5582333e-08
21.104624,21.678497,1.3507071e-09,1.4097378e-09,4.990278e-09,4.163349e-09,2.6360489e-08,2.568921e-08
21.448036,21.582903,1.0806868e-09,1.115561e-09,3.5056362e-09,2.2762716e-09,2.4828557e-08,2.537156e-08
7.255689,10.428331,2.0501123e-08,1.5448194e-08,1.464672e-08,1.239643e-08,7.430111e-09,7.9296685e-09
7.3928504,10.2002125,2.0392283e-08,1.5441163e-08,1.3682789e-08,1.21970825e-08,8.9539185e-09,8.947922e-09
7.52481,9.967575,2.0443865e-08,1.5477791e-08,1.2717656e-08,1.19245245e-08,1.041614e-08,9.776368e-09
7.3830104,10.672556,2.207507e-08,1.6039737e-08,1.5322689e-08,1.28632385e-08,4.8768283e-09,6.5698025e-09
7.5227733,10.446697,2.1851063e-08,1.6015935e-08,1.4596154e-08,1.2981902e-08,6.1008825e-09,7.562074e-09
7.657334,10.216319,2.1777918e-08,1.6096362e-08,1.3724139e-08,1.2920856e-08,7.3990494e-09,8.426986e-09
7.652696,10.693181,2.3512985e-08,1.7049995e-08,1.5778316e-08,1.40382745e-08,4.2856354e-09,6.7708994e-09
7.789858,10.465063,2.3318766e-08,1.7078799e-08,1.5067014e-08,1.42260195e-08,5.2982405e-09,7.620456e-09
7.9223814,10.713807,2.5024159e-08,1.864335e-08,1.6821462e-08,1.591905e-08,4.1952424e-09,7.538691e-09
21.949673,19.762985,9.512832e-10,1.1805711e-09,3.2384604e-09,1.9814057e-09,2.8555618e-08,2.810493e-08
21.868174,20.114244,1.023352e-09,1.2836006e-09,3.8711945e-09,2.0370607e-09,2.8012684e-08,2.7377169e-08
21.771364,20.46125,1.0898932e-09,1.3498924e-09,4.3395367e-09,2.1308424e-09,2.726845e-08,2.666473e-08
21.596424,19.851046,1.2317911e-09,1.5421047e-09,4.956812e-09,3.5933476e-09,2.8948124e-08,2.8065685e-08
21.507269,20.20018,1.3350709e-09,1.6692493e-09,5.7990133e-09,3.7604697e-09,2.8620066e-08,2.7469374e-08
21.402803,20.545057,1.4160022e-09,1.7524499e-09,6.383189e-09,3.974941e-09,2.8137421e-08,2.6877943e-08
21.243174,19.939108,1.610765e-09,2.0464759e-09,7.0248953e-09,5.7536202e-09,2.9288508e-08,2.8142297e-08
21.146364,20.286114,1.7416032e-09,2.2093145e-09,7.9841245e-09,6.010773e-09,2.9097901e-08,2.763882e-08
20.889923,20.02717,2.0856905e-09,2.7255753e-09,9.16342e-09,8.116598e-09,2.9623621e-08,2.8285715e-08
8.279898,10.064376,2.4967683e-08,1.9162767e-08,1.5089865e-08,1.6367094e-08,6.313662e-09,8.64053e-09
8.028202,10.032109,2.3378657e-08,1.7442822e-08,1.376161e-08,1.4319366e-08,7.173817e-09,8.641754e-09
7.776506,9.999842,2.1858972e-08,1.6243812e-08,1.3000447e-08,1.2848579e-08,8.567644e-09,9.035637e-09
8.221829,9.7537365,2.4012937e-08,1.8171777e-08,1.3674686e-08,1.4863263e-08,7.901397e-09,8.747718e-09
7.9626966,9.7155905,2.2383936e-08,1.6717104e-08,1.2539069e-08,1.3046379e-08,9.598928e-09,9.35029e-09
7.703564,9.6774435,2.084636e-08,1.567297e-08,1.18760095e-08,1.1718882e-08,1.165524e-08,1.0274767e-08
8.163761,9.443097,2.318867e-08,1.7503435e-08,1.2815584e-08,1.3502032e-08,9.8627435e-09,9.055851e-09
7.8971915,9.399072,2.1542647e-08,1.6132505e-08,1.1689526e-08,1.1714959e-08,1.18946515e-08,1.0017545e-08
8.105693,9.132458,2.2366967e-08,1.6866265e-08,1.2167558e-08,1.1809297e-08,1.1157254e-08,9.106583e-09
21.218636,19.19501,1.5446956e-09,1.9493354e-09,5.620159e-09,6.5891146e-09,2.9279441e-08,2.8994604e-08
21.47775,19.062181,1.2845187e-09,1.5439207e-09,4.1731827e-09,4.9936357e-09,2.9082313e-08,2.9080452e-08
21.736866,18.929354,1.0851139e-09,1.2189776e-09,2.9853724e-09,3.6348673e-09,2.8950888e-08,2.9215183e-08
21.995981,18.796526,9.384995e-10,9.6541e-10,2.088786e-09,2.594837e-09,2.8872382e-08,2.9391016e-08
21.462315,19.384335,1.3131366e-09,1.627672e-09,4.8108113e-09,4.8074718e-09,2.9209861e-08,2.8781018e-08
21.733776,19.252008,1.0801314e-09,1.2836963e-09,3.4087e-09,3.344361e-09,2.9054771e-08,2.8915958e-08
22.005236,19.11968,9.0844754e-10,1.0166544e-09,2.334427e-09,2.236426e-09,2.8935949e-08,2.9124658e-08
21.705994,19.57366,1.1160136e-09,1.3756356e-09,4.014162e-09,3.2295446e-09,2.9026404e-08,2.8486102e-08
21.9898,19.441833,9.1422603e-10,1.09182e-09,2.730003e-09,2.0515285e-09,2.8847229e-08,2.8687609e-08
8.3881,8.8413105,2.3438645e-08,1.8087572e-08,1.3585659e-08,1.2113867e-08,9.446693e-09,7.6289846e-09
8.68257,8.5621195,2.4364263e-08,1.935803e-08,1.554417e-08,1.2370754e-08,7.7638855e-09,6.3903975e-09
8.989104,8.294884,2.5213678e-08,2.063431e-08,1.7764402e-08,1.27410305e-08,6.6740324e-09,5.714545e-09
8.472286,9.319877,2.4895694e-08,1.9317278e-08,1.4506803e-08,1.5386474e-08,8.409e-09,8.180466e-09
8.760725,9.034707,2.607325e-08,2.0948455e-08,1.6589816e-08,1.6363252e-08,7.47527e-09,7.2452697e-09
9.061227,8.761494,2.7046902e-08,2.2471704e-08,1.9014603e-08,1.6985023e-08,6.4182095e-09,6.5225114e-09
8.83888,9.507296,2.7429127e-08,2.25639e-08,1.777112e-08,1.9488075e-08,6.329006e-09,7.955746e-09
9.133349,9.228104,2.8576386e-08,2.4344914e-08,2.0263784e-08,2.0741032e-08,5.75973e-09,7.3004656e-09
9.205472,9.694715,2.9525879e-08,2.6739942e-08,2.2372067e-08,2.4144578e-08,6.0346195e-09,9.295078e-09
21.030516,18.234673,1.8022053e-09,2.2125293e-09,5.4012337e-09,9.195757e-09,2.8992853e-08,2.9139896e-08
21.340664,18.020031,1.5649613e-09,1.6440354e-09,4.0404533e-09,7.871377e-09,2.8725356e-08,2.914243e-08
21.650812,17.80539,1.4024847e-09,1.212398e-09,2.8369196e-09,6.660114e-09,2.8581702e-08,2.9172158e-08
21.960958,17.590748,1.3089732e-09,9.22764e-10,1.8977724e-09,5.3859606e-09,2.855968e-08,2.9256853e-08
21.352337,18.421957,1.452821e-09,1.6364707e-09,4.0178105e-09,6.7025e-09,2.87837e-08,2.9279503e-08
21.663538,18.207031,1.2564343e-09,1.2046864e-09,2.7870262e-09,5.3279336e-09,2.861434e-08,2.9351163e-08
21.97474,17.992105,1.1333543e-09,9.0105606e-10,1.8534773e-09,4.2264467e-09,2.8553394e-08,2.9432618e-08
21.67416,18.609241,1.1630584e-09,1.2345185e-09,2.9143432e-09,4.404585e-09,2.8786264e-08,2.935281e-08
21.986412,18.394032,1.0117929e-09,9.179122e-10,1.9083053e-09,3.2523764e-09,2.869554e-08,2.9508424e-08
10.384088,8.805652,2.9783726e-08,3.04609e-08,2.9609751e-08,2.698809e-08,5.0324975e-09,1.023349e-08
9.919093,8.635396,3.035917e-08,2.775996e-08,2.5981784e-08,2.2205441e-08,4.4470814e-09,7.3430306e-09
9.454099,8.465139,2.8146099e-08,2.4223729e-08,2.1933367e-08,1.7696403e-08,5.489544e-09,6.357847e-09
10.309112,8.309073,3.0584875e-08,2.8653664e-08,2.7447877e-08,2.2351623e-08,4.568218e-09,8.527274e-09
9.840928,8.135521,2.892593e-08,2.5645072e-08,2.4155957e-08,1.8239067e-08,5.53419e-09,7.012471e-09
9.3727455,7.961969,2.6258544e-08,2.2298723e-08,2.0464677e-08,1.3608505e-08,6.5067534e-09,5.56833e-09
10.234136,7.8124943,2.9720308e-08,2.7197942e-08,2.6029845e-08,1.9837648e-08,6.779373e-09,8.117884e-09
9.762763,7.635646,2.7546049e-08,2.437139e-08,2.2986915e-08,1.5722442e-08,7.849205e-09,5.6799765e-09
10.159159,7.3159156,2.9035034e-08,2.6658073e-08,2.5172529e-08,1.9441655e-08,1.0628698e-08,5.2731592e-09
20.744534,16.838081,2.459227e-09,3.7172985e-09,9.166365e-09,1.6101733e-08,2.9617901e-08,2.7876531e-08
21.124409,16.54849,2.3771396e-09,2.7272715e-09,6.448587e-09,1.3796863e-08,2.9505998e-08,2.8189467e-08
21.504282,16.2589,2.371224e-09,2.0366142e-09,4.297668e-09,1.1076068e-08,2.987916e-08,2.8709621e-08
21.884157,15.969309,2.437874e-09,1.6510586e-09,3.042672e-09,8.637706e-09,3.0348428e-08,2.9116942e-08
21.15001,17.08897,2.1078244e-09,2.2484088e-09,5.794365e-09,1.2651178e-08,2.9185477e-08,2.8299578e-08
21.531736,16.799046,2.0236295e-09,1.6189516e-09,3.7740637e-09,1.0348331e-08,2.9254535e-08,2.8634561e-08
21.913462,16.50912,2.0373987e-09,1.2538168e-09,2.5225653e-09,7.86931e-09,2.976662e-08,2.910193e-08
21.555485,17.339859,1.6895753e-09,1.3919546e-09,3.3635872e-09,8.907871e-09,2.8782702e-08,2.881814e-08
21.939062,17.0496,1.6348831e-09,1.0285596e-09,2.121714e-09,6.80847e-09,2.8979333e-08,2.9080168e-08
11.735447,7.8928814,2.1827006e-08,2.9985557e-08,3.0449e-08,2.9958734e-08,8.924866e-09,1.8149123e-08
11.210017,7.7005596,2.924161e-08,3.0366472e-08,2.9894412e-08,2.6284692e-08,7.265645e-09,1.1563452e-08
10.684588,7.5082374,3.048444e-08,2.8875595e-08,2.7790685e-08,2.2879993e-08,9.194572e-09,8.765723e-09
11.706556,7.3341937,2.6751728e-08,3.059593e-08,3.0402322e-08,2.8379578e-08,9.766315e-09,1.0389425e-08
11.176788,7.1363416,3.0420548e-08,3.0001363e-08,2.884784e-08,2.6093035e-08,1.2945929e-08,7.44677e-09
10.64702,6.9384894,3.044501e-08,2.8869167e-08,2.7245045e-08,2.4716405e-08,1.420675e-08,4.016281e-09
11.677667,6.7755055,2.8973346e-08,3.0458587e-08,2.905079e-08,2.7409733e-08,1.4765651e-08,5.6865783e-09
11.143559,6.5721235,3.007543e-08,3.001831e-08,2.8571336e-08,2.776502e-08,1.5014486e-08,3.0378524e-09
11.648776,6.216818,2.6677897e-08,3.043464e-08,2.9080756e-08,2.766789e-08,1.2668543e-08,2.866792e-09
20.375446,15.13151,2.876365e-09,9.096171e-09,1.3212326e-08,1.9090125e-08,3.038275e-08,2.79662e-08
20.834192,14.774809,2.8579479e-09,6.661152e-09,9.335673e-09,1.5569112e-08,3.0084664e-08,2.6636028e-08
21.29294,14.418108,2.740621e-09,4.93125e-09,6.609478e-09,1.2554636e-08,2.9942427e-08,2.5273332e-08
21.751688,14.061407,2.5415232e-09,4.1705324e-09,5.1655107e-09,9.9374295e-09,3.0036144e-08,2.4747747e-08
20.87835,15.410776,2.7912905e-09,5.4577276e-09,8.9111545e-09,1.5520369e-08,3.0211275e-08,2.808762e-08
21.339558,15.053933,2.8242375e-09,4.0525077e-09,6.110299e-09,1.2410449e-08,3.0290483e-08,2.751174e-08
21.800766,14.69709,2.7966685e-09,3.3695808e-09,4.584891e-09,9.749813e-09,3.038989e-08,2.6685237e-08
21.381254,15.6900425,2.6787836e-09,2.9814853e-09,5.3826468e-09,1.2100318e-08,3.0259642e-08,2.8564823e-08
21.844921,15.333057,2.7593168e-09,2.4014595e-09,3.775064e-09,9.273994e-09,3.0520468e-08,2.85001e-08
13.108899,6.8282256,9.954309e-09,2.9262019e-08,3.0215816e-08,3.032218e-08,1.29518165e-08,1.9037062e-08
12.622191,6.624423,2.0523057e-08,3.050649e-08,3.010498e-08,2.7498412e-08,1.081297e-08,8.1341955e-09
12.135484,6.4206204,2.6458046e-08,3.057259e-08,2.8609294e-08,2.624126e-08,1.4001669e-08,5.159927e-09
13.13929,6.2960696,1.613259e-08,3.039143e-08,2.9742614e-08,2.5276039e-08,9.2123305e-09,1.0654096e-08
12.648681,6.08608,2.2770143e-08,3.0600557e-08,2.8134052e-08,2.3016215e-08,1.1352617e-08,6.5213137e-09
12.1580715,5.87609,2.1084352e-08,3.0576018e-08,2.9012346e-08,2.4785875e-08,9.656818e-09,3.5470278e-09
13.169681,5.7639136,1.9056959e-08,3.0545337e-08,2.8324372e-08,2.1510626e-08,8.497841e-09,9.291609e-09
12.67517,5.5477366,1.6180664e-08,3.0575755e-08,2.8861914e-08,2.1904144e-08,7.50257e-09,5.1732196e-09
13.20007,5.2317576,1.3840263e-08,3.034105e-08,2.9062301e-08,2.282772e-08,6.280345e-09,7.346343e-09
20.136013,13.245154,2.5170042e-09,9.0465395e-09,1.27177415e-08,1.846254e-08,3.04626e-08,2.392187e-08
20.61495,12.870557,1.927857e-09,5.579331e-09,9.158665e-09,1.4265479e-08,3.013671e-08,2.2875453e-08
21.093887,12.495959,1.6596414e-09,4.0137142e-09,7.4388993e-09,1.1185722e-08,2.9821813e-08,2.3119558e-08
21.572824,12.121362,1.6828633e-09,3.5149452e-09,7.233658e-09,9.643491e-09,2.9588763e-08,2.4468704e-08
20.674572,13.517239,2.39275e-09,6.6998282e-09,9.114298e-09,1.5027618e-08,2.9881548e-08,2.3347582e-08
21.155918,13.142858,1.9753472e-09,4.677901e-09,6.6709074e-09,1.14957e-08,2.9629302e-08,2.308628e-08
21.637266,12.7684765,1.7752602e-09,4.0680814e-09,5.9888174e-09,9.306492e-09,2.9390598e-08,2.36735e-08
21.21313,13.789323,2.422054e-09,5.1703304e-09,6.699788e-09,1.22971135e-08,2.9641546e-08,2.3652278e-08
21.696888,13.415158,2.1214484e-09,4.39741e-09,5.428439e-09,9.62674e-09,2.9615427e-08,2.3717025e-08
14.317107,5.8203974,6.839149e-09,2.9156427e-08,3.046155e-08,2.820019e-08,9.049701e-09,2.2687734e-08
13.944762,5.624184,1.3657971e-08,3.0231234e-08,2.9357246e-08,2.468434e-08,6.7036123e-09,1.441439e-08
13.572416,5.427971,1.7075157e-08,3.0353185e-08,2.8883793e-08,2.3022944e-08,6.8805197e-09,1.1159767e-08
14.3862295,5.383748,1.3099867e-08,2.9995253e-08,2.9598471e-08,2.6113305e-08,7.553462e-09,1.7275754e-08
14.0114765,5.1829047,1.6685853e-08,3.0124443e-08,2.90616e-08,2.4512083e-08,6.76087e-09,1.2865321e-08
13.636724,4.982061,1.3746468e-08,3.0091584e-08,2.9264585e-08,2.4624377e-08,6.1836687e-09,8.91701e-09
14.455352,4.947099,1.695819e-08,2.981695e-08,2.8959462e-08,2.476686e-08,8.247079e-09,1.5281737e-08
14.078192,4.7416253,1.4506302e-08,2.9802008e-08,2.924677e-08,2.5200992e-08,7.081524e-09,1.0580178e-08
14.524474,4.51045,1.5292223e-08,2.911467e-08,2.9109378e-08,2.4567605e-08,8.433747e-09,1.3253891e-08
19.914343,11.324363,1.9674042e-09,5.016301e-09,1.4866294e-08,1.7050377e-08,3.0256718e-08,2.2135726e-08
20.393957,10.944744,2.1545303e-09,3.969315e-09,1.2422561e-08,1.37122225e-08,2.9946957e-08,2.2954962e-08
20.87357,10.565126,2.5302511e-09,3.1810594e-09,1.0688859e-08,1.1710979e-08,3.0037366e-08,2.4994147e-08
21.353184,10.185508,2.8913472e-09,2.4746243e-09,9.670383e-09,1.1352839e-08,3.0278656e-08,2.684953e-08
20.46717,11.590029,1.7135854e-09,4.021129e-09,1.1526718e-08,1.4224184e-08,3.0135766e-08,2.2452511e-08
20.949034,11.210986,1.9542898e-09,3.2608052e-09,9.887801e-09,1.16771135e-08,3.0010806e-08,2.4174604e-08
21.430899,10.8319435,2.3945859e-09,2.791175e-09,9.207261e-09,1.064214e-08,3.018945e-08,2.6510135e-08
21.019997,11.855695,1.6371737e-09,3.4931689e-09,8.821356e-09,1.1584979e-08,2.9984225e-08,2.3491086e-08
21.504112,11.477227,1.906615e-09,3.0667113e-09,8.436446e-09,1.0314688e-08,2.9939315e-08,2.559279e-08
15.385134,5.0795894,1.0402689e-08,2.7679203e-08,3.0581084e-08,2.9793432e-08,1.878039e-08,2.9354561e-08
15.098247,4.8898764,1.4836476e-08,2.8930891e-08,2.9920404e-08,2.6610252e-08,1.3424231e-08,2.4122548e-08
14.81136,4.700163,1.7091605e-08,2.9083626e-08,2.9024388e-08,2.4437366e-08,1.0197461e-08,1.8172136e-08
15.435968,4.7295804,1.4174849e-08,2.7364608e-08,3.0450288e-08,2.7719974e-08,1.7014779e-08,2.8282656e-08
15.147846,4.5371013,1.6733145e-08,2.7859276e-08,2.94597e-08,2.4593962e-08,1.1967114e-08,2.2172108e-08
14.859723,4.3446226,1.5626183e-08,2.8107001e-08,2.9130163e-08,2.381957e-08,9.070434e-09,1.6072907e-08
15.486804,4.379571,1.5956392e-08,2.5918162e-08,3.0099375e-08,2.5457194e-08,1.3531262e-08,2.6051051e-08
15.197445,4.1843266,1.5692189e-08,2.6746623e-08,2.9356942e-08,2.3381322e-08,9.291144e-09,1.9105917e-08
15.53764,4.029562,1.549232e-08,2.5402699e-08,2.9742417e-08,2.3627276e-08,9.49026e-09,2.1774127e-08
19.69707,9.42771,3.9236574e-09,4.965699e-09,1.5125318e-08,1.6174548e-08,2.9542152e-08,2.3520501e-08
20.163641,9.036551,3.4107206e-09,3.0367586e-09,1.1891427e-08,1.3495766e-08,2.9014569e-08,2.331303e-08
20.630213,8.645394,2.765369e-09,1.8888036e-09,8.631268e-09,1.1395182e-08,2.848006e-08,2.2959826e-08
21.096785,8.254236,2.124276e-09,1.4712075e-09,5.671612e-09,1.00953566e-08,2.827978e-08,2.2711987e-08
20.249107,9.680309,3.3651242e-09,3.706056e-09,1.310176e-08,1.4205168e-08,2.9677485e-08,2.4162757e-08
20.71776,9.290068,3.1393779e-09,2.3718574e-09,1.0601387e-08,1.271918e-08,2.9572918e-08,2.4700382e-08
21.186413,8.899827,2.7083946e-09,1.6205505e-09,8.122123e-09,1.21501555e-08,2.9388787e-08,2.4538398e-08
20.801146,9.932908,3.0384275e-09,2.8995437e-09,1.1090113e-08,1.2415311e-08,2.998896e-08,2.5391579e-08
21.27188,9.543584,3.0316367e-09,2.024633e-09,9.442626e-09,1.2287045e-08,3.0095997e-08,2.6242585e-08
16.19895,4.498567,1.0702575e-08,2.0864338e-08,2.8872549e-08,3.0592552e-08,2.4575062e-08,2.994455e-08
15.978513,4.342232,1.3298019e-08,2.2499375e-08,3.044165e-08,2.9136823e-08,1.9091395e-08,3.0443097e-08
15.758077,4.185897,1.5282296e-08,2.4007306e-08,3.0422324e-08,2.6094558e-08,1.3577526e-08,2.739765e-08
16.23409,4.23307,1.2192637e-08,2.0289137e-08,2.9771398e-08,3.0124525e-08,2.0541046e-08,3.0597374e-08
16.013304,4.075729,1.4420174e-08,2.2522196e-08,3.0598887e-08,2.7469655e-08,1.4642112e-08,2.8800487e-08
15.792516,3.9183877,1.5176154e-08,2.4645274e-08,3.0062e-08,2.437088e-08,9.864796e-09,2.34653e-08
16.269234,3.9675725,1.3480663e-08,2.1324132e-08,3.04715e-08,2.8882623e-08,1.583242e-08,2.9667625e-08
16.048096,3.8092253,1.4725416e-08,2.418665e-08,3.034493e-08,2.557403e-08,1.0501231e-08,2.496226e-08
16.304377,3.7020752,1.4163005e-08,2.3994994e-08,3.0540477e-08,2.7102823e-08,1.1418885e-08,2.6319363e-08
19.575577,7.634186,2.427096e-09,3.1027048e-09,5.6726623e-09,8.932652e-09,2.7182748e-08,2.1226608e-08
19.996593,7.266259,1.63425e-09,2.4528028e-09,3.151664e-09,6.2576353e-09,2.7062459e-08,2.1314682e-08
20.41761,6.898333,1.2200243e-09,2.5970468e-09,2.0440434e-09,4.9524918e-09,2.771221e-08,2.2021252e-08
20.838627,6.530407,1.1897525e-09,3.8327683e-09,2.029735e-09,5.2830873e-09,2.8953195e-08,2.3850022e-08
20.082645,7.8408694,2.2556752e-09,2.1609332e-09,5.3822937e-09,8.1719245e-09,2.6985179e-08,2.12431e-08
20.505426,7.473792,1.6005365e-09,1.8835387e-09,3.1360237e-09,6.0507976e-09,2.73615e-08,2.196708e-08
20.928207,7.1067147,1.2605094e-09,2.3539786e-09,2.230188e-09,5.2347686e-09,2.8723697e-08,2.3801334e-08
20.589716,8.047553,2.156884e-09,1.6808595e-09,5.571933e-09,8.6529015e-09,2.7406642e-08,2.1754927e-08
21.01426,7.6813245,1.610117e-09,1.6685527e-09,3.4682774e-09,7.2111295e-09,2.8047923e-08,2.2604375e-08
16.79997,4.0346837,9.6542205e-09,1.6412248e-08,2.6727244e-08,3.0180285e-08,2.3676009e-08,3.0068573e-08
16.634773,3.9238143,1.1446034e-08,1.8885455e-08,2.9078475e-08,3.055282e-08,1.974816e-08,3.059438e-08
16.469574,3.8129447,1.3095826e-08,2.1514655e-08,3.039688e-08,2.9389625e-08,1.5415132e-08,2.9503209e-08
16.818436,3.8296149,1.0890777e-08,1.8628047e-08,2.8557613e-08,3.0584822e-08,2.0210873e-08,3.0600503e-08
16.6556,3.723436,1.2533484e-08,2.1438584e-08,3.016281e-08,3.0053993e-08,1.6096969e-08,2.9794199e-08
16.492764,3.617257,1.3718616e-08,2.4064983e-08,3.0597644e-08,2.8213304e-08,1.2137957e-08,2.7100425e-08
16.836899,3.6245458,1.2091199e-08,2.1694545e-08,2.9937265e-08,3.0428566e-08,1.6571395e-08,2.9938157e-08
16.676426,3.5230577,1.3315534e-08,2.4343471e-08,3.058796e-08,2.9119368e-08,1.2754861e-08,2.76247e-08
16.855364,3.4194767,1.2984764e-08,2.4722993e-08,3.053209e-08,2.978656e-08,1.328038e-08,2.7975878e-08
20.389711,6.4216404,1.1321809e-09,3.729924e-09,1.9730417e-09,5.3747535e-09,2.7564813e-08,2.0539193e-08
19.940796,6.312874,1.1411444e-09,4.187634e-09,2.4126474e-09,6.372446e-09,2.6719796e-08,1.7847581e-08
19.49188,6.2041073,1.2424389e-09,5.2704836e-09,3.3350693e-09,8.06558e-09,2.6621002e-08,1.6222161e-08
20.759354,6.0818777,1.4120551e-09,5.6781673e-09,2.457692e-09,6.7180785e-09,2.8905013e-08,2.2640217e-08
20.298195,5.97862,1.2987289e-09,5.282306e-09,2.4094875e-09,6.760003e-09,2.7602802e-08,1.856141e-08
19.837036,5.875362,1.3053326e-09,5.724878e-09,2.9005356e-09,7.817347e-09,2.7051211e-08,1.5965153e-08
20.655594,5.644366,1.9503825e-09,7.975594e-09,3.1951337e-09,8.617755e-09,2.9325134e-08,2.1880457e-08
20.182192,5.5466166,1.7312705e-09,7.2529778e-09,3.0679599e-09,8.209406e-09,2.8369154e-08,1.8210207e-08
20.527346,5.2178707,2.62264e-09,1.0054108e-08,3.7620724e-09,9.209959e-09,2.9757791e-08,2.200282e-08
17.209309,3.7255743,9.23879e-09,1.7116207e-08,2.6448891e-08,2.948826e-08,2.2682437e-08,3.0403402e-08
17.091326,3.6235418,1.06484395e-08,1.9769848e-08,2.8497876e-08,3.042995e-08,1.9703029e-08,3.057365e-08
16.973345,3.5215092,1.19605295e-08,2.2384107e-08,2.989866e-08,3.053713e-08,1.6465671e-08,2.9855702e-08
17.255184,3.5544796,1.0193382e-08,1.961401e-08,2.796179e-08,3.00814e-08,2.0419108e-08,3.059914e-08
17.133492,3.4441493,1.1590196e-08,2.2400886e-08,2.9579905e-08,3.0597462e-08,1.7181343e-08,3.0070257e-08
17.011799,3.3338192,1.2698517e-08,2.4823896e-08,3.041357e-08,3.023762e-08,1.3932061e-08,2.8384369e-08
17.30106,3.383385,1.1106009e-08,2.1946395e-08,2.902211e-08,3.0430304e-08,1.8288928e-08,3.0344925e-08
17.175655,3.264757,1.2327624e-08,2.4453382e-08,3.0129385e-08,3.0543248e-08,1.502018e-08,2.9025628e-08
17.346935,3.2122903,1.1850611e-08,2.3605551e-08,2.9579677e-08,3.057242e-08,1.6492868e-08,2.9730224e-08
20.056915,4.3068156,1.3622703e-09,4.4501522e-09,3.2041299e-09,4.4839883e-09,3.0063884e-08,2.1441258e-08
20.243841,4.595356,2.0746154e-09,7.0639485e-09,3.2728795e-09,5.731914e-09,2.9879452e-08,2.1834573e-08
20.400652,4.899041,2.6729685e-09,9.73617e-09,3.6519363e-09,7.838086e-09,2.9850426e-08,2.206492e-08
19.845276,4.564518,1.6779845e-09,5.7460907e-09,3.272678e-09,5.192197e-09,2.9629623e-08,2.0098165e-08
20.017143,4.8606305,2.1453501e-09,8.168197e-09,3.3799619e-09,6.7637673e-09,2.9305662e-08,1.9828855e-08
20.158895,5.171888,2.2115563e-09,8.879277e-09,3.4520737e-09,8.210393e-09,2.9087076e-08,1.947228e-08
19.633636,4.82222,1.985658e-09,7.492551e-09,3.7005434e-09,6.834568e-09,2.9054409e-08,1.8345963e-08
19.790445,5.125905,2.0512076e-09,8.480326e-09,3.6187142e-09,8.216046e-09,2.8606706e-08,1.7618481e-08
19.421997,5.0799217,2.1374402e-09,8.591537e-09,4.194836e-09,8.913272e-09,2.84727e-08,1.662263e-08
17.5509,3.1726913,1.1146207e-08,2.2069884e-08,2.8528845e-08,3.016393e-08,1.853188e-08,3.0364856e-08
17.75932,3.1534662,1.0260849e-08,2.0025436e-08,2.70272e-08,2.9266932e-08,2.0729662e-08,3.060054e-08
17.972195,3.154615,9.161821e-09,1.7554669e-08,2.5107864e-08,2.7881088e-08,2.2920425e-08,3.0364976e-08
17.462072,3.3866837,1.023979e-08,2.0469363e-08,2.7907916e-08,2.982888e-08,2.01981e-08,3.058933e-08
17.668264,3.3572717,9.345922e-09,1.8864837e-08,2.6485743e-08,2.878166e-08,2.1974378e-08,3.0530973e-08
17.878912,3.3482335,8.280939e-09,1.673545e-08,2.4630982e-08,2.7246056e-08,2.3792587e-08,3.0171055e-08
17.57721,3.5610769,8.358067e-09,1.6689699e-08,2.5161226e-08,2.7989374e-08,2.366509e-08,3.0224932e-08
17.78563,3.5418518,7.396248e-09,1.5044481e-08,2.3414133e-08,2.631753e-08,2.5048807e-08,2.9779498e-08
17.692347,3.7354703,6.6482446e-09,1.3120953e-08,2.1725928e-08,2.523819e-08,2.6469438e-08,2.9115576e-08
19.219221,4.3620634,1.6289828e-09,4.616439e-09,4.81217e-09,6.2477117e-09,3.023067e-08,2.020923e-08
19.296764,4.139089,1.3567065e-09,3.6911207e-09,5.013206e-09,6.0732206e-09,3.051186e-08,2.1350635e-08
19.37431,3.9161146,1.2214794e-09,3.35703e-09,5.5987477e-09,6.713954e-09,3.0599768e-08,2.2167672e-08
19.451853,3.69314,1.2194158e-09,3.4292884e-09,6.542714e-09,8.173637e-09,3.057454e-08,2.2583157e-08
19.498453,4.3436475,1.392672e-09,4.203263e-09,3.9251273e-09,5.1658997e-09,3.0108463e-08,2.0258712e-08
19.586876,4.111452,1.1249193e-09,3.3598686e-09,4.1213233e-09,5.0618123e-09,3.0418725e-08,2.1169333e-08
19.675299,3.8792565,9.808696e-10,3.1139487e-09,4.689485e-09,5.782253e-09,3.0558038e-08,2.1674335e-08
19.777683,4.3252316,1.3026107e-09,4.132555e-09,3.3911363e-09,4.5785735e-09,3.0041985e-08,2.0659638e-08
19.876986,4.083815,1.0312742e-09,3.3840795e-09,3.6425944e-09,4.5848334e-09,3.0335734e-08,2.1318664e-08
18.234148,3.7173858,4.4016977e-09,9.105067e-09,1.6513729e-08,1.9286134e-08,2.8628417e-08,2.7363402e-08
18.14683,3.5297954,5.6892895e-09,1.171807e-08,1.9854891e-08,2.269469e-08,2.709e-08,2.865146e-08
18.059513,3.3422053,7.3584445e-09,1.4785907e-08,2.2873657e-08,2.5687177e-08,2.514386e-08,2.967311e-08
18.398155,3.5802855,4.3120214e-09,8.963512e-09,1.6527347e-08,1.9167153e-08,2.8453602e-08,2.7438535e-08
18.312643,3.3804789,5.787348e-09,1.1602415e-08,1.9772123e-08,2.2710774e-08,2.6994803e-08,2.8602258e-08
18.227133,3.1806722,7.60249e-09,1.42962415e-08,2.2384752e-08,2.5609877e-08,2.5275298e-08,2.9542171e-08
18.56216,3.4431856,4.2614996e-09,8.654401e-09,1.6342579e-08,1.917116e-08,2.844757e-08,2.7289285e-08
18.478456,3.2311623,5.8987237e-09,1.1056689e-08,1.9301803e-08,2.271818e-08,2.7188822e-08,2.832968e-08
18.726168,3.3060856,4.236438e-09,8.171653e-09,1.5943225e-08,1.926969e-08,2.8640583e-08,2.6904775e-08
18.722815,4.023205,2.2854505e-09,5.146438e-09,8.954115e-09,1.0674618e-08,3.0483434e-08,2.357226e-08
18.723932,3.7841651,2.5557674e-09,5.6130394e-09,1.0975299e-08,1.2904263e-08,3.001244e-08,2.5064482e-08
18.72505,3.5451252,3.1891128e-09,6.729496e-09,1.3493685e-08,1.5974921e-08,2.9334176e-08,2.6164116e-08
18.965826,3.9131832,1.830678e-09,4.3304134e-09,7.958523e-09,9.390888e-09,3.049511e-08,2.343494e-08
18.975128,3.6627398,2.1241366e-09,4.8420934e-09,9.962134e-09,1.1919335e-08,3.0130767e-08,2.457961e-08
18.98443,3.4122963,2.763837e-09,5.794556e-09,1.23023005e-08,1.523217e-08,2.9702335e-08,2.5308974e-08
19.20884,3.8031616,1.478657e-09,3.75204e-09,7.137097e-09,8.551281e-09,3.0529893e-08,2.3097543e-08
19.226324,3.5413144,1.7763003e-09,4.2701047e-09,9.079686e-09,1.1388161e-08,3.0311604e-08,2.3825567e-08
2.469741,38.285583,6.29918e-09,8.955989e-09,1.2614187e-08,1.4909881e-08,3.0362088e-08,2.1740735e-08
2.2262757,38.362083,7.856673e-09,1.03495115e-08,1.3660651e-08,1.5742033e-08,3.0382107e-08,2.129902e-08
2.3779764,38.113075,6.7460126e-09,1.0600271e-08,1.3728587e-08,1.5279953e-08,3.048574e-08,2.2652836e-08
6.904751,38.831184,4.4616346e-09,6.4433276e-09,1.7954802e-08,1.7329295e-08,3.0298146e-08,2.3843974e-08
6.916184,39.08385,4.7832227e-09,5.9769643e-09,1.8190754e-08,1.7549638e-08,2.9988957e-08,2.2904457e-08
6.6763687,38.898514,4.6355066e-09,7.3754878e-09,1.9882517e-08,1.8968908e-08,3.042636e-08,2.4877451e-08
7.556132,38.234528,3.4220462e-09,4.389277e-09,9.256561e-09,9.864044e-09,2.951686e-08,2.069247e-08
7.7329273,38.49615,3.6836019e-09,3.3248069e-09,7.2819186e-09,7.723662e-09,2.8638874e-08,1.9397467e-08
7.9097223,38.757774,4.05777e-09,2.4879334e-09,5.542908e-09,5.879483e-09,2.7311831e-08,1.7973576e-08
7.4151325,38.41097,3.6581924e-09,4.552577e-09,1.08638485e-08,1.1235686e-08,2.968181e-08,2.135114e-08
7.5919275,38.672592,3.9606136e-09,3.5283654e-09,8.93906e-09,9.313216e-09,2.8803944e-08,1.9821929e-08
7.2741327,38.58741,3.943779e-09,4.91321e-09,1.2923781e-08,1.3024866e-08,2.9867547e-08,2.1998607e-08
8.00834,38.16859,3.2929066e-09,3.3673133e-09,5.429511e-09,6.0386984e-09,2.8652423e-08,1.847915e-08
7.959031,38.463184,3.618096e-09,2.8052345e-09,5.256986e-09,5.639789e-09,2.7996274e-08,1.8350335e-08
7.782236,38.201557,3.3455527e-09,3.804115e-09,7.120227e-09,7.775177e-09,2.9046852e-08,1.953513e-08
8.652727,38.03514,3.121072e-09,2.7670122e-09,2.8689089e-09,3.3420657e-09,2.8391845e-08,1.5269789e-08
8.641633,38.268723,3.357942e-09,2.2353528e-09,2.2928195e-09,2.4726072e-09,2.762516e-08,1.5078436e-08
8.443585,38.08538,3.193374e-09,2.8930975e-09,3.4069605e-09,3.8924157e-09,2.8365449e-08,1.634357e-08
2.7449021,38.28141,5.0014566e-09,7.1813555e-09,1.1222853e-08,1.4074231e-08,3.031287e-08,2.1859503e-08
2.6531377,38.1089,5.3451594e-09,8.716371e-09,1.2204168e-08,1.43488394e-08,3.04232e-08,2.2662283e-08
2.5613732,37.93639,5.6498797e-09,1.0285692e-08,1.3197175e-08,1.4625507e-08,3.050053e-08,2.3360085e-08
2.9282987,38.104725,4.3581547e-09,7.1192607e-09,1.0887067e-08,1.3657225e-08,3.0372757e-08,2.2712722e-08
2.8365343,37.932213,4.5891526e-09,8.622325e-09,1.1787835e-08,1.387454e-08,3.0440255e-08,2.3314117e-08
3.1116955,37.92804,3.879593e-09,7.2423565e-09,1.0653367e-08,1.3406318e-08,3.037709e-08,2.3271118e-08
2.829591,38.54756,4.621056e-09,5.415995e-09,1.0032421e-08,1.3716963e-08,3.006169e-08,2.0398533e-08
3.0976768,38.637028,3.7685908e-09,3.9986214e-09,8.900583e-09,1.3160529e-08,2.999002e-08,2.0203101e-08
2.767633,38.809284,4.6887734e-09,4.658373e-09,9.356073e-09,1.3410935e-08,2.9638692e-08,1.8572198e-08
3.1963844,38.19419,3.7078416e-09,5.4082814e-09,9.637682e-09,1.3218189e-08,3.029695e-08,2.2443901e-08
3.2810733,38.460342,3.469781e-09,4.0216013e-09,8.816331e-09,1.3067834e-08,3.01623e-08,2.138459e-08
3.0129879,38.370876,4.099076e-09,5.341189e-09,9.8345385e-09,1.3451618e-08,3.0227117e-08,2.1573616e-08
3.6309772,38.81343,2.8410494e-09,2.6538127e-09,7.885659e-09,1.2840542e-08,2.99348e-08,2.0176666e-08
3.8961918,38.900364,2.6601927e-09,2.5321336e-09,8.0504545e-09,1.3118885e-08,2.9922305e-08,2.0345407e-08
3.58838,39.144276,2.672093e-09,2.3200908e-09,7.3953488e-09,1.235276e-08,2.9530836e-08,1.8200392e-08
6.091953,38.886612,4.6155533e-09,8.401276e-09,2.0374287e-08,2.0065906e-08,3.0509074e-08,2.6471668e-08
5.926299,39.201023,4.5249986e-09,7.654151e-09,1.974631e-08,1.9711363e-08,3.01279e-08,2.513447e-08
5.735919,38.807377,4.3600275e-09,7.704339e-09,1.8423046e-08,1.942219e-08,3.0479846e-08,2.6569404e-08
4.567566,38.900913,2.913097e-09,3.4666434e-09,1.0409925e-08,1.5094846e-08,3.0016068e-08,2.2352117e-08
4.973726,38.81453,3.4265515e-09,4.7435473e-09,1.2833788e-08,1.6711061e-08,3.0176874e-08,2.4268974e-08
4.6861305,39.235847,2.8164693e-09,3.6747945e-09,1.1239028e-08,1.5484789e-08,2.9786179e-08,2.1193078e-08
2.8099315,37.40873,4.2797472e-09,1.13066285e-08,1.3311574e-08,1.4247791e-08,3.050902e-08,2.4395879e-08
2.9105196,37.581833,4.1781822e-09,1.01750794e-08,1.2468427e-08,1.3923371e-08,3.0467405e-08,2.4080823e-08
3.0111074,37.754936,4.044033e-09,8.757873e-09,1.1557707e-08,1.3639138e-08,3.042438e-08,2.3708123e-08
2.6353583,37.586006,5.0008326e-09,1.1516377e-08,1.3664759e-08,1.4471219e-08,3.0536146e-08,2.4253728e-08
2.7359464,37.75911,4.813312e-09,1.0162541e-08,1.2747637e-08,1.4149592e-08,3.0493734e-08,2.3827752e-08
2.4607852,37.763287,5.9520486e-09,1.1808754e-08,1.4208183e-08,1.495874e-08,3.0553824e-08,2.3949783e-08
3.009824,37.357628,3.8187564e-09,1.07347615e-08,1.2810554e-08,1.4104362e-08,3.0459027e-08,2.4297988e-08
3.2097166,37.306522,3.5216525e-09,1.0346652e-08,1.2553712e-08,1.4179666e-08,3.040701e-08,2.4205203e-08
3.409609,37.25542,3.3616014e-09,1.0134082e-08,1.25352235e-08,1.4464469e-08,3.0359676e-08,2.4146086e-08
3.1104121,37.53073,3.754512e-09,9.613707e-09,1.1966866e-08,1.3795212e-08,3.041397e-08,2.4025525e-08
3.3103044,37.479626,3.4866525e-09,9.238149e-09,1.1707798e-08,1.3883066e-08,3.035847e-08,2.3979974e-08
3.211,37.703835,3.66181e-09,8.211005e-09,1.1066076e-08,1.3519553e-08,3.037276e-08,2.3715614e-08
2.2363627,37.672127,7.0564083e-09,1.3654043e-08,1.5748046e-08,1.5832908e-08,3.0595913e-08,2.4337874e-08
1.959266,37.681355,9.073436e-09,1.5663515e-08,1.757566e-08,1.7198099e-08,3.0581607e-08,2.459923e-08
2.1865134,37.403687,6.829399e-09,1.45036845e-08,1.6392674e-08,1.6093415e-08,3.059933e-08,2.4899252e-08
2.585509,37.31757,4.8322444e-09,1.2455598e-08,1.4389051e-08,1.4774905e-08,3.0567126e-08,2.4681052e-08
2.4109359,37.494846,5.8059e-09,1.3037275e-08,1.4999587e-08,1.518392e-08,3.058465e-08,2.4570175e-08
2.3610866,37.226406,5.5577885e-09,1.3530013e-08,1.551832e-08,1.548779e-08,3.059917e-08,2.496175e-08
7.567591,37.990646,3.2240746e-09,5.046267e-09,9.522273e-09,1.0445188e-08,2.9731508e-08,2.077068e-08
7.57905,37.74677,3.1106544e-09,5.9831664e-09,1.0219047e-08,1.1582106e-08,2.9924912e-08,2.0805953e-08
7.5905094,37.50289,3.083232e-09,7.159547e-09,1.1284767e-08,1.3197817e-08,3.0101113e-08,2.0896234e-08
7.793695,37.95768,3.1626453e-09,4.537844e-09,7.703964e-09,8.6991605e-09,2.942429e-08,1.968926e-08
7.8051543,37.713802,3.0650888e-09,5.5231384e-09,8.718175e-09,1.021687e-08,2.97507e-08,1.9845727e-08
8.019799,37.924713,3.1195484e-09,4.132985e-09,6.2107834e-09,7.2104767e-09,2.91902e-08,1.8660415e-08
6.9578114,38.47685,3.9619406e-09,6.4416827e-09,1.6253761e-08,1.6049439e-08,3.040822e-08,2.4180506e-08
6.729429,38.544178,4.1799026e-09,7.3670816e-09,1.8403053e-08,1.7938401e-08,3.053557e-08,2.5378167e-08
6.5010467,38.61151,4.3748334e-09,8.097821e-09,1.9757056e-08,1.9221465e-08,3.05779e-08,2.6266873e-08
6.7824893,38.189842,3.7532333e-09,7.30502e-09,1.658575e-08,1.6795662e-08,3.053894e-08,2.5230673e-08
6.5541067,38.257175,3.970444e-09,7.9218845e-09,1.8017479e-08,1.8174656e-08,3.0589582e-08,2.6301255e-08
6.6071672,37.90284,3.6363703e-09,8.108714e-09,1.645922e-08,1.7396054e-08,3.0566653e-08,2.571996e-08
6.145013,38.532276,4.4023687e-09,8.450578e-09,1.9513308e-08,1.9730985e-08,3.0595853e-08,2.7228815e-08
5.788979,38.45304,4.324088e-09,7.837183e-09,1.7793688e-08,1.9326041e-08,3.058352e-08,2.7424464e-08
6.1980734,38.17794,4.1088994e-09,8.347952e-09,1.811403e-08,1.9038234e-08,3.0600297e-08,2.7311255e-08
7.2398105,38.123962,3.4337042e-09,5.758556e-09,1.2548109e-08,1.3104267e-08,3.015899e-08,2.257701e-08
6.9234886,38.0134,3.5102878e-09,7.094289e-09,1.5100133e-08,1.568561e-08,3.046557e-08,2.4339284e-08
7.2512693,37.880085,3.2599965e-09,6.41453e-09,1.247997e-08,1.3444973e-08,3.020104e-08,2.2420746e-08
6.934948,37.769524,3.3545224e-09,7.702966e-09,1.4685478e-08,1.5781387e-08,3.04401e-08,2.3939393e-08
7.2627287,37.636208,3.1691174e-09,7.380379e-09,1.2825348e-08,1.4266964e-08,3.0241356e-08,2.2210306e-08
7.0988107,38.300407,3.6753136e-09,5.998886e-09,1.4269138e-08,1.4451673e-08,3.029957e-08,2.3424132e-08
8.735597,37.785393,2.9335558e-09,3.3079555e-09,3.6079235e-09,4.6331268e-09,2.8942754e-08,1.5479431e-08
8.526455,37.835636,3.0121026e-09,3.5101344e-09,4.082397e-09,5.057443e-09,2.8981745e-08,1.62907e-08
8.317313,37.88588,3.0704566e-09,3.699997e-09,4.728841e-09,5.6772147e-09,2.9006198e-08,1.7248263e-08
8.6093235,37.585888,2.9030418e-09,4.1290535e-09,5.119531e-09,6.8907555e-09,2.9391504e-08,1.6658278e-08
8.400182,37.63613,2.9667868e-09,4.4309734e-09,5.709922e-09,7.3735387e-09,2.9456023e-08,1.7343428e-08
8.483051,37.386383,2.9348963e-09,5.0905933e-09,6.9426633e-09,9.539505e-09,2.974212e-08,1.7826675e-08
8.185537,37.42522,3.0038914e-09,5.819336e-09,8.219397e-09,1.0668486e-08,2.987728e-08,1.8760359e-08
8.102668,37.674965,3.0213174e-09,4.95927e-09,7.0252266e-09,8.632041e-09,2.9583214e-08,1.8593438e-08
7.8880234,37.464054,3.044376e-09,6.5105614e-09,9.684611e-09,1.18870735e-08,2.9985042e-08,1.9827798e-08
9.016615,37.8087,2.839581e-09,2.8007967e-09,2.7690736e-09,3.6184489e-09,2.865328e-08,1.4368089e-08
9.171361,37.632504,2.670393e-09,2.8528295e-09,3.1340501e-09,4.446688e-09,2.8813819e-08,1.4895239e-08
9.213886,37.90933,2.8142662e-09,2.3389595e-09,2.044175e-09,2.59951e-09,2.8235831e-08,1.3310957e-08
8.890343,37.609196,2.8031246e-09,3.45784e-09,4.005763e-09,5.5536895e-09,2.912681e-08,1.5665277e-08
8.76407,37.40969,2.8265406e-09,4.2372075e-09,5.5616884e-09,7.947625e-09,2.9513194e-08,1.6949677e-08
9.045089,37.433,2.6867228e-09,3.4736456e-09,4.423847e-09,6.514167e-09,2.9257041e-08,1.6280664e-08
7.954517,36.817905,3.4302832e-09,8.704218e-09,1.2314425e-08,1.6315422e-08,3.0366678e-08,2.1131605e-08
8.130695,37.007397,3.2073642e-09,7.542738e-09,1.0924818e-08,1.463988e-08,3.0225817e-08,2.0162458e-08
8.306873,37.19689,3.0418095e-09,6.2883547e-09,9.04042e-09,1.2309883e-08,3.002344e-08,1.9050878e-08
7.833181,37.046234,3.2404597e-09,8.575712e-09,1.23479245e-08,1.5690297e-08,3.030915e-08,2.0839895e-08
8.009359,37.235725,3.0941423e-09,7.19072e-09,1.0457341e-08,1.3446007e-08,3.013507e-08,1.9862929e-08
7.711845,37.274563,3.1219074e-09,7.993755e-09,1.1848599e-08,1.4446907e-08,3.021123e-08,2.0747006e-08
4.186655,38.584507,2.8775011e-09,3.046299e-09,8.7325125e-09,1.3884585e-08,3.010869e-08,2.2390095e-08
4.2119036,38.181717,3.1444978e-09,3.9535153e-09,9.102704e-09,1.4155769e-08,3.0187483e-08,2.3615007e-08
4.237152,37.778927,3.3839462e-09,5.8663923e-09,1.0393575e-08,1.4918497e-08,3.020962e-08,2.4342945e-08
4.5928144,38.498123,3.2087177e-09,3.8195043e-09,1.0219527e-08,1.521511e-08,3.019429e-08,2.3927726e-08
4.6180634,38.095333,3.4945358e-09,4.7712607e-09,1.0559686e-08,1.5580756e-08,3.027259e-08,2.4953872e-08
4.9989743,38.41174,3.693349e-09,5.086435e-09,1.2451255e-08,1.6797753e-08,3.0360823e-08,2.5639476e-08
3.9214404,38.497574,2.8961558e-09,3.0619163e-09,8.287707e-09,1.33242635e-08,3.0131204e-08,2.2103672e-08
3.6562257,38.410637,3.0458964e-09,3.4278942e-09,8.33059e-09,1.3040822e-08,3.0171545e-08,2.200584e-08
3.946689,38.09478,3.1175502e-09,4.2577835e-09,8.903044e-09,1.36119995e-08,3.0196947e-08,2.3286058e-08
3.6854568,37.429924,3.3151952e-09,8.718681e-09,1.1631283e-08,1.44713646e-08,3.0269263e-08,2.3997076e-08
3.9613044,37.604424,3.324831e-09,7.1415003e-09,1.0839915e-08,1.461036e-08,3.021514e-08,2.4053728e-08
3.5861523,37.65413,3.3180108e-09,7.3781723e-09,1.057785e-08,1.37650416e-08,3.027275e-08,2.373496e-08
3.862,37.82863,3.2285215e-09,5.723655e-09,9.733147e-09,1.38512775e-08,3.0215425e-08,2.3664224e-08
3.4868476,37.878334,3.3547163e-09,6.162562e-09,9.811978e-09,1.3311284e-08,3.0288238e-08,2.336075e-08
3.5715368,38.144485,3.221592e-09,4.5247863e-09,8.90323e-09,1.3109018e-08,3.024519e-08,2.2774202e-08
5.493349,37.52784,4.082506e-09,8.826696e-09,1.5104638e-08,1.8726524e-08,3.0517416e-08,2.6794206e-08
5.455528,37.92794,4.1302943e-09,7.414364e-09,1.4895468e-08,1.841338e-08,3.0550094e-08,2.7285115e-08
5.4177065,38.32804,4.116486e-09,6.663587e-09,1.5143282e-08,1.8304087e-08,3.0529062e-08,2.7038885e-08
5.074617,37.611534,4.032897e-09,7.834327e-09,1.3679857e-08,1.7906778e-08,3.043141e-08,2.6406905e-08
5.0367956,38.011635,3.9060835e-09,6.0443783e-09,1.2692504e-08,1.7177046e-08,3.042965e-08,2.6368035e-08
4.6558847,37.69523,3.738781e-09,6.7261943e-09,1.1919316e-08,1.6491203e-08,3.0301653e-08,2.5442226e-08
5.864622,37.65284,3.9823727e-09,8.8314405e-09,1.6024531e-08,1.8804627e-08,3.057232e-08,2.7015723e-08
6.2358947,37.77784,3.8169903e-09,8.709035e-09,1.6692699e-08,1.8454418e-08,3.058745e-08,2.6701553e-08
5.826801,38.05294,4.1637973e-09,8.038134e-09,1.6744583e-08,1.8981819e-08,3.0594823e-08,2.760131e-08
2.8643565,37.152718,3.9082173e-09,1.1591792e-08,1.3703388e-08,1.45029695e-08,3.0522912e-08,2.4609097e-08
2.639934,37.061558,4.310757e-09,1.2240237e-08,1.4479189e-08,1.4901472e-08,3.0578786e-08,2.4881608e-08
2.4155116,36.970398,4.864242e-09,1.2860328e-08,1.5318353e-08,1.5494305e-08,3.0600443e-08,2.5149866e-08
2.9187815,36.89671,3.5789938e-09,1.1337129e-08,1.4030697e-08,1.4836905e-08,3.0549938e-08,2.4759665e-08
2.694359,36.80555,3.852752e-09,1.1572963e-08,1.4521216e-08,1.509436e-08,3.059379e-08,2.5041043e-08
2.9732065,36.6407,3.307971e-09,1.0752093e-08,1.4313724e-08,1.5183355e-08,3.0580203e-08,2.4891305e-08
3.2641416,37.050514,3.3618386e-09,1.088916e-08,1.3356053e-08,1.4741607e-08,3.0439203e-08,2.436686e-08
3.064249,37.101616,3.561419e-09,1.11537e-08,1.3415621e-08,1.4517617e-08,3.0480123e-08,2.4479819e-08
3.118674,36.845608,3.3406913e-09,1.1016386e-08,1.392285e-08,1.4974276e-08,3.0519224e-08,2.4613792e-08
3.5695508,37.070248,3.2995386e-09,1.0573615e-08,1.3274502e-08,1.5192786e-08,3.036586e-08,2.422373e-08
3.4240832,36.86534,3.2494352e-09,1.08639115e-08,1.3859885e-08,1.5344902e-08,3.04526e-08,2.438022e-08
3.2786157,36.660435,3.1829044e-09,1.0671064e-08,1.4234952e-08,1.5435438e-08,3.0532068e-08,2.458762e-08
3.7294927,36.885075,3.3325156e-09,1.0838217e-08,1.4004653e-08,1.5984913e-08,3.0398205e-08,2.4281512e-08
3.5840251,36.680164,3.245639e-09,1.0740997e-08,1.4345641e-08,1.5976546e-08,3.0482802e-08,2.4372948e-08
3.8894343,36.699898,3.4401961e-09,1.0855754e-08,1.4536279e-08,1.6683924e-08,3.0446408e-08,2.4288381e-08
3.8453984,37.244747,3.3661973e-09,9.67637e-09,1.2671319e-08,1.5377383e-08,3.027825e-08,2.4193128e-08
4.00534,37.059574,3.4832142e-09,1.0467544e-08,1.37026435e-08,1.6341266e-08,3.031691e-08,2.4345223e-08
4.1212463,37.41925,3.464637e-09,8.395025e-09,1.2056805e-08,1.561415e-08,3.0232272e-08,2.4397874e-08
2.1317706,36.72754,5.541435e-09,1.3158165e-08,1.636866e-08,1.6630088e-08,3.049397e-08,2.562008e-08
1.8107922,36.662827,7.2464044e-09,1.4544422e-08,1.7976078e-08,1.8313353e-08,3.014638e-08,2.6063718e-08
2.126877,36.31983,4.681396e-09,1.1387133e-08,1.606036e-08,1.6853491e-08,3.0250145e-08,2.6122738e-08
2.6894655,36.397842,3.4067034e-09,1.0420148e-08,1.48314285e-08,1.553516e-08,3.0586797e-08,2.5396353e-08
2.410618,36.56269,4.184161e-09,1.1462285e-08,1.525818e-08,1.5812883e-08,3.055677e-08,2.5529028e-08
2.4057245,36.154984,3.6305365e-09,1.0241298e-08,1.546636e-08,1.6222012e-08,3.0403594e-08,2.5996108e-08
7.4313593,37.235474,3.180891e-09,9.010673e-09,1.3365871e-08,1.5797536e-08,3.0306776e-08,2.162704e-08
7.1035786,37.36879,3.2182617e-09,9.080862e-09,1.4240941e-08,1.620471e-08,3.0357565e-08,2.2641384e-08
6.775798,37.50211,3.3597862e-09,9.026321e-09,1.5234296e-08,1.6966807e-08,3.0465444e-08,2.4110912e-08
7.272209,36.96806,3.376343e-09,1.05685185e-08,1.461117e-08,1.75633e-08,3.0424292e-08,2.2216494e-08
6.9444284,37.101376,3.3544225e-09,1.0597406e-08,1.502367e-08,1.7581145e-08,3.0415805e-08,2.2868964e-08
7.113059,36.700645,3.6604262e-09,1.13977565e-08,1.493541e-08,1.8458884e-08,3.0502736e-08,2.2658611e-08
7.674031,36.77882,3.525959e-09,9.871111e-09,1.3629574e-08,1.7440899e-08,3.044479e-08,2.1791108e-08
7.552695,37.007145,3.3098495e-09,9.680738e-09,1.3700741e-08,1.6813827e-08,3.0383493e-08,2.1605839e-08
7.393545,36.73973,3.5986578e-09,1.0804852e-08,1.4520238e-08,1.8136742e-08,3.048656e-08,2.2311564e-08
6.1432843,36.79898,3.8061154e-09,1.120346e-08,1.47258925e-08,1.8483043e-08,3.0448657e-08,2.3749303e-08
6.4665422,36.7662,3.7031331e-09,1.1483297e-08,1.4857621e-08,1.839748e-08,3.046123e-08,2.3247447e-08
6.7898006,36.73342,3.656626e-09,1.1607001e-08,1.5004012e-08,1.843096e-08,3.0483164e-08,2.2899828e-08
6.2979116,37.16693,3.6249679e-09,1.0578919e-08,1.5511231e-08,1.8416397e-08,3.0474745e-08,2.4652948e-08
6.62117,37.134155,3.461954e-09,1.069447e-08,1.5352482e-08,1.7998849e-08,3.04455e-08,2.3728019e-08
6.4525394,37.534885,3.563917e-09,9.247064e-09,1.596589e-08,1.7918053e-08,3.0536494e-08,2.5410863e-08
5.7099943,37.284885,3.974288e-09,9.934945e-09,1.545492e-08,1.8919676e-08,3.049859e-08,2.6081612e-08
5.926639,37.04193,3.853101e-09,1.0752602e-08,1.5230109e-08,1.8773731e-08,3.0460786e-08,2.4932875e-08
6.081267,37.409885,3.779326e-09,9.7003525e-09,1.5885881e-08,1.8636984e-08,3.053571e-08,2.6000555e-08
9.81252,37.297577,2.1884967e-09,1.9976651e-09,2.8265792e-09,4.216132e-09,2.8693668e-08,1.5491429e-08
9.539433,37.224537,2.3673206e-09,2.6056097e-09,3.7774326e-09,5.7496425e-09,2.9196936e-08,1.6797756e-08
9.752758,36.99277,2.286324e-09,2.3870332e-09,3.8284402e-09,5.5803158e-09,2.9379224e-08,1.7359913e-08
10.432796,36.44113,2.4155133e-09,1.8680106e-09,3.5102692e-09,4.317451e-09,2.8037487e-08,1.4096037e-08
10.516331,36.68796,2.0636506e-09,1.4755214e-09,2.650474e-09,3.0086253e-09,2.702474e-08,1.2693468e-08
10.19944,36.601067,2.3388955e-09,2.010353e-09,3.582357e-09,4.6296256e-09,2.8923827e-08,1.5806785e-08
11.125719,35.975292,2.3799591e-09,1.5078098e-09,3.6125976e-09,3.889144e-09,2.4837442e-08,1.0098723e-08
11.19525,36.1908,1.9358195e-09,1.1415907e-09,2.514412e-09,2.4140485e-09,2.3276783e-08,9.240991e-09
10.895935,36.128242,2.482141e-09,1.648429e-09,3.5963648e-09,4.0565036e-09,2.5648223e-08,1.1069936e-08
9.176317,37.121666,2.6273594e-09,3.6226637e-09,5.3399076e-09,8.095391e-09,2.958582e-08,1.79533e-08
9.026527,36.78703,2.9095386e-09,4.4671027e-09,6.7507915e-09,1.0061201e-08,2.996019e-08,1.9791827e-08
8.876737,36.452393,3.3941248e-09,5.1798428e-09,7.4142714e-09,1.1138206e-08,3.016714e-08,2.1102172e-08
9.389643,36.8899,2.579998e-09,3.3156384e-09,5.202572e-09,7.760324e-09,2.9766207e-08,1.89146e-08
9.239853,36.555264,2.9888039e-09,4.0178785e-09,6.1183756e-09,9.113698e-09,3.0074634e-08,2.0492541e-08
9.602968,36.658134,2.6226605e-09,3.034435e-09,4.9314375e-09,7.143565e-09,2.990522e-08,1.9339145e-08
8.61428,37.075054,2.9779803e-09,5.5012386e-09,8.014189e-09,1.1552822e-08,2.9935386e-08,1.885137e-08
8.745508,36.76372,3.123164e-09,5.4706666e-09,8.05738e-09,1.18494965e-08,3.0063525e-08,2.0093658e-08
8.895298,37.098362,2.8133855e-09,4.497247e-09,6.57528e-09,9.784832e-09,2.9757098e-08,1.8356198e-08
8.261924,36.696068,3.4659624e-09,7.519586e-09,1.0671956e-08,1.4961612e-08,3.029135e-08,2.0920597e-08
8.56933,36.57423,3.446976e-09,6.2769314e-09,8.909055e-09,1.3045444e-08,3.0206188e-08,2.0943256e-08
8.438102,36.88556,3.1911145e-09,6.5415984e-09,9.540662e-09,1.3523112e-08,3.0140708e-08,1.9957055e-08
7.9026313,36.514034,3.8466075e-09,9.107002e-09,1.2391581e-08,1.6912454e-08,3.0456576e-08,2.1980705e-08
7.850745,36.210167,4.386192e-09,9.038069e-09,1.2110323e-08,1.7034694e-08,3.0513036e-08,2.2557124e-08
7.7988596,35.906296,4.9978923e-09,9.023525e-09,1.2501068e-08,1.7624417e-08,3.0554645e-08,2.279212e-08
8.210038,36.392197,3.9225703e-09,7.759227e-09,1.0539714e-08,1.5161987e-08,3.0379482e-08,2.1813374e-08
8.158152,36.08833,4.5017075e-09,7.809329e-09,1.0472164e-08,1.5377848e-08,3.0437715e-08,2.2319728e-08
8.517445,36.27036,3.944098e-09,6.487514e-09,8.814962e-09,1.3219993e-08,3.0298313e-08,2.1751644e-08
7.622145,36.47495,3.9601336e-09,1.0134034e-08,1.35621745e-08,1.7995642e-08,3.052144e-08,2.2458067e-08
7.341659,36.43586,4.032881e-09,1.0858935e-08,1.4332721e-08,1.8637236e-08,3.0556027e-08,2.28037e-08
7.5702596,36.171078,4.5040918e-09,9.880225e-09,1.3321805e-08,1.823659e-08,3.0568597e-08,2.290798e-08
10.7353735,35.540413,4.19177e-09,3.4140053e-09,8.046377e-09,1.0148261e-08,2.8309586e-08,1.3752368e-08
10.942083,35.634388,3.4886192e-09,2.5821063e-09,6.4380377e-09,7.709431e-09,2.7185484e-08,1.2060502e-08
11.148793,35.728363,2.8146554e-09,1.8816853e-09,4.881006e-09,5.455047e-09,2.58861e-08,1.0607461e-08
10.712299,35.78734,3.5478782e-09,2.69483e-09,6.254026e-09,8.010076e-09,2.7813122e-08,1.3289921e-08
10.919009,35.881317,2.9467362e-09,2.048377e-09,4.872623e-09,5.7921588e-09,2.6429367e-08,1.1555033e-08
10.689225,36.034267,2.9585596e-09,2.1497175e-09,4.6784967e-09,5.854712e-09,2.730576e-08,1.2843267e-08
11.697981,35.557556,2.0177167e-09,1.0776241e-09,3.324712e-09,3.2174483e-09,2.4770706e-08,8.826061e-09
11.770319,35.785885,1.5434423e-09,7.774544e-10,2.3201372e-09,2.1278859e-09,2.316544e-08,8.167439e-09
11.526742,35.68995,2.102841e-09,1.206177e-09,3.46811e-09,3.454552e-09,2.4571678e-08,9.094242e-09
11.31114,35.289803,3.339753e-09,2.3469502e-09,6.1959065e-09,6.6673302e-09,2.7109152e-08,1.0920207e-08
11.497167,35.334923,2.8195322e-09,1.763455e-09,5.012312e-09,5.1454436e-09,2.6419858e-08,1.0011459e-08
11.683193,35.380043,2.358773e-09,1.3042489e-09,3.973857e-09,3.903564e-09,2.5722535e-08,9.2478105e-09
11.325928,35.467316,2.9524825e-09,1.9644766e-09,5.4191824e-09,5.7914464e-09,2.635963e-08,1.0412158e-08
11.511954,35.512436,2.4529474e-09,1.465608e-09,4.28451e-09,4.3509694e-09,2.5562812e-08,9.545984e-09
11.340715,35.64483,2.5641476e-09,1.6193115e-09,4.4692308e-09,4.7264965e-09,2.5485958e-08,9.912336e-09
11.119218,35.37334,3.6617809e-09,2.75874e-09,7.0292008e-09,7.941216e-09,2.7395505e-08,1.169142e-08
11.134006,35.550854,3.2348346e-09,2.290697e-09,6.0119283e-09,6.7889028e-09,2.6695457e-08,1.1146678e-08
10.927296,35.456875,3.962756e-09,3.1299578e-09,7.680409e-09,9.162373e-09,2.7800054e-08,1.2629898e-08
5.352923,37.148125,4.095256e-09,1.0231714e-08,1.5074267e-08,1.8924013e-08,3.0441328e-08,2.57511e-08
4.9341908,37.23182,4.0546873e-09,9.755476e-09,1.4444916e-08,1.835065e-08,3.037813e-08,2.5649124e-08
4.515458,37.315517,3.7875405e-09,9.12622e-09,1.334381e-08,1.7131415e-08,3.029029e-08,2.5066354e-08
5.2124968,36.76841,4.1602566e-09,1.0723791e-08,1.4648234e-08,1.8738527e-08,3.043447e-08,2.4575064e-08
4.7937646,36.852104,4.084391e-09,1.0850455e-08,1.4834523e-08,1.850378e-08,3.040164e-08,2.4771392e-08
5.0720706,36.388695,4.2424895e-09,9.75504e-09,1.3739437e-08,1.8026682e-08,3.0521807e-08,2.3576133e-08
5.786213,36.66222,4.014079e-09,1.0762415e-08,1.4211085e-08,1.843536e-08,3.045733e-08,2.3759702e-08
5.569568,36.90517,4.044686e-09,1.0781685e-08,1.4883763e-08,1.8859598e-08,3.0438972e-08,2.4838533e-08
5.4291415,36.525455,4.175896e-09,1.0208005e-08,1.384298e-08,1.8271791e-08,3.0483427e-08,2.3666173e-08
4.2836466,36.596165,3.8001993e-09,1.0753509e-08,1.47558055e-08,1.7635893e-08,3.0466293e-08,2.4239288e-08
4.6778584,36.49243,4.106514e-09,1.0328105e-08,1.4422462e-08,1.8085695e-08,3.0495066e-08,2.4033124e-08
4.3995523,36.95584,3.814085e-09,1.0773752e-08,1.4502441e-08,1.7653727e-08,3.0352346e-08,2.4639684e-08
3.1952772,36.230217,3.015262e-09,1.0013204e-08,1.4945869e-08,1.586227e-08,3.05987e-08,2.4892385e-08
2.9115365,35.98736,2.952778e-09,9.873971e-09,1.5438953e-08,1.608124e-08,3.0570824e-08,2.5426905e-08
2.6277955,35.7445,3.0118021e-09,9.888045e-09,1.5884545e-08,1.6675445e-08,3.04195e-08,2.6070602e-08
3.4173481,35.819736,3.0657537e-09,1.032903e-08,1.575066e-08,1.670163e-08,3.0598773e-08,2.4730213e-08
3.1336071,35.576878,2.9296927e-09,1.0689303e-08,1.622888e-08,1.7073118e-08,3.05725e-08,2.5257261e-08
3.639419,35.409252,3.3683227e-09,1.1526224e-08,1.633739e-08,1.7773742e-08,3.059001e-08,2.448999e-08
3.8060958,36.269684,3.3834708e-09,1.0205988e-08,1.490436e-08,1.6736735e-08,3.0566003e-08,2.4256481e-08
3.5006866,36.24995,3.1377354e-09,1.013179e-08,1.4952073e-08,1.6243005e-08,3.0582996e-08,2.4536204e-08
3.7227576,35.83947,3.3349206e-09,1.0291915e-08,1.5505485e-08,1.6943535e-08,3.0600557e-08,2.4306775e-08
4.200308,36.16595,3.7894448e-09,9.896474e-09,1.4629117e-08,1.7275617e-08,3.057574e-08,2.3892879e-08
4.1169696,35.735733,3.7746295e-09,1.007766e-08,1.5142236e-08,1.7369041e-08,3.0598915e-08,2.3807289e-08
4.59452,36.062214,4.1340025e-09,9.26339e-09,1.39784335e-08,1.7463805e-08,3.0590765e-08,2.3428989e-08
2.1066384,35.429092,3.5768197e-09,9.790165e-09,1.594514e-08,1.8100375e-08,2.9541702e-08,2.7380423e-08
1.7197245,35.309116,4.4981983e-09,9.831204e-09,1.588334e-08,1.9320673e-08,2.7899308e-08,2.8428037e-08
2.0912933,34.946056,3.5055148e-09,9.932498e-09,1.5096058e-08,1.9060222e-08,2.959433e-08,2.7712408e-08
2.6124504,35.261467,2.9780116e-09,1.0571199e-08,1.6098005e-08,1.7923682e-08,3.0379347e-08,2.6382105e-08
2.5971053,34.778435,3.2368834e-09,1.1327781e-08,1.5503518e-08,1.9001387e-08,3.0465102e-08,2.6463686e-08
3.118262,35.09384,3.1175498e-09,1.2100645e-08,1.651396e-08,1.8372258e-08,3.057247e-08,2.5390099e-08
6.2391143,36.357613,4.093273e-09,1.0507696e-08,1.3880339e-08,1.8247484e-08,3.0552442e-08,2.2842164e-08
6.3349447,35.916245,4.605842e-09,9.4841e-09,1.4683746e-08,1.9370601e-08,3.057596e-08,2.2913023e-08
6.4307747,35.474876,5.2101266e-09,1.0199122e-08,1.7953536e-08,2.2430264e-08,3.0254146e-08,2.3359792e-08
6.5623727,36.324833,4.129207e-09,1.0860063e-08,1.4327656e-08,1.8626045e-08,3.0574917e-08,2.291563e-08
6.6582026,35.883465,4.78758e-09,9.972073e-09,1.5265526e-08,2.003928e-08,3.056888e-08,2.3183699e-08
6.885631,36.292053,4.2158192e-09,1.10021885e-08,1.4600775e-08,1.8970443e-08,3.0587064e-08,2.3049383e-08
7.114231,36.02727,4.719073e-09,1.0387402e-08,1.4650274e-08,1.9513077e-08,3.060044e-08,2.3250424e-08
6.886803,35.618683,5.323534e-09,1.04045395e-08,1.6883988e-08,2.164187e-08,3.049235e-08,2.335706e-08
7.342831,35.76249,5.2714584e-09,1.0093995e-08,1.49866e-08,2.001076e-08,3.0597942e-08,2.3199672e-08
5.8820434,36.22085,4.2381476e-09,9.508922e-09,1.3331685e-08,1.7942229e-08,3.0575915e-08,2.2713975e-08
5.524972,36.08409,4.3414508e-09,8.7398355e-09,1.3107537e-08,1.771221e-08,3.0595285e-08,2.2661368e-08
5.9778733,35.779484,4.6254924e-09,8.7884775e-09,1.4697146e-08,1.9287693e-08,3.0524593e-08,2.2740608e-08
10.399228,36.080475,3.1593828e-09,2.5245188e-09,5.113325e-09,6.9062396e-09,2.8749048e-08,1.5239921e-08
10.165873,36.24041,2.9520821e-09,2.5709972e-09,4.781193e-09,6.6091985e-09,2.9421809e-08,1.6961039e-08
9.932516,36.400345,2.7753453e-09,2.6967852e-09,4.6782187e-09,6.577486e-09,2.9798718e-08,1.8404453e-08
10.132305,35.87975,3.933729e-09,3.4510026e-09,6.800067e-09,9.899702e-09,2.9781289e-08,1.7895736e-08
9.898949,36.03969,3.5890533e-09,3.3783265e-09,6.0580447e-09,9.022947e-09,3.0055528e-08,1.9287993e-08
9.865381,35.679028,4.7512505e-09,4.5185886e-09,8.451789e-09,1.2627131e-08,3.0234688e-08,1.992087e-08
10.445376,35.586617,4.57923e-09,3.9504764e-09,8.6642515e-09,1.1718337e-08,2.9246472e-08,1.5927386e-08
10.422302,35.833546,3.8243426e-09,3.1208147e-09,6.6987793e-09,9.2310835e-09,2.8993437e-08,1.5578967e-08
10.155379,35.632824,4.748397e-09,4.299082e-09,8.738939e-09,1.2506135e-08,2.9902985e-08,1.8121503e-08
9.569401,36.297474,3.1659815e-09,3.4979994e-09,5.6069966e-09,8.36305e-09,3.015535e-08,2.0434713e-08
9.206285,36.194603,3.5951e-09,4.402554e-09,6.508517e-09,1.0019503e-08,3.0239377e-08,2.1398282e-08
9.535833,35.936817,4.040365e-09,4.1719908e-09,6.8449433e-09,1.0617187e-08,3.0297972e-08,2.1046644e-08
10.370044,35.0308,6.161174e-09,6.628304e-09,1.1730407e-08,1.5430686e-08,2.998918e-08,1.7612154e-08
10.49182,35.20067,5.602627e-09,5.5188103e-09,1.1014243e-08,1.4195716e-08,2.9603823e-08,1.6402943e-08
10.613597,35.37054,4.922528e-09,4.4109747e-09,9.7206465e-09,1.2397481e-08,2.9056826e-08,1.5097958e-08
10.201823,35.246876,5.968623e-09,6.1073933e-09,1.1614494e-08,1.563768e-08,3.0082724e-08,1.840498e-08
10.3236,35.416748,5.301466e-09,4.9726436e-09,1.0301081e-08,1.3922449e-08,2.9744298e-08,1.7235427e-08
10.033603,35.46295,5.4369007e-09,5.2764557e-09,1.0258281e-08,1.4544432e-08,3.0170884e-08,1.9193395e-08
9.4909115,35.520184,5.394266e-09,5.655991e-09,9.630397e-09,1.4420858e-08,3.0417095e-08,2.141714e-08
9.161364,35.777973,4.6499657e-09,5.206291e-09,7.957694e-09,1.2424305e-08,3.0354038e-08,2.1812648e-08
8.831815,36.03576,4.183084e-09,5.5307727e-09,7.709227e-09,1.19721335e-08,3.028968e-08,2.1875415e-08
9.116441,35.36134,5.910027e-09,6.963291e-09,1.093948e-08,1.5832821e-08,3.0462218e-08,2.1887669e-08
8.786893,35.619125,5.23377e-09,6.4765673e-09,9.524314e-09,1.4345452e-08,3.038532e-08,2.1999009e-08
8.741971,35.20249,6.306378e-09,8.63285e-09,1.2776983e-08,1.741105e-08,3.0509167e-08,2.1906668e-08
8.11323,35.671696,5.3858e-09,8.3234735e-09,1.182928e-08,1.683606e-08,3.0502633e-08,2.2401874e-08
8.427601,35.437096,5.793774e-09,8.163616e-09,1.1966417e-08,1.6770493e-08,3.047459e-08,2.2045628e-08
8.472523,35.85373,4.816959e-09,6.8218333e-09,9.400947e-09,1.4212967e-08,3.0377834e-08,2.2153934e-08
7.6674805,34.800606,6.7467525e-09,1.47205e-08,2.0290084e-08,2.3717114e-08,3.037001e-08,2.2705375e-08
8.025644,34.934566,6.699032e-09,1.2632724e-08,1.7681856e-08,2.14794e-08,3.0587852e-08,2.21813e-08
8.383807,35.06853,6.54784e-09,1.0511444e-08,1.502195e-08,1.9256678e-08,3.0577198e-08,2.1933213e-08
7.7112737,35.16917,6.3238375e-09,1.1814556e-08,1.7722328e-08,2.1818135e-08,3.0582743e-08,2.2548248e-08
8.069437,35.30313,6.1264855e-09,9.955438e-09,1.4725265e-08,1.9244062e-08,3.0574963e-08,2.2214651e-08
7.7550664,35.537735,5.724084e-09,9.779881e-09,1.4545446e-08,1.941406e-08,3.0592794e-08,2.2701474e-08
7.255245,35.025364,6.3278582e-09,1.3652272e-08,2.0782897e-08,2.4464878e-08,3.0262935e-08,2.3170443e-08
7.2990384,35.393925,5.880866e-09,1.1205187e-08,1.7747182e-08,2.2229061e-08,3.0529776e-08,2.311232e-08
6.84301,35.25012,5.7987766e-09,1.19914e-08,2.0030253e-08,2.4153199e-08,3.017907e-08,2.3486406e-08
11.1897745,35.145824,3.906258e-09,3.0393548e-09,7.252837e-09,8.112729e-09,2.7906937e-08,1.1891951e-08
10.997852,35.229362,4.2785624e-09,3.5550016e-09,8.295146e-09,9.6565e-09,2.819895e-08,1.2781e-08
10.80593,35.312897,4.6122106e-09,3.9965586e-09,9.108082e-09,1.1099403e-08,2.8577333e-08,1.3830199e-08
11.068408,35.00185,4.427909e-09,3.79251e-09,8.020303e-09,9.413465e-09,2.857351e-08,1.2935761e-08
10.876486,35.085384,4.853521e-09,4.426095e-09,9.250273e-09,1.1153887e-08,2.8854913e-08,1.3926912e-08
10.947042,34.857872,4.85982e-09,4.533225e-09,8.425288e-09,1.0497957e-08,2.9118311e-08,1.4026858e-08
10.562376,34.973156,5.808203e-09,6.070412e-09,1.0869101e-08,1.4039464e-08,2.9715034e-08,1.6369494e-08
10.754709,34.915512,5.3564913e-09,5.3434395e-09,9.722702e-09,1.2329719e-08,2.9413172e-08,1.515407e-08
10.684154,35.14303,5.272742e-09,5.042511e-09,1.02848245e-08,1.2823384e-08,2.9231664e-08,1.5118587e-08
12.021764,35.23914,2.0435889e-09,9.181623e-10,2.997893e-09,2.8096672e-09,2.5546893e-08,8.568532e-09
12.174309,35.053116,2.1079019e-09,8.79666e-10,2.7571778e-09,2.6194351e-09,2.5997483e-08,8.5641405e-09
12.240745,35.328617,1.624164e-09,6.259981e-10,2.23471e-09,2.0123738e-09,2.4569232e-08,7.892513e-09
11.782619,35.206116,2.4796916e-09,1.3195224e-09,3.9479398e-09,3.8645163e-09,2.6256481e-08,9.3035295e-09
11.696021,34.98707,2.9652363e-09,1.7370241e-09,4.5171875e-09,4.696917e-09,2.7270442e-08,1.00632755e-08
11.609422,34.768017,3.3269956e-09,2.1362414e-09,4.701552e-09,5.385647e-09,2.8081509e-08,1.0873284e-08
11.935164,35.020092,2.5025586e-09,1.2344435e-09,3.5398113e-09,3.5075172e-09,2.6653215e-08,9.241369e-09
11.848566,34.80104,2.8749072e-09,1.5645142e-09,3.8132866e-09,4.144134e-09,2.7553966e-08,9.963248e-09
12.087709,34.834064,2.4736388e-09,1.1432734e-09,3.0660074e-09,3.1738878e-09,2.6982518e-08,9.217729e-09
11.410567,35.115875,3.3977559e-09,2.348202e-09,5.947472e-09,6.3547825e-09,2.7460782e-08,1.0891277e-08
11.5099945,34.941948,3.39754e-09,2.2738524e-09,5.394967e-09,5.8809424e-09,2.7788731e-08,1.0875318e-08
11.596594,35.160995,2.9123344e-09,1.7712536e-09,4.886458e-09,4.987458e-09,2.686873e-08,1.003223e-08
11.289202,34.971897,3.8812797e-09,2.9683311e-09,6.6419212e-09,7.498141e-09,2.8159809e-08,1.18111085e-08
11.167835,34.82792,4.289325e-09,3.5957262e-09,7.0479196e-09,8.518737e-09,2.8744608e-08,1.2797371e-08
11.388628,34.79797,3.773812e-09,2.7862466e-09,5.7835527e-09,6.7918764e-09,2.8401656e-08,1.1747153e-08
4.1356826,35.120667,4.0195007e-09,1.2293698e-08,1.6790146e-08,1.9038149e-08,3.0534185e-08,2.4127838e-08
4.6319466,34.83208,4.5911137e-09,1.3256632e-08,1.8449255e-08,2.1298431e-08,3.018713e-08,2.4508967e-08
5.12821,34.543495,5.1261146e-09,1.5441165e-08,2.1116346e-08,2.4398922e-08,2.924939e-08,2.5403168e-08
4.613233,35.447147,4.2736397e-09,9.875224e-09,1.5393763e-08,1.8384187e-08,3.0519534e-08,2.3395119e-08
5.109497,35.15856,4.661058e-09,1.05545706e-08,1.7544059e-08,2.0943217e-08,3.0095865e-08,2.373636e-08
5.0907836,35.77363,4.408599e-09,8.434826e-09,1.3787633e-08,1.7821613e-08,3.0577393e-08,2.2779101e-08
5.9965863,35.164413,5.1879665e-09,1.1118803e-08,1.9875818e-08,2.3871678e-08,2.9665538e-08,2.3794879e-08
5.543685,35.46902,4.6899693e-09,8.918339e-09,1.6042272e-08,2.012319e-08,3.02899e-08,2.3008052e-08
5.5623984,34.853954,5.1266977e-09,1.303654e-08,2.0873843e-08,2.453359e-08,2.9188651e-08,2.464146e-08
3.6506188,33.613445,4.968896e-09,1.45534615e-08,1.8823076e-08,2.0814921e-08,3.0581084e-08,2.492592e-08
3.6468854,34.212048,4.4053365e-09,1.4978221e-08,1.7735323e-08,2.0441371e-08,3.058587e-08,2.4946633e-08
3.6431522,34.81065,3.7709733e-09,1.37869565e-08,1.7075823e-08,1.9402693e-08,3.058281e-08,2.4720576e-08
3.1257286,33.89664,4.4278514e-09,1.2887418e-08,1.6426753e-08,1.9765125e-08,3.059775e-08,2.5263859e-08
3.1219954,34.495243,3.6828485e-09,1.3259456e-08,1.6228684e-08,1.9492377e-08,3.0598013e-08,2.5366866e-08
2.6008384,34.179832,3.9323154e-09,1.1505614e-08,1.4983126e-08,1.9548061e-08,3.0580534e-08,2.6321292e-08
4.6356797,34.23348,5.1312585e-09,1.7134683e-08,2.0850685e-08,2.3450966e-08,2.9833657e-08,2.5610143e-08
4.1394157,34.522064,4.491522e-09,1.5177713e-08,1.8456237e-08,2.1030507e-08,3.044501e-08,2.4851667e-08
4.1431494,33.923462,5.0813105e-09,1.6868407e-08,2.016696e-08,2.2166924e-08,3.0362347e-08,2.5309674e-08
2.1061075,33.88475,4.6239506e-09,1.0144686e-08,1.4450691e-08,2.0079812e-08,3.0363328e-08,2.7628504e-08
1.662228,33.660183,5.684019e-09,9.815379e-09,1.507956e-08,2.1413426e-08,2.9455576e-08,2.9045589e-08
2.1362667,33.306477,5.567152e-09,9.671881e-09,1.5493805e-08,2.0179275e-08,3.051386e-08,2.769225e-08
2.661157,33.023285,5.2687605e-09,9.691197e-09,1.6304428e-08,1.9438493e-08,3.0599498e-08,2.6012854e-08
3.1558878,33.318367,4.951256e-09,1.1666968e-08,1.720371e-08,1.9752013e-08,3.059699e-08,2.5026413e-08
2.6309977,33.60156,4.7495035e-09,1.0771249e-08,1.5414564e-08,1.9520796e-08,3.0600326e-08,2.6161436e-08
6.5456195,34.873512,5.9238423e-09,1.46109995e-08,2.27278e-08,2.6314721e-08,2.9239132e-08,2.4189243e-08
6.111431,34.563053,5.802254e-09,1.6825828e-08,2.3580146e-08,2.7035865e-08,2.8198304e-08,2.52768e-08
5.677243,34.25259,5.7516543e-09,1.8906903e-08,2.3797028e-08,2.6890033e-08,2.7880139e-08,2.6169756e-08
6.6604643,34.27215,6.507195e-09,2.0018929e-08,2.4805761e-08,2.7569508e-08,2.7742031e-08,2.5411437e-08
6.226276,33.96169,6.3974643e-09,2.197173e-08,2.568383e-08,2.7896983e-08,2.681907e-08,2.6522455e-08
6.775309,33.670784,7.032566e-09,2.3263262e-08,2.6793257e-08,2.8139944e-08,2.6362693e-08,2.6615925e-08
7.37009,34.424,6.9069843e-09,1.8237603e-08,2.2993317e-08,2.5898204e-08,2.9349833e-08,2.3820203e-08
6.9578547,34.648754,6.4612378e-09,1.6956117e-08,2.336082e-08,2.655784e-08,2.9220567e-08,2.4084907e-08
7.0726995,34.047394,6.983657e-09,2.1101448e-08,2.5061714e-08,2.7281297e-08,2.7734469e-08,2.5329806e-08
9.677385,34.587376,7.192469e-09,9.925154e-09,1.2512402e-08,1.7976074e-08,3.0587092e-08,2.1455778e-08
9.740051,34.95126,6.9753043e-09,8.584305e-09,1.2994176e-08,1.7853154e-08,3.0515924e-08,2.1048422e-08
9.802716,35.315144,6.04654e-09,6.394469e-09,1.1408217e-08,1.61187e-08,3.039521e-08,2.0549557e-08
9.365581,34.792416,7.2157134e-09,1.0046247e-08,1.3553129e-08,1.8489235e-08,3.0586456e-08,2.1888495e-08
9.4282465,35.1563,6.5379346e-09,7.790319e-09,1.2354146e-08,1.7230537e-08,3.051426e-08,2.1663693e-08
9.053776,34.997456,6.820781e-09,9.371634e-09,1.3472482e-08,1.811571e-08,3.055931e-08,2.1944766e-08
10.139157,34.88299,6.7088886e-09,7.910602e-09,1.2247431e-08,1.6729443e-08,3.0340196e-08,1.9305999e-08
9.970937,35.099068,6.568148e-09,7.3820376e-09,1.25087505e-08,1.7042874e-08,3.0377716e-08,1.9968056e-08
9.908272,34.735184,7.03996e-09,8.99985e-09,1.2397883e-08,1.7489173e-08,3.0515196e-08,2.0590713e-08
10.403185,34.839054,6.247897e-09,7.0452457e-09,1.1188462e-08,1.5118347e-08,3.008348e-08,1.7721185e-08
10.436325,34.647305,6.087255e-09,7.0237625e-09,1.0072376e-08,1.4388047e-08,3.0168422e-08,1.7820062e-08
10.469466,34.45556,5.7129808e-09,6.597705e-09,8.79525e-09,1.3508948e-08,3.0242422e-08,1.7905785e-08
10.595517,34.78141,5.7920877e-09,6.2591785e-09,1.0040263e-08,1.3505531e-08,2.9852806e-08,1.6527311e-08
10.628658,34.589664,5.5560725e-09,6.060533e-09,8.824638e-09,1.269642e-08,2.997403e-08,1.6671436e-08
10.78785,34.723766,5.2729687e-09,5.361324e-09,8.7477225e-09,1.1708208e-08,2.9603523e-08,1.5357546e-08
10.205439,34.4995,6.3704944e-09,7.907647e-09,1.0207738e-08,1.5467124e-08,3.0434325e-08,1.9387288e-08
10.172298,34.691246,6.663286e-09,8.156713e-09,1.139627e-08,1.623674e-08,3.039079e-08,1.9350718e-08
9.941412,34.543438,6.882411e-09,9.043216e-09,1.1468361e-08,1.698006e-08,3.0543433e-08,2.060672e-08
9.307089,34.32158,7.2045454e-09,1.1349873e-08,1.3315555e-08,1.8860788e-08,3.057748e-08,2.2225857e-08
8.995284,34.52662,7.3282664e-09,1.210485e-08,1.4718885e-08,1.9442101e-08,3.0588687e-08,2.220437e-08
8.683479,34.731655,7.109672e-09,1.2013415e-08,1.5544016e-08,1.9723455e-08,3.0600127e-08,2.202246e-08
8.936793,34.055782,7.1915656e-09,1.3131687e-08,1.5607469e-08,2.0548587e-08,3.0372018e-08,2.2754548e-08
8.624989,34.26082,7.3461996e-09,1.438299e-08,1.7048007e-08,2.1166677e-08,3.03949e-08,2.258757e-08
8.566497,33.78998,7.312229e-09,1.5528672e-08,1.9146436e-08,2.2969367e-08,2.977658e-08,2.3557998e-08
7.9671526,34.46373,7.1371087e-09,1.6209922e-08,2.0113939e-08,2.3361046e-08,3.021495e-08,2.2748123e-08
8.266825,34.126858,7.3725315e-09,1.6497482e-08,1.9706752e-08,2.3036222e-08,2.9983685e-08,2.3110816e-08
8.325316,34.597694,7.1376585e-09,1.4058975e-08,1.7679112e-08,2.1383693e-08,3.0529243e-08,2.221839e-08
7.669762,34.087124,7.2754354e-09,1.9264155e-08,2.306192e-08,2.5570358e-08,2.902432e-08,2.4114923e-08
7.3723717,33.710518,7.405165e-09,2.174853e-08,2.5704422e-08,2.7297249e-08,2.736419e-08,2.5714158e-08
7.9694343,33.75025,7.526375e-09,1.9082322e-08,2.3161437e-08,2.5489841e-08,2.8730094e-08,2.453912e-08
12.524996,34.634293,2.000739e-09,7.848008e-10,2.0888178e-09,2.2512021e-09,2.6695476e-08,8.676438e-09
12.723137,34.401497,1.7593205e-09,7.364948e-10,1.8392756e-09,2.1963646e-09,2.691604e-08,8.8117424e-09
12.769303,34.719414,1.6824512e-09,5.823256e-10,1.6982423e-09,1.7018204e-09,2.5885903e-08,8.059499e-09
10.999196,34.587345,4.636389e-09,4.328483e-09,6.9814377e-09,9.619952e-09,2.9442901e-08,1.4327307e-08
11.05135,34.316822,4.1335704e-09,3.7779886e-09,5.6564846e-09,8.853432e-09,2.969755e-08,1.4595484e-08
11.103503,34.0463,3.4891148e-09,3.190982e-09,4.8960396e-09,8.525574e-09,2.9890685e-08,1.4835379e-08
11.219989,34.557396,4.105339e-09,3.415507e-09,5.8311946e-09,7.897551e-09,2.9155775e-08,1.314688e-08
11.272142,34.286873,3.6701442e-09,3.0112906e-09,4.808108e-09,7.4589295e-09,2.9471389e-08,1.3468777e-08
11.440783,34.527447,3.6364827e-09,2.6662668e-09,4.8396345e-09,6.4460712e-09,2.888268e-08,1.2128936e-08
10.680812,34.31914,4.927983e-09,5.284571e-09,7.161236e-09,1.1526198e-08,3.0110357e-08,1.6813765e-08
10.892158,34.18272,4.166526e-09,4.1069046e-09,5.8385434e-09,9.80999e-09,2.9990197e-08,1.5774933e-08
10.840004,34.453243,4.8344635e-09,4.8665894e-09,7.085773e-09,1.0615127e-08,2.9820196e-08,1.5581824e-08
12.209594,34.586212,2.418704e-09,1.1175161e-09,2.6816642e-09,3.0955958e-09,2.7473593e-08,9.4382875e-09
12.092334,34.30533,2.4797915e-09,1.3494024e-09,2.8167455e-09,3.8997263e-09,2.8328392e-08,1.0332193e-08
11.975075,34.02445,2.3286615e-09,1.5266631e-09,3.0508713e-09,4.950391e-09,2.896899e-08,1.1266781e-08
12.407736,34.353413,2.1151265e-09,9.957722e-10,2.2921824e-09,2.9496545e-09,2.7669028e-08,9.5051105e-09
12.290476,34.072533,2.0424302e-09,1.1849628e-09,2.5680105e-09,3.9160595e-09,2.8427646e-08,1.0369892e-08
12.605878,34.120617,1.7502647e-09,9.158772e-10,2.1300839e-09,3.0262182e-09,2.7778599e-08,9.639705e-09
11.731306,34.52016,3.122544e-09,1.9238418e-09,3.846073e-09,4.9314335e-09,2.8460482e-08,1.0970564e-08
11.85319,34.272305,2.764951e-09,1.6968994e-09,3.2699465e-09,4.763335e-09,2.875307e-08,1.1098344e-08
11.970449,34.553185,2.758636e-09,1.4663672e-09,3.2215572e-09,3.917423e-09,2.7993604e-08,1.013015e-08
11.68455,34.031734,2.668911e-09,1.9311255e-09,3.536304e-09,5.9041505e-09,2.9316407e-08,1.220287e-08
11.562667,34.27959,3.1872744e-09,2.2542677e-09,3.9546966e-09,5.9514487e-09,2.9128612e-08,1.21480035e-08
11.394027,34.039017,3.0493015e-09,2.472918e-09,4.138974e-09,7.076813e-09,2.9616608e-08,1.3394889e-08
13.441048,33.980675,9.468766e-10,5.532056e-10,1.3920369e-09,1.8324589e-09,2.6199656e-08,8.430733e-09
13.144727,33.907375,1.1466216e-09,7.058005e-10,1.779467e-09,2.5452147e-09,2.7052927e-08,9.173242e-09
13.368175,33.646046,9.362313e-10,7.58661e-10,2.005423e-09,3.0016458e-09,2.6976046e-08,9.341853e-09
14.20308,33.22275,6.8074407e-10,7.7547124e-10,1.9722082e-09,2.7711287e-09,2.5501917e-08,8.534706e-09
13.861291,33.162167,8.530585e-10,1.0242984e-09,2.8136806e-09,4.1112e-09,2.6553794e-08,9.441066e-09
14.1309595,32.939613,9.69784e-10,1.2377324e-09,3.3087812e-09,4.629111e-09,2.6360379e-08,9.483329e-09
4.161722,33.321587,5.393354e-09,1.6948764e-08,2.1920687e-08,2.2753959e-08,3.0280646e-08,2.5160674e-08
4.6728253,33.029728,5.640535e-09,1.9964236e-08,2.5009449e-08,2.5092147e-08,2.9474808e-08,2.5569507e-08
5.1839285,32.737865,5.7644525e-09,2.263442e-08,2.7365832e-08,2.718989e-08,2.8306319e-08,2.5995313e-08
4.6542525,33.631603,5.6291776e-09,1.9518932e-08,2.3215991e-08,2.4477243e-08,2.9582774e-08,2.5974996e-08
5.1653557,33.33974,6.0042735e-09,2.2355536e-08,2.597821e-08,2.656253e-08,2.83514e-08,2.6503377e-08
5.146783,33.941616,5.709395e-09,2.0018534e-08,2.3642151e-08,2.5879247e-08,2.8617437e-08,2.640905e-08
5.714389,33.04884,6.327511e-09,2.446545e-08,2.8007925e-08,2.8155593e-08,2.6946639e-08,2.693356e-08
6.2448487,33.359814,6.7535364e-09,2.4544983e-08,2.7781283e-08,2.8464301e-08,2.6048886e-08,2.722268e-08
5.695816,33.650715,6.23218e-09,2.2924374e-08,2.6102688e-08,2.753948e-08,2.7169358e-08,2.6920947e-08
2.6800668,32.420692,5.307779e-09,8.93365e-09,1.7223753e-08,1.9485745e-08,3.0599217e-08,2.5703557e-08
3.1937077,32.113186,4.7789324e-09,9.737157e-09,1.8273738e-08,1.9870555e-08,3.0597494e-08,2.3758854e-08
3.7073483,31.805676,4.4654196e-09,1.1695704e-08,1.9964917e-08,2.1338808e-08,3.053039e-08,2.2724148e-08
3.1747978,32.715775,5.02525e-09,1.0359988e-08,1.7892745e-08,1.9762465e-08,3.0600535e-08,2.4522615e-08
3.6884384,32.408264,4.837133e-09,1.2156687e-08,2.0160982e-08,2.117622e-08,3.0541546e-08,2.3626582e-08
3.6695285,33.010857,5.1119686e-09,1.3301545e-08,1.9822565e-08,2.1014586e-08,3.056245e-08,2.4468992e-08
4.6917353,32.427135,5.177906e-09,1.9190473e-08,2.562733e-08,2.5580116e-08,2.945289e-08,2.4753792e-08
4.180632,32.718998,5.1840905e-09,1.6026016e-08,2.2854588e-08,2.3140634e-08,3.0228872e-08,2.4437501e-08
4.199542,32.116405,4.7002975e-09,1.5009007e-08,2.277893e-08,2.3408498e-08,3.021105e-08,2.3498627e-08
1.6622523,31.808651,7.1343496e-09,1.03581215e-08,2.0265595e-08,2.234696e-08,2.9575586e-08,3.0070183e-08
2.188374,31.480036,5.619731e-09,9.532638e-09,1.91588e-08,2.0433294e-08,3.0409957e-08,2.7635242e-08
2.1774,32.10412,6.0149086e-09,8.985249e-09,1.8190892e-08,2.0409303e-08,3.0468453e-08,2.7880294e-08
3.2046816,31.489101,4.515992e-09,9.9744835e-09,1.8422089e-08,2.002298e-08,3.059369e-08,2.2986953e-08
2.6910408,31.79661,5.0511897e-09,8.9401215e-09,1.7987155e-08,1.9630214e-08,3.058849e-08,2.5174064e-08
2.702015,31.172527,4.8149187e-09,9.7663495e-09,1.8473708e-08,1.9688738e-08,3.0582335e-08,2.4586667e-08
7.8570976,32.498894,8.252218e-09,2.2809642e-08,2.8138937e-08,2.922249e-08,2.5891119e-08,2.7513883e-08
8.093564,32.929256,7.8940845e-09,2.0497842e-08,2.6036744e-08,2.7778494e-08,2.7150916e-08,2.6419384e-08
8.33003,33.35962,7.507792e-09,1.7854076e-08,2.286377e-08,2.5606314e-08,2.858141e-08,2.4969342e-08
7.4965014,32.889523,8.04759e-09,2.333372e-08,2.8193467e-08,2.8944546e-08,2.5817679e-08,2.7313902e-08
7.732968,33.31989,7.795594e-09,2.1367612e-08,2.6147402e-08,2.752423e-08,2.7138427e-08,2.612767e-08
7.1359053,33.280155,7.575923e-09,2.365571e-08,2.7764976e-08,2.8523784e-08,2.5973556e-08,2.699226e-08
6.5931735,31.849783,6.743977e-09,2.4844343e-08,2.9749799e-08,3.0178214e-08,2.5106846e-08,2.7789556e-08
6.6538854,32.456783,7.2721753e-09,2.531377e-08,2.9562466e-08,2.9774007e-08,2.5159183e-08,2.7742106e-08
6.714597,33.063786,7.3113933e-09,2.4869914e-08,2.8664642e-08,2.9030089e-08,2.5468305e-08,2.7466974e-08
6.1234255,32.14581,6.256571e-09,2.4739542e-08,2.944884e-08,2.9648906e-08,2.6013037e-08,2.7085179e-08
6.184137,32.75281,6.711525e-09,2.525685e-08,2.9079056e-08,2.9137663e-08,2.591099e-08,2.7307234e-08
5.653677,32.441837,5.915409e-09,2.4117918e-08,2.873199e-08,2.866996e-08,2.712951e-08,2.645546e-08
7.4357896,32.282524,8.203061e-09,2.4431552e-08,2.9292854e-08,2.990512e-08,2.5008609e-08,2.8050767e-08
7.0751934,32.673153,7.830501e-09,2.4771975e-08,2.9190213e-08,2.956359e-08,2.5133131e-08,2.7783594e-08
7.0144815,32.06615,7.637614e-09,2.5058762e-08,2.9734673e-08,3.0166465e-08,2.4754872e-08,2.8122033e-08
10.361884,34.137497,5.159661e-09,6.1762e-09,7.853418e-09,1.3427749e-08,3.044731e-08,1.8931997e-08
10.254302,33.81943,4.48825e-09,5.771025e-09,7.883391e-09,1.3917281e-08,3.0556016e-08,1.9779229e-08
10.14672,33.501366,3.9446766e-09,5.8606306e-09,8.925666e-09,1.5078903e-08,3.0598798e-08,2.0519687e-08
10.57323,34.001076,4.3308686e-09,4.8813757e-09,6.6433654e-09,1.1816259e-08,3.0356688e-08,1.791566e-08
10.465648,33.68301,3.712748e-09,4.680362e-09,7.0438064e-09,1.2677001e-08,3.049978e-08,1.8859543e-08
10.784575,33.864655,3.58762e-09,3.8548285e-09,5.7599014e-09,1.0509913e-08,3.0262633e-08,1.6908759e-08
9.83383,34.225372,6.4596977e-09,8.927408e-09,1.0607774e-08,1.6793413e-08,3.0597466e-08,2.121508e-08
9.463534,33.959576,6.47342e-09,1.0168688e-08,1.232036e-08,1.851801e-08,3.0530202e-08,2.228707e-08
9.093238,33.69378,6.63716e-09,1.2173812e-08,1.550309e-08,2.0927212e-08,3.0201694e-08,2.3115291e-08
9.990275,33.86337,5.1882116e-09,7.1280293e-09,9.224835e-09,1.562758e-08,3.059921e-08,2.088506e-08
9.619979,33.597572,5.3796754e-09,8.754143e-09,1.1882314e-08,1.8284785e-08,3.0500807e-08,2.2235696e-08
10.097857,34.181435,5.849672e-09,7.551886e-09,9.209518e-09,1.5246219e-08,3.0554475e-08,2.0213044e-08
9.073307,32.307762,6.1092793e-09,1.6747377e-08,2.2934701e-08,2.609252e-08,2.874204e-08,2.5508234e-08
9.431111,32.70563,4.9105617e-09,1.2120454e-08,1.8020465e-08,2.265488e-08,2.988774e-08,2.3865063e-08
9.788916,33.1035,4.1454387e-09,8.201938e-09,1.2896494e-08,1.8736468e-08,3.046945e-08,2.2220245e-08
8.90437,32.801834,6.4138095e-09,1.5526282e-08,2.1386308e-08,2.5203777e-08,2.895074e-08,2.5036847e-08
9.262175,33.199703,5.6512697e-09,1.1497731e-08,1.6316571e-08,2.1748868e-08,3.0008817e-08,2.353043e-08
8.735434,33.29591,6.937067e-09,1.5167014e-08,2.0163615e-08,2.416388e-08,2.9281516e-08,2.4392223e-08
8.262501,32.43518,7.904208e-09,2.1135245e-08,2.6837963e-08,2.8590058e-08,2.6745616e-08,2.702619e-08
8.667904,32.37147,7.1363666e-09,1.9064691e-08,2.5032707e-08,2.7558887e-08,2.7747324e-08,2.6346799e-08
8.498967,32.865547,7.3534303e-09,1.8169432e-08,2.3965214e-08,2.6714956e-08,2.8058777e-08,2.578557e-08
12.786226,33.839237,1.3977578e-09,9.242047e-10,2.2764686e-09,3.5440397e-09,2.7924985e-08,9.962118e-09
12.651174,33.509773,1.3372846e-09,1.2514652e-09,3.2708856e-09,5.5162555e-09,2.8612257e-08,1.09581775e-08
12.516121,33.18031,1.3972461e-09,1.8358183e-09,4.918752e-09,8.136919e-09,2.9116446e-08,1.1947383e-08
13.009674,33.57791,1.1401144e-09,9.829739e-10,2.62076e-09,4.198621e-09,2.7872165e-08,1.0181278e-08
12.874621,33.248444,1.2251452e-09,1.4707824e-09,4.1017603e-09,6.6765495e-09,2.8520502e-08,1.11853735e-08
13.233122,33.31658,1.0392417e-09,1.152074e-09,3.2479877e-09,5.124669e-09,2.7767104e-08,1.03849915e-08
12.155423,33.74307,1.8317983e-09,1.4228431e-09,3.1837994e-09,5.518708e-09,2.908071e-08,1.1412326e-08
12.335772,33.46169,1.5023947e-09,1.5113485e-09,3.8005576e-09,6.607313e-09,2.9124724e-08,1.1648135e-08
12.470824,33.791153,1.6196874e-09,1.1514463e-09,2.7208837e-09,4.4967727e-09,2.8558228e-08,1.0635997e-08
11.773957,33.72113,2.1253015e-09,1.8123552e-09,3.7150347e-09,6.6747847e-09,2.9540677e-08,1.25444615e-08
11.57284,33.417812,1.9411004e-09,2.2392075e-09,4.859709e-09,8.733616e-09,2.9920233e-08,1.3877974e-08
11.371723,33.11449,1.8991935e-09,3.0021696e-09,6.6032015e-09,1.0979041e-08,3.017334e-08,1.5241342e-08
11.954306,33.43975,1.7127748e-09,1.8334624e-09,4.300046e-09,7.654432e-09,2.9578713e-08,1.2591474e-08
11.753189,33.13643,1.7081653e-09,2.5276947e-09,5.9575984e-09,1.0010946e-08,2.9911845e-08,1.3814156e-08
12.134655,33.15837,1.5506674e-09,2.1569606e-09,5.438998e-09,9.124275e-09,2.9570076e-08,1.2745849e-08
11.19291,33.735695,2.73199e-09,2.6989442e-09,4.71564e-09,8.683519e-09,3.0027554e-08,1.494265e-08
11.282316,33.425095,2.1733397e-09,2.6192248e-09,5.3074007e-09,9.56088e-09,3.011841e-08,1.5071215e-08
11.483434,33.728413,2.4052453e-09,2.193968e-09,4.1530654e-09,7.579705e-09,2.9801162e-08,1.3624509e-08
10.873982,33.554054,2.7967548e-09,3.3570964e-09,5.8683765e-09,1.0694993e-08,3.0320916e-08,1.6873784e-08
10.555055,33.37241,2.9519522e-09,4.3053126e-09,7.513255e-09,1.29545885e-08,3.0517253e-08,1.8744728e-08
10.963388,33.24345,2.2847566e-09,3.40776e-09,6.778239e-09,1.1572197e-08,3.036106e-08,1.6878044e-08
14.892806,32.38216,1.8588557e-09,2.0589817e-09,4.7625255e-09,5.9262133e-09,2.6701079e-08,1.0428918e-08
14.946932,32.603474,1.211934e-09,1.3320232e-09,3.0336533e-09,3.9254995e-09,2.5678526e-08,9.526612e-09
14.646717,32.54961,1.4930396e-09,1.7767426e-09,4.3191077e-09,5.545466e-09,2.6453353e-08,9.980485e-09
15.479321,31.999302,2.988426e-09,2.8337845e-09,5.8243446e-09,6.941649e-09,2.753464e-08,1.1854193e-08
15.540224,32.16523,2.2236113e-09,2.0111344e-09,4.111283e-09,5.05021e-09,2.6647276e-08,1.12362475e-08
15.309108,32.107006,2.6416138e-09,2.6006963e-09,5.536851e-09,6.6497505e-09,2.7299912e-08,1.1432456e-08
13.48689,33.0188,1.1356338e-09,1.5267971e-09,4.3397894e-09,6.461707e-09,2.7646104e-08,1.0595598e-08
13.382158,32.65288,1.8187971e-09,2.8028002e-09,7.2826127e-09,1.0024134e-08,2.8311165e-08,1.1665967e-08
13.277426,32.28696,3.1384322e-09,4.876714e-09,1.04818385e-08,1.3334984e-08,2.883057e-08,1.2642567e-08
13.756558,32.796246,1.3517578e-09,1.9005375e-09,5.2120654e-09,7.2765634e-09,2.7459347e-08,1.0614254e-08
13.651827,32.43033,2.4074183e-09,3.5553203e-09,8.591194e-09,1.1026182e-08,2.8229113e-08,1.173269e-08
14.026227,32.573692,1.7509397e-09,2.4043143e-09,6.2130088e-09,8.12483e-09,2.7420349e-08,1.0736129e-08
13.128389,32.950665,1.3536136e-09,1.970217e-09,5.494875e-09,8.2858005e-09,2.8394343e-08,1.1434312e-08
12.769889,32.882526,1.5590456e-09,2.4677138e-09,6.527905e-09,9.892069e-09,2.8990774e-08,1.2187625e-08
13.023658,32.584743,2.111678e-09,3.4935104e-09,8.463974e-09,1.1686624e-08,2.8873075e-08,1.24196236e-08
14.376654,32.4191,2.0509496e-09,2.6040754e-09,6.380982e-09,7.97928e-09,2.7294616e-08,1.0723004e-08
14.35268,32.121147,3.365568e-09,4.2351407e-09,9.413338e-09,1.1044779e-08,2.8149637e-08,1.170564e-08
14.328706,31.82319,5.0643783e-09,6.270421e-09,1.23650485e-08,1.388429e-08,2.8866905e-08,1.2585239e-08
14.622743,32.251656,2.5428324e-09,3.025368e-09,7.0265767e-09,8.467997e-09,2.7522288e-08,1.1072433e-08
14.598768,31.953697,4.055269e-09,4.8358455e-09,1.0210278e-08,1.1636154e-08,2.8450172e-08,1.2080538e-08
14.868832,32.084206,3.1201095e-09,3.4920158e-09,7.694369e-09,9.0182235e-09,2.7863672e-08,1.155383e-08
13.978279,31.97778,4.431949e-09,5.8481944e-09,1.1855036e-08,1.3742218e-08,2.8696848e-08,1.2442004e-08
14.002254,32.275738,2.8612361e-09,3.9057007e-09,9.059243e-09,1.1057235e-08,2.809751e-08,1.1619905e-08
13.627852,32.13237,3.771033e-09,5.3794893e-09,1.1218182e-08,1.3575481e-08,2.8684138e-08,1.247494e-08
4.221201,31.518461,4.289768e-09,1.4491589e-08,2.2128194e-08,2.3610665e-08,3.0221965e-08,2.2780585e-08
4.735054,31.231245,4.207622e-09,1.7277726e-08,2.4368271e-08,2.6112506e-08,2.953809e-08,2.363521e-08
5.2489066,30.94403,4.2536428e-09,1.9358069e-08,2.6273709e-08,2.8180175e-08,2.8528868e-08,2.4952909e-08
4.7133946,31.829191,4.6110418e-09,1.810865e-08,2.5250749e-08,2.592279e-08,2.9467298e-08,2.4007903e-08
5.227247,31.541977,4.629164e-09,2.047559e-08,2.7133353e-08,2.8058103e-08,2.8368023e-08,2.4967507e-08
5.205588,32.13992,5.205354e-09,2.1753493e-08,2.763522e-08,2.77277e-08,2.8320455e-08,2.5356325e-08
6.1450844,31.547865,5.6447345e-09,2.3657904e-08,2.9319116e-08,2.9969666e-08,2.5996556e-08,2.7082624e-08
5.6753364,31.843893,5.342164e-09,2.3059453e-08,2.8730874e-08,2.9140464e-08,2.7144518e-08,2.612772e-08
5.6969957,31.245949,4.764787e-09,2.1711486e-08,2.8225664e-08,2.9370597e-08,2.7217768e-08,2.610227e-08
2.7289739,30.566637,4.7727817e-09,1.1141444e-08,1.8592964e-08,1.9493275e-08,3.058993e-08,2.4119489e-08
3.2585995,30.27732,4.635326e-09,1.2407616e-08,1.829319e-08,1.9893786e-08,3.060045e-08,2.2406157e-08
3.7882254,29.988007,4.690064e-09,1.4086984e-08,1.8841284e-08,2.119367e-08,3.059294e-08,2.218322e-08
3.2316406,30.883211,4.4401127e-09,1.0989625e-08,1.843786e-08,2.0093262e-08,3.0595817e-08,2.248801e-08
3.7612665,30.593895,4.3042676e-09,1.2970501e-08,1.9219865e-08,2.1524516e-08,3.0559434e-08,2.196164e-08
3.7343075,31.199785,4.247507e-09,1.2049753e-08,1.9602572e-08,2.1519853e-08,3.053391e-08,2.2115241e-08
4.762013,30.625357,4.111596e-09,1.6913505e-08,2.3431818e-08,2.611607e-08,2.9723187e-08,2.3653039e-08
4.24816,30.91257,4.1251416e-09,1.458778e-08,2.1367697e-08,2.3734257e-08,3.027689e-08,2.2500823e-08
4.2751193,30.30668,4.301252e-09,1.5085602e-08,2.0692616e-08,2.3567445e-08,3.0398816e-08,2.2596057e-08
2.2261486,30.234407,5.1599094e-09,1.213331e-08,1.9507677e-08,1.9633903e-08,3.0449478e-08,2.6747806e-08
1.6977617,29.912281,5.5868563e-09,1.3433548e-08,2.0577058e-08,2.0485917e-08,2.965061e-08,2.9631556e-08
2.2529492,29.612862,5.31081e-09,1.3375838e-08,1.8999003e-08,1.8985844e-08,3.050669e-08,2.6481219e-08
3.2854002,29.655777,5.140202e-09,1.3799627e-08,1.8002883e-08,1.9431315e-08,3.0592975e-08,2.270033e-08
2.7557745,29.945091,5.001898e-09,1.27109585e-08,1.8387786e-08,1.904405e-08,3.0599242e-08,2.3981638e-08
2.7825751,29.323547,5.490815e-09,1.3895744e-08,1.7941954e-08,1.8513074e-08,3.0598873e-08,2.4185969e-08
7.9217887,32.048683,8.267495e-09,2.3500391e-08,2.875166e-08,2.979769e-08,2.5469355e-08,2.795984e-08
7.5004807,31.832312,8.0376505e-09,2.4600856e-08,2.956352e-08,3.025e-08,2.4718302e-08,2.8353806e-08
7.0791726,31.615942,7.2812854e-09,2.4779512e-08,2.9807133e-08,3.038689e-08,2.4561121e-08,2.8354764e-08
7.9864798,31.598473,7.958667e-09,2.3922714e-08,2.9175578e-08,3.0174032e-08,2.5152838e-08,2.8282818e-08
7.5651717,31.382101,7.518374e-09,2.4534982e-08,2.9699113e-08,3.044268e-08,2.4498148e-08,2.8618064e-08
8.05117,31.148262,7.256461e-09,2.412984e-08,2.9489817e-08,3.0415844e-08,2.4876828e-08,2.8577178e-08
8.327192,31.984972,7.903969e-09,2.2196122e-08,2.777559e-08,2.9306559e-08,2.6303177e-08,2.751985e-08
8.391883,31.534761,7.629885e-09,2.2967798e-08,2.8523342e-08,2.984551e-08,2.5937446e-08,2.7888035e-08
8.732595,31.92126,7.194102e-09,2.0531012e-08,2.6448502e-08,2.8477523e-08,2.731535e-08,2.6874684e-08
6.6713114,31.266113,6.128522e-09,2.4015588e-08,2.9643127e-08,3.0382875e-08,2.495184e-08,2.8085074e-08
6.2232223,30.964195,5.1175286e-09,2.2591593e-08,2.8996954e-08,3.0145028e-08,2.5947822e-08,2.7428362e-08
5.7751336,30.66228,4.478924e-09,2.0762032e-08,2.7695677e-08,2.952019e-08,2.7323438e-08,2.64744e-08
6.7494493,30.682444,5.497368e-09,2.3223963e-08,2.9432057e-08,3.046749e-08,2.493129e-08,2.8498674e-08
6.3013606,30.380527,4.833033e-09,2.179442e-08,2.8617967e-08,3.019754e-08,2.6144502e-08,2.7864797e-08
6.827587,30.098776,5.112505e-09,2.280596e-08,2.9230954e-08,3.049318e-08,2.515689e-08,2.8894629e-08
7.6433096,30.798433,6.482246e-09,2.4350427e-08,2.9806156e-08,3.0565264e-08,2.4262002e-08,2.8997594e-08
7.1573105,31.032272,6.486513e-09,2.4223526e-08,2.97661e-08,3.0519494e-08,2.438967e-08,2.8705463e-08
7.2354484,30.448605,5.6671436e-09,2.3820837e-08,2.9702127e-08,3.057416e-08,2.4330697e-08,2.9115558e-08
9.301704,31.054893,6.0806626e-09,2.118467e-08,2.7323534e-08,2.906084e-08,2.7621397e-08,2.6912401e-08
9.225572,31.472515,6.3586096e-09,1.98918e-08,2.6161496e-08,2.814894e-08,2.8061724e-08,2.6437599e-08
9.14944,31.890139,6.284417e-09,1.8422188e-08,2.4681492e-08,2.713806e-08,2.8418503e-08,2.5989882e-08
8.88486,31.086016,6.537569e-09,2.2430399e-08,2.8336665e-08,2.9781178e-08,2.6599228e-08,2.7617952e-08
8.808727,31.50364,7.0414305e-09,2.1562853e-08,2.7496608e-08,2.9179375e-08,2.697887e-08,2.7245573e-08
8.468015,31.11714,6.9896093e-09,2.3446356e-08,2.9043818e-08,3.020683e-08,2.5637753e-08,2.8188447e-08
11.0867,32.69405,2.223582e-09,5.000529e-09,9.946642e-09,1.4165008e-08,3.041815e-08,1.7203421e-08
10.678366,32.82301,2.4498017e-09,5.3252234e-09,1.0232312e-08,1.4900015e-08,3.055088e-08,1.8868223e-08
10.270032,32.95197,3.0121776e-09,6.226625e-09,1.1052622e-08,1.6326602e-08,3.0599974e-08,2.055153e-08
10.801678,32.27361,3.0912966e-09,8.217596e-09,1.3902129e-08,1.7387947e-08,3.057952e-08,1.9276921e-08
10.393343,32.40257,3.169493e-09,8.631867e-09,1.4625362e-08,1.8491201e-08,3.0588037e-08,2.08566e-08
10.516655,31.85317,4.3294865e-09,1.2069882e-08,1.7955813e-08,2.0766558e-08,3.0540726e-08,2.1476373e-08
9.554423,32.15623,5.0236584e-09,1.4532188e-08,2.0969534e-08,2.424747e-08,2.9644712e-08,2.4432659e-08
10.035539,32.0047,4.3997916e-09,1.2941848e-08,1.9359828e-08,2.2402718e-08,3.0244355e-08,2.3089417e-08
9.912228,32.5541,3.7697614e-09,9.909057e-09,1.5955525e-08,2.0374273e-08,3.0387056e-08,2.2542768e-08
9.706688,31.320986,5.782683e-09,1.8498035e-08,2.4824212e-08,2.697901e-08,2.901192e-08,2.5522713e-08
10.111671,31.587078,5.1628755e-09,1.5344547e-08,2.1557186e-08,2.4049244e-08,3.0042987e-08,2.3707356e-08
9.630555,31.73861,5.495962e-09,1.663514e-08,2.3110864e-08,2.5634273e-08,2.9369385e-08,2.4957265e-08
12.330613,32.82105,1.746883e-09,3.0438048e-09,7.4169653e-09,1.1250893e-08,2.9533824e-08,1.3067281e-08
12.145106,32.461784,2.5199265e-09,4.983647e-09,1.0007311e-08,1.3804575e-08,2.981158e-08,1.4172504e-08
11.9595995,32.102524,3.7444248e-09,7.41728e-09,1.216662e-08,1.5589432e-08,3.0023152e-08,1.5315374e-08
12.584382,32.523266,2.3519562e-09,4.2392707e-09,9.3402805e-09,1.2972208e-08,2.9401518e-08,1.3241741e-08
12.398875,32.164005,3.6609857e-09,6.5786057e-09,1.1609917e-08,1.50805e-08,2.968186e-08,1.4247426e-08
12.83815,32.225483,3.4672325e-09,5.760121e-09,1.118929e-08,1.4459556e-08,2.9291686e-08,1.3419362e-08
11.567682,32.77717,1.9533632e-09,3.9170245e-09,8.459168e-09,1.2632129e-08,3.014509e-08,1.513467e-08
11.76364,32.439846,2.5478624e-09,5.4883773e-09,1.0482502e-08,1.4284377e-08,3.009212e-08,1.517768e-08
11.949148,32.799107,1.8444493e-09,3.4480647e-09,7.88894e-09,1.1942783e-08,2.9877178e-08,1.394563e-08
11.478618,32.019405,3.8498245e-09,8.602176e-09,1.3394259e-08,1.65818e-08,3.03505e-08,1.6990624e-08
11.28266,32.356728,2.7592688e-09,6.6472854e-09,1.186014e-08,1.5495907e-08,3.0387923e-08,1.7025915e-08
10.997637,31.936289,4.0084345e-09,1.01123465e-08,1.5359817e-08,1.8318902e-08,3.0572163e-08,1.9149017e-08
15.475689,31.774902,4.1077794e-09,4.124803e-09,8.158924e-09,9.418175e-09,2.8431648e-08,1.2575234e-08
15.305476,31.882607,3.7312864e-09,3.814958e-09,7.832315e-09,9.069095e-09,2.8213853e-08,1.2228452e-08
15.1352625,31.990313,3.3469096e-09,3.5194476e-09,7.483747e-09,8.72649e-09,2.797231e-08,1.1853817e-08
15.301844,31.658207,4.9206066e-09,5.3075753e-09,1.02719575e-08,1.1577867e-08,2.894534e-08,1.287006e-08
15.131631,31.765911,4.543593e-09,4.9528746e-09,9.923371e-09,1.1204166e-08,2.8732412e-08,1.2573246e-08
15.127999,31.541512,5.7482716e-09,6.5462493e-09,1.2240034e-08,1.354777e-08,2.9315965e-08,1.3132121e-08
14.8615675,31.635405,5.5844143e-09,6.483085e-09,1.2396159e-08,1.3679256e-08,2.9173107e-08,1.2927685e-08
14.8652,31.859804,4.3156856e-09,4.904679e-09,1.01078195e-08,1.1422527e-08,2.8589941e-08,1.2302902e-08
14.595137,31.729298,5.3536096e-09,6.3926495e-09,1.2436374e-08,1.3788218e-08,2.9012412e-08,1.2730982e-08
15.705924,31.724405,4.1086192e-09,3.945327e-09,7.534468e-09,8.7898915e-09,2.8326648e-08,1.2729574e-08
15.762315,31.557213,4.8467927e-09,4.9205204e-09,8.989922e-09,1.0373116e-08,2.8814114e-08,1.3083173e-08
15.889436,31.745928,3.8082906e-09,3.4340435e-09,6.388158e-09,7.567607e-09,2.79227e-08,1.2677998e-08
15.53208,31.60771,4.8928595e-09,5.1170397e-09,9.666231e-09,1.1012265e-08,2.8916086e-08,1.2995613e-08
15.358234,31.491014,5.6882823e-09,6.3643597e-09,1.1712921e-08,1.3087964e-08,2.9335478e-08,1.3226033e-08
15.5884695,31.440517,5.6002034e-09,6.1676197e-09,1.108942e-08,1.2549383e-08,2.9303445e-08,1.3288839e-08
14.568277,31.120335,8.223232e-09,9.850342e-09,1.6173084e-08,1.7682364e-08,2.9923484e-08,1.3822903e-08
14.754851,31.260727,7.519603e-09,9.042375e-09,1.5433884e-08,1.6815289e-08,2.9807506e-08,1.3631595e-08
14.941425,31.40112,6.680503e-09,7.90956e-09,1.4115172e-08,1.5432416e-08,2.9615517e-08,1.3403909e-08
14.4884205,31.35462,7.46e-09,8.936895e-09,1.5338804e-08,1.6746087e-08,2.9666918e-08,1.355531e-08
14.6749935,31.495012,6.5643215e-09,7.821027e-09,1.4151719e-08,1.5460497e-08,2.9468893e-08,1.32638425e-08
14.408563,31.588905,6.354696e-09,7.6978255e-09,1.4050659e-08,1.546168e-08,2.9308536e-08,1.3127238e-08
12.582973,31.294918,7.753725e-09,1.0760606e-08,1.43305785e-08,1.7016998e-08,2.9838485e-08,1.538075e-08
12.814457,31.625599,6.551487e-09,9.2418855e-09,1.3690117e-08,1.659505e-08,2.9580914e-08,1.4473191e-08
13.045941,31.95628,4.851161e-09,7.2299295e-09,1.2645999e-08,1.5566654e-08,2.9275874e-08,1.3603601e-08
12.375182,31.564121,6.4788157e-09,9.971187e-09,1.3782797e-08,1.6725153e-08,2.9861063e-08,1.5353326e-08
12.606666,31.894802,5.048645e-09,8.022501e-09,1.277807e-08,1.5959726e-08,2.9604085e-08,1.4363928e-08
12.167391,31.833323,5.06507e-09,8.830108e-09,1.3097448e-08,1.6273008e-08,2.993171e-08,1.5328233e-08
14.096926,31.562841,6.7809283e-09,8.330117e-09,1.4591343e-08,1.6236955e-08,2.9350739e-08,1.3314512e-08
13.746499,31.717432,6.1111107e-09,7.878837e-09,1.3903302e-08,1.5940197e-08,2.9176627e-08,1.3243493e-08
13.396072,31.872023,5.3143703e-09,7.364291e-09,1.3117617e-08,1.562002e-08,2.9132977e-08,1.3305103e-08
13.865146,31.302494,8.198283e-09,9.751695e-09,1.5496727e-08,1.7404226e-08,2.9638134e-08,1.3889717e-08
13.514719,31.457085,7.5939806e-09,9.412105e-09,1.4767458e-08,1.7034585e-08,2.948377e-08,1.3907448e-08
13.633366,31.042147,9.10792e-09,1.0497382e-08,1.5557777e-08,1.7651784e-08,2.980939e-08,1.4366374e-08
14.25664,31.094273,8.637769e-09,1.0141032e-08,1.6206007e-08,1.7867531e-08,2.9887836e-08,1.39559235e-08
14.176783,31.328556,7.882406e-09,9.410142e-09,1.5595774e-08,1.7212258e-08,2.9655588e-08,1.3697217e-08
13.9450035,31.068209,8.940706e-09,1.0333577e-08,1.5952919e-08,1.7830619e-08,2.984396e-08,1.4131822e-08
12.933104,31.21066,8.372575e-09,1.0624394e-08,1.45720245e-08,1.7127457e-08,2.9739843e-08,1.4915553e-08
13.283235,31.126404,8.839203e-09,1.0537959e-08,1.5015948e-08,1.7362497e-08,2.9736055e-08,1.4588641e-08
13.164588,31.541342,7.136044e-09,9.324402e-09,1.4187046e-08,1.6813264e-08,2.9484008e-08,1.4135937e-08
5.30072,30.35534,4.245017e-09,1.8756465e-08,2.5514817e-08,2.8155405e-08,2.884349e-08,2.5211374e-08
4.8138266,30.036663,4.4003374e-09,1.696685e-08,2.2739382e-08,2.5865207e-08,3.0014125e-08,2.3870962e-08
4.326933,29.717989,4.8342965e-09,1.5709357e-08,2.0221268e-08,2.3125123e-08,3.0528575e-08,2.2885102e-08
5.3525343,29.766645,4.646971e-09,1.8456912e-08,2.479513e-08,2.7754922e-08,2.9412144e-08,2.536012e-08
4.8656406,29.44797,5.0830473e-09,1.7066332e-08,2.2113129e-08,2.5171353e-08,3.0353295e-08,2.4012728e-08
5.404348,29.177952,5.421734e-09,1.8278527e-08,2.4078506e-08,2.692416e-08,3.002333e-08,2.5319927e-08
5.8787613,29.484894,5.001362e-09,1.9768613e-08,2.6437599e-08,2.8987579e-08,2.8670561e-08,2.6791945e-08
6.353174,29.791834,4.886855e-09,2.1349729e-08,2.8185841e-08,3.0093744e-08,2.6796293e-08,2.8094664e-08
5.826947,30.073586,4.543811e-09,2.0095232e-08,2.7076897e-08,2.9411245e-08,2.7838102e-08,2.6761938e-08
3.834284,29.380972,5.405672e-09,1.5012079e-08,1.8505279e-08,2.0666523e-08,3.0596087e-08,2.2621112e-08
3.3314588,29.048742,5.8910024e-09,1.4643532e-08,1.764819e-08,1.8967862e-08,3.0565175e-08,2.3207166e-08
2.8286335,28.716513,6.148795e-09,1.4242391e-08,1.7366812e-08,1.8109553e-08,3.058917e-08,2.4599577e-08
3.8803425,28.773937,6.379935e-09,1.5347796e-08,1.8186975e-08,2.0120169e-08,3.055384e-08,2.3198734e-08
3.3775172,28.441708,6.784567e-09,1.4636165e-08,1.7268931e-08,1.8648388e-08,3.0533013e-08,2.3915337e-08
3.926401,28.1669,7.432217e-09,1.4923778e-08,1.788628e-08,1.9773736e-08,3.0505454e-08,2.402356e-08
4.911699,28.840935,6.116123e-09,1.6969407e-08,2.1487255e-08,2.415847e-08,3.0563758e-08,2.4166305e-08
4.3729916,29.110952,5.738941e-09,1.605938e-08,1.9765332e-08,2.2359657e-08,3.059948e-08,2.3215682e-08
4.41905,28.503918,6.8640356e-09,1.5911183e-08,1.9366695e-08,2.1632673e-08,3.0573005e-08,2.3737815e-08
2.3299294,28.363247,6.172393e-09,1.3366441e-08,1.7281264e-08,1.8006336e-08,3.0577244e-08,2.6708573e-08
1.8101721,28.01288,5.9989542e-09,1.1737476e-08,1.7226197e-08,1.8619039e-08,3.028088e-08,2.9232705e-08
2.380109,27.735176,6.6032606e-09,1.1803292e-08,1.6328924e-08,1.782689e-08,3.0586133e-08,2.7292355e-08
3.427697,27.813637,7.638851e-09,1.3671989e-08,1.6862808e-08,1.8566949e-08,3.05233e-08,2.4941325e-08
2.8788133,28.088442,6.8679804e-09,1.3542661e-08,1.6730365e-08,1.7913184e-08,3.0582132e-08,2.5316353e-08
2.9289927,27.460371,7.364199e-09,1.1910949e-08,1.6083348e-08,1.7938753e-08,3.0586452e-08,2.6382942e-08
6.9076,29.551865,5.040163e-09,2.2860778e-08,2.9066454e-08,3.046549e-08,2.563934e-08,2.9135599e-08
6.4331865,29.244925,5.2345004e-09,2.1349246e-08,2.7819096e-08,2.9845232e-08,2.7602809e-08,2.8151145e-08
5.9587736,28.937983,5.689225e-09,1.9697934e-08,2.59023e-08,2.8350149e-08,2.939557e-08,2.6766143e-08
6.9876122,29.004955,5.2316995e-09,2.3198702e-08,2.886819e-08,3.0347437e-08,2.6341446e-08,2.9244756e-08
6.513199,28.698013,5.7882477e-09,2.1471326e-08,2.7379743e-08,2.937562e-08,2.8424646e-08,2.8173718e-08
7.0676246,28.458044,5.6847265e-09,2.3552792e-08,2.8582232e-08,3.009651e-08,2.7091765e-08,2.9395595e-08
7.4272747,29.932713,5.16674e-09,2.408844e-08,2.9767543e-08,3.0598457e-08,2.4230197e-08,2.9543946e-08
7.507287,29.385803,4.8882205e-09,2.4579776e-08,2.9782766e-08,3.0600155e-08,2.4327681e-08,2.9859887e-08
7.5873,28.838892,4.9478768e-09,2.5243336e-08,2.9762491e-08,3.059398e-08,2.4585034e-08,3.009794e-08
8.026962,29.766651,4.8870548e-09,2.521618e-08,3.0093123e-08,3.0575407e-08,2.3634069e-08,2.985915e-08
8.106975,29.21974,4.5625512e-09,2.608547e-08,3.0224374e-08,3.0526113e-08,2.3023082e-08,3.0293556e-08
8.62665,29.600588,4.5233732e-09,2.6023553e-08,3.0234123e-08,3.0531147e-08,2.3143153e-08,3.001926e-08
8.242997,30.63237,6.146886e-09,2.4335304e-08,2.9727335e-08,3.055475e-08,2.4672804e-08,2.890351e-08
7.835136,30.282541,5.580947e-09,2.4532023e-08,2.9923832e-08,3.0600315e-08,2.4056707e-08,2.9397464e-08
8.434823,30.11648,5.153458e-09,2.4993511e-08,2.9987184e-08,3.0599892e-08,2.4180766e-08,2.9395848e-08
9.076686,30.570126,5.5939173e-09,2.3356883e-08,2.8973371e-08,3.0244447e-08,2.6154407e-08,2.8076354e-08
8.659842,30.601248,5.878112e-09,2.3981968e-08,2.9463628e-08,3.0467376e-08,2.5329225e-08,2.8556162e-08
8.851667,30.085358,4.960077e-09,2.4930339e-08,2.9845516e-08,3.059471e-08,2.458904e-08,2.9167897e-08
9.616808,30.775843,5.640353e-09,2.1239279e-08,2.7184925e-08,2.9022e-08,2.7884923e-08,2.6784324e-08
9.931911,30.496792,5.405135e-09,2.1448077e-08,2.7030415e-08,2.8988005e-08,2.8000258e-08,2.675267e-08
10.247015,30.217741,5.3615326e-09,2.1652973e-08,2.691351e-08,2.8951632e-08,2.7964457e-08,2.6803457e-08
10.021791,31.041935,5.68411e-09,1.8667983e-08,2.4631637e-08,2.6833995e-08,2.9267396e-08,2.523672e-08
10.336895,30.762884,5.736819e-09,1.89209e-08,2.4378245e-08,2.6665978e-08,2.9442353e-08,2.4983255e-08
10.426775,31.308027,5.501635e-09,1.581071e-08,2.1421148e-08,2.3833204e-08,3.0212323e-08,2.3211465e-08
9.391789,30.291075,5.1213087e-09,2.3610967e-08,2.8943914e-08,3.0276166e-08,2.61615e-08,2.8171952e-08
9.166772,29.806305,4.5957487e-09,2.5417744e-08,2.9912542e-08,3.0600507e-08,2.4126221e-08,2.9453965e-08
9.706893,30.012024,4.8693045e-09,2.3936385e-08,2.89293e-08,3.0307287e-08,2.5899846e-08,2.840375e-08
12.222413,31.162416,7.675977e-09,1.1725507e-08,1.4950391e-08,1.7454589e-08,3.0109515e-08,1.645568e-08
12.014622,31.43162,6.5866397e-09,1.1068703e-08,1.4541119e-08,1.7283478e-08,3.0150755e-08,1.6504517e-08
11.80683,31.70082,5.3309694e-09,1.0060082e-08,1.4054955e-08,1.7002195e-08,3.0217844e-08,1.6569711e-08
11.861853,31.029917,7.3999993e-09,1.2935071e-08,1.621844e-08,1.854149e-08,3.0401264e-08,1.7912217e-08
11.654061,31.299118,6.520538e-09,1.2357029e-08,1.5895889e-08,1.842777e-08,3.043189e-08,1.8022913e-08
11.501292,30.897415,7.0025603e-09,1.4412409e-08,1.8099655e-08,2.0354083e-08,3.0590435e-08,1.9744856e-08
11.1730795,31.216,6.1172445e-09,1.3969716e-08,1.8150965e-08,2.058987e-08,3.060052e-08,2.0268148e-08
11.325849,31.617704,5.2138214e-09,1.14284475e-08,1.5751773e-08,1.8467487e-08,3.0515594e-08,1.8527714e-08
10.844867,31.534586,5.167307e-09,1.3140898e-08,1.8184158e-08,2.0752596e-08,3.058545e-08,2.0842549e-08
11.0831995,30.670856,6.4938805e-09,1.6717163e-08,2.1152161e-08,2.3447578e-08,3.0400905e-08,2.2358597e-08
10.754988,30.98944,5.9894307e-09,1.6387904e-08,2.1273143e-08,2.3661112e-08,3.032342e-08,2.2778096e-08
10.665108,30.444298,5.9149787e-09,1.9220446e-08,2.4282519e-08,2.6590108e-08,2.9503177e-08,2.4826438e-08
15.161766,31.292522,6.822097e-09,8.153072e-09,1.4199691e-08,1.561968e-08,2.9754238e-08,1.352961e-08
15.195533,31.043535,7.485855e-09,9.41664e-09,1.551576e-08,1.7166096e-08,3.001551e-08,1.3682407e-08
15.2293005,30.794546,7.659458e-09,1.0158199e-08,1.6144245e-08,1.8115374e-08,3.0138168e-08,1.3620393e-08
15.392001,31.242025,6.6525137e-09,7.98841e-09,1.3715918e-08,1.5261696e-08,2.9768755e-08,1.3536801e-08
15.425769,30.993036,7.185274e-09,9.27985e-09,1.5079829e-08,1.6904023e-08,3.0016043e-08,1.35998475e-08
15.622237,31.191528,6.446922e-09,7.798563e-09,1.3105344e-08,1.4796099e-08,2.9735455e-08,1.35004585e-08
14.788618,31.011738,8.179531e-09,1.0001747e-08,1.630363e-08,1.7878634e-08,3.0030815e-08,1.3821832e-08
15.008959,30.903143,7.989384e-09,1.01059365e-08,1.6296807e-08,1.8030134e-08,3.0103237e-08,1.37556375e-08
14.975192,31.15213,7.569782e-09,9.25018e-09,1.5541001e-08,1.7014354e-08,2.9931407e-08,1.3693011e-08
15.905423,31.155687,6.094574e-09,7.3581248e-09,1.1972841e-08,1.3786676e-08,2.9562093e-08,1.3376879e-08
15.992142,30.921354,6.2857493e-09,8.525206e-09,1.3105254e-08,1.5270116e-08,2.9756427e-08,1.3245481e-08
16.146015,31.171558,5.6943157e-09,6.639166e-09,1.0468641e-08,1.2247332e-08,2.919909e-08,1.3207591e-08
15.708955,30.957195,6.741958e-09,8.939494e-09,1.42158685e-08,1.6235758e-08,2.9937656e-08,1.3453349e-08
15.512487,30.758705,7.1393242e-09,9.953515e-09,1.5585012e-08,1.7782872e-08,3.0106893e-08,1.3448433e-08
15.795673,30.722864,6.600121e-09,9.67064e-09,1.4778765e-08,1.7195443e-08,3.0012167e-08,1.32443185e-08
14.532233,30.869743,8.7293195e-09,1.0430773e-08,1.6554624e-08,1.8255358e-08,3.0068804e-08,1.396177e-08
14.496188,30.61915,8.7709555e-09,1.0478646e-08,1.6440296e-08,1.8272987e-08,3.012357e-08,1.39500145e-08
14.460144,30.368559,8.422025e-09,1.014033e-08,1.6068917e-08,1.7915154e-08,3.0112886e-08,1.3834646e-08
14.752574,30.761147,8.459079e-09,1.0457537e-08,1.6591885e-08,1.8395278e-08,3.0131538e-08,1.384464e-08
14.716529,30.510555,8.29424e-09,1.03706785e-08,1.6368304e-08,1.8335008e-08,3.0144648e-08,1.3731218e-08
14.972915,30.65255,8.042588e-09,1.0433724e-08,1.6483995e-08,1.8481428e-08,3.016205e-08,1.3669376e-08
14.220595,30.84368,9.108032e-09,1.052746e-08,1.6357465e-08,1.813528e-08,3.0024474e-08,1.41304906e-08
13.908958,30.817617,9.366701e-09,1.0603506e-08,1.6005695e-08,1.7893289e-08,2.9977993e-08,1.4344234e-08
14.184551,30.593088,9.132292e-09,1.0480633e-08,1.6196674e-08,1.798809e-08,3.0088028e-08,1.4177517e-08
12.601062,30.942423,8.648008e-09,1.1633659e-08,1.5056989e-08,1.7350917e-08,3.0001416e-08,1.5921685e-08
12.619151,30.58993,8.929645e-09,1.2147225e-08,1.59318e-08,1.7819088e-08,3.0197945e-08,1.650692e-08
12.63724,30.237434,8.7194465e-09,1.2454531e-08,1.701507e-08,1.860758e-08,3.0400546e-08,1.7175562e-08
12.951193,30.858166,9.149616e-09,1.1251622e-08,1.5109524e-08,1.7301177e-08,2.9930625e-08,1.5376315e-08
12.969282,30.505672,9.2624095e-09,1.1490312e-08,1.5740255e-08,1.7525144e-08,3.0126984e-08,1.5826863e-08
13.301324,30.773909,9.452678e-09,1.0941771e-08,1.5363938e-08,1.7414031e-08,2.9939045e-08,1.4966982e-08
12.240501,30.809923,8.288667e-09,1.2648228e-08,1.5970583e-08,1.8091564e-08,3.0269064e-08,1.713779e-08
11.879942,30.677422,7.774445e-09,1.3987096e-08,1.7558516e-08,1.9600758e-08,3.052518e-08,1.8778335e-08
12.258591,30.457428,8.397867e-09,1.3323002e-08,1.7220591e-08,1.903101e-08,3.044779e-08,1.7927672e-08
13.693121,30.02348,8.430597e-09,9.988725e-09,1.5892473e-08,1.7257891e-08,3.0161576e-08,1.4755515e-08
13.6732025,30.363035,9.2212336e-09,1.0465654e-08,1.5781694e-08,1.7398769e-08,3.0100228e-08,1.4740344e-08
13.653284,30.70259,9.511275e-09,1.0705336e-08,1.5713887e-08,1.762114e-08,2.999056e-08,1.4628177e-08
13.341161,30.094797,8.787073e-09,1.0680652e-08,1.6146897e-08,1.754675e-08,3.0232254e-08,1.5476699e-08
13.321242,30.434353,9.370979e-09,1.09218705e-08,1.5709551e-08,1.740017e-08,3.010018e-08,1.5247618e-08
12.989201,30.166117,8.879342e-09,1.15061125e-08,1.6494061e-08,1.797952e-08,3.0307095e-08,1.6271033e-08
13.948795,30.138506,8.508017e-09,9.887114e-09,1.5761419e-08,1.7256678e-08,3.010665e-08,1.4321879e-08
14.20447,30.253532,8.5073e-09,9.959899e-09,1.5844165e-08,1.7514266e-08,3.0095087e-08,1.40277825e-08
13.928877,30.478062,9.237784e-09,1.0427954e-08,1.5915894e-08,1.7640224e-08,3.008128e-08,1.4409409e-08
5.4587145,28.589275,6.4329186e-09,1.8008219e-08,2.3368987e-08,2.5866715e-08,3.04067e-08,2.5427608e-08
4.9660654,28.252258,7.244463e-09,1.653383e-08,2.0964727e-08,2.3305658e-08,3.0599956e-08,2.4707472e-08
4.4734163,27.915241,7.9314395e-09,1.5200921e-08,1.9031107e-08,2.1215516e-08,3.052767e-08,2.4660658e-08
5.513081,28.000597,7.490046e-09,1.7430457e-08,2.2655433e-08,2.4910484e-08,3.0550613e-08,2.6089293e-08
5.020432,27.66358,8.238517e-09,1.5629654e-08,2.0439193e-08,2.2741084e-08,3.058169e-08,2.577103e-08
5.567447,27.411919,8.353461e-09,1.637788e-08,2.188225e-08,2.4221942e-08,3.0590375e-08,2.7182953e-08
6.0131397,28.349304,6.602313e-09,1.9434802e-08,2.514298e-08,2.7366147e-08,2.9975574e-08,2.6940382e-08
6.0675063,27.760628,7.566756e-09,1.880389e-08,2.4292852e-08,2.643412e-08,3.0256636e-08,2.7686829e-08
6.5675654,28.109335,6.607274e-09,2.1307159e-08,2.6681898e-08,2.861817e-08,2.9137105e-08,2.8472055e-08
2.0074108,26.110085,4.8678666e-09,5.5228693e-09,1.3933878e-08,1.8085608e-08,3.045185e-08,3.0352584e-08
2.5800586,25.851133,4.781746e-09,6.053611e-09,1.3764602e-08,1.788932e-08,3.0579873e-08,2.987885e-08
2.5051734,26.479118,6.1058123e-09,7.5893105e-09,1.4562507e-08,1.7879497e-08,3.0581713e-08,2.9160013e-08
4.0886464,26.324997,7.709366e-09,1.0182832e-08,1.6508382e-08,1.9843899e-08,3.0496924e-08,2.7784099e-08
3.5358605,26.585701,7.666192e-09,1.0084884e-08,1.5868906e-08,1.8866945e-08,3.0552737e-08,2.7600207e-08
2.9830744,26.846403,7.2731168e-09,9.89047e-09,1.5431327e-08,1.8089178e-08,3.0594173e-08,2.7646081e-08
3.6107454,25.957714,6.2012178e-09,8.309208e-09,1.5163332e-08,1.8935971e-08,3.05518e-08,2.8581495e-08
3.0579596,26.218416,6.2851515e-09,7.992011e-09,1.4732698e-08,1.8236731e-08,3.0597356e-08,2.8764237e-08
3.1328444,25.590431,4.54614e-09,6.5840227e-09,1.3966445e-08,1.8215934e-08,3.0596805e-08,2.9492293e-08
3.4817786,27.199669,8.069426e-09,1.20174715e-08,1.6421213e-08,1.8692457e-08,3.053758e-08,2.6261606e-08
4.0345645,26.938965,8.519747e-09,1.2058953e-08,1.7141025e-08,1.9797671e-08,3.0499457e-08,2.664231e-08
3.9804828,27.552933,8.288378e-09,1.3755572e-08,1.7569315e-08,1.9706473e-08,3.049142e-08,2.52372e-08
5.074514,27.049612,8.778991e-09,1.4159163e-08,1.9775538e-08,2.2393834e-08,3.055951e-08,2.70397e-08
4.5274982,27.301273,8.676687e-09,1.3876033e-08,1.8613543e-08,2.1044206e-08,3.0506467e-08,2.5997332e-08
4.58158,26.687305,8.61315e-09,1.2124816e-08,1.8019588e-08,2.0974019e-08,3.049063e-08,2.7244397e-08
7.1911235,26.760399,8.140875e-09,2.086525e-08,2.584109e-08,2.8215908e-08,2.9224044e-08,3.025319e-08
7.149957,27.32628,7.429154e-09,2.2615845e-08,2.7136624e-08,2.9018505e-08,2.8577784e-08,3.0051417e-08
7.108791,27.892162,6.4697105e-09,2.34236e-08,2.8009103e-08,2.9626962e-08,2.790297e-08,2.9688337e-08
6.649898,26.977571,8.288546e-09,1.9135125e-08,2.4587296e-08,2.699528e-08,2.9936235e-08,2.9605554e-08
6.6087317,27.543453,7.5270385e-09,2.0598138e-08,2.5778421e-08,2.7817475e-08,2.958385e-08,2.9084141e-08
6.1086726,27.194746,8.335011e-09,1.7586519e-08,2.3281636e-08,2.5650184e-08,3.04104e-08,2.8534574e-08
7.6067743,28.224424,5.4742855e-09,2.5575815e-08,2.9515618e-08,3.0507657e-08,2.548156e-08,3.0261997e-08
7.6479406,27.658543,6.3007537e-09,2.543362e-08,2.9093755e-08,3.030139e-08,2.6471026e-08,3.0424474e-08
7.689107,27.09266,7.2529294e-09,2.4495346e-08,2.831524e-08,2.9909426e-08,2.7483484e-08,3.0516578e-08
8.145925,27.990805,5.247991e-09,2.7225202e-08,3.016199e-08,3.058965e-08,2.3638618e-08,3.060053e-08
8.187091,27.424923,6.0844005e-09,2.7031716e-08,2.9896512e-08,3.0589728e-08,2.4999771e-08,3.0589753e-08
8.685074,27.757185,5.060358e-09,2.8308596e-08,3.049714e-08,3.0369236e-08,2.1691697e-08,3.0231273e-08
8.6656,28.371653,4.468691e-09,2.7984997e-08,3.0513103e-08,3.029518e-08,2.068912e-08,3.049679e-08
8.646125,28.98612,4.2861767e-09,2.7172604e-08,3.0435928e-08,3.037041e-08,2.1500737e-08,3.055583e-08
8.12645,28.605272,4.6790163e-09,2.686238e-08,3.026014e-08,3.053646e-08,2.2810779e-08,3.0545706e-08
10.157869,28.58113,4.3671515e-09,2.7161763e-08,3.0452195e-08,3.0288263e-08,1.778499e-08,3.0435817e-08
9.647463,28.920948,4.202894e-09,2.7202754e-08,3.041137e-08,3.037892e-08,1.9815884e-08,3.05977e-08
9.137056,29.260769,4.2378554e-09,2.6801105e-08,3.034343e-08,3.045769e-08,2.1803386e-08,3.0382036e-08
9.666938,28.30648,4.2380828e-09,2.8277759e-08,3.0590336e-08,2.9920162e-08,1.7105771e-08,2.9756762e-08
9.156531,28.646301,4.1727923e-09,2.7951891e-08,3.0546797e-08,3.0161857e-08,1.9322854e-08,3.0497265e-08
9.176006,28.031834,4.4653063e-09,2.86438e-08,3.0594876e-08,2.9968426e-08,1.8672003e-08,2.9667868e-08
10.2173,29.672203,4.9092765e-09,2.3873975e-08,2.8712018e-08,3.0224353e-08,2.5487289e-08,2.8631437e-08
9.677178,29.466486,4.4320405e-09,2.577177e-08,2.989998e-08,3.0600408e-08,2.3154401e-08,2.9839967e-08
10.187585,29.126665,4.551749e-09,2.5722455e-08,2.9887534e-08,3.0599892e-08,2.1693948e-08,3.0234645e-08
12.262101,29.95565,7.925081e-09,1.4188225e-08,1.94522e-08,2.1143446e-08,3.0600333e-08,1.9435763e-08
11.883451,30.175644,7.630083e-09,1.5311194e-08,1.9955433e-08,2.182697e-08,3.0585923e-08,2.038913e-08
11.504802,30.395638,7.124887e-09,1.6186402e-08,2.0519394e-08,2.2604265e-08,3.0528568e-08,2.136819e-08
11.886961,29.673866,7.068647e-09,1.6594678e-08,2.2610452e-08,2.4634199e-08,3.0104186e-08,2.2476794e-08
11.508311,29.89386,6.7765766e-09,1.7816554e-08,2.3203782e-08,2.5320345e-08,2.993276e-08,2.3380265e-08
11.511822,29.392084,6.242856e-09,1.943831e-08,2.5756243e-08,2.7928078e-08,2.8186053e-08,2.583474e-08
11.08671,30.169079,6.334337e-09,1.8714552e-08,2.3689747e-08,2.5928868e-08,2.9753602e-08,2.4152033e-08
10.668617,29.942522,5.5922094e-09,2.1299414e-08,2.64939e-08,2.8608868e-08,2.8079956e-08,2.6587777e-08
11.0902195,29.667303,5.9402447e-09,2.057554e-08,2.6140773e-08,2.8275334e-08,2.812806e-08,2.6282553e-08
11.060504,29.121765,5.4281353e-09,2.2636007e-08,2.8376526e-08,3.0071707e-08,2.4532941e-08,2.8885843e-08
10.638902,29.396984,5.1422244e-09,2.3447218e-08,2.8553796e-08,3.0149778e-08,2.4985964e-08,2.8803571e-08
10.609187,28.851446,4.7794018e-09,2.5296572e-08,2.985881e-08,3.0599356e-08,2.0550395e-08,3.0442497e-08
15.281058,30.518972,7.2891275e-09,1.0319246e-08,1.6110913e-08,1.8476495e-08,3.0151618e-08,1.337002e-08
15.332817,30.243399,6.5023618e-09,9.907878e-09,1.5542575e-08,1.8252214e-08,3.006348e-08,1.3041215e-08
15.384575,29.967825,5.5084106e-09,9.118813e-09,1.4695286e-08,1.7649912e-08,2.9895208e-08,1.273626e-08
15.564245,30.483131,6.6763683e-09,1.0184773e-08,1.5634132e-08,1.8275257e-08,3.0104548e-08,1.3162201e-08
15.616004,30.207558,5.8496155e-09,9.804911e-09,1.5100293e-08,1.8131802e-08,2.9997377e-08,1.2850705e-08
15.847432,30.44729,6.063833e-09,9.97212e-09,1.4934104e-08,1.781224e-08,2.9996432e-08,1.2951083e-08
15.024673,30.376976,7.465684e-09,1.0175676e-08,1.60724e-08,1.835671e-08,3.0129705e-08,1.3387847e-08
14.768288,30.234982,7.555672e-09,9.847055e-09,1.5817044e-08,1.7914028e-08,3.00836e-08,1.3436504e-08
15.076431,30.101402,6.551141e-09,9.507055e-09,1.5345815e-08,1.7836651e-08,3.0010288e-08,1.3049517e-08
16.193172,30.376574,5.2798677e-09,9.56939e-09,1.3744921e-08,1.680568e-08,2.9709367e-08,1.2648086e-08
16.307486,30.066124,4.24967e-09,9.099119e-09,1.3113781e-08,1.6538706e-08,2.9454133e-08,1.24396164e-08
16.486368,30.386442,4.826813e-09,9.030912e-09,1.2338923e-08,1.524097e-08,2.9235458e-08,1.2377623e-08
15.961745,30.13684,5.010041e-09,9.5288515e-09,1.4261668e-08,1.7605142e-08,2.9816395e-08,1.2633546e-08
15.730316,29.897108,4.6576543e-09,8.896228e-09,1.4051978e-08,1.7439348e-08,2.9767632e-08,1.2568563e-08
16.076057,29.826391,3.903942e-09,8.596197e-09,1.3226874e-08,1.6855969e-08,2.954047e-08,1.24882495e-08
14.445127,29.993965,7.356633e-09,9.253775e-09,1.5433486e-08,1.7176932e-08,3.0014522e-08,1.3539586e-08
14.430109,29.619373,6.0671295e-09,8.2746805e-09,1.4966469e-08,1.665167e-08,2.9880077e-08,1.3284068e-08
14.4150915,29.24478,4.878114e-09,7.47466e-09,1.4797385e-08,1.6627567e-08,2.980249e-08,1.3193283e-08
14.75327,29.860388,6.3326357e-09,8.774318e-09,1.4962897e-08,1.7042366e-08,2.990467e-08,1.3072229e-08
14.738253,29.485794,5.0636437e-09,7.686262e-09,1.43414125e-08,1.6429922e-08,2.9706682e-08,1.2817512e-08
15.061414,29.726809,5.284988e-09,8.295581e-09,1.4343991e-08,1.6881533e-08,2.976861e-08,1.2705617e-08
13.933778,29.763912,7.3594086e-09,9.187121e-09,1.5713532e-08,1.7053129e-08,3.010393e-08,1.424253e-08
14.174435,29.504347,6.10885e-09,8.320303e-09,1.5322737e-08,1.6819177e-08,2.9974686e-08,1.3683091e-08
14.189452,29.878939,7.379875e-09,9.12686e-09,1.5476033e-08,1.6972686e-08,3.003309e-08,1.3817885e-08
13.475226,29.62661,7.4311615e-09,9.952268e-09,1.6643204e-08,1.7952907e-08,3.0335084e-08,1.546524e-08
13.257331,29.22974,6.4711383e-09,1.0551645e-08,1.8172521e-08,1.9838012e-08,3.05606e-08,1.6842652e-08
13.039435,28.83287,5.704862e-09,1.19957875e-08,2.0430953e-08,2.269727e-08,3.049515e-08,1.913273e-08
13.715883,29.367043,6.3523045e-09,9.057106e-09,1.6403089e-08,1.783385e-08,3.0269078e-08,1.48801504e-08
13.497988,28.970173,5.521636e-09,9.648998e-09,1.783133e-08,1.9733273e-08,3.0526166e-08,1.6203868e-08
13.95654,29.107477,5.2311404e-09,8.187395e-09,1.6015653e-08,1.7715422e-08,3.015952e-08,1.4299807e-08
13.123266,29.697927,7.839095e-09,1.1055566e-08,1.7402757e-08,1.8777602e-08,3.046907e-08,1.6575267e-08
12.771306,29.769247,7.997769e-09,1.2316445e-08,1.8299987e-08,1.9790987e-08,3.056265e-08,1.7795154e-08
12.905371,29.30106,6.884878e-09,1.2073825e-08,1.9455689e-08,2.1215188e-08,3.059535e-08,1.843598e-08
12.396166,29.487463,7.2459216e-09,1.4369337e-08,2.1091596e-08,2.296468e-08,3.0441697e-08,2.0550193e-08
12.021027,29.205679,6.5157897e-09,1.7140538e-08,2.433293e-08,2.6567443e-08,2.9090408e-08,2.4108566e-08
12.530231,29.019276,6.3516015e-09,1.45741295e-08,2.2511944e-08,2.4762706e-08,2.9947316e-08,2.179874e-08
2.2645752,24.22344,1.8547468e-09,4.6595106e-09,1.2642723e-08,1.7935943e-08,3.0419304e-08,3.0480717e-08
2.8078995,23.98724,1.684962e-09,5.56612e-09,1.2546973e-08,1.773695e-08,3.0562447e-08,3.0594457e-08
2.7314215,24.605194,2.127284e-09,4.95867e-09,1.2556464e-08,1.764263e-08,3.0578793e-08,3.0502505e-08
2.9699929,22.233738,5.7943828e-09,1.6493015e-08,1.811062e-08,2.1808203e-08,3.0099205e-08,3.0164877e-08
2.9271853,22.801512,3.0604423e-09,1.1475377e-08,1.543562e-08,1.9876838e-08,3.0373403e-08,3.043117e-08
2.511299,22.404972,5.363782e-09,1.5673493e-08,1.8822833e-08,2.22831e-08,2.9789822e-08,2.9181228e-08
3.0571332,20.669558,1.7194557e-08,1.726651e-08,2.4171726e-08,2.6827026e-08,2.9103049e-08,2.955146e-08
3.0349667,21.167759,1.3988721e-08,1.8753171e-08,2.2620709e-08,2.5585862e-08,2.9172105e-08,2.95222e-08
2.6931722,20.798409,1.7221035e-08,1.8531173e-08,2.5185885e-08,2.752617e-08,2.7867868e-08,2.7561592e-08
8.769727,26.17032,6.1355347e-09,2.573154e-08,2.9338489e-08,3.0445317e-08,2.6845422e-08,3.0538263e-08
8.741509,26.699274,6.2796683e-09,2.7307903e-08,3.004343e-08,3.0600294e-08,2.5317544e-08,3.042317e-08
8.713292,27.22823,5.7722445e-09,2.8111453e-08,3.0379198e-08,3.050532e-08,2.3481741e-08,3.026484e-08
8.2435255,26.367012,7.0344393e-09,2.425462e-08,2.829329e-08,2.999434e-08,2.7652133e-08,3.0600383e-08
8.215308,26.895967,6.853965e-09,2.609975e-08,2.9324477e-08,3.0445197e-08,2.6391467e-08,3.0592982e-08
7.7173247,26.563705,7.741793e-09,2.2616083e-08,2.7090408e-08,2.9238135e-08,2.8432902e-08,3.0533997e-08
4.634611,26.077738,7.452836e-09,1.0228113e-08,1.7148965e-08,2.0748566e-08,3.0447445e-08,2.8041354e-08
5.1805754,25.830479,7.0362156e-09,1.0209695e-08,1.7636873e-08,2.1427148e-08,3.042465e-08,2.8354913e-08
5.72654,25.58322,6.5942594e-09,1.0143448e-08,1.790494e-08,2.182042e-08,3.043858e-08,2.8685283e-08
5.127545,26.440044,8.424296e-09,1.2274416e-08,1.887381e-08,2.2049344e-08,3.0518574e-08,2.7931664e-08
5.673509,26.192785,8.1132265e-09,1.2510148e-08,1.9576099e-08,2.293607e-08,3.056842e-08,2.8621624e-08
5.620478,26.802353,8.695292e-09,1.46949e-08,2.0886965e-08,2.3650545e-08,3.0600372e-08,2.8147703e-08
6.1617036,26.585178,8.566613e-09,1.5570524e-08,2.193224e-08,2.4825242e-08,3.0537297e-08,2.910634e-08
6.2147346,25.975613,7.811241e-09,1.2944724e-08,2.0189656e-08,2.3694453e-08,3.0600383e-08,2.9223429e-08
6.702929,26.368006,8.374602e-09,1.6658259e-08,2.290383e-08,2.5922656e-08,3.0302015e-08,2.9821763e-08
4.334944,24.459606,2.4054179e-09,6.3741035e-09,1.336739e-08,1.8281563e-08,3.035637e-08,2.911911e-08
3.7749436,24.714119,2.591123e-09,6.232036e-09,1.33637466e-08,1.824432e-08,3.0514226e-08,2.9520397e-08
3.2149436,24.968634,2.8870453e-09,5.79915e-09,1.3205109e-08,1.7993386e-08,3.0593938e-08,2.9915856e-08
3.8514218,24.096167,1.7919264e-09,6.153198e-09,1.2607962e-08,1.7711187e-08,3.0515803e-08,2.9791261e-08
3.2914217,24.35068,1.9013489e-09,5.6702434e-09,1.2613793e-08,1.7701387e-08,3.0594347e-08,3.0201093e-08
3.3678997,23.732727,1.6276162e-09,6.471617e-09,1.251906e-08,1.7678646e-08,3.0599974e-08,3.0401484e-08
3.6928446,25.335917,4.2012216e-09,6.997288e-09,1.4299668e-08,1.8729835e-08,3.0534757e-08,2.9156062e-08
4.252845,25.081404,3.820669e-09,7.1566943e-09,1.4539795e-08,1.9122885e-08,3.040628e-08,2.8873837e-08
4.170746,25.7032,5.8819e-09,8.48063e-09,1.5647249e-08,1.9676758e-08,3.0463763e-08,2.84827e-08
5.262675,25.208681,5.049833e-09,8.287223e-09,1.6090885e-08,2.037627e-08,3.0258587e-08,2.8469737e-08
4.71671,25.45594,5.4540474e-09,8.461005e-09,1.598207e-08,2.0191143e-08,3.035754e-08,2.845336e-08
4.798809,24.834143,3.5298235e-09,7.070223e-09,1.4571845e-08,1.920135e-08,3.0238013e-08,2.863358e-08
7.372452,25.12849,5.6101617e-09,1.2210679e-08,1.9973012e-08,2.366932e-08,3.059061e-08,2.9703697e-08
7.312009,25.67246,6.9993615e-09,1.5225599e-08,2.215147e-08,2.563948e-08,3.0343248e-08,3.0112396e-08
7.2515664,26.216429,8.016382e-09,1.834251e-08,2.4195844e-08,2.7164818e-08,2.9828055e-08,3.0276233e-08
6.8238144,25.280067,6.099755e-09,1.1130041e-08,1.8967684e-08,2.2854026e-08,3.0586342e-08,2.9394212e-08
6.763372,25.824036,7.526668e-09,1.3908099e-08,2.1049068e-08,2.4607415e-08,3.0544946e-08,2.973539e-08
6.2751775,25.431643,6.4121357e-09,1.051437e-08,1.8370626e-08,2.2295708e-08,3.051627e-08,2.9042974e-08
7.7777677,26.019737,7.297861e-09,1.9872445e-08,2.542114e-08,2.8178144e-08,2.9318121e-08,3.049517e-08
7.83821,25.475767,6.1441447e-09,1.6619573e-08,2.3389525e-08,2.6585333e-08,3.006641e-08,3.0324845e-08
8.303968,25.823044,6.326776e-09,2.160694e-08,2.6834135e-08,2.9093489e-08,2.8747829e-08,3.058521e-08
3.0785215,19.433485,2.571055e-08,1.9888974e-08,2.6660375e-08,2.8034195e-08,2.9274805e-08,3.0527247e-08
3.0789106,19.80242,2.2879105e-08,1.7579094e-08,2.5697233e-08,2.7587705e-08,2.9440702e-08,3.0426207e-08
2.8012886,19.529295,2.5755403e-08,2.0989702e-08,2.7820938e-08,2.9051014e-08,2.8537835e-08,2.9627872e-08
3.0952199,18.574232,3.0250874e-08,2.7957423e-08,3.0087268e-08,3.0410785e-08,2.6876934e-08,2.9155206e-08
3.0866764,18.819391,2.9501118e-08,2.5764068e-08,2.914622e-08,2.9759605e-08,2.7902896e-08,2.997945e-08
2.8722832,18.6161,3.0408092e-08,2.870796e-08,3.0410295e-08,3.0582292e-08,2.5973922e-08,2.7536485e-08
9.278968,26.437756,5.6075162e-09,2.8078016e-08,3.042636e-08,3.0482894e-08,2.4371358e-08,3.0100306e-08
9.78821,26.705193,5.1270623e-09,2.9058006e-08,3.059712e-08,2.979763e-08,2.0948502e-08,2.888234e-08
10.297451,26.97263,4.826867e-09,2.9144513e-08,3.054163e-08,2.91914e-08,1.7287405e-08,2.7266166e-08
9.250751,26.966711,5.474084e-09,2.8714402e-08,3.056997e-08,3.0193807e-08,2.2188283e-08,2.9625875e-08
9.759992,27.234148,4.888419e-09,2.9098597e-08,3.0583063e-08,2.9544541e-08,1.8404858e-08,2.8117984e-08
9.222533,27.495667,4.9625357e-09,2.8876105e-08,3.059739e-08,2.997762e-08,1.9919996e-08,2.9261003e-08
10.204396,28.044962,4.4175787e-09,2.8085392e-08,3.059647e-08,2.9757054e-08,1.5598866e-08,2.889968e-08
9.713465,27.770315,4.506896e-09,2.8836425e-08,3.059479e-08,2.9605902e-08,1.681541e-08,2.8399455e-08
10.250924,27.508797,4.6162967e-09,2.8740496e-08,3.057864e-08,2.9318581e-08,1.5569238e-08,2.7341798e-08
11.560763,28.871227,5.714743e-09,2.0939803e-08,2.7724735e-08,2.9696062e-08,2.5065713e-08,2.8334474e-08
11.609706,28.35037,5.2549667e-09,2.2582611e-08,2.9092845e-08,3.0500402e-08,2.1380181e-08,3.0164507e-08
11.6586485,27.829515,4.958732e-09,2.4411756e-08,2.9935975e-08,3.055603e-08,1.8510287e-08,3.056258e-08
12.069968,28.684824,5.7719842e-09,1.8526778e-08,2.6355822e-08,2.8693734e-08,2.6774593e-08,2.6683239e-08
12.118911,28.163967,5.1845097e-09,2.0368375e-08,2.7924827e-08,2.998317e-08,2.3969593e-08,2.8926689e-08
12.579173,28.498419,5.4299627e-09,1.5823822e-08,2.4398027e-08,2.7035094e-08,2.8682447e-08,2.4038785e-08
11.109447,28.600908,5.0964473e-09,2.4143738e-08,2.9603434e-08,3.0593416e-08,2.0431282e-08,3.042895e-08
10.658129,28.330591,4.6366733e-09,2.654599e-08,3.0407207e-08,3.0299365e-08,1.6929258e-08,3.024707e-08
11.158388,28.080053,4.8737867e-09,2.5596147e-08,3.027112e-08,3.0397214e-08,1.7085446e-08,3.029859e-08
10.7511835,27.258259,4.7311333e-09,2.8522951e-08,3.0581134e-08,2.9218663e-08,1.5149855e-08,2.7055764e-08
11.204916,27.543886,4.7951025e-09,2.70358e-08,3.0551995e-08,2.986629e-08,1.5443433e-08,2.8837437e-08
10.704656,27.794424,4.6292574e-09,2.7640613e-08,3.0591096e-08,2.9712396e-08,1.5016207e-08,2.8484108e-08
15.45469,29.570726,4.1054062e-09,7.742432e-09,1.3471821e-08,1.663023e-08,2.958626e-08,1.2462861e-08
15.524805,29.173628,3.0310399e-09,6.5136234e-09,1.2655438e-08,1.5975223e-08,2.9320377e-08,1.24257316e-08
15.594919,28.776531,2.3716136e-09,5.6782867e-09,1.243109e-08,1.5943717e-08,2.91856e-08,1.2588555e-08
15.800431,29.50001,3.4094956e-09,7.489291e-09,1.2815742e-08,1.6383773e-08,2.9445724e-08,1.2462954e-08
15.870545,29.102913,2.5328866e-09,6.2624443e-09,1.20343095e-08,1.5680348e-08,2.9188795e-08,1.2593141e-08
16.146172,29.429295,2.838312e-09,7.2017983e-09,1.2070229e-08,1.5799309e-08,2.922176e-08,1.2578095e-08
15.131529,29.329712,3.9384345e-09,7.054956e-09,1.3485481e-08,1.620906e-08,2.949985e-08,1.2470146e-08
14.808368,29.088696,3.8327883e-09,6.721452e-09,1.3913015e-08,1.6300692e-08,2.9545628e-08,1.2662307e-08
15.201644,28.932613,2.9872367e-09,6.1298118e-09,1.3098108e-08,1.6108318e-08,2.9339937e-08,1.2460003e-08
16.579473,29.351475,2.305986e-09,6.735966e-09,1.0879978e-08,1.4345182e-08,2.8701173e-08,1.2771929e-08
16.737148,28.947273,1.7564332e-09,5.539319e-09,1.00542925e-08,1.3248079e-08,2.8437952e-08,1.3394114e-08
16.937103,29.343987,2.0486317e-09,6.307569e-09,9.581253e-09,1.2426889e-08,2.790694e-08,1.27733575e-08
16.303846,29.025093,2.0773312e-09,5.962896e-09,1.1188093e-08,1.4859078e-08,2.8929087e-08,1.2968845e-08
16.028221,28.698711,1.9799908e-09,5.4141074e-09,1.1740995e-08,1.5468613e-08,2.9027255e-08,1.2997816e-08
16.461523,28.620892,1.7099213e-09,5.1405635e-09,1.0928432e-08,1.4456716e-08,2.8780821e-08,1.3601543e-08
14.393408,28.804548,3.8482266e-09,6.9733117e-09,1.5044751e-08,1.7309821e-08,2.9874165e-08,1.33878e-08
14.371723,28.364317,3.2766097e-09,7.079292e-09,1.5805748e-08,1.8676191e-08,3.010898e-08,1.3928865e-08
14.350039,27.924086,3.1549943e-09,7.9416855e-09,1.711875e-08,2.0612038e-08,3.039687e-08,1.4820459e-08
14.786683,28.648464,3.0762288e-09,6.2250023e-09,1.4166049e-08,1.6950764e-08,2.9603736e-08,1.2850048e-08
14.764999,28.208233,2.7653062e-09,6.3548917e-09,1.501091e-08,1.8302948e-08,2.9852682e-08,1.32991e-08
15.179959,28.492382,2.5076123e-09,5.698685e-09,1.349171e-08,1.6803613e-08,2.9396007e-08,1.2675369e-08
13.934855,28.667246,4.256174e-09,8.162734e-09,1.6732457e-08,1.9025551e-08,3.0339763e-08,1.486848e-08
13.476303,28.529942,4.6400044e-09,1.0231915e-08,1.9090685e-08,2.164615e-08,3.0600262e-08,1.735711e-08
13.913171,28.227013,3.7218693e-09,8.835698e-09,1.7898936e-08,2.0879721e-08,3.0534736e-08,1.5873482e-08
13.93922,27.666204,3.6574124e-09,1.0752495e-08,1.9847668e-08,2.3565908e-08,3.058519e-08,1.747372e-08
13.502353,27.969133,4.0524233e-09,1.1839733e-08,2.0899426e-08,2.4189799e-08,3.0426207e-08,1.9138215e-08
13.065485,28.272062,4.7480655e-09,1.3392934e-08,2.2340467e-08,2.5248955e-08,2.9941535e-08,2.1189264e-08
13.528402,27.408325,4.2445567e-09,1.5001271e-08,2.323498e-08,2.684607e-08,2.9839406e-08,2.1443855e-08
13.091535,27.711254,4.4118886e-09,1.6075548e-08,2.444954e-08,2.7607154e-08,2.8889607e-08,2.3668294e-08
13.117584,27.150446,4.8524087e-09,1.999626e-08,2.6649111e-08,2.9464092e-08,2.74812e-08,2.6203924e-08
12.631272,27.376802,4.8048436e-09,2.1551402e-08,2.8100274e-08,3.019135e-08,2.4609026e-08,2.8894947e-08
12.605223,27.93761,4.8301536e-09,1.823988e-08,2.6375902e-08,2.9000152e-08,2.6662809e-08,2.671303e-08
12.14496,27.603159,4.895836e-09,2.3041101e-08,2.9239683e-08,3.0568383e-08,2.1227441e-08,3.0376395e-08
10.223857,25.436295,4.598684e-09,2.8528731e-08,3.0574746e-08,3.0430108e-08,2.3960384e-08,2.9897986e-08
10.248388,25.948406,4.799535e-09,2.9085678e-08,3.059593e-08,2.9975215e-08,2.2307988e-08,2.9275737e-08
10.27292,26.460518,4.900778e-09,2.9275238e-08,3.0556187e-08,2.9470076e-08,1.994578e-08,2.8295903e-08
9.739147,25.68097,4.7415436e-09,2.7719594e-08,3.0395036e-08,3.0575606e-08,2.520693e-08,3.0202376e-08
9.763679,26.19308,5.062589e-09,2.8618803e-08,3.057699e-08,3.025651e-08,2.3423723e-08,2.9720638e-08
9.254437,25.925644,5.299326e-09,2.6748076e-08,2.997757e-08,3.058799e-08,2.6147859e-08,3.0410064e-08
3.4166598,19.990086,2.0669395e-08,1.5449643e-08,2.3591525e-08,2.6103658e-08,3.0012643e-08,3.0585042e-08
3.416271,19.621151,2.3397666e-08,1.6689631e-08,2.4260833e-08,2.6242986e-08,2.997462e-08,3.0432496e-08
3.415882,19.252216,2.6193574e-08,1.9304531e-08,2.550263e-08,2.6911959e-08,2.9746449e-08,3.039489e-08
3.7540202,19.808817,2.114495e-08,1.4527095e-08,2.2087272e-08,2.473861e-08,3.0326444e-08,2.9855798e-08
3.7536314,19.439882,2.3967532e-08,1.6133894e-08,2.299086e-08,2.5021022e-08,3.023763e-08,2.9483582e-08
4.0913806,19.627546,2.1657883e-08,1.3965997e-08,2.0793447e-08,2.3541679e-08,3.0468073e-08,2.8573334e-08
4.301654,21.00909,1.1728437e-08,1.401e-08,1.7148434e-08,2.1946603e-08,3.054981e-08,2.9881758e-08
3.8720362,21.228048,1.1463095e-08,1.615983e-08,1.854431e-08,2.280327e-08,3.0328682e-08,3.052851e-08
3.4424183,21.447004,1.092569e-08,1.8040396e-08,1.9715102e-08,2.3438574e-08,2.9997455e-08,3.0500914e-08
3.8942025,20.729845,1.4676194e-08,1.4857553e-08,1.9975886e-08,2.3887399e-08,3.0399853e-08,3.0429334e-08
3.4645846,20.948803,1.4443612e-08,1.6933605e-08,2.1528985e-08,2.4929673e-08,2.9903553e-08,3.0494437e-08
3.4867508,20.4506,1.7489311e-08,1.5407771e-08,2.2627688e-08,2.568741e-08,3.0045932e-08,3.0587465e-08
4.161472,20.08806,1.8030404e-08,1.2978717e-08,1.964319e-08,2.325098e-08,3.0550893e-08,2.9160708e-08
4.231563,20.548576,1.4803037e-08,1.3324875e-08,1.8583131e-08,2.2875332e-08,3.057068e-08,2.9659308e-08
3.8241115,20.269331,1.7756559e-08,1.404916e-08,2.115203e-08,2.4510358e-08,3.0405303e-08,3.025201e-08
3.5022824,21.986362,6.6552674e-09,1.655396e-08,1.7192493e-08,2.1317158e-08,3.0328447e-08,3.0593988e-08
3.9917643,22.306763,4.1904173e-09,1.2839263e-08,1.4401722e-08,1.915804e-08,3.0580647e-08,3.0315316e-08
4.481246,22.627163,2.8788145e-09,9.60214e-09,1.2703634e-08,1.7670079e-08,3.056202e-08,2.9612133e-08
3.4594748,22.554136,3.5455567e-09,1.2703521e-08,1.5037164e-08,1.9580767e-08,3.0512076e-08,3.0595487e-08
3.9489565,22.874537,2.3922855e-09,9.517668e-09,1.3062476e-08,1.8042632e-08,3.0597544e-08,3.0203044e-08
3.416667,23.121912,2.0743083e-09,8.804011e-09,1.333538e-08,1.8309109e-08,3.0588094e-08,3.053925e-08
3.9001892,23.485352,1.7042471e-09,7.083221e-09,1.2400372e-08,1.7535825e-08,3.055626e-08,3.0026e-08
4.432479,23.237976,1.9280697e-09,7.3652116e-09,1.2182967e-08,1.72248e-08,3.0460505e-08,2.9493597e-08
4.3837113,23.848791,1.8175904e-09,6.339796e-09,1.2460205e-08,1.7507347e-08,3.0373997e-08,2.932605e-08
4.361518,21.548447,8.075742e-09,1.4005018e-08,1.5411546e-08,2.0419298e-08,3.0558642e-08,2.9924802e-08
4.421382,22.087805,4.864851e-09,1.2280303e-08,1.3876607e-08,1.883888e-08,3.0599697e-08,2.9809517e-08
3.9319003,21.767405,7.440314e-09,1.5622595e-08,1.6344158e-08,2.089986e-08,3.0459727e-08,3.0460363e-08
8.9691305,24.667059,4.064176e-09,1.9653559e-08,2.6279222e-08,2.7795302e-08,2.9617187e-08,3.0369343e-08
8.902663,25.168146,4.658395e-09,2.1647828e-08,2.7355096e-08,2.9016354e-08,2.8860477e-08,3.057666e-08
8.836195,25.669233,5.4282054e-09,2.3788163e-08,2.8426445e-08,2.9933897e-08,2.7939093e-08,3.0593537e-08
8.436904,24.82087,4.467042e-09,1.6471617e-08,2.37933e-08,2.6220292e-08,3.0187255e-08,3.017331e-08
8.370437,25.321957,5.3289706e-09,1.8902728e-08,2.528855e-08,2.7818471e-08,2.958254e-08,3.0482894e-08
7.904678,24.97468,5.019257e-09,1.3920375e-08,2.155803e-08,2.4782553e-08,3.0479328e-08,2.9953565e-08
9.387373,24.923471,4.193203e-09,2.3736478e-08,2.874972e-08,2.9718532e-08,2.8129463e-08,3.0599537e-08
9.805614,25.179882,4.3634745e-09,2.6754034e-08,3.0122475e-08,3.055262e-08,2.619065e-08,3.0436823e-08
9.320905,25.424559,4.7042956e-09,2.5312502e-08,2.9423099e-08,3.0323793e-08,2.7221068e-08,3.0545564e-08
10.140345,24.266087,3.8770764e-09,2.5320762e-08,2.966623e-08,3.0179418e-08,2.701293e-08,3.0599896e-08
10.168181,24.656157,4.16188e-09,2.6715842e-08,3.0170884e-08,3.0523832e-08,2.595411e-08,3.050384e-08
10.196019,25.046225,4.4016386e-09,2.7779688e-08,3.0449545e-08,3.05946e-08,2.4968337e-08,3.0245875e-08
9.74994,24.399744,3.8207713e-09,2.3863297e-08,2.8956416e-08,2.9622777e-08,2.8132693e-08,3.0561193e-08
9.777778,24.789814,4.0927337e-09,2.5447337e-08,2.9649366e-08,3.0237786e-08,2.7162207e-08,3.058355e-08
9.359535,24.533401,3.881622e-09,2.1915534e-08,2.7820212e-08,2.8804555e-08,2.899447e-08,3.0478155e-08
5.0758696,22.959091,2.3763325e-09,7.325508e-09,1.1941974e-08,1.6729793e-08,3.0311433e-08,2.8661715e-08
5.6704936,23.291021,2.428058e-09,6.2791865e-09,1.20909265e-08,1.644781e-08,2.9965324e-08,2.787339e-08
6.265117,23.62295,2.8302134e-09,6.1665886e-09,1.2950177e-08,1.6821446e-08,2.9767019e-08,2.7492018e-08
5.0271025,23.569906,2.0387358e-09,6.314369e-09,1.2206238e-08,1.701155e-08,3.0157057e-08,2.8649957e-08
5.621726,23.901834,2.5558433e-09,6.100339e-09,1.2921351e-08,1.7356232e-08,2.9890902e-08,2.8078617e-08
4.978335,24.180721,2.392693e-09,6.2653975e-09,1.3175219e-08,1.7957397e-08,3.0116546e-08,2.8624372e-08
5.906066,24.929796,4.698752e-09,8.043851e-09,1.6012978e-08,2.024157e-08,3.0194336e-08,2.8503488e-08
5.4422,24.555258,3.3761893e-09,6.815796e-09,1.439397e-08,1.8896012e-08,3.0038233e-08,2.8357864e-08
6.0855913,24.276373,3.3559302e-09,6.6308448e-09,1.4183739e-08,1.835877e-08,2.99088e-08,2.8063306e-08
7.0033402,24.626644,4.4873447e-09,8.795169e-09,1.6856614e-08,2.0640279e-08,3.037988e-08,2.874729e-08
6.454703,24.778221,4.6384656e-09,8.237232e-09,1.626203e-08,2.0320213e-08,3.025522e-08,2.8603056e-08
6.6342287,24.124798,3.492579e-09,6.8968196e-09,1.452579e-08,1.8290455e-08,2.9940168e-08,2.790282e-08
7.940308,23.809774,3.5265364e-09,9.765796e-09,1.7853276e-08,2.012316e-08,3.039623e-08,2.7993536e-08
7.7510223,24.249348,3.9292503e-09,1.0064522e-08,1.8221966e-08,2.1133383e-08,3.050278e-08,2.8701479e-08
7.561737,24.68892,4.6071316e-09,1.08456755e-08,1.890841e-08,2.2354952e-08,3.0585113e-08,2.9285532e-08
7.381911,23.7475,3.4268846e-09,7.773214e-09,1.5487423e-08,1.832793e-08,3.0065774e-08,2.752162e-08
7.1926255,24.187073,3.801558e-09,8.038746e-09,1.597919e-08,1.9357724e-08,3.0206817e-08,2.8183427e-08
6.823514,23.685225,3.1843688e-09,6.666331e-09,1.39174166e-08,1.7283734e-08,2.982394e-08,2.7351385e-08
8.283249,24.095537,3.7140353e-09,1.2317203e-08,2.0483949e-08,2.2594552e-08,3.05977e-08,2.8918222e-08
8.62619,24.381298,3.892829e-09,1.5734706e-08,2.3432495e-08,2.5308957e-08,3.0401964e-08,2.9777295e-08
8.093964,24.535109,4.2230184e-09,1.2851112e-08,2.0861778e-08,2.3623432e-08,3.058383e-08,2.9519946e-08
3.3511956,18.419256,3.026756e-08,2.7961377e-08,3.0040614e-08,3.0355064e-08,2.714062e-08,2.980447e-08
3.5986276,18.50944,2.9705147e-08,2.5862837e-08,2.8927705e-08,2.9500873e-08,2.8347912e-08,3.0567826e-08
3.8460598,18.599625,2.8949367e-08,2.3544958e-08,2.7483093e-08,2.8290602e-08,2.9215258e-08,3.0409613e-08
3.3426518,18.664415,2.9628627e-08,2.5758867e-08,2.8949211e-08,2.9566923e-08,2.8215695e-08,3.0432947e-08
3.590084,18.7546,2.8795194e-08,2.331759e-08,2.7432614e-08,2.83145e-08,2.9155816e-08,3.052256e-08
3.3341084,18.909575,2.8565763e-08,2.3234138e-08,2.7639441e-08,2.8537935e-08,2.897778e-08,3.0599857e-08
3.9278333,18.942265,2.7058988e-08,1.9432145e-08,2.4710081e-08,2.6077913e-08,3.0012025e-08,2.9409941e-08
4.0096073,19.284906,2.4516952e-08,1.6090924e-08,2.2379187e-08,2.4402912e-08,3.03339e-08,2.8639537e-08
3.6718578,19.09724,2.6661535e-08,1.9256952e-08,2.493924e-08,2.6338943e-08,2.9921917e-08,2.9885967e-08
3.2412775,18.142872,3.0597924e-08,3.0004237e-08,3.058807e-08,3.048873e-08,2.5035607e-08,2.7581759e-08
3.0878115,17.951862,3.0470947e-08,3.0594038e-08,2.988728e-08,2.9542997e-08,2.2977487e-08,2.4666678e-08
3.3787913,17.95667,3.0599015e-08,3.0309508e-08,3.0473743e-08,3.032918e-08,2.4268218e-08,2.7045504e-08
3.4887094,18.233055,3.041489e-08,2.8734947e-08,3.0358365e-08,3.052458e-08,2.6597906e-08,2.9537587e-08
3.6262233,18.046854,3.0495308e-08,2.9354295e-08,3.0545646e-08,3.0595697e-08,2.5853803e-08,2.9058176e-08
3.7361417,18.323238,2.9977613e-08,2.691944e-08,2.9522456e-08,2.9912854e-08,2.7875046e-08,3.046881e-08
4.3636174,19.397367,2.2716529e-08,1.42170204e-08,2.0387233e-08,2.301234e-08,3.0505507e-08,2.755383e-08
4.2818437,19.054726,2.5481995e-08,1.6851146e-08,2.2544018e-08,2.4387202e-08,3.0353483e-08,2.8104424e-08
4.20007,18.712084,2.7706056e-08,2.0512259e-08,2.5358545e-08,2.6490971e-08,2.9947152e-08,2.9380391e-08
4.635854,19.167187,2.3686024e-08,1.4909526e-08,2.0601721e-08,2.2988717e-08,3.0517047e-08,2.702683e-08
4.5540805,18.824545,2.6229118e-08,1.7947858e-08,2.330815e-08,2.4815554e-08,3.0327993e-08,2.8125111e-08
4.9080906,18.937006,2.4466265e-08,1.5940783e-08,2.1388916e-08,2.333592e-08,3.0512307e-08,2.70518e-08
12.687632,26.782942,5.5922875e-09,2.5135332e-08,2.9432222e-08,3.0599615e-08,2.3102464e-08,3.0146037e-08
12.20132,27.009298,5.1427906e-09,2.5884356e-08,3.0072002e-08,3.0488334e-08,1.976858e-08,3.0558486e-08
11.715008,27.235655,4.927986e-09,2.6562894e-08,3.042958e-08,3.0155043e-08,1.7023892e-08,2.9725303e-08
12.257679,26.415436,6.108133e-09,2.8135794e-08,3.0493144e-08,3.0025824e-08,1.9326624e-08,3.0126028e-08
11.771366,26.641792,5.33837e-09,2.83491e-08,3.0592922e-08,2.9633062e-08,1.7149873e-08,2.8839688e-08
11.827725,26.047932,6.2034844e-09,2.9390115e-08,3.0580143e-08,2.9247047e-08,1.8011484e-08,2.8448012e-08
10.75848,25.640173,4.9978652e-09,2.9436773e-08,3.0555857e-08,2.9728566e-08,2.1178266e-08,2.8873115e-08
11.293103,25.844053,5.580263e-09,2.9659587e-08,3.0502594e-08,2.9160214e-08,1.8804768e-08,2.7978148e-08
10.783011,26.152285,4.963318e-09,2.949025e-08,3.051049e-08,2.9257427e-08,1.9272857e-08,2.7994593e-08
11.317635,26.356165,5.241513e-09,2.9303344e-08,3.0540114e-08,2.9074695e-08,1.7219064e-08,2.7545516e-08
10.807543,26.664396,4.8740856e-09,2.9201031e-08,3.0521996e-08,2.9035762e-08,1.6987908e-08,2.710383e-08
11.261275,26.950026,4.9045514e-09,2.8392177e-08,3.0596176e-08,2.9327465e-08,1.5686213e-08,2.7602614e-08
15.677936,28.307734,2.0577835e-09,5.2805853e-09,1.2924022e-08,1.6657332e-08,2.9209797e-08,1.2965362e-08
15.760952,27.838936,2.1646465e-09,5.506931e-09,1.4080313e-08,1.7898607e-08,2.938516e-08,1.3489346e-08
15.843968,27.370138,2.6754683e-09,6.330442e-09,1.562651e-08,1.9295276e-08,2.9642145e-08,1.4145109e-08
16.111237,28.229914,1.8290562e-09,5.0398894e-09,1.2335685e-08,1.6072287e-08,2.9045497e-08,1.35616105e-08
16.194254,27.761116,2.037504e-09,5.2461253e-09,1.350385e-08,1.7116207e-08,2.919763e-08,1.4250451e-08
16.544538,28.152094,1.6813746e-09,4.7868784e-09,1.1550465e-08,1.4953015e-08,2.884174e-08,1.4390766e-08
15.262976,28.023584,2.3595268e-09,5.7923573e-09,1.43855745e-08,1.8105654e-08,2.9582413e-08,1.3060874e-08
14.848016,27.739435,2.816931e-09,7.041783e-09,1.6259142e-08,2.0080897e-08,3.0125413e-08,1.3840694e-08
15.345992,27.554787,2.6772047e-09,6.569407e-09,1.586875e-08,1.9787176e-08,2.9864474e-08,1.360156e-08
17.073652,28.031767,1.5905474e-09,4.31745e-09,1.0135111e-08,1.2694496e-08,2.8487912e-08,1.5517623e-08
17.25248,27.520464,1.945456e-09,4.3600474e-09,1.07679465e-08,1.2996728e-08,2.8725907e-08,1.6912367e-08
17.536839,28.00167,1.5173861e-09,3.6908008e-09,8.223059e-09,9.770199e-09,2.7951202e-08,1.618283e-08
16.723368,27.64079,1.9711952e-09,4.9009206e-09,1.2452624e-08,1.55104e-08,2.8977626e-08,1.5552454e-08
16.373081,27.249813,2.6153366e-09,5.919796e-09,1.4757285e-08,1.7964918e-08,2.9388609e-08,1.5317354e-08
16.902195,27.129486,2.561581e-09,5.390844e-09,1.3276763e-08,1.5931997e-08,2.916427e-08,1.6822876e-08
14.40709,27.435051,3.5062022e-09,9.680537e-09,1.8926748e-08,2.294903e-08,3.0577088e-08,1.5873532e-08
14.464141,26.946018,4.5621076e-09,1.2663497e-08,2.1297554e-08,2.5447251e-08,3.0557654e-08,1.7232253e-08
14.521192,26.456985,6.3722325e-09,1.6756495e-08,2.396012e-08,2.7708355e-08,3.0222314e-08,1.8929297e-08
14.9050665,27.250402,3.4712302e-09,8.763258e-09,1.8241103e-08,2.2327733e-08,3.042222e-08,1.4674807e-08
14.962117,26.76137,4.7841446e-09,1.1589743e-08,2.0638453e-08,2.460669e-08,3.0590538e-08,1.5785483e-08
15.403043,27.065754,3.551579e-09,8.2336715e-09,1.7876586e-08,2.1700219e-08,3.019533e-08,1.4352452e-08
13.996272,27.177172,4.285945e-09,1.3604231e-08,2.198031e-08,2.5981162e-08,3.0366355e-08,1.9067123e-08
13.585454,26.919292,5.1633635e-09,1.8687695e-08,2.5374673e-08,2.8760185e-08,2.9063576e-08,2.3417089e-08
14.053323,26.688139,5.7155414e-09,1.7606244e-08,2.4480416e-08,2.8208433e-08,2.9815467e-08,2.0947851e-08
13.376843,25.831913,9.48927e-09,2.7691904e-08,3.0026243e-08,3.048456e-08,2.4671566e-08,2.9560042e-08
13.758293,26.04027,8.740695e-09,2.51971e-08,2.8742472e-08,3.0518745e-08,2.7200677e-08,2.65016e-08
14.139743,26.248629,7.62352e-09,2.1331687e-08,2.6593266e-08,2.9601496e-08,2.908162e-08,2.2572033e-08
13.290423,26.271423,7.501194e-09,2.570941e-08,2.91652e-08,3.0588986e-08,2.5734378e-08,2.8625383e-08
13.671873,26.479782,6.6926575e-09,2.2128695e-08,2.7164743e-08,2.9924472e-08,2.8242846e-08,2.4965749e-08
13.204004,26.710936,5.8560827e-09,2.2987857e-08,2.7984637e-08,3.0248593e-08,2.665689e-08,2.748975e-08
12.860471,25.90392,8.46913e-09,2.8533574e-08,3.042274e-08,3.013581e-08,2.1977282e-08,3.0600322e-08
12.774052,26.34343,6.8286723e-09,2.7153582e-08,3.003755e-08,3.0481058e-08,2.2558359e-08,3.048464e-08
12.344098,25.975925,7.28508e-09,2.9072869e-08,3.0588556e-08,2.9664484e-08,1.9448738e-08,2.9825834e-08
11.338763,24.493736,5.6109135e-09,2.8725095e-08,3.0598564e-08,3.0232872e-08,2.1021487e-08,2.9499315e-08
11.501751,25.0118,6.330156e-09,2.9499162e-08,3.0556347e-08,2.9627952e-08,1.9779208e-08,2.8657217e-08
11.664739,25.529867,6.537854e-09,2.9724843e-08,3.0521832e-08,2.9182347e-08,1.8791184e-08,2.8202848e-08
10.967128,24.807922,5.1343774e-09,2.8853565e-08,3.060006e-08,3.027615e-08,2.2091426e-08,2.9601786e-08
11.1301155,25.325987,5.5311355e-09,2.9534892e-08,3.05464e-08,2.9661157e-08,2.0518064e-08,2.873906e-08
10.595492,25.122108,4.753013e-09,2.8792153e-08,3.0597356e-08,3.0350918e-08,2.310317e-08,2.9742564e-08
10.539817,24.34197,4.2366115e-09,2.698365e-08,3.0279605e-08,3.0576697e-08,2.5060855e-08,3.0479296e-08
10.93929,24.417852,4.8002526e-09,2.8056588e-08,3.0531634e-08,3.0529158e-08,2.2976465e-08,3.0087456e-08
10.567655,24.732038,4.5430952e-09,2.8053226e-08,3.0519832e-08,3.056543e-08,2.4031666e-08,3.01611e-08
4.523804,19.769747,1.9272449e-08,1.24526105e-08,1.8512694e-08,2.209048e-08,3.0588662e-08,2.7516679e-08
4.9562273,19.911947,1.6637188e-08,1.1289703e-08,1.6311436e-08,2.0772195e-08,3.0579503e-08,2.6677306e-08
5.388651,20.054146,1.3885231e-08,1.0061046e-08,1.4224092e-08,1.9515356e-08,3.0453553e-08,2.5977956e-08
4.593895,20.23026,1.5676182e-08,1.1914366e-08,1.7286135e-08,2.1755435e-08,3.0598038e-08,2.8172007e-08
5.0263186,20.372461,1.3216359e-08,1.07583755e-08,1.505154e-08,2.0347352e-08,3.0521612e-08,2.7262796e-08
4.663986,20.690775,1.2550468e-08,1.212673e-08,1.6137934e-08,2.1249432e-08,3.059678e-08,2.873163e-08
5.0682774,19.309385,2.106881e-08,1.3156018e-08,1.836534e-08,2.1506617e-08,3.0596674e-08,2.6121358e-08
5.228464,19.681767,1.7348583e-08,1.1310557e-08,1.5996351e-08,2.0307404e-08,3.0572902e-08,2.5912357e-08
4.7960405,19.539566,2.0192337e-08,1.25969875e-08,1.8162961e-08,2.160804e-08,3.0594997e-08,2.6589907e-08
4.9137177,21.194708,8.933769e-09,1.1558634e-08,1.4272295e-08,1.9833417e-08,3.059514e-08,2.8660436e-08
5.5257816,21.380323,6.7268715e-09,9.180761e-09,1.2629047e-08,1.8361137e-08,3.049771e-08,2.7431547e-08
6.1378455,21.56594,5.20725e-09,7.535444e-09,1.1923764e-08,1.7387045e-08,3.0312588e-08,2.632091e-08
4.973582,21.734064,6.003638e-09,1.09817435e-08,1.3315514e-08,1.8629216e-08,3.0587895e-08,2.8817354e-08
5.5856457,21.919682,4.6934687e-09,8.661988e-09,1.22796004e-08,1.740537e-08,3.044762e-08,2.7676966e-08
5.033446,22.273422,3.7993564e-09,9.454372e-09,1.2493413e-08,1.7463917e-08,3.0517295e-08,2.8776597e-08
5.6280694,22.60535,3.0417613e-09,7.3928095e-09,1.1930743e-08,1.6455765e-08,3.0234716e-08,2.7805966e-08
6.1802692,22.251612,3.6871028e-09,7.212768e-09,1.2019298e-08,1.6441723e-08,3.0170806e-08,2.6781285e-08
6.2226934,22.93728,2.885218e-09,6.4897705e-09,1.2213364e-08,1.6090521e-08,2.9905056e-08,2.7094064e-08
5.6383824,20.558077,1.0006203e-08,8.801951e-09,1.2671912e-08,1.8750017e-08,3.0324525e-08,2.6114114e-08
5.888114,21.06201,7.188076e-09,8.024559e-09,1.2074256e-08,1.8156756e-08,3.0344854e-08,2.6260315e-08
5.27605,20.876392,9.5959996e-09,1.0003167e-08,1.3504885e-08,1.9381115e-08,3.0502694e-08,2.7426577e-08
10.728138,23.461637,3.507721e-09,2.435528e-08,2.9116537e-08,2.9956293e-08,2.6701692e-08,3.0532718e-08
10.93168,23.80567,4.0974477e-09,2.627106e-08,3.0050092e-08,3.0532494e-08,2.4619832e-08,3.055566e-08
11.1352215,24.149702,4.8168087e-09,2.7715764e-08,3.0479036e-08,3.055645e-08,2.2637522e-08,3.0164497e-08
10.532207,23.729788,3.6578909e-09,2.4776778e-08,2.9391401e-08,3.0072407e-08,2.6786262e-08,3.0564447e-08
10.735748,24.07382,4.19011e-09,2.6673389e-08,3.01917e-08,3.056192e-08,2.4825647e-08,3.0521985e-08
10.336275,23.997938,3.7790104e-09,2.511164e-08,2.9576478e-08,3.014313e-08,2.6893128e-08,3.0588648e-08
9.098796,24.172312,3.6373307e-09,1.8383792e-08,2.554496e-08,2.6693105e-08,3.007876e-08,2.9922212e-08
8.755855,23.88655,3.4892276e-09,1.4657389e-08,2.2596337e-08,2.3963775e-08,3.056753e-08,2.9030705e-08
8.412914,23.60079,3.3698522e-09,1.1564478e-08,1.9641103e-08,2.1229342e-08,3.0528835e-08,2.800085e-08
9.22846,23.677567,3.3115242e-09,1.7128366e-08,2.4532657e-08,2.5462613e-08,3.0384697e-08,2.9214227e-08
8.88552,23.391804,3.1993992e-09,1.3639632e-08,2.1429459e-08,2.2585532e-08,3.0599075e-08,2.81061e-08
9.358126,23.18282,3.0271332e-09,1.5708604e-08,2.2921933e-08,2.3997512e-08,3.0545593e-08,2.8338063e-08
9.879604,23.904999,3.5067087e-09,2.2500695e-08,2.8225312e-08,2.8923633e-08,2.880244e-08,3.030372e-08
9.489201,24.038656,3.537391e-09,2.0631989e-08,2.7099787e-08,2.7914535e-08,2.956413e-08,3.0114755e-08
9.618865,23.54391,3.2223364e-09,1.9153887e-08,2.5932058e-08,2.6773453e-08,3.001927e-08,2.9496245e-08
10.075536,23.636848,3.3590828e-09,2.232729e-08,2.804199e-08,2.8826097e-08,2.8777539e-08,3.0189987e-08
9.814796,23.275759,3.0571607e-09,1.902932e-08,2.5590454e-08,2.6574519e-08,3.001911e-08,2.928696e-08
10.271467,23.368698,3.199688e-09,2.2024135e-08,2.7703186e-08,2.8655327e-08,2.8753542e-08,3.007598e-08
7.7341204,22.413404,3.2614993e-09,7.3123263e-09,1.3607416e-08,1.6588542e-08,2.9923612e-08,2.5288703e-08
7.2444525,22.816587,3.2201282e-09,6.980733e-09,1.3498325e-08,1.6376475e-08,2.984061e-08,2.6095305e-08
6.754785,23.219769,3.0273102e-09,6.5012387e-09,1.3106408e-08,1.6393532e-08,2.9770888e-08,2.6841361e-08
7.2020288,22.130917,3.5638155e-09,6.722208e-09,1.2413183e-08,1.6299667e-08,2.9937457e-08,2.5248543e-08
6.712361,22.5341,3.325215e-09,6.734482e-09,1.2432391e-08,1.6085213e-08,2.9927e-08,2.6237064e-08
6.669937,21.848429,4.1483457e-09,6.818079e-09,1.1901558e-08,1.6664393e-08,3.01085e-08,2.5643073e-08
7.8715787,23.344318,3.293198e-09,8.689881e-09,1.6350326e-08,1.843376e-08,3.0152812e-08,2.6989422e-08
7.313182,23.282043,3.2152359e-09,7.231449e-09,1.43944066e-08,1.7076154e-08,2.9879228e-08,2.6741779e-08
7.8028493,22.878862,3.209818e-09,7.930968e-09,1.4941675e-08,1.723781e-08,2.9986207e-08,2.6081072e-08
8.344185,23.135332,3.1883847e-09,1.0056677e-08,1.7679517e-08,1.9333912e-08,3.033128e-08,2.6879999e-08
8.275455,22.669876,3.1044631e-09,8.814507e-09,1.5687876e-08,1.7874344e-08,3.014492e-08,2.5829213e-08
8.816791,22.926348,3.0235139e-09,1.15906955e-08,1.8893168e-08,2.0414014e-08,3.0491826e-08,2.6910334e-08
4.0729766,18.38164,2.9276439e-08,2.4666933e-08,2.8234322e-08,2.879055e-08,2.889882e-08,3.0520216e-08
3.9630585,18.105255,3.008887e-08,2.7699201e-08,2.9942235e-08,3.015302e-08,2.7265168e-08,3.027499e-08
3.8531404,17.82887,3.0503493e-08,2.9720464e-08,3.059732e-08,3.0599146e-08,2.4904397e-08,2.844976e-08
4.299894,18.163656,2.944815e-08,2.569671e-08,2.8905262e-08,2.9207785e-08,2.837979e-08,3.060023e-08
4.1899757,17.887272,3.012036e-08,2.8331959e-08,3.0217965e-08,3.0310016e-08,2.6369978e-08,2.9854487e-08
4.5268106,17.945673,2.9503797e-08,2.6560544e-08,2.9375302e-08,2.9517976e-08,2.7628733e-08,3.0505568e-08
4.653904,18.276117,2.841893e-08,2.3021446e-08,2.7261088e-08,2.768615e-08,2.9431547e-08,3.0163903e-08
4.7809973,18.606562,2.6781706e-08,1.924442e-08,2.4413469e-08,2.5448884e-08,3.0239388e-08,2.8597263e-08
4.426987,18.4941,2.8161619e-08,2.1793515e-08,2.6346147e-08,2.71239e-08,2.9755753e-08,2.9733348e-08
3.7231328,17.505121,3.058799e-08,3.0596404e-08,2.9945593e-08,2.9904395e-08,2.144926e-08,2.4527425e-08
3.546462,17.256754,3.037862e-08,3.0129172e-08,2.8218029e-08,2.8365296e-08,1.8307063e-08,2.0211116e-08
3.9299605,17.239775,3.059234e-08,3.0567982e-08,2.9595599e-08,2.964312e-08,1.9317183e-08,2.238531e-08
4.059968,17.563522,3.0522525e-08,3.01693e-08,3.0560763e-08,3.0544157e-08,2.311644e-08,2.6965827e-08
4.2667956,17.298176,3.0519352e-08,3.044153e-08,3.042325e-08,3.041215e-08,2.1041592e-08,2.5087072e-08
4.3968034,17.621925,3.017444e-08,2.9127959e-08,3.047251e-08,3.0502566e-08,2.4724347e-08,2.8793826e-08
5.299037,18.97269,2.2789314e-08,1.4823337e-08,1.9983089e-08,2.2200402e-08,3.0584204e-08,2.6406838e-08
5.689984,19.008373,2.0828967e-08,1.3816492e-08,1.8455934e-08,2.0977023e-08,3.0599526e-08,2.5934877e-08
6.08093,19.044058,1.8664277e-08,1.27416975e-08,1.6768507e-08,1.9656506e-08,3.056929e-08,2.5577574e-08
5.4592237,19.34507,1.9137632e-08,1.22861925e-08,1.6874393e-08,2.0463194e-08,3.0590346e-08,2.5628246e-08
5.85017,19.380754,1.7020156e-08,1.1334852e-08,1.5318573e-08,1.934661e-08,3.053395e-08,2.5264518e-08
5.6194105,19.71745,1.5366012e-08,1.0391758e-08,1.4445833e-08,1.9282067e-08,3.0486383e-08,2.5387179e-08
5.4494166,18.21977,2.64046e-08,2.0448947e-08,2.5210884e-08,2.5632335e-08,3.0131087e-08,2.9334831e-08
5.268975,18.458849,2.5999345e-08,1.9006496e-08,2.4149294e-08,2.4875538e-08,3.0344328e-08,2.8498262e-08
5.0885324,18.697927,2.5362636e-08,1.7457939e-08,2.2799153e-08,2.4097442e-08,3.0457024e-08,2.7668607e-08
5.1418815,18.128405,2.7655235e-08,2.2390944e-08,2.6761494e-08,2.7044237e-08,2.9592796e-08,3.007705e-08
4.961439,18.367483,2.7325486e-08,2.0891386e-08,2.5741532e-08,2.6290115e-08,3.000173e-08,2.9388865e-08
4.8343463,18.037039,2.8679104e-08,2.4474197e-08,2.8167499e-08,2.8366818e-08,2.8766118e-08,3.0541006e-08
5.659921,18.494534,2.4375893e-08,1.7572992e-08,2.2591735e-08,2.3473854e-08,3.051917e-08,2.7785862e-08
5.8704257,18.769295,2.1761071e-08,1.5036898e-08,1.97024e-08,2.1427546e-08,3.0600138e-08,2.6456002e-08
5.4794793,18.733612,2.3704427e-08,1.619379e-08,2.1339607e-08,2.2810543e-08,3.056433e-08,2.699415e-08
13.178123,25.428709,1.0644094e-08,2.9126122e-08,3.055579e-08,2.989135e-08,2.2216447e-08,3.0592673e-08
12.661751,25.500715,9.23522e-09,2.9448339e-08,3.060039e-08,2.951178e-08,2.010652e-08,3.0030108e-08
12.145378,25.572721,7.693897e-09,2.9635126e-08,3.0574444e-08,2.9230135e-08,1.8780486e-08,2.8839935e-08
12.979403,25.025507,1.0869774e-08,2.9603102e-08,3.0582925e-08,2.9389362e-08,2.008371e-08,3.0113586e-08
12.46303,25.097513,9.229256e-09,2.9677109e-08,3.05598e-08,2.923579e-08,1.8931075e-08,2.9060065e-08
12.780683,24.622303,1.0132007e-08,2.9570286e-08,3.0531005e-08,2.9324054e-08,1.8541385e-08,2.9192824e-08
11.819403,24.536592,6.8813804e-09,2.9148051e-08,3.058798e-08,2.9827245e-08,1.9249851e-08,2.8863749e-08
12.300042,24.579447,8.459249e-09,2.9413142e-08,3.0555015e-08,2.9491313e-08,1.834533e-08,2.8653657e-08
11.98239,25.054657,7.69087e-09,2.9652712e-08,3.0540733e-08,2.9306662e-08,1.8779643e-08,2.84446e-08
19.53841,23.35085,2.3479774e-09,2.5414502e-09,7.1819715e-09,1.2367647e-08,2.9554643e-08,2.6736588e-08
19.774576,23.65708,1.975014e-09,1.8921031e-09,5.4989147e-09,9.759713e-09,2.9421344e-08,2.7108616e-08
19.287184,23.719868,2.4212314e-09,2.8752258e-09,7.451856e-09,1.2825802e-08,2.9751137e-08,2.6639746e-08
18.764236,24.532717,2.6514202e-09,3.8351073e-09,8.330466e-09,1.2928645e-08,2.984156e-08,2.5520553e-08
19.052338,24.902922,2.2832596e-09,3.0512841e-09,6.7327757e-09,1.0052032e-08,2.9795487e-08,2.5754565e-08
18.492517,24.976547,2.8406477e-09,4.368663e-09,8.95939e-09,1.2795177e-08,2.9754345e-08,2.444474e-08
18.249075,26.410751,2.5769935e-09,3.829509e-09,8.407192e-09,9.727828e-09,2.915362e-08,2.1360714e-08
17.694471,26.479567,2.9464065e-09,4.9133173e-09,1.0972771e-08,1.2935806e-08,2.9195546e-08,1.9955042e-08
17.957636,25.949972,3.1267628e-09,4.9848037e-09,1.0388871e-08,1.2731575e-08,2.9407872e-08,2.1572271e-08
17.016195,26.505112,3.5137493e-09,6.4045906e-09,1.4175041e-08,1.6584405e-08,2.9425353e-08,1.815296e-08
16.601082,26.00106,4.9849866e-09,9.050964e-09,1.7110626e-08,1.9486786e-08,2.9953767e-08,1.8018579e-08
16.185966,25.497011,6.8880115e-09,1.3411625e-08,2.0658675e-08,2.3053325e-08,3.0529797e-08,1.879017e-08
17.279358,25.975515,3.9559116e-09,6.7676695e-09,1.364197e-08,1.6107643e-08,2.9541047e-08,1.9781151e-08
16.864244,25.471466,5.2893645e-09,9.553554e-09,1.6539301e-08,1.9017055e-08,3.005325e-08,1.987703e-08
17.54252,25.44592,4.0038723e-09,6.8048465e-09,1.2822241e-08,1.5772162e-08,2.9672172e-08,2.1453106e-08
15.957969,26.745764,3.9644017e-09,8.2556655e-09,1.7735259e-08,2.089135e-08,2.999888e-08,1.5254015e-08
16.071968,26.121387,5.6048703e-09,1.0805894e-08,1.9430543e-08,2.2044768e-08,3.03021e-08,1.6736767e-08
16.487082,26.625437,3.782468e-09,7.36898e-09,1.6226577e-08,1.892288e-08,2.9684191e-08,1.6552585e-08
15.517043,26.441378,5.370464e-09,1.13960565e-08,2.045458e-08,2.3766013e-08,3.0493357e-08,1.566555e-08
15.0761175,26.136993,7.181593e-09,1.6222046e-08,2.3645377e-08,2.6976858e-08,3.048887e-08,1.7595447e-08
15.6310425,25.817003,7.400396e-09,1.5190697e-08,2.2671884e-08,2.5434112e-08,3.059949e-08,1.7590256e-08
14.363972,24.887735,1.2421076e-08,2.8167458e-08,3.0366675e-08,3.0446163e-08,2.4918094e-08,2.8181814e-08
14.971304,25.090826,1.1067248e-08,2.4867886e-08,2.8656613e-08,3.0272748e-08,2.8119628e-08,2.3711982e-08
15.578635,25.293919,8.999277e-09,1.9243803e-08,2.5028513e-08,2.753372e-08,3.0261535e-08,2.0112019e-08
14.416379,25.410818,1.1221251e-08,2.6142631e-08,2.9293911e-08,3.056559e-08,2.7320057e-08,2.51862e-08
15.02371,25.61391,9.448151e-09,2.1144706e-08,2.6451808e-08,2.9041198e-08,2.9747042e-08,2.033431e-08
14.468785,25.9339,8.92986e-09,2.2148036e-08,2.7053343e-08,2.9739384e-08,2.913648e-08,2.1902219e-08
13.705886,25.517187,1.1046867e-08,2.8057293e-08,3.01824e-08,3.0438095e-08,2.5036153e-08,2.9011533e-08
14.034929,25.202461,1.2092276e-08,2.8243038e-08,3.031361e-08,3.0415006e-08,2.5072227e-08,2.8518741e-08
14.087336,25.725544,1.0210615e-08,2.5801953e-08,2.9056322e-08,3.0557658e-08,2.732467e-08,2.5749243e-08
13.507166,25.113983,1.1917596e-08,2.9242333e-08,3.058874e-08,2.985213e-08,2.252286e-08,3.049614e-08
13.308445,24.710781,1.171509e-08,2.9580933e-08,3.0555576e-08,2.9425802e-08,2.0126071e-08,3.0333496e-08
13.836208,24.799257,1.2544073e-08,2.9231927e-08,3.0600138e-08,2.987297e-08,2.2486175e-08,3.0344996e-08
11.587818,24.040237,5.5133356e-09,2.8068815e-08,3.0553036e-08,3.041164e-08,2.0730774e-08,2.9775872e-08
11.836873,23.586737,5.1168505e-09,2.7303694e-08,3.0430837e-08,3.0549327e-08,2.063826e-08,3.001558e-08
12.085927,23.133238,4.545808e-09,2.6515128e-08,3.0221088e-08,3.060051e-08,2.0884086e-08,3.0174245e-08
12.068458,24.083092,6.801021e-09,2.8630804e-08,3.0600518e-08,3.00844e-08,1.8827613e-08,2.915636e-08
12.3175125,23.629593,6.2951484e-09,2.803156e-08,3.0580523e-08,3.032216e-08,1.8561686e-08,2.9422646e-08
12.549097,24.125948,8.357693e-09,2.904889e-08,3.057158e-08,2.9751147e-08,1.7785512e-08,2.8853977e-08
11.180735,23.35217,3.7463694e-09,2.5284173e-08,2.9592629e-08,3.03617e-08,2.4820366e-08,3.0598482e-08
11.63333,23.242704,4.0944297e-09,2.596306e-08,2.9946094e-08,3.0549202e-08,2.2804914e-08,3.047247e-08
11.384276,23.696203,4.5379815e-09,2.6870826e-08,3.0276183e-08,3.0600408e-08,2.2594179e-08,3.035365e-08
6.812003,20.141235,8.006286e-09,6.540966e-09,1.0650432e-08,1.7066668e-08,2.9972853e-08,2.4112309e-08
6.5872836,20.616137,6.9155353e-09,6.4765895e-09,1.0950807e-08,1.744514e-08,2.9984697e-08,2.4429085e-08
6.3625646,21.09104,6.0862213e-09,6.9322805e-09,1.14989795e-08,1.7604219e-08,3.0178203e-08,2.5317163e-08
6.337552,20.112206,9.762154e-09,7.509568e-09,1.13899326e-08,1.7549812e-08,3.0100956e-08,2.45911e-08
6.112833,20.587107,8.35516e-09,7.458139e-09,1.1600789e-08,1.7944547e-08,3.014486e-08,2.5199283e-08
5.8631015,20.083176,1.17628876e-08,8.763213e-09,1.2585006e-08,1.8393523e-08,3.027857e-08,2.5207443e-08
6.324621,19.409782,1.4500346e-08,1.00498125e-08,1.3551792e-08,1.8034186e-08,3.042966e-08,2.4941047e-08
6.568312,19.775509,1.0805263e-08,7.894503e-09,1.1517765e-08,1.7219858e-08,3.0194233e-08,2.4509053e-08
6.093861,19.746479,1.3020275e-08,9.151838e-09,1.2800659e-08,1.8128635e-08,3.0338185e-08,2.4889104e-08
7.6241145,21.06219,4.1052366e-09,5.872088e-09,1.0882779e-08,1.6985403e-08,2.9868477e-08,2.352862e-08
7.660783,21.512594,3.6823262e-09,6.2740626e-09,1.1558217e-08,1.6661383e-08,2.9908502e-08,2.3978213e-08
7.6974516,21.963,3.4165448e-09,6.7809625e-09,1.24847315e-08,1.6461797e-08,2.9920027e-08,2.459445e-08
7.128691,21.230106,4.5478554e-09,6.102374e-09,1.1175166e-08,1.701803e-08,2.9962415e-08,2.4204303e-08
7.16536,21.680511,3.9754795e-09,6.4299273e-09,1.1749865e-08,1.6634534e-08,2.9985358e-08,2.4713072e-08
6.6332684,21.398024,4.947987e-09,6.6615846e-09,1.1543583e-08,1.7170676e-08,3.0133254e-08,2.5189658e-08
7.3534107,20.755203,4.9363895e-09,5.7516827e-09,1.059563e-08,1.7149947e-08,2.9852913e-08,2.3575513e-08
6.8579874,20.92312,5.515345e-09,6.1459042e-09,1.09701075e-08,1.7290631e-08,2.997164e-08,2.4271108e-08
7.082707,20.44822,6.184119e-09,5.926194e-09,1.0472127e-08,1.7136246e-08,2.987207e-08,2.378489e-08
10.724601,23.051859,3.076885e-09,2.2526313e-08,2.7815187e-08,2.9004282e-08,2.7935856e-08,3.0232314e-08
10.26793,22.95892,2.8767757e-09,1.9937278e-08,2.5861553e-08,2.7150799e-08,2.9568827e-08,2.946357e-08
9.811259,22.86598,2.8107312e-09,1.6888254e-08,2.3333174e-08,2.4705157e-08,3.0395608e-08,2.8442892e-08
10.721065,22.642082,2.718576e-09,2.0576367e-08,2.6014073e-08,2.7570326e-08,2.8960821e-08,2.9752554e-08
10.264394,22.549143,2.6128804e-09,1.7810567e-08,2.3538258e-08,2.5270817e-08,3.0117373e-08,2.8729916e-08
10.717527,22.232304,2.4521107e-09,1.8609324e-08,2.3847507e-08,2.5807422e-08,2.9690295e-08,2.917731e-08
11.177197,22.942392,3.2032512e-09,2.3690966e-08,2.8572439e-08,2.972485e-08,2.6298888e-08,3.0522447e-08
11.17366,22.532616,2.7686307e-09,2.197358e-08,2.7124829e-08,2.863339e-08,2.7652119e-08,3.0268108e-08
11.629794,22.832926,3.416756e-09,2.4588958e-08,2.9182152e-08,3.0184214e-08,2.4433321e-08,3.059654e-08
8.1709,21.17944,3.4292107e-09,6.2414505e-09,1.1163326e-08,1.692421e-08,2.992032e-08,2.3436272e-08
8.717687,21.29669,2.958453e-09,7.134954e-09,1.1864485e-08,1.7139666e-08,3.008943e-08,2.37922e-08
9.264472,21.41394,2.6286173e-09,8.702744e-09,1.3238537e-08,1.7883297e-08,3.034273e-08,2.4628385e-08
8.207569,21.629845,3.206317e-09,6.827151e-09,1.2097499e-08,1.6715523e-08,2.9958333e-08,2.3942773e-08
8.754355,21.747095,2.8609572e-09,8.01869e-09,1.3200382e-08,1.7279886e-08,3.015308e-08,2.4392017e-08
8.244238,22.08025,3.1050447e-09,7.612513e-09,1.34729925e-08,1.6907372e-08,3.001803e-08,2.4677002e-08
9.326908,22.593193,2.7758156e-09,1.285932e-08,1.9332495e-08,2.1189239e-08,3.058315e-08,2.6904988e-08
8.785573,22.336721,2.884906e-09,9.597648e-09,1.5803248e-08,1.838836e-08,3.0301717e-08,2.5536416e-08
9.295691,22.003567,2.6328177e-09,1.0453206e-08,1.5794082e-08,1.8940552e-08,3.045748e-08,2.558432e-08
10.233175,21.959517,2.3668432e-09,1.4810397e-08,1.9780035e-08,2.239945e-08,3.0511444e-08,2.7597684e-08
9.780042,22.276354,2.5530298e-09,1.3825015e-08,1.9447763e-08,2.1751054e-08,3.059613e-08,2.7112844e-08
9.748824,21.68673,2.433607e-09,1.1314247e-08,1.5969453e-08,1.9549718e-08,3.0565516e-08,2.5969369e-08
7.249479,19.06142,1.2927373e-08,9.499171e-09,1.2802532e-08,1.6675454e-08,3.0463056e-08,2.506932e-08
7.103654,19.421358,1.0967587e-08,8.085191e-09,1.1537754e-08,1.6581232e-08,3.032319e-08,2.4645443e-08
6.9578285,19.781296,9.288361e-09,7.0924173e-09,1.0848433e-08,1.6777776e-08,3.0130458e-08,2.429746e-08
6.859963,19.055634,1.4733889e-08,1.0584659e-08,1.387195e-08,1.738521e-08,3.0478855e-08,2.5183656e-08
6.7141376,19.415571,1.2655136e-08,9.019398e-09,1.2393651e-08,1.7156362e-08,3.0357853e-08,2.4761933e-08
6.4704466,19.049845,1.667463e-08,1.170968e-08,1.5254797e-08,1.8439975e-08,3.0521e-08,2.5352794e-08
4.8249273,17.681028,2.9424523e-08,2.7295071e-08,2.9686714e-08,2.9789327e-08,2.6493321e-08,3.0116873e-08
4.6949196,17.357279,3.006641e-08,2.9476878e-08,3.0545262e-08,3.056784e-08,2.3129035e-08,2.7729966e-08
4.5649123,17.033531,3.0444863e-08,3.053009e-08,3.0329065e-08,3.0304566e-08,1.9273424e-08,2.3632712e-08
5.1230435,17.416382,2.9281434e-08,2.786866e-08,2.9924532e-08,3.007672e-08,2.519777e-08,2.951154e-08
4.9930363,17.092634,2.993524e-08,2.977088e-08,3.0592066e-08,3.060054e-08,2.158258e-08,2.6674767e-08
5.42116,17.151737,2.912826e-08,2.8367651e-08,3.0169108e-08,3.035267e-08,2.3935295e-08,2.8864532e-08
5.4399977,17.863758,2.7571366e-08,2.3416412e-08,2.7256121e-08,2.7568664e-08,2.9061319e-08,3.0468414e-08
5.1324625,17.772392,2.8597851e-08,2.5400004e-08,2.8601784e-08,2.8789216e-08,2.7938402e-08,3.0581354e-08
5.430579,17.507748,2.843712e-08,2.6133076e-08,2.8942765e-08,2.9260086e-08,2.694824e-08,3.036876e-08
4.396357,16.618671,3.060052e-08,2.9966372e-08,2.8578029e-08,2.8675611e-08,1.4452582e-08,1.700161e-08
4.168983,16.309252,3.046444e-08,2.7713227e-08,2.617124e-08,2.642679e-08,1.0973943e-08,1.1441397e-08
4.6559258,16.262915,3.0599775e-08,2.926668e-08,2.7898778e-08,2.7867893e-08,1.2413881e-08,1.4526592e-08
4.824481,16.677774,3.0433107e-08,3.0587863e-08,2.9894732e-08,2.982381e-08,1.6734225e-08,2.105639e-08
5.0840497,16.322018,3.0431398e-08,3.0361154e-08,2.9325596e-08,2.9153146e-08,1.4802658e-08,1.8958426e-08
5.252605,16.736877,2.99606e-08,3.03176e-08,3.052024e-08,3.0438038e-08,1.9257746e-08,2.4744292e-08
5.8742375,18.099983,2.5336297e-08,1.9911958e-08,2.4395284e-08,2.4984626e-08,3.0255844e-08,2.9262303e-08
5.8648186,17.743973,2.6583747e-08,2.2644207e-08,2.6447049e-08,2.7076748e-08,2.9315181e-08,3.0391647e-08
5.8553996,17.38796,2.7592632e-08,2.5312799e-08,2.8364878e-08,2.896321e-08,2.7408278e-08,3.0506946e-08
6.299058,17.980196,2.4085837e-08,1.9302819e-08,2.3381205e-08,2.4380832e-08,3.036313e-08,2.91757e-08
6.289639,17.624186,2.5445962e-08,2.1879924e-08,2.5575764e-08,2.6666024e-08,2.9568493e-08,3.028516e-08
6.723879,17.860409,2.2715287e-08,1.8679584e-08,2.2334415e-08,2.3887887e-08,3.0440702e-08,2.9072341e-08
6.084742,18.374746,2.319831e-08,1.7243122e-08,2.1803473e-08,2.2716092e-08,3.056387e-08,2.7779468e-08
6.5095625,18.25496,2.1867985e-08,1.6774875e-08,2.078637e-08,2.1990676e-08,3.0588694e-08,2.7772078e-08
6.2952466,18.649508,2.0547397e-08,1.47792765e-08,1.8940609e-08,2.0553438e-08,3.0596752e-08,2.6479276e-08
7.074279,18.661083,1.6643664e-08,1.2438042e-08,1.5779648e-08,1.814158e-08,3.0548605e-08,2.5899876e-08
6.6847625,18.655296,1.858111e-08,1.3637869e-08,1.7278106e-08,1.9239632e-08,3.057295e-08,2.6155922e-08
6.899079,18.260746,1.9977648e-08,1.5553022e-08,1.9119476e-08,2.074777e-08,3.0599942e-08,2.731922e-08
20.123108,22.391678,2.1957312e-09,2.2820847e-09,7.474254e-09,1.0342994e-08,2.8689668e-08,2.6209594e-08
20.364737,22.68292,1.7797241e-09,1.5341494e-09,5.203795e-09,7.852656e-09,2.8163974e-08,2.645478e-08
19.956373,22.686754,2.2437296e-09,2.2749809e-09,7.2048856e-09,1.1041349e-08,2.8971307e-08,2.6411795e-08
19.414394,22.229128,3.376307e-09,4.6738946e-09,1.138573e-08,1.4408573e-08,2.9764601e-08,2.6640002e-08
19.706211,22.184952,2.93591e-09,3.7367176e-09,1.030139e-08,1.3071623e-08,2.9423733e-08,2.6408161e-08
19.998026,22.140778,2.5180626e-09,2.9564473e-09,9.130641e-09,1.1467574e-08,2.8990007e-08,2.6212735e-08
19.539474,22.480028,2.959755e-09,3.6888803e-09,9.861389e-09,1.3745056e-08,2.9543548e-08,2.6454927e-08
19.831291,22.435854,2.5653035e-09,2.9166167e-09,8.718957e-09,1.22076615e-08,2.9172128e-08,2.6312593e-08
19.664557,22.73093,2.5902602e-09,2.9108485e-09,8.404573e-09,1.283805e-08,2.9368703e-08,2.6453854e-08
19.187973,22.459057,3.5324847e-09,5.0029554e-09,1.1446855e-08,1.5278646e-08,2.9908318e-08,2.6690884e-08
19.313055,22.709957,3.1004062e-09,3.990484e-09,9.996705e-09,1.4621114e-08,2.9732032e-08,2.6539944e-08
19.438135,22.96086,2.7213831e-09,3.2025724e-09,8.653943e-09,1.3739984e-08,2.9599551e-08,2.6543814e-08
18.961552,22.688986,3.6589556e-09,5.3644564e-09,1.15717365e-08,1.6036136e-08,3.0027195e-08,2.669998e-08
19.086634,22.939886,3.2199736e-09,4.3399915e-09,1.0189493e-08,1.5340655e-08,2.987662e-08,2.6558832e-08
18.735132,22.918915,3.7656362e-09,5.7738196e-09,1.1779764e-08,1.6673784e-08,3.0121186e-08,2.6636343e-08
18.835407,23.308905,3.2418057e-09,4.611039e-09,1.0180124e-08,1.5777063e-08,2.996852e-08,2.6409142e-08
19.186909,23.329878,2.768673e-09,3.4577592e-09,8.6943235e-09,1.4308986e-08,2.9779804e-08,2.6540704e-08
18.935682,23.698896,2.8284646e-09,3.8284957e-09,8.899024e-09,1.45846295e-08,2.9879157e-08,2.6305736e-08
13.789762,23.393055,8.968017e-09,2.8857821e-08,3.0539606e-08,2.9899407e-08,1.6588572e-08,2.9234636e-08
13.981165,23.891281,1.1022581e-08,2.91949e-08,3.0514652e-08,2.9714448e-08,1.8595065e-08,3.030059e-08
14.172568,24.389507,1.234209e-08,2.9081294e-08,3.0597164e-08,2.9932927e-08,2.1719973e-08,3.0377198e-08
13.453402,23.802805,9.849404e-09,2.916053e-08,3.0500587e-08,2.9678262e-08,1.7266544e-08,2.9394846e-08
13.644805,24.301031,1.1745798e-08,2.9458734e-08,3.0512552e-08,2.952334e-08,1.9504505e-08,3.037299e-08
13.117042,24.212553,1.0329095e-08,2.9400233e-08,3.0503003e-08,2.947473e-08,1.798336e-08,2.9358594e-08
12.885457,23.716198,8.087594e-09,2.8741043e-08,3.0579432e-08,2.9943497e-08,1.7174598e-08,2.8992464e-08
12.653872,23.219843,5.869208e-09,2.7615853e-08,3.0550538e-08,3.0442152e-08,1.8247889e-08,2.9469273e-08
13.221817,23.306448,7.4647435e-09,2.84202e-08,3.0593245e-08,3.012707e-08,1.6758197e-08,2.9006456e-08
18.507769,23.97502,3.2041696e-09,4.953392e-09,1.0121712e-08,1.552727e-08,2.9964433e-08,2.5674025e-08
18.23605,24.418848,3.356957e-09,5.501782e-09,1.0612481e-08,1.536098e-08,2.9908122e-08,2.4735687e-08
17.96433,24.862679,3.5877241e-09,6.0462355e-09,1.1320008e-08,1.5265078e-08,2.9806206e-08,2.3504507e-08
17.979582,23.86115,4.0726125e-09,7.2897848e-09,1.28008475e-08,1.768029e-08,3.0227614e-08,2.5366015e-08
17.707863,24.304981,4.2761075e-09,7.848121e-09,1.3356332e-08,1.7615285e-08,3.0166063e-08,2.423892e-08
17.451395,23.747282,5.125895e-09,1.0607303e-08,1.6442877e-08,2.0658003e-08,3.056106e-08,2.5540963e-08
18.30722,23.195038,4.136105e-09,7.105179e-09,1.2949206e-08,1.7893635e-08,3.0298818e-08,2.6440194e-08
18.407495,23.585028,3.6156966e-09,5.8313345e-09,1.134598e-08,1.6755678e-08,3.0111206e-08,2.6009397e-08
17.879309,23.47116,4.565146e-09,8.702043e-09,1.4487528e-08,1.9164084e-08,3.044692e-08,2.6058673e-08
17.286055,24.888224,4.8248348e-09,8.875401e-09,1.48483075e-08,1.80582e-08,3.0096423e-08,2.2220743e-08
16.607777,24.913769,6.4886274e-09,1.2996845e-08,1.9339081e-08,2.1998993e-08,3.0541216e-08,2.1380108e-08
17.029587,24.330526,5.7147256e-09,1.1857955e-08,1.774687e-08,2.1186835e-08,3.0556585e-08,2.3778803e-08
15.5589695,23.66821,9.373797e-09,2.5381603e-08,2.9631272e-08,3.0580637e-08,2.401922e-08,2.9688271e-08
16.189777,23.694567,8.001132e-09,2.0976925e-08,2.6606488e-08,2.9229213e-08,2.8013131e-08,2.7959846e-08
16.820587,23.720924,6.505105e-09,1.5525721e-08,2.1618224e-08,2.5255536e-08,3.027014e-08,2.6319738e-08
15.767969,24.27781,9.288443e-09,2.2500343e-08,2.736638e-08,2.9520153e-08,2.8232497e-08,2.5905939e-08
16.398777,24.304167,7.4198736e-09,1.703491e-08,2.2823391e-08,2.58573e-08,3.027501e-08,2.4349095e-08
15.976968,24.887411,8.408598e-09,1.8225675e-08,2.3970241e-08,2.6519828e-08,3.0345845e-08,2.1689894e-08
14.762304,24.481226,1.1898839e-08,2.7687719e-08,3.0321942e-08,3.0526525e-08,2.4482912e-08,2.830768e-08
15.160637,24.074717,1.0703582e-08,2.671073e-08,3.0090447e-08,3.0594162e-08,2.407785e-08,2.894868e-08
15.369637,24.684319,1.0448593e-08,2.4035398e-08,2.8241503e-08,2.9996862e-08,2.8125577e-08,2.4546216e-08
14.570901,23.983,1.1372153e-08,2.8573545e-08,3.059962e-08,3.0141248e-08,2.095217e-08,3.0461017e-08
14.379498,23.484772,9.962135e-09,2.8772465e-08,3.0571105e-08,2.996152e-08,1.7793765e-08,3.0119732e-08
14.9692335,23.57649,1.008381e-08,2.7812542e-08,3.0547977e-08,3.0345905e-08,2.0275726e-08,3.0591348e-08
13.304937,21.960676,3.890925e-09,2.5235469e-08,2.981067e-08,3.0531105e-08,2.0992e-08,2.998743e-08
13.466545,22.438135,5.195971e-09,2.6983994e-08,3.044618e-08,3.0553487e-08,1.8299687e-08,2.9325673e-08
13.628153,22.915594,6.931638e-09,2.815832e-08,3.060054e-08,3.0254316e-08,1.6572224e-08,2.8899397e-08
12.898601,22.35153,4.082744e-09,2.5810913e-08,3.00309e-08,3.057445e-08,2.0570418e-08,2.9971364e-08
13.060208,22.828989,5.5332534e-09,2.7337979e-08,3.0521242e-08,3.0501987e-08,1.8056307e-08,2.936998e-08
12.492264,22.742384,4.3138595e-09,2.6191543e-08,3.0145223e-08,3.059399e-08,2.0525679e-08,3.0067437e-08
11.941668,21.768936,2.4741347e-09,2.1511873e-08,2.6773447e-08,2.847584e-08,2.6959018e-08,3.0499358e-08
12.3960905,21.83285,2.783326e-09,2.2955925e-08,2.8191208e-08,2.9583891e-08,2.4955291e-08,3.058815e-08
12.850514,21.896763,3.2504222e-09,2.4160286e-08,2.9167959e-08,3.022994e-08,2.2896595e-08,3.0367513e-08
11.989755,22.223703,2.9133693e-09,2.3390179e-08,2.8368563e-08,2.966833e-08,2.5143068e-08,3.0600532e-08
12.444178,22.287617,3.4018108e-09,2.470503e-08,2.9387335e-08,3.0316222e-08,2.2779899e-08,3.0412828e-08
12.037841,22.67847,3.5899868e-09,2.5067335e-08,2.952474e-08,3.0381653e-08,2.297986e-08,3.0492114e-08
11.533621,21.923393,2.4271536e-09,2.0786988e-08,2.5931046e-08,2.7740167e-08,2.7997599e-08,3.023142e-08
11.581707,22.378159,2.8181162e-09,2.2769141e-08,2.7792327e-08,2.9218965e-08,2.6418466e-08,3.0519825e-08
11.125574,22.077848,2.4191185e-09,1.9808693e-08,2.4929513e-08,2.6838142e-08,2.893992e-08,2.9774126e-08
7.8821936,20.664333,4.2618176e-09,5.7350165e-09,1.0511978e-08,1.724046e-08,2.9882663e-08,2.33075e-08
8.140273,20.266478,4.5946544e-09,5.827086e-09,1.04500355e-08,1.754461e-08,3.0055887e-08,2.3621379e-08
8.398352,19.868624,5.211203e-09,6.093216e-09,1.0710156e-08,1.7836184e-08,3.031615e-08,2.4239766e-08
8.42898,20.781584,3.4885121e-09,6.18237e-09,1.085523e-08,1.7397468e-08,3.001045e-08,2.3393927e-08
8.687058,20.38373,3.6992776e-09,6.285163e-09,1.0918518e-08,1.8042027e-08,3.020796e-08,2.3820727e-08
8.975765,20.898836,2.9592735e-09,7.1217383e-09,1.1582563e-08,1.7686391e-08,3.0211677e-08,2.3890406e-08
7.6324368,19.330488,9.6004396e-09,7.488015e-09,1.12027205e-08,1.639968e-08,3.0392968e-08,2.470478e-08
8.015394,19.599556,7.022189e-09,6.4103243e-09,1.0655126e-08,1.700495e-08,3.033997e-08,2.4442143e-08
7.4866114,19.690426,8.0308045e-09,6.6012418e-09,1.0536664e-08,1.660896e-08,3.0196325e-08,2.4279185e-08
7.869569,19.959494,5.92187e-09,5.947714e-09,1.0339701e-08,1.7157946e-08,3.0120876e-08,2.394467e-08
7.340786,20.050364,6.849584e-09,6.067325e-09,1.0307249e-08,1.6885853e-08,2.998433e-08,2.3878453e-08
7.61149,20.35735,5.292642e-09,5.7064695e-09,1.03052304e-08,1.716641e-08,2.9897752e-08,2.351712e-08
10.766769,21.79121,2.2680364e-09,1.6844941e-08,2.168886e-08,2.4146209e-08,3.0088053e-08,2.8670774e-08
10.282417,21.518423,2.2765911e-09,1.3243711e-08,1.7681222e-08,2.1087503e-08,3.0576306e-08,2.7061835e-08
9.798065,21.245636,2.4248312e-09,1.01735775e-08,1.4415825e-08,1.8988718e-08,3.0542257e-08,2.5551183e-08
10.81601,21.350117,2.1778153e-09,1.5198324e-08,1.9746796e-08,2.28399e-08,3.0302214e-08,2.8219558e-08
10.331659,21.07733,2.2801465e-09,1.1893552e-08,1.6125313e-08,2.0419941e-08,3.0593327e-08,2.669131e-08
10.8652525,20.909023,2.1856885e-09,1.3592489e-08,1.8126478e-08,2.2009498e-08,3.0406216e-08,2.779319e-08
11.174816,21.636755,2.2275786e-09,1.8109473e-08,2.3036632e-08,2.5354101e-08,2.9529271e-08,2.9383399e-08
11.224057,21.195662,2.1345816e-09,1.6399504e-08,2.122043e-08,2.4098158e-08,2.9889677e-08,2.8959821e-08
11.582863,21.4823,2.2202966e-09,1.9114374e-08,2.4260606e-08,2.6440414e-08,2.879438e-08,2.9934174e-08
9.907462,20.105938,3.1005707e-09,7.965428e-09,1.2904479e-08,1.9746695e-08,3.0587405e-08,2.5437295e-08
9.693132,20.541939,2.7673197e-09,8.292386e-09,1.27221265e-08,1.9041009e-08,3.0522873e-08,2.506838e-08
9.478802,20.97794,2.6298737e-09,8.473033e-09,1.27409345e-08,1.8287706e-08,3.0422743e-08,2.471089e-08
9.404426,20.026833,3.5986376e-09,7.0128374e-09,1.1939296e-08,1.9262552e-08,3.0523783e-08,2.4869102e-08
9.190095,20.462833,3.159039e-09,7.08414e-09,1.1625016e-08,1.849496e-08,3.0375954e-08,2.4315169e-08
8.901388,19.947727,4.2767976e-09,6.394575e-09,1.1228012e-08,1.8642835e-08,3.0427675e-08,2.4469376e-08
10.226726,20.373632,2.6393139e-09,9.365075e-09,1.4024028e-08,2.0018957e-08,3.0600518e-08,2.5981416e-08
10.545989,20.641329,2.3477924e-09,1.1263803e-08,1.575272e-08,2.070718e-08,3.0570277e-08,2.6788237e-08
10.012396,20.809633,2.4618532e-09,9.83714e-09,1.4077495e-08,1.9425169e-08,3.0581752e-08,2.5748866e-08
7.577063,18.83854,1.3135256e-08,9.920859e-09,1.3375951e-08,1.681451e-08,3.0518798e-08,2.5346388e-08
7.401863,18.438202,1.656577e-08,1.29116415e-08,1.6256942e-08,1.8572198e-08,3.0566326e-08,2.6317032e-08
7.2266626,18.037865,1.956656e-08,1.598349e-08,1.928578e-08,2.1344972e-08,3.0599452e-08,2.7802956e-08
7.904647,18.61566,1.3260588e-08,1.0407042e-08,1.4194596e-08,1.7469075e-08,3.0552606e-08,2.5668502e-08
7.729447,18.215322,1.6341318e-08,1.34105385e-08,1.6845682e-08,1.9457476e-08,3.0580363e-08,2.675277e-08
8.232231,18.392778,1.3228015e-08,1.09362785e-08,1.5181676e-08,1.8614818e-08,3.0567122e-08,2.601204e-08
7.9600205,19.107607,9.8873825e-09,7.830485e-09,1.1765701e-08,1.6605304e-08,3.0497553e-08,2.4961274e-08
8.287604,18.884727,1.0167075e-08,8.223146e-09,1.260489e-08,1.7207467e-08,3.0554634e-08,2.521169e-08
8.3429785,19.376675,7.277037e-09,6.680676e-09,1.1153014e-08,1.7338708e-08,3.0483495e-08,2.4763592e-08
5.192575,15.510095,3.060041e-08,2.7638153e-08,2.6418324e-08,2.5956918e-08,1.0036633e-08,1.1334875e-08
4.949054,15.135093,3.0375826e-08,2.4564784e-08,2.3404757e-08,2.2670443e-08,7.225418e-09,6.3317778e-09
5.4696555,15.11303,3.0593085e-08,2.70627e-08,2.5650372e-08,2.5080842e-08,9.415563e-09,1.0403783e-08
6.033894,15.208308,3.044425e-08,2.9436631e-08,2.801587e-08,2.7569033e-08,1.3103788e-08,1.7322277e-08
6.3210526,15.70065,2.980311e-08,3.059592e-08,2.992182e-08,2.9542127e-08,1.767813e-08,2.4141276e-08
6.6082106,16.192993,2.8664905e-08,2.9554867e-08,3.059229e-08,3.055433e-08,2.2332877e-08,2.8524028e-08
5.7568135,15.605372,3.0387266e-08,2.9807257e-08,2.8546879e-08,2.811174e-08,1.36059235e-08,1.804872e-08
6.043972,16.097715,2.9679393e-08,3.0539137e-08,3.0274784e-08,2.9999075e-08,1.8423556e-08,2.4805948e-08
5.479733,16.002438,3.0335222e-08,3.0253688e-08,2.915788e-08,2.8838112e-08,1.4491642e-08,1.9151296e-08
5.8168435,16.832155,2.891497e-08,2.8832657e-08,3.040107e-08,3.0552087e-08,2.2870404e-08,2.8395327e-08
5.6482882,16.417295,2.9802019e-08,3.0458647e-08,3.0401754e-08,3.0224005e-08,1.85119e-08,2.4488171e-08
6.2125273,16.512573,2.8770518e-08,2.9254592e-08,3.0544694e-08,3.0599214e-08,2.2326205e-08,2.8287245e-08
6.2510834,17.068378,2.732858e-08,2.6036188e-08,2.891804e-08,2.9636743e-08,2.655715e-08,3.0335407e-08
6.6467667,16.748798,2.7171602e-08,2.6733177e-08,2.9452679e-08,3.0126856e-08,2.5966761e-08,3.024408e-08
6.6853228,17.304604,2.508333e-08,2.271821e-08,2.6207653e-08,2.767336e-08,2.9052332e-08,3.0493975e-08
7.194246,17.628197,2.156794e-08,1.8688183e-08,2.2016918e-08,2.4262164e-08,3.0403843e-08,2.9250332e-08
7.1556897,17.072392,2.4175664e-08,2.2651038e-08,2.6158654e-08,2.8003823e-08,2.9053417e-08,3.0448927e-08
7.1171336,16.516586,2.6563097e-08,2.6514929e-08,2.9345323e-08,3.0167634e-08,2.6506779e-08,3.0474542e-08
7.6646123,17.395987,2.0420332e-08,1.8678143e-08,2.2015048e-08,2.4884063e-08,3.0360766e-08,2.9284319e-08
7.626056,16.84018,2.3264437e-08,2.243286e-08,2.6052906e-08,2.826529e-08,2.9169158e-08,3.030953e-08
8.134979,17.163774,1.9232846e-08,1.8414394e-08,2.209472e-08,2.5554682e-08,3.035367e-08,2.911573e-08
8.167397,17.573442,1.7237003e-08,1.6025929e-08,1.9559279e-08,2.3080915e-08,3.0588062e-08,2.8162733e-08
8.199814,17.98311,1.5356271e-08,1.35534854e-08,1.7381657e-08,2.0714829e-08,3.05869e-08,2.7041946e-08
7.6970296,17.805655,1.8445746e-08,1.6061524e-08,1.9280236e-08,2.2064821e-08,3.0594734e-08,2.8073195e-08
6.183626,13.830945,3.0215073e-08,2.5768001e-08,2.2526006e-08,2.2013287e-08,6.2615304e-09,6.458827e-09
5.9651814,14.273456,3.044895e-08,2.6218117e-08,2.3713776e-08,2.326835e-08,7.696059e-09,8.051306e-09
5.7468405,13.8249235,2.9589318e-08,2.352173e-08,2.0140536e-08,1.9005633e-08,4.690746e-09,3.835581e-09
6.7942686,12.703251,2.9008527e-08,2.4144777e-08,2.0054992e-08,1.7235648e-08,2.8866212e-09,3.6945915e-09
6.59817,13.045843,2.946825e-08,2.4809028e-08,2.0714449e-08,1.8925853e-08,3.7121402e-09,4.2500137e-09
6.4454947,12.638225,2.7809355e-08,2.2184713e-08,1.7945075e-08,1.4254201e-08,2.1341402e-09,2.4430689e-09
20.39464,21.758308,2.1655338e-09,2.5626035e-09,8.766398e-09,9.237428e-09,2.845269e-08,2.6096576e-08
20.499435,21.420015,2.204339e-09,2.7835443e-09,9.634093e-09,8.91412e-09,2.8616569e-08,2.6336066e-08
20.749632,21.718403,1.720437e-09,1.8961805e-09,6.9068595e-09,6.690011e-09,2.7569495e-08,2.5902134e-08
20.047138,21.844479,2.6351266e-09,3.336579e-09,1.017569e-08,1.1387401e-08,2.9077496e-08,2.6309362e-08
19.804434,21.592354,3.2183647e-09,4.6480704e-09,1.2305777e-08,1.2769599e-08,2.9657178e-08,2.686668e-08
19.56173,21.340229,3.8324695e-09,6.1952985e-09,1.4115895e-08,1.3902568e-08,3.0119484e-08,2.7621871e-08
20.151936,21.506184,2.6893552e-09,3.6142105e-09,1.1086881e-08,1.10069776e-08,2.9197016e-08,2.6571938e-08
19.909231,21.254059,3.273031e-09,4.888564e-09,1.3022584e-08,1.2428411e-08,2.9809094e-08,2.7291007e-08
20.256731,21.16789,2.736751e-09,3.803319e-09,1.1764573e-08,1.0691802e-08,2.940082e-08,2.6997137e-08
19.463505,21.932827,3.5522976e-09,5.219259e-09,1.238185e-08,1.422841e-08,2.9851318e-08,2.6851698e-08
19.512617,21.636528,3.7058212e-09,5.752803e-09,1.333015e-08,1.4041393e-08,2.99755e-08,2.7189678e-08
19.755322,21.888653,3.0819718e-09,4.1943653e-09,1.1324181e-08,1.2923734e-08,2.9510222e-08,2.6561759e-08
19.143816,22.080881,3.9861026e-09,6.2487024e-09,1.3140476e-08,1.5510622e-08,3.009302e-08,2.70556e-08
18.873238,21.932636,4.618716e-09,8.160343e-09,1.4964305e-08,1.661798e-08,3.035379e-08,2.7569666e-08
18.602661,21.78439,5.2279954e-09,1.0355045e-08,1.6929242e-08,1.7939918e-08,3.0528806e-08,2.8133266e-08
19.192928,21.784582,4.168898e-09,6.8870554e-09,1.4089389e-08,1.5318685e-08,3.0187994e-08,2.7392622e-08
18.92235,21.636335,4.7767497e-09,8.8211305e-09,1.5811905e-08,1.6450736e-08,3.0426772e-08,2.7984237e-08
19.24204,21.488283,4.3072452e-09,7.435171e-09,1.4908725e-08,1.5145982e-08,3.0293307e-08,2.7810872e-08
18.917395,22.31081,4.14671e-09,6.651709e-09,1.3231357e-08,1.6368217e-08,3.0185298e-08,2.7036767e-08
18.690975,22.54074,4.270877e-09,7.0701116e-09,1.339695e-08,1.7166526e-08,3.02686e-08,2.6985676e-08
18.646818,22.162565,4.7891464e-09,8.675505e-09,1.5191443e-08,1.7561247e-08,3.0414522e-08,2.7488623e-08
17.78059,22.363798,6.0212915e-09,1.391659e-08,2.0126858e-08,2.2639474e-08,3.0547177e-08,2.820289e-08
18.098772,22.548838,5.2688716e-09,1.0651291e-08,1.6861526e-08,2.0082096e-08,3.0573442e-08,2.7465513e-08
18.416952,22.733875,4.495172e-09,7.911609e-09,1.4065491e-08,1.8145203e-08,3.0381734e-08,2.6950342e-08
17.670858,22.82496,5.640481e-09,1.2497837e-08,1.8737513e-08,2.2311028e-08,3.0583898e-08,2.7467035e-08
17.98904,23.009998,4.872027e-09,9.497849e-09,1.5538559e-08,1.9779748e-08,3.0529385e-08,2.6817677e-08
17.561127,23.286121,5.31552e-09,1.1362152e-08,1.7429416e-08,2.1599735e-08,3.060029e-08,2.6611145e-08
18.054615,22.170662,5.7957363e-09,1.27108475e-08,1.8918845e-08,2.0964675e-08,3.059989e-08,2.8158937e-08
18.328638,21.977526,5.5331215e-09,1.1520818e-08,1.7843492e-08,1.9378906e-08,3.0581244e-08,2.8141859e-08
18.372795,22.355701,5.0437463e-09,9.635283e-09,1.5942874e-08,1.8781934e-08,3.0505127e-08,2.748846e-08
14.910574,22.155785,6.7875723e-09,2.7656972e-08,3.0488298e-08,3.0437537e-08,1.7002375e-08,2.9071927e-08
15.126705,22.659925,8.04721e-09,2.7831033e-08,3.054423e-08,3.034454e-08,1.7265798e-08,2.947222e-08
15.342837,23.164066,8.943215e-09,2.7032353e-08,3.0394247e-08,3.0483264e-08,1.9994737e-08,3.0548243e-08
14.536969,22.568209,7.3128503e-09,2.8122955e-08,3.059041e-08,3.0281743e-08,1.6320971e-08,2.8835762e-08
14.753101,23.07235,8.865448e-09,2.8293012e-08,3.0600233e-08,3.017192e-08,1.720481e-08,2.9723585e-08
14.163365,22.98063,8.058982e-09,2.8510867e-08,3.0590176e-08,3.0103987e-08,1.6210906e-08,2.8962281e-08
13.84015,22.025711,4.819703e-09,2.6339354e-08,3.0239235e-08,3.059684e-08,1.9112958e-08,2.9520821e-08
14.375361,22.090748,5.846744e-09,2.7211733e-08,3.0436944e-08,3.0514645e-08,1.7660177e-08,2.915997e-08
14.001758,22.503172,6.3160206e-09,2.7758412e-08,3.0570206e-08,3.039509e-08,1.6892367e-08,2.889366e-08
16.527563,22.32239,7.537697e-09,2.3668706e-08,2.8608895e-08,3.015388e-08,2.5427532e-08,3.0539063e-08
16.835506,22.797354,7.015072e-09,1.9427793e-08,2.5595117e-08,2.8380658e-08,2.8692087e-08,2.9246955e-08
17.143452,23.272318,6.1121335e-09,1.46262495e-08,2.0915799e-08,2.4704331e-08,3.034356e-08,2.7230294e-08
16.204699,22.770996,7.816587e-09,2.4015517e-08,2.8994487e-08,3.0435462e-08,2.435477e-08,3.04977e-08
16.512642,23.24596,7.33141e-09,2.0001298e-08,2.6060938e-08,2.8924477e-08,2.8197851e-08,2.8831403e-08
15.881834,23.219603,8.396635e-09,2.4544843e-08,2.9316082e-08,3.0538605e-08,2.3847475e-08,3.0302896e-08
17.362915,22.349995,6.6538006e-09,1.7396504e-08,2.353151e-08,2.5926829e-08,2.9964323e-08,2.9008723e-08
17.253183,22.811157,6.3532095e-09,1.5904389e-08,2.2267846e-08,2.5528584e-08,3.0131957e-08,2.8222727e-08
16.945238,22.336193,7.172587e-09,2.0793545e-08,2.6525527e-08,2.8662798e-08,2.831549e-08,2.9928152e-08
15.44957,22.211319,7.437933e-09,2.7436565e-08,3.0401083e-08,3.048779e-08,1.7903831e-08,2.9502418e-08
15.988566,22.266855,7.696912e-09,2.6244129e-08,2.99725e-08,3.0600507e-08,2.0956012e-08,3.0317537e-08
15.665702,22.71546,8.155193e-09,2.6587546e-08,3.0215787e-08,3.0556784e-08,2.0065741e-08,3.0362752e-08
14.277548,20.851582,3.0058953e-09,2.1619917e-08,2.7923257e-08,2.9943706e-08,2.3706137e-08,3.048676e-08
14.488557,21.286316,4.099206e-09,2.4286596e-08,2.934052e-08,3.0497876e-08,2.119623e-08,3.011871e-08
14.699565,21.72105,5.4512026e-09,2.6476444e-08,3.0177002e-08,3.0587348e-08,1.8666436e-08,2.9547714e-08
13.953344,21.221281,3.348714e-09,2.3093866e-08,2.8755043e-08,3.0223998e-08,2.2772566e-08,3.036373e-08
14.164353,21.656013,4.490545e-09,2.548066e-08,2.9890256e-08,3.0586918e-08,2.010524e-08,2.983172e-08
13.629141,21.590979,3.6404693e-09,2.431428e-08,2.9385964e-08,3.04193e-08,2.182955e-08,3.0167485e-08
13.714233,20.677702,2.4253268e-09,2.000732e-08,2.6699679e-08,2.910082e-08,2.5573781e-08,3.0598624e-08
13.39003,21.0474,2.6368003e-09,2.1384922e-08,2.7563155e-08,2.9468255e-08,2.4900057e-08,3.0587458e-08
13.065826,21.417097,2.8318665e-09,2.2587194e-08,2.8248287e-08,2.9761868e-08,2.4282578e-08,3.0532647e-08
13.150919,20.50382,2.137863e-09,1.8396566e-08,2.5072941e-08,2.7807763e-08,2.728874e-08,3.034543e-08
12.826715,20.873518,2.2402211e-09,1.9665327e-08,2.5892428e-08,2.8173178e-08,2.6909321e-08,3.0482653e-08
12.5876045,20.329939,2.0815683e-09,1.6395347e-08,2.2757558e-08,2.595443e-08,2.8757903e-08,2.9608506e-08
12.1569805,21.28927,2.2651125e-09,2.0110098e-08,2.5672847e-08,2.7711199e-08,2.7576531e-08,3.0394762e-08
12.3722925,20.809605,2.1218853e-09,1.841006e-08,2.4371888e-08,2.6904113e-08,2.815401e-08,3.0132444e-08
12.611403,21.353184,2.4827602e-09,2.1457002e-08,2.7172524e-08,2.8942285e-08,2.596457e-08,3.0595704e-08
11.798175,21.002632,2.113935e-09,1.771225e-08,2.3085613e-08,2.5704026e-08,2.9057961e-08,2.9721216e-08
11.43937,20.715996,2.1267437e-09,1.5028792e-08,2.0137811e-08,2.36146e-08,2.994638e-08,2.8696869e-08
12.013487,20.522966,2.0946913e-09,1.5943517e-08,2.1706185e-08,2.4938851e-08,2.9345614e-08,2.9264609e-08
8.744879,18.562078,1.0429232e-08,8.867169e-09,1.41448195e-08,1.8655085e-08,3.0576864e-08,2.5563958e-08
9.257526,18.73138,8.123981e-09,7.4163435e-09,1.3414907e-08,1.8905258e-08,3.058969e-08,2.5332438e-08
9.770174,18.90068,6.3641163e-09,6.6187225e-09,1.287259e-08,1.8956921e-08,3.0597263e-08,2.5268204e-08
8.800252,19.054028,7.759969e-09,7.0733552e-09,1.2188653e-08,1.8082046e-08,3.0575112e-08,2.5108154e-08
9.312901,19.22333,5.9591545e-09,6.6082846e-09,1.2198779e-08,1.8980675e-08,3.0590147e-08,2.5150541e-08
8.855626,19.545977,5.5232223e-09,6.422886e-09,1.1397648e-08,1.8489281e-08,3.052235e-08,2.4813648e-08
9.861699,19.704185,3.8404524e-09,7.159284e-09,1.2601203e-08,1.977812e-08,3.0596333e-08,2.5383073e-08
9.358663,19.62508,4.5562403e-09,6.648216e-09,1.1939281e-08,1.9306974e-08,3.056966e-08,2.5047248e-08
9.815937,19.302433,4.948699e-09,6.6256547e-09,1.24805695e-08,1.9400131e-08,3.059923e-08,2.5307239e-08
10.334655,19.867094,3.183351e-09,8.173776e-09,1.3539674e-08,2.0137396e-08,3.0597306e-08,2.5858858e-08
10.288893,19.465342,4.011967e-09,7.0866735e-09,1.29138265e-08,1.9655277e-08,3.0599217e-08,2.5573001e-08
10.24313,19.063591,5.1379128e-09,6.432358e-09,1.261666e-08,1.888441e-08,3.0600386e-08,2.5346004e-08
10.761848,19.628252,3.3222014e-09,8.077647e-09,1.3802109e-08,2.0021147e-08,3.0576558e-08,2.6022411e-08
10.716086,19.2265,4.216073e-09,6.791888e-09,1.2796677e-08,1.8953147e-08,3.059711e-08,2.557988e-08
11.189042,19.389408,3.5095158e-09,7.751676e-09,1.3615375e-08,1.9444652e-08,3.056712e-08,2.6019292e-08
11.65523,19.702919,2.7447529e-09,1.0167847e-08,1.602063e-08,2.1164896e-08,3.0387223e-08,2.7001107e-08
12.121417,20.016428,2.2733757e-09,1.3312845e-08,1.936587e-08,2.3494596e-08,2.985067e-08,2.831865e-08
11.081112,19.895947,2.746503e-09,9.802602e-09,1.5338232e-08,2.0885695e-08,3.04977e-08,2.6705589e-08
11.547299,20.209457,2.2926991e-09,1.2733888e-08,1.8253676e-08,2.2613843e-08,3.0166067e-08,2.7929206e-08
10.973183,20.402485,2.3395368e-09,1.1829073e-08,1.6775417e-08,2.156784e-08,3.0444617e-08,2.7336416e-08
10.653919,20.13479,2.6690152e-09,9.752314e-09,1.4852777e-08,2.0649995e-08,3.0564816e-08,2.6478187e-08
8.586211,17.325638,1.6209047e-08,1.586554e-08,1.994885e-08,2.409057e-08,3.0582132e-08,2.8095338e-08
9.037444,17.487503,1.3351804e-08,1.3474648e-08,1.8346373e-08,2.290804e-08,3.0586207e-08,2.7142024e-08
9.488676,17.649366,1.08632765e-08,1.1268785e-08,1.707014e-08,2.1713674e-08,3.052874e-08,2.633998e-08
8.6186285,17.735306,1.4461944e-08,1.3732438e-08,1.8049764e-08,2.2073865e-08,3.059008e-08,2.7230156e-08
9.069861,17.897171,1.1911691e-08,1.151372e-08,1.6946757e-08,2.1355277e-08,3.0555448e-08,2.6456673e-08
8.651046,18.144974,1.2716069e-08,1.13432135e-08,1.6233418e-08,2.0177321e-08,3.0567943e-08,2.6318581e-08
9.582509,18.066471,9.505721e-09,9.305577e-09,1.5814326e-08,2.038049e-08,3.0540598e-08,2.5815e-08
9.676341,18.483576,8.009204e-09,7.530695e-09,1.4176342e-08,1.9237673e-08,3.058015e-08,2.541826e-08
9.163693,18.314276,1.0111624e-08,9.180887e-09,1.5225671e-08,1.9841243e-08,3.056876e-08,2.5761967e-08
9.186021,16.580498,1.6032109e-08,1.5875647e-08,2.1131996e-08,2.5943745e-08,3.0553636e-08,2.7616368e-08
9.286906,16.936789,1.3963772e-08,1.4264831e-08,1.9476186e-08,2.44308e-08,3.0600493e-08,2.7235153e-08
9.387791,17.293077,1.22438495e-08,1.2804641e-08,1.8128302e-08,2.2975549e-08,3.057037e-08,2.6810905e-08
8.835673,16.774923,1.7308004e-08,1.7133246e-08,2.1803617e-08,2.6167353e-08,3.0458935e-08,2.8343228e-08
8.936559,17.131212,1.5162046e-08,1.5257898e-08,1.9901258e-08,2.4489319e-08,3.059114e-08,2.7777054e-08
8.485327,16.969349,1.8353003e-08,1.7981302e-08,2.2108763e-08,2.6011776e-08,3.0380512e-08,2.883861e-08
7.342586,11.754269,2.7217283e-08,2.1100373e-08,1.8448931e-08,1.4128187e-08,2.0297e-09,3.923551e-09
7.1664767,12.057464,2.786688e-08,2.220455e-08,1.8889974e-08,1.4548846e-08,2.0532094e-09,3.492899e-09
7.0391493,11.701379,2.5726603e-08,1.929585e-08,1.684331e-08,1.1900238e-08,1.7320185e-09,3.089886e-09
6.2571564,14.695539,3.0562685e-08,2.8764136e-08,2.6944813e-08,2.6653264e-08,1.169641e-08,1.4987727e-08
6.475601,14.253029,3.0600308e-08,2.8379542e-08,2.6043411e-08,2.5983542e-08,1.0383667e-08,1.3084619e-08
6.6940465,13.810518,3.0565378e-08,2.8021814e-08,2.50955e-08,2.513459e-08,8.731833e-09,1.1008073e-08
6.767576,14.675113,3.028556e-08,3.0091293e-08,2.8632005e-08,2.8456094e-08,1.4989507e-08,2.0552353e-08
6.9860215,14.232602,3.0426293e-08,2.9912837e-08,2.8096698e-08,2.820594e-08,1.3718549e-08,1.8888832e-08
7.2779965,14.654686,2.974666e-08,3.059937e-08,2.992801e-08,2.9788875e-08,1.8608326e-08,2.5398268e-08
7.0547347,15.167455,2.9483395e-08,3.0574498e-08,3.0203623e-08,2.9904403e-08,1.972394e-08,2.6538855e-08
6.8314724,15.680223,2.9151515e-08,3.034912e-08,3.04744e-08,3.020752e-08,2.0821275e-08,2.7508289e-08
6.5443144,15.187881,3.0067586e-08,3.038417e-08,2.9286328e-08,2.8902473e-08,1.633304e-08,2.243755e-08
7.624157,15.018318,2.8700724e-08,2.9992698e-08,3.0598006e-08,3.0504197e-08,2.2904336e-08,2.923255e-08
7.9703174,15.38195,2.7172597e-08,2.808513e-08,3.0056736e-08,3.0532142e-08,2.6236577e-08,3.0561974e-08
8.316478,15.745583,2.4833865e-08,2.4974199e-08,2.8264592e-08,2.9908684e-08,2.84925e-08,3.0258178e-08
7.400895,15.531087,2.8359613e-08,2.9605383e-08,3.0585223e-08,3.0546616e-08,2.3592547e-08,2.9579892e-08
7.7470555,15.894719,2.6600379e-08,2.7247669e-08,2.9705042e-08,3.0431814e-08,2.663403e-08,3.0581564e-08
7.177633,16.043856,2.779843e-08,2.8660342e-08,3.0385245e-08,3.0596834e-08,2.4551243e-08,2.9938693e-08
8.255979,16.218313,2.328097e-08,2.3099474e-08,2.6909948e-08,2.9240178e-08,2.9079711e-08,3.0051012e-08
8.195478,16.691044,2.1301775e-08,2.0826482e-08,2.4799226e-08,2.783659e-08,2.9761802e-08,2.9721425e-08
7.686556,16.367449,2.5159228e-08,2.5134787e-08,2.8397242e-08,2.981024e-08,2.7861988e-08,3.057193e-08
8.8961735,16.302193,1.9185011e-08,1.8714376e-08,2.3576666e-08,2.7601553e-08,3.0269877e-08,2.8502974e-08
8.545826,16.496618,2.038104e-08,1.9997614e-08,2.4356643e-08,2.7850485e-08,2.9990264e-08,2.9236869e-08
8.606325,16.023888,2.2239046e-08,2.1877792e-08,2.6075618e-08,2.8944399e-08,2.9625383e-08,2.9444335e-08
8.024884,12.34181,3.0501848e-08,2.8768843e-08,2.6267209e-08,2.4796627e-08,7.7693745e-09,1.3419492e-08
7.680045,12.348094,3.0079207e-08,2.695813e-08,2.3748285e-08,2.1484752e-08,4.959939e-09,8.534345e-09
7.335206,12.354377,2.937262e-08,2.50259e-08,2.1421679e-08,1.8337234e-08,3.2583936e-09,5.2886993e-09
7.8561544,12.044898,2.983084e-08,2.6323463e-08,2.3408592e-08,2.0831868e-08,4.6501056e-09,8.784875e-09
7.511316,12.051181,2.895759e-08,2.4148697e-08,2.0939938e-08,1.7411509e-08,2.9352092e-09,5.377346e-09
7.687425,11.747986,2.8475975e-08,2.3212152e-08,2.0530274e-08,1.713414e-08,2.904571e-09,5.9477845e-09
7.232502,12.706394,2.9951302e-08,2.6380707e-08,2.2653118e-08,2.0723963e-08,4.409283e-09,6.4943566e-09
7.4746366,13.052129,3.057055e-08,2.8878592e-08,2.5916375e-08,2.5543862e-08,8.256377e-09,1.23058665e-08
7.716771,13.397863,3.0439722e-08,3.0305333e-08,2.8587019e-08,2.8817913e-08,1.3342854e-08,1.95276e-08
7.036403,13.0489855,3.0205918e-08,2.6945298e-08,2.3239535e-08,2.2239405e-08,5.436916e-09,7.3308604e-09
7.2785378,13.39472,3.05994e-08,2.9111696e-08,2.6309017e-08,2.6409282e-08,9.496565e-09,1.3482721e-08
6.8403044,13.391578,3.0388314e-08,2.732834e-08,2.3843787e-08,2.3494934e-08,6.6535213e-09,8.4522584e-09
7.570513,13.816804,3.0236137e-08,3.047493e-08,2.9137974e-08,2.9399077e-08,1.539972e-08,2.184058e-08
7.424255,14.235745,2.9997473e-08,3.0562816e-08,2.9581475e-08,2.9659498e-08,1.7170887e-08,2.3826754e-08
7.13228,13.813662,3.0557484e-08,2.957511e-08,2.7266045e-08,2.7547735e-08,1.1727883e-08,1.6277768e-08
7.9221797,12.693828,3.0597835e-08,2.9510264e-08,2.7155393e-08,2.6414144e-08,9.395112e-09,1.509025e-08
7.8194757,13.045845,3.056585e-08,3.0002965e-08,2.7929074e-08,2.7826546e-08,1.1320966e-08,1.72218e-08
7.5773406,12.700111,3.041019e-08,2.8069026e-08,2.4875712e-08,2.3597337e-08,6.4121637e-09,1.0131094e-08
7.78782,10.959562,2.542009e-08,1.8853896e-08,1.7422247e-08,1.5514518e-08,3.3751582e-09,6.658142e-09
7.653258,11.2053175,2.5942159e-08,1.9336037e-08,1.7818795e-08,1.4932258e-08,2.7195088e-09,5.675889e-09
7.518134,10.938936,2.3973223e-08,1.7302568e-08,1.6345096e-08,1.365514e-08,3.2984293e-09,5.762738e-09
20.699463,20.730204,2.2678814e-09,2.9912983e-09,1.0441652e-08,8.47715e-09,2.9233647e-08,2.7292282e-08
20.794693,20.378687,2.2199924e-09,2.9152158e-09,1.00659605e-08,8.3249905e-09,2.9497137e-08,2.7828303e-08
21.051132,20.63763,1.8064444e-09,2.2832813e-09,8.47906e-09,6.1858993e-09,2.8735723e-08,2.707725e-08
20.531395,20.098097,2.6392863e-09,3.6134473e-09,1.1108037e-08,1.0360807e-08,2.9950563e-08,2.8480265e-08
20.436165,20.449614,2.771564e-09,3.84924e-09,1.190232e-08,1.0497907e-08,2.9871487e-08,2.8080349e-08
20.340933,20.801132,2.8050697e-09,3.9407237e-09,1.2162761e-08,1.060949e-08,2.9684863e-08,2.7576805e-08
20.172867,20.169024,3.2235206e-09,4.7030264e-09,1.2737097e-08,1.2230204e-08,3.0224303e-08,2.868004e-08
20.077637,20.520542,3.3504046e-09,5.00373e-09,1.34027305e-08,1.2298563e-08,3.017208e-08,2.834591e-08
19.814339,20.239952,3.7886156e-09,5.9737126e-09,1.4088102e-08,1.3738794e-08,3.0421685e-08,2.8886184e-08
19.645933,20.973469,3.9020556e-09,6.4068653e-09,1.4625614e-08,1.3749056e-08,3.0269394e-08,2.815167e-08
19.730135,20.60671,3.897701e-09,6.3189063e-09,1.4616761e-08,1.3715265e-08,3.037643e-08,2.8594346e-08
19.993433,20.8873,3.3497802e-09,5.06601e-09,1.3496166e-08,1.2315206e-08,3.0019066e-08,2.7850952e-08
19.256113,21.096777,4.4979815e-09,8.12955e-09,1.5808821e-08,1.521673e-08,3.044627e-08,2.8452304e-08
18.950495,20.853327,4.9840376e-09,9.932752e-09,1.7257756e-08,1.6640776e-08,3.0583315e-08,2.9107337e-08
18.644876,20.609875,5.193542e-09,1.1305523e-08,1.8559769e-08,1.8317932e-08,3.0591362e-08,2.9544646e-08
19.340315,20.730019,4.4661297e-09,8.008959e-09,1.5875827e-08,1.5119149e-08,3.0513164e-08,2.8852215e-08
19.034697,20.486567,4.809071e-09,9.327955e-09,1.6875997e-08,1.652953e-08,3.05948e-08,2.9310323e-08
19.424519,20.363258,4.342138e-09,7.555497e-09,1.5456665e-08,1.5107581e-08,3.0542893e-08,2.909032e-08
18.936422,21.244831,4.9570685e-09,9.663453e-09,1.6816466e-08,1.6499545e-08,3.0528362e-08,2.8613867e-08
18.616734,21.392885,5.4068168e-09,1.1357034e-08,1.8039234e-08,1.8034193e-08,3.058334e-08,2.8763688e-08
18.630804,21.001379,5.385904e-09,1.1691695e-08,1.8594767e-08,1.8159529e-08,3.0600535e-08,2.9266653e-08
18.228188,21.604391,5.9208802e-09,1.3539063e-08,1.980581e-08,2.0339666e-08,3.0594187e-08,2.8908017e-08
17.853716,21.424393,6.350892e-09,1.660184e-08,2.2729752e-08,2.3338538e-08,3.032284e-08,2.968642e-08
17.479242,21.244394,6.4250023e-09,1.9135229e-08,2.522961e-08,2.6325562e-08,2.935434e-08,3.0315153e-08
18.24226,21.212887,5.8749388e-09,1.405337e-08,2.0523196e-08,2.051003e-08,3.055838e-08,2.9446893e-08
17.867786,21.032888,6.008201e-09,1.6345796e-08,2.2940936e-08,2.3462118e-08,3.0191035e-08,3.0030474e-08
18.256332,20.82138,5.5956297e-09,1.3686109e-08,2.0631735e-08,2.063347e-08,3.050526e-08,2.9766978e-08
17.680141,21.990664,6.507099e-09,1.646704e-08,2.2496113e-08,2.4105777e-08,3.0330572e-08,2.9081889e-08
17.57969,21.617529,6.6787087e-09,1.8361709e-08,2.424387e-08,2.535273e-08,2.9928955e-08,2.984692e-08
17.954165,21.797527,6.236867e-09,1.501774e-08,2.1115527e-08,2.2187384e-08,3.0526873e-08,2.8971828e-08
17.262465,21.97686,6.993856e-09,1.983013e-08,2.5542944e-08,2.7273765e-08,2.9256768e-08,2.9883648e-08
16.84479,21.963058,7.31022e-09,2.2797602e-08,2.7871192e-08,2.9452826e-08,2.6931554e-08,3.0492053e-08
17.162016,21.603725,6.951491e-09,2.1324672e-08,2.6766688e-08,2.818537e-08,2.830659e-08,3.0417695e-08
16.346575,21.799881,7.263605e-09,2.543196e-08,2.948652e-08,3.048138e-08,2.2745681e-08,3.0429476e-08
15.807579,21.744347,6.8846817e-09,2.6660398e-08,3.0082127e-08,3.059616e-08,1.9438257e-08,2.9836674e-08
15.268583,21.688812,6.1779266e-09,2.6794236e-08,3.019745e-08,3.0573247e-08,1.8369546e-08,2.95492e-08
16.165588,21.277374,6.101571e-09,2.4951396e-08,2.940777e-08,3.050722e-08,2.1585553e-08,3.0177702e-08
15.626593,21.22184,5.3871636e-09,2.515346e-08,2.959114e-08,3.0581337e-08,2.0185391e-08,2.9954087e-08
15.984601,20.754868,4.4809205e-09,2.2477764e-08,2.85387e-08,3.037087e-08,2.2273078e-08,3.0207755e-08
16.98103,21.081219,6.120573e-09,2.1546516e-08,2.7444518e-08,2.9044747e-08,2.6701183e-08,3.060019e-08
16.663801,21.44055,6.768115e-09,2.3923734e-08,2.8696906e-08,3.0020583e-08,2.4734506e-08,3.0548243e-08
16.482815,20.918043,5.404295e-09,2.2648118e-08,2.844545e-08,3.013738e-08,2.3707983e-08,3.0406568e-08
14.846566,20.819344,3.4539651e-09,2.2209083e-08,2.8305442e-08,3.023663e-08,2.2648337e-08,3.0327758e-08
15.415584,20.787106,3.961314e-09,2.2618853e-08,2.8564019e-08,3.0391533e-08,2.1913468e-08,3.0184733e-08
15.057574,21.254078,4.7595217e-09,2.4929234e-08,2.955955e-08,3.0573403e-08,2.0252655e-08,2.9970373e-08
15.024469,19.746323,2.351076e-09,1.719836e-08,2.5103494e-08,2.8873867e-08,2.5953009e-08,3.0474684e-08
15.344513,20.082504,2.6709746e-09,1.855144e-08,2.6307642e-08,2.9640754e-08,2.4627923e-08,3.033609e-08
15.664557,20.418686,3.3928187e-09,2.0423299e-08,2.7555428e-08,3.014456e-08,2.3217776e-08,3.0244824e-08
14.775496,20.114742,2.404443e-09,1.8439726e-08,2.5922388e-08,2.9181015e-08,2.542462e-08,3.0538644e-08
15.095539,20.450924,2.9774174e-09,2.0331838e-08,2.730219e-08,2.9941283e-08,2.3720878e-08,3.0374707e-08
14.526522,20.483162,2.6377946e-09,1.9962831e-08,2.6908234e-08,2.9558674e-08,2.4668244e-08,3.054248e-08
13.908527,19.58279,2.2997382e-09,1.5385531e-08,2.2778577e-08,2.6737053e-08,2.8139436e-08,3.021866e-08
14.031534,20.00572,2.1541082e-09,1.7311347e-08,2.4661375e-08,2.8021269e-08,2.7035732e-08,3.050343e-08
14.154541,20.428652,2.3898086e-09,1.9306041e-08,2.6334034e-08,2.9091789e-08,2.557718e-08,3.060036e-08
13.46822,19.83184,2.172178e-09,1.5631477e-08,2.2740158e-08,2.6460441e-08,2.8405923e-08,2.987143e-08
13.591227,20.25477,2.1299569e-09,1.784009e-08,2.4882933e-08,2.7925765e-08,2.7163436e-08,3.039272e-08
13.027912,20.080889,2.1047657e-09,1.6005295e-08,2.278056e-08,2.6228653e-08,2.8578018e-08,2.9671678e-08
14.280508,19.6373,2.2552762e-09,1.6224483e-08,2.3811051e-08,2.7609698e-08,2.739015e-08,3.0535066e-08
14.652489,19.69181,2.2699593e-09,1.6816768e-08,2.4553525e-08,2.8303612e-08,2.6653275e-08,3.0594233e-08
14.403515,20.060232,2.2443947e-09,1.7924068e-08,2.5356593e-08,2.8655826e-08,2.623586e-08,3.0600447e-08
12.7070875,19.711752,2.3839752e-09,1.3078776e-08,1.9571821e-08,2.3890868e-08,2.9668362e-08,2.8508609e-08
12.2409,19.398241,2.9570384e-09,9.8655e-09,1.5863693e-08,2.1022483e-08,3.033081e-08,2.7143743e-08
11.774713,19.08473,3.787527e-09,7.3264994e-09,1.3001401e-08,1.850879e-08,3.0566053e-08,2.6060066e-08
12.82657,19.093563,3.2771899e-09,9.795396e-09,1.5835077e-08,2.1271036e-08,3.0198454e-08,2.7711305e-08
12.360382,18.780054,4.1409605e-09,7.202865e-09,1.2533479e-08,1.8121364e-08,3.0534697e-08,2.644962e-08
12.946053,18.475376,4.5726933e-09,7.687975e-09,1.2861561e-08,1.893476e-08,3.036672e-08,2.738622e-08
13.587702,19.213652,2.8016172e-09,1.2866668e-08,1.9855717e-08,2.467156e-08,2.920729e-08,2.9482434e-08
13.147395,19.462702,2.5570668e-09,1.2866241e-08,1.9607889e-08,2.4180881e-08,2.951059e-08,2.88658e-08
13.266877,18.844515,3.627025e-09,9.97431e-09,1.6096612e-08,2.1886898e-08,2.9954947e-08,2.8479596e-08
10.029782,17.663786,8.830276e-09,9.533033e-09,1.5976097e-08,2.0385942e-08,3.047618e-08,2.5706616e-08
10.570888,17.678204,7.335414e-09,8.128875e-09,1.482053e-08,1.8757584e-08,3.045067e-08,2.520091e-08
11.111994,17.692623,6.38435e-09,7.1714816e-09,1.3763125e-08,1.7305299e-08,3.047126e-08,2.4911474e-08
10.123614,18.08089,7.906254e-09,7.987568e-09,1.493096e-08,1.9256754e-08,3.052822e-08,2.5444159e-08
10.664721,18.095308,6.7529653e-09,6.9543695e-09,1.3825966e-08,1.7782407e-08,3.0527588e-08,2.5160324e-08
10.217447,18.497995,6.7924324e-09,6.707472e-09,1.3489747e-08,1.8408885e-08,3.057985e-08,2.5269966e-08
11.16336,18.823812,4.794098e-09,6.1051777e-09,1.2012403e-08,1.7324027e-08,3.0600116e-08,2.5390682e-08
10.690403,18.660904,5.6655147e-09,6.0986207e-09,1.24756125e-08,1.7569317e-08,3.0591558e-08,2.5226528e-08
11.137676,18.258217,5.8968013e-09,6.108295e-09,1.2446057e-08,1.6514415e-08,3.0562248e-08,2.5096506e-08
11.749029,18.519135,4.9872457e-09,5.9289036e-09,1.13748495e-08,1.6242623e-08,3.059975e-08,2.546944e-08
11.723347,17.95354,5.7352416e-09,6.291392e-09,1.2262102e-08,1.5996134e-08,3.056951e-08,2.51087e-08
12.3347,18.214458,5.232242e-09,6.3051924e-09,1.1388526e-08,1.6334283e-08,3.059115e-08,2.5922166e-08
9.522037,16.620987,1.373014e-08,1.384179e-08,1.9515587e-08,2.4697172e-08,3.0599143e-08,2.6764381e-08
9.858051,16.661474,1.1587558e-08,1.20129195e-08,1.7986805e-08,2.3259107e-08,3.0537297e-08,2.5990056e-08
10.194067,16.701963,9.73284e-09,1.0456121e-08,1.6598927e-08,2.172263e-08,3.0427824e-08,2.5337258e-08
9.622921,16.977276,1.1965755e-08,1.2572752e-08,1.8177666e-08,2.3263347e-08,3.0566074e-08,2.652251e-08
9.958937,17.017763,1.0190236e-08,1.10577405e-08,1.696128e-08,2.1951308e-08,3.04878e-08,2.5884779e-08
9.723806,17.333565,1.0573388e-08,1.1387338e-08,1.7163998e-08,2.197943e-08,3.051444e-08,2.6241144e-08
10.500043,17.032183,8.0260865e-09,9.144696e-09,1.5310146e-08,1.9897286e-08,3.036414e-08,2.5060354e-08
10.806018,17.362402,6.99887e-09,8.127434e-09,1.45328025e-08,1.8516824e-08,3.038962e-08,2.4925821e-08
10.264913,17.347984,8.462291e-09,9.5170805e-09,1.5753155e-08,2.0224977e-08,3.0426666e-08,2.5471987e-08
9.383645,16.26239,1.604786e-08,1.5610384e-08,2.1280336e-08,2.620873e-08,3.0577713e-08,2.7121661e-08
9.093798,15.984085,1.9272557e-08,1.8570342e-08,2.3706749e-08,2.7767362e-08,3.035955e-08,2.8050051e-08
8.803949,15.70578,2.233794e-08,2.1815985e-08,2.6110467e-08,2.8968971e-08,2.979551e-08,2.9108069e-08
9.581269,15.9442835,1.5848466e-08,1.5131237e-08,2.1199677e-08,2.6156949e-08,3.0600035e-08,2.652096e-08
9.291422,15.6659775,1.9129574e-08,1.8131205e-08,2.3564297e-08,2.7616311e-08,3.0477832e-08,2.7515462e-08
9.778893,15.626176,1.5469316e-08,1.4495473e-08,2.0981645e-08,2.5833872e-08,3.058245e-08,2.5954312e-08
9.719661,16.30288,1.3569177e-08,1.3395249e-08,1.9493928e-08,2.4797147e-08,3.058511e-08,2.6199036e-08
9.917285,15.984771,1.32293705e-08,1.2827221e-08,1.9348292e-08,2.4649093e-08,3.053391e-08,2.5587813e-08
10.0556755,16.343367,1.1296537e-08,1.1480002e-08,1.7829503e-08,2.3197655e-08,3.0478656e-08,2.5409427e-08
7.807275,11.452921,2.7759135e-08,2.1996636e-08,1.9852234e-08,1.7005842e-08,2.9944713e-09,6.5479586e-09
7.941837,11.207166,2.7284772e-08,2.1391024e-08,1.9531381e-08,1.7573285e-08,3.4239398e-09,7.537959e-09
8.076399,10.9614105,2.6866802e-08,2.1023626e-08,1.9115415e-08,1.8177694e-08,4.0275463e-09,8.4858165e-09
8.095854,11.454769,2.8862758e-08,2.4299428e-08,2.206574e-08,2.0154905e-08,4.3698747e-09,9.518792e-09
8.230415,11.209014,2.85162e-08,2.3880975e-08,2.1796437e-08,2.0780456e-08,4.8197677e-09,1.057264e-08
8.384433,11.456618,2.975413e-08,2.6707736e-08,2.4628083e-08,2.3564619e-08,6.7328556e-09,1.3868769e-08
8.264584,11.751682,3.0091545e-08,2.7421738e-08,2.5175037e-08,2.352652e-08,6.758895e-09,1.3306842e-08
8.144733,12.046746,3.0341642e-08,2.8136796e-08,2.5721546e-08,2.3945521e-08,7.0911566e-09,1.3101253e-08
7.976004,11.749834,2.9395338e-08,2.5309168e-08,2.272227e-08,2.021509e-08,4.344927e-09,8.928878e-09
8.864427,12.107416,3.0320212e-08,3.0597995e-08,3.0320518e-08,2.9931282e-08,1.7656582e-08,2.5861207e-08
8.584579,12.185548,3.054725e-08,3.0382584e-08,2.9363076e-08,2.8654021e-08,1.3826705e-08,2.2008882e-08
8.304731,12.2636795,3.0598013e-08,2.9720525e-08,2.7925399e-08,2.6856783e-08,1.0441737e-08,1.7625243e-08
8.704429,11.890484,3.059596e-08,3.020375e-08,2.9144513e-08,2.842539e-08,1.3580655e-08,2.2260506e-08
8.424582,11.968615,3.054756e-08,2.9320285e-08,2.7545841e-08,2.6353284e-08,9.938368e-09,1.7612921e-08
8.544431,11.673551,3.0424467e-08,2.8872414e-08,2.7155112e-08,2.6207221e-08,9.741774e-09,1.8008784e-08
8.129668,13.716016,2.9494576e-08,3.0366962e-08,3.0472698e-08,3.052942e-08,2.002168e-08,2.7092321e-08
8.542565,14.034167,2.7865074e-08,2.838537e-08,3.0120823e-08,3.0229888e-08,2.5441198e-08,3.038595e-08
8.955462,14.35232,2.5487282e-08,2.4756812e-08,2.8017194e-08,2.9010215e-08,2.8808264e-08,3.0122948e-08
7.9834104,14.134956,2.9192185e-08,3.0240262e-08,3.054562e-08,3.0552556e-08,2.1300416e-08,2.8124928e-08
8.396307,14.453109,2.7576672e-08,2.8248383e-08,3.0076688e-08,3.0342648e-08,2.5969587e-08,3.0524454e-08
7.837152,14.553898,2.8909422e-08,3.0102928e-08,3.0586435e-08,3.054243e-08,2.2333625e-08,2.8879276e-08
8.529472,15.281162,2.5241578e-08,2.5316858e-08,2.8449282e-08,2.9897738e-08,2.8568486e-08,3.0169954e-08
8.183312,14.91753,2.7422162e-08,2.8295013e-08,3.0116574e-08,3.0492824e-08,2.6103786e-08,3.055211e-08
8.742468,14.816741,2.5413847e-08,2.5165706e-08,2.8326697e-08,2.9579146e-08,2.8713462e-08,3.010676e-08
9.504416,15.201557,1.9236287e-08,1.7699513e-08,2.3468392e-08,2.7179894e-08,3.055963e-08,2.7091303e-08
9.016945,15.24136,2.2631694e-08,2.1745686e-08,2.6127022e-08,2.8755649e-08,2.9973233e-08,2.8799304e-08
9.229939,14.776938,2.2719249e-08,2.1235584e-08,2.5819778e-08,2.8120011e-08,3.0125193e-08,2.8632043e-08
8.315416,12.562812,3.0522223e-08,3.0358446e-08,2.9046376e-08,2.8509245e-08,1.2975326e-08,2.0365686e-08
8.605949,12.7838125,2.9897258e-08,3.0451183e-08,3.048941e-08,3.0389135e-08,1.8705292e-08,2.621691e-08
8.896482,13.004813,2.8738677e-08,2.9060352e-08,3.027717e-08,3.0410163e-08,2.3647576e-08,2.9594506e-08
8.212712,12.914829,3.0353494e-08,3.054743e-08,2.9509275e-08,2.9385047e-08,1.4645597e-08,2.1900641e-08
8.503245,13.13583,2.9577857e-08,3.0250337e-08,3.056827e-08,3.0564692e-08,1.9995953e-08,2.7183871e-08
8.110008,13.266847,3.012239e-08,3.0600507e-08,2.9868392e-08,2.9970252e-08,1.640547e-08,2.3603961e-08
8.916142,13.453982,2.7711295e-08,2.7655402e-08,2.960857e-08,2.9791806e-08,2.5963283e-08,3.0463774e-08
8.935802,13.9031515,2.6627488e-08,2.617876e-08,2.8818489e-08,2.925341e-08,2.7661864e-08,3.055751e-08
8.522905,13.584999,2.8756165e-08,2.9431087e-08,3.0513476e-08,3.0500157e-08,2.3094021e-08,2.9341212e-08
8.875112,12.4065485,2.989858e-08,3.037037e-08,3.0583358e-08,3.0444316e-08,1.9793616e-08,2.7304914e-08
8.8857975,12.705681,2.9357516e-08,2.9828044e-08,3.0544122e-08,3.05991e-08,2.181419e-08,2.8583678e-08
8.595264,12.48468,3.0297368e-08,3.059996e-08,3.0092608e-08,2.9730877e-08,1.6275239e-08,2.4177531e-08
8.206643,10.699685,2.6486235e-08,2.0809624e-08,1.8403746e-08,1.849232e-08,4.7163162e-09,9.09181e-09
8.490905,10.685564,2.7886445e-08,2.3481677e-08,2.065436e-08,2.158574e-08,5.7906955e-09,1.1452817e-08
8.7751665,10.671443,2.9109183e-08,2.6319697e-08,2.3426436e-08,2.4815153e-08,7.547605e-09,1.4667185e-08
8.360661,10.947289,2.8143752e-08,2.355238e-08,2.1298062e-08,2.1289388e-08,5.3227027e-09,1.1281316e-08
8.644922,10.933168,2.9248389e-08,2.6249326e-08,2.3929946e-08,2.4561968e-08,7.424693e-09,1.5076791e-08
8.514677,11.194893,2.9484271e-08,2.6381171e-08,2.4325642e-08,2.4091225e-08,7.099547e-09,1.472219e-08
8.444987,10.266732,2.644027e-08,2.120721e-08,1.7331894e-08,1.8864961e-08,5.7362666e-09,9.3293115e-09
8.610077,10.469088,2.7865148e-08,2.370972e-08,2.0204233e-08,2.1802945e-08,6.1033774e-09,1.1257336e-08
8.160726,10.280853,2.4811161e-08,1.8851281e-08,1.5524042e-08,1.6205012e-08,5.6899943e-09,8.494917e-09
8.325815,10.483209,2.638134e-08,2.0935808e-08,1.7821332e-08,1.8703266e-08,5.281936e-09,9.352729e-09
8.0415535,10.49733,2.4831518e-08,1.8668583e-08,1.6160552e-08,1.6096903e-08,4.9640305e-09,8.126873e-09
7.90903,10.248586,2.3257263e-08,1.7200971e-08,1.4333478e-08,1.424962e-08,6.274406e-09,8.236276e-09
21.109064,19.472397,1.7054321e-09,2.1954176e-09,6.7908115e-09,7.1241497e-09,2.9464672e-08,2.8791177e-08
21.352743,19.661722,1.4534208e-09,1.835776e-09,5.9104432e-09,5.283195e-09,2.9289971e-08,2.8477315e-08
20.999495,19.749783,1.8939226e-09,2.4603846e-09,8.015866e-09,7.647129e-09,2.9584635e-08,2.8557684e-08
20.89696,19.167805,1.9235424e-09,2.5351792e-09,7.1698283e-09,8.815667e-09,2.9495942e-08,2.9057075e-08
20.78739,19.44519,2.1226314e-09,2.8341463e-09,8.387167e-09,9.3463095e-09,2.9710536e-08,2.8922882e-08
20.677818,19.722576,2.3478333e-09,3.1639016e-09,9.624081e-09,9.83414e-09,2.9862957e-08,2.8762303e-08
20.575285,19.140598,2.350881e-09,3.2431144e-09,8.664056e-09,1.0872654e-08,2.9759354e-08,2.9103399e-08
20.465714,19.417984,2.580873e-09,3.596737e-09,9.845285e-09,1.1337142e-08,2.996499e-08,2.9025902e-08
20.253609,19.113392,2.7915563e-09,4.0349777e-09,1.0008838e-08,1.26326745e-08,3.002032e-08,2.9127689e-08
20.31929,19.793505,2.9194087e-09,4.1413064e-09,1.1415842e-08,1.1856121e-08,3.0150737e-08,2.888704e-08
19.960762,19.864431,3.4857441e-09,5.2734626e-09,1.2923674e-08,1.3486022e-08,3.0372888e-08,2.9015517e-08
20.107185,19.488913,3.130576e-09,4.5986956e-09,1.1496088e-08,1.311955e-08,3.0241196e-08,2.908432e-08
19.520432,19.916183,4.0773536e-09,6.773741e-09,1.4445298e-08,1.5140495e-08,3.0534515e-08,2.9194409e-08
19.226524,19.592415,4.1512034e-09,7.2086372e-09,1.466346e-08,1.640803e-08,3.0570934e-08,2.929999e-08
18.932617,19.268648,4.0570036e-09,7.3699504e-09,1.4938047e-08,1.762106e-08,3.0586254e-08,2.937228e-08
19.666855,19.540665,3.7230259e-09,5.9022898e-09,1.31386315e-08,1.487666e-08,3.0461614e-08,2.9175618e-08
19.372948,19.216896,3.8133487e-09,6.31572e-09,1.3338497e-08,1.6078582e-08,3.0501635e-08,2.9217823e-08
19.813278,19.165144,3.3723502e-09,5.193917e-09,1.1774702e-08,1.4528859e-08,3.0323715e-08,2.9150257e-08
19.130611,20.039492,4.5075725e-09,8.288282e-09,1.5929022e-08,1.6477806e-08,3.0594027e-08,2.9362564e-08
18.740791,20.162798,4.8145967e-09,9.948991e-09,1.7599e-08,1.8088013e-08,3.0591956e-08,2.9570694e-08
18.836704,19.715723,4.4208597e-09,8.529429e-09,1.6309826e-08,1.7866421e-08,3.060042e-08,2.9476686e-08
18.262981,20.343184,5.083167e-09,1.2364232e-08,2.0120345e-08,2.0789987e-08,3.0461166e-08,2.989254e-08
17.881084,20.076492,4.6472155e-09,1.28283775e-08,2.1564768e-08,2.3483937e-08,3.0100505e-08,3.019652e-08
17.49919,19.8098,4.0552077e-09,1.3020454e-08,2.2743196e-08,2.5910259e-08,2.9398855e-08,3.048158e-08
18.358894,19.896107,4.6007496e-09,1.046249e-08,1.876001e-08,2.027958e-08,3.0518866e-08,2.9797603e-08
17.977,19.629416,4.178448e-09,1.0702343e-08,1.9987365e-08,2.269362e-08,3.030858e-08,3.0108026e-08
18.45481,19.449032,4.199505e-09,8.841809e-09,1.726668e-08,1.975471e-08,3.057774e-08,2.968618e-08
17.874435,20.55469,5.338228e-09,1.4909867e-08,2.252825e-08,2.354738e-08,3.0076833e-08,3.0190304e-08
17.485891,20.766197,5.62026e-09,1.7744158e-08,2.4884933e-08,2.634071e-08,2.9127873e-08,3.0457212e-08
17.49254,20.287998,4.7428617e-09,1.5408801e-08,2.3961476e-08,2.6191884e-08,2.9167508e-08,3.0477384e-08
16.987679,20.60302,5.016109e-09,1.9237916e-08,2.6633243e-08,2.8839295e-08,2.6821105e-08,3.0596635e-08
16.489464,20.439844,4.2148685e-09,1.9767695e-08,2.7331783e-08,2.986072e-08,2.4624846e-08,3.0433252e-08
16.994328,20.124823,4.0757335e-09,1.6420138e-08,2.5442484e-08,2.8533181e-08,2.7324516e-08,3.0596308e-08
15.416302,19.513018,2.4701199e-09,1.6557141e-08,2.4888795e-08,2.8984811e-08,2.5914218e-08,3.0261095e-08
15.808134,19.279715,2.6243991e-09,1.5786949e-08,2.4644317e-08,2.9034268e-08,2.6072081e-08,3.0040496e-08
16.199966,19.046412,2.7867553e-09,1.4801451e-08,2.423106e-08,2.8882043e-08,2.6558546e-08,2.99534e-08
15.736346,19.8492,2.7122966e-09,1.7449924e-08,2.5863594e-08,2.9600043e-08,2.4983262e-08,3.021848e-08
16.128178,19.615896,2.811659e-09,1.6136099e-08,2.5314066e-08,2.943715e-08,2.5684368e-08,3.0185557e-08
16.05639,20.185383,3.3305374e-09,1.8858199e-08,2.6898705e-08,2.995611e-08,2.417422e-08,3.0276475e-08
16.633041,19.300875,2.989021e-09,1.40647565e-08,2.4164207e-08,2.8742415e-08,2.7167944e-08,3.0337628e-08
17.066114,19.555338,3.445874e-09,1.34589575e-08,2.3723848e-08,2.7837391e-08,2.824087e-08,3.059372e-08
16.561253,19.87036,3.3373508e-09,1.630391e-08,2.5653561e-08,2.9348424e-08,2.6073854e-08,3.043635e-08
14.918924,19.335028,2.4640041e-09,1.605591e-08,2.4040322e-08,2.8125331e-08,2.678048e-08,3.0524685e-08
14.813379,18.923733,2.9265985e-09,1.4989622e-08,2.2935067e-08,2.7389973e-08,2.726569e-08,3.0566117e-08
14.707835,18.512438,3.6900145e-09,1.3792992e-08,2.1491312e-08,2.6749328e-08,2.7554979e-08,3.059567e-08
15.310757,19.101725,2.6514084e-09,1.579277e-08,2.4093632e-08,2.8383184e-08,2.6502496e-08,3.0256285e-08
15.205213,18.69043,3.1424823e-09,1.5135685e-08,2.3345605e-08,2.786767e-08,2.6742303e-08,3.0285182e-08
15.70259,18.86842,2.830606e-09,1.5416326e-08,2.4098789e-08,2.8567314e-08,2.6379297e-08,2.991639e-08
14.546944,19.280518,2.5241182e-09,1.5475553e-08,2.3253083e-08,2.7401974e-08,2.7443617e-08,3.0595743e-08
14.174963,19.226006,2.6427116e-09,1.4553401e-08,2.208598e-08,2.6468808e-08,2.8173195e-08,3.038772e-08
14.441399,18.869223,3.1309197e-09,1.4001933e-08,2.163865e-08,2.6450113e-08,2.7967353e-08,3.0553853e-08
13.854138,18.856869,3.3735839e-09,1.2095586e-08,1.9042128e-08,2.4462752e-08,2.9091332e-08,2.982596e-08
13.533313,18.48773,4.3361985e-09,9.556989e-09,1.5415518e-08,2.184719e-08,2.9783095e-08,2.8931384e-08
14.120574,18.500084,4.0394306e-09,1.1775088e-08,1.8623716e-08,2.470528e-08,2.8763932e-08,3.0199544e-08
12.909356,17.87444,5.6459206e-09,7.500171e-09,1.2599426e-08,1.799771e-08,3.04673e-08,2.6853165e-08
12.298003,17.613522,5.777524e-09,7.0317214e-09,1.2864456e-08,1.676891e-08,3.059928e-08,2.5448136e-08
11.68665,17.352604,5.894003e-09,7.1166593e-09,1.3379749e-08,1.696587e-08,3.0487097e-08,2.4723631e-08
12.87266,17.273502,6.0839227e-09,8.452056e-09,1.4504608e-08,1.9027398e-08,3.0546367e-08,2.6336043e-08
12.261307,17.012585,5.7595284e-09,7.492255e-09,1.3678508e-08,1.7739726e-08,3.0563083e-08,2.4978862e-08
12.835963,16.672567,6.008505e-09,8.704202e-09,1.5133262e-08,1.9915527e-08,3.0594276e-08,2.5896005e-08
13.317776,16.831,6.5186594e-09,1.0342731e-08,1.7011004e-08,2.20463e-08,3.0371933e-08,2.7342262e-08
13.799588,16.989433,6.8436115e-09,1.2364659e-08,1.9028535e-08,2.4380705e-08,2.975057e-08,2.8960772e-08
14.281402,17.147867,6.738618e-09,1.4290253e-08,2.0703425e-08,2.648796e-08,2.8714691e-08,3.0207733e-08
13.354472,17.431936,6.251848e-09,9.57111e-09,1.5311628e-08,2.0827938e-08,3.0212078e-08,2.7802605e-08
13.836285,17.59037,6.1247842e-09,1.0845526e-08,1.641895e-08,2.3114167e-08,2.9507754e-08,2.931709e-08
13.391169,18.032873,5.374572e-09,8.545585e-09,1.36624525e-08,2.0250036e-08,3.0061074e-08,2.8283562e-08
14.56569,18.05758,4.7721147e-09,1.2743519e-08,1.9637264e-08,2.6212922e-08,2.7872508e-08,3.0582978e-08
13.97843,18.045227,5.1705156e-09,1.0550157e-08,1.6389643e-08,2.3505393e-08,2.9146577e-08,2.982888e-08
14.423546,17.602724,5.870851e-09,1.3064653e-08,1.9157632e-08,2.6124301e-08,2.825513e-08,3.0461983e-08
10.584086,16.443895,8.412413e-09,9.178399e-09,1.556601e-08,2.0567752e-08,3.0271302e-08,2.4550786e-08
10.445695,16.0853,9.6420285e-09,9.97702e-09,1.6706238e-08,2.1936486e-08,3.028101e-08,2.4542114e-08
10.307303,15.726705,1.1255498e-08,1.1062715e-08,1.8122478e-08,2.330626e-08,3.0328813e-08,2.469571e-08
10.974106,16.18583,7.2392905e-09,8.206165e-09,1.47396895e-08,1.9511297e-08,3.0125634e-08,2.4035613e-08
10.835714,15.827233,8.147787e-09,8.846253e-09,1.5831212e-08,2.0732847e-08,3.0091638e-08,2.4051246e-08
11.364124,15.927762,6.3195267e-09,7.707644e-09,1.4320819e-08,1.8844327e-08,3.008911e-08,2.393907e-08
10.890061,16.774117,7.075588e-09,8.2185245e-09,1.4419665e-08,1.8919549e-08,3.0269167e-08,2.4471499e-08
11.280081,16.516048,6.2994916e-09,7.547477e-09,1.37611815e-08,1.81842e-08,3.0209712e-08,2.409809e-08
11.196037,17.104336,6.354098e-09,7.616283e-09,1.385755e-08,1.7833795e-08,3.0351828e-08,2.4542523e-08
11.854737,16.176031,5.5709e-09,7.3386226e-09,1.3563549e-08,1.7993033e-08,3.029548e-08,2.4200702e-08
12.34535,16.4243,5.572726e-09,7.678929e-09,1.3870627e-08,1.8448683e-08,3.0523005e-08,2.4827884e-08
11.770694,16.764317,5.7360494e-09,7.2185875e-09,1.3345784e-08,1.7487656e-08,3.038854e-08,2.4352786e-08
10.431584,14.627108,1.3846684e-08,1.2143495e-08,1.9938378e-08,2.3672579e-08,3.041792e-08,2.554237e-08
10.214021,14.96013,1.4324934e-08,1.2844369e-08,2.0286691e-08,2.4462361e-08,3.044186e-08,2.5378457e-08
9.996457,15.293153,1.4891871e-08,1.3663588e-08,2.063694e-08,2.5220633e-08,3.0514418e-08,2.5518585e-08
9.939544,14.535512,1.8198344e-08,1.5620486e-08,2.2248082e-08,2.5424944e-08,3.0598358e-08,2.6682853e-08
9.72198,14.868534,1.8720401e-08,1.666424e-08,2.289161e-08,2.6362741e-08,3.059794e-08,2.6768326e-08
9.447503,14.443916,2.228967e-08,2.0148596e-08,2.5085233e-08,2.7247888e-08,3.0291304e-08,2.8421102e-08
10.742431,15.060659,1.0194503e-08,1.0109157e-08,1.8011768e-08,2.2356804e-08,3.0170284e-08,2.4610111e-08
11.053278,15.49421,7.692857e-09,8.659377e-09,1.5989155e-08,2.056974e-08,3.00421e-08,2.4090708e-08
10.524867,15.393682,1.067367e-08,1.0507557e-08,1.8011862e-08,2.2835481e-08,3.0209087e-08,2.4479665e-08
12.779094,15.344404,5.334746e-09,1.042939e-08,1.6573615e-08,2.1160973e-08,3.060006e-08,2.619432e-08
12.79805,15.787126,5.52479e-09,9.460695e-09,1.5700742e-08,2.064941e-08,3.0598283e-08,2.5862386e-08
12.817006,16.229847,5.786332e-09,8.886512e-09,1.5250855e-08,2.0265912e-08,3.0600457e-08,2.5763034e-08
12.307437,15.538857,5.2935167e-09,8.619923e-09,1.501755e-08,1.9424922e-08,3.047636e-08,2.5102803e-08
12.326394,15.981578,5.3910005e-09,7.97004e-09,1.4201947e-08,1.883188e-08,3.0480344e-08,2.4831294e-08
11.835781,15.73331,5.5847478e-09,7.739902e-09,1.4273717e-08,1.8634195e-08,3.0245218e-08,2.431854e-08
8.683771,11.446131,3.0355018e-08,2.884134e-08,2.7237968e-08,2.6787331e-08,1.0385551e-08,1.9279648e-08
8.814016,11.184406,3.0226854e-08,2.8729373e-08,2.7061803e-08,2.724058e-08,1.065351e-08,1.9874552e-08
8.944261,10.922681,3.0118738e-08,2.8750302e-08,2.681482e-08,2.760834e-08,1.0651473e-08,1.9777652e-08
8.98311,11.435644,3.059826e-08,3.0237754e-08,2.9351572e-08,2.9165417e-08,1.5038744e-08,2.4414216e-08
9.113355,11.173919,3.0581496e-08,3.0236862e-08,2.9278409e-08,2.9454833e-08,1.5118674e-08,2.4682896e-08
9.282449,11.425157,3.0424058e-08,3.0576448e-08,3.047917e-08,3.039218e-08,1.986328e-08,2.8096547e-08
9.003767,11.879996,3.0362813e-08,3.0596727e-08,3.038115e-08,3.0053357e-08,1.8408219e-08,2.670894e-08
8.843769,11.663064,3.0600514e-08,3.020228e-08,2.9247602e-08,2.875551e-08,1.43063685e-08,2.3403013e-08
9.143108,11.652576,3.0398887e-08,3.0591703e-08,3.0434926e-08,3.022258e-08,1.9209146e-08,2.750563e-08
9.171736,12.170293,2.955763e-08,2.989102e-08,3.04967e-08,3.060024e-08,2.2544576e-08,2.9156924e-08
9.479045,12.23317,2.831386e-08,2.8030934e-08,2.9343092e-08,3.0116325e-08,2.619768e-08,3.0480933e-08
9.786354,12.296046,2.6601326e-08,2.5327957e-08,2.7310813e-08,2.8919882e-08,2.8470966e-08,3.048298e-08
9.182421,12.469425,2.8908135e-08,2.9073979e-08,3.0129044e-08,3.0467735e-08,2.4097995e-08,2.981839e-08
9.48973,12.532302,2.7488754e-08,2.6782343e-08,2.8545898e-08,2.9547921e-08,2.7162624e-08,3.0593757e-08
9.193106,12.768558,2.8190247e-08,2.8046433e-08,2.9579276e-08,3.005596e-08,2.5498004e-08,3.030653e-08
9.311076,11.942873,2.958949e-08,2.9831323e-08,3.044451e-08,3.0598052e-08,2.3265759e-08,2.9587913e-08
9.450417,11.715453,2.961246e-08,2.9739583e-08,3.038682e-08,3.057738e-08,2.395074e-08,2.9937897e-08
9.618385,12.00575,2.828322e-08,2.7887346e-08,2.9179214e-08,3.0048334e-08,2.672324e-08,3.056612e-08
9.354761,13.139658,2.6543377e-08,2.5403143e-08,2.791149e-08,2.8727847e-08,2.7960485e-08,3.055739e-08
9.813039,13.274503,2.349495e-08,2.061341e-08,2.458875e-08,2.6424766e-08,2.994837e-08,2.9468639e-08
10.2713175,13.409348,1.9746965e-08,1.6106227e-08,2.1682208e-08,2.438244e-08,3.0534718e-08,2.810076e-08
9.374421,13.588827,2.5240379e-08,2.3506066e-08,2.6873812e-08,2.7854178e-08,2.908873e-08,3.012755e-08
9.8327,13.723672,2.192467e-08,1.8738351e-08,2.3761787e-08,2.577506e-08,3.0356095e-08,2.8612272e-08
9.394081,14.037996,2.3869507e-08,2.1811369e-08,2.5999588e-08,2.7431533e-08,2.9836915e-08,2.9357462e-08
10.378162,14.221188,1.585998e-08,1.3191389e-08,2.0601956e-08,2.3779897e-08,3.0546108e-08,2.6374117e-08
9.886122,14.129592,2.0130845e-08,1.7040627e-08,2.2992204e-08,2.5481851e-08,3.056106e-08,2.7632653e-08
10.324739,13.815268,1.786079e-08,1.4479331e-08,2.1110596e-08,2.393453e-08,3.0600553e-08,2.7257393e-08
9.948009,12.667147,2.4482116e-08,2.2086846e-08,2.507149e-08,2.725505e-08,2.9604742e-08,2.991075e-08
10.109663,13.038247,2.2193483e-08,1.8896642e-08,2.3126093e-08,2.5623633e-08,3.023871e-08,2.9057773e-08
9.651384,12.903402,2.5605155e-08,2.375545e-08,2.6517696e-08,2.7983065e-08,2.8922027e-08,3.031118e-08
9.5763645,10.673987,3.0555306e-08,3.0583145e-08,3.0164664e-08,3.045324e-08,1.671124e-08,2.5780114e-08
9.478393,10.924377,3.0542452e-08,3.0588815e-08,3.030373e-08,3.0464687e-08,1.829169e-08,2.7181809e-08
9.380421,11.1747675,3.0500885e-08,3.0587497e-08,3.0407325e-08,3.0438297e-08,1.9340675e-08,2.788686e-08
9.3092985,10.67314,3.0515277e-08,3.0202344e-08,2.8649534e-08,2.9487403e-08,1.3149309e-08,2.2366896e-08
9.211327,10.923529,3.0544168e-08,3.019907e-08,2.8996384e-08,2.9523948e-08,1.43408325e-08,2.3917345e-08
9.0422325,10.672291,3.0005488e-08,2.868954e-08,2.6247761e-08,2.7549753e-08,9.997265e-09,1.84478e-08
8.588423,9.941155,2.6600297e-08,2.1466164e-08,1.678905e-08,1.8838922e-08,6.1893437e-09,8.840565e-09
8.896948,9.817935,2.8187618e-08,2.4118723e-08,1.9304178e-08,2.156073e-08,6.086772e-09,9.025452e-09
8.753512,10.143511,2.7908102e-08,2.38609e-08,1.943878e-08,2.1642727e-08,6.1868537e-09,1.0195304e-08
9.062037,10.02029,2.9239306e-08,2.6599977e-08,2.2212596e-08,2.4424365e-08,6.664248e-09,1.105321e-08
8.918602,10.345867,2.906321e-08,2.6419418e-08,2.2628397e-08,2.465954e-08,7.225674e-09,1.3030239e-08
9.452734,10.347563,3.054012e-08,3.0292046e-08,2.8318006e-08,2.935634e-08,1.1357354e-08,1.9455653e-08
9.185668,10.346715,3.0023557e-08,2.8825104e-08,2.5679705e-08,2.7383365e-08,8.960588e-09,1.5988244e-08
9.329103,10.021138,3.0174917e-08,2.8962235e-08,2.539843e-08,2.7076666e-08,7.717996e-09,1.3121345e-08
8.5303545,9.630516,2.5742949e-08,2.0195083e-08,1.5336356e-08,1.7057612e-08,7.077414e-09,8.330114e-09
21.155928,18.874897,1.5994682e-09,2.0008506e-09,5.3383085e-09,7.3115958e-09,2.9131751e-08,2.9174325e-08
20.834253,18.847692,1.9717155e-09,2.6171185e-09,6.8387362e-09,9.480709e-09,2.9374162e-08,2.916841e-08
20.512577,18.820486,2.3821896e-09,3.3440235e-09,8.301559e-09,1.1443499e-08,2.9672606e-08,2.915171e-08
21.093222,18.554785,1.6850621e-09,2.0856386e-09,5.2407243e-09,8.145383e-09,2.90088e-08,2.9226335e-08
20.771547,18.527578,2.0500854e-09,2.7500477e-09,6.726353e-09,1.023228e-08,2.9305584e-08,2.9164928e-08
21.415045,18.74207,1.352972e-09,1.5774159e-09,4.007658e-09,5.755373e-09,2.8917183e-08,2.9249708e-08
20.045763,18.710455,2.94997e-09,4.4834816e-09,1.00737765e-08,1.3816219e-08,3.0057898e-08,2.9102296e-08
19.837915,18.307516,3.070072e-09,5.073715e-09,1.0480099e-08,1.4981335e-08,3.0179326e-08,2.8936931e-08
19.63007,17.90458,3.1024747e-09,5.883377e-09,1.1367113e-08,1.6302343e-08,3.03652e-08,2.8681878e-08
20.304731,18.417547,2.6089537e-09,3.8992036e-09,8.744557e-09,1.2909246e-08,2.9784953e-08,2.9042699e-08
20.096886,18.01461,2.8012535e-09,4.655313e-09,9.675995e-09,1.4492305e-08,3.002335e-08,2.8741452e-08
20.5637,18.124641,2.3266848e-09,3.3408776e-09,7.625446e-09,1.2146987e-08,2.9525177e-08,2.893458e-08
19.605433,18.762205,3.4072722e-09,5.495883e-09,1.170436e-08,1.5473166e-08,3.0341827e-08,2.9116727e-08
19.165102,18.813957,3.6973093e-09,6.382619e-09,1.3221319e-08,1.690949e-08,3.0508378e-08,2.9228046e-08
19.397585,18.359268,3.3774226e-09,5.9266254e-09,1.1917659e-08,1.638123e-08,3.0413993e-08,2.9029588e-08
18.53969,18.823967,3.7457637e-09,7.51177e-09,1.5500595e-08,1.923893e-08,3.0600532e-08,2.9644111e-08
18.14676,18.379286,3.3562115e-09,8.139691e-09,1.6392478e-08,2.0927978e-08,3.0507792e-08,3.0173062e-08
17.753832,17.934607,3.0791554e-09,9.725059e-09,1.7889278e-08,2.2911076e-08,2.9844617e-08,3.059309e-08
18.772173,18.369278,3.4957817e-09,6.9224493e-09,1.38981875e-08,1.8308722e-08,3.0585316e-08,2.9437993e-08
18.379244,17.924597,3.1884142e-09,7.982505e-09,1.5034296e-08,1.9927146e-08,3.0529844e-08,2.9982782e-08
19.004656,17.914587,3.255497e-09,6.937716e-09,1.3055787e-08,1.7963758e-08,3.057742e-08,2.9124164e-08
18.06188,19.00435,3.6997778e-09,8.819236e-09,1.8032601e-08,2.1812522e-08,3.047384e-08,3.0109895e-08
17.58407,19.184736,3.547757e-09,1.05911635e-08,2.0769289e-08,2.4904006e-08,2.9867365e-08,3.0497695e-08
17.668951,18.559671,3.2608551e-09,9.54496e-09,1.9024789e-08,2.3744196e-08,3.005343e-08,3.055326e-08
17.150995,18.930273,3.157444e-09,1.16636105e-08,2.2040473e-08,2.6869364e-08,2.8902214e-08,3.0559082e-08
16.717922,18.67581,2.9757397e-09,1.3104058e-08,2.3012891e-08,2.7951888e-08,2.7713961e-08,3.0115224e-08
17.235876,18.305208,3.0727079e-09,1.1250962e-08,2.0767375e-08,2.5800817e-08,2.8969966e-08,3.046004e-08
15.987827,17.462172,4.239377e-09,1.688599e-08,2.466941e-08,2.9316979e-08,2.5235893e-08,2.9062967e-08
16.576496,17.61965,3.4687655e-09,1.5118523e-08,2.3620311e-08,2.8312654e-08,2.6047568e-08,2.9153698e-08
17.165163,17.777128,3.1019405e-09,1.242237e-08,2.1060435e-08,2.6086806e-08,2.802565e-08,3.0110954e-08
16.05854,17.990252,3.5586463e-09,1.5237886e-08,2.3876446e-08,2.848845e-08,2.5971035e-08,2.9321257e-08
16.64721,18.14773,3.1362817e-09,1.3681773e-08,2.2920586e-08,2.7730371e-08,2.7137899e-08,2.968216e-08
16.129253,18.518332,3.0473721e-09,1.4763708e-08,2.3831882e-08,2.8459608e-08,2.6530826e-08,2.96245e-08
15.631876,18.34034,3.4290513e-09,1.5174509e-08,2.3657698e-08,2.826166e-08,2.626574e-08,2.9783022e-08
15.134499,18.16235,4.0772843e-09,1.4474651e-08,2.236576e-08,2.7701818e-08,2.6720183e-08,3.0318883e-08
15.561163,17.81226,4.2676453e-09,1.5542382e-08,2.3499233e-08,2.8612078e-08,2.5922681e-08,2.973349e-08
14.992354,17.707493,5.116741e-09,1.4655907e-08,2.1677371e-08,2.7905337e-08,2.6878004e-08,3.0461365e-08
14.85021,17.252636,6.1576384e-09,1.6225643e-08,2.2671994e-08,2.840549e-08,2.7199551e-08,3.056914e-08
15.419019,17.357403,5.2062954e-09,1.7152328e-08,2.4132948e-08,2.9296059e-08,2.582818e-08,2.9872776e-08
14.182165,16.650988,7.2248643e-09,1.5102726e-08,2.228986e-08,2.7072831e-08,2.9086243e-08,2.991898e-08
13.700353,16.492554,6.9064883e-09,1.2492538e-08,1.957044e-08,2.4740658e-08,3.0030527e-08,2.8474451e-08
13.21854,16.334122,6.2836354e-09,1.026621e-08,1.6935674e-08,2.2174612e-08,3.0502893e-08,2.6872845e-08
14.08293,16.154108,7.221892e-09,1.5311054e-08,2.244153e-08,2.7227413e-08,2.9399335e-08,2.9596755e-08
13.601117,15.995675,6.582518e-09,1.2664781e-08,1.9378737e-08,2.4703974e-08,3.022201e-08,2.8100635e-08
13.983694,15.657229,6.8493784e-09,1.5942396e-08,2.2314342e-08,2.7176247e-08,2.9626783e-08,2.9318016e-08
13.180627,15.44868,5.682931e-09,1.1881854e-08,1.7912035e-08,2.2907654e-08,3.0530746e-08,2.7064893e-08
13.582161,15.552955,6.2350503e-09,1.3740413e-08,1.9874625e-08,2.50368e-08,3.0241573e-08,2.8153828e-08
13.199583,15.8914,5.992688e-09,1.0833265e-08,1.7229873e-08,2.2508853e-08,3.0532664e-08,2.6866967e-08
15.2677555,16.146843,7.1313484e-09,2.2556902e-08,2.876807e-08,3.0539056e-08,2.5321153e-08,3.003876e-08
14.938971,16.480518,7.149687e-09,1.9959517e-08,2.6790373e-08,2.990084e-08,2.6795743e-08,3.051935e-08
14.610186,16.814192,7.032295e-09,1.7149134e-08,2.4029749e-08,2.854123e-08,2.7907019e-08,3.0565438e-08
14.839735,15.983639,7.524722e-09,2.0687423e-08,2.7328797e-08,3.0111806e-08,2.6989738e-08,3.058779e-08
14.51095,16.317314,7.4387025e-09,1.781019e-08,2.5010321e-08,2.8913169e-08,2.8226049e-08,3.0463294e-08
14.411715,15.820435,7.390172e-09,1.8342392e-08,2.5013923e-08,2.8998864e-08,2.8518464e-08,3.029949e-08
15.50778,16.585287,6.2539423e-09,2.185982e-08,2.8063662e-08,3.045895e-08,2.492328e-08,2.9542186e-08
15.747804,17.02373,5.200729e-09,1.9612846e-08,2.6256176e-08,3.011062e-08,2.4889312e-08,2.9179834e-08
15.178995,16.91896,6.2897336e-09,1.9169972e-08,2.5689223e-08,2.9748703e-08,2.6194902e-08,3.0228147e-08
10.880597,14.438494,1.1326255e-08,1.0550514e-08,1.8746547e-08,2.2291523e-08,3.036448e-08,2.555483e-08
11.329609,14.249881,9.3923465e-09,9.945672e-09,1.8054749e-08,2.1367109e-08,3.045789e-08,2.5955663e-08
11.778622,14.061268,8.022383e-09,1.02273425e-08,1.7803568e-08,2.0976133e-08,3.0577375e-08,2.6526514e-08
11.191443,14.8720455,8.294423e-09,9.240904e-09,1.7242023e-08,2.1155834e-08,3.0192805e-08,2.4845798e-08
11.640456,14.683433,7.028215e-09,9.275338e-09,1.7033175e-08,2.0576467e-08,3.0383053e-08,2.544624e-08
11.502291,15.305597,6.444484e-09,8.327252e-09,1.5593281e-08,1.9766404e-08,3.014174e-08,2.441821e-08
10.827174,14.032575,1.32001885e-08,1.1387506e-08,1.9238461e-08,2.247861e-08,3.051193e-08,2.6308431e-08
10.773752,13.626655,1.5109327e-08,1.24344055e-08,1.9518327e-08,2.2693095e-08,3.0591956e-08,2.7023711e-08
11.276187,13.843961,1.0994767e-08,1.0592055e-08,1.8340886e-08,2.1581316e-08,3.055902e-08,2.65688e-08
12.445602,14.916692,5.3962865e-09,1.03282645e-08,1.6841028e-08,2.0712593e-08,3.058145e-08,2.6103153e-08
11.973947,15.111145,5.6999503e-09,8.865023e-09,1.5866222e-08,1.9781643e-08,3.0391394e-08,2.5143953e-08
12.112112,14.48898,6.2405188e-09,1.0215988e-08,1.7369475e-08,2.0720465e-08,3.0569833e-08,2.6255307e-08
13.005137,14.961228,5.3870743e-09,1.2482594e-08,1.830682e-08,2.263886e-08,3.0551686e-08,2.710208e-08
12.671646,14.533516,5.5482627e-09,1.1968762e-08,1.8155177e-08,2.1795366e-08,3.0583497e-08,2.6979546e-08
12.338156,14.1058035,6.4528813e-09,1.1361092e-08,1.8048725e-08,2.1304938e-08,3.0590883e-08,2.7019167e-08
13.231181,14.5780525,5.5233453e-09,1.4725244e-08,2.011189e-08,2.417189e-08,3.0367183e-08,2.7947339e-08
12.89769,14.15034,5.76857e-09,1.3655892e-08,1.9385245e-08,2.2986022e-08,3.0443747e-08,2.7725896e-08
13.457225,14.194877,5.750836e-09,1.6946464e-08,2.1954936e-08,2.578374e-08,3.0065806e-08,2.8621905e-08
13.406671,15.065504,5.7173204e-09,1.4348648e-08,1.9917737e-08,2.4584223e-08,3.034552e-08,2.7950923e-08
13.632714,14.682328,5.8263123e-09,1.699589e-08,2.2052069e-08,2.6245077e-08,3.0019876e-08,2.872729e-08
13.808205,15.169779,6.256577e-09,1.652479e-08,2.2053687e-08,2.6707566e-08,2.9888223e-08,2.894277e-08
9.822463,10.897145,2.9857397e-08,2.9612787e-08,3.0495052e-08,3.0457468e-08,2.2572205e-08,2.9533226e-08
10.068562,11.120302,2.8331335e-08,2.751258e-08,2.9186166e-08,2.9640704e-08,2.6764981e-08,3.059097e-08
10.31466,11.34346,2.6107616e-08,2.4741405e-08,2.6930318e-08,2.844142e-08,2.8989648e-08,3.0274077e-08
9.724491,11.147534,2.9795537e-08,2.9644964e-08,3.042712e-08,3.047903e-08,2.3741396e-08,2.9987657e-08
9.97059,11.370692,2.8242262e-08,2.7504207e-08,2.900617e-08,2.9714908e-08,2.7325655e-08,3.059855e-08
9.626519,11.397924,2.9668096e-08,2.961698e-08,3.0351544e-08,3.050972e-08,2.435616e-08,3.014842e-08
9.794488,11.688221,2.8297631e-08,2.7754686e-08,2.907579e-08,2.9929073e-08,2.7191609e-08,3.0600052e-08
10.138558,11.660989,2.6373183e-08,2.5041683e-08,2.7011174e-08,2.8722235e-08,2.9014533e-08,3.0274954e-08
9.962456,11.978518,2.6516311e-08,2.5218831e-08,2.712944e-08,2.8878846e-08,2.879935e-08,3.037727e-08
10.245335,12.356092,2.338269e-08,2.0862402e-08,2.3896613e-08,2.6746605e-08,2.9993135e-08,2.950177e-08
10.421436,12.038563,2.305142e-08,2.0825286e-08,2.3674835e-08,2.674477e-08,3.0086895e-08,2.9359256e-08
10.597539,11.721034,2.2616868e-08,2.0753616e-08,2.3511866e-08,2.6608861e-08,3.0138732e-08,2.9265772e-08
10.704315,12.416138,1.9564606e-08,1.6879557e-08,2.0863371e-08,2.4664239e-08,3.044804e-08,2.8445488e-08
10.880418,12.098608,1.9017637e-08,1.7019357e-08,2.0565722e-08,2.4658656e-08,3.045963e-08,2.8346193e-08
11.163296,12.476183,1.5697298e-08,1.4107943e-08,1.8625883e-08,2.2985505e-08,3.0548865e-08,2.7724669e-08
10.568644,13.098292,1.8513191e-08,1.5097093e-08,2.0548676e-08,2.3783205e-08,3.0550634e-08,2.8016675e-08
10.406989,12.727192,2.0971694e-08,1.775185e-08,2.192898e-08,2.5111047e-08,3.0368987e-08,2.876131e-08
10.86597,12.787238,1.7167432e-08,1.444708e-08,1.9538259e-08,2.334652e-08,3.0551686e-08,2.7902827e-08
11.071078,13.315599,1.4035949e-08,1.2051531e-08,1.8695184e-08,2.217527e-08,3.0600535e-08,2.7245488e-08
11.368404,13.004544,1.2923328e-08,1.2013506e-08,1.7932829e-08,2.1849013e-08,3.0586406e-08,2.7361168e-08
11.573513,13.532906,1.0329504e-08,1.08216645e-08,1.7902975e-08,2.1288066e-08,3.0600457e-08,2.7003003e-08
9.859112,10.497731,3.0162695e-08,3.0039608e-08,3.0579038e-08,3.059612e-08,1.8064101e-08,2.6627037e-08
9.735481,10.171307,3.0537784e-08,3.0592748e-08,2.966579e-08,3.014736e-08,1.2235646e-08,2.0216978e-08
9.611851,9.844882,3.058316e-08,3.015239e-08,2.7587587e-08,2.8453847e-08,8.003016e-09,1.3468822e-08
10.14186,10.321475,2.9206891e-08,2.8849204e-08,3.047134e-08,3.0403562e-08,1.9003972e-08,2.714248e-08
10.0182295,9.99505,2.993894e-08,3.0119313e-08,3.0438706e-08,3.051344e-08,1.2932432e-08,2.0878193e-08
10.424607,10.145219,2.752979e-08,2.7269525e-08,2.9903127e-08,3.0036563e-08,1.9730575e-08,2.7576746e-08
10.10521,10.720888,2.892272e-08,2.824013e-08,2.998064e-08,2.997662e-08,2.3746752e-08,2.9924017e-08
10.387959,10.544632,2.740367e-08,2.6494737e-08,2.911339e-08,2.9315364e-08,2.4450927e-08,3.010684e-08
10.35131,10.944046,2.6915718e-08,2.573152e-08,2.808838e-08,2.879448e-08,2.7524841e-08,3.0592012e-08
10.411101,9.698696,2.786295e-08,2.879352e-08,3.0524383e-08,3.059993e-08,1.3202128e-08,2.129491e-08
10.004723,9.548529,3.0176896e-08,3.059836e-08,2.9629359e-08,2.9410176e-08,7.877777e-09,1.3510692e-08
9.598344,9.39836,3.0462616e-08,2.8844507e-08,2.5764294e-08,2.5909852e-08,5.5968763e-09,8.95453e-09
10.397594,9.252174,2.8519263e-08,3.0237523e-08,3.0501713e-08,2.983379e-08,7.877853e-09,1.4384029e-08
9.991216,9.102006,3.0514457e-08,2.9985184e-08,2.8251952e-08,2.6704026e-08,5.1705515e-09,9.15254e-09
9.526221,8.93175,2.9729568e-08,2.6378599e-08,2.3567292e-08,2.1860277e-08,4.93217e-09,6.957828e-09
20.935188,17.769142,2.019671e-09,2.5030116e-09,6.198451e-09,1.1294852e-08,2.9182246e-08,2.8764354e-08
20.468372,17.659111,2.4819413e-09,3.875028e-09,8.801039e-09,1.4101523e-08,2.9767666e-08,2.8458578e-08
20.001558,17.54908,2.8270384e-09,5.458174e-09,1.1097402e-08,1.628976e-08,3.0219965e-08,2.8281418e-08
20.83986,17.303612,2.2538529e-09,2.9703136e-09,7.569372e-09,1.3860514e-08,2.9440683e-08,2.8235297e-08
20.373045,17.19358,2.6024212e-09,4.698802e-09,1.08131175e-08,1.664767e-08,2.99656e-08,2.7949731e-08
21.245337,17.5545,1.8212832e-09,1.8671098e-09,4.7773354e-09,1.0283213e-08,2.891197e-08,2.8735103e-08
19.426823,17.366978,2.976492e-09,7.3427913e-09,1.3464698e-08,1.8593262e-08,3.05437e-08,2.8477583e-08
19.223576,16.829378,2.8055946e-09,9.8192725e-09,1.7065267e-08,2.2019325e-08,3.0599658e-08,2.8873266e-08
19.02033,16.291779,2.7517593e-09,1.3541207e-08,2.1152543e-08,2.5508626e-08,3.0400592e-08,2.9759276e-08
19.798311,17.01148,2.8092306e-09,7.287798e-09,1.4359418e-08,1.9544647e-08,3.041884e-08,2.8023477e-08
19.595064,16.473879,2.7310572e-09,1.0095574e-08,1.814568e-08,2.2879702e-08,3.0551433e-08,2.8473854e-08
20.169798,16.655981,2.6921139e-09,6.647168e-09,1.4105586e-08,1.9841409e-08,3.0152112e-08,2.7800878e-08
18.80141,17.376987,2.9898233e-09,8.479793e-09,1.47464965e-08,1.995179e-08,3.0564127e-08,2.9429652e-08
18.175997,17.386997,2.9589953e-09,9.86854e-09,1.6643138e-08,2.1934653e-08,3.0017098e-08,3.0440418e-08
18.598164,16.839388,2.8217146e-09,1.1467908e-08,1.826794e-08,2.3486143e-08,3.018779e-08,3.012043e-08
18.349388,16.114517,2.9836116e-09,1.7730128e-08,2.4161213e-08,2.8276716e-08,2.839778e-08,3.058815e-08
17.927221,16.662127,2.9855587e-09,1.5307192e-08,2.1881922e-08,2.6990667e-08,2.8074762e-08,3.045231e-08
17.505056,17.209736,3.0671958e-09,1.3285348e-08,2.0691811e-08,2.5971069e-08,2.7886006e-08,3.0220537e-08
17.678446,15.937256,3.6166397e-09,2.2160089e-08,2.752553e-08,3.0310556e-08,2.4419938e-08,2.9176377e-08
17.256279,16.484865,3.565782e-09,2.0122046e-08,2.6251051e-08,2.992595e-08,2.4664192e-08,2.8796816e-08
17.007504,15.759995,4.74614e-09,2.533456e-08,2.9942928e-08,3.0436972e-08,2.1245217e-08,2.7381606e-08
16.327719,16.89478,4.4062114e-09,2.0115412e-08,2.6811627e-08,3.0252057e-08,2.4140943e-08,2.833812e-08
16.667612,16.327387,4.516876e-09,2.3406944e-08,2.8896464e-08,3.0599665e-08,2.266358e-08,2.7659425e-08
16.916388,17.052258,3.5244971e-09,1.7010056e-08,2.4432046e-08,2.9009199e-08,2.5451223e-08,2.8926472e-08
15.8476715,16.017895,6.4242798e-09,2.4844661e-08,3.0008664e-08,3.048449e-08,2.2936467e-08,2.8577182e-08
16.427588,15.888945,5.5557052e-09,2.5702517e-08,3.0270837e-08,3.0272783e-08,2.1346963e-08,2.7394828e-08
16.087696,16.456337,5.3747926e-09,2.3323347e-08,2.9005376e-08,3.0600308e-08,2.3272216e-08,2.8220777e-08
15.272079,15.576836,7.535972e-09,2.413689e-08,2.9516235e-08,3.059369e-08,2.485929e-08,3.0108815e-08
15.276403,15.006827,7.7497475e-09,2.5678863e-08,2.9983617e-08,3.0496576e-08,2.4744802e-08,3.0314066e-08
15.280727,14.436819,7.964916e-09,2.675954e-08,3.0263593e-08,3.036819e-08,2.5145258e-08,3.052809e-08
15.851995,15.4478855,7.137023e-09,2.6275663e-08,3.0495098e-08,3.003073e-08,2.2117623e-08,2.8727344e-08
15.856319,14.877877,7.7879e-09,2.7344731e-08,3.0598876e-08,2.959637e-08,2.2093042e-08,2.9348662e-08
16.431911,15.318936,6.4864167e-09,2.7037036e-08,3.0599686e-08,2.9514299e-08,2.0266146e-08,2.7555735e-08
14.844059,15.4136305,7.552776e-09,2.2447097e-08,2.8033087e-08,3.0386413e-08,2.6807127e-08,3.059771e-08
14.4160385,15.250426,7.1126713e-09,2.0350134e-08,2.5851207e-08,2.9426854e-08,2.8441077e-08,3.0274926e-08
14.848383,14.843622,7.451517e-09,2.426614e-08,2.87486e-08,3.053115e-08,2.6786083e-08,3.059584e-08
14.240549,14.762975,6.6243397e-09,2.0902817e-08,2.5655558e-08,2.912183e-08,2.8895144e-08,2.995894e-08
14.065059,14.275524,6.301128e-09,2.0993117e-08,2.5474144e-08,2.8783212e-08,2.9216887e-08,2.96637e-08
14.672894,14.356172,7.188172e-09,2.4494783e-08,2.8551622e-08,3.044068e-08,2.759135e-08,3.0447698e-08
14.281198,13.103494,7.345401e-09,2.384628e-08,2.8195851e-08,3.0229735e-08,2.8692673e-08,2.9904175e-08
14.614374,13.5479355,7.453321e-09,2.5134632e-08,2.9046996e-08,3.0533467e-08,2.7987301e-08,3.0262846e-08
14.947551,13.992377,7.730501e-09,2.6163862e-08,2.97564e-08,3.0587294e-08,2.684519e-08,3.054855e-08
14.00654,13.467288,6.644105e-09,2.1833356e-08,2.636234e-08,2.9254558e-08,2.92092e-08,2.9577402e-08
14.339717,13.91173,6.7854145e-09,2.3358563e-08,2.7533376e-08,2.996667e-08,2.8599825e-08,3.0030193e-08
13.731882,13.831082,6.1140804e-09,1.9439451e-08,2.4160842e-08,2.7664665e-08,2.9655185e-08,2.9175492e-08
11.724487,12.474896,1.1843536e-08,1.2759847e-08,1.717105e-08,2.1901526e-08,3.0544e-08,2.7337807e-08
12.285679,12.473611,9.21877e-09,1.33166695e-08,1.7447325e-08,2.2369505e-08,3.0460075e-08,2.741708e-08
12.84687,12.472325,7.852363e-09,1.5767966e-08,1.9969745e-08,2.4759725e-08,3.025741e-08,2.793897e-08
11.929596,13.003259,9.824224e-09,1.1726595e-08,1.7342893e-08,2.1413102e-08,3.0542083e-08,2.7353078e-08
12.4907875,13.001972,7.863656e-09,1.3046569e-08,1.8204162e-08,2.2448821e-08,3.0400223e-08,2.7677673e-08
12.134705,13.53162,8.018382e-09,1.1388224e-08,1.7843142e-08,2.1292678e-08,3.0560813e-08,2.7300347e-08
13.253774,13.620693,6.134968e-09,1.63952e-08,2.154043e-08,2.5332563e-08,3.0080514e-08,2.8509678e-08
12.694239,13.576157,6.6495445e-09,1.3264653e-08,1.8994166e-08,2.2647932e-08,3.03995e-08,2.7807921e-08
13.050322,13.046509,6.8815953e-09,1.5855807e-08,2.0833225e-08,2.5026948e-08,3.0134746e-08,2.8280919e-08
13.803088,12.893105,7.0732065e-09,2.1297117e-08,2.6021997e-08,2.9068413e-08,2.9426854e-08,2.9306907e-08
13.528431,13.256899,6.5119474e-09,1.8803341e-08,2.3698307e-08,2.736204e-08,2.977987e-08,2.8924868e-08
13.32498,12.682714,7.1992443e-09,1.8419485e-08,2.3103139e-08,2.7134476e-08,2.9928195e-08,2.86205e-08
10.761405,11.243695,2.2606015e-08,2.127312e-08,2.4040899e-08,2.6571286e-08,2.988016e-08,2.9635558e-08
10.798054,10.844281,2.3252198e-08,2.2243631e-08,2.5301716e-08,2.6948879e-08,2.8901002e-08,3.0325502e-08
10.8347025,10.444868,2.3516135e-08,2.3047326e-08,2.660415e-08,2.7641828e-08,2.6682164e-08,3.0571996e-08
11.208149,11.14393,1.855119e-08,1.8404862e-08,2.115887e-08,2.463321e-08,3.022135e-08,2.9072531e-08
11.244798,10.744517,1.8884366e-08,1.9246137e-08,2.233718e-08,2.4977666e-08,2.9548115e-08,2.9939258e-08
11.654893,11.044167,1.475362e-08,1.6624307e-08,1.892794e-08,2.3099995e-08,3.031881e-08,2.8737146e-08
11.044283,11.621269,1.8904124e-08,1.7833596e-08,2.0805517e-08,2.480425e-08,3.0420967e-08,2.8500171e-08
11.491027,11.521505,1.5260156e-08,1.5942224e-08,1.860845e-08,2.3267033e-08,3.0500924e-08,2.7980223e-08
11.327162,11.998844,1.5541227e-08,1.50429e-08,1.8520534e-08,2.3244649e-08,3.0534473e-08,2.7729671e-08
11.888353,11.997558,1.17111e-08,1.3912696e-08,1.709703e-08,2.228072e-08,3.0534423e-08,2.7317048e-08
12.052218,11.520219,1.1556526e-08,1.5166764e-08,1.7406125e-08,2.2597485e-08,3.0499265e-08,2.7665019e-08
12.449545,11.996272,9.345581e-09,1.498581e-08,1.8070235e-08,2.3356996e-08,3.0442184e-08,2.7504925e-08
10.879985,9.926911,2.3295893e-08,2.432988e-08,2.8163496e-08,2.9115608e-08,2.1692065e-08,2.8902635e-08
10.866478,9.480389,2.3648e-08,2.6444642e-08,2.9475054e-08,3.0354926e-08,1.5666828e-08,2.4484642e-08
10.852971,9.033866,2.491864e-08,2.8894817e-08,3.038327e-08,3.043066e-08,9.706386e-09,1.8269718e-08
11.3353615,9.708603,1.8067134e-08,2.1796046e-08,2.6185502e-08,2.8102123e-08,2.3558453e-08,2.9940608e-08
11.321856,9.262081,1.853272e-08,2.4241528e-08,2.7884536e-08,2.9760129e-08,1.860827e-08,2.7480146e-08
11.790739,9.490295,1.3205545e-08,2.0238385e-08,2.4837101e-08,2.7314039e-08,2.5156002e-08,3.047847e-08
11.29008,10.226561,1.8714339e-08,2.0255134e-08,2.4258478e-08,2.6167587e-08,2.7348529e-08,3.0597516e-08
11.745457,10.008252,1.3986612e-08,1.8421655e-08,2.2679554e-08,2.521281e-08,2.7773513e-08,3.053433e-08
11.700175,10.52621,1.4703478e-08,1.7448361e-08,2.0453061e-08,2.3635572e-08,2.9529422e-08,2.9881434e-08
11.772308,8.957824,1.4116579e-08,2.3326775e-08,2.6901484e-08,2.9262617e-08,2.051511e-08,2.9014174e-08
11.303425,8.7296095,2.095474e-08,2.7787749e-08,2.9699638e-08,3.0593142e-08,1.1391725e-08,2.1692658e-08
10.83454,8.501395,2.8036412e-08,3.0595043e-08,3.0378164e-08,2.7740894e-08,5.587217e-09,1.2795348e-08
11.753878,8.425353,1.7113942e-08,2.6954039e-08,2.896643e-08,3.051588e-08,1.3621516e-08,2.4681572e-08
11.284994,8.197139,2.5403116e-08,3.0386563e-08,3.0600226e-08,2.8888422e-08,6.9134365e-09,1.5878907e-08
10.759564,8.004816,3.0381354e-08,2.9705417e-08,2.8873657e-08,2.3946615e-08,5.481315e-09,1.0449972e-08
20.498474,15.700367,2.7486577e-09,7.0768493e-09,1.2205944e-08,1.8538476e-08,3.0199125e-08,2.8212868e-08
20.621504,16.269224,2.6336129e-09,5.156908e-09,1.0922087e-08,1.7711306e-08,2.985217e-08,2.7940773e-08
19.92374,15.518266,2.8195242e-09,1.1516845e-08,1.7679367e-08,2.2835867e-08,3.056356e-08,2.8731531e-08
20.04677,16.087124,2.7107492e-09,8.994923e-09,1.635718e-08,2.1744443e-08,3.034021e-08,2.8237828e-08
19.472034,15.905022,2.7598859e-09,1.3246598e-08,2.0887663e-08,2.5158748e-08,3.058825e-08,2.9229032e-08
21.001379,15.979633,2.6367122e-09,3.8908468e-09,7.728001e-09,1.4812377e-08,2.99432e-08,2.8278263e-08
14.248992,11.91245,8.573601e-09,2.4782137e-08,2.8921884e-08,3.037412e-08,2.817486e-08,3.0104225e-08
14.2597275,12.309464,8.216825e-09,2.4469188e-08,2.87959e-08,3.0390698e-08,2.8421653e-08,2.998737e-08
14.270462,12.706479,7.778347e-09,2.4147303e-08,2.8541924e-08,3.0341543e-08,2.8603088e-08,2.9917683e-08
13.781618,12.099075,8.101884e-09,2.253595e-08,2.6961127e-08,2.9548335e-08,2.9217434e-08,2.946355e-08
13.792354,12.49609,7.582673e-09,2.190641e-08,2.6535785e-08,2.937368e-08,2.936017e-08,2.9338604e-08
13.314244,12.2857,7.744219e-09,1.9271548e-08,2.3589891e-08,2.7586719e-08,2.9917967e-08,2.8636643e-08
19.82228,14.882115,3.1078657e-09,1.3684152e-08,1.8166277e-08,2.3055042e-08,3.0600557e-08,2.850579e-08
19.370575,15.268872,3.0704983e-09,1.6137506e-08,2.226915e-08,2.6421805e-08,3.029204e-08,2.9759198e-08
18.918869,15.655628,2.9938654e-09,1.7500854e-08,2.4339917e-08,2.7998563e-08,2.9581232e-08,3.0382523e-08
19.269115,14.632722,3.662103e-09,1.8385009e-08,2.2676867e-08,2.653542e-08,3.008234e-08,2.956463e-08
18.81741,15.019478,3.6683807e-09,2.0393651e-08,2.5754957e-08,2.9022278e-08,2.8417205e-08,3.0560468e-08
18.71595,14.3833275,4.67041e-09,2.273939e-08,2.6377483e-08,2.909304e-08,2.8231767e-08,3.043409e-08
18.247929,15.478367,3.5948555e-09,2.1756803e-08,2.7379949e-08,3.0116684e-08,2.6057286e-08,3.022665e-08
17.576986,15.3011055,4.6711657e-09,2.5114835e-08,2.9751565e-08,3.052371e-08,2.1857156e-08,2.8410293e-08
18.14647,14.8422165,4.765133e-09,2.430515e-08,2.8781185e-08,3.052542e-08,2.446221e-08,3.004422e-08
18.13811,14.094978,6.254729e-09,2.6262741e-08,2.924154e-08,3.0462374e-08,2.5693614e-08,3.058584e-08
17.568626,14.553867,6.3966756e-09,2.6953154e-08,3.034951e-08,3.0334643e-08,2.1821801e-08,2.928958e-08
16.999146,15.012756,6.1963896e-09,2.7101594e-08,3.0593156e-08,2.9605133e-08,1.989543e-08,2.7687678e-08
17.560268,13.806628,8.025384e-09,2.8225717e-08,3.0504776e-08,3.041148e-08,2.4028342e-08,3.045804e-08
16.990786,14.265517,8.060433e-09,2.8348996e-08,3.057566e-08,2.9436745e-08,2.1349942e-08,2.9427882e-08
16.982426,13.518278,9.396679e-09,2.8954265e-08,3.056668e-08,2.9599219e-08,2.3683889e-08,3.045074e-08
15.84796,14.130638,8.713827e-09,2.818582e-08,3.059267e-08,2.939161e-08,2.3474433e-08,3.0270805e-08
16.415194,13.824458,9.382914e-09,2.8847497e-08,3.050032e-08,2.9013e-08,2.299879e-08,3.02244e-08
16.423553,14.571697,7.9223295e-09,2.8139102e-08,3.04992e-08,2.892937e-08,2.0787946e-08,2.894906e-08
15.563812,12.594833,9.4726635e-09,2.7793392e-08,3.0540736e-08,3.0011385e-08,2.5884546e-08,3.0583113e-08
16.036684,12.902649,9.865928e-09,2.85291e-08,3.0597935e-08,2.9463317e-08,2.5023576e-08,3.059712e-08
16.509556,13.210464,9.9276924e-09,2.894787e-08,3.0546946e-08,2.9240422e-08,2.4228429e-08,3.0543315e-08
15.469451,13.208829,9.195485e-09,2.783936e-08,3.05423e-08,2.9975705e-08,2.5889701e-08,3.0595697e-08
15.942323,13.516644,9.553578e-09,2.8577333e-08,3.0587394e-08,2.9331426e-08,2.449644e-08,3.0533208e-08
15.37509,13.822824,8.522167e-09,2.7530401e-08,3.0477278e-08,3.0126387e-08,2.5588385e-08,3.0597008e-08
14.708735,12.93394,8.165091e-09,2.5789053e-08,2.966678e-08,3.0600507e-08,2.7744216e-08,3.0299407e-08
15.136274,12.764387,8.950905e-09,2.7043075e-08,3.0323516e-08,3.038305e-08,2.6716442e-08,3.0512673e-08
15.041913,13.378382,8.342708e-09,2.678613e-08,3.0151515e-08,3.047768e-08,2.6918013e-08,3.0511426e-08
14.698001,12.536925,8.499513e-09,2.5865104e-08,2.9767483e-08,3.0600145e-08,2.7611517e-08,3.0312954e-08
14.687265,12.139911,8.74611e-09,2.5957352e-08,2.978418e-08,3.0599903e-08,2.7429017e-08,3.0351657e-08
15.125539,12.3673725,9.066239e-09,2.6947644e-08,3.0289645e-08,3.0442713e-08,2.6663258e-08,3.0505557e-08
12.217806,10.868284,1.1266525e-08,1.6377983e-08,1.8512997e-08,2.295703e-08,3.0158468e-08,2.8930996e-08
12.263087,10.3503275,1.0703574e-08,1.68401e-08,2.0247933e-08,2.3665473e-08,2.938823e-08,2.9862587e-08
12.30837,9.83237,9.64887e-09,1.7764954e-08,2.2610779e-08,2.5231198e-08,2.8240539e-08,3.0362806e-08
12.780718,10.692402,9.2226555e-09,1.8090894e-08,2.1412959e-08,2.522445e-08,2.9580576e-08,2.9553977e-08
12.826,10.174445,8.240061e-09,1.822739e-08,2.3078996e-08,2.581165e-08,2.8858237e-08,3.0077118e-08
13.343631,10.5165205,8.081034e-09,2.0734374e-08,2.5533598e-08,2.7845752e-08,2.8632167e-08,3.0113746e-08
12.615131,11.344337,9.659337e-09,1.705608e-08,1.9399778e-08,2.4363203e-08,3.027969e-08,2.8315018e-08
13.178044,11.168455,8.888802e-09,2.023859e-08,2.3759913e-08,2.7352309e-08,2.9560367e-08,2.9370636e-08
13.012457,11.82039,8.530248e-09,1.8399563e-08,2.1812351e-08,2.6379764e-08,3.01319e-08,2.835268e-08
13.947205,11.44714,8.6958805e-09,2.4004722e-08,2.8080507e-08,2.9881907e-08,2.8420663e-08,3.0042532e-08
13.479831,11.633765,8.544673e-09,2.16065e-08,2.5586713e-08,2.868808e-08,2.9451794e-08,2.9318848e-08
13.645418,10.98183,8.575319e-09,2.2666997e-08,2.6897974e-08,2.9026575e-08,2.8574979e-08,3.005535e-08
12.22422,8.107698,1.3402895e-08,2.6455897e-08,2.839306e-08,3.021259e-08,1.608634e-08,2.6594215e-08
12.712994,8.322516,8.271546e-09,2.3705187e-08,2.6795139e-08,2.8743203e-08,2.3525486e-08,3.0188595e-08
13.201767,8.5373335,5.8330394e-09,2.2698126e-08,2.6719663e-08,2.8367243e-08,2.6786312e-08,3.058995e-08
12.242651,8.64017,1.0706434e-08,2.3291973e-08,2.6601068e-08,2.8833533e-08,2.2212834e-08,2.985803e-08
12.731424,8.854987,7.2135258e-09,2.1571122e-08,2.5844898e-08,2.77343e-08,2.6348747e-08,3.059804e-08
12.261082,9.172641,9.507285e-09,2.0438605e-08,2.4993923e-08,2.7358892e-08,2.587023e-08,3.0592066e-08
12.778712,9.514716,7.1452666e-09,1.9177039e-08,2.4739307e-08,2.6728399e-08,2.797022e-08,3.0378455e-08
13.249055,9.1970625,5.686854e-09,2.1052477e-08,2.6437052e-08,2.7943988e-08,2.7864004e-08,3.0398365e-08
13.296343,9.8567915,6.6270642e-09,2.0231836e-08,2.6095682e-08,2.7726923e-08,2.8239922e-08,3.0297667e-08
13.170812,7.967631,6.476814e-09,2.412139e-08,2.7024933e-08,2.8958057e-08,2.4425526e-08,3.027966e-08
12.682037,7.7528133,1.02040145e-08,2.6396345e-08,2.8111447e-08,3.0025728e-08,1.786252e-08,2.7261297e-08
12.193264,7.5379963,1.7757028e-08,2.9685632e-08,3.0172576e-08,3.0445964e-08,1.1013378e-08,1.8211004e-08
13.139855,7.397928,7.218806e-09,2.6307015e-08,2.7944614e-08,2.9996613e-08,1.9516706e-08,2.8125179e-08
12.651082,7.183111,1.3529574e-08,2.9425976e-08,3.001239e-08,3.0544488e-08,1.2544967e-08,1.7825078e-08
12.164374,6.9793086,2.3705159e-08,3.0567925e-08,3.0436656e-08,2.8850675e-08,1.1150006e-08,8.465908e-09
19.189304,14.003937,4.173157e-09,1.9510903e-08,2.2752076e-08,2.6368374e-08,3.0157427e-08,2.8577238e-08
19.662659,13.624546,3.3532261e-09,1.4356697e-08,1.7695378e-08,2.272906e-08,3.059859e-08,2.5960892e-08
19.74247,14.253331,3.3957535e-09,1.4748538e-08,1.8074363e-08,2.2887619e-08,3.059294e-08,2.7097888e-08
20.215824,13.8739395,2.909197e-09,1.0268151e-08,1.3079219e-08,1.8949327e-08,3.0240308e-08,2.4627441e-08
20.295635,14.502725,2.9975231e-09,1.0313049e-08,1.3413091e-08,1.9102238e-08,3.025816e-08,2.6367088e-08
20.754383,14.146024,2.7454081e-09,7.2030493e-09,9.4272465e-09,1.557581e-08,2.978394e-08,2.4464963e-08
14.566586,11.573247,8.7965955e-09,2.5864566e-08,2.9504925e-08,3.052366e-08,2.743122e-08,3.0375535e-08
14.264799,11.107938,8.574226e-09,2.5114597e-08,2.885584e-08,3.014662e-08,2.7718235e-08,3.0349685e-08
13.963012,10.642628,7.991139e-09,2.3738455e-08,2.807823e-08,2.9485713e-08,2.7922049e-08,3.034961e-08
14.88418,11.234045,8.599178e-09,2.6502946e-08,2.9705902e-08,3.056695e-08,2.7217865e-08,3.0458967e-08
14.582393,10.768735,8.1066185e-09,2.5799595e-08,2.918065e-08,3.028756e-08,2.7542e-08,3.0451364e-08
15.201774,10.894842,8.188009e-09,2.6773366e-08,2.981917e-08,3.0582736e-08,2.7531007e-08,3.0450916e-08
15.004859,11.800709,8.934875e-09,2.6677156e-08,3.0059436e-08,3.0582868e-08,2.686232e-08,3.0477224e-08
15.3224535,11.461506,8.685365e-09,2.6987694e-08,3.013155e-08,3.0567573e-08,2.6906356e-08,3.0483886e-08
15.443132,12.02817,9.133048e-09,2.7311419e-08,3.039996e-08,3.0341944e-08,2.6295327e-08,3.0540882e-08
19.58595,12.979759,2.8625204e-09,1.2162749e-08,1.7312765e-08,2.2256566e-08,3.051916e-08,2.5381024e-08
19.112598,13.35915,4.1005666e-09,1.863955e-08,2.2454008e-08,2.6090259e-08,2.9919324e-08,2.7842573e-08
18.639244,13.738541,5.369001e-09,2.371184e-08,2.6835119e-08,2.8981699e-08,2.850485e-08,2.987771e-08
19.03589,12.714363,3.4388528e-09,1.5418884e-08,2.1994584e-08,2.5539544e-08,2.9761988e-08,2.7106674e-08
18.562536,13.093754,5.1248685e-09,2.2254705e-08,2.6702661e-08,2.8695208e-08,2.8341127e-08,2.9328623e-08
18.48583,12.448967,4.228135e-09,1.8435783e-08,2.6012453e-08,2.8249975e-08,2.8661404e-08,2.846199e-08
17.48356,13.161841,8.343996e-09,2.8066955e-08,3.0560866e-08,3.042016e-08,2.5071285e-08,3.0594983e-08
17.984695,12.805404,6.315715e-09,2.4822587e-08,2.9521496e-08,3.034496e-08,2.677426e-08,3.0102445e-08
18.061401,13.4501915,6.910961e-09,2.6643686e-08,2.9681564e-08,3.0446817e-08,2.6396227e-08,3.047724e-08
17.949434,12.184073,5.136529e-09,2.0971573e-08,2.8526964e-08,3.0048653e-08,2.7810689e-08,2.9284292e-08
17.448301,12.54051,7.332362e-09,2.6241164e-08,3.0403253e-08,3.054283e-08,2.59776e-08,3.0378e-08
16.947166,12.896948,9.2299315e-09,2.8500398e-08,3.0591146e-08,2.9770108e-08,2.4735447e-08,3.0600493e-08
17.41304,11.919179,6.1037375e-09,2.31069e-08,2.9685225e-08,3.0593966e-08,2.7404042e-08,2.9766783e-08
16.911907,12.275617,8.096588e-09,2.697703e-08,3.0555352e-08,3.014788e-08,2.5816862e-08,3.047334e-08
16.876646,11.654285,7.0102684e-09,2.480867e-08,3.0108534e-08,3.0532753e-08,2.7359183e-08,3.005849e-08
16.001423,12.281318,9.3276995e-09,2.789871e-08,3.0578295e-08,2.9866495e-08,2.563397e-08,3.058005e-08
16.439035,11.967801,8.373175e-09,2.7072993e-08,3.0526436e-08,3.010768e-08,2.6184951e-08,3.0473416e-08
16.474295,12.589132,9.441286e-09,2.8322466e-08,3.0597928e-08,2.9577633e-08,2.5062864e-08,3.0597885e-08
15.880744,11.714654,8.645213e-09,2.7204571e-08,3.0422637e-08,3.031576e-08,2.6531492e-08,3.0490973e-08
15.760064,11.14799,8.1617655e-09,2.6805877e-08,3.0142825e-08,3.0570906e-08,2.7494693e-08,3.038727e-08
16.318356,11.401137,7.761711e-09,2.6122267e-08,3.0231526e-08,3.049545e-08,2.7421429e-08,3.0263767e-08
13.820582,8.733366,4.8193907e-09,2.2787608e-08,2.7518194e-08,2.9025868e-08,2.8043909e-08,3.0420672e-08
14.439398,8.929399,4.984396e-09,2.3504715e-08,2.8323035e-08,2.9709641e-08,2.8464305e-08,3.034934e-08
15.058212,9.125431,5.868815e-09,2.4370783e-08,2.8959537e-08,3.0107753e-08,2.8679963e-08,3.0316443e-08
13.86787,9.393095,5.369844e-09,2.2434406e-08,2.7789829e-08,2.9102834e-08,2.8103045e-08,3.0385802e-08
14.486686,9.589128,5.8857337e-09,2.4217028e-08,2.8837357e-08,3.0006788e-08,2.8153883e-08,3.043995e-08
13.915158,10.052824,6.673622e-09,2.2871342e-08,2.7947502e-08,2.9177484e-08,2.7936267e-08,3.0406852e-08
15.15392,10.305038,7.522372e-09,2.636878e-08,2.967314e-08,3.0500036e-08,2.8003786e-08,3.04572e-08
14.534539,10.178931,7.0310904e-09,2.5105404e-08,2.8995807e-08,3.0103664e-08,2.7829346e-08,3.0471497e-08
15.106067,9.715235,6.7067676e-09,2.5501842e-08,2.951833e-08,3.0405726e-08,2.8333885e-08,3.0436983e-08
14.392287,7.4143662,3.430375e-09,2.3611989e-08,2.699762e-08,2.8775471e-08,2.7497805e-08,3.051219e-08
13.995447,7.7886887,4.266969e-09,2.3708807e-08,2.7031696e-08,2.8809469e-08,2.7358643e-08,3.05907e-08
13.598607,8.163011,5.0502407e-09,2.3429743e-08,2.7103482e-08,2.8809907e-08,2.7034858e-08,3.0597278e-08
13.964491,7.218986,3.7058174e-09,2.446494e-08,2.7408253e-08,2.9426989e-08,2.5015375e-08,3.0560386e-08
13.567651,7.5933084,5.0610947e-09,2.4384061e-08,2.7079635e-08,2.913371e-08,2.4879322e-08,3.036419e-08
13.5366955,7.023606,5.142108e-09,2.6594297e-08,2.8464395e-08,3.033643e-08,1.9675038e-08,2.8933462e-08
14.614263,7.984721,4.196717e-09,2.3422922e-08,2.7037492e-08,2.8638349e-08,2.8654258e-08,3.032143e-08
14.836238,8.555077,4.9491193e-09,2.3549417e-08,2.7915014e-08,2.9380384e-08,2.8854553e-08,3.0219844e-08
14.2174225,8.359043,4.499354e-09,2.3333564e-08,2.7538102e-08,2.9116892e-08,2.8332668e-08,3.0409094e-08
13.511635,6.492283,7.793921e-09,2.9271172e-08,3.0553483e-08,2.9355036e-08,1.1838139e-08,2.07137e-08
13.9143715,6.15634,6.6111014e-09,2.9239061e-08,3.056553e-08,2.8237494e-08,1.0056681e-08,2.2058522e-08
13.939431,6.687663,3.6341352e-09,2.6590977e-08,2.9297457e-08,3.0585557e-08,1.9123007e-08,2.9873505e-08
14.342168,6.3517203,2.9339644e-09,2.6248332e-08,2.994485e-08,3.0555924e-08,1.760476e-08,3.0232574e-08
14.367228,6.8830433,2.6875817e-09,2.4065647e-08,2.802245e-08,2.9858523e-08,2.47703e-08,3.055767e-08
13.542026,5.960127,1.4189127e-08,3.034126e-08,2.9341725e-08,2.3891053e-08,7.60347e-09,1.2728866e-08
18.962,12.074099,2.8174008e-09,1.1534309e-08,2.1611585e-08,2.49035e-08,3.0138033e-08,2.579985e-08
19.438171,11.69923,2.1296216e-09,7.101217e-09,1.7857506e-08,2.1008365e-08,3.0597906e-08,2.3236561e-08
19.512062,12.339495,2.3169788e-09,9.179846e-09,1.7443153e-08,2.1701087e-08,3.053148e-08,2.4411365e-08
19.988234,11.964626,1.7938798e-09,5.6258807e-09,1.39886245e-08,1.7744286e-08,3.0497894e-08,2.2520949e-08
20.062122,12.604891,2.0323794e-09,7.1656117e-09,1.3000303e-08,1.7997426e-08,3.0555704e-08,2.330526e-08
20.54106,12.230293,1.6532994e-09,4.583772e-09,1.0234593e-08,1.4215904e-08,3.0252924e-08,2.253717e-08
16.683226,9.948105,7.937287e-09,2.3509058e-08,2.8686834e-08,3.0007065e-08,2.949927e-08,2.9638976e-08
16.7477,10.516832,7.263835e-09,2.3378387e-08,2.8876535e-08,3.0313828e-08,2.9264443e-08,2.9601834e-08
16.812172,11.085559,6.7858767e-09,2.3535653e-08,2.9387076e-08,3.0570654e-08,2.8608577e-08,2.9688444e-08
16.189407,10.263684,7.836167e-09,2.5516156e-08,2.9625838e-08,3.049337e-08,2.8849616e-08,3.0129463e-08
16.253881,10.832411,7.615927e-09,2.5633625e-08,2.984683e-08,3.0596965e-08,2.8399231e-08,3.0117217e-08
15.695591,10.579263,7.873503e-09,2.6584875e-08,2.9925634e-08,3.058867e-08,2.8175512e-08,3.0355963e-08
15.6477375,9.989459,7.579482e-09,2.609873e-08,2.9785717e-08,3.051347e-08,2.852782e-08,3.0364536e-08
15.599884,9.399655,7.0348833e-09,2.5028333e-08,2.9377217e-08,3.030603e-08,2.8818796e-08,3.0269696e-08
16.141554,9.673881,7.902706e-09,2.492731e-08,2.9347126e-08,3.028812e-08,2.9084974e-08,3.008908e-08
19.37276,11.072372,2.45714e-09,6.536597e-09,1.7931784e-08,2.0053983e-08,3.043077e-08,2.273404e-08
18.89659,11.447241,2.7155505e-09,9.177465e-09,2.1014406e-08,2.4132907e-08,3.0545763e-08,2.4486285e-08
18.420418,11.822109,3.560249e-09,1.43088075e-08,2.4834549e-08,2.7731508e-08,2.9593021e-08,2.7116775e-08
18.831179,10.820383,3.2762937e-09,8.866137e-09,2.0391017e-08,2.3195684e-08,3.05731e-08,2.40644e-08
18.355007,11.195251,3.6184187e-09,1.2111303e-08,2.3420817e-08,2.6945072e-08,3.0352744e-08,2.5990463e-08
18.289597,10.568393,4.474476e-09,1.228293e-08,2.2650722e-08,2.5893154e-08,3.0583582e-08,2.577818e-08
17.34763,11.292321,5.670962e-09,2.0545404e-08,2.8387086e-08,3.035494e-08,2.8902011e-08,2.9019828e-08
17.818613,10.930357,4.844211e-09,1.5865313e-08,2.5463471e-08,2.876387e-08,3.008763e-08,2.745646e-08
17.884024,11.557215,4.5274584e-09,1.7346734e-08,2.696713e-08,2.9602033e-08,2.9167918e-08,2.8174702e-08
17.218683,10.154868,7.149392e-09,2.0530921e-08,2.7194774e-08,2.9262663e-08,2.9986044e-08,2.8773988e-08
17.75414,10.36163,5.8474736e-09,1.6458413e-08,2.5027425e-08,2.792642e-08,3.038357e-08,2.744706e-08
17.283155,10.723595,6.156192e-09,1.996553e-08,2.7437082e-08,2.9817112e-08,2.969527e-08,2.8722638e-08
16.505432,8.588375,7.380187e-09,2.1276412e-08,2.6414407e-08,2.7966381e-08,3.0153267e-08,2.8740613e-08
16.564697,9.041618,7.951978e-09,2.2232408e-08,2.7671648e-08,2.9059263e-08,2.98857e-08,2.921799e-08
16.62396,9.494862,8.163753e-09,2.3117218e-08,2.8404614e-08,2.9687387e-08,2.9645818e-08,2.95381e-08
16.023026,8.767394,7.002671e-09,2.302288e-08,2.780701e-08,2.9159219e-08,2.9617771e-08,2.9599908e-08
16.08229,9.220637,7.589258e-09,2.403087e-08,2.8810739e-08,2.992787e-08,2.9312957e-08,2.9916425e-08
15.540619,8.946412,6.4208336e-09,2.4039075e-08,2.8634467e-08,2.984041e-08,2.9102138e-08,3.0087172e-08
15.761372,7.538143,4.35154e-09,2.1665782e-08,2.5003137e-08,2.6869781e-08,2.9780212e-08,2.9027435e-08
15.526985,8.067239,5.154062e-09,2.2732188e-08,2.6381587e-08,2.7931787e-08,2.957697e-08,2.9629515e-08
15.292599,8.596335,5.5781157e-09,2.3546496e-08,2.7906614e-08,2.9310332e-08,2.916454e-08,3.0036972e-08
15.305011,7.4968843,3.771992e-09,2.2490273e-08,2.5933785e-08,2.7686745e-08,2.9195961e-08,2.970756e-08
15.070624,8.02598,4.5380353e-09,2.3191886e-08,2.6782681e-08,2.8339544e-08,2.9148065e-08,3.003515e-08
14.848649,7.4556255,3.4284982e-09,2.3104594e-08,2.6615016e-08,2.832035e-08,2.8486603e-08,3.01944e-08
16.257412,8.238298,6.526077e-09,2.1384796e-08,2.5702969e-08,2.7318116e-08,3.0148332e-08,2.8743722e-08
15.775005,8.417316,6.1008767e-09,2.2787692e-08,2.7047244e-08,2.8517073e-08,2.9654261e-08,2.9561983e-08
16.009392,7.888221,5.4946647e-09,2.1569642e-08,2.51378e-08,2.6839057e-08,3.0047673e-08,2.8849048e-08
15.494682,6.3079267,2.1449547e-09,1.8708308e-08,2.5574199e-08,2.821248e-08,2.6998157e-08,2.9185887e-08
15.127217,6.6767397,2.1641704e-09,2.1214273e-08,2.6978244e-08,2.9122976e-08,2.6928216e-08,2.9729422e-08
14.759752,7.045553,2.6668154e-09,2.29094e-08,2.7176746e-08,2.9045827e-08,2.7265802e-08,3.02353e-08
15.102158,6.1454167,2.3531626e-09,2.1809829e-08,2.8248062e-08,2.9995725e-08,2.266733e-08,3.0324347e-08
14.734693,6.5142303,2.1816808e-09,2.3148182e-08,2.8529513e-08,3.019458e-08,2.3563508e-08,3.038454e-08
14.709633,5.9829073,3.3810656e-09,2.610379e-08,3.0218608e-08,3.0505387e-08,1.5605249e-08,2.993739e-08
15.672476,7.128071,3.2280612e-09,2.0908946e-08,2.4903573e-08,2.7163127e-08,2.943059e-08,2.8882793e-08
15.216114,7.086812,2.819016e-09,2.1909734e-08,2.6242862e-08,2.8258102e-08,2.850447e-08,2.9676182e-08
15.583579,6.717999,2.3639508e-09,1.9585329e-08,2.5071957e-08,2.7699604e-08,2.8678523e-08,2.8817498e-08
15.458166,5.898481,2.967806e-09,2.0268876e-08,2.6849575e-08,2.9020818e-08,2.4290912e-08,3.006725e-08
15.065641,5.735971,4.1581503e-09,2.5344663e-08,2.987186e-08,3.059745e-08,1.739799e-08,3.0241573e-08
14.673116,5.5734615,7.592478e-09,2.8904882e-08,3.051873e-08,2.8917327e-08,1.031942e-08,2.4333929e-08
15.42165,5.489035,5.5595133e-09,2.4770738e-08,2.9266824e-08,3.045154e-08,2.1269237e-08,3.057231e-08
15.029124,5.326525,9.026311e-09,2.8550918e-08,3.0584083e-08,2.9414462e-08,1.3760978e-08,2.6686163e-08
14.742238,5.136812,1.4111245e-08,2.9715036e-08,2.965455e-08,2.6422878e-08,9.909843e-09,2.0098831e-08
18.758755,10.188165,4.3658717e-09,9.726507e-09,2.0342942e-08,2.2481805e-08,3.0459454e-08,2.4485166e-08
19.227913,9.807938,4.233828e-09,7.3428756e-09,1.797626e-08,1.9190995e-08,3.0032332e-08,2.3788889e-08
19.300337,10.440155,3.2864873e-09,7.00865e-09,1.7983911e-08,1.9502064e-08,3.02017e-08,2.3200545e-08
19.769495,10.059927,3.384554e-09,5.384715e-09,1.5632285e-08,1.6498719e-08,2.9840095e-08,2.3410161e-08
19.841919,10.692144,2.5692204e-09,5.18144e-09,1.5359804e-08,1.6431779e-08,2.9996414e-08,2.2601192e-08
20.321531,10.312527,2.8299865e-09,4.031944e-09,1.30456135e-08,1.3818066e-08,2.9856707e-08,2.3812385e-08
19.130726,9.1765585,4.7356417e-09,6.913539e-09,1.7005867e-08,1.8294331e-08,2.9694522e-08,2.356957e-08
18.66157,9.556787,5.3979106e-09,1.0238134e-08,2.031359e-08,2.1931744e-08,3.0349977e-08,2.4768626e-08
18.192411,9.937015,5.790385e-09,1.35521505e-08,2.287242e-08,2.5224997e-08,3.0600233e-08,2.6133115e-08
18.564383,8.925408,5.705201e-09,9.654969e-09,1.888563e-08,2.0594804e-08,3.0058015e-08,2.4225274e-08
18.095226,9.305636,6.661999e-09,1.3794715e-08,2.2632596e-08,2.4457076e-08,3.057389e-08,2.6019483e-08
17.99804,8.674258,6.615774e-09,1.29676065e-08,2.0842913e-08,2.2840217e-08,3.041841e-08,2.5251214e-08
17.121496,9.523489,8.00553e-09,2.0771747e-08,2.7098565e-08,2.874955e-08,3.0127396e-08,2.8731824e-08
17.559769,9.098874,7.599535e-09,1.7156442e-08,2.4623644e-08,2.6414094e-08,3.0567133e-08,2.7205147e-08
17.656954,9.730252,7.1051143e-09,1.7481065e-08,2.5229394e-08,2.7329666e-08,3.0474848e-08,2.7601661e-08
17.002968,8.6170025,7.636864e-09,1.9191974e-08,2.5129367e-08,2.6856824e-08,3.0474983e-08,2.7784402e-08
17.500504,8.64563,7.347358e-09,1.634615e-08,2.3256847e-08,2.5163411e-08,3.0600123e-08,2.6581969e-08
17.062233,9.070246,8.046559e-09,2.0096955e-08,2.6427879e-08,2.8038535e-08,3.0299958e-08,2.8360004e-08
17.048016,7.6490703,5.741597e-09,1.7174479e-08,2.091353e-08,2.340493e-08,3.0598265e-08,2.6162285e-08
17.36469,7.9907994,6.400412e-09,1.5802476e-08,2.0817216e-08,2.3189552e-08,3.0552204e-08,2.5873794e-08
17.681364,8.332529,6.6786296e-09,1.435994e-08,2.0839757e-08,2.3061324e-08,3.048236e-08,2.5539286e-08
16.867155,7.962172,6.4740395e-09,1.8536925e-08,2.2914428e-08,2.4961492e-08,3.057037e-08,2.711806e-08
17.183828,8.303901,7.110583e-09,1.7469569e-08,2.3118123e-08,2.5100011e-08,3.05973e-08,2.6832776e-08
16.686293,8.275273,7.0163173e-09,1.990287e-08,2.4770294e-08,2.6523084e-08,3.042906e-08,2.7965642e-08
16.438272,7.925196,6.1068386e-09,2.0300735e-08,2.419352e-08,2.6033486e-08,3.037386e-08,2.805729e-08
16.190252,7.575119,4.973753e-09,2.0597597e-08,2.3919897e-08,2.5937288e-08,3.0220658e-08,2.8202898e-08
16.619135,7.6120944,5.4965525e-09,1.913383e-08,2.2589125e-08,2.4808823e-08,3.051226e-08,2.7228525e-08
15.937877,6.3756,2.2946054e-09,1.6645538e-08,2.240089e-08,2.5806402e-08,2.9228495e-08,2.7788731e-08
16.38107,6.4432735,2.554103e-09,1.5408544e-08,1.9243549e-08,2.3247557e-08,3.032402e-08,2.608762e-08
16.824263,6.510947,2.824322e-09,1.45816825e-08,1.6530327e-08,2.0897458e-08,3.0598322e-08,2.4237925e-08
16.026773,6.785672,2.7714118e-09,1.8459188e-08,2.2872262e-08,2.5920635e-08,2.983277e-08,2.7649614e-08
16.469967,6.853346,3.26381e-09,1.7468276e-08,2.0649985e-08,2.399878e-08,3.0449577e-08,2.6266273e-08
16.11567,7.1957445,3.844666e-09,1.9929187e-08,2.3383139e-08,2.58501e-08,3.0103216e-08,2.7909925e-08
16.97343,7.2696958,4.6825606e-09,1.6972937e-08,1.9806667e-08,2.2764386e-08,3.0597217e-08,2.5561057e-08
16.54455,7.2327204,4.358446e-09,1.8649342e-08,2.1704004e-08,2.4403366e-08,3.049131e-08,2.6771577e-08
16.898848,6.8903213,3.5959804e-09,1.6214578e-08,1.8427462e-08,2.2035245e-08,3.0595974e-08,2.4793433e-08
16.287933,5.484116,5.198457e-09,1.7414912e-08,2.1648619e-08,2.5523912e-08,2.9894146e-08,2.6943466e-08
16.023516,5.7587194,3.6166923e-09,1.6696328e-08,2.2288802e-08,2.5720038e-08,2.8705864e-08,2.8194735e-08
15.7591,6.033323,2.5951832e-09,1.7172658e-08,2.3828946e-08,2.6853433e-08,2.7577501e-08,2.8807591e-08
15.987,5.3492737,6.1201813e-09,2.1266999e-08,2.5913991e-08,2.8647483e-08,2.8110403e-08,2.9082464e-08
15.722583,5.6238775,4.3151926e-09,2.0512607e-08,2.6178594e-08,2.8589701e-08,2.5962262e-08,2.9848213e-08
15.686067,5.214432,7.598516e-09,2.4989559e-08,2.9178091e-08,3.04994e-08,2.4400029e-08,3.054705e-08
16.46671,5.826393,3.4222558e-09,1.37007365e-08,1.7395523e-08,2.2011964e-08,3.0351e-08,2.5722438e-08
16.645487,6.16867,2.6790943e-09,1.3252978e-08,1.59237e-08,2.0674934e-08,3.0563484e-08,2.476289e-08
16.202293,6.1009965,2.6126759e-09,1.4645969e-08,1.9641758e-08,2.364968e-08,2.9793863e-08,2.6912213e-08
16.258272,5.1555996,7.173897e-09,2.0724123e-08,2.4907468e-08,2.8247694e-08,2.9581436e-08,2.74207e-08
15.957338,5.0207577,8.4813045e-09,2.3742917e-08,2.8389147e-08,3.033834e-08,2.6990541e-08,2.9766323e-08
15.656405,4.8859153,1.1020102e-08,2.6243328e-08,3.0396272e-08,3.009895e-08,2.2015437e-08,3.04978e-08
16.228611,4.8270836,8.784552e-09,2.1594381e-08,2.7170552e-08,3.0006518e-08,2.8231847e-08,2.839423e-08
15.927677,4.692241,1.1075069e-08,2.3872717e-08,2.9854807e-08,3.0411346e-08,2.3866356e-08,3.045417e-08
15.707241,4.5359063,1.3884642e-08,2.5128703e-08,3.060038e-08,2.8372295e-08,1.8515307e-08,2.9897404e-08
19.656572,8.829868,3.832389e-09,4.0681454e-09,1.2981315e-08,1.4484536e-08,2.8787165e-08,2.2627667e-08
19.090229,8.578717,4.4506585e-09,5.8424208e-09,1.4082763e-08,1.6004106e-08,2.894988e-08,2.2604182e-08
18.523886,8.327567,5.1639386e-09,8.511051e-09,1.5670734e-08,1.8142677e-08,2.9498949e-08,2.3306521e-08
19.616074,8.232027,3.2487737e-09,3.3325418e-09,9.289076e-09,1.1653146e-08,2.771524e-08,2.1542613e-08
19.04973,7.9808764,3.6691847e-09,5.0967404e-09,1.0144489e-08,1.3203848e-08,2.8200365e-08,2.1903022e-08
20.123144,8.43871,2.9526297e-09,2.4124753e-09,8.981617e-09,1.1184427e-08,2.7847138e-08,2.1912015e-08
18.18736,6.9039664,2.9105056e-09,9.921058e-09,1.07159694e-08,1.5180659e-08,2.8960338e-08,2.0887123e-08
18.650099,7.1473727,2.7532334e-09,7.022562e-09,8.537845e-09,1.2886846e-08,2.8325848e-08,2.113714e-08
19.112839,7.390779,2.568076e-09,4.635897e-09,6.6146626e-09,1.0549316e-08,2.7707019e-08,2.1299593e-08
18.124252,7.4940634,4.279287e-09,1.0209311e-08,1.36252245e-08,1.732473e-08,2.9557066e-08,2.3053875e-08
18.586992,7.73747,4.0012895e-09,7.3171726e-09,1.1540332e-08,1.5112258e-08,2.8873151e-08,2.2500481e-08
18.061146,8.084161,5.6296057e-09,1.1201862e-08,1.7162739e-08,1.990857e-08,2.9988577e-08,2.4137005e-08
17.427797,7.4007025,4.9222044e-09,1.4733894e-08,1.7855154e-08,2.1017948e-08,3.040468e-08,2.4575238e-08
17.807579,7.152334,3.910049e-09,1.2234915e-08,1.4327518e-08,1.819864e-08,2.984577e-08,2.2785478e-08
17.744473,7.7424316,5.431662e-09,1.2974136e-08,1.7415326e-08,2.0422354e-08,3.0209154e-08,2.446478e-08
17.353212,7.021328,3.9333345e-09,1.4656189e-08,1.6533475e-08,2.022561e-08,3.0356457e-08,2.3630067e-08
17.27863,6.6419535,3.0809775e-09,1.3887909e-08,1.46609835e-08,1.9072546e-08,3.0305163e-08,2.2623725e-08
17.732994,6.7729597,3.1204246e-09,1.235433e-08,1.2869449e-08,1.7282089e-08,2.9694654e-08,2.1487237e-08
17.736452,5.937874,2.686905e-09,1.0398387e-08,8.616011e-09,1.4917067e-08,2.9381615e-08,1.8831448e-08
17.886755,6.259905,2.396934e-09,1.0727563e-08,9.1454115e-09,1.47418096e-08,2.9123257e-08,1.903102e-08
18.037058,6.5819354,2.5441487e-09,1.0680812e-08,1.0103417e-08,1.5015374e-08,2.8966229e-08,1.9771111e-08
17.432388,6.128898,2.6749403e-09,1.1385518e-08,1.0608609e-08,1.630379e-08,2.9965488e-08,2.069241e-08
17.582691,6.450929,2.7092752e-09,1.21870505e-08,1.1689225e-08,1.6712757e-08,2.9778034e-08,2.0823403e-08
17.128326,6.3199224,2.7204012e-09,1.2813725e-08,1.3346607e-08,1.8385153e-08,3.0410508e-08,2.2514518e-08
17.131416,5.458971,5.0149582e-09,1.3248157e-08,1.3689039e-08,1.9707665e-08,3.030238e-08,2.1090898e-08
17.029032,5.80963,3.4346115e-09,1.1757706e-08,1.2562259e-08,1.8327324e-08,3.0468712e-08,2.2378533e-08
16.926647,6.1602883,2.7362272e-09,1.2516321e-08,1.3783841e-08,1.893067e-08,3.056255e-08,2.3316145e-08
16.850254,5.467353,5.1874895e-09,1.43261625e-08,1.608746e-08,2.1500586e-08,3.0571e-08,2.2969784e-08
16.747871,5.8180113,3.4647831e-09,1.2592047e-08,1.4805582e-08,2.0046954e-08,3.0599118e-08,2.4067177e-08
16.569094,5.475734,5.236252e-09,1.5693628e-08,1.8780584e-08,2.3466347e-08,3.051788e-08,2.4963239e-08
17.534773,5.7782397,3.2112983e-09,1.0718839e-08,9.483705e-09,1.5932352e-08,2.9721015e-08,1.9477358e-08
17.230711,5.969264,2.9408542e-09,1.1331797e-08,1.1211927e-08,1.7040302e-08,3.0254206e-08,2.1466203e-08
17.333094,5.618605,3.999719e-09,1.1602464e-08,1.1133767e-08,1.750704e-08,3.0022147e-08,2.0222483e-08
16.8937,4.7359443,7.370092e-09,1.648219e-08,2.1142936e-08,2.6105324e-08,3.0326255e-08,2.4018492e-08
16.691776,4.985335,7.426036e-09,1.8353093e-08,2.1851891e-08,2.6372707e-08,3.0467174e-08,2.4222604e-08
16.489855,5.2347255,6.6427153e-09,1.849265e-08,2.192137e-08,2.6084944e-08,3.0371332e-08,2.549978e-08
16.662115,4.6568184,7.979549e-09,1.7568846e-08,2.3793595e-08,2.8246616e-08,2.94776e-08,2.6085592e-08
16.460194,4.906209,7.934288e-09,1.9890564e-08,2.459943e-08,2.841695e-08,2.9799057e-08,2.630395e-08
16.430532,4.577693,9.029021e-09,1.904526e-08,2.6481317e-08,2.9960635e-08,2.7680834e-08,2.8170945e-08
17.052177,5.2179623,6.328587e-09,1.5513512e-08,1.6555418e-08,2.2133474e-08,3.0461365e-08,2.1318138e-08
16.771015,5.2263436,6.543413e-09,1.685546e-08,1.916077e-08,2.4099288e-08,3.0600514e-08,2.3309697e-08
16.972939,4.976953,7.1073245e-09,1.6793761e-08,1.9172719e-08,2.4309191e-08,3.060025e-08,2.2229223e-08
16.862455,4.5021906,7.575336e-09,1.5372045e-08,2.2464965e-08,2.74435e-08,2.9324832e-08,2.6086868e-08
16.630873,4.423065,8.677273e-09,1.6813724e-08,2.5305997e-08,2.9494858e-08,2.752934e-08,2.8057753e-08
16.39929,4.3439393,1.0353198e-08,1.872118e-08,2.8033385e-08,3.057435e-08,2.4481212e-08,2.9797457e-08
16.831213,4.2684374,8.283405e-09,1.5074942e-08,2.4276165e-08,2.8912462e-08,2.719414e-08,2.8301576e-08
16.59963,4.1893115,9.9795034e-09,1.7156626e-08,2.7262011e-08,3.0429494e-08,2.4152975e-08,2.9875423e-08
16.434433,4.078442,1.1788994e-08,1.9159183e-08,2.9361438e-08,3.0396098e-08,2.0203277e-08,3.0599864e-08
19.51978,6.6808,1.3768451e-09,4.112042e-09,3.3752425e-09,7.413394e-09,2.685975e-08,1.8967e-08
19.547678,7.1574926,1.8037833e-09,3.377002e-09,4.004408e-09,7.6760776e-09,2.7134964e-08,2.0797394e-08
19.057041,6.4373937,1.5099937e-09,6.11363e-09,4.8166027e-09,9.6839585e-09,2.7039013e-08,1.7336879e-08
19.08494,6.9140863,1.9012565e-09,5.1753704e-09,5.406326e-09,9.7550386e-09,2.7421896e-08,1.9901316e-08
18.6222,6.67068,2.0661188e-09,7.701917e-09,7.298325e-09,1.2114871e-08,2.7892296e-08,1.8997719e-08
19.968695,6.7895665,1.2630679e-09,3.0827703e-09,2.4155251e-09,5.771849e-09,2.7048152e-08,2.0325933e-08
18.596548,5.69798,2.148178e-09,8.833276e-09,5.6589213e-09,1.2388698e-08,2.7990755e-08,1.5389286e-08
18.89499,5.866689,1.6764224e-09,7.764374e-09,4.857099e-09,1.1014515e-08,2.7461908e-08,1.5125394e-08
19.193436,6.035398,1.3979999e-09,6.5249623e-09,4.1094577e-09,9.562832e-09,2.6949696e-08,1.5353464e-08
18.460152,6.0999756,1.912275e-09,8.806043e-09,6.404289e-09,1.2353851e-08,2.7978293e-08,1.6626482e-08
18.758596,6.2686844,1.6662499e-09,7.5927185e-09,5.7114553e-09,1.1119644e-08,2.7428326e-08,1.6707746e-08
18.323755,6.501971,2.1831308e-09,9.313198e-09,8.2725995e-09,1.3379851e-08,2.8323923e-08,1.8668315e-08
18.02315,5.857909,2.5399083e-09,9.83753e-09,7.4205e-09,1.39900695e-08,2.8834306e-08,1.7412468e-08
18.309849,5.7779446,2.3499651e-09,9.320456e-09,6.457858e-09,1.3180239e-08,2.8354487e-08,1.6235974e-08
18.173452,6.17994,2.1547066e-09,9.741108e-09,7.653582e-09,1.3475648e-08,2.852456e-08,1.7746913e-08
17.950888,5.197413,4.6426605e-09,1.2271069e-08,9.888592e-09,1.6435393e-08,2.935284e-08,1.7038152e-08
18.166107,5.3642683,3.63423e-09,1.0870183e-08,7.905412e-09,1.48518104e-08,2.8816128e-08,1.6269642e-08
18.381329,5.531124,2.7697604e-09,9.718943e-09,6.528037e-09,1.3528255e-08,2.8384605e-08,1.57481e-08
17.87941,5.444233,3.933481e-09,1.1180821e-08,8.896391e-09,1.5836873e-08,2.9140418e-08,1.7229542e-08
18.09463,5.6110888,3.0038665e-09,1.0047404e-08,7.3561277e-09,1.4331029e-08,2.8740677e-08,1.6665934e-08
17.80793,5.6910534,3.171841e-09,1.0375343e-08,8.338916e-09,1.5115683e-08,2.9213256e-08,1.7959763e-08
17.606253,5.5314193,4.0417647e-09,1.1371618e-08,9.910354e-09,1.6646602e-08,2.9554917e-08,1.8570939e-08
17.404573,5.371785,5.1111395e-09,1.2977404e-08,1.2286882e-08,1.869475e-08,2.992561e-08,1.9329315e-08
17.67773,5.284599,4.9853326e-09,1.2693072e-08,1.1049308e-08,1.7651056e-08,2.9587843e-08,1.7943657e-08
17.471249,4.7794833,6.2118453e-09,1.3912439e-08,1.5641145e-08,2.1002958e-08,3.05638e-08,2.0695527e-08
17.357971,5.005979,6.4461116e-09,1.503002e-08,1.5497037e-08,2.1195532e-08,3.038082e-08,1.9892662e-08
17.244694,5.2324753,6.009449e-09,1.4590035e-08,1.4730663e-08,2.0689766e-08,3.0243463e-08,2.0120238e-08
17.278732,4.7649703,6.621355e-09,1.46741606e-08,1.7395722e-08,2.2735367e-08,3.0600322e-08,2.1666537e-08
17.165455,4.991466,6.807574e-09,1.5871086e-08,1.7290267e-08,2.2746425e-08,3.0533524e-08,2.0983466e-08
17.086216,4.7504573,6.9969e-09,1.551471e-08,1.9231209e-08,2.444634e-08,3.053729e-08,2.2774481e-08
17.631128,4.918793,5.8965632e-09,1.383629e-08,1.3715092e-08,1.9344698e-08,3.028191e-08,1.9128883e-08
17.791008,5.058103,5.368668e-09,1.3264954e-08,1.1757294e-08,1.7825743e-08,2.9835704e-08,1.7914688e-08
17.51785,5.145289,5.8204725e-09,1.4025606e-08,1.3222019e-08,1.9374529e-08,3.0002333e-08,1.8755836e-08
17.351923,4.2259502,6.270989e-09,1.1716514e-08,1.9303952e-08,2.4412564e-08,2.9186655e-08,2.645507e-08
17.199183,4.3959484,6.602365e-09,1.2853206e-08,1.9642833e-08,2.4939963e-08,2.9720812e-08,2.5420167e-08
17.04644,4.565946,7.0107564e-09,1.4580596e-08,2.0331097e-08,2.5554163e-08,3.0096682e-08,2.452282e-08
17.167938,4.1621947,7.1247497e-09,1.2937644e-08,2.1691417e-08,2.6722772e-08,2.8003333e-08,2.7768442e-08
17.015198,4.332193,7.305559e-09,1.3792662e-08,2.1880831e-08,2.7040059e-08,2.8753952e-08,2.6870115e-08
16.983955,4.098439,8.2444105e-09,1.4509969e-08,2.422425e-08,2.8754624e-08,2.6211813e-08,2.9019922e-08
17.431473,4.594972,6.0815193e-09,1.283965e-08,1.6626908e-08,2.1834843e-08,3.0552503e-08,2.2471069e-08
17.238956,4.580459,6.5382166e-09,1.36511185e-08,1.8433918e-08,2.372527e-08,3.0399878e-08,2.3442423e-08
17.391699,4.4104614,6.032523e-09,1.1906656e-08,1.7739488e-08,2.2924608e-08,3.013796e-08,2.4467917e-08
17.256845,3.8923662,7.904564e-09,1.43862e-08,2.3871337e-08,2.7976473e-08,2.5512323e-08,2.950814e-08
17.304384,4.0591583,6.8916646e-09,1.2548083e-08,2.13713e-08,2.6171655e-08,2.7690461e-08,2.8130149e-08
17.072863,3.828611,9.330199e-09,1.6626569e-08,2.6437107e-08,2.9728689e-08,2.300011e-08,3.0314453e-08
17.120401,3.9954028,8.0509155e-09,1.4294262e-08,2.3964487e-08,2.8355739e-08,2.5869452e-08,2.9274197e-08
16.936417,3.9316473,9.46865e-09,1.6360403e-08,2.6516943e-08,2.9963225e-08,2.3341403e-08,3.0199256e-08
16.954882,3.7265782,1.074821e-08,1.9125114e-08,2.8510007e-08,3.052589e-08,1.9931342e-08,3.059233e-08
18.871696,5.4919605,2.1759592e-09,8.793862e-09,5.148321e-09,1.1778098e-08,2.793435e-08,1.5018914e-08
19.146847,5.285941,2.1885254e-09,8.843229e-09,4.7121147e-09,1.0657223e-08,2.8108884e-08,1.5458777e-08
19.170141,5.66067,1.6859042e-09,7.626091e-09,4.275499e-09,1.0439383e-08,2.7488197e-08,1.4803643e-08
19.445292,5.4546504,1.7877707e-09,7.851313e-09,3.919352e-09,9.735975e-09,2.7780514e-08,1.5366322e-08
19.468586,5.8293786,1.3954079e-09,6.443e-09,3.546906e-09,9.032873e-09,2.7061407e-08,1.504212e-08
19.813742,5.5006332,1.6773919e-09,7.32233e-09,3.35052e-09,8.71679e-09,2.7895213e-08,1.6317562e-08
18.642685,4.758744,3.0968987e-09,8.983292e-09,7.221328e-09,1.1089692e-08,2.9723841e-08,1.8019017e-08
18.902454,4.8658032,2.6804576e-09,8.823652e-09,5.869081e-09,9.997272e-09,2.9191995e-08,1.7179387e-08
19.162226,4.9728627,2.3590527e-09,8.709659e-09,4.8805386e-09,9.322582e-09,2.874759e-08,1.6711873e-08
18.627306,5.0718226,3.212307e-09,1.0308783e-08,6.8235066e-09,1.2525253e-08,2.8894217e-08,1.6234674e-08
18.887075,5.1788816,2.6324531e-09,9.566119e-09,5.6066654e-09,1.1515551e-08,2.8442692e-08,1.571873e-08
18.611927,5.384901,2.7348783e-09,9.711971e-09,6.109422e-09,1.290321e-08,2.8298746e-08,1.5392597e-08
18.181486,5.05119,4.3277892e-09,1.1824126e-08,9.223012e-09,1.519333e-08,2.9407166e-08,1.6922538e-08
18.412086,4.904967,3.769879e-09,1.0685739e-08,8.310403e-09,1.3336075e-08,2.9548906e-08,1.7319579e-08
18.396708,5.218045,3.5118448e-09,1.0813397e-08,7.4460598e-09,1.39789185e-08,2.8792075e-08,1.599342e-08
17.66013,4.6430664,5.5662257e-09,1.2188243e-08,1.4491425e-08,1.9506254e-08,3.0593494e-08,2.1161942e-08
17.620354,4.458555,5.4252554e-09,1.1086988e-08,1.5468851e-08,2.0337955e-08,3.0482383e-08,2.3119908e-08
17.58058,4.2740445,5.475868e-09,1.0552591e-08,1.6804837e-08,2.162253e-08,2.9941948e-08,2.513305e-08
17.84901,4.5066495,4.8475175e-09,1.0389543e-08,1.3350235e-08,1.7812647e-08,3.0598596e-08,2.1881537e-08
17.809235,4.322139,4.7871e-09,9.595026e-09,1.4486073e-08,1.881376e-08,3.0368664e-08,2.3868225e-08
18.037891,4.3702326,4.152984e-09,8.767395e-09,1.2328877e-08,1.6102335e-08,3.0567133e-08,2.2675826e-08
18.441086,4.62924,3.4053862e-09,8.7893e-09,8.609057e-09,1.2175179e-08,3.022294e-08,1.9300252e-08
18.210487,4.775463,4.2225876e-09,1.0806039e-08,9.889819e-09,1.4519233e-08,3.0081416e-08,1.8546856e-08
17.979889,4.921686,4.9630255e-09,1.24466e-08,1.1062673e-08,1.6582167e-08,2.994701e-08,1.8037596e-08
18.239489,4.4997363,3.743567e-09,8.664575e-09,1.0299088e-08,1.3832308e-08,3.054406e-08,2.0878204e-08
18.00889,4.6459594,4.612038e-09,1.0729747e-08,1.1672266e-08,1.6136822e-08,3.047338e-08,2.0095033e-08
17.82001,4.7823763,5.3276312e-09,1.2473776e-08,1.2756525e-08,1.7905684e-08,3.0376803e-08,1.9445435e-08
17.370321,3.728873,8.314918e-09,1.577387e-08,2.4929736e-08,2.8318453e-08,2.4181007e-08,3.0057393e-08
17.531334,3.7321715,7.451764e-09,1.4440197e-08,2.3345484e-08,2.6877114e-08,2.543493e-08,2.9615517e-08
17.41786,3.895665,7.0897372e-09,1.3194377e-08,2.2235085e-08,2.6453884e-08,2.6602857e-08,2.8975894e-08
17.578873,3.8989637,6.347557e-09,1.2055725e-08,2.0609258e-08,2.475364e-08,2.7476963e-08,2.8422978e-08
17.465397,4.062457,6.219313e-09,1.1534633e-08,1.9747837e-08,2.4462329e-08,2.8407962e-08,2.7521411e-08
17.694054,4.110551,5.274233e-09,1.0057976e-08,1.7091043e-08,2.1491951e-08,2.940601e-08,2.6294536e-08
17.807528,3.9470577,5.249501e-09,1.0190989e-08,1.779407e-08,2.1681556e-08,2.872593e-08,2.7290259e-08
17.922709,4.158645,4.46807e-09,8.814643e-09,1.4603275e-08,1.8463178e-08,3.003371e-08,2.5081459e-08
17.416197,3.5577784,9.263618e-09,1.8179644e-08,2.6631799e-08,2.919427e-08,2.2154653e-08,3.0505586e-08
19.286812,4.60135,1.884131e-09,6.0762786e-09,4.425172e-09,6.635347e-09,2.963351e-08,1.8814829e-08
19.354404,4.840636,2.1154507e-09,7.750937e-09,4.305687e-09,7.733111e-09,2.899989e-08,1.7608695e-08
19.027042,4.4942904,2.0315463e-09,5.8100884e-09,5.472619e-09,7.504275e-09,3.0078354e-08,1.9521018e-08
19.094633,4.7335763,2.2654278e-09,7.4456423e-09,5.112738e-09,8.194342e-09,2.940567e-08,1.7966872e-08
18.834864,4.6265173,2.530563e-09,7.3276176e-09,6.301747e-09,9.167202e-09,2.9904683e-08,1.8770551e-08
19.566044,4.582934,1.6988678e-09,5.717292e-09,3.6897154e-09,5.6688476e-09,2.957104e-08,1.9258726e-08
19.053751,4.2491107,1.7228242e-09,4.474656e-09,5.7910436e-09,7.1664545e-09,3.049616e-08,2.1132221e-08
18.861572,4.3813376,2.153932e-09,5.5785763e-09,6.4785115e-09,8.381335e-09,3.041139e-08,2.055028e-08
18.669394,4.513564,2.698747e-09,7.0456756e-09,7.349243e-09,1.0004866e-08,3.0295787e-08,1.9852443e-08
18.888283,4.136158,1.9327324e-09,4.640561e-09,7.1513555e-09,8.62417e-09,3.0600546e-08,2.2277755e-08
18.696104,4.2683845,2.373727e-09,5.6244107e-09,7.8222335e-09,9.773733e-09,3.0588534e-08,2.1789965e-08
18.467796,4.3840604,3.0015153e-09,7.006034e-09,8.979631e-09,1.1660995e-08,3.0570924e-08,2.1377662e-08
18.2662,4.2545567,3.4353576e-09,7.3287967e-09,1.1058502e-08,1.4025846e-08,3.053927e-08,2.3106255e-08
18.494507,4.1388807,2.8090388e-09,6.124263e-09,9.937856e-09,1.218239e-08,3.050774e-08,2.3423523e-08
18.16873,3.9350014,3.9879766e-09,8.097868e-09,1.4521879e-08,1.7512383e-08,2.9557194e-08,2.6145308e-08
18.10331,4.152617,3.9132426e-09,7.934591e-09,1.3075644e-08,1.640529e-08,3.023514e-08,2.4547964e-08
18.053547,3.723414,5.1092024e-09,1.0427997e-08,1.8276841e-08,2.1342053e-08,2.8039755e-08,2.798375e-08
17.988129,3.9410295,4.602664e-09,9.134204e-09,1.615142e-08,1.960695e-08,2.9185694e-08,2.672241e-08
17.872948,3.7294421,5.8568648e-09,1.1774046e-08,2.0015728e-08,2.3343539e-08,2.733138e-08,2.8567568e-08
18.397038,3.8193254,3.486891e-09,7.3078392e-09,1.3652359e-08,1.6103531e-08,2.9535743e-08,2.6128452e-08
18.559925,3.9212651,2.7922413e-09,6.013988e-09,1.1105586e-08,1.3174638e-08,3.0138807e-08,2.4849204e-08
18.331617,4.036941,3.3148544e-09,6.908103e-09,1.2049667e-08,1.4655958e-08,3.017312e-08,2.478771e-08
17.96623,3.5358236,6.525708e-09,1.3389938e-08,2.167312e-08,2.4574188e-08,2.6156442e-08,2.9254013e-08
19.131296,4.0261364,1.5209338e-09,3.849818e-09,6.256751e-09,7.4330915e-09,3.060053e-08,2.2299226e-08
18.561043,3.6822255,3.3110448e-09,7.0300357e-09,1.3613779e-08,1.5929645e-08,2.9375459e-08,2.6269255e-08
